# Blender 4.3.2
# www.blender.org
o model
v 0.422028 0.052645 -0.630616
v 0.411683 0.067565 -0.481429
v 0.415137 0.027521 -0.482015
v 0.390929 0.036616 -0.630147
v -0.629774 0.163435 -0.619266
v -0.635756 0.037449 -0.638181
v -0.646249 0.038032 -0.605874
v -0.536570 0.109073 -0.610174
v -0.537715 0.109813 -0.479340
v -0.443398 0.207162 -0.494985
v -0.475943 0.212889 -0.554516
v -0.502794 0.206459 -0.532713
v -0.652944 0.123740 -0.613866
v -0.440454 0.194725 -0.579512
v -0.468942 0.249021 -0.483341
v -0.508572 0.218198 -0.472392
v -0.521348 0.261206 -0.473100
v -0.511853 0.284494 -0.604058
v -0.526034 0.036045 -0.439710
v -0.428431 0.172980 -0.417582
v -0.398540 0.192561 -0.419043
v -0.429557 0.197427 -0.397604
v -0.435243 0.255046 -0.403390
v -0.406603 0.122193 -0.368110
v -0.407569 0.067100 -0.392949
v -0.467955 0.216399 -0.332095
v -0.347510 0.461500 -0.611430
v -0.411932 0.412426 -0.406233
v -0.274091 0.155423 -0.772917
v -0.489955 0.062088 -0.324757
v -0.392548 0.570856 -0.461150
v -0.391658 0.437020 -0.373678
v -0.323911 0.582179 -0.312087
v -0.227043 0.257379 -0.765038
v -0.389667 0.462649 -0.416924
v -0.552332 0.200999 -0.221102
v -0.321480 0.530164 -0.317745
v -0.243345 0.025763 -0.897788
v -0.321622 0.715025 -0.378045
v -0.222894 0.736944 -0.329532
v -0.584437 0.194669 -0.125694
v -0.640880 0.048723 -0.294686
v -0.596873 0.162861 -0.231027
v -0.227366 0.389508 -0.773276
v -0.391732 0.532020 -0.230911
v -0.426761 0.519312 -0.223709
v -0.645301 0.022874 -0.138765
v -0.022967 0.433101 -0.655889
v -0.399681 0.493139 0.257790
v -0.359009 0.580221 -0.148370
v -0.360215 0.563629 -0.146891
v -0.364350 0.556700 -0.076267
v -0.368710 0.570313 -0.147903
v -0.346864 0.587109 -0.146525
v -0.337362 0.588627 -0.042191
v -0.361551 0.588736 -0.031530
v -0.357556 0.616734 -0.017410
v -0.338746 0.615529 0.191466
v -0.361819 0.615003 0.187996
v -0.344360 0.587750 0.160242
v -0.338099 0.585637 -0.022338
v -0.644063 0.192576 -0.613511
v -0.357852 0.579166 0.162002
v -0.356513 0.567866 0.142772
v -0.348348 0.580926 0.162277
v -0.349255 0.574785 0.145531
v -0.347260 0.585068 -0.004444
v -0.358350 0.549523 0.019188
v -0.481784 0.439013 0.226393
v -0.462635 0.464487 0.155322
v -0.103878 0.497583 -0.797927
v -0.049330 0.650182 0.223431
v -0.405980 0.453756 0.391327
v -0.415224 0.532138 -0.030611
v -0.645002 0.076656 -0.137553
v -0.332195 0.541252 -0.143796
v -0.439463 0.459333 0.350171
v -0.481731 0.492539 0.095034
v -0.115800 0.167507 -0.856777
v -0.027486 0.681125 0.508866
v -0.045082 0.639875 0.479376
v -0.014859 0.822639 -0.426148
v -0.634581 0.146144 -0.618147
v -0.632899 0.149440 -0.618979
v 0.016418 0.804456 -0.384501
v 0.036633 0.875704 -0.399398
v -0.009910 0.852074 -0.374903
v -0.016583 0.874828 -0.419457
v -0.020149 0.863918 -0.379774
v -0.018731 0.879033 -0.382137
v -0.031984 0.823941 -0.383659
v -0.009916 0.864011 -0.372320
v 0.023453 0.819738 -0.366209
v -0.019349 0.879569 -0.375509
v 0.036115 0.824248 -0.403510
v -0.023304 0.855468 -0.419829
v 0.051351 0.741654 -0.420744
v 0.033319 0.733120 -0.340339
v -0.021934 0.736997 -0.346401
v -0.466713 0.501590 0.011653
v -0.446142 0.322927 0.332844
v 0.105711 0.653099 -0.379338
v -0.414717 0.506023 0.525288
v -0.461752 0.322374 0.313361
v -0.637278 0.196130 -0.628723
v -0.061301 0.243202 -0.850346
v 0.092511 0.631326 -0.401141
v 0.033808 0.761488 -0.301026
v -0.136519 0.683414 -0.140893
v -0.136040 0.586215 -0.143094
v -0.155684 0.612400 -0.109905
v -0.162097 0.617688 -0.137057
v -0.136997 0.705509 -0.197644
v -0.130338 0.646362 -0.196646
v -0.630880 0.153870 -0.619183
v -0.109247 0.607992 -0.170265
v -0.690733 0.028350 -0.109429
v -0.106800 0.717044 -0.153512
v 0.198043 0.402732 -0.392600
v 0.120176 0.659362 -0.415859
v 0.149334 0.687820 -0.397258
v -0.667454 0.149113 -0.630323
v 0.111973 0.690913 -0.385006
v 0.178138 0.603265 -0.425507
v 0.203204 0.555698 -0.391164
v 0.196070 0.509195 -0.413458
v 0.178095 0.568342 -0.388957
v -0.692200 0.167290 -0.606511
v 0.171621 0.403278 -0.399499
v 0.055946 0.504659 -0.757831
v 0.212578 0.505822 -0.684593
v 0.158362 0.318809 0.271322
v 0.306715 0.308854 0.346176
v 0.303165 0.300457 0.273923
v 0.154375 0.389610 0.270226
v 0.228975 0.228995 0.302785
v -0.452826 0.213262 0.315448
v 0.154775 0.632804 0.479376
v -0.464019 0.250579 0.338757
v -0.436135 0.173841 0.311818
v -0.460212 0.213264 0.334136
v -0.565679 0.351260 0.134880
v 0.281057 0.479224 -0.469450
v 0.093020 0.634714 -0.297824
v 0.247012 0.451246 -0.403944
v 0.243313 0.443047 -0.423220
v 0.253618 0.218117 0.328087
v -0.428308 0.393012 0.566903
v -0.436860 0.188383 0.369800
v 0.142508 0.159515 0.405344
v 0.157714 0.657076 -0.348631
v -0.477424 0.248979 0.380546
v 0.291114 0.403112 -0.773334
v 0.116477 0.504758 -0.264701
v 0.141809 0.568900 -0.407182
v 0.115650 0.598707 -0.252880
v 0.226730 0.203316 0.262597
v -0.463502 0.164728 0.406962
v 0.183925 0.159216 0.315092
v 0.185301 0.177689 0.272023
v 0.094335 0.629351 -0.193718
v 0.249022 0.302787 -0.383131
v 0.197789 0.429810 -0.817606
v 0.068873 0.541015 0.205525
v 0.195364 0.192346 -0.325994
v 0.122886 0.316377 -0.343350
v 0.179865 0.039000 -0.352972
v 0.182133 0.135550 -0.349089
v 0.195286 0.220969 -0.419626
v 0.143612 0.451110 -0.305619
v 0.099467 0.456259 -0.336261
v 0.125102 0.436895 -0.288070
v 0.092324 0.456635 -0.390514
v 0.128343 0.493193 -0.332487
v 0.128817 0.499372 -0.405161
v 0.143823 0.395621 -0.297915
v 0.093802 0.399349 -0.287334
v 0.135535 0.265573 -0.289133
v 0.119219 0.206629 -0.292907
v 0.150507 0.234989 -0.330534
v 0.093630 0.221736 -0.401391
v -0.615191 0.176815 -0.604593
v 0.111474 0.153621 -0.394932
v 0.097517 0.186055 -0.417197
v 0.136292 0.198264 -0.416235
v 0.095143 0.146091 -0.288385
v -0.629214 0.116528 -0.612764
v -0.620389 0.146287 -0.620222
v 0.132548 0.152024 -0.292826
v 0.107899 0.263819 -0.392047
v 0.169335 0.146898 -0.286706
v -0.628619 0.090608 -0.619970
v 0.138276 0.211434 -0.389834
v 0.135100 0.148919 -0.419911
v 0.093693 0.243107 -0.288174
v 0.342306 0.421585 -0.589355
v 0.336224 0.348479 -0.863085
v 0.121151 0.632633 -0.304579
v 0.156914 0.653361 -0.317135
v 0.152837 0.623620 -0.318483
v 0.195538 0.555473 -0.320195
v 0.182600 0.559489 -0.300471
v 0.175684 0.547184 -0.326070
v -0.669152 0.119069 -0.589838
v -0.631270 0.118251 -0.477729
v 0.191761 0.404554 -0.321959
v 0.168199 0.410786 -0.318826
v 0.185052 0.401249 -0.304168
v 0.169720 0.177820 -0.308163
v 0.184397 0.175759 -0.330371
v 0.196710 0.198083 -0.315151
v 0.234475 0.286677 -0.307505
v 0.237932 0.222324 -0.348172
v -0.544617 0.205184 0.399678
v -0.438667 0.153280 0.564408
v -0.418034 0.177890 0.608293
v -0.425861 0.234172 0.589167
v 0.172440 0.522069 0.186271
v -0.495027 0.034710 0.447113
v -0.506233 0.027658 0.462876
v 0.205106 0.650783 -0.193806
v -0.448871 0.266357 0.608643
v -0.419512 0.262535 0.608337
v -0.439242 0.245373 0.587497
v -0.439811 0.283174 0.589148
v -0.421674 0.246238 0.591134
v -0.490624 0.027083 0.523318
v -0.628133 0.075433 0.411715
v -0.634076 0.025311 0.474823
v -0.590857 0.066710 0.466828
v -0.636512 0.094719 -0.618267
v -0.624589 0.054010 0.355695
v -0.620799 0.027946 0.388510
v -0.635345 0.197800 0.409553
v -0.545270 0.155165 -0.595141
v -0.616894 0.155328 0.349840
v -0.623816 0.057549 0.228919
v 0.087953 0.449038 0.586106
v 0.342825 0.365291 0.094652
v 0.280286 0.375320 0.514207
v 0.341335 0.143178 -0.223079
v 0.366503 0.207479 0.125675
v 0.366594 0.221933 0.228972
v -0.183787 0.433145 0.637358
v -0.314572 0.039514 0.714236
v -0.395666 0.088021 0.709823
v -0.389965 0.033054 0.721697
v 0.226800 0.417048 0.567904
v 0.034688 0.411653 0.632185
v 0.231062 0.359192 0.574972
v -0.324479 0.121478 0.645134
v -0.321892 0.121463 0.822332
v -0.335875 0.110188 0.866855
v -0.380639 0.107358 0.869606
v -0.353652 0.032980 0.865021
v -0.324047 0.229676 0.697205
v 0.224423 0.180391 0.565870
v 0.224554 0.274773 0.564928
v 0.248015 0.258032 0.605665
v 0.238800 0.305371 0.586556
v 0.247682 0.177873 0.609567
v -0.164378 0.001208 0.832607
v 0.182339 0.247164 0.576651
v -0.239311 0.135615 0.512068
v 0.092102 0.220418 0.753372
v 0.093533 0.192036 0.728969
v 0.054919 0.048435 0.896538
v 0.089773 0.006951 0.956485
v -0.637029 0.107145 -0.466662
v 0.071997 0.078646 0.826379
v 0.147166 0.038128 0.863634
v 0.134760 0.120114 0.811628
v -0.578152 0.197953 -0.589364
v 0.105258 0.110579 0.866826
v 0.148347 0.107072 0.869089
v 0.134252 0.214523 0.763033
v 0.132839 0.033950 0.813971
v 0.029628 0.079537 0.789210
v 0.082584 0.000000 0.836558
v -0.620022 0.207364 -0.551089
v 0.088994 0.036935 0.861182
v -0.677498 0.129448 -0.476639
v -0.053450 0.115891 0.671865
v 0.034978 0.131948 0.574789
v 0.079314 0.155475 0.427073
v 0.033398 0.135801 0.232213
v -0.288379 0.285968 -0.217342
v 0.087016 0.161712 0.303601
v -0.273471 0.123178 -0.264481
v 0.052383 0.125183 -0.092590
v -0.262754 0.354633 -0.363399
v 0.039602 0.136688 -0.364192
v 0.019115 0.135117 -0.363063
v 0.040792 0.359328 -0.365243
v 0.062783 0.348029 -0.338719
v 0.052493 0.122580 -0.269214
v 0.081170 0.153585 -0.203554
v 0.081629 0.126875 -0.220516
v -0.224687 0.177291 -0.366046
v 0.062951 0.158900 -0.339238
v -0.058336 0.135311 -0.364858
v -0.488744 0.106654 -0.617302
v -0.528858 0.149375 -0.613367
v -0.634809 0.197546 -0.506497
v -0.629204 0.139037 -0.454535
v -0.631130 0.090344 -0.460894
v 0.077354 0.129213 0.141084
v 0.066439 0.286873 -0.213178
v -0.638934 0.036022 -0.477344
v -0.651392 0.139878 -0.468148
v -0.251636 0.383621 -0.328429
v -0.166139 0.133513 -0.363802
v -0.257151 0.137783 -0.364784
v 0.072073 0.158220 0.090134
v 0.035918 0.135408 -0.098171
v -0.282057 0.161098 -0.340715
v -0.282738 0.350321 -0.310801
v -0.641517 0.040851 -0.446844
v 0.044782 0.149727 -0.152050
v -0.053478 0.133272 -0.155793
v -0.686956 0.180390 -0.475934
v -0.667954 0.201982 -0.591335
v -0.247858 0.138304 -0.071127
v 0.019066 0.382980 -0.336772
v 0.066496 0.216673 -0.231279
v 0.042103 0.125000 0.075823
v -0.054291 0.133448 0.078950
v -0.171753 0.382138 -0.339720
v 0.068205 0.285675 0.164762
v 0.069504 0.217944 0.090954
v -0.657280 0.138482 -0.441708
v -0.645561 0.200056 -0.450269
v -0.263759 0.138092 -0.095603
v -0.056611 0.382020 0.090238
v 0.062034 0.160889 0.171677
v 0.048660 0.127106 0.211038
v -0.589612 0.203906 -0.507101
v -0.269640 0.123389 0.099097
v -0.055464 0.382758 -0.340033
v -0.516754 0.090313 -0.583266
v -0.168373 0.132547 0.020844
v -0.289555 0.218595 -0.206967
v -0.281400 0.160679 -0.087899
v -0.512311 0.245644 -0.594002
v -0.516534 0.031621 -0.575503
v 0.063451 0.119058 0.400460
v -0.617972 0.176680 -0.475156
v -0.523845 0.169446 -0.445874
v -0.543074 0.141080 -0.466844
v -0.552961 0.206483 -0.559912
v 0.068554 0.157700 0.510778
v 0.080104 0.143046 0.532773
v -0.517554 0.197536 -0.584221
v 0.084541 0.125356 0.478752
v 0.020735 0.382947 0.537642
v -0.252207 0.383290 0.244758
v -0.525558 0.158788 -0.474741
v -0.524120 0.182994 -0.484517
v -0.521379 0.092324 -0.458679
v -0.167656 0.133906 0.311015
v -0.473018 0.193322 -0.658095
v -0.282988 0.215449 0.128525
v -0.249221 0.136748 0.295535
v -0.054859 0.134000 0.368144
v -0.172807 0.382423 0.081853
v -0.289551 0.285125 0.190358
v -0.469389 0.073656 -0.650900
v -0.061387 0.132496 0.526479
v -0.263553 0.138707 0.325154
v 0.037844 0.134333 0.524273
v -0.513843 0.226519 -0.478805
v -0.509042 0.231833 -0.475358
v -0.441205 0.244309 -0.579920
v -0.533109 0.208236 -0.507493
v 0.028172 0.110553 0.699936
v 0.069878 0.092747 0.751522
v -0.509256 0.233700 -0.473341
v -0.510215 0.237891 -0.472202
v -0.515368 0.252001 -0.480247
v -0.508672 0.233570 -0.471865
v 0.088856 0.123310 0.824428
v 0.074945 0.216436 0.553978
v -0.510660 0.031687 -0.487599
v -0.169978 0.133142 0.523867
v 0.130463 0.087357 0.726708
v 0.070155 0.137611 0.637357
v -0.057475 0.073089 0.802831
v -0.056019 0.382782 0.537958
v -0.061086 0.006643 0.957456
v -0.171076 0.131921 0.589450
v 0.134998 0.207145 0.722157
v 0.144894 0.201833 0.695822
v -0.052212 0.090971 0.768691
v -0.488443 0.128540 -0.444743
v 0.141498 0.032565 0.721873
v 0.090033 0.028913 0.658675
v 0.027655 0.005594 0.951180
v -0.485498 0.195606 -0.614836
v -0.512049 0.263611 -0.473554
v 0.089297 0.129354 0.694908
v 0.076303 0.285584 0.560777
v -0.280336 0.160624 0.095050
v -0.470251 0.026158 -0.687331
v 0.043953 0.159304 0.579056
v 0.064588 0.349128 0.546075
v 0.146145 0.090601 0.701965
v 0.030254 0.001795 0.829894
v 0.146045 0.086605 0.639592
v -0.161542 0.069028 0.811633
v 0.087579 0.145985 0.641866
v 0.099619 0.203589 0.661892
v 0.140228 0.236042 0.647042
v -0.290885 0.218815 0.545776
v -0.165984 0.008148 0.952537
v -0.394194 0.050481 -0.689204
v 0.085842 0.178700 0.605241
v -0.511863 0.284096 -0.449239
v -0.061101 0.002531 0.840666
v -0.267958 0.126874 0.525906
v -0.389683 0.074235 -0.660126
v -0.173062 0.088954 0.769802
v -0.375016 0.023044 -0.668612
v -0.173410 0.382421 0.330274
v -0.253663 0.133027 0.584124
v 0.152646 0.086227 0.580422
v -0.475834 0.188050 -0.428019
v -0.294386 0.285588 0.554041
v -0.253308 0.082391 0.793689
v 0.137270 0.268792 0.587829
v 0.140393 0.058124 0.612917
v -0.251563 0.106583 0.718450
v -0.518833 0.425682 -0.583204
v -0.259180 0.383093 0.550356
v 0.140313 0.400297 0.617772
v -0.314776 0.012058 0.955191
v 0.088871 0.347208 0.634097
v 0.237954 0.249957 0.585213
v 0.210213 0.087770 0.571732
v -0.175950 0.003427 0.902367
v -0.175950 0.003427 0.902359
v -0.176683 0.002831 0.903274
v 0.092920 0.246900 0.635162
v 0.267476 0.029067 0.601160
v -0.176734 0.002781 0.901364
v -0.253362 0.011642 0.957364
v 0.142887 0.077484 0.596091
v 0.143045 0.031233 0.614884
v 0.199423 0.279060 0.591336
v 0.227503 0.239982 0.569502
v -0.278979 0.159808 0.543379
v -0.299954 0.118700 0.672378
v 0.241047 0.206926 0.585312
v 0.247881 0.103753 0.600421
v 0.222832 0.103283 0.602533
v -0.482808 0.316526 -0.436433
v -0.422436 0.276613 -0.660884
v -0.523365 0.326590 -0.570708
v 0.217930 0.265910 0.605985
v 0.234041 0.153168 0.581056
v 0.221649 0.115661 0.587663
v 0.215171 0.175986 0.607977
v 0.248341 0.100130 0.579389
v -0.462998 0.028329 -0.429470
v 0.210561 0.142890 0.565257
v 0.223468 0.165981 0.582353
v 0.226988 0.295509 0.574809
v -0.251473 0.001522 0.827561
v -0.300766 0.149650 0.626278
v 0.129006 0.339635 0.635679
v -0.464189 0.199393 -0.397435
v -0.320337 0.118507 0.694522
v -0.176282 0.382885 0.565689
v -0.296178 0.092742 0.785191
v -0.506311 0.025508 -0.620984
v -0.296562 0.161324 0.567590
v -0.437477 0.345897 -0.659815
v -0.480656 0.410918 -0.615103
v 0.213783 0.329773 0.567358
v 0.216453 0.352008 0.605716
v 0.241917 0.397676 0.611545
v 0.264470 0.073708 0.596467
v -0.315983 0.036010 0.831728
v -0.472996 0.036186 -0.403529
v -0.397857 0.027280 -0.423821
v -0.356731 0.200895 0.772652
v -0.286943 0.349509 0.550012
v -0.350507 0.077694 -0.644439
v 0.055598 0.382315 0.637461
v -0.373318 0.120483 0.811679
v -0.418241 0.127751 -0.418252
v -0.278728 0.070295 -0.646096
v -0.329925 0.219118 0.758796
v 0.209138 0.401731 0.564515
v 0.256006 0.078591 0.526962
v 0.140339 0.422937 0.587203
v -0.370140 0.034653 0.816722
v -0.302875 0.000703 0.838225
v -0.369934 0.080719 0.732960
v -0.275934 0.382351 0.632970
v -0.331000 0.248748 0.646942
v -0.046621 0.415586 0.634747
v -0.409325 0.144320 -0.390965
v 0.131972 0.436348 0.637806
v 0.235108 0.387092 0.580399
v 0.245389 0.363702 0.593426
v 0.228806 0.416607 0.579594
v -0.303816 0.269813 0.636861
v -0.178614 0.386917 0.638002
v -0.466953 0.426481 -0.656992
v -0.371189 0.206407 0.718055
v 0.198767 0.390229 0.592720
v 0.251189 0.173877 0.524731
v -0.452011 0.169908 -0.403179
v 0.278809 0.025669 0.528982
v 0.249376 0.424766 0.575824
v -0.370612 0.243976 0.712929
v -0.444751 0.035107 -0.381885
v 0.291611 0.148197 0.523522
v 0.126765 0.525739 0.563080
v 0.284490 0.244334 0.516316
v 0.101028 0.444179 0.619778
v 0.192996 0.509880 0.577601
v -0.379985 0.209042 0.662045
v -0.311731 0.330078 0.630511
v -0.252309 0.409465 0.632348
v -0.388834 0.335300 -0.657801
v 0.198309 0.545516 0.097001
v 0.385527 0.080381 0.468480
v 0.301965 0.468599 0.068696
v 0.428313 0.075683 0.409233
v 0.438978 0.131925 0.409117
v 0.367557 0.190679 -0.127157
v 0.450088 0.026566 -0.245887
v 0.391835 0.024567 -0.235242
v 0.390709 0.145268 -0.234697
v -0.468233 0.142600 -0.399033
v 0.425903 0.079630 0.163005
v 0.412774 0.156830 0.350621
v 0.449766 0.020822 0.148730
v 0.380410 0.021840 0.119882
v 0.419523 0.053096 0.226748
v 0.425787 0.025019 0.386574
v 0.429004 0.025739 0.475993
v -0.523071 0.326777 -0.472828
v 0.416979 0.048865 0.350012
v 0.418054 0.078284 -0.206229
v 0.351214 0.239874 0.011882
v 0.379466 0.064051 -0.129004
v 0.383650 0.060781 0.056238
v 0.430212 0.213203 -0.051935
v 0.417899 0.075537 0.013338
v 0.453565 0.188210 0.001171
v 0.452383 0.054413 -0.102919
v 0.474906 0.034832 -0.003631
v 0.434000 0.169351 -0.092682
v 0.433699 0.177449 -0.026128
v 0.429525 0.062136 -0.032863
v 0.454161 0.188563 -0.108576
v 0.445800 0.040025 -0.008271
v 0.472261 0.034428 -0.106354
v 0.413633 0.174563 -0.131302
v 0.419853 0.173232 0.011597
v 0.418568 0.074294 -0.129101
v 0.416315 0.074045 0.110454
v 0.417654 0.155666 0.105483
v 0.386410 0.022272 -0.110826
v -0.457379 0.047253 -0.333856
v 0.421001 0.029263 -0.138256
v 0.378982 0.059722 -0.014820
v 0.379339 0.246494 0.043069
v -0.423525 0.041181 -0.397882
v -0.409573 0.041760 -0.416261
v 0.351490 0.244870 -0.133877
v 0.382530 0.225562 -0.098911
v 0.348457 0.307891 -0.131010
v 0.382170 0.239651 -0.148224
v 0.381926 0.204314 0.006080
v 0.379244 0.022269 0.053247
v 0.421647 0.024917 -0.214899
v 0.410326 0.155149 0.238403
v 0.401210 0.080672 0.124895
v -0.430440 0.184041 -0.376714
v 0.438720 0.074730 0.475834
v 0.398072 0.024901 0.172836
v 0.377576 0.021355 -0.015461
v 0.427685 0.071692 0.373362
v 0.402277 0.076426 0.198863
v 0.410978 0.177547 0.123639
v 0.348829 0.305136 0.031660
v -0.536561 0.032559 -0.346944
v 0.314655 0.394274 -0.099402
v 0.298684 0.402753 -0.007627
v 0.299499 0.413074 -0.141579
v 0.341882 0.347872 -0.141867
v 0.299543 0.414222 0.060620
v 0.315884 0.437437 0.047900
v 0.414809 0.171394 0.159909
v -0.480981 0.406339 -0.433003
v 0.315648 0.439018 -0.125515
v 0.425551 0.173863 0.215700
v 0.271479 0.477056 0.034401
v 0.422092 0.208946 0.217551
v 0.241283 0.512541 -0.077869
v 0.416666 0.080581 0.451492
v -0.532754 0.064717 -0.382388
v 0.235259 0.516863 0.001869
v 0.441077 0.035526 -0.293236
v -0.502184 0.061699 -0.321836
v 0.378236 0.194133 0.079914
v 0.417023 0.172808 -0.214543
v -0.533021 0.147137 -0.374310
v 0.351444 0.193754 -0.169928
v 0.365272 0.152601 -0.271095
v -0.508412 0.232527 -0.398363
v -0.463457 0.146131 -0.343715
v 0.425738 0.177965 0.384145
v 0.383214 0.317114 0.068976
v 0.199863 0.538122 0.047559
v 0.368865 0.372609 -0.158278
v 0.343333 0.199327 -0.221961
v 0.335021 0.026531 -0.241758
v -0.419012 0.195729 -0.366961
v 0.383626 0.142698 0.462386
v 0.265559 0.483378 -0.125650
v 0.289666 0.471508 -0.162715
v -0.431081 0.219446 -0.389762
v -0.414363 0.200602 -0.367156
v -0.411237 0.187370 -0.377432
v 0.413999 0.163564 0.412287
v 0.419273 0.209938 0.377185
v 0.343867 0.221812 0.093435
v 0.349245 0.345192 0.067951
v 0.262731 0.491642 0.142861
v 0.305017 0.026984 0.474805
v 0.408453 0.186365 0.455251
v 0.394041 0.181138 0.199622
v -0.394730 0.207054 -0.373589
v 0.287742 0.478012 -0.127973
v 0.308927 0.076847 0.468987
v -0.398053 0.032087 0.631630
v -0.399315 0.245292 -0.419029
v -0.462326 0.478620 -0.571560
v -0.321294 0.031882 0.617223
v -0.379999 0.091629 0.668090
v -0.371914 0.231150 0.629376
v -0.467744 0.320227 -0.395854
v -0.524531 0.234143 -0.351653
v 0.288762 0.462145 0.088225
v 0.348940 0.347394 -0.170302
v -0.268331 0.062505 -0.692822
v -0.270488 0.112552 -0.651630
v 0.250607 0.429300 0.523250
v 0.318975 0.140033 0.460361
v 0.378413 0.218870 0.344938
v 0.316836 0.027652 -0.290706
v -0.465177 0.270011 -0.344592
v -0.493226 0.161934 -0.323058
v 0.383181 0.198819 0.167409
v 0.221470 0.559366 0.108149
v 0.279386 0.026215 0.435695
v -0.405576 0.475615 -0.611269
v 0.202575 0.540054 -0.128885
v 0.331866 0.063180 -0.303104
v -0.350185 0.370323 0.632717
v 0.292781 0.064840 0.449106
v 0.425628 0.215637 0.404488
v -0.391515 0.073973 -0.409636
v -0.520566 0.421645 -0.462512
v 0.335881 0.115299 -0.279088
v 0.327097 0.027255 -0.222657
v -0.399756 0.086929 0.633979
v 0.341670 0.249059 0.143049
v 0.321428 0.107517 -0.220811
v -0.338003 0.224529 -0.645465
v -0.398879 0.273304 -0.403459
v -0.489233 0.185998 -0.301412
v -0.309033 0.448313 0.584885
v 0.189820 0.542945 0.147119
v 0.348767 0.357373 -0.216648
v 0.293501 0.151634 -0.233731
v 0.199017 0.505908 0.525064
v 0.384771 0.203423 0.410009
v 0.221657 0.557950 -0.204473
v 0.327510 0.059826 -0.262865
v -0.354404 0.365864 0.588187
v 0.280105 0.026018 0.403951
v 0.309098 0.157011 -0.262903
v 0.266153 0.137088 -0.315928
v -0.373245 0.431838 -0.650955
v 0.247365 0.024727 0.074142
v -0.629664 0.076113 0.466046
v 0.254412 0.443711 0.153773
v 0.338614 0.322993 -0.224752
v -0.434727 0.160399 -0.348469
v 0.244055 0.062488 -0.291601
v -0.627102 0.174412 0.386674
v 0.297023 0.193738 0.450429
v -0.418196 0.372457 -0.408389
v -0.617773 0.154704 0.233730
v -0.313373 0.443312 0.630148
v 0.344036 0.212157 0.385368
v 0.340780 0.362348 0.142331
v 0.281311 0.473319 -0.215927
v -0.607524 0.189176 0.411478
v -0.513804 0.078201 0.468214
v -0.350151 0.207343 0.619201
v -0.394020 0.239408 0.590848
v 0.323784 0.197286 0.182264
v 0.280738 0.269094 0.438218
v -0.620923 0.167693 0.207131
v -0.304579 0.086896 -0.699467
v -0.601891 0.211260 0.379572
v -0.477538 0.027765 0.415877
v 0.140945 0.557205 0.574914
v 0.314232 0.234578 0.154007
v 0.215687 0.550147 0.137469
v -0.525190 0.137891 0.458546
v -0.424301 0.279024 0.588296
v -0.414919 0.311805 -0.402272
v -0.467241 0.361871 -0.406962
v 0.321123 0.192843 0.236660
v 0.200436 0.496557 0.208385
v 0.205855 0.646921 0.124561
v -0.614100 0.186522 0.455948
v -0.587813 0.138603 0.460827
v -0.463376 0.194316 0.524226
v -0.497768 0.121890 0.525233
v -0.396714 0.350446 -0.387068
v 0.286714 0.143265 -0.325171
v 0.319460 0.062321 -0.333257
v 0.323792 0.138911 -0.335979
v -0.424369 0.302911 -0.325135
v 0.293079 0.036755 -0.320214
v 0.341243 0.037096 -0.361776
v 0.320768 0.233303 -0.338510
v 0.307201 0.044897 -0.405539
v 0.322484 0.147542 -0.389484
v 0.271459 0.206491 -0.334243
v 0.279239 0.167110 0.409154
v 0.188026 0.544249 -0.191858
v 0.285560 0.204604 -0.323341
v 0.261429 0.215357 -0.348064
v -0.480907 0.038013 0.604586
v -0.356762 0.070428 0.598461
v -0.395793 0.260515 -0.329448
v 0.090578 0.505635 0.586790
v 0.276359 0.448893 0.513088
v 0.308273 0.408242 -0.233058
v -0.424310 0.027540 -0.367915
v 0.240708 0.034543 -0.382267
v -0.608990 0.029219 0.188543
v -0.504765 0.192753 0.455486
v -0.435229 0.238177 0.563549
v -0.314006 0.515650 0.587732
v 0.216080 0.532785 -0.216271
v 0.293890 0.181667 -0.297947
v -0.605207 0.200419 0.206754
v -0.423551 0.179981 0.588763
v -0.473045 0.076022 0.528289
v -0.443231 0.180737 0.590856
v -0.448352 0.177546 0.608830
v -0.425823 0.167096 0.581973
v -0.424997 0.169027 0.564101
v -0.456524 0.093769 0.593659
v -0.411040 0.085769 0.583714
v -0.428188 0.121969 0.571831
v -0.419014 0.102156 0.597312
v -0.424209 0.099455 0.565347
v -0.423348 0.114199 0.585704
v -0.421243 0.237276 0.574979
v -0.416283 0.242875 0.564223
v -0.420694 0.341616 0.572421
v -0.430262 0.284632 0.565760
v -0.436038 0.351418 0.563361
v -0.440782 0.299075 0.576371
v 0.245927 0.483350 -0.225385
v -0.398422 0.305156 -0.419990
v 0.331493 0.343856 -0.262791
v -0.484495 0.266536 0.438615
v -0.492799 0.226509 0.516073
v -0.423820 0.295193 0.589952
v 0.129019 0.523693 0.594738
v 0.183338 0.576957 0.554707
v 0.286185 0.392028 0.155368
v 0.214986 0.535043 -0.168904
v 0.314294 0.228184 -0.395852
v -0.580595 0.219731 0.246983
v 0.241974 0.451287 0.213178
v 0.196314 0.490518 0.241295
v 0.257271 0.179962 -0.294015
v -0.410801 0.276777 -0.313350
v -0.452779 0.121568 -0.322354
v 0.281740 0.432867 0.419527
v 0.312035 0.276963 0.204738
v 0.239479 0.173724 -0.316623
v -0.445587 0.364601 0.583262
v 0.268239 0.454589 0.439351
v 0.278433 0.261370 0.415188
v 0.310127 0.328843 0.151722
v -0.423698 0.514330 -0.588088
v 0.336627 0.274483 -0.261680
v 0.191389 0.033437 -0.293915
v -0.477509 0.355129 -0.318566
v -0.467648 0.330422 -0.286447
v -0.456022 0.374521 0.608249
v 0.253151 0.156175 0.256976
v 0.274525 0.412960 0.199975
v 0.257285 0.461550 -0.264633
v 0.271772 0.144322 -0.397609
v 0.253998 0.063094 -0.356994
v 0.254501 0.144552 -0.346532
v 0.269421 0.175058 -0.282011
v -0.619349 0.069995 0.174881
v -0.395224 0.423814 0.592143
v -0.128050 0.533918 0.594267
v -0.259914 0.209290 -0.656907
v -0.351182 0.348794 -0.645040
v 0.139996 0.696540 -0.222398
v 0.265934 0.198548 -0.392250
v 0.235472 0.078600 -0.373284
v -0.436778 0.457942 -0.428791
v 0.196701 0.046957 -0.312988
v -0.553025 0.222875 0.366344
v -0.487877 0.200661 0.408590
v -0.460522 0.421144 0.577089
v 0.172146 0.637901 -0.085115
v -0.402879 0.220932 -0.291283
v -0.450962 0.164740 -0.289942
v -0.434294 0.178389 -0.307215
v -0.435788 0.182098 -0.279928
v 0.297767 0.203350 0.248378
v 0.302613 0.360471 0.198720
v 0.250503 0.438869 0.236105
v 0.059132 0.510965 0.265975
v 0.182746 0.511347 0.155604
v 0.157144 0.666425 -0.235168
v -0.403932 0.213271 -0.302510
v 0.255485 0.200046 -0.384757
v 0.258858 0.082848 -0.381985
v 0.336367 0.285193 -0.439832
v -0.405254 0.232191 -0.288436
v 0.258328 0.181958 -0.421327
v 0.348670 0.150125 -0.593838
v 0.454790 0.203935 -0.602540
v 0.627679 0.197132 -0.591952
v 0.302977 0.177634 -0.433515
v 0.329942 0.217854 -0.768042
v 0.415605 0.115090 -0.581538
v 0.693637 0.156502 -0.605531
v 0.642020 0.156696 -0.635585
v 0.679807 0.151774 -0.641935
v 0.646637 0.052899 -0.610792
v 0.344957 0.184125 -0.840383
v 0.336021 0.091610 -0.822917
v 0.327012 0.056843 -0.822830
v 0.337526 0.076831 -0.827298
v 0.340830 0.057225 -0.786155
v 0.360867 0.022127 -0.782053
v 0.412744 0.083504 -0.703348
v -0.436488 0.028503 -0.287339
v 0.419910 0.027658 -0.769406
v 0.407078 0.091596 -0.767567
v 0.399038 0.022742 -0.692640
v 0.391409 0.031051 -0.651300
v 0.346806 0.082787 -0.773132
v 0.389236 0.176025 -0.767629
v 0.358150 0.045175 -0.834006
v -0.351907 0.513665 -0.596847
v 0.379360 0.021598 -0.867731
v 0.396837 0.171075 -0.705185
v 0.345001 0.082410 -0.866464
v 0.378089 0.099821 -0.870801
v 0.382106 0.144405 -0.693991
v -0.406137 0.322575 -0.299955
v -0.404259 0.237999 -0.291257
v -0.427195 0.267321 -0.285746
v 0.348085 0.024498 -0.640948
v 0.380610 0.131831 -0.658152
v 0.338470 0.190838 -0.777784
v 0.648960 0.043317 -0.448375
v 0.636697 0.197377 -0.506959
v 0.663826 0.112865 -0.481110
v 0.675627 0.135947 -0.588952
v 0.680880 0.176973 -0.587340
v 0.681880 0.158448 -0.499094
v -0.448929 0.065585 -0.294235
v 0.676683 0.158346 -0.436473
v 0.683902 0.175579 -0.473097
v 0.647920 0.132074 -0.469020
v 0.636684 0.149440 -0.451941
v 0.659993 0.108462 -0.600882
v 0.248773 0.244755 -0.478019
v 0.241828 0.206070 -0.483348
v 0.313738 0.202607 -0.480615
v 0.359850 0.051841 -0.612109
v 0.378135 0.111169 -0.478267
v -0.279195 0.157150 -0.697218
v 0.626540 0.194585 -0.477443
v 0.504750 0.027211 -0.474270
v 0.543727 0.052040 -0.458754
v 0.545081 0.161432 -0.422046
v 0.598184 0.172725 -0.425328
v 0.543020 0.049423 -0.421519
v 0.545308 0.174833 -0.443332
v 0.512023 0.159764 -0.471622
v 0.499297 0.126350 -0.480713
v 0.453337 0.125276 -0.482013
v 0.543078 0.113410 -0.453896
v 0.340659 0.090410 -0.455288
v 0.545666 0.090484 -0.456087
v 0.336972 0.087839 -0.588132
v 0.535571 0.140813 -0.459347
v 0.406106 0.137639 -0.478623
v 0.357952 0.162560 -0.458720
v 0.395893 0.197604 -0.481288
v 0.469947 0.191531 -0.478860
v 0.600123 0.146848 -0.466494
v -0.298011 0.026609 -0.780970
v 0.459398 0.204054 -0.508110
v 0.521464 0.211343 -0.502636
v 0.356818 0.051221 -0.448299
v 0.580604 0.186914 -0.473970
v 0.603817 0.053723 -0.429049
v -0.454909 0.491832 -0.467373
v 0.351644 0.125581 -0.451677
v 0.508454 0.069942 -0.465232
v -0.395204 0.197759 -0.296641
v -0.405002 0.242065 -0.281339
v 0.351712 0.127791 -0.471288
v 0.346678 0.180554 -0.433607
v 0.452905 0.213196 -0.544838
v 0.569767 0.209995 -0.530240
v 0.626420 0.028240 -0.461630
v 0.408665 0.211948 -0.526828
v -0.406285 0.364664 -0.300798
v 0.321990 0.213653 -0.535685
v 0.352382 0.209338 -0.498798
v 0.278891 0.211029 -0.540914
v -0.498273 0.169341 -0.266804
v 0.573136 0.199027 -0.577582
v 0.371075 0.210182 -0.554786
v 0.516836 0.206688 -0.562958
v 0.620557 0.202852 -0.547996
v 0.345618 0.187292 -0.470205
v 0.621157 0.090370 -0.456872
v 0.300307 0.026287 -0.896964
v -0.266266 0.323314 -0.649689
v 0.646781 0.209497 -0.604860
v 0.621148 0.193054 -0.459416
v 0.648951 0.200974 -0.453611
v 0.461777 0.203341 -0.470562
v 0.455469 0.192831 -0.470250
v 0.451501 0.198044 -0.455489
v 0.337598 0.203708 -0.456391
v 0.605447 0.109924 -0.452628
v -0.513263 0.218861 -0.282952
v 0.617282 0.091304 -0.610644
v 0.347181 0.028488 -0.429099
v 0.313179 0.104939 -0.432152
v 0.416009 0.195047 -0.582767
v 0.635051 0.188273 -0.596548
v 0.622344 0.110855 -0.475433
v 0.616830 0.127284 -0.485851
v 0.643526 0.047999 -0.502622
v 0.615868 0.050683 -0.464829
v 0.502403 0.036821 -0.610693
v 0.542062 0.060607 -0.617386
v 0.543926 0.142328 -0.615695
v 0.584367 0.198276 -0.627532
v 0.601472 0.162430 -0.645293
v -0.387999 0.516677 -0.462290
v 0.540231 0.159375 -0.648343
v 0.540998 0.049585 -0.650871
v 0.531282 0.050748 -0.506349
v 0.603253 0.051243 -0.651933
v 0.635583 0.031014 -0.625660
v 0.605885 0.051642 -0.622627
v 0.632242 0.183019 -0.618422
v 0.620784 0.133507 -0.605198
v 0.330546 0.136963 -0.865479
v 0.336340 0.252070 -0.466353
v 0.636877 0.185778 -0.596013
v 0.344336 0.143291 -0.646322
v -0.407204 0.515685 -0.456277
v 0.244638 0.241951 -0.575674
v 0.380522 0.117848 -0.581990
v -0.382600 0.524433 -0.459240
v 0.297504 0.185387 -0.865114
v 0.370061 0.110888 -0.901294
v 0.633129 0.189244 -0.592748
v -0.410932 0.517054 -0.430055
v 0.330635 0.140368 -0.822864
v 0.313687 0.209157 -0.673245
v -0.375208 0.607469 -0.455543
v 0.449879 0.190867 -0.594536
v 0.463508 0.194688 -0.587795
v 0.619967 0.187519 -0.588133
v 0.483058 0.112963 -0.603387
v 0.466029 0.140469 -0.589459
v 0.615586 0.192375 -0.603090
v 0.599524 0.161124 -0.611468
v -0.412993 0.606731 -0.446740
v -0.380120 0.605202 -0.434134
v 0.566483 0.131063 -0.592950
v 0.526796 0.125767 -0.586214
v 0.550041 0.164066 -0.601223
v 0.353163 0.164918 -0.618973
v 0.352753 0.122292 -0.605536
v 0.300278 0.033781 -0.427549
v 0.340135 0.180221 -0.695367
v -0.358682 0.685000 -0.447690
v 0.333990 0.252206 -0.770761
v 0.293733 0.262809 -0.764339
v -0.315476 0.650761 -0.459149
v 0.318916 0.362534 -0.822307
v 0.332576 0.326971 -0.812151
v 0.327449 0.239703 -0.672338
v 0.307821 0.127483 -0.900289
v 0.277387 0.280253 -0.864012
v 0.330885 0.194435 -0.575579
v 0.296135 0.262070 -0.676520
v 0.334378 0.254470 -0.579155
v 0.258710 0.110178 -0.881017
v 0.251731 0.057052 -0.421393
v 0.262672 0.139892 -0.384821
v 0.345640 0.327491 -0.469643
v -0.290672 0.695748 -0.456978
v -0.308117 0.644545 -0.387154
v 0.342706 0.350569 -0.830161
v 0.336090 0.262678 -0.651553
v 0.342732 0.349787 -0.794312
v 0.213954 0.393112 -0.858456
v 0.267365 0.213096 -0.389327
v 0.328046 0.192423 -0.611464
v 0.242212 0.216316 -0.385928
v 0.230019 0.174877 -0.420169
v 0.217946 0.023143 -0.395318
v 0.202393 0.037062 -0.367787
v 0.178670 0.026934 -0.216078
v -0.369597 0.542156 -0.461583
v 0.253718 0.224307 0.407202
v -0.472269 0.291078 -0.293804
v 0.278177 0.199180 0.394452
v 0.266286 0.171770 0.392081
v -0.531888 0.123912 -0.288690
v 0.174507 0.634638 -0.192337
v 0.266524 0.207087 -0.390094
v 0.345671 0.323654 -0.567607
v 0.222661 0.137595 -0.865566
v 0.185427 0.144926 -0.301102
v -0.294672 0.086190 -0.771439
v -0.255916 0.226090 -0.768685
v 0.191088 0.220174 -0.311937
v 0.199620 0.240079 -0.287190
v 0.144180 0.299352 -0.298706
v 0.211342 0.122258 -0.336572
v 0.116486 0.316967 -0.287068
v 0.128718 0.318530 -0.333432
v 0.146526 0.361492 -0.357691
v 0.137227 0.320089 -0.337445
v -0.391527 0.512700 -0.487486
v 0.106856 0.272565 -0.296503
v 0.135439 0.261410 -0.379196
v 0.116021 0.367008 -0.301998
v 0.104698 0.326016 -0.334465
v 0.093837 0.301171 -0.384332
v 0.148471 0.292574 -0.417707
v 0.120978 0.380727 -0.413643
v 0.214798 0.197441 -0.375075
v -0.427845 0.346933 0.587033
v -0.421260 0.387293 0.608749
v 0.187221 0.570713 0.517107
v 0.232483 0.438316 0.408490
v 0.233408 0.275981 0.360165
v 0.178010 0.604268 0.188683
v 0.094885 0.634832 -0.259289
v -0.332057 0.672998 -0.485730
v 0.156769 0.620306 -0.268988
v 0.092722 0.650005 -0.256586
v 0.168723 0.641688 -0.260893
v 0.145318 0.647971 -0.279299
v 0.201346 0.519073 -0.262312
v 0.200889 0.552022 -0.280943
v 0.092953 0.481760 -0.280149
v 0.152724 0.479494 -0.413457
v 0.117734 0.435178 -0.397141
v 0.186534 0.040626 -0.397550
v 0.215270 0.248710 -0.332120
v 0.264662 0.275607 -0.340127
v 0.342261 0.423160 -0.471419
v 0.266466 0.428241 -0.847770
v 0.093528 0.143896 -0.419932
v 0.257413 0.268482 -0.420543
v 0.297767 0.413735 -0.435288
v 0.333957 0.424769 -0.438765
v 0.334429 0.331701 -0.672215
v 0.227135 0.128887 -0.899929
v 0.276788 0.347227 -0.414818
v 0.289693 0.310960 -0.424650
v 0.140809 0.360069 -0.866506
v 0.200077 0.241927 -0.862556
v 0.165581 0.212554 -0.857228
v 0.229976 0.022622 -0.897551
v 0.131111 0.022992 -0.886936
v 0.178152 0.218356 -0.353049
v 0.162831 0.295501 -0.866326
v -0.479516 0.263691 0.414590
v 0.242248 0.245656 0.408927
v -0.419619 0.464880 -0.397599
v 0.171147 0.542057 -0.261822
v 0.122795 0.316324 -0.339095
v 0.181131 0.223622 -0.381706
v -0.523394 0.103766 -0.243250
v 0.260942 0.256269 -0.403927
v 0.207717 0.175003 -0.383233
v 0.182144 0.136740 -0.415414
v 0.224141 0.112421 -0.411819
v 0.199907 0.131303 -0.407113
v 0.190816 0.132737 -0.390455
v 0.203392 0.235324 -0.395225
v 0.177636 0.140981 -0.368654
v -0.251115 0.242174 -0.668722
v -0.670523 0.027893 0.161284
v -0.462488 0.418953 0.522060
v 0.244093 0.277705 0.406698
v 0.254460 0.200862 0.250620
v 0.273348 0.196915 0.373377
v 0.291217 0.228518 0.338533
v 0.276655 0.236244 0.244283
v 0.148015 0.571126 -0.196478
v 0.299556 0.266502 -0.285195
v 0.152116 0.335423 -0.416508
v 0.221348 0.494508 -0.800558
v -0.291214 0.023128 -0.676649
v 0.174914 0.026495 -0.421636
v -0.165734 0.558982 0.577587
v 0.279586 0.242648 0.364179
v 0.298555 0.255067 0.243316
v 0.146484 0.693909 -0.339456
v 0.171360 0.485842 -0.282079
v 0.265420 0.325628 -0.287357
v -0.269089 0.076813 -0.822989
v 0.216825 0.311688 -0.310200
v -0.266543 0.259840 -0.796662
v 0.251921 0.366494 -0.286124
v 0.197948 0.342092 -0.294981
v -0.263823 0.269034 -0.688583
v 0.276630 0.325617 -0.326452
v -0.263577 0.444328 -0.648232
v 0.229973 0.377569 -0.342974
v 0.267636 0.360522 -0.382797
v 0.204175 0.322669 -0.410537
v 0.101246 0.431619 -0.817703
v 0.157664 0.109397 -0.896217
v -0.361671 0.580004 -0.403685
v -0.629966 0.075727 0.119944
v -0.606737 0.171285 0.171921
v -0.385731 0.573162 -0.388025
v 0.239067 0.179648 0.348884
v 0.166234 0.635189 0.116736
v 0.182416 0.643979 0.133255
v 0.128543 0.315693 -0.382096
v -0.381811 0.582630 -0.426688
v 0.336554 0.284713 -0.601524
v 0.052282 0.723885 -0.124071
v -0.421644 0.572800 -0.404864
v 0.072748 0.747959 -0.171817
v -0.307271 0.695638 -0.386482
v -0.355036 0.692334 -0.397381
v 0.225544 0.433234 -0.790921
v -0.320114 0.660282 -0.425257
v -0.475752 0.180366 0.401809
v -0.533649 0.341195 -0.269141
v 0.228700 0.183555 0.304932
v 0.277510 0.269046 0.373484
v 0.003209 0.509571 0.267451
v 0.041284 0.681802 -0.097327
v 0.119519 0.315981 -0.382077
v 0.312025 0.380265 -0.773722
v 0.100311 0.422379 -0.812636
v 0.176498 0.504833 -0.775659
v -0.416982 0.275015 0.564317
v 0.058360 0.510751 0.373713
v 0.093226 0.343829 -0.393151
v -0.325501 0.640625 -0.411608
v -0.541089 0.209658 0.220810
v -0.489798 0.383153 0.514194
v -0.349998 0.532901 0.595128
v 0.049467 0.557442 0.578139
v 0.175400 0.426814 0.258515
v 0.121368 0.556791 -0.253936
v 0.142966 0.583751 -0.255128
v 0.160232 0.533450 -0.237596
v 0.106331 0.564655 -0.406578
v -0.263602 0.091028 -0.814843
v -0.255895 0.059122 -0.824221
v 0.097527 0.533584 -0.406734
v 0.141776 0.537674 -0.406889
v -0.375309 0.587953 -0.485886
v 0.246945 0.505479 -0.425620
v 0.323460 0.377740 -0.679142
v 0.081918 0.213817 -0.858166
v -0.324129 0.620531 -0.331118
v -0.324471 0.546930 -0.314807
v -0.359633 0.546206 -0.321300
v -0.323050 0.546770 -0.323106
v -0.359803 0.547364 -0.313567
v -0.342923 0.546465 -0.310117
v -0.356210 0.545999 -0.309879
v -0.489069 0.199442 0.384147
v -0.441895 0.244762 0.381187
v -0.445730 0.189521 0.400888
v -0.039968 0.534006 0.564894
v 0.311248 0.315702 0.232259
v 0.047169 0.648911 -0.110356
v 0.080935 0.712507 -0.212891
v 0.133521 0.431229 -0.418512
v -0.526535 0.035423 -0.293306
v 0.093547 0.134459 -0.860860
v -0.606248 0.026753 0.121229
v -0.458985 0.161241 0.255963
v -0.423194 0.158484 0.402609
v 0.118136 0.451887 0.266065
v -0.188512 0.708282 -0.479536
v -0.324408 0.597289 -0.324653
v -0.609905 0.057349 0.055102
v -0.360689 0.550334 -0.309672
v -0.356458 0.560752 -0.310469
v -0.618705 0.206699 0.162096
v -0.363878 0.527859 -0.323124
v -0.377071 0.511599 -0.427532
v 0.045966 0.588749 0.540238
v 0.252223 0.245576 0.343652
v 0.272772 0.281613 0.246680
v 0.124016 0.450705 0.374140
v 0.085386 0.626145 -0.053389
v 0.085761 0.623764 -0.148829
v 0.202958 0.372751 -0.418574
v -0.361186 0.559808 -0.312940
v -0.527198 0.206905 0.150669
v -0.296428 0.022139 -0.851515
v 0.182011 0.573008 0.415256
v -0.262337 0.465686 -0.609306
v 0.108831 0.115799 -0.877502
v -0.263453 0.690588 -0.327166
v -0.360692 0.559744 -0.323786
v -0.329899 0.559901 -0.316738
v -0.639215 0.082352 0.012851
v -0.500777 0.198845 0.351563
v -0.442715 0.272436 0.403873
v -0.440221 0.413371 0.577707
v -0.512144 0.405316 -0.262017
v 0.062782 0.637257 -0.151967
v 0.294864 0.395509 -0.691201
v 0.267507 0.418690 -0.805974
v -0.298981 0.073503 -0.867572
v -0.250127 0.157850 -0.821370
v 0.164147 0.600557 0.503743
v 0.151299 0.386468 0.402922
v 0.248429 0.206234 0.295905
v -0.008540 0.525577 0.208040
v 0.056940 0.635337 -0.026431
v 0.019147 0.623452 -0.046386
v 0.221117 0.485035 -0.667514
v -0.357914 0.561868 -0.314064
v -0.438816 0.206134 0.327529
v -0.435661 0.236781 0.362833
v -0.485729 0.278755 0.344604
v -0.428073 0.433407 0.568583
v -0.049470 0.568660 0.573730
v -0.546845 0.260004 -0.267004
v -0.085372 0.719397 -0.118275
v 0.334874 0.340718 -0.622291
v 0.225994 0.432467 -0.677731
v 0.084071 0.501388 -0.808709
v -0.102114 0.428217 -0.846520
v -0.640643 0.174647 0.114229
v -0.564238 0.222622 0.136831
v -0.499469 0.190759 0.248097
v -0.265993 0.342132 -0.670968
v -0.047121 0.576098 0.206070
v -0.361314 0.596903 -0.311410
v 0.115620 0.503720 -0.768661
v -0.365088 0.606120 -0.310874
v -0.363312 0.596828 -0.314383
v 0.078770 0.247817 -0.860465
v -0.606207 0.024242 0.051702
v -0.519462 0.365220 0.149953
v -0.522671 0.301947 0.180246
v -0.445362 0.206621 0.330023
v -0.469189 0.243471 0.247029
v -0.493497 0.238776 0.247112
v -0.519447 0.168907 -0.232642
v 0.179124 0.622429 0.163168
v 0.124850 0.598248 -0.408030
v 0.215243 0.480766 -0.421407
v -0.623380 0.168074 0.126545
v -0.554594 0.406433 0.127531
v -0.441816 0.214465 0.324844
v -0.484319 0.445533 0.423089
v 0.159840 0.237993 0.366045
v 0.246897 0.331937 0.249985
v 0.154781 0.389447 0.376062
v 0.211677 0.375050 0.259848
v -0.387243 0.610276 -0.337231
v -0.363410 0.577442 -0.312493
v -0.339378 0.525776 -0.408762
v -0.388124 0.445212 -0.334565
v 0.164583 0.176305 0.362765
v 0.189267 0.230059 0.281525
v 0.250873 0.299518 0.285144
v 0.236752 0.293991 0.303997
v 0.244312 0.351418 0.354961
v 0.184102 0.291943 0.280567
v 0.156833 0.320111 0.370788
v 0.250124 0.306408 0.329353
v 0.256801 0.293819 0.376731
v 0.271097 0.338056 0.311665
v -0.318984 0.021351 -0.898770
v 0.162213 0.282162 0.361655
v 0.258535 0.321935 0.319717
v 0.257042 0.303101 0.325191
v 0.255867 0.307275 0.308397
v 0.192001 0.356358 0.372898
v 0.222482 0.337645 0.282096
v 0.235085 0.348008 0.305814
v 0.241181 0.420902 0.360369
v 0.168876 0.361032 0.323288
v 0.240804 0.422034 0.308115
v 0.189577 0.421399 0.371501
v 0.172469 0.421601 0.306789
v -0.452332 0.475332 -0.265183
v 0.230102 0.557479 0.354430
v 0.188818 0.577638 0.362681
v 0.224961 0.547180 0.302042
v 0.170539 0.505657 0.329445
v 0.194955 0.580376 0.311816
v 0.190531 0.542912 0.372115
v 0.134485 0.542681 0.361007
v 0.140959 0.535039 0.312295
v 0.138650 0.592219 0.364454
v 0.142654 0.589121 0.299606
v 0.042170 0.545924 0.362130
v 0.036122 0.551031 0.296541
v 0.059929 0.592103 0.293628
v 0.074209 0.603028 0.353720
v -0.182090 0.661987 -0.486336
v 0.053551 0.563915 0.255964
v 0.028457 0.604557 0.360983
v -0.013555 0.551649 0.277387
v 0.050346 0.726893 -0.160588
v -0.025908 0.481983 -0.814820
v -0.068555 0.430944 -0.820349
v -0.340489 0.607035 -0.363678
v -0.436232 0.260846 0.380673
v -0.342583 0.529180 0.562551
v -0.342141 0.632770 -0.347180
v 0.005903 0.512633 0.396082
v 0.025287 0.559408 0.229318
v 0.029638 0.629485 0.119426
v -0.087462 0.654745 -0.097743
v 0.253366 0.423048 -0.616250
v 0.123075 0.503826 -0.697848
v -0.350847 0.643700 -0.371663
v -0.335696 0.706533 -0.363980
v -0.443913 0.210282 0.284168
v -0.481007 0.451797 0.499777
v -0.351758 0.750264 -0.371433
v 0.080374 0.481435 0.406021
v -0.328284 0.740796 -0.363891
v -0.319110 0.740662 -0.362104
v -0.350685 0.746718 -0.352696
v -0.002274 0.751771 -0.189428
v 0.069299 0.743233 -0.307941
v -0.312955 0.740632 -0.361158
v 0.162362 0.609367 -0.418143
v 0.015388 0.503893 -0.783213
v -0.379128 0.507006 -0.340144
v -0.605265 0.054022 -0.009228
v -0.420706 0.162434 0.265475
v -0.433900 0.277761 0.349621
v 0.030143 0.632042 0.281703
v 0.061077 0.606567 0.252737
v 0.153101 0.407409 -0.421432
v 0.303193 0.376336 -0.607787
v 0.065301 0.025339 -0.899124
v -0.563847 0.346343 0.057690
v -0.565415 0.427511 0.067803
v -0.509046 0.427160 0.054899
v -0.062676 0.582381 -0.139444
v 0.165065 0.512086 -0.462590
v 0.187099 0.287798 -0.383697
v 0.179068 0.258805 -0.339833
v -0.312756 0.717545 -0.324001
v 0.169295 0.403784 -0.362899
v 0.183818 0.405954 -0.348250
v -0.393547 0.473433 -0.303922
v 0.187831 0.406880 -0.370710
v 0.186674 0.546683 -0.349424
v 0.186135 0.552850 -0.372471
v 0.175334 0.638271 -0.365495
v 0.159332 0.614431 -0.356174
v 0.156189 0.646827 -0.348528
v 0.092172 0.638801 -0.338951
v 0.254997 0.504973 -0.595654
v 0.226598 0.468472 -0.609942
v -0.609889 0.024902 -0.013707
v -0.574566 0.209650 0.093249
v -0.267843 0.562703 0.575336
v 0.078997 0.586697 0.498210
v -0.259334 0.326785 -0.811411
v 0.271115 0.417873 -0.667493
v 0.058973 0.504819 -0.698189
v -0.029850 0.289382 -0.866763
v 0.063878 0.125799 -0.900664
v -0.222618 0.702182 -0.364107
v -0.442203 0.322951 0.381665
v -0.518613 0.300907 0.317353
v -0.471089 0.286260 0.356571
v -0.462534 0.294895 0.303700
v -0.452970 0.305366 0.332933
v -0.436369 0.331837 0.341010
v -0.459855 0.314310 0.329820
v -0.484633 0.334093 0.278751
v -0.369732 0.578451 -0.346165
v 0.280525 0.477800 -0.569348
v -0.041138 0.507748 -0.786914
v -0.679930 0.037704 -0.003073
v -0.410427 0.569110 0.518172
v -0.395167 0.560630 0.575750
v -0.166553 0.599211 0.519473
v -0.084025 0.635570 -0.144174
v 0.204425 0.607549 -0.445938
v 0.152037 0.685873 -0.442045
v 0.159972 0.625807 -0.458060
v 0.116476 0.666409 -0.432506
v 0.198577 0.531634 -0.436328
v 0.171795 0.519722 -0.440927
v -0.114892 0.389112 -0.861025
v -0.576244 0.351066 0.091832
v -0.478353 0.281489 0.245553
v -0.438685 0.440023 0.410056
v 0.093064 0.624460 0.441275
v 0.146360 0.591981 0.433816
v 0.058382 0.614602 0.200669
v 0.023670 0.618458 0.038085
v -0.074250 0.628998 -0.129863
v -0.332577 0.742896 -0.367659
v -0.387069 0.637371 -0.307637
v -0.650272 0.056879 -0.021470
v -0.545400 0.318318 -0.222357
v -0.100773 0.576089 -0.157291
v 0.171952 0.582403 -0.460249
v 0.182225 0.515229 -0.462614
v -0.522802 0.365949 0.224168
v -0.359746 0.558537 0.575732
v -0.271737 0.122649 -0.827046
v 0.084602 0.620032 0.037719
v 0.054237 0.761688 -0.236701
v 0.028233 0.758404 -0.249303
v 0.083212 0.704608 -0.348796
v -0.253903 0.342900 -0.618095
v 0.192759 0.529043 -0.462081
v -0.001511 0.227384 -0.854854
v -0.219628 0.717290 -0.353385
v -0.195060 0.714795 -0.325337
v -0.446657 0.300805 0.331294
v -0.027620 0.621819 0.275691
v -0.265278 0.643632 -0.181286
v -0.395531 0.444370 -0.284969
v -0.663373 0.174087 -0.014575
v -0.513130 0.405650 0.013274
v -0.459157 0.205062 0.252610
v -0.430661 0.389615 0.376097
v 0.038950 0.629176 0.170308
v -0.171244 0.563290 -0.155154
v -0.184150 0.606507 -0.119992
v -0.209259 0.667607 -0.117289
v -0.182639 0.683235 -0.147305
v -0.198877 0.631918 -0.136905
v -0.216297 0.677766 -0.193008
v -0.164348 0.681220 -0.192473
v -0.525323 0.434076 0.088568
v -0.496283 0.422787 0.149406
v -0.437874 0.295678 0.292830
v -0.436012 0.306200 0.314486
v -0.435193 0.319377 0.318839
v 0.093804 0.627572 0.486263
v -0.022494 0.590223 0.322006
v 0.187946 0.510282 -0.463024
v 0.245454 0.512635 -0.463770
v -0.326365 0.677595 -0.325170
v -0.336656 0.632700 -0.300527
v -0.279449 0.592102 0.501116
v -0.170230 0.573082 0.501384
v 0.014020 0.620227 0.216116
v -0.064079 0.629990 0.038380
v -0.583378 0.163502 -0.273864
v -0.064413 0.343815 -0.868462
v -0.051338 0.170107 -0.851664
v -0.555035 0.311780 0.028804
v -0.458732 0.312366 0.284285
v -0.427319 0.419857 0.401677
v -0.387071 0.592411 0.534996
v -0.033009 0.599013 0.508092
v 0.190117 0.516793 -0.463625
v -0.029304 0.502913 -0.712910
v -0.549533 0.351182 -0.137427
v -0.492346 0.478414 0.047351
v -0.421141 0.547144 0.437727
v 0.195257 0.508645 -0.484392
v -0.333196 0.629834 -0.236370
v -0.498140 0.434206 -0.225492
v -0.656590 0.175312 -0.090264
v -0.559196 0.249172 0.031339
v -0.518251 0.440830 -0.128666
v -0.172118 0.627163 0.484076
v -0.217578 0.562626 -0.155586
v -0.269316 0.581027 -0.160664
v 0.095003 0.491013 -0.662771
v -0.000490 0.133025 -0.863294
v -0.013499 0.055675 -0.892854
v -0.459121 0.315609 0.247935
v -0.210070 0.688933 -0.195663
v 0.108918 0.649802 -0.460574
v -0.250020 0.379415 -0.678145
v -0.017783 0.043997 -0.952669
v -0.019921 0.023899 -0.901693
v -0.095356 0.036212 -0.952417
v -0.487532 0.444166 0.198643
v -0.264601 0.599579 -0.180499
v 0.198076 0.428601 -0.654688
v -0.120643 0.285405 -0.863135
v 0.003004 0.665097 0.196238
v -0.158122 0.563516 -0.140247
v 0.130939 0.676066 -0.482801
v -0.595995 0.196812 0.075876
v -0.294134 0.633168 0.478503
v -0.093743 0.613220 0.030065
v -0.204024 0.596631 -0.125301
v -0.263567 0.698087 -0.187515
v -0.244775 0.693444 -0.137581
v -0.246264 0.580922 -0.119353
v -0.260155 0.613257 -0.128738
v -0.239372 0.646917 -0.137321
v -0.277015 0.754948 -0.174417
v -0.012215 0.119967 -0.886286
v -0.533274 0.029604 -0.256834
v -0.663024 0.051865 -0.104444
v -0.552590 0.308804 -0.131846
v -0.028252 0.587531 0.421648
v -0.012143 0.670443 0.127450
v 0.185451 0.555172 -0.487509
v -0.657965 0.205113 0.000748
v -0.508600 0.402796 -0.089413
v -0.177910 0.624190 0.437922
v -0.104979 0.569660 -0.108369
v -0.100384 0.120294 -0.887159
v -0.309246 0.089119 -0.903034
v -0.283339 0.136522 -0.861756
v -0.508402 0.460672 0.141673
v -0.427708 0.379287 0.298043
v -0.042052 0.576699 0.273771
v -0.140668 0.423145 -0.614394
v -0.220944 0.740374 -0.368212
v -0.607189 0.195291 0.028228
v -0.443344 0.380247 0.248933
v -0.336589 0.636407 -0.190429
v -0.286853 0.536701 -0.147706
v -0.157550 0.756380 -0.250434
v 0.212133 0.508591 -0.592937
v -0.028901 0.494686 -0.664098
v -0.160627 0.137109 -0.863780
v -0.624811 0.058815 -0.110489
v -0.640845 0.165178 0.011684
v -0.511241 0.405488 -0.144290
v -0.458534 0.509832 -0.117823
v -0.410410 0.426064 0.252876
v -0.336169 0.539917 -0.111108
v -0.171609 0.752026 -0.177782
v -0.599954 0.263351 0.046601
v -0.282245 0.185172 -0.842676
v -0.020669 0.605715 0.211623
v -0.210233 0.404643 -0.672471
v -0.181249 0.422875 -0.621941
v -0.201063 0.273431 -0.864895
v -0.238841 0.748055 -0.351166
v -0.015396 0.634879 0.477172
v -0.240870 0.743345 -0.373328
v -0.047558 0.627046 0.441776
v -0.020251 0.661429 0.464730
v -0.195913 0.761743 -0.366711
v -0.184548 0.742337 -0.368672
v -0.015852 0.647417 0.292025
v -0.045773 0.650828 0.280984
v -0.273185 0.661065 0.252956
v -0.278700 0.629875 0.287645
v -0.200672 0.631301 0.273587
v -0.203081 0.650380 0.250870
v -0.200033 0.658095 0.279802
v -0.039477 0.632955 0.273975
v -0.027408 0.659504 0.254499
v -0.019558 0.630383 0.229415
v -0.045146 0.635769 0.235085
v -0.065051 0.663886 0.192545
v -0.093914 0.059850 -0.892415
v -0.369559 0.592020 0.497436
v -0.192372 0.673240 0.419237
v -0.037926 0.572518 0.239520
v -0.427340 0.441539 0.290784
v -0.333471 0.618340 0.437817
v -0.170356 0.616823 0.295054
v -0.441094 0.526075 0.046174
v -0.400797 0.553318 0.406860
v -0.224976 0.565901 -0.099308
v -0.362997 0.545099 -0.071619
v -0.427396 0.532059 0.143388
v -0.153119 0.564647 -0.035922
v -0.249655 0.678640 0.411849
v -0.171898 0.641445 0.402031
v -0.276587 0.536993 0.108948
v -0.410159 0.452231 0.304958
v -0.046932 0.616915 0.296723
v -0.090912 0.627695 0.125415
v -0.438250 0.493515 0.219147
v -0.053550 0.596148 0.230775
v -0.099516 0.571701 0.053685
v -0.339991 0.541649 -0.009031
v -0.368179 0.541284 0.021098
v -0.360812 0.633192 0.486562
v -0.306523 0.683385 0.418068
v -0.197249 0.685126 0.313722
v -0.218492 0.565984 -0.031999
v -0.106557 0.608144 0.192863
v -0.401107 0.498569 0.317813
v -0.079637 0.589229 0.231590
v -0.154347 0.564010 0.115918
v -0.387498 0.541108 0.093118
v -0.404667 0.552404 0.319078
v -0.184730 0.645989 0.330843
v -0.217866 0.565076 0.028616
v -0.251213 0.678986 0.311527
v -0.221874 0.567829 0.096498
v -0.191296 0.731546 -0.347326
v -0.107277 0.569846 0.125396
v -0.307783 0.684934 0.318291
v -0.099917 0.568276 0.199220
v -0.258198 0.573026 0.063103
v -0.658629 0.051478 -0.253162
v -0.328451 0.540118 0.198323
v -0.375660 0.588581 0.334156
v -0.389364 0.583121 0.260796
v -0.358581 0.631372 0.327205
v -0.240003 0.599074 0.239331
v -0.180289 0.574204 0.221805
v -0.224200 0.567027 0.170749
v -0.369688 0.530796 0.146346
v -0.359665 0.539581 0.114775
v -0.352565 0.557050 0.149487
v -0.358164 0.558986 0.152478
v -0.333878 0.593007 0.182292
v -0.356375 0.538359 0.179560
v -0.334064 0.614108 0.294095
v -0.278573 0.308921 -0.834756
v -0.248019 0.382739 -0.778275
v -0.248833 0.382064 -0.778122
v -0.248063 0.382746 -0.776546
v -0.247068 0.383582 -0.778464
v -0.350122 0.532613 0.231622
v -0.270056 0.612778 0.261655
v -0.278222 0.537790 0.248075
v -0.261412 0.575631 0.233114
v -0.382678 0.592936 0.233975
v -0.289246 0.600549 0.220412
v -0.307760 0.601454 0.241306
v -0.288071 0.573639 0.206907
v -0.387462 0.632054 -0.235397
v -0.300839 0.584560 -0.155541
v -0.272671 0.722182 -0.158309
v 0.065405 0.751606 -0.452872
v 0.092438 0.431640 -0.657866
v -0.106095 0.495614 -0.705425
v -0.105880 0.429346 -0.797882
v 0.089933 0.695794 -0.467148
v -0.094771 0.470240 -0.607896
v -0.187693 0.414135 -0.855407
v -0.098356 0.022400 -0.901796
v -0.166661 0.751159 -0.309002
v -0.280267 0.751414 -0.236650
v -0.612581 0.024895 -0.102201
v -0.601053 0.230262 -0.006326
v -0.651171 0.024198 -0.217641
v -0.663945 0.204288 -0.102876
v -0.280424 0.593174 -0.159108
v -0.034418 0.736051 -0.428365
v -0.168472 0.429794 -0.812898
v -0.556765 0.256120 -0.131411
v -0.240705 0.126913 -0.899646
v -0.330564 0.616169 -0.146973
v -0.137616 0.870275 -0.403968
v -0.070067 0.851950 -0.379715
v -0.114056 0.849336 -0.355781
v -0.087769 0.844443 -0.419206
v -0.088373 0.737879 -0.345007
v -0.135436 0.801228 -0.375265
v -0.069422 0.787384 -0.399574
v -0.085486 0.739753 -0.437151
v -0.487661 0.478364 -0.127021
v -0.092540 0.489573 -0.664171
v -0.250310 0.369932 -0.864302
v -0.171751 0.024307 -0.900518
v -0.596374 0.234190 -0.114593
v -0.591534 0.333082 -0.147610
v -0.394714 0.540886 -0.143762
v -0.127310 0.804138 -0.415127
v -0.549161 0.432905 -0.138840
v -0.036443 0.750943 -0.460554
v 0.082106 0.724784 -0.477372
v -0.102171 0.512989 -0.574182
v -0.648092 0.080234 -0.214497
v -0.389391 0.631327 -0.155600
v -0.031853 0.655642 -0.487069
v -0.171635 0.759944 -0.238870
v -0.171591 0.515927 -0.483240
v 0.054897 0.427736 -0.614508
v -0.178601 0.126812 -0.896773
v -0.332943 0.652338 -0.159796
v -0.218449 0.754016 -0.220049
v -0.171100 0.749617 -0.451403
v -0.197565 0.418880 -0.786720
v -0.269311 0.356238 -0.816829
v -0.640804 0.176188 -0.127527
v -0.487950 0.487692 -0.169471
v -0.106676 0.431038 -0.668453
v -0.225335 0.179384 -0.866731
v -0.643240 0.177354 -0.211135
v -0.207409 0.062472 -0.885975
v -0.152958 0.737546 -0.386403
v -0.121806 0.455023 -0.616735
v -0.065743 0.511564 -0.601669
v -0.595345 0.028076 -0.231764
v -0.603485 0.302184 -0.200743
v -0.522376 0.465854 -0.211674
vn 0.9946 0.0849 0.0605
vn -0.9840 -0.0872 0.1555
vn 0.4528 -0.8823 -0.1282
vn -0.4563 0.8817 -0.1198
vn 0.9247 -0.2285 0.3045
vn -0.9994 -0.0154 -0.0325
vn -0.8584 -0.4615 -0.2240
vn 0.3832 0.9157 -0.1214
vn -0.1748 0.1634 -0.9709
vn -0.2259 0.2058 -0.9522
vn -0.2103 0.1928 -0.9584
vn 0.0027 0.9998 -0.0214
vn -0.0147 0.9994 -0.0297
vn -0.0517 0.9967 0.0628
vn -0.0972 0.6508 0.7530
vn -0.0667 0.6586 0.7496
vn -0.0611 0.6757 0.7347
vn -0.5228 0.2537 -0.8139
vn 0.3459 -0.4674 0.8136
vn 0.8605 0.4234 -0.2834
vn 0.9813 -0.1837 -0.0579
vn 0.3681 -0.3875 0.8452
vn 0.9952 0.0250 -0.0943
vn -0.9999 -0.0087 -0.0067
vn -0.9728 -0.0955 -0.2109
vn -0.9808 -0.0787 -0.1787
vn -0.5499 0.4236 0.7199
vn 0.1235 -0.9911 -0.0503
vn -0.6061 -0.7874 -0.1127
vn 0.7986 -0.6008 -0.0357
vn 0.7583 -0.6516 -0.0195
vn 0.7716 -0.6356 -0.0247
vn 0.9774 -0.0882 -0.1923
vn -0.7346 0.6592 0.1606
vn -0.6995 0.6931 0.1743
vn -0.8095 0.5733 0.1270
vn 0.8351 -0.5477 -0.0515
vn -0.7347 0.6592 0.1606
vn -0.8095 0.5732 0.1270
vn -0.8185 0.5612 0.1224
vn -0.2410 0.7961 -0.5550
vn -0.3217 -0.7602 0.5645
vn 0.8566 0.5099 0.0795
vn 0.8620 0.4828 0.1548
vn 0.8669 0.4654 0.1786
vn 0.4835 -0.8722 0.0741
vn -0.9511 0.2361 -0.1992
vn 0.0018 -0.9999 0.0144
vn -0.9953 -0.0946 -0.0215
vn -0.0018 0.9904 -0.1385
vn 0.5121 -0.8408 -0.1752
vn 0.9709 -0.2367 0.0360
vn -0.9533 -0.3011 0.0217
vn 0.8491 0.5278 0.0221
vn 0.8506 0.5210 0.0707
vn 0.8619 0.4828 0.1548
vn 0.0903 -0.9958 0.0146
vn -0.8855 -0.1023 0.4533
vn -0.8300 0.2485 -0.4993
vn -0.3971 0.6676 -0.6298
vn -0.1827 0.9829 0.0232
vn 0.9551 -0.2961 -0.0076
vn 0.9882 -0.1531 0.0026
vn 0.9859 -0.1672 0.0016
vn -0.9978 -0.0639 0.0167
vn -0.9725 -0.2240 0.0639
vn -0.9762 -0.2069 0.0650
vn 0.9530 -0.3027 -0.0081
vn 0.6664 -0.7389 0.0998
vn -0.9980 -0.0607 0.0161
vn 0.1665 0.9850 0.0455
vn 0.8700 0.0729 0.4877
vn 0.8895 0.0258 0.4562
vn 0.8581 0.0983 0.5039
vn -0.7172 0.6421 -0.2709
vn -0.7239 0.5780 -0.3766
vn -0.7202 0.6249 -0.3013
vn -0.6801 0.3299 0.6548
vn -0.3478 -0.1305 0.9284
vn 0.3824 0.4030 0.8315
vn -0.4398 -0.0626 -0.8959
vn 0.0794 0.2389 -0.9678
vn 0.3725 0.9200 0.1219
vn 0.3827 0.4025 0.8316
vn 0.5804 -0.1786 -0.7945
vn 0.9953 0.0207 0.0951
vn 0.9960 -0.0010 0.0892
vn 0.9962 -0.0348 0.0800
vn 0.0359 0.9964 -0.0772
vn -0.2986 -0.3373 -0.8928
vn -0.8232 -0.1205 0.5549
vn -0.5773 -0.1871 0.7948
vn 0.9476 -0.0349 0.3175
vn 0.9512 0.0842 0.2969
vn 0.9449 0.0366 0.3252
vn -0.4178 -0.1924 0.8879
vn 0.9943 -0.0828 0.0666
vn -0.4882 -0.6579 -0.5734
vn -0.6611 0.7404 -0.1215
vn -0.3005 -0.0037 0.9538
vn -0.9905 0.1279 0.0510
vn -0.9969 0.0313 0.0719
vn -0.9738 0.2254 0.0291
vn -0.9399 0.3281 -0.0946
vn 0.7958 -0.5380 -0.2779
vn -0.9592 0.2824 0.0160
vn 0.3523 -0.1044 -0.9300
vn 0.3107 0.0386 -0.9497
vn 0.3526 0.0797 -0.9324
vn 0.7726 0.5155 -0.3707
vn 0.3574 0.1958 -0.9132
vn 0.3526 0.0798 -0.9324
vn 0.3107 0.0387 -0.9497
vn -0.9239 -0.2865 0.2538
vn 0.9512 0.0843 0.2970
vn 0.9523 0.1577 0.2614
vn 0.9512 0.0843 0.2969
vn 0.9559 0.1786 0.2333
vn 0.9523 0.1577 0.2613
vn -0.0857 0.2762 0.9573
vn -0.2012 0.3311 0.9219
vn -0.1450 0.3049 0.9413
vn -0.2560 0.3556 0.8989
vn 0.3845 0.2642 -0.8845
vn -0.0238 -0.3204 -0.9470
vn -0.6473 -0.5784 0.4964
vn 0.4313 0.8913 -0.1397
vn -0.8182 -0.0727 0.5703
vn -0.8348 -0.0848 0.5440
vn -0.8731 -0.0568 0.4842
vn -0.8230 -0.0682 0.5639
vn 0.0791 0.5939 0.8006
vn 0.1339 0.2925 -0.9469
vn -0.9607 0.1203 0.2503
vn -0.9557 0.1478 0.2545
vn -0.9663 0.0813 0.2441
vn 0.8580 -0.0074 0.5136
vn -0.2013 0.0212 -0.9793
vn 0.8310 -0.3487 -0.4335
vn -0.9455 0.1943 0.2612
vn -0.9419 0.3104 0.1288
vn -0.4684 0.6539 0.5942
vn -0.6409 -0.6701 0.3743
vn 0.9930 0.1124 0.0354
vn -0.0083 0.3552 0.9348
vn -0.0076 0.3750 0.9270
vn -0.0106 0.2901 0.9569
vn 0.9070 0.2369 -0.3483
vn 0.2851 0.1318 0.9494
vn 0.2686 0.1534 0.9510
vn 0.2861 0.1305 0.9493
vn 0.3170 0.0890 0.9442
vn 0.0777 -0.0197 0.9968
vn 0.0537 -0.0672 0.9963
vn 0.0611 -0.0527 0.9967
vn -0.6837 -0.5498 -0.4799
vn -0.6841 -0.5270 -0.5043
vn -0.6808 -0.5992 -0.4212
vn -0.6808 -0.5993 -0.4211
vn -0.6759 -0.6336 -0.3764
vn -0.6840 -0.5496 -0.4797
vn 0.2114 0.3737 -0.9031
vn 0.9164 0.3662 -0.1617
vn 0.8656 0.1022 -0.4902
vn -0.9574 -0.2081 -0.2000
vn 0.9686 -0.0304 -0.2466
vn 0.0815 -0.0121 0.9966
vn 0.0777 -0.0196 0.9968
vn 0.5220 -0.1547 -0.8388
vn -0.2521 0.0254 0.9674
vn -0.2533 -0.0518 0.9660
vn -0.2573 0.0210 0.9661
vn -0.7126 0.0725 -0.6978
vn -0.2883 0.0785 0.9543
vn -0.2924 0.0825 0.9527
vn -0.2325 0.1006 0.9674
vn 0.1868 -0.0001 0.9824
vn 0.2002 0.0344 0.9792
vn 0.1665 0.0136 0.9860
vn -0.8928 -0.4309 0.1313
vn 0.7805 -0.6228 0.0549
vn 0.7002 0.7136 0.0221
vn 0.6779 0.7323 -0.0653
vn 0.6734 0.7391 -0.0146
vn 0.4629 0.2570 0.8483
vn -0.2751 -0.9310 0.2398
vn 0.2209 -0.8586 -0.4625
vn -0.6313 -0.7716 0.0778
vn -0.0449 -0.9897 0.1362
vn 0.8298 -0.2613 0.4931
vn -0.8594 -0.4837 -0.1659
vn 0.8748 -0.1133 0.4710
vn 0.9995 -0.0257 0.0207
vn -0.1742 -0.9845 0.0206
vn 0.1511 -0.9874 -0.0466
vn -0.9221 0.3741 0.0991
vn 0.7366 0.6432 -0.2088
vn 0.7380 -0.6654 0.1121
vn -0.2023 -0.9754 -0.0881
vn -0.8126 -0.5402 -0.2189
vn 0.9647 0.2357 0.1176
vn -0.4682 0.8767 0.1108
vn -0.1831 -0.0006 -0.9831
vn -0.1181 -0.0303 -0.9925
vn -0.2963 0.9493 -0.1054
vn -0.6324 -0.6046 -0.4843
vn 1.0000 0.0037 -0.0052
vn 1.0000 0.0062 -0.0017
vn 0.9999 0.0099 -0.0068
vn 0.0074 -0.0654 0.9978
vn 1.0000 0.0073 -0.0069
vn -0.9314 0.2590 0.2558
vn 0.1013 -0.3937 0.9136
vn -0.1638 0.8448 0.5094
vn -0.3089 -0.8416 0.4430
vn 0.2402 0.1209 0.9632
vn 0.2316 0.1655 0.9586
vn 0.2099 0.2154 0.9537
vn 0.2041 0.2250 0.9527
vn -0.4626 -0.4321 -0.7741
vn 0.8227 0.3097 0.4766
vn 0.0461 0.0539 -0.9975
vn 0.0264 0.0416 -0.9988
vn 0.2333 0.0874 -0.9685
vn -0.8751 -0.2993 0.3803
vn 0.2547 0.0733 -0.9642
vn 0.8447 -0.0018 0.5352
vn 0.8362 0.0001 0.5485
vn 0.9314 0.0071 0.3640
vn 0.2822 0.0042 -0.9594
vn -0.6535 0.0085 0.7569
vn -0.6649 -0.0277 0.7464
vn -0.6580 -0.0054 0.7530
vn -0.9708 0.0655 0.2308
vn 0.9357 -0.0003 0.3528
vn -0.1424 -0.0412 -0.9890
vn -0.1433 -0.0446 -0.9887
vn -0.1419 -0.0394 -0.9891
vn -0.6580 -0.0053 0.7530
vn -0.6460 0.0307 0.7627
vn 0.9330 0.0342 0.3582
vn 0.2758 -0.0361 0.9605
vn -0.8352 -0.0306 -0.5491
vn -0.1411 -0.0360 -0.9893
vn 0.7115 0.0833 -0.6978
vn 0.0697 0.2411 0.9680
vn 0.7681 0.1763 0.6156
vn 0.8765 -0.0267 0.4807
vn 0.8758 -0.0268 0.4820
vn 0.8687 -0.0280 0.4945
vn -0.0884 0.9787 0.1853
vn -0.9292 0.0466 -0.3666
vn -0.9055 -0.0177 -0.4239
vn -0.8976 -0.0440 -0.4386
vn 0.0102 -0.0016 0.9999
vn -0.0105 0.0015 0.9999
vn 0.0086 -0.0011 1.0000
vn 0.0239 0.0855 0.9960
vn 0.0107 0.1266 0.9919
vn 0.0567 0.1320 0.9896
vn -0.9911 -0.1245 -0.0474
vn -0.9869 0.0598 -0.1500
vn -0.9937 -0.0028 -0.1119
vn -0.9948 -0.0897 -0.0486
vn 0.0272 -0.0422 0.9987
vn -0.9669 -0.0243 -0.2541
vn -0.9864 -0.1523 -0.0623
vn -0.9574 -0.0614 -0.2822
vn -0.9544 0.0555 -0.2933
vn -0.0101 0.0933 0.9956
vn -0.0156 0.0163 0.9997
vn -0.9971 0.0755 -0.0040
vn -0.9976 0.0698 0.0007
vn -0.9976 0.0662 0.0216
vn -0.9950 0.0578 0.0820
vn 0.5398 0.8417 -0.0135
vn 0.5976 0.8018 0.0020
vn 0.5408 0.8410 0.0173
vn -0.9432 -0.0021 0.3322
vn 0.8844 0.3035 0.3546
vn 0.9285 0.1640 0.3332
vn 0.9092 0.2335 0.3447
vn 0.0637 -0.0383 0.9972
vn -0.1769 -0.1430 -0.9738
vn -0.1340 -0.0174 0.9908
vn -0.0074 -0.0127 0.9999
vn 0.0012 -0.0012 1.0000
vn -0.0400 -0.0193 0.9990
vn 0.2719 0.8580 0.4357
vn -0.8092 0.5850 0.0549
vn -0.3237 0.8622 0.3897
vn 0.8698 0.4726 0.1416
vn -0.0508 -0.0733 0.9960
vn -0.0467 -0.0709 0.9964
vn -0.0586 -0.0777 0.9952
vn 0.9732 0.0015 -0.2298
vn 0.9660 -0.0173 -0.2578
vn 0.9931 -0.0240 -0.1148
vn 0.9135 -0.2929 -0.2825
vn 0.9921 0.1256 -0.0046
vn 0.9988 -0.0406 0.0256
vn 0.9955 0.0949 0.0010
vn -0.0406 -0.0674 0.9969
vn 0.9910 0.0138 -0.1334
vn 0.0199 0.7037 0.7103
vn -0.0481 0.7125 0.7001
vn 0.0072 0.7056 0.7086
vn 0.0171 -0.9967 0.0789
vn -0.0026 -0.9982 0.0607
vn -0.0056 -0.9988 0.0489
vn -0.0683 0.8014 0.5943
vn -0.0018 0.9044 0.4266
vn 0.0108 0.9153 0.4025
vn -0.0253 0.9464 0.3219
vn 0.9880 -0.1516 -0.0298
vn 0.9892 -0.1374 -0.0513
vn 0.9861 -0.1658 -0.0080
vn 0.0007 0.9325 0.3612
vn -0.0165 0.9548 0.2969
vn -0.0096 0.9809 0.1944
vn -0.0269 0.9944 0.1018
vn -0.0019 0.9988 0.0480
vn -0.7651 0.0063 0.6439
vn -0.7683 0.0071 0.6400
vn -0.7356 -0.0010 0.6774
vn 0.0547 0.0044 0.9985
vn -0.0003 0.0012 1.0000
vn 0.0186 0.0037 0.9998
vn -0.0250 0.9997 -0.0004
vn -0.0762 0.9971 0.0037
vn -0.0391 0.9992 0.0057
vn -0.7291 -0.0025 0.6844
vn -0.0215 -0.0569 0.9981
vn 0.0160 0.0062 0.9999
vn 0.7152 0.6988 0.0162
vn 0.6935 0.7203 0.0132
vn 0.6928 0.7210 0.0131
vn -0.9996 -0.0186 0.0227
vn -0.9996 0.0196 0.0223
vn -0.9996 0.0268 0.0116
vn -0.0073 0.9999 0.0099
vn -0.0133 0.9999 0.0021
vn -0.9531 -0.3026 0.0050
vn -0.8824 -0.4677 0.0503
vn -0.8894 -0.4548 0.0468
vn 0.0109 -0.0126 0.9999
vn -0.0215 -0.0569 0.9982
vn 0.0205 0.0151 0.9997
vn 0.9881 0.1534 -0.0123
vn 0.9999 0.0097 0.0118
vn 0.9998 0.0185 0.0124
vn -0.1206 0.9927 -0.0098
vn -0.1281 0.9917 -0.0108
vn 0.0536 0.9985 0.0135
vn 0.0928 -0.9957 0.0080
vn 0.1218 -0.9925 0.0147
vn 0.1192 -0.9928 0.0141
vn -0.4959 0.8684 -0.0056
vn -0.6642 0.7470 -0.0279
vn -0.6725 0.7395 -0.0290
vn -0.6098 -0.7726 0.1765
vn -0.6210 -0.7811 0.0649
vn -0.6220 -0.7811 0.0548
vn -0.9997 -0.0243 0.0105
vn 0.8134 0.5816 0.0059
vn 0.0042 0.3080 0.9514
vn 0.7698 -0.5898 0.2441
vn -0.9497 -0.3131 -0.0078
vn 0.0173 0.9998 0.0053
vn 0.0057 -0.9999 0.0160
vn 0.9349 -0.0521 0.3509
vn 0.0234 -0.6985 0.7152
vn 0.0573 -0.7534 0.6550
vn -0.0134 -0.7541 0.6566
vn 0.0293 0.9996 0.0003
vn 0.0507 0.9987 0.0019
vn 0.0735 -0.7792 0.6225
vn 0.0234 -0.6986 0.7152
vn -0.0251 -0.7783 0.6274
vn 0.0020 -0.7286 0.6849
vn 0.7014 0.0136 0.7127
vn -0.9996 -0.0247 0.0119
vn -0.9998 -0.0170 0.0114
vn -0.9962 0.0868 0.0045
vn 0.9773 0.2112 0.0189
vn 0.7280 -0.6854 0.0187
vn 0.7837 0.6212 -0.0015
vn 0.6916 0.7221 0.0162
vn 0.6971 0.7168 0.0152
vn -0.6191 -0.7805 0.0871
vn -0.9984 -0.0558 0.0104
vn 0.0787 -0.9969 0.0022
vn 0.0748 0.9972 -0.0022
vn -0.0107 -0.9993 -0.0346
vn -0.9983 0.0565 0.0112
vn -0.0147 0.9999 -0.0021
vn -0.9883 0.1516 0.0177
vn 0.0091 -1.0000 -0.0006
vn -0.0064 -1.0000 -0.0009
vn 0.0047 -1.0000 -0.0009
vn 0.8163 0.5777 0.0055
vn 0.9986 0.0499 0.0152
vn 0.9987 -0.0322 0.0384
vn 0.9989 -0.0410 0.0217
vn -0.1205 0.9927 -0.0098
vn 0.0537 0.9985 0.0135
vn 0.0600 0.9981 0.0143
vn -0.6041 0.7967 0.0177
vn -0.6009 0.7991 0.0171
vn -0.5409 0.8411 0.0055
vn -0.4854 0.8743 -0.0043
vn -0.0216 0.9998 -0.0002
vn 0.9985 0.0351 0.0409
vn 0.5839 0.8115 -0.0235
vn 0.5790 0.8150 -0.0223
vn 0.5047 0.8633 -0.0043
vn 0.7876 0.6162 -0.0030
vn 0.7837 0.6211 -0.0015
vn 0.6972 0.7167 0.0152
vn 0.9946 0.1028 -0.0152
vn -0.9484 -0.3170 -0.0096
vn -0.5546 0.8321 0.0014
vn 0.0030 -1.0000 -0.0000
vn 0.0017 -1.0000 -0.0022
vn -0.0187 -0.9998 -0.0006
vn -0.0110 -0.9999 -0.0002
vn -0.2974 0.9547 0.0033
vn -0.9960 0.0887 0.0043
vn 0.7132 -0.7010 0.0034
vn 0.7300 -0.6835 0.0004
vn 0.7309 -0.6825 0.0003
vn 0.9893 0.1448 -0.0201
vn 0.4508 -0.8925 -0.0170
vn 0.9981 0.0615 -0.0040
vn -0.9147 0.4027 0.0349
vn -0.9385 0.3444 -0.0233
vn -0.9227 0.3851 0.0170
vn 0.5615 0.7990 -0.2155
vn 0.8886 0.4186 -0.1877
vn 0.8844 -0.4565 0.0975
vn 0.8730 -0.4714 0.1248
vn 0.9003 -0.4319 0.0544
vn 0.9075 -0.4189 0.0322
vn -0.0047 1.0000 0.0050
vn 0.8815 -0.4720 -0.0090
vn -0.0066 -1.0000 0.0004
vn -0.9300 -0.3505 -0.1102
vn -0.9494 -0.3035 -0.0809
vn -0.9341 -0.3414 -0.1045
vn -0.9817 -0.1469 0.1210
vn -0.9533 -0.2928 -0.0743
vn 0.0166 0.9999 -0.0002
vn -0.6340 -0.7640 0.1196
vn 0.9987 0.0512 -0.0048
vn 0.9992 -0.0390 0.0039
vn 0.0786 -0.9969 0.0022
vn -0.0253 -0.9989 -0.0405
vn -0.0108 -0.9993 -0.0346
vn 0.7874 0.6165 -0.0044
vn -0.9960 0.0705 0.0556
vn 0.0379 0.9993 -0.0003
vn 0.5047 0.8633 -0.0042
vn 0.5790 0.8151 -0.0223
vn 0.5006 0.8657 -0.0033
vn 0.9611 0.2760 -0.0004
vn 0.9585 0.2808 0.0502
vn 0.9609 0.2767 0.0059
vn 0.9933 -0.1097 0.0376
vn -0.0180 0.9995 0.0252
vn -0.5064 0.8623 -0.0038
vn 0.7766 -0.6246 0.0822
vn 0.9615 0.2714 -0.0443
vn -0.9386 0.3444 -0.0233
vn -0.9443 0.3265 -0.0406
vn -0.0050 -1.0000 0.0006
vn -0.0503 0.9525 0.3004
vn -0.8861 0.4621 0.0370
vn -0.9301 0.3552 0.0932
vn -0.9147 0.3977 0.0714
vn -0.9904 -0.0600 0.1247
vn -0.8189 -0.5726 0.0396
vn -0.6800 0.2862 0.6751
vn 0.9990 0.0433 0.0053
vn -0.9925 0.0118 0.1216
vn -0.1437 0.9718 0.1871
vn -0.8587 0.2932 0.4202
vn -0.9012 0.1684 0.3992
vn -0.8888 0.2105 0.4070
vn 0.0863 0.9962 0.0077
vn -0.0509 0.9287 0.3674
vn 0.9986 -0.0392 -0.0354
vn 0.0055 1.0000 0.0017
vn -0.7031 0.6733 -0.2285
vn 0.0029 -0.9992 0.0393
vn 0.0058 -0.9995 0.0326
vn -0.0072 -0.9982 -0.0602
vn 0.9247 0.0226 0.3799
vn 0.8400 0.0561 0.5397
vn 0.8507 0.0442 0.5238
vn 0.0401 0.9088 0.4154
vn -0.0601 0.7137 0.6979
vn -0.0290 -0.9987 -0.0412
vn 0.0013 -1.0000 0.0008
vn 0.9779 0.1891 0.0891
vn 0.0197 -0.9994 -0.0279
vn 0.0211 0.8839 0.4672
vn -0.9493 0.3139 -0.0157
vn -0.9476 0.3170 -0.0388
vn -0.9491 0.3143 -0.0189
vn -0.8701 0.4925 0.0200
vn 0.9248 0.0226 0.3798
vn 0.8508 0.0442 0.5237
vn 0.9376 0.0297 0.3463
vn 0.9838 -0.1788 0.0121
vn 0.0156 0.9533 0.3017
vn 0.9330 -0.3598 -0.0007
vn -0.8382 0.3400 0.4264
vn 0.0094 0.9923 0.1236
vn -0.9502 0.3115 0.0016
vn 0.4127 0.9109 0.0005
vn 0.0348 0.9994 0.0039
vn -0.3044 0.9524 0.0161
vn -0.9937 0.1119 0.0030
vn -0.9989 0.0420 -0.0187
vn -0.9975 0.0435 -0.0558
vn 0.8314 0.1196 0.5426
vn -0.0500 0.9285 0.3679
vn -0.5673 0.7731 0.2837
vn -0.6429 0.7247 0.2481
vn -0.5234 0.7438 0.4157
vn -0.0003 -0.9975 0.0710
vn -0.0127 -0.9993 0.0352
vn 0.9990 0.0440 0.0120
vn -0.7271 -0.6298 0.2731
vn -0.9978 -0.0267 -0.0613
vn 0.9964 0.0235 -0.0813
vn 0.9958 0.0062 -0.0909
vn 0.9996 -0.0272 -0.0079
vn 0.9935 0.0109 -0.1133
vn -0.9876 0.0169 0.1563
vn -0.6862 0.6728 -0.2767
vn 0.6023 0.7731 0.1988
vn 0.0487 -0.9986 0.0180
vn 0.0266 0.9176 0.3967
vn 0.8007 0.5991 -0.0013
vn -0.1460 0.8922 -0.4274
vn -0.5766 0.6201 0.5320
vn -0.4791 0.7726 0.4166
vn -0.9808 0.1749 0.0866
vn -0.9991 -0.0270 -0.0322
vn 0.9953 -0.0905 0.0345
vn 0.9826 0.1852 0.0153
vn 0.9987 0.0513 -0.0049
vn 0.8620 0.4500 0.2331
vn -0.6080 0.5776 0.5448
vn -0.5235 0.7437 0.4157
vn 0.9975 -0.0702 0.0090
vn -0.2839 0.9587 0.0180
vn 0.0073 -0.9997 -0.0227
vn -0.0105 0.9974 0.0711
vn 0.1109 0.9748 0.1934
vn 0.0941 0.9780 0.1863
vn 0.1515 0.9658 0.2105
vn 0.9802 0.1971 0.0170
vn 0.0936 0.9278 0.3612
vn 0.1531 0.9518 0.2659
vn -0.0470 0.8856 0.4621
vn 0.9966 -0.0484 0.0669
vn -0.9797 0.0645 0.1898
vn -0.9332 0.0728 0.3518
vn -0.9581 -0.0078 0.2862
vn -0.9823 -0.1812 -0.0474
vn 0.9585 0.0690 -0.2768
vn 0.9980 -0.0609 0.0152
vn 0.0055 1.0000 0.0016
vn -0.0654 0.9939 -0.0890
vn 0.0210 -0.9987 0.0474
vn 0.0357 0.9114 0.4099
vn 0.0918 -0.9929 0.0753
vn 0.9536 0.2987 0.0385
vn -0.9875 0.0170 0.1564
vn 0.8356 0.0482 0.5473
vn 0.1664 0.9620 0.2167
vn -0.9709 -0.0616 0.2314
vn -0.0026 -1.0000 -0.0037
vn 0.9567 0.0737 -0.2814
vn 0.6307 -0.7760 0.0024
vn 0.6288 -0.7775 -0.0000
vn 0.6316 -0.7753 0.0037
vn 0.4735 -0.8807 -0.0112
vn 0.5936 -0.8037 -0.0423
vn 0.5970 -0.8011 -0.0432
vn -0.0919 -0.9899 0.1079
vn -0.0577 -0.9941 0.0921
vn -0.0029 -0.9990 -0.0457
vn -0.0170 -0.9963 0.0842
vn 0.1615 -0.0022 0.9869
vn 0.2354 -0.0005 0.9719
vn 0.1633 -0.0070 0.9866
vn 0.4728 -0.8811 -0.0112
vn 0.4274 -0.9041 -0.0000
vn 0.5929 -0.8042 -0.0423
vn -0.6841 0.7262 0.0676
vn 0.6322 -0.7748 0.0025
vn 0.6331 -0.7741 0.0038
vn 0.0887 -0.9952 0.0409
vn 0.1475 0.9246 0.3511
vn 0.9999 0.0067 0.0093
vn 0.9931 -0.0014 0.1177
vn 0.9902 -0.0015 0.1394
vn 0.1160 0.1077 0.9874
vn 0.1120 0.0895 0.9897
vn 0.1107 0.0833 0.9904
vn 0.2499 0.0138 0.9682
vn 0.8667 0.4269 -0.2579
vn 1.0000 0.0002 0.0039
vn -0.0173 -0.2277 0.9736
vn -0.0388 -0.1307 0.9907
vn -0.0492 -0.0428 0.9979
vn 0.5987 0.7876 0.1457
vn 0.4541 0.8705 0.1895
vn -0.0026 -1.0000 -0.0065
vn 0.0401 0.9039 0.4259
vn 0.0275 0.8720 0.4886
vn 0.0350 0.8916 0.4514
vn 0.0254 0.8662 0.4991
vn 0.9022 0.0093 -0.4313
vn 0.9702 0.0200 -0.2415
vn 0.9540 0.0026 -0.2997
vn -0.5985 -0.8003 0.0377
vn -0.0347 -0.0173 0.9992
vn -0.7395 -0.0547 -0.6709
vn -0.0439 -0.8299 0.5561
vn 0.9963 -0.0162 -0.0846
vn -0.5848 0.0983 0.8052
vn 0.0157 0.4911 -0.8710
vn -0.9773 0.1180 0.1760
vn -0.9356 0.2312 0.2669
vn -0.9602 0.1723 0.2198
vn 0.0857 -0.1218 0.9889
vn 0.0526 -0.1111 0.9924
vn 0.9729 0.0309 -0.2292
vn -0.9985 0.0359 0.0417
vn 0.3604 0.9044 0.2286
vn 0.8054 0.1391 0.5762
vn 0.7679 -0.6356 0.0802
vn 0.8367 0.1405 0.5293
vn 0.4651 0.8741 -0.1404
vn 0.3212 -0.2662 -0.9088
vn -0.1722 -0.0773 0.9820
vn 0.0180 0.6546 0.7558
vn -0.0532 -0.0080 0.9986
vn -0.1837 0.0660 0.9808
vn -0.2250 0.0821 0.9709
vn -0.0919 -0.6017 0.7934
vn 0.8972 -0.3688 -0.2427
vn 0.8802 0.0295 -0.4737
vn 0.6222 -0.3306 -0.7096
vn -0.9651 0.0476 -0.2576
vn -0.9523 0.0674 -0.2977
vn -0.9718 0.0356 -0.2331
vn -0.9917 0.0484 0.1192
vn -0.2023 -0.0075 0.9793
vn -0.9571 -0.0800 -0.2787
vn 0.1386 -0.0674 0.9881
vn -0.9122 0.3333 0.2385
vn -0.8475 0.0859 0.5238
vn -0.9769 0.0253 -0.2120
vn -0.8240 0.3839 -0.4167
vn 0.0328 -0.9848 0.1704
vn -0.9860 -0.1247 -0.1110
vn -0.9265 -0.3244 -0.1906
vn -0.9448 -0.2755 -0.1775
vn 0.2210 0.9520 0.2117
vn -0.8202 -0.1648 0.5478
vn -0.7964 -0.1815 0.5769
vn -0.8697 -0.1254 0.4773
vn 0.6294 0.0205 -0.7768
vn 0.8611 -0.0263 -0.5078
vn 0.4014 -0.1066 -0.9097
vn 0.6793 0.5068 0.5308
vn 0.6052 0.4316 0.6689
vn 0.6256 0.4519 0.6359
vn 0.1168 0.1116 0.9869
vn -0.9464 -0.0161 0.3225
vn -0.0582 -0.1011 0.9932
vn -0.5256 0.8451 0.0976
vn -0.8924 0.4488 -0.0471
vn 0.9285 0.3709 -0.0199
vn 0.7462 -0.1486 0.6490
vn -0.4334 -0.7210 0.5407
vn 0.0062 -0.9999 -0.0138
vn -0.0101 -0.9954 0.0956
vn 0.9973 0.0695 0.0226
vn 0.9952 0.0820 0.0538
vn 0.9798 0.1592 0.1208
vn 0.2316 -0.0200 0.9726
vn 0.8347 0.0006 -0.5507
vn 0.9417 0.1004 0.3212
vn -0.2362 0.7264 0.6454
vn -0.0160 0.7185 0.6954
vn -0.1779 0.7480 0.6394
vn 0.9952 0.0820 0.0537
vn 0.9990 0.0431 0.0112
vn -0.1341 -0.0174 0.9908
vn -0.2219 -0.0007 0.9751
vn -0.0075 -0.0127 0.9999
vn 0.9831 0.0029 0.1829
vn 0.9922 0.0384 0.1182
vn 0.9901 0.0278 0.1376
vn 0.8607 -0.0374 -0.5078
vn 0.7709 -0.5585 -0.3063
vn -0.8861 -0.1105 0.4501
vn -0.8698 -0.1254 0.4773
vn 0.7177 -0.0385 -0.6953
vn 0.6935 0.5220 0.4965
vn 0.6603 -0.1694 0.7317
vn -0.1088 -0.0504 0.9928
vn -0.8672 -0.4382 -0.2364
vn -0.0090 0.9038 0.4279
vn 0.9975 0.0701 0.0105
vn 0.0382 -0.9981 -0.0476
vn 0.0270 -0.9996 -0.0070
vn 0.0448 -0.9987 -0.0243
vn -0.0009 -1.0000 -0.0086
vn -0.7064 -0.3993 -0.5844
vn 0.6390 0.1486 0.7547
vn 0.5459 0.6637 0.5113
vn -0.0159 0.7185 0.6954
vn -0.2361 0.7264 0.6454
vn -0.0029 0.7200 0.6939
vn 0.3630 0.9086 0.2067
vn 0.9130 0.0573 0.4040
vn 0.8591 -0.0013 0.5118
vn 0.8726 0.0119 0.4883
vn -0.9967 -0.0168 0.0791
vn -0.8063 -0.0787 0.5863
vn -0.7505 0.5556 0.3579
vn -0.6798 -0.7083 0.1903
vn -0.7053 -0.6857 0.1796
vn 0.9851 0.0822 0.1508
vn 0.7357 0.0082 0.6773
vn 0.5268 0.1489 0.8369
vn -0.1112 -0.0292 0.9934
vn 0.8726 0.0119 0.4882
vn 0.9258 0.0744 0.3707
vn 0.8713 0.4854 -0.0720
vn 0.8924 0.4446 -0.0774
vn 0.9052 0.4173 -0.0809
vn -0.0024 -1.0000 -0.0097
vn 0.9935 0.0106 0.1134
vn 0.9576 0.0146 0.2877
vn -0.0009 -1.0000 -0.0085
vn 0.0016 -1.0000 -0.0022
vn -0.0000 -1.0000 -0.0063
vn 0.8970 -0.0372 0.4404
vn 0.7780 0.5185 -0.3547
vn -0.6036 0.0366 0.7964
vn 0.9163 0.3916 -0.0841
vn -0.9946 0.0133 -0.1025
vn -0.4524 0.0351 0.8911
vn -0.5079 0.0762 0.8581
vn -0.5412 0.1018 0.8347
vn -0.0320 -0.9994 0.0134
vn -0.0062 -0.9999 0.0095
vn -0.4702 0.7289 0.4976
vn 0.0340 0.0647 0.9973
vn -0.0222 0.0240 0.9995
vn -0.0244 0.1489 0.9885
vn -0.0352 0.0718 0.9968
vn -0.4161 0.0091 0.9093
vn 0.7229 -0.0445 -0.6895
vn -0.9992 -0.0249 -0.0304
vn -0.9860 -0.1246 -0.1110
vn -0.9992 0.0006 -0.0388
vn 0.5665 0.0072 0.8240
vn 1.0000 0.0075 0.0064
vn 0.9981 0.0087 0.0616
vn 0.9996 0.0018 0.0268
vn 0.9945 0.0351 0.0992
vn 0.6181 0.3582 0.6997
vn -0.9990 -0.0384 -0.0236
vn -0.2631 0.7524 0.6039
vn 0.7448 0.0476 -0.6656
vn -0.4383 0.1538 -0.8856
vn 0.9970 0.0187 0.0751
vn 0.9947 -0.0259 0.0992
vn -0.0168 0.0174 0.9997
vn 0.6218 -0.0156 -0.7830
vn -0.7354 -0.4932 -0.4647
vn 0.9981 0.0087 0.0617
vn 0.9944 0.0351 0.0992
vn 0.9910 0.0530 0.1231
vn 0.9736 0.2226 -0.0502
vn 0.6570 -0.0496 0.7522
vn -0.0106 -0.6301 0.7765
vn -0.7255 0.3727 0.5786
vn -0.7506 0.3660 0.5501
vn -0.7435 0.3680 0.5583
vn 0.3564 -0.9331 -0.0486
vn -0.8108 0.0037 0.5854
vn 0.0529 0.0452 0.9976
vn 0.0184 0.0400 0.9990
vn 0.0119 0.0433 0.9990
vn -0.9448 -0.2754 -0.1775
vn -0.3627 0.7138 0.5992
vn -0.7681 0.3608 0.5290
vn 0.5584 0.0968 -0.8239
vn 0.7893 0.0049 -0.6140
vn 0.9043 0.1826 -0.3858
vn -0.3936 0.2588 0.8821
vn -0.9207 0.3429 0.1863
vn 0.8301 -0.0024 -0.5576
vn -0.0024 -0.9999 -0.0097
vn -0.0245 0.1489 0.9886
vn 0.5266 0.5028 -0.6855
vn -0.9360 -0.3515 -0.0217
vn 0.0593 -0.9981 0.0150
vn -0.9536 -0.2587 0.1539
vn 0.0929 0.0544 0.9942
vn 0.9798 -0.0064 0.1997
vn -0.9952 -0.0636 0.0740
vn -0.6521 0.0880 0.7530
vn -0.6519 0.0891 0.7531
vn -0.6532 0.0827 0.7526
vn 0.3558 0.9059 0.2298
vn 0.3464 0.9185 0.1905
vn 0.3592 0.9006 0.2449
vn 0.0009 -0.2253 0.9743
vn -0.2141 0.7993 0.5615
vn 0.4012 -0.2778 -0.8728
vn -0.3523 0.0731 0.9330
vn 0.1813 0.0317 0.9829
vn 0.3028 0.0112 0.9530
vn 0.0877 -0.9959 0.0238
vn -0.6505 0.0953 0.7535
vn -0.6518 0.0892 0.7531
vn -0.9999 0.0141 -0.0093
vn -0.0307 0.0054 0.9995
vn 0.9997 0.0024 0.0236
vn 0.3051 0.0784 0.9491
vn 0.3448 0.0043 0.9387
vn 0.2778 0.0988 0.9555
vn 0.3098 0.0488 0.9496
vn 0.9326 0.1567 0.3250
vn 0.7912 0.4066 0.4567
vn 0.8009 -0.5855 0.1255
vn 0.8170 -0.5649 0.1152
vn -0.9206 0.2131 -0.3272
vn -0.0498 0.0158 0.9986
vn 0.1280 0.0703 0.9893
vn 0.1496 0.0785 0.9856
vn -0.0342 0.0082 0.9994
vn -0.9878 0.0081 0.1555
vn 0.3558 0.9059 0.2299
vn 0.3592 0.9005 0.2449
vn 0.3680 0.8851 0.2849
vn -0.9998 0.0171 0.0129
vn 0.1405 0.0952 0.9855
vn 0.6801 0.5889 0.4367
vn -0.8313 0.5335 0.1557
vn 0.4463 0.8938 -0.0443
vn 0.8301 0.5546 0.0577
vn 0.8325 0.5500 0.0669
vn 0.8314 0.5521 0.0627
vn 0.1799 -0.0028 0.9837
vn 0.7325 0.5501 -0.4011
vn 0.8881 0.4521 -0.0835
vn -0.0448 -0.9964 0.0725
vn -0.0215 -0.9991 0.0353
vn -0.0397 -0.9978 0.0535
vn -0.0107 -0.9999 0.0012
vn 0.4188 -0.0501 0.9067
vn 0.2936 0.0250 0.9556
vn 0.3623 -0.0168 0.9319
vn 0.7996 -0.6005 -0.0041
vn 0.9778 0.1666 -0.1269
vn 0.9990 0.0388 0.0220
vn 0.9978 0.0661 -0.0010
vn 0.9980 0.0625 0.0021
vn 0.9955 0.0924 -0.0231
vn 0.9860 -0.1284 -0.1063
vn 0.9989 -0.0378 -0.0269
vn 0.9984 -0.0396 -0.0413
vn 0.7640 0.4274 -0.4834
vn 1.0000 0.0089 -0.0009
vn 0.9994 0.0356 0.0031
vn 0.9990 0.0450 -0.0003
vn 0.7070 0.7069 -0.0210
vn 0.9993 -0.0367 0.0090
vn 0.9472 0.1252 0.2953
vn 0.4849 0.8724 0.0620
vn 0.8347 0.0019 -0.5507
vn 0.8125 -0.0042 -0.5830
vn 0.8289 0.0003 -0.5594
vn 0.8095 -0.0050 -0.5871
vn 0.4765 -0.8792 -0.0002
vn 0.7222 -0.6862 0.0868
vn 0.0295 0.7529 0.6574
vn 0.5432 -0.0817 0.8356
vn -0.1769 -0.9842 0.0084
vn 0.7241 0.6897 0.0062
vn 0.6037 0.0256 0.7968
vn 0.2909 0.0112 0.9567
vn 0.4277 0.8810 -0.2024
vn 0.2285 0.9157 0.3305
vn 0.1265 0.9593 0.2523
vn 0.1546 0.9492 0.2741
vn -0.2601 -0.6428 0.7205
vn 0.9980 0.0626 -0.0002
vn 0.9985 0.0539 -0.0011
vn 0.9986 0.0528 0.0054
vn 0.1348 -0.9865 0.0927
vn 0.2043 -0.9776 0.0509
vn 0.1855 -0.9807 0.0624
vn 0.9997 -0.0177 0.0181
vn 0.9997 -0.0175 0.0179
vn 0.9998 -0.0154 0.0161
vn 0.9996 -0.0196 0.0197
vn 0.0582 0.9784 0.1983
vn 0.9989 0.0398 0.0257
vn 0.9976 0.0678 0.0171
vn 1.0000 -0.0075 0.0026
vn 0.5962 -0.0417 -0.8017
vn 0.5761 -0.0328 -0.8167
vn 0.5188 -0.0081 -0.8548
vn 0.3835 -0.9235 -0.0114
vn 0.3847 -0.9230 -0.0103
vn 0.3862 -0.9224 -0.0089
vn 0.5188 -0.0080 -0.8549
vn 0.5761 -0.0327 -0.8167
vn 0.4878 0.0049 -0.8729
vn -0.2631 0.9642 0.0326
vn 0.9873 0.1546 0.0370
vn 0.1723 -0.6646 -0.7271
vn 0.3848 -0.9230 -0.0103
vn 0.3874 -0.9219 -0.0078
vn 0.0239 0.1924 -0.9810
vn 0.9953 0.0954 -0.0165
vn 0.1697 0.6000 -0.7818
vn 0.2143 0.6135 -0.7601
vn 0.1874 0.6055 -0.7734
vn 0.9987 0.0507 0.0062
vn 0.1526 0.9877 -0.0331
vn 0.0538 -0.1961 0.9791
vn 0.2755 -0.3447 -0.8974
vn 0.9768 -0.2123 -0.0273
vn 0.9975 -0.0597 -0.0367
vn 0.9929 -0.1102 -0.0442
vn 0.9985 0.0538 -0.0012
vn 0.9993 0.0295 0.0210
vn 0.9991 0.0144 0.0404
vn 0.7549 -0.5759 -0.3139
vn 0.1392 0.3353 0.9318
vn 0.9998 -0.0074 0.0195
vn 0.9989 0.0397 0.0258
vn 0.1340 0.5882 -0.7975
vn -0.1013 -0.0129 0.9948
vn 0.3827 -0.0567 -0.9221
vn 0.2410 -0.9689 0.0570
vn 0.0078 -1.0000 -0.0057
vn 0.0567 -0.9984 -0.0062
vn 0.5983 -0.2757 0.7523
vn 0.6385 -0.1768 0.7490
vn 0.6456 -0.1571 0.7474
vn 0.9995 0.0300 -0.0096
vn 0.9876 0.1535 -0.0327
vn 0.5133 0.4127 0.7525
vn 0.2625 -0.9648 0.0150
vn 0.9930 -0.1163 -0.0181
vn -0.0052 -1.0000 0.0058
vn 0.9426 -0.1259 -0.3092
vn 0.9287 -0.0615 -0.3657
vn 0.9168 -0.0117 -0.3992
vn 0.9686 0.2395 0.0675
vn 0.9691 -0.1927 -0.1542
vn 0.9406 0.0053 0.3395
vn 0.9410 -0.3235 -0.0993
vn 0.9991 -0.0362 -0.0238
vn 0.9768 -0.2122 -0.0273
vn 0.6763 -0.0587 0.7343
vn 0.7090 0.7028 0.0585
vn 0.8066 0.5909 0.0178
vn 0.8025 0.5963 -0.0226
vn 0.9971 -0.0760 0.0002
vn 0.8459 -0.5334 0.0021
vn 0.8208 -0.5712 -0.0051
vn 0.8482 -0.5297 0.0028
vn 0.8161 -0.5779 -0.0064
vn 0.8208 -0.5713 -0.0051
vn 0.8459 -0.5333 0.0021
vn -0.3715 0.9163 -0.1493
vn 0.8204 0.5708 -0.0328
vn 0.9092 0.4164 0.0058
vn 0.7984 0.6021 -0.0079
vn 0.8432 0.5372 -0.0226
vn 0.8204 0.5687 -0.0597
vn 0.9119 0.4105 -0.0047
vn 0.8911 0.1446 -0.4302
vn 0.9210 0.1144 -0.3723
vn 0.9316 0.1005 -0.3494
vn 0.4206 -0.0210 0.9070
vn 0.5393 0.8411 -0.0411
vn 0.5670 0.8182 0.0951
vn 0.6157 0.7758 0.1378
vn 0.9986 -0.0432 -0.0315
vn 0.5541 0.1697 -0.8150
vn -0.0071 -0.9999 0.0109
vn -0.0062 -0.9999 0.0094
vn 0.9998 -0.0132 -0.0166
vn 0.8389 -0.5442 0.0107
vn 0.7713 -0.6364 -0.0073
vn 0.7877 -0.6161 -0.0032
vn 0.8266 0.0102 0.5627
vn 0.6704 0.7417 -0.0190
vn 0.7002 0.7086 0.0875
vn 0.7112 0.6988 0.0763
vn 0.0566 -0.9984 -0.0062
vn 0.0077 -1.0000 -0.0057
vn -0.0098 -0.9940 -0.1092
vn 0.8374 0.0830 -0.5403
vn 0.2378 0.9709 0.0295
vn 0.2365 0.9712 0.0294
vn 0.2364 0.9712 0.0294
vn 0.9456 -0.3247 -0.0186
vn 0.9930 -0.1164 -0.0181
vn 0.6350 0.1212 0.7629
vn 0.4789 0.0060 0.8779
vn -0.0048 0.1604 0.9870
vn 0.0232 0.1273 0.9916
vn -0.0222 0.1104 0.9936
vn 0.9168 -0.0117 -0.3993
vn 0.9155 0.0538 -0.3988
vn 0.9825 0.1861 0.0131
vn 0.9951 0.0983 -0.0035
vn 0.9939 0.1107 -0.0012
vn 0.8099 -0.0934 -0.5791
vn 0.2704 0.0614 0.9608
vn 0.9874 -0.1011 -0.1214
vn 0.6918 0.2265 -0.6856
vn 0.6977 0.2310 -0.6782
vn 0.6868 0.2227 -0.6919
vn -0.0767 -0.4899 0.8684
vn -0.0682 0.0795 0.9945
vn -0.1338 0.0297 0.9906
vn 0.2885 0.9570 -0.0314
vn 0.6816 0.2188 -0.6983
vn 0.3104 0.2667 0.9124
vn 0.2848 0.2946 0.9122
vn 0.3312 0.2435 0.9116
vn -0.0293 -0.9976 -0.0630
vn 0.9187 0.0565 -0.3909
vn 0.9316 0.1004 -0.3494
vn 0.9559 0.0734 -0.2843
vn 0.2846 0.0667 0.9563
vn 0.3492 0.2229 0.9102
vn 0.8468 -0.4024 -0.3479
vn 0.3303 0.9439 0.0017
vn 0.3341 0.9425 -0.0016
vn 0.3361 0.9418 -0.0033
vn 0.7172 -0.0034 -0.6968
vn 0.7327 0.0099 -0.6805
vn 0.6672 -0.0437 -0.7436
vn -0.0039 -0.9820 -0.1889
vn -0.0003 -0.9826 -0.1859
vn 0.8437 -0.5368 0.0121
vn 0.8123 0.5737 -0.1054
vn 0.3391 0.9407 -0.0060
vn 0.6457 -0.0599 -0.7612
vn 0.0821 0.9834 0.1620
vn 0.9878 0.0913 0.1261
vn 0.9706 0.1277 0.2042
vn 0.9578 0.1474 0.2469
vn 0.0789 -0.5212 -0.8498
vn 0.6385 0.4898 0.5936
vn 0.5813 0.5695 0.5812
vn 0.6300 0.5026 0.5920
vn 0.2379 0.9708 0.0295
vn -0.1562 0.9792 0.1292
vn -0.1119 0.1306 0.9851
vn 0.1038 -0.0176 0.9944
vn 0.7132 0.6981 -0.0637
vn -0.0312 -0.9995 -0.0077
vn -0.0492 0.1471 0.9879
vn 0.9242 0.3785 0.0515
vn 0.9092 0.4164 0.0059
vn 0.9119 0.4104 -0.0047
vn 0.6573 0.7348 0.1673
vn 0.7805 0.6251 0.0008
vn 0.8008 0.5977 -0.0373
vn 0.4656 0.0661 -0.8825
vn 0.4619 0.0428 -0.8859
vn 0.4651 0.0632 -0.8830
vn 0.9211 0.1144 -0.3722
vn 0.9565 0.0731 -0.2824
vn 0.5220 0.0346 0.8522
vn 0.4290 0.0110 0.9032
vn 0.5769 0.0492 0.8153
vn 0.5068 0.8620 -0.0084
vn 0.6704 0.7418 -0.0190
vn 0.5355 0.8445 0.0046
vn -0.0255 0.1178 0.9927
vn 0.9794 0.2015 0.0160
vn 0.4983 0.5793 -0.6451
vn 0.5798 0.7752 -0.2509
vn 0.5771 0.7476 -0.3286
vn 0.5772 0.8038 -0.1440
vn 0.8009 0.5977 -0.0373
vn -0.0098 0.9109 0.4126
vn 0.8329 0.5530 -0.0236
vn -0.2916 -0.1906 0.9374
vn -0.1254 -0.1209 0.9847
vn -0.0959 -0.1083 0.9895
vn 0.9994 0.0203 -0.0279
vn 0.8123 0.5736 -0.1055
vn 0.8020 0.5537 -0.2239
vn 0.5109 0.0062 -0.8596
vn 0.5305 0.0035 -0.8477
vn 0.5676 -0.0017 -0.8233
vn 0.0411 -0.9984 0.0382
vn -0.9953 -0.0681 0.0693
vn -0.9943 -0.0913 0.0549
vn -0.9955 -0.0544 0.0777
vn -0.3410 0.9300 -0.1374
vn -0.0509 0.0266 0.9984
vn -0.0494 0.0024 0.9988
vn 0.9874 -0.0976 0.1249
vn 0.9974 -0.0400 0.0605
vn 0.9998 0.0206 -0.0004
vn -0.3312 -0.9435 -0.0076
vn -0.2207 -0.9753 0.0009
vn 0.9991 0.0219 -0.0351
vn 0.5756 0.8131 -0.0874
vn 0.5942 0.7047 -0.3876
vn 0.5306 0.0035 -0.8476
vn 0.5804 -0.0035 -0.8143
vn 0.5677 -0.0017 -0.8232
vn -0.1928 0.6928 -0.6949
vn 0.0043 0.9809 0.1946
vn -0.1701 -0.8498 -0.4989
vn 0.9865 -0.0176 0.1626
vn 0.9911 0.0092 0.1329
vn 0.9700 -0.0791 0.2300
vn -0.9954 -0.0348 0.0898
vn -0.4094 0.0420 0.9114
vn -0.3216 -0.2029 0.9249
vn -0.1255 -0.1209 0.9847
vn -0.2917 -0.1906 0.9373
vn 0.9933 0.0740 0.0890
vn 0.7679 0.5788 0.2744
vn 0.1507 -0.0306 -0.9881
vn 0.2178 0.9760 -0.0014
vn 0.2253 0.9743 0.0013
vn 0.2283 0.9736 0.0024
vn 0.3624 -0.0053 0.9320
vn 0.4290 0.0110 0.9033
vn 0.5220 0.0346 0.8523
vn 0.6196 0.7834 -0.0476
vn 0.6197 0.7834 -0.0477
vn 0.9954 0.0688 0.0659
vn -0.9878 0.1547 0.0192
vn -0.9230 -0.0564 -0.3807
vn 0.0008 -1.0000 -0.0015
vn -0.0159 -0.9985 0.0520
vn -0.0006 -0.9999 0.0108
vn 0.0981 0.0392 0.9944
vn -0.8433 -0.5228 0.1250
vn -0.0102 -0.9998 0.0172
vn 0.6515 0.7582 -0.0245
vn 0.6716 0.7368 -0.0778
vn 0.6110 0.7887 0.0681
vn -0.4000 0.1660 -0.9013
vn 0.0172 0.1965 -0.9803
vn -0.8666 0.0258 0.4984
vn 0.1122 0.0727 0.9910
vn 0.2153 0.9766 -0.0023
vn 0.6813 0.4201 0.5994
vn 0.9999 0.0163 -0.0002
vn 0.9916 -0.0202 -0.1277
vn 0.9993 0.0061 -0.0358
vn -0.7360 0.6319 -0.2429
vn 0.1824 0.3998 -0.8982
vn -0.9472 -0.2942 -0.1271
vn -0.2287 0.9735 -0.0017
vn -0.0215 0.0022 0.9998
vn -0.0470 -0.1863 0.9814
vn 0.7954 0.5718 -0.2008
vn 0.5799 0.8122 -0.0632
vn 0.9698 -0.1942 -0.1474
vn -0.3493 0.0399 -0.9362
vn -0.3612 0.0673 -0.9301
vn -0.3516 0.0773 -0.9330
vn 0.0162 0.7075 0.7065
vn -0.1575 -0.0972 0.9827
vn 0.2950 0.1080 0.9494
vn 0.3051 0.2026 -0.9305
vn 0.1357 0.1014 -0.9855
vn 0.1820 -0.1867 -0.9654
vn 0.1834 -0.1798 -0.9664
vn 0.1851 -0.1719 -0.9676
vn -0.0159 -0.0114 0.9998
vn 0.8493 0.5122 0.1281
vn 0.8638 0.4966 0.0854
vn 0.8533 0.5082 0.1170
vn 0.5744 0.8121 -0.1034
vn 0.9872 -0.0287 -0.1570
vn 0.0005 0.9938 0.1116
vn -0.0020 0.9901 0.1406
vn -0.0022 0.9896 0.1437
vn 0.8289 0.5569 0.0529
vn 0.9982 0.0157 -0.0578
vn 0.9980 0.0562 -0.0301
vn 0.9444 -0.3289 0.0039
vn 0.4694 0.0926 -0.8781
vn 0.7670 0.5761 -0.2824
vn 0.4552 -0.8784 0.1457
vn 0.1558 0.2280 0.9611
vn 0.6325 0.7720 -0.0628
vn 0.6296 0.7753 0.0500
vn 0.5855 0.8021 -0.1177
vn 0.1864 -0.1656 -0.9684
vn -0.9759 0.1847 -0.1161
vn 0.2633 0.1783 0.9481
vn 0.2224 0.1834 0.9576
vn 0.2029 0.2042 0.9577
vn 0.5753 0.8061 0.1388
vn 0.8708 0.4860 -0.0744
vn 0.9009 0.4249 0.0881
vn 0.8952 0.4436 0.0421
vn 0.9990 0.0069 0.0433
vn 0.9991 0.0071 0.0425
vn 0.9991 0.0077 0.0409
vn 0.9816 0.1540 0.1125
vn 0.9845 0.1756 -0.0002
vn 0.9849 0.1675 0.0432
vn 0.6957 -0.7183 0.0031
vn 0.6970 -0.7171 0.0029
vn 0.6921 -0.7218 0.0036
vn 0.8580 0.4999 -0.1177
vn 0.7764 0.5701 0.2687
vn 0.8069 0.3273 0.4917
vn 0.5191 0.3244 -0.7907
vn 0.0007 0.9939 0.1099
vn -0.0365 0.5673 -0.8227
vn 0.5799 0.8123 -0.0632
vn 0.5397 0.8417 -0.0135
vn 0.4604 0.8877 0.0002
vn 0.9992 0.0081 0.0398
vn 0.9991 0.0078 0.0407
vn 0.9991 0.0072 0.0425
vn 0.5587 -0.8164 -0.1465
vn 0.9845 0.1755 -0.0002
vn 0.2677 0.1638 0.9495
vn 0.1827 0.4675 -0.8649
vn 0.1119 0.2329 0.9660
vn 0.8693 0.4897 0.0675
vn 0.2223 0.1835 0.9576
vn 0.2042 0.2109 0.9559
vn 0.5820 0.0197 -0.8129
vn 0.4759 0.0662 -0.8770
vn 0.6123 0.0055 -0.7906
vn -0.3017 -0.9492 -0.0891
vn -0.0545 0.1113 0.9923
vn -0.2249 -0.0010 -0.9744
vn 0.9997 0.0215 0.0137
vn 0.0512 0.9773 0.2058
vn -0.0661 0.9919 0.1085
vn -0.0317 0.9900 0.1374
vn -0.1450 0.9886 0.0409
vn 0.3192 0.6855 -0.6543
vn 0.2761 0.0660 0.9589
vn -0.2314 -0.2390 -0.9430
vn -0.1228 -0.2746 -0.9537
vn -0.1558 -0.2642 -0.9518
vn -0.0060 0.0959 0.9954
vn -0.1843 0.0363 -0.9822
vn -0.2086 0.0004 -0.9780
vn 0.7025 0.0035 -0.7117
vn -0.0489 0.1638 0.9853
vn 0.3853 -0.0322 0.9222
vn 0.4231 -0.1224 0.8978
vn 0.3801 -0.0392 0.9241
vn -0.0031 -0.9965 -0.0834
vn 0.0010 -0.9999 -0.0118
vn 0.0105 -0.9999 0.0019
vn -0.0648 0.0138 0.9978
vn -0.5418 0.8401 -0.0256
vn -0.5386 0.8426 0.0027
vn -0.5381 0.8429 0.0066
vn 0.1747 0.6227 0.7627
vn 0.6918 -0.7221 0.0037
vn 0.6452 0.7627 0.0451
vn 0.4798 0.0547 -0.8757
vn -0.9773 0.0152 0.2115
vn -0.9795 0.0131 0.2011
vn -0.9943 -0.0058 0.1067
vn 0.0481 0.9427 0.3303
vn 0.0910 0.8856 0.4554
vn 0.6851 0.7280 -0.0256
vn 0.6595 0.7416 0.1230
vn 0.7733 0.6334 0.0277
vn 0.2833 0.5721 -0.7697
vn -0.9954 -0.0081 0.0951
vn -0.9795 0.0130 0.2011
vn -0.1564 0.8208 0.5494
vn -0.1663 0.8102 0.5620
vn -0.1136 0.8623 0.4934
vn 0.3284 0.1985 0.9234
vn 0.7351 0.6710 0.0965
vn 0.9493 0.1513 0.2755
vn 0.6564 0.7534 -0.0399
vn 0.6717 0.7364 -0.0804
vn 0.8435 0.5370 0.0118
vn -0.9199 -0.3911 -0.0278
vn -0.8961 -0.4435 -0.0178
vn -0.8965 -0.4428 -0.0131
vn -0.8926 -0.4507 -0.0138
vn -0.9590 -0.2833 0.0025
vn 0.0192 -0.9998 0.0095
vn 0.0074 -0.9997 -0.0219
vn -0.9997 -0.0230 -0.0094
vn -0.9959 -0.0760 0.0499
vn -0.9986 0.0141 -0.0519
vn -0.0534 0.0043 0.9986
vn -0.0686 0.0206 0.9974
vn -0.0625 0.0165 0.9979
vn -0.9432 -0.0180 0.3319
vn -0.9387 -0.0113 0.3445
vn -0.9268 0.0055 0.3756
vn -0.0490 0.1638 0.9853
vn -0.5332 0.8449 0.0429
vn 0.2657 0.9127 0.3103
vn -0.9877 0.1467 -0.0550
vn -0.9901 0.1369 -0.0296
vn -0.9804 0.1660 -0.1059
vn 0.5040 -0.0343 -0.8630
vn -0.1078 -0.7149 0.6908
vn 0.9811 0.0628 -0.1828
vn 0.0763 -0.0034 0.9971
vn 0.0666 -0.0214 0.9976
vn 0.9999 0.0040 0.0157
vn 0.9997 0.0053 0.0226
vn 0.9994 -0.0031 -0.0341
vn 0.4541 0.0751 -0.8878
vn 0.5820 0.0198 -0.8130
vn 0.9990 0.0122 -0.0429
vn 0.9991 -0.0009 -0.0417
vn 0.9890 -0.1044 -0.1051
vn 0.6286 -0.2782 0.7262
vn 0.9827 -0.1250 -0.1365
vn 0.5444 0.7897 -0.2827
vn 0.0441 -0.9948 -0.0923
vn 0.0219 -0.9996 0.0172
vn 0.0445 -0.9945 -0.0943
vn 0.3121 0.0255 0.9497
vn 0.2826 0.0260 0.9589
vn 0.3561 0.0038 0.9345
vn 0.4090 -0.0195 0.9123
vn 0.0712 -0.9709 -0.2285
vn 0.9930 0.0287 -0.1147
vn 0.9954 0.0521 -0.0803
vn -0.3259 0.7004 0.6350
vn -0.3499 0.7357 0.5799
vn -0.3316 0.7090 0.6224
vn 0.3694 0.0568 0.9275
vn 0.3901 0.0661 0.9184
vn -0.9757 -0.2191 0.0086
vn -0.9752 0.1764 -0.1337
vn -0.9876 0.1467 -0.0551
vn -0.4619 -0.8848 -0.0619
vn -0.0490 -0.9891 0.1389
vn 0.4547 0.4266 -0.7818
vn 0.0068 -0.0841 0.9964
vn -0.9582 0.0589 -0.2800
vn 0.4009 -0.4811 -0.7796
vn 0.3587 -0.4215 -0.8328
vn 0.3989 -0.4784 -0.7823
vn 0.9974 0.0540 0.0481
vn 0.9997 0.0182 0.0186
vn -0.9267 0.0055 0.3757
vn -0.9213 0.0127 0.3888
vn 0.1505 -0.8438 -0.5152
vn 0.7521 0.4406 -0.4901
vn 0.3358 0.3665 -0.8677
vn 0.3360 0.3675 -0.8672
vn 0.3354 0.3638 -0.8690
vn 0.9927 0.0445 -0.1119
vn 0.9896 0.0594 -0.1313
vn 0.9943 0.0357 -0.1004
vn 0.8358 -0.2420 -0.4928
vn 0.8386 -0.2730 -0.4713
vn 0.8405 -0.3154 -0.4405
vn 0.8386 -0.2731 -0.4713
vn 0.8400 -0.3584 -0.4073
vn -0.6989 0.3589 -0.6187
vn -0.9738 0.1135 -0.1973
vn -0.9293 0.0466 -0.3665
vn -0.9484 0.0431 -0.3140
vn 0.2398 0.7770 0.5820
vn 0.0561 -0.0317 0.9979
vn 0.9798 0.1787 0.0898
vn 0.9799 0.1819 0.0822
vn 0.9796 0.1748 0.0990
vn 0.2689 0.1654 0.9489
vn -0.0984 0.0963 -0.9905
vn -0.3311 -0.0545 -0.9420
vn 0.9613 0.2650 -0.0760
vn -0.3125 0.6802 0.6631
vn -0.0436 -0.8606 -0.5074
vn -0.9267 0.3657 0.0867
vn -0.9411 0.3312 0.0680
vn -0.9188 0.3828 0.0960
vn -0.9626 0.0710 -0.2616
vn 0.8583 -0.0296 0.5122
vn -0.9484 0.0430 -0.3141
vn -0.2911 0.8562 -0.4269
vn -0.7417 -0.2166 0.6348
vn -0.6936 -0.1084 0.7122
vn -0.7328 -0.1680 0.6594
vn -0.0153 -0.9997 -0.0195
vn -0.0016 -0.9997 -0.0237
vn -0.9881 0.0544 0.1436
vn -0.0205 0.0794 0.9966
vn -0.5476 -0.0994 0.8308
vn -0.0534 0.0042 0.9986
vn -0.2198 0.0751 0.9727
vn 0.9584 0.0206 -0.2848
vn 0.9281 0.0423 -0.3700
vn 0.9427 0.0326 -0.3319
vn 0.0187 -0.0923 0.9956
vn -0.9990 0.0022 0.0447
vn -0.9940 0.0109 0.1086
vn -0.9819 0.0577 0.1804
vn 0.9584 0.0206 -0.2847
vn 0.9428 0.0326 -0.3319
vn 0.9627 0.0170 -0.2701
vn 0.0770 -0.0565 -0.9954
vn -0.1777 0.0681 0.9817
vn -0.0862 0.0358 0.9956
vn -0.1577 -0.0192 0.9873
vn -0.1840 -0.0337 0.9824
vn -0.8806 0.2979 0.3685
vn -0.2289 -0.0066 0.9734
vn -0.9712 0.0870 0.2218
vn -0.0575 0.3936 0.9175
vn -0.0467 0.3554 0.9335
vn -0.0166 0.2466 0.9690
vn 0.3995 0.8006 -0.4465
vn -0.9017 0.4168 0.1147
vn -0.2290 -0.0066 0.9734
vn -0.0687 0.0206 0.9974
vn -0.2662 -0.0153 0.9638
vn -0.9775 0.0375 -0.2076
vn -0.7543 0.6555 0.0359
vn -0.9587 0.1385 -0.2485
vn -0.7623 -0.1036 0.6389
vn 0.3530 0.0516 0.9342
vn -0.0423 -0.1524 0.9874
vn -0.4312 0.0369 -0.9015
vn -0.0644 -0.1424 0.9877
vn -0.2515 0.0912 0.9636
vn -0.9382 -0.0167 0.3457
vn 0.9550 0.0304 -0.2951
vn -0.7106 0.1895 -0.6776
vn -0.0020 0.1932 0.9812
vn -0.0685 0.4565 0.8871
vn 0.7898 -0.1155 0.6023
vn 0.2133 0.9546 0.2078
vn 0.2135 -0.9758 0.0477
vn 0.2500 0.8537 0.4569
vn 0.9680 0.1819 -0.1727
vn 0.9527 0.2255 -0.2036
vn 0.9565 0.2155 -0.1965
vn 0.9430 0.2494 -0.2205
vn 0.3399 -0.7650 -0.5470
vn -0.9174 -0.3926 -0.0648
vn -0.9285 -0.2445 0.2793
vn -0.8761 -0.2699 0.3995
vn -0.9183 -0.2505 0.3064
vn -0.8665 -0.2734 0.4176
vn 0.9974 0.0503 0.0515
vn 0.9127 -0.1258 -0.3888
vn -0.3408 -0.0820 -0.9365
vn -0.2854 0.1742 0.9424
vn -0.0481 -0.9945 -0.0929
vn 0.8292 0.1391 -0.5414
vn 0.0505 -0.6885 0.7235
vn 0.7357 -0.6340 0.2385
vn -0.6372 0.0739 0.7672
vn -0.9189 -0.0063 -0.3945
vn -0.8694 -0.0866 -0.4865
vn -0.9003 -0.0297 -0.4342
vn -0.8586 -0.0869 -0.5052
vn 0.6108 -0.2084 -0.7638
vn 0.9820 0.1443 -0.1217
vn -0.0362 0.0026 0.9993
vn -0.0353 -0.0011 0.9994
vn -0.0357 0.0005 0.9994
vn -0.0570 -0.8737 0.4831
vn -0.9101 0.3516 -0.2193
vn -0.6093 -0.1511 -0.7784
vn 0.8596 -0.4315 0.2737
vn -0.0346 -0.0037 0.9994
vn -0.9482 0.0012 -0.3176
vn -0.9572 -0.0200 -0.2888
vn 0.9652 0.1410 -0.2202
vn 0.2705 0.2333 0.9340
vn 0.2387 0.1865 0.9530
vn 0.1765 0.0966 0.9795
vn 0.1421 0.0478 0.9887
vn 0.5149 0.0137 -0.8572
vn 0.5584 0.8007 0.2169
vn 0.6669 0.7179 0.1997
vn 0.6841 0.7290 -0.0250
vn 0.1226 0.8360 0.5349
vn -0.5530 -0.0138 0.8331
vn -0.5533 -0.0352 0.8323
vn -0.5850 -0.0272 0.8106
vn -0.7991 -0.5787 0.1631
vn -0.0461 -0.9989 0.0011
vn -0.0235 -0.9967 -0.0777
vn -0.9899 0.0045 -0.1418
vn -0.7339 -0.6699 -0.1120
vn 0.0478 -0.1999 0.9786
vn 0.3801 -0.0391 0.9241
vn 0.2814 0.0216 0.9593
vn 0.9645 0.1288 0.2307
vn 0.9816 0.1540 0.1126
vn 0.9849 0.1675 0.0433
vn 0.9868 0.0707 -0.1459
vn 0.6344 -0.5223 -0.5698
vn 0.8456 0.0237 -0.5332
vn 0.0114 0.0589 -0.9982
vn 0.0270 0.0307 -0.9992
vn 0.0377 0.0497 -0.9981
vn -0.5753 0.8170 -0.0402
vn -0.0204 0.0794 0.9966
vn -0.2303 0.0358 0.9725
vn 0.2634 0.9502 0.1668
vn 0.6124 -0.1271 0.7802
vn 0.5574 -0.1881 0.8087
vn 0.5756 -0.1686 0.8002
vn -0.3749 0.0914 -0.9226
vn -0.6322 -0.0603 0.7724
vn -0.8750 0.4829 0.0346
vn -0.8805 0.4738 0.0149
vn -0.8875 0.4606 -0.0126
vn 0.8128 0.5811 -0.0396
vn 0.8212 0.5673 -0.0623
vn 0.8180 0.5722 -0.0579
vn 0.9994 -0.0031 -0.0342
vn -0.7779 0.0896 0.6220
vn 0.4101 0.0682 -0.9095
vn -0.9465 -0.0385 -0.3205
vn -0.0632 0.8912 0.4493
vn -0.0451 0.9135 0.4044
vn -0.0343 0.9255 0.3773
vn -0.8703 0.0215 -0.4921
vn -0.1299 -0.0057 0.9915
vn -0.8928 0.4490 -0.0360
vn 0.9799 0.1870 0.0701
vn 0.9949 0.0029 -0.1006
vn -0.2050 0.9741 -0.0949
vn -0.5070 0.8446 -0.1719
vn 0.9891 0.1474 -0.0054
vn 0.9952 0.0916 -0.0336
vn 0.9926 0.1179 0.0280
vn 0.8292 0.5583 0.0279
vn -0.8310 -0.3855 0.4010
vn -0.4402 0.8975 -0.0271
vn -0.4677 0.8831 -0.0372
vn -0.3361 0.9418 0.0061
vn 0.3360 0.3631 -0.8691
vn 0.9418 0.3360 0.0080
vn 0.5818 -0.1224 -0.8041
vn 0.6510 -0.3015 -0.6966
vn 0.6352 -0.2442 -0.7327
vn 0.6549 -0.1762 -0.7349
vn -0.1213 -0.1232 0.9849
vn 0.5439 0.8131 -0.2075
vn 0.4448 0.8605 -0.2483
vn 0.5988 0.7889 -0.1380
vn 0.5322 0.6150 -0.5819
vn -0.9188 0.3912 -0.0518
vn -0.8910 0.4536 -0.0163
vn -0.8287 0.5575 -0.0494
vn -0.8386 0.5429 -0.0446
vn -0.0768 0.8726 0.4824
vn 0.9503 0.0367 -0.3092
vn 0.9789 0.0144 -0.2038
vn 0.9136 0.0263 -0.4058
vn -0.1477 0.4081 0.9009
vn -0.1050 0.8699 0.4819
vn 0.9898 0.1276 -0.0637
vn 0.3506 0.9358 -0.0365
vn 0.0684 -0.9742 0.2149
vn -0.2801 -0.2216 -0.9340
vn 0.6876 0.0264 0.7256
vn 0.8700 0.0612 0.4892
vn 0.8512 0.0728 0.5198
vn 0.9244 0.0214 0.3808
vn 0.4010 -0.4812 -0.7796
vn 0.4449 -0.5443 -0.7112
vn -0.9237 -0.0666 -0.3773
vn -0.9296 -0.0628 -0.3633
vn -0.0154 0.0026 0.9999
vn 0.9135 0.0263 -0.4059
vn 0.8277 0.0328 -0.5603
vn 0.9242 0.0505 -0.3785
vn 0.0231 -0.3824 0.9237
vn 0.0319 -0.3644 0.9307
vn -0.0143 -0.4217 0.9066
vn -0.9179 0.3944 0.0437
vn 0.9944 0.0910 0.0532
vn 0.9977 -0.0675 -0.0045
vn 0.9489 0.0095 0.3156
vn 0.9188 0.3628 -0.1554
vn 0.7016 0.6895 -0.1799
vn 0.7228 0.6714 -0.1638
vn 0.7359 0.6595 -0.1534
vn 0.7258 0.0514 -0.6860
vn 0.1617 -0.0613 -0.9849
vn 0.1563 0.0289 -0.9873
vn 0.1552 0.0460 -0.9868
vn 0.1487 0.1312 -0.9801
vn -0.1841 0.9753 0.1217
vn -0.2245 0.9741 0.0262
vn -0.0050 -0.2971 0.9548
vn -0.0165 -0.3731 0.9277
vn 0.8060 0.5908 -0.0348
vn 0.9125 0.4060 -0.0503
vn 0.8886 0.4575 -0.0314
vn 0.9804 0.0974 0.1711
vn -0.1323 0.9910 -0.0214
vn -0.1495 0.9886 -0.0185
vn -0.3360 0.9418 0.0061
vn 0.7228 0.6714 -0.1637
vn 0.7552 0.6409 -0.1374
vn 0.7359 0.6595 -0.1533
vn -0.1253 0.0842 -0.9885
vn 0.2870 0.9067 -0.3091
vn -0.2836 -0.9572 -0.0572
vn -0.2809 -0.9496 -0.1388
vn -0.2175 -0.9718 0.0910
vn 0.9468 0.0709 0.3139
vn 0.9546 0.0749 0.2882
vn 0.9902 0.1025 0.0947
vn -0.8911 0.4536 -0.0163
vn -0.9014 0.4328 -0.0099
vn -0.2427 0.9699 0.0220
vn -0.9954 0.0324 -0.0900
vn -0.9994 0.0043 0.0356
vn 0.6318 -0.1041 0.7681
vn 0.6125 -0.1271 0.7802
vn -0.6463 -0.1960 0.7375
vn 0.3260 0.1575 0.9322
vn 0.4969 0.8365 0.2311
vn 0.3255 -0.8170 0.4760
vn -0.7416 -0.2168 0.6348
vn -0.7409 -0.2176 0.6354
vn 0.9043 -0.2776 -0.3243
vn 0.9916 0.1049 0.0756
vn 0.9547 0.0749 0.2881
vn -0.9342 -0.1254 0.3341
vn 0.0652 0.4132 0.9083
vn -0.9351 0.1855 0.3020
vn -0.9230 0.1730 0.3437
vn -0.9327 0.1829 0.3109
vn 0.1493 -0.0607 -0.9869
vn 0.0342 0.9944 0.1001
vn 0.0488 0.9965 0.0678
vn 0.0501 0.9969 0.0609
vn 0.7368 0.6702 0.0889
vn 0.2669 0.2351 0.9346
vn 0.2106 0.2108 0.9546
vn 0.2415 0.2242 0.9441
vn 0.5265 0.8214 0.2193
vn 0.3077 0.9507 -0.0379
vn -0.6670 -0.5160 -0.5375
vn -0.5809 0.0179 -0.8137
vn -0.5047 -0.1116 -0.8561
vn -0.9010 -0.3286 0.2831
vn 0.5587 0.5758 0.5970
vn 0.3657 0.0157 0.9306
vn 0.3973 -0.0039 0.9177
vn 0.4195 -0.0178 0.9076
vn -0.9936 -0.1097 0.0285
vn -0.9935 -0.1098 0.0290
vn -0.9936 -0.1094 0.0278
vn 0.9100 -0.2367 -0.3404
vn 0.9756 -0.2189 -0.0180
vn -0.9936 -0.1094 0.0276
vn -0.9936 -0.1097 0.0287
vn 0.9534 -0.1713 0.2483
vn 0.9807 0.1849 -0.0632
vn 0.9783 0.1981 -0.0614
vn 0.9787 0.1928 -0.0709
vn 0.9771 0.1941 -0.0869
vn 0.0141 -0.9999 -0.0073
vn 0.1009 -0.9942 -0.0362
vn 0.0115 -0.9999 0.0020
vn 0.0165 0.4508 -0.8925
vn -0.7554 -0.6130 -0.2315
vn 0.2228 0.0547 -0.9733
vn 0.2028 0.0688 -0.9768
vn 0.2321 0.0482 -0.9715
vn 0.3467 0.0272 0.9376
vn 0.2544 0.0323 -0.9665
vn 0.2229 0.0547 -0.9733
vn 0.4656 0.0991 0.8794
vn 0.4115 0.0674 0.9089
vn 0.4192 0.0718 0.9050
vn 0.9733 0.2056 -0.1022
vn 0.8383 0.4411 -0.3204
vn 0.4192 0.0719 0.9050
vn 0.4747 0.1046 0.8739
vn 0.6765 0.7363 -0.0160
vn 0.8369 0.4964 0.2304
vn 0.8470 0.4935 0.1978
vn 0.8452 0.4882 0.2176
vn -0.0004 -0.9999 0.0153
vn 0.0893 0.0181 -0.9958
vn 0.1231 0.0025 -0.9924
vn 0.1578 -0.0135 -0.9874
vn 0.4355 0.8311 0.3459
vn 0.8505 0.4895 0.1927
vn 0.1987 -0.9531 0.2283
vn 0.9807 0.1158 0.1577
vn 0.9824 0.1210 0.1421
vn 0.9856 0.1340 0.1027
vn 0.9863 0.1383 0.0897
vn 0.2186 0.0895 0.9717
vn 0.3028 0.0607 0.9511
vn 0.2439 0.0810 0.9664
vn 0.9779 0.0238 -0.2076
vn 0.1151 0.0285 0.9929
vn 0.1087 0.0408 0.9932
vn 0.1157 0.0274 0.9929
vn 0.1883 -0.0277 -0.9817
vn 0.9996 0.0264 0.0117
vn 0.9853 0.0806 0.1504
vn 0.9838 0.0827 0.1590
vn -0.1735 0.0425 -0.9839
vn 0.8680 -0.0375 0.4951
vn 0.8450 0.5037 0.1793
vn 0.9360 -0.3465 0.0616
vn 0.9467 -0.3147 0.0690
vn 0.9383 -0.3178 0.1365
vn 0.9914 -0.1255 -0.0376
vn 0.9813 -0.1912 -0.0204
vn 0.7546 -0.6384 -0.1516
vn 0.3888 -0.2382 0.8900
vn -0.0992 -0.7296 0.6766
vn 0.6233 0.6298 -0.4635
vn -0.1480 -0.6117 0.7772
vn 0.0435 0.9926 0.1135
vn -0.0350 0.9869 0.1575
vn -0.0147 0.9891 0.1466
vn 0.2237 0.9601 0.1678
vn 0.1975 0.9701 0.1410
vn 0.1524 0.9837 0.0951
vn 0.0566 -0.5915 0.8043
vn -0.0247 -0.9972 -0.0705
vn 0.0420 -0.9983 0.0416
vn 0.0069 -0.9998 -0.0175
vn 0.0069 -0.9998 -0.0174
vn 0.0420 -0.9982 0.0417
vn 0.0839 -0.9901 0.1124
vn 0.0823 -0.0060 0.9966
vn 0.0609 0.0036 0.9981
vn 0.1074 -0.0173 0.9941
vn 0.1246 -0.0251 0.9919
vn -0.9997 0.0183 -0.0177
vn -0.9999 0.0140 -0.0047
vn -0.9997 0.0176 -0.0157
vn -0.9999 0.0132 -0.0024
vn 0.0037 -0.8310 0.5562
vn 0.0090 -0.8351 0.5500
vn 0.0266 -0.8482 0.5290
vn -0.0250 0.8837 0.4673
vn -0.0341 0.8772 0.4789
vn 0.0117 0.9005 0.4347
vn 0.0645 0.9764 0.2063
vn 0.0049 -0.1037 0.9946
vn 0.0040 -0.0956 0.9954
vn -0.0391 0.1563 0.9869
vn -0.0194 0.1975 0.9801
vn -0.0625 0.0627 0.9961
vn -0.0471 0.9120 0.4075
vn 0.0316 0.9454 0.3245
vn 0.0441 0.9426 0.3311
vn 0.0036 -1.0000 0.0015
vn 0.0096 -0.9999 0.0113
vn 0.0139 -0.9997 0.0190
vn -0.1024 -0.6073 0.7879
vn -0.0726 0.0319 0.9969
vn -0.0391 0.1562 0.9869
vn 0.0229 0.8709 -0.4909
vn -0.0215 0.8927 -0.4502
vn 0.1306 0.8249 -0.5499
vn -0.0003 -1.0000 -0.0055
vn -0.0050 0.1824 0.9832
vn 0.9124 0.4087 -0.0225
vn 0.8617 0.5073 0.0106
vn 0.9260 0.3760 -0.0330
vn -0.0475 -0.4143 0.9089
vn 0.0040 -0.0955 0.9954
vn 0.0048 -0.1029 0.9947
vn 0.0039 -0.0947 0.9955
vn -0.0016 -1.0000 -0.0060
vn -0.1764 0.7811 -0.5990
vn 0.8492 0.5279 0.0177
vn 0.8617 0.5074 0.0106
vn 0.9124 0.4088 -0.0225
vn 0.0588 -0.0487 0.9971
vn 0.0034 0.7646 0.6445
vn 0.0297 -0.8504 0.5252
vn 0.1995 0.0774 0.9768
vn 0.0092 -0.1927 -0.9812
vn -0.0209 -0.2575 -0.9661
vn -0.0488 -0.3164 -0.9474
vn 0.1434 -0.6315 0.7620
vn 0.0304 0.8893 0.4563
vn -0.0250 0.8838 0.4673
vn 0.0117 0.9005 0.4346
vn 0.3615 -0.0172 -0.9322
vn 0.1168 0.9684 0.2204
vn 0.0450 0.9583 0.2821
vn 0.2167 0.9171 0.3345
vn -0.7644 -0.0822 0.6394
vn 0.0032 0.1849 0.9827
vn 0.0259 0.1828 0.9828
vn -0.5155 -0.0746 -0.8536
vn 0.5480 0.8310 0.0955
vn 0.0668 -0.9541 -0.2918
vn 0.1363 -0.9774 -0.1618
vn 0.0778 -0.9592 -0.2719
vn 0.1579 -0.2963 0.9420
vn 0.0310 -0.3447 0.9382
vn 0.1794 -0.2874 0.9409
vn 0.1627 -0.9805 -0.1099
vn 0.2535 -0.2553 0.9330
vn 0.0511 0.7850 0.6174
vn 0.0731 0.7814 0.6198
vn -0.0295 0.7950 0.6060
vn -0.1427 0.8902 0.4326
vn -0.1037 0.0924 0.9903
vn -0.2642 -0.1776 0.9480
vn -0.1941 0.9717 -0.1346
vn -0.1219 0.9098 0.3967
vn 0.9232 -0.3841 0.0114
vn 0.9144 -0.4045 0.0147
vn 0.9125 -0.4088 0.0153
vn 0.8888 0.0177 0.4579
vn 0.9142 0.0257 0.4044
vn 0.8855 0.0167 0.4643
vn 0.9191 0.0274 0.3930
vn 0.1881 0.8181 -0.5434
vn -0.1457 0.8379 0.5260
vn -0.0718 0.3505 -0.9338
vn 0.5471 0.5612 0.6210
vn 0.1621 0.9845 0.0676
vn -0.8290 0.0802 -0.5535
vn -0.4515 -0.1353 0.8820
vn 0.0402 0.2022 0.9785
vn 0.2080 0.8325 -0.5135
vn 0.1881 0.8182 -0.5433
vn 0.9240 -0.3823 0.0111
vn 0.0589 0.0353 0.9976
vn 0.0232 0.0520 0.9984
vn -0.0039 0.0407 0.9992
vn 0.7435 -0.1211 0.6576
vn 0.2957 0.9361 0.1903
vn -0.3821 -0.4637 0.7993
vn 0.8817 0.4679 0.0606
vn 0.9845 -0.1717 -0.0368
vn -0.2202 0.9464 0.2363
vn 0.6297 0.7617 0.1528
vn 0.8114 -0.5488 0.2010
vn -0.3299 0.8776 0.3479
vn 0.7309 0.0100 0.6824
vn 0.1618 0.7626 0.6263
vn 0.0962 0.1649 -0.9816
vn 0.1218 0.1139 -0.9860
vn 0.0747 0.2068 -0.9755
vn -0.0240 0.9903 0.1365
vn 0.0872 0.9900 0.1110
vn 0.0873 0.9900 0.1110
vn 0.2255 0.9701 0.0899
vn 0.1471 0.9870 0.0640
vn 0.0801 0.9572 -0.2782
vn 0.0405 0.9839 -0.1741
vn 0.1058 0.9504 -0.2925
vn 0.1019 -0.9750 -0.1975
vn -0.2873 -0.9560 -0.0594
vn 0.9988 0.0467 0.0177
vn -0.0672 -0.4252 -0.9026
vn 0.7299 0.6481 -0.2174
vn 0.0358 0.0673 -0.9971
vn -0.2794 0.0647 0.9580
vn -0.3713 0.0268 0.9281
vn -0.3264 0.0456 0.9441
vn 0.1030 0.5067 0.8560
vn -0.8735 0.4319 -0.2246
vn -0.2269 0.0854 0.9702
vn 0.7400 -0.1970 -0.6431
vn 0.0386 0.9555 -0.2924
vn -0.0570 -0.9932 -0.1014
vn 0.0241 0.9379 0.3460
vn -0.0171 0.9469 0.3211
vn 0.0013 0.9432 0.3323
vn 0.0661 -0.0693 -0.9954
vn 0.0652 -0.0687 -0.9955
vn 0.0670 -0.0698 -0.9953
vn -0.0576 -0.4506 0.8909
vn 0.0108 -0.9420 0.3356
vn 0.0311 -0.9398 0.3403
vn 0.0268 -0.9403 0.3393
vn -0.0385 -0.6543 0.7552
vn 0.0436 0.9329 0.3575
vn -0.0020 0.9991 -0.0434
vn 0.0679 -0.0704 -0.9952
vn 0.0474 -0.9378 0.3439
vn 0.4379 0.8413 0.3169
vn 0.4159 0.8433 0.3404
vn 0.4393 0.8411 0.3153
vn -0.1104 0.9916 -0.0680
vn -0.0681 0.9951 -0.0716
vn -0.0100 0.9556 -0.2944
vn -0.2644 -0.2535 0.9305
vn 0.4213 -0.3612 -0.8319
vn 0.9527 -0.3030 0.0222
vn 0.1224 0.0145 0.9924
vn 0.0490 0.2560 -0.9654
vn -0.1503 0.9408 -0.3040
vn -0.0717 0.9251 -0.3729
vn -0.0858 0.9307 -0.3557
vn 0.1583 0.9644 0.2120
vn -0.1036 0.3853 0.9170
vn -0.0842 0.3789 0.9216
vn -0.0080 0.3524 0.9358
vn 0.1304 0.2983 0.9455
vn 0.9588 0.2740 -0.0755
vn -0.2962 -0.7876 0.5404
vn 0.0396 0.8800 0.4734
vn -0.0488 -0.3165 -0.9473
vn -0.0209 -0.2576 -0.9660
vn -0.0694 -0.3595 -0.9306
vn 0.2288 0.3710 0.9000
vn 0.0099 -0.2045 0.9788
vn 0.0677 -0.1593 0.9849
vn 0.0649 -0.1615 0.9847
vn 0.6617 0.5472 0.5126
vn 0.8802 0.1173 0.4598
vn -0.6826 0.5480 -0.4834
vn -0.3129 -0.4064 0.8585
vn -0.2955 -0.0021 0.9553
vn -0.3380 -0.0277 0.9407
vn -0.4180 -0.0836 0.9046
vn 0.1234 -0.1147 0.9857
vn 0.0285 0.2575 -0.9659
vn -0.4617 -0.1066 0.8806
vn 0.6024 -0.7878 -0.1283
vn -0.9964 0.0815 0.0229
vn 0.1789 0.9831 0.0397
vn 0.1764 0.9842 0.0119
vn 0.1765 0.9840 -0.0242
vn -0.4913 -0.1078 0.8643
vn -0.9907 0.1185 0.0674
vn 0.0102 -0.9998 -0.0163
vn -0.0164 -0.9991 -0.0392
vn -0.0226 -0.9988 -0.0446
vn 0.3980 -0.2028 -0.8947
vn 0.3915 -0.2004 -0.8981
vn 0.3949 -0.2016 -0.8963
vn 0.3993 -0.2033 -0.8940
vn -0.0512 -0.9963 -0.0693
vn 0.1809 0.9815 0.0627
vn -0.5287 0.8217 -0.2128
vn -0.5284 0.8269 -0.1924
vn -0.5277 0.8327 -0.1677
vn 0.0359 0.9130 -0.4063
vn 0.1854 0.9804 0.0660
vn 0.7650 0.6308 0.1303
vn 0.7981 -0.6017 0.0315
vn 0.7892 -0.6133 0.0337
vn 0.8750 -0.4840 0.0103
vn 0.0317 -0.0546 0.9980
vn -0.0405 -0.1037 0.9938
vn -0.0020 -0.0776 0.9970
vn 0.9131 0.4020 0.0681
vn -0.0019 -0.0775 0.9970
vn 0.0787 -0.0224 0.9966
vn 0.0032 0.0350 -0.9994
vn 0.0259 0.0483 -0.9985
vn 0.0466 0.0603 -0.9971
vn 0.0218 0.4522 -0.8916
vn -0.9851 0.0788 0.1526
vn -0.9900 0.0590 0.1284
vn -0.9988 -0.0030 0.0495
vn -0.9994 -0.0078 0.0343
vn 0.9977 0.0269 -0.0629
vn 0.9983 0.0469 0.0350
vn 0.9969 0.0519 0.0594
vn -0.0177 0.0229 -0.9996
vn -0.5287 0.8111 -0.2502
vn 0.8912 -0.4536 0.0051
vn 0.9957 0.0213 -0.0897
vn 0.0451 0.9965 0.0703
vn 0.0672 0.9932 0.0947
vn 0.0447 0.9966 0.0699
vn 0.0207 -0.9584 -0.2846
vn 0.1419 -0.9899 0.0007
vn 0.0229 0.9987 0.0459
vn -0.1364 -0.0509 -0.9893
vn -0.1123 -0.0157 -0.9935
vn -0.1285 -0.0394 -0.9909
vn 0.0929 0.9046 -0.4160
vn 0.8550 -0.0842 -0.5117
vn -0.1495 -0.0702 -0.9863
vn -0.1364 -0.0510 -0.9893
vn -0.1285 -0.0393 -0.9909
vn -0.7247 0.1668 -0.6686
vn -0.2795 0.0254 0.9598
vn 0.9964 -0.0810 -0.0256
vn 0.0768 0.9923 0.0967
vn 0.0700 0.9910 0.1141
vn 0.0728 0.9916 0.1069
vn 0.3247 0.0530 0.9443
vn 0.2074 0.2790 0.9376
vn 0.1278 0.0135 0.9917
vn 0.0261 -0.5243 -0.8511
vn 0.1540 0.9513 -0.2672
vn 0.5492 0.0236 0.8353
vn -0.5174 -0.1070 -0.8490
vn 0.9959 -0.0863 0.0285
vn 0.9153 0.0298 -0.4016
vn 0.9236 0.0264 -0.3824
vn 0.9432 0.0446 -0.3292
vn 0.2078 0.9745 0.0846
vn 0.1687 0.9840 0.0575
vn 0.2230 0.9702 0.0952
vn 0.9778 0.1935 0.0804
vn 0.9572 0.2510 0.1444
vn 0.9824 0.1763 0.0615
vn 0.1705 0.9733 -0.1533
vn 0.2632 0.5068 -0.8209
vn -0.2060 -0.7032 -0.6805
vn 0.2562 0.9593 0.1184
vn 0.9805 0.0252 -0.1946
vn 0.1471 0.9871 0.0640
vn 0.0460 0.3367 0.9405
vn -0.7832 -0.5045 -0.3635
vn 0.8044 0.5283 0.2717
vn 0.7313 0.1891 0.6553
vn 0.3010 -0.9536 0.0095
vn 0.9628 0.0727 0.2601
vn 0.3788 0.8682 0.3204
vn 0.4579 -0.0977 -0.8836
vn 0.9675 0.0058 -0.2526
vn 0.0639 0.0488 0.9968
vn 0.9976 0.0489 -0.0498
vn 0.9912 0.1279 -0.0336
vn 0.9899 0.1419 -0.0025
vn 0.7840 0.5759 -0.2315
vn 0.0237 0.4464 -0.8945
vn 0.0571 0.6169 -0.7850
vn 0.0528 0.5959 -0.8013
vn 0.5660 0.6811 0.4644
vn 0.9939 0.1098 -0.0108
vn 0.3143 -0.3052 -0.8989
vn -0.9096 -0.1064 -0.4016
vn -0.0515 -0.0095 -0.9986
vn 0.0234 -0.9275 0.3730
vn 0.0232 -0.9282 0.3713
vn 0.0309 -0.8963 0.4423
vn 0.0452 -0.5341 -0.8442
vn 0.0049 -0.5236 -0.8519
vn 0.0679 -0.5395 -0.8392
vn 0.0070 0.7169 0.6971
vn 0.0037 0.7352 0.6779
vn 0.0119 0.8469 0.5315
vn 0.0311 -0.8952 0.4446
vn 0.0119 0.8470 0.5315
vn 0.0037 0.7352 0.6778
vn 0.0269 0.8540 0.5196
vn 0.0888 0.0541 0.9946
vn 0.1046 0.0531 0.9931
vn 0.1586 0.0495 0.9861
vn 0.1082 -0.5485 -0.8291
vn -0.1041 0.9674 0.2307
vn -0.3436 -0.4211 -0.8394
vn -0.3450 -0.2430 -0.9066
vn -0.3452 -0.3744 -0.8606
vn 0.0599 0.8612 0.5046
vn -0.0740 0.5252 -0.8477
vn 0.0331 -0.1192 -0.9923
vn 0.0690 0.9908 0.1166
vn 0.1469 0.9233 -0.3549
vn 0.2424 -0.9035 0.3536
vn -0.6305 0.6649 0.4005
vn 0.4293 0.8603 -0.2748
vn -0.3490 0.4143 -0.8406
vn -0.3501 -0.0557 0.9351
vn -0.3443 -0.0641 0.9367
vn -0.3351 -0.0775 0.9390
vn -0.1076 -0.9544 -0.2783
vn 0.3150 0.2899 -0.9037
vn -0.2872 0.2852 -0.9144
vn -0.0562 -0.0151 -0.9983
vn -0.0907 -0.0148 -0.9958
vn -0.1481 -0.0144 -0.9889
vn -0.2218 0.7366 -0.6389
vn -0.0906 0.6596 -0.7461
vn -0.1270 0.7104 -0.6923
vn -0.3328 -0.0808 0.9395
vn 0.0202 0.4279 -0.9036
vn -0.3436 -0.2025 -0.9170
vn -0.1721 0.9478 -0.2685
vn 0.4321 0.0477 -0.9006
vn -0.2538 0.3700 -0.8937
vn -0.0100 0.9556 -0.2945
vn -0.2239 0.1430 -0.9641
vn -0.5285 0.5985 -0.6020
vn -0.0279 0.9222 -0.3857
vn -0.1283 0.6450 -0.7534
vn -0.2269 0.6440 -0.7307
vn 0.0490 -0.1851 -0.9815
vn -0.0387 -0.2495 -0.9676
vn 0.0370 -0.1941 -0.9803
vn 0.0913 0.0348 -0.9952
vn -0.2826 0.6584 -0.6976
vn -0.1284 0.6450 -0.7533
vn -0.2269 0.6440 -0.7306
vn 0.1721 0.5277 -0.8318
vn 0.2063 0.4580 0.8647
vn 0.0491 -0.1851 -0.9815
vn 0.1193 -0.1316 -0.9841
vn -0.0498 -0.9138 -0.4031
vn -0.0206 -0.9039 -0.4272
vn -0.0470 -0.8742 -0.4833
vn -0.1020 -0.8408 -0.5316
vn -0.6776 0.7323 0.0681
vn -0.1675 -0.8148 -0.5550
vn -0.9710 0.1484 0.1874
vn 0.0780 0.5372 -0.8399
vn 0.0026 0.4388 0.8986
vn -0.0688 -0.9598 -0.2723
vn -0.0192 -0.3004 -0.9536
vn 0.0883 -0.3749 0.9229
vn 0.0078 -0.3865 0.9223
vn 0.0791 -0.3763 0.9231
vn 0.9543 0.2345 0.1852
vn 0.7118 -0.0283 0.7018
vn 0.4458 0.3105 -0.8395
vn 0.9451 0.0263 -0.3258
vn 0.7269 0.0366 0.6858
vn 0.6195 0.7760 0.1185
vn 0.9980 -0.0555 -0.0300
vn 0.0117 -0.0154 -0.9998
vn -0.0906 -0.0148 -0.9958
vn 0.3139 0.0008 0.9495
vn 0.2881 -0.0548 0.9560
vn 0.2921 -0.0462 0.9553
vn 0.1286 0.0154 0.9916
vn 0.1133 -0.9936 -0.0031
vn 0.1076 -0.9942 0.0018
vn 0.0799 -0.9965 0.0252
vn -0.0415 0.8643 0.5013
vn 0.7616 0.6445 0.0676
vn 0.0901 0.9445 -0.3161
vn 0.1380 0.9302 -0.3401
vn 0.2310 0.8900 -0.3932
vn -0.0569 -0.9984 -0.0061
vn 0.0238 -0.9985 -0.0487
vn 0.7097 -0.1244 -0.6934
vn 0.4614 0.8381 0.2909
vn -0.0714 0.8567 -0.5108
vn -0.0515 0.8415 -0.5378
vn -0.0663 0.8806 -0.4691
vn 0.9923 -0.1129 0.0516
vn 0.0107 -0.9998 -0.0174
vn 0.1372 -0.9903 -0.0235
vn -0.0021 0.9007 -0.4344
vn -0.0446 0.8961 -0.4416
vn -0.0006 -0.9999 0.0127
vn 0.5942 -0.2807 -0.7537
vn 0.2729 0.9519 0.1391
vn 0.5820 0.8131 -0.0091
vn -0.0244 -0.0310 -0.9992
vn 0.9201 0.2427 0.3073
vn 0.0208 -0.9997 -0.0090
vn 0.9985 0.0394 0.0370
vn 0.9996 0.0264 0.0116
vn 0.6977 0.0642 -0.7135
vn 0.6557 0.0365 -0.7541
vn 0.7442 0.0972 -0.6608
vn -0.0027 0.0750 -0.9972
vn -0.0071 0.0134 -0.9999
vn -0.0171 0.0198 -0.9997
vn -0.3642 -0.0036 -0.9313
vn 0.8376 -0.0440 -0.5445
vn 0.9761 -0.2143 -0.0363
vn -0.9437 0.0854 -0.3195
vn 0.9501 0.0305 0.3104
vn 0.9368 0.0395 0.3475
vn 0.9655 0.0182 0.2599
vn -0.2404 -0.9666 0.0891
vn -0.0263 -0.0180 -0.9995
vn 0.0757 -0.0499 0.9959
vn 0.1279 0.0135 0.9917
vn 0.2624 -0.0100 0.9649
vn 0.9692 0.0149 0.2458
vn -0.0296 -0.3910 0.9199
vn -0.0362 0.0354 -0.9987
vn 0.0756 -0.0499 0.9959
vn -0.9828 0.0347 -0.1811
vn -0.9851 0.0279 -0.1695
vn -0.9784 0.0465 -0.2012
vn 0.2009 -0.0390 0.9788
vn 0.0307 0.0577 0.9979
vn -0.0810 0.3612 -0.9290
vn 0.9041 -0.4108 0.1173
vn 0.0022 -1.0000 0.0097
vn 0.0124 -0.9997 0.0189
vn -0.6667 0.7094 -0.2286
vn 0.9971 0.0673 -0.0347
vn -0.9751 0.0545 -0.2147
vn 0.3485 0.0523 0.9358
vn 0.3389 0.0530 0.9393
vn 0.4489 0.0445 0.8925
vn -0.4610 0.2332 -0.8562
vn 0.0008 0.0081 -1.0000
vn -0.0094 0.9694 -0.2454
vn -0.0015 0.1860 -0.9825
vn 0.0144 -0.0377 0.9992
vn 0.9746 -0.0807 -0.2089
vn 0.9715 -0.0402 -0.2337
vn 0.9736 -0.0607 -0.2200
vn 0.1863 -0.0467 0.9814
vn 0.2008 -0.0390 0.9788
vn 0.9968 0.0414 -0.0689
vn 0.9882 0.0608 -0.1404
vn 0.5532 0.4348 -0.7106
vn 0.4542 0.4977 -0.7390
vn 0.5008 0.4695 -0.7272
vn -0.0027 0.0751 -0.9972
vn 0.0173 0.1818 -0.9832
vn 0.0329 0.2456 -0.9688
vn 0.5565 -0.7782 -0.2909
vn 0.9715 -0.0402 -0.2338
vn 0.9576 0.0174 -0.2874
vn 0.9736 -0.0606 -0.2201
vn 0.7219 0.6853 -0.0955
vn 0.9882 0.0607 -0.1404
vn 0.9997 0.0201 -0.0133
vn 0.0739 0.1314 0.9886
vn 0.1271 0.2338 0.9640
vn 0.0229 0.0903 0.9957
vn 0.5879 0.0694 0.8060
vn 0.9745 0.0181 -0.2238
vn 0.9799 0.0122 -0.1992
vn 0.2696 0.4230 -0.8651
vn -0.0208 -0.9981 0.0576
vn -0.0157 -0.7238 -0.6898
vn 0.0015 -0.0105 0.9999
vn 0.0017 -0.0105 0.9999
vn 0.0014 -0.0104 0.9999
vn -0.1619 -0.9772 0.1372
vn -0.7535 0.1146 0.6474
vn -0.9794 -0.0126 -0.2015
vn -0.9794 -0.0093 -0.2018
vn 0.2677 0.3455 0.8994
vn 0.7995 0.6002 -0.0242
vn 0.6777 0.3249 0.6597
vn 0.6893 0.3488 0.6349
vn 0.6990 0.3698 0.6121
vn -0.7922 -0.3361 0.5093
vn 0.5532 0.4429 0.7055
vn 0.9627 0.0174 0.2701
vn 0.5505 -0.1252 -0.8254
vn 0.1126 -0.1551 0.9815
vn 0.1684 0.3382 0.9259
vn 0.1271 0.2338 0.9639
vn 0.1638 0.2808 0.9457
vn -0.5987 0.7690 -0.2239
vn 0.7508 -0.5297 -0.3945
vn 0.8551 -0.1817 0.4857
vn 0.1026 -0.0230 0.9945
vn 0.9987 0.0243 -0.0451
vn 0.9994 0.0348 -0.0006
vn 0.9931 -0.0820 -0.0837
vn 0.9944 -0.1052 0.0044
vn 0.9917 -0.1281 -0.0115
vn -0.0151 0.9688 -0.2475
vn 0.1379 0.9302 -0.3401
vn 0.5114 -0.0056 -0.8593
vn 0.3448 0.0236 0.9384
vn 0.3217 0.0354 0.9462
vn 0.3391 0.0265 0.9404
vn 0.3183 0.0370 0.9473
vn 0.0864 0.0361 -0.9956
vn 0.1569 -0.0517 -0.9863
vn -0.9631 0.2629 0.0579
vn -0.1486 -0.9855 0.0816
vn -0.2475 -0.9678 0.0450
vn -0.2262 -0.9726 0.0530
vn 0.1576 -0.3332 -0.9296
vn 0.9647 0.1061 -0.2411
vn 0.4388 -0.5231 0.7306
vn 0.1002 0.0284 -0.9946
vn 0.7207 -0.0061 -0.6932
vn -0.6388 0.2038 -0.7419
vn 0.9642 -0.2644 0.0199
vn 0.9694 -0.2452 0.0103
vn 0.9480 -0.3150 0.0455
vn 1.0000 0.0008 -0.0005
vn 0.1626 -0.6475 -0.7445
vn 0.9373 -0.2537 0.2387
vn 0.8309 0.3662 0.4189
vn -0.5425 0.0049 -0.8401
vn 0.3991 0.1069 -0.9107
vn -0.1279 -0.9878 0.0890
vn -0.1485 -0.9855 0.0816
vn 0.3410 -0.1487 0.9282
vn -0.9361 0.0773 0.3431
vn -0.9587 0.1005 0.2659
vn -0.9433 0.0841 0.3210
vn -0.9720 0.1186 0.2026
vn -0.4375 -0.2414 0.8662
vn -0.2859 -0.2064 0.9358
vn -0.3488 -0.2171 0.9117
vn -0.5213 -0.5784 0.6274
vn -0.5274 -0.5999 0.6017
vn -0.5188 -0.5699 0.6373
vn -0.5943 -0.5418 -0.5944
vn 0.1366 0.0086 -0.9906
vn -0.2915 -0.9503 -0.1089
vn -0.7274 -0.2024 -0.6557
vn 0.0750 -0.0461 0.9961
vn -0.0172 0.0105 0.9998
vn 0.0304 0.0004 0.9995
vn 0.9891 -0.0536 -0.1374
vn -0.4728 -0.0839 -0.8771
vn -0.4583 -0.0753 -0.8856
vn -0.5190 -0.1121 -0.8474
vn 0.1356 -0.8512 0.5070
vn -0.0212 -0.2099 0.9775
vn 0.9917 -0.1282 -0.0105
vn 0.6794 0.1044 -0.7263
vn 0.6616 0.1254 -0.7393
vn 0.6833 0.0996 -0.7233
vn -0.5294 -0.1185 -0.8401
vn -0.5306 -0.6120 0.5864
vn -0.6448 -0.6618 0.3823
vn -0.9774 0.0058 -0.2112
vn -0.1754 0.3040 -0.9364
vn -0.9658 0.1675 0.1977
vn 0.4455 0.8615 -0.2437
vn 0.9502 -0.0124 0.3115
vn 0.7100 -0.0942 -0.6979
vn -0.6390 -0.1082 -0.7616
vn 0.0049 -0.2898 0.9571
vn 0.2051 0.9783 -0.0293
vn -0.7653 0.6396 0.0721
vn -0.7885 0.6055 0.1080
vn -0.7701 0.6329 0.0793
vn 0.9997 -0.0252 -0.0007
vn 1.0000 -0.0000 0.0092
vn -0.7508 0.6586 0.0511
vn 0.8778 0.4397 0.1899
vn -0.9341 -0.3563 0.0224
vn 0.0399 -0.0086 0.9992
vn -0.7219 -0.5389 -0.4341
vn 0.7070 -0.5624 0.4288
vn -0.4773 -0.2577 0.8401
vn -0.4738 -0.2446 0.8460
vn -0.1417 0.1563 0.9775
vn 0.0461 -0.1943 -0.9799
vn 0.5185 -0.1793 0.8360
vn 0.6058 0.3963 -0.6899
vn 0.9311 0.0045 -0.3647
vn 0.9220 -0.0061 -0.3870
vn 0.9619 0.0486 -0.2689
vn -0.0094 0.9995 -0.0302
vn 0.2245 0.0596 -0.9726
vn 0.2452 0.0270 -0.9691
vn 0.1465 0.0660 -0.9870
vn -0.9566 -0.2642 0.1228
vn 0.1323 0.0356 0.9906
vn 0.1754 -0.0407 0.9837
vn 0.1494 0.0055 0.9888
vn 0.7953 -0.0153 0.6060
vn 0.0498 0.0443 -0.9978
vn 0.1235 0.0132 -0.9923
vn 0.0803 0.0315 -0.9963
vn 0.3311 0.2623 0.9064
vn 0.2437 0.7500 -0.6149
vn 0.0554 -0.3805 0.9231
vn 0.3456 0.8806 -0.3241
vn -0.3679 -0.4546 -0.8112
vn -0.2264 -0.9739 0.0140
vn -0.0757 0.9103 0.4070
vn -0.8147 -0.4659 -0.3453
vn 0.8912 0.2326 0.3895
vn 0.6329 0.3781 -0.6757
vn -0.5347 -0.0209 0.8448
vn 0.0093 -0.0091 0.9999
vn -0.4924 -0.1687 -0.8539
vn -0.7670 0.6403 0.0417
vn 0.5463 0.8356 0.0581
vn 0.5382 0.8404 0.0638
vn 0.5489 0.8340 0.0562
vn 0.2306 -0.9717 0.0508
vn 0.2486 -0.9560 0.1557
vn -0.2802 -0.8334 0.4763
vn -0.9693 0.0851 0.2306
vn -0.9652 0.0664 0.2528
vn -0.9678 0.0777 0.2394
vn 0.3469 0.3480 0.8709
vn 0.7597 -0.0034 -0.6502
vn 0.9230 -0.1724 -0.3441
vn -0.2007 -0.0888 -0.9756
vn -0.0301 -0.1796 -0.9833
vn -0.0671 -0.1606 -0.9847
vn -0.4888 -0.8580 0.1577
vn -0.9460 -0.0163 0.3237
vn -0.9861 -0.1379 -0.0924
vn -0.3749 -0.3022 -0.8764
vn 0.7220 0.6669 -0.1845
vn -0.0087 -0.9998 -0.0168
vn 0.7592 -0.0862 0.6451
vn -0.4478 0.6348 -0.6297
vn 0.9131 -0.4078 0.0017
vn 0.0321 0.1032 -0.9941
vn 0.9999 0.0016 -0.0123
vn -0.6442 0.3038 0.7019
vn -0.8190 0.5461 -0.1764
vn -0.8177 0.5457 -0.1831
vn -0.8134 0.5443 -0.2050
vn 0.0811 -0.0054 -0.9967
vn -0.0427 -0.0508 -0.9978
vn 0.9678 0.0594 -0.2447
vn -0.8504 -0.0157 0.5259
vn 0.4031 0.8690 -0.2869
vn 0.6901 0.0207 0.7234
vn 0.7833 0.1271 -0.6085
vn 0.7443 0.0972 -0.6608
vn 0.5461 -0.0465 0.8365
vn -0.0540 0.9658 0.2537
vn -0.0030 0.9756 0.2195
vn 0.0351 0.9902 0.1348
vn 0.0766 -0.6616 0.7459
vn 0.2341 0.1692 0.9574
vn 0.2027 0.2039 0.9578
vn 0.2064 0.1960 0.9586
vn 0.7431 -0.3215 -0.5868
vn -0.7076 0.5622 0.4280
vn 0.2720 -0.8272 -0.4916
vn 0.5949 0.8035 0.0227
vn -0.0764 -0.7499 0.6571
vn -0.0062 0.4215 -0.9068
vn 0.3168 0.8196 -0.4774
vn -0.4493 -0.8921 0.0482
vn -0.7052 -0.7028 -0.0930
vn -0.7104 -0.7000 -0.0736
vn -0.7070 -0.7019 -0.0865
vn 0.7492 0.6623 -0.0107
vn 0.4711 0.4077 -0.7822
vn 0.0267 0.1102 0.9935
vn -0.0790 0.0621 0.9949
vn -0.0173 0.0105 0.9998
vn 0.0239 -0.6911 -0.7223
vn 0.5737 -0.4337 0.6948
vn -0.1077 -0.9837 0.1443
vn 0.5855 0.7941 0.1630
vn 0.4360 0.0529 -0.8984
vn 0.4290 0.0228 -0.9030
vn 0.4369 0.0570 -0.8977
vn 0.0601 0.9980 -0.0205
vn -0.1199 0.9927 -0.0151
vn -0.0322 0.9994 0.0117
vn -0.9048 -0.4019 0.1406
vn -0.7834 0.2980 -0.5454
vn -0.2008 -0.0887 -0.9756
vn -0.2401 -0.0667 -0.9685
vn -0.1286 -0.6352 -0.7616
vn 0.9612 0.2722 -0.0437
vn -0.9287 -0.0880 0.3603
vn 0.0216 0.4746 0.8800
vn 0.0494 0.9986 -0.0174
vn -0.9761 -0.0367 0.2142
vn -0.2766 -0.2928 0.9153
vn -0.9929 -0.0529 0.1064
vn -0.9569 -0.1147 0.2669
vn -0.9429 -0.1300 0.3067
vn 0.8716 -0.0844 0.4829
vn 0.5286 -0.0254 0.8485
vn -0.5898 0.7663 -0.2549
vn -0.9317 -0.1314 -0.3386
vn 0.1782 0.4471 -0.8765
vn 0.2437 0.9673 0.0705
vn 0.0602 0.9980 -0.0205
vn 0.3124 0.9473 -0.0705
vn 0.9389 0.3200 -0.1270
vn 0.7997 -0.2246 -0.5568
vn 0.0635 0.9958 -0.0655
vn 0.2644 0.9611 -0.0800
vn -0.5445 -0.1366 -0.8275
vn -0.4745 -0.1203 -0.8720
vn -0.4672 -0.1186 -0.8761
vn -0.7913 0.3960 -0.4659
vn 0.3124 0.9473 -0.0706
vn 0.8392 -0.0804 0.5378
vn -0.8823 0.0048 0.4707
vn -0.0408 0.9103 -0.4120
vn -0.4454 -0.0031 -0.8953
vn -0.4737 -0.0088 -0.8806
vn -0.3945 0.0070 -0.9189
vn 0.8377 -0.5335 -0.1167
vn 0.7071 0.3885 0.5908
vn -0.1101 -0.1386 0.9842
vn -0.5008 -0.8529 0.1472
vn 0.0552 -0.9976 -0.0406
vn 0.2165 0.8765 0.4299
vn 0.2294 0.8649 0.4466
vn 0.2070 0.8848 0.4175
vn 0.3361 0.3631 -0.8690
vn 0.3356 0.3636 -0.8690
vn 0.4575 0.8479 0.2679
vn 0.5818 -0.1222 -0.8041
vn 0.5505 -0.1251 -0.8254
vn 0.5315 0.0258 -0.8467
vn 0.4744 0.0090 -0.8803
vn 0.4757 0.0092 -0.8796
vn 0.4753 0.0091 -0.8798
vn -0.7185 0.5980 -0.3552
vn -0.7845 -0.5938 0.1788
vn 0.7616 -0.6396 -0.1040
vn 0.6065 -0.7941 -0.0398
vn -0.1371 0.1980 0.9706
vn 0.9959 -0.0875 -0.0214
vn 0.6895 0.7096 0.1450
vn 0.0308 0.1509 -0.9881
vn 0.0503 0.2014 -0.9782
vn 0.0132 0.1266 -0.9919
vn 0.9878 0.0446 0.1494
vn -0.9230 0.1729 0.3438
vn -0.9207 0.1707 0.3510
vn 0.5518 0.8333 -0.0331
vn 0.2529 0.0291 -0.9671
vn 0.8711 -0.1009 0.4807
vn 0.8408 -0.3275 -0.4310
vn -0.8780 -0.4614 -0.1277
vn 0.1429 0.0644 -0.9876
vn 0.0701 0.0150 -0.9974
vn 0.1814 0.0797 -0.9802
vn 0.6522 -0.7576 0.0245
vn 0.1029 -0.0688 0.9923
vn -0.5833 0.2734 -0.7648
vn 0.4758 0.0092 -0.8795
vn 0.4160 0.1573 -0.8956
vn -0.8224 0.5470 -0.1564
vn 0.6224 0.1390 -0.7703
vn 0.3713 0.4963 -0.7847
vn 0.3116 0.1375 -0.9402
vn 0.3110 0.1397 -0.9401
vn 0.3096 0.1444 -0.9398
vn -0.0590 0.0140 -0.9982
vn -0.1454 0.4848 0.8625
vn 0.1281 0.1840 -0.9746
vn 0.0931 0.2014 -0.9751
vn 0.1417 0.1771 -0.9740
vn 0.0257 -0.0217 -0.9994
vn -0.6923 -0.0662 -0.7186
vn -0.7004 -0.0658 -0.7107
vn -0.6982 -0.0659 -0.7129
vn 0.3110 0.1396 -0.9401
vn 0.3117 0.1375 -0.9402
vn 0.3133 0.1319 -0.9405
vn 0.0619 0.2168 -0.9743
vn 0.4801 -0.3708 -0.7950
vn -0.6889 -0.0664 -0.7218
vn 0.2659 -0.9498 0.1645
vn 0.2444 -0.9671 0.0704
vn 0.2667 -0.9490 0.1679
vn 0.9184 0.2954 0.2632
vn -0.4333 0.8384 0.3306
vn 0.7595 0.6277 -0.1709
vn 0.9014 -0.2887 -0.3227
vn 0.2811 -0.9298 0.2376
vn 0.6513 0.6872 0.3218
vn -0.3771 -0.9246 -0.0536
vn 0.8830 -0.2868 0.3715
vn -0.8381 -0.5435 0.0462
vn 0.6920 0.7210 -0.0353
vn 0.7107 0.7030 0.0286
vn 0.5780 0.8118 -0.0829
vn 0.0692 0.2306 -0.9706
vn 0.0503 0.2015 -0.9782
vn -0.4006 0.1980 0.8946
vn 0.2012 0.9769 -0.0722
vn 0.8803 0.4735 0.0292
vn 0.0998 0.9949 -0.0108
vn 0.1103 0.9935 0.0270
vn 0.0689 0.9954 0.0663
vn -0.7294 0.2677 0.6295
vn -0.7347 0.2843 0.6160
vn -0.7307 0.2715 0.6264
vn -0.0058 0.9940 -0.1091
vn 0.0133 -0.3900 0.9207
vn -0.0189 -0.2896 0.9570
vn 0.0027 -0.4234 0.9059
vn 0.9250 -0.3433 0.1630
vn 0.7168 0.6732 0.1817
vn 0.9936 0.1128 0.0102
vn 0.9294 0.3575 -0.0920
vn 0.8752 0.4824 0.0377
vn 0.8921 0.4509 0.0276
vn 0.9442 0.3293 -0.0097
vn 0.6518 0.7553 0.0685
vn 0.9999 0.0106 -0.0110
vn -0.4995 0.8657 0.0329
vn -0.4648 0.8854 0.0010
vn -0.4721 0.8815 0.0076
vn 0.9773 -0.1431 0.1563
vn 0.9428 -0.3291 0.0527
vn -0.0286 -0.1416 -0.9895
vn -0.0808 -0.0520 -0.9954
vn -0.1067 -0.0737 -0.9916
vn -0.5446 -0.1366 -0.8275
vn -0.5524 -0.1385 -0.8220
vn 0.7749 -0.5971 -0.2074
vn -0.9261 0.1047 -0.3624
vn -0.9080 -0.1754 -0.3806
vn -0.1613 -0.3352 -0.9283
vn 0.5199 0.8434 -0.1357
vn 0.4869 0.8613 -0.1454
vn 0.5779 0.8076 -0.1177
vn 0.3550 0.8550 0.3781
vn 0.8433 0.5304 -0.0868
vn 0.8454 0.4261 0.3221
vn 0.8600 0.4206 0.2890
vn 0.8655 0.4183 0.2755
vn 0.9902 0.1334 -0.0415
vn 0.9293 0.0042 0.3694
vn 0.9320 0.0027 0.3624
vn 0.9363 0.0004 0.3512
vn -0.0865 0.0835 0.9927
vn -0.0366 0.1499 0.9880
vn -0.0407 0.1600 0.9863
vn 0.9197 0.0091 0.3925
vn 0.9292 0.0042 0.3694
vn 0.2795 0.2030 0.9384
vn -0.1251 0.0849 -0.9885
vn -0.8206 0.5548 -0.1375
vn 0.6958 -0.0649 -0.7153
vn -0.0125 -0.0116 -0.9999
vn 0.0051 0.0484 -0.9988
vn 0.0052 -0.9993 0.0368
vn -0.5127 -0.2697 -0.8151
vn -0.8599 0.4095 -0.3047
vn 0.4609 0.8827 -0.0916
vn 0.8000 0.5891 -0.1142
vn 0.8321 0.5470 -0.0914
vn 0.8106 0.5649 -0.1542
vn -0.2867 0.0108 0.9580
vn 0.0134 0.7294 0.6840
vn 0.0289 0.7666 0.6415
vn 0.0274 0.6855 0.7276
vn -0.0271 0.9656 0.2585
vn -0.0053 0.9783 0.2071
vn -0.0469 0.9513 0.3046
vn 0.6600 0.7459 -0.0894
vn -0.8347 -0.5394 0.1111
vn -0.4815 0.6326 -0.6067
vn 0.2183 0.1312 0.9670
vn 0.5669 -0.7595 -0.3190
vn 0.3835 -0.8531 -0.3537
vn 0.3980 -0.8369 -0.3757
vn 0.9957 0.0883 -0.0284
vn 0.0497 0.0443 -0.9978
vn 0.0133 0.0596 -0.9981
vn 0.0182 0.5329 0.8460
vn -0.5016 0.8644 0.0348
vn 0.0025 0.1463 -0.9892
vn -0.7014 -0.7047 -0.1069
vn 0.5332 0.1786 0.8269
vn -0.2666 0.7334 -0.6253
vn 0.9957 -0.0892 -0.0238
vn 0.3225 0.0200 0.9464
vn 0.1181 0.9687 0.2184
vn 0.0276 0.9960 -0.0852
vn -0.0056 0.6058 0.7956
vn -0.0060 0.6090 0.7931
vn -0.0140 0.6762 0.7366
vn -0.0015 -0.9989 -0.0470
vn -0.0035 -0.9971 -0.0766
vn 0.0088 -0.9937 0.1118
vn 0.0092 -0.9930 0.1179
vn -0.0060 0.6091 0.7931
vn -0.0143 0.6786 0.7344
vn 0.0012 0.8917 -0.4525
vn -0.0013 0.8973 -0.4413
vn 0.0396 0.7837 -0.6199
vn -0.0286 -0.1417 -0.9895
vn -0.0378 -0.0554 -0.9977
vn -0.4712 0.0843 0.8780
vn -0.2893 0.0104 0.9572
vn 0.9070 0.0223 0.4205
vn -0.9230 -0.0968 0.3725
vn -0.5277 -0.0287 -0.8490
vn -0.8505 0.5114 -0.1232
vn 0.3954 0.0840 0.9147
vn 0.4503 0.0681 0.8903
vn 0.3197 0.1048 0.9417
vn 0.6743 0.7376 0.0345
vn 0.6934 0.7205 -0.0089
vn 0.6831 0.7281 0.0567
vn 0.8922 0.4509 0.0276
vn 0.9550 0.2961 -0.0196
vn 0.3907 -0.1071 0.9143
vn -0.9712 0.0950 0.2187
vn 0.1388 -0.1637 0.9767
vn 0.1301 -0.2160 0.9677
vn 0.1443 -0.1285 0.9812
vn 0.0422 0.7748 -0.6308
vn -0.0296 -0.9957 -0.0880
vn 0.5893 0.8079 -0.0010
vn 0.9405 0.0068 0.3398
vn 0.8701 0.0612 0.4891
vn 0.9244 0.0214 0.3807
vn 0.1511 0.9883 -0.0183
vn 0.1227 0.9924 -0.0113
vn -0.0002 0.9998 0.0189
vn -0.3441 0.0167 -0.9388
vn 0.7962 0.6046 -0.0245
vn 0.7950 0.6063 -0.0186
vn -0.4757 0.8796 -0.0021
vn 0.9838 0.1371 0.1159
vn 0.9701 0.1746 0.1688
vn 0.9570 0.2022 0.2079
vn 0.0258 -0.9601 0.2786
vn 0.0203 -0.9544 0.2979
vn 0.0013 -0.9320 0.3624
vn 0.9883 0.1207 0.0928
vn 0.9701 0.1746 0.1687
vn 0.9838 0.1371 0.1158
vn 0.2998 0.0652 -0.9518
vn 0.7532 0.0295 -0.6572
vn 0.9988 -0.0060 -0.0483
vn 0.0444 0.2273 -0.9728
vn 0.6174 0.5701 0.5420
vn 0.6194 0.2224 -0.7529
vn 0.5342 0.6915 0.4864
vn -0.9205 0.1294 -0.3688
vn -0.0505 0.5877 -0.8075
vn -0.0505 0.5901 -0.8058
vn -0.0284 0.6285 -0.7773
vn 0.4817 0.8759 0.0260
vn 0.1175 -0.9911 -0.0626
vn -0.9865 -0.1369 0.0901
vn 0.0043 0.6832 -0.7302
vn -0.0293 0.6288 -0.7770
vn 0.2494 -0.2413 -0.9379
vn 0.4718 0.1000 -0.8760
vn 0.4182 0.0798 -0.9048
vn 0.4885 0.1116 -0.8654
vn 0.5125 -0.8551 0.0778
vn 0.4705 0.1269 -0.8732
vn 0.4430 0.1415 -0.8853
vn 0.5256 0.8499 -0.0361
vn 0.9399 -0.3230 -0.1105
vn -0.9875 0.0629 0.1445
vn -0.0917 0.9865 -0.1355
vn -0.7365 -0.6754 -0.0388
vn -0.0285 -0.8586 -0.5118
vn 0.0120 0.0324 0.9994
vn 0.1727 -0.6411 -0.7478
vn 0.9641 0.2450 0.1019
vn 0.7107 0.7029 0.0286
vn 0.7374 0.6743 0.0400
vn 0.7376 0.6746 0.0288
vn 0.6772 0.7021 -0.2202
vn 0.6740 0.6921 -0.2582
vn 0.6793 0.7106 -0.1834
vn -0.0006 0.9946 -0.1034
vn 0.0176 0.9709 -0.2387
vn 0.0004 0.9982 -0.0594
vn -0.0165 0.9784 -0.2058
vn -0.1285 0.9896 -0.0643
vn 0.8563 0.5072 -0.0978
vn 0.1398 0.0500 0.9889
vn 0.8017 0.5540 -0.2246
vn -0.6929 0.7211 -0.0022
vn 0.1614 -0.6075 -0.7778
vn 0.2701 -0.3400 -0.9008
vn 0.5033 0.0120 0.8640
vn 0.1236 -0.8842 0.4504
vn 0.2183 0.0060 0.9759
vn 0.2469 0.0229 0.9688
vn 0.3058 0.0370 0.9514
vn 0.9896 0.0963 -0.1073
vn 0.2818 0.1199 0.9520
vn 0.2410 0.1665 0.9561
vn 0.7075 0.7067 0.0065
vn 0.2420 0.8527 0.4629
vn 0.1063 0.0806 0.9911
vn -0.0652 0.9974 -0.0318
vn -0.1378 0.9902 0.0208
vn -0.1303 0.9915 -0.0027
vn 0.7464 -0.0820 0.6604
vn 0.1381 0.9779 -0.1568
vn 0.0654 0.9896 -0.1284
vn 0.0400 0.9988 -0.0267
vn -0.0002 0.9986 -0.0525
vn -0.0176 -0.1071 -0.9941
vn -0.1288 -0.1479 -0.9806
vn -0.0604 0.2941 0.9539
vn -0.0179 -0.2964 -0.9549
vn -0.7412 -0.1237 0.6598
vn 0.1268 -0.7979 0.5894
vn 0.3920 0.9063 0.1581
vn 0.2513 0.1225 0.9601
vn -0.1291 0.9911 0.0329
vn 0.6742 0.7385 0.0068
vn 0.3157 0.1109 -0.9424
vn 0.3593 0.0672 -0.9308
vn 0.3591 0.0671 -0.9309
vn 0.6804 0.7174 -0.1496
vn -0.0021 0.1970 -0.9804
vn -0.3568 0.0093 -0.9341
vn 0.6999 -0.7099 0.0788
vn 0.9579 -0.2865 -0.0169
vn -0.8880 -0.4341 -0.1517
vn -0.6537 0.7292 0.2024
vn -0.2188 -0.0424 0.9749
vn -0.7359 0.2883 0.6127
vn -0.0858 -0.0595 0.9945
vn -0.2963 0.9471 0.1234
vn -0.9702 -0.0708 -0.2319
vn -0.1479 -0.9874 0.0563
vn 0.0144 0.1257 0.9920
vn 0.0236 0.1081 0.9939
vn 0.0103 0.1335 0.9910
vn -0.9727 0.0713 0.2207
vn 0.8245 0.4325 0.3650
vn 0.2221 0.1181 0.9678
vn -0.0995 0.9311 0.3510
vn -0.0171 0.9646 0.2633
vn -0.1021 0.9298 0.3537
vn -0.1145 0.9934 -0.0061
vn 0.1624 0.1930 0.9677
vn 0.1485 -0.1009 0.9837
vn 0.1443 -0.1284 0.9812
vn -0.9389 0.0322 0.3427
vn -0.9208 0.0399 0.3880
vn -0.9419 0.0308 0.3346
vn 0.2660 0.9513 -0.1557
vn 0.2985 0.9281 -0.2224
vn 0.2899 0.9349 -0.2045
vn 0.1549 0.0437 0.9870
vn 0.6837 0.7209 0.1134
vn 0.6793 0.7219 0.1322
vn 0.6782 0.7220 0.1369
vn 0.9156 0.4009 0.0301
vn -0.2496 0.1440 0.9576
vn 0.5086 0.3421 -0.7901
vn 0.1578 -0.0923 0.9831
vn 0.0053 -0.3846 0.9231
vn -0.0616 0.9390 0.3383
vn 0.0718 -0.3562 0.9316
vn 0.8983 0.4050 -0.1706
vn 0.9006 0.4291 -0.0695
vn 0.8832 0.4684 -0.0230
vn 0.2207 -0.9719 0.0812
vn 0.1826 -0.9817 0.0535
vn 0.1261 -0.9919 0.0129
vn 0.9992 0.0095 0.0400
vn 0.5983 0.7972 -0.0803
vn 0.9972 0.0749 0.0043
vn 0.9976 0.0694 0.0067
vn 0.9963 0.0854 -0.0001
vn -0.4588 0.6914 -0.5581
vn -0.9983 0.0359 -0.0455
vn 0.0125 0.1118 0.9937
vn 0.9688 -0.1642 -0.1856
vn -0.8521 0.2550 -0.4571
vn -0.7901 -0.1465 -0.5952
vn 0.8445 0.5311 -0.0697
vn 0.0352 0.9119 0.4090
vn 0.0485 0.0243 -0.9985
vn 0.6526 -0.5363 -0.5353
vn -0.0670 0.3040 0.9503
vn 0.2870 -0.0540 0.9564
vn 0.7737 0.6332 0.0224
vn 0.0668 0.0071 0.9977
vn 0.9848 -0.0635 -0.1619
vn 0.9709 -0.0196 -0.2385
vn -0.7807 -0.5882 -0.2109
vn 0.9860 -0.0874 0.1422
vn 0.9957 -0.0392 0.0838
vn 0.9936 -0.0524 0.0998
vn -0.1891 -0.5582 -0.8079
vn 0.5666 0.0314 0.8234
vn 0.6731 -0.0136 0.7394
vn 0.6461 -0.0016 0.7632
vn 0.7154 -0.0332 0.6980
vn 0.1509 0.5622 0.8131
vn 0.2470 0.5810 0.7755
vn 0.2249 0.5772 0.7850
vn 0.3548 0.5947 0.7214
vn -0.1789 0.9833 0.0328
vn 0.4799 -0.0030 0.8773
vn 0.5428 0.0073 0.8398
vn 0.4934 -0.0008 0.8698
vn 0.7215 -0.3497 0.5976
vn 0.6057 -0.0138 0.7956
vn -0.1872 0.9622 -0.1978
vn 0.2899 0.9349 -0.2046
vn 0.3263 0.9024 -0.2814
vn 0.2788 0.1467 -0.9491
vn -0.0045 1.0000 -0.0020
vn -0.9846 0.0293 0.1721
vn -0.9811 0.0226 0.1920
vn -0.9913 0.0454 0.1239
vn -0.3353 0.0861 0.9382
vn -0.3461 0.0104 0.9381
vn -0.3381 0.0128 0.9410
vn -0.0381 0.9989 0.0281
vn -0.5407 -0.8136 -0.2136
vn 0.1974 -0.9789 0.0526
vn 0.2505 -0.9665 0.0553
vn 0.1895 -0.9805 0.0521
vn 0.0280 0.7720 0.6351
vn 0.6551 -0.6913 -0.3049
vn 0.6895 -0.6889 -0.2238
vn 0.2904 0.1135 0.9502
vn 0.0131 0.9998 -0.0179
vn -0.0249 0.9997 0.0018
vn -0.0102 0.9999 -0.0058
vn 0.8160 0.5478 -0.1844
vn 0.7836 0.5996 -0.1626
vn 0.8151 0.5554 -0.1646
vn -0.3449 -0.2279 0.9106
vn 0.0686 0.8114 0.5805
vn 0.1072 0.9040 0.4138
vn 0.0761 0.8311 0.5508
vn -0.0790 0.9151 -0.3954
vn 0.3195 -0.0009 -0.9476
vn -0.2560 -0.9657 0.0425
vn 0.2398 0.1113 0.9644
vn 0.9148 0.3897 0.1059
vn 0.6350 -0.7721 -0.0260
vn 0.6848 0.7206 0.1084
vn 0.3723 0.2242 0.9006
vn -0.9938 -0.1114 0.0034
vn -0.9932 -0.1137 0.0267
vn -0.9930 -0.1141 0.0309
vn -0.9961 0.0669 0.0583
vn 0.1175 0.3021 0.9460
vn -0.3527 0.1217 0.9278
vn -0.9929 0.0759 -0.0911
vn -0.9825 0.0965 -0.1596
vn -0.9753 0.1106 -0.1912
vn -0.1398 -0.9152 -0.3779
vn 0.0352 -0.8087 -0.5872
vn -0.5191 0.8098 0.2734
vn 0.3367 -0.9380 0.0827
vn 0.3703 -0.9237 0.0977
vn 0.3553 -0.9303 0.0910
vn 0.3256 -0.9423 0.0778
vn -0.6575 -0.7527 -0.0336
vn 0.1923 0.9264 0.3237
vn 0.1190 0.0314 -0.9924
vn 0.1301 0.0333 -0.9909
vn 0.1214 0.0318 -0.9921
vn -0.9845 -0.1204 0.1278
vn -0.1009 0.6146 0.7823
vn -0.2065 0.5298 0.8226
vn -0.1529 0.5746 0.8040
vn 0.3980 -0.8369 -0.3758
vn 0.5000 -0.7756 -0.3853
vn 0.1261 -0.9919 0.0128
vn 0.1825 -0.9817 0.0535
vn 0.0856 -0.9962 -0.0160
vn -0.2505 0.9628 0.1009
vn 0.0026 0.0094 1.0000
vn 0.0086 0.0019 1.0000
vn 0.0417 -0.0111 0.9991
vn 0.1053 -0.0343 0.9938
vn 0.1547 0.3094 -0.9383
vn 0.0828 0.0183 0.9964
vn 0.7071 0.7067 0.0249
vn 0.4562 0.0439 0.8888
vn 0.9957 0.0930 -0.0033
vn 0.0117 0.9983 -0.0574
vn 0.0792 0.7574 0.6481
vn 0.8339 -0.3545 -0.4229
vn -0.9835 -0.1385 0.1168
vn -0.9450 -0.2070 0.2534
vn -0.9792 -0.1485 0.1380
vn 0.8553 -0.0459 0.5161
vn -0.8778 -0.3964 0.2689
vn 0.7974 0.5987 0.0759
vn 0.9702 0.2310 -0.0726
vn -0.2756 0.8515 -0.4461
vn -0.2893 0.8554 -0.4297
vn -0.3193 0.8626 -0.3924
vn -0.9981 0.0504 -0.0360
vn -0.0481 0.6520 0.7567
vn 0.3970 -0.5688 -0.7203
vn -0.0247 -0.3078 0.9511
vn 0.9322 -0.3617 -0.0168
vn 0.8438 0.0513 0.5343
vn 0.7116 0.5159 0.4769
vn -0.0995 0.9310 0.3511
vn -0.1021 0.9297 0.3538
vn -0.1646 0.8936 0.4177
vn 0.2315 0.9726 -0.0230
vn 0.2599 0.9656 -0.0073
vn 0.1969 0.9795 -0.0420
vn 0.7205 -0.2400 -0.6506
vn -0.8755 0.4803 -0.0533
vn 0.8652 0.4984 -0.0553
vn -0.1635 0.3660 0.9161
vn -0.0180 0.9995 -0.0245
vn 0.0174 0.3406 -0.9400
vn -0.9048 -0.3626 -0.2233
vn -0.9069 -0.3599 -0.2192
vn -0.9075 -0.3591 -0.2180
vn 0.3989 0.3729 0.8378
vn -0.9248 -0.2371 0.2975
vn -0.3609 -0.2504 -0.8984
vn -0.0050 0.9934 -0.1146
vn 0.0377 0.0935 -0.9949
vn 0.0352 -0.9817 -0.1870
vn 0.0558 0.4945 -0.8674
vn 0.1030 0.4945 -0.8631
vn 0.0918 0.4946 -0.8643
vn 0.2281 0.0129 0.9736
vn 0.0299 -0.0502 0.9983
vn 0.1592 -0.0093 0.9872
vn 0.8756 0.4822 -0.0277
vn 0.8848 0.4657 0.0160
vn 0.8895 0.4493 0.0833
vn 0.1776 0.9811 -0.0771
vn 0.2465 0.0189 0.9690
vn 0.6201 -0.7679 -0.1607
vn 0.8648 0.5004 -0.0416
vn -0.7346 0.6719 0.0940
vn 0.6562 0.6673 -0.3522
vn 0.7634 0.5440 0.3482
vn 0.3156 0.0435 0.9479
vn 0.1970 0.0905 0.9762
vn 0.0285 -0.0118 -0.9995
vn 0.8795 0.4469 0.1636
vn 0.0293 0.0973 0.9948
vn 0.4218 0.8372 -0.3481
vn 0.8921 -0.0297 0.4508
vn 0.3165 0.5965 -0.7376
vn 0.4020 0.5621 -0.7228
vn 0.2095 0.1342 0.9686
vn 0.0363 0.4942 -0.8686
vn 0.8672 0.0272 0.4973
vn 0.1172 -0.8731 0.4732
vn 0.3385 -0.9364 0.0922
vn 0.6993 -0.0704 -0.7114
vn 0.3902 0.0485 0.9194
vn -0.0406 -0.6508 0.7582
vn 0.3886 0.3983 0.8309
vn 0.6948 0.7097 -0.1166
vn 0.6244 0.7503 -0.2169
vn 0.6364 0.7447 -0.2011
vn 0.3233 0.8667 0.3799
vn 0.4325 -0.0043 -0.9016
vn 0.4708 -0.0399 -0.8813
vn 0.4415 -0.0126 -0.8972
vn 0.0045 -0.9980 -0.0624
vn 0.9989 0.0459 0.0032
vn 0.9984 0.0562 -0.0037
vn 0.9992 0.0395 0.0075
vn 0.9905 0.0373 0.1325
vn 0.5703 0.8152 0.1012
vn 0.5592 0.7743 -0.2962
vn 0.6983 -0.6612 -0.2741
vn 0.7192 -0.6397 -0.2713
vn 0.7065 -0.6529 -0.2731
vn 0.3903 0.0485 0.9194
vn 0.4829 0.0560 0.8739
vn 0.3059 0.0370 0.9514
vn -0.9045 0.4205 0.0715
vn -0.9165 0.3943 0.0667
vn -0.8848 0.4593 0.0786
vn 0.2769 0.2479 0.9284
vn 0.5705 0.1872 0.7997
vn 0.7261 -0.6323 -0.2703
vn 0.4058 0.0197 -0.9137
vn -0.9098 0.2488 0.3323
vn -0.8584 0.5055 0.0870
vn -0.9044 0.4206 0.0715
vn 0.2849 0.0727 -0.9558
vn 0.8669 0.0030 0.4984
vn -0.1225 -0.2486 0.9608
vn -0.8582 -0.4221 -0.2921
vn -0.1205 -0.8650 0.4871
vn 0.8752 0.0416 -0.4819
vn 0.1844 0.0256 0.9825
vn -0.8517 -0.4142 0.3211
vn -0.9626 0.2394 0.1269
vn 0.1236 -0.9734 -0.1928
vn 0.9325 0.0548 -0.3571
vn 0.5906 -0.7725 -0.2333
vn 0.4899 0.0544 0.8701
vn 0.9995 0.0284 0.0150
vn 0.9989 0.0460 0.0032
vn 0.0395 0.3607 0.9318
vn -0.1664 -0.0224 0.9858
vn 0.4935 0.3023 -0.8155
vn -0.7991 0.2160 -0.5610
vn 0.7997 0.0045 0.6003
vn 0.3051 0.8025 -0.5127
vn -0.0707 0.2633 0.9621
vn 0.2794 -0.3237 0.9040
vn -0.8118 0.4422 -0.3813
vn -0.2599 0.6193 -0.7409
vn 0.0714 -0.0266 -0.9971
vn 0.1591 -0.1008 -0.9821
vn 0.1125 -0.0613 -0.9918
vn 0.9735 0.1250 -0.1914
vn 0.9525 0.2340 -0.1950
vn 0.9833 0.1025 -0.1501
vn 0.0522 0.5060 0.8609
vn 0.5460 0.0450 -0.8366
vn 0.2035 -0.1385 -0.9692
vn -0.2792 0.9601 -0.0169
vn 0.2556 -0.0001 0.9668
vn 0.2751 -0.0230 0.9611
vn 0.3188 -0.0593 0.9460
vn -0.6762 0.6342 0.3749
vn -0.6564 -0.4812 -0.5810
vn 0.9988 0.0273 -0.0414
vn 0.9735 0.1249 -0.1914
vn 0.9834 0.1024 -0.1501
vn 0.0644 0.9015 -0.4281
vn 0.9998 0.0080 -0.0207
vn -0.9070 -0.0248 0.4205
vn -0.9468 -0.0013 0.3219
vn -0.9393 0.0512 0.3392
vn 0.2110 0.0109 0.9774
vn -0.9393 0.0513 0.3391
vn -0.9666 0.0179 0.2556
vn -0.2910 -0.2353 -0.9273
vn 0.0195 -0.0077 -0.9998
vn 0.0192 0.0296 -0.9994
vn 0.0195 -0.0137 -0.9997
vn 0.9899 0.1091 -0.0904
vn 0.2930 0.1626 0.9422
vn 0.3587 0.1451 0.9221
vn 0.9899 0.1092 -0.0905
vn 0.9998 0.0081 -0.0207
vn 0.9856 0.1189 -0.1201
vn 0.1877 0.2661 0.9455
vn -0.9277 -0.0237 0.3725
vn 0.0197 -0.0460 -0.9987
vn -0.5598 0.2036 -0.8032
vn -0.9072 0.0050 0.4207
vn 0.3572 0.9294 0.0931
vn 0.4529 0.8857 0.1023
vn 0.3006 0.9527 0.0453
vn 0.6957 0.6888 -0.2037
vn -0.7014 -0.3407 0.6261
vn -0.0585 -0.9936 0.0966
vn -0.0260 -0.9881 0.1516
vn -0.0295 -0.9881 0.1511
vn -0.0280 -0.5248 -0.8508
vn 0.1110 0.2656 0.9577
vn -0.1422 0.1591 -0.9770
vn -0.0877 -0.0618 0.9942
vn -0.1939 -0.0519 0.9796
vn -0.0859 -0.0620 0.9944
vn 0.3571 0.9294 0.0931
vn 0.1986 0.9801 -0.0071
vn 0.1194 -0.2303 -0.9658
vn 0.1846 -0.2300 -0.9555
vn 0.1213 -0.2129 -0.9695
vn 0.1422 0.9870 -0.0748
vn -0.0824 -0.9964 -0.0219
vn 0.0590 0.9870 -0.1495
vn -0.0009 -0.9906 -0.1367
vn 0.1078 -0.1675 -0.9800
vn 0.1212 -0.2128 -0.9695
vn 0.1258 -0.1425 -0.9818
vn 0.0338 0.9819 -0.1865
vn 0.0097 -0.0702 0.9975
vn 0.1193 -0.2303 -0.9658
vn 0.1212 -0.2129 -0.9695
vn -0.1256 0.2132 0.9689
vn 0.0043 0.9837 -0.1799
vn 0.8517 -0.4785 0.2139
vn 0.1584 0.0563 0.9858
vn 0.0568 -0.9822 -0.1789
vn 0.0906 -0.9598 -0.2658
vn 0.9837 -0.1762 -0.0347
vn -0.2427 -0.5471 -0.8011
vn -0.0368 0.9896 -0.1392
vn 0.0099 0.9947 -0.1020
vn -0.0441 0.9886 -0.1441
vn 0.3625 0.9297 0.0655
vn -0.0043 -0.9244 0.3814
vn 0.8832 0.4684 -0.0229
vn 0.9270 0.3747 0.0154
vn 0.4761 -0.0036 0.8794
vn 0.4798 -0.0030 0.8774
vn -0.5483 0.6816 0.4846
vn 0.6961 0.7006 -0.1568
vn 0.6982 0.7016 -0.1424
vn 0.6994 0.7022 -0.1331
vn -0.0371 0.1466 -0.9885
vn -0.0070 -0.0710 -0.9975
vn -0.0125 0.9790 -0.2037
vn -0.9722 -0.0088 0.2341
vn -0.9660 0.1044 0.2366
vn -0.9684 0.0796 0.2366
vn -0.9474 0.2212 0.2315
vn -0.9922 0.1229 -0.0221
vn -0.0813 0.9962 -0.0323
vn 0.0477 0.7522 -0.6572
vn -0.1162 -0.9904 -0.0752
vn -0.2404 0.8398 -0.4867
vn -0.5451 -0.8206 0.1717
vn -0.8891 0.0867 0.4493
vn 0.3513 -0.1532 -0.9236
vn 0.0132 0.9998 -0.0179
vn 0.0255 0.9994 -0.0243
vn -0.2435 -0.9071 -0.3432
vn 0.0761 0.8312 0.5508
vn 0.1073 0.9041 0.4137
vn 0.1166 0.9224 0.3682
vn -0.0407 0.1601 0.9863
vn 0.0470 0.1189 0.9918
vn 0.0126 0.9811 0.1930
vn 0.0031 0.9800 0.1991
vn 0.0036 0.9798 0.1999
vn 0.9659 -0.2404 0.0961
vn 0.0844 -0.0448 0.9954
vn 0.0767 -0.0801 0.9938
vn 0.0538 -0.1041 0.9931
vn -0.9121 0.0433 0.4078
vn 0.6473 0.7592 -0.0678
vn 0.4929 0.8682 0.0579
vn 0.5715 0.8201 0.0294
vn -0.0024 0.9949 -0.1006
vn -0.0371 0.0498 -0.9981
vn -0.1668 -0.9809 -0.0998
vn 0.4838 0.2027 -0.8514
vn -0.0177 -0.9991 -0.0383
vn -0.0087 -0.9998 -0.0169
vn -0.9988 0.0346 -0.0336
vn -0.9892 -0.1019 0.1058
vn -0.9889 -0.1030 0.1072
vn -0.9900 -0.0984 0.1010
vn -0.1127 0.3161 0.9420
vn -0.0876 0.3086 0.9472
vn -0.0828 0.3071 0.9481
vn 0.0372 0.6093 0.7920
vn 0.9209 0.3871 -0.0451
vn 0.9197 0.3849 -0.0782
vn 0.9378 0.3471 -0.0125
vn 0.7451 0.6251 0.2326
vn 0.7436 0.6253 0.2367
vn 0.7436 0.6253 0.2368
vn 0.0026 0.4897 0.8719
vn 0.0110 0.4612 0.8872
vn 0.0091 0.4700 0.8826
vn 0.1743 0.9832 -0.0542
vn 0.6844 0.7291 0.0016
vn -0.6533 -0.7571 0.0052
vn -0.6574 -0.7535 0.0102
vn -0.6480 -0.7617 -0.0012
vn -0.9942 -0.1066 0.0118
vn -0.9969 -0.0604 0.0502
vn -0.9967 -0.0685 0.0436
vn -0.5848 -0.0163 0.8110
vn 0.9363 -0.3332 -0.1111
vn -0.9905 0.1336 0.0319
vn -0.8768 0.4806 0.0122
vn -0.8858 0.4636 -0.0236
vn -0.8970 0.4345 -0.0813
vn -0.8238 0.5108 -0.2458
vn 0.0008 -0.2469 0.9690
vn 0.7800 0.6023 -0.1700
vn 0.1503 -0.6297 0.7622
vn -0.3343 0.9396 0.0735
vn 0.0483 0.9988 0.0092
vn 0.0514 0.1089 0.9927
vn 0.0028 0.9992 -0.0400
vn 0.2433 0.1820 -0.9527
vn 0.2437 0.1832 -0.9524
vn 0.3233 0.9463 0.0030
vn 0.3291 0.9443 0.0051
vn 0.3121 0.9500 -0.0010
vn -0.0251 -0.0704 -0.9972
vn 0.0085 -0.2162 -0.9763
vn -0.6433 -0.7656 -0.0068
vn -0.2232 -0.0065 -0.9748
vn -0.2210 0.1164 -0.9683
vn -0.2223 0.0638 -0.9729
vn -0.5107 0.0599 0.8577
vn -0.5201 0.0821 0.8502
vn -0.5086 0.0551 0.8592
vn -0.2365 0.0571 0.9700
vn -0.1372 0.0750 0.9877
vn -0.2035 0.0739 0.9763
vn -0.9262 -0.2398 0.2909
vn -0.2118 0.7280 0.6521
vn -0.0293 0.8787 0.4764
vn -0.1481 0.9753 -0.1640
vn 0.6744 0.7376 0.0346
vn 0.6596 0.7227 0.2063
vn 0.7418 0.6255 0.2421
vn 0.1741 -0.9846 -0.0182
vn 0.0479 0.9988 -0.0027
vn -0.2407 0.9685 0.0629
vn -0.0236 0.9701 0.2416
vn 0.9994 0.0242 0.0262
vn 0.1256 0.0252 0.9918
vn 0.0513 -0.0799 0.9955
vn 0.8064 0.5652 -0.1739
vn -0.7330 -0.5638 0.3805
vn 0.0818 0.0669 0.9944
vn 0.1842 0.0646 0.9808
vn 0.7257 -0.3787 0.5744
vn -0.2903 0.7638 0.5764
vn -0.7157 0.2511 0.6517
vn -0.5528 -0.7686 0.3220
vn -0.2573 0.0211 0.9661
vn -0.4091 0.0697 0.9098
vn -0.4966 0.0322 -0.8674
vn 0.9619 -0.0711 0.2641
vn 0.8607 -0.0826 -0.5024
vn -0.1890 0.7716 0.6073
vn 0.4435 0.0871 -0.8920
vn -0.4215 0.0672 0.9043
vn -0.9954 -0.0443 0.0844
vn -0.9569 -0.1147 0.2668
vn -0.9929 -0.0528 0.1064
vn -0.9937 0.0639 -0.0915
vn -0.9948 0.0265 -0.0985
vn -0.9943 0.0507 -0.0940
vn 0.3066 0.9058 -0.2924
vn -0.2011 0.1502 -0.9680
vn -0.2680 0.6917 0.6706
vn 0.7806 0.1071 0.6158
vn 0.1089 0.8200 0.5619
vn -0.9922 0.0896 -0.0867
vn -0.9826 -0.0373 0.1821
vn 0.9858 -0.0237 0.1663
vn 0.9861 -0.0240 0.1646
vn 0.9862 -0.0189 0.1644
vn -0.9083 -0.0653 -0.4132
vn 0.9844 -0.0202 0.1750
vn -0.7127 0.0432 0.7002
vn -0.7134 0.0630 0.6980
vn -0.7125 0.0403 0.7005
vn -0.3935 0.0383 -0.9185
vn -0.4007 0.1018 -0.9105
vn -0.4024 0.0451 -0.9144
vn 0.9986 0.0531 0.0019
vn -0.7115 0.0203 0.7024
vn -0.3460 -0.0463 0.9371
vn 0.9971 0.0765 -0.0029
vn -0.5084 0.0025 -0.8611
vn -0.5106 0.0053 -0.8598
vn 0.6990 0.2067 0.6846
vn 0.9922 0.1246 0.0101
vn 0.9971 0.0766 -0.0029
vn -0.7195 -0.2249 0.6571
vn -0.5098 0.0058 -0.8603
vn -0.3135 -0.9430 0.1116
vn 0.2150 0.1521 0.9647
vn 0.2296 0.1056 0.9676
vn 0.2104 0.0389 0.9768
vn 0.7923 0.5703 0.2168
vn 0.0357 0.9988 0.0330
vn 0.0385 0.9991 -0.0167
vn 0.1817 -0.0125 -0.9833
vn -0.9917 -0.1164 0.0547
vn -0.9962 -0.0184 0.0849
vn 0.7043 0.7072 -0.0620
vn -0.9091 -0.3570 -0.2148
vn 0.9471 0.0018 0.3209
vn -0.7728 -0.0099 0.6346
vn 0.1170 -0.0419 0.9922
vn 0.0594 0.7723 0.6325
vn 0.0289 0.7666 0.6414
vn 0.9629 0.0867 -0.2556
vn 0.3740 0.9043 -0.2060
vn 0.0062 0.0919 -0.9958
vn 0.0567 -0.9822 -0.1788
vn -0.0347 0.9612 0.2738
vn -0.9635 -0.2650 0.0381
vn 0.3082 0.9513 -0.0024
vn -0.9825 0.1683 -0.0796
vn -0.4710 0.6276 -0.6199
vn 0.2930 -0.9544 0.0574
vn -0.3548 -0.7799 0.5156
vn 0.5388 -0.2794 -0.7948
vn 0.0979 0.2739 -0.9568
vn -0.6402 -0.0212 0.7679
vn -0.1487 -0.9718 -0.1828
vn 0.0212 -0.5757 0.8174
vn 0.9543 -0.2783 0.1090
vn -0.9688 -0.0023 -0.2478
vn -0.9904 -0.0968 0.0989
vn -0.9699 -0.0896 -0.2262
vn 0.9824 -0.1002 0.1578
vn 0.1309 0.0334 -0.9908
vn 0.3275 -0.2312 0.9161
vn 0.3267 -0.2308 0.9165
vn 0.3200 -0.2273 0.9198
vn 0.4580 0.1775 0.8711
vn 0.5167 0.1295 0.8463
vn 0.4191 0.2076 0.8839
vn 0.9506 0.3090 0.0289
vn 0.5795 -0.8097 -0.0924
vn 0.1704 -0.2107 0.9626
vn 1.0000 0.0067 0.0046
vn 0.1963 -0.0114 0.9805
vn 0.9651 -0.0862 0.2473
vn 0.9732 -0.0726 0.2180
vn 0.9536 -0.1028 0.2830
vn 0.9772 -0.0652 0.2022
vn 0.1260 0.0075 0.9920
vn 0.0593 0.6482 0.7592
vn -0.0860 0.7082 -0.7008
vn -0.0572 0.7178 -0.6939
vn -0.0323 0.7255 -0.6875
vn -0.0860 0.1781 -0.9803
vn -0.4764 0.3244 0.8172
vn -0.4772 0.2813 0.8325
vn -0.4768 0.3102 0.8225
vn -0.5133 0.8282 -0.2251
vn 0.6628 -0.6385 -0.3911
vn -0.5791 0.0123 -0.8152
vn -0.6075 -0.0124 -0.7942
vn -0.5434 0.0803 -0.8356
vn 0.2610 0.7967 0.5451
vn -0.1103 0.1737 -0.9786
vn -0.0345 0.9984 -0.0457
vn -0.0551 0.9963 0.0663
vn -0.0397 0.9991 -0.0178
vn 0.3700 -0.5431 -0.7538
vn 0.2111 0.0997 0.9724
vn 0.2071 0.0986 0.9733
vn 0.2199 0.1023 0.9701
vn 0.2200 0.1023 0.9701
vn 0.2288 0.1049 0.9678
vn -0.7187 -0.4221 -0.5526
vn 0.3023 0.2516 -0.9194
vn 0.2398 0.2795 -0.9297
vn 0.3282 0.1840 -0.9265
vn -0.2241 0.1310 0.9657
vn 0.0670 0.9343 -0.3502
vn -0.0651 0.9530 0.2960
vn -0.0410 0.9486 0.3137
vn -0.0033 0.9419 0.3357
vn -0.0229 -0.9996 0.0154
vn -0.1637 -0.9811 0.1029
vn -0.0971 -0.9942 0.0462
vn -0.9722 -0.0089 0.2341
vn -0.9684 0.0796 0.2365
vn -0.9724 -0.0092 0.2332
vn -0.9320 0.0905 -0.3509
vn -0.9386 0.0248 -0.3442
vn -0.9315 0.0945 -0.3513
vn -0.8258 0.4960 -0.2685
vn -0.8035 0.5579 -0.2077
vn -0.7877 0.6036 -0.1235
vn -0.8110 0.5601 -0.1689
vn -0.6207 0.7798 0.0814
vn -0.2684 0.0524 -0.9619
vn -0.2849 0.0379 -0.9578
vn -0.2702 0.0500 -0.9615
vn -0.2875 0.0371 -0.9571
vn 0.3189 -0.2267 0.9203
vn 0.0220 -0.3988 0.9168
vn -0.0030 0.9095 0.4157
vn 0.0160 0.8385 0.5447
vn 0.0045 0.8465 0.5324
vn -0.0353 0.8984 0.4377
vn 0.0514 0.9986 0.0089
vn -0.0585 0.9947 0.0850
vn -0.0722 0.9476 0.3113
vn 0.2426 0.9483 -0.2045
vn 0.3156 0.1459 -0.9376
vn 0.9632 -0.1801 -0.1995
vn 0.9725 -0.1014 -0.2095
vn 0.9691 -0.1369 -0.2052
vn 0.0051 0.9864 0.1640
vn -0.0415 0.9979 0.0505
vn -0.0006 0.0640 -0.9980
vn 0.0170 -0.9997 0.0171
vn 0.1176 -0.1692 0.9785
vn 0.1736 -0.4675 0.8668
vn -0.3720 0.1534 0.9155
vn -0.9935 0.0631 -0.0949
vn -0.5020 0.0402 0.8639
vn -0.2372 0.1193 0.9641
vn -0.2035 0.0742 0.9763
vn -0.2499 0.0603 0.9664
vn -0.9946 0.0606 0.0841
vn -0.9943 0.0689 0.0811
vn -0.9940 0.0581 0.0922
vn -0.5081 -0.4366 -0.7424
vn -0.5527 0.2187 0.8042
vn -0.4315 0.1763 0.8847
vn -0.5949 0.2375 0.7680
vn -0.9008 0.4210 -0.1066
vn -0.0104 0.9976 -0.0688
vn -0.0928 0.9934 -0.0672
vn 0.0017 0.9960 -0.0894
vn 0.3189 0.6759 -0.6645
vn 0.2765 0.5911 -0.7577
vn 0.2104 0.0388 0.9769
vn -0.0204 0.9993 -0.0326
vn 0.0776 0.9957 -0.0497
vn 0.0310 0.9974 -0.0658
vn -0.6538 -0.1911 -0.7321
vn -0.8706 0.4815 0.1007
vn -0.6710 0.7390 -0.0609
vn -0.7907 0.6047 -0.0955
vn -0.8139 0.5449 -0.2017
vn -0.7923 0.6002 -0.1094
vn -0.7781 0.6248 -0.0649
vn -0.9951 0.0561 0.0817
vn -0.2387 0.8609 0.4493
vn -0.5868 -0.6291 -0.5098
vn -0.8929 0.1887 0.4087
vn 0.0022 0.9298 0.3680
vn 0.0990 0.5570 -0.8246
vn 0.0061 0.5686 -0.8226
vn 0.0233 0.5668 -0.8235
vn -0.0666 0.0168 0.9976
vn -0.8449 0.1865 0.5013
vn 0.4578 0.3438 -0.8199
vn 0.2132 0.5655 -0.7967
vn -0.6521 -0.7410 -0.1601
vn -0.7010 0.5520 -0.4515
vn -0.5232 -0.0084 -0.8522
vn -0.2822 -0.6880 -0.6686
vn -0.4813 0.8279 0.2881
vn -0.5476 0.7247 0.4182
vn 0.9333 0.3590 -0.0040
vn -0.2004 0.7989 0.5672
vn 0.6362 -0.0952 -0.7656
vn 0.6882 -0.0299 -0.7249
vn 0.6317 -0.1005 -0.7687
vn -0.8882 -0.0502 0.4566
vn -0.0098 0.4487 0.8936
vn -0.1458 0.9884 0.0432
vn -0.0737 0.9960 0.0515
vn -0.0596 0.9946 -0.0844
vn 0.0021 -0.0335 0.9994
vn 0.0043 -0.0371 0.9993
vn 0.0035 -0.0356 0.9994
vn 0.0098 -0.0461 0.9989
vn 0.0035 -0.0357 0.9994
vn 0.6876 0.6959 -0.2071
vn 0.0264 -0.9997 -0.0002
vn -0.9415 0.3316 -0.0610
vn -0.2819 0.1145 0.9526
vn -0.9946 0.1040 0.0070
vn -0.4871 0.1909 0.8522
vn 0.0010 0.0091 1.0000
vn -0.6739 -0.6203 0.4013
vn -0.4543 0.8447 0.2832
vn 0.0053 0.2590 -0.9659
vn 0.8975 0.4067 -0.1705
vn -0.1979 -0.1244 0.9723
vn 0.4365 -0.3093 -0.8448
vn 0.6608 0.2401 0.7111
vn -0.8953 -0.0158 -0.4451
vn -0.9667 -0.2494 -0.0579
vn 0.7734 -0.3516 -0.5275
vn -0.6300 0.4939 0.5993
vn -0.2580 0.9316 0.2561
vn 0.0655 -0.9953 0.0709
vn 0.1648 0.9861 0.0227
vn -0.0046 0.9995 -0.0312
vn 0.0210 0.9810 -0.1929
vn -0.3972 0.6385 0.6593
vn 0.0098 0.3944 0.9189
vn 0.4448 0.8833 0.1483
vn -0.0096 0.9786 -0.2057
vn -0.0465 -0.9705 0.2364
vn -0.9964 0.0650 0.0541
vn 0.5070 -0.6548 -0.5605
vn -0.7571 0.2973 0.5817
vn -0.4870 0.1909 0.8523
vn -0.2953 0.1269 0.9470
vn -0.4314 0.1763 0.8847
vn 0.0060 0.5686 -0.8226
vn -0.0687 0.5744 -0.8157
vn -0.0576 0.9116 0.4071
vn -0.4112 -0.0844 0.9076
vn -0.4905 -0.0537 0.8698
vn -0.4371 -0.0746 0.8963
vn 0.9530 -0.2348 -0.1917
vn -0.0736 0.8828 -0.4639
vn -0.1494 0.8906 -0.4296
vn -0.0452 0.8760 -0.4803
vn -0.3930 0.0306 0.9190
vn -0.4028 0.0287 0.9148
vn -0.4642 0.0164 0.8856
vn 0.8474 0.1545 -0.5079
vn -0.2746 -0.6874 -0.6724
vn -0.0232 0.1378 0.9902
vn 0.2387 0.3160 -0.9182
vn 0.2345 0.3091 -0.9217
vn 0.2313 0.3039 -0.9242
vn 0.8471 0.0175 -0.5312
vn 0.8653 0.0150 -0.5011
vn 0.7628 -0.0418 -0.6453
vn -0.8395 0.0479 0.5413
vn -0.0575 0.9116 0.4071
vn -0.0482 0.9111 0.4093
vn 0.1127 0.9928 0.0401
vn -0.5816 -0.1203 0.8045
vn 0.5763 -0.1623 -0.8010
vn 0.0679 0.9976 -0.0130
vn -0.0841 0.7376 0.6699
vn -0.0276 0.2378 0.9709
vn 0.0736 -0.9760 0.2047
vn -0.0360 0.9986 -0.0391
vn 0.0807 0.9954 -0.0520
vn 0.0334 0.9991 -0.0254
vn -0.4153 -0.0402 -0.9088
vn -0.3505 -0.0552 -0.9349
vn -0.2938 -0.0678 -0.9535
vn -0.0588 0.0665 -0.9960
vn -0.1843 -0.0177 -0.9827
vn -0.0864 0.0921 -0.9920
vn -0.6245 0.7810 0.0049
vn -0.6469 0.7626 -0.0014
vn -0.5640 0.8255 0.0213
vn -0.5295 0.8478 0.0301
vn -0.1837 0.7368 0.6507
vn -0.9214 0.3878 -0.0245
vn -0.9203 0.3902 -0.0292
vn -0.9161 0.3984 -0.0451
vn 0.2977 0.6264 0.7204
vn 0.2247 0.2931 -0.9293
vn 0.1394 0.9804 -0.1395
vn 0.4017 -0.7624 0.5073
vn 0.6831 -0.0843 -0.7255
vn 0.7702 -0.0279 -0.6371
vn 0.9057 0.4229 -0.0290
vn 0.4531 0.8512 -0.2647
vn -0.5123 -0.0449 0.8577
vn 0.7057 0.6587 -0.2611
vn 0.9116 -0.2388 0.3346
vn 0.8541 -0.2422 0.4602
vn 0.8821 -0.2413 0.4045
vn 0.1874 -0.9036 0.3853
vn 0.1675 -0.9115 0.3757
vn 0.1923 -0.9015 0.3876
vn -0.1166 -0.0527 -0.9918
vn -0.0467 0.9937 0.1019
vn -0.0068 0.1468 -0.9891
vn -0.0863 0.0922 -0.9920
vn 0.0246 0.2633 -0.9644
vn 0.2038 -0.9785 0.0312
vn -0.0148 -0.9984 -0.0551
vn -0.0228 -0.9996 0.0154
vn -0.9796 -0.1859 -0.0765
vn -0.7870 0.6170 0.0015
vn -0.8514 -0.3489 0.3917
vn 0.8680 -0.4805 -0.1254
vn -0.4388 0.7732 -0.4578
vn 0.0030 0.4564 0.8898
vn 0.0010 0.3315 0.9435
vn -0.0120 0.3044 0.9525
vn -0.1588 0.9778 -0.1371
vn 0.6668 0.7386 -0.0988
vn 0.6757 0.7298 -0.1040
vn 0.6750 0.7313 -0.0975
vn 0.0795 0.9939 -0.0764
vn -0.5953 0.0173 -0.8033
vn -0.0022 -0.1209 0.9927
vn 0.0935 -0.2988 0.9497
vn 0.9286 0.3703 0.0254
vn 0.8519 0.5237 0.0074
vn 0.9169 -0.2381 0.3204
vn 0.8822 -0.2413 0.4045
vn 0.2274 -0.8861 0.4040
vn 0.1924 -0.9015 0.3876
vn -0.0402 0.7881 -0.6143
vn 0.5091 0.4054 -0.7593
vn 0.0255 -0.0014 -0.9997
vn -0.2723 -0.0724 -0.9595
vn 0.5318 0.0812 -0.8430
vn -0.0588 0.0666 -0.9960
vn -0.0103 -0.9998 -0.0142
vn -0.6462 0.7601 -0.0689
vn -0.2223 0.0637 -0.9729
vn -0.2230 -0.0705 -0.9723
vn -0.9276 0.3735 0.0027
vn -0.8203 0.2320 -0.5227
vn -0.6532 -0.6574 0.3756
vn -0.8488 0.5287 -0.0065
vn -0.8509 0.5251 -0.0141
vn -0.8528 0.5218 -0.0211
vn -0.0316 0.7580 0.6515
vn 0.0056 0.7707 0.6371
vn -0.0047 0.7674 0.6412
vn 0.2926 0.4257 -0.8562
vn 0.9378 0.3470 -0.0124
vn 0.9856 0.1576 0.0612
vn 0.9334 0.3589 -0.0039
vn 0.3468 0.2599 0.9012
vn 0.5591 -0.4572 0.6916
vn -0.0126 0.2322 0.9726
vn -0.0083 0.3551 0.9348
vn -0.1833 0.6625 -0.7263
vn 0.6413 -0.0886 0.7621
vn -0.9903 -0.1054 -0.0905
vn -0.6299 0.0003 0.7767
vn -0.3511 0.1062 0.9303
vn 0.9685 -0.2468 -0.0324
vn -0.1338 0.0062 0.9910
vn -0.3389 0.0355 0.9402
vn -0.2465 0.0432 0.9682
vn -0.9907 0.1166 -0.0704
vn -0.9881 0.1261 -0.0878
vn -0.9868 0.1435 -0.0757
vn -0.9813 0.1611 -0.1056
vn 0.0062 0.0919 -0.9957
vn -0.0216 0.1240 -0.9920
vn -0.2117 0.9712 0.1094
vn 0.3284 0.9324 0.1508
vn -0.7002 -0.3510 0.6217
vn -0.1354 0.6161 -0.7759
vn 0.1398 0.1361 0.9808
vn 0.1076 0.1813 0.9775
vn 0.1243 0.1580 0.9796
vn 0.8476 0.1013 0.5209
vn 0.7947 0.0932 0.5998
vn 0.8574 0.1024 0.5044
vn 0.7763 -0.0342 0.6295
vn -0.0263 0.3821 -0.9238
vn 0.0049 0.3772 -0.9261
vn 0.0106 0.3935 -0.9193
vn 0.2448 0.0508 -0.9682
vn 0.1277 -0.0219 -0.9916
vn 0.0470 -0.9524 -0.3011
vn 0.0919 -0.9277 -0.3619
vn 0.0646 -0.9435 -0.3250
vn -0.3212 0.1387 0.9368
vn 0.6219 0.7817 0.0460
vn 0.6204 0.7830 0.0440
vn 0.6336 0.7712 0.0620
vn -0.2365 0.0571 0.9699
vn -0.4795 0.2441 0.8429
vn -0.9915 0.0920 -0.0919
vn -0.9913 0.0907 -0.0956
vn -0.8546 0.5185 -0.0278
vn -0.0592 0.2997 0.9522
vn -0.0876 0.3085 0.9472
vn -0.0124 0.2334 0.9723
vn 0.0170 0.3830 -0.9236
vn 0.9044 0.3605 -0.2283
vn -0.1601 0.2375 -0.9581
vn 0.9814 -0.1890 -0.0334
vn -0.9829 0.1828 -0.0234
vn -0.9863 0.1645 0.0149
vn -0.9877 0.1275 0.0903
vn -0.4643 0.0164 0.8855
vn -0.4029 0.0286 0.9148
vn -0.5361 0.0013 0.8442
vn -0.9216 0.1548 -0.3560
vn -0.9377 0.0484 -0.3440
vn -0.9453 0.3185 0.0711
vn -0.4773 0.2632 0.8384
vn -0.7983 0.6004 -0.0463
vn 0.6122 0.7900 0.0330
vn -0.2658 0.0909 0.9597
vn 0.3351 0.0382 -0.9414
vn 0.2671 0.0737 -0.9608
vn 0.3180 0.0473 -0.9469
vn 0.6874 0.7199 -0.0954
vn -0.8956 0.4400 -0.0658
vn 0.8790 -0.4648 0.1067
vn 0.0064 0.9976 -0.0682
vn 0.0464 0.2033 0.9780
vn 0.0033 0.1099 0.9939
vn 0.0266 0.1714 0.9848
vn 0.0124 -0.9999 0.0068
vn -0.9881 0.0343 0.1498
vn -0.4359 0.8999 0.0126
vn -0.4807 0.8752 -0.0538
vn -0.4396 0.8982 0.0073
vn -0.7763 0.6301 -0.0156
vn -0.2772 0.1952 0.9408
vn 0.3863 0.0105 -0.9223
vn 0.1130 0.9297 0.3506
vn 0.6751 0.7334 -0.0800
vn -0.3044 0.7250 0.6179
vn 0.2392 -0.3465 -0.9070
vn -0.3806 -0.7330 -0.5638
vn 0.7980 0.0793 0.5974
vn -0.9075 0.2139 0.3614
vn 0.4847 -0.4849 -0.7280
vn -0.2747 0.1573 0.9486
vn -0.4730 0.0681 -0.8784
vn -0.0368 0.9910 0.1285
vn 0.3590 0.8586 0.3660
vn 0.9435 0.2157 0.2517
vn 0.1006 0.9949 -0.0010
vn 0.1361 0.9893 -0.0528
vn 0.0487 0.9967 0.0650
vn 0.2008 0.8970 0.3937
vn -0.0000 0.7347 -0.6784
vn -0.3988 0.9148 0.0645
vn -0.7361 0.2354 0.6347
vn -0.2659 0.2404 -0.9335
vn -0.9590 0.2789 -0.0501
vn 0.0047 0.3049 0.9524
vn 0.1359 0.6078 0.7824
vn 0.0293 0.7266 -0.6864
vn -0.7847 0.2746 -0.5558
vn 0.0939 -0.6113 0.7858
vn -0.9584 0.2051 0.1986
vn 0.2943 0.6290 -0.7195
vn 0.1601 0.1072 0.9813
vn 0.1725 0.9846 0.0266
vn 0.8005 0.5123 -0.3111
vn 0.5104 -0.8582 0.0550
vn 0.8283 -0.5576 0.0553
vn -0.0335 0.9553 -0.2937
vn 0.0498 0.9796 -0.1948
vn -0.0118 0.9632 -0.2684
vn -0.7194 0.6904 0.0769
vn -0.6558 0.7524 -0.0615
vn -0.6413 0.7664 -0.0366
vn -0.6048 0.1226 -0.7869
vn 0.0466 0.7832 0.6200
vn -0.9144 0.2801 0.2923
vn -0.0222 0.9964 0.0823
vn 0.4450 0.7992 -0.4039
vn 0.8005 0.0782 0.5942
vn 0.0469 0.9824 -0.1808
vn -0.0596 0.9946 -0.0846
vn 0.0064 0.9976 -0.0683
vn -0.0044 0.0825 0.9966
vn 0.0959 0.0970 -0.9907
vn -0.5883 0.8016 -0.1065
vn -0.6396 0.7641 -0.0840
vn -0.7548 0.5258 -0.3923
vn -0.0070 0.9999 -0.0136
vn -0.0005 0.9999 -0.0106
vn -0.0124 0.9998 -0.0162
vn 0.0392 0.4927 0.8693
vn -0.1427 0.5405 0.8291
vn 0.1029 0.9183 -0.3822
vn 0.4248 0.3503 0.8348
vn 0.3973 0.3756 0.8373
vn 0.4338 0.3418 0.8337
vn -0.0548 0.9804 0.1891
vn 0.1403 -0.0476 -0.9890
vn -0.1140 -0.2164 -0.9696
vn -0.1022 -0.2707 -0.9572
vn -0.1174 -0.2006 -0.9726
vn -0.9739 0.2111 -0.0839
vn 0.0027 0.2652 0.9642
vn -0.9765 -0.2127 0.0340
vn -0.9764 -0.2136 0.0330
vn -0.9768 -0.2114 0.0354
vn -0.4641 0.8843 -0.0517
vn -0.3562 0.9344 0.0040
vn -0.0259 0.9584 -0.2844
vn -0.0311 0.9977 -0.0604
vn -0.0202 0.9954 -0.0935
vn -0.5528 0.8332 -0.0094
vn -0.0137 0.9997 0.0221
vn -0.4799 0.8757 -0.0541
vn -0.4973 0.8672 0.0249
vn -0.4840 0.8743 -0.0368
vn -0.1894 -0.6099 0.7695
vn 0.0782 0.9773 -0.1971
vn 0.0332 0.9430 -0.3312
vn 0.0344 0.9452 -0.3248
vn -0.3224 0.9445 0.0632
vn 0.9114 0.4093 0.0425
vn 0.0147 0.8399 -0.5425
vn 0.0725 0.0968 -0.9927
vn -0.0942 0.9270 -0.3629
vn -0.6815 0.7229 -0.1135
vn -0.7608 0.6337 -0.1400
vn -0.7260 0.6807 -0.0979
vn -0.2466 0.0432 0.9682
vn -0.9097 0.0534 0.4119
vn -0.5343 0.1344 -0.8345
vn -0.1013 0.9935 -0.0513
vn -0.0203 0.9954 -0.0935
vn 0.9800 0.1959 0.0355
vn 0.9755 0.2095 0.0664
vn 0.9797 0.1968 0.0376
vn 0.8974 -0.0645 0.4364
vn -0.8505 -0.2278 0.4740
vn 0.0338 0.9989 -0.0310
vn -0.0184 0.9998 -0.0003
vn 0.0584 0.9979 -0.0269
vn -0.0123 0.4398 0.8980
vn 0.3804 0.9236 -0.0472
vn 0.0240 0.8879 0.4595
vn 0.0398 0.1133 -0.9928
vn -0.9734 -0.2218 0.0579
vn -0.6416 -0.0116 -0.7669
vn -0.5396 0.1571 -0.8271
vn -0.8897 0.0556 0.4531
vn 0.0265 0.9786 -0.2039
vn 0.1114 0.2074 0.9719
vn 0.1805 -0.8670 0.4644
vn -0.3785 -0.7483 0.5447
vn -0.0033 0.1251 -0.9921
vn -0.0055 0.1344 -0.9909
vn 0.0153 0.0376 -0.9992
vn 0.0040 0.2301 -0.9731
vn -0.7097 0.5543 0.4349
vn -0.8318 0.4091 -0.3750
vn -0.2671 0.0622 -0.9617
vn -0.9586 0.0954 0.2681
vn 0.8677 0.4832 -0.1164
vn 0.0493 0.4723 -0.8800
vn -0.0112 0.9466 -0.3222
vn 0.0007 0.2249 -0.9744
vn -0.7046 0.6845 -0.1871
vn 0.0017 0.9960 -0.0895
vn 0.0171 0.9729 -0.2308
vn 0.2589 -0.9657 -0.0215
vn 0.9800 0.1958 0.0355
vn 0.9828 0.1844 0.0101
vn -0.8054 0.5876 0.0780
vn -0.9484 -0.3119 -0.0567
vn 0.5529 -0.8313 -0.0577
vn 0.1408 0.9871 -0.0765
vn 0.1180 -0.8111 0.5728
vn 0.0777 -0.2333 0.9693
vn 0.1767 -0.2264 0.9579
vn 0.0897 -0.2271 0.9697
vn -0.2034 0.7439 0.6365
vn -0.0567 -0.1806 -0.9819
vn 0.2995 -0.7147 -0.6320
vn 0.0515 0.9636 -0.2624
vn 0.1373 0.9534 -0.2687
vn 0.0330 0.9648 -0.2607
vn -0.0214 -0.3533 0.9353
vn 0.0094 -0.7652 -0.6437
vn 0.0145 -0.7464 -0.6653
vn 0.0444 -0.6211 -0.7825
vn -0.0247 -0.3725 0.9277
vn 0.0514 0.9636 -0.2623
vn 0.0329 0.9648 -0.2607
vn -0.0450 0.9664 -0.2529
vn 0.0478 -0.6049 -0.7949
vn 0.0417 0.9406 0.3371
vn 0.0235 0.9451 0.3259
vn 0.0180 0.9464 0.3225
vn 0.3802 -0.8979 0.2218
vn -0.0052 0.9514 0.3081
vn 0.9109 0.3814 -0.1577
vn -0.2142 -0.9760 -0.0394
vn -0.8490 0.5035 0.1602
vn 0.8826 -0.1468 0.4466
vn 0.8975 -0.2158 0.3846
vn 0.8953 -0.2026 0.3968
vn -0.8282 0.1868 0.5284
vn -0.3063 0.9494 -0.0688
vn -0.9885 0.1498 0.0218
vn -0.9874 0.1551 0.0313
vn -0.9844 0.1757 -0.0077
vn -0.7843 0.4386 0.4388
vn -0.4109 0.9109 -0.0381
vn 0.1674 -0.0267 0.9855
vn 0.1241 -0.0136 0.9922
vn 0.2106 -0.0187 0.9774
vn 0.9685 0.0193 0.2483
vn 0.9672 0.0170 0.2534
vn 0.9686 0.0191 0.2479
vn 0.9600 0.0085 0.2800
vn 0.9686 0.0191 0.2480
vn 0.0792 0.9762 -0.2017
vn -0.0052 0.9702 -0.2422
vn 0.3856 0.2561 -0.8864
vn 0.2397 0.2795 -0.9297
vn 0.3022 0.2516 -0.9194
vn 0.1759 0.2752 -0.9452
vn 0.0046 0.9983 0.0577
vn -0.5161 0.0146 -0.8564
vn 0.0153 0.2349 -0.9719
vn 0.0586 0.3710 -0.9268
vn 0.0372 0.3042 -0.9519
vn 0.0084 0.2127 -0.9771
vn -0.9920 0.1239 -0.0250
vn -0.8353 -0.1381 0.5322
vn -0.7989 -0.0390 0.6002
vn -0.7782 -0.0605 0.6251
vn -0.8114 0.5806 0.0675
vn -0.7763 0.6301 -0.0155
vn -0.7395 0.6718 0.0434
vn -0.2958 0.2543 0.9208
vn -0.7921 0.5493 0.2661
vn -0.8450 0.4664 0.2617
vn -0.7963 0.5433 0.2659
vn -0.8983 0.0768 -0.4325
vn -0.9910 -0.1325 -0.0200
vn 0.0101 0.3376 0.9412
vn 0.0226 0.3617 0.9320
vn -0.0050 0.3082 0.9513
vn -0.7069 0.6868 -0.1690
vn -0.3725 0.7029 0.6060
vn -0.1755 0.6488 -0.7404
vn -0.5987 0.3913 0.6989
vn -0.0512 0.1415 -0.9886
vn 0.0189 0.8097 0.5866
vn -0.6424 0.7623 -0.0785
vn -0.6570 0.7423 0.1315
vn -0.7586 0.1408 0.6362
vn -0.7723 0.5661 0.2881
vn -0.3135 0.1080 0.9434
vn -0.0390 0.9059 0.4218
vn 0.8651 0.3798 0.3275
vn 0.9924 0.1229 -0.0043
vn 0.9939 0.0733 0.0829
vn 0.9935 0.1128 0.0136
vn -0.4520 0.8462 -0.2821
vn -0.4630 0.8783 -0.1196
vn -0.4840 0.8743 -0.0369
vn -0.0637 0.9976 0.0267
vn -0.0090 0.9997 0.0245
vn -0.0481 0.9988 -0.0007
vn -0.6666 0.0902 0.7399
vn -0.0365 0.9498 -0.3108
vn 0.0711 0.9965 0.0450
vn 0.0850 0.9962 0.0167
vn 0.0802 0.9914 0.1031
vn 0.9042 -0.2759 0.3261
vn -0.4776 -0.4997 0.7227
vn -0.3031 0.2221 0.9267
vn -0.7959 0.2440 -0.5541
vn -0.0117 0.2950 0.9554
vn -0.8094 -0.5646 0.1615
vn -0.2953 0.3134 0.9025
vn -0.3212 0.1388 0.9368
vn -0.2958 0.2544 0.9207
vn -0.5057 0.8470 -0.1639
vn -0.6229 0.7653 -0.1625
vn -0.5456 0.8219 -0.1638
vn 0.1168 0.2303 0.9661
vn -0.0364 0.4720 0.8808
vn -0.0203 0.9984 -0.0526
vn -0.0110 0.9981 -0.0603
vn 0.0147 0.9690 -0.2467
vn 0.9920 0.0561 0.1127
vn -0.1834 0.8788 -0.4406
vn 0.0017 0.9833 -0.1820
vn 0.0147 0.9690 -0.2468
vn -0.9979 0.0464 0.0453
vn -0.9979 0.0467 0.0456
vn -0.9980 0.0452 0.0435
vn -0.0635 0.9980 0.0025
vn -0.0799 0.9967 0.0111
vn 0.0644 0.9979 0.0009
vn 0.0994 0.9950 -0.0051
vn 0.0949 0.9955 -0.0039
vn 0.0562 0.9978 0.0344
vn -0.1674 0.9859 0.0019
vn -0.2126 0.9768 -0.0259
vn 0.1962 0.9802 -0.0268
vn -0.9977 0.0480 0.0474
vn -0.9979 0.0467 0.0457
vn -0.9979 0.0465 0.0453
vn -0.0509 0.9979 0.0388
vn 0.8080 0.5791 -0.1087
vn 0.8113 0.5743 -0.1096
vn 0.8251 0.5536 -0.1134
vn 0.0281 0.0118 0.9995
vn 0.1457 -0.1611 0.9761
vn 0.1011 -0.0952 0.9903
vn 0.1717 -0.1997 0.9647
vn -0.5641 0.1724 -0.8075
vn -0.8020 0.5971 -0.0129
vn 0.0728 0.9971 -0.0214
vn 0.5294 0.8454 0.0712
vn -0.5660 0.8237 -0.0352
vn -0.4425 0.8675 0.2274
vn -0.5768 0.8151 -0.0530
vn 0.8486 0.4743 -0.2345
vn 0.8495 0.4838 -0.2106
vn 0.3334 0.2245 -0.9157
vn 0.5800 -0.5521 0.5990
vn 0.8471 0.1202 0.5176
vn -0.7351 0.6228 0.2679
vn -0.6360 0.7545 -0.1621
vn -0.9699 0.2435 0.0029
vn -0.9087 0.4158 -0.0377
vn -0.9104 0.4115 -0.0417
vn -0.9053 0.4241 -0.0256
vn -0.7456 0.6657 0.0291
vn 0.3164 -0.2871 -0.9041
vn -0.4519 0.8688 -0.2023
vn 0.6952 0.0628 -0.7160
vn 0.9757 -0.2101 0.0624
vn -0.2035 0.1083 0.9731
vn 0.0983 0.9951 0.0059
vn -0.1508 0.1244 0.9807
vn -0.9622 0.2722 0.0038
vn -0.6058 -0.5514 -0.5735
vn -0.0060 1.0000 0.0035
vn -0.0676 0.8564 -0.5119
vn -0.0597 0.8546 -0.5158
vn -0.0725 0.8574 -0.5095
vn 0.0879 0.9961 0.0006
vn -0.0236 0.9989 0.0398
vn 0.9480 0.3167 0.0306
vn 0.9537 0.3006 -0.0102
vn 0.9452 0.3231 0.0473
vn 0.8283 0.5485 -0.1143
vn -0.1278 0.9915 0.0243
vn -0.0031 0.9986 0.0535
vn 0.0907 0.9959 0.0023
vn -0.4660 0.6855 0.5594
vn -0.2730 0.3378 0.9008
vn -0.0372 0.9499 -0.3103
vn 0.0027 0.9534 -0.3018
vn -0.1467 0.1319 0.9803
vn -0.2227 0.9732 -0.0574
vn -0.7921 0.6065 0.0685
vn -0.8520 0.5219 -0.0415
vn -0.8728 0.4841 0.0629
vn -0.8661 0.4964 -0.0587
vn -0.9814 0.1822 -0.0600
vn -0.9861 0.1619 -0.0381
vn -0.9870 0.1489 -0.0602
vn -0.9400 -0.2006 -0.2762
vn -0.9573 0.2708 0.1012
vn -0.0790 0.8587 -0.5063
vn -0.0272 0.9978 -0.0605
vn 0.1899 0.9818 -0.0042
vn 0.1688 0.9855 -0.0191
vn -0.0459 0.1969 0.9793
vn -0.9712 0.2382 -0.0076
vn -0.9789 0.2037 -0.0160
vn -0.9220 0.3821 0.0631
vn 0.9348 0.3415 0.0971
vn 0.0088 0.2669 -0.9637
vn 0.0046 0.2618 -0.9651
vn -0.0153 0.2818 -0.9593
vn -0.6325 0.7712 0.0715
vn 0.0438 0.9989 0.0142
vn -0.6815 0.7230 -0.1135
vn -0.5768 0.8152 -0.0530
vn -0.5203 0.8523 -0.0536
vn -0.0212 0.9996 -0.0203
vn 0.0987 0.9222 -0.3738
vn 0.1733 -0.7310 -0.6600
vn 0.3758 0.9266 -0.0141
vn -0.3391 0.9330 0.1207
vn -0.2729 0.9573 0.0958
vn -0.2946 0.9499 0.1040
vn -0.9836 0.1630 -0.0772
vn -0.9579 -0.0567 -0.2814
vn -0.9802 0.1177 -0.1589
vn -0.9285 0.3713 0.0074
vn -0.9218 0.3873 0.0177
vn -0.9328 0.3605 0.0004
vn -0.8457 0.5320 0.0412
vn 0.5426 0.8396 -0.0243
vn 0.4726 0.8813 -0.0035
vn 0.4807 0.8769 -0.0058
vn -0.7062 0.0613 0.7054
vn -0.4558 0.8878 0.0630
vn 0.1176 0.9922 -0.0422
vn -0.3774 0.9161 0.1351
vn -0.2947 0.9499 0.1040
vn 0.0119 0.9824 0.1863
vn 0.3830 0.8150 -0.4347
vn -0.8903 0.2871 0.3535
vn 0.9743 -0.2035 -0.0969
vn -0.9888 0.1452 -0.0354
vn 0.8220 -0.5526 0.1374
vn 0.8257 -0.5523 0.1152
vn 0.8234 -0.5525 0.1295
vn 0.8266 -0.5521 0.1088
vn 0.8786 -0.0582 0.4741
vn -0.9531 -0.2851 0.1012
vn 0.5309 0.5784 0.6194
vn 0.8862 -0.4485 0.1165
vn -0.2721 0.4913 -0.8274
vn 0.7205 0.2243 -0.6562
vn 0.8041 0.3649 -0.4693
vn 0.0887 -0.3320 -0.9391
vn 0.8011 -0.5431 -0.2513
vn -0.5035 0.3751 -0.7783
vn -0.6056 -0.1070 0.7885
vn -0.3035 -0.5812 0.7550
vn -0.1229 0.0999 -0.9874
vn 0.5559 -0.1884 -0.8096
vn -0.9905 -0.0824 0.1099
vn 0.9767 0.1475 0.1561
vn -0.1430 0.4472 0.8829
vn -0.0752 0.3473 -0.9347
vn -0.0336 0.2991 -0.9536
vn -0.0335 0.2991 -0.9536
vn 0.1179 0.9570 -0.2651
vn -0.4168 0.8042 0.4238
vn -0.9728 0.1182 -0.1993
vn -0.9870 0.1489 -0.0603
vn -0.9802 0.1177 -0.1590
vn 0.5511 0.8340 -0.0268
vn -0.4186 0.8959 0.1491
vn -0.3596 -0.1582 -0.9196
vn -0.9368 0.3498 -0.0064
vn 0.0175 0.9879 -0.1539
vn -0.9136 0.4064 -0.0148
vn -0.9087 0.4159 -0.0376
vn 0.8100 0.1618 0.5636
vn 0.2036 0.9791 0.0030
vn -0.0122 0.4150 0.9097
vn 0.1368 0.8907 -0.4336
vn 0.1372 0.8479 -0.5121
vn -0.0804 0.7381 -0.6698
vn -0.9053 0.4240 -0.0256
vn -0.9157 0.4016 -0.0131
vn -0.8559 0.4448 0.2639
vn -0.0393 0.2895 -0.9564
vn -0.8375 0.5464 -0.0088
vn -0.0136 0.9981 0.0604
vn -0.0018 0.9905 -0.1377
vn 0.1176 0.9922 -0.0423
vn -0.1057 0.9826 0.1527
vn 0.0995 0.9106 -0.4011
vn -0.0555 0.9312 -0.3602
vn -0.0196 0.9479 -0.3179
vn -0.0556 0.9312 -0.3603
vn -0.2941 0.8858 -0.3589
vn -0.1776 0.9333 -0.3122
vn 0.4995 -0.1221 -0.8576
vn 0.2102 0.1511 -0.9659
vn 0.1586 0.0483 -0.9862
vn 0.1541 0.0395 -0.9873
vn 0.1586 0.0482 -0.9862
vn 0.1037 -0.0575 -0.9929
vn -0.1804 0.9627 -0.2015
vn 0.1617 0.9231 -0.3489
vn 0.3555 -0.0777 -0.9314
vn 0.6218 -0.5109 -0.5936
vn -0.8886 -0.4294 -0.1614
vn -0.7098 0.2909 -0.6415
vn 0.6668 0.7453 0.0010
vn -0.9976 -0.0603 0.0333
vn 0.7403 0.6703 0.0512
vn -0.3926 0.9193 -0.0270
vn -0.1155 -0.9930 -0.0259
vn -0.6886 0.7210 -0.0779
vn 0.8300 0.5239 -0.1916
vn -0.0093 0.1312 0.9913
vn -0.0357 0.0870 0.9956
vn -0.0999 0.9891 0.1086
vn -0.1628 0.9865 0.0171
vn -0.7448 -0.0109 0.6671
vn -0.9108 0.3599 0.2025
vn 0.0952 0.8432 -0.5291
vn -0.7745 0.6322 -0.0210
vn -0.7194 0.6903 0.0768
vn 0.9556 0.0037 0.2948
vn -0.0422 -0.7771 0.6279
vn 0.0205 0.9167 0.3990
vn -0.9038 0.2136 -0.3708
vn -0.1798 0.6779 0.7128
vn 0.0222 0.0114 -0.9997
vn 0.0645 -0.9435 -0.3250
vn 0.0188 -0.9648 -0.2621
vn -0.9982 -0.0394 0.0454
vn -0.9975 0.0684 -0.0154
vn -0.9977 0.0662 -0.0164
vn -0.9972 0.0727 -0.0146
vn -0.9974 0.0698 -0.0165
vn 0.0899 0.0403 0.9951
vn 0.0225 0.0419 0.9989
vn 0.0321 0.0390 0.9987
vn 0.1797 0.2099 0.9611
vn 0.3779 0.0237 -0.9255
vn -0.0777 0.9827 0.1681
vn -0.0777 0.9827 0.1682
vn -0.1733 0.9775 0.1204
vn -0.4024 0.9153 0.0159
vn -0.4025 0.9153 0.0159
vn -0.4137 0.9103 0.0152
vn -0.0045 -0.0678 -0.9977
vn -0.0015 -0.0159 -0.9999
vn 0.0005 -0.0302 -0.9995
vn -0.0054 0.9994 -0.0347
vn -0.0355 0.9429 -0.3313
vn 0.0087 0.8223 -0.5690
vn -0.8739 -0.0103 0.4860
vn -0.9770 -0.2100 0.0367
vn -0.9993 0.0293 -0.0233
vn -0.9997 0.0200 -0.0166
vn -0.9999 0.0127 -0.0114
vn 0.0668 -0.0329 -0.9972
vn 0.0194 -0.9997 -0.0156
vn 0.0553 -0.9984 -0.0102
vn -0.9959 0.0505 0.0750
vn -0.9983 0.0230 0.0542
vn -0.9978 0.0407 0.0521
vn -0.9968 0.0789 -0.0115
vn -0.1819 -0.4275 0.8855
vn -0.9873 -0.0494 0.1509
vn 0.0881 0.0056 -0.9961
vn 0.0148 0.0608 -0.9980
vn -0.9990 0.0246 0.0385
vn -0.4874 -0.5125 0.7070
vn 0.8694 -0.4888 -0.0721
vn -0.0809 0.0497 0.9955
vn -0.1287 0.9832 -0.1292
vn 0.4883 0.8620 0.1359
vn -0.8512 0.1783 0.4937
vn 0.4605 0.1899 0.8671
vn 0.9608 -0.0727 0.2677
vn -0.2291 0.1271 -0.9651
vn 0.8933 0.1403 -0.4271
vn -0.9715 -0.1165 -0.2065
vn -0.5604 -0.0209 0.8279
vn -0.5955 -0.0598 0.8011
vn -0.5762 -0.0381 0.8164
vn 0.9418 -0.3355 0.0227
vn 0.9617 0.2718 0.0344
vn -0.0021 0.1687 -0.9857
vn -0.1259 -0.1593 -0.9792
vn -0.4396 0.8980 0.0198
vn -0.4403 0.8976 0.0230
vn -0.3445 0.2989 0.8899
vn -0.3651 0.3656 0.8561
vn -0.2561 0.2587 0.9314
vn -0.0058 0.9992 0.0401
vn -0.0003 0.1396 0.9902
vn -0.0086 0.1272 0.9918
vn 0.0050 0.1350 0.9908
vn -0.1097 0.0469 0.9929
vn -0.2056 0.1017 0.9733
vn 0.0320 0.0390 0.9987
vn -0.0457 0.9981 -0.0408
vn 0.0070 0.9995 -0.0318
vn -1.0000 0.0054 -0.0062
vn -0.8091 -0.0250 0.5871
vn -0.7276 0.0027 -0.6860
vn 0.0609 -0.1130 0.9917
vn 0.4658 0.3107 0.8286
vn 0.1032 0.0659 -0.9925
vn 0.5337 0.2862 0.7958
vn 0.2217 -0.0308 0.9746
vn 0.2021 -0.0746 0.9765
vn 0.0137 0.9997 0.0208
vn 0.0337 0.9994 0.0067
vn 0.0482 0.9988 -0.0034
vn -0.2236 0.2526 0.9414
vn -0.5719 0.8194 0.0388
vn -0.0790 0.0884 0.9929
vn -0.0871 0.0886 0.9923
vn 0.0606 0.9721 -0.2267
vn 0.1765 -0.2690 -0.9468
vn 0.0762 0.9968 -0.0231
vn 0.1031 0.0658 -0.9925
vn 0.0582 0.0989 -0.9934
vn 0.0181 -0.9988 -0.0461
vn -0.4397 0.8979 0.0198
vn -0.4742 0.8799 0.0305
vn -0.4403 0.8975 0.0230
vn -0.0933 0.0310 0.9952
vn -0.0693 0.9458 0.3173
vn -0.9985 0.0430 0.0349
vn -0.9988 0.0391 0.0296
vn -0.3606 0.2546 0.8973
vn -0.1288 0.0634 0.9896
vn -0.7815 0.6208 -0.0622
vn -0.3660 0.2971 0.8819
vn -0.4220 0.3464 0.8378
vn -0.4286 0.3522 0.8320
vn -0.5396 0.0012 0.8419
vn 0.3569 0.5014 -0.7882
vn -0.0860 0.9617 0.2603
vn 0.0108 0.9992 -0.0375
vn 0.0175 0.9463 0.3228
vn -0.5882 0.8081 -0.0317
vn -0.5859 0.8101 -0.0238
vn -0.5811 0.8138 -0.0081
vn -0.0105 0.2441 -0.9697
vn -0.3589 0.2908 0.8869
vn -0.0039 0.8514 0.5245
vn -0.0083 0.9997 0.0233
vn -0.1922 0.9802 0.0469
vn -0.1151 0.9933 -0.0137
vn -0.1739 0.9842 0.0325
vn -0.5771 0.8166 0.0046
vn -0.3408 0.4456 -0.8278
vn 0.4021 -0.0243 0.9153
vn -0.1776 0.3195 0.9308
vn -0.6201 0.7717 0.1411
vn -0.9419 0.2891 -0.1709
vn -0.1771 -0.1275 0.9759
vn 0.0499 0.6904 -0.7217
vn -0.0034 0.5068 -0.8621
vn -0.0027 0.5059 -0.8626
vn -0.0060 0.5102 -0.8601
vn -0.0210 -0.9546 0.2970
vn -0.4364 0.8971 -0.0691
vn -0.3584 0.9275 -0.1066
vn -0.4363 0.8971 -0.0691
vn 0.0950 0.9832 -0.1561
vn -0.0173 -0.0560 -0.9983
vn -0.1474 -0.0367 0.9884
vn 0.0744 0.9419 -0.3276
vn 0.1209 0.9270 -0.3552
vn 0.0498 0.9454 -0.3222
vn -0.0523 0.2554 -0.9654
vn -0.0681 0.9859 -0.1527
vn -0.9222 0.1984 0.3320
vn 0.0451 -0.1850 -0.9817
vn -0.9030 0.4129 -0.1191
vn -0.8989 0.4313 -0.0765
vn -0.9048 0.3975 -0.1529
vn -0.5948 -0.1142 -0.7957
vn -0.0212 0.9926 0.1199
vn 0.0168 -0.0387 -0.9991
vn -0.3691 0.0093 -0.9293
vn -0.2491 0.0679 -0.9661
vn -0.3058 0.0282 -0.9517
vn -0.2793 0.0352 -0.9596
vn 0.6399 0.7679 -0.0283
vn 0.7458 0.6654 -0.0305
vn 0.7366 0.6756 -0.0303
vn 0.0202 0.0480 -0.9986
vn -0.0074 0.1073 -0.9942
vn 0.0639 -0.9977 -0.0215
vn -0.3232 -0.0088 0.9463
vn -0.9816 0.1020 0.1615
vn -0.8961 0.4404 -0.0546
vn -0.0752 0.9692 -0.2343
vn -0.1439 0.9755 -0.1661
vn 0.0148 0.0607 -0.9980
vn -0.0275 -0.9931 -0.1138
vn -0.0530 0.3306 0.9423
vn 0.0014 0.1481 -0.9890
vn -0.5762 0.8159 0.0478
vn -0.9990 0.0416 -0.0190
vn -0.9984 0.0472 -0.0321
vn -0.9988 0.0453 -0.0158
vn 0.3093 0.9499 -0.0454
vn -0.0482 0.5574 -0.8288
vn -0.7828 0.0628 -0.6191
vn -0.1655 -0.8708 -0.4629
vn -0.9982 0.0557 -0.0236
vn -0.1439 0.9756 -0.1661
vn 0.0205 0.9663 -0.2567
vn -0.6993 0.7148 0.0115
vn -0.6274 0.7782 -0.0257
vn -0.5741 0.8184 -0.0253
vn -0.5731 0.8174 0.0587
vn -0.6530 0.7573 -0.0090
vn -0.0224 -0.1950 -0.9805
vn -0.6642 0.7346 -0.1382
vn -0.6171 0.7643 -0.1870
vn -0.5829 0.7774 -0.2365
vn -0.5624 0.7783 -0.2792
vn -0.5559 0.7777 -0.2935
vn -0.3925 -0.0397 -0.9189
vn -0.0292 0.3320 -0.9428
vn -0.1721 -0.9850 -0.0082
vn -0.3582 0.0354 -0.9330
vn -0.3457 0.8487 -0.4003
vn -0.2493 0.9640 0.0925
vn -0.1922 0.9802 0.0470
vn -0.1740 0.9842 0.0325
vn -0.3200 0.6431 0.6957
vn 0.2591 -0.9260 0.2746
vn 0.2104 -0.8817 0.4223
vn 0.1989 -0.8688 0.4534
vn 0.1916 -0.8602 0.4726
vn -0.6481 0.7457 -0.1546
vn -0.9151 0.2866 -0.2836
vn 0.3361 -0.0261 -0.9415
vn -0.2736 0.9618 -0.0037
vn -0.2495 0.9681 0.0208
vn -0.2805 0.9598 -0.0108
vn -0.8780 0.4594 -0.1344
vn -0.8934 0.4493 -0.0023
vn -0.8875 0.4603 -0.0222
vn 0.2400 -0.2646 -0.9340
vn -0.0277 0.9915 0.1274
vn -0.0047 0.9646 -0.2636
vn 0.0603 -0.0199 -0.9980
vn 0.0386 -0.0425 -0.9984
vn 0.0417 -0.0393 -0.9984
vn -0.3824 0.7418 -0.5509
vn -0.0370 0.9993 -0.0001
vn -0.0913 0.9958 0.0069
vn -0.0773 0.9970 -0.0090
vn 0.0841 0.1488 -0.9853
vn 0.1240 0.5494 0.8263
vn -0.2482 -0.8307 -0.4984
vn -0.0349 -0.9769 0.2108
vn 0.0870 0.9835 0.1584
vn -0.0159 0.2673 -0.9635
vn -0.0782 0.2637 -0.9614
vn -0.0305 -0.0212 -0.9993
vn -0.3803 0.0510 -0.9235
vn -0.8960 0.4391 0.0663
vn -0.2190 0.9344 -0.2809
vn 0.1991 0.9547 -0.2211
vn 0.4724 0.8755 0.1015
vn 0.6210 0.7833 -0.0278
vn -0.3341 0.3506 -0.8749
vn -0.0160 -0.0939 -0.9955
vn -0.3101 0.9498 -0.0413
vn -0.3670 0.0835 -0.9265
vn -0.3618 0.0560 -0.9306
vn -0.3014 0.1797 -0.9364
vn 0.9938 0.0942 0.0585
vn -0.9821 -0.0307 0.1861
vn -0.9187 -0.3222 -0.2285
vn -0.9591 -0.2553 -0.1224
vn -0.8995 -0.3458 -0.2671
vn 0.0286 0.9991 0.0322
vn 0.1806 -0.3628 -0.9142
vn -0.4067 0.4772 0.7790
vn -0.0610 0.5790 -0.8130
vn -0.0088 0.9669 -0.2551
vn -0.8704 -0.3761 -0.3178
vn -0.8994 -0.3459 -0.2672
vn -0.2444 0.2247 -0.9433
vn -0.3178 0.1644 -0.9338
vn -0.9991 0.0403 -0.0135
vn -0.9987 0.0414 -0.0299
vn -0.0448 0.0516 -0.9977
vn -0.0277 0.9915 0.1273
vn -0.0300 0.9916 0.1259
vn -0.2340 0.9496 -0.2084
vn -0.6274 0.7783 -0.0257
vn -0.5447 0.8376 -0.0409
vn 0.8265 0.5626 -0.0194
vn -0.0571 0.4584 -0.8869
vn 0.5939 0.6589 -0.4616
vn 0.0186 -0.9986 -0.0490
vn -0.0123 -0.9996 0.0250
vn 0.0549 -0.9892 -0.1360
vn -0.7201 -0.1181 0.6838
vn -0.7205 -0.0846 0.6883
vn -0.7270 -0.1040 0.6787
vn -0.3659 0.7168 -0.5935
vn -0.9090 0.1914 0.3702
vn -0.9224 0.1752 0.3442
vn -0.8983 0.1519 0.4124
vn -0.0101 0.5252 -0.8509
vn -0.8564 -0.4832 -0.1817
vn -0.5191 0.0741 0.8515
vn -0.9548 -0.0896 0.2833
vn -0.0054 -0.9964 -0.0842
vn -0.0274 -0.9931 -0.1136
vn -0.8006 0.4688 -0.3733
vn -0.8067 0.4775 -0.3483
vn -0.8203 0.4996 -0.2784
vn -0.3513 0.0107 -0.9362
vn 0.0817 0.9939 0.0736
vn -0.9972 0.0045 -0.0743
vn -0.0179 0.7744 0.6324
vn -0.4468 -0.6731 -0.5893
vn -0.0373 0.4866 -0.8728
vn -0.0428 0.8970 0.4399
vn -0.1022 0.1531 -0.9829
vn -0.1801 0.2099 0.9610
vn -0.7313 0.6620 0.1643
vn -0.7245 0.6666 0.1751
vn -0.7276 0.6646 0.1703
vn -0.5480 0.0080 0.8364
vn -0.7477 0.6298 -0.2104
vn -0.7472 0.6310 -0.2085
vn -0.7473 0.6307 -0.2090
vn -0.9970 0.0195 -0.0745
vn -0.9989 0.0417 -0.0190
vn -0.9235 -0.0168 -0.3832
vn -0.9501 0.0752 -0.3029
vn -0.9073 -0.0595 -0.4163
vn -0.9062 0.3993 0.1390
vn 0.1090 -0.2137 -0.9708
vn -0.5857 0.8087 -0.0537
vn -0.9466 -0.3224 -0.0096
vn -0.0059 -0.9999 0.0110
vn 0.4018 0.0340 -0.9151
vn 0.3325 0.0045 -0.9431
vn 0.4521 0.0605 -0.8899
vn -0.8242 0.5071 -0.2521
vn -0.8203 0.4996 -0.2783
vn -0.4720 -0.0122 -0.8815
vn -0.9988 0.0388 -0.0296
vn -0.1491 0.8395 0.5224
vn -0.1530 0.8324 0.5327
vn -0.1611 0.7301 0.6641
vn -0.1560 0.8237 0.5451
vn -0.1858 -0.5440 0.8183
vn 0.0168 -0.0652 -0.9977
vn 0.2473 0.8236 0.5104
vn 0.0536 -0.3412 -0.9385
vn -0.0134 -0.9562 -0.2926
vn -0.1568 0.5802 -0.7993
vn -0.6694 -0.7289 0.1438
vn -0.3278 0.3883 -0.8613
vn 0.0631 0.9221 -0.3817
vn -0.1648 0.6645 0.7289
vn -0.0308 0.9725 0.2308
vn 0.1567 0.5063 -0.8480
vn 0.0025 -0.8369 0.5473
vn -0.0778 0.9788 0.1897
vn 0.1255 -0.7771 -0.6167
vn 0.1583 -0.7216 -0.6740
vn 0.1537 -0.7299 -0.6661
vn 0.0987 -0.8171 -0.5679
vn -0.3231 -0.9340 -0.1525
vn 0.6397 0.0229 0.7683
vn 0.6709 0.0423 0.7404
vn 0.7215 0.0759 0.6882
vn 0.1944 0.0038 -0.9809
vn -0.9984 -0.0087 0.0556
vn 0.8144 -0.1271 -0.5662
vn 0.7385 0.0877 0.6685
vn 0.9840 -0.0469 0.1716
vn 0.5444 -0.0288 -0.8383
vn -0.9483 -0.0560 0.3122
vn 0.7082 -0.3483 0.6141
vn -0.7871 0.4084 0.4622
vn -0.9777 0.1631 -0.1326
vn -0.9649 0.2288 -0.1291
vn -0.9763 0.2023 -0.0767
vn 0.8405 0.1225 -0.5278
vn 0.1268 -0.5907 0.7969
vn -0.9133 0.4028 0.0597
vn 0.0584 -0.9982 -0.0112
vn -0.2171 0.4754 -0.8525
vn 0.9511 -0.1398 0.2755
vn -0.9646 0.2559 0.0635
vn -0.7241 0.6662 -0.1787
vn -0.5480 0.0081 0.8365
vn -0.4608 0.1416 0.8762
vn -0.5190 0.0742 0.8515
vn -0.9124 0.1150 0.3928
vn -0.0644 -0.9835 -0.1688
vn -0.0781 0.9969 -0.0097
vn -0.9296 0.3676 0.0268
vn -0.9751 0.1996 -0.0961
vn -0.9240 0.3783 0.0550
vn -0.7479 0.6294 -0.2111
vn -0.7474 0.6306 -0.2091
vn -0.0494 0.9980 -0.0384
vn 0.1240 0.4231 0.8976
vn 0.9516 0.2553 -0.1710
vn 0.9328 0.2844 -0.2213
vn 0.9284 0.2904 -0.2317
vn 0.0163 -0.0287 -0.9995
vn -0.0050 0.0561 -0.9984
vn -0.0021 0.0558 -0.9984
vn -0.6660 0.0757 0.7421
vn -0.9245 0.3084 0.2243
vn -0.0123 -0.9996 0.0251
vn -0.0228 -0.9985 0.0503
vn -0.3311 0.9409 -0.0707
vn -0.7337 0.5952 0.3279
vn -0.8888 0.4460 -0.1052
vn -0.9577 0.2656 -0.1107
vn 0.8805 0.3436 -0.3266
vn 0.9284 0.2905 -0.2317
vn 0.9328 0.2845 -0.2213
vn 0.9824 -0.0230 -0.1852
vn -0.0090 0.2283 -0.9736
vn -0.9933 0.0848 -0.0786
vn -0.9572 0.1079 -0.2687
vn -0.9501 0.0753 -0.3028
vn -0.9235 -0.0167 -0.3831
vn 0.7099 0.3491 -0.6117
vn 0.8392 -0.1420 -0.5250
vn 0.8852 -0.0766 -0.4588
vn 0.8587 -0.1160 -0.4992
vn 0.0037 -1.0000 0.0061
vn -0.3803 0.8283 0.4114
vn -0.4483 0.7860 0.4258
vn -0.4293 0.7985 0.4220
vn -0.7018 -0.5220 0.4847
vn -0.7076 -0.5108 0.4883
vn -0.6738 -0.5725 0.4672
vn 0.0024 1.0000 0.0021
vn -0.3246 0.3110 0.8932
vn -0.0029 -1.0000 0.0077
vn -0.9832 0.1821 -0.0130
vn -0.9777 0.1630 -0.1326
vn -0.9903 0.0639 0.1236
vn -0.9805 -0.0300 0.1943
vn -0.9775 -0.0625 0.2017
vn 0.8853 -0.0764 -0.4587
vn 0.9285 0.0045 -0.3714
vn 0.8587 -0.1160 -0.4991
vn 0.2202 0.1423 -0.9650
vn -0.5106 0.8588 -0.0418
vn -0.4809 0.7630 0.4319
vn -0.4483 0.7859 0.4258
vn 0.3160 0.0158 0.9486
vn 0.0163 -0.0288 -0.9995
vn 0.0428 -0.1027 -0.9938
vn 0.0540 -0.0980 -0.9937
vn -0.2291 0.0186 -0.9732
vn 0.0382 -0.9557 0.2918
vn 0.0133 -0.0253 -0.9996
vn 0.5332 -0.5305 -0.6590
vn -0.3086 -0.8071 0.5033
vn -0.7359 -0.4502 0.5058
vn 0.1193 0.9255 0.3595
vn -0.3865 -0.1507 -0.9099
vn -0.4076 -0.1142 -0.9060
vn -0.3404 -0.2257 -0.9128
vn 0.7692 0.0808 -0.6338
vn -0.0325 0.0577 -0.9978
vn -0.0089 0.1004 -0.9949
vn -0.0229 0.0896 -0.9957
vn -0.2318 -0.0145 0.9727
vn 0.5239 0.0922 -0.8467
vn -0.0432 0.2986 -0.9534
vn -0.9727 0.2318 -0.0113
vn 0.9861 0.0979 0.1339
vn 0.9739 0.1179 0.1939
vn 0.9992 -0.0367 -0.0138
vn 0.2944 -0.2705 0.9166
vn -0.2712 0.0915 -0.9582
vn 0.9990 -0.0366 -0.0246
vn 0.9927 -0.1006 -0.0673
vn -0.9729 0.1015 0.2076
vn 0.9715 -0.2304 0.0560
vn -0.0428 -0.2883 -0.9566
vn -0.0450 -0.2110 -0.9764
vn -0.0457 -0.1839 -0.9819
vn -0.6371 -0.6759 0.3704
vn 0.2043 0.6319 0.7477
vn 0.3824 0.4340 -0.8157
vn 0.0812 0.5080 -0.8575
vn 0.0382 0.5432 -0.8387
vn 0.0426 0.5397 -0.8408
vn 0.0260 -0.9290 -0.3693
vn -0.0823 -0.9859 0.1458
vn -0.0523 -0.9935 0.1012
vn 0.0073 -0.9999 0.0123
vn -0.1487 0.7698 -0.6208
vn -0.0332 -0.0374 -0.9987
vn -0.0354 0.5990 -0.7999
vn 0.2082 0.9170 0.3401
vn 0.0225 -0.9997 -0.0105
vn -0.0315 0.9992 -0.0247
vn -0.0421 -0.3106 -0.9496
vn -0.0450 -0.2111 -0.9764
vn -0.0428 -0.2884 -0.9565
vn -0.1739 -0.2000 0.9642
vn 0.4493 -0.0758 0.8902
vn 0.1812 -0.9366 -0.3000
vn -0.9984 -0.0348 -0.0435
vn -0.9981 0.0621 -0.0064
vn -0.9988 -0.0228 -0.0433
vn -0.8646 -0.0175 -0.5021
vn -0.8942 0.0463 -0.4452
vn -0.8699 -0.0206 -0.4929
vn -0.6799 0.0508 -0.7316
vn -0.6609 0.0602 -0.7480
vn -0.7146 0.0328 -0.6988
vn -0.8724 0.1058 0.4771
vn -0.9973 0.0585 -0.0441
vn -0.9925 0.1017 0.0684
vn -0.9925 0.1041 0.0647
vn -0.9787 0.2047 0.0161
vn -0.9851 0.0287 -0.1693
vn 0.2576 0.3899 -0.8841
vn 0.0153 0.0066 -0.9999
vn 0.0190 0.0172 -0.9997
vn -0.7349 0.6594 0.1585
vn -0.6799 0.0508 -0.7315
vn -0.7261 0.0266 -0.6871
vn -0.3249 -0.3047 0.8953
vn -0.8280 0.1294 0.5456
vn -0.1603 0.0536 0.9856
vn -0.1796 0.0443 0.9827
vn -0.2394 -0.0088 0.9709
vn -0.1795 0.0443 0.9828
vn -0.1602 0.0536 0.9856
vn -0.1081 0.1054 0.9885
vn 0.6735 -0.7309 -0.1107
vn 0.7036 -0.5508 -0.4490
vn -0.4380 0.1251 0.8902
vn -0.4192 0.1779 0.8903
vn -0.4231 0.1047 0.9000
vn -0.4214 0.2886 -0.8597
vn -0.4365 0.3096 -0.8448
vn -0.4769 0.3673 -0.7985
vn -0.5135 0.4218 -0.7473
vn 0.9945 -0.0581 0.0866
vn 0.9957 -0.0549 0.0744
vn 0.9985 -0.0438 0.0316
vn -0.4852 -0.0453 -0.8732
vn -0.4723 -0.0407 -0.8805
vn -0.5272 -0.0602 -0.8476
vn -0.3247 -0.2499 -0.9122
vn -0.3403 -0.2257 -0.9128
vn -0.9249 0.0034 -0.3801
vn -0.0172 0.0702 -0.9974
vn -0.0242 0.0501 -0.9985
vn 0.9947 0.0735 -0.0720
vn 0.9006 -0.4172 0.1214
vn 0.5327 0.1045 -0.8398
vn 0.9989 -0.0412 0.0216
vn -0.5444 -0.0665 -0.8362
vn -0.9937 0.0270 0.1091
vn -0.0544 0.7366 -0.6741
vn 0.1320 0.9384 -0.3193
vn 0.0054 -0.0103 -0.9999
vn -0.0243 0.0501 -0.9985
vn -0.1314 -0.9875 0.0873
vn -0.7693 -0.5730 -0.2827
vn -0.0910 -0.9867 0.1343
vn -0.9727 0.2317 -0.0113
vn -0.9745 0.2239 -0.0130
vn -0.0480 0.0796 -0.9957
vn -0.9980 0.0621 -0.0064
vn -0.9995 0.0148 -0.0296
vn -0.9988 -0.0227 -0.0433
vn 0.2229 0.0987 0.9698
vn -0.9058 0.1899 0.3787
vn -0.5804 0.1103 0.8069
vn -0.5574 0.1016 0.8240
vn -0.9928 0.0958 0.0721
vn -0.0067 0.5111 -0.8595
vn 0.9345 -0.0165 -0.3555
vn -0.9438 0.2535 0.2121
vn -0.9938 0.1105 0.0156
vn -0.3790 0.0638 -0.9232
vn -0.3562 0.0501 -0.9331
vn -0.3499 0.0322 -0.9362
vn -0.7285 0.6810 -0.0746
vn 0.8305 -0.0013 -0.5571
vn -0.8799 0.1227 -0.4590
vn 0.4829 0.7837 -0.3907
vn -0.0525 0.1015 -0.9935
vn 0.2173 -0.0021 0.9761
vn 0.9961 -0.0344 -0.0808
vn -0.1029 0.9947 0.0038
vn -0.0843 0.9961 0.0277
vn -0.1027 0.9947 0.0041
vn -0.2272 0.1106 -0.9675
vn -0.4851 0.8298 -0.2758
vn -0.9998 0.0031 0.0178
vn -0.1279 0.9914 -0.0286
vn 0.0316 0.0066 0.9995
vn 0.0969 0.0616 0.9934
vn 0.0569 0.0304 0.9979
vn -0.8713 0.4762 -0.1182
vn -0.8807 0.4426 -0.1688
vn -0.8770 0.4574 -0.1469
vn -0.8606 0.5038 -0.0741
vn -0.4035 0.9039 0.1420
vn -0.4964 0.8402 0.2182
vn -0.4719 0.8592 0.1978
vn -0.7562 0.6513 0.0631
vn -0.2549 -0.0085 0.9669
vn -0.8518 0.4337 -0.2939
vn 0.0520 0.7453 -0.6647
vn -0.6613 0.5214 0.5393
vn 0.0500 -0.0732 0.9961
vn 0.0559 -0.0789 0.9953
vn 0.1077 0.7166 -0.6891
vn -0.3729 0.9204 0.1176
vn -0.8375 -0.5451 0.0385
vn -0.8334 0.5170 -0.1954
vn -0.0041 0.6685 0.7437
vn -0.1676 0.1348 -0.9766
vn -0.1546 0.1325 -0.9790
vn -0.1548 0.1324 -0.9790
vn 0.6489 -0.7501 0.1277
vn 0.5939 -0.7641 0.2521
vn 0.6683 -0.7401 0.0750
vn -0.3622 0.2499 0.8980
vn -0.3564 0.2487 0.9006
vn -0.3451 0.2168 0.9132
vn 0.5726 -0.7656 0.2934
vn 0.5938 -0.7641 0.2521
vn 0.6488 -0.7501 0.1278
vn -0.2141 0.1130 -0.9703
vn -0.3429 0.1983 0.9182
vn -0.2187 0.0993 -0.9707
vn -0.3466 0.1639 0.9236
vn -0.0497 0.1481 0.9877
vn -0.0632 0.0682 0.9957
vn -0.1092 0.1332 0.9851
vn -0.9892 -0.0484 -0.1381
vn -0.1690 0.0867 -0.9818
vn 0.9723 -0.0960 0.2130
vn -0.1517 0.0934 -0.9840
vn 0.9863 0.0206 -0.1636
vn 0.0976 0.0618 0.9933
vn -0.8787 0.0859 -0.4696
vn -0.8699 -0.0206 -0.4928
vn -0.8416 0.1917 -0.5049
vn -0.7164 -0.4273 -0.5514
vn -0.7214 -0.4449 -0.5307
vn -0.7012 -0.5597 -0.4417
vn 0.8310 -0.4499 -0.3270
vn 0.0053 -0.9892 -0.1462
vn -0.2985 -0.0050 -0.9544
vn -0.8628 0.1959 -0.4660
vn 0.0052 0.9999 0.0088
vn -0.8037 0.2272 -0.5500
vn -0.9712 0.0889 0.2210
vn -0.4314 0.1103 -0.8954
vn -0.2434 0.1660 -0.9556
vn -0.2659 0.1805 -0.9470
vn -0.2576 0.1844 -0.9485
vn -0.9583 0.1046 -0.2659
vn -0.9501 0.0752 -0.3028
vn -0.9572 0.1078 -0.2687
vn 0.8057 -0.5923 -0.0086
vn 0.8114 -0.5843 -0.0137
vn 0.8130 -0.5821 -0.0151
vn 0.8253 -0.5641 -0.0265
vn -0.9847 -0.0859 0.1514
vn 0.7224 0.4028 0.5620
vn -0.8645 0.5019 -0.0275
vn -0.6494 0.7579 -0.0626
vn -0.9807 -0.0495 -0.1891
vn -0.2377 0.1707 -0.9562
vn -0.9951 0.0034 -0.0990
vn -0.8647 0.4531 0.2168
vn -0.8257 0.4422 0.3504
vn 0.8756 -0.0223 -0.4824
vn -0.8162 -0.1200 0.5651
vn -0.7882 -0.1426 0.5986
vn -0.8027 -0.2096 0.5584
vn -0.4246 0.8990 -0.1073
vn -0.4024 0.8948 -0.1934
vn -0.4008 0.8942 -0.1992
vn -0.3782 0.8841 -0.2746
vn 0.1516 0.9883 -0.0184
vn -0.9656 0.2600 0.0045
vn -0.9585 0.2839 -0.0262
vn -0.9545 0.2981 0.0107
vn -0.8270 0.1808 0.5323
vn 0.0525 -0.1655 -0.9848
vn -0.8429 0.1359 -0.5207
vn -0.7164 -0.4273 -0.5515
vn -0.7250 -0.3897 -0.5679
vn -0.7214 -0.4448 -0.5308
vn -0.2361 -0.2221 -0.9460
vn -0.2778 -0.1885 -0.9420
vn -0.2217 0.1808 -0.9582
vn -0.3402 0.2271 -0.9125
vn 0.5341 0.3337 -0.7768
vn -0.1846 0.1618 0.9694
vn -0.9968 0.0106 -0.0791
vn -0.9976 -0.0209 -0.0662
vn -0.9941 0.0510 -0.0954
vn -0.6727 0.0236 0.7395
vn -0.9647 0.2510 0.0799
vn 0.0272 0.2628 -0.9645
vn -0.9318 -0.2382 0.2740
vn 0.3356 -0.8742 -0.3509
vn 0.3010 0.3983 -0.8665
vn 0.5529 0.2854 0.7828
vn -0.3740 -0.3008 0.8773
vn -0.9866 0.1111 -0.1195
vn -0.3603 0.0436 -0.9318
vn -0.3476 0.1543 0.9249
vn -0.4130 0.1097 0.9041
vn -0.3877 0.1273 0.9130
vn 0.9859 0.0799 -0.1470
vn -0.6750 -0.0534 -0.7359
vn -0.8534 -0.2897 0.4333
vn -0.3326 0.1642 0.9287
vn 0.7681 -0.5602 0.3102
vn 0.2873 0.0364 0.9571
vn 0.1075 -0.0785 -0.9911
vn -0.6687 -0.3705 0.6446
vn -0.4393 0.2049 -0.8747
vn 0.2180 -0.7088 -0.6709
vn -0.4076 0.9016 -0.1449
vn 0.0758 -0.1978 0.9773
vn 0.1698 0.6869 0.7066
vn 0.5210 0.0459 -0.8523
vn 0.5638 0.0377 -0.8250
vn 0.5116 0.0476 -0.8579
vn -0.7440 -0.3998 -0.5353
vn 0.9948 -0.0845 -0.0574
vn 0.9987 0.0025 -0.0499
vn -0.0500 0.9804 -0.1906
vn -0.1093 0.1332 0.9850
vn -0.2736 0.1552 0.9492
vn -0.7410 -0.6710 0.0259
vn 0.8169 0.1818 0.5474
vn 0.0718 0.0202 0.9972
vn -0.2563 0.7265 0.6376
vn -0.1780 -0.0199 -0.9838
vn -0.9925 0.1040 0.0647
vn -0.9978 0.0287 0.0603
vn -0.8359 -0.0359 0.5477
vn 0.0341 0.2717 -0.9618
vn 0.5668 0.0371 -0.8230
vn -0.6520 0.0001 -0.7582
vn -0.9964 0.0384 0.0759
vn -0.2807 0.9540 0.1052
vn -0.0095 -0.0246 -0.9997
vn -0.0704 0.0162 -0.9974
vn -0.0273 -0.0154 -0.9995
vn -0.7942 -0.0058 -0.6076
vn -0.9498 0.3087 -0.0507
vn -0.9608 0.2679 -0.0709
vn -0.9448 0.3117 -0.1010
vn 0.3406 0.8088 0.4794
vn -0.1553 -0.0343 -0.9873
vn -0.6717 0.6526 0.3505
vn -0.7857 0.0926 0.6117
vn 0.7972 -0.3836 0.4662
vn -0.3806 0.1800 -0.9070
vn -0.3706 0.2675 -0.8894
vn -0.3818 0.1675 -0.9089
vn 0.5912 -0.0492 -0.8051
vn 0.0319 -0.0626 -0.9975
vn -0.9984 0.0072 -0.0556
vn -0.1258 -0.3418 -0.9313
vn -0.6875 -0.6621 -0.2983
vn -0.3443 -0.1620 0.9248
vn -0.8373 -0.2061 0.5064
vn 0.0053 0.9999 0.0088
vn 0.0108 0.9999 0.0127
vn -0.0682 0.8354 -0.5454
vn -0.0311 0.8767 -0.4800
vn -0.0464 0.8605 -0.5074
vn -0.2810 0.6519 -0.7043
vn -0.3279 -0.6335 0.7008
vn -0.8178 -0.5279 -0.2291
vn -0.7629 -0.1087 0.6373
vn 0.0302 -0.7983 0.6015
vn 0.9291 -0.3344 0.1582
vn 0.9203 -0.3701 0.1269
vn 0.9110 -0.4003 0.0996
vn 0.1963 0.9708 -0.1382
vn 0.8940 -0.4442 0.0583
vn -0.1467 0.9875 0.0583
vn -0.6662 -0.7076 0.2354
vn -0.9930 -0.0192 -0.1168
vn -0.0875 0.5199 0.8498
vn -0.1140 0.6316 0.7669
vn -0.1046 0.5925 0.7987
vn -0.9310 0.3406 -0.1315
vn -0.9925 -0.0624 -0.1052
vn -0.9873 -0.0557 -0.1486
vn -0.9908 -0.0599 -0.1218
vn -0.3880 -0.3833 -0.8382
vn 0.9958 0.0242 -0.0881
vn 0.5809 -0.3331 -0.7427
vn 0.3132 0.8212 0.4770
vn -0.0464 0.8604 -0.5074
vn -0.0795 0.8215 -0.5647
vn 0.0381 -0.0074 -0.9992
vn -0.8165 0.5739 0.0629
vn -0.4760 0.1397 -0.8683
vn -0.4314 0.1104 -0.8954
vn -0.3790 0.0639 -0.9232
vn 0.4789 0.2839 -0.8307
vn -0.3494 0.2251 0.9095
vn -0.4964 0.2923 0.8174
vn -0.9876 0.0772 -0.1367
vn -0.3884 0.0787 -0.9181
vn -0.1718 -0.9760 -0.1336
vn 0.0974 0.9240 -0.3697
vn 0.2329 0.7842 -0.5751
vn -0.6687 0.0649 0.7407
vn -0.1461 -0.0060 -0.9893
vn -0.7214 0.6916 -0.0363
vn -0.6868 0.7259 -0.0367
vn -0.6906 0.7229 -0.0198
vn 0.0342 0.2718 -0.9618
vn 0.0639 0.2737 -0.9597
vn -0.8760 0.2276 0.4253
vn -0.9470 0.1198 0.2980
vn -0.9166 0.1838 0.3549
vn -0.9810 -0.1849 0.0578
vn 0.8377 -0.0365 0.5448
vn -0.3911 0.5389 -0.7461
vn -0.8226 0.1500 -0.5485
vn -0.9988 0.0185 0.0448
vn -0.3692 0.2430 0.8970
vn 0.0626 0.3478 0.9355
vn 0.7209 -0.0014 0.6930
vn 0.6930 0.1108 0.7124
vn 0.7124 0.0372 0.7007
vn -0.8935 0.3731 -0.2500
vn 0.3157 0.0163 -0.9487
vn 0.3128 0.0252 -0.9495
vn 0.3036 0.0217 -0.9526
vn -0.8467 0.2646 0.4615
vn -0.8843 0.1133 -0.4529
vn -0.8645 0.1442 -0.4816
vn -0.8544 0.1588 -0.4948
vn -0.2394 0.2660 0.9338
vn -0.2452 0.2505 0.9366
vn -0.2459 0.2486 0.9369
vn -0.9637 0.1705 -0.2053
vn -0.0653 -0.0210 -0.9976
vn -0.6880 -0.1661 -0.7065
vn -0.9949 -0.0384 0.0935
vn -0.9989 -0.0098 0.0455
vn -0.7129 0.7011 -0.0144
vn -0.1022 0.4754 -0.8738
vn -0.9950 -0.0336 0.0941
vn 0.3464 -0.1086 -0.9318
vn 0.6247 0.1464 0.7670
vn -0.6949 -0.1500 -0.7033
vn -0.7156 -0.1164 -0.6888
vn -0.7544 -0.0462 -0.6548
vn 0.0982 0.9813 0.1655
vn -0.3718 -0.1829 0.9101
vn -0.4128 0.4340 -0.8008
vn -0.4276 0.3750 -0.8225
vn -0.4141 0.4047 -0.8153
vn -0.6122 -0.1355 -0.7790
vn -0.5283 -0.5177 0.6730
vn -0.8171 -0.0120 0.5764
vn -0.7894 -0.0035 0.6139
vn -0.7744 -0.0876 0.6266
vn 0.2423 -0.3559 -0.9026
vn 0.2958 -0.3112 -0.9032
vn 0.2245 -0.3702 -0.9014
vn -0.0030 0.3572 0.9340
vn -0.4103 0.4681 -0.7827
vn -0.4132 0.4956 -0.7640
vn -0.2350 -0.9511 -0.2005
vn 0.1956 -0.3929 -0.8986
vn 0.2422 -0.3560 -0.9026
vn -0.7903 0.0313 -0.6119
vn -0.4685 0.4767 0.7438
vn 0.1707 -0.6033 -0.7791
vn -0.2520 0.2321 0.9395
vn -0.6362 -0.6449 -0.4235
vn 0.4564 0.4551 0.7646
vn -0.0052 -0.6492 0.7606
vn -0.7449 0.5319 0.4026
vn 0.7473 0.1065 0.6559
vn -0.0794 0.4854 0.8707
vn -0.8941 0.0969 -0.4373
vn 0.9559 0.0140 0.2934
vn -0.9989 -0.0075 -0.0471
vn 0.9987 0.0329 0.0402
vn -0.6651 0.0320 -0.7461
vn -0.8982 0.1108 -0.4255
vn -0.9338 -0.1756 0.3116
vn -0.8579 0.0059 0.5138
vn -0.4895 0.8491 -0.1983
vn 0.1754 0.7292 -0.6614
vn 0.0866 0.7034 -0.7055
vn 0.0794 0.7010 -0.7087
vn -0.5599 -0.8284 0.0135
vn 0.6744 0.1694 0.7186
vn -0.7954 0.5250 0.3028
vn -0.8926 -0.0468 0.4483
vn -0.6849 0.7286 0.0112
vn -0.8465 0.2281 0.4810
vn -0.8772 0.4021 -0.2622
vn -0.3181 -0.6281 0.7101
vn 0.1495 -0.7156 0.6823
vn -0.3899 0.3122 0.8663
vn -0.9287 0.1757 -0.3266
vn -0.6021 -0.0182 0.7982
vn -0.5653 0.0016 0.8249
vn -0.4594 0.0261 0.8878
vn -0.3985 -0.0052 0.9172
vn 0.0089 0.6752 -0.7376
vn 0.0793 0.7010 -0.7087
vn 0.0865 0.7034 -0.7055
vn -0.0528 -0.9985 0.0156
vn -0.9908 -0.0599 -0.1217
vn -0.9959 -0.0696 -0.0578
vn 0.5919 -0.1258 0.7961
vn 0.4733 -0.0806 0.8772
vn 0.4575 -0.0747 0.8861
vn 0.8332 0.4436 0.3302
vn -0.9937 -0.0510 0.0995
vn 0.4590 -0.8530 0.2485
vn -0.3482 -0.0362 -0.9367
vn -0.3617 -0.1547 -0.9194
vn -0.3460 0.0113 -0.9382
vn -0.3298 0.8611 -0.3871
vn -0.4089 0.8128 -0.4150
vn -0.3669 0.8396 -0.4005
vn 0.0382 -0.0074 -0.9992
vn -0.8910 -0.0168 0.4537
vn -0.2882 -0.9354 -0.2046
vn 0.0867 -0.2953 0.9515
vn 0.9975 0.0568 0.0427
vn 0.9984 0.0236 -0.0505
vn 0.9999 0.0014 -0.0122
vn -0.2962 0.8787 -0.3744
vn -0.9180 0.0604 0.3920
vn -0.9356 0.1015 0.3381
vn -0.9031 0.0318 0.4282
vn -0.2140 0.3104 -0.9262
vn -0.1856 0.2967 -0.9368
vn -0.0910 0.2493 -0.9641
vn 0.8480 0.2659 -0.4584
vn 0.7649 0.4284 -0.4811
vn 0.8398 0.2951 -0.4558
vn 0.1312 -0.9523 0.2753
vn 0.5554 -0.0395 0.8306
vn -0.5068 -0.6107 -0.6085
vn 0.9962 -0.0188 -0.0848
vn 0.2912 0.1126 0.9500
vn -0.1430 -0.9703 0.1952
vn -0.1234 -0.9614 0.2459
vn -0.1561 -0.9746 0.1604
vn -0.1604 -0.9758 0.1485
vn 0.0607 0.0609 -0.9963
vn 0.0564 0.0379 -0.9977
vn 0.0279 0.0464 -0.9985
vn 0.6882 -0.5200 0.5060
vn 0.6209 -0.1372 0.7718
vn 0.0058 -0.9983 -0.0574
vn -0.3227 0.0727 -0.9437
vn -0.2926 0.0923 -0.9518
vn -0.6037 -0.3853 0.6979
vn 0.0399 0.0253 -0.9989
vn -0.0137 -0.0462 -0.9988
vn 0.0073 -0.0183 -0.9998
vn 0.9984 0.0236 -0.0506
vn 0.9946 0.0523 -0.0892
vn 0.4011 0.0087 0.9160
vn -0.9031 0.0317 0.4282
vn -0.8843 0.0002 0.4669
vn -0.0711 0.2390 -0.9684
vn -0.0909 0.2493 -0.9642
vn -0.1855 0.2967 -0.9368
vn 0.9524 0.2384 0.1901
vn 0.0024 -0.9983 0.0583
vn -0.9997 0.0261 0.0029
vn -0.9994 0.0352 -0.0050
vn -0.9993 0.0364 -0.0061
vn -0.6533 0.7542 0.0665
vn 0.9305 0.0856 -0.3560
vn 0.9164 0.1218 -0.3814
vn 0.9114 0.1442 -0.3854
vn -0.1996 -0.9565 0.2128
vn -0.5253 0.0209 0.8506
vn -0.0424 -0.0845 -0.9955
vn -0.9162 -0.0193 0.4003
vn -0.9993 0.0364 -0.0062
vn -0.9994 0.0351 -0.0050
vn -0.9989 0.0441 -0.0129
vn -0.0361 0.0170 -0.9992
vn 0.0054 0.0075 -1.0000
vn 0.2134 0.0571 -0.9753
vn -0.0873 -0.0728 0.9935
vn -0.0597 -0.0673 0.9959
vn 0.0907 -0.0368 0.9952
vn 0.1322 -0.0281 0.9908
vn -0.3665 0.3457 -0.8638
vn -0.3786 0.3860 -0.8412
vn -0.4025 0.4719 -0.7844
vn -0.7778 0.5164 0.3582
vn -0.5139 -0.0654 -0.8553
vn -0.5163 -0.0467 -0.8552
vn -0.5112 -0.0858 -0.8552
vn -0.1180 0.0480 0.9919
vn 0.1265 -0.2644 -0.9561
vn 0.9163 0.1218 -0.3814
vn 0.2919 -0.9561 0.0243
vn -0.7916 -0.0938 -0.6038
vn -0.9378 -0.0723 -0.3395
vn -0.3326 0.0547 -0.9415
vn -0.6785 0.1046 0.7271
vn -0.5088 -0.1020 -0.8548
vn 0.6517 -0.2112 -0.7285
vn 0.7234 0.6562 -0.2145
vn -0.0732 -0.0407 -0.9965
vn 0.0197 0.3970 -0.9176
vn -0.0391 0.4936 -0.8688
vn -0.0245 0.4704 -0.8821
vn -0.0798 0.5567 -0.8268
vn -0.8198 0.5523 -0.1512
vn 0.3590 0.1273 -0.9246
vn -0.8692 0.4689 0.1570
vn -0.1839 0.0543 0.9814
vn 0.3590 0.1275 -0.9246
vn 0.2135 0.0572 -0.9753
vn 0.3411 0.2481 -0.9067
vn 0.8661 0.3128 -0.3899
vn -0.3587 -0.8224 0.4416
vn -0.9677 -0.2522 0.0034
vn -0.9652 -0.2615 -0.0001
vn -0.9667 -0.2558 0.0021
vn -0.6194 0.0847 -0.7805
vn -0.4025 0.4720 -0.7844
vn -0.3786 0.3861 -0.8412
vn -0.4159 0.5266 -0.7415
vn -0.0575 -0.0173 -0.9982
vn -0.0610 -0.9978 0.0268
vn -0.6799 -0.0613 0.7307
vn -0.7803 -0.0104 0.6253
vn -0.6924 -0.0555 0.7194
vn -0.3752 -0.0297 0.9265
vn -0.4594 0.0261 0.8879
vn -0.3984 -0.0052 0.9172
vn -0.9446 0.0018 -0.3283
vn -0.9647 -0.2632 -0.0007
vn -0.9593 0.0339 -0.2802
vn -0.9525 0.0210 -0.3038
vn -0.9537 0.0219 -0.2998
vn 0.1475 -0.5257 -0.8378
vn -0.7930 -0.0032 0.6092
vn -0.9594 0.0339 -0.2801
vn -0.9538 0.0219 -0.2998
vn -0.9524 0.0214 -0.3040
vn -0.1459 0.1128 0.9829
vn -0.0152 0.0562 0.9983
vn -0.1097 0.0984 0.9891
vn -0.2101 0.5974 -0.7739
vn -0.0922 -0.9956 0.0181
vn -0.1291 -0.9904 0.0487
vn 0.0018 0.0292 0.9996
vn 0.0064 0.0331 0.9994
vn -0.0778 0.7780 -0.6235
vn -0.2383 -0.9690 0.0655
vn -0.9923 0.1242 -0.0003
vn -0.9972 0.0611 -0.0439
vn -0.9981 0.0540 -0.0311
vn 0.6497 0.0303 -0.7596
vn -0.0017 0.0369 0.9993
vn -0.1030 -0.0109 0.9946
vn 0.0345 0.0549 0.9979
vn -0.0975 -0.0126 0.9952
vn -0.1031 -0.0109 0.9946
vn -0.8445 -0.0650 0.5317
vn -0.0878 -0.4386 -0.8944
vn 0.8670 0.0332 -0.4971
vn 0.8690 0.0360 -0.4935
vn 0.8614 0.0253 -0.5073
vn -0.8739 -0.3722 0.3126
vn -0.8857 -0.3360 0.3205
vn -0.8972 -0.2947 0.3288
vn 0.2188 0.1532 0.9637
vn -0.1097 0.9819 0.1544
vn 0.2154 0.0691 0.9741
vn 0.8725 0.0681 0.4838
vn -0.9939 -0.0103 0.1101
vn -0.8548 -0.4230 0.3006
vn -0.4062 0.6487 -0.6436
vn 0.8593 0.0225 -0.5109
vn -0.3528 0.5515 -0.7559
vn 0.1799 -0.5264 -0.8310
vn -0.6722 0.1352 0.7279
vn -0.2958 0.2635 -0.9182
vn -0.0269 -0.9988 0.0410
vn -0.0490 -0.9976 0.0496
vn -0.0364 -0.9983 0.0448
vn -0.0604 -0.9967 0.0541
vn 0.6122 -0.0409 -0.7897
vn -0.9999 0.0116 0.0004
vn -0.0956 -0.0120 0.9953
vn -0.0607 0.0073 0.9981
vn -0.1064 0.0826 0.9909
vn -0.1966 0.1819 0.9635
vn -0.2543 0.9566 -0.1421
vn -0.1143 -0.0631 -0.9914
vn -0.9570 -0.0184 -0.2894
vn -0.9704 -0.0011 -0.2414
vn -0.9525 -0.0236 -0.3036
vn 0.1768 -0.0116 -0.9842
vn 0.0631 0.8478 -0.5265
vn -0.0528 -0.9985 0.0155
vn -0.0278 -0.9993 -0.0249
vn -0.9981 0.0541 -0.0311
vn -0.9917 0.1277 0.0117
vn -0.7396 0.0412 -0.6718
vn -0.0145 -0.0574 -0.9982
vn -0.3585 0.0069 -0.9335
vn -0.9750 0.0057 -0.2223
vn -0.9191 0.1933 0.3434
vn -0.9340 0.1801 0.3084
vn -0.9322 0.1818 0.3130
vn -0.9171 0.1950 0.3478
vn -0.8356 -0.5492 0.0082
vn -0.9999 0.0119 0.0004
vn 0.0685 0.3612 0.9300
vn 0.0180 0.9877 -0.1551
vn -0.2067 0.2165 0.9541
vn -0.7283 0.1174 0.6752
vn -0.1183 -0.3045 -0.9451
vn -0.1850 -0.2418 -0.9525
vn -0.1268 -0.2967 -0.9465
vn -0.6214 -0.1476 0.7695
vn 0.1796 0.9194 -0.3501
vn -0.0641 -0.3529 -0.9335
vn -0.2175 0.5181 0.8272
vn -0.0290 0.7557 0.6542
vn 0.1233 -0.6426 0.7562
vn -0.2937 0.9525 -0.0808
vn 0.7921 -0.1046 0.6014
vn -0.7676 -0.1521 -0.6226
vn -0.8874 -0.0544 -0.4577
vn -0.9060 -0.0342 -0.4219
vn -0.8004 0.2866 -0.5266
vn -0.7929 0.2680 -0.5473
vn -0.8228 0.3552 -0.4437
vn -0.9978 0.0051 0.0667
vn -0.9935 -0.1139 -0.0065
vn -0.9979 -0.0591 0.0273
vn 0.0479 0.7540 -0.6551
vn 0.7288 0.1487 0.6684
vn 0.0809 0.9678 -0.2384
vn -0.9868 -0.1582 -0.0341
vn 0.0120 -0.9966 -0.0812
vn 0.4143 0.0475 0.9089
vn 0.4148 0.0329 0.9093
vn -0.0578 0.9954 0.0770
vn -0.1091 0.3317 -0.9371
vn 0.0987 -0.2939 0.9507
vn 0.2285 -0.1276 -0.9652
vn -0.2436 0.2187 0.9449
vn 0.0197 -0.9963 0.0835
vn -0.7568 0.1922 -0.6247
vn -0.0177 -0.1288 0.9915
vn 0.3762 0.8323 0.4071
vn 0.4148 0.0328 0.9093
vn 0.4151 0.0192 0.9096
vn -0.0177 -0.3737 0.9274
vn -0.0160 -0.3793 0.9251
vn -0.0267 -0.4201 0.9071
vn -0.0658 -0.4547 0.8882
vn -0.5874 0.2201 0.7788
vn -0.0610 0.6757 0.7346
vn -0.0290 0.7558 0.6542
vn -0.0171 0.8057 0.5921
vn 0.9215 -0.0859 0.3787
vn -0.9890 -0.1179 -0.0898
vn -0.9643 -0.1440 -0.2223
vn -0.9711 -0.1386 -0.1941
vn -0.1358 0.9827 0.1257
vn -0.0600 -0.0256 -0.9979
vn -0.0658 0.0301 -0.9974
vn -0.1246 0.0314 -0.9917
vn -0.9337 -0.3165 -0.1673
vn -0.9914 -0.1131 -0.0661
vn -0.9890 -0.1179 -0.0897
vn -0.9712 -0.1386 -0.1940
vn -0.7182 -0.6679 -0.1952
vn -0.0286 0.8249 0.5645
vn 0.9785 -0.1740 0.1104
vn 0.0553 0.7411 -0.6691
vn 0.7920 0.0699 -0.6065
vn 0.3842 0.1271 -0.9145
vn 0.4909 0.1766 -0.8531
vn 0.4149 0.1412 -0.8988
vn -0.0945 -0.4754 0.8747
vn -0.1992 0.9683 0.1506
vn -0.2846 -0.0661 0.9564
vn -0.5663 0.5199 -0.6395
vn -0.5741 0.5183 -0.6338
vn -0.5556 0.5220 -0.6471
vn -0.0811 -0.0287 -0.9963
vn -0.1432 0.0758 -0.9868
vn 0.1309 0.2308 -0.9642
vn 0.1695 0.2588 -0.9509
vn 0.0843 0.1967 -0.9768
vn -0.7752 0.0800 0.6267
vn 0.0045 -1.0000 0.0077
vn -0.0078 -0.9998 0.0159
vn 0.0079 -1.0000 0.0054
vn 0.0181 -0.9998 -0.0014
vn -0.0217 0.9651 -0.2610
vn 0.0180 0.9877 -0.1552
vn -0.0029 0.9612 -0.2760
vn 0.5187 0.1897 -0.8337
vn -0.9356 0.3002 -0.1856
vn -0.9171 0.3890 -0.0868
vn -0.9267 0.3590 -0.1114
vn 0.0392 0.8413 0.5391
vn -0.5432 0.5243 -0.6557
vn -0.9457 -0.3241 0.0233
vn 0.2147 -0.7199 -0.6600
vn -0.0903 -0.9956 0.0232
vn -0.1965 -0.9787 0.0593
vn -0.2332 -0.9698 0.0717
vn -0.4634 -0.8861 -0.0088
vn -0.2676 0.8261 -0.4959
vn 0.2780 0.5560 -0.7833
vn 0.1460 0.9732 -0.1777
vn -0.9456 0.3240 -0.0298
vn -0.9436 0.3298 -0.0293
vn 0.1696 0.2588 -0.9509
vn 0.1310 0.2308 -0.9641
vn 0.2164 0.2921 -0.9316
vn 0.0211 -0.0828 -0.9963
vn -0.2290 0.9633 0.1398
vn 0.0045 0.0581 -0.9983
vn 0.0712 0.0943 -0.9930
vn 0.0226 0.0677 -0.9974
vn -0.9171 0.3891 -0.0868
vn -0.0567 -0.9983 0.0119
vn -0.2335 0.9620 0.1415
vn 0.0211 -0.0827 -0.9963
vn 0.2860 0.1575 0.9452
vn 0.2876 0.8427 -0.4552
vn 0.0818 -0.3781 -0.9221
vn -0.9814 -0.1830 0.0578
vn 0.0485 0.2686 -0.9620
vn 0.8909 0.0355 -0.4529
vn -0.9242 -0.2415 -0.2958
vn -0.0040 0.2142 0.9768
vn -0.4635 -0.0678 0.8835
vn -0.0976 0.0013 -0.9952
vn 0.9846 0.0674 -0.1612
vn -0.0392 0.0591 -0.9975
vn -0.0990 -0.0007 -0.9951
vn -0.0209 0.9121 -0.4094
vn 0.6288 -0.0794 -0.7735
vn -0.8141 0.5801 -0.0255
vn -0.1258 0.7921 -0.5973
vn -0.1842 0.2900 0.9392
vn -0.1223 -0.2070 -0.9707
vn 0.1042 0.2125 0.9716
vn 0.1388 0.2148 0.9667
vn 0.0706 0.2101 0.9751
vn 0.1411 -0.1976 -0.9701
vn -0.3126 0.2717 0.9102
vn -0.2153 -0.4149 0.8840
vn -0.1742 -0.2723 0.9463
vn 0.1502 0.2155 0.9649
vn -0.8984 -0.4384 -0.0260
vn 0.3935 0.2151 -0.8938
vn -0.8659 0.4080 0.2895
vn 0.8348 0.3210 0.4473
vn -0.0180 -0.9815 -0.1906
vn -0.1436 -0.0710 -0.9871
vn -0.2320 0.0043 -0.9727
vn -0.2424 -0.0140 -0.9701
vn -0.2979 0.0344 -0.9540
vn -0.4422 -0.0007 -0.8969
vn -0.4114 0.5910 -0.6939
vn 0.6797 -0.0839 -0.7287
vn -0.2577 -0.9010 -0.3490
vn -0.4651 0.8853 -0.0006
vn -0.6654 -0.5074 -0.5475
vn -0.4715 0.2741 0.8382
vn -0.3149 -0.1250 -0.9409
vt 0.814773 0.018802
vt 0.780398 0.019150
vt 0.781402 0.010061
vt 0.817997 0.017689
vt 0.818414 0.008554
vt 0.852390 0.017198
vt 0.815788 0.010907
vt 0.852785 0.009248
vt 0.431805 0.033574
vt 0.426188 0.035347
vt 0.431388 0.026394
vt 0.509731 0.114922
vt 0.519944 0.130413
vt 0.502193 0.121113
vt 0.502841 0.141442
vt 0.516269 0.106665
vt 0.969858 0.232014
vt 0.955181 0.243415
vt 0.959836 0.226185
vt 0.970652 0.247971
vt 0.961467 0.249936
vt 0.941493 0.759494
vt 0.944504 0.755134
vt 0.943583 0.768072
vt 0.952073 0.760915
vt 0.933357 0.768227
vt 0.937092 0.764744
vt 0.931347 0.777358
vt 0.985735 0.670145
vt 0.988402 0.676677
vt 0.971979 0.687497
vt 0.985819 0.683147
vt 0.971453 0.694698
vt 0.209575 0.957454
vt 0.196382 0.928980
vt 0.210239 0.951125
vt 0.308505 0.280563
vt 0.295918 0.285730
vt 0.307528 0.272842
vt 0.045713 0.122619
vt 0.133241 0.121574
vt 0.040066 0.130171
vt 0.891014 0.248248
vt 0.875841 0.238992
vt 0.877844 0.237573
vt 0.121743 0.048111
vt 0.118232 0.063665
vt 0.103939 0.074079
vt 0.100447 0.070544
vt 0.118112 0.050443
vt 0.872790 0.240441
vt 0.105349 0.052594
vt 0.130360 0.057945
vt 0.126341 0.052806
vt 0.042591 0.025935
vt 0.037947 0.034445
vt 0.013159 0.032984
vt 0.011438 0.022693
vt 0.011622 0.019494
vt 0.038131 0.020274
vt 0.154999 0.050845
vt 0.803346 0.072566
vt 0.811457 0.079103
vt 0.765630 0.093789
vt 0.813455 0.084451
vt 0.767078 0.102594
vt 0.800606 0.071042
vt 0.809152 0.091897
vt 0.765012 0.085060
vt 0.042541 0.034354
vt 0.771676 0.103635
vt 0.804251 0.060944
vt 0.796131 0.060514
vt 0.797921 0.057006
vt 0.975155 0.157381
vt 0.976234 0.161704
vt 0.971512 0.159719
vt 0.841466 0.050656
vt 0.840265 0.047439
vt 0.850958 0.053283
vt 0.842253 0.041860
vt 0.843025 0.043162
vt 0.807152 0.046513
vt 0.837604 0.040783
vt 0.813193 0.064953
vt 0.800754 0.062495
vt 0.389474 0.396460
vt 0.395788 0.388543
vt 0.412555 0.389366
vt 0.053796 0.037232
vt 0.051559 0.021439
vt 0.064982 0.037078
vt 0.066840 0.022551
vt 0.985837 0.029620
vt 0.990898 0.039047
vt 0.977247 0.039442
vt 0.044177 0.037867
vt 0.051914 0.047338
vt 0.982457 0.026504
vt 0.980415 0.607387
vt 0.981298 0.610864
vt 0.977748 0.607747
vt 0.077437 0.025762
vt 0.980945 0.026550
vt 0.973874 0.026182
vt 0.976249 0.024884
vt 0.979044 0.613694
vt 0.980155 0.611466
vt 0.981557 0.613969
vt 0.962929 0.877054
vt 0.974686 0.867240
vt 0.974776 0.876258
vt 0.990386 0.030152
vt 0.988485 0.607665
vt 0.991315 0.026838
vt 0.976862 0.628799
vt 0.988028 0.622606
vt 0.991808 0.612097
vt 0.078652 0.029844
vt 0.084945 0.036119
vt 0.073604 0.039521
vt 0.018756 0.608649
vt 0.010912 0.598327
vt 0.023216 0.607213
vt 0.020663 0.591705
vt 0.994303 0.878824
vt 0.994117 0.859994
vt 0.987514 0.849238
vt 0.990887 0.644898
vt 0.028695 0.601570
vt 0.233347 0.458154
vt 0.239070 0.470938
vt 0.223102 0.477745
vt 0.897170 0.007380
vt 0.903662 0.005996
vt 0.904076 0.010744
vt 0.823716 0.596003
vt 0.819055 0.578988
vt 0.833427 0.594716
vt 0.295983 0.148563
vt 0.297081 0.164953
vt 0.288863 0.175155
vt 0.275432 0.144551
vt 0.321468 0.195138
vt 0.961070 0.836163
vt 0.954307 0.845826
vt 0.956206 0.831457
vt 0.951625 0.829458
vt 0.308752 0.145127
vt 0.322321 0.128421
vt 0.329148 0.131520
vt 0.322928 0.142005
vt 0.311799 0.155115
vt 0.315553 0.127625
vt 0.299540 0.139168
vt 0.284408 0.188213
vt 0.319205 0.207354
vt 0.933077 0.019099
vt 0.956158 0.008015
vt 0.946621 0.016349
vt 0.042685 0.321100
vt 0.064698 0.292540
vt 0.051752 0.332092
vt 0.696829 0.106726
vt 0.683701 0.117330
vt 0.685259 0.110720
vt 0.060636 0.293591
vt 0.066810 0.309918
vt 0.076903 0.299549
vt 0.075643 0.330839
vt 0.064744 0.332697
vt 0.073969 0.278633
vt 0.077488 0.241398
vt 0.084704 0.241971
vt 0.072002 0.238508
vt 0.087885 0.245480
vt 0.949674 0.788444
vt 0.965976 0.791799
vt 0.962996 0.801326
vt 0.333171 0.143388
vt 0.349856 0.145532
vt 0.353792 0.155157
vt 0.828290 0.382120
vt 0.805611 0.371711
vt 0.813517 0.373030
vt 0.952889 0.159840
vt 0.943931 0.125737
vt 0.951327 0.123899
vt 0.810882 0.260389
vt 0.786016 0.265529
vt 0.782128 0.239884
vt 0.977000 0.131091
vt 0.980932 0.108911
vt 0.977255 0.152253
vt 0.273491 0.016451
vt 0.253536 0.030289
vt 0.256466 0.016726
vt 0.244347 0.026094
vt 0.269442 0.010134
vt 0.852443 0.603221
vt 0.877116 0.565856
vt 0.881441 0.571332
vt 0.929674 0.881980
vt 0.933497 0.888536
vt 0.913460 0.902604
vt 0.961495 0.948958
vt 0.991925 0.943741
vt 0.986119 0.951087
vt 0.979195 0.484606
vt 0.986814 0.486097
vt 0.992905 0.492268
vt 0.962284 0.956514
vt 0.992277 0.956079
vt 0.992161 0.967162
vt 0.964708 0.933960
vt 0.943797 0.894848
vt 0.878015 0.324174
vt 0.867579 0.332650
vt 0.881044 0.309089
vt 0.870562 0.308122
vt 0.855683 0.332550
vt 0.860461 0.316069
vt 0.964016 0.970169
vt 0.918298 0.916279
vt 0.978746 0.522077
vt 0.967181 0.511355
vt 0.988582 0.520007
vt 0.909965 0.894419
vt 0.939397 0.866534
vt 0.992953 0.934461
vt 0.973898 0.473526
vt 0.932304 0.951035
vt 0.900782 0.933156
vt 0.876540 0.300764
vt 0.886638 0.302059
vt 0.941745 0.888947
vt 0.136656 0.353674
vt 0.138392 0.360474
vt 0.129346 0.366177
vt 0.140239 0.385621
vt 0.123506 0.389057
vt 0.114811 0.366438
vt 0.123506 0.370601
vt 0.135167 0.388507
vt 0.130490 0.390954
vt 0.145916 0.426099
vt 0.141707 0.425308
vt 0.149490 0.423364
vt 0.136636 0.425165
vt 0.156542 0.482622
vt 0.151801 0.477849
vt 0.961381 0.615790
vt 0.967481 0.616085
vt 0.967161 0.669137
vt 0.957425 0.621280
vt 0.815466 0.530061
vt 0.819875 0.534771
vt 0.818460 0.543915
vt 0.714305 0.072921
vt 0.704587 0.069189
vt 0.724754 0.047548
vt 0.245864 0.271896
vt 0.230655 0.277332
vt 0.197245 0.269856
vt 0.974390 0.266962
vt 0.982607 0.284705
vt 0.974357 0.279613
vt 0.940679 0.332561
vt 0.940303 0.342502
vt 0.922988 0.352591
vt 0.934556 0.983315
vt 0.944590 0.953683
vt 0.941470 0.984441
vt 0.817200 0.883749
vt 0.811009 0.873445
vt 0.822212 0.875719
vt 0.820578 0.839817
vt 0.801028 0.865130
vt 0.831675 0.897121
vt 0.775866 0.883882
vt 0.808084 0.837336
vt 0.779886 0.890670
vt 0.772708 0.877404
vt 0.809415 0.894106
vt 0.823149 0.898024
vt 0.267839 0.705698
vt 0.252002 0.688610
vt 0.285959 0.683341
vt 0.267934 0.669850
vt 0.689664 0.481102
vt 0.682805 0.493765
vt 0.678672 0.486294
vt 0.219399 0.124604
vt 0.216506 0.129889
vt 0.210168 0.108793
vt 0.127057 0.853919
vt 0.107424 0.829335
vt 0.112093 0.823032
vt 0.082849 0.828548
vt 0.101217 0.835495
vt 0.688626 0.266367
vt 0.695217 0.245506
vt 0.689156 0.268561
vt 0.964870 0.898775
vt 0.992859 0.914255
vt 0.990490 0.919691
vt 0.954711 0.640137
vt 0.950706 0.644423
vt 0.943837 0.624525
vt 0.451957 0.235622
vt 0.436759 0.226971
vt 0.467379 0.234031
vt 0.439184 0.241121
vt 0.472753 0.250439
vt 0.461374 0.224351
vt 0.485311 0.226582
vt 0.473062 0.215043
vt 0.484843 0.217738
vt 0.489732 0.208207
vt 0.517427 0.209232
vt 0.511980 0.217033
vt 0.472498 0.203256
vt 0.385098 0.516453
vt 0.343674 0.518204
vt 0.386093 0.495081
vt 0.456199 0.216646
vt 0.394395 0.514752
vt 0.409095 0.493924
vt 0.418813 0.513718
vt 0.438747 0.488807
vt 0.454150 0.510455
vt 0.546711 0.815662
vt 0.553293 0.812520
vt 0.557389 0.862937
vt 0.561935 0.862957
vt 0.125312 0.739310
vt 0.084975 0.703476
vt 0.086408 0.698508
vt 0.550328 0.858891
vt 0.094828 0.682358
vt 0.099415 0.639648
vt 0.093715 0.722363
vt 0.619465 0.846916
vt 0.199991 0.620569
vt 0.242005 0.619942
vt 0.229625 0.644929
vt 0.134506 0.709908
vt 0.082101 0.745234
vt 0.623178 0.805699
vt 0.108194 0.645813
vt 0.763341 0.463601
vt 0.832817 0.396750
vt 0.825356 0.410158
vt 0.097683 0.732495
vt 0.148424 0.763950
vt 0.081624 0.758420
vt 0.246847 0.662492
vt 0.249541 0.614348
vt 0.193909 0.614702
vt 0.187629 0.621181
vt 0.214066 0.649016
vt 0.103390 0.663550
vt 0.084928 0.599166
vt 0.617660 0.796390
vt 0.627430 0.792810
vt 0.800086 0.467432
vt 0.799937 0.525656
vt 0.116069 0.631191
vt 0.091506 0.595657
vt 0.599594 0.799981
vt 0.184259 0.697464
vt 0.556169 0.803222
vt 0.573141 0.802544
vt 0.130195 0.647323
vt 0.162750 0.631190
vt 0.188775 0.820325
vt 0.215700 0.734591
vt 0.803997 0.419269
vt 0.169713 0.674801
vt 0.741984 0.456617
vt 0.230506 0.718592
vt 0.180489 0.737579
vt 0.243810 0.736409
vt 0.567171 0.704956
vt 0.075320 0.708475
vt 0.077408 0.668853
vt 0.079090 0.743993
vt 0.656286 0.767609
vt 0.641064 0.770640
vt 0.686264 0.706623
vt 0.677453 0.634000
vt 0.684956 0.553836
vt 0.514161 0.483445
vt 0.570911 0.472275
vt 0.547003 0.497369
vt 0.117512 0.598701
vt 0.072041 0.782424
vt 0.035479 0.705524
vt 0.044101 0.709319
vt 0.028435 0.762439
vt 0.020868 0.731408
vt 0.815393 0.404945
vt 0.097961 0.400045
vt 0.128060 0.304085
vt 0.117268 0.351205
vt 0.543207 0.604412
vt 0.609635 0.667049
vt 0.689096 0.535400
vt 0.695938 0.578426
vt 0.384016 0.901327
vt 0.398592 0.902206
vt 0.306211 0.921116
vt 0.341726 0.915450
vt 0.024065 0.656021
vt 0.252471 0.745103
vt 0.687858 0.521562
vt 0.681969 0.525815
vt 0.678301 0.543301
vt 0.312096 0.914213
vt 0.488963 0.507621
vt 0.108878 0.354234
vt 0.593814 0.704980
vt 0.814785 0.959610
vt 0.814622 0.939913
vt 0.821686 0.951272
vt 0.201443 0.821800
vt 0.295239 0.937018
vt 0.561532 0.519228
vt 0.507805 0.531907
vt 0.115843 0.302314
vt 0.104123 0.348549
vt 0.095048 0.290238
vt 0.636202 0.678009
vt 0.364772 0.901172
vt 0.250448 0.812279
vt 0.140206 0.330738
vt 0.162877 0.263206
vt 0.079460 0.810440
vt 0.616834 0.597135
vt 0.448175 0.480498
vt 0.572309 0.551690
vt 0.574140 0.557980
vt 0.513772 0.559449
vt 0.259771 0.826246
vt 0.590405 0.648723
vt 0.520567 0.549385
vt 0.505753 0.266873
vt 0.493097 0.250873
vt 0.487502 0.234252
vt 0.216007 0.825431
vt 0.266132 0.897376
vt 0.492636 0.191948
vt 0.233418 0.821097
vt 0.521463 0.257407
vt 0.458518 0.538684
vt 0.457799 0.462667
vt 0.437520 0.482050
vt 0.802337 0.615080
vt 0.816687 0.616562
vt 0.823435 0.645784
vt 0.499949 0.190019
vt 0.342720 0.497127
vt 0.514303 0.225916
vt 0.803446 0.642815
vt 0.560625 0.603325
vt 0.480306 0.182893
vt 0.468267 0.162738
vt 0.384818 0.542071
vt 0.511332 0.247146
vt 0.521506 0.203750
vt 0.396683 0.545167
vt 0.463618 0.560946
vt 0.442695 0.540894
vt 0.654283 0.690943
vt 0.647335 0.596454
vt 0.465365 0.554461
vt 0.514076 0.233087
vt 0.531463 0.272516
vt 0.523114 0.250709
vt 0.838772 0.639681
vt 0.837241 0.615489
vt 0.814588 0.982515
vt 0.537277 0.200417
vt 0.503993 0.181481
vt 0.241435 0.834864
vt 0.821164 0.964642
vt 0.682678 0.508075
vt 0.347311 0.543169
vt 0.458526 0.569287
vt 0.825857 0.978118
vt 0.528052 0.233256
vt 0.568197 0.567099
vt 0.105767 0.946309
vt 0.101755 0.934915
vt 0.115178 0.938771
vt 0.859451 0.643743
vt 0.446552 0.561797
vt 0.661230 0.596228
vt 0.392079 0.564873
vt 0.411858 0.563917
vt 0.631768 0.595843
vt 0.540638 0.220047
vt 0.502369 0.175138
vt 0.495233 0.167650
vt 0.861360 0.610325
vt 0.348617 0.562704
vt 0.114501 0.961395
vt 0.747347 0.227723
vt 0.743610 0.231528
vt 0.685615 0.227366
vt 0.116233 0.984545
vt 0.098923 0.972521
vt 0.606798 0.597557
vt 0.863994 0.628521
vt 0.864052 0.628346
vt 0.864272 0.628482
vt 0.863969 0.628162
vt 0.875848 0.644693
vt 0.881909 0.616144
vt 0.749320 0.241886
vt 0.863908 0.628204
vt 0.863843 0.628936
vt 0.394754 0.575803
vt 0.573222 0.198702
vt 0.507719 0.170926
vt 0.495540 0.926410
vt 0.476527 0.942163
vt 0.474969 0.938225
vt 0.801128 0.684111
vt 0.947520 0.666630
vt 0.931277 0.654805
vt 0.912010 0.617843
vt 0.656122 0.974797
vt 0.645801 0.969574
vt 0.645411 0.954555
vt 0.587516 0.595289
vt 0.761652 0.241459
vt 0.012525 0.584992
vt 0.030874 0.584117
vt 0.024560 0.590061
vt 0.913678 0.037956
vt 0.926999 0.043215
vt 0.919765 0.048096
vt 0.949431 0.624219
vt 0.901636 0.031494
vt 0.685139 0.268552
vt 0.922114 0.627166
vt 0.024278 0.613719
vt 0.033959 0.601012
vt 0.029877 0.619692
vt 0.037823 0.608206
vt 0.041762 0.601254
vt 0.043343 0.597588
vt 0.967075 0.329236
vt 0.946485 0.317844
vt 0.967717 0.323247
vt 0.047968 0.584140
vt 0.435480 0.576686
vt 0.423013 0.583190
vt 0.660347 0.589827
vt 0.200266 0.842268
vt 0.941469 0.642751
vt 0.944642 0.652144
vt 0.973963 0.326662
vt 0.972287 0.335488
vt 0.971786 0.346303
vt 0.948179 0.313261
vt 0.754696 0.219717
vt 0.218253 0.900990
vt 0.236551 0.892644
vt 0.241564 0.901083
vt 0.935024 0.078121
vt 0.936851 0.070747
vt 0.938542 0.091781
vt 0.904230 0.035435
vt 0.023712 0.625231
vt 0.931750 0.632439
vt 0.022920 0.630901
vt 0.014865 0.614572
vt 0.009424 0.618330
vt 0.012325 0.611298
vt 0.031140 0.598928
vt 0.034351 0.592734
vt 0.096372 0.846999
vt 0.415291 0.585339
vt 0.950179 0.041845
vt 0.950693 0.030729
vt 0.954363 0.036420
vt 0.920283 0.063280
vt 0.941881 0.073163
vt 0.946955 0.049189
vt 0.948420 0.072633
vt 0.971797 0.351474
vt 0.505539 0.932534
vt 0.076756 0.837073
vt 0.215888 0.888144
vt 0.935131 0.060434
vt 0.944947 0.650854
vt 0.938050 0.621696
vt 0.948727 0.612774
vt 0.045102 0.589731
vt 0.892726 0.643983
vt 0.895995 0.616780
vt 0.391247 0.601622
vt 0.413040 0.609975
vt 0.400389 0.615561
vt 0.069754 0.816282
vt 0.117183 0.855446
vt 0.976777 0.901649
vt 0.968280 0.907583
vt 0.977563 0.918880
vt 0.959615 0.035692
vt 0.953957 0.602965
vt 0.009800 0.614641
vt 0.611341 0.961931
vt 0.349574 0.574857
vt 0.383912 0.589598
vt 0.608445 0.578603
vt 0.010476 0.865790
vt 0.019682 0.839256
vt 0.016045 0.856531
vt 0.983892 0.318525
vt 0.452170 0.573247
vt 0.925953 0.101395
vt 0.986660 0.898785
vt 0.014599 0.836959
vt 0.191753 0.842689
vt 0.499719 0.910788
vt 0.203120 0.907242
vt 0.620254 0.972565
vt 0.929403 0.107507
vt 0.514038 0.931360
vt 0.512162 0.917609
vt 0.896011 0.695374
vt 0.535119 0.581648
vt 0.200520 0.899000
vt 0.969546 0.924183
vt 0.965420 0.915083
vt 0.958715 0.052164
vt 0.056803 0.815726
vt 0.047115 0.793865
vt 0.075927 0.807736
vt 0.970382 0.930674
vt 0.501819 0.881845
vt 0.429524 0.584678
vt 0.188975 0.860865
vt 0.181581 0.831180
vt 0.197679 0.877951
vt 0.206442 0.880556
vt 0.939241 0.100270
vt 0.079358 0.860030
vt 0.105149 0.873649
vt 0.011357 0.803913
vt 0.580060 0.192412
vt 0.533924 0.921446
vt 0.591769 0.938166
vt 0.113082 0.874907
vt 0.420609 0.612934
vt 0.448543 0.593191
vt 0.638096 0.215160
vt 0.944774 0.106630
vt 0.635654 0.576770
vt 0.172765 0.810040
vt 0.929787 0.114392
vt 0.945244 0.100774
vt 0.987149 0.538643
vt 0.985345 0.563674
vt 0.985770 0.532217
vt 0.529110 0.911242
vt 0.938764 0.117224
vt 0.934964 0.128598
vt 0.929028 0.134531
vt 0.928076 0.128068
vt 0.940242 0.131718
vt 0.940466 0.126292
vt 0.982547 0.525218
vt 0.987942 0.524584
vt 0.417593 0.861735
vt 0.361284 0.877346
vt 0.345580 0.876729
vt 0.066536 0.858981
vt 0.192789 0.896141
vt 0.054790 0.853196
vt 0.927064 0.125618
vt 0.928176 0.119625
vt 0.046401 0.882360
vt 0.077854 0.868278
vt 0.406233 0.622453
vt 0.172449 0.833594
vt 0.976750 0.524413
vt 0.551027 0.913669
vt 0.581495 0.917682
vt 0.593980 0.926050
vt 0.102368 0.174592
vt 0.140812 0.162319
vt 0.136868 0.167594
vt 0.621873 0.578170
vt 0.169509 0.908646
vt 0.195441 0.924018
vt 0.192286 0.929998
vt 0.283333 0.805079
vt 0.078517 0.879123
vt 0.169915 0.817059
vt 0.189068 0.937968
vt 0.187514 0.943424
vt 0.170246 0.932168
vt 0.100809 0.891572
vt 0.103863 0.902291
vt 0.156630 0.157233
vt 0.193552 0.908999
vt 0.183944 0.895056
vt 0.615827 0.941780
vt 0.575694 0.449286
vt 0.574680 0.437728
vt 0.603316 0.416769
vt 0.566425 0.433874
vt 0.599310 0.405905
vt 0.650638 0.522973
vt 0.651730 0.536223
vt 0.634693 0.518442
vt 0.600949 0.516676
vt 0.663469 0.515250
vt 0.895530 0.498506
vt 0.905909 0.486827
vt 0.935197 0.476321
vt 0.824829 0.761394
vt 0.840699 0.755913
vt 0.829681 0.794686
vt 0.925790 0.453230
vt 0.901667 0.466480
vt 0.826938 0.730029
vt 0.810773 0.753116
vt 0.657515 0.507220
vt 0.689086 0.302165
vt 0.695853 0.289592
vt 0.725381 0.287746
vt 0.626343 0.475429
vt 0.614008 0.468811
vt 0.617030 0.458253
vt 0.637653 0.447777
vt 0.648791 0.459111
vt 0.631925 0.469353
vt 0.627214 0.484197
vt 0.656798 0.460631
vt 0.638066 0.440790
vt 0.639543 0.487583
vt 0.651678 0.447490
vt 0.660839 0.468037
vt 0.648663 0.433115
vt 0.669404 0.456851
vt 0.627149 0.494361
vt 0.587543 0.450424
vt 0.608392 0.446329
vt 0.596157 0.456141
vt 0.597050 0.472744
vt 0.670891 0.487464
vt 0.653682 0.504492
vt 0.690158 0.273502
vt 0.730230 0.282381
vt 0.689679 0.284917
vt 0.636345 0.502535
vt 0.630700 0.431138
vt 0.717355 0.278606
vt 0.604235 0.457727
vt 0.727521 0.302838
vt 0.597802 0.435052
vt 0.626270 0.506376
vt 0.613002 0.418919
vt 0.673288 0.272449
vt 0.639473 0.423578
vt 0.617044 0.493863
vt 0.680040 0.312176
vt 0.729367 0.312463
vt 0.676058 0.590516
vt 0.809551 0.759980
vt 0.816301 0.735584
vt 0.729062 0.270752
vt 0.701070 0.328364
vt 0.718904 0.323591
vt 0.725924 0.329839
vt 0.686882 0.330047
vt 0.725246 0.339013
vt 0.685549 0.339254
vt 0.728952 0.350237
vt 0.678730 0.348044
vt 0.896026 0.485212
vt 0.680681 0.471861
vt 0.679039 0.300231
vt 0.840118 0.691531
vt 0.894077 0.464380
vt 0.715645 0.364172
vt 0.695844 0.367253
vt 0.687703 0.355246
vt 0.739495 0.316578
vt 0.810376 0.738851
vt 0.791919 0.731955
vt 0.813641 0.726904
vt 0.800929 0.725892
vt 0.788136 0.771427
vt 0.933079 0.441952
vt 0.892469 0.456949
vt 0.695961 0.488795
vt 0.565535 0.456308
vt 0.787289 0.760259
vt 0.884611 0.462642
vt 0.740589 0.272771
vt 0.623413 0.403204
vt 0.791280 0.742486
vt 0.669571 0.316689
vt 0.666290 0.383647
vt 0.673301 0.348664
vt 0.727459 0.355461
vt 0.633111 0.413308
vt 0.812752 0.705931
vt 0.795417 0.749023
vt 0.800726 0.710390
vt 0.685057 0.377964
vt 0.737834 0.347442
vt 0.876100 0.461765
vt 0.823414 0.702497
vt 0.922977 0.438330
vt 0.164524 0.914410
vt 0.158589 0.921824
vt 0.189913 0.935080
vt 0.787031 0.753055
vt 0.745842 0.313431
vt 0.071021 0.885494
vt 0.113372 0.902019
vt 0.511904 0.894299
vt 0.501333 0.889250
vt 0.691077 0.473287
vt 0.608446 0.402775
vt 0.110454 0.043151
vt 0.090422 0.024956
vt 0.114567 0.026717
vt 0.205537 0.116516
vt 0.200011 0.127094
vt 0.187741 0.120302
vt 0.062234 0.877716
vt 0.127479 0.927032
vt 0.778631 0.734530
vt 0.910847 0.433675
vt 0.886691 0.446876
vt 0.660130 0.282576
vt 0.732002 0.370996
vt 0.212078 0.130316
vt 0.221862 0.115954
vt 0.289789 0.744667
vt 0.271787 0.763643
vt 0.170391 0.158353
vt 0.660193 0.358834
vt 0.099874 0.052953
vt 0.089558 0.057174
vt 0.755923 0.316421
vt 0.223961 0.106993
vt 0.116407 0.036851
vt 0.157218 0.806324
vt 0.170914 0.896832
vt 0.549325 0.732847
vt 0.536765 0.743127
vt 0.536690 0.732372
vt 0.092573 0.907793
vt 0.599048 0.919419
vt 0.613632 0.389890
vt 0.658886 0.321174
vt 0.754800 0.274799
vt 0.148315 0.809644
vt 0.615409 0.931244
vt 0.558470 0.893438
vt 0.652103 0.280196
vt 0.651123 0.293588
vt 0.681163 0.388077
vt 0.198669 0.105246
vt 0.177332 0.133658
vt 0.163527 0.141058
vt 0.651345 0.350322
vt 0.650485 0.377143
vt 0.655752 0.382462
vt 0.742200 0.379184
vt 0.681083 0.404698
vt 0.750757 0.349423
vt 0.190439 0.107859
vt 0.178552 0.130068
vt 0.168964 0.109341
vt 0.865785 0.461892
vt 0.862895 0.451309
vt 0.674488 0.392426
vt 0.737924 0.402236
vt 0.465590 0.797574
vt 0.442866 0.879810
vt 0.766427 0.734690
vt 0.914950 0.421642
vt 0.761159 0.309034
vt 0.518776 0.935295
vt 0.514261 0.933882
vt 0.588096 0.946924
vt 0.813324 0.903388
vt 0.872903 0.448009
vt 0.158327 0.127182
vt 0.795636 0.892818
vt 0.788932 0.706362
vt 0.644005 0.292794
vt 0.132562 0.046896
vt 0.264519 0.714315
vt 0.312372 0.670662
vt 0.784690 0.893752
vt 0.880360 0.437491
vt 0.741032 0.370199
vt 0.181269 0.101878
vt 0.054785 0.891520
vt 0.121657 0.937659
vt 0.638183 0.370234
vt 0.526390 0.720908
vt 0.650831 0.334711
vt 0.637314 0.353920
vt 0.751748 0.368507
vt 0.297500 0.681268
vt 0.743573 0.887990
vt 0.843246 0.895041
vt 0.263115 0.233636
vt 0.263186 0.252698
vt 0.241305 0.249573
vt 0.985464 0.294482
vt 0.979712 0.292549
vt 0.776615 0.695640
vt 0.187731 0.097720
vt 0.978948 0.285464
vt 0.976527 0.291212
vt 0.972690 0.287951
vt 0.215732 0.181383
vt 0.182657 0.160794
vt 0.193800 0.145867
vt 0.537146 0.883191
vt 0.757592 0.334152
vt 0.489694 0.072509
vt 0.482638 0.084477
vt 0.465850 0.075671
vt 0.454316 0.073257
vt 0.462647 0.066350
vt 0.469391 0.058069
vt 0.446016 0.049190
vt 0.949230 0.534453
vt 0.946152 0.525671
vt 0.964021 0.513570
vt 0.961419 0.526202
vt 0.499917 0.096831
vt 0.505019 0.083458
vt 0.757469 0.026402
vt 0.754576 0.028654
vt 0.742097 0.025069
vt 0.926605 0.530137
vt 0.920379 0.537003
vt 0.268704 0.662739
vt 0.281158 0.748806
vt 0.262318 0.780997
vt 0.987105 0.282323
vt 0.989609 0.284834
vt 0.954866 0.433024
vt 0.951321 0.428282
vt 0.973224 0.424690
vt 0.991163 0.265217
vt 0.993412 0.286579
vt 0.930558 0.973651
vt 0.929064 0.977894
vt 0.598795 0.897582
vt 0.750525 0.377012
vt 0.756158 0.356915
vt 0.547731 0.058021
vt 0.555540 0.071683
vt 0.532358 0.066224
vt 0.966598 0.528198
vt 0.954923 0.542982
vt 0.961544 0.540703
vt 0.774306 0.900265
vt 0.930570 0.331110
vt 0.906971 0.351467
vt 0.928272 0.366468
vt 0.917855 0.362164
vt 0.632347 0.939883
vt 0.631053 0.930110
vt 0.748960 0.401289
vt 0.550411 0.030725
vt 0.525038 0.037229
vt 0.532652 0.033271
vt 0.259852 0.973186
vt 0.247786 0.977082
vt 0.259321 0.968622
vt 0.462866 0.045015
vt 0.251106 0.256333
vt 0.260365 0.273188
vt 0.374725 0.084327
vt 0.367669 0.050514
vt 0.378775 0.085483
vt 0.959304 0.265769
vt 0.994944 0.259200
vt 0.918555 0.548926
vt 0.929184 0.548092
vt 0.523505 0.968763
vt 0.805239 0.914636
vt 0.992544 0.294751
vt 0.969752 0.418006
vt 0.170167 0.260988
vt 0.223382 0.254425
vt 0.975047 0.429504
vt 0.093354 0.928075
vt 0.015850 0.973591
vt 0.023856 0.959223
vt 0.052134 0.965522
vt 0.377626 0.981933
vt 0.374360 0.984697
vt 0.371555 0.978120
vt 0.014921 0.915206
vt 0.037492 0.954194
vt 0.388719 0.107317
vt 0.384289 0.096637
vt 0.387082 0.096387
vt 0.377683 0.111931
vt 0.386626 0.116035
vt 0.373400 0.990816
vt 0.354235 0.991993
vt 0.357284 0.984427
vt 0.372334 0.974750
vt 0.376486 0.959615
vt 0.050487 0.957019
vt 0.397842 0.114895
vt 0.415912 0.116430
vt 0.035578 0.944800
vt 0.052535 0.952129
vt 0.044782 0.951784
vt 0.050995 0.950164
vt 0.390744 0.115897
vt 0.382961 0.116689
vt 0.038673 0.944797
vt 0.392150 0.118401
vt 0.374004 0.130036
vt 0.371790 0.128567
vt 0.983826 0.605198
vt 0.979622 0.599294
vt 0.976848 0.587242
vt 0.979271 0.428267
vt 0.978041 0.583377
vt 0.984029 0.433676
vt 0.991827 0.579421
vt 0.992817 0.584317
vt 0.986875 0.583445
vt 0.979179 0.566153
vt 0.977170 0.568960
vt 0.985957 0.565977
vt 0.982228 0.566219
vt 0.964096 0.286489
vt 0.966358 0.294648
vt 0.961237 0.291644
vt 0.915670 0.391490
vt 0.912706 0.386916
vt 0.921402 0.379790
vt 0.960888 0.613608
vt 0.960456 0.603630
vt 0.962649 0.600940
vt 0.964280 0.583562
vt 0.966392 0.587398
vt 0.644996 0.381735
vt 0.629760 0.368646
vt 0.505792 0.448128
vt 0.499961 0.454263
vt 0.484502 0.449514
vt 0.515025 0.730841
vt 0.209437 0.227488
vt 0.872333 0.333230
vt 0.878280 0.335165
vt 0.892621 0.344185
vt 0.134508 0.815530
vt 0.649222 0.316548
vt 0.771717 0.306194
vt 0.769835 0.325951
vt 0.762432 0.318460
vt 0.619612 0.379369
vt 0.544563 0.046641
vt 0.746616 0.906326
vt 0.735036 0.897120
vt 0.217096 0.246389
vt 0.877122 0.338676
vt 0.884343 0.334353
vt 0.185068 0.130722
vt 0.604208 0.903280
vt 0.964965 0.551337
vt 0.964575 0.555422
vt 0.970048 0.547455
vt 0.498260 0.745588
vt 0.787771 0.916364
vt 0.265412 0.225904
vt 0.928249 0.976429
vt 0.917977 0.981457
vt 0.933798 0.963557
vt 0.559210 0.887777
vt 0.907877 0.406460
vt 0.876351 0.420746
vt 0.635699 0.287036
vt 0.634895 0.306808
vt 0.625675 0.287386
vt 0.640252 0.341213
vt 0.666109 0.407550
vt 0.708759 0.425140
vt 0.768389 0.344684
vt 0.519568 0.043349
vt 0.519781 0.047045
vt 0.247602 0.961173
vt 0.234537 0.976463
vt 0.766212 0.025905
vt 0.775524 0.911925
vt 0.766739 0.711576
vt 0.512167 0.041079
vt 0.159981 0.101919
vt 0.804708 0.934675
vt 0.951005 0.986633
vt 0.947778 0.982819
vt 0.952690 0.982057
vt 0.956534 0.965267
vt 0.951525 0.959201
vt 0.150087 0.901778
vt 0.903188 0.402139
vt 0.185565 0.977009
vt 0.185252 0.994650
vt 0.179652 0.972042
vt 0.657019 0.398722
vt 0.782942 0.386303
vt 0.771347 0.373007
vt 0.776493 0.363455
vt 0.264794 0.962338
vt 0.496845 0.059374
vt 0.150809 0.100916
vt 0.147877 0.096507
vt 0.920120 0.953148
vt 0.145620 0.855762
vt 0.640069 0.904765
vt 0.639311 0.326613
vt 0.675366 0.405894
vt 0.047221 0.161122
vt 0.070412 0.160849
vt 0.063152 0.165846
vt 0.473177 0.039627
vt 0.763311 0.029984
vt 0.806429 0.567346
vt 0.805315 0.561102
vt 0.171643 0.248230
vt 0.478902 0.044341
vt 0.467533 0.036735
vt 0.456547 0.940907
vt 0.465938 0.939369
vt 0.467984 0.943390
vt 0.810265 0.535129
vt 0.288576 0.669798
vt 0.959220 0.971457
vt 0.147432 0.879015
vt 0.632087 0.349104
vt 0.689216 0.062127
vt 0.758249 0.384888
vt 0.557368 0.031583
vt 0.484227 0.050292
vt 0.040837 0.165983
vt 0.042365 0.172276
vt 0.499284 0.062163
vt 0.505384 0.055783
vt 0.467700 0.025310
vt 0.461568 0.028094
vt 0.448236 0.016000
vt 0.457851 0.026080
vt 0.448679 0.026613
vt 0.451586 0.032382
vt 0.466702 0.033579
vt 0.446018 0.044369
vt 0.232503 0.576913
vt 0.235128 0.590214
vt 0.221196 0.581405
vt 0.247838 0.582188
vt 0.247988 0.600675
vt 0.226244 0.564728
vt 0.239346 0.568687
vt 0.247026 0.570436
vt 0.476704 0.028789
vt 0.236910 0.599256
vt 0.059599 0.583847
vt 0.057320 0.608212
vt 0.042891 0.606088
vt 0.476455 0.016627
vt 0.483272 0.020240
vt 0.323901 0.394870
vt 0.328830 0.383780
vt 0.327849 0.398628
vt 0.203147 0.590797
vt 0.071894 0.588528
vt 0.484270 0.036807
vt 0.215451 0.587773
vt 0.227033 0.598202
vt 0.082116 0.589066
vt 0.083412 0.649524
vt 0.348504 0.412877
vt 0.328044 0.404925
vt 0.068693 0.617507
vt 0.937604 0.321496
vt 0.935088 0.329389
vt 0.936524 0.269858
vt 0.934490 0.310821
vt 0.029035 0.388667
vt 0.038725 0.380605
vt 0.041523 0.386792
vt 0.036303 0.354404
vt 0.027727 0.364575
vt 0.027898 0.398154
vt 0.036640 0.396803
vt 0.039818 0.404270
vt 0.051478 0.380065
vt 0.018671 0.402766
vt 0.782232 0.176982
vt 0.766840 0.170918
vt 0.790529 0.169216
vt 0.989513 0.221039
vt 0.982379 0.219029
vt 0.987079 0.203384
vt 0.624558 0.132611
vt 0.617107 0.132919
vt 0.609680 0.110780
vt 0.626038 0.122838
vt 0.619716 0.108098
vt 0.646355 0.106502
vt 0.649895 0.118200
vt 0.658421 0.120235
vt 0.851500 0.595778
vt 0.854733 0.576622
vt 0.860218 0.565914
vt 0.852631 0.563093
vt 0.349663 0.933411
vt 0.381532 0.923200
vt 0.417283 0.918908
vt 0.414659 0.925895
vt 0.849278 0.877851
vt 0.838759 0.863928
vt 0.829384 0.836095
vt 0.193578 0.217077
vt 0.198641 0.210698
vt 0.210826 0.218493
vt 0.844117 0.091141
vt 0.916837 0.056856
vt 0.916036 0.088390
vt 0.431834 0.908068
vt 0.451175 0.915503
vt 0.471217 0.936538
vt 0.843002 0.844706
vt 0.608212 0.203690
vt 0.654424 0.197419
vt 0.602314 0.211471
vt 0.865749 0.058071
vt 0.664620 0.114666
vt 0.657301 0.093411
vt 0.678194 0.106151
vt 0.677284 0.197155
vt 0.714413 0.221421
vt 0.670982 0.204032
vt 0.603540 0.217092
vt 0.641704 0.128183
vt 0.651770 0.184469
vt 0.635017 0.130132
vt 0.848076 0.055496
vt 0.407805 0.917096
vt 0.041668 0.897409
vt 0.048653 0.890402
vt 0.072852 0.917295
vt 0.398419 0.915612
vt 0.165149 0.212127
vt 0.183628 0.208284
vt 0.859437 0.544283
vt 0.826277 0.819036
vt 0.849635 0.564566
vt 0.849976 0.540257
vt 0.007524 0.414233
vt 0.019141 0.394236
vt 0.662516 0.200874
vt 0.204111 0.203808
vt 0.213078 0.209418
vt 0.173925 0.199709
vt 0.600295 0.219742
vt 0.649958 0.092799
vt 0.419351 0.914753
vt 0.416529 0.909860
vt 0.817544 0.827000
vt 0.603788 0.113372
vt 0.618857 0.137580
vt 0.450840 0.876095
vt 0.154212 0.207194
vt 0.033427 0.903938
vt 0.654157 0.184653
vt 0.684512 0.191612
vt 0.410910 0.906545
vt 0.977342 0.210236
vt 0.099206 0.976383
vt 0.099061 0.986599
vt 0.088799 0.979042
vt 0.348183 0.030621
vt 0.392547 0.026761
vt 0.396609 0.032619
vt 0.730752 0.175689
vt 0.716640 0.162835
vt 0.753103 0.183057
vt 0.024353 0.351394
vt 0.050337 0.390082
vt 0.613742 0.093680
vt 0.605612 0.087891
vt 0.418118 0.903052
vt 0.783203 0.183662
vt 0.796923 0.180731
vt 0.224132 0.208288
vt 0.021585 0.361922
vt 0.037742 0.877519
vt 0.819588 0.816237
vt 0.771929 0.203552
vt 0.791146 0.162898
vt 0.799956 0.823509
vt 0.796638 0.834196
vt 0.977340 0.198389
vt 0.008057 0.367544
vt 0.907868 0.099569
vt 0.960557 0.217716
vt 0.954291 0.220974
vt 0.956701 0.207061
vt 0.621501 0.090539
vt 0.636504 0.098495
vt 0.878505 0.513666
vt 0.873236 0.525374
vt 0.861218 0.525568
vt 0.087699 0.983189
vt 0.876298 0.510114
vt 0.968195 0.715705
vt 0.959311 0.723340
vt 0.961509 0.711415
vt 0.959272 0.673604
vt 0.051300 0.981335
vt 0.962304 0.670887
vt 0.968263 0.672555
vt 0.969613 0.709111
vt 0.965776 0.671329
vt 0.578944 0.988826
vt 0.603520 0.988826
vt 0.577945 0.993940
vt 0.606468 0.992001
vt 0.820397 0.810991
vt 0.845514 0.780477
vt 0.844459 0.783288
vt 0.846491 0.785066
vt 0.190218 0.196775
vt 0.305465 0.396580
vt 0.315881 0.394854
vt 0.312818 0.405623
vt 0.217852 0.197911
vt 0.962812 0.207007
vt 0.968139 0.768733
vt 0.968448 0.769334
vt 0.963261 0.772584
vt 0.841221 0.059186
vt 0.844439 0.058876
vt 0.644253 0.082630
vt 0.842845 0.542049
vt 0.851072 0.532162
vt 0.859777 0.537875
vt 0.827521 0.528117
vt 0.852372 0.520997
vt 0.868581 0.537478
vt 0.600211 0.108670
vt 0.600459 0.113115
vt 0.308450 0.057000
vt 0.314885 0.059960
vt 0.309384 0.071824
vt 0.340400 0.093238
vt 0.343935 0.059687
vt 0.361848 0.058688
vt 0.831899 0.511287
vt 0.841398 0.515477
vt 0.823110 0.513120
vt 0.317288 0.100178
vt 0.276634 0.061478
vt 0.301764 0.062302
vt 0.353200 0.103189
vt 0.284810 0.073567
vt 0.286979 0.100570
vt 0.853742 0.258415
vt 0.832406 0.309896
vt 0.811747 0.298893
vt 0.125604 0.014373
vt 0.131821 0.018309
vt 0.124612 0.022203
vt 0.301922 0.104612
vt 0.277061 0.110672
vt 0.337513 0.113660
vt 0.359756 0.124478
vt 0.342062 0.131496
vt 0.358768 0.133935
vt 0.366852 0.121828
vt 0.345641 0.105047
vt 0.849673 0.302337
vt 0.312228 0.104376
vt 0.324159 0.108192
vt 0.307794 0.122764
vt 0.306371 0.129049
vt 0.326996 0.116006
vt 0.899589 0.104241
vt 0.891904 0.104494
vt 0.226460 0.603893
vt 0.241620 0.607493
vt 0.746618 0.187125
vt 0.965042 0.769115
vt 0.859589 0.346113
vt 0.833395 0.332434
vt 0.843408 0.318354
vt 0.836498 0.081410
vt 0.030235 0.871422
vt 0.034800 0.623423
vt 0.968601 0.205427
vt 0.965708 0.205221
vt 0.843039 0.351792
vt 0.842673 0.355211
vt 0.895512 0.797644
vt 0.919919 0.836689
vt 0.891358 0.803047
vt 0.966062 0.767595
vt 0.966852 0.767972
vt 0.844353 0.365434
vt 0.270616 0.379570
vt 0.298405 0.406873
vt 0.326569 0.409671
vt 0.154185 0.611594
vt 0.135446 0.618291
vt 0.147783 0.603903
vt 0.760331 0.181882
vt 0.877215 0.097764
vt 0.333408 0.431456
vt 0.764171 0.179696
vt 0.936010 0.179108
vt 0.929420 0.136553
vt 0.943077 0.183162
vt 0.947072 0.176648
vt 0.945384 0.179129
vt 0.936198 0.139801
vt 0.932238 0.137251
vt 0.928168 0.138932
vt 0.807719 0.192882
vt 0.809639 0.171826
vt 0.834290 0.171218
vt 0.267790 0.219856
vt 0.247120 0.201140
vt 0.270810 0.219366
vt 0.945982 0.484386
vt 0.926108 0.495075
vt 0.916660 0.490744
vt 0.906635 0.138407
vt 0.888191 0.120400
vt 0.897120 0.122963
vt 0.914634 0.495024
vt 0.848104 0.367249
vt 0.176254 0.192350
vt 0.967128 0.764185
vt 0.966629 0.202796
vt 0.977208 0.761885
vt 0.970242 0.762688
vt 0.935956 0.187197
vt 0.946875 0.200776
vt 0.879551 0.110373
vt 0.972793 0.770468
vt 0.809783 0.311768
vt 0.818719 0.335743
vt 0.767442 0.296584
vt 0.793378 0.301978
vt 0.885201 0.120371
vt 0.926612 0.184966
vt 0.901117 0.499007
vt 0.884200 0.130703
vt 0.876333 0.137834
vt 0.985019 0.773295
vt 0.118437 0.033354
vt 0.130533 0.031715
vt 0.141478 0.048964
vt 0.766434 0.286063
vt 0.369193 0.130299
vt 0.041171 0.818185
vt 0.044104 0.825409
vt 0.026034 0.872066
vt 0.031316 0.839884
vt 0.047969 0.845777
vt 0.043748 0.878227
vt 0.068537 0.628486
vt 0.048276 0.630651
vt 0.072354 0.641691
vt 0.021956 0.881485
vt 0.928621 0.301047
vt 0.932873 0.261654
vt 0.118848 0.629009
vt 0.771144 0.209079
vt 0.896897 0.791553
vt 0.315508 0.415735
vt 0.362298 0.430350
vt 0.237528 0.203906
vt 0.050166 0.638016
vt 0.321023 0.448882
vt 0.237080 0.210260
vt 0.120486 0.448692
vt 0.061132 0.649322
vt 0.054074 0.652344
vt 0.239546 0.189498
vt 0.246378 0.189707
vt 0.053376 0.668577
vt 0.276470 0.399089
vt 0.313115 0.428325
vt 0.310693 0.582402
vt 0.491092 0.043305
vt 0.951581 0.558942
vt 0.779515 0.217905
vt 0.272765 0.418290
vt 0.514111 0.050730
vt 0.775709 0.239415
vt 0.239118 0.181273
vt 0.296617 0.427118
vt 0.137649 0.598048
vt 0.938424 0.552419
vt 0.736927 0.191177
vt 0.742975 0.209360
vt 0.134743 0.579092
vt 0.950392 0.556023
vt 0.026440 0.627568
vt 0.023829 0.649831
vt 0.025646 0.644202
vt 0.051923 0.681782
vt 0.304290 0.430096
vt 0.011963 0.195286
vt 0.021845 0.174841
vt 0.032179 0.170644
vt 0.755210 0.214624
vt 0.769923 0.237914
vt 0.855032 0.790873
vt 0.871144 0.782638
vt 0.245913 0.397012
vt 0.450757 0.945746
vt 0.446672 0.934226
vt 0.031041 0.164595
vt 0.068376 0.680138
vt 0.954773 0.569721
vt 0.955568 0.575012
vt 0.936414 0.556002
vt 0.033260 0.172337
vt 0.019589 0.144738
vt 0.012101 0.138581
vt 0.950188 0.500336
vt 0.878548 0.250480
vt 0.897626 0.276318
vt 0.860629 0.254905
vt 0.900204 0.292380
vt 0.775606 0.029380
vt 0.210504 0.221764
vt 0.154863 0.933838
vt 0.015594 0.070455
vt 0.009411 0.062367
vt 0.010443 0.052168
vt 0.018568 0.068590
vt 0.946757 0.479027
vt 0.943841 0.477271
vt 0.954644 0.469477
vt 0.734416 0.048775
vt 0.035432 0.158320
vt 0.032731 0.166735
vt 0.777742 0.039138
vt 0.809751 0.238521
vt 0.802320 0.212248
vt 0.811135 0.201017
vt 0.146099 0.135989
vt 0.932869 0.855664
vt 0.889965 0.899338
vt 0.910614 0.912988
vt 0.891954 0.318179
vt 0.505329 0.439235
vt 0.127956 0.095502
vt 0.843255 0.533299
vt 0.820065 0.537899
vt 0.919327 0.950823
vt 0.535657 0.437806
vt 0.894752 0.543938
vt 0.876917 0.524477
vt 0.885448 0.528214
vt 0.880402 0.538266
vt 0.888265 0.558665
vt 0.904286 0.919933
vt 0.875183 0.897920
vt 0.455570 0.950181
vt 0.587141 0.384484
vt 0.549739 0.441522
vt 0.570689 0.398615
vt 0.548925 0.421930
vt 0.472057 0.443272
vt 0.454099 0.454691
vt 0.481262 0.456758
vt 0.445158 0.460312
vt 0.916806 0.563564
vt 0.905299 0.565409
vt 0.908563 0.558909
vt 0.877080 0.288667
vt 0.773319 0.532954
vt 0.791552 0.543512
vt 0.788254 0.569796
vt 0.431463 0.934368
vt 0.420244 0.923118
vt 0.851870 0.318539
vt 0.904847 0.317302
vt 0.538275 0.451518
vt 0.482991 0.459548
vt 0.860988 0.606143
vt 0.876459 0.906359
vt 0.969253 0.390858
vt 0.993946 0.398122
vt 0.991019 0.402898
vt 0.246885 0.040425
vt 0.240519 0.030596
vt 0.901536 0.397562
vt 0.930474 0.403068
vt 0.908216 0.401281
vt 0.018160 0.882681
vt 0.020899 0.907534
vt 0.013363 0.878749
vt 0.253045 0.005086
vt 0.945904 0.406481
vt 0.972538 0.410870
vt 0.950691 0.424688
vt 0.959986 0.066680
vt 0.970545 0.053071
vt 0.973114 0.069179
vt 0.281232 0.027875
vt 0.261963 0.038383
vt 0.907154 0.274162
vt 0.801189 0.543570
vt 0.449573 0.448517
vt 0.232410 0.962855
vt 0.222391 0.971849
vt 0.791688 0.570273
vt 0.141094 0.789590
vt 0.701019 0.114301
vt 0.742365 0.117857
vt 0.700656 0.128119
vt 0.743914 0.930787
vt 0.745904 0.946362
vt 0.730321 0.957069
vt 0.210911 0.988878
vt 0.708870 0.049853
vt 0.762156 0.379011
vt 0.746076 0.094635
vt 0.746913 0.099730
vt 0.731471 0.082408
vt 0.742950 0.103228
vt 0.720344 0.096420
vt 0.725816 0.088169
vt 0.739781 0.096307
vt 0.741121 0.082110
vt 0.757192 0.118794
vt 0.763972 0.422835
vt 0.780638 0.397347
vt 0.751253 0.119649
vt 0.739986 0.105521
vt 0.771180 0.398313
vt 0.031093 0.906820
vt 0.202227 0.054757
vt 0.193142 0.055185
vt 0.186553 0.048048
vt 0.186410 0.050837
vt 0.978840 0.405850
vt 0.976400 0.405979
vt 0.171534 0.038347
vt 0.191839 0.029418
vt 0.188816 0.040044
vt 0.973755 0.419280
vt 0.540082 0.444094
vt 0.426248 0.938804
vt 0.447123 0.954155
vt 0.440832 0.955998
vt 0.223107 0.969981
vt 0.769067 0.039932
vt 0.791411 0.528915
vt 0.308918 0.476564
vt 0.881560 0.277576
vt 0.959114 0.268709
vt 0.959413 0.279713
vt 0.948649 0.272689
vt 0.905735 0.791226
vt 0.903693 0.785184
vt 0.920185 0.754482
vt 0.242501 0.415727
vt 0.461451 0.439276
vt 0.430284 0.452811
vt 0.257709 0.419267
vt 0.273510 0.429325
vt 0.779352 0.957267
vt 0.798035 0.956632
vt 0.806607 0.967641
vt 0.039792 0.800030
vt 0.036395 0.794317
vt 0.033475 0.782446
vt 0.603021 0.379835
vt 0.608497 0.369913
vt 0.796157 0.381530
vt 0.979485 0.407700
vt 0.187023 0.047712
vt 0.182774 0.052998
vt 0.187298 0.052344
vt 0.169592 0.045910
vt 0.165691 0.054476
vt 0.770433 0.045394
vt 0.805519 0.032055
vt 0.774986 0.056396
vt 0.557665 0.466621
vt 0.491643 0.948757
vt 0.958809 0.961422
vt 0.777999 0.014007
vt 0.563018 0.470775
vt 0.423909 0.942125
vt 0.802550 0.532780
vt 0.808307 0.530535
vt 0.135984 0.930814
vt 0.143084 0.951227
vt 0.135834 0.942284
vt 0.925804 0.257624
vt 0.922346 0.265092
vt 0.129888 0.937862
vt 0.130346 0.926413
vt 0.950402 0.505319
vt 0.778333 0.963591
vt 0.939793 0.274525
vt 0.938524 0.264686
vt 0.122262 0.967824
vt 0.117345 0.966278
vt 0.335289 0.177079
vt 0.335522 0.174482
vt 0.360727 0.181583
vt 0.945529 0.303228
vt 0.944992 0.297726
vt 0.961002 0.300626
vt 0.807168 0.971447
vt 0.807385 0.979086
vt 0.743048 0.975309
vt 0.919045 0.270325
vt 0.787457 0.609280
vt 0.780762 0.619015
vt 0.787254 0.599621
vt 0.777060 0.935877
vt 0.917692 0.273476
vt 0.775614 0.932461
vt 0.783765 0.599980
vt 0.770223 0.955293
vt 0.795361 0.579548
vt 0.973316 0.110374
vt 0.743930 0.918171
vt 0.233790 0.219454
vt 0.723740 0.935197
vt 0.723017 0.924400
vt 0.730981 0.925643
vt 0.737134 0.931118
vt 0.728044 0.941283
vt 0.747194 0.954936
vt 0.754216 0.950075
vt 0.050416 0.083718
vt 0.015973 0.819806
vt 0.151873 0.195150
vt 0.119387 0.200887
vt 0.147353 0.186559
vt 0.768696 0.397248
vt 0.778341 0.309715
vt 0.340218 0.960249
vt 0.318213 0.959397
vt 0.375310 0.955250
vt 0.241040 0.012398
vt 0.756284 0.033507
vt 0.753108 0.040420
vt 0.969972 0.305586
vt 0.884684 0.778036
vt 0.820131 0.112281
vt 0.787902 0.101967
vt 0.813779 0.096690
vt 0.961198 0.978913
vt 0.962268 0.974435
vt 0.741308 0.126829
vt 0.768195 0.961407
vt 0.945067 0.465176
vt 0.968852 0.442688
vt 0.791942 0.397201
vt 0.297868 0.951392
vt 0.794297 0.343907
vt 0.784856 0.341074
vt 0.782744 0.329028
vt 0.354326 0.947422
vt 0.405032 0.454975
vt 0.401829 0.464802
vt 0.330973 0.945858
vt 0.416729 0.468801
vt 0.408593 0.476595
vt 0.404708 0.135479
vt 0.412575 0.129800
vt 0.420047 0.144011
vt 0.404282 0.119443
vt 0.430169 0.146867
vt 0.442453 0.153433
vt 0.431276 0.157183
vt 0.388577 0.129109
vt 0.389498 0.143607
vt 0.401622 0.150746
vt 0.404307 0.163787
vt 0.386476 0.153036
vt 0.899128 0.776226
vt 0.911180 0.755277
vt 0.788325 0.116952
vt 0.298907 0.670370
vt 0.794820 0.935870
vt 0.134685 0.771285
vt 0.134889 0.778854
vt 0.118807 0.808146
vt 0.130126 0.854506
vt 0.024213 0.817993
vt 0.941025 0.456186
vt 0.690010 0.091541
vt 0.980217 0.067768
vt 0.964435 0.386498
vt 0.959256 0.378032
vt 0.743919 0.030849
vt 0.794877 0.050518
vt 0.299158 0.446415
vt 0.269692 0.656453
vt 0.970129 0.975939
vt 0.025721 0.086646
vt 0.054419 0.775653
vt 0.069894 0.772167
vt 0.043644 0.789988
vt 0.955383 0.492859
vt 0.629602 0.316598
vt 0.223671 0.139631
vt 0.229718 0.146221
vt 0.221384 0.172885
vt 0.235208 0.166466
vt 0.215884 0.175740
vt 0.236118 0.157647
vt 0.219452 0.133173
vt 0.233305 0.023832
vt 0.776377 0.110372
vt 0.262576 0.445591
vt 0.280002 0.452677
vt 0.297669 0.658179
vt 0.259460 0.660499
vt 0.874165 0.441035
vt 0.838429 0.392326
vt 0.869534 0.418812
vt 0.842495 0.377175
vt 0.836350 0.381368
vt 0.181098 0.244065
vt 0.007592 0.097224
vt 0.036227 0.089506
vt 0.018999 0.802724
vt 0.050223 0.096136
vt 0.054819 0.766963
vt 0.966962 0.437060
vt 0.764197 0.410926
vt 0.260460 0.151213
vt 0.764498 0.062580
vt 0.768707 0.048652
vt 0.151679 0.044589
vt 0.761263 0.085406
vt 0.819552 0.184474
vt 0.506950 0.862713
vt 0.507470 0.858960
vt 0.519076 0.858574
vt 0.551889 0.864325
vt 0.643378 0.900403
vt 0.619211 0.893817
vt 0.608867 0.896037
vt 0.552804 0.881820
vt 0.520233 0.871352
vt 0.513758 0.865906
vt 0.271570 0.651003
vt 0.185325 0.272160
vt 0.182259 0.267297
vt 0.959425 0.586416
vt 0.960325 0.573092
vt 0.750792 0.127774
vt 0.022419 0.775168
vt 0.929908 0.455185
vt 0.697060 0.163611
vt 0.687927 0.191375
vt 0.677234 0.170813
vt 0.698497 0.094110
vt 0.916287 0.549921
vt 0.379924 0.158032
vt 0.344735 0.158781
vt 0.524130 0.715202
vt 0.881787 0.406944
vt 0.854880 0.365540
vt 0.228567 0.215292
vt 0.640815 0.932444
vt 0.828085 0.568346
vt 0.839010 0.543128
vt 0.843339 0.553262
vt 0.263669 0.173447
vt 0.819569 0.563609
vt 0.737077 0.068355
vt 0.732352 0.062414
vt 0.759059 0.051981
vt 0.255075 0.047370
vt 0.800259 0.397931
vt 0.961557 0.122144
vt 0.969131 0.121589
vt 0.968927 0.156426
vt 0.960570 0.158108
vt 0.813073 0.394369
vt 0.943840 0.114926
vt 0.818387 0.390500
vt 0.744087 0.057917
vt 0.016000 0.446744
vt 0.026865 0.417158
vt 0.025988 0.455902
vt 0.820823 0.401824
vt 0.036496 0.417584
vt 0.037139 0.453863
vt 0.048002 0.419176
vt 0.049578 0.453004
vt 0.056926 0.422786
vt 0.929811 0.324874
vt 0.893868 0.774094
vt 0.904371 0.755445
vt 0.499163 0.750502
vt 0.515476 0.823603
vt 0.250136 0.650002
vt 0.257554 0.644887
vt 0.816917 0.929954
vt 0.832202 0.376554
vt 0.796405 0.943645
vt 0.821047 0.388735
vt 0.813939 0.371827
vt 0.025710 0.095924
vt 0.041029 0.778212
vt 0.615036 0.323415
vt 0.613615 0.353234
vt 0.117681 0.190287
vt 0.087976 0.201767
vt 0.133981 0.205194
vt 0.211551 0.971251
vt 0.915844 0.324820
vt 0.911658 0.329017
vt 0.799455 0.121783
vt 0.792302 0.142067
vt 0.255808 0.441783
vt 0.323698 0.048856
vt 0.322831 0.041056
vt 0.330011 0.042249
vt 0.178654 0.274470
vt 0.745172 0.966705
vt 0.737128 0.964926
vt 0.742817 0.959814
vt 0.755407 0.419670
vt 0.819658 0.226544
vt 0.202458 0.463260
vt 0.294003 0.458797
vt 0.447875 0.962218
vt 0.532664 0.698925
vt 0.313990 0.654111
vt 0.127539 0.808506
vt 0.704687 0.946962
vt 0.709560 0.966870
vt 0.694213 0.966465
vt 0.011154 0.800662
vt 0.970133 0.449515
vt 0.962118 0.471799
vt 0.125838 0.222952
vt 0.111688 0.217053
vt 0.534923 0.286516
vt 0.533744 0.257135
vt 0.553637 0.270498
vt 0.972317 0.079961
vt 0.392756 0.176341
vt 0.413132 0.170339
vt 0.373615 0.133358
vt 0.786802 0.279837
vt 0.787746 0.148061
vt 0.968717 0.225215
vt 0.983950 0.228493
vt 0.979576 0.238660
vt 0.934713 0.955784
vt 0.773075 0.120112
vt 0.776525 0.151128
vt 0.767790 0.143277
vt 0.258572 0.164192
vt 0.940561 0.083925
vt 0.171475 0.265888
vt 0.970117 0.569295
vt 0.918824 0.011396
vt 0.925990 0.005052
vt 0.930725 0.005659
vt 0.922081 0.015256
vt 0.959432 0.566426
vt 0.141546 0.934855
vt 0.138239 0.905678
vt 0.713157 0.151141
vt 0.034090 0.096050
vt 0.673529 0.970120
vt 0.666922 0.973582
vt 0.654724 0.962196
vt 0.005530 0.879963
vt 0.417270 0.175031
vt 0.411886 0.174813
vt 0.425484 0.167313
vt 0.884939 0.367360
vt 0.870617 0.363173
vt 0.349189 0.040110
vt 0.341378 0.036840
vt 0.958941 0.946246
vt 0.955927 0.945244
vt 0.913038 0.005094
vt 0.907153 0.007954
vt 0.719587 0.946259
vt 0.437146 0.986670
vt 0.442428 0.978929
vt 0.450980 0.982279
vt 0.578149 0.310849
vt 0.683152 0.971064
vt 0.018801 0.868995
vt 0.922706 0.392787
vt 0.811704 0.138719
vt 0.739674 0.545055
vt 0.728629 0.575405
vt 0.720835 0.574933
vt 0.887429 0.395035
vt 0.887096 0.359959
vt 0.890069 0.362359
vt 0.538913 0.103524
vt 0.579308 0.078347
vt 0.548856 0.107199
vt 0.039174 0.094657
vt 0.960342 0.809465
vt 0.949369 0.801066
vt 0.212698 0.961059
vt 0.564183 0.267853
vt 0.564910 0.257127
vt 0.120747 0.352991
vt 0.156106 0.321087
vt 0.010098 0.907337
vt 0.941490 0.399525
vt 0.949458 0.439953
vt 0.778486 0.279135
vt 0.902256 0.745742
vt 0.322284 0.655393
vt 0.279872 0.647818
vt 0.732013 0.534527
vt 0.722179 0.547847
vt 0.709983 0.569862
vt 0.887566 0.346353
vt 0.808721 0.526500
vt 0.809146 0.500733
vt 0.828134 0.489566
vt 0.543387 0.119349
vt 0.550725 0.137604
vt 0.540114 0.154760
vt 0.537398 0.136912
vt 0.880979 0.379188
vt 0.890816 0.366935
vt 0.892457 0.371906
vt 0.888422 0.367590
vt 0.582619 0.086635
vt 0.037795 0.411124
vt 0.046608 0.413073
vt 0.821440 0.268136
vt 0.053770 0.695038
vt 0.779119 0.151679
vt 0.262145 0.641018
vt 0.826546 0.503314
vt 0.886687 0.365774
vt 0.563745 0.075453
vt 0.568239 0.082402
vt 0.527688 0.089102
vt 0.236843 0.072745
vt 0.237109 0.090952
vt 0.231153 0.082464
vt 0.167898 0.221409
vt 0.953090 0.940741
vt 0.957773 0.560040
vt 0.780122 0.773142
vt 0.824460 0.778499
vt 0.798051 0.780474
vt 0.453254 0.965428
vt 0.451800 0.957806
vt 0.457888 0.957011
vt 0.010493 0.750488
vt 0.683681 0.160066
vt 0.960710 0.113136
vt 0.970001 0.108640
vt 0.945619 0.161571
vt 0.422128 0.181497
vt 0.813365 0.122421
vt 0.195726 0.455425
vt 0.236302 0.385003
vt 0.896004 0.378767
vt 0.891988 0.364468
vt 0.664500 0.128301
vt 0.451121 0.974280
vt 0.014296 0.764541
vt 0.703994 0.186436
vt 0.714577 0.160150
vt 0.950216 0.177003
vt 0.949470 0.164716
vt 0.957319 0.170404
vt 0.957321 0.435482
vt 0.459102 0.969545
vt 0.610983 0.333300
vt 0.679958 0.036387
vt 0.672004 0.057530
vt 0.671023 0.040854
vt 0.466633 0.962151
vt 0.448557 0.990146
vt 0.457003 0.989856
vt 0.604134 0.354778
vt 0.467893 0.988467
vt 0.959678 0.182568
vt 0.672313 0.094778
vt 0.658357 0.075571
vt 0.663893 0.060562
vt 0.469934 0.981770
vt 0.590030 0.319838
vt 0.651682 0.060857
vt 0.657943 0.089942
vt 0.958922 0.203893
vt 0.948790 0.205749
vt 0.951333 0.190034
vt 0.675435 0.084461
vt 0.597705 0.342784
vt 0.581725 0.360035
vt 0.016901 0.253061
vt 0.030038 0.252314
vt 0.016743 0.266459
vt 0.966668 0.192087
vt 0.012633 0.234245
vt 0.020450 0.242083
vt 0.010484 0.238335
vt 0.588708 0.329303
vt 0.009973 0.246413
vt 0.012323 0.250257
vt 0.024004 0.238468
vt 0.020067 0.240414
vt 0.407362 0.070888
vt 0.421277 0.072960
vt 0.416815 0.086458
vt 0.672205 0.075002
vt 0.651309 0.035301
vt 0.692030 0.033842
vt 0.664527 0.036229
vt 0.470110 0.988785
vt 0.409973 0.096330
vt 0.420689 0.089276
vt 0.418864 0.094810
vt 0.479217 0.989887
vt 0.473397 0.986646
vt 0.596917 0.333074
vt 0.578360 0.346972
vt 0.412637 0.100145
vt 0.431991 0.091938
vt 0.433429 0.080724
vt 0.438809 0.087239
vt 0.651097 0.047586
vt 0.009036 0.252525
vt 0.024498 0.234161
vt 0.027249 0.230122
vt 0.033372 0.240250
vt 0.425874 0.064867
vt 0.445282 0.056008
vt 0.634028 0.056022
vt 0.644615 0.036348
vt 0.448606 0.073498
vt 0.047820 0.255945
vt 0.051458 0.247117
vt 0.633217 0.046966
vt 0.628646 0.034859
vt 0.462059 0.082498
vt 0.457221 0.093243
vt 0.644321 0.195468
vt 0.617076 0.184904
vt 0.645317 0.180415
vt 0.641992 0.168581
vt 0.616094 0.173973
vt 0.611516 0.197787
vt 0.608250 0.179689
vt 0.641311 0.160339
vt 0.621844 0.161757
vt 0.489108 0.101792
vt 0.629278 0.148261
vt 0.602086 0.191804
vt 0.612341 0.153840
vt 0.604988 0.163743
vt 0.598072 0.173794
vt 0.624774 0.142420
vt 0.616311 0.139991
vt 0.588633 0.187576
vt 0.585497 0.151929
vt 0.583092 0.166940
vt 0.587854 0.138029
vt 0.597520 0.132278
vt 0.570635 0.176144
vt 0.575395 0.157944
vt 0.588932 0.128166
vt 0.575209 0.132610
vt 0.561945 0.183075
vt 0.558739 0.175983
vt 0.963347 0.780991
vt 0.573930 0.281772
vt 0.599268 0.281843
vt 0.692443 0.969054
vt 0.929269 0.385003
vt 0.061594 0.711960
vt 0.845773 0.107679
vt 0.284861 0.463092
vt 0.747898 0.551303
vt 0.745390 0.532118
vt 0.527929 0.150252
vt 0.890557 0.362082
vt 0.831095 0.501756
vt 0.823088 0.488426
vt 0.817517 0.483655
vt 0.824161 0.477402
vt 0.242144 0.078803
vt 0.994483 0.225103
vt 0.984767 0.243136
vt 0.981820 0.245265
vt 0.081130 0.215299
vt 0.952282 0.775072
vt 0.265827 0.182148
vt 0.919031 0.572634
vt 0.932680 0.558444
vt 0.933260 0.577403
vt 0.424387 0.199614
vt 0.416209 0.203110
vt 0.760937 0.638204
vt 0.692293 0.657417
vt 0.764594 0.621407
vt 0.218257 0.458513
vt 0.300588 0.492635
vt 0.021013 0.190095
vt 0.031002 0.211661
vt 0.022885 0.216799
vt 0.030810 0.198342
vt 0.107103 0.228319
vt 0.561761 0.167355
vt 0.675003 0.096243
vt 0.309092 0.641277
vt 0.281675 0.644349
vt 0.294405 0.629865
vt 0.835023 0.474351
vt 0.827923 0.465325
vt 0.828228 0.462598
vt 0.165683 0.238441
vt 0.149069 0.248468
vt 0.138557 0.880679
vt 0.953264 0.818467
vt 0.222052 0.985044
vt 0.228958 0.995000
vt 0.582874 0.267304
vt 0.887884 0.589958
vt 0.833984 0.261078
vt 0.475723 0.901619
vt 0.250103 0.460080
vt 0.321502 0.643433
vt 0.434174 0.356961
vt 0.446623 0.370742
vt 0.428369 0.368516
vt 0.510238 0.060904
vt 0.524914 0.061731
vt 0.523126 0.069798
vt 0.535139 0.131921
vt 0.833188 0.499678
vt 0.823321 0.459235
vt 0.819994 0.469766
vt 0.132774 0.917020
vt 0.941478 0.782854
vt 0.607527 0.291468
vt 0.584784 0.320791
vt 0.980865 0.101218
vt 0.408282 0.199918
vt 0.938408 0.382517
vt 0.951261 0.379582
vt 0.400193 0.187681
vt 0.393734 0.179590
vt 0.949038 0.392389
vt 0.397969 0.191737
vt 0.372909 0.184287
vt 0.190808 0.957200
vt 0.187919 0.962616
vt 0.337804 0.171776
vt 0.958202 0.296609
vt 0.160268 0.951957
vt 0.939905 0.287598
vt 0.142618 0.946396
vt 0.963380 0.021804
vt 0.970367 0.028546
vt 0.980922 0.060326
vt 0.037216 0.155297
vt 0.043705 0.146677
vt 0.072724 0.146163
vt 0.963860 0.039183
vt 0.072559 0.151789
vt 0.072297 0.156905
vt 0.071728 0.141144
vt 0.106126 0.149169
vt 0.123341 0.154213
vt 0.106811 0.144429
vt 0.122820 0.138223
vt 0.126323 0.145357
vt 0.129934 0.150354
vt 0.137704 0.127155
vt 0.142075 0.135784
vt 0.092902 0.370835
vt 0.084331 0.366781
vt 0.087068 0.359515
vt 0.906571 0.731132
vt 0.835821 0.117990
vt 0.827153 0.124311
vt 0.331679 0.642250
vt 0.249390 0.082998
vt 0.243200 0.084468
vt 0.251327 0.066384
vt 0.344384 0.051979
vt 0.383781 0.040290
vt 0.754877 0.752530
vt 0.750690 0.745067
vt 0.041290 0.193501
vt 0.041737 0.183572
vt 0.466978 0.895043
vt 0.837378 0.500198
vt 0.277760 0.056957
vt 0.264230 0.066255
vt 0.900148 0.019536
vt 0.885787 0.015469
vt 0.257892 0.073647
vt 0.352330 0.054192
vt 0.388143 0.037002
vt 0.747430 0.748610
vt 0.774091 0.781832
vt 0.850200 0.601444
vt 0.710553 0.102989
vt 0.142135 0.159232
vt 0.051160 0.396770
vt 0.968049 0.797811
vt 0.985088 0.813991
vt 0.968500 0.813277
vt 0.653349 0.950545
vt 0.817556 0.147693
vt 0.848357 0.116718
vt 0.858215 0.097013
vt 0.757372 0.525978
vt 0.762900 0.535667
vt 0.844224 0.499308
vt 0.911360 0.012196
vt 0.076633 0.195785
vt 0.552813 0.219420
vt 0.559533 0.229653
vt 0.284156 0.975936
vt 0.282563 0.965241
vt 0.321687 0.964536
vt 0.306724 0.973624
vt 0.297037 0.956715
vt 0.299626 0.981539
vt 0.434881 0.189548
vt 0.435406 0.180266
vt 0.459731 0.188795
vt 0.648970 0.938908
vt 0.646933 0.949993
vt 0.315770 0.631463
vt 0.327569 0.620789
vt 0.733542 0.584224
vt 0.753741 0.557052
vt 0.908487 0.018251
vt 0.953879 0.016990
vt 0.191892 0.057904
vt 0.189036 0.064775
vt 0.825948 0.790495
vt 0.337052 0.363891
vt 0.320402 0.344431
vt 0.380461 0.376197
vt 0.141471 0.142979
vt 0.325088 0.972783
vt 0.826719 0.138658
vt 0.269609 0.474492
vt 0.293579 0.506875
vt 0.716722 0.527485
vt 0.507803 0.075126
vt 0.530060 0.131788
vt 0.908873 0.019753
vt 0.134916 0.243531
vt 0.135506 0.255724
vt 0.041712 0.208722
vt 0.045425 0.402736
vt 0.652264 0.937832
vt 0.597400 0.961969
vt 0.643024 0.946504
vt 0.268679 0.634250
vt 0.444555 0.354552
vt 0.747823 0.513053
vt 0.854330 0.472557
vt 0.942888 0.018409
vt 0.911656 0.017543
vt 0.391613 0.973964
vt 0.379078 0.978674
vt 0.403895 0.963459
vt 0.798750 0.799805
vt 0.826376 0.795956
vt 0.317264 0.199407
vt 0.645997 0.941578
vt 0.314821 0.624391
vt 0.297992 0.620393
vt 0.268332 0.072700
vt 0.932943 0.005166
vt 0.911400 0.015328
vt 0.915787 0.018536
vt 0.069091 0.236386
vt 0.563698 0.139894
vt 0.555520 0.158314
vt 0.588980 0.949703
vt 0.587722 0.956619
vt 0.573291 0.960608
vt 0.303851 0.126368
vt 0.818134 0.587104
vt 0.983291 0.817554
vt 0.643017 0.940623
vt 0.338311 0.622369
vt 0.404738 0.954123
vt 0.130858 0.261143
vt 0.960554 0.849645
vt 0.956991 0.865251
vt 0.951304 0.860347
vt 0.951764 0.878051
vt 0.946839 0.858453
vt 0.959576 0.880320
vt 0.946595 0.868497
vt 0.892308 0.184502
vt 0.907935 0.184790
vt 0.912487 0.191682
vt 0.905576 0.180100
vt 0.894897 0.179726
vt 0.912390 0.199039
vt 0.906372 0.175832
vt 0.908125 0.203833
vt 0.866822 0.602236
vt 0.434991 0.165871
vt 0.044654 0.340552
vt 0.033206 0.345205
vt 0.032954 0.331597
vt 0.859072 0.476141
vt 0.850273 0.463514
vt 0.342027 0.372786
vt 0.123749 0.892087
vt 0.646298 0.935686
vt 0.646587 0.927492
vt 0.278852 0.479035
vt 0.291739 0.620719
vt 0.875985 0.480151
vt 0.866086 0.477569
vt 0.875212 0.472304
vt 0.865705 0.481046
vt 0.854436 0.464881
vt 0.274987 0.075291
vt 0.270171 0.077477
vt 0.836644 0.458968
vt 0.538101 0.176790
vt 0.594848 0.247732
vt 0.904540 0.206879
vt 0.879572 0.186773
vt 0.909949 0.228896
vt 0.830257 0.276662
vt 0.255171 0.478326
vt 0.325528 0.613510
vt 0.730506 0.507308
vt 0.856046 0.470409
vt 0.859539 0.466935
vt 0.842143 0.457882
vt 0.845342 0.453771
vt 0.270844 0.079853
vt 0.078469 0.370329
vt 0.064757 0.343189
vt 0.646360 0.939401
vt 0.643486 0.934381
vt 0.846602 0.134641
vt 0.285689 0.489313
vt 0.382357 0.613886
vt 0.258542 0.605572
vt 0.246689 0.608027
vt 0.274971 0.571625
vt 0.483271 0.341169
vt 0.009465 0.317745
vt 0.020736 0.342154
vt 0.044360 0.329809
vt 0.126085 0.549251
vt 0.124046 0.593326
vt 0.107711 0.587308
vt 0.622073 0.287469
vt 0.567495 0.218033
vt 0.914160 0.167687
vt 0.151450 0.058187
vt 0.185424 0.080173
vt 0.176867 0.081996
vt 0.164088 0.057222
vt 0.077569 0.345127
vt 0.654221 0.916204
vt 0.829921 0.244298
vt 0.405461 0.626832
vt 0.283102 0.626372
vt 0.425857 0.347187
vt 0.738631 0.517390
vt 0.140285 0.224255
vt 0.773235 0.796200
vt 0.092987 0.235166
vt 0.578869 0.970965
vt 0.942865 0.835697
vt 0.948399 0.842984
vt 0.299243 0.199129
vt 0.051521 0.338165
vt 0.790060 0.160595
vt 0.306893 0.605774
vt 0.736619 0.590805
vt 0.047039 0.336168
vt 0.521646 0.087387
vt 0.414388 0.979598
vt 0.399526 0.978093
vt 0.275449 0.192163
vt 0.932755 0.827358
vt 0.941732 0.824992
vt 0.968505 0.833103
vt 0.902092 0.156891
vt 0.870591 0.176377
vt 0.867950 0.168360
vt 0.280356 0.507622
vt 0.285501 0.498330
vt 0.007904 0.337694
vt 0.009168 0.348450
vt 0.874454 0.464996
vt 0.047478 0.234602
vt 0.308981 0.205106
vt 0.781792 0.622606
vt 0.988419 0.822655
vt 0.860900 0.114324
vt 0.272536 0.611527
vt 0.463956 0.325307
vt 0.763173 0.507213
vt 0.508415 0.077266
vt 0.010292 0.360343
vt 0.613212 0.274629
vt 0.596697 0.239097
vt 0.281572 0.518407
vt 0.275780 0.633032
vt 0.462420 0.339287
vt 0.904999 0.972633
vt 0.854862 0.969527
vt 0.915073 0.964559
vt 0.005000 0.347306
vt 0.861494 0.465601
vt 0.574085 0.978338
vt 0.561357 0.973218
vt 0.936177 0.853667
vt 0.891825 0.165710
vt 0.848368 0.165072
vt 0.851717 0.175857
vt 0.848456 0.181863
vt 0.322739 0.220663
vt 0.322533 0.228765
vt 0.895808 0.608205
vt 0.975125 0.819572
vt 0.726610 0.659862
vt 0.741644 0.680416
vt 0.724186 0.673899
vt 0.453012 0.904858
vt 0.463537 0.903686
vt 0.268171 0.619283
vt 0.355577 0.390597
vt 0.037027 0.238224
vt 0.554950 0.145984
vt 0.270710 0.502925
vt 0.455222 0.316827
vt 0.426220 0.334977
vt 0.883957 0.957115
vt 0.903043 0.954246
vt 0.864722 0.961264
vt 0.127284 0.247402
vt 0.631627 0.267574
vt 0.306370 0.217790
vt 0.900384 0.608518
vt 0.931642 0.583004
vt 0.905799 0.621872
vt 0.817762 0.159474
vt 0.414424 0.351164
vt 0.136075 0.216316
vt 0.777655 0.803940
vt 0.794218 0.811327
vt 0.923082 0.852838
vt 0.064088 0.355514
vt 0.847429 0.145860
vt 0.248441 0.490417
vt 0.337674 0.612598
vt 0.281202 0.615299
vt 0.445562 0.310984
vt 0.422985 0.317707
vt 0.099119 0.585507
vt 0.552966 0.130654
vt 0.616263 0.251791
vt 0.099472 0.079154
vt 0.148187 0.067589
vt 0.945937 0.827380
vt 0.248364 0.503843
vt 0.263393 0.495872
vt 0.741862 0.501555
vt 0.917371 0.954743
vt 0.406359 0.948738
vt 0.416833 0.946004
vt 0.366987 0.408217
vt 0.405053 0.382799
vt 0.329983 0.223370
vt 0.970092 0.740046
vt 0.964425 0.756946
vt 0.957691 0.748422
vt 0.870585 0.217644
vt 0.871657 0.202358
vt 0.186800 0.073631
vt 0.174819 0.057010
vt 0.797468 0.690910
vt 0.773227 0.601274
vt 0.305827 0.599756
vt 0.419659 0.927499
vt 0.564277 0.958541
vt 0.057314 0.342096
vt 0.044698 0.358472
vt 0.747750 0.680251
vt 0.755182 0.675622
vt 0.739621 0.727033
vt 0.764398 0.605964
vt 0.774294 0.588397
vt 0.400264 0.938471
vt 0.058486 0.272948
vt 0.058578 0.239423
vt 0.402229 0.408982
vt 0.468526 0.372028
vt 0.414077 0.375823
vt 0.461703 0.375983
vt 0.462632 0.378866
vt 0.467507 0.378663
vt 0.045860 0.501961
vt 0.064426 0.524775
vt 0.059301 0.524637
vt 0.050166 0.501561
vt 0.045130 0.514173
vt 0.038739 0.514998
vt 0.034241 0.500469
vt 0.038014 0.498209
vt 0.026461 0.458163
vt 0.518878 0.352315
vt 0.016962 0.459471
vt 0.473466 0.369963
vt 0.670306 0.244966
vt 0.682994 0.248663
vt 0.675838 0.247891
vt 0.679275 0.244828
vt 0.668584 0.248105
vt 0.674618 0.250727
vt 0.548921 0.963800
vt 0.557947 0.961304
vt 0.668412 0.250611
vt 0.546827 0.972149
vt 0.605864 0.230923
vt 0.301329 0.866651
vt 0.310433 0.876781
vt 0.302036 0.882213
vt 0.420379 0.301873
vt 0.437571 0.293157
vt 0.856124 0.249286
vt 0.855296 0.253098
vt 0.833891 0.236749
vt 0.888390 0.155816
vt 0.914913 0.143053
vt 0.203841 0.039060
vt 0.203593 0.026396
vt 0.223174 0.025004
vt 0.048676 0.365104
vt 0.759504 0.692296
vt 0.873675 0.109015
vt 0.558488 0.369935
vt 0.557125 0.363656
vt 0.565117 0.373354
vt 0.470233 0.332101
vt 0.724549 0.504901
vt 0.418947 0.959630
vt 0.091719 0.568409
vt 0.109404 0.543799
vt 0.969472 0.775326
vt 0.974478 0.789077
vt 0.656251 0.244927
vt 0.296714 0.859050
vt 0.300004 0.829049
vt 0.414412 0.334548
vt 0.757052 0.489747
vt 0.702415 0.520679
vt 0.708247 0.506831
vt 0.546199 0.979155
vt 0.083625 0.574473
vt 0.388905 0.477880
vt 0.385742 0.464877
vt 0.284508 0.838768
vt 0.429766 0.965951
vt 0.428358 0.975247
vt 0.124735 0.536429
vt 0.098673 0.553704
vt 0.650106 0.266098
vt 0.647563 0.272463
vt 0.639481 0.271795
vt 0.780662 0.813789
vt 0.364913 0.459962
vt 0.385360 0.492414
vt 0.438321 0.979018
vt 0.702780 0.454986
vt 0.685411 0.467643
vt 0.685412 0.447876
vt 0.268039 0.819653
vt 0.281861 0.853531
vt 0.244057 0.863511
vt 0.299366 0.893000
vt 0.960277 0.771465
vt 0.406062 0.309081
vt 0.405570 0.318357
vt 0.707864 0.476854
vt 0.069957 0.554975
vt 0.065756 0.562479
vt 0.658211 0.243591
vt 0.654403 0.253531
vt 0.634494 0.254433
vt 0.267402 0.849493
vt 0.257221 0.856882
vt 0.955809 0.741291
vt 0.396924 0.332863
vt 0.730638 0.485916
vt 0.380575 0.491942
vt 0.964916 0.808562
vt 0.667123 0.256041
vt 0.658441 0.257970
vt 0.806110 0.069537
vt 0.711963 0.491273
vt 0.391907 0.310730
vt 0.395857 0.307139
vt 0.768989 0.480822
vt 0.707122 0.466391
vt 0.045233 0.559521
vt 0.083768 0.532223
vt 0.622382 0.239238
vt 0.075012 0.542545
vt 0.639467 0.248156
vt 0.625910 0.215849
vt 0.624251 0.228112
vt 0.220338 0.870053
vt 0.265581 0.886631
vt 0.257265 0.889657
vt 0.251669 0.901485
vt 0.253280 0.890468
vt 0.787307 0.824309
vt 0.696518 0.441976
vt 0.658512 0.417747
vt 0.721405 0.470170
vt 0.648044 0.232646
vt 0.251437 0.845729
vt 0.758098 0.474516
vt 0.667490 0.417564
vt 0.670590 0.412710
vt 0.703835 0.433738
vt 0.235133 0.880820
vt 0.237349 0.889644
vt 0.020688 0.579431
vt 0.043465 0.539983
vt 0.713497 0.451079
vt 0.780703 0.854407
vt 0.750472 0.468015
vt 0.638687 0.222942
vt 0.832137 0.066316
vt 0.822260 0.064450
vt 0.838135 0.059605
vt 0.774920 0.475491
vt 0.770033 0.471949
vt 0.846514 0.047033
vt 0.771996 0.470655
vt 0.963719 0.160808
vt 0.981080 0.166850
vt 0.973864 0.167111
vt 0.855752 0.049703
vt 0.775211 0.467992
vt 0.777539 0.467783
vt 0.769921 0.470397
vt 0.967756 0.165604
vt 0.972839 0.168300
vt 0.968704 0.169562
vt 0.814502 0.088796
vt 0.844406 0.041283
vt 0.810560 0.092801
vt 0.811603 0.071135
vt 0.826252 0.069539
vt 0.832303 0.083265
vt 0.827379 0.090197
vt 0.075120 0.515701
vt 0.736294 0.462703
vt 0.719023 0.450686
vt 0.088783 0.515560
vt 0.216501 0.846955
vt 0.650125 0.221964
vt 0.210284 0.854661
vt 0.044927 0.523453
vt 0.039280 0.535093
vt 0.208495 0.868814
vt 0.717440 0.432797
vt 0.725785 0.426198
vt 0.730348 0.441727
vt 0.738990 0.448146
vt 0.049108 0.527527
vt 0.031956 0.126063
vt 0.032914 0.114997
vt 0.040973 0.115262
vt 0.043111 0.137141
vt 0.133470 0.126259
vt 0.047266 0.142211
vt 0.314068 0.875123
vt 0.396553 0.899656
vt 0.313825 0.882523
vt 0.168151 0.080042
vt 0.186409 0.061162
vt 0.848173 0.159475
vt 0.863643 0.137688
vt 0.215269 0.961339
vt 0.212292 0.934377
vt 0.223625 0.948030
vt 0.121291 0.079151
vt 0.135364 0.074157
vt 0.223356 0.044634
vt 0.201352 0.049224
vt 0.269516 0.967527
vt 0.216908 0.495842
vt 0.281482 0.578285
vt 0.315293 0.890991
vt 0.055901 0.365262
vt 0.861265 0.147730
vt 0.356479 0.328469
vt 0.265501 0.359428
vt 0.350576 0.319834
vt 0.676132 0.756014
vt 0.264569 0.554776
vt 0.262549 0.957255
vt 0.236304 0.935554
vt 0.236562 0.917441
vt 0.288663 0.584171
vt 0.472279 0.323159
vt 0.218172 0.062784
vt 0.775981 0.560880
vt 0.192024 0.493782
vt 0.961921 0.735483
vt 0.963786 0.733749
vt 0.157377 0.054748
vt 0.308856 0.894387
vt 0.989996 0.725792
vt 0.980285 0.731846
vt 0.971821 0.726741
vt 0.958366 0.365201
vt 0.969461 0.364984
vt 0.953827 0.377654
vt 0.958224 0.351403
vt 0.990493 0.755071
vt 0.974045 0.743517
vt 0.948339 0.359819
vt 0.964773 0.332310
vt 0.967236 0.757952
vt 0.713121 0.748843
vt 0.317206 0.589976
vt 0.300082 0.584243
vt 0.494614 0.338160
vt 0.097564 0.072677
vt 0.304467 0.896358
vt 0.882264 0.607167
vt 0.702177 0.753746
vt 0.874015 0.162496
vt 0.533251 0.356253
vt 0.253082 0.511013
vt 0.861854 0.237162
vt 0.859641 0.246761
vt 0.275557 0.276278
vt 0.292029 0.270755
vt 0.271213 0.298035
vt 0.283400 0.570303
vt 0.460340 0.306701
vt 0.968624 0.719698
vt 0.869208 0.228020
vt 0.940506 0.370752
vt 0.283314 0.292000
vt 0.270875 0.525070
vt 0.244869 0.941181
vt 0.768649 0.793953
vt 0.772792 0.804633
vt 0.762929 0.808989
vt 0.546199 0.343961
vt 0.854735 0.230041
vt 0.827216 0.233132
vt 0.944660 0.343122
vt 0.932072 0.357981
vt 0.231129 0.022313
vt 0.778007 0.815709
vt 0.760057 0.832512
vt 0.308495 0.291004
vt 0.250894 0.308760
vt 0.284337 0.301101
vt 0.736148 0.772395
vt 0.771472 0.833682
vt 0.567722 0.339187
vt 0.314472 0.294051
vt 0.717074 0.759465
vt 0.717321 0.767399
vt 0.457434 0.284858
vt 0.452403 0.277001
vt 0.944401 0.325162
vt 0.517841 0.348263
vt 0.526368 0.346346
vt 0.930012 0.937028
vt 0.933982 0.920306
vt 0.944317 0.931327
vt 0.246181 0.525200
vt 0.260291 0.525603
vt 0.474537 0.304252
vt 0.233107 0.512487
vt 0.921842 0.650318
vt 0.329961 0.300760
vt 0.288509 0.320799
vt 0.261193 0.898327
vt 0.258584 0.928158
vt 0.506685 0.328737
vt 0.959149 0.909454
vt 0.932692 0.909173
vt 0.862860 0.724152
vt 0.852478 0.704276
vt 0.879305 0.707980
vt 0.908808 0.635584
vt 0.318214 0.298864
vt 0.761763 0.843808
vt 0.769857 0.873042
vt 0.865754 0.694445
vt 0.960131 0.895668
vt 0.754870 0.815934
vt 0.734207 0.798779
vt 0.759063 0.820592
vt 0.758616 0.819495
vt 0.758634 0.819815
vt 0.758555 0.820903
vt 0.758879 0.821087
vt 0.225415 0.524589
vt 0.262935 0.536684
vt 0.263729 0.930941
vt 0.855999 0.221366
vt 0.535138 0.329217
vt 0.720195 0.776875
vt 0.244605 0.544246
vt 0.473310 0.282529
vt 0.866176 0.210230
vt 0.987923 0.446072
vt 0.992274 0.443307
vt 0.992709 0.456157
vt 0.957805 0.889001
vt 0.963600 0.887970
vt 0.963049 0.896185
vt 0.966916 0.887970
vt 0.258918 0.295557
vt 0.546435 0.334085
vt 0.825023 0.218285
vt 0.967542 0.931315
vt 0.278211 0.048188
vt 0.272663 0.048959
vt 0.274939 0.044892
vt 0.265117 0.048730
vt 0.917767 0.635952
vt 0.235250 0.530238
vt 0.507977 0.313469
vt 0.265890 0.044834
vt 0.852893 0.197202
vt 0.297542 0.058711
vt 0.265179 0.040234
vt 0.242971 0.317837
vt 0.482010 0.298203
vt 0.894397 0.717628
vt 0.866385 0.747312
vt 0.247747 0.328215
vt 0.724059 0.786802
vt 0.733709 0.810647
vt 0.853628 0.210950
vt 0.992930 0.477058
vt 0.290289 0.026386
vt 0.294954 0.027999
vt 0.288541 0.034989
vt 0.752027 0.838142
vt 0.279939 0.249255
vt 0.265507 0.241051
vt 0.271837 0.239576
vt 0.477526 0.267993
vt 0.006105 0.471280
vt 0.012353 0.489351
vt 0.007476 0.491421
vt 0.765381 0.876801
vt 0.284239 0.255029
vt 0.285693 0.245297
vt 0.283667 0.911787
vt 0.173334 0.977422
vt 0.174883 0.994545
vt 0.161020 0.979094
vt 0.838904 0.193233
vt 0.984194 0.456261
vt 0.986830 0.481572
vt 0.963259 0.902971
vt 0.270205 0.038487
vt 0.715178 0.810423
vt 0.471139 0.263190
vt 0.879538 0.746157
vt 0.895883 0.726490
vt 0.284297 0.037870
vt 0.725838 0.818447
vt 0.435759 0.611682
vt 0.230798 0.052701
vt 0.235182 0.068728
vt 0.223207 0.054567
vt 0.963005 0.846775
vt 0.984969 0.847134
vt 0.964428 0.857577
vt 0.980592 0.852421
vt 0.255864 0.548519
vt 0.595017 0.953151
vt 0.595131 0.970147
vt 0.590010 0.961911
vt 0.991198 0.481487
vt 0.595388 0.967513
vt 0.617060 0.983131
vt 0.593726 0.976203
vt 0.572824 0.989060
vt 0.578589 0.977594
vt 0.589127 0.972454
vt 0.592960 0.970821
vt 0.961046 0.860289
vt 0.963694 0.860100
vt 0.959830 0.867439
vt 0.587908 0.971883
vt 0.729510 0.962071
vt 0.732546 0.965955
vt 0.722330 0.966753
vt 0.735482 0.969180
vt 0.736407 0.973919
vt 0.714973 0.982118
vt 0.708127 0.970963
vt 0.709540 0.978354
vt 0.702515 0.977630
vt 0.862960 0.016650
vt 0.857384 0.012343
vt 0.871354 0.010704
vt 0.854866 0.007120
vt 0.230322 0.036153
vt 0.243152 0.047329
vt 0.691688 0.973016
vt 0.586425 0.126050
vt 0.585093 0.117557
vt 0.587893 0.113637
vt 0.875277 0.040663
vt 0.885308 0.055384
vt 0.859755 0.052376
vt 0.014905 0.463132
vt 0.025047 0.488546
vt 0.293554 0.254556
vt 0.245942 0.554824
vt 0.390412 0.613648
vt 0.893855 0.952896
vt 0.874340 0.953695
vt 0.890555 0.945859
vt 0.492955 0.294581
vt 0.855429 0.039736
vt 0.883558 0.014631
vt 0.965186 0.980354
vt 0.962598 0.987661
vt 0.959480 0.984051
vt 0.981109 0.383147
vt 0.973895 0.379671
vt 0.976714 0.379743
vt 0.977774 0.387700
vt 0.969101 0.388016
vt 0.829829 0.195261
vt 0.307108 0.053398
vt 0.596179 0.102279
vt 0.590883 0.125791
vt 0.508590 0.300415
vt 0.959018 0.986428
vt 0.966991 0.988564
vt 0.688516 0.793674
vt 0.526858 0.312416
vt 0.870484 0.757807
vt 0.887980 0.040461
vt 0.881011 0.010472
vt 0.989690 0.383714
vt 0.993402 0.387236
vt 0.987389 0.383381
vt 0.958563 0.987225
vt 0.958187 0.986639
vt 0.971773 0.721373
vt 0.971356 0.720700
vt 0.971702 0.712003
vt 0.633687 0.795782
vt 0.421616 0.616830
vt 0.857217 0.034664
vt 0.969810 0.647101
vt 0.973347 0.654160
vt 0.971199 0.655673
vt 0.973580 0.007923
vt 0.981253 0.006909
vt 0.973449 0.013456
vt 0.981420 0.008439
vt 0.985691 0.374149
vt 0.987175 0.382940
vt 0.986557 0.383320
vt 0.987354 0.385693
vt 0.982701 0.716897
vt 0.980930 0.721161
vt 0.982845 0.707281
vt 0.983414 0.707908
vt 0.975067 0.704012
vt 0.985705 0.707307
vt 0.987368 0.716589
vt 0.305931 0.039391
vt 0.289171 0.235390
vt 0.287862 0.942316
vt 0.545859 0.324077
vt 0.253545 0.060650
vt 0.956424 0.988259
vt 0.966905 0.005685
vt 0.965259 0.008249
vt 0.961433 0.014336
vt 0.610289 0.993122
vt 0.612048 0.994589
vt 0.608172 0.994412
vt 0.979331 0.652033
vt 0.982535 0.655807
vt 0.975074 0.657350
vt 0.882974 0.010863
vt 0.970564 0.667005
vt 0.981444 0.651850
vt 0.980452 0.651181
vt 0.958406 0.005832
vt 0.985930 0.650560
vt 0.885539 0.008953
vt 0.975768 0.658183
vt 0.850072 0.040521
vt 0.843970 0.037340
vt 0.848531 0.037337
vt 0.848195 0.034024
vt 0.851837 0.039531
vt 0.965362 0.014624
vt 0.961840 0.375152
vt 0.717149 0.820598
vt 0.750653 0.851660
vt 0.295000 0.241595
vt 0.877114 0.761570
vt 0.107707 0.411258
vt 0.100991 0.424469
vt 0.080660 0.410049
vt 0.856119 0.033535
vt 0.858346 0.023738
vt 0.212891 0.373093
vt 0.219519 0.393485
vt 0.722742 0.038894
vt 0.718346 0.043943
vt 0.698593 0.038136
vt 0.255660 0.568057
vt 0.252303 0.567777
vt 0.087561 0.403086
vt 0.190230 0.314946
vt 0.189636 0.306045
vt 0.203296 0.316596
vt 0.158555 0.304233
vt 0.589016 0.076257
vt 0.557936 0.053226
vt 0.562932 0.050048
vt 0.588692 0.064657
vt 0.161327 0.312844
vt 0.199050 0.326713
vt 0.170010 0.323057
vt 0.062750 0.366811
vt 0.068319 0.364624
vt 0.060424 0.377867
vt 0.148218 0.976776
vt 0.158843 0.971000
vt 0.690948 0.804949
vt 0.721266 0.035651
vt 0.869177 0.942194
vt 0.068515 0.411934
vt 0.174291 0.967448
vt 0.216405 0.347245
vt 0.327213 0.288257
vt 0.331759 0.281019
vt 0.733774 0.032398
vt 0.712249 0.025101
vt 0.258943 0.051855
vt 0.827265 0.182156
vt 0.726978 0.836627
vt 0.250054 0.577493
vt 0.056771 0.415817
vt 0.053921 0.375265
vt 0.887627 0.021306
vt 0.527257 0.296321
vt 0.724068 0.017960
vt 0.724056 0.014382
vt 0.729568 0.020234
vt 0.937822 0.711103
vt 0.938408 0.725036
vt 0.933557 0.743740
vt 0.136255 0.969130
vt 0.212750 0.302973
vt 0.212565 0.331409
vt 0.593285 0.068284
vt 0.614044 0.078579
vt 0.603579 0.080698
vt 0.120008 0.445748
vt 0.111338 0.442802
vt 0.118088 0.443411
vt 0.205750 0.345287
vt 0.198933 0.384454
vt 0.194817 0.367850
vt 0.591774 0.058210
vt 0.613298 0.054912
vt 0.204446 0.377388
vt 0.199893 0.337451
vt 0.188698 0.351401
vt 0.202202 0.351906
vt 0.190386 0.355822
vt 0.183882 0.342946
vt 0.181980 0.348834
vt 0.096403 0.432838
vt 0.134297 0.427511
vt 0.134456 0.433044
vt 0.104482 0.441747
vt 0.175604 0.363572
vt 0.112166 0.419906
vt 0.305984 0.256988
vt 0.548692 0.317274
vt 0.110306 0.443625
vt 0.112974 0.447064
vt 0.107587 0.443023
vt 0.662212 0.802790
vt 0.305144 0.241222
vt 0.496339 0.588085
vt 0.295780 0.953622
vt 0.538750 0.309393
vt 0.508152 0.282287
vt 0.857399 0.772807
vt 0.264195 0.052058
vt 0.267394 0.057319
vt 0.266392 0.052614
vt 0.279394 0.052134
vt 0.264554 0.572893
vt 0.275395 0.963764
vt 0.885908 0.707403
vt 0.879287 0.703110
vt 0.951628 0.692984
vt 0.864711 0.956620
vt 0.857079 0.944836
vt 0.941049 0.699866
vt 0.910344 0.710211
vt 0.061585 0.424064
vt 0.082868 0.451110
vt 0.103710 0.452472
vt 0.335683 0.273889
vt 0.839179 0.929034
vt 0.827697 0.945600
vt 0.818701 0.939988
vt 0.919837 0.710664
vt 0.940846 0.704583
vt 0.929167 0.724347
vt 0.497338 0.266542
vt 0.929523 0.692898
vt 0.852793 0.788310
vt 0.337227 0.301245
vt 0.839002 0.941499
vt 0.935525 0.685404
vt 0.942120 0.684307
vt 0.946498 0.690536
vt 0.943152 0.682162
vt 0.944959 0.679960
vt 0.943691 0.684245
vt 0.059706 0.084921
vt 0.063252 0.088058
vt 0.062238 0.089812
vt 0.056288 0.079961
vt 0.046948 0.065870
vt 0.054614 0.082007
vt 0.065763 0.072910
vt 0.065339 0.076060
vt 0.055695 0.062475
vt 0.067750 0.091952
vt 0.063001 0.087709
vt 0.074438 0.054693
vt 0.040880 0.071774
vt 0.038019 0.065329
vt 0.026458 0.039926
vt 0.054242 0.054840
vt 0.916299 0.693424
vt 0.076381 0.432374
vt 0.699853 0.051722
vt 0.690342 0.018007
vt 0.905816 0.695226
vt 0.511056 0.273101
vt 0.920890 0.688192
vt 0.918559 0.662356
vt 0.932145 0.688994
vt 0.054861 0.266226
vt 0.028562 0.258925
vt 0.056016 0.258251
vt 0.051366 0.275088
vt 0.035078 0.276288
vt 0.670851 0.810455
vt 0.017052 0.037657
vt 0.092033 0.490228
vt 0.693979 0.832121
vt 0.326164 0.259205
vt 0.943966 0.715617
vt 0.202689 0.952843
vt 0.051360 0.461784
vt 0.026174 0.055292
vt 0.839561 0.957411
vt 0.197650 0.938832
vt 0.674311 0.822848
vt 0.071299 0.043691
vt 0.084221 0.042071
vt 0.922748 0.733842
vt 0.917383 0.717184
vt 0.210117 0.919561
vt 0.645021 0.815038
vt 0.012435 0.283855
vt 0.012859 0.269700
vt 0.041379 0.295505
vt 0.030902 0.267443
vt 0.019779 0.301321
vt 0.022067 0.321453
vt 0.039550 0.307668
vt 0.044241 0.281470
vt 0.319822 0.241794
vt 0.894156 0.876663
vt 0.891267 0.895585
vt 0.867232 0.866700
vt 0.017355 0.059589
vt 0.042793 0.043387
vt 0.061640 0.044008
vt 0.355246 0.277850
vt 0.357164 0.309531
vt 0.856785 0.962946
vt 0.547648 0.305377
vt 0.055390 0.278889
vt 0.052795 0.296786
vt 0.054894 0.445637
vt 0.702903 0.013099
vt 0.038617 0.322406
vt 0.945327 0.728877
vt 0.948802 0.718540
vt 0.076373 0.488596
vt 0.656889 0.818092
vt 0.338451 0.250553
vt 0.042084 0.108375
vt 0.064318 0.101725
vt 0.046853 0.114318
vt 0.056704 0.098371
vt 0.866633 0.854426
vt 0.892490 0.867658
vt 0.576651 0.046912
vt 0.575796 0.026459
vt 0.591633 0.036895
vt 0.331922 0.235608
vt 0.335162 0.223805
vt 0.988108 0.688451
vt 0.070643 0.079742
vt 0.074561 0.070074
vt 0.074080 0.088943
vt 0.363722 0.331024
vt 0.366701 0.305746
vt 0.970686 0.672702
vt 0.086526 0.056508
vt 0.539406 0.292873
vt 0.341304 0.241165
vt 0.021457 0.104473
vt 0.607996 0.026428
vt 0.596751 0.031829
vt 0.943475 0.789498
vt 0.942988 0.798353
vt 0.938021 0.784123
vt 0.609568 0.035343
vt 0.509586 0.945322
vt 0.514269 0.948401
vt 0.494759 0.950263
vt 0.023194 0.506538
vt 0.022955 0.491131
vt 0.034535 0.514089
vt 0.501362 0.938805
vt 0.585640 0.059164
vt 0.198683 0.962312
vt 0.968139 0.842409
vt 0.968553 0.839903
vt 0.982986 0.843528
vt 0.973637 0.831109
vt 0.849382 0.966220
vt 0.092076 0.081952
vt 0.606183 0.043530
vt 0.596936 0.045933
vt 0.930580 0.791942
vt 0.964300 0.844529
vt 0.964388 0.841196
vt 0.623039 0.046597
vt 0.510163 0.941217
vt 0.943734 0.751294
vt 0.942577 0.751706
vt 0.834552 0.970644
vt 0.840493 0.966152
vt 0.018530 0.520311
vt 0.870256 0.916691
vt 0.866411 0.901937
vt 0.880243 0.913858
vt 0.873965 0.925908
vt 0.198139 0.954885
vt 0.484650 0.963341
vt 0.935310 0.756543
vt 0.941003 0.754300
vt 0.948991 0.752527
vt 0.027277 0.126461
vt 0.036645 0.136306
vt 0.022132 0.131562
vt 0.097222 0.114599
vt 0.025651 0.528553
vt 0.975345 0.669687
vt 0.892498 0.943623
vt 0.053150 0.500412
vt 0.022682 0.125261
vt 0.858097 0.848918
vt 0.854835 0.844432
vt 0.861850 0.844474
vt 0.849828 0.838335
vt 0.856588 0.833215
vt 0.009043 0.539132
vt 0.449861 0.161879
vt 0.445445 0.150474
vt 0.473013 0.159537
vt 0.481149 0.152360
vt 0.382402 0.331430
vt 0.370059 0.346961
vt 0.671595 0.825066
vt 0.721123 0.873048
vt 0.671673 0.879024
vt 0.895525 0.858581
vt 0.862592 0.857725
vt 0.512907 0.960917
vt 0.837917 0.826916
vt 0.023001 0.549477
vt 0.473418 0.968464
vt 0.058558 0.116981
vt 0.041505 0.528072
vt 0.046264 0.309254
vt 0.029030 0.118778
vt 0.853906 0.904053
vt 0.851000 0.918902
vt 0.068075 0.117405
vt 0.093374 0.119591
vt 0.946838 0.808487
vt 0.947347 0.822956
vt 0.933190 0.816521
vt 0.018964 0.126154
vt 0.865079 0.837028
vt 0.031071 0.539056
vt 0.889060 0.805769
vt 0.892332 0.826863
vt 0.871989 0.832377
vt 0.995000 0.693919
vt 0.860720 0.863075
vt 0.665704 0.844260
vt 0.469372 0.147163
vt 0.467068 0.125652
vt 0.420290 0.097799
vt 0.439124 0.097931
vt 0.444604 0.108796
vt 0.977503 0.699317
vt 0.847047 0.916439
vt 0.441866 0.120787
vt 0.377678 0.309823
vt 0.376018 0.291543
vt 0.360039 0.241592
vt 0.471995 0.979172
vt 0.498600 0.969345
vt 0.623233 0.831715
vt 0.863414 0.830994
vt 0.518592 0.978590
vt 0.518626 0.967864
vt 0.854159 0.854668
vt 0.860645 0.858457
vt 0.014914 0.136155
vt 0.005448 0.135994
vt 0.005992 0.106065
vt 0.803149 0.941956
vt 0.863016 0.828130
vt 0.848570 0.859808
vt 0.510407 0.978639
vt 0.370738 0.241407
vt 0.353069 0.227009
vt 0.904205 0.798072
vt 0.907931 0.793425
vt 0.654968 0.835531
vt 0.657178 0.830534
vt 0.659370 0.843578
vt 0.525927 0.977639
vt 0.476277 0.116566
vt 0.389727 0.271706
vt 0.715027 0.891683
vt 0.738811 0.922771
vt 0.723410 0.919102
vt 0.327208 0.962523
vt 0.369842 0.962813
vt 0.362180 0.969639
vt 0.495028 0.105319
vt 0.661592 0.861766
vt 0.769646 0.937659
vt 0.400753 0.272698
vt 0.708390 0.903190
vt 0.391627 0.244751
vt 0.375535 0.235443
vt 0.390594 0.231307
vt 0.697604 0.896377
vt 0.335843 0.971268
vt 0.678736 0.888453
vt 0.358045 0.975488
vt 0.348156 0.978606
vt 0.351593 0.977879
vt 0.490577 0.146727
vt 0.491216 0.151583
vt 0.486351 0.147388
vt 0.494070 0.155771
vt 0.356418 0.978107
vt 0.970941 0.885926
vt 0.972620 0.895827
vt 0.967746 0.896044
vt 0.487293 0.150689
vt 0.491790 0.152648
vt 0.491560 0.152686
vt 0.973651 0.895609
vt 0.978089 0.244329
vt 0.979728 0.890932
vt 0.979032 0.894404
vt 0.351263 0.978803
vt 0.351596 0.978365
vt 0.980037 0.890385
vt 0.491361 0.145591
vt 0.494754 0.148225
vt 0.494827 0.151408
vt 0.976774 0.895823
vt 0.350257 0.980183
vt 0.953547 0.233361
vt 0.483679 0.115810
vt 0.953076 0.235036
vt 0.501806 0.169432
vt 0.500111 0.105981
vt 0.705763 0.915442
vt 0.716250 0.925269
vt 0.334655 0.979016
vt 0.951935 0.245449
vt 0.708195 0.932825
vt 0.702685 0.920345
vt 0.708830 0.927755
vt 0.943286 0.514538
vt 0.944699 0.522684
vt 0.923137 0.524081
vt 0.969643 0.260991
vt 0.710194 0.924068
vt 0.935161 0.508011
vt 0.939673 0.510989
vt 0.910239 0.517454
vt 0.955369 0.262409
vt 0.710482 0.943056
vt 0.514494 0.101234
vt 0.951670 0.512580
vt 0.401006 0.252401
vt 0.404271 0.234298
vt 0.674970 0.902737
vt 0.911479 0.541700
vt 0.914630 0.528176
vt 0.509795 0.095689
vt 0.886777 0.237534
vt 0.905634 0.233306
vt 0.909062 0.236517
vt 0.903195 0.525698
vt 0.024861 0.913356
vt 0.068499 0.930214
vt 0.028818 0.926311
vt 0.059111 0.939968
vt 0.062811 0.923151
vt 0.033141 0.909564
vt 0.057078 0.917068
vt 0.033084 0.935238
vt 0.966384 0.171877
vt 0.991879 0.174099
vt 0.966762 0.183125
vt 0.988918 0.179777
vt 0.885212 0.509094
vt 0.990189 0.186743
vt 0.969867 0.189527
vt 0.968480 0.197249
vt 0.945325 0.265450
vt 0.957396 0.162830
vt 0.901118 0.535894
vt 0.081089 0.953730
vt 0.067826 0.958492
vt 0.073356 0.944197
vt 0.412056 0.259579
vt 0.413060 0.250847
vt 0.414073 0.234023
vt 0.918096 0.241584
vt 0.915510 0.252792
vt 0.085374 0.943861
vt 0.093100 0.949758
vt 0.924795 0.237171
vt 0.919308 0.233802
vt 0.898817 0.541994
vt 0.893351 0.534915
vt 0.413313 0.268895
vt 0.416582 0.261385
vt 0.423489 0.263649
vt 0.418066 0.242061
vt 0.657677 0.928788
vt 0.944562 0.259656
vt 0.952592 0.212001
vt 0.061387 0.951660
vt 0.421473 0.270994
vt 0.916991 0.231566
vt 0.098294 0.934745
vt 0.950740 0.210610
vt 0.435885 0.244692
vt 0.935735 0.204484
vt 0.912852 0.221034
vt 0.055654 0.959450
vt 0.054452 0.941031
vt 0.436610 0.253172
vt 0.945867 0.207163
vt 0.435082 0.247724
vt 0.434410 0.251727
vt 0.440992 0.246253
vt 0.439081 0.031901
vt 0.908256 0.209624
vt 0.933006 0.189446
vt 0.396019 0.036087
vt 0.430796 0.050580
vt 0.441953 0.040548
vt 0.236986 0.007589
vt 0.234973 0.006646
vt 0.239389 0.005000
vt 0.422206 0.026695
vt 0.973215 0.359726
vt 0.974224 0.359234
vt 0.972098 0.361126
vt 0.226412 0.005010
vt 0.074650 0.920868
vt 0.983454 0.359611
vt 0.971360 0.354592
vt 0.975004 0.353957
vt 0.438939 0.055638
vt 0.410238 0.028625
vt 0.237459 0.009399
vt 0.238128 0.009358
vt 0.975118 0.361044
vt 0.979749 0.347825
vt 0.237420 0.012341
vt 0.217759 0.012139
vt 0.222097 0.005697
vt 0.227992 0.011296
vt 0.976446 0.345902
vt 0.973360 0.363838
vt 0.993332 0.351998
vt 0.991489 0.359313
vt 0.990083 0.352622
vt 0.228647 0.011862
vt 0.942478 0.201841
vt 0.403447 0.067111
vt 0.390862 0.043514
vt 0.432184 0.055874
s 0
f 1/1/1 2/2/1 3/3/1
f 3/4/2 2/5/2 4/6/2
f 4/7/3 1/1/3 3/3/3
f 2/5/4 1/8/4 4/6/4
f 7/9/5 6/10/5 192/11/5
f 14/12/6 10/13/6 373/14/6
f 373/14/7 10/13/7 15/15/7
f 11/16/8 10/13/8 14/12/8
s 1
f 10/17/9 358/18/10 15/19/11
f 12/20/12 374/21/13 10/17/14
f 10/17/15 374/21/16 358/18/17
f 22/22/18 626/23/18 21/24/18
f 21/24/19 626/23/19 20/25/19
s 0
f 627/26/20 628/27/20 626/28/20
f 749/29/21 571/30/21 24/31/21
f 571/30/22 25/32/22 24/31/22
f 25/32/23 502/33/23 24/31/23
s 1
f 675/34/24 28/35/25 777/36/26
s 0
f 34/37/27 1144/38/27 1052/39/27
f 1676/40/28 1694/41/28 1672/42/28
f 52/43/29 53/44/29 51/45/29
s 1
f 61/46/30 52/47/31 51/48/32
s 0
f 51/48/33 50/49/33 55/50/33
s 1
f 50/51/34 53/44/35 52/43/36
f 61/46/30 51/48/32 55/50/37
f 50/49/38 52/52/39 55/50/40
s 0
f 55/53/41 52/47/41 56/54/41
f 56/54/42 52/47/42 61/46/42
s 1
f 57/55/43 55/56/44 1699/57/45
s 0
f 50/58/46 54/59/46 56/60/46
f 57/55/47 1699/57/47 56/60/47
f 56/54/48 54/61/48 55/53/48
s 1
f 63/62/49 59/63/49 57/64/49
s 0
f 59/63/50 58/65/50 61/66/50
f 60/67/51 63/62/51 57/64/51
f 61/66/52 58/65/52 60/68/52
f 60/67/53 57/64/53 67/69/53
s 1
f 59/63/54 61/66/55 57/64/43
f 55/56/56 57/55/43 61/70/55
s 0
f 61/66/57 60/68/57 67/71/57
f 67/72/58 57/73/58 56/74/58
f 66/75/59 1660/76/59 63/77/59
f 64/78/60 66/79/60 1658/80/60
f 63/81/61 65/82/61 67/72/61
s 1
f 67/72/62 65/82/63 66/79/64
f 68/83/65 64/84/66 63/81/67
f 68/85/68 67/72/62 66/79/64
s 0
f 66/79/69 64/78/69 68/85/69
s 1
f 68/83/65 63/81/67 56/74/70
s 0
f 67/72/71 56/74/71 63/81/71
s 1
f 61/86/72 67/72/73 68/85/74
f 81/87/75 80/88/76 1591/89/77
s 0
f 85/90/78 86/91/78 82/92/78
f 82/92/79 86/91/79 88/93/79
f 92/94/80 93/95/80 86/96/80
f 86/91/81 85/90/81 87/97/81
f 87/97/82 85/90/82 91/98/82
f 91/98/83 85/90/83 82/92/83
s 1
f 86/96/84 94/99/84 92/94/84
s 0
f 89/100/85 90/101/85 92/102/85
s 1
f 82/92/86 88/93/87 89/103/88
s 0
f 94/99/89 86/96/89 90/104/89
f 90/104/90 86/96/90 87/105/90
s 1
f 92/106/91 90/104/91 87/105/91
s 0
f 92/107/92 94/108/92 89/109/92
s 1
f 86/110/93 93/111/94 95/112/95
s 0
f 93/95/96 92/94/96 87/113/96
s 1
f 90/101/97 89/100/88 88/114/87
f 87/113/98 89/115/98 93/95/98
s 0
f 88/114/99 94/108/99 90/101/99
f 93/116/100 89/109/100 91/117/100
s 1
f 89/109/101 94/108/102 96/118/103
s 0
f 94/108/104 88/114/104 96/118/104
f 87/119/105 91/120/105 96/121/105
s 1
f 91/117/106 89/109/101 96/118/103
f 88/122/107 86/123/108 96/124/109
s 0
f 89/103/110 87/119/110 82/92/110
s 1
f 95/125/111 96/124/112 86/123/113
s 0
f 82/92/114 87/119/114 96/121/114
s 1
f 95/112/95 93/111/115 97/126/116
f 93/111/117 98/127/118 97/126/119
f 98/127/120 93/111/121 99/128/122
f 99/129/122 93/116/121 91/117/123
f 96/124/112 95/125/111 82/130/124
s 0
f 1414/131/125 106/132/125 1533/133/125
f 1420/134/126 1467/135/126 1423/136/126
f 108/137/127 1459/138/127 1374/139/127
s 1
f 113/140/128 114/141/129 116/142/130
f 113/140/128 116/142/130 118/143/131
s 0
f 116/142/132 114/141/132 1469/144/132
f 110/145/133 1476/146/133 112/147/133
s 1
f 111/148/134 112/147/135 1476/146/136
s 0
f 109/149/137 111/150/137 110/151/137
f 109/149/138 110/151/138 112/152/138
f 109/149/139 112/152/139 1482/153/139
s 1
f 112/154/135 111/150/134 1482/155/140
f 111/150/141 109/149/141 113/140/141
s 0
f 1482/155/142 111/150/142 113/140/142
f 114/141/143 109/149/143 1482/153/143
f 109/149/144 114/141/144 113/140/144
s 1
f 1452/156/145 116/142/146 1519/157/147
s 0
f 1424/158/148 1417/159/148 1423/160/148
s 1
f 102/161/149 125/162/150 121/163/151
f 102/164/149 121/165/151 123/166/152
f 125/162/153 102/161/154 127/167/155
f 124/168/156 127/169/157 102/170/158
f 102/170/159 120/171/160 124/168/161
s 0
f 121/163/162 124/168/162 120/171/162
f 121/163/163 125/162/163 124/168/163
f 124/168/164 125/162/164 126/172/164
s 1
f 127/169/165 124/168/165 126/172/165
s 0
f 125/162/166 119/173/166 126/172/166
s 1
f 119/173/167 125/162/168 127/167/155
s 0
f 119/173/169 1384/174/169 126/172/169
s 1
f 119/173/170 127/167/171 129/175/172
s 0
f 129/176/173 127/169/173 126/172/173
s 1
f 1359/177/174 1583/178/175 1281/179/176
f 1200/180/177 146/181/178 1094/182/179
s 0
f 1212/183/180 1107/184/180 152/185/180
f 155/186/181 1192/187/181 1191/188/181
s 1
f 1426/189/182 143/190/183 1090/191/184
s 0
f 1119/192/185 1038/193/185 169/194/185
f 1086/195/186 170/196/186 171/197/186
f 170/196/187 172/198/187 171/197/187
f 1086/195/188 171/197/188 173/199/188
f 1068/200/189 176/201/189 177/202/189
f 179/203/190 180/204/190 178/205/190
f 186/206/191 184/207/191 183/208/191
f 1092/209/192 184/210/192 181/211/192
f 189/212/193 194/213/193 185/214/193
s 1
f 189/212/194 183/208/194 194/213/194
s 0
f 186/206/195 183/208/195 189/212/195
f 179/215/196 184/207/196 186/206/196
f 178/205/197 180/204/197 190/216/197
f 180/217/198 179/218/198 193/219/198
s 1
f 193/219/199 179/218/199 181/220/199
s 0
f 179/218/200 195/221/200 190/222/200
f 189/212/201 185/214/201 179/223/201
f 195/224/202 178/205/202 190/216/202
f 179/225/203 186/226/203 195/227/203
f 1055/228/204 189/229/204 179/203/204
f 184/207/205 179/215/205 185/230/205
f 183/208/206 184/207/206 194/213/206
s 1
f 181/211/207 195/227/208 186/226/209
s 0
f 194/231/210 184/210/210 1092/209/210
s 1
f 181/232/207 177/233/211 195/224/208
s 0
f 181/220/212 179/218/212 190/222/212
f 181/220/213 184/234/213 185/235/213
f 190/216/214 180/204/214 1063/236/214
f 185/235/215 193/219/215 181/220/215
s 1
f 144/237/216 198/238/217 199/239/218
f 199/239/218 198/238/217 202/240/219
s 0
f 202/241/220 198/242/220 200/243/220
s 1
f 199/239/221 202/240/221 201/244/221
f 200/243/222 199/239/223 201/244/224
s 0
f 202/241/225 200/243/225 203/245/225
s 1
f 200/243/222 201/244/224 203/245/226
f 201/244/227 202/240/228 208/246/229
f 201/244/224 206/247/230 203/245/226
f 208/246/231 202/240/232 207/248/233
s 0
f 207/249/234 202/241/234 203/245/234
s 1
f 206/247/235 201/244/227 208/246/229
f 207/249/236 203/245/237 206/247/238
f 208/246/231 207/248/239 209/250/240
f 206/247/235 208/246/229 211/251/241
s 0
f 209/250/242 211/251/242 208/246/242
f 210/252/243 209/253/243 207/254/243
s 1
f 206/247/238 211/251/244 207/249/236
s 0
f 210/252/245 207/254/245 211/255/245
f 211/256/246 209/257/246 1050/258/246
f 836/259/247 818/260/247 1130/261/247
s 1
f 764/262/248 215/263/249 775/264/250
s 0
f 753/265/251 217/266/251 770/267/251
s 1
f 224/268/252 222/269/253 225/270/254
f 223/271/255 1071/272/256 222/273/257
f 230/274/258 691/275/259 229/276/260
f 233/277/261 229/276/262 691/275/263
f 233/277/261 691/275/263 228/278/264
f 230/274/258 229/276/260 220/279/265
f 228/278/264 696/280/266 232/281/267
f 696/280/266 228/278/264 234/282/268
f 232/281/267 233/277/261 228/278/264
f 236/283/269 232/281/267 696/280/266
f 725/284/270 230/274/258 705/285/271
f 230/274/258 220/279/265 705/285/271
f 232/286/272 236/287/273 237/288/274
f 237/288/274 236/287/273 699/289/275
f 242/290/276 597/291/277 588/292/278
s 0
f 684/293/279 621/294/279 241/295/279
s 1
f 492/296/280 253/297/281 252/298/282
s 0
f 255/299/283 253/297/283 254/300/283
f 449/301/284 263/302/284 258/303/284
s 1
f 480/304/285 458/305/286 259/306/287
f 259/307/287 458/308/286 461/309/288
s 0
f 267/310/289 268/311/289 270/312/289
f 267/310/290 270/312/290 397/313/290
f 278/314/291 397/313/291 270/312/291
f 270/312/292 268/311/292 281/315/292
s 1
f 274/316/293 271/317/294 275/318/295
f 275/318/296 271/317/297 272/319/298
s 0
f 275/318/299 272/319/299 391/320/299
s 1
f 275/318/300 391/320/301 276/321/302
f 271/317/294 274/316/293 281/315/303
f 277/322/304 272/319/298 271/317/297
f 275/318/305 276/321/306 274/316/307
f 271/317/308 281/315/309 277/322/310
s 0
f 397/313/311 268/311/311 267/310/311
s 1
f 387/323/312 389/324/313 278/325/314
f 281/315/315 268/311/316 279/326/317
f 393/327/318 375/328/319 283/329/320
f 284/330/321 368/331/322 283/329/320
f 295/332/323 294/333/324 292/334/325
f 292/334/326 294/333/327 293/335/328
f 315/336/329 292/337/330 293/338/331
f 295/332/323 292/334/325 300/339/332
f 301/340/333 293/338/328 299/341/334
f 315/336/335 296/342/336 292/337/337
f 299/343/334 293/335/328 294/333/327
f 295/344/338 300/345/339 325/346/340
f 293/338/331 301/340/341 320/347/342
f 319/348/343 292/337/344 296/342/345
f 291/349/346 299/343/334 294/333/327
f 301/340/347 299/341/334 313/350/348
f 307/351/349 298/352/350 297/353/351
f 298/354/352 296/342/353 326/355/354
f 290/356/355 296/342/356 298/354/357
f 319/357/358 300/345/359 292/358/360
f 294/359/361 295/344/362 324/360/363
f 295/344/338 325/346/340 308/361/364
f 326/355/365 296/342/336 315/336/335
s 0
f 312/362/366 301/340/366 313/350/366
s 1
f 315/336/329 293/338/331 320/347/342
f 313/350/348 299/341/334 291/363/346
s 0
f 311/364/367 317/365/367 291/349/367
s 1
f 296/342/345 290/356/368 319/348/343
f 301/340/341 312/362/369 320/347/342
s 0
f 314/366/370 297/353/370 288/367/370
f 316/368/371 291/363/371 317/369/371
s 1
f 328/370/372 291/349/373 294/333/374
f 341/371/375 312/362/369 313/350/376
f 311/364/377 291/349/373 328/370/378
f 294/333/374 324/372/379 339/373/380
f 341/371/375 320/347/342 312/362/369
s 0
f 316/368/381 313/350/381 291/363/381
s 1
f 297/353/382 298/352/383 288/367/384
f 328/370/372 294/333/374 339/373/380
f 307/351/349 297/353/351 314/366/385
s 0
f 289/374/386 313/350/386 333/375/386
s 1
f 333/375/387 313/350/388 316/368/389
f 324/360/363 295/344/362 355/376/390
f 308/361/364 325/346/340 329/377/391
f 298/352/357 307/351/392 290/378/355
f 341/371/375 313/350/376 323/379/393
f 307/351/392 336/380/394 290/378/355
f 330/381/395 329/377/391 325/346/340
f 315/336/329 320/347/342 327/382/396
f 341/371/375 327/382/396 320/347/342
f 325/346/340 300/345/339 335/383/397
f 334/384/398 328/370/399 339/373/400
f 326/385/365 315/386/335 286/387/401
f 342/388/402 317/365/403 287/389/404
f 298/390/405 326/391/406 346/392/407
f 313/350/408 289/374/409 323/379/410
f 335/383/411 300/345/359 319/357/358
f 286/393/412 315/394/329 327/395/396
f 316/368/413 317/369/403 342/396/402
f 326/385/414 286/387/415 346/397/416
f 343/398/417 333/399/418 316/400/419
f 343/398/420 316/400/413 342/401/402
f 319/402/343 290/378/368 336/380/421
f 289/403/409 338/404/422 323/405/410
f 324/372/423 355/406/424 339/373/400
f 311/364/425 328/370/399 356/407/426
f 325/346/340 335/383/397 330/381/395
f 329/377/391 295/344/338 308/361/364
s 0
f 346/392/427 354/408/427 298/390/427
s 1
f 288/409/384 298/390/383 354/408/428
f 356/407/429 317/365/430 311/364/431
f 307/410/349 314/411/385 285/412/432
s 0
f 314/411/433 288/413/433 285/412/433
s 1
f 343/398/420 342/401/402 362/414/434
f 319/357/435 336/415/436 335/383/437
f 334/384/398 339/373/400 355/406/424
s 0
f 352/416/438 354/408/438 346/392/438
f 351/417/439 352/416/439 346/392/439
s 1
f 285/418/440 351/417/441 346/392/442
f 307/410/443 285/412/440 346/419/442
f 286/393/412 327/395/396 364/420/444
s 0
f 338/404/445 289/403/445 333/421/445
s 1
f 365/422/446 328/370/399 334/384/398
f 351/423/447 285/424/448 354/425/449
f 365/422/446 356/407/426 328/370/399
f 405/426/450 295/344/338 329/377/391
f 285/412/448 288/413/451 354/427/449
f 327/395/396 341/428/375 360/429/452
f 295/344/362 405/426/453 355/376/390
f 402/430/454 343/431/420 362/432/434
f 366/433/455 342/388/402 287/389/404
f 307/410/456 346/419/457 336/434/458
f 343/431/417 402/430/459 333/421/418
f 330/381/395 335/383/397 351/435/460
f 341/436/375 323/405/393 363/437/461
f 346/397/462 286/387/463 370/438/464
f 366/433/455 287/389/404 317/365/403
f 338/404/465 333/421/466 402/430/467
f 366/433/455 317/365/403 486/439/468
f 368/331/322 286/393/412 364/420/444
f 370/440/469 286/393/412 368/331/322
f 364/420/444 327/395/396 360/429/452
f 363/437/470 323/405/410 338/404/422
f 317/365/430 356/407/429 486/439/471
f 338/441/465 402/442/467 369/443/472
f 335/383/437 336/415/473 404/444/474
f 334/384/398 423/445/475 365/422/446
f 360/429/452 341/428/375 363/446/461
f 375/447/319 278/314/314 376/448/476
f 375/328/319 393/327/318 278/325/314
f 284/330/321 283/329/320 375/328/319
f 376/448/477 270/312/478 381/449/479
f 329/377/391 330/381/395 401/450/480
s 0
f 404/451/481 336/434/481 346/419/481
s 1
f 270/312/482 281/315/482 381/449/482
f 272/319/298 277/322/304 385/452/483
f 330/381/395 351/435/460 382/453/484
f 370/440/469 368/331/322 284/330/321
f 278/314/314 270/312/485 376/448/476
f 381/449/486 281/315/487 274/316/488
s 0
f 351/435/489 335/383/489 404/444/489
s 1
f 375/447/319 376/448/476 386/454/490
f 391/320/491 272/319/298 385/452/483
f 368/331/322 364/420/444 384/455/492
f 356/407/426 365/422/446 423/445/475
s 0
f 346/456/493 370/440/493 404/457/493
s 1
f 268/458/494 397/459/495 407/460/496
f 391/320/497 385/452/498 406/461/499
f 278/325/314 389/324/313 397/462/500
f 274/316/307 276/321/306 265/463/501
f 268/458/494 407/460/496 279/464/502
f 364/420/444 360/429/452 384/455/492
f 355/406/424 388/465/503 334/384/398
f 385/452/483 277/322/304 395/466/504
f 277/322/310 281/315/309 396/467/505
f 389/324/313 387/323/312 409/468/506
f 387/323/312 278/325/314 393/327/318
f 401/450/480 330/381/395 382/453/484
f 404/457/507 370/440/508 284/330/509
f 376/448/477 381/449/479 400/469/510
f 391/320/511 406/461/512 392/470/513
f 281/315/315 279/326/317 396/467/514
f 393/327/318 283/329/320 421/471/515
s 0
f 338/441/516 369/443/516 419/472/516
s 1
f 381/449/486 274/316/488 265/463/517
f 421/471/515 283/329/320 390/473/518
f 404/457/507 284/330/509 375/328/519
f 390/473/518 283/329/320 368/331/322
s 0
f 362/474/520 342/388/520 413/475/520
s 1
f 360/429/452 363/446/461 264/476/521
f 338/441/422 419/472/522 363/446/470
f 400/469/523 381/449/524 266/477/525
f 385/452/498 395/466/526 406/461/499
f 386/454/490 404/478/527 375/447/319
f 376/448/528 400/469/529 410/479/530
f 397/459/495 418/480/531 407/460/496
f 397/459/495 389/481/532 418/480/531
f 342/388/402 366/433/455 413/475/533
s 0
f 416/482/534 351/423/534 354/425/534
s 1
f 266/477/525 381/449/524 265/463/535
f 412/483/536 392/470/537 406/461/538
f 408/484/539 412/483/536 406/461/538
f 329/377/391 401/450/480 405/426/450
f 382/453/484 351/435/460 416/485/540
f 416/482/541 354/425/541 352/486/541
s 0
f 351/417/542 404/487/542 352/416/542
s 1
f 360/429/452 264/476/521 384/455/492
f 395/466/543 277/322/310 396/467/505
f 389/324/313 409/468/506 414/488/544
f 368/331/322 384/455/492 390/473/518
s 0
f 450/489/545 369/443/545 402/442/545
f 352/486/546 404/490/546 416/482/546
s 1
f 393/327/318 421/471/515 387/323/312
f 404/478/547 386/454/548 410/479/530
f 410/479/549 400/469/523 411/491/550
f 276/321/302 391/320/301 412/483/551
f 450/489/552 402/442/553 362/492/434
f 411/491/550 400/469/523 266/477/525
s 0
f 412/483/554 391/320/554 392/470/554
s 1
f 416/493/555 404/494/547 410/495/556
f 408/484/539 406/461/538 395/466/557
f 264/476/558 363/446/470 419/472/522
f 410/479/530 386/454/548 376/448/528
f 266/477/525 265/463/535 411/491/550
f 262/496/559 407/460/496 418/480/531
f 424/497/560 421/471/515 390/473/518
f 388/465/503 423/445/475 334/384/398
f 265/463/561 276/321/562 412/483/563
f 450/498/552 362/474/434 413/475/564
f 387/323/312 421/471/515 428/499/565
f 428/499/565 414/488/544 409/468/506
f 431/500/566 421/471/515 424/497/560
f 390/473/518 384/455/492 424/497/560
s 0
f 419/472/567 384/455/567 264/476/567
s 1
f 413/475/533 366/433/455 427/501/568
f 410/479/569 411/491/570 442/502/571
f 411/491/550 265/463/535 442/502/572
f 408/484/539 430/503/573 412/483/536
f 408/484/539 395/466/557 447/504/574
f 424/497/560 384/455/575 419/472/576
f 389/481/532 414/505/577 418/480/531
f 418/480/531 414/505/577 262/496/559
f 428/499/565 445/506/578 414/488/544
f 428/499/565 421/471/515 431/500/566
f 447/504/579 395/466/543 396/467/505
f 409/468/506 387/323/312 428/499/565
s 0
f 419/472/580 369/443/580 450/489/580
s 1
f 442/507/571 416/493/581 410/495/569
f 401/450/480 382/453/484 416/485/581
s 0
f 446/508/582 425/509/582 429/510/582
s 1
f 442/502/583 265/463/561 412/483/563
f 436/511/584 401/512/480 416/493/581
f 423/445/475 433/513/585 356/407/426
f 430/503/573 408/484/539 447/504/586
f 440/514/587 439/515/588 441/516/589
f 439/517/590 414/505/591 441/516/592
f 441/516/593 414/505/594 467/518/595
f 467/518/595 414/505/594 445/519/596
f 438/520/597 263/302/598 425/509/599
f 439/517/600 440/521/601 414/505/602
s 0
f 414/505/603 440/521/603 444/522/603
s 1
f 440/514/604 441/516/605 444/522/605
f 444/522/606 441/516/593 467/518/595
f 473/523/607 428/499/565 431/500/566
f 434/524/608 430/503/609 446/525/610
f 443/526/611 430/527/612 447/528/613
f 279/464/502 407/460/496 396/529/505
f 414/505/577 444/522/606 262/496/559
f 444/522/606 467/518/595 262/496/559
f 478/530/614 263/531/598 438/532/597
s 0
f 424/497/615 419/472/615 450/489/615
s 1
f 412/483/616 430/503/609 434/524/608
f 437/533/617 448/534/618 429/535/619
f 431/500/566 424/497/620 450/489/621
f 472/536/622 423/445/475 388/465/503
f 438/520/623 425/509/624 481/537/625
f 425/509/624 446/508/626 481/537/625
f 436/511/584 416/493/581 442/507/571
f 259/538/627 261/539/628 452/540/629
s 0
f 437/541/630 458/542/630 448/543/630
s 1
f 259/307/287 461/309/288 261/544/631
s 0
f 458/542/632 437/541/632 452/545/632
f 437/546/633 263/302/633 449/301/633
f 478/530/634 438/532/634 464/547/634
f 464/548/635 438/549/635 459/550/635
f 462/551/636 438/549/636 460/552/636
s 1
f 460/552/637 438/549/638 454/553/639
f 453/554/640 261/555/631 454/556/641
f 452/540/629 261/539/628 453/557/642
s 0
f 468/558/643 451/559/643 473/523/643
s 1
f 473/523/607 431/500/566 468/558/644
s 0
f 450/498/645 413/475/645 475/560/645
s 1
f 486/439/471 356/407/429 433/513/646
f 405/426/450 401/450/480 436/561/584
s 0
f 478/530/647 449/562/647 258/563/647
f 462/564/648 460/565/648 453/554/648
f 453/554/649 460/565/649 459/566/649
s 1
f 261/555/631 461/567/288 454/556/641
s 0
f 459/550/650 438/549/650 462/551/650
f 481/537/651 446/508/651 430/568/651
s 1
f 433/513/585 423/445/475 472/536/622
f 469/569/652 442/570/653 412/571/654
s 0
f 263/302/655 437/546/655 429/510/655
f 448/572/656 263/573/656 478/574/656
s 1
f 259/575/627 452/545/629 437/541/657
s 0
f 459/550/658 460/576/658 464/548/658
s 1
f 458/308/659 449/562/660 257/577/661
f 460/576/637 454/578/639 465/579/662
s 0
f 449/562/663 478/530/663 464/547/663
f 465/579/664 454/578/664 461/580/664
f 449/562/665 464/547/665 257/577/665
f 257/581/666 464/548/666 465/579/666
f 464/548/667 460/576/667 465/579/667
s 1
f 461/309/668 458/308/659 257/577/661
s 0
f 461/582/669 452/540/669 465/583/669
f 453/554/670 454/556/670 462/564/670
s 1
f 489/584/671 255/299/672 254/300/673
s 0
f 473/523/674 451/559/674 471/585/674
s 1
f 466/586/675 478/587/676 258/588/677
s 0
f 263/589/678 448/543/678 458/542/678
s 1
f 437/590/657 260/591/679 259/592/627
s 0
f 452/540/680 453/557/680 465/583/680
s 1
f 465/593/681 453/554/682 459/566/683
f 430/527/612 443/526/611 481/594/684
f 407/460/496 262/496/559 467/518/595
s 0
f 255/299/685 489/584/685 496/595/685
s 1
f 468/558/644 431/500/566 450/489/621
f 442/570/653 469/569/652 436/596/686
s 0
f 263/589/687 458/542/687 258/597/687
f 458/542/688 260/591/688 258/597/688
f 458/308/689 452/598/689 449/562/689
f 459/599/690 452/600/690 461/309/690
f 438/549/691 481/601/691 454/553/691
s 1
f 497/602/692 445/519/596 435/603/693
f 252/604/694 256/605/695 492/606/696
f 366/433/455 486/439/468 427/501/568
f 425/509/599 263/302/598 429/510/697
f 260/591/679 437/590/657 258/597/698
f 253/297/281 482/607/699 252/298/282
f 485/608/700 253/297/701 492/296/702
f 256/605/703 252/604/694 471/585/704
f 480/304/705 479/609/706 458/305/707
f 480/304/708 259/306/709 505/610/710
f 505/610/711 259/306/627 260/611/679
s 0
f 260/591/712 458/542/712 466/586/712
s 1
f 437/612/713 466/586/675 258/588/714
s 0
f 449/613/715 452/600/715 459/599/715
s 1
f 257/581/716 465/579/681 459/614/683
f 445/506/578 428/499/565 473/523/607
s 0
f 253/297/717 255/299/717 482/607/717
s 1
f 448/534/618 495/615/718 429/535/619
s 0
f 459/599/719 461/309/719 257/577/719
s 1
f 435/616/720 445/506/578 473/523/607
f 471/585/704 252/604/694 482/617/721
f 255/299/722 496/595/723 482/607/724
f 472/536/622 388/465/503 499/618/725
f 478/587/726 466/586/726 458/542/726
s 0
f 462/619/727 449/620/727 459/621/727
f 462/564/728 454/556/728 481/622/728
s 1
f 467/518/595 445/519/596 497/602/692
f 253/297/729 485/608/730 254/300/731
f 468/558/644 450/489/621 475/623/732
f 511/624/733 448/572/734 478/574/735
s 0
f 458/305/736 479/609/736 478/625/736
f 437/626/737 449/620/737 462/619/737
f 473/523/738 471/585/738 482/617/738
s 1
f 499/618/725 388/465/503 355/406/424
f 405/426/453 488/627/739 355/376/390
f 405/426/453 436/561/740 488/627/739
s 0
f 481/594/741 443/526/741 514/628/741
f 256/605/742 471/585/742 451/559/742
f 469/569/743 412/571/743 434/629/743
s 1
f 448/534/618 511/630/744 495/615/718
f 511/624/733 478/574/745 493/631/746
f 462/632/747 481/594/748 494/633/749
f 396/529/505 407/460/496 643/634/750
f 475/560/751 413/475/752 427/501/568
f 499/618/753 355/406/754 488/635/755
s 0
f 469/569/756 434/629/756 503/636/756
f 478/637/757 479/638/757 260/611/757
f 466/586/758 437/612/758 250/639/758
s 1
f 494/633/749 481/594/748 514/628/759
s 0
f 497/640/760 435/641/760 473/642/760
s 1
f 250/643/761 478/637/762 260/611/763
f 443/526/764 447/528/579 686/644/765
s 0
f 251/645/766 451/559/766 468/558/766
s 1
f 501/646/767 508/647/768 249/648/769
f 249/648/769 508/647/768 488/649/770
f 493/631/771 478/574/762 250/650/761
s 0
f 250/639/772 260/591/772 466/586/772
s 1
f 498/651/773 489/584/774 510/652/775
f 488/649/770 436/596/686 469/569/652
s 0
f 437/626/776 462/619/776 515/653/776
s 1
f 495/654/777 434/524/608 446/525/610
f 512/655/778 515/656/779 462/632/780
f 407/460/496 467/518/595 643/634/750
s 0
f 497/640/781 473/642/781 482/607/781
s 1
f 489/584/774 498/651/773 496/595/782
f 485/608/700 492/296/702 516/657/783
s 0
f 500/658/784 451/559/784 251/645/784
f 260/611/785 479/638/785 505/610/785
s 1
f 468/558/786 475/623/751 507/659/787
f 488/649/770 469/569/652 503/636/788
s 0
f 446/508/789 429/510/789 495/660/789
f 493/631/790 250/650/790 479/661/790
s 1
f 512/655/791 462/632/792 494/633/793
s 0
f 256/605/794 451/559/794 500/658/794
f 468/558/795 507/659/795 251/645/795
s 1
f 475/560/751 427/501/568 507/662/787
f 472/536/622 499/618/725 433/513/585
s 0
f 508/647/796 499/663/796 488/649/796
s 1
f 493/631/797 479/661/798 506/664/799
s 0
f 505/665/800 479/661/800 250/650/800
f 250/666/801 437/667/801 504/668/801
s 1
f 518/669/802 494/633/803 514/628/804
f 510/652/775 489/584/774 254/300/805
f 485/608/700 516/657/783 254/300/806
f 479/661/798 480/670/807 506/664/799
s 0
f 504/671/808 493/672/808 506/673/808
f 250/674/809 504/671/809 505/675/809
f 504/671/810 506/673/810 505/675/810
f 248/676/811 493/677/811 504/668/811
s 1
f 686/678/765 447/679/579 396/680/505
s 0
f 496/595/812 498/651/812 247/681/812
f 248/676/813 504/668/813 437/667/813
s 1
f 643/634/814 467/518/595 497/602/692
f 249/648/815 488/649/770 503/636/788
s 0
f 434/629/816 521/682/816 503/636/816
f 497/640/817 482/607/817 245/683/817
s 1
f 482/607/724 496/595/723 247/681/818
s 0
f 505/675/819 506/673/819 248/684/819
s 1
f 512/655/820 494/633/803 518/669/802
f 427/501/568 486/439/468 507/662/787
f 480/670/708 505/675/710 515/685/821
s 0
f 643/686/822 497/640/822 245/683/822
s 1
f 246/687/823 498/651/824 510/652/825
f 516/688/826 492/606/827 256/605/828
s 0
f 244/689/829 249/648/829 503/636/829
f 506/664/830 480/670/830 515/685/830
f 505/675/831 248/684/831 515/685/831
f 248/676/832 437/667/832 515/690/832
s 1
f 520/691/833 240/692/834 512/655/820
f 245/683/835 482/607/724 247/681/818
f 247/681/836 498/651/837 246/687/823
f 254/300/805 516/657/838 510/652/775
f 501/646/767 249/648/769 244/689/839
f 515/656/779 512/655/778 652/693/840
f 512/655/820 240/692/834 652/693/841
f 251/694/842 507/695/843 500/696/844
s 0
f 507/662/845 486/439/845 524/697/845
s 1
f 508/647/768 501/646/767 244/689/839
s 0
f 782/698/846 511/699/846 493/700/846
s 1
f 512/655/820 518/669/802 520/691/833
f 486/439/471 499/618/847 524/697/848
f 686/678/765 396/680/505 643/701/750
s 0
f 246/687/849 510/652/849 644/702/849
s 1
f 244/689/839 525/703/850 508/647/768
f 506/704/851 515/705/852 522/706/853
s 0
f 644/702/854 510/652/854 523/707/854
s 1
f 516/688/855 256/605/856 500/658/857
f 486/439/471 433/513/646 499/618/847
f 645/708/858 510/652/775 516/657/838
f 507/695/843 524/709/859 500/696/844
s 0
f 495/710/860 521/682/860 434/629/860
f 510/652/861 645/708/861 523/707/861
f 521/682/862 495/710/862 238/711/862
s 1
f 522/712/863 515/656/864 652/693/865
s 0
f 534/713/866 533/714/866 535/715/866
f 535/715/867 607/716/867 613/717/867
f 535/715/868 533/714/868 607/716/868
s 1
f 539/718/869 584/719/870 540/720/871
f 584/719/870 690/721/872 540/720/871
f 539/718/873 537/722/874 584/719/875
s 0
f 584/723/876 541/724/876 545/725/876
f 545/726/877 542/727/877 584/728/877
s 1
f 545/725/878 541/724/879 538/729/880
f 538/729/880 541/724/879 580/730/881
f 543/731/882 542/727/883 530/732/884
s 0
f 537/722/885 539/718/885 581/733/885
s 1
f 589/734/886 547/735/887 573/736/888
s 0
f 554/737/889 560/738/889 553/739/889
f 555/740/890 556/741/890 557/742/890
f 555/740/891 557/742/891 553/739/891
f 553/739/892 557/742/892 554/737/892
s 1
f 557/742/893 556/741/894 559/743/895
f 559/743/895 556/741/894 552/744/896
s 0
f 552/744/897 556/741/897 558/745/897
f 556/741/898 555/740/898 558/745/898
f 554/737/899 557/742/899 559/743/899
f 551/746/900 559/743/900 552/744/900
f 554/737/901 559/743/901 560/738/901
f 552/744/902 558/745/902 550/747/902
f 555/740/903 553/739/903 558/745/903
f 551/746/904 552/744/904 562/748/904
f 574/749/905 550/747/905 558/745/905
s 1
f 552/744/906 550/747/907 577/750/908
s 0
f 569/751/909 559/743/909 551/746/909
s 1
f 579/752/910 563/753/911 568/754/912
f 560/738/913 559/743/914 566/755/915
f 551/746/916 565/756/917 564/757/918
f 565/756/917 551/746/916 562/748/919
f 550/747/907 574/749/920 577/750/908
f 577/758/921 576/759/922 570/760/923
f 553/739/924 563/753/925 558/745/926
f 569/751/927 551/746/928 549/761/929
f 558/745/930 563/753/931 561/762/932
s 0
f 573/736/933 547/735/933 570/760/933
s 1
f 576/759/922 577/758/921 574/763/934
s 0
f 548/764/935 563/753/935 553/739/935
s 1
f 551/746/936 564/757/937 549/761/929
s 0
f 553/739/938 560/738/938 566/755/938
s 1
f 589/734/886 573/736/888 575/765/939
f 574/749/940 558/745/941 561/762/942
f 546/766/943 563/753/911 579/752/910
s 0
f 570/760/944 576/759/944 573/736/944
f 568/754/945 563/753/945 548/764/945
f 548/764/946 553/739/946 566/755/946
s 1
f 578/767/947 569/751/948 549/761/949
f 563/753/950 546/766/943 561/762/951
f 610/768/952 561/762/951 546/766/943
s 0
f 540/720/953 549/761/953 564/757/953
f 577/750/954 562/748/954 552/744/954
s 1
f 609/769/955 577/758/956 570/760/923
f 532/770/957 574/749/940 561/762/942
s 0
f 559/743/958 569/751/958 585/771/958
f 581/733/959 539/718/959 540/720/959
s 1
f 568/754/960 566/755/961 579/752/962
f 540/720/963 564/757/964 581/733/965
f 632/772/966 575/765/939 594/773/967
s 0
f 568/754/968 548/764/968 566/755/968
s 1
f 566/755/915 559/743/914 585/771/969
f 549/761/949 540/720/970 578/767/947
f 584/719/870 542/774/971 690/721/872
f 542/727/972 545/726/973 586/775/974
s 0
f 565/756/975 562/748/975 588/292/975
s 1
f 543/731/882 530/732/884 583/776/976
s 0
f 588/292/977 564/757/977 565/756/977
f 576/759/978 574/763/978 532/777/978
s 1
f 585/771/979 569/751/948 578/767/980
f 581/733/965 564/757/964 588/292/981
f 589/734/886 575/765/939 632/772/966
f 592/778/982 591/779/983 593/780/984
s 0
f 593/780/985 595/781/985 592/778/985
s 1
f 599/782/986 595/781/987 593/780/988
f 596/783/989 595/781/990 599/782/991
s 0
f 591/779/992 592/778/992 595/781/992
s 1
f 638/784/993 596/783/994 599/782/995
f 594/773/996 591/779/983 595/781/997
f 529/785/998 596/783/994 638/784/993
f 593/780/984 591/779/983 594/773/996
f 541/724/999 584/723/1000 587/786/1001
s 0
f 575/765/1002 573/736/1002 576/759/1002
s 1
f 609/787/1003 562/748/1004 577/750/1005
f 609/769/955 570/760/923 617/788/1006
s 0
f 579/752/1007 534/713/1007 546/766/1007
s 1
f 542/727/971 543/731/1008 686/789/1009
f 530/732/884 542/727/883 586/775/1010
f 538/729/1011 580/730/1012 600/790/1013
s 0
f 600/790/1014 580/730/1014 541/724/1014
s 1
f 603/791/1015 606/792/1016 601/793/1017
f 579/752/1018 566/755/1019 534/713/1020
s 0
f 597/291/1021 537/722/1021 581/733/1021
s 1
f 638/784/1022 601/793/1023 529/785/1024
f 585/771/1025 578/767/947 540/720/1026
s 0
f 619/794/1027 575/765/1027 576/759/1027
f 604/795/1028 635/796/1028 528/797/1028
s 1
f 635/796/1029 623/798/1030 528/797/1031
f 586/775/1032 545/726/973 538/799/1033
f 616/800/1034 600/790/1035 602/801/1036
s 0
f 541/724/1037 587/786/1037 600/790/1037
s 1
f 584/719/875 537/722/874 658/802/1038
s 0
f 597/291/1039 581/733/1039 588/292/1039
s 1
f 570/760/1040 547/735/1041 589/734/1042
s 0
f 599/782/1043 593/780/1043 619/794/1043
s 1
f 543/731/1044 583/776/1045 528/797/1031
s 0
f 583/776/1046 530/732/1046 604/795/1046
s 1
f 570/760/1040 589/734/1042 617/788/1047
f 594/773/1048 575/765/1049 619/794/1050
f 621/803/1051 534/713/1020 566/755/1019
f 586/775/1032 538/799/1033 616/804/1052
f 587/786/1053 584/723/1000 636/805/1054
f 658/802/1038 537/722/874 597/291/1055
f 593/780/1056 594/773/1048 619/794/1050
s 0
f 576/759/1057 532/777/1057 612/806/1057
s 1
f 532/770/1058 561/762/1059 620/807/1060
f 546/766/1061 534/713/1062 535/715/1063
f 607/716/1064 533/714/1065 534/713/1020
f 538/729/1011 600/790/1013 616/800/1066
f 595/781/997 632/772/1067 594/773/996
f 620/807/1060 561/762/1059 610/768/1068
f 610/768/1069 546/766/1061 535/715/1063
f 534/713/1020 621/803/1051 607/716/1064
s 0
f 528/797/1070 583/776/1070 604/795/1070
s 1
f 629/808/1071 604/795/1072 530/732/1073
s 0
f 595/781/1074 596/783/1074 239/809/1074
s 1
f 529/785/1075 527/810/1076 648/811/1077
f 601/793/1023 638/784/1022 624/812/1078
s 0
f 532/770/1079 620/807/1079 612/813/1079
s 1
f 621/803/1051 566/755/1019 690/721/872
f 543/731/1044 528/797/1031 639/814/1080
s 0
f 530/732/1081 531/815/1081 629/808/1081
s 1
f 603/791/1015 601/793/1017 624/812/1082
f 566/755/1019 585/771/1083 690/721/872
f 528/797/1031 623/798/1030 653/816/1084
f 239/809/1085 596/783/1086 529/785/1087
f 618/817/1088 601/793/1017 606/792/1016
f 599/782/995 619/794/1089 625/818/1090
f 600/790/1091 587/786/1092 636/805/1093
f 636/805/1054 584/723/1094 658/819/1095
f 239/809/1096 609/769/1097 617/788/1098
f 606/792/1099 603/791/1100 618/817/1101
f 585/771/1083 540/720/871 690/721/872
f 634/820/1102 543/731/1044 639/814/1080
f 616/800/1034 602/801/1036 630/821/1103
f 588/292/278 562/748/1004 609/787/1003
s 0
f 617/788/1104 589/734/1104 632/772/1104
s 1
f 529/785/1105 601/793/1106 618/817/1107
f 599/782/995 625/818/1108 638/784/993
s 0
f 244/689/1109 503/636/1109 521/682/1109
f 493/700/1110 519/822/1110 782/698/1110
s 1
f 714/823/1111 493/700/1112 248/824/1113
f 666/825/1114 530/732/884 586/775/1010
f 632/772/1115 595/781/997 239/809/1116
f 649/826/1117 619/794/1118 612/806/1119
f 245/683/835 247/681/818 643/686/1120
f 247/681/1121 246/687/1122 671/827/1123
s 0
f 516/657/1124 500/828/1124 645/708/1124
s 1
f 525/703/850 499/663/1125 508/647/768
f 506/704/851 522/706/853 714/823/1126
f 514/628/1127 665/829/1128 518/669/1129
f 514/628/1130 443/526/764 660/830/1131
f 586/775/1010 616/804/1132 666/825/1114
f 588/292/278 609/787/1003 631/831/1133
s 0
f 239/809/1134 617/788/1134 632/772/1134
s 1
f 619/794/1135 576/759/1136 612/806/1137
s 0
f 610/768/1138 535/715/1138 241/832/1138
f 241/832/1139 535/715/1139 613/717/1139
f 663/833/1140 607/834/1140 621/835/1140
s 1
f 673/836/1141 684/837/1142 669/838/1143
f 640/839/1144 247/681/1121 671/827/1123
s 0
f 500/828/1145 664/840/1145 645/708/1145
s 1
f 519/822/1146 493/700/1147 714/823/1148
f 635/796/1149 604/795/1072 629/808/1071
s 0
f 531/815/1150 682/841/1150 629/808/1150
f 666/825/1151 531/815/1151 530/732/1151
s 1
f 654/842/1152 602/801/1153 243/843/1154
f 631/844/1155 609/769/1156 239/809/1157
f 618/817/1101 603/791/1100 662/845/1158
f 603/791/1015 624/812/1082 662/845/1159
f 670/846/1160 684/837/1142 673/836/1141
s 0
f 684/293/1161 241/295/1161 669/847/1161
f 673/836/1162 621/294/1162 670/846/1162
s 1
f 713/848/1163 686/678/765 227/849/1164
f 247/681/818 640/839/1165 643/686/1120
f 500/696/844 524/709/859 664/850/1166
s 0
f 248/824/1167 506/704/1167 714/823/1167
s 1
f 634/820/1168 686/789/1009 543/731/1008
f 633/851/1169 648/811/1170 527/810/1171
s 0
f 621/294/1172 673/836/1172 241/295/1172
f 669/852/1173 613/853/1173 607/834/1173
f 644/702/1174 523/707/1174 671/827/1174
s 1
f 443/526/764 686/644/765 660/830/1131
f 528/797/1031 653/816/1084 639/814/1080
s 0
f 682/841/1175 531/815/1175 666/825/1175
s 1
f 630/821/1176 602/801/1153 654/842/1152
f 588/292/278 631/831/1133 242/290/276
f 239/809/1177 529/785/1075 648/811/1077
f 649/826/1178 612/806/1179 679/854/1180
s 0
f 669/847/1181 241/295/1181 613/855/1181
f 607/834/1182 663/833/1182 669/852/1182
f 663/833/1183 621/835/1183 684/856/1183
f 246/687/1184 644/702/1184 671/827/1184
s 1
f 700/857/1185 499/663/1125 525/703/850
f 495/710/718 511/699/744 746/858/1186
s 0
f 682/841/1187 635/796/1187 629/808/1187
s 1
f 597/291/277 242/290/276 658/802/1188
f 684/859/1189 670/860/1189 655/861/1189
f 706/862/1190 645/708/1191 664/840/1192
s 0
f 244/689/1193 521/682/1193 700/857/1193
s 1
f 511/699/744 782/698/1194 746/858/1186
f 652/693/841 240/692/834 747/863/1195
s 0
f 625/818/1196 619/794/1196 649/826/1196
f 610/768/1197 680/864/1197 620/807/1197
s 1
f 610/768/1198 241/832/1199 680/864/1200
f 238/711/1201 495/710/718 746/858/1186
f 623/798/1030 635/796/1029 653/816/1084
f 633/851/1202 702/865/1203 648/811/1204
f 529/785/1105 618/817/1107 527/810/1205
f 612/806/1179 620/866/1206 679/854/1180
f 677/867/1207 521/682/1208 238/711/1209
f 522/712/863 652/693/865 681/868/1210
f 709/869/1211 520/691/1212 518/669/1129
s 0
f 514/628/1213 660/830/1213 665/829/1213
s 1
f 602/801/1214 600/790/1091 636/805/1093
s 0
f 242/870/1215 631/844/1215 672/871/1215
f 618/817/1216 659/872/1216 527/810/1216
f 662/845/1217 624/812/1217 638/784/1217
s 1
f 227/849/1164 686/678/765 643/701/750
f 525/703/850 244/689/839 700/857/1185
f 665/829/1128 709/869/1211 518/669/1129
f 625/818/1218 662/845/1219 638/784/1220
f 241/295/1199 673/836/1221 680/873/1200
s 0
f 671/827/1222 523/707/1222 645/708/1222
s 1
f 524/709/859 700/874/1185 664/850/1166
f 524/709/859 499/875/1125 700/874/1185
f 692/876/1223 633/851/1224 835/877/1225
f 633/851/1169 527/810/1171 678/878/1226
f 625/818/1227 649/826/1228 679/854/1229
f 239/809/1230 702/865/1231 631/844/1232
f 659/872/1233 683/879/1234 723/880/1235
f 659/872/1236 618/817/1237 662/845/1238
f 625/818/1227 679/854/1229 703/881/1239
s 0
f 673/836/1240 669/838/1240 680/873/1240
f 680/873/1241 669/838/1241 687/882/1241
f 669/838/1242 663/883/1242 688/884/1242
s 1
f 700/857/1243 521/682/1208 677/867/1207
s 0
f 243/843/1244 602/801/1244 636/805/1244
s 1
f 658/819/1245 242/885/1246 715/886/1247
f 672/871/1248 631/844/1249 702/865/1250
s 0
f 527/810/1251 659/872/1251 716/887/1251
s 1
f 723/880/1235 683/879/1234 221/888/1252
f 690/889/872 542/890/971 686/678/1009
f 681/868/1253 652/693/841 747/863/1195
s 0
f 666/825/1254 616/804/1254 701/891/1254
s 1
f 630/821/1255 701/892/1255 616/800/1255
f 702/865/1203 239/809/1256 648/811/1204
f 835/877/1225 633/851/1257 678/878/1258
f 693/893/1259 679/854/1260 620/866/1261
s 0
f 670/894/1262 621/895/1262 690/896/1262
s 1
f 725/284/270 705/285/271 717/897/1263
f 671/827/1264 645/708/1191 706/862/1190
f 520/691/1212 709/869/1211 240/692/1265
f 630/821/1266 654/842/1267 701/892/1268
f 654/842/1267 243/843/1269 701/892/1268
s 0
f 243/843/1270 636/805/1270 708/898/1270
s 1
f 633/851/1224 692/876/1223 702/865/1271
f 688/884/1272 663/883/1273 695/899/1274
f 691/275/259 230/274/258 724/900/1275
f 640/839/1276 671/827/1264 643/686/1277
s 0
f 665/829/1278 660/830/1278 709/869/1278
s 1
f 653/816/1084 635/796/1029 697/901/1279
f 715/902/1280 242/870/1281 672/871/1282
s 0
f 695/903/1283 663/833/1283 684/856/1283
s 1
f 713/848/1163 233/904/1284 1220/905/1285
s 0
f 234/282/1286 228/278/1286 704/906/1286
s 1
f 671/827/1264 706/862/1190 643/686/1277
f 701/892/1287 243/843/1288 721/907/1289
s 0
f 715/886/1290 708/898/1290 658/819/1290
s 1
f 683/879/1291 659/872/1236 662/845/1238
f 785/908/1292 662/845/1219 625/818/1218
s 0
f 669/838/1293 688/884/1293 756/909/1293
s 1
f 744/910/1294 706/862/1295 685/911/1296
s 0
f 697/901/1297 635/796/1297 682/841/1297
f 636/805/1298 658/819/1298 708/898/1298
s 1
f 835/877/1299 722/912/1300 692/876/1301
s 0
f 695/913/1302 684/859/1302 655/861/1302
s 1
f 724/900/1275 230/274/258 725/284/270
f 664/840/1303 685/911/1296 706/862/1304
f 682/841/1305 666/825/1306 701/891/1307
f 702/865/1271 692/876/1223 784/914/1308
f 692/876/1301 722/912/1300 788/915/1309
s 0
f 683/879/1310 662/845/1310 785/908/1310
s 1
f 755/916/1311 785/908/1292 625/818/1218
f 625/818/1218 703/881/1312 755/916/1311
s 0
f 756/909/1313 687/882/1313 669/838/1313
s 1
f 232/286/267 751/917/1314 233/904/261
f 232/286/267 237/288/1315 751/917/1314
f 236/283/1316 696/280/1317 710/918/1318
f 220/279/1319 229/276/1320 713/919/1163
f 713/919/1163 229/276/1320 233/277/1284
f 219/920/1321 227/921/1322 727/922/1323
f 217/266/1324 707/923/1325 718/924/1326
f 686/789/1327 634/820/1328 739/925/1329
f 639/814/1080 653/816/1084 697/901/1330
f 721/907/1289 243/843/1288 708/898/1331
s 0
f 680/873/1332 687/882/1332 812/926/1332
s 1
f 228/278/1333 691/275/1334 724/900/1335
s 0
f 217/266/1336 718/924/1336 226/927/1336
f 226/927/1337 223/928/1337 224/929/1337
f 223/928/1338 226/927/1338 718/924/1338
s 1
f 707/930/1325 685/931/1339 814/932/1340
f 660/830/1341 686/644/1342 739/933/1343
f 634/820/1102 639/814/1080 697/901/1330
f 748/934/1344 679/854/1260 693/893/1345
f 737/935/1346 731/936/1347 730/937/1348
s 0
f 733/938/1349 734/939/1349 730/937/1349
s 1
f 736/940/1350 737/935/1346 730/937/1348
s 0
f 736/940/1351 730/937/1351 734/939/1351
s 1
f 734/939/1352 733/938/1353 750/941/1354
f 729/942/1355 731/943/1356 735/944/1357
f 729/942/1355 735/944/1357 741/945/1358
f 734/939/1352 750/941/1354 736/940/1359
f 735/946/1360 731/936/1347 786/947/1361
f 738/948/1362 741/949/1363 735/950/1364
f 731/936/1347 737/935/1346 786/947/1361
f 730/951/1365 729/942/1355 733/952/1366
f 699/289/1367 236/287/1316 710/953/1318
f 724/900/1335 704/906/1368 228/278/1369
s 0
f 227/849/1370 219/954/1370 713/848/1370
s 1
f 743/955/1371 227/849/1164 643/701/750
s 0
f 224/956/1372 223/957/1372 217/266/1372
s 1
f 223/958/255 222/959/257 216/960/1373
f 760/961/1374 222/962/253 224/956/252
f 781/963/1375 223/271/1376 225/964/1377
f 747/863/1378 240/692/1265 793/965/1379
f 793/965/1379 240/692/1265 709/869/1211
f 739/925/1380 634/820/1328 697/901/1381
s 0
f 683/879/1382 785/908/1382 740/966/1382
f 679/854/1383 748/934/1383 703/881/1383
s 1
f 703/881/1384 748/934/1385 776/967/1386
f 801/968/1387 693/969/1388 620/970/1389
f 730/951/1365 731/943/1356 729/942/1355
f 741/945/1390 756/971/1391 811/972/1392
f 756/971/1393 688/973/1394 811/972/1392
s 0
f 712/974/1395 696/280/1395 234/282/1395
s 1
f 753/975/1396 224/268/1397 773/976/1398
s 0
f 223/977/1399 718/978/1399 225/270/1399
s 1
f 677/867/1400 238/711/1201 746/858/1186
f 681/868/1401 783/979/1402 522/712/1403
f 1072/980/1404 681/868/1253 747/863/1195
s 0
f 221/888/1405 683/879/1405 1046/981/1405
f 683/879/1406 740/966/1406 1046/981/1406
f 1089/982/1407 756/983/1407 741/984/1407
s 1
f 738/985/1362 735/986/1364 742/987/1408
s 0
f 1024/988/1409 736/940/1409 750/941/1409
s 1
f 759/989/1410 227/921/1411 743/990/1412
f 761/991/1413 222/992/253 760/993/1374
f 753/265/1414 775/994/250 215/995/249
f 224/268/252 225/270/254 773/976/1415
s 0
f 697/901/1416 682/841/1416 739/925/1416
s 1
f 750/996/1417 733/952/1418 810/997/1419
f 670/894/1420 690/896/872 1039/998/1421
f 237/288/274 699/289/275 710/953/1422
f 717/897/1263 705/285/271 752/999/1423
s 0
f 643/686/1424 706/862/1424 744/910/1424
s 1
f 707/923/1325 217/266/1425 758/1000/1426
f 758/1000/1427 217/266/1428 223/957/1429
f 222/959/257 761/1001/1430 216/960/1373
f 825/1002/1431 726/1003/1432 764/262/1433
f 758/1004/1434 223/958/1435 216/960/1436
s 0
f 760/961/1437 224/956/1437 217/266/1437
s 1
f 726/1003/1438 727/922/1439 759/989/1440
f 227/921/1441 759/989/1440 727/922/1439
s 0
f 760/961/1442 217/266/1442 753/265/1442
s 1
f 744/910/1443 685/911/1339 707/1005/1325
f 764/262/1433 726/1003/1432 759/989/1444
f 643/1006/1445 744/1007/1446 743/1008/1447
s 0
f 760/1009/1448 216/1010/1448 762/1011/1448
s 1
f 759/989/1410 743/990/1412 764/262/1449
f 744/1007/1450 707/1012/1451 765/1013/1452
s 0
f 760/961/1453 753/265/1453 215/995/1453
s 1
f 215/1014/1454 762/1015/1454 763/1016/1454
f 761/991/1413 760/993/1374 764/1017/1455
s 0
f 766/1018/1456 762/1015/1456 215/1014/1456
f 764/262/1457 775/264/1457 825/1002/1457
s 1
f 761/1019/1430 764/1020/1458 216/1010/1373
s 0
f 760/993/1459 762/1015/1459 764/1017/1459
s 1
f 216/1010/1373 764/1020/1458 767/1021/1460
f 758/1022/1426 767/1021/1461 707/1023/1325
s 0
f 767/1021/1462 758/1022/1462 762/1011/1462
f 762/1011/1463 216/1010/1463 767/1021/1463
f 762/1015/1464 766/1018/1464 764/1017/1464
s 1
f 744/1007/1446 764/1024/1465 743/1008/1447
s 0
f 769/1025/1466 215/1014/1466 764/1026/1466
f 707/1012/1467 767/1027/1467 765/1013/1467
f 765/1013/1468 764/1024/1468 744/1007/1468
f 767/1028/1469 764/1024/1469 768/1029/1469
f 765/1013/1470 768/1029/1470 764/1024/1470
s 1
f 767/1028/1471 768/1029/1472 769/1030/1473
f 215/1014/1474 769/1025/1473 768/1031/1472
s 0
f 764/1017/1475 766/1018/1475 769/1032/1475
f 765/1013/1476 767/1027/1476 769/1033/1476
s 1
f 215/1014/1477 768/1031/1478 766/1018/1479
f 766/1018/1479 768/1031/1478 765/1034/1480
s 0
f 769/1032/1481 763/1035/1481 762/1036/1481
f 769/1032/1482 766/1018/1482 763/1035/1482
f 765/1037/1483 769/1038/1483 762/1039/1483
f 766/1018/1484 765/1034/1484 763/1035/1484
f 758/1004/1485 216/960/1485 760/1040/1485
f 765/1037/1486 762/1039/1486 758/1041/1486
f 760/1040/1487 215/1042/1487 758/1004/1487
f 758/1043/1488 215/1044/1488 763/1045/1488
f 763/1045/1489 765/1037/1489 771/1046/1489
s 1
f 771/1046/1490 765/1037/1491 770/1047/1492
f 765/1037/1491 758/1041/1493 770/1047/1492
s 0
f 770/1048/1494 758/1043/1494 753/1049/1494
f 758/1043/1495 763/1045/1495 753/1049/1495
s 1
f 763/1045/1496 771/1046/1497 753/1049/1498
s 0
f 770/267/1499 226/927/1499 224/929/1499
f 217/266/1500 226/927/1500 770/267/1500
f 770/267/1501 224/929/1501 1182/1050/1501
f 224/929/1502 753/1051/1502 1182/1050/1502
s 1
f 753/1051/1498 771/1052/1497 1182/1050/1503
f 718/978/1504 771/1053/1490 770/1054/1492
f 771/1053/1490 718/978/1504 1182/1055/1505
s 0
f 718/978/1506 770/1054/1506 773/976/1506
s 1
f 770/1056/1507 1182/1057/1508 773/1058/1509
f 773/1058/1509 1182/1057/1508 774/1059/1510
s 0
f 774/1059/1511 772/1060/1511 773/1058/1511
s 1
f 722/912/1300 218/1061/1512 789/1062/1513
f 218/1061/1514 722/912/1300 835/877/1299
s 0
f 812/926/1515 687/882/1515 756/909/1515
s 1
f 729/942/1516 741/945/1517 811/972/1518
s 0
f 811/1063/1519 688/1064/1519 795/1065/1519
s 1
f 655/861/1520 670/860/1420 802/1066/1521
f 686/678/1009 713/848/1163 1220/905/1285
f 219/920/1321 727/922/1323 779/1067/1522
s 0
f 1182/1068/1523 718/1069/1523 775/1070/1523
s 1
f 754/1071/1524 677/867/1400 746/858/1186
f 715/902/1280 672/871/1525 799/1072/1526
f 788/915/1309 722/912/1300 789/1062/1513
f 716/887/1527 659/872/1528 723/880/1529
f 801/1073/1387 778/1074/1530 693/1075/1388
s 0
f 620/807/1531 680/864/1531 812/1076/1531
f 756/983/1532 1089/982/1532 1131/1077/1532
s 1
f 695/913/1533 655/861/1534 802/1066/1535
s 0
f 787/1078/1536 757/1079/1536 712/974/1536
s 1
f 724/900/1275 725/284/270 752/999/1537
f 780/1080/1538 727/922/1439 726/1003/1438
s 0
f 225/270/1539 718/978/1539 773/976/1539
s 1
f 773/976/1540 772/1081/1541 775/1070/1542
s 0
f 772/1081/1543 1182/1068/1543 775/1070/1543
f 775/1070/1544 718/1069/1544 781/1082/1544
s 1
f 685/931/1545 664/850/1546 677/1083/1547
f 747/863/1548 793/965/1549 797/1084/1550
f 709/869/1211 660/830/1341 739/933/1551
f 672/871/1525 702/865/1271 799/1072/1526
s 0
f 811/972/1552 738/1085/1552 742/1086/1552
f 213/1087/1553 738/1085/1553 811/972/1553
s 1
f 802/1066/1521 670/860/1420 1039/1088/1421
s 0
f 237/288/1554 710/953/1554 751/917/1554
s 1
f 214/1089/1555 712/974/1556 234/282/1557
s 0
f 713/1090/1558 219/920/1558 779/1067/1558
s 1
f 718/1091/1326 707/1092/1325 1070/1093/1559
f 677/1083/1547 664/850/1546 700/874/1560
f 783/979/1402 681/868/1401 1072/980/1561
f 793/965/1379 709/869/1211 798/1094/1562
s 0
f 701/892/1563 721/907/1563 1043/1095/1563
f 806/1096/1564 1043/1095/1564 721/907/1564
s 1
f 708/1097/1565 794/1098/1566 721/1099/1567
f 702/865/1271 784/914/1308 799/1072/1526
f 807/1100/1568 692/876/1301 788/915/1309
s 0
f 1160/1101/1569 527/810/1569 716/887/1569
s 1
f 221/888/1570 1046/981/1571 826/1102/1572
f 755/916/1573 703/881/1384 776/967/1386
s 0
f 748/1103/1574 693/1075/1574 778/1074/1574
s 1
f 801/968/1575 620/970/1576 790/1104/1577
f 790/1104/1577 620/970/1576 812/1105/1578
s 0
f 742/987/1579 735/986/1579 1089/1106/1579
s 1
f 786/1107/1580 1089/1106/1581 735/986/1582
s 0
f 741/949/1583 738/948/1583 213/1108/1583
f 233/904/1584 751/917/1584 1220/905/1584
s 1
f 710/918/1585 696/280/1586 712/974/1587
f 712/974/1556 214/1089/1555 823/1109/1588
f 752/999/1537 725/284/270 717/897/1263
f 1071/272/1589 223/271/1590 781/963/1591
f 798/1094/1562 709/869/1211 739/933/1551
f 739/925/1592 682/841/1592 1043/1110/1592
f 1043/1110/1593 682/841/1305 701/891/1307
f 708/1097/1565 715/902/1594 794/1098/1566
s 0
f 740/966/1595 785/908/1595 755/916/1595
f 756/983/1596 790/1104/1596 795/1111/1596
s 1
f 688/884/1272 695/899/1274 795/1112/1597
s 0
f 220/279/1598 752/999/1598 705/285/1598
s 1
f 220/279/1599 713/919/1600 824/1113/1601
f 781/1114/1602 225/1115/1377 775/1116/1603
f 225/1115/254 222/273/253 796/1117/1604
f 805/1118/1605 796/1117/1604 222/273/253
f 805/1118/1606 222/273/257 1071/272/256
f 781/963/1607 718/1091/1608 1070/1093/1609
f 519/822/1610 714/823/1611 1189/1119/1612
s 0
f 1044/1120/1613 1043/1095/1613 806/1096/1613
s 1
f 794/1098/1566 715/902/1594 799/1072/1614
s 0
f 1075/1121/1615 218/1122/1615 1294/1123/1615
f 218/1061/1616 835/877/1616 1294/1124/1616
f 1294/1124/1617 527/810/1617 1160/1101/1617
s 1
f 1082/1125/1618 776/1126/1619 808/1127/1620
s 0
f 741/1128/1621 742/987/1621 1089/1106/1621
s 1
f 786/947/1622 737/935/1623 809/1129/1624
f 737/935/1623 736/940/1625 809/1129/1624
f 811/972/1518 733/952/1418 729/942/1516
s 0
f 812/1130/1626 756/1131/1626 795/1112/1626
s 1
f 686/678/1009 1220/905/1285 690/889/872
s 0
f 787/1078/1627 712/974/1627 823/1109/1627
s 1
f 1070/1093/1559 707/1092/1325 814/1132/1340
f 815/1133/1628 746/858/1186 782/698/1629
f 1242/1134/1630 747/863/1548 797/1084/1550
f 832/1135/1631 784/914/1632 807/1100/1568
f 784/914/1632 692/876/1301 807/1100/1568
s 0
f 678/878/1633 527/810/1633 1294/1124/1633
s 1
f 1161/1136/1634 723/880/1635 826/1102/1636
f 776/1126/1637 748/1103/1638 808/1127/1639
s 0
f 819/1137/1640 786/1138/1640 809/1139/1640
f 736/940/1641 1024/988/1641 820/1140/1641
s 1
f 810/997/1419 733/952/1418 811/972/1518
f 742/1141/1642 741/949/1643 213/1108/1644
f 802/1142/1645 822/1143/1646 1050/258/1647
f 710/918/1648 712/974/1587 757/1079/1649
s 0
f 704/906/1650 724/900/1650 214/1089/1650
s 1
f 779/1067/1522 727/922/1323 780/1080/1651
f 1124/1144/1652 726/1003/1432 825/1002/1431
f 753/975/1653 773/976/1654 775/1070/1542
s 0
f 1160/1101/1655 716/887/1655 1161/1136/1655
f 1161/1136/1656 716/887/1656 723/880/1656
s 1
f 723/880/1635 221/888/1570 826/1102/1572
s 0
f 736/940/1657 820/1140/1657 810/1145/1657
f 839/1146/1658 820/1140/1658 1024/988/1658
s 1
f 750/1147/1659 810/1148/1419 820/1149/1660
s 0
f 211/256/1661 1050/258/1661 210/1150/1661
s 1
f 210/1150/1662 1050/258/1647 822/1143/1663
s 0
f 813/1151/1664 751/917/1664 710/953/1664
f 214/1089/1665 234/282/1665 704/906/1665
s 1
f 225/1115/1666 1070/1152/1667 775/1116/1668
s 0
f 225/1115/1669 796/1117/1669 1070/1152/1669
s 1
f 1071/272/1589 781/963/1607 1070/1093/1609
f 754/1071/1524 746/858/1186 815/1133/1628
f 1213/1153/1670 782/698/1671 519/822/1672
f 833/1154/1673 788/915/1309 789/1062/1513
f 1130/261/1674 818/260/1675 1216/1155/1676
s 0
f 1130/1156/1677 740/966/1677 755/916/1677
f 212/1157/1678 1131/1077/1678 1089/982/1678
f 839/1158/1679 736/940/1679 810/1145/1679
f 838/1159/1680 819/1137/1680 809/1139/1680
f 809/1129/1681 736/940/1681 839/1158/1681
f 838/1159/1682 809/1139/1682 742/1160/1682
f 1025/1161/1683 809/1129/1683 842/1162/1683
s 1
f 855/1163/1684 856/1164/1685 992/1165/1686
f 854/1166/1687 992/1165/1688 856/1164/1689
s 0
f 855/1167/1690 854/1166/1690 857/1168/1690
f 871/1169/1691 865/1170/1691 857/1168/1691
s 1
f 857/1168/1692 854/1166/1693 856/1164/1692
f 861/1171/1694 859/1172/1694 863/1173/1694
f 859/1172/1695 861/1171/1696 862/1174/1697
f 859/1172/1695 862/1174/1697 870/1175/1698
f 858/1176/1699 861/1171/1700 863/1173/1701
s 0
f 862/1174/1702 857/1177/1702 865/1178/1702
f 857/1168/1703 856/1164/1703 871/1169/1703
s 1
f 862/1174/1704 861/1171/1705 858/1176/1706
f 856/1164/1685 855/1163/1684 867/1179/1707
f 857/1177/1708 862/1174/1709 858/1176/1706
f 873/1180/1710 863/1173/1711 859/1172/1712
f 862/1181/1697 866/1182/1713 870/1183/1698
s 0
f 855/1163/1714 857/1184/1714 858/1185/1714
s 1
f 873/1180/1710 859/1172/1715 870/1175/1716
s 0
f 854/1186/1717 865/1187/1717 871/1188/1717
s 1
f 856/1164/1718 867/1179/1719 871/1169/1720
f 863/1173/1701 877/1189/1721 858/1176/1699
f 862/1181/1722 865/1190/1723 866/1182/1724
s 0
f 867/1179/1725 855/1163/1725 858/1185/1725
s 1
f 871/1169/1720 867/1179/1719 869/1191/1726
s 0
f 864/1192/1727 877/1189/1727 863/1173/1727
s 1
f 864/1192/1728 863/1173/1729 878/1193/1730
f 873/1180/1731 878/1193/1730 863/1173/1729
f 864/1192/1732 878/1193/1733 877/1189/1734
s 0
f 865/1190/1735 854/1194/1735 1016/1195/1735
s 1
f 871/1188/1736 869/1196/1737 872/1197/1738
f 866/1182/1724 865/1190/1723 879/1198/1739
f 1016/1195/1740 879/1198/1741 865/1190/1742
s 0
f 854/1199/1743 855/1200/1743 1016/1201/1743
f 855/1200/1744 992/1202/1744 1016/1201/1744
s 1
f 869/1191/1726 867/1179/1719 858/1185/1745
f 882/1203/1746 885/1204/1747 888/1205/1748
f 884/1206/1749 885/1204/1747 883/1207/1750
f 883/1207/1750 885/1204/1747 882/1203/1746
s 0
f 889/1208/1751 888/1205/1751 887/1209/1751
f 882/1203/1752 888/1205/1752 889/1208/1752
f 889/1208/1753 887/1209/1753 890/1210/1753
f 888/1205/1754 885/1204/1754 881/1211/1754
f 917/1212/1755 882/1203/1755 889/1208/1755
s 1
f 893/1213/1756 894/1214/1757 938/1215/1758
f 898/1216/1759 881/1217/1760 932/1218/1761
s 0
f 900/1219/1762 899/1220/1762 965/1221/1762
s 1
f 900/1219/1763 965/1221/1764 903/1222/1765
f 903/1222/1766 965/1221/1767 923/1223/1768
f 902/1224/1769 901/1225/1770 903/1222/1771
f 902/1224/1769 903/1222/1771 923/1223/1772
f 903/1222/1773 901/1225/1774 900/1219/1775
f 900/1219/1775 901/1225/1774 904/1226/1776
f 907/1227/1777 906/1228/1778 912/1229/1779
f 906/1228/1780 907/1227/1781 908/1230/1782
s 0
f 908/1231/1783 907/1232/1783 925/1233/1783
s 1
f 925/1233/1784 909/1234/1784 908/1231/1785
f 905/1235/1786 916/1236/1787 915/1237/1788
f 916/1238/1789 919/1239/1790 915/1240/1791
f 957/1241/1792 909/1242/1793 911/1243/1794
s 0
f 913/1244/1795 907/1245/1795 912/1246/1795
s 1
f 913/1247/1796 905/1235/1797 915/1237/1788
f 905/1248/1798 914/1249/1799 904/1250/1800
f 910/1251/1801 909/1242/1793 957/1241/1792
f 905/1252/1786 922/1253/1802 916/1254/1787
f 921/1255/1803 911/1256/1804 909/1257/1805
s 0
f 914/1249/1806 912/1258/1806 904/1250/1806
s 1
f 908/1259/1807 909/1260/1808 910/1261/1809
f 910/1251/1801 957/1241/1792 945/1262/1810
s 0
f 896/1263/1811 925/1233/1811 907/1232/1811
s 1
f 895/1264/1812 911/1265/1813 921/1266/1814
s 0
f 896/1263/1815 907/1232/1815 913/1267/1815
f 922/1268/1816 920/1269/1816 916/1238/1816
s 1
f 912/1229/1779 906/1228/1778 963/1270/1817
s 0
f 913/1247/1818 915/1237/1818 944/1271/1818
s 1
f 908/1230/1819 912/1272/1820 955/1273/1821
s 0
f 917/1212/1822 912/1274/1822 963/1275/1822
s 1
f 963/1270/1823 906/1228/1824 908/1230/1825
s 0
f 909/1257/1826 925/1276/1826 921/1255/1826
s 1
f 919/1239/1790 931/1277/1827 934/1278/1828
f 920/1269/1829 922/1268/1829 932/1279/1829
s 0
f 904/1250/1830 912/1258/1830 908/1280/1830
s 1
f 915/1240/1791 919/1239/1790 934/1278/1828
f 922/1253/1802 905/1252/1786 917/1281/1831
s 0
f 912/1258/1832 914/1249/1832 925/1276/1832
f 914/1249/1833 921/1255/1833 925/1276/1833
f 929/1282/1834 925/1233/1834 896/1263/1834
s 1
f 912/1246/1835 925/1233/1836 913/1244/1837
f 914/1283/1838 929/1282/1839 896/1263/1840
f 913/1244/1837 925/1233/1836 929/1282/1841
f 914/1283/1838 896/1263/1840 913/1267/1842
f 937/1284/1843 944/1271/1844 915/1237/1845
f 919/1239/1790 916/1238/1789 920/1269/1846
s 0
f 965/1221/1847 899/1220/1847 933/1285/1847
f 899/1220/1848 900/1219/1848 926/1286/1848
f 905/1287/1849 913/1244/1849 929/1282/1849
f 898/1288/1850 932/1279/1850 922/1268/1850
s 1
f 921/1266/1851 877/1289/1852 895/1264/1853
f 921/1255/1854 930/1290/1855 958/1291/1856
f 921/1255/1854 914/1249/1857 930/1290/1855
f 905/1252/1798 904/1226/1800 917/1281/1858
s 0
f 904/1226/1859 901/1225/1859 902/1224/1859
f 914/1283/1860 905/1287/1860 929/1282/1860
f 913/1267/1861 944/1292/1861 914/1283/1861
s 1
f 932/1218/1761 881/1217/1760 943/1293/1862
s 0
f 900/1219/1863 904/1226/1863 910/1261/1863
f 910/1261/1864 904/1226/1864 908/1259/1864
s 1
f 922/1294/1802 917/1295/1831 898/1296/1865
f 904/1226/1800 902/1224/1866 917/1281/1867
f 877/1297/1852 921/1298/1851 958/1299/1868
f 959/1300/1869 958/1301/1870 930/1302/1871
s 0
f 884/1206/1872 883/1207/1872 849/1303/1872
s 1
f 898/1304/1759 888/1205/1873 881/1211/1760
s 0
f 900/1305/1874 923/1223/1874 926/1306/1874
f 930/1307/1875 914/1283/1875 944/1292/1875
f 892/1308/1876 893/1213/1876 985/1309/1876
f 941/1310/1877 915/1240/1877 934/1278/1877
f 881/1211/1878 885/1204/1878 884/1206/1878
f 849/1303/1879 883/1207/1879 891/1311/1879
f 887/1209/1880 888/1205/1880 890/1210/1880
f 1008/1312/1881 911/1265/1881 895/1264/1881
s 1
f 944/1271/1844 937/1284/1843 894/1313/1882
f 893/1213/1883 892/1308/1884 981/1314/1885
f 938/1215/1758 894/1214/1757 936/1315/1886
f 936/1316/1886 894/1313/1757 937/1284/1887
f 937/1284/1888 915/1237/1889 941/1317/1890
f 940/1318/1891 932/1218/1892 943/1293/1893
s 0
f 979/1319/1894 883/1207/1894 882/1203/1894
f 979/1319/1895 882/1203/1895 963/1275/1895
f 917/1281/1896 902/1224/1896 923/1223/1896
f 957/1241/1897 911/1243/1897 1008/1320/1897
f 884/1321/1898 849/1322/1898 948/1323/1898
f 900/1305/1899 910/1324/1899 955/1325/1899
s 1
f 949/1326/1900 917/1327/1901 890/1328/1902
s 0
f 890/1210/1903 888/1205/1903 898/1304/1903
f 898/1296/1904 917/1295/1904 949/1329/1904
s 1
f 890/1328/1902 950/1330/1905 949/1326/1900
s 0
f 950/1331/1906 890/1332/1906 898/1333/1906
f 898/1333/1907 951/1334/1907 950/1331/1907
f 898/1296/1908 949/1329/1908 951/1335/1908
s 1
f 953/1336/1909 950/1331/1910 951/1334/1911
f 951/1337/1912 949/1338/1913 952/1339/1914
f 949/1338/1915 950/1331/1915 952/1339/1915
f 950/1331/1916 953/1336/1917 952/1339/1918
f 944/1340/1919 953/1341/1919 954/1342/1919
f 951/1343/1911 954/1342/1920 953/1341/1909
s 0
f 954/1344/1921 951/1345/1921 894/1313/1921
s 1
f 951/1345/1912 952/1346/1914 894/1313/1922
f 952/1346/1918 953/1347/1917 944/1271/1923
f 985/1309/1924 893/1213/1925 938/1215/1926
f 919/1239/1927 920/1269/1928 942/1348/1929
f 942/1348/1929 920/1269/1928 932/1279/1892
s 0
f 891/1311/1930 883/1207/1930 979/1319/1930
f 923/1223/1931 900/1305/1931 955/1325/1931
f 853/1349/1932 992/1350/1932 980/1351/1932
s 1
f 871/1188/1736 872/1197/1738 980/1351/1933
f 893/1213/1883 981/1314/1885 894/1214/1934
f 934/1278/1935 931/1277/1936 960/1352/1937
f 931/1277/1827 919/1239/1790 942/1348/1938
f 884/1321/1939 948/1323/1940 982/1353/1941
f 961/1354/1942 982/1355/1941 948/1356/1940
s 0
f 963/1357/1943 962/1358/1943 957/1241/1943
f 963/1275/1944 882/1203/1944 917/1212/1944
s 1
f 963/1270/1823 908/1230/1782 955/1273/1945
f 955/1325/1946 912/1359/1947 917/1281/1948
s 0
f 917/1281/1949 923/1223/1949 955/1325/1949
s 1
f 910/1360/1950 945/1361/1951 955/1273/1952
s 0
f 963/1270/1953 955/1273/1953 962/1362/1953
f 890/1328/1954 880/1363/1954 889/1364/1954
f 955/1273/1955 890/1328/1955 962/1362/1955
s 1
f 890/1328/1956 917/1327/1956 962/1362/1956
f 890/1328/1957 945/1361/1958 880/1363/1959
f 890/1328/1960 955/1273/1952 945/1361/1951
s 0
f 917/1327/1961 889/1365/1961 962/1362/1961
s 1
f 945/1366/1958 933/1285/1962 880/1367/1959
s 0
f 880/1368/1963 933/1369/1963 964/1370/1963
f 966/1371/1964 899/1372/1964 926/1373/1964
s 1
f 965/1221/1965 926/1306/1966 923/1223/1967
f 965/1221/1968 933/1285/1962 945/1366/1958
s 0
f 945/1374/1969 962/1375/1969 965/1376/1969
s 1
f 933/1369/1970 899/1372/1971 976/1377/1972
f 965/1376/1973 962/1375/1974 889/1364/1975
f 965/1376/1973 889/1364/1975 880/1363/1976
f 899/1372/1971 966/1371/1977 976/1377/1972
f 926/1378/1966 965/1379/1965 964/1370/1978
f 967/1380/1979 966/1371/1980 926/1373/1981
s 0
f 974/1381/1982 926/1378/1982 964/1370/1982
s 1
f 965/1379/1965 880/1368/1983 964/1370/1978
s 0
f 967/1382/1984 926/1378/1984 974/1381/1984
s 1
f 964/1370/1985 933/1369/1986 976/1377/1987
f 977/1383/1988 1001/1384/1989 968/1385/1990
s 0
f 970/1386/1991 969/1387/1991 1001/1388/1991
s 1
f 977/1389/1988 968/1390/1992 967/1382/1993
f 975/1391/1994 972/1392/1995 970/1393/1996
s 0
f 969/1394/1997 970/1393/1997 972/1392/1997
s 1
f 968/1395/1998 972/1392/1999 967/1380/2000
f 972/1392/1999 973/1396/2001 967/1380/2000
f 977/1383/2002 970/1397/2003 1001/1384/2004
f 973/1396/2005 972/1392/1995 975/1391/1994
f 967/1380/1979 973/1396/2006 966/1371/1980
f 852/1398/2007 964/1370/1985 976/1377/1987
f 975/1391/2008 970/1393/2003 977/1399/2002
f 852/1398/2009 967/1382/2010 974/1381/2011
s 0
f 966/1371/2012 973/1396/2012 975/1391/2012
f 966/1371/2013 975/1391/2013 977/1399/2013
s 1
f 852/1398/2009 974/1381/2011 964/1370/2014
f 976/1377/2015 966/1371/2016 977/1399/2017
s 0
f 967/1382/2018 852/1398/2018 977/1389/2018
f 850/1400/2019 852/1398/2019 976/1377/2019
s 1
f 850/1400/2020 976/1377/2021 977/1399/2022
s 0
f 850/1400/2023 977/1399/2023 978/1401/2023
f 977/1399/2024 852/1402/2024 978/1401/2024
f 962/1358/2025 945/1262/2025 957/1241/2025
s 1
f 986/1403/2026 848/1404/2027 1008/1320/2028
f 877/1189/1734 878/1193/1733 983/1405/2029
s 0
f 1010/1406/2030 873/1180/2030 870/1175/2030
s 1
f 846/1407/2031 959/1300/1869 930/1302/1871
s 0
f 894/1313/2032 952/1346/2032 944/1271/2032
f 941/1310/2033 934/1278/2033 960/1352/2033
f 961/1354/2034 948/1356/2034 845/1408/2034
f 852/1409/2035 979/1410/2035 978/1411/2035
f 963/1357/2036 957/1241/2036 979/1412/2036
s 1
f 895/1264/2037 877/1289/2038 1007/1413/2039
f 1010/1414/2040 870/1183/2041 866/1182/2042
f 854/1186/2043 871/1188/2044 980/1351/2045
s 0
f 881/1217/2046 884/1321/2046 997/1415/2046
f 884/1321/2047 982/1353/2047 845/1416/2047
f 979/1410/2048 850/1417/2048 851/1418/2048
s 1
f 1010/1414/2040 866/1182/2042 879/1198/2049
s 0
f 1029/1419/2050 853/1420/2050 197/1421/2050
s 1
f 936/1316/1886 937/1284/1887 941/1317/2051
s 0
f 997/1415/2052 884/1321/2052 845/1416/2052
f 845/1408/2053 982/1422/2053 990/1423/2053
f 990/1423/2054 961/1354/2054 845/1408/2054
f 852/1409/2055 850/1417/2055 979/1410/2055
f 979/1410/2056 851/1418/2056 849/1424/2056
f 1008/1312/2057 895/1264/2057 1007/1413/2057
f 878/1193/2058 873/1180/2058 983/1405/2058
s 1
f 197/1425/2059 853/1349/2059 988/1426/2059
s 0
f 989/1427/2060 872/1197/2060 869/1196/2060
s 1
f 958/1428/1870 959/1429/1869 1009/1430/2061
f 981/1314/2062 930/1302/2063 944/1431/2064
s 0
f 943/1293/2065 881/1217/2065 997/1415/2065
s 1
f 957/1241/2066 1008/1320/2067 998/1432/2068
s 0
f 983/1405/2069 873/1180/2069 1010/1406/2069
s 1
f 992/1350/2070 854/1186/2043 980/1351/2045
s 0
f 989/1427/2071 869/1196/2071 946/1433/2071
f 944/1431/2072 954/1434/2072 981/1314/2072
f 1000/1435/2073 995/1436/2073 948/1437/2073
s 1
f 1000/1438/2074 845/1439/2075 996/1440/2076
f 844/1441/2077 948/1437/2078 995/1436/2079
f 845/1439/2080 948/1437/2081 996/1440/2082
f 995/1436/2083 1000/1435/2074 996/1442/2076
f 996/1440/2084 948/1437/2085 844/1441/2086
f 1022/1443/2087 1020/1444/2088 995/1445/2089
f 995/1446/2079 1034/1447/2090 844/1448/2077
s 0
f 1034/1449/2091 960/1450/2091 844/1451/2091
s 1
f 1022/1452/2092 995/1453/2093 960/1454/2094
f 844/1451/2086 960/1450/2095 996/1455/2084
s 0
f 851/1418/2096 850/1417/2096 978/1456/2096
f 979/1319/2097 849/1303/2097 891/1311/2097
s 1
f 1008/1320/2028 848/1404/2027 998/1432/2098
f 932/1279/1892 940/1457/1891 942/1348/1929
f 940/1318/1891 943/1293/1893 997/1415/2099
s 0
f 997/1458/2100 961/1354/2100 990/1423/2100
f 997/1415/2101 845/1416/2101 1000/1459/2101
f 851/1418/2102 978/1456/2102 849/1424/2102
s 1
f 990/1423/2103 982/1422/2103 997/1458/2103
f 982/1355/2104 961/1354/2105 1001/1460/2106
s 0
f 961/1354/2107 997/1458/2107 1000/1461/2107
f 978/1462/2108 948/1437/2108 849/1463/2108
f 848/1404/2109 999/1464/2109 998/1432/2109
s 1
f 848/1404/2110 960/1454/2111 999/1464/2112
f 982/1355/2113 1001/1460/2114 997/1465/2115
f 1001/1460/2106 961/1354/2105 1000/1461/2116
f 1004/1466/2117 957/1467/2066 998/1468/2068
f 960/1454/2094 995/1453/2093 999/1464/2118
s 0
f 1005/1469/2119 1004/1466/2119 998/1468/2119
f 999/1464/2120 995/1453/2120 996/1470/2120
f 1000/1435/2121 948/1437/2121 1001/1471/2121
s 1
f 960/1352/1937 931/1277/1936 942/1348/2122
s 0
f 1004/1466/2123 979/1410/2123 957/1467/2123
f 1001/1471/2124 948/1437/2124 978/1462/2124
s 1
f 960/1450/1937 942/1472/2122 996/1455/2125
f 996/1470/2125 942/1473/1929 940/1474/1891
f 940/1475/2126 997/1465/2115 1001/1460/2114
f 940/1476/2126 1001/1388/2114 1006/1477/2127
f 1001/1384/2128 978/1411/2129 979/1410/2130
s 0
f 996/1470/2131 940/1474/2131 999/1464/2131
s 1
f 999/1478/2132 940/1476/2133 1006/1477/2134
s 0
f 1005/1469/2135 998/1468/2135 999/1479/2135
f 1001/1388/2136 969/1387/2136 1006/1477/2136
s 1
f 1001/1384/2137 979/1410/2130 968/1385/2138
f 979/1410/2139 1004/1466/2140 968/1385/2141
f 1004/1466/2140 1005/1469/2142 968/1385/2141
s 0
f 1006/1480/2143 969/1394/2143 972/1392/2143
s 1
f 1005/1469/2142 999/1479/2144 968/1385/2141
f 972/1392/1999 968/1395/1998 1006/1480/2145
s 0
f 1006/1481/2146 968/1482/2146 1007/1413/2146
f 1006/1481/2147 843/1483/2147 999/1484/2147
f 999/1485/2148 843/1486/2148 968/1482/2148
f 1008/1312/2149 1007/1413/2149 968/1482/2149
s 1
f 968/1482/2150 843/1486/2151 1008/1312/2152
s 0
f 847/1487/2153 993/1488/2153 879/1198/2153
f 879/1198/2154 1012/1489/2154 847/1487/2154
f 853/1349/2155 980/1351/2155 988/1426/2155
s 1
f 877/1289/2038 983/1490/2156 1007/1413/2039
s 0
f 992/1202/2157 853/1491/2157 1015/1492/2157
f 980/1351/2158 872/1197/2158 989/1427/2158
s 1
f 1009/1430/2061 959/1429/1869 846/1493/2031
f 840/1494/2159 930/1302/2063 981/1314/2062
f 848/1404/2110 986/1403/2160 960/1454/2161
f 1015/1495/2162 853/1420/2163 1029/1419/2164
f 930/1302/1871 840/1494/2165 846/1407/2031
f 985/1309/2166 981/1314/2167 892/1308/2168
s 0
f 843/1483/2169 1006/1481/2169 1007/1413/2169
f 1010/1414/2170 879/1198/2170 993/1488/2170
s 1
f 1018/1496/2171 980/1351/2172 989/1427/2173
f 869/1196/2174 858/1497/1699 946/1433/2175
s 0
f 954/1434/2176 894/1214/2176 981/1314/2176
s 1
f 985/1309/1924 938/1215/1926 1020/1444/2177
f 941/1310/2178 960/1352/2179 1020/1498/2180
s 0
f 847/1487/2181 1012/1489/2181 1017/1499/2181
s 1
f 858/1497/1699 1103/1500/2182 946/1433/2175
f 1022/1443/2183 981/1314/2167 985/1309/2166
f 938/1215/2184 936/1315/2185 1020/1444/2180
f 936/1501/2185 941/1310/2178 1020/1498/2180
f 858/1176/1699 877/1189/1721 1134/1502/2186
s 0
f 960/1454/2187 986/1403/2187 1008/1320/2187
f 1012/1489/2188 1013/1503/2188 1017/1499/2188
f 1013/1503/2189 1021/1504/2189 1017/1499/2189
f 989/1427/2190 946/1433/2190 1018/1496/2190
f 843/1505/2191 1007/1506/2191 1020/1498/2191
f 1021/1504/2192 1013/1503/2192 1030/1507/2192
s 1
f 1012/1489/2193 879/1198/1741 1016/1195/2194
f 1016/1201/2195 992/1202/2196 1015/1492/2197
f 197/1425/2198 988/1426/2199 1019/1508/2200
s 0
f 1018/1496/2201 946/1433/2201 1023/1509/2201
s 1
f 1103/1500/2182 858/1497/1699 1134/1510/2186
s 0
f 842/1162/2202 809/1129/2202 1024/1511/2202
f 1024/1511/2203 809/1129/2203 839/1158/2203
f 811/972/2204 742/1086/2204 809/1512/2204
s 1
f 840/1494/2205 1026/1513/2206 1090/191/2207
s 0
f 1013/1503/2208 1012/1489/2208 1030/1507/2208
s 1
f 1019/1508/2200 988/1426/2199 1101/1514/2209
f 1024/1511/2210 846/1515/2211 842/1162/2212
f 1095/1516/2213 840/1494/2205 1090/191/2207
f 1008/1517/2152 843/1505/2151 1020/1498/2214
f 988/1426/2199 1049/1518/2215 1101/1514/2209
f 1009/1430/2061 846/1493/2031 1024/1519/2216
f 839/1520/2217 810/997/2218 811/972/2219
f 842/1521/2212 846/1407/2211 1093/1522/2220
f 1022/1443/2087 985/1309/2221 1020/1444/2088
s 0
f 960/1352/2222 1008/1517/2222 1020/1498/2222
f 993/1488/2223 847/1487/2223 1017/1499/2223
s 1
f 1135/1523/2224 877/1189/1721 958/1428/2225
s 0
f 811/972/2226 809/1512/2226 1025/1524/2226
f 983/1525/2227 1010/1414/2227 1030/1507/2227
s 1
f 839/1520/2217 811/972/2219 1025/1524/2228
f 1034/1526/2229 1007/1527/2230 1273/1528/2231
s 0
f 1010/1414/2232 993/1488/2232 1017/1499/2232
s 1
f 988/1426/2199 980/1351/2233 1049/1518/2215
f 980/1351/2172 1018/1496/2171 1097/1529/2234
s 0
f 1023/1509/2235 946/1433/2235 1103/1500/2235
s 1
f 958/1428/1870 1009/1430/2061 1135/1523/2236
f 1025/1530/2237 842/1531/2238 819/1532/2239
f 846/1407/2211 1099/1533/2240 1093/1522/2241
f 846/1407/2031 840/1494/2165 1094/1534/179
f 1273/1528/2242 1007/1527/2039 1030/1507/2243
f 1007/1527/2039 983/1525/2156 1030/1507/2243
f 1017/1499/2244 1021/1504/2245 1030/1507/2246
f 197/1421/2247 1032/1535/2248 1091/1536/2249
f 1032/1537/2248 197/1425/2198 1019/1508/2200
f 1032/1537/2248 1019/1508/2200 1101/1514/2209
s 0
f 750/1147/2250 1037/1538/2250 1024/1539/2250
s 1
f 842/1531/2251 1033/1540/2252 819/1532/2253
s 0
f 1034/1447/2254 1020/1498/2254 1007/1506/2254
s 1
f 1012/1489/2193 1016/1195/2194 1030/1507/2255
f 1030/1507/2255 1016/1195/2194 1096/1541/2256
f 838/1542/2257 1035/1543/2258 820/1544/2259
s 0
f 1025/1530/2260 819/1532/2260 838/1545/2260
s 1
f 1033/1540/2252 842/1531/2251 1114/1546/2261
f 1114/1546/2261 842/1531/2238 1093/1547/2262
s 0
f 1022/1548/2263 960/1450/2263 1034/1449/2263
s 1
f 995/1446/2264 1020/1498/2264 1034/1447/2264
s 0
f 1018/1496/2265 1023/1509/2265 1097/1529/2265
s 1
f 1024/1549/2216 1036/1550/2266 1135/1551/2236
f 169/1552/2267 1135/1551/2236 1036/1550/2268
f 1035/1553/2269 742/1141/1642 213/1108/1644
s 0
f 795/1112/2270 695/899/2270 812/1130/2270
s 1
f 1107/1554/2271 713/1090/2272 779/1067/1522
f 814/932/1340 685/931/1339 677/1083/1400
s 0
f 522/706/2273 783/1555/2273 714/823/2273
s 1
f 1072/980/2274 747/863/1548 1242/1134/1630
f 739/1556/2275 1043/1557/2276 1041/1558/2277
s 0
f 1044/1559/2278 739/1556/2278 1041/1558/2278
f 831/1560/2279 721/1561/2279 1129/1562/2279
f 836/259/2280 1130/261/2280 1193/1563/2280
s 1
f 1131/1077/2281 801/968/1575 790/1104/1577
s 0
f 790/1104/2282 756/983/2282 1131/1077/2282
s 1
f 1114/1546/2283 1035/1564/2284 1033/1540/2285
f 1033/1540/2285 1035/1564/2258 838/1159/2257
s 0
f 1047/1565/2286 838/1159/2286 742/1160/2286
f 742/1141/2287 1035/1553/2287 1114/1566/2287
f 1047/1565/2288 819/1532/2288 1033/1540/2288
s 1
f 1094/1534/179 840/1494/2165 1095/1516/2289
f 196/1567/2290 1090/191/2291 1048/1568/2292
f 1090/191/2291 1026/1513/2293 1048/1568/2292
f 1048/1568/2292 1026/1513/2293 840/1494/2159
f 840/1494/2159 981/1314/2062 1164/1569/2294
f 1097/1529/2234 1049/1518/2295 980/1351/2296
s 0
f 1097/1529/2297 1023/1509/2297 1103/1500/2297
s 1
f 839/1520/2298 1025/1524/2299 820/1544/2300
f 1025/1524/2299 838/1542/2301 820/1544/2300
f 812/1130/2302 695/899/1533 802/1570/1535
s 0
f 191/1571/2303 189/229/2303 1055/228/2303
f 179/203/2304 178/205/2304 1055/228/2304
s 1
f 1063/1572/2305 178/205/2306 1062/1573/2307
s 0
f 1062/1573/2308 178/205/2308 195/224/2308
f 1063/1574/2309 180/217/2309 193/219/2309
f 1056/1575/2310 811/1063/2310 795/1065/2310
s 1
f 1054/1576/2311 812/1130/2302 802/1570/1535
f 802/1142/2312 1050/258/2312 1054/1577/2312
s 0
f 1050/258/2313 191/1578/2313 1054/1577/2313
s 1
f 1055/228/2314 178/205/2315 1063/1572/2316
f 177/233/211 181/232/207 1066/1579/2317
s 0
f 1115/1580/2318 811/1063/2318 1056/1575/2318
f 1059/1581/2319 1057/1582/2319 1058/1583/2319
f 1055/1584/2320 1059/1581/2320 1064/1585/2320
f 195/224/2321 177/233/2321 1062/1573/2321
f 1062/1573/2322 177/233/2322 1057/1586/2322
s 1
f 190/1587/2323 1063/1572/2324 1062/1573/2307
s 0
f 750/1147/2325 820/1149/2325 1038/1588/2325
s 1
f 820/1589/2326 1035/1590/2327 1117/1591/2328
f 1117/1591/2328 1035/1590/2327 1036/1592/2329
f 1056/1575/2330 795/1065/2331 165/1593/2332
f 1053/1594/2333 790/1595/2334 1054/1596/2335
s 0
f 1057/1582/2336 1059/1581/2336 1055/1584/2336
f 1055/1584/2337 1064/1585/2337 176/201/2337
f 1058/1597/2338 1057/1598/2338 1065/1599/2338
f 1064/1585/2339 1057/1598/2339 177/202/2339
s 1
f 185/235/2340 194/1600/2341 169/1552/2342
s 0
f 1115/1601/2343 1056/1602/2343 1038/1603/2343
s 1
f 1117/1604/2344 1036/1605/2345 1024/1539/2346
s 0
f 1037/1538/2347 750/1147/2347 1038/1588/2347
f 1066/1606/2348 181/220/2348 190/222/2348
f 1067/1607/2349 193/219/2349 185/235/2349
s 1
f 213/1608/2350 811/1063/2351 1115/1580/2352
f 1117/1604/2344 1024/1539/2346 1037/1538/2353
f 790/1595/2334 1053/1594/2333 795/1065/2354
s 0
f 790/1595/2355 812/1609/2355 1054/1596/2355
f 1068/200/2356 177/202/2356 1086/1610/2356
f 176/201/2357 1064/1585/2357 177/202/2357
f 1062/1573/2358 1057/1586/2358 1066/1611/2358
f 1066/1612/2359 1057/1613/2359 1055/1614/2359
f 1063/1574/2360 193/219/2360 1067/1607/2360
f 1140/1615/2361 176/1616/2361 170/196/2361
f 170/196/2362 176/1616/2362 172/198/2362
f 173/1617/2363 1068/1618/2363 1086/1619/2363
f 1086/1620/2364 172/1621/2364 1217/1622/2364
s 1
f 173/199/2365 171/197/2366 174/1623/2367
f 177/1624/211 173/1625/2368 1084/1626/2369
f 173/1627/2365 174/1628/2367 175/1629/2370
s 0
f 1085/1630/2371 174/1631/2371 170/196/2371
f 190/1587/2372 1062/1573/2372 1066/1611/2372
s 1
f 185/235/2340 169/1552/2342 1067/1607/2373
s 0
f 169/1552/2374 1036/1550/2374 1115/1632/2374
f 1036/1592/2375 1035/1590/2375 1115/1580/2375
s 1
f 1038/1603/2376 1056/1602/2330 168/1633/2377
s 0
f 165/1593/2378 795/1065/2378 1088/1634/2378
f 1114/1635/2379 786/1107/2379 819/1636/2379
f 838/1159/2380 1047/1565/2380 1033/1540/2380
s 1
f 1010/1414/2381 1017/1499/2244 1030/1507/2246
f 822/1143/2382 167/1637/2383 168/1633/2384
f 754/1071/1524 814/1638/1340 677/867/1400
f 782/698/1671 1213/1153/1670 815/1133/2385
f 793/1639/2386 798/1640/2387 1073/1641/2388
s 0
f 1044/1642/2389 1041/1643/2389 1074/1644/2389
s 1
f 833/1154/1673 807/1100/1568 788/915/1309
f 164/1645/2390 218/1122/2391 1075/1121/2392
s 0
f 835/877/2393 678/878/2393 1294/1124/2393
s 1
f 1046/981/2394 740/966/2395 1130/1156/2396
f 1130/261/1674 1216/1155/1676 161/1646/2397
s 0
f 1130/1156/2398 755/916/2398 1193/1647/2398
f 1078/1648/2399 1080/1649/2399 1076/1650/2399
f 1078/1651/2400 144/1652/2400 1079/1653/2400
f 1078/1651/2401 1079/1653/2401 1081/1654/2401
f 1076/1650/2402 144/1655/2402 1078/1648/2402
f 1081/1654/2403 1076/1650/2403 1080/1649/2403
f 1078/1651/2404 1081/1654/2404 1083/1656/2404
f 1080/1657/2405 1082/1125/2405 1083/1658/2405
f 1081/1654/2406 1080/1649/2406 1083/1656/2406
f 1110/1659/2407 1080/1660/2407 1078/1651/2407
f 1082/1125/2408 1080/1657/2408 1110/1661/2408
f 1078/1651/2409 1083/1656/2409 1110/1659/2409
f 1086/1620/2410 177/1662/2410 172/1621/2410
s 1
f 1055/1663/2411 1162/1664/2412 166/1665/2413
s 0
f 166/1665/2414 1162/1664/2414 1060/1666/2414
f 1060/1667/2415 1058/1668/2415 1066/1612/2415
f 1066/1669/2416 1058/1670/2416 1065/1671/2416
s 1
f 1065/1599/2417 1057/1598/2418 1064/1585/2419
s 0
f 1059/1672/2420 1058/1668/2420 1060/1667/2420
s 1
f 1069/1673/2421 213/1608/2350 1115/1580/2352
s 0
f 1118/1674/2422 1087/1675/2422 1135/1676/2422
s 1
f 1117/1604/2423 1037/1538/2424 1087/1675/2425
s 0
f 1037/1538/2426 1038/1588/2426 1087/1675/2426
f 819/1636/2427 1047/1677/2427 1114/1635/2427
f 1047/1678/2428 742/1141/2428 1114/1566/2428
s 1
f 1056/1602/2330 165/1679/2332 168/1633/2377
s 0
f 795/1065/2429 1053/1594/2429 1088/1634/2429
f 197/1421/2430 1091/1536/2430 1029/1419/2430
s 1
f 1103/1500/2182 1134/1510/2186 1104/1680/2431
s 0
f 1135/1551/2432 169/1552/2432 1116/1681/2432
f 212/1682/2433 1089/1683/2433 1088/1684/2433
f 1016/1685/2434 1031/1686/2434 1096/1687/2434
s 1
f 1032/1537/2248 1101/1514/2209 1100/1688/2435
f 1135/1523/2236 1009/1430/2061 1024/1519/2216
f 1092/209/2436 181/211/207 186/226/209
s 0
f 165/1593/2437 1088/1634/2437 1105/1689/2437
s 1
f 1053/1594/2438 212/1690/2439 1088/1634/2440
f 1164/1569/2294 1048/1568/2292 840/1494/2159
f 1100/1688/2435 1101/1514/2209 1106/1691/2441
f 1102/1692/2442 1101/1514/2209 1049/1518/2215
f 210/1150/2443 822/1143/2382 168/1633/2384
s 0
f 168/1693/2444 165/1694/2444 1105/1695/2444
s 1
f 1114/1635/2445 1089/1106/1581 786/1107/1580
s 0
f 1099/1533/2446 846/1407/2446 1094/1534/2446
s 1
f 1031/1686/2447 1016/1685/2195 1015/1495/2448
s 0
f 1038/1603/2449 168/1633/2449 167/1637/2449
s 1
f 724/900/2450 752/999/2451 214/1089/2452
s 0
f 721/1696/2453 831/1697/2453 1126/1698/2453
s 1
f 789/1062/2454 834/1699/2455 1223/1700/2456
s 0
f 1140/1701/2457 1083/1658/2457 1082/1125/2457
f 1066/1612/2458 1055/1614/2458 1060/1667/2458
f 1060/1667/2459 1055/1614/2459 1111/1702/2459
s 1
f 1111/1703/2460 1055/1663/2411 166/1665/2413
s 0
f 166/1665/2461 1060/1666/2461 1065/1704/2461
f 1060/1666/2462 1111/1705/2462 1065/1704/2462
f 1111/1703/2463 1066/1669/2463 1065/1671/2463
f 166/1665/2464 1065/1704/2464 1178/1706/2464
s 1
f 1178/1706/2465 1065/1704/2466 1184/1707/2467
s 0
f 1162/1708/2468 1055/1709/2468 1067/1710/2468
f 213/1608/2469 1069/1673/2469 1112/1711/2469
f 820/1149/2470 1115/1712/2470 1038/1588/2470
s 1
f 1116/1681/2471 169/1552/2342 194/1600/2472
s 0
f 186/206/2473 189/212/2473 191/1713/2473
f 1115/1580/2474 1035/1590/2474 1069/1673/2474
s 1
f 1035/1553/2269 213/1108/1644 1112/1714/2475
s 0
f 1112/1711/2476 1069/1673/2476 169/1715/2476
s 1
f 1118/1674/2477 1135/1676/2478 1116/1716/2479
f 194/231/2480 1092/209/2481 186/226/2482
s 0
f 1050/1717/2483 209/1718/2483 168/1633/2483
f 209/1718/2484 210/1150/2484 168/1633/2484
s 1
f 1117/1604/2485 1087/1675/2425 1118/1674/2486
s 0
f 1035/1719/2487 1112/1720/2487 1120/1721/2487
s 1
f 1115/1632/2488 820/1722/2488 1117/1723/2488
s 0
f 169/1724/2489 1069/1725/2489 1120/1721/2489
f 1120/1721/2490 1069/1725/2490 1035/1719/2490
s 1
f 186/226/2482 191/1726/2491 194/231/2480
s 0
f 168/1693/2492 1105/1695/2492 1121/1727/2492
f 1088/1684/2493 1393/1728/2493 1105/1729/2493
s 1
f 1112/1720/2494 1116/1730/2495 1119/1731/2496
s 0
f 1119/1732/2497 1118/1733/2497 1120/1734/2497
f 1119/1731/2498 1120/1721/2498 1112/1720/2498
f 169/1735/2499 1120/1736/2499 1093/1737/2499
f 1112/1738/2500 169/1739/2500 1038/1740/2500
f 1115/1632/2501 1117/1723/2501 1118/1741/2501
s 1
f 1116/1742/2502 194/1743/2503 1119/1744/2504
s 0
f 1050/1745/2505 168/1693/2505 1121/1727/2505
f 169/1552/2506 1115/1632/2506 1119/1746/2506
s 1
f 191/1747/2491 1050/1745/2507 1121/1727/2508
f 1038/1740/2509 1121/1727/2510 1112/1738/2511
s 0
f 1119/1746/2512 1115/1632/2512 1118/1741/2512
s 1
f 1119/1744/2513 194/1743/2480 1121/1748/2508
f 194/1749/2480 191/1747/2491 1121/1727/2508
s 0
f 1087/1750/2514 1119/1744/2514 1121/1748/2514
f 1119/192/2515 1087/1751/2515 1038/193/2515
f 787/1078/2516 1186/1752/2516 757/1079/2516
s 1
f 158/1753/2517 713/1090/2518 1107/1554/2519
s 0
f 1175/1754/2520 798/1755/2520 1041/1756/2520
s 1
f 1041/1756/2277 1043/1757/2276 1137/1758/2521
s 0
f 1108/1759/2522 1041/1643/2522 798/1760/2522
f 739/1556/2523 1044/1559/2523 806/1761/2523
f 1126/1698/2524 831/1697/2524 1127/1762/2524
s 1
f 218/1763/2525 834/1764/2526 789/1765/2527
f 755/916/2528 776/967/2529 1193/1647/2528
s 0
f 1193/1766/2530 776/1126/2530 1082/1125/2530
s 1
f 801/1073/2531 1131/1767/2532 778/1074/2533
f 1055/1768/2534 176/1769/2535 191/1770/2536
s 0
f 174/1623/2537 171/197/2537 1084/1771/2537
f 1084/1771/2538 171/197/2538 172/198/2538
f 1086/195/2539 1085/1630/2539 170/196/2539
f 1060/1772/2540 1162/1708/2540 1132/1773/2540
f 169/1735/2541 1093/1737/2541 1099/1774/2541
s 1
f 981/1314/2062 1022/1443/2542 1164/1569/2294
f 1029/1419/2543 1091/1536/2543 1255/1775/2543
f 1275/1776/2544 163/1777/2545 1153/1778/2546
s 0
f 1087/1750/2547 1121/1748/2547 167/1637/2547
s 1
f 775/1116/1668 1070/1152/2548 774/1779/2549
s 0
f 774/1779/2550 1070/1152/2550 772/1780/2550
s 1
f 798/1640/2387 1125/1781/2551 1073/1641/2388
s 0
f 1175/1754/2552 1041/1756/2552 1137/1758/2552
f 1043/1757/2553 1044/1642/2553 1137/1758/2553
f 1074/1644/2554 1041/1643/2554 1108/1759/2554
s 1
f 798/1760/2555 739/1782/2556 1108/1759/2557
s 0
f 1138/1783/2558 1137/1784/2558 1129/1562/2558
f 1138/1783/2559 1129/1562/2559 721/1561/2559
f 1110/1785/2560 1083/1658/2560 1140/1701/2560
s 1
f 191/1770/2536 176/1769/2535 1140/1786/2561
s 0
f 1140/1701/2562 1082/1125/2562 1146/1787/2562
s 1
f 212/1690/2439 1053/1594/2438 1054/1596/2563
s 0
f 1145/1788/2564 808/1127/2564 748/1103/2564
f 778/1074/2565 1145/1788/2565 748/1103/2565
s 1
f 1141/1789/2566 778/1074/2567 1131/1767/2568
s 0
f 1054/1790/2569 191/1770/2569 1140/1786/2569
f 1131/1791/2570 212/1690/2570 1054/1596/2570
s 1
f 808/1127/2571 1146/1787/2572 1082/1125/2573
s 0
f 1131/1791/2574 1054/1596/2574 1141/1792/2574
s 1
f 1054/1790/2575 1140/1786/2576 1146/1793/2577
f 778/1074/2578 1141/1789/2579 1145/1788/2580
f 1145/1788/2581 1146/1787/2572 808/1127/2571
s 0
f 1141/1792/2582 1054/1596/2582 1143/1794/2582
s 1
f 1143/1794/2583 1054/1596/2575 1146/1795/2577
f 1148/1796/2584 1141/1797/2585 1143/1798/2586
s 0
f 1141/1797/2587 1148/1796/2587 1145/1799/2587
f 1146/1800/2588 1145/1801/2588 1150/1802/2588
f 1145/1799/2589 1148/1796/2589 1150/1803/2589
f 1151/1804/2590 1148/1796/2590 162/1805/2590
s 1
f 1148/1796/2584 1143/1798/2586 162/1805/2591
s 0
f 1150/1803/2592 1148/1796/2592 1151/1804/2592
f 162/1805/2593 1143/1798/2593 1152/1806/2593
f 1151/1804/2594 162/1805/2594 1098/1807/2594
f 1143/1798/2595 1146/1800/2595 1152/1806/2595
s 1
f 1031/1686/2596 1179/1808/2597 1201/1809/2598
f 1133/1810/2599 163/1777/2600 1275/1776/2544
s 0
f 813/1151/2601 1123/1811/2601 751/917/2601
s 1
f 1186/1752/2602 787/1078/2602 823/1109/2602
s 0
f 823/1109/2603 214/1089/2603 1186/1752/2603
s 1
f 214/1089/2452 1210/1812/2604 1186/1752/2605
f 752/999/2451 824/1113/2606 214/1089/2452
f 1070/1813/2607 814/1638/2608 148/1814/2609
f 815/1133/2385 1213/1153/1670 1356/1815/2610
f 1356/1815/2611 1213/1153/2612 1136/1816/2613
f 1213/1153/2612 519/822/1610 1189/1119/1612
s 0
f 1127/1762/2614 831/1697/2614 1128/1817/2614
f 1234/1818/2615 1137/1784/2615 1138/1783/2615
s 1
f 832/1135/2616 794/1098/1566 799/1072/1614
f 784/914/1632 832/1135/1631 799/1072/2617
f 818/260/2618 836/259/2619 1139/1819/2620
s 0
f 175/1629/2621 174/1628/2621 1085/1820/2621
s 1
f 173/1625/2368 177/1624/211 1184/1821/2622
f 1184/1821/2622 177/1624/211 1066/1822/2317
f 1066/1669/2623 1111/1703/2624 166/1665/2625
s 0
f 1059/1823/2626 1060/1772/2626 1132/1773/2626
s 1
f 1055/1709/2314 1063/1824/2316 1067/1710/2627
f 1154/1825/2628 1103/1500/2629 1104/1680/2630
f 1121/1748/2510 1038/1603/2631 167/1637/2632
s 0
f 167/1637/2633 822/1143/2633 802/1142/2633
f 813/1151/2634 710/953/2634 1157/1826/2634
f 772/1780/2635 1070/1152/2635 148/1827/2635
f 1137/1758/2636 1044/1642/2636 1074/1644/2636
s 1
f 1159/1828/2637 739/1556/2638 806/1761/2639
s 0
f 160/1829/2640 159/1830/2640 806/1831/2640
f 831/1560/2641 1129/1562/2641 1128/1832/2641
s 1
f 1214/1833/2642 807/1100/2643 833/1154/2644
s 0
f 1351/1834/2645 1165/1835/2645 1253/1836/2645
s 1
f 1165/1835/2646 1215/1837/2647 1253/1836/2648
f 1351/1834/2649 1253/1836/2650 1237/1838/2651
f 1177/1839/2652 1215/1837/2647 1165/1835/2653
s 0
f 1167/1840/2654 1351/1834/2654 1237/1838/2654
f 1084/1771/2655 172/198/2655 177/1841/2655
f 1152/1806/2656 1146/1800/2656 1150/1802/2656
f 163/1777/2657 1133/1810/2657 1170/1842/2657
s 1
f 1202/1843/2658 1101/1514/2209 1102/1692/2442
f 1049/1518/2215 1219/1844/2659 1102/1692/2442
s 0
f 751/917/2660 1123/1811/2660 1220/905/2660
f 1220/905/2661 1123/1811/2661 1156/1845/2661
f 710/953/2662 757/1846/2662 1157/1826/2662
f 1186/1847/2663 1210/1848/2663 1279/1849/2663
s 1
f 158/1850/2664 1279/1849/2665 1172/1851/2666
f 780/1080/1538 726/1003/1438 1187/1852/2667
f 783/1555/2668 1189/1119/2669 714/823/2670
f 739/1556/2671 1159/1828/2672 1309/1853/2673
f 1159/1828/2637 806/1761/2639 1174/1854/2674
s 0
f 1126/1698/2675 1127/1762/2675 147/1855/2675
f 806/1761/2676 159/1856/2676 1174/1854/2676
f 806/1831/2677 721/1696/2677 1126/1698/2677
s 1
f 1174/1857/2678 159/1830/2679 160/1829/2680
s 0
f 1175/1858/2681 1137/1784/2681 1234/1818/2681
s 1
f 1046/981/2682 1130/1156/2396 161/1859/2683
s 0
f 1177/1839/2684 1165/1835/2684 1272/1860/2684
s 1
f 1066/1669/2623 166/1665/2625 1178/1706/2685
s 0
f 1066/1861/2686 1178/1862/2686 1162/1708/2686
s 1
f 1178/1706/2465 1184/1707/2467 1067/1863/2687
s 0
f 1184/1864/2688 1066/1861/2688 1067/1710/2688
f 1066/1861/2689 1162/1708/2689 1067/1710/2689
s 1
f 1164/1569/2294 1022/1443/2542 1034/1865/2690
f 1029/1419/2164 1255/1775/2691 1015/1495/2162
s 0
f 1255/1866/2692 1091/1867/2692 163/1868/2692
f 1180/1869/2693 1696/1870/2693 1683/1871/2693
s 1
f 1353/1872/2694 1180/1873/2695 163/1874/2696
f 1683/1871/2697 1353/1872/2698 163/1874/2699
f 163/1874/2699 1170/1875/2700 1683/1871/2697
f 163/1868/2696 1180/1869/2701 1255/1866/2702
f 1180/1869/2703 1683/1871/2704 1170/1875/2705
f 1154/1825/2706 1097/1529/2707 1103/1500/2629
f 1229/1876/2708 813/1151/2708 1157/1826/2708
f 1187/1852/2667 726/1003/1438 1124/1144/2709
s 0
f 775/264/2710 774/1877/2710 796/1878/2710
f 772/1879/2711 148/1880/2711 1182/1057/2711
f 1073/1641/2712 1125/1781/2712 1108/1881/2712
s 1
f 1126/1698/2713 147/1855/2713 1129/1882/2713
f 1138/1783/2714 721/1561/2715 1214/1883/2716
f 1235/1884/2717 1223/1885/2718 1183/1886/2719
f 1139/1819/2620 836/259/2720 151/1887/2721
s 0
f 1081/1654/2722 1079/1653/2722 1076/1650/2722
s 1
f 1065/1599/2417 1064/1585/2419 1184/1888/2723
f 1099/1889/2724 1098/1807/2725 1152/1806/2726
f 1200/180/177 1094/182/179 1095/1890/2289
f 1180/1869/2703 1170/1875/2705 1255/1866/2727
f 167/1891/2728 802/1066/1521 1039/1088/1421
s 0
f 1279/1849/2729 158/1850/2729 1221/1892/2729
s 1
f 752/999/2730 220/279/2731 824/1113/2732
f 158/1850/2733 1222/1893/2734 1221/1892/2735
f 158/1753/2517 1107/1554/2519 1212/1894/2736
f 1258/1895/2737 783/979/2738 1072/980/2274
s 0
f 1160/1101/2739 1161/1136/2739 826/1102/2739
s 1
f 1216/1896/2740 1237/1897/2741 161/1898/2742
f 1253/1836/2743 1215/1837/2744 1432/1899/2745
f 1167/1900/2746 1237/1897/2747 1216/1896/2748
s 0
f 1079/1653/2749 836/259/2749 156/1901/2749
f 1192/1902/2750 836/259/2750 1193/1563/2750
f 1076/1650/2751 1084/1903/2751 144/1655/2751
f 156/1901/2752 836/259/2752 1192/1902/2752
f 170/196/2753 174/1631/2753 1084/1904/2753
f 1076/1650/2754 1079/1653/2754 156/1901/2754
f 1193/1766/2755 1082/1125/2755 1110/1661/2755
f 1193/1905/2756 1110/1785/2756 1140/1701/2756
s 1
f 170/196/2757 1084/1904/2758 1140/1615/2759
s 0
f 156/1906/2760 1192/1907/2760 1295/1908/2760
s 1
f 155/186/2761 1191/188/2761 1194/1909/2761
s 0
f 156/1906/2762 1194/1909/2762 1191/188/2762
s 1
f 1193/1905/2763 1140/1701/2759 154/1910/2764
s 0
f 1192/187/2765 1193/1911/2765 1191/188/2765
s 1
f 1140/1701/2759 1084/1912/2758 154/1910/2764
f 1076/1650/2766 156/1901/2767 1191/1913/2768
s 0
f 154/1914/2769 175/1915/2769 1193/1916/2769
s 1
f 1084/1903/2770 1076/1650/2766 1191/1913/2768
f 1084/1912/2770 1191/1917/2768 154/1910/2771
s 0
f 1193/1916/2772 1198/1918/2772 1191/1919/2772
s 1
f 1198/1918/2773 1193/1916/2773 175/1915/2773
s 0
f 1197/1920/2774 154/1921/2774 1191/1919/2774
f 1197/1920/2775 1191/1919/2775 1198/1918/2775
s 1
f 175/1922/2776 154/1921/2776 1197/1920/2776
s 0
f 1162/1708/2777 1178/1862/2777 1132/1773/2777
s 1
f 1067/1607/2373 169/1552/2342 1238/1923/2778
s 0
f 1098/1807/2779 162/1805/2779 1152/1806/2779
s 1
f 1030/1507/2243 1096/1541/2256 1273/1528/2242
s 0
f 1096/1687/2780 1031/1686/2780 1201/1809/2780
s 1
f 1179/1808/2781 153/1924/2782 1254/1925/2783
f 153/1924/2782 1179/1808/2781 1031/1686/2596
f 1031/1686/2784 1015/1495/2785 1255/1775/2786
f 1276/1926/2787 1153/1927/2788 163/1868/2789
f 1219/1844/2790 1049/1518/2295 1097/1529/2234
s 0
f 757/1846/2791 1186/1928/2791 1240/1929/2791
s 1
f 1172/1851/2666 1279/1849/2665 1210/1848/2792
s 0
f 824/1113/2793 713/919/2793 158/1930/2793
s 1
f 1210/1812/2604 214/1089/2452 824/1113/2606
f 824/1931/2794 158/1850/2664 1172/1851/2666
s 0
f 1211/1932/2795 1210/1812/2795 824/1113/2795
f 1172/1851/2796 1210/1848/2796 1212/183/2796
f 1212/183/2797 1210/1848/2797 1211/1933/2797
f 1211/1934/2798 824/1931/2798 1172/1851/2798
s 1
f 793/965/1549 1242/1134/1630 797/1084/1550
s 0
f 1309/1853/2799 1159/1828/2799 1127/1935/2799
s 1
f 160/1829/2800 806/1831/2801 157/1936/2802
f 721/1099/1567 794/1098/1566 1214/1833/2803
f 1214/1833/2803 794/1098/1566 832/1135/2616
f 1302/1937/2804 789/1062/2454 1190/1938/2805
f 1223/1939/2718 834/1764/2806 1183/1940/2719
f 218/1763/2525 164/1941/2807 834/1764/2526
f 164/1645/2390 1075/1121/2392 1445/1942/2808
f 1046/981/2809 161/1859/2810 826/1102/2811
s 0
f 1132/1943/2812 1178/1944/2812 1067/1607/2812
s 1
f 1133/1810/2813 1181/1945/2814 131/1946/2815
f 163/1868/2789 1091/1867/2816 1276/1926/2787
f 1286/1947/2817 1101/1514/2209 1202/1843/2658
s 0
f 1222/1948/2818 158/1949/2818 1212/1950/2818
f 1212/183/2819 152/185/2819 1172/1851/2819
f 1211/1934/2820 1172/1851/2820 152/185/2820
f 775/264/2821 796/1878/2821 825/1002/2821
f 796/1878/2822 774/1877/2822 1071/1951/2822
s 1
f 798/1952/2823 1175/1953/2823 1125/1954/2823
f 1138/1783/2714 1214/1883/2716 1234/1818/2824
f 1190/1938/2805 789/1062/2454 1223/1700/2456
f 1237/1955/2825 826/1102/2811 161/1859/2810
f 1426/189/182 1090/191/184 196/1567/2826
f 1385/1956/2827 1164/1569/2828 1034/1865/2829
f 1255/1775/2786 153/1924/2830 1031/1686/2784
f 1032/1537/2248 1100/1688/2435 1439/1957/2831
s 0
f 1154/1825/2832 1104/1680/2832 1244/1958/2832
f 1135/1676/2833 1087/1675/2833 167/1959/2833
f 167/1891/2834 1039/1088/2834 1135/1960/2834
f 1156/1845/2835 1226/1961/2835 1220/905/2835
f 1123/1811/2836 813/1151/2836 1156/1845/2836
f 774/1059/2837 1182/1057/2837 148/1880/2837
s 1
f 148/1814/2609 814/1638/2608 1188/1962/2838
s 0
f 1127/1963/2839 1301/1964/2839 1309/1965/2839
f 1128/1966/2840 1129/1882/2840 147/1855/2840
f 1129/1562/2841 1233/1967/2841 1234/1968/2841
f 1129/1562/2842 1137/1784/2842 1233/1967/2842
s 1
f 1074/1644/2843 1301/1964/2844 1137/1758/2845
s 0
f 1074/1644/2846 1108/1759/2846 1125/1954/2846
s 1
f 832/1135/2847 807/1100/2643 1214/1833/2642
f 833/1154/2848 789/1062/2454 1302/1937/2804
f 1261/1969/2849 1176/1970/2850 834/1764/2851
f 826/1971/2811 1237/1972/2825 1236/1973/2852
s 0
f 173/1627/2853 175/1629/2853 1197/1974/2853
s 1
f 169/1975/2854 1099/1889/2724 1152/1806/2855
f 1238/1976/2856 1152/1806/2857 1150/1802/2858
f 1150/1803/2859 1151/1804/2860 1238/1977/2861
f 1094/182/179 146/181/178 1099/1889/2862
f 1491/1978/2863 1095/1516/2864 1090/191/2865
s 0
f 1133/1810/2866 131/1946/2866 1264/1979/2866
s 1
f 1106/1691/2441 1101/1514/2209 1286/1947/2817
f 1102/1692/2442 1219/1844/2659 1202/1843/2658
s 0
f 1249/1980/2867 149/1981/2867 1267/1982/2867
f 1071/272/2868 1070/1093/2868 796/1983/2868
s 1
f 754/1071/1524 1188/1962/2869 814/1638/1340
f 1188/1962/2870 754/1071/1524 815/1133/1628
f 739/1984/2671 1309/1985/2673 150/1986/2871
s 0
f 1215/1837/2872 1177/1839/2872 1361/1987/2872
s 1
f 1167/1900/2873 1216/1896/2874 1459/138/2875
f 836/259/2876 1079/1653/2877 151/1887/2878
f 1084/1988/2369 173/1627/2368 1197/1974/2879
f 1254/1925/2880 1201/1809/2598 1179/1808/2597
f 1170/1842/2881 1133/1810/2882 1264/1979/2883
s 0
f 1157/1826/2884 757/1846/2884 1240/1929/2884
s 1
f 779/1067/1522 780/1080/1651 1187/1852/2885
s 0
f 1251/1989/2886 825/1002/2886 796/1878/2886
f 1071/1990/2887 774/1059/2887 148/1880/2887
f 148/1991/2888 796/1992/2888 805/1993/2888
f 148/1991/2889 805/1993/2889 1251/1994/2889
f 1071/1990/2890 148/1880/2890 1251/1995/2890
f 783/1555/2891 1258/1996/2891 1232/1997/2891
s 1
f 1073/1641/2388 1108/1881/2557 1259/1998/2892
f 1127/1935/2893 1159/1828/2893 147/1999/2893
s 0
f 1361/1987/2894 1177/1839/2894 1272/1860/2894
f 1198/2000/2895 175/2001/2895 1085/2002/2895
f 1217/1622/2896 172/1621/2896 1384/2003/2896
s 1
f 1132/1943/2897 1067/1607/2373 1238/1923/2778
s 0
f 145/2004/2898 146/2005/2898 1200/2006/2898
s 1
f 196/1567/2290 1048/1568/2292 1164/1569/2899
s 0
f 1266/2007/2900 1222/1893/2900 149/2008/2900
s 1
f 1250/2009/2901 1212/1950/2902 1211/2010/2903
s 0
f 1251/2011/2904 805/1118/2904 825/2012/2904
s 1
f 1251/2013/2905 796/1992/2906 1269/2014/2907
f 1269/2014/2907 796/1992/2906 148/1991/2908
f 1301/1964/2909 1127/1963/2910 1233/2015/2911
f 1127/2016/2910 1128/2017/2912 1233/2018/2911
f 826/1971/2811 1236/1973/2852 1160/2019/2913
f 155/2020/2914 1198/2000/2915 1085/2002/2916
s 0
f 1217/1622/2917 1085/2021/2917 1086/1620/2917
f 173/1617/2918 1184/2022/2918 1068/1618/2918
f 1184/1888/2919 1064/1585/2919 1059/1581/2919
s 1
f 1238/1977/2920 1151/1804/2860 1098/1807/2921
f 1164/1569/2828 1385/1956/2827 196/1567/2922
f 131/1946/2815 1181/1945/2814 1363/2023/2923
f 1156/1845/2924 813/1151/2925 1229/1876/2926
f 142/2024/2927 1278/2025/2928 1240/2026/2929
f 1221/1892/2735 1222/1893/2734 1380/2027/2930
s 0
f 141/2028/2931 137/2029/2931 149/2008/2931
s 1
f 1291/2030/2932 152/2031/2933 1292/2032/2934
f 1189/1119/2669 783/1555/2668 1232/1997/2935
f 1260/2033/2936 1159/1828/2937 1174/1854/2678
f 1214/1833/2938 833/1154/2848 1302/1937/2804
f 1183/1940/2939 834/1764/2940 1176/1970/2941
f 1609/2034/2942 1261/2035/2943 1281/179/2944
s 0
f 1359/177/2945 1281/179/2945 1261/2035/2945
s 1
f 1294/1123/2946 1475/2036/2947 1075/1121/2948
s 0
f 1262/2037/2949 1236/1973/2949 1263/2038/2949
f 1404/2039/2950 199/239/2950 200/243/2950
f 200/243/2951 198/242/2951 1404/2039/2951
s 1
f 144/237/216 1084/2040/2952 198/238/217
s 0
f 1384/2003/2953 172/1621/2953 176/2041/2953
s 1
f 1384/2042/2954 176/2043/2954 1068/1618/2954
f 1491/1978/2863 1200/2044/2955 1095/1516/2864
s 0
f 1096/1687/2956 1201/1809/2956 1412/2045/2956
s 1
f 1135/1523/2224 1134/1502/2186 877/1189/1721
f 1220/905/2957 1226/1961/2958 1287/2046/2959
f 1156/1845/2924 1229/1876/2926 1297/2047/2960
s 0
f 1229/1876/2961 1157/1826/2961 1240/1929/2961
s 1
f 1288/2048/2962 142/2024/2927 1240/2026/2929
f 1289/2049/2963 1240/2026/2964 1186/2050/2965
s 0
f 1266/2007/2966 149/2008/2966 137/2029/2966
f 141/2028/2967 149/2008/2967 1249/2051/2967
f 1292/2052/2968 1249/2053/2968 1267/2054/2968
s 1
f 1473/2055/2969 141/2056/2970 1249/2057/2971
f 1249/2057/2971 1279/2058/2972 1473/2055/2969
s 0
f 1380/2027/2973 1222/1893/2973 140/2059/2973
f 1266/2060/2974 137/2061/2974 1290/2062/2974
s 1
f 1212/1950/2975 1250/2009/2976 1222/1948/2977
s 0
f 152/2031/2978 1268/2063/2978 1292/2032/2978
s 1
f 825/2012/2979 805/1118/2980 1071/272/2981
f 1242/1134/1630 1258/1895/2737 1072/980/2274
f 160/1829/2982 157/1936/2983 1174/1857/2678
f 151/1887/2984 1079/1653/2985 102/164/2986
s 0
f 1404/2039/2987 144/237/2987 199/239/2987
s 1
f 1198/1918/2988 155/2064/2989 1197/1920/2990
f 1197/1920/2990 155/2064/2989 1194/2065/2991
s 0
f 1098/1807/2992 1099/1889/2992 1238/1977/2992
s 1
f 1238/1977/2993 1099/1889/2862 146/181/178
f 1405/2066/2994 1426/189/182 196/1567/2826
f 1034/1526/2229 1273/1528/2231 1385/2067/2995
f 1170/1842/2881 1264/1979/2883 1274/2068/2996
f 1181/1945/2814 1133/1810/2813 1275/1776/2997
s 0
f 1229/1876/2998 1240/1929/2998 1278/2069/2998
f 1267/2054/2999 141/2070/2999 1292/2052/2999
s 1
f 1222/1893/3000 1266/2007/3001 140/2059/3002
s 0
f 1299/2071/3003 1290/2062/3003 140/2059/3003
f 1290/2062/3004 137/2061/3004 140/2059/3004
f 1268/2072/3005 139/2073/3005 1441/2074/3005
f 1441/2074/3006 139/2073/3006 1291/2030/3006
s 1
f 1250/2075/3007 152/2076/3008 1107/2077/3009
f 779/1067/1522 1187/1852/2885 1300/2078/3010
f 1071/272/2981 1269/2079/3011 825/2012/2979
s 0
f 1071/1990/3012 1251/1995/3012 1269/2080/3012
s 1
f 1356/2081/2611 1136/2082/2613 1409/2083/3013
s 0
f 1159/1828/3014 1260/2033/3014 147/1999/3014
s 1
f 1260/2084/2936 1174/2085/2678 157/2086/2983
s 0
f 806/1831/3015 1126/1698/3015 1302/2087/3015
f 1235/1884/3016 1369/2088/3016 1259/1998/3016
s 1
f 1261/1969/3017 834/1764/3018 164/1941/3019
f 1216/1155/3020 818/260/3021 1139/1819/3022
s 0
f 198/2089/3023 1084/1988/3023 1404/2090/3023
f 1194/1909/3024 156/1906/3024 1295/1908/3024
f 1192/187/3025 155/186/3025 1295/2091/3025
f 145/2004/3026 1200/2006/3026 1296/2092/3026
s 1
f 1363/2023/2923 1181/1945/2814 1283/2093/3027
f 1283/2093/3027 1181/1945/2814 1275/1776/2997
f 1276/2094/3028 1091/2095/2249 1032/1537/2248
f 137/2061/3029 1366/2096/3030 140/2059/3031
s 0
f 141/2097/3032 1290/2062/3032 1299/2071/3032
s 1
f 1299/2071/3033 140/2059/3002 1266/2007/3001
s 0
f 1290/2062/3034 141/2097/3034 1266/2060/3034
s 1
f 1107/1554/2271 779/1067/1522 1300/2078/3010
f 815/1133/2385 1356/1815/2610 1188/1962/3035
f 793/1639/2386 1073/1641/2388 1242/2098/3036
f 1259/1998/2892 1108/1881/2557 739/1984/2556
s 0
f 1301/1964/3037 1233/2015/3037 1137/1758/3037
s 1
f 1233/2018/3038 1128/2017/3039 147/2099/3040
f 1129/1882/3041 1234/2100/3042 1302/2087/3043
f 135/2101/3044 1235/1884/3045 1303/2102/3046
s 0
f 1074/1644/3047 1125/1954/3047 1175/1953/3047
s 1
f 1126/1698/3048 1129/1882/3041 1302/2087/3043
s 0
f 1234/2103/3049 1214/2104/3049 134/2105/3049
s 1
f 1223/1885/3050 1235/1884/3045 135/2101/3044
s 0
f 1175/1858/3051 1234/1818/3051 1233/2106/3051
f 136/2107/3052 147/2099/3052 1260/2084/3052
f 1302/1937/3053 1190/1938/3053 1304/2108/3053
s 1
f 806/1831/2801 1302/2087/3054 157/1936/2802
f 1190/1938/2805 1223/1700/2456 1304/2108/3055
f 739/1984/2556 150/1986/3056 1259/1998/2892
f 1235/1884/3045 1259/1998/3057 1303/2102/3046
f 1301/2109/2844 1074/2110/2843 1320/2111/3058
s 0
f 1310/2112/3059 1260/2084/3059 157/2086/3059
f 150/1986/3060 1309/1985/3060 1259/1998/3060
f 1175/2113/3061 1233/2018/3061 1074/2114/3061
f 136/2107/3062 1260/2084/3062 1310/2112/3062
s 1
f 135/2115/3063 1304/2108/3055 1223/1700/2456
f 1074/2114/3064 1233/2018/3038 147/2099/3040
s 0
f 1316/2116/3065 1074/2114/3065 147/2099/3065
f 1311/2117/3066 1234/2103/3066 134/2105/3066
f 134/2118/3067 133/2119/3067 1317/2120/3067
f 1312/2121/3068 147/2099/3068 136/2107/3068
s 1
f 157/2122/2802 1302/1937/3054 1304/2108/3069
s 0
f 1320/2111/3070 1074/2110/3070 1317/2120/3070
f 1317/2120/3071 133/2119/3071 1313/2123/3071
s 1
f 133/2119/3072 134/2118/3073 1318/2124/3074
s 0
f 134/2125/3075 1214/2126/3075 1302/2127/3075
s 1
f 1312/2121/3076 136/2107/3077 1310/2112/3078
s 0
f 134/2118/3079 1317/2120/3079 1311/2128/3079
s 1
f 132/2129/3080 135/2115/3081 1303/2130/3082
s 0
f 1303/2102/3083 1259/1998/3083 1309/1985/3083
f 1318/2131/3084 1313/2132/3084 133/2133/3084
s 1
f 134/2125/3073 1302/2127/3085 1318/2134/3074
f 1074/2135/3086 1316/2136/3087 1317/2137/3088
f 1304/2108/3089 1310/2138/3090 157/2122/3091
f 1317/2137/3092 1318/2131/3093 1322/2139/3094
s 0
f 1318/2131/3095 1321/2140/3095 1322/2139/3095
f 1321/2141/3096 1316/2136/3096 1322/2142/3096
s 1
f 1318/2131/3097 1317/2137/3088 1316/2136/3087
f 1310/2143/3078 1314/2144/3098 1312/2145/3076
s 0
f 1311/2117/3099 1318/2134/3099 1302/2127/3099
s 1
f 1311/2128/3100 1317/2120/3101 1322/2146/3094
s 0
f 1303/2147/3102 1309/2148/3102 1301/2109/3102
f 1320/2111/3103 1315/2149/3103 1301/2109/3103
f 1315/2149/3104 1320/2111/3104 1317/2120/3104
f 1311/2117/3105 1302/2127/3105 1234/2103/3105
s 1
f 1322/2150/3106 1316/2116/3106 1312/2121/3106
s 0
f 1312/2121/3107 1316/2116/3107 147/2099/3107
s 1
f 1304/2108/3055 135/2115/3063 132/2129/3108
s 0
f 1326/2151/3109 1311/2152/3109 1323/2153/3109
f 1311/2154/3110 1322/2150/3110 1323/2155/3110
f 1312/2145/3111 1314/2144/3111 1311/2152/3111
f 1303/2147/3112 1301/2109/3112 1315/2149/3112
f 1323/2155/3113 1322/2150/3113 1312/2121/3113
s 1
f 1310/2138/3090 1304/2108/3089 1314/2156/3114
f 1315/2157/3115 132/2129/3116 1303/2130/3082
s 0
f 1315/2149/3117 1317/2120/3117 1313/2123/3117
f 1318/2158/3118 1326/2151/3118 1323/2153/3118
f 1318/2159/3119 1311/2152/3119 1325/2160/3119
f 1313/2132/3120 1318/2131/3120 1316/2136/3120
f 1312/2145/3121 1311/2152/3121 1326/2151/3121
f 1318/2159/3122 1325/2160/3122 1326/2161/3122
f 1304/2108/3123 132/2129/3123 1314/2156/3123
f 1315/2149/3124 1313/2123/3124 1324/2162/3124
f 1318/2131/3125 1323/2163/3125 1321/2140/3125
f 1321/2141/3126 1323/2164/3126 1312/2165/3126
s 1
f 1311/2152/3127 1314/2144/3128 1325/2160/3129
f 1313/2132/3130 1316/2136/3131 1326/2166/3132
s 0
f 1316/2136/3133 1321/2141/3133 1326/2166/3133
f 1326/2166/3134 1321/2141/3134 1312/2165/3134
s 1
f 1325/2160/3129 1314/2144/3128 132/2167/3135
s 0
f 1325/2160/3136 132/2167/3136 1315/2168/3136
s 1
f 1327/2169/3137 1324/2162/3138 1313/2123/3139
f 1315/2149/3140 1324/2162/3140 1328/2170/3140
s 0
f 1325/2160/3141 1315/2168/3141 1328/2171/3141
s 1
f 1327/2172/3142 1313/2132/3143 1326/2166/3144
s 0
f 1326/2161/3145 1325/2160/3145 1328/2171/3145
s 1
f 1329/2173/3146 1327/2172/3142 1326/2166/3144
f 1324/2162/3147 1330/2174/3148 1328/2170/3149
f 1324/2162/3138 1327/2169/3137 1330/2174/3150
f 1328/2170/3151 1330/2174/3148 1331/2175/3152
s 0
f 1326/2161/3153 1328/2171/3153 1331/2176/3153
s 1
f 1329/2177/3154 1326/2161/3155 1331/2176/3156
f 1329/2178/3146 1333/2179/3157 1327/2180/3142
f 1330/2181/3150 1327/2180/3137 1338/2182/3158
f 1327/2180/3137 1333/2179/3159 1338/2182/3158
f 1333/2179/3160 1329/2178/3161 1335/2183/3162
f 1334/2184/3163 1338/2182/3158 1333/2179/3159
f 1331/2185/3152 1330/2181/3148 1336/2186/3164
f 1331/2176/3156 1335/2187/3165 1329/2177/3154
s 0
f 1335/2188/3166 1331/2185/3166 1336/2186/3166
s 1
f 1330/2181/3148 1338/2182/3167 1336/2186/3164
f 1334/2184/3168 1333/2179/3169 1337/2189/3170
s 0
f 1337/2189/3171 1333/2179/3171 1335/2183/3171
f 1336/2186/3172 1338/2182/3172 1340/2190/3172
s 1
f 1340/2190/3173 1338/2182/3174 1339/2191/3175
s 0
f 1335/2188/3176 1336/2186/3176 1340/2190/3176
s 1
f 1341/2192/3177 1338/2182/3158 1334/2184/3163
s 0
f 1337/2193/3178 1335/2188/3178 1340/2190/3178
s 1
f 1339/2191/3179 1338/2182/3180 1341/2192/3181
f 1334/2184/3182 1337/2189/3170 1341/2192/3183
f 1342/2194/3184 1337/2193/3185 1340/2190/3186
f 1341/2192/3183 1337/2189/3170 1342/2195/3187
f 1339/2191/3175 1343/2196/3188 1340/2190/3173
f 1341/2192/3183 1342/2195/3187 1346/2197/3189
f 1344/2198/3190 1340/2190/3173 1343/2196/3188
f 1345/2199/3191 1340/2190/3192 1344/2198/3193
f 1346/2197/3189 1342/2195/3187 1345/2200/3194
f 1343/2196/3195 1339/2191/3179 1341/2192/3181
f 1342/2194/3196 1340/2190/3197 1345/2199/3191
s 0
f 1341/2192/3198 1346/2197/3198 1343/2196/3198
s 1
f 1346/2197/3189 1345/2200/3194 1349/2201/3199
s 0
f 1345/2199/3200 1344/2198/3200 1348/2202/3200
f 1343/2196/3201 1346/2197/3201 1349/2201/3201
s 1
f 1350/2203/3202 1348/2202/3203 1344/2198/3190
s 0
f 1345/2200/3204 1348/2204/3204 1383/2205/3204
s 1
f 1359/177/3205 1609/2206/3205 1583/178/3205
f 1458/2207/3206 1360/2208/3207 1160/2019/3208
s 0
f 1262/2037/3209 1458/2207/3209 1236/1973/3209
s 1
f 1361/1987/3210 1432/1899/2745 1215/1837/2744
f 1459/138/3211 1216/1896/2874 1374/139/3212
f 1376/2209/3213 155/2020/3214 1085/2002/2916
s 0
f 1059/2210/3215 1068/1618/3215 1184/2022/3215
s 1
f 1362/2211/3216 1273/1528/3217 1096/1541/3218
f 1352/2212/3219 1275/1776/2544 1153/1778/2546
f 1100/1688/2435 1106/1691/2441 1414/131/3220
f 1219/1844/2790 1097/1529/2234 1415/2213/3221
f 1278/2025/3222 142/2024/3223 1440/2214/3224
f 1298/2215/3225 1440/2214/3224 142/2024/3223
s 0
f 1279/2058/3226 1249/2057/3226 1292/2216/3226
f 137/2217/3227 141/2097/3227 1299/2071/3227
f 1267/2054/3228 1266/2218/3228 141/2070/3228
f 1211/2219/3229 152/2220/3229 139/2221/3229
s 1
f 152/2076/3008 1250/2075/3007 1355/2222/3230
s 0
f 1267/2054/3231 1211/2219/3231 139/2221/3231
f 1267/1982/3232 149/1981/3232 1222/2223/3232
f 1222/2223/3233 1211/2224/3233 1355/2225/3233
s 1
f 1183/1940/3234 1176/1970/2941 1358/2226/3235
s 0
f 1350/2227/3236 1609/2206/3236 1359/177/3236
s 1
f 1075/1121/3237 1475/2036/3238 1445/1942/3239
f 1237/1838/3240 1253/1836/2650 1390/2228/3241
f 1373/2229/3242 1167/2230/3243 1459/2231/3244
s 0
f 1079/1653/3245 144/1652/3245 102/164/3245
s 1
f 146/2005/3246 1085/2232/3247 1217/2233/3248
f 1238/1976/2856 169/1975/3249 1152/1806/2857
f 1412/2045/3250 1201/1809/2598 1254/1925/2880
f 153/1924/3251 1255/1775/3252 1254/1925/2880
f 1353/2234/3253 1153/2235/2788 1276/2236/2787
f 1100/1688/2435 1414/131/3220 1499/2237/3254
s 0
f 1154/1825/3255 1244/1958/3255 1415/2213/3255
f 1244/1958/3256 1104/1680/3256 1415/2213/3256
s 1
f 1386/2238/3257 1104/1680/3258 1134/1510/2186
f 1240/2026/2964 1289/2049/2963 1288/2048/3259
f 1267/1982/3260 1222/2223/3261 1355/2225/3262
f 1258/2239/3263 1488/2240/3264 1410/2241/3265
s 0
f 1488/2240/3266 1258/2239/3266 138/2242/3266
s 1
f 1176/1970/3267 1261/1969/3268 1350/2243/3269
f 1349/2201/3270 1345/2200/3271 1382/2244/3272
f 118/143/3273 1351/1834/3274 1167/1840/3275
f 1139/1819/3022 1461/2245/3276 1216/1155/3020
f 1491/1978/3277 1090/191/184 143/190/183
f 1491/1978/3277 143/190/183 1405/2066/2994
f 1254/1925/2880 1255/1775/3252 1412/2045/3250
f 1276/2094/3028 1032/1537/2248 1439/1957/2831
f 1106/1691/2441 1286/1947/2817 1414/131/3220
f 1226/1961/3278 1156/1845/3279 1248/2246/3280
f 1277/2247/3281 1575/2248/3282 1156/1845/3283
s 0
f 1297/2047/3284 1277/2247/3284 1156/1845/3284
f 1381/2249/3285 1355/2250/3285 1211/2251/3285
s 1
f 1187/1852/2885 1367/2252/3286 1300/2078/3010
f 1124/1144/3287 825/1002/3288 103/2253/3289
s 0
f 1188/1962/3290 1356/1815/3290 148/1814/3290
s 1
f 1213/1153/2612 1270/2254/3291 1136/1816/2613
f 1350/2255/3292 1261/2035/2943 1609/2034/2942
s 0
f 1359/2256/3293 1261/2257/3293 164/1645/3293
f 1262/2037/3294 1263/2038/3294 1446/2258/3294
s 1
f 1237/1972/2825 1263/2038/3295 1236/1973/2852
f 1253/1836/2650 1432/1899/3296 1390/2228/3241
f 1580/2259/3297 1167/2230/3243 1373/2229/3242
f 1406/2260/3298 1405/2066/3299 196/1567/2922
f 1255/1866/3300 1170/1875/3301 1274/2261/3302
f 1464/2262/3303 1286/1947/2817 1202/1843/2658
f 1097/1529/2707 1154/1825/2706 1415/2213/3304
f 1379/2263/3305 1226/1961/3278 1248/2246/3280
f 1389/2264/3306 1387/2265/3307 1388/2266/3308
f 1186/2267/3309 1279/2268/3310 1292/2269/3311
f 1473/2055/3312 1279/2058/3313 1221/2270/3314
f 1299/2271/3033 1266/2218/3001 1267/2054/3315
s 0
f 152/2272/3316 1355/2250/3316 1268/2273/3316
f 1268/2273/3317 1355/2250/3317 1381/2249/3317
s 1
f 1213/1153/2612 1189/1119/1612 1270/2254/3291
s 0
f 1410/2274/3318 1232/1997/3318 1258/1996/3318
s 1
f 1235/1884/3319 1183/1886/2719 1369/2088/3320
f 1345/2200/3271 1383/2205/3321 1382/2244/3272
s 0
f 1348/2275/3322 1350/2227/3322 1359/177/3322
f 1360/2208/3323 1475/2276/3323 1294/2277/3323
s 1
f 1458/2207/3324 1160/2019/2913 1236/1973/2852
s 0
f 1458/2207/3325 1262/2037/3325 1446/2258/3325
s 1
f 107/2278/3326 1084/1988/2369 1197/1974/2879
f 1296/2092/3327 1085/2232/3247 146/2005/3246
f 146/2005/3246 1217/2233/3248 1384/2279/3328
s 0
f 1068/1618/3329 1059/2210/3329 1132/2280/3329
f 146/2005/3330 145/2004/3330 1296/2092/3330
s 1
f 1384/2042/3331 1068/1618/3332 1132/2280/2897
f 1384/2042/3331 1132/2280/2897 1238/2281/2778
s 0
f 146/2005/3333 119/2282/3333 1238/2283/3333
f 146/2005/3334 1384/2279/3334 119/2282/3334
s 1
f 129/176/3335 126/172/3335 1384/174/3335
s 0
f 129/2284/3336 1384/2042/3336 1238/2281/3336
s 1
f 119/2282/170 129/2285/3337 1392/2286/3338
s 0
f 129/2287/3339 1238/2288/3339 1116/1730/3339
f 1238/2283/3340 119/2282/3340 1392/2286/3340
f 1116/2289/3341 1238/2283/3341 1120/1734/3341
f 1114/2290/3342 1093/1737/3342 1120/1736/3342
s 1
f 1118/1733/2477 1116/2289/2479 1120/1734/3343
f 1392/2291/3338 129/2287/3337 1112/1720/3344
f 129/2287/3345 1116/1730/3346 1112/1720/3347
f 1112/1738/3348 1121/1727/3349 1105/1695/3350
f 1089/1683/1581 1114/2290/2445 1392/2292/3351
s 0
f 1392/2292/3352 1114/2290/3352 1120/1736/3352
f 1088/1684/3353 1089/1683/3353 1392/2292/3353
f 1392/2286/3354 1120/1734/3354 1238/2283/3354
f 1392/2292/3355 1393/1728/3355 1088/1684/3355
s 1
f 1392/2291/3356 1112/1720/3348 1105/2293/3350
s 0
f 1105/2294/3357 1393/2295/3357 1395/2296/3357
s 1
f 1393/2297/3358 1392/2298/3359 1398/2299/3360
s 0
f 1392/2300/3361 1105/2294/3361 1395/2296/3361
s 1
f 1396/2301/3362 1393/2297/3358 1398/2299/3360
f 1395/2302/3363 1393/2297/3364 1396/2301/3365
f 1398/2299/3366 1392/2298/3367 1395/2303/3368
f 1399/2304/3369 1396/2301/3362 1398/2299/3360
f 1395/2302/3363 1396/2301/3365 1399/2304/3370
s 0
f 1402/2305/3371 1395/2302/3371 1399/2304/3371
s 1
f 1399/2304/3369 1398/2299/3360 1400/2306/3372
f 1398/2299/3366 1395/2303/3368 1400/2306/3373
f 1395/2303/3368 1402/2307/3374 1400/2306/3373
s 0
f 1399/2304/3375 1401/2308/3375 1403/2309/3375
s 1
f 1401/2308/3376 1399/2304/3369 1400/2306/3377
s 0
f 1399/2304/3378 1403/2309/3378 1402/2305/3378
s 1
f 1400/2306/3373 1402/2307/3374 1401/2308/3379
s 0
f 1402/2307/3380 1404/2310/3380 107/2311/3380
s 1
f 155/2312/3381 1376/2313/3382 1295/2314/3383
f 1405/2066/2994 143/190/183 1426/189/182
s 0
f 1362/2315/3384 1096/1687/3384 1412/2045/3384
s 1
f 1275/1776/2997 1377/2316/3385 130/2317/3386
s 0
f 1415/2213/3387 1104/1680/3387 1386/2238/3387
s 1
f 1287/2046/2959 1226/1961/2958 1407/2318/3388
f 1248/2246/3389 1156/1845/3283 1575/2248/3282
s 0
f 1292/2032/3390 141/2056/3390 1473/2055/3390
s 1
f 1380/2027/3391 140/2059/3031 1366/2096/3030
f 1211/2319/3392 1267/2320/3392 1417/2321/3392
s 0
f 1211/2322/3393 1222/1948/3393 1503/2323/3393
f 1269/2324/3394 148/2325/3394 1356/2081/3394
s 1
f 1270/2254/3395 1189/1119/3396 1232/1997/2935
s 0
f 1258/2239/3397 1444/2326/3397 138/2242/3397
f 1258/2239/3398 1242/2327/3398 1444/2326/3398
s 1
f 1073/1641/2388 1259/1998/2892 1369/2088/3399
f 1350/2203/3400 1344/2198/3190 1343/2196/3188
s 0
f 1294/2277/3401 1160/2019/3401 1360/2208/3401
f 118/143/3402 1432/1899/3402 1361/1987/3402
s 1
f 1406/2260/3298 196/1567/2922 1385/1956/2827
f 1255/1866/3300 1274/2261/3302 1412/2328/3403
s 0
f 1407/2318/3404 1226/1961/3404 1379/2263/3404
f 1297/2047/3405 1229/1876/3405 1278/2069/3405
s 1
f 139/2073/3406 152/2031/2933 1291/2030/2932
s 0
f 137/2329/3407 1299/2271/3407 1267/2054/3407
f 1267/2054/3408 139/2221/3408 1381/2249/3408
f 139/2221/3409 1268/2273/3409 1381/2249/3409
f 1417/2321/3410 1418/2330/3410 1419/2331/3410
f 1420/134/3411 1419/2332/3411 1418/2333/3411
f 1417/2321/3412 1419/2331/3412 1381/2334/3412
f 1420/134/3413 1423/136/3413 1419/2332/3413
f 1381/2334/3414 1211/2319/3414 1417/2321/3414
s 1
f 1267/2320/3260 1355/2222/3262 1417/2321/3415
s 0
f 1417/2321/3416 1355/2222/3416 1250/2075/3416
s 1
f 1250/2335/2901 1211/2322/2903 1503/2323/3417
f 1222/1948/2977 1250/2009/2976 1442/2336/3418
f 825/2337/3419 1269/2324/3420 1456/2338/3421
f 1359/2256/3422 164/1645/3423 1445/1942/3424
f 1461/2339/3425 1374/139/3212 1216/1896/2874
s 0
f 144/1652/3426 1404/2340/3426 102/164/3426
f 1404/2341/3427 1402/2305/3427 1403/2309/3427
s 1
f 107/2278/3326 1404/2090/3428 1084/1988/2369
f 1197/1920/2990 1194/2065/2991 107/2342/3429
f 1376/2343/3430 1391/2344/3431 1453/2345/3432
f 1391/2346/3431 1376/2209/3430 1085/2002/3433
f 1085/2232/3247 1296/2092/3327 1200/2006/3434
s 0
f 1264/1979/3435 131/1946/3435 1520/2347/3435
s 1
f 1275/1776/3436 1352/2212/3437 1427/2348/3438
f 1352/2212/3219 1153/1778/2546 1353/2349/3439
f 1440/2214/3440 1483/2350/3441 1388/2351/3442
s 0
f 137/2329/3443 1267/2054/3443 1366/2352/3443
f 1419/2332/3444 1423/136/3444 1422/2353/3444
s 1
f 1503/2323/3445 1222/1948/3446 1442/2336/3447
f 1242/2098/3036 1073/1641/2388 1369/2088/3399
s 0
f 1369/2354/3448 1183/1940/3448 1358/2226/3448
f 1237/1972/3449 1390/2355/3449 1447/2356/3449
s 1
f 1272/1860/3450 1165/1835/3451 118/143/3452
s 0
f 1401/2308/3453 1402/2307/3453 107/2311/3453
s 1
f 1434/2357/3454 1436/2358/3455 1437/2359/3456
f 1437/2359/3457 1433/2360/3458 1434/2357/3454
s 0
f 1437/2359/3459 1436/2358/3459 1435/2361/3459
s 1
f 1435/2362/3460 1434/2357/3461 1433/2360/3462
s 0
f 1438/2363/3463 1437/2364/3463 1435/2365/3463
f 1490/2366/3464 1391/2346/3464 1438/2367/3464
s 1
f 131/1946/3465 1363/2023/3466 1520/2347/3467
f 1439/1957/2831 1100/1688/2435 1499/2237/3254
f 1414/131/3220 1286/1947/2817 1464/2262/3303
f 1407/2318/3468 1428/2368/3469 117/2369/3470
f 1278/2025/3471 1440/2214/3472 1408/2370/3473
f 1440/2214/3474 1388/2351/3475 1387/2371/3476
f 1440/2214/3477 1298/2215/3478 1483/2350/3479
s 0
f 1419/2332/3480 1422/2353/3480 1421/2372/3480
f 1422/2373/3481 1423/160/3481 1417/159/3481
s 1
f 1442/2374/3482 1250/2075/3483 1300/2375/3484
f 1250/2075/3483 1107/2077/3485 1300/2375/3484
f 1269/2324/3420 1356/2081/3486 1456/2338/3421
f 1356/2081/2611 1409/2083/3013 1456/2338/3487
f 1409/2083/3488 1136/2082/3489 1431/2376/3490
f 1431/2377/3490 1136/2378/3489 1505/2379/3491
f 1263/2038/3295 1237/1972/2825 1447/2356/3492
f 118/143/3452 1165/1835/3451 1351/1834/3493
s 0
f 102/2380/3494 1404/2341/3494 1403/2309/3494
s 1
f 1401/2308/3495 102/2380/3495 1403/2309/3495
f 1435/2362/3460 1433/2360/3462 1463/2381/3496
f 1463/2381/3497 1433/2360/3498 1437/2359/3499
f 1363/2023/2923 1283/2093/3027 1413/2382/3500
f 1413/2382/3500 1283/2093/3027 1275/1776/2997
f 1377/2316/3385 1275/1776/2997 1427/2348/3501
f 1521/2383/3502 1202/1843/2658 1219/1844/2659
f 1386/2238/3257 1134/1510/2186 1528/2384/3503
s 0
f 1407/2318/3504 1379/2263/3504 1428/2368/3504
f 1379/2263/3505 1248/2246/3505 1428/2368/3505
s 1
f 142/2024/2927 1288/2048/2962 1298/2215/3506
f 1455/2385/3507 1289/2049/2963 1186/2050/2965
f 1186/2267/3309 1292/2269/3311 1455/2386/3508
s 0
f 1455/2386/3509 1292/2269/3509 1441/2074/3509
s 1
f 1473/2055/3312 1221/2270/3510 1380/2387/3511
f 1366/2352/3512 1267/2054/3513 1381/2249/3514
s 0
f 1419/2332/3515 1421/2372/3515 1467/2388/3515
s 1
f 1187/1852/3516 1429/2389/3517 1367/2252/3518
f 825/1002/3288 1430/2390/3519 103/2253/3289
f 1488/2240/3520 138/2242/3521 1443/2391/3522
s 0
f 1443/2391/3523 138/2242/3523 1444/2326/3523
s 1
f 102/2380/3524 1401/2308/3524 107/2311/3524
f 107/2342/3429 1194/2065/2991 1295/2392/3525
f 1511/2393/3526 1391/2346/3527 1490/2366/3528
s 0
f 1438/2367/3529 1435/2394/3529 1463/2395/3529
f 1438/2367/3530 1391/2346/3530 1085/2002/3530
s 1
f 1521/2383/3502 1464/2262/3303 1202/1843/2658
s 0
f 1297/2047/3531 1278/2069/3531 1408/2396/3531
s 1
f 1387/2265/3532 1389/2264/3533 1472/2397/3534
f 1483/2350/3479 1298/2215/3478 1561/2398/3535
f 1366/2352/3512 1381/2249/3514 1486/2399/3536
s 0
f 1424/158/3537 1423/160/3537 104/2400/3537
f 1423/2401/3538 1467/2388/3538 1421/2372/3538
f 1417/2402/3539 1250/2403/3539 1474/2404/3539
s 1
f 1494/2405/3540 1409/2083/3488 1431/2376/3490
f 1494/2405/3541 1431/2376/3542 1495/2406/3543
s 0
f 116/142/3544 1469/144/3544 1531/2407/3544
f 118/143/3545 1361/1987/3545 1272/1860/3545
f 151/1887/3546 102/164/3546 1139/1819/3546
f 1139/1819/3547 102/164/3547 1461/2245/3547
f 1490/2366/3548 1438/2367/3548 1454/2408/3548
f 1454/2408/3549 1438/2367/3549 1463/2395/3549
s 1
f 1413/2382/3500 1275/1776/2997 130/2317/3386
s 0
f 1450/2409/3550 1428/2368/3550 1471/2410/3550
s 1
f 1288/2048/3259 1289/2049/2963 1455/2385/3507
s 0
f 1419/2331/3551 1467/2411/3551 1381/2334/3551
f 1418/2412/3552 1417/159/3552 1424/158/3552
f 101/2413/3553 104/2414/3553 1423/2401/3553
s 1
f 1551/2415/3554 1176/1970/3267 1350/2243/3269
s 0
f 1489/2416/3555 1382/2244/3555 1468/2417/3555
s 1
f 1348/2418/3556 1359/2419/3557 1496/2420/3558
f 118/143/131 116/142/130 1452/156/3559
f 118/143/3273 1167/1840/3275 1546/2421/3560
f 1459/2231/3244 1580/2259/3297 1373/2229/3242
f 1459/138/3561 108/137/3562 1460/2422/3563
f 1453/2345/3564 1391/2344/3565 1463/2423/3566
f 1391/2424/3565 1454/2408/3567 1463/2395/3568
f 1385/2067/3569 1273/1528/3217 1362/2211/3216
f 1690/2425/3570 1407/2318/3468 117/2369/3470
f 1292/2269/3571 1268/2072/3571 1441/2074/3571
s 0
f 101/2413/3572 1423/2401/3572 1421/2372/3572
f 1250/2403/3573 1503/2426/3573 1474/2404/3573
s 1
f 1429/2389/3517 1187/1852/3516 1124/1144/3574
s 0
f 825/1002/3575 1456/2427/3575 1430/2390/3575
f 1350/2203/3576 1343/2196/3576 1489/2416/3576
f 1489/2416/3577 1349/2201/3577 1382/2244/3577
f 1518/2428/3578 1480/2429/3578 1476/146/3578
f 1477/2430/3579 1476/146/3579 1480/2429/3579
f 1478/2431/3580 1540/2432/3580 1477/2430/3580
f 1480/2429/3581 1479/2433/3581 1477/2430/3581
f 1477/2430/3582 1479/2433/3582 1478/2431/3582
f 1540/2432/3583 1478/2431/3583 1480/2434/3583
f 1524/2435/3584 1480/2436/3584 1478/2437/3584
f 1479/2438/3585 1480/2436/3585 1481/2439/3585
f 1481/2439/3586 1480/2436/3586 1524/2435/3586
f 1524/2435/3587 1478/2437/3587 1479/2440/3587
f 1479/2438/3588 1481/2439/3588 1482/2441/3588
f 1479/2440/3589 1482/2442/3589 1524/2435/3589
s 1
f 1546/2443/3590 1167/2230/3591 1580/2259/3297
s 0
f 1437/2364/3592 1438/2363/3592 1085/2232/3592
f 1085/2232/3593 1200/2006/3593 1437/2364/3593
f 1437/2364/3594 1200/2006/3594 1491/2444/3594
s 1
f 1219/1844/2790 1415/2213/3221 1521/2383/3595
s 0
f 1420/2445/3596 1418/2446/3596 1441/2447/3596
s 1
f 1485/2448/3597 1366/2352/3512 1486/2399/3536
s 0
f 1381/2249/3598 1420/2449/3598 1486/2399/3598
f 1421/2372/3599 1422/2353/3599 101/2413/3599
s 1
f 1124/1144/3600 103/2253/3601 1429/2389/3602
f 1495/2450/3543 1431/2377/3603 1505/2379/3604
f 1136/1816/3489 1270/2254/3605 1505/2451/3491
f 1390/2228/3606 1432/1899/3607 1452/156/3608
f 1463/2452/3497 1437/2453/3499 1490/2366/3609
f 1521/2383/3610 1415/2213/3611 1547/2454/3612
f 1428/2368/3613 1248/2246/3614 1554/2455/3615
s 0
f 104/2456/3616 1420/2457/3616 1424/2458/3616
f 1502/2459/3617 1485/2448/3617 1420/2457/3617
f 1291/2030/3618 1292/2032/3618 1473/2055/3618
s 1
f 1420/2449/3619 104/2460/3620 1486/2399/3621
f 1467/2411/3622 1420/2461/3623 101/2462/3624
s 0
f 1420/2449/3625 1381/2249/3625 1422/2463/3625
s 1
f 1270/2254/3626 1232/1997/3627 1505/2451/3491
s 0
f 1232/1997/3628 1410/2274/3628 1505/2451/3628
f 1343/2196/3629 1349/2201/3629 1489/2416/3629
s 1
f 1496/2464/3558 1383/2205/3630 1348/2204/3556
f 1447/2356/3492 1497/2465/3631 1263/2038/3295
s 0
f 1531/2407/3632 1519/157/3632 116/142/3632
f 1524/2435/3633 1482/2442/3633 113/2466/3633
f 1541/2467/3634 113/2466/3634 118/2468/3634
s 1
f 1491/1978/3635 1405/2066/3636 1571/2469/3637
f 1363/2023/3466 1413/2382/3500 1520/2347/3467
f 106/132/3638 1414/131/3639 1500/2470/3640
f 1547/2454/3641 1415/2213/3642 1386/2238/3643
f 1549/2471/3644 117/2369/3645 1428/2368/3646
f 1428/2368/3646 1450/2409/3647 1549/2471/3644
s 0
f 1297/2047/3648 1408/2396/3648 1277/2247/3648
s 1
f 1530/2472/3649 1288/2048/3650 1455/2385/3651
s 0
f 1420/2457/3652 1485/2448/3652 1424/2458/3652
s 1
f 1486/2399/3621 104/2460/3620 1487/2473/3653
s 0
f 104/2460/3654 101/2474/3654 1487/2473/3654
f 1487/2475/3655 101/2476/3655 1420/2449/3655
s 1
f 1422/2477/3656 1381/2334/3657 101/2462/3624
f 1381/2334/3657 1467/2411/3622 101/2462/3624
f 1358/2226/3658 1176/1970/3267 1551/2415/3554
s 0
f 1496/2464/3659 1382/2244/3659 1383/2205/3659
s 1
f 1432/1899/3607 118/143/3660 1452/156/3608
s 0
f 1376/2313/3661 1453/2478/3661 1525/2479/3661
s 1
f 1463/2452/3662 1490/2366/3663 1506/2480/3664
f 1454/2408/3665 1391/2424/3666 1511/2481/3667
s 0
f 1490/2366/3668 1454/2408/3668 1506/2480/3668
s 1
f 1413/2382/3500 130/2317/3386 1507/2482/3669
f 1522/2483/3670 1386/2238/3671 1528/2384/3672
f 1220/905/1285 1287/2046/3673 1548/2484/3674
f 1287/2046/3673 1407/2318/3675 1548/2484/3674
s 0
f 1501/2485/3676 1387/2486/3676 1508/2487/3676
s 1
f 1387/2265/3532 1472/2397/3534 1508/2488/3677
s 0
f 1455/2489/3678 1441/2447/3678 1424/2490/3678
f 1523/2491/3679 1420/2445/3679 1441/2447/3679
f 1487/2475/3680 1420/2449/3680 1422/2463/3680
s 1
f 1538/2492/3681 1495/2493/3682 1517/2494/3683
s 0
f 1382/2244/3684 1496/2464/3684 1468/2417/3684
s 1
f 1475/2276/3685 1360/2208/3686 1534/2495/3687
f 1446/2258/3688 1263/2038/3295 1497/2465/3631
s 0
f 1447/2356/3689 1390/2355/3689 1557/2496/3689
f 114/2497/3690 1482/2441/3690 1481/2439/3690
f 1524/2435/3691 113/2466/3691 1541/2467/3691
s 1
f 1374/2498/3212 1718/2499/3692 1680/2500/3693
f 1374/2498/3212 1461/2501/3425 1718/2499/3692
f 107/2502/3429 1295/2314/3383 1376/2313/3382
f 1511/2481/3694 1463/2452/3662 1506/2480/3695
f 1506/2480/3696 1454/2408/3665 1511/2481/3697
s 0
f 1490/2366/3698 1437/2453/3698 1491/2503/3698
f 1406/2260/3699 1385/1956/3699 1362/2504/3699
s 1
f 1507/2482/3669 130/2317/3386 1377/2316/3385
f 1499/2237/3254 1414/131/3220 1533/133/3700
f 1521/2383/3701 1500/2470/3640 1414/131/3639
s 0
f 1521/2383/3702 1414/131/3702 1464/2262/3702
s 1
f 1386/2238/3643 1522/2483/3670 1547/2454/3703
f 860/2505/3704 1220/905/1285 1548/2484/3674
f 1575/2248/3705 1277/2247/3705 1566/2506/3705
f 1389/2264/3306 1388/2266/3706 1509/2507/3707
f 1484/2508/3708 1288/2048/3650 1530/2472/3649
s 0
f 1441/2447/3709 1418/2446/3709 1424/2490/3709
f 1424/2458/3710 1485/2448/3710 1486/2399/3710
s 1
f 1300/2078/3711 1367/2252/3712 1510/2509/3713
f 1409/2083/3714 1504/2510/3715 1456/2338/3716
f 1369/2354/3717 1358/2226/3717 1551/2415/3717
f 1350/2243/3718 1489/2511/3719 1551/2415/3720
f 1359/2419/3422 1445/2512/3424 1496/2420/3721
f 1458/2207/3206 1446/2258/3688 1360/2208/3207
s 0
f 110/2513/3722 111/148/3722 1535/2514/3722
s 1
f 1519/157/147 1476/2515/3723 1452/156/3724
f 123/2516/3725 121/163/3725 120/171/3725
f 1490/2366/3528 1491/2503/3635 1511/2393/3526
s 0
f 1274/2068/3726 1264/1979/3726 1532/2517/3726
f 1450/2409/3727 1471/2410/3727 1514/2518/3727
f 1537/2519/3728 1408/2370/3728 1440/2214/3728
s 1
f 1288/2048/2962 1484/2508/3729 1298/2215/3506
s 0
f 1502/2520/3730 1420/2445/3730 1523/2491/3730
s 1
f 1441/2074/3731 1291/2030/3732 1523/2521/3733
f 1562/2522/3734 1422/2523/3735 1474/2404/3736
f 1422/2523/3735 1417/2402/3737 1474/2404/3736
f 1242/2327/3036 1369/2354/3738 1551/2415/3739
s 0
f 1557/2524/3740 1390/2228/3740 1452/156/3740
f 110/2513/3741 1557/2525/3741 1452/2526/3741
f 111/148/3742 1476/146/3742 1535/2514/3742
f 110/145/3743 1452/2527/3743 1476/146/3743
s 1
f 1469/2528/3744 114/2497/3745 1481/2439/3746
f 1542/2529/3747 1545/2530/3748 1524/2435/3749
s 0
f 1461/2245/3750 102/164/3750 123/166/3750
s 1
f 1405/2066/3751 1406/2260/3752 1571/2469/3753
f 1507/2482/3669 1377/2316/3385 1427/2348/3501
f 1533/133/3700 106/132/3754 1500/2470/3755
f 1529/2531/3756 1527/2532/3757 1528/2384/3758
f 1561/2398/3759 1298/2215/3506 1484/2508/3729
f 1523/2533/3760 1424/2490/3761 1502/2534/3762
f 1523/2521/3733 1291/2030/3732 1473/2055/3763
s 0
f 1562/2535/3764 1424/2458/3764 1486/2399/3764
s 1
f 1562/2535/3734 1486/2399/3765 1487/2473/3766
f 1510/2509/3713 1367/2252/3712 1429/2389/3767
f 1588/2536/3768 1410/2241/3265 1488/2240/3769
f 1476/2515/3723 1519/157/147 1518/2537/3770
s 0
f 1688/2538/3771 108/137/3771 1374/139/3771
s 1
f 1453/2345/3772 1463/2423/3772 1511/2539/3772
f 1352/2212/3219 1353/2349/3439 71/2540/3773
f 1499/2237/3254 1533/133/3700 1439/1957/2831
s 0
f 1528/2384/3774 1527/2532/3774 1522/2483/3774
s 1
f 1554/2455/3775 1471/2410/3776 1428/2368/3777
f 1554/2455/3778 1248/2246/3779 1575/2248/3780
f 1537/2519/3781 1440/2214/3474 1387/2371/3476
s 0
f 1387/2486/3782 1501/2485/3782 1515/2541/3782
f 1389/2264/3783 1509/2507/3783 1516/2542/3783
s 1
f 1388/2351/3442 1483/2350/3441 78/2543/3784
f 78/2543/3785 1483/2350/3479 1561/2398/3535
f 1523/2533/3760 1455/2489/3786 1424/2490/3761
f 1567/2544/3787 1473/2055/3312 1380/2387/3511
f 1502/2534/3788 1424/2490/3789 1562/2545/3790
f 1534/2495/3687 1360/2208/3686 1552/2546/3791
s 0
f 1539/2547/3792 1447/2356/3792 1557/2496/3792
f 1524/2435/3793 1545/2530/3793 1481/2439/3793
s 1
f 1688/2538/3794 1460/2422/3563 108/137/3562
f 1264/1979/3795 1520/2347/3796 1532/2517/3797
f 1687/2548/3798 1528/2384/3503 1134/1510/2186
s 0
f 1549/2471/3799 1450/2409/3799 1514/2518/3799
s 1
f 1277/2247/3800 1408/2396/3801 1537/2549/3802
f 1508/2488/3677 1472/2397/3534 1555/2550/3803
f 1567/2551/3787 1380/2552/3511 1578/2553/3804
f 1485/2554/3805 1502/2534/3788 1562/2545/3790
f 1562/2535/3734 1487/2473/3766 1422/2555/3735
f 1409/2083/3488 1494/2405/3540 1504/2510/3806
f 1445/2512/3807 1475/2556/3685 1534/2557/3687
s 0
f 1557/2525/3808 110/2513/3808 1518/2558/3808
f 1518/2558/3809 110/2513/3809 1535/2514/3809
f 1481/2439/3810 1545/2530/3810 1541/2559/3810
s 1
f 1545/2530/3748 1542/2529/3747 1543/2560/3811
s 0
f 1542/2529/3812 1541/2467/3812 1544/2561/3812
f 1544/2561/3813 1541/2467/3813 1545/2562/3813
f 1542/2529/3814 1544/2561/3814 1543/2560/3814
f 1544/2563/3815 1545/2564/3815 1518/2537/3815
s 1
f 1723/2565/3816 1580/2259/3297 1459/2231/3244
s 0
f 1525/2479/3817 107/2502/3817 1376/2313/3817
f 1511/2539/3818 1553/2566/3818 1453/2345/3818
s 1
f 1491/2567/3635 1571/2568/3637 1511/2569/3526
f 1362/2570/3819 1412/2328/3820 1532/2571/3821
s 0
f 1412/2328/3822 1274/2261/3822 1532/2571/3822
s 1
f 1427/2348/3438 1352/2212/3437 71/2540/3823
f 1566/2506/3824 1277/2247/3800 1537/2549/3802
s 0
f 1537/2549/3825 1387/2486/3825 1581/2572/3825
f 1581/2572/3826 1387/2486/3826 1515/2541/3826
f 1555/2550/3827 1472/2397/3827 1389/2264/3827
s 1
f 1495/2450/3682 81/87/3828 1517/2573/3683
s 0
f 1505/2574/3829 1410/2241/3829 1588/2536/3829
f 1444/2326/3830 1242/2327/3830 1551/2415/3830
f 1468/2417/3831 1496/2464/3831 1563/2575/3831
s 1
f 1360/2208/3207 1446/2258/3688 1497/2465/3631
s 0
f 1476/146/3832 1477/2430/3832 1540/2432/3832
f 1540/2432/3833 1480/2434/3833 1518/2558/3833
f 1518/2537/3834 1519/157/3834 1544/2563/3834
s 1
f 1469/2528/3744 1481/2439/3746 1541/2559/3835
s 0
f 1541/2467/3836 1542/2529/3836 1524/2435/3836
s 1
f 1525/2479/3837 123/2516/3837 120/171/3837
s 0
f 120/171/3838 102/170/3838 1525/2479/3838
f 102/170/3839 107/2502/3839 1525/2479/3839
s 1
f 1606/2576/3840 1522/2483/3841 1527/2532/3842
f 1708/2577/3843 1509/2507/3844 100/2578/3845
s 0
f 1485/2579/3846 1562/2580/3846 1366/2581/3846
s 1
f 1430/2390/3847 1456/2427/3716 1504/2582/3715
f 1489/2416/3848 1468/2417/3848 1563/2575/3848
s 0
f 1605/2583/3849 1534/2495/3849 1552/2546/3849
f 1535/2514/3850 1476/146/3850 1540/2432/3850
s 1
f 1545/2564/3748 1543/2584/3811 1518/2537/3851
f 1570/2585/3852 1460/2586/3853 1688/2587/3854
f 1532/2517/3797 1520/2347/3796 1681/2588/3855
f 1548/2484/3674 1407/2318/3675 1690/2425/3570
s 0
f 1690/2425/3856 117/2369/3856 1549/2471/3856
s 1
f 1509/2507/3844 1388/2266/3857 78/2589/3858
s 0
f 1300/2078/3859 1510/2509/3859 1614/2590/3859
s 1
f 1504/2510/3860 1494/2405/3861 1607/2591/3862
f 1494/2405/3863 1495/2406/3682 1538/2592/3681
s 0
f 1495/2450/3864 1505/2379/3864 81/87/3864
f 1557/2525/3865 1518/2558/3865 1543/2593/3865
s 1
f 1525/2479/3866 1453/2478/3867 1536/2594/3868
f 1572/2595/3869 1413/2382/3500 1507/2482/3669
f 1533/133/3700 1500/2470/3755 79/2596/3870
f 1574/2597/3871 1690/2425/3872 1549/2471/3873
f 1514/2518/3874 1471/2410/3776 1554/2455/3775
f 1554/2455/3875 1575/2248/3875 1691/2598/3875
f 1555/2550/3876 1389/2264/3877 1516/2542/3878
f 1577/2599/3879 100/2578/3845 74/2600/3880
f 1538/2492/3881 1517/2494/3882 1556/2601/3883
s 0
f 1489/2416/3884 1563/2575/3884 1551/2602/3884
s 1
f 1360/2208/3207 1497/2465/3631 1624/2603/3885
f 1497/2465/3886 1447/2356/3887 1539/2547/3888
s 0
f 1535/2514/3889 1540/2432/3889 1518/2558/3889
s 1
f 1688/2604/3890 1374/2498/3891 98/2605/3892
s 0
f 98/2605/3893 1374/2498/3893 1680/2500/3893
f 1536/2606/3894 1453/2345/3894 1553/2566/3894
s 1
f 1413/2382/3500 1572/2595/3869 1520/2347/3467
f 1521/2383/3610 1547/2454/3612 1573/2607/3895
f 1547/2454/3703 1522/2483/3670 1558/2608/3896
f 1606/2576/3840 1527/2532/3842 1529/2531/3897
f 70/2609/3898 1484/2508/3899 1530/2472/3900
f 1523/2521/3901 1473/2055/3312 1567/2544/3787
f 1366/2581/3902 1562/2580/3902 1610/2610/3902
f 1503/2426/3445 1442/2611/3447 73/2612/3903
f 1517/2573/3882 81/87/3904 1556/2613/3905
f 1591/89/3906 80/88/3907 1588/2614/3908
s 0
f 80/88/3909 1505/2379/3909 1588/2614/3909
f 1543/2615/3910 1544/2563/3910 1519/157/3910
s 1
f 1714/2616/3911 1616/2617/3912 1579/2618/3913
f 118/2468/3273 1546/2619/3560 1679/2620/3914
s 0
f 1684/2621/3915 1461/2501/3915 123/2622/3915
f 1180/2623/3916 1353/2234/3916 1696/2624/3916
s 1
f 1522/2483/3670 1606/2576/3917 1558/2608/3896
s 0
f 1554/2455/3918 1693/2625/3918 1514/2518/3918
f 1380/2552/3919 1366/2581/3919 1578/2553/3919
s 1
f 73/2612/3903 1442/2611/3447 1614/2626/3920
s 0
f 80/88/3921 81/87/3921 1505/2379/3921
s 1
f 1588/2536/3922 1488/2240/3520 1443/2391/3522
s 0
f 1583/2627/3923 1445/2512/3923 1534/2557/3923
f 123/2516/3924 1525/2479/3924 1436/2628/3924
f 1436/2628/3925 1525/2479/3925 1435/2629/3925
s 1
f 1406/2630/3926 1362/2631/3927 1725/2632/3928
f 1276/2236/3028 1439/2633/2831 1686/2634/3929
s 0
f 1691/2598/3930 1575/2248/3930 1566/2506/3930
s 1
f 73/2612/3931 1474/2404/3931 1503/2426/3931
f 1614/2626/3932 1442/2611/3482 1300/2635/3484
s 0
f 103/2253/3933 1430/2390/3933 1429/2389/3933
f 1551/2415/3934 1563/2636/3934 1590/2637/3934
f 1444/2326/3935 1551/2415/3935 1590/2637/3935
f 1556/2613/3936 81/87/3936 1590/2638/3936
f 1443/2391/3937 1444/2326/3937 1590/2637/3937
s 1
f 1590/2638/3938 81/87/75 1591/89/77
f 1588/2536/3922 1443/2391/3939 1590/2637/3940
s 0
f 1601/2639/3941 1588/2614/3941 1590/2640/3941
s 1
f 1591/89/3942 1588/2614/3908 1594/2641/3943
f 1590/2638/3944 1591/89/3944 1595/2642/3944
s 0
f 1601/2643/3945 1590/2638/3945 1595/2642/3945
f 1588/2614/3946 1601/2639/3946 1594/2641/3946
f 1595/2642/3947 1591/89/3947 1594/2641/3947
f 1598/2644/3948 1597/2645/3948 1670/2646/3948
s 1
f 1600/2647/3949 1597/2645/3950 1598/2644/3951
s 0
f 1596/2648/3952 1597/2649/3952 1600/2650/3952
f 1670/2646/3953 1596/2648/3953 1599/2651/3953
f 1598/2644/3954 1670/2646/3954 1599/2651/3954
s 1
f 1599/2651/3955 1596/2648/3956 1600/2650/3957
f 1598/2644/3951 1601/2652/3958 1600/2647/3949
f 1598/2644/3959 1599/2651/3960 1601/2652/3961
f 1600/2653/3949 1601/2643/3958 1595/2642/3962
f 1599/2651/3963 1600/2650/3964 1602/2654/3965
f 1602/2654/3966 1601/2652/3961 1599/2651/3960
f 1600/2653/3967 1595/2642/3968 1602/2655/3969
s 0
f 1603/2656/3970 1594/2657/3970 1601/2658/3970
s 1
f 1595/2642/3968 1594/2641/3971 1602/2655/3969
s 0
f 1602/2659/3972 1594/2657/3972 1603/2656/3972
f 1603/2656/3973 1601/2658/3973 1604/2660/3973
f 1604/2660/3974 1601/2658/3974 1602/2661/3974
s 1
f 1602/2662/3975 1603/2663/3976 1534/2557/3977
s 0
f 72/2664/3978 1604/2660/3978 1602/2661/3978
f 72/2665/3979 1602/2662/3979 1534/2557/3979
s 1
f 1539/2547/3980 1557/2496/3981 1627/2666/3982
s 0
f 1543/2667/3983 1519/2668/3983 1569/2669/3983
s 1
f 74/2600/3880 1616/2670/3912 1714/2671/3984
f 1694/2672/3985 1519/2673/3986 1679/2674/3987
f 1531/2407/3988 1469/144/3989 1519/157/3990
f 1469/2528/3989 1679/2675/3991 1519/2676/3992
f 1723/2565/3993 1459/2231/3994 1460/2586/3853
f 82/2677/124 95/2678/111 97/2679/3995
f 1434/2680/3996 1435/2629/3997 1525/2479/3998
f 1362/2631/3819 1532/2681/3821 1725/2632/3999
s 0
f 1683/2682/4000 71/2540/4000 1353/2349/4000
s 1
f 79/2596/4001 1500/2470/4002 1521/2383/4003
f 79/2596/4001 1521/2383/4003 1573/2607/4004
s 0
f 1606/2576/4005 1529/2531/4005 1687/2548/4005
s 1
f 690/889/872 1220/905/1285 860/2505/3704
f 1574/2683/4006 75/2684/4007 1690/2685/4008
f 1576/2686/4009 1508/2488/3677 1555/2550/4010
f 100/2578/3845 1577/2599/4011 1708/2577/3843
f 1484/2508/3729 70/2609/4012 1561/2398/3759
f 1530/2472/4013 1455/2385/4014 69/2687/4015
f 1366/2581/4016 1610/2610/4016 1578/2553/4016
s 0
f 1474/2404/4017 77/2688/4017 1562/2522/4017
s 1
f 1556/2601/4018 1608/2689/4019 1631/2690/4020
s 0
f 1609/2206/4021 1563/2691/4021 1496/2692/4021
f 1609/2206/4022 1496/2692/4022 1583/178/4022
f 1496/2420/4023 1445/2512/4023 1583/2627/4023
f 72/2664/4024 1636/2693/4024 1604/2660/4024
f 1552/2546/4025 1360/2208/4025 1624/2603/4025
f 1615/2694/4026 1557/2695/4026 1543/2667/4026
s 1
f 1613/2696/4027 100/2578/3845 1509/2507/3844
s 0
f 1617/2697/4028 78/2543/4028 1561/2398/4028
f 73/2612/4029 77/2688/4029 1474/2404/4029
f 1429/2389/4030 1430/2390/4030 1504/2582/4030
s 1
f 1509/2507/3844 78/2589/3858 1613/2696/4027
f 1523/2698/3901 1567/2699/3787 1455/2385/4031
s 0
f 72/2665/4032 1534/2557/4032 1605/2700/4032
s 1
f 74/2600/3880 100/2578/3845 1613/2696/4027
s 0
f 1620/2701/4033 1608/2689/4033 1556/2601/4033
s 1
f 1590/2638/4034 1563/2702/4035 1623/2703/4036
s 0
f 1624/2603/4037 1605/2583/4037 1552/2546/4037
s 1
f 1624/2603/4038 1497/2465/3886 1539/2547/4039
f 1557/2695/4040 1615/2694/4041 1618/2704/4042
s 0
f 1562/2522/4043 1622/2705/4043 1610/2706/4043
s 1
f 1538/2492/3881 1556/2601/3883 1611/2707/4044
f 1619/2708/4045 1631/2690/4046 1608/2689/4047
f 1603/2663/3976 1583/2627/4048 1534/2557/3977
s 0
f 1583/2709/4049 1603/2710/4049 72/2711/4049
s 1
f 69/2687/4050 1455/2385/4031 1567/2699/3787
s 0
f 1622/2705/4051 1562/2522/4051 77/2688/4051
s 1
f 1611/2707/4052 1556/2601/4018 1631/2690/4020
s 0
f 1583/2709/4053 72/2711/4053 1605/2583/4053
s 1
f 1617/2697/4054 1561/2398/4055 70/2609/4056
f 1510/2509/4057 1429/2389/4058 1614/2590/4059
f 1630/2712/4060 1607/2591/4060 1538/2592/4060
f 1607/2591/4061 1494/2405/3863 1538/2592/3681
f 1556/2613/4062 1590/2638/4063 1612/2713/4064
f 1623/2703/4036 1563/2702/4035 1609/2714/4065
s 0
f 1622/2705/4066 1578/2715/4066 1610/2706/4066
s 1
f 1623/2703/4067 1612/2713/4068 1590/2638/4063
f 1639/2716/4069 73/2717/4070 1614/2718/4071
f 1627/2719/4072 1557/2695/4040 1618/2704/4042
f 1618/2704/4042 1615/2694/4041 1633/2720/4073
f 1621/2721/4074 1569/2669/4075 76/2722/4076
f 1579/2618/3913 1616/2617/3912 1628/2723/4077
f 1628/2724/4077 1616/2670/3912 1629/2725/4078
f 1616/2670/3912 74/2600/3880 1629/2725/4078
f 1629/2725/4078 74/2600/3880 1613/2696/4079
s 0
f 77/2688/4080 73/2612/4080 1622/2705/4080
s 1
f 1622/2726/4081 73/2717/4082 1639/2716/4083
f 1619/2708/4045 1608/2689/4047 1632/2727/4084
f 1608/2689/4085 1620/2701/4086 1640/2728/4087
f 1626/2729/4088 1603/2656/4089 1636/2693/4090
f 1603/2656/4089 1604/2660/4091 1636/2693/4090
s 0
f 1281/2730/4092 1636/2693/4092 72/2664/4092
f 1624/2603/4093 1634/2731/4093 1605/2583/4093
s 1
f 1627/2719/4072 1618/2704/4042 1641/2732/4094
s 0
f 1615/2694/4095 1543/2667/4095 1648/2733/4095
f 76/2734/4096 1579/2618/4096 1628/2723/4096
f 1613/2696/4097 78/2589/4097 1638/2735/4097
s 1
f 1625/2736/4098 70/2609/3898 1530/2472/3900
f 1623/2703/4099 1609/2714/2942 1626/2737/4100
f 1609/2034/2942 1281/179/2944 1626/2738/4100
s 0
f 72/2664/4101 1603/2739/4101 1281/2730/4101
f 1281/2730/4102 1603/2739/4102 1626/2740/4102
s 1
f 61/86/72 68/85/74 1628/2741/4103
f 1625/2736/4104 1530/2472/4013 69/2687/4015
f 69/2687/4050 1567/2699/3787 1578/2742/3804
f 1614/2590/4059 1429/2389/4058 1504/2582/4105
f 1539/2547/3980 1627/2666/3982 1624/2603/4106
f 1633/2720/4073 1615/2694/4041 1641/2732/4094
f 1648/2733/4107 1543/2667/4108 1621/2721/4109
s 0
f 1569/2669/4110 1621/2721/4110 1543/2667/4110
f 56/2743/4111 61/2744/4111 1628/2724/4111
f 1638/2745/4112 78/2543/4112 1617/2697/4112
f 1635/2746/4113 1622/2726/4113 1639/2716/4113
f 1612/2747/4114 1620/2701/4114 1556/2601/4114
s 1
f 1583/2709/175 1605/2583/4115 1281/2730/176
f 1646/2748/4116 1631/2690/4046 1619/2708/4045
f 1281/2730/176 1605/2583/4115 1634/2731/4117
f 1645/2749/4118 1624/2603/4106 1627/2666/3982
f 1618/2704/4042 1633/2720/4073 1641/2732/4094
s 0
f 56/2743/4119 1628/2724/4119 1629/2725/4119
s 1
f 1619/2708/4045 1632/2727/4084 1642/2750/4120
f 1636/2693/4121 1281/2730/4122 1647/2751/4123
f 1643/2752/4124 1637/2753/4125 1627/2666/4072
f 1646/2748/4116 1619/2708/4045 1642/2750/4120
f 1632/2727/4126 1608/2689/4127 1640/2728/4128
f 1612/2747/4129 1640/2728/4087 1620/2701/4086
f 1627/2666/4072 1637/2753/4125 1645/2749/4130
f 1650/2754/4131 76/2722/4076 1628/2755/4132
s 0
f 68/2756/4133 56/2757/4133 1629/2758/4133
s 1
f 1578/2742/3804 1625/2736/4134 69/2687/4050
f 1630/2712/4135 1538/2592/3881 1611/2759/4044
f 1612/2713/4068 1623/2703/4067 1626/2737/4136
f 1647/2751/4137 1281/2730/176 1634/2731/4117
f 1629/2725/4078 1613/2696/4079 1638/2735/4138
f 1639/2716/4139 1614/2718/4140 1651/2760/4141
f 1651/2760/4141 1614/2718/4140 1504/2761/4142
f 1621/2721/4074 76/2722/4076 1650/2754/4131
f 1622/2726/4143 1635/2746/4144 49/2762/4145
s 0
f 1634/2731/4146 1624/2603/4146 1647/2751/4146
s 1
f 1624/2603/4106 1645/2749/4118 1647/2751/4147
f 1636/2693/4121 1647/2751/4123 1655/2763/4148
f 1647/2751/4149 1645/2749/4130 1637/2753/4125
f 1643/2764/4124 1627/2719/4072 1641/2732/4094
f 1641/2732/4094 1615/2694/4150 1648/2733/4151
s 0
f 1617/2697/4152 70/2609/4152 1657/2765/4152
s 1
f 1607/2766/4153 1630/2767/4154 1653/2768/4155
f 1632/2727/4126 1640/2728/4128 1612/2747/4156
f 1632/2727/4157 1612/2747/4158 1642/2750/4159
s 0
f 1629/2758/4160 1658/2769/4160 68/2756/4160
f 1658/2769/4161 1629/2758/4161 1638/2770/4161
s 1
f 70/2609/4162 1625/2736/4163 1657/2765/4164
f 1504/2761/3860 1607/2766/3862 1651/2760/4165
f 1612/2747/4068 1626/2771/4136 1654/2772/4166
s 0
f 1626/2729/4167 1636/2693/4167 1655/2763/4167
f 1628/2755/4168 68/2756/4168 1650/2754/4168
s 1
f 1650/2754/4169 68/2756/4170 1658/2769/4171
f 49/2762/4145 1578/2742/4172 1622/2726/4143
s 0
f 1635/2746/4173 1639/2716/4173 1652/2773/4173
s 1
f 1652/2773/4174 49/2762/4145 1635/2746/4144
f 1611/2707/4175 1631/2690/4176 1646/2748/4177
f 1652/2773/4178 1639/2716/4139 1651/2760/4141
f 1607/2766/4153 1653/2768/4155 1651/2760/4141
f 1653/2774/4179 1630/2712/4180 1611/2759/4181
s 0
f 1625/2736/4182 1578/2742/4182 49/2762/4182
s 1
f 1643/2764/4124 1641/2732/4094 1648/2733/4151
f 1662/2775/4183 1657/2765/4164 1625/2736/4163
f 1637/2753/4125 1643/2752/4124 1656/2776/4184
f 1657/2777/4185 1650/2778/4169 1658/2779/4186
s 0
f 1638/2745/4187 1617/2697/4187 1657/2765/4187
f 1658/2780/4188 1638/2745/4188 1660/2781/4188
f 1660/2781/4189 1638/2745/4189 1657/2765/4189
f 1658/80/4190 66/79/4190 1659/2782/4190
f 64/2783/4191 1658/2780/4191 1660/2781/4191
s 1
f 1661/2784/4192 1657/2785/4193 1659/2786/4194
f 1657/2787/4193 1658/80/4195 1659/2782/4194
s 0
f 66/2788/4196 63/2789/4196 1659/2790/4196
s 1
f 63/2789/67 64/2783/66 1659/2790/4197
s 0
f 1659/2790/4198 64/2783/4198 1660/2781/4198
f 65/2791/4199 1660/2792/4199 66/2793/4199
f 1660/2792/4200 65/2791/4200 1659/2786/4200
f 1659/2786/4201 65/2791/4201 1661/2784/4201
f 1661/2794/4202 60/68/4202 58/65/4202
f 63/81/4203 60/2795/4203 65/82/4203
f 60/68/4204 1661/2794/4204 65/2796/4204
f 1660/76/4205 1657/2785/4205 63/77/4205
f 1657/2785/4206 1661/2784/4206 63/77/4206
f 59/63/4207 63/62/4207 1661/2797/4207
f 1662/2798/4208 59/63/4208 1661/2797/4208
f 1662/2798/4209 1661/2797/4209 1650/2778/4209
f 59/63/4210 1662/2798/4210 1669/2799/4210
f 1661/2794/4211 58/65/4211 1650/2800/4211
f 59/63/4212 1669/2799/4212 58/65/4212
s 1
f 1646/2748/4213 1642/2750/4159 1663/2801/4214
f 1663/2801/4215 1642/2750/4159 1612/2747/4158
s 0
f 1662/2798/4216 1650/2778/4216 1657/2777/4216
f 1625/2736/4217 49/2762/4217 1669/2802/4217
s 1
f 1673/2803/4218 49/2762/4219 1652/2773/4220
f 1611/2707/4181 1663/2801/4221 1653/2804/4179
f 1637/2753/4125 1656/2776/4184 1647/2751/4149
f 1669/2802/4222 1662/2775/4183 1625/2736/4163
s 0
f 49/2762/4223 1673/2803/4223 1669/2802/4223
s 1
f 1652/2773/4178 1651/2760/4141 1653/2768/4155
f 1663/2801/4224 1611/2707/4175 1646/2748/4177
f 1655/2763/4225 1647/2751/4149 1656/2776/4184
f 1672/2805/4226 1648/2733/4227 1621/2721/4109
s 0
f 1650/2800/4228 58/65/4228 1669/2799/4228
s 1
f 1643/2764/4124 1648/2733/4151 1672/2805/4229
s 0
f 1663/2801/4230 1612/2747/4230 1597/2645/4230
s 1
f 1612/2747/4068 1654/2772/4166 1670/2646/4231
f 1597/2645/4232 1612/2747/4068 1670/2646/4231
s 0
f 1626/2729/4233 1655/2763/4233 1672/2806/4233
s 1
f 1672/2805/4226 1621/2721/4234 1671/2807/4235
f 1656/2776/4184 1643/2752/4124 1672/2806/4229
s 0
f 1597/2649/4236 1596/2648/4236 1675/2808/4236
f 1654/2772/4237 1626/2771/4237 1672/2809/4237
s 1
f 1673/2803/4238 1652/2773/4178 1653/2768/4155
f 1621/2721/4074 1650/2754/4131 1671/2807/4239
f 1672/2806/4240 1655/2763/4225 1656/2776/4241
f 1671/2807/4239 1650/2754/4131 1669/2810/4242
f 1653/2768/4243 1663/2811/4244 1673/2803/4245
f 1663/2811/4246 1597/2812/4247 1675/2813/4248
f 1673/2803/4245 1663/2811/4244 1675/2813/4248
s 0
f 1596/2648/4249 1670/2646/4249 1675/2808/4249
s 1
f 1669/2802/4250 1673/2803/4251 1671/2814/4252
f 1671/2814/4252 1673/2803/4253 1675/2813/4254
s 0
f 1674/2815/4255 1675/2808/4255 1670/2646/4255
s 1
f 1670/2646/4231 1654/2772/4166 1674/2815/4256
s 0
f 1654/2772/4257 1672/2809/4257 1674/2815/4257
f 1672/42/4258 1671/2816/4258 1676/40/4258
f 1671/2816/4259 1675/2817/4259 1676/40/4259
f 1676/40/4260 1675/2817/4260 1674/2818/4260
f 1674/2819/4261 1672/42/4261 1694/41/4261
f 1674/2819/4262 1678/2820/4262 1676/2821/4262
f 1694/2822/4263 1676/2823/4263 1519/2668/4263
f 1678/2820/4264 1674/2819/4264 1694/41/4264
f 1519/2668/4265 1676/2823/4265 1678/2824/4265
f 97/2825/4266 98/2605/4266 1680/2500/4266
f 1684/2621/4267 123/2622/4267 1436/2826/4267
s 1
f 1520/2347/3796 1572/2595/4268 48/2827/4269
f 1507/2482/3669 1427/2348/3501 1682/2828/4270
f 1682/2828/4270 1427/2348/3501 71/2540/4271
f 1690/2829/4008 75/2830/4007 47/2831/4272
s 0
f 1691/2598/4273 1566/2506/4273 1537/2549/4273
f 1581/2572/4274 1515/2541/4274 1691/2598/4274
s 1
f 1516/2542/4275 1509/2507/3844 1708/2577/4276
f 1577/2599/3879 74/2600/3880 1714/2671/3984
f 1679/2675/3991 1469/2528/3989 1541/2559/4277
s 0
f 1541/2467/4278 118/2468/4278 1679/2620/4278
f 1704/2832/4279 98/2605/4279 99/2833/4279
f 1695/2834/4280 91/2835/4280 82/2677/4280
f 1436/2358/4281 1434/2357/4281 1684/2836/4281
s 1
f 1439/1957/2831 1533/133/3700 1586/2837/4282
f 1529/2531/3756 1528/2384/4283 1687/2548/4284
s 0
f 1691/2598/4285 1537/2549/4285 1581/2572/4285
s 1
f 1515/2541/4286 1501/2485/4287 1550/2838/4288
f 1550/2838/4288 1501/2485/4287 1508/2487/4289
f 1569/2669/4290 1699/2839/4291 76/2722/4292
s 0
f 1678/2824/4293 1569/2669/4293 1519/2668/4293
s 1
f 1723/2565/3993 1460/2586/3853 1570/2585/3852
s 0
f 1434/2680/4294 1525/2479/4294 1684/2840/4294
s 1
f 1572/2595/3869 1507/2482/3669 1709/2841/4295
f 1709/2841/4296 1507/2482/3669 1682/2828/4270
s 0
f 1353/2234/4297 1276/2236/4297 1686/2634/4297
s 1
f 1693/2625/4298 1554/2455/4299 1691/2598/4300
f 1511/2842/4301 1724/2843/4302 1553/2844/4303
f 1511/2569/3526 1571/2568/3637 1724/2845/4304
f 1681/2588/3855 1520/2347/3796 48/2827/4269
s 0
f 1353/2234/4305 1686/2634/4305 1696/2624/4305
s 1
f 1573/2607/3895 1547/2454/3612 1558/2608/4306
s 0
f 1549/2471/4307 1514/2518/4307 1693/2625/4307
s 1
f 1576/2686/4308 1555/2550/3876 1516/2542/3878
f 71/2540/4309 1683/2682/4310 1682/2828/4311
f 1573/2607/4312 1533/133/3700 79/2596/3870
f 1687/2548/3798 1134/1510/2186 1241/2846/4313
f 47/2831/4314 1548/2847/3674 1690/2829/3570
f 1692/2848/4315 47/2831/4316 1720/2849/4317
f 1515/2541/4286 1550/2838/4288 1697/2850/4318
s 0
f 1516/2542/4319 1716/2851/4319 1576/2686/4319
f 99/2852/4320 91/2835/4320 1695/2834/4320
f 82/2677/4321 97/2679/4321 1695/2834/4321
s 1
f 1686/2634/3929 1439/2633/2831 1710/2853/4322
f 1710/2854/4322 1439/1957/2831 1586/2837/4282
f 1720/2849/4317 47/2831/4316 75/2830/4323
s 0
f 76/2734/4324 51/2855/4324 53/2856/4324
f 1699/2857/4325 55/53/4325 54/61/4325
s 1
f 76/2722/4292 1699/2839/4291 54/2858/4326
s 0
f 1702/2859/4327 1701/2860/4327 1703/2861/4327
f 1700/2862/4328 1702/2863/4328 1703/2864/4328
f 1700/2862/4329 1705/2865/4329 1702/2863/4329
f 1701/2860/4330 1702/2859/4330 1704/2866/4330
f 1706/2867/4331 1701/2860/4331 1704/2866/4331
f 1715/2868/4332 1700/2862/4332 1703/2864/4332
f 1706/2867/4333 1703/2861/4333 1701/2860/4333
f 1705/2865/4334 1700/2862/4334 1715/2868/4334
s 1
f 1704/2869/4335 1702/2863/4336 1705/2865/4337
s 0
f 1706/2867/4338 1704/2866/4338 1707/2870/4338
s 1
f 1718/2499/3692 1461/2501/3425 1684/2621/4339
f 1740/2871/4340 1571/2568/3753 1406/2630/3752
f 1574/2597/3871 1549/2471/3873 1732/2872/4341
f 1691/2598/4300 1515/2541/4342 1712/2873/4343
f 1508/2488/4344 1576/2686/4345 1713/2874/4346
f 1714/2616/3911 1579/2618/3913 76/2734/4347
f 76/2734/4348 53/2856/4349 1714/2616/4350
f 51/48/4351 54/2875/4326 50/49/4352
f 51/2876/4351 76/2722/4353 54/2858/4326
f 1546/2443/3590 1580/2259/3297 1728/2877/4354
f 1728/2877/4354 1580/2259/3297 1723/2565/3816
f 1724/2845/4304 1571/2568/3637 1719/2878/4355
f 1682/2828/4311 1683/2682/4310 1734/2879/4356
f 1586/2837/4282 1533/133/3700 1573/2607/4312
f 75/2684/4007 1574/2683/4006 1732/2880/4357
s 0
f 1549/2471/4358 1693/2625/4358 1732/2872/4358
s 1
f 1693/2625/4298 1691/2598/4300 1712/2873/4343
s 0
f 1713/2874/4359 1576/2686/4359 1716/2851/4359
s 1
f 1684/2840/4360 1525/2479/3866 1536/2594/3868
f 1558/2608/3896 1606/2576/3917 1726/2881/4361
s 0
f 1569/2669/4362 1678/2824/4362 1699/2839/4362
s 1
f 1699/2882/4363 1678/2883/4364 1694/2672/3985
f 1704/2884/4365 99/2885/4366 1707/2886/4367
f 1550/2838/4368 1508/2487/4344 1713/2887/4346
f 1577/2599/3879 1714/2671/3984 1733/2888/4369
f 1714/2616/4350 53/2856/4349 1721/2889/4370
f 53/44/4349 50/51/4371 1721/2890/4370
f 1723/2565/3993 1570/2585/3852 1688/2587/3854
f 98/2605/3892 1704/2832/4372 1688/2604/3890
s 0
f 1715/2868/4373 1703/2864/4373 1706/2891/4373
s 1
f 99/2885/4366 1695/2892/4374 1707/2886/4367
f 1726/2881/4375 1606/2576/3917 1711/2893/4376
f 47/2831/4314 1741/2894/4377 1548/2847/3674
f 1515/2541/4378 1697/2850/4379 1712/2873/4380
f 1577/2599/4011 1733/2888/4369 1708/2577/3843
f 1572/2595/4268 1709/2841/4381 48/2827/4269
s 0
f 1683/2895/4382 1696/2896/4382 1730/2897/4382
s 1
f 1736/2898/4383 75/2684/4323 1732/2880/4384
s 0
f 1516/2542/4385 1708/2577/4385 1716/2851/4385
s 1
f 50/51/4371 1699/2882/4386 1721/2890/4370
s 0
f 50/58/4387 56/60/4387 1699/57/4387
s 1
f 1727/2899/4388 1679/2674/4389 1546/2900/4390
f 1704/2869/4335 1705/2865/4337 1738/2901/4391
f 1715/2868/4392 1706/2891/4392 1707/2902/4392
s 0
f 97/2679/4393 1680/2903/4393 1695/2834/4393
s 1
f 1719/2878/4355 1571/2568/3637 1740/2871/4394
s 0
f 1532/2517/4395 1681/2588/4395 48/2827/4395
s 1
f 1696/2896/4396 1686/2904/4397 1731/2905/4398
f 1606/2576/3917 1687/2548/4399 1711/2893/4376
f 1694/2672/3985 1679/2674/3987 1699/2882/4363
f 1727/2899/4388 1699/2882/4400 1679/2674/4389
s 0
f 1695/2892/4401 1680/2906/4401 1729/2907/4401
f 1680/2906/4402 1717/2908/4402 1729/2907/4402
s 1
f 1734/2909/4403 1683/2895/4404 1730/2897/4405
f 1686/2904/4397 1710/2910/4406 1731/2905/4398
f 75/2684/4323 1736/2898/4383 1720/2911/4317
s 0
f 1693/2625/4407 1712/2873/4407 1732/2872/4407
f 1697/2850/4408 1550/2838/4408 1712/2873/4408
s 1
f 1550/2838/4368 1713/2887/4346 1712/2873/4409
f 1716/2851/4410 1708/2577/3843 1733/2888/4369
s 0
f 1705/2865/4411 1715/2868/4411 1738/2901/4411
f 1729/2907/4412 1707/2886/4412 1695/2892/4412
f 1718/2912/4413 1717/2908/4413 1680/2906/4413
s 1
f 1685/2913/4414 1406/2630/4415 1739/2914/4416
s 0
f 1532/2517/4417 48/2827/4417 1734/2879/4417
s 1
f 1733/2888/4369 1714/2671/3984 46/2915/4418
f 45/2916/4419 46/2915/4420 1714/2671/3984
f 1738/2901/4421 1688/2917/3890 1704/2869/4372
f 1739/2914/4422 1406/2630/3926 1725/2632/3928
f 48/2827/4269 1709/2841/4381 1734/2879/4423
f 1573/2607/4424 1558/2608/4425 1726/2881/4426
s 0
f 1712/2918/4427 41/2919/4427 1732/2880/4427
s 1
f 1546/2920/3590 1728/2921/4354 1689/2922/4428
s 0
f 1709/2841/4429 1682/2828/4429 1734/2879/4429
f 1698/2923/4430 1726/2881/4430 1737/2924/4430
s 1
f 1743/2925/4431 1713/2874/4432 1716/2851/4433
s 0
f 1738/2901/4434 1715/2868/4434 1707/2902/4434
s 1
f 1532/2681/3821 1734/2909/4435 1725/2632/3999
f 1735/2926/4436 1586/2837/4282 1573/2607/4312
s 0
f 1726/2881/4437 1711/2893/4437 1737/2924/4437
s 1
f 1692/2848/4438 1720/2849/4439 1741/2894/4440
f 1729/2927/4441 1723/2565/4442 1688/2587/4443
f 1536/2928/4444 1553/2844/4303 1722/2929/4445
f 1741/2894/4377 47/2831/4314 1692/2848/4446
s 0
f 43/2930/4447 1649/2931/4447 1741/2894/4447
f 1712/2918/4448 1713/2874/4448 1742/2932/4448
s 1
f 1742/2932/4449 1713/2874/4432 1743/2925/4431
f 40/2933/4450 1728/2921/4354 1723/2934/4451
f 1710/2854/4452 1586/2837/4282 1735/2926/4436
f 1711/2893/4453 1687/2548/3798 1241/2846/4313
s 0
f 1699/2882/4454 1727/2899/4454 1721/2890/4454
s 1
f 1740/2871/4340 1406/2630/3752 1685/2913/4455
f 1716/2851/4410 1733/2888/4369 1743/2925/4456
f 1733/2888/4369 46/2915/4418 1743/2925/4456
f 45/2935/4457 1714/2936/4458 1677/2937/4459
s 0
f 1592/2938/4460 1723/2565/4460 1729/2927/4460
f 1722/2929/4461 1684/2939/4461 1536/2928/4461
s 1
f 1722/2929/4445 1553/2844/4303 1724/2843/4302
s 0
f 1664/2940/4462 1710/2910/4462 1582/2941/4462
f 1741/2894/4463 1649/2931/4463 1548/2847/4463
s 1
f 1677/2937/4459 1714/2936/4458 1721/2942/4464
f 40/2933/4450 1723/2934/4465 1644/2943/4466
f 1730/2897/4467 44/2944/4468 1584/2945/4469
s 0
f 1730/2897/4470 1668/2946/4470 1667/2947/4470
s 1
f 1667/2948/4471 1668/2946/4471 1666/2949/4471
s 0
f 1666/2949/4472 1668/2946/4472 1665/2950/4472
s 1
f 1665/2950/4473 1668/2946/4474 1731/2905/4475
f 1668/2946/4474 1730/2897/4476 1731/2905/4475
f 1730/2897/4476 1696/2896/4477 1731/2905/4475
s 0
f 1582/2951/4478 1710/2854/4478 1735/2926/4478
f 1737/2924/4479 1711/2893/4479 38/2952/4479
f 1649/2931/4480 42/2953/4480 1548/2847/4480
s 1
f 1741/2894/4440 1720/2849/4439 43/2930/4481
s 0
f 1568/2954/4482 1721/2890/4482 1727/2899/4482
s 1
f 1689/2922/4428 1728/2921/4354 40/2933/4450
f 1584/2945/4483 1734/2909/4484 1730/2897/4485
s 0
f 1730/2897/4486 1667/2947/4486 44/2944/4486
s 1
f 1667/2947/4487 1666/2949/4488 44/2944/4489
f 44/2944/4489 1666/2949/4488 1731/2905/4490
f 1666/2949/4491 1665/2950/4473 1731/2905/4475
s 0
f 1731/2905/4492 1710/2910/4492 1664/2940/4492
f 1698/2923/4493 1737/2924/4493 38/2952/4493
s 1
f 36/2955/4494 1736/2898/4495 1732/2880/4496
f 1727/2899/4497 1546/2900/4498 1568/2954/4499
s 0
f 1722/2929/4500 1718/2912/4500 1684/2939/4500
s 1
f 1725/2632/3999 1734/2909/4435 1564/2956/4501
f 1726/2881/4426 1698/2923/4502 1573/2607/4424
f 1698/2923/4503 38/2952/4504 1559/2957/4505
s 0
f 46/2915/4506 45/2916/4506 1332/2958/4506
s 1
f 1677/2959/4507 1721/2890/4508 1568/2954/4509
s 0
f 1592/2960/4510 1593/2961/4510 1589/2962/4510
f 1644/2943/4511 1592/2963/4511 1587/2964/4511
f 1593/2965/4512 1644/2943/4512 1587/2964/4512
f 1593/2965/4513 1587/2964/4513 1589/2966/4513
f 1738/2967/4514 1707/2886/4514 1729/2907/4514
s 1
f 1717/2908/4515 1718/2912/4516 1722/2929/4445
f 1739/2914/4422 1725/2632/3928 1564/2956/4517
f 43/2968/4481 1720/2911/4439 1736/2898/4518
f 1568/2954/4499 1546/2900/4498 1689/2969/4519
f 1394/2970/4520 1689/2922/4428 40/2933/4450
s 0
f 1589/2971/4521 1587/2972/4521 1565/2973/4521
f 1587/2972/4522 40/2974/4522 1565/2973/4522
s 1
f 1688/2587/4443 1738/2975/4523 1729/2927/4441
s 0
f 1582/2951/4524 1735/2926/4524 1560/2976/4524
s 1
f 1735/2926/4436 1573/2607/4312 1560/2976/4525
f 1732/2880/4496 41/2919/4526 36/2955/4494
f 1451/2977/4527 1742/2932/4528 1743/2925/4529
s 0
f 1565/2973/4530 40/2974/4530 1465/2978/4530
f 1723/2934/4531 1592/2963/4531 1644/2943/4531
s 1
f 41/2919/4532 1712/2918/4533 1742/2932/4534
f 1677/2959/4507 1568/2954/4509 1493/2979/4535
s 0
f 39/2980/4536 1589/2971/4536 1565/2973/4536
f 1565/2973/4537 1465/2978/4537 1644/2981/4537
f 1729/2907/4538 1717/2908/4538 1224/2982/4538
s 1
f 1573/2607/4424 1698/2923/4502 1560/2976/4539
f 36/2955/4540 41/2919/4532 1742/2932/4541
f 1743/2925/4529 46/2915/4542 1513/2983/4543
f 45/2935/4457 1449/2984/4544 1397/2985/4545
f 45/2935/4457 1677/2937/4459 1449/2984/4544
f 1722/2929/4445 1724/2843/4302 1347/2986/4546
f 1564/2956/4547 1734/2909/4435 1585/2987/4548
s 0
f 1734/2909/4549 1584/2945/4549 1585/2987/4549
s 1
f 1584/2945/4469 44/2944/4550 1526/2988/4551
s 0
f 1493/2979/4552 1568/2954/4552 1512/2989/4552
f 1592/2960/4553 1589/2962/4553 1448/2990/4553
f 40/2991/4554 1466/2992/4554 1465/2993/4554
s 1
f 1466/2992/4555 39/2980/4556 1465/2993/4557
f 1731/2905/4558 1664/2940/4559 1411/2994/4560
s 0
f 1698/2923/4561 1559/2957/4561 1560/2976/4561
s 1
f 1560/2995/4562 1559/2996/4563 1256/2997/4564
s 0
f 1332/2958/4565 45/2916/4565 1470/2998/4565
f 1729/2999/4566 1593/3000/4566 1592/3001/4566
s 1
f 1411/2994/4560 1664/2940/4559 1257/3002/4567
s 0
f 1582/3003/4568 1560/2995/4568 1457/3004/4568
s 1
f 38/2952/4569 1711/2893/4570 1241/2846/4313
f 42/2953/4571 1649/2931/4572 1498/3005/4573
f 1742/2932/4528 1451/2977/4527 36/2955/4574
f 1449/3006/4575 1677/3007/4507 1493/3008/4535
s 0
f 1512/2989/4576 1568/2954/4576 1492/3009/4576
f 1587/3010/4577 1592/2960/4577 1372/3011/4577
f 1466/3012/4578 40/2933/4578 1644/2943/4578
f 39/2980/4579 1565/2973/4579 1593/3013/4579
f 1565/2973/4580 1644/2981/4580 1593/3013/4580
s 1
f 1224/2982/4581 1717/2908/4515 1722/2929/4445
s 0
f 1564/2956/4582 1585/2987/4582 1462/3014/4582
s 1
f 1462/3014/4583 1585/2987/4584 1584/2945/4585
f 1257/3002/4567 1664/2940/4559 1582/2941/4586
f 690/889/872 860/2505/3704 1039/1088/1421
f 1451/2977/4527 1743/2925/4529 1513/2983/4543
f 1513/2983/4587 46/2915/4588 1332/2958/4589
f 1470/2998/4590 45/2916/4591 1397/3015/4545
f 1378/3016/4592 1397/2985/4593 1305/3017/4594
f 1568/2954/4499 1689/2969/4519 1492/3009/4595
s 0
f 39/2980/4596 1593/3013/4596 1416/3018/4596
s 1
f 1224/2982/4581 1722/2929/4445 1347/2986/4546
f 44/2944/4550 1731/2905/4597 1526/2988/4551
s 0
f 1280/3019/4598 1731/2905/4598 1411/2994/4598
s 1
f 1135/1960/2224 1039/1088/1421 484/3020/4599
f 1548/2847/4600 42/2953/4601 1498/3005/4602
f 1649/2931/4572 43/2930/4603 1498/3005/4604
s 0
f 1425/3021/4605 1378/3022/4605 1305/3023/4605
s 1
f 1397/2985/4545 1449/2984/4544 1305/3017/4606
f 1394/3024/4607 40/3025/4608 1375/3026/4609
f 1375/3026/4609 40/3025/4608 1587/3027/4610
s 0
f 1465/2993/4611 39/2980/4611 1416/3018/4611
s 1
f 1559/2957/4505 38/2952/4504 1319/3028/4612
s 0
f 1394/3029/4613 1375/3030/4613 1372/3031/4613
f 1368/3032/4614 1592/2960/4614 1448/2990/4614
f 1448/3033/4615 1589/3034/4615 1375/3030/4615
f 1375/3030/4616 1589/3034/4616 39/3035/4616
f 39/3035/4617 1394/3036/4617 1372/3037/4617
f 1370/3038/4618 39/3035/4618 1372/3037/4618
f 1372/3031/4619 1375/3030/4619 1371/3039/4619
s 1
f 1448/3040/4620 1375/3026/4609 1587/3027/4610
s 0
f 1371/3039/4621 1375/3030/4621 1370/3038/4621
f 1375/3030/4622 39/3035/4622 1370/3038/4622
f 1371/3041/4623 1587/3027/4623 1372/3042/4623
f 1592/2960/4624 1368/3032/4624 1372/3011/4624
s 1
f 1448/3040/4625 1587/3027/4626 1371/3041/4627
f 1371/3039/4627 1370/3038/4628 1448/3043/4625
f 1370/3038/4629 1372/3037/4629 1448/3043/4629
f 1448/3044/4630 1372/3045/4631 1365/3046/4632
s 0
f 1368/3047/4633 1448/3048/4633 1364/3049/4633
f 1372/3045/4634 1368/3047/4634 1364/3049/4634
f 1364/3050/4635 1448/3044/4635 1365/3046/4635
s 1
f 1357/3051/4636 1365/3046/4632 1372/3045/4631
s 0
f 1365/3046/4637 1357/3051/4637 1354/3052/4637
f 1364/3050/4638 1365/3046/4638 1354/3052/4638
f 1357/3051/4639 1372/3045/4639 1364/3049/4639
f 1354/3053/4640 1357/3054/4640 1425/3055/4640
f 1425/3055/4641 1357/3054/4641 1364/3056/4641
s 1
f 1425/3021/4642 1364/3057/4643 1155/3058/4644
s 0
f 1364/3050/4645 1354/3052/4645 1155/3059/4645
f 1644/3060/4646 1465/3061/4646 1416/3062/4646
f 1731/2905/4647 1280/3019/4647 1526/2988/4647
s 1
f 38/2952/4569 1241/2846/4313 1319/3028/4648
s 0
f 36/2955/4649 43/2968/4649 1736/2898/4649
f 1307/3063/4650 1354/3064/4650 1230/3065/4650
s 1
f 1512/2989/4651 1492/3009/4651 1493/2979/4651
s 0
f 1593/3000/4652 1224/3066/4652 1416/3067/4652
s 1
f 1582/3003/4653 1457/3004/4654 1257/3068/4655
f 1559/2957/4563 1319/3028/4656 1256/3069/4564
f 860/2505/3704 1548/2484/3674 1218/3070/4657
s 0
f 43/3071/4658 1293/3072/4658 1498/3073/4658
s 1
f 1252/3074/4659 1451/2977/4660 1513/2983/4661
f 1252/3074/4662 1513/2983/4587 1332/2958/4663
s 0
f 1307/3063/4664 1230/3065/4664 37/3075/4664
f 1230/3076/4665 1354/3053/4665 1425/3055/4665
s 1
f 1425/3077/4666 1306/3078/4667 1246/3079/4668
f 1306/3080/4669 1284/3081/4670 1282/3082/4671
s 0
f 1306/3080/4672 1285/3083/4672 1305/3084/4672
s 1
f 1492/3009/4595 1689/2969/4519 1394/3085/4673
f 39/2980/4674 1466/2992/4555 1394/3086/4675
s 0
f 1245/3087/4676 1466/3088/4676 1416/3062/4676
f 1466/3088/4677 1644/3060/4677 1416/3062/4677
f 1224/3066/4678 1593/3000/4678 1729/2999/4678
s 1
f 1173/3089/4679 1451/2977/4660 1252/3074/4659
f 1265/3090/4680 1246/3079/4681 1306/3078/4682
s 0
f 1306/3078/4683 1425/3077/4683 1285/3091/4683
s 1
f 1740/2871/4340 1685/2913/4455 1243/3092/4684
f 1271/3093/4685 1451/2977/4660 1173/3089/4679
f 1308/3094/4686 1397/2985/4687 1378/3016/4688
s 0
f 1354/3064/4689 1307/3063/4689 1155/3095/4689
s 1
f 1230/3076/4690 1425/3055/4691 1205/3096/4692
s 0
f 1246/3097/4693 1247/3098/4693 1239/3099/4693
s 1
f 1239/3100/4694 1228/3101/4695 1265/3090/4696
f 1282/3102/4697 1285/3103/4698 1425/3104/4699
f 1719/2878/4355 1061/3105/4700 1724/2845/4304
s 0
f 1584/2945/4701 1526/2988/4701 1280/3019/4701
s 1
f 484/3020/4599 1039/1088/1421 749/3106/4702
f 749/3106/4702 1039/1088/1421 860/2505/3704
f 1378/3022/4703 1425/3021/4704 1155/3058/4644
f 1307/3063/4705 37/3075/4706 1206/3107/4707
f 1425/3108/4708 1246/3109/4709 1205/3110/4710
s 0
f 1247/3111/4711 1246/3112/4711 33/3113/4711
f 1246/3112/4712 1265/3114/4712 33/3113/4712
s 1
f 33/3115/4713 1265/3116/4696 1228/3117/4714
s 0
f 1265/3090/4715 1306/3078/4715 1239/3100/4715
s 1
f 1306/3080/4716 1228/3117/4717 1227/3118/4718
s 0
f 1227/3118/4719 1228/3117/4719 1247/3098/4719
f 1228/3117/4720 1239/3099/4720 1247/3098/4720
s 1
f 33/3115/4721 1228/3117/4717 1306/3080/4716
f 33/3115/4721 1306/3080/4669 1282/3082/4671
s 0
f 1225/3119/4722 33/3120/4722 1425/3104/4722
f 33/3120/4723 1282/3102/4723 1425/3104/4723
s 1
f 1285/3121/4698 1282/3122/4697 1305/3123/4724
s 0
f 1305/3123/4725 1282/3122/4725 1225/3119/4725
s 1
f 1282/3122/4726 1284/3124/4727 1203/3125/4728
s 0
f 1284/3081/4729 1306/3080/4729 1305/3084/4729
s 1
f 1394/3086/4730 1466/2992/4731 1245/3126/4732
s 0
f 1457/3004/4733 1196/3127/4733 1257/3068/4733
s 1
f 1113/3128/4734 1548/2847/4600 1498/3005/4602
s 0
f 43/2968/4735 36/2955/4735 1293/3129/4735
s 1
f 1231/3130/4736 1378/3022/4703 1155/3058/4644
f 1239/3100/4737 1306/3078/4738 1227/3131/4739
s 0
f 1227/3132/4740 1247/3111/4740 33/3113/4740
f 1208/3133/4741 33/3113/4741 37/3134/4741
s 1
f 1239/3135/4737 1227/3136/4739 1246/3137/4742
f 1227/3138/4739 1230/3139/4743 1246/3109/4742
s 0
f 1246/3109/4744 1230/3139/4744 1207/3140/4744
f 1207/3141/4745 1230/3076/4745 1205/3096/4745
s 1
f 1206/3142/4746 1205/3110/4747 1246/3109/4748
s 0
f 1209/3143/4749 1227/3138/4749 1207/3144/4749
f 1206/3142/4750 1246/3109/4750 1207/3140/4750
f 1209/3143/4751 1230/3139/4751 1227/3138/4751
s 1
f 37/3134/4752 1230/3145/4753 1208/3133/4754
s 0
f 1209/3143/4755 1207/3144/4755 1208/3146/4755
s 1
f 1207/3141/4756 1205/3096/4757 1208/3147/4758
s 0
f 1206/3142/4759 1207/3140/4759 1227/3148/4759
f 1227/3132/4760 33/3113/4760 1208/3133/4760
s 1
f 1230/3139/4753 1209/3143/4761 1208/3146/4754
s 0
f 1206/3149/4762 1227/3150/4762 1208/3151/4762
s 1
f 1208/3151/4758 1205/3152/4757 1204/3153/4763
s 0
f 1206/3149/4764 1208/3151/4764 1204/3153/4764
s 1
f 37/3075/4765 1205/3152/4766 1206/3107/4767
s 0
f 1205/3152/4768 37/3075/4768 1204/3153/4768
f 1204/3154/4769 37/3134/4769 33/3113/4769
f 1284/3081/4770 1305/3084/4770 1203/3155/4770
s 1
f 1280/3019/4771 1411/2994/4772 947/3156/4773
f 1411/2994/4774 1257/3002/4775 1144/3157/4776
f 1195/3158/4777 1257/3068/4778 1196/3127/4779
f 1241/2846/4780 1256/3069/4564 1319/3028/4656
f 36/2955/4781 1451/2977/4660 1271/3093/4685
f 1308/3094/4782 1378/3016/4703 32/3159/4783
f 1378/3160/4703 1231/3161/4736 35/3162/4784
s 0
f 1206/3107/4785 1204/3163/4785 33/3164/4785
f 1225/3119/4786 1425/3104/4786 1305/3123/4786
s 1
f 1199/3165/4787 1724/2843/4302 1061/3166/4788
f 1584/2945/4585 1280/3019/4789 1462/3014/4583
f 1195/3167/4790 1196/3168/4779 918/3169/4791
s 0
f 1196/3170/4792 1142/3171/4792 1241/2846/4792
s 1
f 1142/3171/4793 1256/3069/4564 1241/2846/4780
f 1378/3160/4703 35/3162/4784 32/3172/4783
f 1169/3173/4794 1028/3174/4795 1168/3175/4796
f 1028/3174/4797 1169/3173/4798 1158/3176/4799
f 1028/3177/4800 1158/3178/4800 1163/3179/4800
s 0
f 1171/3180/4801 1028/3177/4801 1163/3179/4801
s 1
f 1158/3176/4802 1169/3173/4803 1166/3181/4804
f 1169/3173/4805 1171/3182/4806 1166/3181/4807
f 1163/3183/4808 1166/3181/4807 1171/3182/4806
f 1163/3184/4809 1158/3185/4810 35/3162/4811
f 1166/3186/4812 1163/3184/4813 35/3162/4814
f 1225/3119/4815 1282/3122/4726 1203/3125/4816
s 0
f 1493/3008/4817 1492/3187/4817 1203/3188/4817
s 1
f 1564/2956/4517 1462/3014/4818 1243/3092/4819
s 0
f 1243/3092/4820 1462/3014/4820 1149/3189/4820
f 1195/3167/4821 918/3169/4821 1142/3190/4821
s 1
f 1498/3073/4602 1293/3072/4822 1113/3191/4734
f 32/3172/4823 35/3162/4811 1158/3185/4810
f 1166/3186/4812 35/3162/4814 1109/3192/4824
f 1206/3107/4707 33/3164/4825 1307/3063/4705
f 1203/3188/4826 1305/3193/4826 1449/3006/4826
s 0
f 1449/3006/4827 1493/3008/4827 1203/3188/4827
s 1
f 1077/3194/4828 1724/2843/4302 1199/3165/4787
f 1739/2914/4422 1564/2956/4517 1243/3092/4829
s 0
f 1144/38/4830 34/37/4830 1147/3195/4830
f 1147/3195/4831 34/37/4831 1122/3196/4831
f 1256/3197/4832 1142/3190/4832 1051/3198/4832
s 1
f 1231/3130/4833 1155/3058/4644 1040/3199/4834
f 1245/3200/4732 1492/3009/4835 1394/3085/4730
f 1411/2994/4836 1147/3201/4837 947/3156/4838
s 0
f 1142/3171/4839 1196/3170/4839 1457/3202/4839
s 1
f 1457/3004/4840 1560/2995/4562 1256/2997/4564
f 32/3203/4841 1158/3204/4802 1109/3192/4842
f 1158/3204/4802 1166/3186/4804 1109/3192/4842
f 1307/3063/4705 33/3164/4825 1185/3205/4843
f 1685/2913/4414 1739/2914/4416 1243/3092/4844
s 0
f 1149/3189/4845 1462/3014/4845 947/3156/4845
f 947/3156/4846 1462/3014/4846 1280/3019/4846
s 1
f 1147/3201/4837 1411/2994/4836 1144/3157/4847
f 1042/3206/4848 1271/3093/4849 1173/3089/4850
s 0
f 34/37/4851 1052/39/4851 1122/3196/4851
f 1195/3207/4852 1142/3208/4852 1457/3209/4852
f 1051/3198/4853 1142/3190/4853 918/3169/4853
f 876/3210/4854 1042/3211/4854 1173/3212/4854
s 1
f 1203/3188/4855 1492/3187/4835 1245/3213/4732
s 0
f 1155/3095/4856 1307/3063/4856 1185/3205/4856
f 1225/3119/4857 1203/3125/4857 33/3120/4857
s 1
f 1168/3175/4858 1416/3214/4859 1224/2982/4860
f 1027/3215/4861 1224/2982/4581 1347/2986/4546
f 1347/2986/4546 1724/2843/4302 1077/3194/4828
s 0
f 1028/3177/4862 1245/3087/4862 1416/3062/4862
s 1
f 1185/3216/4843 33/3217/4825 1203/3218/4863
f 1168/3175/4858 1224/2982/4860 1027/3215/4864
f 31/3219/4865 987/3220/4866 1040/3221/4867
f 1014/3222/4868 1040/3223/4869 1155/3224/4870
f 1014/3225/4868 1155/3226/4870 1185/3216/4871
f 1185/3216/4872 1203/3218/4873 1028/3177/4874
s 0
f 1203/3218/4875 1245/3087/4875 1028/3177/4875
s 1
f 1168/3175/4796 1028/3174/4795 1416/3214/4876
s 0
f 1077/3194/4877 1199/3165/4877 31/3227/4877
f 1027/3215/4878 1347/2986/4878 1077/3194/4878
f 1077/3194/4879 31/3227/4879 1027/3215/4879
s 1
f 31/3227/4865 1040/3223/4867 1014/3222/4880
f 31/3227/4865 1014/3222/4880 1027/3215/4881
s 0
f 1171/3182/4882 1169/3173/4882 1168/3175/4882
s 1
f 1185/3216/4872 1028/3177/4874 1014/3225/4883
s 0
f 1014/3225/4884 1028/3177/4884 1171/3180/4884
f 1171/3182/4885 1168/3175/4885 1027/3215/4885
f 1171/3182/4886 1027/3215/4886 1011/3228/4886
s 1
f 1011/3228/4887 1027/3215/4888 1014/3222/4889
f 994/3229/4890 1171/3230/4891 1003/3231/4892
f 1171/3182/4893 1011/3228/4894 1003/3232/4895
f 1014/3222/4896 1171/3230/4897 994/3229/4898
f 1011/3228/4887 1014/3222/4889 994/3229/4899
f 1003/3232/4895 1011/3228/4894 1002/3233/4900
f 1002/3233/4901 1011/3228/4887 994/3229/4899
f 991/3234/4902 1003/3235/4895 1002/3236/4900
f 1231/3161/4903 1003/3235/4904 991/3234/4905
s 0
f 991/3234/4906 1002/3236/4906 984/3237/4906
s 1
f 1002/3233/4901 994/3229/4899 987/3238/4907
s 0
f 987/3238/4908 994/3229/4908 1003/3231/4908
s 1
f 987/3220/4907 984/3237/4909 1002/3236/4901
s 0
f 1003/3235/4910 1231/3161/4910 987/3239/4910
s 1
f 31/3219/4865 984/3237/4911 987/3220/4866
f 29/3240/4912 1144/38/4913 1257/3068/4775
f 29/3240/4912 1257/3068/4775 1195/3158/4914
f 36/2955/4915 939/3241/4916 1293/3129/4917
s 0
f 987/3242/4918 1231/3243/4918 971/3244/4918
f 1231/3243/4919 984/3237/4919 971/3244/4919
f 971/3244/4920 984/3237/4920 31/3219/4920
f 31/3227/4921 1199/3165/4921 1061/3166/4921
s 1
f 868/3245/4922 1719/2878/4355 1740/2871/4394
f 1051/3246/4923 29/3240/4912 1195/3158/4914
f 1134/3247/2186 1135/1960/2224 484/3020/4599
s 0
f 1045/3248/4924 1548/2847/4924 1113/3128/4924
s 1
f 956/3249/4925 1271/3093/4849 1042/3206/4848
f 1332/2958/4926 1470/2998/4927 804/3250/4928
f 935/3251/4929 1397/2985/4930 1308/3094/4931
f 1040/3199/4932 987/3252/4933 1061/3253/4934
f 987/3252/4933 971/3254/4935 1061/3253/4934
s 0
f 971/3254/4936 31/3255/4936 1061/3253/4936
f 1195/3207/4937 1457/3209/4937 1051/3198/4937
f 1457/3209/4938 1256/3197/4938 1051/3198/4938
f 918/3256/4939 1196/3170/4939 1241/2846/4939
f 1548/2847/4940 1045/3248/4940 1218/3257/4940
s 1
f 804/3250/4928 1252/3074/4941 1332/2958/4926
f 1470/3258/4590 1397/3259/4545 927/3260/4942
s 0
f 1231/3130/4943 1040/3199/4943 1061/3253/4943
f 1113/3191/4944 939/3261/4944 1045/3262/4944
f 875/3263/4945 935/3264/4945 1470/3258/4945
s 1
f 28/3265/4946 32/3203/4947 1109/3192/4948
f 991/3234/4949 984/3237/4950 924/3266/4951
f 924/3266/4951 984/3237/4950 1061/3267/4952
s 0
f 984/3237/4953 1231/3243/4953 1061/3267/4953
s 1
f 868/3245/4922 1061/3105/4700 1719/2878/4355
f 1122/3196/4954 1052/39/4955 816/3268/4956
s 0
f 1052/39/4957 1144/38/4957 29/3240/4957
f 1218/3269/4958 886/3270/4958 860/3271/4958
f 1113/3191/4959 1293/3072/4959 939/3261/4959
s 1
f 36/2955/4960 1271/3093/4961 939/3241/4962
s 0
f 874/3272/4963 928/3273/4963 804/3274/4963
f 876/3210/4964 1173/3212/4964 804/3274/4964
s 1
f 1252/3074/4941 804/3250/4928 1173/3089/4965
f 804/3250/4928 1470/2998/4927 935/3275/4966
s 0
f 928/3273/4967 876/3210/4967 804/3274/4967
s 1
f 35/3162/4968 1231/3161/4903 991/3234/4905
f 928/3273/4969 935/3264/4970 875/3263/4971
s 0
f 927/3260/4972 1397/3259/4972 791/3276/4972
f 1308/3094/4973 732/3277/4973 935/3251/4973
s 1
f 868/3245/4974 1740/2871/4340 1243/3092/4684
s 0
f 947/3278/4975 1147/3195/4975 1122/3196/4975
f 1218/3269/4976 30/3279/4976 886/3270/4976
f 876/3280/4977 875/3281/4977 837/3282/4977
f 876/3280/4978 841/3283/4978 875/3281/4978
f 827/3284/4979 841/3283/4979 876/3280/4979
s 1
f 841/3283/4980 928/3285/4969 875/3281/4971
s 0
f 927/3260/4981 875/3263/4981 1470/3258/4981
s 1
f 927/3260/4982 791/3276/4983 837/3282/4984
s 0
f 827/3286/4985 837/3287/4985 875/3288/4985
f 875/3288/4986 927/3289/4986 827/3286/4986
f 841/3283/4987 827/3284/4987 928/3285/4987
s 1
f 829/3290/4988 927/3289/4982 837/3291/4984
s 0
f 837/3292/4989 827/3293/4989 830/3294/4989
f 827/3293/4990 876/3295/4990 830/3294/4990
f 830/3294/4991 876/3295/4991 928/3296/4991
f 928/3296/4992 827/3286/4992 927/3289/4992
f 830/3294/4993 928/3296/4993 927/3289/4993
f 830/3294/4994 676/3297/4994 837/3292/4994
f 927/3289/4995 829/3290/4995 830/3294/4995
f 829/3290/4996 837/3291/4996 676/3298/4996
f 676/3298/4997 828/3299/4997 829/3290/4997
s 1
f 830/3294/4998 886/3300/4999 828/3301/5000
f 939/3241/4962 1271/3093/4961 956/3249/5001
s 0
f 1397/3259/5002 874/3302/5002 791/3276/5002
f 935/3264/5003 928/3273/5003 874/3272/5003
f 1109/3192/5004 35/3162/5004 821/3303/5004
s 1
f 35/3162/4968 991/3234/5005 821/3303/5006
s 0
f 1241/3304/5007 1134/3305/5007 918/3169/5007
f 876/3280/5008 837/3282/5008 791/3276/5008
f 874/3302/5009 1397/3259/5009 935/3306/5009
s 1
f 804/3250/5010 935/3275/5010 803/3307/5010
s 0
f 732/3308/5011 1308/3309/5011 745/3310/5011
s 1
f 32/3311/5012 745/3312/5013 1308/3313/4782
f 32/3311/4947 28/3314/4946 728/3315/5014
f 868/3245/4974 1243/3092/4684 27/3316/5015
f 886/3300/4999 830/3294/4998 860/3317/5016
s 0
f 30/3279/5017 1218/3269/5017 1045/3262/5017
s 1
f 745/3312/5013 32/3311/5012 728/3315/5018
s 0
f 800/3318/5019 924/3266/5019 1061/3267/5019
s 1
f 1149/3189/5020 947/3156/5021 817/3319/5022
s 0
f 816/3268/5023 947/3278/5023 1122/3196/5023
s 1
f 897/3320/5024 1052/39/4955 29/3240/5025
f 897/3320/5024 29/3240/5025 1051/3246/5026
s 0
f 876/3210/5027 791/3321/5027 1042/3211/5027
f 28/35/5028 675/34/5028 719/3322/5028
f 668/3323/5029 991/3234/5029 924/3266/5029
f 860/3317/5030 829/3290/5030 792/3324/5030
f 829/3290/5031 828/3299/5031 792/3324/5031
s 1
f 792/3325/5032 30/3279/5033 1045/3262/5034
s 0
f 698/3326/5035 28/35/5035 719/3322/5035
s 1
f 1149/3189/5020 817/3319/5022 689/3327/5036
s 0
f 830/3294/5037 829/3290/5037 860/3317/5037
f 939/3328/5038 956/3329/5038 830/3294/5038
f 803/3330/5039 732/3331/5039 804/3274/5039
f 777/36/5040 28/35/5040 598/3332/5040
s 1
f 28/3265/4946 1109/3192/4948 821/3303/5041
f 1061/3105/4700 868/3245/5042 800/3333/5043
f 27/3316/5044 1243/3092/5045 1149/3189/5046
f 816/3268/4956 1052/39/4955 897/3320/5024
s 0
f 830/3294/5047 828/3301/5047 939/3328/5047
f 676/3297/5048 830/3294/5048 956/3329/5048
f 745/3310/5049 791/3276/5049 732/3308/5049
f 791/3276/5050 874/3302/5050 732/3308/5050
f 874/3272/5051 804/3274/5051 732/3331/5051
s 1
f 935/3334/5052 732/3335/5053 728/3315/5054
s 0
f 720/3336/5055 935/3334/5055 728/3315/5055
s 1
f 728/3315/5054 732/3335/5053 719/3337/5056
s 0
f 803/3338/5057 935/3334/5057 720/3336/5057
f 732/3339/5058 803/3338/5058 646/3340/5058
f 646/3340/5059 803/3338/5059 720/3336/5059
s 1
f 720/3336/5060 728/3315/5061 698/3341/5062
f 897/3320/5024 1051/3246/5026 711/3342/5063
f 749/3343/5064 860/3344/5065 694/3345/5066
s 0
f 860/3317/5067 792/3324/5067 694/3346/5067
f 828/3301/5068 886/3300/5068 792/3347/5068
f 886/3270/5069 30/3279/5069 792/3325/5069
f 828/3301/5070 676/3348/5070 939/3328/5070
s 1
f 27/3316/5044 1149/3189/5071 689/3327/5072
f 947/3278/5021 674/3349/5073 817/3350/5022
s 0
f 1045/3262/5074 939/3261/5074 676/3351/5074
s 1
f 676/3352/5075 956/3249/5076 1042/3206/5077
s 0
f 698/3341/5078 777/3353/5078 598/3354/5078
s 1
f 821/3303/5006 991/3234/5005 598/3355/5079
s 0
f 991/3234/5080 668/3323/5080 598/3355/5080
f 711/3356/5081 1051/3198/5081 918/3169/5081
s 1
f 1045/3262/5034 676/3351/5082 792/3325/5032
s 0
f 719/3357/5083 732/3339/5083 646/3340/5083
f 1042/3211/5084 791/3321/5084 656/3358/5084
s 1
f 791/3321/5085 745/3359/5085 656/3358/5085
s 0
f 728/3315/5086 28/3314/5086 698/3341/5086
s 1
f 674/3349/5073 947/3278/5021 816/3268/5087
f 924/3266/5088 800/3318/5089 642/3360/5090
f 868/3245/4974 27/3316/5091 661/3361/5092
f 651/3362/5093 816/3268/5094 897/3320/5095
s 0
f 1134/3305/5096 711/3356/5096 918/3169/5096
f 676/3363/5097 615/3364/5097 26/3365/5097
f 694/3366/5098 615/3364/5098 676/3363/5098
f 694/3345/5099 502/3367/5099 571/3368/5099
s 1
f 745/3369/5013 728/3370/5018 675/3371/5100
f 598/3355/5079 28/3265/5101 821/3303/5006
s 0
f 650/3372/5102 711/3342/5102 1134/3373/5102
s 1
f 502/33/5103 25/32/5104 667/3374/5105
s 0
f 676/3375/5106 26/3376/5106 657/3377/5106
s 1
f 689/3378/5107 817/3350/5108 526/3379/5109
f 651/3362/5093 897/3320/5095 711/3342/5110
f 24/31/5111 667/3380/5112 749/29/5113
f 657/3377/5114 26/3376/5115 647/3381/5116
s 0
f 676/3352/5117 1042/3206/5117 656/3382/5117
s 1
f 491/3383/5118 674/3349/5073 816/3268/5087
s 0
f 694/3366/5119 676/3363/5119 656/3384/5119
s 1
f 21/3385/5120 675/3371/24 641/3386/5121
f 675/3387/24 777/3388/26 641/3389/5121
f 668/3323/5122 924/3266/5088 642/3360/5090
s 0
f 868/3245/5123 661/3361/5123 800/3333/5123
s 1
f 21/3385/5120 637/3390/5124 675/3371/24
s 0
f 628/3391/5125 637/3392/5125 24/3393/5125
f 26/3394/5126 694/3395/5126 656/3396/5126
s 1
f 24/3393/5127 694/3397/5128 628/3391/5129
s 0
f 675/3371/5130 656/3398/5130 745/3369/5130
f 675/34/5131 728/3399/5131 719/3322/5131
s 1
f 627/3400/5132 622/3401/5133 26/3402/5134
s 0
f 26/3402/5135 622/3401/5135 694/3403/5135
f 792/3325/5136 676/3351/5136 657/3404/5136
s 1
f 611/3405/5137 657/3377/5138 647/3381/5139
f 637/3390/5140 626/3406/5141 23/3407/5142
s 0
f 626/28/5143 628/27/5143 23/3408/5143
s 1
f 26/3402/5134 637/3409/5144 627/3400/5132
f 637/3409/5144 628/3410/5145 627/3400/5132
s 0
f 626/3406/5146 637/3390/5146 26/3411/5146
s 1
f 23/3407/5142 675/3371/5147 637/3390/5148
f 628/3391/5129 694/3397/5128 622/3412/5149
s 0
f 627/3413/5150 626/23/5150 622/3414/5150
f 694/3415/5151 792/3325/5151 615/3416/5151
s 1
f 26/3394/5115 656/3396/5152 647/3417/5116
s 0
f 792/3325/5153 657/3404/5153 615/3416/5153
f 23/3408/5154 628/27/5154 641/3389/5154
f 590/3418/5155 567/3419/5155 608/3420/5155
f 590/3418/5156 608/3420/5156 605/3421/5156
f 777/3422/5157 698/3326/5157 719/3322/5157
s 1
f 720/3336/5060 698/3341/5062 598/3354/5158
f 667/3423/5112 24/3393/5111 637/3392/5159
s 0
f 641/3389/5160 628/27/5160 21/24/5160
f 22/22/5161 20/3424/5161 582/3425/5161
f 20/25/5162 626/23/5162 582/3426/5162
f 816/3268/5163 651/3362/5163 491/3383/5163
f 484/3427/5164 749/3428/5164 25/3429/5164
f 622/3414/5165 626/23/5165 22/22/5165
s 1
f 611/3405/5137 608/3430/5166 657/3377/5138
s 0
f 647/3417/5167 656/3396/5167 614/3431/5167
s 1
f 27/3316/5168 689/3327/5169 661/3361/5170
s 0
f 711/3342/5171 650/3372/5171 491/3383/5171
s 1
f 749/29/5172 667/3380/5105 25/3432/5104
s 0
f 622/3414/5173 22/22/5173 582/3425/5173
s 1
f 605/3421/5174 608/3420/5166 611/3433/5137
f 668/3323/5122 642/3360/5090 432/3434/5175
f 651/3362/5093 711/3342/5110 491/3383/5176
s 0
f 491/3383/5177 650/3372/5177 1134/3373/5177
f 484/3427/5178 25/3429/5178 572/3435/5178
f 628/3436/5179 622/3437/5179 582/3438/5179
f 582/3438/5180 626/3439/5180 470/3440/5180
f 611/3441/5181 647/3417/5181 614/3431/5181
s 1
f 598/3442/5182 668/3443/5183 455/3444/5184
f 455/3444/5184 668/3443/5183 417/3445/5185
f 509/3446/5186 661/3447/5187 689/3378/5188
f 1134/3448/2186 484/3449/4599 474/3450/5189
f 749/3343/5064 694/3345/5190 571/3368/5191
f 517/3451/5192 502/3367/5193 582/3438/5194
s 0
f 502/3367/5195 694/3345/5195 24/3452/5195
s 1
f 667/3423/5196 637/3392/5124 21/3453/5120
s 0
f 626/3439/5197 26/3454/5197 470/3440/5197
s 1
f 611/3441/5198 614/3431/5199 536/3455/5200
f 656/3398/5201 675/3371/5202 23/3407/5203
f 817/3350/5108 674/3349/5204 526/3379/5109
s 0
f 667/3423/5205 21/3453/5205 484/3456/5205
f 22/22/5206 21/24/5206 628/27/5206
f 628/3436/5207 582/3438/5207 502/3367/5207
s 1
f 26/3365/5208 615/3364/5209 470/3457/5210
f 614/3431/5211 656/3396/5201 23/3458/5203
f 455/3459/5212 646/3340/5213 720/3336/5214
f 484/3427/5215 572/3435/5216 667/3460/5217
f 20/3424/5218 22/22/5219 628/27/5220
s 0
f 567/3419/5221 590/3418/5221 517/3461/5221
f 615/3364/5222 657/3377/5222 608/3430/5222
f 605/3421/5223 483/3462/5223 590/3418/5223
s 1
f 536/3463/5224 470/3457/5210 615/3364/5209
s 0
f 615/3364/5225 608/3430/5225 567/3464/5225
s 1
f 777/3388/5226 719/3465/5227 646/3466/5228
f 455/3467/5229 777/3388/5226 646/3466/5228
f 689/3378/5230 526/3379/5231 509/3446/5232
s 0
f 25/3429/5233 571/3468/5233 572/3435/5233
s 1
f 571/3368/5234 502/3367/5193 517/3451/5192
s 0
f 517/3461/5235 590/3418/5235 483/3462/5235
s 1
f 483/3462/5236 605/3421/5237 611/3433/5198
s 0
f 513/3469/5238 582/3438/5238 470/3440/5238
s 1
f 536/3455/5239 614/3431/5240 470/3470/5241
f 483/3471/5236 611/3472/5198 536/3473/5200
f 615/3364/5242 567/3464/5243 536/3463/5224
s 0
f 23/3408/5244 641/3389/5244 777/3388/5244
s 1
f 455/3459/5212 720/3336/5245 598/3354/5246
f 432/3434/5175 642/3360/5090 800/3318/5089
f 502/33/5247 667/3374/5248 572/3474/5249
s 0
f 536/3475/5250 567/3419/5250 517/3461/5250
s 1
f 1134/3448/2186 474/3450/5189 422/3476/5251
f 544/3477/5252 668/3443/5253 457/3478/5254
s 0
f 661/3479/5255 509/3480/5255 477/3481/5255
s 1
f 572/3474/5256 490/3482/5257 502/33/5258
s 0
f 463/3483/5259 517/3461/5259 483/3462/5259
f 517/3451/5260 582/3438/5260 536/3473/5260
s 1
f 614/3431/5240 23/3458/5261 470/3470/5241
s 0
f 417/3445/5262 668/3443/5262 544/3477/5262
s 1
f 457/3478/5263 668/3443/5264 432/3484/5265
f 476/3485/5266 526/3379/5231 456/3486/5267
f 674/3349/5204 487/3487/5268 526/3379/5109
f 463/3488/5269 484/3456/5270 490/3489/5271
f 490/3489/5271 484/3456/5270 21/3453/5272
f 800/3333/5273 661/3361/5274 432/3490/5275
f 509/3446/5232 526/3379/5231 476/3485/5266
s 0
f 582/3438/5276 513/3469/5276 536/3473/5276
s 1
f 513/3469/5277 470/3440/5278 20/3491/5279
f 674/3349/5204 491/3383/5118 487/3487/5268
s 0
f 490/3489/5280 21/3453/5280 426/3492/5280
f 21/3453/5281 20/3493/5281 426/3492/5281
s 1
f 20/3494/5218 628/3436/5220 490/3495/5282
f 628/3436/5220 502/3367/5258 490/3495/5282
s 0
f 571/3468/5283 517/3496/5283 463/3497/5283
f 490/3498/5284 572/3435/5284 571/3468/5284
f 426/3499/5285 463/3483/5285 483/3462/5285
s 1
f 483/3471/5236 536/3473/5200 513/3469/5286
s 0
f 426/3500/5287 483/3471/5287 513/3469/5287
s 1
f 513/3501/5277 20/3494/5279 490/3495/5288
s 0
f 490/3498/5289 571/3468/5289 463/3497/5289
f 426/3492/5290 513/3502/5290 490/3489/5290
s 1
f 526/3379/5231 420/3503/5291 456/3486/5267
f 487/3487/5292 491/3383/5293 422/3504/5294
f 491/3383/5293 1134/3373/5295 422/3504/5294
s 0
f 426/3505/5296 23/3408/5296 777/3388/5296
s 1
f 420/3503/5297 526/3379/5109 487/3487/5268
s 0
f 470/3506/5298 23/3408/5298 426/3505/5298
f 777/3388/5299 455/3467/5299 426/3505/5299
s 1
f 420/3507/5300 487/3508/5301 422/3476/5302
s 0
f 422/3476/5303 415/3509/5303 420/3507/5303
f 20/3493/5304 470/3510/5304 426/3492/5304
s 1
f 544/3477/5305 457/3478/5306 417/3445/5307
s 0
f 432/3484/5308 477/3481/5308 18/3511/5308
s 1
f 432/3484/5309 661/3479/5310 477/3481/5311
f 456/3486/5267 420/3503/5291 361/3512/5312
f 476/3485/5266 456/3486/5267 509/3446/5232
f 474/3450/5189 484/3449/4599 463/3513/5313
f 463/3513/5314 426/3514/5315 394/3515/5316
f 394/3516/5317 455/3517/5318 417/3518/5319
s 0
f 432/3484/5320 18/3511/5320 457/3478/5320
s 1
f 417/3445/5307 457/3478/5306 18/3511/5321
f 398/3519/5322 477/3481/5323 509/3480/5324
s 0
f 403/3520/5325 415/3509/5325 422/3476/5325
s 1
f 426/3514/5315 455/3521/5326 394/3515/5316
f 398/3522/5327 509/3446/5328 361/3512/5329
f 463/3513/5330 394/3515/5331 19/3523/5332
s 0
f 367/3524/5333 415/3525/5333 403/3526/5333
s 1
f 456/3486/5267 361/3512/5312 509/3446/5232
f 383/3527/5334 463/3513/5313 19/3523/5335
f 394/3516/5331 417/3518/5336 348/3528/5337
s 0
f 420/3503/5338 415/3525/5338 367/3524/5338
s 1
f 474/3450/5189 463/3513/5313 345/3529/5339
f 348/3528/5340 417/3518/5341 399/3530/5342
s 0
f 16/3531/5343 399/3530/5343 380/3532/5343
s 1
f 17/3533/5344 378/3534/5345 399/3535/5346
f 17/3533/5344 16/3536/5347 378/3534/5348
s 0
f 399/3530/5349 379/3537/5349 380/3532/5349
f 15/3538/5350 380/3539/5350 379/3540/5350
s 1
f 379/3541/5351 399/3535/5352 378/3534/5353
f 377/3542/5354 380/3543/5355 378/3534/5356
s 0
f 380/3539/5357 15/3538/5357 378/3544/5357
s 1
f 10/17/14 11/3545/5358 12/20/12
s 0
f 15/3538/5359 377/3546/5359 16/3547/5359
f 377/3542/5360 378/3534/5360 16/3536/5360
f 16/3531/5361 380/3532/5361 372/3548/5361
s 1
f 380/3532/5355 377/3549/5354 372/3548/5362
s 0
f 377/3546/5363 15/3538/5363 372/3550/5363
s 1
f 379/3551/5351 378/3552/5353 371/3553/5364
f 378/3544/5365 15/3538/5365 371/3554/5365
s 0
f 15/3538/5366 16/3547/5366 371/3554/5366
f 16/3531/5367 372/3548/5367 371/3555/5367
s 1
f 15/19/11 358/18/10 372/3556/5368
f 373/14/5369 15/15/5370 344/3557/5371
f 15/15/5370 379/3551/5372 344/3557/5371
s 0
f 372/3556/5373 358/18/5373 371/3558/5373
s 1
f 399/3535/5342 417/3445/5341 18/3511/5374
f 345/3529/5339 463/3513/5313 383/3527/5334
f 16/3536/5347 17/3533/5344 357/3559/5375
f 14/12/5376 373/14/5377 353/3560/5378
s 0
f 17/3533/5379 399/3535/5379 344/3557/5379
s 1
f 367/3524/5380 361/3512/5312 420/3503/5291
f 19/3523/5381 359/3561/5382 383/3527/5383
f 19/3523/5332 394/3515/5331 348/3562/5337
s 0
f 399/3530/5384 16/3531/5384 357/3563/5384
f 11/16/5385 14/12/5385 353/3560/5385
s 1
f 422/3476/5251 474/3450/5386 403/3520/5387
f 348/3528/5340 399/3530/5388 357/3563/5389
s 0
f 17/3533/5390 379/3551/5390 357/3559/5390
f 379/3551/5391 371/3553/5391 357/3559/5391
f 18/3511/5392 477/3481/5392 398/3519/5392
s 1
f 359/3561/5382 19/3523/5381 348/3562/5393
f 357/3564/5394 371/3558/5395 358/18/5396
f 358/3565/5396 9/3566/5397 357/3567/5394
f 379/3551/5398 17/3533/5398 344/3557/5398
f 399/3535/5342 18/3511/5374 344/3557/5399
s 0
f 349/3568/5400 358/3569/5400 347/3570/5400
s 1
f 374/21/13 12/20/12 350/3571/5401
f 353/3560/5378 373/14/5377 344/3557/5402
s 0
f 9/3566/5403 359/3561/5403 357/3567/5403
s 1
f 357/3567/5404 359/3561/5405 349/3572/5406
s 0
f 349/3572/5407 359/3561/5407 348/3562/5407
f 348/3573/5408 357/3574/5408 347/3570/5408
s 1
f 347/3570/5409 357/3574/5404 349/3568/5406
s 0
f 305/3575/5410 348/3573/5410 347/3570/5410
s 1
f 358/18/17 374/21/16 337/3576/5411
s 0
f 348/3562/5412 305/3577/5412 349/3572/5412
f 12/3578/5413 11/16/5413 353/3560/5413
f 358/3569/5414 349/3568/5414 9/3579/5414
f 344/3557/5415 18/3511/5415 398/3519/5415
s 1
f 361/3512/5329 367/3524/5416 302/3580/5417
f 474/3581/5418 367/3524/5419 403/3526/5420
f 398/3522/5327 361/3512/5329 302/3580/5417
f 345/3529/5421 383/3527/5422 340/3582/5423
s 0
f 321/3583/5424 332/3584/5424 347/3570/5424
f 305/3575/5425 347/3570/5425 332/3584/5425
s 1
f 12/3578/12 353/3560/5426 350/3585/5401
f 383/3527/5422 359/3561/5427 340/3582/5423
s 0
f 349/3586/5428 305/3587/5428 310/3588/5428
s 1
f 332/3584/5429 331/3589/5430 305/3575/5430
f 337/3576/5431 374/21/13 350/3571/5401
f 398/3590/5432 322/3591/5432 344/3592/5432
s 0
f 322/3591/5433 182/3593/5433 344/3592/5433
f 62/3594/5434 353/3595/5434 182/3596/5434
s 1
f 344/3592/5402 182/3593/5435 353/3597/5378
s 0
f 62/3594/5436 398/3590/5436 353/3595/5436
s 1
f 302/3580/5437 367/3524/5419 474/3581/5418
s 0
f 306/3598/5438 359/3599/5438 305/3600/5438
f 305/3600/5439 359/3599/5439 9/3601/5439
s 1
f 331/3589/5440 318/3602/5441 305/3575/5430
f 9/3601/5442 349/3603/5443 205/3604/5444
f 349/3603/5443 310/3605/5445 205/3604/5444
s 0
f 331/3589/5446 332/3584/5446 321/3583/5446
s 1
f 358/18/5447 337/3576/5448 347/3606/5449
s 0
f 306/3598/5450 305/3600/5450 318/3607/5450
s 1
f 318/3602/5451 331/3589/5452 310/3608/5453
f 337/3609/5431 350/3610/5401 280/3611/5454
f 303/3612/5455 398/3522/5456 302/3580/5457
s 0
f 8/3613/5458 474/3581/5458 345/3614/5458
s 1
f 309/3615/5459 318/3616/5460 310/3588/5461
s 0
f 310/3608/5462 331/3589/5462 321/3583/5462
s 1
f 337/3609/5448 304/3617/5463 347/3618/5449
s 0
f 318/3616/5464 309/3615/5464 306/3619/5464
f 305/3600/5465 9/3601/5465 205/3604/5465
f 306/3619/5466 309/3615/5466 269/3620/5466
s 1
f 309/3615/5467 310/3588/5468 269/3620/5469
f 310/3608/5445 282/3621/5470 205/3622/5444
f 304/3617/5471 337/3609/5431 280/3611/5454
s 0
f 310/3608/5472 321/3583/5472 282/3621/5472
s 1
f 353/3623/5473 398/3522/5474 303/3612/5475
f 8/3613/5476 302/3580/5457 474/3581/5477
f 235/3624/5478 273/3625/5479 353/3623/5480
s 0
f 345/3614/5481 340/3626/5481 8/3613/5481
s 1
f 192/3627/5482 340/3582/5483 359/3561/5484
f 359/3628/5484 306/3619/5485 192/3629/5482
f 280/3611/5486 350/3610/5487 273/3630/5488
f 350/3631/5487 353/3623/5426 273/3625/5488
f 310/3588/5468 305/3587/5489 269/3620/5469
f 305/3587/5490 205/3632/5491 269/3620/5492
f 303/3612/5455 302/3580/5457 8/3613/5476
f 321/3633/5493 347/3618/5449 304/3617/5463
f 235/3624/5494 353/3623/5473 303/3612/5475
s 0
f 306/3619/5495 269/3620/5495 231/3634/5495
f 340/3626/5496 192/3635/5496 8/3613/5496
s 1
f 204/3636/5497 205/3632/5498 282/3637/5499
s 0
f 192/3629/5500 306/3619/5500 231/3634/5500
f 280/3611/5501 273/3630/5501 182/3593/5501
f 182/3593/5502 235/3638/5502 5/3639/5502
f 5/3640/5503 235/3624/5503 303/3612/5503
s 1
f 231/3634/5504 269/3620/5492 187/3641/5505
f 273/3630/5506 235/3638/5507 182/3593/5508
f 303/3612/5455 8/3613/5476 187/3642/5509
f 322/3591/5510 304/3617/5471 280/3611/5454
f 5/3640/5511 303/3612/5512 188/3643/5513
f 205/3632/5514 187/3641/5505 269/3620/5492
f 205/3632/5498 204/3636/5497 187/3641/5515
f 321/3633/5516 304/3617/5471 322/3591/5510
f 303/3612/5455 187/3642/5509 13/3644/5517
s 0
f 7/9/5518 192/11/5518 231/3645/5518
f 322/3591/5519 280/3611/5519 182/3593/5519
s 1
f 303/3612/5520 13/3644/5520 188/3643/5520
s 0
f 321/3646/5521 128/3647/5521 282/3637/5521
f 8/3613/5522 192/3635/5522 187/3642/5522
f 6/10/5523 105/3648/5523 192/11/5523
f 122/3649/5524 6/10/5524 7/9/5524
f 7/9/5525 231/3645/5525 122/3649/5525
f 122/3649/5526 231/3645/5526 187/3650/5526
s 1
f 115/3651/5527 5/3652/5511 188/3653/5513
s 0
f 192/11/5528 105/3648/5528 187/3654/5528
f 105/3648/5529 6/10/5529 122/3649/5529
s 1
f 84/3655/5530 115/3656/5527 188/3657/5513
s 0
f 62/3594/5531 322/3591/5531 398/3590/5531
f 105/3658/5532 5/3652/5532 115/3651/5532
f 128/3659/5533 321/3633/5533 322/3591/5533
f 122/3660/5534 182/3661/5534 5/3662/5534
f 122/3649/5535 187/3650/5535 188/3663/5535
f 188/3664/5536 187/3654/5536 105/3648/5536
s 1
f 84/3665/5537 105/3658/5538 83/3666/5539
s 0
f 105/3658/5540 115/3651/5540 83/3666/5540
f 83/3667/5541 115/3656/5541 122/3660/5541
f 115/3656/5542 182/3661/5542 122/3660/5542
f 122/3660/5543 5/3662/5543 62/3668/5543
s 1
f 105/3658/5538 84/3665/5537 188/3669/5544
s 0
f 204/3636/5545 282/3637/5545 128/3647/5545
f 62/3670/5546 182/3671/5546 84/3672/5546
f 182/3661/5547 115/3656/5547 84/3655/5547
f 62/3668/5548 5/3662/5548 105/3673/5548
f 122/3660/5549 188/3674/5549 83/3667/5549
s 1
f 188/3675/5550 13/3676/5551 83/3677/5552
f 62/3670/5553 84/3672/5554 83/3678/5552
s 0
f 322/3591/5555 62/3594/5555 128/3659/5555
f 122/3660/5556 62/3668/5556 13/3676/5556
s 1
f 13/3676/5551 62/3668/5553 83/3677/5552
s 0
f 187/3641/5557 204/3636/5557 13/3679/5557
f 128/3680/5558 62/3681/5558 105/3648/5558
s 1
f 13/3679/5559 204/3636/5559 128/3647/5559
s 0
f 105/3648/5560 122/3649/5560 13/3682/5560
f 105/3648/5561 13/3682/5561 128/3680/5561
