# Blender 4.3.2
# www.blender.org
o model
v 0.719478 0.104592 0.160844
v 0.688271 0.106059 0.264135
v 0.737112 0.093694 0.259263
v 0.777916 0.062801 0.275674
v 0.777045 0.094774 0.233056
v 0.731460 0.066203 0.220929
v 0.772455 0.063093 0.206976
v 0.801122 0.090118 0.288596
v 0.743592 0.064089 0.168377
v 0.672131 0.103260 0.202387
v 0.785973 0.078414 0.166809
v 0.795374 0.036681 0.279997
v 0.712207 0.065508 0.259719
v 0.697114 0.062954 0.187737
v 0.782442 0.062685 0.131773
v 0.649590 0.064786 0.268569
v 0.700702 0.067077 0.131230
v 0.793790 0.093581 0.127209
v 0.666967 0.110698 0.187475
v -0.796931 0.044013 -0.548695
v 0.642610 0.089939 0.283942
v 0.790903 0.041292 0.114330
v 0.636040 0.035977 0.279603
v 0.645536 0.098174 0.130215
v -0.738819 0.044665 -0.556408
v 0.651186 0.059479 0.205534
v 0.635437 0.086261 0.119466
v 0.653839 0.074542 0.133566
v 0.637476 0.051088 0.260177
v -0.797445 0.044413 -0.705410
v 0.631190 0.037876 0.112603
v -0.766730 0.235775 -0.548898
v -0.031324 0.074452 0.871436
v 0.008627 0.060968 0.882508
v 0.045237 0.097278 0.917608
v 0.041391 0.063819 0.932959
v 0.123228 0.092310 0.774333
v 0.099919 0.114353 0.913095
v 0.063859 0.065129 0.907866
v 0.114170 0.066901 0.904491
v 0.118331 0.085228 0.938595
v -0.758729 0.055112 -0.532219
v 0.070506 0.083288 0.877802
v -0.017192 0.060500 0.915746
v 0.017254 0.093172 0.886824
v 0.018621 0.077583 0.857804
v 0.127987 0.086444 0.948125
v 0.070138 0.059920 0.847270
v 0.075818 0.097214 0.834829
v 0.117912 0.038054 0.939949
v 0.099410 0.067050 0.786182
v -0.035710 0.090408 0.943275
v 0.025740 0.068538 0.834708
v 0.053664 0.083079 0.782105
v -0.002538 0.070247 0.840750
v -0.771500 0.049370 -0.710505
v 0.120156 0.037232 0.767646
v -0.019017 0.109886 0.805278
v -0.799978 0.214289 -0.549319
v 0.007784 0.060086 0.782206
v -0.043368 0.038069 0.936931
v 0.004804 0.102103 0.782924
v -0.032549 0.065947 0.791448
v -0.037392 0.090886 0.771141
v -0.798676 0.215771 -0.706242
v -0.043384 0.037986 0.762391
v 0.663491 0.073900 -0.029268
v 0.706161 0.096457 -0.070930
v 0.688166 0.065332 -0.006257
v 0.743414 0.067227 -0.002242
v 0.767125 0.113279 0.012452
v 0.775440 0.061185 0.045829
v 0.743933 0.093233 0.044644
v 0.731975 0.115685 -0.006705
v 0.761572 0.106814 -0.062315
v 0.795824 0.103656 0.016245
v 0.724887 0.076763 -0.016920
v 0.784324 0.120946 -0.025174
v 0.709104 0.070415 0.050894
v 0.798955 0.091896 -0.101192
v 0.786374 0.085869 -0.019619
v 0.729863 0.072014 0.039541
v 0.708311 0.114192 -0.000870
v 0.774453 0.078930 -0.054800
v 0.794892 0.058300 -0.075813
v 0.799388 0.093217 0.062855
v 0.743231 0.071417 -0.089894
v 0.715142 0.073176 -0.037087
v 0.643545 0.095093 0.060109
v 0.792845 0.038838 0.064622
v 0.658270 0.057921 0.009355
v 0.695213 0.068862 -0.057350
v 0.634627 0.039682 0.065314
v 0.793446 0.040330 -0.104363
v 0.676522 0.110246 -0.001037
v 0.666490 0.096329 -0.054767
v 0.685223 0.063161 -0.091849
v -0.738355 0.045279 -0.707064
v -0.759648 0.244048 -0.532382
v 0.650755 0.065087 -0.092676
v 0.664600 0.062447 -0.061132
v 0.663654 0.065284 -0.060530
v 0.649381 0.097283 -0.029760
v 0.650419 0.073906 -0.065618
v 0.670295 0.074529 -0.074327
v -0.771908 0.223982 -0.718788
v 0.640473 0.094419 -0.098335
v 0.634413 0.039666 -0.105924
v -0.242987 0.089871 0.768919
v -0.235064 0.062143 0.855257
v -0.160582 0.132560 0.875807
v -0.203638 0.135267 0.929454
v -0.175678 0.064037 0.913091
v -0.111059 0.098717 0.903075
v -0.189810 0.060734 0.787815
v -0.142367 0.061593 0.781750
v -0.080800 0.039354 0.768913
v -0.744763 0.258946 -0.714464
v -0.088898 0.051986 0.858002
v -0.090394 0.094886 0.775242
v -0.085798 0.089421 0.806582
v -0.096503 0.061805 0.784401
v -0.147705 0.103575 0.783597
v -0.747548 0.231274 -0.722933
v -0.137087 0.113598 0.837074
v -0.092592 0.036525 0.938439
v -0.238839 0.034991 0.756689
v -0.116764 0.077662 0.837162
v -0.732114 0.222964 -0.704785
v -0.182189 0.113235 0.793530
v -0.745587 0.271712 -0.550417
v -0.100562 0.091978 0.947410
v -0.107596 0.059849 0.870819
v -0.147265 0.067840 0.847841
v -0.164848 0.071506 0.868672
v -0.196494 0.136062 0.805769
v -0.242428 0.049515 0.781252
v -0.110310 0.060830 0.931400
v -0.218624 0.133498 0.814712
v -0.230954 0.060067 0.776776
v -0.254385 0.034101 0.927634
v -0.167205 0.071335 0.931729
v -0.581079 0.252251 -0.528548
v -0.191576 0.069102 0.832150
v -0.737169 0.222378 -0.544457
v -0.258758 0.087222 0.936587
v -0.235868 0.060489 0.919314
v 0.421356 0.383986 -0.105164
v 0.316614 0.348514 -0.132129
v 0.433290 0.352747 -0.136013
v 0.337080 0.136794 -0.099739
v 0.412439 0.133640 -0.117665
v 0.304584 0.138926 -0.170896
v 0.420274 0.132604 -0.179167
v 0.368398 0.135252 -0.222129
v 0.428045 0.183941 -0.131327
v 0.300547 0.186766 -0.167700
v 0.332224 0.179500 -0.101291
v 0.370329 0.189392 -0.092900
v 0.315402 0.197757 -0.119037
v 0.412039 0.198142 -0.111457
v -0.579446 0.268699 -0.549021
v 0.334810 0.184182 -0.214079
v 0.391170 0.184516 -0.219088
v 0.421659 0.186395 -0.187800
v 0.350725 0.349007 -0.217931
v 0.315319 0.351341 -0.186886
v 0.367250 0.353339 -0.093628
v 0.301185 0.355786 -0.140279
v 0.447143 0.352378 -0.153865
v -0.583728 0.239348 -0.728552
v 0.406172 0.354377 -0.214165
v 0.375147 0.354336 -0.079114
v 0.346318 0.394555 -0.219366
v 0.315414 0.406453 -0.149097
v -0.578175 0.269442 -0.707498
v 0.342420 0.398962 -0.092658
v 0.406677 0.403366 -0.204661
v 0.434252 0.400541 -0.167755
v 0.348819 0.414402 -0.181096
v 0.397457 0.413568 -0.129155
v 0.398541 0.419743 -0.167820
v 0.302195 0.454496 -0.153270
v 0.361390 0.435763 -0.152059
v 0.387468 0.468543 -0.155609
v 0.292094 0.454697 -0.317894
v 0.310354 0.354592 -0.307071
v 0.417940 0.179285 -0.265757
v 0.429465 0.133251 -0.312571
v 0.352958 0.137354 -0.256320
v -0.510870 0.271611 -0.532844
v 0.301021 0.141127 -0.314548
v 0.402252 0.143078 -0.259912
v 0.309349 0.188118 -0.296310
v 0.369278 0.132262 -0.382973
v 0.308228 0.186378 -0.346195
v 0.429183 0.186427 -0.339988
v 0.414794 0.198419 -0.268912
v 0.363242 0.187920 -0.242823
v -0.591593 0.227958 -0.685115
v 0.347716 0.198328 -0.253731
v 0.399929 0.197286 -0.375494
v -0.572600 0.190595 -0.518589
v 0.354474 0.182709 -0.385425
v 0.424216 0.346078 -0.356928
v 0.395668 0.373218 -0.380883
v 0.349811 0.348032 -0.255114
v 0.326874 0.352066 -0.366600
v 0.406656 0.349777 -0.256348
v 0.435026 0.379463 -0.280268
v 0.438330 0.347906 -0.311147
v 0.436235 0.373465 -0.350167
v 0.372772 0.366663 -0.238711
v -0.556620 0.173294 -0.735550
v 0.337421 0.399962 -0.366683
v 0.346637 0.412043 -0.293168
v 0.317872 0.396858 -0.286516
v 0.380719 0.403529 -0.253937
v 0.381971 0.408485 -0.361249
v 0.418622 0.412894 -0.319494
v 0.368359 0.438511 -0.329797
v 0.371691 0.438883 -0.306687
v 0.392696 0.464634 -0.317589
v -0.502592 0.197623 -0.061478
v -0.465992 0.187955 0.019253
v -0.470368 0.134311 -0.018889
v -0.481269 0.132488 0.043022
v -0.560053 0.396507 0.057048
v -0.468407 0.398638 -0.015416
v -0.516542 0.403864 0.052529
v -0.508241 0.419042 0.013970
v -0.448824 0.455205 -0.008874
v -0.518214 0.436964 -0.004518
v -0.540739 0.465501 0.000361
v -0.564378 0.412568 0.005008
v -0.599290 0.136081 -0.500915
v -0.468409 0.380834 0.034800
v -0.493690 0.400794 -0.047817
v -0.465242 0.350762 -0.022989
v -0.531403 0.408845 -0.037206
v -0.562175 0.411570 -0.019037
v -0.503674 0.353691 -0.063928
v -0.529530 0.363759 0.073323
v -0.464367 0.345492 0.016134
v -0.496500 0.346105 0.057901
v -0.592643 0.128587 -0.689815
v -0.547491 0.395627 -0.065923
v -0.598400 0.375883 0.004020
v -0.574134 0.353765 -0.050715
v -0.472732 0.198780 -0.031077
v -0.578770 0.142991 -0.501086
v -0.497742 0.185191 0.060341
v -0.588736 0.343891 0.019684
v -0.456208 0.277536 -0.717466
v -0.550107 0.184475 -0.062591
v -0.476823 0.177558 -0.043018
v -0.587955 0.345203 -0.029501
v -0.587752 0.188622 0.030121
v -0.552083 0.346464 0.061046
v -0.508653 0.131704 -0.058249
v -0.540649 0.187359 0.067609
v -0.558899 0.135631 0.060775
v -0.530355 0.135789 -0.001693
v -0.593630 0.131528 -0.578128
v -0.588551 0.135631 -0.029651
v -0.589018 0.185528 -0.029106
v -0.598373 0.227245 -0.541423
v -0.584507 0.123606 -0.527371
v -0.533401 0.252265 -0.761335
v -0.609865 0.158001 -0.687267
v -0.600622 0.110330 -0.819994
v -0.488732 0.379220 -0.451272
v -0.492917 0.427983 -0.453928
v -0.718511 0.031478 -0.568794
v -0.694477 0.133538 -0.320962
v -0.694064 0.127544 -0.329684
v -0.692681 0.133708 -0.335562
v -0.651587 0.034299 -0.561550
v -0.489981 0.436462 -0.745243
v -0.714469 0.032602 -0.328169
v -0.707954 0.101517 -0.316233
v -0.712664 0.032742 -0.206325
v -0.711251 0.142664 -0.195817
v -0.475912 0.494159 -0.450409
v -0.640920 0.032879 -0.199087
v -0.632371 0.097992 -0.200130
v -0.472288 0.485645 -0.601711
v -0.468121 0.500859 -0.784962
v -0.413557 0.507441 -0.654337
v -0.409042 0.638253 -0.458334
v -0.583768 0.129218 -0.172853
v -0.544474 0.293236 -0.754055
v -0.447664 0.456046 -0.159265
v -0.543600 0.468000 -0.162787
v -0.541311 0.438844 -0.149156
v -0.516643 0.433400 -0.160826
v -0.541074 0.417425 -0.185695
v -0.493310 0.407139 -0.178735
v -0.544676 0.409743 -0.122099
v -0.588778 0.376051 -0.132878
v -0.478002 0.399229 -0.121349
v -0.581227 0.400676 -0.186228
v -0.556623 0.350047 -0.099361
v -0.537205 0.395936 -0.091190
v -0.489932 0.396662 -0.218235
v -0.598873 0.051500 -0.707575
v -0.565092 0.353397 -0.214590
v -0.490395 0.350964 -0.215299
v -0.464972 0.350666 -0.184565
v -0.464193 0.352253 -0.135122
v -0.590940 0.344298 -0.162829
v -0.575301 0.182177 -0.199028
v -0.588180 0.191279 -0.140114
v -0.553190 0.132237 -0.100077
v -0.528822 0.134046 -0.218208
v -0.511467 0.184291 -0.226601
v -0.499027 0.353679 -0.096907
v -0.456408 0.275119 -0.540980
v -0.542193 0.179432 -0.092642
v -0.473739 0.131585 -0.118249
v -0.474914 0.130833 -0.195684
v -0.485809 0.183909 -0.103069
v -0.464805 0.196359 -0.181194
v -0.582674 0.042275 -0.727701
v -0.458672 0.187607 -0.141097
v -0.460750 0.176980 -0.179363
v -0.652910 0.031304 -0.080677
v -0.643592 0.098072 -0.066979
v -0.642333 0.098267 -0.087741
v -0.376892 0.425034 -0.837763
v -0.322115 0.457505 -0.326815
v -0.628046 0.098336 0.032528
v -0.599045 0.122508 0.082258
v -0.628718 0.097185 0.073807
v -0.339201 0.443579 -0.200676
v -0.168158 0.276173 -0.932782
v -0.175469 0.280730 -0.902540
v -0.319451 0.270078 -0.921606
v -0.380909 0.432773 -0.110725
v -0.137401 0.041568 -0.907526
v -0.023988 0.358199 -0.889552
v -0.578924 0.135924 -0.455863
v -0.135058 0.677101 -0.311435
v -0.166979 0.560881 -0.289893
v -0.483610 0.270815 0.105557
v -0.526947 0.274233 0.123343
v -0.022873 0.580874 -0.646951
v -0.284051 0.463505 0.230500
v -0.195361 0.600511 -0.087860
v -0.335900 0.413748 0.224875
v -0.292148 0.414446 0.287231
v 0.255737 0.438435 -0.825212
v -0.377952 0.425679 0.375464
v -0.772442 0.035647 0.277927
v 0.134248 0.285330 -0.907188
v -0.142540 0.585598 -0.087363
v -0.127465 0.549344 -0.088774
v -0.493111 0.156182 0.258440
v -0.486518 0.270287 0.264689
v -0.599329 0.143241 0.277446
v -0.559485 0.228178 0.335162
v -0.595628 0.100680 0.335437
v -0.375656 0.309793 0.372860
v 0.313918 0.402692 -0.757833
v -0.458948 0.196819 0.346781
v -0.335139 0.224135 0.381916
v 0.310629 0.490056 -0.786620
v 0.424115 0.137520 -0.800544
v 0.156617 0.458319 -0.242757
v 0.286279 0.048206 -0.942975
v 0.423268 0.091414 -0.757094
v -0.506998 0.271842 -0.727744
v -0.342732 0.045467 0.626882
v -0.341047 0.045467 0.627555
v 0.072137 0.493437 0.308273
v -0.298347 0.252147 0.511926
v 0.213378 0.598026 -0.460991
v 0.232072 0.606426 -0.646266
v 0.207347 0.597588 -0.780932
v 0.225504 0.567146 -0.589029
v 0.258713 0.502070 -0.468966
v 0.294945 0.527512 -0.584385
v 0.287166 0.513956 -0.451218
v -0.616894 0.036392 -0.694332
v 0.278133 0.559678 -0.696712
v 0.269049 0.543143 -0.784114
v 0.277526 0.554831 -0.453093
v 0.311139 0.495775 -0.459834
v 0.259017 0.583589 -0.786360
v 0.241192 0.534245 -0.469750
v 0.241028 0.569225 -0.458646
v 0.259680 0.591639 -0.472861
v 0.242531 0.622604 -0.628448
v -0.582129 0.136081 -0.763764
v 0.070042 0.539759 0.292796
v 0.172831 0.487445 -0.284758
v 0.209285 0.508301 -0.295239
v 0.180535 0.426905 -0.266100
v 0.193718 0.433233 -0.310826
v 0.162727 0.513965 -0.265090
v 0.066202 0.567952 0.302664
v 0.091496 0.581088 0.296312
v 0.271005 0.365172 -0.704856
v 0.145225 0.453048 0.200760
v 0.138636 0.444312 0.215726
v 0.157717 0.437361 0.202054
v 0.156983 0.438152 0.204007
v 0.157575 0.437388 0.199365
v 0.157246 0.438015 0.200736
v 0.155060 0.439054 0.198599
v 0.153117 0.443265 0.177792
v 0.142148 0.438357 0.178152
v 0.157406 0.438409 0.203869
v 0.150798 0.438201 0.211818
v 0.164490 0.426895 0.213668
v 0.150631 0.422944 0.176275
v 0.158092 0.416571 0.176478
v 0.161545 0.432175 0.173011
v 0.170570 0.486653 -0.014225
v 0.386329 0.433163 -0.002618
v 0.339330 0.210019 0.074587
v 0.412011 0.169549 0.054330
v 0.376798 0.125330 0.067833
v 0.303685 0.053472 0.054947
v 0.496802 0.033275 0.035872
v 0.502132 0.100131 0.045043
v 0.561441 0.134277 -0.208965
v 0.568574 0.031648 -0.190357
v 0.544346 0.130188 -0.316304
v 0.551470 0.139800 -0.095071
v 0.426568 0.105209 -0.516128
v 0.559392 0.101058 -0.083507
v 0.499456 0.099802 -0.077161
v 0.493387 0.099244 -0.105280
v 0.494750 0.032716 -0.086089
v 0.404614 0.133594 -0.501931
v 0.491310 0.031883 -0.197908
v 0.501669 0.099540 -0.214835
v 0.462847 0.099763 -0.203314
v 0.292170 0.353500 0.257511
v 0.571158 0.032577 -0.467335
v 0.559259 0.101471 -0.470017
v 0.573535 0.157308 -0.479133
v -0.442541 0.364005 -0.707394
v 0.354527 0.486935 0.053328
v 0.408079 0.490618 0.064039
v 0.384309 0.502665 0.025773
v 0.355886 0.409254 0.047102
v 0.397786 0.428168 0.021338
v 0.367236 0.530523 0.065755
v 0.333298 0.489323 0.033596
v 0.169627 0.483032 0.049115
v 0.168537 0.513847 0.017203
v 0.151673 0.474306 0.077688
v 0.169626 0.537444 0.073683
v 0.179586 0.416478 0.158158
v 0.164307 0.414797 0.093662
v 0.150507 0.573171 0.142204
v 0.166387 0.520783 0.047348
v 0.145814 0.574714 0.090969
v 0.121879 0.463887 0.156126
v 0.114007 0.400838 0.146856
v 0.129033 0.415213 0.281258
v 0.427758 0.255542 -0.546190
v 0.281059 0.272599 -0.542878
v 0.126668 0.411250 0.341985
v -0.364049 0.194008 0.696676
v -0.340540 0.182841 0.721010
v 0.295720 0.368399 0.092709
v -0.586821 0.063618 -0.763081
v 0.296115 0.324989 -0.424936
v -0.541489 0.293344 -0.435838
v 0.356116 0.271744 -0.500772
v 0.322380 0.428172 -0.500002
v 0.323691 0.431457 -0.455245
v 0.351826 0.342658 -0.517199
v 0.432303 0.124571 -0.439567
v -0.599061 0.110844 -0.749477
v 0.256745 0.413230 0.094920
v 0.335206 0.285255 0.269614
v 0.354634 0.185821 0.262756
v 0.369650 0.254151 0.332513
v 0.317316 0.400765 0.332961
v 0.417264 0.131358 0.332932
v 0.091130 0.222156 0.392474
v 0.212311 0.310125 0.378359
v 0.433663 0.101434 0.284696
v 0.426228 0.098579 0.330472
v 0.105137 0.227742 0.613728
v 0.142540 0.333237 0.771212
v 0.127953 0.352264 0.804853
v 0.181654 0.374464 0.806601
v 0.123659 0.373751 0.843484
v 0.096521 0.288941 0.730557
v -0.488659 0.439990 -0.520151
v -0.624610 0.099366 -0.584088
v 0.175378 0.229362 0.390089
v 0.107860 0.118878 0.744357
v 0.109436 0.053578 0.722545
v 0.179649 0.218943 0.697261
v 0.176362 0.052983 0.722418
v 0.193868 0.189796 0.698117
v 0.181031 0.178895 0.729101
v 0.173477 0.045949 0.649191
v 0.210612 0.189514 0.656501
v 0.214327 0.188677 0.668785
v 0.209961 0.034259 0.659335
v 0.275876 0.189329 0.656831
v 0.260357 0.158839 0.654348
v 0.272362 0.124175 0.594351
v 0.278518 0.089054 0.652448
v 0.262470 0.096702 0.592016
v 0.276692 0.070984 0.597570
v 0.274397 0.100335 0.587363
v 0.271629 0.055394 0.592408
v 0.261243 0.069018 0.586816
v 0.276083 0.050154 0.655374
v 0.263830 0.091035 0.653492
v 0.266851 0.121219 0.649437
v 0.259767 0.113544 0.589038
v 0.267720 0.138379 0.604553
v 0.255104 0.141699 0.583806
v 0.253690 0.150673 0.592837
v 0.269374 0.189297 0.590326
v 0.269436 0.128694 0.648881
v 0.259200 0.124229 0.649081
v 0.273120 0.189122 0.666976
v 0.276304 0.194077 0.667718
v -0.661212 0.101563 -0.651766
v 0.276620 0.243310 0.681367
v 0.197012 0.243214 0.681533
v 0.206403 0.215731 0.670860
v 0.208178 0.238494 0.681332
v -0.638325 0.103955 -0.675437
v 0.266228 0.238655 0.681239
v 0.273516 0.239504 0.668827
v -0.657858 0.107006 -0.677533
v 0.221670 0.193896 0.680186
v 0.198298 0.190738 0.665550
v 0.277716 0.189603 0.681244
v -0.651792 0.033647 -0.655330
v 0.214937 0.038103 0.585817
v 0.211268 0.188177 0.580552
v 0.274089 0.194301 0.591646
v 0.195387 0.189434 0.588155
v 0.200821 0.194478 0.591159
v 0.236221 0.190035 0.578900
v 0.275542 0.188689 0.584023
v 0.223201 0.240575 0.579275
v 0.218052 0.238955 0.590109
v 0.277116 0.243249 0.590693
v 0.197100 0.243686 0.590636
v -0.445620 0.364340 -0.555678
v 0.196258 0.200416 0.582494
v 0.095648 0.116170 0.717617
v 0.109709 0.125489 0.725792
v -0.573925 0.133350 -0.810618
v 0.013901 0.183887 0.714246
v 0.131534 0.253607 0.514197
v -0.697180 0.147812 -0.455975
v 0.151805 0.217563 0.514891
v 0.163404 0.256691 0.496843
v 0.196477 0.201973 0.371838
v 0.077140 0.275190 0.653809
v 0.127655 0.347326 0.782386
v 0.208071 0.203256 0.384339
v 0.240114 0.125074 0.472257
v 0.288841 0.272237 0.350940
v 0.283993 0.110059 0.497176
v 0.233391 0.087691 0.479425
v 0.214433 0.120231 0.493258
v -0.685663 0.126088 -0.689826
v 0.289595 0.039461 0.497435
v 0.232074 0.141400 0.483283
v 0.221534 0.044560 0.497698
v -0.522304 0.286327 -0.810304
v -0.459514 0.380120 -0.531788
v 0.435481 0.049099 0.346885
v -0.702227 0.156181 -0.471172
v -0.692112 0.128013 -0.476141
v -0.703235 0.159733 -0.561360
v -0.700829 0.158372 -0.681903
v 0.288162 0.408605 0.381844
v 0.281421 0.046515 0.341726
v -0.038986 0.114173 0.741835
v -0.459753 0.369002 -0.730831
v 0.269674 0.195732 0.451448
v 0.312055 0.429093 0.357289
v -0.459478 0.435236 -0.740914
v 0.142523 0.051067 0.402205
v -0.048745 0.127262 0.725515
v -0.704366 0.136792 -0.460193
v 0.036619 0.220212 0.571053
v 0.155753 0.387310 0.821340
v -0.691689 0.128708 -0.638900
v 0.231926 0.288753 0.408771
v -0.038262 0.113830 0.716301
v 0.269509 0.292332 0.407358
v 0.036933 0.232738 0.520018
v -0.281240 0.393341 0.825274
v -0.715089 0.032759 -0.457690
v -0.696363 0.134367 -0.572554
v 0.193258 0.040820 0.372183
v -0.217444 0.230994 0.570626
v -0.721059 0.150612 -0.653763
v -0.706425 0.138506 -0.657356
v 0.017059 0.158892 0.237814
v -0.711516 0.107501 -0.674844
v 0.031273 0.266186 -0.015120
v -0.717800 0.035165 -0.661516
v -0.217780 0.267795 -0.011319
v -0.482024 0.422525 -0.498863
v -0.692910 0.128340 -0.413076
v 0.231990 0.400980 0.382430
v -0.158074 0.179694 0.722524
v 0.040346 0.226069 0.601497
v 0.021006 0.154045 0.466808
v 0.153604 0.439511 0.362011
v 0.114022 0.226161 0.388541
v 0.020680 0.155849 -0.014196
v -0.703241 0.147496 -0.571793
v 0.098448 0.304786 0.628889
v 0.151884 0.242861 0.387340
v -0.049133 0.052639 0.723072
v -0.461697 0.124596 -0.407570
v -0.700481 0.158290 -0.328828
v 0.145656 0.432838 0.568779
v -0.705789 0.101445 -0.463549
v -0.721652 0.157387 -0.455857
v -0.188875 0.158546 -0.011377
v -0.713500 0.140717 -0.560086
v 0.379336 0.273003 0.333687
v 0.431142 0.037272 0.287529
v 0.125483 0.382808 0.506105
v 0.432566 0.130960 0.346514
v -0.097762 0.117445 0.723174
v -0.215969 0.222134 0.580679
v -0.473963 0.417624 -0.814303
v 0.042769 0.266766 0.380946
v 0.115736 0.318004 0.371567
v -0.458729 0.437922 -0.528728
v 0.368423 0.256962 0.294324
v 0.229120 0.036847 0.275948
v 0.164795 0.426372 0.608155
v -0.712077 0.143751 -0.328763
v -0.704139 0.135542 -0.337661
v 0.260009 0.400709 0.363791
v -0.109361 0.114392 0.740514
v -0.475545 0.419056 -0.762464
v -0.114619 0.111759 0.713467
v -0.691861 0.128017 -0.322518
v -0.707551 0.101479 -0.559159
v -0.650832 0.099374 -0.575760
v -0.105343 0.053394 0.721468
v 0.313310 0.397280 0.293634
v 0.373659 0.036828 0.263145
v -0.512180 0.035359 -0.555053
v 0.215643 0.424697 0.374459
v 0.178019 0.044212 0.370034
v -0.320471 0.373794 0.832033
v -0.248145 0.114161 0.713577
v -0.087106 0.043541 0.356828
v -0.191732 0.159462 0.215846
v -0.195016 0.157651 0.468902
v 0.425377 0.138626 0.295281
v 0.379522 0.270988 0.278810
v 0.608389 0.061262 0.268618
v 0.256461 0.420347 0.268923
v 0.255613 0.429724 0.171576
v 0.324198 0.421971 0.276478
v 0.466161 0.115473 0.236899
v 0.240544 0.038497 0.076065
v -0.532131 0.307081 -0.829969
v -0.278800 0.302909 0.694886
v 0.077495 0.324704 0.372203
v 0.220516 0.426024 0.295250
v -0.130019 0.234591 0.585194
v -0.707315 0.101424 -0.336069
v 0.287411 0.419820 0.253031
v -0.601628 0.043963 -0.823432
v -0.433789 0.472665 -0.571519
v 0.211239 0.039726 0.097699
v 0.213233 0.416112 0.338064
v 0.607190 0.036360 0.269842
v -0.258617 0.121780 0.725521
v -0.122441 0.268026 0.676367
v -0.220195 0.265919 0.364074
v 0.304813 0.416966 -0.451107
v -0.453685 0.415023 -0.427591
v -0.623343 0.039073 -0.522014
v -0.457772 0.221264 -0.418279
v 0.359011 0.294235 0.250291
v 0.361380 0.185801 0.238022
v 0.303378 0.420094 -0.502927
v 0.629928 0.038264 -0.553438
v 0.607083 0.050582 -0.534519
v 0.589782 0.039001 -0.561556
v -0.428590 0.477103 -0.436812
v 0.590421 0.034862 -0.715880
v 0.615615 0.248079 -0.535680
v 0.588915 0.215301 -0.559305
v 0.590671 0.230988 -0.537204
v 0.629046 0.034684 -0.718848
v 0.631173 0.215689 -0.554090
v -0.504331 0.040644 -0.732040
v 0.606526 0.243379 -0.726701
v 0.595189 0.268791 -0.552515
v 0.625193 0.219076 -0.719605
v 0.587039 0.207323 -0.716770
v 0.569457 0.227165 -0.720776
v 0.590091 0.272771 -0.694678
v 0.452333 0.229199 -0.719750
v 0.430459 0.232051 -0.679702
v 0.451445 0.235031 -0.536643
v 0.429037 0.270853 -0.534382
v -0.699362 0.159395 -0.205657
v 0.384723 0.268416 -0.538706
v 0.328845 0.267019 -0.536272
v 0.431599 0.272894 -0.705488
v 0.429705 0.234975 -0.586028
v 0.319214 0.168483 0.251334
v -0.488932 0.442408 -0.817653
v 0.215323 0.410437 0.288389
v 0.454336 0.141281 -0.692625
v 0.430516 0.120174 -0.680367
v 0.361871 0.253922 -0.455165
v 0.295447 0.126258 -0.199886
v 0.607261 0.062050 0.131240
v 0.256364 0.417733 -0.219785
v 0.575280 0.160104 -0.594006
v 0.571521 0.036710 -0.588996
v 0.558653 0.135319 -0.591132
v 0.497083 0.030923 -0.320942
v 0.483389 0.099171 -0.312171
v 0.503836 0.099920 -0.315130
v 0.455059 0.058447 -0.711875
v 0.506920 0.000581 -0.665187
v 0.501502 0.104912 -0.679944
v 0.514399 0.102322 -0.672669
v 0.506248 0.100315 -0.652145
v 0.461296 0.099137 -0.450147
v -0.662130 0.099400 -0.566126
v 0.463708 0.099566 -0.575185
v 0.495965 0.000000 -0.576775
v 0.461152 0.038647 -0.550367
v -0.460365 0.047184 -0.838936
v 0.497347 0.099616 -0.569590
v 0.493505 0.099244 -0.591172
v 0.460617 0.099914 -0.635757
v 0.506250 0.099823 -0.476288
v 0.428041 0.035949 -0.709695
v 0.460693 0.095420 -0.621298
v 0.453941 0.098836 -0.622261
v 0.500562 0.032412 -0.463248
v 0.507768 0.099925 -0.460969
v 0.460000 0.100659 -0.639306
v 0.492436 0.098532 -0.464607
v 0.559859 0.103105 -0.674826
v 0.493877 0.099967 -0.339290
v 0.330434 0.036534 -0.551496
v 0.574502 0.033478 -0.667758
v -0.700762 0.134686 -0.219187
v 0.565278 0.134681 -0.655221
v 0.564747 0.157019 -0.681683
v 0.562620 0.129487 -0.609543
v 0.541678 0.118704 -0.689245
v 0.543247 0.128254 -0.650519
v 0.463779 0.111026 -0.690909
v 0.463801 0.158230 -0.689637
v 0.559528 0.101486 -0.475532
v 0.546720 0.134228 -0.605272
v 0.546757 0.128988 -0.593634
v 0.544953 0.128483 -0.570929
v 0.458655 0.037591 -0.687877
v -0.600058 0.123567 -0.439074
v -0.705972 0.100657 -0.206969
v -0.320199 0.356637 0.788411
v 0.176273 0.413128 0.217272
v 0.458867 0.033868 -0.688112
v -0.424092 0.476119 -0.798939
v 0.381743 0.183602 -0.526408
v 0.429959 0.124798 -0.504253
v 0.522201 0.086959 0.131212
v -0.256698 0.051763 0.716963
v 0.458179 0.040639 -0.684022
v 0.459080 0.043686 -0.692993
v 0.458827 0.037730 -0.694099
v 0.457766 0.036585 -0.687416
v 0.456478 0.100037 -0.343508
v -0.460700 0.383827 -0.832508
v 0.314100 0.279225 0.250679
v 0.310279 0.277194 0.102040
v -0.453565 0.539640 -0.445745
v 0.570026 0.149241 -0.459402
v 0.556543 0.161118 -0.591431
v 0.559961 0.115388 -0.478216
v 0.389227 0.240474 -0.457883
v 0.561017 0.137498 -0.473687
v -0.430819 0.433384 -0.828140
v 0.493855 0.099381 -0.186668
v -0.420786 0.420922 -0.429226
v 0.559464 0.133717 -0.467429
v -0.699063 0.134375 -0.086008
v 0.272009 0.354876 0.241840
v 0.420516 0.037948 0.092358
v 0.552093 0.151546 -0.465829
v 0.545028 0.129678 -0.505260
v 0.357393 0.281086 0.117718
v 0.606518 0.037640 0.103483
v 0.434243 0.132237 -0.581817
v 0.281934 0.295677 0.259410
v 0.547736 0.133201 -0.472028
v 0.280510 0.289599 0.104966
v 0.549491 0.134962 -0.474776
v 0.433814 0.114690 -0.529419
v 0.403633 0.133623 -0.456954
v 0.549596 0.133136 -0.472672
v 0.543979 0.128731 -0.462963
v 0.283011 0.351667 0.105318
v 0.605146 0.062865 0.105510
v 0.483468 0.099404 -0.091354
v 0.558974 0.101833 -0.193650
v 0.572985 0.035197 -0.327934
v 0.559075 0.101643 -0.325821
v 0.462757 0.159037 -0.196771
v -0.460432 0.047072 -0.937625
v 0.570370 0.145221 -0.323377
v 0.352098 0.298894 0.094689
v 0.552220 0.137325 -0.334010
v 0.564742 0.135629 0.029736
v 0.442374 0.142142 -0.532047
v 0.295554 0.122800 -0.410585
v -0.456478 0.186556 -0.295341
v 0.575998 0.034599 0.049505
v -0.463696 0.177407 -0.343265
v 0.560042 0.102291 0.046873
v 0.318042 0.164739 0.106382
v 0.507128 0.099965 0.028399
v 0.546032 0.100659 0.082851
v 0.553162 0.157712 0.080532
v 0.437497 0.124917 -0.279659
v 0.416144 0.130729 0.122161
v 0.556421 0.147470 0.050599
v 0.556859 0.161944 -0.329129
v 0.571804 0.033202 -0.082653
v -0.484230 0.187644 -0.267462
v 0.435392 0.038377 0.095155
v 0.557080 0.158275 -0.081742
v -0.480223 0.132923 -0.271391
v 0.295545 0.299317 0.089274
v 0.352011 0.183827 0.120663
v 0.460699 0.038421 0.067779
v -0.506278 0.185966 -0.384199
v 0.577344 0.160691 -0.082857
v 0.552282 0.140405 -0.192696
v 0.577728 0.156637 -0.191354
v 0.427310 0.037926 0.090981
v 0.463268 0.099344 0.030681
v -0.476917 0.131158 -0.352252
v 0.347300 0.182403 0.096848
v -0.459917 0.195420 -0.336328
v -0.549361 0.187231 -0.258321
v 0.458922 0.100747 0.073273
v 0.295491 0.187995 0.085908
v 0.461311 0.150778 0.076588
v 0.460139 0.141697 -0.063096
v 0.437943 0.054996 0.067396
v 0.434267 0.126631 -0.140437
v -0.535572 0.131518 -0.381605
v 0.326698 0.055166 0.088500
v 0.296328 0.124978 0.057087
v 0.432588 0.115554 0.061854
v 0.440884 0.141464 0.068605
v -0.464262 0.352419 -0.342892
v 0.345570 0.170061 0.063043
v 0.385229 0.199991 0.083332
v 0.449565 0.194949 0.024593
v 0.428507 0.123977 -0.010840
v 0.354661 0.128074 -0.047180
v 0.324941 0.130715 0.013717
v 0.418440 0.227451 0.064792
v 0.311114 0.199037 -0.012353
v 0.334250 0.172767 -0.032269
v 0.447471 0.228603 0.025022
v 0.329130 0.229268 0.055306
v -0.464891 0.345319 -0.303876
v 0.405815 0.170420 -0.046617
v 0.417824 0.196939 -0.049876
v -0.514728 0.349861 -0.391298
v 0.321398 0.227749 -0.024245
v -0.569377 0.185731 -0.374962
v 0.419416 0.395365 0.064036
v 0.438668 0.227153 -0.024982
v 0.451215 0.403025 0.076318
v 0.358338 0.198812 -0.063021
v 0.450802 0.390723 0.018616
v 0.374542 0.394621 0.079311
v 0.376198 0.226821 -0.066274
v 0.359149 0.393949 0.095681
v 0.475966 0.387570 0.015289
v 0.360031 0.426577 0.098302
v 0.465352 0.418597 0.003237
v 0.327057 0.385545 0.037871
v 0.405230 0.414582 0.064676
v 0.420618 0.402053 -0.045617
v 0.323182 0.410061 -0.016964
v 0.409316 0.391478 0.013605
v 0.355492 0.401615 -0.019520
v 0.410670 0.454212 -0.008014
v 0.408075 0.459126 -0.042340
v 0.379521 0.412815 -0.056550
v 0.359028 0.513665 -0.001181
v 0.348727 0.481545 -0.026515
v 0.363139 0.535672 -0.024491
v 0.352349 0.513610 -0.049044
v 0.168312 0.522997 -0.019904
v -0.587370 0.354050 -0.353418
v 0.172161 0.485029 -0.045259
v 0.166658 0.530164 -0.044347
v 0.164094 0.414116 -0.176968
v 0.210655 0.036876 -0.729542
v -0.546754 0.354073 -0.256946
v 0.188404 0.041250 0.302105
v -0.481665 0.356460 -0.267913
v -0.338768 0.410344 0.798072
v -0.584336 0.351654 -0.294024
v 0.217799 0.414325 0.165458
v 0.154071 0.415625 0.217249
v 0.154962 0.401975 0.177206
v 0.169550 0.409881 0.212714
v 0.159928 0.407237 0.169926
v 0.167006 0.421340 0.173413
v 0.165986 0.415040 0.194515
v 0.159315 0.438344 0.214120
v 0.149665 0.431036 0.217382
v 0.155353 0.442327 0.213839
v 0.148132 0.440003 0.213446
v 0.151327 0.440226 0.213878
v 0.146798 0.467245 0.221605
v 0.142615 0.455357 0.213964
v 0.145124 0.447513 0.180352
v 0.137584 0.455077 0.220385
v 0.140853 0.454368 0.180866
v 0.119972 0.456114 0.176668
v 0.116623 0.455413 0.220046
v -0.571814 0.394998 -0.371055
v 0.096225 0.464074 0.221921
v 0.142456 0.466137 0.176161
v 0.163232 0.408536 -0.052404
v 0.290668 0.363119 -0.555558
v -0.475952 0.399885 -0.360147
v -0.561381 0.411258 -0.328400
v -0.537707 0.395744 -0.250073
v -0.331024 0.345379 0.776392
v -0.374464 0.392815 0.794712
v 0.280387 0.274709 -0.703899
v 0.246075 0.035441 -0.533906
v -0.518348 0.413897 -0.353137
v -0.482481 0.404648 -0.279534
v -0.579005 0.402100 -0.290597
v -0.515083 0.433944 -0.313529
v 0.327153 0.447385 -0.433636
v -0.542165 0.439808 -0.303809
v -0.542434 0.465345 -0.324432
v -0.452811 0.454180 -0.317995
v -0.343838 0.048041 0.708127
v -0.594169 0.139091 -0.329827
v 0.118846 0.455481 0.355920
v -0.596562 0.185043 -0.314119
v 0.384490 0.267770 -0.725242
v -0.561747 0.134043 -0.270713
v 0.430878 0.249505 -0.726947
v -0.213091 0.268560 0.371887
v 0.289970 0.382836 -0.532883
v -0.692172 0.129042 -0.150662
v 0.091223 0.461480 0.158363
v 0.144324 0.537011 0.082385
v 0.149066 0.484155 -0.073134
v 0.386573 0.038320 -0.728942
v -0.485082 0.466863 -0.796639
v 0.217034 0.414993 -0.165926
v 0.255823 0.425785 -0.427103
v 0.285791 0.421543 -0.428763
v -0.374370 0.040414 -0.720285
v -0.319805 0.049793 0.627714
v -0.430622 0.433704 -0.937943
v 0.294657 0.440749 -0.524378
v 0.329409 0.264695 -0.727739
v -0.460384 0.123884 -0.334203
v 0.144106 0.539534 -0.068738
v 0.135474 0.460996 0.372011
v 0.218574 0.425237 -0.421935
v -0.392700 0.453998 -0.818718
v -0.312491 0.366822 0.640359
v 0.161827 0.445479 -0.082283
v -0.398889 0.039146 -0.523464
v 0.433267 0.043711 -0.737486
v 0.213965 0.041173 -0.747846
v 0.221496 0.038923 -0.395991
v 0.083603 0.583714 0.166594
v 0.404003 0.196194 -0.740205
v 0.094908 0.456838 0.347214
v -0.461007 0.380562 -0.937428
v -0.462927 0.480780 -0.785111
v -0.483435 0.466083 -0.428299
v -0.389289 0.475698 -0.428246
v -0.605861 0.158116 -0.390839
v -0.647767 0.098693 -0.214920
v 0.327958 0.467488 -0.449548
v -0.377524 0.040870 -0.826263
v 0.050809 0.549982 0.253683
v 0.158840 0.541525 -0.082369
v 0.292698 0.272621 -0.722852
v -0.343234 0.042753 0.368583
v -0.297495 0.220852 0.511470
v -0.261213 0.225731 0.595322
v 0.155307 0.460581 0.360606
v 0.064032 0.504192 0.266393
v 0.067945 0.558215 0.140758
v -0.276320 0.288150 0.723533
v 0.213985 0.418914 -0.272417
v 0.162353 0.409722 -0.297964
v 0.247572 0.620505 -0.459682
v 0.292014 0.474138 -0.454225
v -0.342854 0.045482 0.627865
v -0.361875 0.200679 0.370234
v -0.413130 0.506920 -0.441127
v -0.330315 0.233622 0.495738
v 0.203246 0.443052 -0.164807
v 0.194330 0.424955 -0.212132
v 0.162436 0.520224 -0.161540
v 0.159097 0.491279 -0.179825
v 0.200107 0.503864 -0.202540
v 0.246993 0.619083 -0.782602
v -0.703183 0.157691 -0.088242
v -0.344743 0.217839 0.694668
v 0.072746 0.474146 0.313199
v 0.292961 0.516153 -0.784969
v 0.069323 0.517335 0.300894
v 0.096693 0.549372 0.094305
v 0.196832 0.629886 -0.480300
v 0.254468 0.501599 -0.783085
v 0.433562 0.105872 -0.817819
v 0.205468 0.518300 -0.180336
v 0.294628 0.363193 -0.701976
v 0.049607 0.480000 0.269148
v -0.269968 0.587048 0.290557
v 0.236934 0.651170 -0.474190
v 0.289999 0.381964 -0.731017
v 0.436033 0.127458 -0.752616
v 0.435092 0.052635 -0.809065
v 0.222737 0.040918 -0.836395
v -0.322287 0.252362 0.382125
v -0.100117 0.499175 0.308748
v -0.411968 0.507714 -0.785793
v -0.463315 0.527973 -0.451324
v 0.070556 0.575995 0.160760
v -0.711446 0.114754 -0.064094
v 0.413065 0.133226 -0.756214
v -0.702211 0.100251 -0.079265
v -0.707884 0.031320 -0.080394
v -0.083941 0.505384 0.262312
v 0.158060 0.529980 -0.217941
v 0.366813 0.259256 -0.756408
v -0.086252 0.545309 0.296376
v 0.241746 0.645146 -0.435561
v 0.224234 0.563290 -0.788136
v 0.287052 0.033009 -0.839666
v -0.314220 0.438770 0.589415
v 0.085153 0.578733 0.148595
v -0.252336 0.232690 0.385969
v -0.293266 0.464496 0.368266
v 0.039510 0.549397 0.022761
v 0.004441 0.588780 0.031206
v 0.197349 0.631374 -0.792190
v 0.275355 0.470147 -0.601152
v -0.696626 0.136040 -0.071293
v -0.287442 0.241274 0.381217
v 0.222579 0.476290 -0.430378
v -0.692088 0.131581 -0.077195
v -0.304054 0.051287 0.410434
v -0.293696 0.412465 0.345067
v -0.329792 0.444996 0.381713
v 0.101479 0.578119 0.090270
v -0.392961 0.040516 0.090849
v -0.366623 0.178112 0.362206
v -0.379315 0.122259 0.494398
v -0.395057 0.071966 0.489930
v -0.396368 0.131988 0.477071
v -0.438906 0.135223 0.467563
v -0.433829 0.080772 0.479830
v -0.450758 0.102871 0.498924
v -0.377774 0.601117 -0.461613
v -0.339590 0.410999 0.552947
v 0.068233 0.457703 0.284367
v 0.156763 0.506772 -0.311470
v -0.262563 0.490269 0.301130
v 0.140479 0.540452 -0.250190
v 0.152309 0.473000 -0.401631
v 0.161904 0.411381 -0.418473
v 0.239010 0.532002 -0.799551
v -0.381387 0.044925 0.495890
v -0.438304 0.140379 0.485015
v -0.661041 0.098463 -0.080642
v 0.325245 0.446893 -0.739010
v -0.379470 0.047152 -0.938506
v -0.378865 0.433651 -0.937911
v -0.379027 0.433671 -0.865914
v 0.292779 0.440516 -0.734529
v -0.246483 0.471642 0.314231
v -0.012939 0.607273 0.008405
v 0.003897 0.591495 -0.166617
v -0.423767 0.415890 -0.259381
v -0.460543 0.124086 -0.097294
v -0.393107 0.267645 0.414978
v -0.259142 0.363948 0.369143
v 0.157467 0.536209 -0.257801
v 0.287069 0.392277 -0.944289
v 0.209438 0.042369 -0.906075
v 0.211431 0.132495 -0.912522
v -0.379802 0.420763 -0.420562
v -0.078697 0.565225 0.143163
v -0.008330 0.549338 0.044033
v 0.155974 0.574326 -0.401417
v 0.213966 0.052126 -0.941362
v -0.457877 0.039961 0.495412
v -0.377950 0.425051 -0.913030
v -0.092967 0.608666 0.007774
v -0.013825 0.577953 0.025872
v 0.037115 0.550355 -0.171319
v 0.150484 0.540564 -0.397721
v 0.232908 0.672977 -0.447659
v 0.188032 0.067685 -0.894763
v 0.199256 0.058629 -0.924808
v -0.395486 0.406252 0.380835
v -0.329199 0.412584 -0.416478
v 0.322361 0.467748 -0.798438
v 0.325936 0.431222 -0.758371
v 0.367835 0.260434 -0.805447
v 0.192794 0.113050 -0.891983
v -0.443638 0.365279 -0.258211
v -0.360434 0.040783 0.365696
v -0.700104 0.133166 0.033910
v -0.260644 0.543317 0.294388
v -0.263617 0.580439 0.093324
v -0.092659 0.578850 0.022099
v -0.012666 0.607068 -0.229868
v -0.010990 0.553125 -0.228518
v 0.233902 0.650821 -0.787251
v 0.195407 0.115600 -0.926835
v -0.104652 0.578561 0.156094
v -0.629056 0.098666 -0.178873
v 0.267460 0.468575 -0.800822
v 0.308943 0.420144 -0.807732
v 0.374385 0.288159 -0.802865
v 0.322212 0.443368 -0.821054
v 0.044040 0.112031 -0.894008
v -0.259599 0.520499 0.301382
v -0.255655 0.566957 0.298259
v -0.105375 0.578611 0.156173
v -0.106235 0.578626 0.156188
v -0.398908 0.537646 -0.779147
v -0.389215 0.567073 -0.454376
v 0.045568 0.527827 0.254660
v -0.094771 0.549022 0.047473
v -0.561992 0.182684 0.286584
v -0.571344 0.127653 0.335997
v -0.440016 0.395728 0.363312
v -0.003359 0.546166 -0.184948
v 0.161155 0.578388 -0.418087
v -0.692749 0.125414 0.034743
v -0.496316 0.039849 -0.408192
v -0.592520 0.134877 0.350590
v 0.082532 0.551174 -0.189920
v 0.286907 0.384458 -0.824539
v 0.044313 0.067623 -0.897292
v -0.242239 0.550742 0.252183
v 0.070310 0.599466 -0.216801
v 0.047454 0.569277 -0.200811
v 0.065659 0.597353 -0.332437
v -0.400504 0.535891 -0.453501
v -0.442981 0.545032 -0.453137
v 0.212186 0.253683 -0.920244
v -0.450792 0.038279 0.338659
v -0.320901 0.581321 -0.417936
v 0.038371 0.564693 -0.222000
v 0.063216 0.555719 -0.249627
v 0.162365 0.268640 -0.920420
v -0.601178 0.134135 0.295322
v 0.210396 0.040140 -0.526940
v -0.283555 0.456885 0.349943
v -0.277680 0.457964 0.319338
v -0.405288 0.634470 -0.789587
v 0.219657 0.672343 -0.804444
v -0.463062 0.523961 -0.783159
v -0.474875 0.394565 0.338588
v -0.277055 0.575179 0.166899
v -0.092909 0.618156 -0.230665
v -0.451143 0.513328 -0.630200
v -0.253462 0.526751 0.258391
v -0.381133 0.412899 -0.286202
v 0.077215 0.550625 -0.363668
v -0.256378 0.457933 0.277275
v -0.256134 0.504728 0.264348
v -0.248218 0.578661 0.149160
v 0.045804 0.113902 -0.924945
v 0.012759 0.625563 -0.229217
v -0.591400 0.067754 0.290114
v -0.457340 0.318650 0.416377
v -0.256268 0.479911 0.267584
v -0.587019 0.044731 0.349639
v -0.528416 0.177697 0.257639
v 0.006112 0.674673 -0.442391
v -0.392896 0.397675 0.362652
v -0.256193 0.549399 0.094520
v -0.492450 0.419276 0.353960
v 0.017911 0.620154 -0.330784
v -0.005096 0.673479 -0.794300
v 0.017857 0.131764 -0.915711
v -0.697583 0.139685 0.043933
v -0.706900 0.136053 0.055627
v -0.699183 0.158608 0.041301
v -0.709502 0.130762 0.039090
v -0.647323 0.101716 0.244326
v 0.138531 0.576144 -0.400083
v -0.530369 0.290007 0.273141
v 0.217382 0.437441 -0.943329
v -0.449172 0.551965 -0.784975
v -0.613084 0.099722 0.289722
v -0.007728 0.651170 -0.431391
v 0.219707 0.437413 -0.819204
v 0.217742 0.416038 -0.914977
v -0.530124 0.273604 0.250805
v -0.311536 0.579877 0.144765
v 0.042639 0.054983 -0.918548
v 0.042724 0.585050 -0.341093
v 0.176299 0.545841 -0.819735
v 0.162890 0.577563 -0.811335
v -0.479451 0.038609 0.259440
v -0.765943 0.059435 0.272886
v -0.161584 0.557814 -0.077838
v 0.163737 0.583258 -0.430501
v 0.134193 0.362618 -0.906362
v -0.483082 0.396710 0.284523
v -0.458501 0.423789 0.352387
v -0.431432 0.577333 -0.457580
v 0.043452 0.554236 -0.358584
v -0.599377 0.040193 0.276705
v -0.441459 0.420702 0.377909
v -0.376910 0.415788 0.339228
v -0.699123 0.159410 0.071100
v -0.196079 0.557765 -0.097096
v 0.100233 0.576490 -0.402931
v -0.280792 0.468775 0.153432
v -0.305133 0.576700 0.092654
v 0.151454 0.378675 -0.914771
v -0.431670 0.577444 -0.779284
v -0.205760 0.600503 -0.144924
v -0.094722 0.550019 -0.364321
v 0.213804 0.424227 -0.876083
v 0.015671 0.283918 -0.906941
v -0.010599 0.041096 -0.910968
v -0.447686 0.560723 -0.495501
v -0.305398 0.530986 0.082052
v -0.397970 0.673337 -0.440368
v -0.331543 0.411344 0.093584
v -0.016270 0.580040 -0.599260
v -0.019101 0.576103 -0.816753
v 0.014329 0.361898 -0.889829
v -0.001605 0.123927 -0.913588
v -0.691726 0.099605 0.031910
v -0.325480 0.534420 0.059046
v -0.220242 0.550779 -0.074650
v -0.690196 0.030780 0.045814
v -0.678832 0.098937 0.046549
v -0.322618 0.467350 0.061354
v -0.130219 0.575471 -0.237348
v 0.095472 0.549086 -0.403856
v -0.023284 0.581375 -0.694427
v -0.019315 0.106525 -0.915314
v -0.377414 0.042219 -0.910136
v -0.446059 0.288610 0.252119
v -0.502827 0.423318 0.274215
v -0.502223 0.403793 0.293633
v -0.292736 0.414154 0.153010
v -0.155256 0.548834 -0.243720
v -0.328909 0.470790 0.183628
v -0.293566 0.457464 0.183141
v -0.330021 0.453639 0.187705
v -0.340220 0.445570 0.182511
v -0.336863 0.435300 0.186665
v -0.331105 0.450718 0.223990
v -0.338699 0.412516 0.181014
v -0.325509 0.442600 0.221537
v -0.347255 0.425342 0.185518
v -0.344505 0.430057 0.218651
v -0.341047 0.433990 0.222471
v -0.340954 0.438393 0.218825
v -0.346088 0.422809 0.221224
v -0.329453 0.463619 0.228293
v -0.092782 0.626756 -0.328381
v -0.021076 0.272831 -0.917744
v -0.188131 0.577277 -0.333515
v -0.697578 0.098825 0.081688
v -0.022873 0.580874 -0.646402
v -0.022873 0.580874 -0.647248
v 0.012128 0.368306 -0.925728
v -0.431070 0.348298 0.246746
v -0.463286 0.356576 0.261281
v -0.013710 0.429785 -0.886141
v -0.355046 0.047655 -0.918980
v -0.100723 0.550127 -0.285241
v -0.125049 0.111503 -0.899080
v -0.388620 0.568262 -0.789868
v -0.353326 0.412641 0.226359
v -0.777597 0.036700 0.129863
v -0.648616 0.101275 0.125690
v -0.224042 0.553332 -0.204859
v -0.346543 0.413243 0.156744
v -0.117420 0.612398 -0.329863
v -0.004403 0.268272 -0.916611
v -0.132191 0.116749 -0.928074
v -0.377254 0.254205 -0.918497
v -0.492203 0.160174 0.105268
v -0.128651 0.575624 -0.619432
v -0.132580 0.579634 -0.806759
v -0.768633 0.036979 0.099043
v -0.424111 0.417651 0.268339
v -0.378449 0.415635 0.287779
v -0.119321 0.551092 -0.349046
v 0.088358 0.428791 -0.857514
v -0.003395 0.377310 -0.910854
v -0.306544 0.570818 -0.402898
v -0.316292 0.524784 -0.375415
v -0.305202 0.538739 -0.073351
v -0.021431 0.574569 -0.621423
v -0.144268 0.657529 -0.806096
v -0.349565 0.422566 -0.312819
v -0.459146 0.415205 0.266626
v -0.013602 0.576000 -0.425117
v -0.367425 0.445223 -0.269543
v 0.166552 0.418680 -0.821316
v -0.012420 0.365438 -0.926733
v -0.133415 0.282936 -0.903307
v -0.348913 0.514946 -0.307293
v -0.529649 0.183398 0.119672
v -0.456234 0.287982 0.093608
v -0.431255 0.348044 0.105472
v -0.358708 0.547121 -0.282463
v -0.337935 0.501126 -0.278573
v -0.323157 0.460570 -0.078846
v -0.322947 0.536296 -0.078489
v -0.312339 0.493961 -0.278620
v -0.688411 0.038567 0.097339
v -0.522794 0.290143 0.088073
v -0.144284 0.666664 -0.443100
v -0.604670 0.157543 0.073659
v -0.692471 0.129589 0.091750
v -0.133694 0.357799 -0.890284
v -0.143666 0.268032 -0.917002
v -0.213707 0.594741 -0.333815
v -0.421222 0.612064 -0.783862
v -0.374688 0.602969 -0.789598
v -0.513776 0.185949 0.095194
v -0.436556 0.591212 -0.642799
v -0.253742 0.549570 -0.402937
v -0.149789 0.131531 -0.915141
v -0.455071 0.373666 -0.426252
v -0.137405 0.367241 -0.925679
v -0.594159 0.104752 0.060986
v -0.595430 0.113659 0.056516
v -0.597951 0.059348 0.064705
v -0.260900 0.576282 -0.402209
v -0.055734 0.428545 -0.852398
v -0.619563 0.040406 0.083000
v -0.707299 0.037910 0.083705
v -0.689685 0.038288 0.086552
v -0.686129 0.038398 0.085228
v -0.687544 0.038389 0.086897
v -0.694157 0.038297 0.096060
v -0.216132 0.558205 -0.355857
v -0.164800 0.556724 -0.345464
v -0.127007 0.574138 -0.428140
v -0.005306 0.549585 -0.820283
v -0.311564 0.373478 -0.914861
v -0.700197 0.038404 0.097516
v -0.758145 0.061424 0.099783
v -0.456281 0.366592 0.097836
v -0.115844 0.576169 -0.404641
v -0.184227 0.108318 -0.919146
v -0.186775 0.064315 -0.926903
v -0.187060 0.064170 -0.896958
v -0.477177 0.053660 0.094218
v -0.465217 0.055005 0.058615
v -0.463122 0.109422 0.059534
v -0.307007 0.524526 -0.157402
v -0.146056 0.375162 -0.907106
v -0.167427 0.356048 -0.890584
v -0.161175 0.674517 -0.794372
v -0.602782 0.052360 0.094935
v -0.379732 0.414873 -0.183840
v -0.307598 0.546899 -0.191769
v -0.320730 0.455906 -0.373200
v -0.306731 0.523913 -0.317626
v -0.159830 0.043791 -0.910878
v -0.593978 0.070974 0.059337
v -0.367841 0.536069 -0.188842
v -0.166780 0.366229 -0.928269
v -0.293736 0.284078 -0.920280
v -0.460542 0.123298 0.084734
v -0.364453 0.133694 -0.914729
v -0.335666 0.108169 -0.893125
v -0.377116 0.040864 -0.432441
v -0.322893 0.583869 -0.428451
v -0.350547 0.522261 -0.161098
v -0.305641 0.544656 -0.273364
v -0.338505 0.110424 -0.927571
v -0.446663 0.370975 0.003303
v -0.396090 0.669213 -0.805212
v -0.291243 0.359728 -0.889814
v -0.326939 0.410823 -0.192694
v -0.346418 0.517880 -0.203959
v -0.311974 0.498324 -0.196118
v -0.062184 0.418460 -0.823428
v -0.335880 0.062361 -0.903190
v -0.422309 0.431241 0.045686
v -0.350848 0.415159 -0.158914
v -0.626032 0.040080 0.049009
v -0.591740 0.104049 0.060480
v -0.422875 0.619471 -0.642740
v -0.363137 0.630545 -0.776749
v -0.364267 0.631632 -0.462160
v -0.319874 0.580008 -0.810617
v -0.328244 0.413262 -0.274329
v -0.329962 0.421394 -0.825273
v -0.322492 0.569484 -0.824129
v -0.425587 0.614021 -0.461333
v -0.600908 0.054583 0.057907
vn 0.8052 0.4309 0.4074
vn 0.3461 0.7539 0.5585
vn 0.9937 -0.0787 -0.0793
vn -0.3556 0.7836 -0.5095
vn -0.9143 0.4038 -0.0326
vn -0.7777 0.6269 0.0468
vn -0.7725 0.6332 0.0487
vn -0.6706 0.7397 0.0564
vn -0.7777 0.6268 0.0468
vn -0.9143 0.4038 -0.0327
vn -0.9019 0.4317 -0.0127
vn -0.2037 0.6397 -0.7412
vn -0.6405 -0.5762 0.5077
vn 0.9950 -0.0894 -0.0436
vn 0.9978 -0.0578 -0.0319
vn 0.9939 -0.0993 -0.0473
vn 0.9984 -0.0482 -0.0283
vn 0.0272 0.9980 0.0573
vn 0.0328 0.9989 0.0342
vn 0.0160 0.9946 0.1027
vn -0.3018 0.9202 0.2494
vn 0.0082 0.9992 -0.0394
vn 0.0312 0.9911 -0.1293
vn 0.0088 0.9991 -0.0417
vn 0.5614 0.8070 -0.1833
vn 0.0078 0.9907 0.1360
vn 0.1402 -0.0250 0.9898
vn -0.3104 0.8785 -0.3631
vn 0.0263 0.4091 -0.9121
vn 0.0291 0.4213 -0.9065
vn 0.0505 0.5128 -0.8570
vn 0.5458 0.5637 -0.6200
vn -0.7124 0.6844 0.1552
vn 0.3498 0.3684 0.8613
vn -0.0104 0.9994 0.0336
vn 0.0550 0.5318 -0.8451
vn -0.3663 0.1088 -0.9241
vn -0.9022 0.4274 -0.0588
vn 0.0535 0.9984 0.0185
vn -0.9399 0.3369 -0.0565
vn -0.0017 -0.1587 0.9873
vn -0.0077 -0.1410 0.9900
vn -0.0232 -0.0946 0.9952
vn 0.8417 0.5320 0.0923
vn 0.6439 0.2488 -0.7235
vn -0.8868 0.4617 -0.0226
vn 0.9745 0.2216 0.0343
vn 0.9706 0.2402 0.0129
vn 0.9639 0.2663 0.0020
vn -0.0292 -0.0766 0.9966
vn 0.3382 0.2185 0.9154
vn 0.1013 0.8146 -0.5710
vn 0.0264 0.0916 0.9954
vn 0.0013 0.1457 0.9893
vn 0.0065 0.1276 0.9918
vn 0.0128 -0.9997 -0.0197
vn 0.0044 -0.9999 -0.0115
vn 0.0133 -0.9997 -0.0202
vn 0.9503 0.3000 0.0829
vn 0.0544 0.1288 0.9902
vn -0.9919 0.1248 0.0238
vn -0.9933 0.1104 0.0341
vn -0.9925 0.1187 0.0308
vn 0.0217 -0.9994 -0.0284
vn 0.0134 0.1591 -0.9872
vn 0.0365 0.2371 -0.9708
vn 0.0312 0.2192 -0.9752
vn -0.9524 0.3035 0.0284
vn 0.0077 0.1398 -0.9902
vn -0.7712 0.6363 0.0194
vn 0.9333 0.3430 0.1062
vn 0.0755 0.1660 0.9832
vn 0.0265 0.0916 0.9954
vn 0.0056 0.6673 -0.7448
vn -0.9956 0.0862 0.0360
vn -0.9957 0.0860 0.0347
vn -0.9956 0.0861 0.0360
vn 0.1092 0.8038 0.5848
vn 0.9847 -0.1725 -0.0249
vn 0.9966 -0.0819 0.0052
vn 0.9796 -0.1983 -0.0335
vn 0.2412 0.8062 0.5403
vn 0.2969 0.8376 0.4587
vn 0.3035 0.8408 0.4483
vn 0.7142 -0.3580 -0.6015
vn 0.3548 0.8617 0.3627
vn -0.0716 0.1571 -0.9850
vn 0.9031 0.3226 -0.2836
vn -0.9673 0.2530 -0.0179
vn -0.5526 0.3232 0.7682
vn -0.1614 0.9862 0.0377
vn -0.4858 0.8078 0.3339
vn -0.1483 0.9889 -0.0065
vn -0.0411 0.9951 -0.0898
vn -0.0935 0.9944 -0.0494
vn 0.0839 0.8795 -0.4685
vn 0.1257 0.8191 -0.5597
vn 0.1067 0.8482 -0.5189
vn 0.9792 -0.1667 0.1158
vn -0.2771 0.4268 0.8608
vn -0.2519 0.9516 -0.1759
vn -0.1877 0.9819 0.0247
vn 0.1459 0.7848 -0.6024
vn 0.9015 0.0071 0.4328
vn -0.9409 0.2780 -0.1937
vn 0.0285 0.9875 -0.1549
vn -0.7596 0.2820 -0.5861
vn -0.0182 0.3153 -0.9488
vn 0.2591 0.9238 -0.2819
vn -0.7036 0.7050 0.0887
vn 0.0952 0.9453 0.3119
vn -0.0185 -0.1628 0.9865
vn -0.0215 -0.1526 0.9881
vn -0.0295 -0.1249 0.9917
vn 0.3362 0.8647 -0.3731
vn 0.9983 -0.0573 0.0133
vn -0.0392 0.9752 -0.2180
vn -0.0717 0.9455 -0.3177
vn -0.0231 0.9284 -0.3707
vn -0.9154 0.2457 0.3188
vn 0.1578 0.7199 -0.6759
vn -0.0372 0.9848 -0.1698
vn -0.4480 0.8940 0.0093
vn -0.0322 -0.1156 0.9928
vn 0.8156 0.5735 -0.0776
vn 0.8138 0.5759 -0.0782
vn 0.8295 0.5539 -0.0724
vn 0.0522 0.3834 0.9221
vn 0.0604 0.3363 0.9398
vn 0.0662 0.1647 0.9841
vn 0.2586 0.9420 0.2141
vn 0.1898 0.6974 0.6911
vn 0.0320 0.9938 -0.1062
vn 0.5360 0.7907 0.2958
vn 0.9401 0.0724 -0.3332
vn 0.0104 -0.0164 0.9998
vn 0.0261 0.0240 0.9994
vn 0.8156 0.5734 -0.0776
vn 0.8295 0.5538 -0.0724
vn 0.8327 0.5492 -0.0711
vn 0.9830 0.1835 -0.0091
vn -0.8537 0.1022 0.5107
vn -0.5541 0.4004 -0.7299
vn -0.3569 0.5472 0.7571
vn -0.0025 -1.0000 0.0025
vn -0.0002 -1.0000 0.0048
vn -0.0023 -1.0000 0.0027
vn 0.0297 0.1515 -0.9880
vn 0.0187 0.1195 -0.9927
vn 0.0214 0.1276 -0.9916
vn -0.9904 0.1379 0.0082
vn -0.9896 0.1436 0.0101
vn -0.9930 0.1181 0.0018
vn 0.0077 0.7104 -0.7038
vn -0.9936 0.1125 -0.0000
vn 0.0324 0.1595 -0.9867
vn -0.0046 -1.0000 0.0005
vn 0.3099 0.1595 0.9373
vn 0.3117 0.1633 0.9361
vn 0.3112 0.1623 0.9364
vn 0.3132 0.1664 0.9350
vn -0.7960 0.2313 0.5594
vn 0.0729 0.5463 0.8344
vn 0.9675 0.2164 -0.1307
vn -0.8096 0.4447 0.3830
vn 0.7946 0.2139 -0.5682
vn 0.7570 0.1804 -0.6280
vn 0.7636 0.1861 -0.6183
vn 0.1552 0.7236 0.6725
vn 0.2511 0.7335 0.6317
vn 0.1234 0.7187 0.6843
vn -0.1835 0.9509 -0.2494
vn -0.5007 0.4863 -0.7161
vn 0.3348 0.8061 -0.4880
vn -0.8314 0.5253 0.1812
vn 0.2356 0.9712 -0.0349
vn 0.9598 -0.2494 -0.1292
vn 0.7559 -0.5760 0.3111
vn -0.8288 0.2783 -0.4855
vn 0.2810 0.7349 0.6172
vn 0.9468 0.0044 -0.3217
vn -0.4277 0.9035 0.0266
vn -0.4661 0.8847 -0.0065
vn -0.3870 0.9206 0.0518
vn -0.2464 0.2878 -0.9255
vn -0.3117 0.2545 -0.9155
vn -0.2853 0.2682 -0.9201
vn -0.4630 0.8863 -0.0059
vn -0.7744 0.5864 -0.2376
vn 0.9933 -0.1153 0.0064
vn 0.9928 -0.1198 -0.0020
vn 0.9946 -0.1036 0.0045
vn 0.9932 -0.1166 -0.0017
vn 0.1564 0.8975 0.4123
vn -0.2491 0.9671 -0.0516
vn -0.1944 0.9795 -0.0528
vn -0.2730 0.9620 0.0059
vn -0.1299 0.9854 -0.1103
vn 0.7221 0.1517 -0.6749
vn -0.8937 0.3357 0.2976
vn -0.3389 0.2400 -0.9097
vn -0.3117 0.2545 -0.9154
vn 0.0212 0.4569 -0.8893
vn 0.0178 0.4461 -0.8948
vn 0.0041 0.4017 -0.9158
vn 0.0178 0.4460 -0.8949
vn -0.0373 0.2610 -0.9646
vn 0.0041 0.4016 -0.9158
vn -0.3274 0.9406 0.0899
vn -0.0001 0.0463 0.9989
vn -0.0117 0.0817 0.9966
vn 0.0045 0.0319 0.9995
vn -0.2399 0.9708 0.0015
vn 0.2325 0.8156 -0.5299
vn -0.1573 0.9849 -0.0718
vn -0.1944 0.9795 -0.0527
vn 0.9950 -0.0987 0.0117
vn 0.0231 0.4339 0.9007
vn 0.2418 0.9651 0.1001
vn -0.1358 0.9831 -0.1231
vn -0.0164 0.0961 0.9952
vn 0.3599 0.2931 0.8857
vn 0.8799 -0.4388 -0.1823
vn -0.3255 0.6114 -0.7213
vn -0.2935 0.6341 -0.7154
vn -0.3214 0.6193 -0.7163
vn 0.6588 0.5248 0.5391
vn 0.6693 0.5171 0.5335
vn 0.5943 0.5679 0.5694
vn 0.4597 0.0160 0.8879
vn -0.0446 0.1413 0.9890
vn -0.0520 0.1310 0.9900
vn -0.0282 0.1642 0.9860
vn 0.6598 0.2990 -0.6894
vn 0.7053 0.2595 -0.6597
vn 0.6568 0.3015 -0.6912
vn -0.3215 0.6193 -0.7163
vn -0.3836 0.5788 -0.7197
vn 0.5989 0.3462 -0.7221
vn 0.6597 0.2990 -0.6894
vn 0.6567 0.3015 -0.6912
vn -0.0116 0.0783 -0.9969
vn 0.0041 0.1221 -0.9925
vn -0.0170 0.0632 -0.9979
vn 0.0043 -1.0000 -0.0088
vn -0.0008 -1.0000 -0.0041
vn -0.0003 -1.0000 -0.0045
vn -0.3214 0.9469 0.0022
vn -0.8105 -0.2136 -0.5454
vn -0.8081 -0.2171 -0.5476
vn -0.8278 -0.1874 -0.5289
vn 0.0564 0.9980 -0.0288
vn 0.5915 -0.7720 -0.2326
vn -0.8278 -0.1873 -0.5288
vn -0.8387 -0.1698 -0.5175
vn 0.5135 0.7776 0.3629
vn 0.0609 -0.1876 0.9804
vn -0.8132 0.1510 -0.5621
vn 0.6490 0.6457 -0.4022
vn -0.4564 -0.8520 -0.2566
vn -0.4270 -0.1272 0.8953
vn 0.9562 0.2845 0.0690
vn 0.7418 0.4579 0.4900
vn -0.7528 0.3706 0.5440
vn -0.3381 0.5951 -0.7290
vn -0.1641 0.9373 -0.3075
vn -0.0133 0.1849 0.9827
vn 0.9518 0.2862 -0.1099
vn 0.9552 0.2699 -0.1211
vn 0.9452 0.3138 -0.0905
vn 0.9589 0.2496 -0.1350
vn -0.9873 0.1590 0.0012
vn -0.9888 0.1491 0.0046
vn -0.9928 0.1192 0.0148
vn 0.0092 0.1363 -0.9906
vn -0.9940 0.1074 0.0188
vn -0.0053 -1.0000 0.0001
vn 0.7735 0.1629 0.6126
vn 0.9950 0.0993 0.0126
vn 0.9918 0.0964 0.0835
vn 0.9889 0.1310 0.0706
vn 0.0287 -0.9995 -0.0147
vn 0.0216 -0.9997 -0.0090
vn 0.0222 -0.9997 -0.0094
vn 0.9957 0.0891 0.0234
vn 0.9770 0.1815 -0.1117
vn -0.0574 -0.0512 0.9970
vn 0.1748 0.2326 0.9567
vn 0.9907 0.1101 0.0800
vn 0.9672 0.1325 -0.2169
vn 0.0120 0.9589 -0.2836
vn 0.7648 0.4314 -0.4785
vn -0.9845 0.1665 -0.0553
vn 0.6071 0.7931 0.0492
vn 0.0372 0.1195 -0.9921
vn 0.0447 0.1437 -0.9886
vn 0.0622 0.1997 -0.9779
vn 0.2797 0.1605 0.9466
vn 0.2041 0.9541 -0.2193
vn -0.5515 0.6127 0.5661
vn -0.2493 0.3345 0.9088
vn -0.2131 0.2601 0.9418
vn -0.1944 0.2222 0.9554
vn -0.9339 0.3522 -0.0620
vn -0.8902 0.4434 -0.1042
vn -0.8986 0.4279 -0.0969
vn 0.7792 0.6164 0.1140
vn -0.1081 0.8662 0.4879
vn -0.3130 0.2830 0.9066
vn -0.2379 0.1392 -0.9613
vn 0.0691 0.2220 -0.9726
vn -0.1755 0.1841 0.9671
vn 0.0057 0.7123 -0.7019
vn 0.0152 -0.9999 -0.0038
vn 0.2475 0.2454 -0.9373
vn -0.3765 0.4743 -0.7958
vn 0.1583 0.6389 -0.7528
vn -0.9460 0.3205 -0.0476
vn 0.9977 0.0525 0.0438
vn -0.9863 0.1505 -0.0677
vn -0.9939 -0.0445 -0.1005
vn -0.9922 -0.0661 -0.1059
vn -0.9930 -0.0654 -0.0987
vn -0.4441 0.8959 -0.0142
vn -0.4804 0.8769 -0.0156
vn -0.5084 0.8609 -0.0167
vn 0.0566 0.9974 -0.0442
vn 0.1996 0.9799 -0.0039
vn 0.1472 0.9879 -0.0496
vn 0.3114 0.3680 0.8761
vn 0.3339 0.3745 0.8650
vn 0.3702 0.3845 0.8456
vn -0.9937 -0.0684 -0.0884
vn 0.9963 0.0827 0.0241
vn 0.1147 0.5963 0.7945
vn -0.0854 0.9963 -0.0031
vn 0.3833 0.3880 0.8382
vn 0.0676 0.4559 -0.8874
vn 0.0755 0.4370 -0.8963
vn 0.0497 0.5084 -0.8597
vn 0.9708 -0.0936 0.2210
vn 0.1735 0.1023 -0.9795
vn -0.5365 0.7035 -0.4661
vn -0.9795 0.1936 -0.0564
vn -0.6252 0.7802 -0.0213
vn -0.1389 0.9896 0.0365
vn 0.0565 0.9974 -0.0442
vn -0.0624 -0.1703 0.9834
vn -0.0632 -0.1682 0.9837
vn -0.0630 -0.1688 0.9836
vn -0.0621 -0.1709 0.9833
vn -0.9183 0.3960 -0.0013
vn 0.8510 0.5198 0.0748
vn 0.9231 0.3828 0.0382
vn 0.9069 0.4182 0.0511
vn 0.1117 -0.1806 0.9772
vn -0.9940 -0.0626 -0.0893
vn 0.7977 0.6013 0.0470
vn 0.0535 0.5611 -0.8260
vn -0.0893 0.9406 -0.3277
vn 0.0566 0.5756 -0.8158
vn 0.7676 0.6404 0.0262
vn -0.0469 -0.9989 0.0035
vn -0.0390 -0.9992 0.0119
vn -0.0506 -0.9987 0.0024
vn -0.0539 -0.9985 -0.0012
vn -0.0596 -0.9982 -0.0027
vn -0.9049 -0.0986 0.4140
vn -0.9059 -0.1039 0.4106
vn -0.9040 -0.0936 0.4172
vn 0.9566 -0.2625 0.1263
vn -0.9028 -0.0874 0.4211
vn -0.6261 -0.0007 -0.7798
vn 0.2134 -0.2574 0.9424
vn 0.5569 0.0524 0.8290
vn -0.7403 -0.4221 -0.5233
vn -0.2177 0.0107 0.9760
vn 0.9925 -0.0439 -0.1141
vn -0.8335 -0.4269 0.3509
vn 0.4351 -0.5290 0.7286
vn 0.6274 -0.1391 -0.7662
vn 0.6589 -0.1992 -0.7254
vn 0.6882 -0.1257 -0.7146
vn 0.7098 -0.1809 -0.6808
vn -0.0887 0.1021 -0.9908
vn -0.0887 0.0318 -0.9956
vn -0.0706 0.0373 -0.9968
vn -0.3082 0.5016 0.8083
vn 0.6360 0.7707 -0.0384
vn 0.9835 -0.1127 0.1413
vn -0.9579 0.0325 0.2851
vn 0.7168 -0.0431 -0.6959
vn -0.9953 0.0926 0.0283
vn -0.7813 0.0104 -0.6240
vn -0.8042 0.0029 -0.5943
vn -0.6899 0.0372 -0.7230
vn -0.4724 0.0135 0.8813
vn -0.4302 -0.0041 0.9027
vn -0.5669 0.0547 0.8219
vn 0.0521 -0.0032 -0.9986
vn 0.4044 0.0117 0.9145
vn 0.4397 0.0237 0.8978
vn 0.5157 0.0506 0.8553
vn -0.6081 0.0735 0.7905
vn 0.5396 0.0592 0.8399
vn 0.9444 0.0358 -0.3269
vn 0.0296 0.9996 0.0023
vn 0.1140 0.0661 -0.9913
vn -0.6569 0.0458 -0.7526
vn -0.4098 -0.9114 -0.0374
vn -0.5552 -0.3153 0.7697
vn -0.0748 -0.9912 0.1088
vn 0.0260 -0.9982 0.0544
vn -0.0115 -0.9971 0.0748
vn 0.6392 -0.4450 0.6273
vn -0.0369 -0.9993 -0.0080
vn -0.1362 -0.9805 0.1415
vn -0.0116 -0.9971 0.0748
vn -0.8428 -0.0982 -0.5291
vn -0.0240 0.9945 -0.1021
vn 0.8169 0.0777 -0.5715
vn 0.8266 0.0598 -0.5596
vn 0.8142 0.0825 -0.5747
vn -0.8896 0.1765 -0.4212
vn 0.2200 0.4275 0.8768
vn 0.1339 0.0715 -0.9884
vn -0.6229 -0.2299 0.7478
vn -0.8399 0.3130 0.4434
vn 0.8004 0.1062 -0.5899
vn 0.9071 0.3212 0.2719
vn 0.2072 0.1843 -0.9608
vn 0.5948 0.7383 0.3178
vn -0.0922 0.9743 -0.2055
vn 0.2398 0.7210 0.6501
vn -0.3720 -0.7324 -0.5702
vn -0.1310 0.9727 0.1918
vn 0.9609 0.2679 0.0697
vn 0.9712 0.2297 0.0639
vn 0.9500 0.3031 0.0751
vn 0.2353 0.9666 -0.1019
vn 0.0097 0.9145 -0.4044
vn 0.0503 0.8471 -0.5291
vn 0.0344 0.8759 -0.4812
vn -0.5197 0.7799 -0.3488
vn -0.2466 0.4724 0.8462
vn 0.9766 0.2065 0.0604
vn 0.0503 0.8470 -0.5291
vn 0.0791 0.7863 -0.6127
vn -0.0455 0.4264 0.9034
vn -0.2657 -0.8669 -0.4217
vn -0.3267 0.1590 -0.9317
vn -0.0110 -0.0990 -0.9950
vn -0.1023 -0.9944 0.0268
vn -0.0599 -0.9977 0.0324
vn -0.0657 -0.9973 0.0316
vn 0.1295 -0.9605 0.2462
vn -0.0266 -0.9990 0.0367
vn 0.8299 -0.2819 0.4815
vn -0.7269 -0.1127 0.6775
vn -0.7446 -0.1227 0.6562
vn -0.7193 -0.0738 0.6907
vn 0.0564 0.1353 0.9892
vn -0.9856 0.1683 0.0163
vn -0.9968 0.0771 0.0197
vn -0.9968 0.0776 0.0197
vn 0.3268 -0.3052 0.8944
vn 0.9757 0.1475 0.1620
vn 0.9838 0.0863 0.1573
vn 0.9815 0.1072 0.1590
vn -0.6641 -0.2773 -0.6944
vn -0.6876 -0.3394 -0.6419
vn -0.6709 -0.1871 -0.7175
vn 0.7241 -0.3131 -0.6146
vn -0.6995 -0.1203 0.7044
vn 0.9686 0.1864 0.1646
vn -0.6737 -0.2947 0.6777
vn 0.4062 0.2133 0.8885
vn 0.5126 0.1090 -0.8517
vn -0.6470 -0.1392 -0.7497
vn -0.6640 -0.2772 -0.6944
vn -0.6709 -0.1870 -0.7176
vn 0.1304 0.8034 0.5810
vn 0.3618 -0.7655 -0.5322
vn -0.9997 0.0075 0.0222
vn 0.7643 -0.0445 -0.6433
vn 0.7493 -0.0398 -0.6611
vn 0.6362 -0.0339 -0.7708
vn -0.7584 0.0241 0.6514
vn -0.7448 0.0166 0.6671
vn -0.7834 0.0384 0.6203
vn 0.2203 -0.0689 0.9730
vn 0.0758 -0.0123 0.9970
vn 0.1755 -0.0513 0.9831
vn 0.2209 -0.0245 -0.9750
vn 0.0214 0.0089 0.9997
vn 0.8658 0.0050 0.5003
vn 0.9727 -0.0931 0.2126
vn -0.6477 -0.0209 -0.7616
vn -0.9403 0.2077 -0.2697
vn -0.9541 0.1589 -0.2538
vn -0.9601 0.0748 -0.2696
vn -0.7929 0.0441 0.6077
vn 0.9556 -0.0015 -0.2945
vn -0.2210 0.0614 -0.9733
vn -0.2238 0.0716 -0.9720
vn -0.2210 0.0617 -0.9733
vn 0.6239 -0.0329 -0.7808
vn 0.7954 -0.3793 0.4727
vn 0.9954 0.0954 0.0090
vn -0.7188 0.3647 0.5919
vn 0.5120 0.2121 0.8324
vn 0.5216 0.1744 0.8352
vn 0.5138 0.2056 0.8329
vn 0.9052 -0.3316 -0.2658
vn 0.0368 -0.6855 0.7271
vn 0.6025 -0.0681 -0.7952
vn 0.6361 -0.0339 -0.7708
vn 0.6239 -0.0330 -0.7808
vn -0.9519 0.2092 -0.2240
vn -0.9347 0.2550 -0.2477
vn -0.7045 -0.2051 0.6794
vn 0.5061 0.2338 0.8302
vn -0.2166 0.0460 -0.9752
vn -0.4521 0.4220 0.7858
vn 0.9068 0.4210 -0.0204
vn 0.0125 0.4901 -0.8716
vn 0.5286 0.7424 0.4117
vn 0.5190 0.6172 -0.5914
vn 0.4974 0.5614 -0.6614
vn 0.5008 0.6606 -0.5592
vn -0.4802 0.8732 -0.0833
vn 0.5099 0.6853 -0.5199
vn -0.3276 0.8235 0.4633
vn -0.1697 0.9756 -0.1391
vn 0.0504 0.9842 0.1698
vn 0.3379 0.1525 0.9288
vn 0.3320 0.1398 0.9329
vn 0.3334 0.1429 0.9319
vn 0.5008 0.6607 -0.5592
vn 0.4732 0.7304 -0.4925
vn 0.5099 0.6854 -0.5199
vn -0.8826 0.0843 -0.4625
vn -0.7049 0.7035 0.0903
vn 0.3271 0.1295 0.9361
vn 0.2832 0.1766 -0.9426
vn -0.0442 0.4198 0.9065
vn -0.2007 -0.9786 0.0447
vn -0.0423 0.4550 -0.8895
vn 0.9668 -0.1958 0.1645
vn 0.9855 -0.0161 -0.1687
vn 0.9893 -0.0199 -0.1443
vn 0.9828 0.0469 -0.1788
vn 0.0959 0.9954 -0.0086
vn 0.1363 -0.0615 0.9888
vn 0.0884 -0.0997 0.9911
vn 0.1570 -0.0448 0.9866
vn 0.2374 -0.7582 0.6072
vn -0.0537 0.3568 -0.9326
vn 0.9748 0.0286 0.2211
vn 0.2049 -0.0056 0.9788
vn 0.4978 0.8174 0.2898
vn -0.9117 0.3984 -0.1001
vn -0.1448 0.9372 0.3174
vn -0.1601 0.9298 0.3315
vn -0.1438 0.9376 0.3165
vn -0.1923 0.6507 0.7345
vn -0.2646 0.7813 -0.5653
vn 0.9039 0.0672 -0.4225
vn 0.1338 0.9585 -0.2516
vn 0.1074 0.9379 -0.3298
vn 0.0211 0.9329 -0.3596
vn 0.9992 0.0346 -0.0182
vn 0.9978 0.0625 0.0222
vn 0.9963 0.0857 0.0100
vn 0.9983 0.0566 -0.0147
vn 0.9963 0.0856 0.0100
vn 0.7565 0.1102 -0.6447
vn 0.7845 0.1472 -0.6024
vn 0.7438 0.0556 -0.6661
vn -0.1283 0.9446 0.3022
vn 0.4690 0.2391 0.8502
vn 0.4504 0.2917 0.8439
vn 0.4693 0.2384 0.8503
vn 0.7284 0.0349 -0.6843
vn -0.0314 0.9145 -0.4033
vn 0.0152 0.4563 0.8897
vn -0.8930 -0.4456 -0.0633
vn -0.1275 0.9262 -0.3549
vn 0.0210 0.9329 -0.3596
vn 0.4906 0.1715 0.8544
vn 0.9863 -0.0735 -0.1479
vn 0.7703 -0.2266 0.5960
vn 0.7898 -0.0747 0.6087
vn 0.7883 -0.0932 0.6082
vn 0.7104 0.0961 -0.6972
vn -0.6360 0.7534 0.1669
vn 0.2863 0.2552 -0.9235
vn 0.0407 -0.6131 0.7890
vn -0.6971 -0.3345 0.6342
vn -0.8064 0.3723 -0.4595
vn -0.7591 0.5058 -0.4097
vn -0.7882 0.4118 -0.4574
vn -0.1795 -0.2330 -0.9558
vn 0.7111 0.0673 -0.6999
vn -0.6369 0.3392 0.6923
vn -0.8205 0.3016 -0.4856
vn 0.7905 0.0222 0.6120
vn 0.7905 0.0200 0.6122
vn -0.7279 0.0421 0.6844
vn -0.7479 0.0957 0.6568
vn -0.7487 0.0714 0.6590
vn 0.7890 0.0453 0.6127
vn -0.1841 0.0428 -0.9820
vn -0.1479 0.0328 -0.9885
vn -0.0333 0.0012 -0.9994
vn 0.1512 -0.0862 0.9847
vn 0.0756 0.0399 0.9963
vn 0.0567 0.0452 0.9974
vn -0.6400 0.0393 0.7673
vn -0.9538 -0.2995 -0.0231
vn -0.8064 0.3722 -0.4595
vn -0.8556 0.2205 -0.4684
vn -0.0215 -0.9992 0.0337
vn 0.0830 -0.9964 -0.0147
vn -0.0323 -0.9995 -0.0048
vn 0.6998 -0.2655 -0.6631
vn -0.0451 -0.9988 0.0203
vn -0.1478 0.0328 -0.9885
vn 0.0277 -0.0155 -0.9995
vn -0.0332 0.0012 -0.9994
vn 0.6856 0.2521 -0.6830
vn 0.7105 0.0674 -0.7004
vn 0.2065 -0.2466 0.9469
vn 0.1799 -0.1197 0.9764
vn 0.1846 -0.2194 0.9580
vn -0.8209 -0.0768 -0.5658
vn 0.2674 0.1315 -0.9546
vn -0.6213 0.0461 0.7822
vn -0.0117 -0.9995 0.0301
vn -0.0238 -0.9996 -0.0134
vn 0.1690 -0.5410 -0.8239
vn -0.6522 0.0025 -0.7580
vn -0.3322 -0.3335 -0.8823
vn -1.0000 0.0041 -0.0075
vn -0.9999 0.0066 -0.0157
vn -0.9998 -0.0062 0.0182
vn -0.9997 -0.0063 0.0217
vn -0.6167 0.1147 0.7788
vn -0.6522 0.0022 -0.7580
vn -0.9004 -0.3195 0.2953
vn -0.9997 -0.0096 0.0219
vn 0.7815 0.6239 0.0067
vn 0.9870 -0.1069 0.1202
vn 0.0213 -0.6925 -0.7211
vn -0.2966 -0.2005 -0.9337
vn -0.6410 -0.1566 -0.7514
vn 0.9945 -0.0996 0.0325
vn -0.9700 0.0020 -0.2433
vn -0.9743 0.0469 -0.2202
vn -0.9773 -0.0129 -0.2116
vn 0.0197 0.4247 0.9051
vn 0.0328 -0.0310 -0.9990
vn 0.1992 -0.6568 0.7273
vn 0.5319 0.3713 -0.7611
vn -0.9975 -0.0638 0.0310
vn 0.4494 0.5798 0.6795
vn 0.7299 0.2034 0.6526
vn 0.2475 0.6863 -0.6840
vn -0.7994 0.4561 0.3911
vn -0.3326 0.8126 -0.4785
vn -0.6187 0.6893 0.3769
vn -0.6241 0.7194 0.3050
vn -0.6104 0.6578 0.4414
vn 0.1540 0.9835 0.0945
vn -0.6256 0.7382 0.2522
vn 0.1403 0.9162 0.3754
vn 0.0980 -0.2039 -0.9741
vn -0.6552 0.1453 0.7413
vn 0.7484 0.6541 -0.1095
vn -0.7968 -0.3850 0.4657
vn -0.0487 0.9644 -0.2599
vn -0.9556 -0.1919 -0.2238
vn -0.8486 0.3924 -0.3548
vn 0.9415 0.3132 -0.1242
vn -0.8804 0.0541 0.4711
vn 0.4255 0.2675 0.8645
vn -0.0104 -0.0441 0.9990
vn -0.0318 -0.1622 0.9862
vn -0.0396 -0.0471 0.9981
vn -0.2837 0.4202 -0.8619
vn -0.0086 0.0274 -0.9996
vn -0.0116 -0.0640 -0.9979
vn -0.0095 0.0007 -1.0000
vn 0.9503 -0.0296 -0.3101
vn 0.7392 0.0084 0.6735
vn 0.7393 0.0200 0.6731
vn 0.7476 0.0128 0.6640
vn 0.0514 0.9981 -0.0329
vn -0.9169 0.0007 -0.3991
vn -0.8955 0.0130 -0.4449
vn -0.8850 -0.2649 0.3828
vn 0.0039 -0.9999 -0.0117
vn 0.0108 -0.9997 0.0216
vn 0.0012 -0.9992 0.0410
vn -0.5972 -0.2767 -0.7529
vn 0.0087 -0.9995 -0.0294
vn 0.0039 -0.9999 -0.0118
vn -0.0100 -0.9930 -0.1178
vn -0.3960 -0.0166 -0.9181
vn -0.3949 -0.0445 -0.9176
vn -0.3951 -0.0392 -0.9178
vn -0.0104 -0.0440 0.9990
vn 0.1681 -0.1110 0.9795
vn -0.7103 0.0549 0.7018
vn -0.7165 0.0133 0.6974
vn -0.7190 -0.0059 0.6950
vn -0.7220 -0.0339 0.6910
vn -0.3951 -0.0393 -0.9178
vn -0.3942 -0.0599 -0.9171
vn 0.7006 0.0128 -0.7134
vn 0.7692 -0.0541 -0.6368
vn 0.7536 -0.0449 -0.6558
vn 0.1975 -0.1251 0.9723
vn 0.2042 -0.2109 0.9559
vn 0.2154 -0.2259 0.9500
vn 0.3570 -0.2726 -0.8934
vn 0.7535 -0.0449 -0.6559
vn 0.6934 0.0282 -0.7200
vn -0.0072 0.0686 -0.9976
vn -0.0095 0.0008 -1.0000
vn 0.8045 0.0282 0.5933
vn 0.8121 0.0315 0.5826
vn 0.8130 0.0187 0.5820
vn 0.6844 0.0472 -0.7275
vn 0.6850 0.0612 -0.7260
vn 0.9644 -0.2643 -0.0121
vn 0.9606 -0.2779 0.0032
vn 0.9607 -0.2774 0.0027
vn 0.9921 0.0320 -0.1213
vn 0.9999 0.0007 -0.0158
vn 0.9993 0.0071 -0.0372
vn 0.9993 0.0071 -0.0373
vn 0.9890 0.0384 -0.1429
vn 0.9522 -0.3038 0.0327
vn 0.9870 -0.1497 0.0584
vn 0.7691 0.4078 0.4920
vn 0.1713 -0.2502 0.9529
vn 0.1760 -0.2207 0.9593
vn 0.1323 -0.2486 0.9595
vn 0.2705 -0.9602 -0.0692
vn 0.1954 -0.9806 0.0162
vn 0.1942 -0.9808 0.0175
vn -0.0256 0.9997 0.0023
vn -0.0218 0.9995 -0.0241
vn 0.0161 0.9999 0.0038
vn 0.3056 0.0345 -0.9515
vn -0.0209 -0.0714 -0.9972
vn 0.0272 0.0073 -0.9996
vn 0.0215 -0.0020 -0.9998
vn -0.9888 -0.1482 0.0154
vn 0.9998 -0.0182 0.0025
vn 0.9996 0.0268 0.0076
vn 0.9996 -0.0295 0.0012
vn -0.4400 -0.0251 0.8976
vn 0.4635 -0.8857 -0.0270
vn 0.3870 -0.9221 -0.0064
vn 0.5350 -0.8447 0.0157
vn 0.8911 -0.4537 -0.0068
vn 0.3556 -0.9346 -0.0031
vn 0.3851 -0.9229 0.0006
vn 0.3832 -0.9237 0.0004
vn 0.0875 0.9958 -0.0263
vn 0.0989 0.9949 -0.0207
vn 0.0895 0.9957 -0.0253
vn 0.1357 0.9907 -0.0039
vn 0.1474 0.9891 -0.0059
vn 0.2478 0.9685 -0.0234
vn 0.7731 -0.6341 0.0146
vn 0.2061 0.6276 -0.7507
vn 0.3618 0.9251 0.1153
vn 0.3535 -0.9354 -0.0034
vn 0.3643 0.9311 0.0194
vn 0.9182 -0.3959 0.0133
vn 0.1027 0.9946 -0.0172
vn 0.2281 0.9736 0.0031
vn 0.1784 0.9839 0.0049
vn 0.8467 -0.5319 -0.0140
vn 0.8296 -0.5581 0.0198
vn 0.8203 -0.5708 0.0368
vn 0.5494 0.1028 0.8292
vn 0.5472 0.0511 0.8354
vn 0.5383 -0.0522 0.8411
vn -0.9538 -0.1924 -0.2305
vn -0.9481 -0.1975 -0.2494
vn -0.9346 -0.2079 -0.2885
vn 0.8692 -0.0789 -0.4881
vn -0.9289 -0.2118 -0.3038
vn 0.2374 0.2520 0.9382
vn -0.4036 0.2655 -0.8756
vn 0.9961 0.0727 -0.0510
vn 0.9982 0.0538 -0.0281
vn 0.9994 0.0325 0.0124
vn 0.9335 0.2463 0.2607
vn 0.4176 -0.8774 0.2359
vn 0.9381 -0.3151 0.1436
vn -0.8025 -0.5966 -0.0091
vn -0.7847 -0.6194 -0.0269
vn -0.7751 -0.6309 -0.0360
vn -0.5313 -0.8358 0.1385
vn 0.7529 -0.6565 -0.0463
vn 0.7081 0.6944 -0.1281
vn 0.7793 0.6256 -0.0372
vn 0.7602 0.6405 -0.1093
vn 0.7140 0.6995 -0.0308
vn 0.7943 0.6075 -0.0005
vn -0.8096 -0.5870 -0.0019
vn -0.5066 -0.8562 0.1018
vn 0.2882 0.9434 0.1640
vn 0.7979 0.6027 -0.0007
vn -0.2517 -0.9487 0.1913
vn -0.8140 -0.5460 0.1982
vn 0.7619 0.6415 -0.0896
vn -0.5367 0.8401 -0.0782
vn 0.4247 -0.8563 -0.2939
vn 0.2232 -0.9506 -0.2157
vn 0.3959 -0.8736 -0.2831
vn 0.2166 -0.9527 -0.2130
vn 0.0314 -0.9980 -0.0542
vn 0.7215 0.6791 -0.1350
vn 0.7619 0.6414 -0.0896
vn 0.8418 0.5384 -0.0382
vn -0.3082 0.9503 0.0438
vn 0.4348 -0.8666 -0.2450
vn 0.6923 -0.6981 -0.1828
vn -0.6229 -0.7195 0.3069
vn 0.1290 0.1942 0.9724
vn 0.1369 0.5636 -0.8146
vn 0.9511 -0.1151 0.2866
vn -0.8021 -0.1806 -0.5692
vn -0.4704 -0.1277 0.8732
vn 0.9606 -0.0805 0.2660
vn -0.2802 -0.1924 -0.9405
vn 0.9847 -0.0023 0.1742
vn -0.9839 -0.1718 -0.0484
vn -0.1181 -0.1934 0.9740
vn -0.2218 -0.1099 0.9689
vn -0.0983 -0.2462 0.9642
vn 0.8599 0.1839 -0.4762
vn -0.3374 0.0205 0.9411
vn -0.2792 -0.0207 0.9600
vn 0.6803 0.7049 -0.2007
vn 0.9828 -0.0383 -0.1808
vn 0.1415 -0.9531 -0.2675
vn 0.0744 -0.9773 -0.1983
vn 0.1934 -0.9274 -0.3203
vn 0.0650 0.8315 -0.5516
vn -0.0162 -0.2698 0.9628
vn -0.0265 0.9738 -0.2260
vn -0.0931 0.0386 0.9949
vn 0.0242 -0.9890 -0.1457
vn -0.0348 -0.7064 -0.7070
vn 0.0066 -0.5246 -0.8513
vn 0.0026 -0.5438 -0.8392
vn 0.8553 -0.2132 0.4723
vn 0.9799 0.1571 -0.1226
vn 0.9812 0.1735 -0.0847
vn 0.9717 0.1214 -0.2025
vn 0.9826 0.0764 -0.1692
vn 0.9668 0.1079 -0.2318
vn -0.0381 -0.7195 -0.6935
vn 0.3447 -0.9371 -0.0550
vn 0.3010 -0.9513 -0.0659
vn 0.3746 -0.9260 -0.0474
vn 0.9747 0.2217 -0.0271
vn 0.9855 0.1173 -0.1227
vn 0.9831 0.1548 -0.0977
vn 0.9982 0.0593 0.0132
vn 0.9998 0.0197 0.0022
vn 0.9984 0.0539 0.0179
vn 1.0000 -0.0025 0.0009
vn 0.9987 0.0507 -0.0035
vn 0.9945 0.1048 0.0013
vn 0.9939 0.1099 -0.0077
vn 0.9956 0.0913 0.0223
vn 0.9430 0.3327 0.0120
vn 0.9435 0.3312 -0.0031
vn 0.9439 0.3302 0.0084
vn 0.9438 0.3304 -0.0062
vn 0.9972 0.0752 -0.0014
vn 0.9976 0.0698 -0.0003
vn 0.9972 0.0748 -0.0014
vn 0.9838 -0.0917 0.1541
vn 0.9727 -0.1797 0.1468
vn 0.9869 -0.0318 0.1583
vn 1.0000 -0.0019 -0.0058
vn 0.2902 -0.7856 0.5464
vn 0.3103 -0.7921 0.5256
vn 0.3010 -0.7907 0.5330
vn 0.3643 -0.8063 0.4661
vn 0.3200 -0.8124 0.4874
vn 0.3791 -0.8079 0.4512
vn 0.9753 -0.1971 -0.0996
vn 0.9789 -0.1863 -0.0834
vn 0.9757 -0.2183 -0.0194
vn 0.5324 0.1105 0.8393
vn 0.9291 -0.0539 0.3660
vn 0.7891 0.3987 0.4672
vn 0.9902 -0.1395 -0.0000
vn 0.9925 -0.1225 0.0015
vn 0.9900 -0.1412 0.0025
vn -0.0026 -0.0488 0.9988
vn -0.0121 -0.0457 0.9989
vn -0.0115 -0.0391 0.9992
vn 0.0015 -0.0451 0.9990
vn 0.9910 -0.1315 -0.0264
vn 0.6768 -0.7361 0.0118
vn 0.9570 -0.0093 -0.2901
vn -0.5929 -0.0122 -0.8052
vn -0.2042 -0.0540 0.9774
vn -0.1973 0.0039 0.9803
vn -0.2034 -0.0473 0.9780
vn 0.8547 -0.1096 -0.5073
vn 0.1396 -0.0434 -0.9893
vn 0.3376 -0.1255 -0.9329
vn 0.2968 -0.1081 -0.9488
vn 0.9404 -0.3312 0.0778
vn 0.9948 -0.0680 -0.0760
vn -0.7964 -0.6047 0.0060
vn 0.1049 0.9435 -0.3142
vn 0.1001 0.9437 -0.3153
vn 0.1040 0.9436 -0.3144
vn 0.0995 0.9437 -0.3155
vn -0.9515 -0.2792 0.1291
vn 0.8838 -0.0202 0.4673
vn -0.4203 -0.0844 0.9034
vn -0.0060 -0.1325 -0.9912
vn -0.1431 -0.9767 -0.1602
vn 0.2562 -0.9620 -0.0944
vn -0.9884 0.1126 0.1016
vn 0.6495 0.7410 -0.1703
vn 0.9401 0.3409 -0.0004
vn -0.9875 -0.1572 0.0074
vn 0.2520 0.3354 0.9077
vn -0.5553 -0.1297 0.8215
vn -0.8706 -0.0533 0.4891
vn -0.8707 -0.0533 0.4890
vn -0.8677 -0.0518 0.4944
vn -0.1537 -0.2900 0.9446
vn -0.3583 0.2047 0.9109
vn -0.4332 0.2325 0.8708
vn -0.4819 0.2503 0.8397
vn 0.7251 0.6681 -0.1673
vn -0.9310 -0.3212 0.1733
vn -0.9461 -0.2913 0.1412
vn -0.9351 -0.3135 0.1650
vn 0.9605 0.0608 0.2717
vn 0.9389 0.0640 0.3381
vn 0.9860 0.0549 0.1573
vn 0.2967 -0.1081 -0.9488
vn 0.1079 -0.0408 -0.9933
vn 0.9860 0.0550 0.1572
vn 0.9925 0.0524 0.1105
vn -0.8568 -0.0465 0.5136
vn -0.8584 -0.0473 0.5107
vn -0.8585 -0.0473 0.5107
vn 0.6016 -0.7854 0.1455
vn -0.3613 -0.9285 -0.0860
vn 0.9654 0.2370 0.1093
vn -0.9365 0.3436 -0.0700
vn 0.9370 -0.3320 -0.1088
vn -0.3874 0.8974 0.2111
vn -0.6495 -0.0429 0.7592
vn -0.8539 -0.0503 0.5179
vn 0.3817 -0.8866 -0.2612
vn -0.0064 -0.1440 0.9896
vn 0.5497 0.0509 -0.8338
vn 0.0270 -0.0834 -0.9961
vn -0.9974 0.0229 0.0687
vn 0.9708 -0.0732 -0.2284
vn -0.8290 -0.3303 0.4512
vn 0.9983 0.0286 -0.0518
vn 0.9991 -0.0346 -0.0243
vn 0.9992 0.0006 -0.0396
vn -0.8371 0.4512 -0.3092
vn -0.8408 0.4522 -0.2978
vn -0.8536 0.4551 -0.2534
vn -0.0063 -0.9998 0.0207
vn -0.0646 -0.9971 -0.0409
vn -0.0055 -0.9998 0.0180
vn -0.0061 -0.0177 0.9998
vn -0.0181 -0.0041 0.9998
vn -0.0077 -0.0104 0.9999
vn 0.0059 -0.0284 0.9996
vn 0.0082 -0.0232 0.9997
vn 0.0047 -0.0316 0.9995
vn 0.7307 0.2375 -0.6401
vn -0.2453 0.2769 -0.9290
vn -0.0486 0.3471 -0.9366
vn -0.1563 0.3107 -0.9376
vn 0.0026 -0.4181 0.9084
vn 0.3345 -0.9330 0.1326
vn -0.3326 0.9221 -0.1976
vn -0.1562 0.3107 -0.9376
vn -0.0485 0.3471 -0.9366
vn -0.0024 0.3613 -0.9324
vn 0.9745 0.0265 -0.2230
vn 0.9691 0.0203 -0.2460
vn 0.9917 0.0546 -0.1161
vn 0.9946 0.0631 -0.0829
vn -0.0192 -0.0044 0.9998
vn -0.0182 -0.0041 0.9998
vn -0.6617 0.6668 -0.3430
vn -0.0063 -0.9998 0.0206
vn 0.0297 -0.9966 -0.0768
vn 0.8310 -0.4964 -0.2509
vn -0.8610 0.4565 -0.2245
vn -0.0068 -1.0000 0.0012
vn -0.2225 0.0102 -0.9749
vn -0.1932 0.0359 0.9805
vn -0.0783 -0.9414 0.3281
vn -0.4857 -0.2656 0.8328
vn 0.0518 -0.9986 -0.0046
vn -0.0565 -0.9984 0.0043
vn -0.0633 -0.0365 -0.9973
vn -0.4341 -0.0422 -0.8999
vn 0.2208 0.0135 0.9752
vn 0.9967 -0.0811 -0.0039
vn -0.0654 -0.9976 -0.0205
vn 0.9582 0.2848 -0.0271
vn -0.0888 -0.9960 0.0092
vn 0.7155 0.0171 0.6984
vn 0.1443 0.0155 -0.9894
vn -0.3162 0.1888 0.9297
vn 0.0184 -0.9997 0.0161
vn -0.0678 0.9971 -0.0356
vn -0.0327 0.9994 -0.0148
vn -0.0026 1.0000 0.0030
vn -0.6842 0.7291 0.0135
vn -0.9501 0.3116 -0.0165
vn 0.0312 0.9652 -0.2596
vn -0.9352 -0.3135 0.1650
vn -0.9203 -0.3399 0.1936
vn -0.0986 0.8099 -0.5782
vn 0.7973 0.5966 0.0918
vn 0.1294 0.0057 -0.9916
vn -0.0947 0.9942 -0.0515
vn 0.9725 -0.0557 0.2263
vn 0.2005 0.1132 -0.9731
vn 0.1731 0.0848 -0.9812
vn -0.0114 0.0202 0.9997
vn -0.0108 0.0131 0.9999
vn 0.0055 -0.0597 0.9982
vn -0.3090 -0.0866 0.9471
vn -0.5701 -0.7285 -0.3799
vn 0.0055 0.9676 -0.2524
vn 0.0238 -0.0062 0.9997
vn 0.8711 -0.3289 0.3648
vn 0.0281 0.0127 0.9995
vn 0.6652 -0.1336 0.7346
vn -0.3748 0.1785 -0.9098
vn -0.1249 0.0042 -0.9922
vn -0.9003 -0.0635 0.4306
vn -0.4227 -0.3885 -0.8187
vn 0.9932 -0.1162 0.0002
vn 0.9951 -0.0977 -0.0136
vn 0.9920 -0.1259 0.0059
vn 0.8754 0.4791 0.0643
vn 0.8952 0.4390 0.0774
vn 0.7993 0.6005 0.0210
vn 0.7789 0.6271 0.0109
vn -0.0087 -0.9953 0.0959
vn -0.0264 -0.9992 0.0293
vn -0.0998 -0.9948 0.0192
vn -0.0510 0.6204 0.7826
vn -0.8911 -0.1630 0.4235
vn 0.9953 -0.0081 0.0962
vn 0.8754 0.4792 0.0643
vn 0.7926 0.6097 0.0057
vn 0.7939 0.6080 0.0053
vn -0.0122 0.0005 0.9999
vn -0.2862 0.9575 0.0365
vn 0.0033 -0.8544 -0.5196
vn -0.0049 0.9298 0.3681
vn 0.1494 0.9883 -0.0312
vn 0.1509 0.9881 -0.0305
vn 0.1451 0.9889 -0.0333
vn 0.0165 0.8419 0.5394
vn 0.0050 0.7053 -0.7089
vn 0.0032 0.6967 -0.7174
vn 0.0033 0.6973 -0.7168
vn 0.0109 0.8694 -0.4940
vn 0.0115 0.8701 -0.4927
vn 0.0182 0.8573 -0.5144
vn 0.4413 0.2647 0.8574
vn 0.9490 -0.3094 -0.0608
vn 0.1436 0.9891 -0.0341
vn -0.3138 0.3867 0.8672
vn -0.3474 0.3957 0.8501
vn -0.1933 0.3646 0.9109
vn -0.1151 -0.4446 0.8883
vn 0.9999 -0.0029 0.0142
vn 1.0000 -0.0026 -0.0093
vn 0.9995 0.0129 0.0287
vn 0.0402 0.3979 0.9166
vn 0.0102 0.4193 0.9078
vn 0.0597 0.3843 0.9213
vn -0.3222 -0.0221 0.9464
vn 0.5336 0.6378 -0.5553
vn 0.9686 0.0777 0.2362
vn -0.0287 -0.0370 0.9989
vn -0.0328 -0.0397 0.9987
vn -0.0062 -0.0305 0.9995
vn 0.0322 0.3824 0.9234
vn -0.6033 0.2947 0.7411
vn 0.6994 0.1071 0.7066
vn -0.0227 0.3903 0.9204
vn -0.0029 0.3933 0.9194
vn 0.9062 0.1916 0.3770
vn 0.9981 -0.0306 -0.0538
vn -0.0071 0.0858 0.9963
vn -0.0111 0.0761 0.9970
vn -0.0005 0.1018 0.9948
vn 0.0165 -0.9955 0.0933
vn 0.0188 -0.9965 0.0813
vn 0.0300 -0.9993 0.0233
vn 0.0188 -0.9965 0.0812
vn 0.0318 -0.9994 0.0143
vn -0.0115 -0.0390 0.9992
vn -0.0170 0.0195 0.9997
vn -0.8604 0.5054 0.0659
vn -0.8157 0.5785 -0.0051
vn -0.8818 0.4676 0.0620
vn 0.9793 -0.2024 -0.0099
vn 0.4757 0.8628 0.1714
vn -0.9883 0.0134 0.1520
vn -0.9934 0.0558 0.1006
vn -0.9871 0.0215 0.1585
vn 0.0099 0.9417 0.3363
vn -0.0570 -0.9187 0.3908
vn -0.0362 -0.8952 0.4441
vn -0.0056 -0.9231 0.3845
vn -0.0261 -0.8927 0.4499
vn 0.5158 0.8386 0.1755
vn 0.7818 -0.6019 -0.1629
vn 0.6912 -0.7071 -0.1488
vn 0.7677 -0.6204 -0.1607
vn -0.4774 -0.7114 0.5157
vn -0.9721 -0.0782 0.2213
vn -0.1525 0.9819 0.1124
vn -0.0095 -0.0304 0.9995
vn -0.0286 -0.0370 0.9989
vn 0.0027 0.1095 0.9940
vn -0.0356 0.7691 0.6381
vn -0.8332 0.5443 0.0975
vn -0.8726 0.4755 0.1114
vn -0.8112 0.5842 0.0261
vn -0.1538 0.9822 -0.1079
vn -0.7350 0.0783 0.6736
vn -0.0725 -0.9943 0.0788
vn -0.8516 -0.4747 0.2224
vn -0.0174 0.9949 0.0994
vn -0.0542 0.9868 0.1523
vn -0.0098 0.9960 0.0883
vn -0.7995 0.2483 0.5470
vn 0.9071 0.0304 -0.4198
vn 0.0135 0.0071 0.9999
vn 0.0141 0.0060 0.9999
vn 0.0148 0.0044 0.9999
vn 0.0082 1.0000 0.0035
vn 0.0099 0.9998 0.0144
vn 0.0169 0.9996 0.0209
vn 0.0153 0.0035 0.9999
vn -0.9925 0.1221 -0.0049
vn -0.9856 0.1683 0.0160
vn -0.9808 0.1942 0.0184
vn 0.9834 0.1501 -0.1018
vn -0.9953 0.0954 -0.0155
vn 0.0018 0.2336 0.9723
vn 0.1040 0.0962 0.9899
vn 0.2088 0.0464 0.9769
vn 0.0274 0.3352 0.9418
vn -0.1525 -0.0599 0.9865
vn 0.0051 0.7059 -0.7083
vn 0.6839 -0.7145 -0.1477
vn -0.5720 0.2623 0.7772
vn -0.0037 -0.9874 0.1581
vn -0.0575 -0.9981 0.0218
vn 0.0052 -0.9877 0.1560
vn -0.9840 0.1743 0.0367
vn -0.9830 0.1821 0.0249
vn 0.0373 0.9888 0.1443
vn -0.0354 0.9833 0.1787
vn -0.0229 0.9846 0.1733
vn 0.1039 0.0962 0.9899
vn 0.0017 0.2336 0.9723
vn -0.0430 0.1727 0.9840
vn -0.9968 0.0332 0.0723
vn 0.6556 0.1795 -0.7334
vn 0.2502 -0.9665 -0.0569
vn -0.0357 -0.0168 0.9992
vn 0.0145 0.8609 -0.5086
vn 0.0359 0.8242 -0.5652
vn 0.1097 0.0084 0.9939
vn -0.8624 -0.0121 0.5060
vn -0.8408 0.5306 0.1075
vn -0.9164 0.3866 0.1039
vn -0.4033 0.9041 -0.1413
vn 0.9087 0.3597 0.2118
vn 0.9847 -0.1716 0.0302
vn 0.0105 0.8686 -0.4954
vn -0.0006 0.3729 0.9279
vn 0.7651 -0.1387 0.6288
vn 0.8594 0.4155 -0.2980
vn 0.0099 -0.9808 0.1947
vn 0.9819 0.1863 -0.0347
vn 0.9640 -0.2602 0.0555
vn 0.8673 0.4196 0.2679
vn 0.9565 -0.2563 0.1394
vn -0.0065 0.8592 -0.5115
vn 0.0015 0.8513 -0.5247
vn 0.0089 0.8437 -0.5368
vn 0.0726 0.0248 -0.9971
vn 0.0714 0.0254 -0.9971
vn 0.0690 0.0266 -0.9973
vn -0.1195 0.9793 0.1633
vn -0.0745 -0.9967 0.0321
vn -0.0666 -0.9973 0.0324
vn -0.0906 -0.9956 0.0232
vn -0.0003 -1.0000 -0.0009
vn -0.0028 -1.0000 -0.0025
vn 0.0031 -1.0000 0.0014
vn -0.8849 0.4533 0.1074
vn 0.1336 -0.9675 0.2149
vn 0.9324 0.3615 -0.0033
vn 0.9368 0.3494 -0.0153
vn 0.9369 0.3495 -0.0044
vn 0.3124 0.0267 -0.9496
vn 0.3903 -0.0559 -0.9190
vn 0.3469 0.0037 -0.9379
vn -0.0342 -0.0285 0.9990
vn -0.9782 0.2063 0.0229
vn 0.1364 0.1776 0.9746
vn 0.0644 0.1802 0.9815
vn -0.0345 0.2410 0.9699
vn 0.0678 0.0273 -0.9973
vn 0.9397 0.2694 -0.2108
vn 0.9649 0.2432 -0.0990
vn 0.9557 0.2549 -0.1474
vn -0.0289 -0.0326 0.9991
vn -0.0308 -0.7521 -0.6583
vn -0.0591 -0.9982 0.0116
vn -0.0863 -0.9943 0.0619
vn -0.0239 0.3693 0.9290
vn -0.0125 0.8651 -0.5014
vn -0.0003 -1.0000 0.0027
vn -0.1869 -0.9824 0.0031
vn 0.8349 -0.1132 0.5386
vn 0.9180 0.2835 -0.2774
vn 0.0144 0.3274 0.9448
vn 0.5449 0.1913 0.8164
vn 0.2543 0.0875 -0.9632
vn -0.9713 -0.1268 0.2012
vn -0.0126 -0.8745 0.4850
vn -0.0011 -0.7926 0.6097
vn -0.0104 -0.8250 0.5651
vn 0.0127 0.9998 -0.0119
vn 0.0085 0.9999 -0.0084
vn -0.0307 0.2993 0.9537
vn 0.0897 0.7201 0.6881
vn 0.9879 0.0605 0.1431
vn 0.8995 -0.4336 -0.0532
vn 0.0050 -1.0000 0.0059
vn 0.0292 0.9809 0.1923
vn 0.0071 0.0595 0.9982
vn 0.0026 1.0000 0.0013
vn 0.9275 0.3583 -0.1068
vn -0.0178 -0.9948 0.1003
vn 0.0096 -0.9391 0.3436
vn -0.0218 -0.9998 -0.0038
vn 0.0043 -0.9935 0.1133
vn 0.9688 0.2478 0.0094
vn 0.9667 0.2558 0.0111
vn 0.9672 0.2537 0.0101
vn -0.9977 0.0311 0.0610
vn 0.9235 0.3621 -0.1262
vn 0.4354 0.8925 0.1180
vn -0.0065 -1.0000 -0.0050
vn -0.0028 -1.0000 -0.0026
vn -0.0357 -0.0091 0.9993
vn -0.0185 -0.9420 0.3352
vn -0.0841 0.9711 -0.2235
vn -0.0765 0.9933 -0.0861
vn -0.1052 0.9865 -0.1254
vn -0.0404 0.9984 -0.0394
vn -0.0145 0.9963 -0.0843
vn 0.3876 0.0601 -0.9199
vn 0.3816 0.5800 -0.7197
vn -0.0912 -0.8739 0.4775
vn -0.0064 0.3336 0.9427
vn -0.9978 0.0310 0.0588
vn 0.5968 0.2634 0.7579
vn 0.0010 0.0490 0.9988
vn -0.0263 0.0029 0.9996
vn -0.0088 0.0325 0.9994
vn -0.0276 -0.9996 -0.0022
vn 0.2403 0.9632 0.1203
vn 0.2205 0.9711 0.0916
vn 0.3124 0.9223 0.2276
vn -0.0309 0.1309 0.9909
vn -0.0231 0.1126 0.9934
vn -0.0072 0.0752 0.9971
vn -0.0231 0.1125 0.9934
vn 0.0018 0.0539 0.9985
vn -0.0072 0.0751 0.9971
vn -0.0015 -0.7817 0.6236
vn -0.0107 -0.7588 0.6512
vn -0.0104 -0.8249 0.5651
vn -0.9156 0.3884 0.1042
vn 0.3377 0.9027 0.2665
vn 0.9245 0.3414 0.1696
vn -0.0287 -0.0011 0.9996
vn 0.0171 0.0965 0.9952
vn 0.0224 0.3551 0.9346
vn -0.0033 0.9994 -0.0357
vn -0.9475 0.3196 -0.0090
vn -0.9505 0.3106 -0.0081
vn -0.9792 0.2031 0.0022
vn 0.5382 -0.0183 -0.8426
vn 0.2197 0.0779 -0.9725
vn 0.9988 0.0183 -0.0448
vn 0.9989 -0.0458 -0.0048
vn 0.9988 -0.0483 -0.0044
vn 0.7301 -0.0632 0.6804
vn 0.9828 0.1840 0.0180
vn 0.9736 0.2265 0.0268
vn 0.9695 0.2445 0.0168
vn 0.0466 0.9979 0.0460
vn -0.1206 -0.0309 0.9922
vn 0.0584 0.0081 0.9983
vn 0.0956 0.0244 0.9951
vn 0.8854 0.2950 -0.3593
vn 0.9188 0.3129 -0.2405
vn 0.8874 0.2960 -0.3536
vn 0.6282 -0.2662 0.7311
vn 0.0394 0.2787 0.9596
vn 0.9736 0.2266 0.0268
vn 0.9675 0.2513 0.0272
vn 0.9695 0.2446 0.0168
vn -0.0951 0.9955 0.0042
vn 0.1189 0.9923 0.0348
vn 0.9410 0.3344 -0.0517
vn 0.2065 0.0493 0.9772
vn 0.0775 0.0558 0.9954
vn 0.1942 0.0507 0.9797
vn 0.9986 0.0460 -0.0263
vn 0.9983 0.0552 -0.0195
vn 0.9981 0.0591 -0.0167
vn 0.3611 0.9316 -0.0408
vn 0.3311 0.9431 -0.0313
vn 0.3469 0.9373 -0.0341
vn 0.2810 0.9597 0.0032
vn -0.9987 -0.0514 0.0005
vn -0.1070 -0.8873 0.4485
vn 0.9998 0.0062 -0.0198
vn 0.9997 0.0078 -0.0215
vn 1.0000 -0.0070 -0.0052
vn -0.0202 -0.9995 0.0258
vn -0.0237 -0.9994 0.0267
vn -0.0060 -0.9997 0.0224
vn 0.6304 -0.0227 0.7759
vn -0.0029 -0.9998 0.0217
vn -0.0296 -0.0458 0.9985
vn -0.0669 0.0088 0.9977
vn -0.0424 -0.0272 0.9987
vn -0.8401 -0.0111 0.5423
vn -0.9998 -0.0196 -0.0036
vn -0.9999 -0.0128 0.0038
vn -0.9999 -0.0117 0.0049
vn -0.9862 -0.0876 0.1406
vn -0.9886 -0.0741 0.1312
vn -0.9896 -0.0681 0.1270
vn 0.6950 0.1076 -0.7109
vn -0.9999 -0.0051 0.0122
vn -0.0768 -0.0458 -0.9960
vn 0.8277 0.5601 -0.0356
vn 0.8290 0.5590 -0.0153
vn 0.8245 0.5634 -0.0525
vn 0.0487 0.0033 0.9988
vn -0.9919 -0.0519 0.1157
vn 0.9991 0.0207 -0.0357
vn 0.3595 0.0037 -0.9331
vn -0.7520 -0.6578 0.0423
vn 0.8276 0.5612 -0.0140
vn -0.4346 -0.0132 -0.9005
vn 0.8040 0.5820 -0.1216
vn -0.0267 -0.9989 0.0374
vn -0.0300 -0.9993 0.0240
vn -0.0325 -0.9991 0.0255
vn -0.0500 -0.2400 -0.9695
vn -0.0231 -0.2974 -0.9545
vn -0.0333 -0.2749 -0.9609
vn -0.0262 -0.9992 0.0304
vn 0.0014 -0.0908 0.9959
vn -0.0290 -0.9995 0.0139
vn 0.1146 0.6764 -0.7275
vn 0.0458 0.7475 -0.6626
vn 0.0426 0.7372 -0.6743
vn -0.0168 -0.9979 0.0619
vn -0.0333 -0.2750 -0.9609
vn -0.0135 -0.3432 -0.9392
vn 0.0076 0.9998 0.0196
vn -0.0563 0.9984 0.0044
vn -0.0249 0.9996 0.0151
vn 0.0154 0.9995 0.0274
vn -0.0193 0.6191 0.7851
vn -0.0231 -0.2975 -0.9545
vn -0.0143 -0.3474 -0.9376
vn 0.4611 -0.0050 0.8873
vn 0.1184 0.6693 -0.7335
vn 0.9996 0.0226 -0.0189
vn 1.0000 0.0005 0.0080
vn 0.9997 0.0198 -0.0155
vn 0.0782 -0.6129 0.7863
vn -0.0314 0.1214 0.9921
vn -0.0355 0.1446 0.9888
vn 0.0395 0.1420 0.9891
vn 0.8707 0.1630 0.4640
vn -0.0451 0.9990 0.0027
vn -0.0362 0.3871 0.9213
vn 0.9338 0.3226 -0.1549
vn 0.2095 0.0659 -0.9756
vn 0.9647 -0.0087 0.2631
vn -0.0011 -0.7926 0.6098
vn 0.4800 0.3134 -0.8194
vn 0.2977 0.1110 -0.9482
vn 0.3604 0.1311 -0.9235
vn 0.5460 0.1600 -0.8224
vn 0.6138 0.0657 0.7867
vn 0.9997 -0.0016 -0.0254
vn 0.9952 -0.0837 -0.0497
vn -0.1034 0.9891 0.1050
vn -0.0449 0.9749 0.2181
vn -0.0774 0.9847 0.1559
vn -0.1377 -0.0346 0.9899
vn -0.0738 0.9972 -0.0076
vn 0.9996 0.0148 -0.0260
vn 0.8187 -0.0482 -0.5722
vn -0.9223 -0.1387 -0.3608
vn 0.9300 -0.0415 0.3653
vn 0.9996 -0.0290 -0.0049
vn 0.9981 -0.0536 -0.0289
vn 0.9999 -0.0111 0.0037
vn -0.4694 -0.1381 -0.8721
vn -0.1636 -0.0687 0.9841
vn 0.9845 -0.0010 -0.1753
vn 0.0121 -0.9999 -0.0004
vn 0.0020 -1.0000 -0.0034
vn 0.0078 -0.9999 0.0078
vn -0.0135 -0.9999 -0.0051
vn 0.0401 -0.9988 -0.0274
vn 0.0301 -0.9995 -0.0084
vn -0.0068 -0.9974 -0.0717
vn 0.9991 -0.0301 -0.0306
vn 0.0101 -0.9999 0.0116
vn -0.0537 -0.9985 0.0033
vn 0.0119 -0.9999 0.0110
vn 0.0128 -0.9956 -0.0923
vn -0.9861 -0.0281 0.1637
vn 0.4610 0.8806 -0.1093
vn 0.0250 -0.9997 0.0010
vn -0.2444 -0.8923 0.3795
vn 0.9900 -0.1024 -0.0974
vn -0.6377 -0.0941 -0.7645
vn -0.1487 -0.9482 -0.2807
vn 0.2125 -0.9767 -0.0289
vn 0.4037 0.8743 0.2696
vn -0.3596 0.8905 0.2787
vn -0.8562 -0.5150 0.0407
vn 0.9737 -0.2028 0.1035
vn -0.7064 0.6420 -0.2982
vn 0.0021 -1.0000 -0.0063
vn -0.0158 -0.9998 0.0077
vn 0.0484 -0.9985 0.0268
vn -0.1858 -0.9685 -0.1656
vn 0.6325 0.6500 -0.4212
vn -0.9810 -0.1310 0.1430
vn 0.4737 -0.0992 -0.8751
vn -0.3089 -0.9278 -0.2090
vn -0.0934 -0.9787 -0.1830
vn -0.0223 -0.6925 -0.7211
vn 0.0090 -0.9964 -0.0838
vn -0.0008 -1.0000 -0.0056
vn 0.1186 -0.7690 -0.6281
vn 0.1509 -0.8160 -0.5580
vn 0.1031 -0.7449 -0.6592
vn -0.1179 -0.9828 -0.1424
vn 0.0124 -0.9999 -0.0083
vn 0.0014 -0.9996 -0.0288
vn 0.1460 -0.0972 0.9845
vn 0.0422 -0.9990 0.0119
vn 0.0335 -0.9994 -0.0018
vn -0.0844 -0.1182 -0.9894
vn -0.8757 -0.1372 0.4630
vn 0.9951 0.0843 0.0512
vn 0.5294 -0.1541 -0.8343
vn -0.2302 -0.0083 0.9731
vn 0.0854 -0.7160 -0.6929
vn 0.0307 -0.9995 0.0003
vn -0.2791 0.9602 0.0048
vn -0.2783 0.9605 0.0048
vn -0.3146 0.9492 -0.0030
vn 0.9229 -0.0583 -0.3806
vn 0.3012 -0.8885 0.3463
vn 0.9811 -0.1904 0.0354
vn 0.9436 -0.3298 -0.0289
vn 0.8680 -0.4905 0.0775
vn 0.9038 -0.4266 0.0339
vn 0.0639 0.1161 -0.9912
vn 0.0610 0.0268 -0.9978
vn 0.0927 0.0536 -0.9943
vn -0.0486 -0.9988 0.0110
vn -0.4962 0.7911 0.3578
vn 0.4384 -0.8987 -0.0068
vn -0.4420 0.8969 -0.0152
vn -0.0845 0.7606 0.6437
vn 0.6796 0.1717 -0.7132
vn 0.0115 -0.9740 -0.2263
vn -0.0290 0.9982 0.0525
vn -0.9769 -0.1311 -0.1690
vn 0.3142 0.9410 0.1253
vn -0.7322 -0.6219 -0.2777
vn 0.0707 0.9882 -0.1359
vn 0.0795 0.1468 -0.9860
vn 0.0639 0.1162 -0.9912
vn 0.0927 0.0536 -0.9942
vn 0.9967 0.0365 0.0725
vn 0.1213 0.0337 0.9921
vn 0.1168 0.0367 0.9925
vn 0.1301 0.0277 0.9911
vn -0.1136 -0.0247 -0.9932
vn -0.1845 -0.0401 -0.9820
vn -0.1775 -0.0386 -0.9834
vn 0.0121 -0.9049 0.4255
vn -0.4996 -0.7951 0.3438
vn -0.5013 -0.7284 0.4671
vn -0.4437 -0.7694 0.4596
vn 0.0477 0.9989 0.0012
vn 0.9993 0.0359 0.0118
vn 0.9991 -0.0176 0.0375
vn 0.8461 -0.5233 0.1007
vn -0.0823 0.1349 0.9874
vn 0.9956 0.0912 0.0223
vn 0.9969 0.0734 0.0281
vn 0.6449 -0.1388 -0.7515
vn 0.6813 -0.1442 -0.7177
vn 0.7210 -0.1499 -0.6765
vn -0.2938 -0.0192 -0.9557
vn -0.1137 -0.1032 0.9881
vn -0.1464 -0.1240 0.9814
vn -0.1156 -0.1045 0.9878
vn -0.3392 0.5436 0.7678
vn -0.2264 0.5998 0.7675
vn -0.2900 0.5695 0.7691
vn -0.1777 0.6207 0.7637
vn 0.0664 0.9977 0.0165
vn 0.0404 0.9990 0.0198
vn 0.0186 0.9989 0.0424
vn 0.0506 0.9987 -0.0082
vn 0.9985 0.0290 -0.0454
vn 0.9970 -0.0497 -0.0594
vn 0.9947 0.1031 -0.0028
vn 0.9858 0.1249 -0.1123
vn 0.9965 0.0185 -0.0814
vn 0.9862 0.1048 -0.1281
vn 0.9893 -0.1271 0.0713
vn 0.9798 -0.1564 0.1244
vn -0.9861 -0.1652 -0.0158
vn -0.9824 -0.1867 -0.0094
vn -0.9840 -0.1775 -0.0121
vn 0.9958 -0.0260 -0.0876
vn -0.0911 0.4804 -0.8723
vn -0.0917 0.4809 -0.8720
vn -0.0927 0.4818 -0.8714
vn 0.9982 0.0423 -0.0429
vn -0.0458 0.1113 -0.9927
vn 0.8138 0.0732 0.5766
vn -0.1104 -0.0237 -0.9936
vn -0.1135 -0.0247 -0.9932
vn -0.1774 -0.0386 -0.9834
vn -0.0052 -1.0000 -0.0033
vn -0.0013 -1.0000 -0.0019
vn 0.0188 -0.9998 -0.0050
vn 0.0289 -0.9996 0.0001
vn -0.3428 -0.1678 -0.9243
vn 0.1373 0.0227 0.9903
vn 0.1212 0.0337 0.9921
vn 0.1301 0.0276 0.9911
vn -0.0919 0.4810 -0.8719
vn -0.0936 0.4825 -0.8709
vn -0.0928 0.4818 -0.8713
vn 0.6554 0.2719 -0.7046
vn 0.1005 0.0269 0.9946
vn 0.2000 0.0652 -0.9776
vn -0.0015 -0.9999 -0.0124
vn 0.0231 -0.9997 -0.0011
vn -0.8744 0.0912 0.4765
vn -0.9988 0.0484 -0.0033
vn -0.5474 -0.0621 0.8345
vn 0.2310 -0.0960 -0.9682
vn 0.9995 -0.0308 0.0014
vn 0.9995 0.0318 -0.0025
vn 0.9998 -0.0011 0.0212
vn 0.9990 0.0453 -0.0036
vn 0.0611 0.0268 -0.9978
vn 0.2584 0.0259 -0.9657
vn -0.6743 0.7358 -0.0622
vn -0.6800 0.7305 -0.0637
vn -0.6355 0.7703 -0.0524
vn -0.4764 0.8791 -0.0178
vn -0.3147 0.9492 -0.0030
vn -0.6075 0.7931 -0.0443
vn 0.3511 0.9358 -0.0312
vn 0.9997 0.0215 0.0117
vn -0.4421 0.8968 -0.0152
vn -0.0179 0.9998 -0.0129
vn 0.0155 0.9989 -0.0440
vn -0.0073 0.9997 -0.0225
vn 0.3164 -0.9444 0.0898
vn 0.2672 -0.9608 0.0735
vn 0.1219 -0.9922 0.0258
vn 0.9854 0.1655 0.0402
vn 0.9998 -0.0080 0.0201
vn 0.1151 0.9933 0.0121
vn 0.0098 0.0684 0.9976
vn 0.0747 0.8660 0.4945
vn -0.1890 -0.2664 -0.9451
vn -0.6161 0.7863 -0.0461
vn 0.9319 -0.3625 -0.0082
vn 0.9445 -0.3285 0.0079
vn 0.9413 -0.3376 0.0076
vn 0.9150 0.0239 -0.4028
vn 0.9950 0.0606 -0.0799
vn 0.1140 0.9935 -0.0032
vn 0.9437 0.3304 0.0182
vn -0.0014 -1.0000 -0.0085
vn -0.0018 -1.0000 -0.0077
vn -0.9874 0.0916 0.1287
vn -0.0015 0.9944 -0.1053
vn -0.0129 0.9969 -0.0778
vn -0.0017 0.9944 -0.1060
vn 0.9534 -0.3016 -0.0036
vn 1.0000 -0.0006 -0.0001
vn 0.6026 -0.1325 -0.7869
vn 0.1218 -0.9922 0.0258
vn 0.2671 -0.9609 0.0735
vn 0.0785 -0.9968 0.0116
vn 0.9434 0.3310 0.0204
vn -0.0811 -0.9966 0.0169
vn -0.0036 -1.0000 0.0079
vn 0.0005 -0.9998 0.0190
vn 0.0273 -0.9996 -0.0007
vn 0.0374 -0.9993 -0.0031
vn 0.5408 -0.8215 -0.1810
vn -0.4516 -0.6848 -0.5719
vn -0.0354 0.1100 0.9933
vn 0.9769 -0.0406 -0.2100
vn 0.2134 -0.9302 -0.2985
vn -0.0309 0.9990 -0.0333
vn 0.2321 -0.8569 -0.4602
vn 0.9897 0.0258 -0.1407
vn -0.1103 -0.0235 -0.9936
vn 0.9933 0.1150 0.0069
vn 0.9869 0.1609 -0.0154
vn 0.9984 0.0134 0.0556
vn 0.0182 0.9995 0.0273
vn 0.0221 0.9993 0.0289
vn 0.0098 0.9997 0.0237
vn 0.9981 -0.0607 -0.0058
vn 0.0107 -0.9999 -0.0034
vn -0.0517 -0.0426 0.9978
vn 0.9788 0.1990 0.0478
vn 0.9854 0.1656 0.0402
vn 0.2696 0.0250 0.9627
vn 0.8467 -0.5217 -0.1051
vn -0.6237 0.1854 -0.7594
vn -0.5982 0.1623 -0.7848
vn -0.5704 0.1378 -0.8097
vn -0.8775 0.3270 -0.3509
vn 0.9933 0.1149 0.0069
vn 0.9959 -0.0406 0.0812
vn 0.0213 -0.9998 0.0057
vn -0.3543 -0.2279 0.9069
vn -0.0221 0.4774 -0.8784
vn -0.0197 0.9997 0.0116
vn 0.8642 0.0424 0.5013
vn 0.7812 -0.6231 -0.0395
vn -0.6622 -0.0530 0.7474
vn -0.0326 0.9991 -0.0288
vn -0.0157 0.9265 0.3760
vn -0.5461 0.1171 -0.8295
vn 0.9755 -0.2125 -0.0570
vn 0.9847 -0.1031 -0.1403
vn 0.9976 0.0685 -0.0098
vn 0.9983 0.0553 -0.0195
vn 0.0288 -0.9996 0.0082
vn 0.0274 -0.9996 -0.0007
vn 0.1377 -0.9904 0.0087
vn -0.7602 0.6496 0.0053
vn -0.8729 0.4879 -0.0026
vn -0.2959 0.1004 0.9499
vn 0.3346 0.9421 -0.0243
vn 0.9478 -0.3185 -0.0122
vn 0.9766 -0.2106 -0.0427
vn 0.6721 0.2953 -0.6790
vn 0.1668 0.5705 0.8042
vn -0.6111 -0.1136 0.7833
vn -0.7670 -0.2045 -0.6081
vn -0.6305 0.7745 -0.0511
vn 0.3198 0.9475 0.0012
vn 0.3284 0.9445 0.0066
vn 0.3110 0.9504 -0.0042
vn -0.0027 -1.0000 -0.0004
vn -0.9772 -0.2025 -0.0645
vn 0.2110 0.0277 0.9771
vn -0.9090 0.3196 -0.2676
vn 0.3053 0.9522 -0.0077
vn 0.3111 0.9504 -0.0042
vn 0.9992 -0.0225 0.0323
vn 0.0287 -0.9996 0.0082
vn 0.0148 -0.9999 0.0017
vn 0.9897 0.1279 0.0640
vn 0.9939 0.0728 0.0833
vn 0.9844 0.1689 0.0494
vn 0.9948 -0.1010 -0.0162
vn 0.9899 -0.1414 -0.0036
vn 0.9987 0.0076 -0.0495
vn 0.9853 0.1710 -0.0025
vn 0.9840 0.1780 0.0001
vn 0.9809 0.1945 0.0062
vn 0.9448 0.1611 0.2854
vn 0.9973 0.0421 -0.0600
vn 0.9791 0.2030 0.0094
vn 0.9941 -0.1076 0.0099
vn 0.9741 -0.2221 0.0423
vn 0.9660 -0.2533 0.0512
vn 0.4829 0.0658 -0.8732
vn 0.4894 0.0477 -0.8708
vn 0.4848 0.0606 -0.8725
vn 0.5323 0.0644 -0.8441
vn -0.0070 0.9999 -0.0085
vn -0.0025 0.9999 -0.0112
vn -0.0133 0.9999 -0.0017
vn 0.9696 0.2420 -0.0358
vn -0.3365 0.0373 0.9410
vn -0.3746 0.0175 0.9270
vn -0.3188 0.0463 0.9467
vn -0.3365 0.0373 0.9409
vn -0.3916 0.0085 0.9201
vn 0.3313 0.9431 -0.0270
vn 0.0604 0.0033 -0.9982
vn 0.0521 0.0599 -0.9968
vn 0.0488 0.0826 -0.9954
vn 0.9286 -0.1015 0.3570
vn 0.9741 -0.2220 0.0423
vn 0.9972 -0.0754 0.0009
vn 0.4763 0.0838 -0.8753
vn 0.9832 -0.1751 -0.0512
vn 0.4311 0.8916 -0.1386
vn 0.4216 0.9067 -0.0135
vn 0.4307 0.8931 -0.1301
vn 0.4208 0.9072 -0.0059
vn -0.2913 -0.0412 0.9557
vn 0.0465 0.3583 0.9325
vn -0.0658 -0.0513 0.9965
vn 0.0054 0.9997 0.0218
vn 0.0126 -0.9999 0.0005
vn 0.0214 -0.9998 0.0056
vn 0.8540 0.5181 0.0466
vn -0.8809 -0.1417 -0.4516
vn -0.8829 -0.1418 -0.4476
vn -0.8845 -0.1418 -0.4444
vn -0.8852 -0.1419 -0.4431
vn -0.4905 0.8703 0.0450
vn -0.0303 0.9995 0.0004
vn -0.0180 0.9998 -0.0129
vn 0.9655 -0.0445 -0.2564
vn 0.9673 -0.0462 -0.2493
vn 0.9780 -0.0576 -0.2005
vn 1.0000 -0.0005 0.0015
vn 0.7311 -0.0338 0.6814
vn 0.7273 -0.0359 0.6854
vn 0.7280 -0.0355 0.6846
vn 0.7319 -0.0334 0.6806
vn 0.7310 -0.0338 0.6815
vn -0.5626 0.8263 -0.0273
vn -0.0606 0.0124 0.9981
vn 0.7705 -0.0615 -0.6345
vn 0.4223 0.9007 -0.1016
vn -0.0036 0.9999 -0.0118
vn -0.2424 -0.2665 0.9328
vn 0.0550 -0.0008 0.9985
vn -0.0017 -1.0000 0.0008
vn -0.9549 0.2931 -0.0483
vn 0.9055 0.4233 -0.0313
vn 0.0015 -0.9998 0.0178
vn 0.4403 -0.0206 -0.8976
vn -0.9811 -0.1785 0.0741
vn 0.9710 0.2380 0.0243
vn 0.2307 0.4346 -0.8706
vn -0.0502 -0.1035 -0.9934
vn -0.4388 0.7311 -0.5224
vn 0.9260 -0.3763 -0.0283
vn 0.9328 -0.3595 -0.0255
vn 0.9685 -0.2489 -0.0057
vn -0.1154 0.6040 -0.7886
vn 0.9799 -0.0600 -0.1903
vn -0.3431 -0.1008 0.9339
vn 0.0611 -0.0047 -0.9981
vn -0.8052 0.5924 0.0249
vn 0.0041 1.0000 0.0053
vn -0.0014 -1.0000 -0.0086
vn -0.0017 -1.0000 0.0007
vn -0.0001 -0.9998 -0.0215
vn 0.1619 0.9454 0.2828
vn -0.1577 -0.9560 -0.2473
vn -0.0134 0.9966 -0.0818
vn 0.0031 -0.9996 0.0266
vn 0.1264 -0.0083 -0.9919
vn 0.0951 -0.0224 -0.9952
vn 0.1749 0.0137 -0.9845
vn 0.9556 -0.2946 0.0061
vn 0.9685 -0.2488 -0.0057
vn 0.9589 -0.2836 0.0042
vn 0.9328 -0.3594 -0.0255
vn -0.2901 0.8326 0.4718
vn 0.5128 0.7150 0.4752
vn -0.1301 -0.0621 0.9896
vn -0.0662 0.0127 0.9977
vn -0.1829 -0.0179 0.9830
vn 0.1182 0.7784 0.6166
vn -0.0463 0.0464 0.9978
vn -0.9769 0.2133 0.0085
vn -0.9764 0.2157 0.0089
vn -0.9894 0.1453 -0.0005
vn -0.0039 1.0000 0.0011
vn 0.0561 0.9984 -0.0012
vn 0.0553 0.9985 -0.0011
vn -0.0071 0.9989 -0.0456
vn 0.0078 -0.9994 0.0337
vn 0.0116 0.9999 -0.0052
vn 0.9947 0.0195 0.1009
vn 0.0007 1.0000 0.0060
vn 0.2096 0.0295 -0.9774
vn 0.0611 -0.0051 -0.9981
vn 0.0611 -0.0046 -0.9981
vn -0.1169 -0.0784 0.9900
vn -0.0822 -0.0898 0.9926
vn -0.0590 0.9980 0.0240
vn -0.0765 0.0480 0.9959
vn -0.0520 -0.0030 0.9986
vn -0.0929 0.0826 0.9922
vn 1.0000 0.0043 0.0010
vn 0.9995 -0.0015 0.0322
vn 0.8181 0.1011 -0.5662
vn 0.8777 0.1825 -0.4430
vn 0.8409 0.1294 -0.5254
vn 0.8884 0.2007 -0.4129
vn -0.0373 -0.0337 0.9987
vn -0.0040 1.0000 0.0011
vn 0.0552 0.9985 -0.0011
vn -0.0045 1.0000 0.0011
vn -0.3638 -0.0006 0.9315
vn -0.0765 0.9966 0.0297
vn -0.9699 0.2434 -0.0021
vn -0.6527 0.0116 0.7576
vn -0.7630 0.6460 -0.0217
vn -0.7301 0.6828 -0.0253
vn -0.7316 0.6813 -0.0252
vn -0.9898 0.1422 -0.0009
vn -0.0080 1.0000 0.0058
vn -0.0439 0.9990 0.0051
vn -0.0761 -0.7991 0.5963
vn 0.7461 -0.4420 0.4980
vn -0.3959 0.9166 -0.0563
vn 0.0949 -0.6417 0.7611
vn 0.6644 -0.1185 0.7379
vn 0.6521 -0.1999 0.7313
vn 0.6506 -0.2079 0.7304
vn 0.1824 0.9778 0.1031
vn -0.9551 0.2833 0.0864
vn -0.7685 0.6396 -0.0211
vn -0.0201 0.9928 0.1181
vn -0.6686 0.6536 -0.3546
vn -0.2420 -0.3040 0.9214
vn -0.6789 -0.4087 0.6099
vn 0.0444 0.9988 0.0224
vn -0.0277 0.5821 0.8126
vn 0.1337 -0.0508 0.9897
vn 0.1632 -0.0428 0.9857
vn 0.2753 -0.0112 0.9613
vn 0.2754 -0.0112 0.9613
vn 0.3222 0.0024 0.9467
vn 0.6348 -0.2820 0.7194
vn 0.9126 0.4054 -0.0525
vn -0.8722 -0.2601 -0.4144
vn 0.8097 0.0153 0.5867
vn 0.8064 0.0426 0.5899
vn 0.8071 0.0244 0.5899
vn 0.5377 -0.8422 -0.0403
vn -0.9148 -0.2373 0.3269
vn -0.9220 -0.2096 0.3257
vn -0.9215 -0.2113 0.3258
vn -0.9333 0.3383 0.1205
vn -0.7233 -0.6873 0.0664
vn 0.3759 -0.4432 -0.8138
vn -0.8106 0.1401 0.5687
vn -0.6816 0.0816 0.7272
vn -0.7906 0.1303 0.5983
vn -0.1837 0.2346 -0.9546
vn -0.9220 -0.2095 0.3257
vn -0.9310 -0.1693 0.3235
vn 0.8616 -0.3405 -0.3764
vn 0.8304 -0.4209 -0.3652
vn 0.8481 -0.3778 -0.3716
vn 0.8199 -0.0006 0.5724
vn 0.9846 0.0178 -0.1739
vn 0.9826 0.0634 -0.1748
vn 0.9848 0.0018 -0.1734
vn -0.9268 0.3664 0.0831
vn 0.8774 -0.2908 -0.3817
vn 0.2039 -0.2196 -0.9541
vn 0.2046 -0.2102 -0.9560
vn 0.2031 -0.2301 -0.9517
vn -0.3860 -0.8511 -0.3560
vn -0.1533 0.5077 -0.8478
vn 0.8226 -0.0022 0.5686
vn -0.7314 -0.0203 -0.6816
vn 0.1161 -0.9896 0.0848
vn 0.1294 -0.9565 0.2616
vn 0.0988 -0.9721 0.2129
vn -0.0290 -0.9776 0.2086
vn -0.5809 0.2817 -0.7637
vn -0.6047 0.0967 -0.7906
vn -0.5967 0.1413 -0.7899
vn -0.0944 -0.9735 0.2082
vn -0.9953 0.0059 0.0966
vn -0.9958 0.0038 0.0914
vn -0.9969 -0.0016 0.0781
vn 0.1194 -0.9903 0.0717
vn 0.5258 0.2946 -0.7979
vn 0.2130 -0.0839 0.9734
vn 0.2039 -0.2196 -0.9540
vn 0.2023 -0.2393 -0.9496
vn 0.5511 -0.0415 -0.8334
vn 0.9846 -0.0270 -0.1726
vn -0.6637 0.0742 0.7443
vn 0.0122 0.9469 -0.3214
vn 0.1233 -0.9895 0.0754
vn -0.5562 0.0144 -0.8310
vn -0.6174 -0.0265 -0.7862
vn -0.6559 -0.0740 -0.7512
vn 0.2470 0.9689 -0.0137
vn 0.8800 0.4003 0.2555
vn -0.8733 -0.0155 0.4870
vn 0.9480 0.3116 -0.0651
vn 0.1796 0.9545 0.2381
vn 0.9071 0.0442 -0.4185
vn -0.9977 -0.0057 0.0680
vn 0.6038 0.7390 -0.2989
vn -0.5372 0.0427 -0.8424
vn -0.1377 -0.9845 -0.1089
vn -0.8962 0.3780 0.2323
vn 0.2757 0.0796 -0.9579
vn 0.2748 0.0757 -0.9585
vn 0.2679 0.0455 -0.9624
vn -0.5831 0.0495 -0.8109
vn -0.6047 0.0966 -0.7906
vn -0.4583 0.7954 -0.3965
vn -0.5758 0.0529 -0.8158
vn -0.5280 0.0131 -0.8491
vn 0.7390 -0.0089 -0.6737
vn 0.9797 0.0461 0.1952
vn -0.4221 0.9030 0.0807
vn 0.2459 0.9628 -0.1118
vn 0.2430 0.9635 -0.1119
vn 0.2477 0.9624 -0.1118
vn 0.2499 0.9618 -0.1118
vn -0.0733 0.3263 0.9424
vn -0.0971 0.3510 0.9313
vn -0.0912 0.3449 0.9342
vn 0.2600 0.8645 0.4302
vn -0.5170 0.0475 0.8547
vn 0.2838 0.1170 -0.9517
vn 0.9753 0.2168 -0.0427
vn -0.1134 0.3677 0.9230
vn -0.4359 -0.4670 0.7694
vn 0.8631 0.5050 0.0071
vn -0.6465 0.7372 -0.1965
vn 0.6463 0.4946 0.5810
vn -0.8198 -0.4940 0.2898
vn 0.5541 0.4833 -0.6778
vn -0.1135 0.3547 -0.9281
vn -0.3941 -0.4981 -0.7724
vn -0.0894 0.1483 0.9849
vn -0.0314 0.7295 0.6832
vn 0.0748 -0.5789 -0.8119
vn 0.0358 -0.6259 0.7791
vn 0.0481 0.7324 -0.6792
vn -0.0243 -0.9984 0.0510
vn -0.0251 -0.9984 0.0509
vn -0.0556 0.9571 0.2844
vn 0.9980 -0.0573 0.0265
vn 0.9989 -0.0464 0.0018
vn 0.9546 -0.2424 0.1734
vn -0.7691 0.4940 -0.4055
vn -0.9927 -0.1172 -0.0301
vn -0.7506 0.6607 -0.0061
vn -0.9246 -0.3229 -0.2022
vn -0.9308 -0.3554 -0.0855
vn -0.9307 -0.3582 -0.0742
vn 0.0006 -0.9939 -0.1105
vn -0.5600 -0.6900 0.4586
vn 0.0692 0.9940 0.0841
vn 0.0969 0.3737 -0.9225
vn 0.0195 0.9998 -0.0080
vn 0.0442 0.9990 0.0081
vn -0.2192 0.9724 -0.0795
vn 0.0936 0.1017 0.9904
vn 0.0669 0.1010 0.9926
vn 0.0567 0.1115 0.9921
vn -0.1389 -0.1270 0.9821
vn 0.2364 0.9213 -0.3088
vn 0.2126 0.9263 -0.3110
vn 0.2052 0.9277 -0.3117
vn -0.4487 0.8933 0.0255
vn -0.4923 0.8703 0.0147
vn -0.4620 0.8866 0.0222
vn -0.5001 0.8658 0.0127
vn 0.6452 -0.1006 0.7574
vn -0.2895 0.8997 0.3267
vn -0.3211 0.8579 0.4011
vn -0.2896 0.8996 0.3269
vn -0.2678 0.9227 0.2772
vn -0.8658 0.1620 -0.4735
vn -0.0557 -0.9966 -0.0602
vn 0.6018 0.7568 0.2550
vn -0.4787 0.8776 -0.0269
vn 0.6004 -0.7308 -0.3248
vn -0.3620 -0.9304 -0.0573
vn -0.7486 0.6488 -0.1363
vn 0.2506 0.9180 -0.3074
vn 0.1116 0.9925 0.0500
vn 0.0589 -0.9573 -0.2829
vn 0.9586 0.2840 0.0207
vn 0.9665 -0.2362 -0.1007
vn -0.6649 0.7298 -0.1593
vn -0.9609 -0.2750 0.0315
vn 0.5724 0.2890 -0.7674
vn 0.4952 0.2026 -0.8448
vn 0.5603 0.2750 -0.7813
vn 0.4952 0.2026 -0.8449
vn 0.4854 0.1922 -0.8529
vn 0.2914 0.9511 0.1024
vn -0.2635 -0.0811 -0.9612
vn 0.4371 0.8881 0.1423
vn -0.4066 0.8957 -0.1800
vn 0.9460 0.0920 0.3110
vn 0.6582 0.3941 0.6415
vn 0.1321 -0.5497 0.8248
vn -0.3749 0.7074 -0.5992
vn -0.1812 -0.6775 0.7128
vn 0.0441 -0.3629 -0.9308
vn -0.0535 -0.3473 -0.9362
vn 0.0104 -0.3579 -0.9337
vn -0.7706 -0.6366 0.0289
vn 0.1497 -0.3758 -0.9145
vn -0.4586 -0.1387 0.8778
vn -0.0106 -0.0856 0.9963
vn 0.0689 0.5811 -0.8109
vn 0.7577 0.4505 -0.4722
vn 0.4045 0.3895 -0.8275
vn 0.7060 0.6917 -0.1522
vn -0.0097 0.0001 -1.0000
vn -0.0616 -0.0298 -0.9977
vn -0.1371 -0.0733 -0.9878
vn -0.0617 -0.0298 -0.9977
vn -0.1731 -0.0940 -0.9804
vn 0.2441 0.1586 0.9567
vn -0.4978 -0.5617 0.6608
vn -0.6042 -0.5789 0.5476
vn -0.5496 -0.5716 0.6092
vn 0.1556 -0.2784 0.9478
vn -0.1443 0.2973 -0.9438
vn -0.6053 0.4638 -0.6469
vn 0.2645 0.0282 0.9640
vn -0.3019 -0.9429 -0.1407
vn 0.0195 -0.1143 0.9933
vn 0.0062 -0.1165 0.9932
vn 0.0002 -0.0999 0.9950
vn -0.5614 -0.3743 0.7381
vn 0.9557 -0.2820 -0.0844
vn 0.9613 -0.2638 -0.0793
vn 0.9807 -0.1867 -0.0574
vn -0.9272 0.0687 -0.3681
vn 0.0121 -0.1609 0.9869
vn -0.3402 0.9126 -0.2268
vn 0.5594 0.2408 0.7931
vn 0.5682 0.2526 0.7832
vn 0.5774 0.2651 0.7722
vn 0.5682 0.2526 0.7831
vn 0.6299 0.3402 0.6982
vn 0.2707 0.1009 -0.9574
vn -0.2722 -0.2625 0.9257
vn -0.2497 -0.2333 0.9398
vn -0.2221 -0.1976 0.9548
vn -0.6064 0.7735 0.1846
vn 0.9870 -0.1536 -0.0480
vn 0.0874 -0.9959 0.0251
vn 0.0110 -0.9998 0.0188
vn -0.0503 -0.9987 -0.0086
vn 0.0170 -0.1732 0.9847
vn 0.0121 -0.1610 0.9869
vn -0.6042 -0.5789 0.5475
vn -0.6213 -0.5805 0.5264
vn -0.5497 -0.5716 0.6092
vn -0.1987 -0.1675 0.9656
vn -0.2221 -0.1975 0.9548
vn 0.0243 0.9601 0.2785
vn 0.8343 0.5310 -0.1481
vn -0.0504 -0.9987 -0.0086
vn 0.0109 -0.9998 0.0188
vn -0.0361 -0.9993 0.0043
vn 0.9796 0.1961 -0.0441
vn 0.9734 0.1597 -0.1643
vn 0.9553 0.1318 -0.2646
vn 0.8886 -0.4290 0.1621
vn 0.9822 0.1878 -0.0077
vn -0.0137 0.9999 0.0015
vn 0.1421 0.9891 0.0380
vn 0.3990 -0.9146 -0.0662
vn -0.9238 -0.3818 0.0286
vn 0.0103 -0.9998 0.0148
vn -0.0233 0.1113 -0.9935
vn -0.0160 0.1238 -0.9922
vn -0.0413 0.0805 -0.9959
vn 0.3255 -0.0326 0.9450
vn 0.9979 0.0651 -0.0001
vn 0.2839 -0.0397 -0.9580
vn 0.9934 -0.0052 -0.1146
vn 0.9785 0.2051 0.0229
vn -0.0726 0.9970 -0.0271
vn -0.0722 0.9970 -0.0275
vn -0.0849 0.9963 -0.0162
vn -0.9870 0.1608 0.0004
vn 0.6139 -0.7884 0.0399
vn -0.0965 -0.0924 0.9910
vn 0.9539 -0.2917 0.0714
vn -0.0509 0.0638 -0.9967
vn -0.0504 -0.9987 -0.0087
vn -0.0362 -0.9993 0.0043
vn -0.0789 -0.9966 -0.0222
vn 0.2952 -0.9531 -0.0673
vn 0.9979 0.0650 -0.0001
vn 0.9972 0.0747 -0.0014
vn 0.4746 -0.6295 -0.6152
vn -0.7292 -0.0474 0.6827
vn 0.4868 -0.8602 -0.1519
vn -0.0628 0.9974 -0.0358
vn -0.0721 0.9970 -0.0275
vn -0.0726 0.9970 -0.0270
vn 0.9865 -0.1463 0.0738
vn 0.9885 -0.1391 0.0601
vn 0.9883 -0.1395 0.0609
vn 0.8411 0.0883 -0.5337
vn 0.9957 0.0909 -0.0188
vn 0.9831 0.1828 -0.0051
vn -0.0170 0.9999 0.0021
vn 0.0724 0.0763 0.9944
vn 0.3100 0.1255 -0.9424
vn -0.0053 0.5728 0.8197
vn 0.0022 0.5969 0.8023
vn -0.0046 0.5751 0.8181
vn 0.3903 0.9207 -0.0068
vn 0.0658 0.0862 0.9941
vn 0.0668 0.1010 0.9926
vn 0.0981 0.0963 0.9905
vn -0.0237 0.0173 -0.9996
vn 0.1143 0.9934 0.0125
vn 0.1904 0.9817 0.0005
vn 0.2310 0.6539 -0.7205
vn -0.0192 0.0254 0.9995
vn -0.0349 0.0625 0.9974
vn -0.0230 0.0411 0.9989
vn -0.1262 0.9902 0.0597
vn 0.9906 -0.1300 0.0428
vn 0.9998 0.0196 0.0022
vn 0.9997 0.0184 -0.0169
vn 0.2538 0.1133 -0.9606
vn 0.1454 0.0777 -0.9863
vn -0.5132 0.4759 0.7142
vn -0.0382 0.9981 0.0473
vn 0.9945 0.0781 -0.0697
vn 0.2927 -0.6901 -0.6619
vn 0.0675 -0.9977 -0.0008
vn 0.1063 -0.9943 0.0084
vn 0.0196 -0.9998 0.0082
vn 0.0038 0.6017 0.7987
vn 0.7443 -0.2797 -0.6065
vn 0.0982 0.0963 0.9905
vn -0.0248 -0.9984 0.0510
vn -0.0238 -0.9984 0.0510
vn -0.0242 -0.9984 0.0510
vn 0.9810 -0.1935 -0.0145
vn 0.0584 -0.9569 -0.2845
vn 0.3099 0.3351 -0.8898
vn 0.0272 0.9964 0.0806
vn 0.0355 0.9977 0.0580
vn 0.0122 0.9956 0.0932
vn -0.0379 0.9974 -0.0606
vn 0.0687 0.9976 -0.0073
vn -0.0135 -0.0803 -0.9967
vn 0.9997 -0.0201 -0.0167
vn 0.9990 0.0453 -0.0048
vn 0.9984 0.0509 -0.0263
vn -0.1071 0.9942 -0.0056
vn -0.1277 0.9918 -0.0066
vn -0.0187 0.9998 -0.0012
vn 0.5816 0.7693 -0.2645
vn 0.0096 -0.9720 -0.2346
vn 0.0818 -0.9940 0.0722
vn 0.9992 -0.0390 -0.0021
vn 0.9998 0.0127 -0.0140
vn 0.9996 -0.0296 -0.0042
vn 0.9924 0.1189 -0.0323
vn 0.7026 0.3648 -0.6109
vn 0.0350 0.3797 0.9245
vn 0.0209 0.4023 0.9153
vn 0.0104 0.4175 0.9086
vn -0.0479 0.9357 0.3496
vn 0.3698 0.9290 0.0150
vn 0.3571 0.0519 -0.9326
vn 0.2150 0.9761 0.0321
vn 0.0687 0.9976 -0.0072
vn 0.0422 0.2154 -0.9756
vn 0.0384 0.2145 -0.9760
vn 0.0498 0.2174 -0.9748
vn 0.9827 0.0019 0.1853
vn 0.1377 -0.0770 -0.9875
vn 0.9961 0.0661 -0.0593
vn -0.9782 0.2075 0.0024
vn -0.9792 0.2030 0.0022
vn -0.9505 0.3105 -0.0081
vn 0.1992 -0.9800 0.0003
vn 0.1933 -0.9811 -0.0005
vn 0.9861 0.1590 0.0488
vn 0.8102 0.0895 -0.5793
vn 0.9989 0.0452 0.0089
vn 0.9918 0.1262 -0.0175
vn -0.0149 0.9999 -0.0011
vn -0.0831 -0.9965 -0.0028
vn 0.0421 0.2154 -0.9756
vn 0.0324 0.2130 -0.9765
vn -0.6901 -0.7061 -0.1588
vn -0.7599 -0.6182 -0.2010
vn -0.7434 -0.6421 -0.1871
vn 0.9313 0.3385 0.1348
vn 0.9423 0.2985 0.1515
vn 0.9288 0.3318 0.1648
vn -0.9004 -0.0499 0.4321
vn -0.8558 0.0389 0.5159
vn -0.9092 -0.0704 0.4103
vn -0.4625 0.0498 0.8852
vn 0.0359 0.9993 0.0035
vn 0.0869 0.9960 0.0220
vn 0.0794 0.9968 0.0097
vn 0.7560 0.1142 -0.6445
vn 0.7641 0.1060 -0.6364
vn 0.7590 0.1112 -0.6415
vn 0.6291 0.0179 0.7771
vn 0.6220 0.0201 0.7828
vn 0.6695 0.0055 0.7428
vn 0.1022 -0.9939 -0.0421
vn -0.0128 -0.9998 0.0139
vn -0.0525 -0.9982 -0.0297
vn -0.9924 -0.1226 -0.0065
vn -0.9906 -0.1371 0.0004
vn -0.9913 -0.1317 -0.0022
vn 0.9056 0.3953 0.1541
vn 0.8461 0.5200 0.1168
vn 0.8828 0.4510 0.1316
vn -0.9718 -0.0519 -0.2300
vn -0.8928 -0.2522 0.3731
vn 0.0431 0.0404 0.9983
vn 0.9992 -0.0405 -0.0065
vn 0.9990 -0.0449 -0.0062
vn 0.9962 0.0840 -0.0221
vn -0.7767 0.6298 0.0077
vn -0.7716 0.6361 0.0060
vn -0.6677 0.7444 -0.0041
vn 1.0000 -0.0022 0.0038
vn -0.6549 0.7550 -0.0335
vn -0.6046 0.7963 -0.0187
vn -0.6203 0.7840 -0.0262
vn 0.9997 0.0231 0.0003
vn -0.0658 0.9973 0.0341
vn -0.0124 0.8269 0.5622
vn 0.0435 -0.9143 0.4026
vn -0.7451 -0.6480 -0.1578
vn 0.9056 0.3952 0.1541
vn 0.9312 0.3385 0.1348
vn -0.8416 0.0869 0.5331
vn -0.9827 -0.0619 0.1743
vn 0.9998 -0.0074 -0.0176
vn 0.7514 0.1188 -0.6491
vn 0.0706 0.1108 0.9913
vn 0.4795 -0.8774 0.0177
vn 0.3551 -0.9348 0.0050
vn 0.4865 -0.8735 0.0184
vn 0.3157 -0.0332 0.9483
vn 0.9972 -0.0744 -0.0013
vn 0.0096 -0.9721 -0.2345
vn -0.8299 0.1133 0.5463
vn 0.0562 0.9984 0.0023
vn -0.9782 0.2076 0.0024
vn -0.0917 0.9950 0.0393
vn -0.2330 0.9719 0.0339
vn -0.1077 0.9934 0.0387
vn -0.5963 0.8027 0.0133
vn 0.8754 0.3529 -0.3303
vn 0.8550 -0.5176 -0.0320
vn 0.3459 -0.9383 0.0041
vn 0.3550 -0.9348 0.0050
vn 0.0145 -0.0232 -0.9996
vn -0.0155 -0.0495 -0.9987
vn 0.1092 0.0602 -0.9922
vn -0.0643 -0.9979 0.0030
vn 0.0996 -0.9948 0.0221
vn 0.2023 -0.9793 0.0082
vn -0.0217 -0.9997 0.0105
vn 0.2021 -0.9793 0.0082
vn -0.0330 -0.9994 0.0106
vn -0.0056 -0.9999 0.0140
vn -0.0038 -0.9997 0.0243
vn 0.9903 0.1383 -0.0133
vn 0.2627 0.9648 -0.0110
vn 0.2281 0.9734 -0.0232
vn 0.3345 0.9423 0.0146
vn -0.6203 0.7839 -0.0262
vn -0.6706 0.7416 -0.0173
vn -0.2359 0.9671 0.0952
vn -0.2684 -0.0412 0.9624
vn -0.2001 -0.1370 0.9702
vn -0.2552 -0.0603 0.9650
vn 0.8443 0.4278 -0.3226
vn 0.3603 0.9325 0.0240
vn 0.9790 -0.0685 -0.1918
vn 0.9837 -0.0554 -0.1711
vn 0.9809 -0.0634 -0.1840
vn 0.9848 -0.0520 -0.1657
vn 0.9809 -0.0635 -0.1839
vn -0.3069 0.0154 0.9516
vn -0.2685 -0.0412 0.9624
vn -0.1081 0.2040 0.9730
vn 0.3188 -0.5322 0.7843
vn -0.7450 -0.0728 -0.6630
vn -0.5124 0.1405 -0.8472
vn 0.0285 0.0479 0.9984
vn 0.4700 -0.8826 -0.0034
vn 0.4694 -0.8830 -0.0035
vn 0.1093 0.0603 -0.9922
vn 0.1452 0.0921 -0.9851
vn 0.9604 0.2772 0.0261
vn 0.9997 0.0232 0.0003
vn 0.8225 -0.1443 0.5502
vn 0.5817 0.1260 0.8036
vn -0.8414 -0.5403 0.0069
vn -0.8763 0.0930 0.4727
vn -0.8518 0.2019 0.4835
vn 0.0042 0.9914 0.1307
vn 0.0399 0.9714 0.2343
vn 0.0341 0.9757 0.2163
vn 0.1086 0.9941 -0.0075
vn 0.1265 0.9919 -0.0122
vn 0.2609 0.9642 -0.0477
vn -0.1212 -0.0021 0.9926
vn 0.6806 -0.1520 -0.7168
vn -0.0839 -0.9960 -0.0314
vn 0.3197 0.9424 0.0980
vn -0.2354 0.9713 0.0339
vn -0.1078 0.9934 0.0387
vn -0.2331 0.9719 0.0339
vn -0.4241 -0.2799 -0.8613
vn 0.3925 0.0504 -0.9184
vn 0.5488 -0.8358 0.0175
vn 0.1197 0.9928 -0.0031
vn 0.1299 0.9915 -0.0049
vn 0.1923 0.9812 -0.0160
vn -0.8131 0.5820 -0.0104
vn -0.5152 -0.7929 0.3253
vn -0.8496 -0.3897 0.3553
vn -0.0892 0.3032 0.9488
vn 0.6789 0.0025 0.7342
vn 1.0000 -0.0023 0.0038
vn 0.9812 -0.1703 0.0904
vn 0.9436 0.3142 -0.1046
vn 0.9039 0.3886 -0.1787
vn 0.9231 0.3574 -0.1422
vn 0.7178 0.4142 0.5596
vn 0.9819 0.0579 0.1802
vn 0.9817 0.1594 0.1044
vn 0.9834 0.1281 0.1282
vn -0.1712 0.9851 0.0168
vn -0.0383 0.9982 0.0472
vn -0.0658 0.9972 0.0341
vn -0.4476 0.8916 0.0683
vn -0.4450 0.8929 0.0693
vn -0.4632 0.8841 0.0617
vn -0.0043 0.7477 -0.6641
vn -0.0572 0.7006 -0.7112
vn -0.0804 0.6839 -0.7251
vn 0.0130 0.9999 -0.0030
vn 0.2955 0.9536 -0.0569
vn 0.2610 0.9642 -0.0477
vn 0.0038 0.9994 0.0351
vn -0.0139 -0.4908 0.8711
vn -0.0025 0.9872 0.1597
vn 0.0330 0.9696 0.2426
vn 0.0285 0.9738 0.2256
vn -0.0158 -0.9357 0.3525
vn -0.0081 -0.9425 0.3341
vn -0.0174 -0.9335 0.3582
vn 0.2589 0.9656 -0.0253
vn 0.2479 0.9685 -0.0234
vn 0.1474 0.9891 -0.0060
vn 0.1004 0.9947 -0.0199
vn 0.1877 0.9810 -0.0479
vn 0.1575 0.9868 -0.0374
vn 0.0576 0.9983 -0.0043
vn 0.1934 -0.9811 -0.0005
vn 0.1988 -0.9800 0.0003
vn 0.1927 -0.9813 -0.0006
vn 0.9964 0.0260 0.0810
vn -0.1889 0.9817 0.0246
vn -0.9521 -0.2851 -0.1102
vn -0.9421 -0.2870 -0.1736
vn -0.9439 -0.2969 -0.1445
vn 0.0084 0.9997 -0.0219
vn 0.0138 0.6212 -0.7835
vn 0.0002 0.9999 0.0137
vn -0.1745 -0.6933 -0.6992
vn 0.2773 0.3394 0.8989
vn 0.1791 0.9838 0.0069
vn 0.2394 0.9709 0.0050
vn 0.4755 -0.8792 -0.0296
vn 0.2002 0.9796 -0.0175
vn 0.9817 0.1595 0.1044
vn 0.9728 0.2257 0.0529
vn 0.9834 0.1281 0.1281
vn -0.0311 -0.9958 -0.0866
vn -0.9931 -0.1171 -0.0090
vn -0.5364 0.8380 0.1003
vn 0.0340 0.0387 0.9987
vn 0.4699 -0.8827 -0.0035
vn 0.4692 -0.8831 -0.0036
vn 0.9887 0.0133 -0.1490
vn 0.1694 0.0606 -0.9837
vn 0.1217 0.0354 -0.9919
vn 0.1541 0.0533 -0.9866
vn 0.9341 0.3532 0.0518
vn 0.8934 0.3982 0.2080
vn 0.8746 0.4107 0.2578
vn -0.7884 0.6152 -0.0015
vn -0.0151 0.0123 0.9998
vn -0.0230 0.0410 0.9989
vn -0.0151 0.9974 -0.0699
vn 0.0162 0.9997 0.0193
vn 0.0079 1.0000 -0.0042
vn 0.1141 0.9804 0.1607
vn 0.5781 0.6133 -0.5383
vn 0.9993 -0.0079 -0.0352
vn 0.1359 -0.0373 -0.9900
vn 0.1097 -0.0341 -0.9934
vn 0.0875 -0.0313 -0.9957
vn 0.0562 -0.0273 -0.9980
vn 0.9988 -0.0479 -0.0089
vn 0.1383 0.0658 0.9882
vn 0.1943 0.0650 0.9788
vn 0.1376 0.0611 0.9886
vn 0.9367 -0.3414 0.0775
vn 0.3015 0.9519 -0.0540
vn 0.2127 0.9627 0.1674
vn -0.0042 -0.9384 0.3456
vn -0.0039 -0.9390 0.3439
vn -0.0019 -0.9430 0.3328
vn -0.0303 -0.9993 0.0195
vn 0.4165 0.8844 -0.2106
vn 0.0097 0.9762 0.2166
vn 0.0089 0.9773 0.2115
vn -0.0005 0.9884 0.1516
vn -0.1104 0.2862 0.9518
vn 0.9630 0.2680 -0.0284
vn 0.9949 0.0998 -0.0111
vn 0.9381 0.3453 0.0279
vn -0.8257 0.5640 -0.0120
vn 0.9880 0.1543 -0.0016
vn 0.5044 -0.8634 -0.0102
vn 0.1545 -0.9809 -0.1183
vn 1.0000 -0.0017 -0.0058
vn 1.0000 -0.0023 -0.0078
vn 1.0000 -0.0001 -0.0003
vn -0.0581 -0.9603 -0.2730
vn -0.7517 -0.6373 -0.1695
vn 0.0020 -0.9461 0.3238
vn -0.0009 -0.9547 0.2975
vn 0.0019 -0.9467 0.3222
vn 0.1045 0.0142 0.9944
vn 0.1370 0.0265 0.9902
vn 0.0886 0.0082 0.9960
vn 0.1137 -0.2836 -0.9522
vn 0.2190 0.9644 0.1480
vn 0.0296 -0.9994 -0.0201
vn 0.9182 0.3743 0.1292
vn -0.0265 -0.9491 0.3140
vn 0.0028 -0.9191 0.3939
vn -0.0215 -0.9442 0.3286
vn 0.0004 1.0000 0.0022
vn -0.0037 1.0000 0.0033
vn -0.0027 1.0000 0.0051
vn 0.4007 0.1635 0.9015
vn 0.7505 -0.6607 0.0104
vn -0.3212 -0.7479 0.5809
vn 0.0945 -0.1174 0.9886
vn 0.2397 0.9280 0.2852
vn 0.1359 0.9489 -0.2850
vn -0.4539 0.8890 0.0607
vn 0.9009 0.0728 0.4279
vn 0.3057 -0.3184 -0.8973
vn 0.8370 0.5471 -0.0087
vn 0.8685 0.4792 -0.1267
vn 0.8643 0.4933 -0.0986
vn 0.8947 0.3550 0.2709
vn -0.3533 0.0275 0.9351
vn -0.0363 0.3580 0.9330
vn -0.0382 0.3586 0.9327
vn -0.0331 0.3571 0.9335
vn -0.9101 0.4143 0.0040
vn -0.9611 -0.2662 -0.0739
vn -0.0414 0.9991 -0.0024
vn -0.0011 -0.0446 -0.9990
vn -0.0092 -0.1375 -0.9905
vn -0.0087 -0.1326 -0.9911
vn -0.2075 0.9748 -0.0818
vn -0.8656 -0.4659 0.1835
vn 0.9268 0.3343 -0.1710
vn 0.9915 -0.1243 -0.0384
vn 0.0615 -0.0020 0.9981
vn 0.8815 0.4581 -0.1145
vn -0.0546 0.1794 -0.9823
vn 0.2225 0.0653 0.9727
vn 0.1377 0.0611 0.9886
vn 0.8427 0.3137 0.4374
vn 0.6721 -0.1169 0.7312
vn -0.1686 0.4136 0.8947
vn -0.0227 0.3761 0.9263
vn -0.1396 0.4068 0.9028
vn -0.1383 -0.0383 0.9897
vn 0.0017 0.9911 0.1331
vn 0.5199 0.8542 -0.0061
vn 0.0909 0.0729 0.9932
vn 0.0072 -0.8748 0.4844
vn 0.0084 -0.8692 0.4944
vn -0.0073 -0.9336 0.3584
vn -0.0065 0.9851 0.1717
vn -0.0018 0.9904 0.1380
vn -0.0010 0.9912 0.1322
vn 0.4374 0.1659 0.8838
vn 0.8162 0.5211 -0.2495
vn 0.2751 0.4415 -0.8540
vn 0.0033 -0.0175 -0.9998
vn -0.1771 -0.0497 0.9829
vn -0.1854 -0.0476 0.9815
vn -0.1880 -0.0469 0.9810
vn 0.9912 0.0236 0.1305
vn 0.9914 0.0216 0.1287
vn 0.9869 -0.0234 0.1596
vn -0.9709 -0.2345 -0.0490
vn -0.0012 -0.9556 0.2948
vn -0.0016 -0.9434 0.3315
vn -0.0019 -0.9430 0.3327
vn 0.0293 0.7264 -0.6867
vn 0.7521 0.6590 -0.0037
vn 0.7462 0.6657 -0.0059
vn 0.7730 0.6344 0.0044
vn 0.2237 -0.7208 -0.6561
vn 0.9666 0.2507 -0.0533
vn 0.0001 -0.0189 -0.9998
vn 0.9388 0.3315 -0.0940
vn 0.9207 0.3587 -0.1536
vn 0.9327 0.3415 -0.1157
vn 0.2194 -0.1521 -0.9637
vn 0.1458 -0.0086 -0.9893
vn 0.1678 -0.0420 -0.9849
vn 0.0397 -0.9982 0.0446
vn -0.0901 0.3373 0.9371
vn -0.0587 0.2794 0.9584
vn -0.1373 0.4229 0.8957
vn 0.0015 0.9238 -0.3829
vn -0.0017 -0.3556 0.9346
vn -0.0013 -0.3590 0.9333
vn 0.0015 -0.3886 0.9214
vn 0.1172 -0.4262 -0.8970
vn 0.9335 0.2942 -0.2049
vn -0.0195 0.2058 0.9784
vn 0.9915 0.0543 0.1181
vn 0.9974 0.0260 0.0667
vn -0.9580 0.2866 0.0018
vn -0.9507 0.3101 0.0069
vn -0.9831 0.1817 -0.0207
vn -0.0421 0.9973 -0.0600
vn -0.0823 -0.1061 0.9909
vn -0.0776 -0.1060 0.9913
vn -0.0852 -0.0959 0.9917
vn -0.0362 0.3580 0.9330
vn -0.0330 0.3571 0.9335
vn -0.0288 0.3565 0.9339
vn -0.5639 0.2509 0.7868
vn -0.7345 -0.6578 -0.1668
vn 0.0174 0.9998 -0.0008
vn 0.1121 0.9932 0.0312
vn 0.0422 0.9991 0.0075
vn 0.9993 -0.0300 -0.0201
vn 0.9998 -0.0075 -0.0176
vn 0.8877 0.1346 -0.4403
vn 0.5244 -0.1506 0.8381
vn 0.5383 -0.0524 0.8411
vn 0.5472 0.0510 0.8354
vn 0.1226 0.8695 -0.4785
vn 0.9650 0.2546 -0.0628
vn 0.9738 0.2243 -0.0366
vn 0.9484 0.3124 -0.0547
vn 0.9388 0.3315 -0.0939
vn 0.9990 0.0356 0.0266
vn -0.2684 -0.8763 0.4000
vn -0.0131 0.6214 0.7834
vn 0.0315 0.5399 0.8411
vn -0.0081 0.5430 0.8397
vn 0.7784 0.6278 0.0065
vn 1.0000 0.0004 0.0014
vn -0.9464 0.0898 0.3102
vn -0.9856 0.1674 -0.0237
vn 0.9378 0.3462 0.0276
vn -0.9926 0.0111 -0.1213
vn -0.9922 0.0131 -0.1237
vn -0.9956 0.0022 -0.0937
vn 0.0029 -1.0000 -0.0008
vn -1.0000 -0.0090 -0.0004
vn -0.9993 -0.0289 -0.0233
vn -0.9998 0.0026 0.0185
vn -0.6090 0.2644 0.7478
vn -0.7186 -0.0939 0.6891
vn -0.7013 -0.1033 0.7053
vn -0.6978 -0.1052 0.7085
vn -0.2247 -0.0518 0.9731
vn -0.0072 0.9844 0.1760
vn 0.0016 -0.3902 0.9207
vn 0.0015 -0.3887 0.9214
vn -0.0189 0.5543 0.8321
vn -0.0262 0.4927 0.8698
vn 0.0004 0.4330 0.9014
vn 0.9969 0.0633 -0.0478
vn 0.9972 0.0553 -0.0509
vn 0.9976 0.0375 -0.0579
vn 0.8121 -0.0306 0.5828
vn 0.8159 -0.0307 0.5773
vn 0.7326 -0.0279 0.6801
vn 0.9074 0.4089 -0.0968
vn 0.0084 0.2416 0.9703
vn -0.0128 0.1476 0.9890
vn 0.0265 0.2087 0.9776
vn 0.0069 0.9995 0.0300
vn 0.9796 0.1999 0.0185
vn 0.4452 -0.8953 -0.0172
vn 0.4501 -0.8928 -0.0176
vn 0.4053 -0.9141 -0.0140
vn 0.1262 0.0534 0.9906
vn -0.0158 -0.9357 0.3526
vn 0.0055 -0.9240 0.3824
vn 0.0082 -0.9086 0.4176
vn 0.9547 0.0036 0.2976
vn -0.0439 -0.0397 0.9982
vn -0.0657 -0.0680 0.9955
vn 0.0450 0.4864 -0.8726
vn 0.8562 -0.0557 -0.5137
vn -0.9177 0.1196 -0.3789
vn 0.0140 0.0623 -0.9980
vn 0.0167 0.0711 -0.9973
vn 0.0132 0.0598 -0.9981
vn -0.0570 0.3135 0.9479
vn -0.1189 0.3628 0.9242
vn -0.0485 0.3066 0.9506
vn 0.0004 1.0000 0.0021
vn -0.0028 1.0000 0.0051
vn -0.0071 0.9999 0.0074
vn 0.2527 -0.9675 -0.0024
vn 0.9986 0.0385 -0.0349
vn -0.0083 -0.9368 0.3497
vn 0.9995 0.0313 0.0081
vn 0.9484 0.3124 -0.0548
vn -0.9944 -0.0700 -0.0797
vn -0.9802 -0.0631 -0.1877
vn -0.9795 -0.0638 -0.1909
vn -0.9911 -0.0476 -0.1241
vn -0.4629 0.8842 0.0617
vn -0.4526 0.8896 0.0606
vn 0.9390 0.3198 0.1262
vn -0.0005 0.9885 0.1515
vn -0.0018 0.9896 0.1436
vn -0.0111 0.9870 0.1604
vn -0.0242 0.6713 -0.7408
vn 0.1364 0.9899 0.0394
vn -0.7214 -0.0923 0.6863
vn -0.0036 0.3730 0.9278
vn 0.0236 0.9267 -0.3749
vn 0.0123 0.9698 -0.2438
vn 0.0123 0.9704 -0.2412
vn 0.0337 0.7303 -0.6823
vn 0.0223 0.7193 -0.6944
vn 0.0065 1.0000 -0.0026
vn 0.0058 1.0000 -0.0030
vn 0.0049 1.0000 -0.0035
vn 0.0681 0.0302 -0.9972
vn 0.6558 0.0175 -0.7548
vn 0.0175 0.0738 -0.9971
vn 0.0487 -0.0288 0.9984
vn 0.0348 -0.0137 0.9993
vn 0.0574 -0.0296 0.9979
vn -0.0153 0.6193 -0.7850
vn 0.0081 0.9997 -0.0244
vn 0.0124 0.9703 -0.2417
vn 0.0161 0.9987 -0.0475
vn -0.0263 -0.8499 0.5263
vn 0.8091 0.5857 -0.0482
vn 0.2718 0.3231 -0.9065
vn 0.0868 0.9962 -0.0069
vn 0.0074 1.0000 -0.0021
vn 0.0066 1.0000 -0.0025
vn -0.0175 -0.0048 -0.9998
vn -0.0225 -0.0038 -0.9997
vn -0.0218 -0.0039 -0.9998
vn -0.1674 0.0175 0.9857
vn 0.0093 1.0000 -0.0033
vn 0.2497 0.9681 0.0177
vn 0.9977 0.0305 -0.0607
vn 0.0367 0.0371 -0.9986
vn 0.0046 0.9579 -0.2870
vn -0.0013 0.9484 -0.3172
vn -0.0350 0.8749 -0.4830
vn 0.9996 -0.0065 -0.0277
vn 0.9995 -0.0085 -0.0319
vn 0.9985 0.0285 0.0458
vn 0.0081 -0.9197 0.3924
vn 0.0208 0.9998 -0.0072
vn 0.0589 -0.9982 0.0069
vn 0.0489 -0.9986 0.0206
vn 0.0073 -0.9999 0.0092
vn 0.0647 -0.9978 0.0136
vn -0.0234 0.4817 0.8760
vn 0.0001 0.5157 0.8568
vn -0.0058 0.5073 0.8618
vn -0.8228 0.4204 -0.3824
vn -0.9893 0.0088 -0.1460
vn -0.9984 0.0558 0.0097
vn -0.9999 -0.0106 -0.0007
vn -0.9996 0.0266 0.0005
vn 0.0154 0.9998 -0.0085
vn 0.8968 -0.3820 -0.2230
vn 0.8406 -0.5128 -0.1743
vn 0.8783 -0.4318 -0.2054
vn -0.0403 0.8602 -0.5084
vn -0.0008 -1.0000 -0.0024
vn -0.5529 0.0583 -0.8312
vn -0.0132 0.9858 0.1677
vn -0.0006 -0.0387 -0.9993
vn -0.0014 1.0000 0.0050
vn -0.1184 0.0484 0.9918
vn -0.1438 0.0567 0.9880
vn -0.0722 0.0239 0.9971
vn -0.2481 0.9489 0.1950
vn -0.0421 0.9973 -0.0601
vn 0.0868 0.9962 -0.0070
vn -0.0644 0.9914 -0.1135
vn -0.9905 0.1325 0.0374
vn -0.1746 -0.0503 0.9833
vn -0.0073 -0.0182 -0.9998
vn 0.0095 -0.0545 -0.9985
vn 0.0072 -0.0067 -1.0000
vn 0.0078 -0.9973 -0.0724
vn 0.0102 -0.9980 -0.0616
vn 0.0082 -0.9975 -0.0707
vn 0.0738 -0.0170 -0.9971
vn 0.0085 -0.9077 0.4195
vn -0.9864 0.1646 0.0023
vn -0.9863 0.1648 0.0023
vn -0.9853 0.1708 0.0019
vn -0.9853 0.1711 0.0019
vn 0.9447 0.3216 0.0643
vn -0.0571 0.9461 0.3189
vn -0.0236 0.9953 -0.0942
vn 0.0011 0.9809 0.1944
vn 0.8061 0.4123 -0.4245
vn 0.9947 0.0943 -0.0408
vn 0.9983 0.0444 -0.0388
vn -0.0085 -0.7574 -0.6529
vn -0.0094 0.2683 0.9633
vn 0.0084 0.2417 0.9703
vn 0.0004 0.9999 0.0137
vn 0.0031 0.9997 0.0233
vn 0.0007 1.0000 -0.0004
vn -0.9977 0.0668 0.0099
vn 0.0172 0.5398 0.8416
vn 0.6614 -0.0255 0.7496
vn 0.8212 0.4521 0.3482
vn 0.7938 0.4110 -0.4482
vn 0.0102 0.6407 -0.7677
vn 0.0089 0.6312 -0.7756
vn -0.0112 0.4800 -0.8772
vn -0.4184 0.9081 -0.0171
vn 0.9662 0.2549 -0.0393
vn 0.9627 0.2672 -0.0436
vn 0.9714 0.2351 -0.0325
vn 0.0444 0.9979 -0.0466
vn 0.0243 0.4050 0.9140
vn 0.0251 0.4111 0.9112
vn 0.0243 0.4056 0.9137
vn 0.0106 -0.9982 -0.0598
vn -0.9978 -0.0490 -0.0446
vn -0.9790 -0.0013 0.2038
vn -0.9622 -0.0324 0.2705
vn -0.9418 -0.0610 0.3307
vn -0.6061 0.5860 0.5379
vn 0.3641 -0.1278 0.9226
vn 0.3648 -0.1280 0.9223
vn 0.3840 -0.1329 0.9137
vn 0.0088 0.6312 -0.7756
vn -0.0163 0.4389 -0.8984
vn -0.0113 0.4800 -0.8772
vn 0.9984 0.0019 0.0570
vn 0.9990 -0.0415 -0.0155
vn 0.9995 -0.0166 0.0261
vn 0.2865 0.9563 -0.0577
vn -0.9235 0.3329 0.1908
vn -0.9231 0.3317 0.1947
vn -0.9262 0.3415 0.1600
vn 0.9032 -0.2479 0.3503
vn -0.0269 0.0018 0.9996
vn 0.9973 -0.0583 -0.0438
vn 0.0780 -0.0470 0.9958
vn 0.9729 0.2292 -0.0305
vn 0.9662 0.2548 -0.0393
vn 0.4353 0.2478 0.8655
vn -0.9998 0.0015 0.0205
vn 0.9984 0.0296 0.0481
vn 0.9988 0.0402 -0.0292
vn 0.0881 0.9961 0.0019
vn 0.8163 -0.5560 -0.1562
vn 0.8653 0.5001 0.0338
vn -0.7880 -0.5307 0.3120
vn 0.0474 -0.0251 0.9986
vn 0.0488 -0.0287 0.9984
vn -0.0037 0.3729 0.9278
vn -0.0024 0.3733 0.9277
vn -0.9918 -0.0464 -0.1194
vn 0.9254 0.3784 0.0189
vn 0.9335 0.3586 0.0073
vn 0.9299 0.3676 0.0125
vn 0.4618 0.8818 -0.0958
vn -0.9432 0.3320 -0.0117
vn -0.0678 0.9325 0.3547
vn 0.9838 0.0922 0.1538
vn 0.8727 -0.1061 -0.4766
vn 0.0218 -0.5421 -0.8400
vn -0.9425 0.3269 0.0690
vn -0.9390 0.3360 0.0740
vn -0.9463 0.3170 0.0636
vn -0.1866 0.0535 -0.9810
vn -0.3223 0.1239 -0.9385
vn -0.2989 0.1126 -0.9476
vn -0.0548 0.3014 0.9519
vn 0.0857 0.0946 0.9918
vn -0.8561 0.5161 0.0255
vn -0.0176 -0.0048 -0.9998
vn -0.0170 -0.0050 -0.9998
vn -0.9997 -0.0190 -0.0173
vn -0.0776 -0.0471 -0.9959
vn -0.0777 -0.0471 -0.9959
vn -0.3593 -0.0816 -0.9296
vn -0.1852 -0.0235 -0.9824
vn -0.9878 0.0213 0.1544
vn -0.9265 0.3431 0.1543
vn -0.9697 0.1026 0.2216
vn -0.0124 -0.0181 0.9998
vn -0.5418 0.6349 -0.5508
vn 0.8069 -0.0648 0.5871
vn 0.8365 -0.0865 0.5410
vn 0.7446 -0.0238 0.6671
vn 0.9203 0.3903 0.0259
vn -0.6360 0.7642 0.1074
vn -0.9137 0.3732 0.1607
vn -0.9045 0.2576 0.3400
vn 0.3648 -0.1280 0.9222
vn 0.3853 -0.1333 0.9131
vn 0.9862 -0.0978 0.1339
vn 0.7326 -0.0164 0.6804
vn -0.0004 0.9998 0.0196
vn -0.0690 0.9960 -0.0565
vn -0.0071 0.9999 0.0122
vn -0.0648 0.1907 -0.9795
vn 0.0056 0.1843 -0.9828
vn -0.0680 0.1128 -0.9913
vn -0.0038 -1.0000 0.0047
vn -0.0198 -0.9988 0.0441
vn -0.9357 0.3439 0.0784
vn 0.0495 -0.0248 0.9985
vn 0.8757 0.1911 0.4434
vn -0.9962 0.0707 0.0503
vn -0.9983 0.0485 0.0332
vn -0.9979 0.0532 0.0368
vn 0.1190 0.9926 -0.0258
vn 0.0698 0.9974 -0.0149
vn 0.2250 0.9730 -0.0517
vn -0.9993 -0.0026 -0.0370
vn -0.9988 -0.0438 -0.0203
vn -0.1367 0.0105 -0.9906
vn -0.0884 0.0865 -0.9923
vn -0.0537 0.1401 -0.9887
vn -0.0190 0.5972 -0.8018
vn -0.0196 0.6007 -0.7993
vn -0.0104 0.5470 -0.8371
vn 0.9892 0.1458 -0.0114
vn 0.9225 -0.2846 0.2610
vn -0.1982 0.2246 0.9541
vn 0.3259 0.0990 0.9402
vn 0.0250 0.0762 0.9968
vn 0.0515 0.0958 -0.9941
vn -0.1488 0.2437 0.9584
vn 0.0660 0.0711 -0.9953
vn 0.0272 0.0074 -0.9996
vn -0.5902 0.2200 -0.7767
vn -0.7322 0.6739 -0.0989
vn -0.8330 0.5499 -0.0615
vn -0.8196 0.5690 -0.0671
vn 0.9229 0.3818 0.0500
vn -0.0680 0.5427 -0.8372
vn 0.0252 0.4116 0.9110
vn 0.0254 0.0390 -0.9989
vn 0.0619 0.0626 -0.9961
vn -0.0216 0.0627 -0.9978
vn -0.4236 0.0045 -0.9058
vn -0.4258 0.0050 -0.9048
vn -0.4382 0.0078 -0.8988
vn -0.9668 0.2064 0.1510
vn 0.0433 -0.9012 0.4312
vn -0.0266 0.9996 -0.0138
vn 0.0344 0.9994 0.0021
vn 0.0612 0.9943 0.0876
vn 0.0473 0.8449 -0.5328
vn 0.0515 0.0957 -0.9941
vn 0.5332 0.8266 -0.1801
vn 0.0004 -0.0236 -0.9997
vn 0.0064 -1.0000 0.0046
vn -0.9978 0.0658 -0.0099
vn -0.9968 0.0775 -0.0180
vn -0.9975 0.0698 -0.0126
vn -0.2113 -0.5023 0.8385
vn 0.0225 0.9997 0.0110
vn 0.0374 0.9987 0.0352
vn -0.5307 0.1247 -0.8383
vn -0.0501 0.9977 0.0463
vn -0.0783 0.9919 0.1000
vn -0.0111 0.9973 0.0725
vn 0.0309 0.9688 0.2457
vn 0.0209 0.9782 0.2064
vn -0.0573 -0.0431 -0.9974
vn -0.6757 0.0056 -0.7372
vn -0.4477 0.8928 -0.0498
vn -0.9998 -0.0177 0.0020
vn -0.9998 0.0082 -0.0170
vn -0.9996 0.0173 -0.0208
vn -0.9993 0.0324 0.0209
vn -0.0898 0.9951 -0.0410
vn -0.9997 0.0256 0.0005
vn -0.4449 0.0093 -0.8955
vn -0.4389 -0.2872 0.8514
vn -0.9983 0.0579 -0.0044
vn -0.9978 0.0658 -0.0098
vn -0.9975 0.0697 -0.0126
vn -0.9555 0.2374 -0.1751
vn -0.0680 0.0589 0.9959
vn -0.0530 0.0631 0.9966
vn -0.0054 0.0519 0.9986
vn -0.0208 0.0386 -0.9990
vn -0.0272 0.9325 0.3601
vn -0.9959 0.0901 0.0125
vn -0.9932 0.1168 0.0039
vn -0.9967 0.0793 0.0171
vn -0.9908 0.1353 0.0081
vn -0.0314 0.9993 -0.0180
vn -0.0501 0.9900 -0.1317
vn -0.0282 0.9996 0.0008
vn -0.9997 -0.0190 -0.0174
vn -0.9988 -0.0438 -0.0204
vn -0.9903 -0.1169 -0.0757
vn -0.0205 0.0208 -0.9996
vn -0.1778 -0.1573 -0.9714
vn 0.0074 0.9999 -0.0152
vn 0.6964 -0.1627 0.6990
vn 0.0607 0.0226 -0.9979
vn -0.0046 0.2143 -0.9768
vn -0.0081 0.5332 -0.8459
vn 0.0166 -0.9786 0.2052
vn -0.3940 0.7173 -0.5746
vn -0.7671 0.3274 0.5518
vn -0.9675 0.2229 0.1195
vn -0.9909 0.1290 0.0386
vn -0.9851 0.1702 0.0230
vn 0.7334 0.6798 -0.0088
vn -0.7119 0.6943 -0.1054
vn 0.7378 -0.6623 -0.1302
vn -0.0231 0.9997 0.0008
vn -0.0604 0.9788 -0.1956
vn 0.0733 -0.0226 -0.9971
vn -0.0059 -0.1263 -0.9920
vn -0.0573 -0.0432 -0.9974
vn -0.9859 0.1673 0.0040
vn -0.9893 0.1449 -0.0159
vn -0.9866 0.1633 0.0004
vn -0.9902 0.1383 -0.0218
vn -0.9225 0.3754 0.0896
vn -0.0525 0.9964 0.0659
vn 0.0784 0.9944 0.0713
vn -0.0204 0.9964 0.0825
vn -0.8321 0.1299 -0.5392
vn -0.0522 0.9945 0.0910
vn -0.0501 0.9977 0.0464
vn -0.9901 0.1400 0.0104
vn 0.0200 0.1701 -0.9852
vn -0.1026 0.0676 -0.9924
vn 0.0073 -0.0072 0.9999
vn -0.0797 -0.9968 -0.0064
vn -0.0744 -0.9972 -0.0047
vn -0.0755 -0.9971 -0.0050
vn 0.0175 0.2517 0.9676
vn -0.0364 0.9993 -0.0014
vn -0.7540 -0.0096 0.6568
vn -0.1171 0.9931 -0.0113
vn -0.9312 0.3595 0.0608
vn -0.9080 0.4066 0.1006
vn -0.8657 0.4750 0.1577
vn 0.0011 0.9937 -0.1118
vn 0.0882 0.9961 0.0019
vn -0.9388 0.3441 0.0177
vn -0.4085 0.9128 0.0062
vn -0.3348 0.9420 0.0226
vn -0.3419 0.9396 0.0136
vn -0.1838 0.0757 -0.9801
vn -0.8882 0.3099 0.3393
vn -0.3409 -0.9400 0.0145
vn -0.4297 0.2365 -0.8714
vn 0.9723 0.2337 0.0034
vn 0.9662 0.2577 0.0048
vn 0.9725 0.2327 0.0034
vn -0.9997 0.0249 0.0009
vn 0.0269 0.0811 0.9963
vn -0.0182 -0.9845 -0.1746
vn -0.0018 0.9998 0.0189
vn -0.0815 -0.9967 -0.0070
vn -0.9622 -0.1678 0.2147
vn -0.9251 0.2048 -0.3198
vn -0.3198 -0.8316 -0.4541
vn 0.0536 0.9932 0.1031
vn -0.0052 0.9874 0.1585
vn -0.9939 0.1106 0.0009
vn -0.9922 0.1244 0.0079
vn -0.9970 0.0757 -0.0166
vn 0.1165 -0.9879 0.1026
vn -0.9980 0.0588 -0.0251
vn 0.0021 0.0446 -0.9990
vn 0.0025 0.0431 -0.9991
vn 0.0022 0.0442 -0.9990
vn 0.1684 -0.1748 0.9701
vn 0.1345 -0.1060 0.9852
vn -0.5699 0.2088 0.7947
vn -0.5772 0.2241 0.7852
vn -0.5523 0.1731 0.8155
vn -0.5435 0.1560 0.8248
vn 0.0021 0.0445 -0.9990
vn 0.0022 0.0441 -0.9990
vn 0.0019 0.0453 -0.9990
vn 0.9480 0.2148 -0.2350
vn 0.7146 0.6008 -0.3584
vn -0.9269 0.3750 -0.0159
vn -0.9454 0.3188 -0.0673
vn -0.9272 0.3714 0.0495
vn -0.8940 -0.2801 0.3497
vn 0.0449 0.3171 -0.9473
vn 0.9584 0.2581 0.1215
vn 0.9678 0.2208 0.1212
vn 0.9726 0.1985 0.1209
vn -0.7975 0.5948 0.1014
vn -0.9269 0.3751 -0.0159
vn -0.8648 0.4956 0.0805
vn 0.6885 -0.7238 0.0459
vn 0.9899 0.0772 0.1185
vn 0.3103 -0.2188 -0.9251
vn -0.8016 -0.5291 -0.2783
vn 0.8755 -0.4575 0.1554
vn -0.2034 0.2648 -0.9426
vn 0.0050 -0.1167 -0.9932
vn 0.1206 0.3002 -0.9462
vn -0.8450 0.3516 0.4029
vn -0.8442 0.3380 0.4161
vn -0.8447 0.3469 0.4075
vn 0.0962 -0.2102 0.9729
vn -0.0234 -0.0495 0.9985
vn 0.0297 -0.1213 0.9922
vn -0.0234 -0.0494 0.9985
vn -0.0486 -0.0151 0.9987
vn 0.0297 -0.1212 0.9922
vn 0.0336 -0.3408 -0.9395
vn -0.8438 0.3336 0.4204
vn -0.9747 0.1624 -0.1538
vn -0.9792 0.1557 -0.1298
vn -0.9605 0.1787 -0.2131
vn -0.4031 0.9151 0.0060
vn 0.0279 0.9996 -0.0037
vn 0.0169 0.9999 0.0014
vn 0.0203 0.9998 -0.0002
vn -0.6898 -0.6665 0.2828
vn -0.7511 0.3975 -0.5271
vn -0.8325 0.4049 -0.3783
vn -0.8226 0.4045 -0.3997
vn 0.7110 0.7015 -0.0489
vn 0.6759 0.7343 -0.0638
vn 0.7991 0.6011 -0.0070
vn 0.0293 0.0250 0.9993
vn -0.9514 0.3070 0.0237
vn -0.9902 0.1350 -0.0360
vn 0.4152 0.9068 -0.0729
vn 0.4063 0.9107 -0.0742
vn 0.5567 0.8292 -0.0501
vn -0.0079 -0.0324 0.9994
vn 0.0031 0.0422 0.9991
vn -0.0071 -0.0264 0.9996
vn -0.0013 1.0000 -0.0097
vn 0.0534 0.9985 0.0101
vn -0.6857 0.7279 0.0070
vn 0.0552 0.9984 0.0098
vn 0.1243 0.9922 -0.0000
vn -0.9347 0.3280 0.1367
vn -0.9614 -0.2753 -0.0014
vn -0.9748 -0.2229 -0.0000
vn -0.9798 -0.1997 0.0060
vn -0.0000 1.0000 0.0059
vn -0.7812 -0.6243 -0.0000
vn 0.4678 0.8836 -0.0221
vn -0.8343 0.4049 -0.3741
vn 0.8338 0.5520 0.0119
vn -0.9551 0.1839 -0.2323
vn 0.0652 0.9973 0.0345
vn -0.9185 -0.3952 -0.0135
vn 0.0401 0.9948 -0.0934
vn 0.0312 0.9761 -0.2152
vn 0.0094 0.9876 -0.1564
vn 0.9980 0.0294 -0.0559
vn -0.1436 0.1436 -0.9792
vn 0.9768 0.2122 -0.0298
vn -0.0145 0.9993 0.0346
vn 0.0132 0.4140 -0.9102
vn 0.0191 0.4062 -0.9136
vn 0.0260 0.3970 -0.9175
vn -0.0233 0.9992 -0.0336
vn 0.0334 -0.1244 -0.9917
vn 0.0173 -0.1810 -0.9833
vn 0.0401 -0.1003 -0.9942
vn 0.0031 -0.2303 -0.9731
vn 0.1110 -0.0144 -0.9937
vn 0.0096 -0.9999 -0.0075
vn 0.0155 -0.9998 -0.0092
vn -0.0707 0.9836 0.1662
vn 0.0077 0.9993 -0.0360
vn -0.0321 0.9994 0.0105
vn 0.0073 0.9999 -0.0152
vn -0.0697 0.9946 -0.0770
vn -0.9930 -0.1160 0.0242
vn 0.0696 -0.0229 0.9973
vn 0.9992 -0.0236 0.0316
vn 0.9651 0.2619 0.0043
vn 0.0183 0.0129 -0.9997
vn 0.5286 -0.1633 -0.8330
vn 0.0272 -0.9605 0.2769
vn -0.9940 0.0778 -0.0774
vn -0.9895 0.1330 -0.0565
vn 0.0330 0.9994 -0.0061
vn -0.4069 0.0200 -0.9133
vn -0.2905 0.0551 -0.9553
vn -0.2631 0.0563 -0.9631
vn -0.8301 0.5524 -0.0761
vn 0.0094 0.0765 -0.9970
vn -0.4470 0.8943 0.0219
vn -0.4556 0.8901 0.0132
vn -0.9376 0.3448 0.0451
vn -0.9597 0.2804 0.0168
vn -0.9699 0.2436 0.0008
vn -0.9858 0.1022 0.1335
vn -0.9404 0.3046 -0.1513
vn -0.9997 0.0239 0.0049
vn -1.0000 0.0060 -0.0010
vn -1.0000 -0.0010 0.0007
vn 0.0009 1.0000 -0.0041
vn -0.8098 -0.5865 0.0121
vn 0.1416 0.9660 0.2161
vn -0.0377 0.1921 0.9806
vn -0.3204 0.9296 -0.1822
vn 0.0390 0.9991 -0.0163
vn -0.0376 0.9993 0.0002
vn 0.0056 0.4240 -0.9056
vn -0.9162 -0.4005 -0.0141
vn 0.1060 -0.5484 -0.8295
vn -0.4085 0.9127 0.0061
vn -0.9258 0.3736 0.0579
vn -0.1284 0.9895 0.0669
vn 0.0180 0.9997 -0.0162
vn 0.0707 0.9962 -0.0502
vn 0.1811 0.9831 0.0261
vn 0.9505 0.0576 -0.3055
vn -0.9869 0.1612 -0.0065
vn -0.9999 -0.0104 -0.0028
vn -0.9989 -0.0433 -0.0190
vn -0.1395 0.9902 0.0109
vn 0.0988 0.9940 0.0476
vn -0.1191 0.9928 0.0142
vn 0.1128 0.9924 0.0496
vn -0.0210 0.8455 -0.5336
vn -0.0027 -0.0176 -0.9998
vn -0.0710 -0.9845 -0.1606
vn 0.3774 -0.0317 0.9255
vn 0.3673 -0.0354 0.9294
vn 0.2905 -0.1325 0.9477
vn -0.2506 0.9679 0.0192
vn -0.3043 0.9522 0.0275
vn -0.3006 0.9534 0.0270
vn 0.9587 0.0574 -0.2786
vn 0.0103 0.9999 0.0047
vn 0.0086 1.0000 0.0019
vn 0.0252 0.9995 0.0164
vn -0.6774 0.0450 -0.7342
vn -0.8860 0.3878 -0.2542
vn 0.9659 0.2587 0.0048
vn 0.6823 0.7264 0.0829
vn 0.0057 0.9987 -0.0514
vn -0.9564 0.0617 -0.2855
vn -0.0564 0.2582 -0.9644
vn -0.0938 0.3093 -0.9463
vn -0.0371 0.2316 -0.9721
vn 0.2768 -0.1430 0.9502
vn -0.9950 0.1000 -0.0079
vn -0.0276 0.2914 -0.9562
vn -0.0039 0.2729 -0.9620
vn -0.0118 0.2791 -0.9602
vn -0.0380 0.2995 -0.9533
vn -0.7784 0.6272 0.0265
vn -0.0048 -0.0684 -0.9976
vn 0.8632 0.0187 -0.5045
vn -0.0313 0.6879 -0.7251
vn -0.1522 0.1004 -0.9832
vn 0.0060 0.1714 -0.9852
vn 0.9557 -0.1374 -0.2603
vn 0.0972 0.9915 0.0868
vn 0.9876 0.1566 -0.0139
vn 0.9846 0.1747 -0.0065
vn 0.9888 0.1485 -0.0176
vn 0.0477 0.9834 0.1750
vn 0.0401 0.9948 -0.0933
vn 0.0205 0.9950 0.0977
vn 0.0428 0.6863 -0.7261
vn 0.2144 -0.2413 0.9465
vn -0.9942 0.0337 -0.1019
vn -0.8695 0.4423 -0.2198
vn -0.9654 0.2546 -0.0569
vn 0.0182 0.0130 -0.9997
vn -0.0090 0.6569 -0.7539
vn -0.2480 -0.9688 0.0021
vn 0.9949 0.0209 -0.0987
vn -0.0157 0.0957 0.9953
vn -0.3258 -0.0510 0.9441
vn 0.0835 0.9965 -0.0018
vn 0.0832 0.9965 -0.0012
vn -0.0031 0.9999 0.0133
vn 0.4152 0.9068 -0.0728
vn 0.5568 0.8291 -0.0501
vn 0.5636 0.8246 -0.0489
vn 0.9834 0.1812 -0.0063
vn 0.0329 0.9992 0.0207
vn 0.8454 -0.0993 -0.5248
vn -0.0848 -0.9937 0.0737
vn 0.0084 -0.9999 -0.0065
vn 0.0319 -0.9991 0.0280
vn 0.0085 1.0000 0.0018
vn 0.0023 0.0305 -0.9995
vn -0.0161 -0.9665 -0.2562
vn -0.0000 -0.9787 -0.2051
vn -0.0123 -0.9696 -0.2442
vn 0.0049 -0.9818 -0.1896
vn -0.0485 -0.0388 -0.9981
vn -0.4630 0.8079 0.3646
vn -0.8288 -0.1092 -0.5488
vn 0.1149 0.9924 0.0432
vn -0.6656 -0.1535 -0.7303
vn 0.1413 -0.0642 -0.9879
vn 0.9834 0.1812 -0.0064
vn 0.9832 0.1825 -0.0070
vn 0.0193 -0.9970 0.0744
vn 0.0205 -0.9998 -0.0000
vn -0.5790 -0.8119 -0.0746
vn 0.1216 0.9917 0.0419
vn 0.0011 0.9821 -0.1884
vn 0.0215 -0.9995 0.0250
vn 0.0187 -0.9998 0.0107
vn 0.0297 -0.9996 0.0036
vn 0.0293 -0.9996 -0.0045
vn 0.0085 -0.9999 -0.0064
vn 0.0350 -0.9981 0.0507
vn 0.0243 0.9993 0.0275
vn -0.0016 1.0000 0.0042
vn -0.0092 0.9999 -0.0109
vn -0.0943 0.9950 -0.0318
vn 0.9971 0.0760 -0.0032
vn 0.9970 0.0771 -0.0028
vn 0.9918 0.1268 -0.0151
vn 0.2569 0.5520 -0.7932
vn 0.3313 0.4712 -0.8174
vn 0.2441 0.5650 -0.7882
vn 0.0055 0.9814 0.1921
vn -0.0276 0.8081 -0.5884
vn -0.0249 0.8181 -0.5745
vn 0.0052 0.9097 -0.4153
vn -0.0248 0.8181 -0.5745
vn 0.0100 0.9215 -0.3883
vn 0.0052 0.9097 -0.4152
vn 0.6772 0.0394 -0.7348
vn 0.5601 0.0886 -0.8237
vn 0.5849 0.0788 -0.8072
vn 0.0017 -0.8876 -0.4606
vn 0.0215 -0.9995 0.0251
vn -0.0942 0.9950 -0.0318
vn -0.0213 0.9995 -0.0248
vn -0.0032 0.9999 0.0133
vn 0.0831 0.9965 -0.0011
vn 0.0799 0.9968 0.0090
vn 0.2776 0.0038 -0.9607
vn 0.1711 0.6331 -0.7549
vn -0.1191 0.9924 -0.0292
vn 0.7025 0.7115 -0.0179
vn 0.3534 0.9106 -0.2143
vn -0.2423 0.1331 -0.9610
vn 0.1328 0.9805 0.1451
vn -0.9570 0.1423 -0.2528
vn -0.1520 -0.4360 -0.8870
vn -0.9982 0.0594 -0.0092
vn -0.0158 0.0584 -0.9982
vn -0.0290 0.0222 -0.9993
vn -0.0287 0.0191 -0.9994
vn -0.4479 0.8715 -0.1996
vn -0.0228 0.0166 -0.9996
vn -0.0148 0.0118 -0.9998
vn -0.0058 0.0058 -1.0000
vn -0.9476 0.0418 -0.3167
vn 0.1800 0.9837 0.0011
vn -0.9942 0.0956 -0.0490
vn -0.9031 0.0195 -0.4290
vn -0.9998 0.0159 -0.0129
vn -0.0026 0.1738 -0.9848
vn 0.0284 0.1289 -0.9912
vn 0.0267 0.1313 -0.9910
vn 0.4544 -0.0950 -0.8857
vn -0.9731 0.2289 -0.0264
vn -0.9993 -0.0355 -0.0067
vn -0.9965 0.0739 -0.0382
vn -0.9980 0.0540 -0.0318
vn -0.1509 0.9876 -0.0422
vn -0.2714 -0.0703 -0.9599
vn -0.2677 -0.0670 -0.9612
vn -0.2895 -0.0869 -0.9532
vn -0.9997 -0.0131 0.0193
vn 0.0442 0.9858 -0.1621
vn 0.0083 0.9999 0.0089
vn -0.0034 1.0000 0.0010
vn -0.0220 0.9997 -0.0114
vn -0.1510 0.9876 -0.0422
vn -0.1601 0.9861 -0.0439
vn 0.0479 0.9794 -0.1960
vn 0.0079 0.0206 -0.9998
vn 0.0486 0.9893 -0.1373
vn -0.0811 0.2407 -0.9672
vn -0.0252 0.0268 -0.9993
vn -0.0400 0.1668 -0.9852
vn -0.0448 0.7367 -0.6748
vn -0.1146 0.8466 0.5197
vn -0.0896 0.8340 0.5445
vn -0.1059 0.8424 0.5283
vn 0.0010 0.9447 0.3279
vn 0.0383 0.2143 -0.9760
vn 0.0020 -1.0000 0.0040
vn -0.9869 0.1608 -0.0158
vn -0.9997 0.0240 0.0049
vn -0.9937 0.1122 0.0024
vn -0.9997 -0.0130 0.0193
vn -0.2456 0.9692 0.0184
vn 0.0153 -0.0151 0.9998
vn -0.2935 -0.0904 -0.9517
vn -0.0037 -0.0537 0.9985
vn 0.7091 0.0245 -0.7047
vn 0.0844 0.0514 -0.9951
vn -0.0015 0.1569 -0.9876
vn -0.0045 0.9984 0.0555
vn -0.0101 0.9994 0.0344
vn -0.0087 0.9992 0.0397
vn -0.9988 0.0456 -0.0179
vn -0.9947 0.0228 -0.1001
vn -0.9980 0.0496 -0.0404
vn -0.1289 0.8534 0.5051
vn 0.0064 0.1608 0.9870
vn 0.0085 0.1564 0.9877
vn -0.0144 0.1111 0.9937
vn -0.0127 0.0138 -0.9998
vn -0.0045 -0.8279 0.5609
vn -0.9207 0.3889 -0.0328
vn 0.0762 0.9682 -0.2385
vn -0.0087 0.9018 -0.4320
vn -0.0094 0.9046 -0.4261
vn 0.0130 0.7948 -0.6068
vn 0.1482 0.3652 -0.9190
vn 0.0060 -0.0252 0.9997
vn 0.0081 -0.0172 0.9998
vn 0.0030 -0.0304 0.9995
vn -0.0328 -0.9384 0.3440
vn -0.0077 -0.8857 0.4641
vn -0.0036 -0.8758 0.4826
vn -0.5002 -0.8650 0.0402
vn -0.1187 0.9929 -0.0114
vn -0.0388 -0.9570 -0.2874
vn -0.0303 -0.9648 -0.2612
vn -0.0772 -0.9115 -0.4040
vn 0.0555 0.0892 -0.9945
vn -0.0124 0.9999 0.0047
vn 0.0214 -0.5977 -0.8015
vn 0.0043 -1.0000 -0.0067
vn -0.1364 0.5332 -0.8349
vn 0.9913 0.1001 0.0853
vn 0.9867 0.0678 0.1481
vn 0.9733 0.0256 0.2281
vn 0.9627 0.0028 0.2704
vn -0.8201 0.1037 0.5628
vn -0.6533 0.0173 0.7569
vn -0.9839 0.1778 0.0149
vn -0.0193 -0.9998 0.0091
vn -0.5643 0.0213 -0.8253
vn -0.3373 -0.0742 -0.9385
vn 0.2556 0.0633 -0.9647
vn -0.9869 0.1607 -0.0158
vn -0.9954 0.0920 -0.0264
vn -0.9929 0.1181 -0.0105
vn -0.9991 0.0392 -0.0138
vn -0.1460 -0.9893 0.0029
vn -0.1415 -0.9899 0.0036
vn -0.0996 -0.9950 0.0097
vn 0.0143 0.7875 -0.6161
vn -0.0101 -0.9979 -0.0645
vn 0.0167 -0.0227 0.9996
vn 0.0032 0.4859 -0.8740
vn -0.9951 -0.0726 0.0666
vn -0.9964 -0.0684 0.0497
vn -0.9994 -0.0358 -0.0043
vn -0.9742 -0.1269 0.1866
vn -0.5952 0.0340 0.8028
vn -0.5456 0.0776 0.8344
vn -0.4504 0.1540 0.8795
vn -0.2716 0.9617 -0.0369
vn -0.1452 0.9893 0.0170
vn -0.2581 0.9661 -0.0005
vn -0.2605 -0.9655 0.0023
vn -0.1988 -0.9800 -0.0065
vn -0.2544 -0.9671 0.0014
vn 0.0092 0.9180 -0.3965
vn -0.9998 -0.0193 0.0031
vn -0.9999 0.0076 0.0085
vn -0.9999 -0.0110 0.0048
vn 0.0265 0.9994 0.0211
vn -0.0017 0.0552 -0.9985
vn 0.0150 0.0242 -0.9996
vn 0.0206 0.0116 -0.9997
vn 0.0133 -0.9977 -0.0667
vn -0.0045 0.9984 0.0556
vn -0.0034 0.9982 0.0598
vn -0.0376 -0.9466 0.3201
vn -0.0007 0.9963 -0.0858
vn -0.2543 -0.9671 0.0014
vn -0.1927 -0.9812 -0.0074
vn -0.0353 0.0115 -0.9993
vn 0.0037 0.9570 0.2899
vn -0.0845 -0.9008 -0.4259
vn 0.0030 -0.0305 0.9995
vn -0.0020 -0.0613 0.9981
vn -0.1800 -0.2960 -0.9381
vn -0.9828 0.1843 0.0144
vn -0.2761 0.9611 -0.0043
vn 0.0243 0.5841 -0.8113
vn 0.0716 -0.3208 0.9444
vn 0.0760 -0.3388 0.9378
vn 0.0853 -0.3770 0.9223
vn 0.3096 0.4701 0.8265
vn 0.3100 0.4725 0.8250
vn 0.3082 0.4615 0.8319
vn -0.0090 0.3783 0.9256
vn 0.0499 0.9987 0.0106
vn 0.0812 0.9963 0.0285
vn 0.0222 0.9997 -0.0051
vn -0.9917 0.1283 0.0014
vn -0.9897 0.1424 0.0170
vn -0.9863 0.1616 -0.0317
vn -0.9674 0.2252 0.1161
vn -0.0002 0.0469 -0.9989
vn 0.8113 0.1952 -0.5511
vn 0.9966 0.0132 -0.0813
vn -0.1066 0.7888 -0.6053
vn 0.8429 -0.5380 0.0104
vn -0.0049 -0.0848 0.9964
vn 0.9764 -0.0731 0.2033
vn 0.9754 -0.1472 0.1642
vn 0.9764 -0.1249 0.1761
vn 0.9754 -0.1473 0.1642
vn 0.9543 -0.2862 0.0864
vn 0.9764 -0.1250 0.1761
vn 0.8645 0.1484 -0.4802
vn 0.9820 -0.0871 0.1678
vn -0.3177 0.0518 0.9468
vn -0.8268 0.0230 -0.5620
vn -0.9613 0.0582 -0.2694
vn -0.9701 -0.0170 0.2421
vn -0.9995 0.0295 -0.0076
vn -0.2337 -0.9723 -0.0036
vn -0.2086 -0.9780 -0.0002
vn -0.2113 -0.9774 -0.0005
vn -0.9406 -0.3395 0.0006
vn -0.2968 0.9534 -0.0535
vn -0.9360 0.3402 -0.0903
vn -0.9668 0.2551 -0.0133
vn -0.9681 0.2501 -0.0138
vn -0.0458 0.0020 -0.9989
vn -0.0195 -0.9983 -0.0556
vn -0.0218 -0.9995 -0.0242
vn -0.0218 -0.9995 -0.0241
vn -0.0257 -0.9995 -0.0169
vn 0.0939 -0.4125 0.9061
vn -0.4108 0.1833 0.8931
vn -0.0026 0.9998 -0.0192
vn -0.9419 0.2951 0.1603
vn -0.9996 0.0263 0.0123
vn -0.0261 -0.0997 0.9947
vn -0.1204 -0.0294 0.9923
vn -0.0936 -0.0495 0.9944
vn -0.1687 0.0072 0.9856
vn 0.0202 -0.7944 -0.6071
vn 0.0984 0.1079 0.9893
vn 0.0778 0.1188 0.9899
vn 0.1567 0.0764 0.9847
vn 0.1593 0.6331 -0.7575
vn -0.2834 0.8710 -0.4012
vn -0.2542 -0.9059 -0.3388
vn -0.9186 0.0286 -0.3941
vn -0.9171 0.0296 -0.3976
vn -0.9181 0.0289 -0.3953
vn 0.1744 0.0667 0.9824
vn -0.9157 0.0304 -0.4006
vn -0.0200 -0.9997 -0.0141
vn 0.3112 0.4802 0.8201
vn 0.3138 -0.9494 -0.0121
vn 0.8936 0.0615 -0.4446
vn 0.9240 0.0294 -0.3813
vn 0.8799 0.0744 -0.4694
vn -0.0271 0.1096 0.9936
vn -0.2037 0.9790 0.0126
vn -0.3569 0.9319 0.0648
vn -0.1778 0.9841 0.0039
vn 0.0044 -0.8569 -0.5155
vn 0.1168 0.2544 0.9600
vn 0.9727 -0.0099 0.2317
vn -0.0029 0.0580 -0.9983
vn 0.0089 0.9685 0.2488
vn 0.0021 0.9985 0.0550
vn 0.7426 -0.1167 -0.6595
vn 0.8724 -0.1505 0.4650
vn -0.0070 1.0000 0.0034
vn -0.0058 1.0000 0.0043
vn -0.0072 1.0000 0.0022
vn -0.2619 0.9647 -0.0278
vn -0.1250 0.9922 0.0003
vn -0.2422 0.9699 -0.0238
vn -0.0268 0.4314 -0.9018
vn -0.9955 0.0941 0.0149
vn -0.9962 0.0788 0.0381
vn 0.9982 -0.0590 0.0054
vn -0.2001 -0.3805 0.9029
vn 0.9363 0.0144 -0.3510
vn 0.9240 0.0294 -0.3812
vn -0.3844 0.0036 -0.9232
vn -0.4271 -0.0020 -0.9042
vn -0.4469 -0.0047 -0.8946
vn -0.9920 -0.0458 -0.1173
vn -0.0111 0.5676 0.8232
vn -0.0958 -0.9953 0.0103
vn -0.9628 -0.0853 0.2565
vn -0.9263 0.0310 0.3755
vn -0.9671 -0.0710 0.2445
vn -0.9917 0.1284 0.0014
vn -0.9890 0.1367 0.0567
vn -0.9861 0.1633 0.0295
vn -0.9662 0.0542 -0.2520
vn -0.0917 0.8349 -0.5427
vn 0.7288 -0.2777 -0.6259
vn -0.0144 -0.9998 -0.0105
vn -0.9442 0.3291 0.0095
vn -0.9380 0.3446 0.0373
vn -0.9425 0.3337 0.0177
vn 0.0593 0.8441 0.5329
vn -0.9437 0.3261 -0.0552
vn -0.4224 0.9002 -0.1059
vn 0.0159 -0.9998 -0.0111
vn -0.9474 0.3199 -0.0067
vn 0.7187 -0.5722 0.3949
vn 0.6818 -0.6464 0.3425
vn 0.7371 -0.5263 0.4239
vn 0.6455 -0.7042 0.2956
vn -0.9786 -0.2046 0.0197
vn -0.9994 0.0332 -0.0079
vn -0.0365 0.9993 0.0011
vn -0.0679 0.9977 -0.0033
vn -0.0695 0.9976 -0.0034
vn -0.1103 0.9939 0.0033
vn -0.2723 -0.9621 -0.0150
vn -0.2675 -0.9634 -0.0143
vn -0.2167 -0.9762 -0.0072
vn -0.7198 -0.6941 0.0078
vn -0.9671 -0.0711 0.2444
vn -0.9681 -0.2303 0.0983
vn -0.8308 -0.4717 0.2954
vn -0.6304 0.5498 -0.5480
vn -0.2359 -0.9718 -0.0039
vn -0.9667 -0.2556 0.0127
vn -0.1356 0.9908 0.0026
vn -0.1249 0.9922 0.0047
vn -0.1983 0.9801 -0.0100
vn 0.9618 0.0437 -0.2703
vn 0.5374 0.8409 -0.0642
vn -0.6692 -0.7431 0.0084
vn -0.1586 0.9871 0.0231
vn 0.0017 -1.0000 0.0021
vn -0.0259 -0.9997 0.0007
vn -0.5160 0.2561 -0.8174
vn 0.7121 0.6897 0.1312
vn 0.7191 0.6906 0.0776
vn 0.7177 0.6906 0.0895
vn -0.9996 0.0277 0.0013
vn -0.2079 0.9781 -0.0120
vn -0.0761 -0.0392 -0.9963
vn -0.3688 0.0056 -0.9295
vn -0.3843 0.0036 -0.9232
vn 0.0062 -0.9999 0.0107
vn -0.0401 -0.9991 -0.0102
vn -0.6158 -0.0750 0.7843
vn 0.9979 -0.0650 0.0061
vn -0.4152 0.8941 -0.1677
vn -0.9840 0.1778 0.0149
vn -0.3034 -0.2951 0.9060
vn -0.9440 -0.1225 -0.3064
vn -0.0062 1.0000 0.0033
vn 0.4107 0.9117 -0.0071
vn -0.2184 0.0952 -0.9712
vn 0.9978 0.0650 -0.0158
vn 0.9762 0.0105 -0.2165
vn 0.9972 -0.0033 -0.0741
vn -0.0340 -0.9994 -0.0024
vn 0.0465 -0.9989 -0.0102
vn -0.8342 -0.5512 0.0191
vn -0.9956 -0.0886 -0.0317
vn -0.3549 -0.0425 -0.9340
vn -0.0364 -0.9993 -0.0023
vn -0.9934 0.1148 -0.0010
vn -0.9932 0.1164 -0.0011
vn -0.9637 0.2667 -0.0088
vn -0.1183 0.9924 -0.0331
vn -0.1827 0.9824 -0.0387
vn -0.0011 0.9997 -0.0226
vn 0.0480 0.9728 0.2267
vn 0.0096 0.0137 0.9999
vn -0.3569 0.9319 0.0649
vn -0.2038 0.9789 0.0126
vn -0.3989 0.9135 0.0795
vn -0.1568 -0.9876 -0.0034
vn -0.1930 -0.9812 -0.0023
vn -0.2820 -0.9587 -0.0364
vn -0.0128 0.0668 -0.9977
vn -0.9590 -0.2767 0.0610
vn -0.9628 -0.0854 0.2564
vn 0.0119 0.9999 -0.0104
vn 0.0205 0.9994 -0.0269
vn 0.0127 0.9999 -0.0043
vn 0.1546 0.9862 0.0593
vn -0.7083 0.0409 0.7048
vn -0.8371 0.4983 -0.2259
vn 0.9973 -0.0036 -0.0729
vn -0.8296 0.5539 -0.0703
vn -0.2382 0.9710 0.0186
vn -0.9962 0.0789 0.0381
vn -0.9954 0.0941 0.0150
vn -0.9591 0.2078 0.1921
vn -0.2104 -0.9776 -0.0063
vn -0.2675 -0.9635 -0.0143
vn -0.0202 0.0757 -0.9969
vn 0.9993 0.0227 -0.0289
vn -0.9959 -0.0896 -0.0098
vn 0.7225 0.6901 0.0423
vn -0.9822 -0.1872 -0.0161
vn -0.3620 -0.9313 0.0412
vn -0.1931 -0.9812 -0.0023
vn -0.3047 -0.9515 -0.0424
vn -0.0974 0.0126 -0.9952
vn 0.8174 -0.0766 0.5709
vn -0.9975 0.0684 0.0160
vn -0.9929 0.0880 -0.0800
vn -0.9972 0.0695 0.0269
vn 0.0139 -0.3346 -0.9422
vn -0.0054 -0.0056 1.0000
vn -0.0340 -0.0322 0.9989
vn -0.1184 -0.0340 0.9924
vn -0.0798 -0.1270 -0.9887
vn -0.1030 -0.1261 -0.9867
vn -0.0104 -0.1368 -0.9905
vn -0.9291 0.3347 -0.1574
vn -0.9319 0.3475 -0.1042
vn -0.9318 0.3467 -0.1079
vn -0.8154 0.3689 0.4462
vn -0.3469 0.8663 0.3594
vn -0.8991 0.3539 0.2576
vn -0.0322 -0.9995 0.0010
vn -0.9549 0.0171 -0.2963
vn 0.5774 -0.8165 -0.0032
vn -0.9764 -0.2093 -0.0533
vn -0.9995 0.0325 -0.0039
vn -0.8187 0.5030 0.2770
vn -0.0219 0.2149 0.9764
vn 0.9937 0.1121 0.0022
vn 0.6793 0.7337 0.0119
vn 0.6870 0.7265 0.0133
vn 0.5910 0.8067 -0.0036
vn -0.2667 0.9632 -0.0330
vn -0.0048 1.0000 -0.0023
vn -0.0236 -0.1458 -0.9890
vn -0.0797 -0.1270 -0.9887
vn -0.0103 -0.1368 -0.9905
vn -0.1312 0.9914 0.0026
vn -0.1254 0.9921 0.0024
vn -0.1212 0.9926 0.0006
vn 0.0006 0.0015 -1.0000
vn -0.0103 0.0006 -0.9999
vn -0.0045 0.0009 -1.0000
vn -0.0009 -0.9852 -0.1713
vn -0.0515 -0.9978 -0.0420
vn -0.0181 -0.9997 0.0171
vn 0.6868 -0.1017 -0.7197
vn 0.8654 -0.0631 -0.4972
vn -0.3499 0.5095 0.7861
vn -0.5664 -0.8057 0.1733
vn -0.5905 -0.7937 0.1457
vn -0.5819 -0.7982 0.1557
vn -0.9984 0.0547 0.0122
vn 0.0040 0.0250 0.9997
vn -0.1930 0.9811 0.0136
vn -0.1255 0.9921 0.0024
vn 0.0164 0.2099 -0.9776
vn 0.2460 0.6227 -0.7428
vn -0.0154 -0.0005 -0.9999
vn 0.0449 -0.9990 0.0079
vn 0.9802 -0.1311 -0.1487
vn -0.0784 0.0125 0.9968
vn -0.1310 0.0319 0.9909
vn -0.1531 0.0400 0.9874
vn 0.0136 0.0231 0.9996
vn -0.2013 0.9794 0.0149
vn -0.9673 -0.2499 -0.0427
vn -0.9996 -0.0175 -0.0242
vn -0.9697 -0.2405 -0.0420
vn 0.0010 1.0000 -0.0003
vn -0.9993 -0.0340 -0.0126
vn -0.9983 -0.0513 -0.0273
vn -0.0017 -1.0000 -0.0020
vn 0.1966 -0.9805 0.0005
vn 0.1454 -0.9894 -0.0006
vn -0.8874 0.0185 0.4606
vn 0.7941 0.0826 -0.6022
vn -0.9632 -0.2669 0.0316
vn -0.0178 0.9998 -0.0043
vn -0.9164 0.3688 -0.1555
vn -0.8468 0.4170 -0.3302
vn 0.9874 0.1583 -0.0023
vn 0.9878 0.1554 0.0052
vn 0.9874 0.1580 -0.0023
vn -0.8373 0.4224 0.3473
vn -0.8704 0.4321 -0.2358
vn -0.9317 0.3487 0.1016
vn -0.0354 -0.9994 0.0031
vn -0.9941 -0.1008 0.0404
vn -0.9973 -0.0364 0.0641
vn -0.9971 -0.0051 0.0755
vn -0.5569 -0.8100 0.1839
vn -0.0040 1.0000 0.0023
vn -0.9985 0.0508 0.0184
vn -0.0582 -0.9983 0.0096
vn -0.1366 -0.9906 -0.0097
vn -0.0540 -0.9985 0.0100
vn 0.2108 -0.4580 0.8636
vn 0.0224 0.6283 0.7777
vn 0.0305 -0.3041 -0.9522
vn -0.8872 0.2841 0.3634
vn 0.3253 -0.0447 -0.9446
vn 0.3318 0.8482 0.4128
vn -0.5166 -0.3321 0.7892
vn -0.0498 0.9765 0.2097
vn -0.0496 0.9770 0.2075
vn -0.0502 0.9758 0.2130
vn -0.2536 0.9038 -0.3448
vn -0.2903 0.8632 -0.4130
vn -0.2649 0.8923 -0.3657
vn 0.7965 0.5104 -0.3240
vn -0.7011 0.0189 0.7128
vn -0.6974 0.0333 0.7159
vn -0.7005 0.0292 0.7130
vn -0.0491 0.9779 0.2034
vn -0.7114 0.0107 0.7027
vn -0.9949 0.0846 0.0542
vn -0.9933 0.1012 0.0548
vn -0.9954 0.0787 0.0540
vn 0.3090 0.9505 -0.0311
vn -0.6543 0.7460 -0.1243
vn -0.9440 0.3105 -0.1118
vn 0.1679 -0.0582 0.9841
vn 0.1699 -0.1962 0.9657
vn 0.1652 -0.0910 0.9821
vn -0.2649 0.8923 -0.3656
vn -0.2279 0.9271 -0.2976
vn 0.0707 0.5168 -0.8532
vn 0.0616 0.5894 -0.8055
vn 0.0702 0.5213 -0.8505
vn 0.4317 0.2184 0.8752
vn 0.9635 0.2601 0.0627
vn 0.9763 0.1398 0.1655
vn 0.9734 0.1966 0.1178
vn 0.0707 0.5167 -0.8532
vn 0.0744 0.4849 -0.8714
vn 0.9763 0.1397 0.1656
vn 0.9725 0.0700 0.2220
vn 0.9734 0.1965 0.1179
vn 0.6972 -0.0340 -0.7161
vn 0.6918 -0.0901 -0.7165
vn 0.6927 -0.0452 -0.7198
vn -0.4622 -0.1968 -0.8646
vn -0.7571 0.0023 0.6533
vn -0.7634 -0.0044 0.6459
vn -0.9119 -0.0453 -0.4079
vn -0.9130 0.0010 -0.4079
vn -0.9129 0.0212 -0.4077
vn 0.7309 0.6693 0.1336
vn -0.4585 0.0644 -0.8864
vn -0.9954 0.0786 0.0540
vn -0.9963 0.0667 0.0536
vn -0.8659 -0.2016 0.4577
vn -0.6501 -0.3210 -0.6887
vn -0.9096 0.0912 -0.4054
vn 0.1423 -0.0348 0.9892
vn 0.9378 -0.0353 0.3454
vn 0.9144 -0.0188 0.4043
vn 0.9047 -0.0126 0.4259
vn -0.7637 0.0276 0.6450
vn -0.0149 -0.9997 0.0199
vn -0.1448 -0.0138 -0.9894
vn -0.1445 -0.0503 -0.9882
vn -0.1448 -0.0168 -0.9893
vn 0.0948 -0.0939 0.9911
vn -0.0136 -0.9997 0.0213
vn 0.7085 0.0490 -0.7040
vn 0.9994 0.0285 0.0213
vn 0.0050 -0.2280 0.9736
vn 0.0799 -0.1359 0.9875
vn -0.1449 0.0308 -0.9890
vn 0.7074 0.0015 -0.7068
vn 0.6972 -0.0339 -0.7160
vn 0.4293 -0.2720 -0.8612
vn 0.9436 -0.0398 0.3286
vn 0.9581 -0.2827 0.0453
vn 0.6862 -0.0552 -0.7253
vn 0.6971 0.0465 -0.7154
vn 0.6971 0.0466 -0.7154
vn 0.9656 0.0524 0.2545
vn -0.3947 -0.9175 0.0483
vn 0.0242 -0.0618 0.9978
vn -0.4122 0.8618 0.2957
vn -0.0109 0.0006 -0.9999
vn -0.9908 -0.1321 0.0288
vn 0.0379 0.9992 0.0122
vn 0.1295 -0.9774 0.1671
vn 0.2261 0.9559 0.1877
vn -0.9997 -0.0087 -0.0235
vn -0.3430 -0.0818 -0.9358
vn -0.0628 0.4039 -0.9127
vn -0.9224 -0.3859 0.0144
vn -0.9315 -0.3637 0.0026
vn -0.9515 -0.3064 -0.0272
vn -0.9631 0.2690 -0.0089
vn -0.2062 0.0597 0.9767
vn -0.9318 0.3467 -0.1080
vn -0.9279 0.3311 -0.1715
vn -0.9291 0.3347 -0.1575
vn -0.0186 0.3995 0.9165
vn -0.6839 0.3822 0.6214
vn 0.1536 0.9881 0.0031
vn 0.0474 -0.0645 0.9968
vn -0.8644 0.5027 -0.0088
vn -0.8681 0.4962 -0.0129
vn -0.8602 0.5100 -0.0041
vn -0.0355 -0.9990 -0.0273
vn -0.0018 -1.0000 -0.0019
vn 0.9817 0.1642 -0.0966
vn -0.9975 0.0683 0.0160
vn -0.9972 0.0695 0.0270
vn -0.9942 0.0947 0.0501
vn -0.2034 -0.9791 0.0058
vn -0.1119 -0.9935 0.0206
vn -0.1273 -0.9917 0.0168
vn -0.0715 0.5209 -0.8506
vn -0.0712 0.5206 -0.8508
vn -0.0721 0.5218 -0.8500
vn -0.9427 -0.2717 0.1938
vn 0.0085 0.9997 -0.0217
vn -1.0000 -0.0012 0.0026
vn -1.0000 -0.0017 0.0007
vn -1.0000 -0.0016 0.0011
vn -0.0762 -0.9971 0.0012
vn -0.9043 0.0521 -0.4237
vn 0.7731 -0.0702 0.6304
vn 0.5875 0.8092 -0.0041
vn -0.9977 0.0499 0.0451
vn -0.8564 0.5164 -0.0000
vn -0.8644 0.5028 -0.0087
vn -0.0026 -0.9996 -0.0298
vn -0.0174 -0.9997 -0.0178
vn 0.0034 -1.0000 0.0088
vn -0.9977 0.0340 -0.0589
vn -0.9928 0.1192 -0.0087
vn -0.9990 0.0348 -0.0283
vn -0.1752 0.9842 0.0261
vn -0.0002 -0.0039 1.0000
vn -1.0000 -0.0011 0.0030
vn -0.9562 -0.2905 -0.0353
vn -0.9942 0.0948 0.0501
vn -0.3500 -0.9357 0.0443
vn -0.3179 -0.9475 0.0352
vn -0.1351 0.9908 -0.0000
vn -0.1497 0.9887 0.0086
vn -0.1462 0.9892 0.0078
vn -0.0715 0.5210 -0.8506
vn -0.0720 0.5217 -0.8501
vn -0.0723 0.5221 -0.8498
vn -0.1484 0.1753 -0.9733
vn -0.1569 0.1270 -0.9794
vn -0.1699 0.1645 -0.9716
vn -0.0174 -0.9356 -0.3526
vn -0.8248 0.3068 -0.4749
vn -0.5813 0.6778 0.4501
vn 0.9835 -0.0955 0.1536
vn -0.0722 -0.1692 -0.9829
vn -0.1889 0.2359 0.9532
vn -0.1569 0.1269 -0.9794
vn -0.0394 0.0037 -0.9992
vn 0.9878 0.1554 0.0054
vn 0.9874 0.1585 -0.0023
vn 0.9914 0.1276 0.0279
vn 0.0354 0.0345 0.9988
vn 0.0160 0.0016 0.9999
vn -0.0781 -0.9969 -0.0059
vn -0.9956 -0.0921 0.0173
vn -0.9747 0.1910 0.1165
vn -0.0261 -0.9997 0.0037
vn -0.1143 -0.1851 -0.9761
vn -0.0723 -0.1693 -0.9829
vn -0.9977 0.0498 0.0450
vn 0.0859 0.0484 0.9951
vn -0.1824 0.9831 -0.0180
vn -0.2006 0.9794 -0.0245
vn -0.9254 0.0219 0.3785
vn -0.9872 0.1592 -0.0003
vn -0.9876 0.1567 -0.0014
vn -0.9866 0.1632 0.0025
vn -0.0097 0.9999 0.0099
vn -0.5098 0.8603 -0.0087
vn -0.1095 0.0189 -0.9938
vn -0.0994 0.0146 -0.9949
vn -0.0314 -0.9991 -0.0294
vn -0.0534 -0.9984 -0.0160
vn -0.7924 0.0161 -0.6098
vn -0.7987 0.0140 -0.6015
vn -0.7453 0.0311 -0.6660
vn 0.6223 0.7814 -0.0458
vn 0.6138 0.7894 0.0019
vn 0.6299 0.7704 -0.0982
vn 0.0924 0.0504 0.9944
vn -0.1068 0.0695 0.9918
vn 0.4281 0.1322 0.8940
vn -0.0482 -0.9988 -0.0006
vn -0.0262 -0.9996 0.0036
vn -0.7290 0.0360 -0.6836
vn -0.9837 0.1795 0.0047
vn -0.8399 -0.5421 -0.0257
vn -0.8552 -0.5181 -0.0118
vn -0.8106 -0.5835 -0.0503
vn 0.6415 0.7269 -0.2451
vn -0.5885 -0.6791 0.4387
vn -0.7970 -0.6008 -0.0609
vn -0.0626 -0.9979 0.0158
vn -0.0441 -0.9989 0.0131
vn -0.0420 -0.9990 0.0128
vn -0.9908 0.1327 0.0280
vn -0.9938 0.1039 0.0395
vn -0.9931 0.1111 0.0366
vn -0.4631 -0.0493 0.8849
vn -0.9960 -0.0752 0.0490
vn -0.9886 -0.1494 0.0182
vn -0.9960 0.0182 0.0870
vn -0.9991 0.0414 -0.0120
vn -0.9965 0.0835 0.0001
vn -0.9987 0.0497 -0.0096
vn -0.9957 0.0928 0.0028
vn -0.9315 -0.3637 -0.0014
vn -0.9073 -0.4184 -0.0410
vn -0.9626 -0.2703 0.0198
vn -0.9900 0.1066 -0.0922
vn -0.9836 0.1801 0.0048
vn 0.9798 -0.1328 -0.1495
vn -0.9098 -0.3983 -0.1166
vn -0.4849 0.3832 -0.7861
vn -0.2808 0.2281 0.9323
vn -0.9316 -0.3636 -0.0014
vn -0.9626 -0.2702 0.0198
vn -0.9726 -0.2324 0.0109
vn -0.2938 0.0539 -0.9544
vn -0.0205 -0.9963 -0.0833
vn 0.2139 0.9575 -0.1936
vn 0.5735 0.8192 0.0088
vn 0.5419 0.8402 0.0190
vn 0.6105 0.7918 0.0153
vn 0.6139 0.7892 0.0160
vn -0.2285 0.9735 0.0061
vn 0.2202 0.3221 -0.9207
vn -0.1293 0.0904 0.9875
vn -0.1884 0.0204 0.9819
vn -0.1866 0.0422 0.9815
vn -0.0643 -0.9978 0.0160
vn -0.0721 -0.9926 -0.0981
vn 0.9892 -0.1048 -0.1022
vn -0.9092 0.0023 -0.4163
vn -0.8450 0.0720 -0.5299
vn -0.8922 0.0231 -0.4511
vn 0.1906 -0.0604 0.9798
vn -0.7734 0.0856 -0.6282
vn 0.6021 -0.1484 -0.7845
vn -0.6198 -0.0211 -0.7845
vn -0.9722 -0.2340 -0.0040
vn -0.9930 -0.1176 0.0111
vn -0.9801 -0.1978 0.0166
vn -0.9700 -0.0954 -0.2235
vn -0.0276 -0.9916 -0.1260
vn -0.9884 0.1505 0.0210
vn 0.5984 0.5506 0.5820
vn -0.2123 0.7827 0.5851
vn 0.8809 0.4662 -0.0818
vn 0.9950 -0.0688 0.0724
vn -0.9905 0.0800 0.1117
vn 0.0004 -0.9987 -0.0502
vn -0.8205 0.0941 -0.5639
vn 0.2228 -0.9721 -0.0739
vn -0.8975 -0.4399 -0.0313
vn -0.9249 -0.3765 -0.0538
vn -0.8861 -0.4629 -0.0229
vn 0.5493 0.8356 0.0050
vn 0.5734 0.8192 0.0088
vn 0.5385 0.8424 0.0202
vn 0.8816 -0.0797 0.4653
vn -0.9565 -0.2912 0.0176
vn -0.9144 0.3567 -0.1912
vn -0.9402 0.3260 -0.0985
vn -0.9142 0.3568 -0.1922
vn -0.8807 0.3951 -0.2615
vn -0.9999 0.0117 0.0011
vn -1.0000 0.0047 0.0035
vn -1.0000 0.0061 0.0030
vn -0.9302 0.3142 -0.1896
vn -0.4919 -0.0174 -0.8705
vn -0.9280 -0.3681 -0.0567
vn 0.5177 -0.2241 0.8257
vn 0.9692 0.2415 0.0477
vn 0.2416 -0.0016 0.9704
vn -0.1884 0.0749 0.9792
vn -0.9999 0.0136 0.0004
vn -0.5860 0.2699 -0.7640
vn -0.7919 0.3964 -0.4645
vn -0.9719 -0.2353 -0.0101
vn -0.9714 -0.2374 -0.0111
vn -0.4021 0.1290 0.9065
vn -0.4008 0.1284 0.9071
vn -0.4309 0.1427 0.8910
vn 0.0019 -0.9994 -0.0335
vn -0.9396 -0.3422 -0.0030
vn -0.9404 -0.3401 -0.0034
vn -0.9411 -0.3381 -0.0037
vn -0.8274 -0.2049 -0.5230
vn 0.3409 0.8667 0.3641
vn -0.1097 -0.2921 0.9501
vn 0.4727 -0.5665 0.6750
vn -0.9675 -0.2232 0.1184
vn -0.1330 0.1497 0.9797
vn -0.1515 0.1411 0.9783
vn -0.1855 0.1283 0.9742
vn -0.9381 0.3442 -0.0381
vn -0.9449 0.3273 0.0062
vn -0.9397 0.3408 -0.0270
vn -0.4373 0.1458 0.8874
vn -0.9797 -0.1278 -0.1545
vn -0.9414 -0.3374 -0.0039
vn -0.9411 -0.3380 -0.0038
vn -0.0195 -0.9777 -0.2091
vn -0.0040 -0.5456 -0.8380
vn -0.0459 -0.5874 -0.8080
vn -0.0410 -0.5826 -0.8117
vn -0.9996 0.0177 -0.0201
vn -0.8703 -0.4923 0.0180
vn -0.9735 0.0947 0.2080
vn -0.9714 0.0024 0.2375
vn -0.9730 0.0304 0.2288
vn -0.9976 -0.0585 -0.0364
vn 0.0582 -0.2848 -0.9568
vn -0.0052 0.9999 -0.0108
vn -0.7194 -0.6934 0.0396
vn 0.0454 -0.9973 -0.0569
vn -0.2220 0.0581 0.9733
vn -0.2556 0.0726 -0.9641
vn -0.2716 0.0546 -0.9609
vn -0.2336 0.0747 -0.9695
vn -0.2745 -0.9616 -0.0034
vn -0.9687 -0.2479 -0.0112
vn -0.9676 -0.2526 0.0062
vn -0.9661 -0.2571 0.0232
vn 0.7144 0.0625 0.6970
vn -0.9438 0.3302 -0.0123
vn -0.9056 0.3836 -0.1809
vn -0.9189 0.3699 -0.1370
vn -0.0408 0.9989 0.0249
vn -0.9403 0.3262 -0.0967
vn -0.0567 0.2128 -0.9755
vn -0.2054 0.1307 0.9699
vn 0.0095 0.9999 -0.0067
vn 0.0034 0.9999 -0.0112
vn 0.0033 1.0000 0.0039
vn -0.1608 0.0927 -0.9826
vn -0.8586 0.0194 -0.5122
vn -0.2737 0.0961 -0.9570
vn -0.2851 0.0924 -0.9540
vn -0.2334 0.1086 -0.9663
vn -0.6794 0.2048 -0.7046
vn -0.9914 0.1303 -0.0130
vn -0.9930 0.1167 -0.0204
vn -0.9895 0.1445 -0.0053
vn -0.6141 0.7743 -0.1527
vn -0.0039 -0.5456 -0.8380
vn -0.0409 -0.5826 -0.8117
vn 0.0073 -0.5340 -0.8454
vn -0.5019 0.1650 0.8490
vn -0.5127 0.1430 0.8466
vn -0.5076 0.1602 0.8466
vn -0.8266 0.5626 0.0142
vn -0.9730 0.0305 0.2288
vn -0.9717 0.1340 0.1947
vn -0.9735 0.0948 0.2080
vn 0.1585 -0.0401 -0.9865
vn -0.7989 0.0565 0.5988
vn -0.2202 0.1126 -0.9689
vn -0.9697 -0.2420 -0.0323
vn -0.9354 -0.3313 0.1238
vn 0.1530 -0.2875 -0.9455
vn 0.8646 0.5025 -0.0067
vn 0.8726 0.4883 -0.0114
vn 0.8627 0.5056 -0.0057
vn -0.9369 0.3438 0.0632
vn -0.9338 0.3237 0.1527
vn -0.9330 0.3216 0.1612
vn -0.8029 0.2264 -0.5515
vn -0.9367 0.3463 0.0509
vn -0.3415 0.0870 -0.9359
vn -0.2642 -0.0714 -0.9618
vn -0.3032 0.0062 -0.9529
vn 0.9948 -0.0710 0.0736
vn -0.3358 0.9291 0.1551
vn -0.3873 0.9046 0.1782
vn -0.3729 0.9118 0.1718
vn -0.7960 0.3222 0.5124
vn -0.9878 0.1560 0.0010
vn -0.2109 0.1333 0.9684
vn -0.1856 0.1283 0.9742
vn -0.6939 0.2293 -0.6826
vn -0.6926 0.2255 -0.6852
vn -0.6890 0.2151 -0.6921
vn -0.3657 0.1413 -0.9199
vn -0.2944 0.1104 -0.9493
vn -0.6983 0.2428 -0.6733
vn -0.7805 -0.0069 -0.6251
vn -0.3146 0.9380 0.1455
vn -0.3358 0.9291 0.1550
vn 0.8737 0.4864 -0.0120
vn 0.0125 -0.0123 0.9998
vn -0.5074 0.1602 0.8467
vn -0.5067 0.1552 0.8481
vn -0.5272 0.1773 0.8310
vn -0.5014 0.1507 0.8520
vn 0.9923 -0.0957 0.0784
vn -0.0564 0.9984 0.0071
vn -0.0623 0.9980 0.0136
vn -0.1033 0.9947 0.0014
vn -0.5019 0.1651 0.8490
vn -0.2051 0.0195 -0.9785
vn -0.2626 -0.0056 -0.9649
vn -0.0764 0.0740 -0.9943
vn -0.8559 0.2776 -0.4364
vn -0.8152 0.2262 -0.5332
vn -0.8629 0.2878 -0.4153
vn 0.6476 0.7620 0.0025
vn -0.3679 0.1181 -0.9223
vn -0.9974 -0.0542 0.0466
vn -0.9984 -0.0548 0.0138
vn -0.9996 -0.0081 -0.0264
vn -0.8056 0.2155 -0.5518
vn -0.0742 0.9972 -0.0003
vn -0.9848 0.0613 -0.1623
vn -0.9336 -0.0071 0.3581
vn -0.9999 0.0110 -0.0091
vn -0.2051 0.0195 -0.9786
vn -0.0763 0.0740 -0.9943
vn -0.0291 0.0935 -0.9952
vn -0.9811 -0.1097 0.1592
vn -0.0286 0.9995 -0.0161
vn -0.1316 0.5845 -0.8007
vn -0.2399 0.5858 -0.7741
vn -0.1003 0.5827 -0.8065
vn 0.0158 0.1616 0.9867
vn 0.0356 -0.9649 -0.2601
vn 0.0522 -0.9912 -0.1216
vn 0.0355 -0.9994 -0.0029
vn -0.6339 0.0240 0.7730
vn -0.6500 0.0243 0.7595
vn -0.6801 0.0248 0.7327
vn -0.1763 0.7742 0.6079
vn -0.1569 0.7760 0.6109
vn -0.1542 0.7762 0.6113
vn -0.0147 0.9999 0.0046
vn -0.6188 0.0237 0.7852
vn 0.0523 -0.9912 -0.1217
vn 0.0356 -0.9649 -0.2602
vn 0.0644 -0.9630 -0.2618
vn -0.0019 0.5735 -0.8192
vn 0.0351 -0.9994 -0.0026
vn 0.0293 -0.8992 -0.4367
vn 0.0020 -0.4588 0.8885
vn -0.0012 -0.4827 0.8758
vn 0.0017 -0.4610 0.8874
vn -0.0473 0.2967 -0.9538
vn -0.1621 0.3037 -0.9389
vn -0.1032 0.3006 -0.9482
vn -0.0020 -0.4883 0.8727
vn -0.0435 0.0586 0.9973
vn -0.0075 0.0467 0.9989
vn -0.0131 0.0499 0.9987
vn -0.0220 0.9990 -0.0379
vn -0.0595 0.9952 -0.0777
vn 0.9989 -0.0355 0.0314
vn 0.9995 -0.0238 0.0187
vn 0.9996 -0.0216 0.0163
vn -0.1363 0.7776 0.6138
vn -0.7017 0.7123 -0.0166
vn -0.6297 0.7743 -0.0634
vn -0.6577 0.7519 -0.0458
vn -0.2481 0.3063 -0.9191
vn -0.1033 0.3006 -0.9481
vn -0.1622 0.3037 -0.9389
vn -0.0319 0.8991 -0.4367
vn 0.7575 -0.0182 -0.6526
vn -0.7260 0.6877 0.0005
vn -0.4887 0.4703 -0.7348
vn -0.1538 -0.0472 -0.9870
vn -0.1206 -0.0518 -0.9913
vn 0.0738 -0.0776 -0.9942
vn 0.0932 -0.0801 -0.9924
vn -0.0199 0.0112 0.9997
vn -0.3948 -0.0410 -0.9179
vn -0.4129 -0.0441 -0.9097
vn -0.2141 -0.0099 -0.9768
vn 1.0000 -0.0095 0.0030
vn 0.7603 -0.0506 0.6477
vn 0.4755 0.0031 0.8797
vn -0.9999 -0.0122 -0.0023
vn -0.9998 -0.0179 -0.0085
vn -0.9999 -0.0128 -0.0029
vn -0.9183 -0.0041 0.3958
vn -0.1916 -0.0061 -0.9815
vn -1.0000 -0.0072 0.0033
vn -0.0101 -0.6905 -0.7232
vn 0.0146 -0.9999 -0.0026
vn 0.0137 -0.9999 -0.0029
vn 0.0116 -0.9999 -0.0037
vn 0.0107 -0.9999 -0.0040
vn 0.0117 -0.9999 -0.0037
vn -0.0148 0.0034 0.9999
vn -0.4112 0.0657 0.9092
vn 0.0688 -0.8940 0.4428
vt 0.546932 0.954723
vt 0.547725 0.945373
vt 0.557131 0.945788
vt 0.930693 0.627055
vt 0.933355 0.645891
vt 0.928446 0.644573
vt 0.938432 0.650911
vt 0.920052 0.659192
vt 0.955100 0.661821
vt 0.947625 0.621923
vt 0.946865 0.653976
vt 0.974527 0.624899
vt 0.960694 0.675783
vt 0.573416 0.950983
vt 0.939389 0.663194
vt 0.919538 0.678976
vt 0.535000 0.945680
vt 0.546323 0.937011
vt 0.948819 0.663321
vt 0.586335 0.944865
vt 0.548139 0.932664
vt 0.531919 0.951748
vt 0.935278 0.674681
vt 0.525603 0.936194
vt 0.944421 0.683698
vt 0.590266 0.919941
vt 0.557686 0.925918
vt 0.918329 0.686653
vt 0.517947 0.948429
vt 0.939850 0.697600
vt 0.519229 0.895689
vt 0.509383 0.921355
vt 0.946460 0.702194
vt 0.548655 0.923561
vt 0.974648 0.705251
vt 0.948315 0.706548
vt 0.507830 0.931856
vt 0.510909 0.915380
vt 0.006506 0.511365
vt 0.016204 0.507109
vt 0.019710 0.516744
vt 0.287409 0.076097
vt 0.338655 0.042872
vt 0.285997 0.086332
vt 0.034322 0.509923
vt 0.024608 0.506114
vt 0.040926 0.502138
vt 0.025288 0.497435
vt 0.033382 0.491073
vt 0.284044 0.101839
vt 0.291249 0.090037
vt 0.308093 0.079957
vt 0.286975 0.088123
vt 0.009641 0.492618
vt 0.036533 0.516774
vt 0.054749 0.508182
vt 0.273940 0.100410
vt 0.046051 0.527817
vt 0.038525 0.525960
vt 0.258719 0.108501
vt 0.021692 0.524112
vt 0.053325 0.539197
vt 0.033373 0.537277
vt 0.241549 0.084040
vt 0.312348 0.039217
vt 0.012074 0.523046
vt 0.264490 0.112350
vt 0.024522 0.535025
vt 0.608255 0.060851
vt 0.606319 0.048014
vt 0.620446 0.046775
vt 0.014111 0.534885
vt 0.005022 0.538752
vt 0.019552 0.540991
vt 0.637008 0.031534
vt 0.646091 0.029968
vt 0.008234 0.545457
vt 0.689774 0.035856
vt 0.689989 0.047920
vt 0.620790 0.070826
vt 0.649947 0.040628
vt 0.698743 0.983385
vt 0.684969 0.994883
vt 0.683683 0.977164
vt 0.678799 0.988839
vt 0.709872 0.976259
vt 0.704497 0.994855
vt 0.422297 0.945647
vt 0.407392 0.947467
vt 0.419204 0.941722
vt 0.693144 0.973826
vt 0.695180 0.967843
vt 0.668312 0.994031
vt 0.669913 0.985287
vt 0.683554 0.971469
vt 0.429115 0.939641
vt 0.409287 0.939115
vt 0.675176 0.970213
vt 0.693496 0.962603
vt 0.904006 0.025733
vt 0.916433 0.024163
vt 0.906142 0.036275
vt 0.941010 0.021296
vt 0.658022 0.979291
vt 0.916432 0.038103
vt 0.934145 0.049031
vt 0.671013 0.968986
vt 0.681102 0.960441
vt 0.374938 0.950740
vt 0.391772 0.952003
vt 0.892150 0.044403
vt 0.942517 0.102634
vt 0.686890 0.948673
vt 0.380288 0.964541
vt 0.667116 0.965456
vt 0.910795 0.047952
vt 0.891559 0.081200
vt 0.671214 0.957972
vt 0.656167 0.965551
vt 0.368106 0.938674
vt 0.663050 0.961787
vt 0.664313 0.952178
vt 0.677475 0.954096
vt 0.887359 0.066590
vt 0.657524 0.957892
vt 0.671942 0.949192
vt 0.913888 0.088637
vt 0.918868 0.120116
vt 0.899984 0.100594
vt 0.653071 0.957481
vt 0.886247 0.078746
vt 0.880121 0.077829
vt 0.881459 0.082739
vt 0.653015 0.956960
vt 0.878290 0.076007
vt 0.878774 0.071792
vt 0.660757 0.948002
vt 0.660692 0.947427
vt 0.882651 0.092396
vt 0.885629 0.088379
vt 0.658689 0.951754
vt 0.904922 0.118110
vt 0.977644 0.961103
vt 0.967154 0.952515
vt 0.971998 0.941185
vt 0.979302 0.767227
vt 0.958659 0.770403
vt 0.942627 0.765884
vt 0.980497 0.729689
vt 0.969547 0.778605
vt 0.976475 0.781541
vt 0.972870 0.794948
vt 0.970181 0.787171
vt 0.980738 0.796389
vt 0.931043 0.777346
vt 0.970240 0.807457
vt 0.962712 0.794934
vt 0.918233 0.979743
vt 0.900731 0.972074
vt 0.929752 0.932667
vt 0.955127 0.977896
vt 0.944118 0.972803
vt 0.957217 0.969593
vt 0.927058 0.964960
vt 0.938204 0.962898
vt 0.955390 0.958663
vt 0.935596 0.954428
vt 0.934797 0.938052
vt 0.953790 0.787915
vt 0.962420 0.980693
vt 0.920070 0.923248
vt 0.935719 0.730443
vt 0.945219 0.948277
vt 0.947613 0.945289
vt 0.008525 0.185792
vt 0.016628 0.197894
vt 0.007127 0.203980
vt 0.029909 0.210031
vt 0.023794 0.203891
vt 0.930180 0.923270
vt 0.030024 0.190515
vt 0.962385 0.964206
vt 0.973404 0.904752
vt 0.955712 0.933523
vt 0.980745 0.965071
vt 0.046048 0.172550
vt 0.054169 0.175097
vt 0.979668 0.928202
vt 0.981064 0.922455
vt 0.036436 0.172913
vt 0.618984 0.074483
vt 0.631666 0.089397
vt 0.632128 0.108286
vt 0.222930 0.024869
vt 0.236202 0.051535
vt 0.221046 0.041279
vt 0.210641 0.045507
vt 0.231957 0.011872
vt 0.641424 0.084646
vt 0.644721 0.110505
vt 0.648195 0.128605
vt 0.645932 0.101267
vt 0.211083 0.031788
vt 0.640847 0.068408
vt 0.651539 0.115444
vt 0.646853 0.089907
vt 0.213560 0.010164
vt 0.212263 0.019461
vt 0.682995 0.078766
vt 0.687299 0.110111
vt 0.174326 0.011608
vt 0.174346 0.036636
vt 0.171221 0.048084
vt 0.683718 0.095431
vt 0.175179 0.025572
vt 0.681416 0.062427
vt 0.686685 0.093886
vt 0.685936 0.074570
vt 0.167714 0.045524
vt 0.690350 0.112233
vt 0.693828 0.082624
vt 0.166214 0.025126
vt 0.696632 0.068906
vt 0.153367 0.038076
vt 0.697712 0.098240
vt 0.708492 0.105675
vt 0.702833 0.060533
vt 0.162818 0.011226
vt 0.702329 0.081093
vt 0.154694 0.025804
vt 0.707541 0.073746
vt 0.152716 0.012128
vt 0.146816 0.027542
vt 0.714904 0.094165
vt 0.729164 0.071296
vt 0.714389 0.085671
vt 0.141216 0.017494
vt 0.040254 0.345522
vt 0.063288 0.354361
vt 0.024620 0.354677
vt 0.840149 0.729328
vt 0.826988 0.734159
vt 0.816595 0.728545
vt 0.856235 0.710379
vt 0.828746 0.742673
vt 0.034662 0.338180
vt 0.047654 0.338951
vt 0.815072 0.745625
vt 0.851693 0.740835
vt 0.019682 0.343570
vt 0.830486 0.747359
vt 0.021857 0.339307
vt 0.872813 0.726475
vt 0.062731 0.341292
vt 0.812623 0.751187
vt 0.863356 0.741044
vt 0.036595 0.303044
vt 0.862798 0.779918
vt 0.021403 0.303609
vt 0.832090 0.788661
vt 0.873329 0.788894
vt 0.820080 0.793193
vt 0.850125 0.780668
vt 0.050629 0.302485
vt 0.064940 0.293421
vt 0.844503 0.791863
vt 0.860299 0.786134
vt 0.018718 0.296691
vt 0.827359 0.798905
vt 0.051220 0.292052
vt 0.033925 0.293042
vt 0.834690 0.807686
vt 0.020587 0.287724
vt 0.859550 0.796818
vt 0.057118 0.284204
vt 0.875026 0.798463
vt 0.033253 0.285892
vt 0.843562 0.819542
vt 0.854573 0.817953
vt 0.873755 0.823720
vt 0.044225 0.277334
vt 0.036599 0.277196
vt 0.862653 0.811233
vt 0.862352 0.817257
vt 0.882701 0.631269
vt 0.879148 0.619325
vt 0.893701 0.611110
vt 0.878807 0.609064
vt 0.069748 0.102011
vt 0.081194 0.081681
vt 0.079675 0.098609
vt 0.876169 0.540581
vt 0.880975 0.526606
vt 0.882976 0.539020
vt 0.865925 0.550440
vt 0.064289 0.071754
vt 0.049445 0.058940
vt 0.075824 0.063629
vt 0.073063 0.084627
vt 0.076435 0.068941
vt 0.067675 0.080258
vt 0.087551 0.092468
vt 0.876853 0.551839
vt 0.886727 0.544874
vt 0.887360 0.559753
vt 0.090386 0.105827
vt 0.094571 0.098138
vt 0.085753 0.072791
vt 0.092653 0.079105
vt 0.881620 0.569682
vt 0.894262 0.573115
vt 0.873670 0.558536
vt 0.095864 0.086955
vt 0.883245 0.605400
vt 0.130100 0.103691
vt 0.089390 0.060052
vt 0.097206 0.074215
vt 0.854175 0.556872
vt 0.865488 0.565908
vt 0.873966 0.603141
vt 0.131637 0.091453
vt 0.097761 0.061905
vt 0.143358 0.097717
vt 0.862820 0.603735
vt 0.131933 0.080648
vt 0.133119 0.065273
vt 0.848747 0.563187
vt 0.859424 0.566037
vt 0.868749 0.617154
vt 0.861367 0.628504
vt 0.141882 0.078680
vt 0.851597 0.614226
vt 0.154665 0.081806
vt 0.852680 0.601357
vt 0.150865 0.060535
vt 0.841161 0.598555
vt 0.807092 0.988755
vt 0.821155 0.985545
vt 0.843456 0.983147
vt 0.644232 0.223077
vt 0.644981 0.225866
vt 0.644020 0.227119
vt 0.649988 0.226507
vt 0.649245 0.228292
vt 0.649350 0.226006
vt 0.624893 0.915093
vt 0.612870 0.928293
vt 0.616669 0.911007
vt 0.609923 0.911667
vt 0.239838 0.943329
vt 0.247637 0.948554
vt 0.247879 0.955899
vt 0.096403 0.962904
vt 0.109733 0.969734
vt 0.094017 0.975644
vt 0.968295 0.396620
vt 0.977628 0.406883
vt 0.968776 0.441897
vt 0.989227 0.401054
vt 0.031421 0.951260
vt 0.037405 0.943769
vt 0.043581 0.949377
vt 0.035944 0.956231
vt 0.130449 0.046530
vt 0.140007 0.034573
vt 0.139691 0.045536
vt 0.135863 0.021427
vt 0.044498 0.938154
vt 0.049263 0.956340
vt 0.038211 0.966988
vt 0.123936 0.053269
vt 0.122737 0.041920
vt 0.125230 0.028296
vt 0.051621 0.969724
vt 0.113215 0.047752
vt 0.139187 0.014749
vt 0.056273 0.980736
vt 0.060535 0.965430
vt 0.053547 0.935045
vt 0.061250 0.952431
vt 0.117045 0.020209
vt 0.114977 0.033261
vt 0.063971 0.935631
vt 0.060659 0.917910
vt 0.065960 0.926983
vt 0.046823 0.048006
vt 0.064899 0.040551
vt 0.074538 0.054602
vt 0.064964 0.024130
vt 0.107865 0.952988
vt 0.055762 0.012978
vt 0.117799 0.941145
vt 0.099002 0.946785
vt 0.074538 0.038695
vt 0.077237 0.026188
vt 0.099840 0.932386
vt 0.078284 0.014953
vt 0.104469 0.932628
vt 0.082108 0.007605
vt 0.116520 0.009549
vt 0.070380 0.011475
vt 0.243837 0.133953
vt 0.238659 0.135630
vt 0.232444 0.131229
vt 0.640112 0.929876
vt 0.641515 0.918139
vt 0.649374 0.921480
vt 0.040764 0.396596
vt 0.041639 0.390928
vt 0.042666 0.393048
vt 0.969531 0.533329
vt 0.954472 0.539308
vt 0.959982 0.529864
vt 0.041423 0.628282
vt 0.020995 0.607932
vt 0.031062 0.592386
vt 0.900688 0.872642
vt 0.920652 0.884098
vt 0.889965 0.878283
vt 0.915907 0.887172
vt 0.288133 0.697886
vt 0.275985 0.701466
vt 0.280145 0.689986
vt 0.114212 0.709776
vt 0.098332 0.767979
vt 0.107733 0.714625
vt 0.637665 0.473214
vt 0.632471 0.474883
vt 0.625145 0.469411
vt 0.170573 0.852422
vt 0.148306 0.840591
vt 0.132616 0.794510
vt 0.119400 0.601656
vt 0.147699 0.520193
vt 0.143967 0.543373
vt 0.937917 0.700145
vt 0.917540 0.783892
vt 0.915052 0.775989
vt 0.154195 0.783474
vt 0.196423 0.831065
vt 0.173883 0.813933
vt 0.149748 0.795663
vt 0.184037 0.850478
vt 0.905550 0.775472
vt 0.929201 0.751949
vt 0.928669 0.791171
vt 0.918511 0.701274
vt 0.131417 0.605640
vt 0.139552 0.850990
vt 0.160731 0.854236
vt 0.107014 0.865071
vt 0.526928 0.832306
vt 0.521589 0.823392
vt 0.539896 0.817489
vt 0.542290 0.820634
vt 0.933533 0.196324
vt 0.927946 0.204979
vt 0.922924 0.188963
vt 0.535708 0.831992
vt 0.937218 0.192094
vt 0.550848 0.819204
vt 0.370402 0.763591
vt 0.340713 0.742199
vt 0.367913 0.729296
vt 0.714971 0.040036
vt 0.706854 0.039506
vt 0.722482 0.031903
vt 0.927852 0.985089
vt 0.930665 0.985813
vt 0.923124 0.984865
vt 0.930348 0.988508
vt 0.062469 0.992054
vt 0.062280 0.991822
vt 0.062538 0.991453
vt 0.063039 0.991130
vt 0.062657 0.991705
vt 0.063512 0.988570
vt 0.062416 0.992392
vt 0.018114 0.126373
vt 0.018040 0.127222
vt 0.018133 0.121344
vt 0.017978 0.127081
vt 0.017658 0.127201
vt 0.018316 0.125857
vt 0.018108 0.126694
vt 0.019131 0.118816
vt 0.014840 0.127076
vt 0.063180 0.992426
vt 0.062593 0.991334
vt 0.061784 0.992470
vt 0.059323 0.988976
vt 0.059630 0.993727
vt 0.058821 0.987779
vt 0.065260 0.989655
vt 0.058225 0.985532
vt 0.057088 0.986069
vt 0.055538 0.986764
vt 0.057193 0.994858
vt 0.051914 0.993681
vt 0.049948 0.989391
vt 0.029186 0.650183
vt 0.031687 0.639121
vt 0.033885 0.639953
vt 0.026977 0.649586
vt 0.506068 0.899472
vt 0.494200 0.899903
vt 0.496031 0.887312
vt 0.824255 0.612551
vt 0.826067 0.595242
vt 0.829472 0.600034
vt 0.759272 0.842908
vt 0.772467 0.843553
vt 0.755094 0.846434
vt 0.803403 0.816724
vt 0.793809 0.819984
vt 0.789354 0.816287
vt 0.603227 0.959404
vt 0.611431 0.970662
vt 0.606602 0.981062
vt 0.624090 0.969410
vt 0.993414 0.972675
vt 0.964616 0.976267
vt 0.966313 0.971776
vt 0.744943 0.875667
vt 0.737688 0.880527
vt 0.735063 0.879974
vt 0.281482 0.054707
vt 0.277714 0.042631
vt 0.290738 0.045434
vt 0.262290 0.031727
vt 0.284179 0.034318
vt 0.259278 0.043489
vt 0.265333 0.056598
vt 0.283555 0.021801
vt 0.294668 0.025975
vt 0.333103 0.017339
vt 0.088796 0.161262
vt 0.044607 0.208397
vt 0.035695 0.207770
vt 0.804757 0.990807
vt 0.758883 0.990807
vt 0.760138 0.983997
vt 0.081762 0.154782
vt 0.329826 0.012879
vt 0.101806 0.154001
vt 0.085095 0.144753
vt 0.091135 0.127872
vt 0.104284 0.126038
vt 0.134196 0.153277
vt 0.112163 0.162774
vt 0.707824 0.005189
vt 0.698657 0.027674
vt 0.700471 0.012511
vt 0.174807 0.148451
vt 0.145474 0.149641
vt 0.157466 0.141802
vt 0.687402 0.019414
vt 0.380632 0.468244
vt 0.368661 0.418732
vt 0.487362 0.389475
vt 0.363785 0.393449
vt 0.524319 0.372744
vt 0.331736 0.433580
vt 0.335013 0.400449
vt 0.341511 0.436569
vt 0.342897 0.399331
vt 0.244229 0.377179
vt 0.245820 0.420688
vt 0.242081 0.402185
vt 0.749877 0.749605
vt 0.750156 0.739683
vt 0.761218 0.744335
vt 0.657050 0.422701
vt 0.709348 0.456186
vt 0.677653 0.439225
vt 0.733841 0.113219
vt 0.725862 0.101270
vt 0.737869 0.104797
vt 0.743945 0.128711
vt 0.739300 0.095102
vt 0.736318 0.164256
vt 0.307440 0.908596
vt 0.272651 0.933559
vt 0.245365 0.903911
vt 0.328004 0.893916
vt 0.315544 0.897061
vt 0.318777 0.891052
vt 0.477041 0.270731
vt 0.476747 0.262531
vt 0.506025 0.255404
vt 0.469675 0.272549
vt 0.512580 0.271295
vt 0.486235 0.295801
vt 0.928464 0.361905
vt 0.962443 0.360373
vt 0.951928 0.377051
vt 0.929769 0.371106
vt 0.484310 0.295216
vt 0.863153 0.994865
vt 0.828558 0.994771
vt 0.863157 0.991993
vt 0.863107 0.988570
vt 0.142954 0.990125
vt 0.177417 0.987112
vt 0.178050 0.990738
vt 0.973279 0.097533
vt 0.976106 0.093341
vt 0.971852 0.106888
vt 0.975846 0.101711
vt 0.049321 0.915668
vt 0.058426 0.914652
vt 0.056896 0.918338
vt 0.050575 0.904375
vt 0.060360 0.912068
vt 0.056573 0.887637
vt 0.062149 0.906398
vt 0.054311 0.890065
vt 0.117329 0.985096
vt 0.140060 0.986671
vt 0.108678 0.986439
vt 0.117853 0.989422
vt 0.125249 0.991247
vt 0.123822 0.992755
vt 0.050921 0.864879
vt 0.992277 0.117837
vt 0.976691 0.111181
vt 0.978933 0.107797
vt 0.991138 0.122195
vt 0.974466 0.115600
vt 0.052094 0.861792
vt 0.061828 0.878886
vt 0.978256 0.098477
vt 0.047650 0.857418
vt 0.030928 0.843330
vt 0.039046 0.845033
vt 0.044017 0.852214
vt 0.993812 0.257684
vt 0.983845 0.250679
vt 0.986256 0.247197
vt 0.053038 0.983157
vt 0.043578 0.970830
vt 0.052465 0.980384
vt 0.972330 0.122707
vt 0.979012 0.250069
vt 0.981234 0.244700
vt 0.064927 0.842714
vt 0.023116 0.981359
vt 0.035676 0.981121
vt 0.034612 0.982663
vt 0.025500 0.977978
vt 0.022996 0.973176
vt 0.037363 0.976568
vt 0.036643 0.979630
vt 0.133104 0.990322
vt 0.141173 0.985985
vt 0.992621 0.264740
vt 0.971827 0.272936
vt 0.978988 0.267045
vt 0.977154 0.266976
vt 0.994335 0.266757
vt 0.034077 0.244084
vt 0.024602 0.259984
vt 0.030696 0.245541
vt 0.977277 0.893769
vt 0.987724 0.892155
vt 0.976104 0.896241
vt 0.037507 0.270810
vt 0.032168 0.259674
vt 0.039129 0.270088
vt 0.038951 0.266300
vt 0.948035 0.897432
vt 0.935716 0.901044
vt 0.941836 0.895077
vt 0.048534 0.273979
vt 0.976011 0.902306
vt 0.960205 0.899653
vt 0.976713 0.899196
vt 0.922028 0.887425
vt 0.922685 0.889692
vt 0.987115 0.895480
vt 0.989185 0.908220
vt 0.981175 0.914084
vt 0.028381 0.259452
vt 0.988463 0.895598
vt 0.140653 0.988839
vt 0.006663 0.249388
vt 0.027589 0.263548
vt 0.054517 0.479472
vt 0.056359 0.482631
vt 0.039589 0.472077
vt 0.011721 0.243149
vt 0.845695 0.983083
vt 0.879272 0.983083
vt 0.879563 0.988675
vt 0.966155 0.849839
vt 0.969019 0.883796
vt 0.965097 0.883365
vt 0.978195 0.881954
vt 0.039484 0.471075
vt 0.058186 0.480517
vt 0.972473 0.893005
vt 0.951208 0.899078
vt 0.041862 0.470837
vt 0.018839 0.470858
vt 0.971131 0.815891
vt 0.985002 0.796000
vt 0.984719 0.809455
vt 0.987256 0.812544
vt 0.991884 0.820962
vt 0.982589 0.824494
vt 0.965471 0.888858
vt 0.066852 0.469617
vt 0.963891 0.888504
vt 0.021836 0.362338
vt 0.048633 0.364634
vt 0.020216 0.374127
vt 0.019400 0.365163
vt 0.052100 0.368752
vt 0.026569 0.382861
vt 0.972149 0.832730
vt 0.966655 0.819110
vt 0.978846 0.839562
vt 0.969050 0.843904
vt 0.013692 0.391518
vt 0.014233 0.394661
vt 0.970951 0.845229
vt 0.009976 0.359669
vt 0.010489 0.358188
vt 0.010288 0.355848
vt 0.006146 0.361883
vt 0.011995 0.366768
vt 0.019281 0.359746
vt 0.015530 0.367776
vt 0.501889 0.342841
vt 0.484691 0.298193
vt 0.529176 0.329492
vt 0.013792 0.334696
vt 0.520970 0.249913
vt 0.434926 0.249532
vt 0.942975 0.381767
vt 0.947988 0.379320
vt 0.969707 0.090240
vt 0.960557 0.065322
vt 0.961804 0.020616
vt 0.494234 0.346160
vt 0.966545 0.440065
vt 0.971564 0.048068
vt 0.556019 0.236163
vt 0.568545 0.231523
vt 0.393986 0.231317
vt 0.984768 0.069757
vt 0.733716 0.088373
vt 0.828006 0.097827
vt 0.495824 0.543303
vt 0.418295 0.610463
vt 0.415441 0.591937
vt 0.495390 0.526307
vt 0.402978 0.548942
vt 0.974496 0.467683
vt 0.973457 0.498912
vt 0.970664 0.473801
vt 0.954888 0.443181
vt 0.727350 0.372266
vt 0.704103 0.392371
vt 0.736088 0.348317
vt 0.706753 0.460169
vt 0.709537 0.471861
vt 0.691406 0.456907
vt 0.720405 0.471477
vt 0.716273 0.454594
vt 0.715956 0.485579
vt 0.659353 0.462894
vt 0.644408 0.432500
vt 0.711202 0.687347
vt 0.780593 0.725840
vt 0.756154 0.734716
vt 0.731590 0.484597
vt 0.671004 0.443297
vt 0.701250 0.514727
vt 0.942782 0.411490
vt 0.948579 0.413059
vt 0.953099 0.415964
vt 0.274590 0.852082
vt 0.312294 0.877377
vt 0.221546 0.939937
vt 0.965484 0.018678
vt 0.516799 0.366461
vt 0.505170 0.346984
vt 0.529906 0.340387
vt 0.753388 0.166770
vt 0.786620 0.143905
vt 0.266962 0.886074
vt 0.527981 0.368479
vt 0.706060 0.398686
vt 0.672404 0.703646
vt 0.930876 0.421553
vt 0.284122 0.817561
vt 0.289814 0.825771
vt 0.284339 0.848719
vt 0.536883 0.320664
vt 0.989928 0.452132
vt 0.286138 0.934206
vt 0.303216 0.915832
vt 0.317773 0.913500
vt 0.742363 0.734848
vt 0.517582 0.129271
vt 0.538065 0.112764
vt 0.521265 0.170975
vt 0.928319 0.419972
vt 0.859451 0.419466
vt 0.895195 0.389439
vt 0.543114 0.187454
vt 0.462446 0.115151
vt 0.398445 0.103020
vt 0.679546 0.420688
vt 0.700353 0.415031
vt 0.703388 0.425507
vt 0.212096 0.891596
vt 0.654540 0.428804
vt 0.788149 0.747704
vt 0.401874 0.526140
vt 0.384037 0.512967
vt 0.379598 0.494097
vt 0.260334 0.880358
vt 0.699317 0.408411
vt 0.739346 0.737439
vt 0.708423 0.724180
vt 0.705761 0.535388
vt 0.952259 0.427351
vt 0.446430 0.485481
vt 0.347285 0.495935
vt 0.372540 0.530449
vt 0.481172 0.498401
vt 0.634169 0.432427
vt 0.677066 0.716993
vt 0.215362 0.918298
vt 0.741969 0.747817
vt 0.710350 0.735581
vt 0.422214 0.469342
vt 0.711300 0.728849
vt 0.543843 0.348393
vt 0.700206 0.553146
vt 0.784258 0.496310
vt 0.753137 0.586369
vt 0.789564 0.637678
vt 0.750697 0.602593
vt 0.769439 0.760537
vt 0.930532 0.430254
vt 0.257211 0.451453
vt 0.681544 0.397944
vt 0.443232 0.485126
vt 0.541038 0.341725
vt 0.835386 0.103382
vt 0.563781 0.355111
vt 0.589061 0.357232
vt 0.585766 0.360533
vt 0.718486 0.753625
vt 0.654070 0.417778
vt 0.579750 0.363418
vt 0.672467 0.735171
vt 0.678322 0.726960
vt 0.594047 0.389041
vt 0.607141 0.408008
vt 0.614190 0.367441
vt 0.900556 0.461224
vt 0.589372 0.386576
vt 0.790243 0.163133
vt 0.507941 0.673036
vt 0.474858 0.676715
vt 0.477863 0.635977
vt 0.594733 0.306673
vt 0.468500 0.196294
vt 0.784861 0.801732
vt 0.728612 0.772408
vt 0.732681 0.765923
vt 0.742375 0.475182
vt 0.700217 0.555581
vt 0.649665 0.409857
vt 0.627221 0.408909
vt 0.618667 0.419870
vt 0.747779 0.792386
vt 0.656188 0.394866
vt 0.789580 0.800216
vt 0.470068 0.638018
vt 0.465553 0.682619
vt 0.239570 0.370230
vt 0.573738 0.393053
vt 0.822280 0.133082
vt 0.214233 0.883274
vt 0.637965 0.406801
vt 0.619280 0.411552
vt 0.741319 0.633776
vt 0.956687 0.076171
vt 0.951778 0.078609
vt 0.954277 0.043636
vt 0.534027 0.369774
vt 0.524951 0.382005
vt 0.700819 0.757395
vt 0.808003 0.565881
vt 0.772287 0.540806
vt 0.780018 0.531678
vt 0.457094 0.454085
vt 0.330853 0.395625
vt 0.324977 0.471958
vt 0.353782 0.392135
vt 0.347551 0.472462
vt 0.346802 0.396030
vt 0.858436 0.452106
vt 0.906026 0.518637
vt 0.250140 0.382190
vt 0.251241 0.498992
vt 0.261259 0.547987
vt 0.324361 0.418325
vt 0.698706 0.773413
vt 0.720944 0.782808
vt 0.686510 0.801028
vt 0.758391 0.586666
vt 0.787153 0.584192
vt 0.794179 0.565447
vt 0.742904 0.029221
vt 0.735927 0.015201
vt 0.745141 0.023764
vt 0.233520 0.943625
vt 0.193369 0.980245
vt 0.198689 0.940427
vt 0.728793 0.056064
vt 0.788289 0.030085
vt 0.717055 0.059420
vt 0.789395 0.034893
vt 0.779915 0.040104
vt 0.761244 0.077077
vt 0.179418 0.983544
vt 0.181786 0.988766
vt 0.760970 0.088132
vt 0.930555 0.561958
vt 0.944168 0.530058
vt 0.943772 0.567305
vt 0.935553 0.619603
vt 0.928934 0.577776
vt 0.937328 0.614303
vt 0.230742 0.984668
vt 0.237134 0.989190
vt 0.935348 0.579775
vt 0.929508 0.531065
vt 0.937550 0.570739
vt 0.827287 0.052204
vt 0.891606 0.039160
vt 0.848178 0.062575
vt 0.900148 0.590708
vt 0.817107 0.025209
vt 0.857559 0.068078
vt 0.896396 0.569496
vt 0.902743 0.580872
vt 0.897325 0.576560
vt 0.890892 0.531195
vt 0.931668 0.524320
vt 0.890869 0.526854
vt 0.808869 0.068792
vt 0.819968 0.069015
vt 0.315626 0.454591
vt 0.300720 0.441762
vt 0.309255 0.430895
vt 0.822369 0.048807
vt 0.294469 0.450756
vt 0.263329 0.432918
vt 0.896257 0.522026
vt 0.345013 0.443106
vt 0.693534 0.764791
vt 0.510277 0.532034
vt 0.211516 0.887525
vt 0.262177 0.425746
vt 0.795254 0.065930
vt 0.875726 0.993724
vt 0.895622 0.989777
vt 0.901881 0.994792
vt 0.026664 0.035789
vt 0.014164 0.024358
vt 0.017926 0.019477
vt 0.683060 0.880331
vt 0.662355 0.876207
vt 0.680987 0.876345
vt 0.257190 0.226840
vt 0.257056 0.215788
vt 0.281494 0.216357
vt 0.686221 0.910495
vt 0.693270 0.893200
vt 0.703869 0.891061
vt 0.702068 0.965375
vt 0.706398 0.941223
vt 0.712694 0.943235
vt 0.707880 0.891847
vt 0.718823 0.914215
vt 0.031961 0.476302
vt 0.038706 0.479811
vt 0.027900 0.487989
vt 0.684192 0.871130
vt 0.032863 0.488308
vt 0.052733 0.484310
vt 0.287671 0.282475
vt 0.252023 0.255459
vt 0.053126 0.927086
vt 0.029287 0.941890
vt 0.026263 0.935540
vt 0.031305 0.487613
vt 0.707911 0.918373
vt 0.028907 0.957468
vt 0.023312 0.963895
vt 0.005628 0.965812
vt 0.738894 0.905260
vt 0.732206 0.892007
vt 0.736230 0.892915
vt 0.701494 0.901791
vt 0.711254 0.916103
vt 0.027368 0.488638
vt 0.021452 0.964503
vt 0.022958 0.967413
vt 0.024879 0.487056
vt 0.009257 0.485140
vt 0.028660 0.474838
vt 0.010643 0.482067
vt 0.772886 0.906866
vt 0.744470 0.904701
vt 0.740796 0.897412
vt 0.019919 0.950803
vt 0.011024 0.481339
vt 0.027487 0.931810
vt 0.018606 0.952178
vt 0.018842 0.940687
vt 0.020636 0.919047
vt 0.020798 0.927064
vt 0.220637 0.233363
vt 0.397427 0.237148
vt 0.006736 0.019310
vt 0.642677 0.951501
vt 0.654963 0.943397
vt 0.643532 0.957482
vt 0.741350 0.923252
vt 0.722622 0.953211
vt 0.731092 0.933560
vt 0.374766 0.049815
vt 0.377830 0.067739
vt 0.368369 0.043134
vt 0.357386 0.047366
vt 0.731402 0.926252
vt 0.364518 0.039390
vt 0.369239 0.027135
vt 0.023371 0.018515
vt 0.701701 0.864452
vt 0.706724 0.864666
vt 0.689600 0.859189
vt 0.762638 0.921639
vt 0.753959 0.926844
vt 0.762642 0.914556
vt 0.719488 0.908985
vt 0.729096 0.906584
vt 0.256806 0.275918
vt 0.370015 0.029630
vt 0.371669 0.025487
vt 0.367501 0.024687
vt 0.370822 0.021027
vt 0.724274 0.905774
vt 0.706551 0.899739
vt 0.215958 0.243352
vt 0.636572 0.947770
vt 0.769592 0.900752
vt 0.894952 0.985090
vt 0.766306 0.920849
vt 0.771353 0.926439
vt 0.365775 0.028573
vt 0.225935 0.225509
vt 0.240699 0.215938
vt 0.768523 0.910871
vt 0.791527 0.905152
vt 0.766964 0.914949
vt 0.836770 0.116561
vt 0.226068 0.226186
vt 0.529509 0.393197
vt 0.849467 0.106524
vt 0.842902 0.095843
vt 0.950015 0.100478
vt 0.970406 0.097808
vt 0.962394 0.356329
vt 0.941713 0.357739
vt 0.971179 0.347854
vt 0.284281 0.389581
vt 0.304320 0.415199
vt 0.272648 0.407403
vt 0.224719 0.222918
vt 0.220813 0.218535
vt 0.226506 0.224547
vt 0.931786 0.010281
vt 0.925566 0.005499
vt 0.931757 0.007698
vt 0.931497 0.006965
vt 0.933368 0.007317
vt 0.838800 0.082699
vt 0.363222 0.019987
vt 0.027623 0.005094
vt 0.774226 0.893017
vt 0.735155 0.877454
vt 0.329853 0.467182
vt 0.682340 0.757491
vt 0.518118 0.636128
vt 0.969241 0.968288
vt 0.977542 0.969689
vt 0.974255 0.967615
vt 0.974638 0.978549
vt 0.376735 0.005130
vt 0.784647 0.609612
vt 0.738572 0.869921
vt 0.674672 0.801897
vt 0.015053 0.547774
vt 0.047118 0.547957
vt 0.046727 0.554933
vt 0.049013 0.550842
vt 0.737218 0.867175
vt 0.730044 0.865254
vt 0.767040 0.418731
vt 0.771199 0.443232
vt 0.763379 0.448065
vt 0.805572 0.570562
vt 0.305517 0.216380
vt 0.337086 0.219496
vt 0.339857 0.469133
vt 0.850674 0.535050
vt 0.774009 0.422626
vt 0.771867 0.428412
vt 0.773556 0.422247
vt 0.772933 0.421861
vt 0.426795 0.457526
vt 0.522094 0.385861
vt 0.493019 0.391761
vt 0.566399 0.956998
vt 0.557581 0.960036
vt 0.519100 0.957486
vt 0.548092 0.972230
vt 0.067673 0.991820
vt 0.067771 0.990974
vt 0.067946 0.994048
vt 0.068105 0.991482
vt 0.874004 0.071032
vt 0.872044 0.099896
vt 0.860059 0.097827
vt 0.791053 0.831715
vt 0.627871 0.983173
vt 0.070713 0.991518
vt 0.778385 0.422844
vt 0.738779 0.867257
vt 0.870508 0.068781
vt 0.854261 0.096405
vt 0.495784 0.400966
vt 0.668580 0.802637
vt 0.816996 0.791148
vt 0.808929 0.842810
vt 0.650919 0.971085
vt 0.026253 0.235686
vt 0.015857 0.238441
vt 0.027205 0.226899
vt 0.016704 0.556362
vt 0.073290 0.995000
vt 0.742021 0.865090
vt 0.968677 0.979293
vt 0.967904 0.981874
vt 0.967885 0.982819
vt 0.965381 0.981652
vt 0.395997 0.286616
vt 0.075260 0.991164
vt 0.741522 0.356891
vt 0.742645 0.471951
vt 0.839183 0.579376
vt 0.047736 0.557591
vt 0.079006 0.994136
vt 0.849082 0.091621
vt 0.704692 0.816757
vt 0.760736 0.856159
vt 0.764786 0.859325
vt 0.045745 0.558737
vt 0.738497 0.472890
vt 0.723767 0.826970
vt 0.773327 0.416907
vt 0.762343 0.386693
vt 0.855693 0.104869
vt 0.768535 0.863293
vt 0.765753 0.872414
vt 0.786767 0.859098
vt 0.031208 0.238310
vt 0.856048 0.119940
vt 0.861986 0.120022
vt 0.753503 0.836953
vt 0.740399 0.826268
vt 0.756030 0.878975
vt 0.545978 0.977676
vt 0.816047 0.852757
vt 0.522862 0.967576
vt 0.335907 0.951814
vt 0.315740 0.980128
vt 0.303221 0.950571
vt 0.096700 0.986902
vt 0.120116 0.994503
vt 0.096925 0.991914
vt 0.686898 0.251617
vt 0.660180 0.288582
vt 0.661327 0.245608
vt 0.699634 0.827892
vt 0.365591 0.954448
vt 0.014837 0.561868
vt 0.012282 0.559444
vt 0.790466 0.630111
vt 0.797087 0.633308
vt 0.811053 0.830972
vt 0.309963 0.943930
vt 0.303046 0.937303
vt 0.656149 0.804862
vt 0.363182 0.938229
vt 0.362353 0.948895
vt 0.693456 0.828427
vt 0.402365 0.246445
vt 0.489732 0.406108
vt 0.357237 0.943156
vt 0.693518 0.304590
vt 0.515118 0.973462
vt 0.507301 0.938232
vt 0.517316 0.967861
vt 0.837760 0.579280
vt 0.800811 0.650569
vt 0.653524 0.221277
vt 0.830181 0.587044
vt 0.840908 0.604362
vt 0.837420 0.607658
vt 0.829653 0.598655
vt 0.746417 0.844176
vt 0.757114 0.328564
vt 0.762183 0.354136
vt 0.832563 0.592939
vt 0.744213 0.852676
vt 0.840233 0.613156
vt 0.657762 0.715352
vt 0.662375 0.604635
vt 0.661583 0.745215
vt 0.665183 0.640483
vt 0.827477 0.625716
vt 0.660594 0.324485
vt 0.682344 0.833552
vt 0.740386 0.834855
vt 0.849455 0.885622
vt 0.853023 0.631151
vt 0.485506 0.445157
vt 0.491161 0.430057
vt 0.820858 0.642436
vt 0.665991 0.774608
vt 0.736525 0.847555
vt 0.007243 0.864142
vt 0.026608 0.857100
vt 0.026115 0.922230
vt 0.653603 0.373723
vt 0.735592 0.842689
vt 0.014002 0.894663
vt 0.688219 0.344442
vt 0.723593 0.360098
vt 0.839255 0.638462
vt 0.477481 0.885076
vt 0.699955 0.860269
vt 0.507314 0.887697
vt 0.496714 0.875710
vt 0.668637 0.355704
vt 0.654833 0.378610
vt 0.655859 0.373324
vt 0.448714 0.864389
vt 0.437218 0.863948
vt 0.432117 0.849544
vt 0.464097 0.870539
vt 0.515168 0.893179
vt 0.443027 0.849248
vt 0.509450 0.877319
vt 0.543908 0.858257
vt 0.535844 0.850386
vt 0.477137 0.870239
vt 0.460541 0.861277
vt 0.501805 0.870272
vt 0.447355 0.838957
vt 0.460880 0.852261
vt 0.522053 0.893349
vt 0.453993 0.836299
vt 0.483240 0.865428
vt 0.524992 0.842228
vt 0.493456 0.863593
vt 0.468148 0.845840
vt 0.474701 0.856852
vt 0.538365 0.842953
vt 0.480914 0.853584
vt 0.528739 0.837828
vt 0.493022 0.810377
vt 0.548412 0.858110
vt 0.553644 0.854473
vt 0.513265 0.828714
vt 0.552611 0.870790
vt 0.256760 0.054892
vt 0.247401 0.047098
vt 0.237953 0.044067
vt 0.241831 0.034693
vt 0.251700 0.031571
vt 0.565857 0.875434
vt 0.250307 0.009670
vt 0.265352 0.016915
vt 0.256516 0.020506
vt 0.506382 0.820439
vt 0.943900 0.436911
vt 0.951683 0.432654
vt 0.948803 0.450783
vt 0.936188 0.460613
vt 0.931323 0.447808
vt 0.244348 0.017814
vt 0.929577 0.458082
vt 0.917218 0.458559
vt 0.914805 0.445995
vt 0.920547 0.451760
vt 0.945204 0.462907
vt 0.956825 0.458713
vt 0.925531 0.475225
vt 0.933621 0.477631
vt 0.939599 0.479774
vt 0.945903 0.480985
vt 0.953034 0.478092
vt 0.920762 0.518353
vt 0.928535 0.520914
vt 0.951251 0.521728
vt 0.936397 0.522132
vt 0.915479 0.516654
vt 0.318879 0.397844
vt 0.312584 0.398904
vt 0.225706 0.225254
vt 0.932928 0.006753
vt 0.933427 0.005796
vt 0.932175 0.009187
vt 0.225596 0.226801
vt 0.224597 0.225867
vt 0.225989 0.226753
vt 0.213336 0.282686
vt 0.956309 0.020778
vt 0.958756 0.039441
vt 0.161287 0.157420
vt 0.136847 0.143203
vt 0.144504 0.154833
vt 0.964554 0.357016
vt 0.973692 0.353519
vt 0.976091 0.350612
vt 0.142376 0.154653
vt 0.142637 0.157034
vt 0.980225 0.348245
vt 0.976063 0.346766
vt 0.038662 0.631047
vt 0.039327 0.631675
vt 0.984942 0.348124
vt 0.986446 0.350439
vt 0.967179 0.362241
vt 0.968743 0.101848
vt 0.986121 0.345284
vt 0.022138 0.649140
vt 0.908190 0.991640
vt 0.908335 0.988118
vt 0.918154 0.988153
vt 0.917738 0.985048
vt 0.976897 0.437881
vt 0.971727 0.443501
vt 0.974501 0.439888
vt 0.987856 0.347279
vt 0.917689 0.991787
vt 0.061416 0.985888
vt 0.065289 0.986645
vt 0.053211 0.987313
vt 0.070524 0.987360
vt 0.067004 0.988207
vt 0.066439 0.988891
vt 0.067855 0.988608
vt 0.977620 0.436799
vt 0.976645 0.435205
vt 0.977125 0.435570
vt 0.065351 0.988903
vt 0.975834 0.444639
vt 0.983504 0.434835
vt 0.978912 0.442036
vt 0.976937 0.434726
vt 0.977560 0.432465
vt 0.980127 0.433597
vt 0.025074 0.651465
vt 0.021893 0.656807
vt 0.019934 0.655006
vt 0.024995 0.655637
vt 0.902396 0.990452
vt 0.902093 0.988879
vt 0.904630 0.988624
vt 0.019324 0.116981
vt 0.138696 0.156598
vt 0.920390 0.990220
vt 0.984564 0.438471
vt 0.982705 0.440678
vt 0.033331 0.106682
vt 0.031768 0.109909
vt 0.017499 0.110527
vt 0.928246 0.992093
vt 0.932435 0.990190
vt 0.989692 0.438482
vt 0.931193 0.991312
vt 0.019288 0.115206
vt 0.898587 0.985249
vt 0.923867 0.993493
vt 0.155500 0.137681
vt 0.157083 0.138773
vt 0.146242 0.138250
vt 0.994943 0.438042
vt 0.008754 0.650512
vt 0.022786 0.116888
vt 0.091212 0.138033
vt 0.681978 0.012575
vt 0.685664 0.014266
vt 0.406038 0.935212
vt 0.405163 0.923135
vt 0.440943 0.926873
vt 0.470287 0.925447
vt 0.388412 0.908868
vt 0.253831 0.550302
vt 0.825414 0.039602
vt 0.930919 0.011121
vt 0.203992 0.144381
vt 0.010039 0.097365
vt 0.577735 0.413537
vt 0.011991 0.107140
vt 0.142632 0.141453
vt 0.469529 0.256661
vt 0.597275 0.216825
vt 0.514381 0.244882
vt 0.922448 0.013044
vt 0.843512 0.213088
vt 0.849539 0.318414
vt 0.843065 0.323354
vt 0.607520 0.418715
vt 0.097377 0.467348
vt 0.054884 0.451897
vt 0.099490 0.466142
vt 0.028770 0.094410
vt 0.687012 0.026171
vt 0.467691 0.911060
vt 0.326952 0.387796
vt 0.646312 0.292480
vt 0.613916 0.419484
vt 0.163316 0.137720
vt 0.137391 0.134669
vt 0.115426 0.115980
vt 0.190340 0.068628
vt 0.195181 0.079045
vt 0.185427 0.078875
vt 0.641327 0.391274
vt 0.403336 0.936404
vt 0.357751 0.778077
vt 0.621372 0.211606
vt 0.623213 0.230601
vt 0.602126 0.218434
vt 0.206354 0.899640
vt 0.700084 0.036733
vt 0.214204 0.232918
vt 0.203409 0.893195
vt 0.371209 0.725923
vt 0.671915 0.006903
vt 0.683416 0.030354
vt 0.264700 0.415233
vt 0.779495 0.061830
vt 0.475811 0.938497
vt 0.450552 0.933046
vt 0.489046 0.932493
vt 0.621306 0.201063
vt 0.208841 0.283605
vt 0.636602 0.275495
vt 0.058398 0.095994
vt 0.335484 0.737041
vt 0.007126 0.102828
vt 0.674267 0.031017
vt 0.199090 0.090856
vt 0.236825 0.088469
vt 0.267479 0.408240
vt 0.775714 0.056119
vt 0.416522 0.709205
vt 0.417509 0.711969
vt 0.408066 0.712731
vt 0.337078 0.773960
vt 0.522107 0.229193
vt 0.592806 0.207110
vt 0.281730 0.361993
vt 0.200005 0.150295
vt 0.346017 0.784424
vt 0.468150 0.248376
vt 0.282813 0.383528
vt 0.175779 0.086513
vt 0.177099 0.914583
vt 0.208009 0.910697
vt 0.213308 0.924908
vt 0.529828 0.500436
vt 0.347038 0.731174
vt 0.358893 0.792206
vt 0.152426 0.670194
vt 0.166601 0.673427
vt 0.163560 0.689869
vt 0.700529 0.047371
vt 0.708156 0.053972
vt 0.568857 0.506083
vt 0.605773 0.538836
vt 0.567557 0.543182
vt 0.576705 0.493694
vt 0.023302 0.466736
vt 0.340724 0.731342
vt 0.962219 0.182822
vt 0.974987 0.182713
vt 0.967351 0.193684
vt 0.276830 0.552670
vt 0.253431 0.565909
vt 0.893513 0.779202
vt 0.891721 0.782975
vt 0.873741 0.718563
vt 0.614111 0.494081
vt 0.988567 0.840879
vt 0.989752 0.862117
vt 0.970311 0.848732
vt 0.937293 0.005011
vt 0.943475 0.013511
vt 0.934254 0.013532
vt 0.274412 0.372549
vt 0.385194 0.913717
vt 0.820081 0.165770
vt 0.158569 0.927397
vt 0.354974 0.727914
vt 0.352839 0.722600
vt 0.667481 0.827860
vt 0.620097 0.819237
vt 0.546341 0.777343
vt 0.705118 0.053814
vt 0.110792 0.592673
vt 0.899667 0.775820
vt 0.357119 0.726237
vt 0.153802 0.693864
vt 0.499392 0.236390
vt 0.920442 0.212345
vt 0.936748 0.234120
vt 0.141683 0.660623
vt 0.127644 0.618518
vt 0.145530 0.664403
vt 0.144776 0.513717
vt 0.919034 0.793854
vt 0.258976 0.284693
vt 0.627924 0.228718
vt 0.651254 0.280814
vt 0.628308 0.228714
vt 0.628338 0.228419
vt 0.628225 0.228631
vt 0.500799 0.927338
vt 0.139359 0.946725
vt 0.142750 0.944099
vt 0.154503 0.955086
vt 0.134183 0.938858
vt 0.160261 0.944650
vt 0.156208 0.979081
vt 0.151559 0.967603
vt 0.158490 0.967192
vt 0.174852 0.962445
vt 0.172964 0.957066
vt 0.172059 0.973423
vt 0.181685 0.969874
vt 0.175194 0.945904
vt 0.250921 0.596431
vt 0.178695 0.877557
vt 0.169609 0.864985
vt 0.216958 0.092683
vt 0.586874 0.082175
vt 0.586625 0.095698
vt 0.576643 0.089520
vt 0.349943 0.722967
vt 0.957079 0.225333
vt 0.114572 0.560771
vt 0.227015 0.094041
vt 0.596032 0.552742
vt 0.949632 0.234639
vt 0.932747 0.803999
vt 0.133517 0.615990
vt 0.028621 0.666681
vt 0.038775 0.666923
vt 0.041841 0.672922
vt 0.249506 0.749040
vt 0.981610 0.863444
vt 0.506821 0.688027
vt 0.522835 0.637164
vt 0.513505 0.686370
vt 0.230010 0.108411
vt 0.239751 0.103460
vt 0.647651 0.460621
vt 0.213715 0.933907
vt 0.166658 0.939622
vt 0.339008 0.777834
vt 0.188239 0.802416
vt 0.134892 0.512525
vt 0.025045 0.661467
vt 0.025152 0.748240
vt 0.538550 0.095754
vt 0.495880 0.090709
vt 0.583924 0.106729
vt 0.754713 0.009438
vt 0.788963 0.018492
vt 0.755883 0.017684
vt 0.193322 0.855329
vt 0.894666 0.744027
vt 0.282177 0.367090
vt 0.637136 0.492292
vt 0.644743 0.489256
vt 0.166252 0.881342
vt 0.741208 0.638522
vt 0.653624 0.582665
vt 0.305591 0.725306
vt 0.185404 0.953438
vt 0.121465 0.631322
vt 0.902631 0.704562
vt 0.574479 0.562863
vt 0.629831 0.496145
vt 0.274873 0.601374
vt 0.095172 0.876852
vt 0.213313 0.098638
vt 0.186911 0.106117
vt 0.188308 0.116077
vt 0.218024 0.106742
vt 0.624948 0.493293
vt 0.192411 0.939176
vt 0.168625 0.083108
vt 0.140300 0.112560
vt 0.975558 0.264856
vt 0.206876 0.851283
vt 0.158848 0.472941
vt 0.153431 0.464711
vt 0.200549 0.389052
vt 0.160792 0.287387
vt 0.198533 0.373172
vt 0.193044 0.375772
vt 0.979591 0.876001
vt 0.530675 0.816513
vt 0.525925 0.803110
vt 0.538438 0.785920
vt 0.929359 0.246006
vt 0.556866 0.516693
vt 0.515855 0.598488
vt 0.586032 0.574080
vt 0.594055 0.569516
vt 0.120372 0.934766
vt 0.960337 0.239405
vt 0.926021 0.272315
vt 0.560657 0.466845
vt 0.952995 0.188637
vt 0.147617 0.697703
vt 0.136818 0.710970
vt 0.120639 0.703358
vt 0.127959 0.710919
vt 0.411826 0.017774
vt 0.408263 0.023205
vt 0.402737 0.022571
vt 0.397644 0.009318
vt 0.404062 0.007378
vt 0.413062 0.013072
vt 0.795480 0.508948
vt 0.806134 0.512368
vt 0.803541 0.519751
vt 0.565446 0.816042
vt 0.564978 0.808468
vt 0.573879 0.821246
vt 0.116701 0.624828
vt 0.514026 0.695930
vt 0.553120 0.766922
vt 0.549417 0.768942
vt 0.202548 0.861950
vt 0.400363 0.036755
vt 0.110939 0.924976
vt 0.035119 0.080460
vt 0.030115 0.006626
vt 0.053710 0.008688
vt 0.072416 0.649995
vt 0.619571 0.822891
vt 0.581953 0.813672
vt 0.545949 0.808947
vt 0.147428 0.114253
vt 0.410671 0.033805
vt 0.832777 0.494251
vt 0.077430 0.007821
vt 0.539641 0.106871
vt 0.576246 0.802624
vt 0.148048 0.097484
vt 0.584308 0.059420
vt 0.509901 0.075172
vt 0.506379 0.082233
vt 0.247359 0.595550
vt 0.154652 0.116148
vt 0.184759 0.120353
vt 0.384714 0.059880
vt 0.119287 0.883362
vt 0.180900 0.377701
vt 0.317417 0.785194
vt 0.139051 0.749005
vt 0.544684 0.520161
vt 0.300849 0.721536
vt 0.139918 0.506827
vt 0.792560 0.501657
vt 0.805363 0.473398
vt 0.837441 0.474609
vt 0.128678 0.746270
vt 0.444487 0.006450
vt 0.095086 0.710006
vt 0.507414 0.695312
vt 0.863872 0.471195
vt 0.091022 0.690099
vt 0.498892 0.579654
vt 0.771445 0.473511
vt 0.121121 0.758697
vt 0.577159 0.592999
vt 0.343900 0.699764
vt 0.331254 0.638848
vt 0.448619 0.047124
vt 0.864047 0.477081
vt 0.608733 0.496027
vt 0.635194 0.510497
vt 0.255841 0.782968
vt 0.093803 0.701323
vt 0.547617 0.787825
vt 0.922503 0.270461
vt 0.146322 0.495488
vt 0.072066 0.640628
vt 0.890716 0.701862
vt 0.828240 0.009189
vt 0.165378 0.425231
vt 0.190691 0.382887
vt 0.221597 0.861659
vt 0.230406 0.871197
vt 0.138986 0.492458
vt 0.593685 0.575000
vt 0.594290 0.583644
vt 0.589630 0.587952
vt 0.605673 0.605344
vt 0.877526 0.704204
vt 0.499918 0.069797
vt 0.112691 0.764905
vt 0.147219 0.135742
vt 0.582664 0.590403
vt 0.289688 0.724964
vt 0.243505 0.701267
vt 0.574062 0.487304
vt 0.194710 0.390128
vt 0.306472 0.781582
vt 0.073643 0.761037
vt 0.152154 0.128514
vt 0.865608 0.491183
vt 0.295442 0.781295
vt 0.294623 0.781361
vt 0.294873 0.781186
vt 0.464317 0.724042
vt 0.502117 0.789778
vt 0.483163 0.578793
vt 0.612871 0.600862
vt 0.464678 0.075114
vt 0.444765 0.092283
vt 0.249290 0.781051
vt 0.148195 0.763461
vt 0.576243 0.498157
vt 0.183006 0.804619
vt 0.827455 0.018177
vt 0.416175 0.068700
vt 0.139630 0.786963
vt 0.143388 0.767034
vt 0.129185 0.789702
vt 0.550665 0.610402
vt 0.617775 0.600115
vt 0.626527 0.603656
vt 0.480422 0.053977
vt 0.471346 0.077251
vt 0.068061 0.660169
vt 0.114068 0.775770
vt 0.098585 0.773170
vt 0.085924 0.905378
vt 0.072016 0.911896
vt 0.077281 0.887280
vt 0.560231 0.623305
vt 0.852795 0.910341
vt 0.925795 0.918140
vt 0.899091 0.919316
vt 0.178052 0.804418
vt 0.495822 0.100726
vt 0.602659 0.788353
vt 0.092042 0.901568
vt 0.480728 0.060853
vt 0.485677 0.066332
vt 0.543193 0.775413
vt 0.598696 0.783558
vt 0.605759 0.621747
vt 0.070881 0.878291
vt 0.605416 0.613955
vt 0.840525 0.183892
vt 0.458586 0.085404
vt 0.927258 0.903692
vt 0.907099 0.905646
vt 0.855914 0.893895
vt 0.871966 0.493820
vt 0.845915 0.509822
vt 0.137667 0.127502
vt 0.469284 0.091118
vt 0.339913 0.699238
vt 0.064565 0.918662
vt 0.869327 0.538957
vt 0.876575 0.496102
vt 0.113719 0.790479
vt 0.103305 0.803963
vt 0.064285 0.865588
vt 0.488016 0.598059
vt 0.273563 0.693020
vt 0.502465 0.005095
vt 0.861848 0.482613
vt 0.092438 0.791161
vt 0.644558 0.507413
vt 0.470952 0.096127
vt 0.465391 0.096206
vt 0.884775 0.883632
vt 0.924746 0.897385
vt 0.092401 0.925575
vt 0.456681 0.723411
vt 0.512108 0.618024
vt 0.858184 0.899078
vt 0.484357 0.106272
vt 0.083520 0.875526
vt 0.318997 0.694014
vt 0.211789 0.398779
vt 0.444573 0.173537
vt 0.421630 0.143105
vt 0.463346 0.158193
vt 0.308922 0.676600
vt 0.882152 0.499627
vt 0.216202 0.747910
vt 0.071730 0.715908
vt 0.065116 0.707423
vt 0.507349 0.627209
vt 0.039419 0.589289
vt 0.056622 0.582095
vt 0.052040 0.610885
vt 0.057896 0.572941
vt 0.070968 0.617271
vt 0.862023 0.463048
vt 0.036782 0.117241
vt 0.029953 0.123618
vt 0.024005 0.119815
vt 0.240664 0.637360
vt 0.445478 0.181663
vt 0.329443 0.123837
vt 0.327590 0.135339
vt 0.320946 0.086966
vt 0.342190 0.101863
vt 0.329325 0.069659
vt 0.334797 0.067065
vt 0.295390 0.731446
vt 0.024042 0.162780
vt 0.034928 0.160139
vt 0.487307 0.607991
vt 0.430097 0.604825
vt 0.034282 0.585821
vt 0.282520 0.680504
vt 0.053445 0.632506
vt 0.052493 0.772019
vt 0.067899 0.780522
vt 0.237999 0.609393
vt 0.241396 0.601394
vt 0.243848 0.597288
vt 0.448175 0.208787
vt 0.621405 0.669056
vt 0.708002 0.324096
vt 0.709573 0.207201
vt 0.901913 0.835909
vt 0.928331 0.842872
vt 0.184599 0.745338
vt 0.203280 0.745242
vt 0.206041 0.755256
vt 0.073668 0.447547
vt 0.058604 0.419888
vt 0.077420 0.443095
vt 0.053555 0.698460
vt 0.264416 0.698574
vt 0.225355 0.786898
vt 0.052768 0.644513
vt 0.044332 0.791699
vt 0.302841 0.735857
vt 0.062220 0.446478
vt 0.054953 0.559961
vt 0.230696 0.631455
vt 0.461202 0.765786
vt 0.440272 0.731413
vt 0.496941 0.619802
vt 0.023842 0.568956
vt 0.019729 0.586070
vt 0.021161 0.571227
vt 0.066946 0.550327
vt 0.075724 0.552122
vt 0.079358 0.565533
vt 0.066242 0.612597
vt 0.885088 0.372557
vt 0.900563 0.364555
vt 0.913600 0.371394
vt 0.073291 0.508434
vt 0.050726 0.555381
vt 0.066340 0.514072
vt 0.045640 0.750145
vt 0.048806 0.757386
vt 0.617789 0.619397
vt 0.611168 0.621833
vt 0.196142 0.769519
vt 0.220205 0.769778
vt 0.873133 0.377621
vt 0.484295 0.804529
vt 0.405039 0.160902
vt 0.655293 0.629985
vt 0.302873 0.103292
vt 0.822048 0.928972
vt 0.817678 0.926463
vt 0.833227 0.921452
vt 0.027935 0.620353
vt 0.886759 0.364138
vt 0.089501 0.618630
vt 0.080592 0.614507
vt 0.127719 0.489910
vt 0.081905 0.540424
vt 0.368483 0.065040
vt 0.851759 0.888152
vt 0.841241 0.917910
vt 0.073708 0.610409
vt 0.047724 0.620142
vt 0.006978 0.761565
vt 0.006978 0.829907
vt 0.006543 0.798812
vt 0.894318 0.838968
vt 0.208915 0.772327
vt 0.201979 0.776441
vt 0.218073 0.790448
vt 0.213372 0.785254
vt 0.021419 0.645013
vt 0.011364 0.639205
vt 0.020501 0.633574
vt 0.017093 0.631770
vt 0.206089 0.775276
vt 0.010737 0.635387
vt 0.032337 0.396995
vt 0.028735 0.390709
vt 0.033797 0.382846
vt 0.040761 0.385366
vt 0.029816 0.394542
vt 0.042194 0.387153
vt 0.979724 0.540008
vt 0.980630 0.538824
vt 0.970640 0.530500
vt 0.031484 0.401801
vt 0.023009 0.396677
vt 0.977388 0.529069
vt 0.990345 0.538661
vt 0.984342 0.535321
vt 0.933606 0.985621
vt 0.943107 0.985590
vt 0.935535 0.988904
vt 0.936038 0.990832
vt 0.028590 0.403485
vt 0.982623 0.534753
vt 0.970744 0.521908
vt 0.016442 0.612919
vt 0.005642 0.616818
vt 0.973045 0.524239
vt 0.014555 0.629156
vt 0.935098 0.990236
vt 0.032742 0.630199
vt 0.033278 0.627100
vt 0.019103 0.612017
vt 0.935400 0.992768
vt 0.873343 0.388150
vt 0.366388 0.103738
vt 0.893154 0.827749
vt 0.870385 0.868686
vt 0.032654 0.170109
vt 0.028999 0.171701
vt 0.040984 0.165699
vt 0.039862 0.405693
vt 0.094245 0.531046
vt 0.094857 0.503845
vt 0.090365 0.500940
vt 0.060085 0.862628
vt 0.107994 0.840045
vt 0.469993 0.782892
vt 0.464932 0.775082
vt 0.464846 0.775061
vt 0.460088 0.771106
vt 0.464940 0.775242
vt 0.025470 0.171104
vt 0.024308 0.620082
vt 0.918150 0.385682
vt 0.442937 0.222499
vt 0.441466 0.231645
vt 0.392246 0.210200
vt 0.636892 0.633690
vt 0.816240 0.920864
vt 0.819327 0.913808
vt 0.053170 0.405743
vt 0.083392 0.846545
vt 0.074295 0.619980
vt 0.047743 0.630247
vt 0.108098 0.630346
vt 0.635507 0.639004
vt 0.247369 0.680630
vt 0.244542 0.643475
vt 0.838252 0.912919
vt 0.014213 0.162472
vt 0.027573 0.169390
vt 0.031125 0.177690
vt 0.028240 0.182537
vt 0.073475 0.494000
vt 0.044227 0.493976
vt 0.076003 0.487517
vt 0.435149 0.207960
vt 0.874822 0.830527
vt 0.858090 0.869088
vt 0.852064 0.878117
vt 0.406277 0.167747
vt 0.361557 0.135775
vt 0.854972 0.833869
vt 0.875538 0.336182
vt 0.087432 0.495976
vt 0.829820 0.905255
vt 0.118367 0.488514
vt 0.908713 0.304575
vt 0.882229 0.338874
vt 0.046077 0.626260
vt 0.637141 0.644424
vt 0.099070 0.179201
vt 0.097732 0.190439
vt 0.080069 0.175733
vt 0.079572 0.479198
vt 0.438752 0.782502
vt 0.042570 0.218340
vt 0.044345 0.212728
vt 0.048672 0.217819
vt 0.111892 0.857578
vt 0.973310 0.156723
vt 0.993309 0.156475
vt 0.992272 0.165253
vt 0.976942 0.131607
vt 0.079112 0.186583
vt 0.898965 0.332383
vt 0.424444 0.236430
vt 0.390401 0.226920
vt 0.972199 0.129492
vt 0.300095 0.595235
vt 0.312629 0.576156
vt 0.323414 0.598389
vt 0.993963 0.132065
vt 0.080183 0.471525
vt 0.391141 0.852725
vt 0.433866 0.835619
vt 0.392973 0.865792
vt 0.416159 0.210668
vt 0.376531 0.071559
vt 0.098932 0.199395
vt 0.927853 0.415135
vt 0.328934 0.595759
vt 0.735648 0.986519
vt 0.752662 0.984486
vt 0.736116 0.994887
vt 0.848306 0.827003
vt 0.919226 0.305138
vt 0.440815 0.788604
vt 0.418495 0.879109
vt 0.756980 0.986603
vt 0.279611 0.636055
vt 0.024449 0.221650
vt 0.005000 0.224724
vt 0.416578 0.740501
vt 0.311763 0.193279
vt 0.708062 0.993750
vt 0.710977 0.985489
vt 0.129401 0.253824
vt 0.192569 0.234572
vt 0.183007 0.263702
vt 0.372146 0.131010
vt 0.077277 0.193424
vt 0.456082 0.979908
vt 0.447161 0.973747
vt 0.487703 0.967827
vt 0.182095 0.285166
vt 0.178455 0.287329
vt 0.461196 0.799512
vt 0.029517 0.222910
vt 0.495380 0.935179
vt 0.030564 0.224880
vt 0.034250 0.229478
vt 0.030795 0.230714
vt 0.889641 0.006246
vt 0.904387 0.008343
vt 0.888806 0.006399
vt 0.889265 0.006558
vt 0.029959 0.230665
vt 0.034871 0.232626
vt 0.031115 0.232292
vt 0.030634 0.232144
vt 0.923392 0.321503
vt 0.103425 0.496593
vt 0.385242 0.199938
vt 0.028047 0.660365
vt 0.031753 0.660185
vt 0.199677 0.200684
vt 0.188490 0.229818
vt 0.146850 0.223687
vt 0.913346 0.311474
vt 0.416774 0.746385
vt 0.388870 0.848381
vt 0.182278 0.223339
vt 0.187272 0.211006
vt 0.172730 0.267398
vt 0.167760 0.276187
vt 0.139125 0.267597
vt 0.172017 0.281005
vt 0.033745 0.235857
vt 0.382756 0.069194
vt 0.393386 0.103644
vt 0.410488 0.080138
vt 0.936677 0.724567
vt 0.947508 0.714918
vt 0.945474 0.726398
vt 0.202452 0.204074
vt 0.193829 0.204529
vt 0.387500 0.122032
vt 0.395974 0.132493
vt 0.385120 0.121820
vt 0.944035 0.708695
vt 0.240371 0.642145
vt 0.387929 0.121910
vt 0.401051 0.067852
vt 0.589751 0.946849
vt 0.598359 0.912984
vt 0.599897 0.969523
vt 0.140467 0.827667
vt 0.393966 0.750443
vt 0.341512 0.825791
vt 0.385653 0.192826
vt 0.155191 0.221713
vt 0.908622 0.005123
vt 0.618293 0.947668
vt 0.604475 0.955805
vt 0.601683 0.944340
vt 0.133594 0.275028
vt 0.278155 0.629543
vt 0.646526 0.881406
vt 0.659749 0.898241
vt 0.590600 0.971953
vt 0.594134 0.964159
vt 0.065106 0.199638
vt 0.093229 0.214469
vt 0.105890 0.221882
vt 0.574435 0.956761
vt 0.165278 0.208332
vt 0.988754 0.018184
vt 0.982751 0.045582
vt 0.974416 0.046539
vt 0.093977 0.243918
vt 0.618435 0.942516
vt 0.133504 0.808735
vt 0.132292 0.826026
vt 0.089126 0.818407
vt 0.339423 0.146882
vt 0.017723 0.782247
vt 0.021205 0.777894
vt 0.025235 0.793847
vt 0.858687 0.400928
vt 0.851935 0.464434
vt 0.859093 0.382700
vt 0.345568 0.854632
vt 0.975504 0.718852
vt 0.976550 0.709606
vt 0.027185 0.785120
vt 0.136263 0.492950
vt 0.135418 0.261176
vt 0.127308 0.277696
vt 0.179416 0.438205
vt 0.251457 0.549339
vt 0.192808 0.575470
vt 0.618922 0.938064
vt 0.615213 0.931081
vt 0.650073 0.937039
vt 0.643886 0.944199
vt 0.674731 0.927090
vt 0.473131 0.201244
vt 0.477040 0.197982
vt 0.592281 0.197018
vt 0.031428 0.794192
vt 0.036564 0.813584
vt 0.837980 0.337994
vt 0.837861 0.403450
vt 0.835197 0.448941
vt 0.969977 0.179456
vt 0.959780 0.180432
vt 0.969439 0.109407
vt 0.346768 0.850998
vt 0.598081 0.684937
vt 0.666067 0.780524
vt 0.619199 0.804388
vt 0.144635 0.457502
vt 0.282677 0.113091
vt 0.293580 0.123637
vt 0.279613 0.141560
vt 0.294265 0.102787
vt 0.299903 0.101150
vt 0.848524 0.465263
vt 0.826927 0.331663
vt 0.160996 0.202429
vt 0.853242 0.353774
vt 0.230422 0.194283
vt 0.980617 0.016883
vt 0.977106 0.716236
vt 0.383135 0.747435
vt 0.829258 0.454259
vt 0.327312 0.176800
vt 0.316350 0.176417
vt 0.969276 0.016683
vt 0.976644 0.017652
vt 0.677527 0.907653
vt 0.846597 0.325529
vt 0.314413 0.144269
vt 0.307092 0.144383
vt 0.303065 0.120601
vt 0.976021 0.718743
vt 0.206899 0.661198
vt 0.211018 0.651590
vt 0.216419 0.668936
vt 0.223734 0.661484
vt 0.140147 0.182799
vt 0.094199 0.985440
vt 0.093720 0.993426
vt 0.092073 0.992199
vt 0.081862 0.992183
vt 0.089213 0.993141
vt 0.989628 0.716234
vt 0.990351 0.717941
vt 0.910826 0.005096
vt 0.921797 0.007217
vt 0.918652 0.008739
vt 0.920104 0.010843
vt 0.911815 0.007528
vt 0.907650 0.011416
vt 0.178478 0.155011
vt 0.295192 0.144810
vt 0.333622 0.152872
vt 0.347964 0.353254
vt 0.255893 0.339822
vt 0.246357 0.332072
vt 0.293559 0.347184
vt 0.952004 0.103192
vt 0.960009 0.106630
vt 0.131419 0.223714
vt 0.440761 0.237510
vt 0.295168 0.139805
vt 0.674227 0.941092
vt 0.017973 0.815206
vt 0.219347 0.683943
vt 0.687875 0.917397
vt 0.062822 0.832672
vt 0.038054 0.828811
vt 0.016016 0.822097
vt 0.024736 0.826414
vt 0.044565 0.839830
vt 0.033568 0.840492
vt 0.027169 0.833739
vt 0.006605 0.835881
vt 0.027918 0.841039
vt 0.006623 0.848121
vt 0.018913 0.856664
vt 0.009056 0.857750
vt 0.081623 0.991688
vt 0.065645 0.341903
vt 0.204289 0.643209
vt 0.079213 0.844726
vt 0.356210 0.361185
vt 0.237445 0.347870
vt 0.121013 0.279178
vt 0.315146 0.125916
vt 0.078401 0.986482
vt 0.314433 0.180394
vt 0.042940 0.448576
vt 0.032725 0.449953
vt 0.029110 0.443352
vt 0.024036 0.462629
vt 0.585836 0.136059
vt 0.601658 0.111327
vt 0.641279 0.133754
vt 0.258977 0.305174
vt 0.339054 0.334689
vt 0.075117 0.299715
vt 0.046985 0.255205
vt 0.647302 0.940642
vt 0.687058 0.936640
vt 0.325575 0.147491
vt 0.020031 0.464853
vt 0.016898 0.453490
vt 0.193962 0.661983
vt 0.372953 0.749474
vt 0.454695 0.250044
vt 0.009792 0.451103
vt 0.018103 0.447370
vt 0.260412 0.701367
vt 0.211704 0.689098
vt 0.951461 0.184445
vt 0.058646 0.447121
vt 0.008240 0.456709
vt 0.985410 0.169002
vt 0.982207 0.171811
vt 0.982624 0.165316
vt 0.986828 0.172197
vt 0.978830 0.176382
vt 0.973388 0.160537
vt 0.215986 0.406027
vt 0.192474 0.243728
vt 0.224571 0.399274
vt 0.574638 0.643662
vt 0.358072 0.346201
vt 0.258601 0.289133
vt 0.352285 0.336657
vt 0.820736 0.959740
vt 0.893789 0.972608
vt 0.859478 0.970496
vt 0.690559 0.945693
vt 0.359996 0.317996
vt 0.357794 0.330029
vt 0.984461 0.174255
vt 0.972727 0.174877
vt 0.223779 0.358302
vt 0.199815 0.121370
vt 0.015738 0.445563
vt 0.977115 0.177663
vt 0.038484 0.239089
vt 0.895426 0.958024
vt 0.580103 0.705243
vt 0.237554 0.140905
vt 0.170582 0.592522
vt 0.182778 0.634852
vt 0.182274 0.666580
vt 0.194895 0.644474
vt 0.325910 0.820304
vt 0.332997 0.828017
vt 0.322730 0.824866
vt 0.687355 0.209039
vt 0.116645 0.272601
vt 0.030740 0.410728
vt 0.025715 0.417084
vt 0.035706 0.255444
vt 0.527942 0.980729
vt 0.148008 0.550946
vt 0.210508 0.692953
vt 0.021029 0.046081
vt 0.029786 0.041111
vt 0.019258 0.075385
vt 0.296382 0.855824
vt 0.334140 0.149423
vt 0.315453 0.862418
vt 0.236475 0.145117
vt 0.017387 0.416155
vt 0.044838 0.264337
vt 0.135613 0.183203
vt 0.979971 0.208751
vt 0.424533 0.294374
vt 0.428911 0.298882
vt 0.366209 0.327921
vt 0.031257 0.075422
vt 0.686520 0.843679
vt 0.715896 0.842321
vt 0.693628 0.855185
vt 0.033484 0.096554
vt 0.042345 0.113217
vt 0.039902 0.117993
vt 0.688941 0.145404
vt 0.669340 0.131730
vt 0.707840 0.109102
vt 0.021417 0.267139
vt 0.011188 0.272926
vt 0.017729 0.260493
vt 0.318801 0.828480
vt 0.360498 0.375281
vt 0.355845 0.370716
vt 0.037998 0.150153
vt 0.072961 0.149007
vt 0.054541 0.115775
vt 0.015891 0.412342
vt 0.665475 0.134609
vt 0.189044 0.682755
vt 0.140172 0.175248
vt 0.171194 0.585579
vt 0.978657 0.211301
vt 0.980894 0.229659
vt 0.674094 0.209223
vt 0.576755 0.166086
vt 0.582836 0.143962
vt 0.370993 0.351394
vt 0.006660 0.074284
vt 0.122755 0.177756
vt 0.099533 0.271482
vt 0.542239 0.702106
vt 0.061086 0.158304
vt 0.045325 0.168836
vt 0.047950 0.160412
vt 0.045532 0.103885
vt 0.990332 0.627570
vt 0.995000 0.656805
vt 0.989850 0.629475
vt 0.686203 0.164893
vt 0.044686 0.808181
vt 0.474901 0.286284
vt 0.900965 0.963001
vt 0.686643 0.851336
vt 0.114810 0.188915
vt 0.114489 0.288462
vt 0.235732 0.562918
vt 0.387766 0.333104
vt 0.910501 0.193340
vt 0.908407 0.236258
vt 0.906623 0.191523
vt 0.297649 0.187696
vt 0.294232 0.180216
vt 0.810993 0.339890
vt 0.809963 0.466320
vt 0.798334 0.325994
vt 0.797121 0.415745
vt 0.796285 0.411042
vt 0.985794 0.627091
vt 0.983360 0.622207
vt 0.057870 0.070567
vt 0.602641 0.184732
vt 0.365670 0.390777
vt 0.380562 0.341384
vt 0.298614 0.849988
vt 0.915840 0.181631
vt 0.916159 0.174556
vt 0.917824 0.188944
vt 0.035368 0.273898
vt 0.791781 0.407538
vt 0.074794 0.134790
vt 0.698891 0.177369
vt 0.944045 0.286094
vt 0.931080 0.290119
vt 0.922701 0.277803
vt 0.976642 0.385364
vt 0.981441 0.396373
vt 0.966119 0.385001
vt 0.991912 0.366392
vt 0.991236 0.307394
vt 0.979148 0.311011
vt 0.985031 0.303132
vt 0.966463 0.364462
vt 0.984033 0.296503
vt 0.973910 0.290907
vt 0.951209 0.343985
vt 0.981131 0.340893
vt 0.948716 0.352063
vt 0.969382 0.541858
vt 0.986340 0.547662
vt 0.976084 0.551461
vt 0.994210 0.561007
vt 0.963818 0.329664
vt 0.966830 0.336494
vt 0.949966 0.332845
vt 0.936326 0.338091
vt 0.977363 0.560543
vt 0.937790 0.349735
vt 0.979959 0.327820
vt 0.960093 0.550033
vt 0.979527 0.571268
vt 0.965183 0.566215
vt 0.994871 0.573975
vt 0.950298 0.556416
vt 0.953872 0.296017
vt 0.935905 0.298360
vt 0.918452 0.293582
vt 0.986116 0.575691
vt 0.938764 0.594116
vt 0.970167 0.288421
vt 0.984206 0.611534
vt 0.945412 0.265594
vt 0.952727 0.599850
vt 0.957456 0.280711
vt 0.967873 0.604703
vt 0.941161 0.608509
vt 0.955600 0.614495
vt 0.964007 0.268705
vt 0.964238 0.607418
vt 0.297995 0.841373
vt 0.626473 0.200805
vt 0.972357 0.278444
vt 0.975381 0.611390
vt 0.427390 0.314517
vt 0.582926 0.671324
vt 0.994206 0.610140
vt 0.178393 0.678184
vt 0.166043 0.633216
vt 0.672624 0.874025
vt 0.674781 0.847950
vt 0.659425 0.873366
vt 0.659933 0.848386
vt 0.585829 0.009050
vt 0.590234 0.018112
vt 0.507415 0.016900
vt 0.059747 0.108853
vt 0.699291 0.143188
vt 0.697231 0.157309
vt 0.584216 0.874468
vt 0.583952 0.851580
vt 0.100840 0.293137
vt 0.605237 0.075922
vt 0.613529 0.070039
vt 0.611238 0.087839
vt 0.597159 0.072677
vt 0.073142 0.121459
vt 0.729175 0.111839
vt 0.201325 0.603318
vt 0.191244 0.631326
vt 0.237514 0.589423
vt 0.714144 0.172392
vt 0.229179 0.394607
vt 0.167180 0.694294
vt 0.993737 0.596016
vt 0.700763 0.156536
vt 0.907016 0.272095
vt 0.919266 0.275200
vt 0.075505 0.430028
vt 0.045181 0.382271
vt 0.060964 0.372412
vt 0.669217 0.837722
vt 0.077876 0.318525
vt 0.504681 0.005000
vt 0.616011 0.076052
vt 0.081176 0.137658
vt 0.375875 0.331904
vt 0.917528 0.283168
vt 0.638839 0.833304
vt 0.557404 0.681244
vt 0.239761 0.401719
vt 0.595107 0.104816
vt 0.569340 0.167332
vt 0.614502 0.111793
vt 0.527986 0.895370
vt 0.534614 0.896201
vt 0.719432 0.140374
vt 0.098313 0.458853
vt 0.091315 0.460013
vt 0.256023 0.944118
vt 0.058354 0.365764
vt 0.076983 0.378782
vt 0.579904 0.820561
vt 0.611184 0.899048
vt 0.622593 0.105869
vt 0.186955 0.430108
vt 0.066991 0.363493
vt 0.088511 0.337121
vt 0.600531 0.006378
vt 0.582619 0.896784
vt 0.256899 0.947632
vt 0.093534 0.436811
vt 0.075487 0.371653
vt 0.645065 0.227658
vt 0.648196 0.223596
vt 0.097460 0.427850
vt 0.083976 0.381793
vt 0.644312 0.896849
vt 0.626063 0.877685
vt 0.612487 0.887098
vt 0.603882 0.879816
vt 0.567037 0.884168
vt 0.274386 0.976564
vt 0.623796 0.104950
vt 0.259203 0.939001
vt 0.261243 0.942056
vt 0.258429 0.939852
vt 0.650252 0.219275
vt 0.594790 0.820072
vt 0.640907 0.905952
vt 0.842031 0.987237
vt 0.822189 0.993767
vt 0.271578 0.963472
vt 0.258759 0.941593
vt 0.212025 0.433333
vt 0.806567 0.750729
vt 0.784068 0.723908
vt 0.795999 0.732188
vt 0.800367 0.726844
vt 0.585490 0.881117
vt 0.577289 0.882864
vt 0.576016 0.873683
vt 0.959958 0.870275
vt 0.962556 0.881869
vt 0.951696 0.882182
vt 0.209075 0.619158
vt 0.961868 0.477723
vt 0.970456 0.512384
vt 0.962281 0.487530
vt 0.802699 0.724140
vt 0.785647 0.716504
vt 0.965371 0.513275
vt 0.818355 0.990127
vt 0.518937 0.671724
vt 0.949820 0.539513
vt 0.991438 0.518644
vt 0.710479 0.681666
vt 0.267180 0.936806
vt 0.105034 0.454329
vt 0.114572 0.483616
vt 0.102026 0.441755
vt 0.095950 0.376006
vt 0.905096 0.276674
vt 0.917164 0.287842
vt 0.901944 0.287050
vt 0.808632 0.679623
vt 0.966483 0.519988
vt 0.972437 0.519006
vt 0.730226 0.199671
vt 0.113328 0.417027
vt 0.102467 0.343881
vt 0.811031 0.674210
vt 0.816064 0.677558
vt 0.814812 0.983068
vt 0.117241 0.296264
vt 0.785253 0.927536
vt 0.790174 0.915877
vt 0.795703 0.946712
vt 0.800316 0.944117
vt 0.800721 0.948306
vt 0.575390 0.870331
vt 0.562361 0.883832
vt 0.283649 0.967964
vt 0.114479 0.305767
vt 0.900713 0.285491
vt 0.891708 0.281194
vt 0.894333 0.271785
vt 0.288501 0.969192
vt 0.135061 0.296391
vt 0.126242 0.282805
vt 0.862846 0.228533
vt 0.883287 0.254936
vt 0.869415 0.275247
vt 0.882772 0.284577
vt 0.115763 0.409320
vt 0.102037 0.380473
vt 0.128717 0.307778
vt 0.103059 0.334819
vt 0.121302 0.312426
vt 0.218657 0.623121
vt 0.299199 0.936884
vt 0.902512 0.011048
vt 0.830370 0.007826
vt 0.870514 0.007038
vt 0.884817 0.304888
vt 0.107991 0.352346
vt 0.836897 0.715293
vt 0.797644 0.977475
vt 0.141015 0.403126
vt 0.834484 0.013027
vt 0.145240 0.297892
vt 0.964869 0.804835
vt 0.112930 0.369778
vt 0.896843 0.329375
vt 0.873800 0.306200
vt 0.747713 0.930655
vt 0.956203 0.805552
vt 0.784372 0.974803
vt 0.771924 0.962279
vt 0.778996 0.974130
vt 0.950605 0.802156
vt 0.948649 0.885276
vt 0.865986 0.286857
vt 0.158420 0.403664
vt 0.859427 0.287650
vt 0.862335 0.338352
vt 0.769548 0.966382
vt 0.756745 0.949287
vt 0.123959 0.322621
vt 0.125348 0.333709
vt 0.944912 0.818154
vt 0.765041 0.962016
vt 0.934722 0.841982
vt 0.812633 0.657154
vt 0.834863 0.649663
vt 0.831751 0.684683
vt 0.759398 0.973508
vt 0.870629 0.333397
vt 0.747491 0.973992
vt 0.903860 0.229627
vt 0.855305 0.225437
vt 0.860453 0.209524
vt 0.123824 0.343931
vt 0.926680 0.824843
vt 0.864208 0.690048
vt 0.746147 0.980738
vt 0.923552 0.828183
vt 0.902034 0.214118
vt 0.829154 0.694911
vt 0.853294 0.206462
vt 0.866102 0.172605
vt 0.867022 0.651399
vt 0.864432 0.695950
vt 0.831596 0.642986
vt 0.867588 0.644279
vt 0.861157 0.169073
vt 0.906531 0.168121
vt 0.899376 0.176880
vt 0.905777 0.691473
vt 0.877284 0.806278
vt 0.869176 0.158332
vt 0.864656 0.162861
vt 0.869896 0.640186
vt 0.901020 0.161152
vt 0.856541 0.125478
vt 0.910180 0.697885
vt 0.905134 0.660094
vt 0.905315 0.653636
vt 0.908558 0.121475
vt 0.861499 0.122772
vt 0.915879 0.698948
vt 0.916692 0.648754
s 0
f 6/1/1 2/2/1 13/3/1
s 1
f 4/4/2 5/5/2 3/6/2
s 0
f 5/5/3 4/4/3 7/7/3
f 5/5/4 6/8/4 3/6/4
s 1
f 18/9/5 4/4/6 8/10/7
s 0
f 7/7/8 4/4/8 11/11/8
s 1
f 4/4/9 18/9/10 11/11/11
s 0
f 6/8/12 5/5/12 7/7/12
f 4/4/13 3/6/13 6/8/13
s 1
f 12/12/14 18/9/15 8/10/16
f 18/9/15 12/12/14 22/13/17
f 4/14/18 6/1/19 13/3/20
s 0
f 7/7/21 11/11/21 9/15/21
s 1
f 14/16/22 6/8/23 7/7/24
s 0
f 10/17/25 2/2/25 6/1/25
s 1
f 4/14/18 13/3/20 16/18/26
s 0
f 13/3/27 2/2/27 16/18/27
f 9/15/28 11/11/28 15/19/28
s 1
f 8/20/29 4/14/30 21/21/31
s 0
f 10/17/32 6/1/32 14/22/32
f 2/2/33 10/17/33 16/18/33
f 1/23/34 14/16/34 9/15/34
s 1
f 14/16/22 7/7/24 9/15/35
f 21/21/31 4/14/30 16/18/36
s 0
f 10/17/37 14/22/37 26/24/37
f 26/24/38 16/18/38 10/17/38
f 9/15/39 15/19/39 17/25/39
s 1
f 11/11/11 18/9/10 15/19/40
f 12/26/41 8/20/42 23/27/43
s 0
f 17/25/44 19/28/44 14/16/44
s 1
f 17/25/45 1/23/45 9/15/45
s 0
f 14/16/46 1/23/46 17/25/46
s 1
f 26/24/47 21/21/48 16/18/49
f 23/27/43 8/20/42 21/21/50
s 0
f 14/22/51 19/29/51 26/24/51
f 28/30/52 19/28/52 17/25/52
s 1
f 17/25/53 15/19/54 18/9/55
f 12/26/56 23/27/57 31/31/58
f 26/24/47 24/32/59 21/21/48
f 24/33/60 17/25/53 18/9/55
f 23/27/61 21/21/62 29/34/63
f 12/12/56 31/35/58 22/13/64
f 27/36/65 18/9/66 22/13/67
f 26/24/68 19/29/68 28/37/68
f 27/36/65 22/13/67 31/35/69
s 0
f 27/38/70 21/21/70 24/32/70
s 1
f 24/32/59 26/24/47 28/37/71
f 28/30/72 17/25/73 24/33/60
s 0
f 24/33/74 18/9/74 27/36/74
s 1
f 21/21/62 27/38/75 29/34/63
f 31/31/76 23/27/61 29/34/63
f 31/31/76 29/34/63 27/38/77
s 0
f 33/39/78 34/40/78 46/41/78
s 1
f 50/42/79 37/43/80 47/44/81
f 43/45/82 45/46/83 39/47/84
f 45/46/85 35/48/85 36/49/85
f 39/47/84 45/46/83 36/49/86
s 0
f 39/50/87 38/51/87 40/52/87
f 40/52/88 38/51/88 41/53/88
f 37/43/89 40/52/89 41/53/89
f 41/53/90 38/51/90 39/50/90
f 47/44/91 37/43/91 41/53/91
f 44/54/92 35/48/92 45/46/92
s 1
f 48/55/93 39/47/94 40/56/95
f 45/46/96 43/45/97 46/41/98
s 0
f 48/55/99 43/45/99 39/47/99
f 36/49/100 35/48/100 44/54/100
f 39/50/101 36/57/101 41/53/101
s 1
f 51/58/102 48/55/93 40/56/95
f 43/45/97 48/55/103 46/41/98
s 0
f 51/58/104 49/59/104 48/55/104
f 34/40/105 45/46/105 46/41/105
f 47/44/106 41/53/106 52/60/106
f 34/40/107 44/54/107 45/46/107
f 41/53/108 36/57/108 52/60/108
f 46/41/109 48/55/109 53/61/109
f 37/62/110 51/58/110 40/56/110
f 54/63/111 53/61/111 48/55/111
s 1
f 50/42/112 47/44/113 61/64/114
s 0
f 54/63/115 49/59/115 51/58/115
s 1
f 37/43/80 50/42/79 57/65/116
f 55/66/117 46/41/118 53/61/119
s 0
f 48/55/120 49/59/120 54/63/120
f 52/60/121 36/57/121 44/67/121
s 1
f 55/66/117 33/39/122 46/41/118
s 0
f 60/68/123 53/61/123 54/63/123
s 1
f 61/64/114 47/44/113 52/60/124
f 52/69/125 44/70/126 33/71/127
f 51/58/128 37/62/129 54/63/130
s 0
f 44/54/131 34/40/131 33/39/131
f 55/66/132 53/61/132 58/72/132
s 1
f 33/39/122 55/66/117 63/73/133
s 0
f 58/72/134 53/61/134 62/74/134
f 53/61/135 60/68/135 62/74/135
s 1
f 60/68/136 54/63/130 62/74/137
f 52/69/138 33/71/139 63/75/140
s 0
f 52/69/141 63/75/141 64/76/141
f 63/73/142 55/66/142 58/72/142
s 1
f 62/74/137 54/63/130 37/62/129
s 0
f 58/72/143 62/74/143 63/73/143
f 64/77/144 63/73/144 62/74/144
s 1
f 57/65/145 50/42/146 61/64/147
f 64/76/148 37/78/149 57/79/150
f 61/80/151 52/69/152 64/76/153
s 0
f 64/77/154 62/74/154 37/62/154
s 1
f 61/80/151 64/76/153 66/81/155
f 64/76/148 57/79/150 66/81/156
f 66/81/157 57/79/145 61/80/147
f 70/82/158 81/83/159 74/84/160
f 78/85/161 74/84/160 81/83/159
f 72/86/162 71/87/162 70/82/162
s 0
f 71/88/163 72/89/163 76/90/163
f 70/82/164 74/84/164 73/91/164
f 82/92/165 73/91/165 74/84/165
s 1
f 78/85/166 84/93/167 75/94/168
f 83/95/169 82/92/170 74/84/171
s 0
f 74/84/172 78/85/172 75/94/172
s 1
f 81/83/173 70/82/173 71/87/173
s 0
f 71/88/174 76/90/174 81/96/174
s 1
f 76/90/175 72/89/175 86/97/175
f 72/86/176 70/82/176 82/92/176
s 0
f 81/96/177 76/90/177 86/97/177
f 70/82/178 73/91/178 82/92/178
f 77/98/179 74/84/179 75/94/179
s 1
f 82/92/170 83/95/169 79/99/180
s 0
f 78/85/181 81/83/181 84/93/181
s 1
f 84/100/182 81/101/183 80/102/184
f 74/84/185 77/98/186 83/95/187
f 81/101/183 86/103/188 80/102/184
s 0
f 87/104/189 77/98/189 75/94/189
s 1
f 80/102/190 86/103/191 85/105/192
f 85/105/192 86/103/191 90/106/193
s 0
f 72/86/194 82/92/194 79/99/194
s 1
f 77/98/195 88/107/196 69/108/197
f 77/98/195 87/104/198 88/107/196
f 75/94/168 84/93/167 87/104/199
s 0
f 79/99/200 83/95/200 69/108/200
s 1
f 69/108/201 83/95/187 77/98/202
f 86/97/203 72/89/204 89/109/205
f 72/89/206 79/110/207 89/109/208
f 87/111/209 84/100/182 80/102/184
f 86/103/210 93/112/211 90/106/212
s 0
f 91/113/213 79/99/213 69/108/213
f 89/109/214 79/110/214 91/114/214
s 1
f 92/115/215 88/107/216 87/104/198
f 94/116/217 85/105/192 90/106/193
f 92/115/215 69/108/197 88/107/216
s 0
f 87/111/218 80/102/218 107/117/218
f 69/108/219 92/115/219 67/118/219
s 1
f 92/115/215 87/104/198 97/119/220
f 80/102/190 85/105/192 94/116/217
f 93/120/211 86/97/210 89/109/221
s 0
f 92/115/222 68/121/222 96/122/222
f 97/119/223 68/121/223 92/115/223
s 1
f 96/122/224 68/121/225 97/119/226
f 96/122/227 67/118/228 92/115/229
s 0
f 69/108/230 95/123/230 91/113/230
s 1
f 97/124/231 87/111/232 107/117/233
f 95/123/234 69/108/235 67/118/236
f 96/122/224 97/119/237 105/125/238
f 103/126/239 95/123/240 67/118/241
f 94/116/242 107/117/243 80/102/244
f 94/116/245 90/106/246 108/127/247
s 0
f 89/128/248 103/129/248 107/117/248
s 1
f 105/125/249 97/119/250 101/130/251
s 0
f 97/124/252 100/131/252 102/132/252
f 100/131/253 105/133/253 102/132/253
s 1
f 105/125/249 101/130/254 102/134/255
s 0
f 104/135/256 101/136/256 97/124/256
f 102/137/257 101/138/257 96/122/257
f 96/122/258 101/138/258 103/126/258
f 103/129/259 101/139/259 104/140/259
f 97/124/260 102/132/260 104/135/260
f 104/141/261 102/137/261 96/122/261
f 89/128/262 91/142/262 103/129/262
s 1
f 67/118/228 96/122/227 103/126/263
s 0
f 91/113/264 95/123/264 103/126/264
s 1
f 96/122/224 105/125/238 104/141/265
s 0
f 105/133/266 100/131/266 104/140/266
s 1
f 100/131/267 97/124/231 107/117/233
f 107/117/268 104/140/269 100/131/270
f 104/140/269 107/117/268 103/129/271
f 93/112/272 89/128/273 108/127/274
f 108/127/275 107/117/243 94/116/242
f 108/127/274 89/128/273 107/117/276
f 108/127/247 90/106/246 93/112/277
s 0
f 113/143/278 111/144/278 112/145/278
s 1
f 117/146/279 119/147/280 126/148/281
f 117/146/282 126/148/283 127/149/284
f 121/150/285 119/147/280 117/146/279
f 121/150/285 117/146/279 120/151/286
s 0
f 116/152/287 122/153/287 123/154/287
f 122/153/288 120/151/288 123/154/288
s 1
f 132/155/289 119/147/280 121/150/285
s 0
f 123/154/290 125/156/290 116/152/290
f 122/153/291 116/152/291 128/157/291
f 128/157/292 116/152/292 125/156/292
f 120/151/293 122/153/293 132/155/293
f 132/155/294 121/150/294 120/151/294
s 1
f 120/158/295 117/159/296 109/160/297
f 126/148/281 119/147/280 132/155/289
s 0
f 128/161/298 125/162/298 134/163/298
f 125/162/299 123/164/299 130/165/299
f 144/166/300 125/162/300 130/165/300
s 1
f 115/167/301 123/164/302 140/168/303
f 132/155/304 122/153/305 133/169/306
s 0
f 133/169/307 122/153/307 128/157/307
f 133/170/308 128/161/308 134/163/308
f 125/162/309 144/166/309 134/163/309
f 130/165/310 123/164/310 115/167/310
s 1
f 109/160/297 117/159/296 127/171/311
f 123/164/302 109/160/312 140/168/303
s 0
f 123/164/313 120/158/313 109/160/313
s 1
f 127/149/284 126/148/283 141/172/314
s 0
f 136/173/315 115/167/315 140/168/315
f 139/174/316 136/173/316 140/168/316
s 1
f 135/175/317 114/176/317 133/177/317
f 132/178/304 133/177/306 138/179/318
s 0
f 133/177/319 114/176/319 138/179/319
f 130/165/320 115/167/320 144/166/320
s 1
f 109/160/321 127/171/322 137/180/323
f 114/176/324 135/175/325 142/181/326
f 135/182/327 133/170/328 134/163/329
f 136/173/330 139/174/331 144/166/332
f 137/180/323 127/171/322 141/183/333
s 0
f 144/166/334 115/167/334 136/173/334
f 138/179/335 114/176/335 142/181/335
s 1
f 135/182/327 134/163/329 144/166/336
f 144/166/332 139/174/331 110/184/337
f 132/178/338 138/179/339 142/181/340
s 0
f 135/182/341 111/144/341 113/143/341
f 110/184/342 111/144/342 135/182/342
f 112/145/343 111/144/343 110/184/343
f 139/174/344 140/168/344 110/184/344
s 1
f 142/185/326 135/182/325 113/143/345
f 110/184/346 135/182/347 144/166/336
f 141/172/348 126/148/349 132/155/350
f 146/186/351 141/187/348 132/178/350
s 0
f 112/145/352 110/184/352 147/188/352
s 1
f 110/184/353 140/168/354 109/160/355
s 0
f 112/145/356 147/188/356 113/143/356
s 1
f 109/160/321 137/180/323 146/189/357
f 110/184/353 109/160/355 146/189/358
f 132/178/338 142/181/340 146/186/359
s 0
f 142/185/360 113/143/360 147/188/360
s 1
f 137/180/323 141/183/333 146/189/357
f 146/186/359 142/181/340 147/190/361
f 146/189/358 147/188/362 110/184/353
f 154/191/363 152/192/364 151/193/365
f 155/194/366 151/195/365 153/196/367
f 157/197/368 153/196/369 151/195/370
f 154/198/363 151/195/365 155/194/366
s 0
f 156/199/371 152/192/371 154/191/371
s 1
f 151/193/370 158/200/372 157/201/368
s 0
f 155/194/373 153/196/373 157/197/373
f 151/193/374 152/192/374 159/202/374
f 152/192/375 156/199/375 159/202/375
f 157/197/376 163/203/376 155/194/376
f 158/200/377 151/193/377 159/202/377
f 156/199/378 154/191/378 165/204/378
f 157/201/379 158/200/379 160/205/379
f 159/202/380 156/199/380 161/206/380
s 1
f 154/198/381 155/194/382 165/207/383
f 165/207/383 155/194/382 164/208/384
f 155/194/385 163/203/386 164/208/387
s 0
f 160/205/388 158/200/388 159/202/388
f 156/199/389 165/204/389 161/206/389
f 150/209/390 161/206/390 165/204/390
f 149/210/391 157/201/391 160/205/391
s 1
f 165/207/383 164/208/384 172/211/392
s 0
f 167/212/393 157/197/393 149/213/393
s 1
f 163/203/394 157/197/395 167/212/396
f 160/205/397 159/202/398 168/214/399
f 164/208/387 163/203/386 166/215/400
f 159/202/401 161/206/402 168/214/403
f 168/214/399 149/210/404 160/205/397
f 161/206/402 150/209/405 168/214/403
s 0
f 150/209/406 165/204/406 172/216/406
f 173/217/407 150/209/407 170/218/407
s 1
f 172/211/408 164/208/387 166/215/400
f 163/203/394 167/212/396 166/215/409
s 0
f 167/212/410 149/213/410 169/219/410
f 169/220/411 149/210/411 168/214/411
s 1
f 168/214/412 150/209/413 173/217/414
s 0
f 173/217/415 170/218/415 148/221/415
f 170/218/416 150/209/416 172/216/416
s 1
f 169/220/417 168/214/412 173/217/418
s 0
f 166/215/419 169/219/419 174/222/419
f 167/212/420 169/219/420 166/215/420
s 1
f 179/223/421 170/218/422 172/216/423
s 0
f 174/222/424 169/219/424 175/224/424
f 177/225/425 173/217/425 148/221/425
s 1
f 174/222/426 172/211/408 166/215/400
s 0
f 169/220/427 173/217/427 177/225/427
f 175/226/428 169/220/428 177/225/428
s 1
f 179/223/421 172/216/423 178/227/429
s 0
f 179/223/430 148/221/430 170/218/430
s 1
f 178/228/431 172/211/408 174/222/426
s 0
f 181/229/432 148/221/432 179/223/432
f 174/222/433 175/224/433 178/228/433
f 177/225/434 148/221/434 181/229/434
f 178/228/435 175/224/435 180/230/435
f 177/225/436 181/229/436 175/226/436
s 1
f 182/231/437 181/229/438 178/227/439
s 0
f 178/227/440 181/229/440 179/223/440
s 1
f 178/228/441 180/230/442 182/232/443
s 0
f 180/230/444 175/224/444 184/233/444
f 175/226/445 181/229/445 184/234/445
s 1
f 185/235/446 181/229/438 182/231/437
f 182/232/443 180/230/447 184/233/448
s 0
f 183/236/449 181/229/449 185/235/449
f 181/229/450 183/236/450 184/234/450
f 185/237/451 182/232/451 184/233/451
f 185/235/452 184/234/452 183/236/452
s 1
f 192/238/453 195/239/454 190/240/455
s 0
f 189/241/456 193/242/456 190/243/456
s 1
f 195/244/454 189/241/457 190/243/455
s 0
f 193/242/458 189/241/458 188/245/458
s 1
f 194/246/459 192/238/460 190/240/461
s 0
f 190/243/462 193/242/462 188/245/462
s 1
f 192/238/463 194/246/464 196/247/465
s 0
f 190/243/466 188/245/466 199/248/466
s 1
f 188/245/467 189/241/468 197/249/469
f 195/239/470 192/238/471 196/247/472
s 0
f 189/241/473 195/244/473 197/249/473
s 1
f 194/246/459 190/240/461 199/250/474
f 198/251/475 188/245/467 197/249/469
f 201/252/476 194/246/459 199/250/474
f 198/251/477 199/248/477 188/245/477
s 0
f 204/253/478 197/249/478 195/244/478
s 1
f 204/254/479 195/239/480 196/247/481
s 0
f 201/255/482 199/248/482 198/251/482
f 197/249/483 204/253/483 202/256/483
s 1
f 187/257/484 196/247/465 194/246/464
f 197/249/485 202/256/486 205/258/487
f 194/246/488 201/252/489 207/259/490
f 198/251/491 209/260/492 201/255/493
s 0
f 206/261/494 202/256/494 204/253/494
s 1
f 207/262/495 201/255/493 209/260/492
s 0
f 211/263/496 209/260/496 198/251/496
f 198/251/497 197/249/497 211/263/497
s 1
f 204/254/479 196/247/481 208/264/498
f 187/257/499 208/264/500 196/247/501
f 187/257/502 194/246/488 207/259/490
s 0
f 211/263/503 197/249/503 205/258/503
s 1
f 206/265/504 204/254/505 208/264/506
f 205/258/487 202/256/486 206/261/507
s 0
f 209/260/508 211/263/508 210/266/508
s 1
f 210/266/509 211/263/509 212/267/509
s 0
f 187/257/510 207/259/510 213/268/510
s 1
f 213/269/511 209/260/512 210/266/513
s 0
f 211/263/514 205/258/514 212/267/514
f 207/262/515 209/260/515 213/269/515
s 1
f 212/267/516 205/258/517 206/261/518
f 215/270/519 208/264/500 217/271/520
f 208/264/500 187/257/499 217/271/520
s 0
f 217/271/521 187/257/521 213/268/521
s 1
f 213/269/511 210/266/513 218/272/522
f 206/265/504 208/264/506 215/270/523
s 0
f 213/268/524 218/273/524 217/271/524
s 1
f 210/266/525 212/267/525 220/274/525
f 206/265/526 215/270/526 219/275/526
s 0
f 218/272/527 210/266/527 220/274/527
s 1
f 212/267/528 206/261/529 219/276/530
s 0
f 217/271/531 216/277/531 215/270/531
s 1
f 212/267/528 219/276/530 220/274/532
s 0
f 217/271/533 218/273/533 216/277/533
f 216/277/534 219/275/534 215/270/534
f 216/278/535 218/272/535 220/274/535
s 1
f 216/278/536 220/274/537 222/279/538
f 219/276/539 221/280/540 220/274/541
s 0
f 219/275/542 216/277/542 221/281/542
f 221/281/543 216/277/543 222/282/543
s 1
f 220/274/537 223/283/544 222/279/538
s 0
f 223/283/545 220/274/545 221/280/545
f 222/279/546 223/283/546 186/284/546
f 221/280/547 222/279/547 186/284/547
f 186/284/548 223/283/548 221/280/548
s 1
f 227/285/549 226/286/549 225/287/549
f 256/288/550 225/287/551 226/286/552
s 0
f 238/289/553 230/290/553 229/291/553
s 1
f 233/292/554 232/293/555 234/294/556
s 0
f 232/293/557 233/292/557 241/295/557
f 234/296/558 232/297/558 241/298/558
f 231/299/559 230/290/559 238/289/559
s 1
f 234/296/556 235/300/560 233/301/554
s 0
f 237/302/561 229/291/561 230/290/561
f 235/300/562 234/296/562 241/298/562
s 1
f 230/290/563 231/299/564 235/300/565
s 0
f 231/299/566 233/301/566 235/300/566
f 241/295/567 233/292/567 240/303/567
f 240/303/568 233/292/568 231/304/568
s 1
f 231/304/569 238/305/570 240/303/571
f 239/306/572 229/291/573 237/302/574
f 244/307/575 239/306/572 237/302/576
f 238/289/577 229/291/578 239/306/579
f 228/308/580 230/290/563 235/300/565
f 237/302/581 230/290/582 243/309/583
f 242/310/584 238/305/577 239/311/579
f 240/303/571 238/305/570 247/312/585
s 0
f 243/309/586 230/290/586 228/308/586
f 241/298/587 228/308/587 235/300/587
s 1
f 247/312/585 241/295/588 240/303/589
f 245/313/590 237/302/581 243/309/583
f 250/314/591 239/311/572 225/287/551
f 237/302/592 245/313/593 244/307/594
f 225/315/551 239/306/572 244/307/575
f 242/310/584 239/311/579 250/314/595
s 0
f 228/308/596 241/298/596 248/316/596
f 247/312/597 238/305/597 242/310/597
f 245/313/598 243/309/598 259/317/598
f 243/309/599 228/308/599 248/316/599
s 1
f 248/318/600 241/295/601 247/312/602
s 0
f 249/319/603 247/312/603 242/310/603
s 1
f 224/320/604 242/310/584 250/314/595
s 0
f 259/317/605 243/309/605 248/316/605
s 1
f 248/318/600 247/312/602 249/319/606
f 252/321/607 225/315/608 244/307/594
f 252/321/607 244/307/594 245/313/593
f 259/317/609 248/316/610 253/322/611
f 252/321/607 227/323/612 225/315/608
f 250/314/591 225/287/551 256/288/550
f 249/319/613 242/310/614 255/324/615
f 261/325/616 245/313/617 259/317/618
f 258/326/619 259/317/609 253/322/611
s 0
f 253/327/620 248/318/620 257/328/620
s 1
f 248/318/621 249/319/606 257/328/622
f 260/329/623 226/286/624 227/285/625
s 0
f 260/329/626 256/288/626 226/286/626
s 1
f 260/329/623 227/285/625 263/330/627
f 242/310/628 224/320/629 255/324/630
f 250/314/595 256/288/631 224/320/632
f 227/323/633 252/321/634 262/331/635
f 252/321/634 245/313/617 261/325/616
f 261/325/616 262/331/635 252/321/634
f 257/328/636 249/319/636 255/324/636
s 0
f 255/324/637 256/288/637 260/329/637
s 1
f 261/325/638 259/317/609 258/326/619
f 260/329/623 263/330/627 265/332/639
f 227/323/625 262/331/640 263/333/627
s 0
f 256/288/641 255/324/641 224/320/641
f 257/328/642 255/324/642 266/334/642
f 255/324/643 260/329/643 265/332/643
s 1
f 263/333/627 262/331/640 265/335/639
f 253/327/644 257/328/645 266/334/646
f 258/336/647 253/327/644 266/334/646
f 262/331/648 261/325/638 258/326/619
s 0
f 255/324/649 265/332/649 266/334/649
f 258/326/650 265/335/650 262/331/650
s 1
f 265/332/651 258/336/647 266/334/646
s 0
f 613/337/652 580/338/652 602/339/652
f 275/340/653 276/341/653 277/342/653
s 1
f 277/343/654 276/344/654 646/345/654
s 0
f 496/346/655 278/347/655 653/348/655
f 653/348/656 278/347/656 742/349/656
f 281/350/657 280/351/657 678/352/657
s 1
f 312/353/658 291/354/659 313/355/660
s 0
f 295/356/661 293/357/661 294/358/661
f 293/357/662 296/359/662 294/358/662
f 296/359/663 293/357/663 295/356/663
s 1
f 294/360/664 296/361/664 297/362/664
s 0
f 295/363/665 294/360/665 297/362/665
f 299/364/666 296/365/666 295/366/666
f 298/367/667 296/365/667 299/364/667
f 297/362/668 296/361/668 298/368/668
f 295/363/669 302/369/669 299/370/669
f 302/369/670 295/363/670 297/362/670
s 1
f 299/364/671 300/371/672 304/372/673
s 0
f 298/367/674 299/364/674 301/373/674
s 1
f 300/374/672 299/370/671 302/369/675
f 301/373/676 299/364/676 304/372/676
s 0
f 302/369/677 297/362/677 298/368/677
f 304/372/678 300/371/678 303/375/678
f 305/376/679 298/367/679 301/373/679
f 303/377/680 300/374/680 311/378/680
f 302/369/681 298/368/681 305/379/681
f 300/374/682 302/369/682 307/380/682
f 311/378/683 300/374/683 307/380/683
f 305/376/684 301/373/684 310/381/684
f 303/377/685 311/378/685 313/355/685
f 301/373/686 304/372/686 317/382/686
s 1
f 317/382/687 304/372/688 303/375/689
s 0
f 302/369/690 305/379/690 307/380/690
s 1
f 307/380/691 305/379/692 308/383/693
s 0
f 308/383/694 305/379/694 310/384/694
s 1
f 310/381/695 301/373/696 317/382/697
s 0
f 308/383/698 310/384/698 309/385/698
s 1
f 312/353/658 311/378/699 307/380/700
f 313/355/660 311/378/699 312/353/658
s 0
f 291/386/701 314/387/701 313/388/701
s 1
f 291/386/702 320/389/703 314/387/704
s 0
f 291/354/705 312/353/705 315/390/705
s 1
f 291/386/702 321/391/706 320/389/703
f 321/392/706 291/354/707 315/390/708
f 315/390/709 312/353/710 316/393/711
f 317/382/712 303/375/689 319/394/713
f 314/387/714 319/394/715 313/388/716
f 319/394/715 303/375/717 313/388/716
f 316/393/718 312/353/710 307/380/719
f 316/393/720 308/383/721 309/385/722
f 317/382/712 319/394/713 322/395/723
f 314/387/724 320/389/725 322/395/723
s 0
f 321/392/726 315/390/726 316/393/726
s 1
f 316/393/720 309/385/727 323/396/728
f 316/393/729 307/380/691 308/383/730
f 319/394/713 314/387/724 322/395/723
f 310/381/695 317/382/697 325/397/731
f 325/397/731 317/382/697 322/395/732
f 325/397/731 322/395/732 320/389/733
f 321/392/734 316/393/720 326/398/735
f 320/389/736 321/391/737 325/397/738
f 323/399/739 309/400/740 310/381/741
f 323/399/739 310/381/742 325/397/743
f 325/397/738 321/391/737 326/401/744
s 0
f 328/402/745 327/403/745 329/404/745
f 335/405/746 1427/406/746 1421/407/746
s 1
f 1293/408/747 1291/409/748 1295/410/749
f 1292/411/750 1289/412/751 348/413/752
f 1285/414/753 350/415/754 351/416/755
s 0
f 359/417/756 358/418/756 1233/419/756
s 1
f 1233/419/757 358/418/758 1212/420/759
s 0
f 1211/421/760 362/422/760 1208/423/760
s 1
f 1129/424/761 1147/425/762 1111/426/763
s 0
f 1015/427/764 376/428/764 1028/429/764
s 1
f 379/430/765 378/431/766 377/432/767
s 0
f 387/433/768 386/434/768 385/435/768
s 1
f 1038/436/769 383/437/770 381/438/771
f 391/439/772 385/440/773 380/441/774
f 377/432/775 392/442/776 379/430/777
s 0
f 392/442/778 391/439/778 389/443/778
f 388/444/779 381/438/779 383/437/779
f 383/437/780 382/445/780 390/446/780
s 1
f 1042/447/781 1038/436/769 381/438/771
f 387/433/782 385/435/782 391/448/782
s 0
f 382/445/783 383/437/783 1038/436/783
s 1
f 393/449/784 1034/450/785 1041/451/786
f 393/449/787 378/431/788 1034/450/789
f 398/452/790 397/453/791 400/454/792
f 400/454/793 396/455/794 398/452/795
s 0
f 1021/456/796 399/457/796 397/458/796
s 1
f 398/452/795 396/455/794 399/459/797
s 0
f 398/460/798 1021/456/798 397/458/798
f 399/459/799 396/455/799 397/461/799
s 1
f 947/462/800 402/463/801 1002/464/802
s 0
f 995/465/803 978/466/803 949/467/803
f 404/468/804 940/469/804 941/470/804
f 941/470/805 940/469/805 405/471/805
s 1
f 409/472/806 406/473/807 407/474/808
f 407/475/809 406/476/809 934/477/809
s 0
f 406/476/810 408/478/810 934/477/810
s 1
f 934/477/811 408/478/812 409/472/813
f 408/479/812 406/480/814 418/481/815
f 418/481/816 406/480/807 409/482/806
s 0
f 410/483/817 418/481/817 409/482/817
f 410/484/818 409/485/818 411/486/818
s 1
f 409/485/813 408/479/812 411/486/819
f 408/479/812 418/481/815 411/486/819
s 0
f 418/481/820 410/483/820 412/487/820
f 410/488/821 407/475/821 934/477/821
s 1
f 934/477/811 409/472/813 413/489/822
s 0
f 409/472/823 407/474/823 413/489/823
s 1
f 407/474/824 410/490/825 413/489/826
f 410/491/825 411/492/827 413/493/826
s 0
f 414/494/828 410/488/828 934/477/828
s 1
f 934/495/811 413/493/822 936/496/829
f 936/496/829 413/493/830 411/492/831
s 0
f 936/496/832 411/492/832 937/497/832
f 412/498/833 410/499/833 935/500/833
f 416/501/834 415/502/834 928/503/834
f 417/504/835 415/502/835 416/501/835
f 875/505/836 423/506/836 422/507/836
f 870/508/837 847/509/837 805/510/837
f 425/511/838 838/512/838 426/513/838
f 434/514/839 435/515/839 821/516/839
f 439/517/840 437/518/840 800/519/840
f 800/519/841 437/518/841 438/520/841
f 438/520/842 437/518/842 439/517/842
f 441/521/843 443/522/843 794/523/843
f 441/524/844 442/525/844 770/526/844
s 1
f 445/527/845 446/528/846 450/529/847
s 0
f 449/530/848 447/531/848 446/528/848
s 1
f 904/532/849 446/528/846 448/533/850
s 0
f 450/529/851 446/528/851 447/531/851
s 1
f 446/528/846 445/527/845 448/533/850
s 0
f 449/530/852 446/528/852 904/532/852
s 1
f 445/534/853 451/535/854 447/531/855
s 0
f 450/529/856 447/531/856 453/536/856
s 1
f 452/537/857 445/538/845 450/539/847
s 0
f 450/540/858 453/541/858 459/542/858
f 459/543/859 452/537/859 450/539/859
s 1
f 445/534/853 452/544/860 451/535/854
f 453/536/861 447/531/862 451/535/863
s 0
f 454/545/864 452/537/864 455/546/864
s 1
f 460/547/865 458/548/866 456/549/867
s 0
f 459/543/868 455/546/868 452/537/868
s 1
f 460/547/865 456/549/867 457/550/869
f 451/535/863 452/544/870 453/536/861
f 454/551/871 419/552/872 452/553/873
f 463/554/874 462/555/875 945/556/876
f 419/552/877 453/557/878 452/553/879
f 832/558/880 471/559/881 469/560/882
f 983/561/883 679/562/884 469/560/882
f 473/563/885 694/564/886 726/565/887
f 694/564/886 688/566/888 726/565/887
f 668/567/889 479/568/890 669/569/891
f 487/570/892 488/571/893 633/572/894
s 0
f 614/573/895 574/574/895 596/575/895
s 1
f 490/576/896 492/577/897 491/578/898
f 490/576/896 491/578/898 494/579/899
f 493/580/900 491/578/898 492/577/897
f 489/581/901 490/576/896 494/579/899
f 490/582/902 489/583/903 634/584/904
s 0
f 493/585/905 492/586/905 594/587/905
f 502/588/906 503/589/906 501/590/906
s 1
f 503/589/907 502/588/907 500/591/907
f 504/592/908 545/593/909 502/588/910
f 501/594/911 503/595/912 556/596/913
f 499/597/914 501/594/911 556/596/913
f 502/588/910 501/590/915 504/592/908
s 0
f 502/588/916 545/593/916 546/598/916
f 506/599/917 507/600/917 505/601/917
f 539/602/918 505/601/918 507/600/918
s 1
f 507/603/919 506/604/920 539/605/921
s 0
f 513/606/922 515/607/922 514/608/922
s 1
f 514/608/923 515/607/924 516/609/925
s 0
f 511/610/926 515/611/926 513/612/926
f 515/611/927 511/610/927 517/613/927
f 516/614/928 515/611/928 517/613/928
s 1
f 511/615/929 513/616/930 518/617/931
f 513/616/930 516/614/932 518/617/931
s 0
f 518/617/933 516/614/933 517/613/933
f 511/618/934 527/619/934 517/620/934
f 517/620/935 527/619/935 518/621/935
f 518/621/936 526/622/936 519/623/936
f 511/615/937 518/617/937 514/624/937
f 518/625/938 512/626/938 514/627/938
f 518/625/939 519/628/939 520/629/939
f 520/630/940 519/631/940 514/624/940
f 519/631/941 511/615/941 514/624/941
f 512/626/942 518/625/942 520/629/942
f 512/626/943 513/632/943 514/627/943
f 513/632/944 512/626/944 516/609/944
s 1
f 516/609/945 512/626/946 520/629/947
s 0
f 510/633/948 520/630/948 514/624/948
s 1
f 524/634/949 523/635/950 521/636/951
s 0
f 509/637/952 521/638/952 523/639/952
s 1
f 522/640/953 509/641/954 523/642/955
f 524/634/956 521/636/957 510/633/958
f 514/608/923 516/609/959 522/643/960
f 524/634/956 510/633/961 514/624/962
f 521/638/963 522/644/964 520/645/947
f 516/609/945 520/629/947 522/643/965
s 0
f 520/630/966 510/633/966 526/646/966
f 510/647/967 519/648/967 526/649/967
f 519/648/968 510/647/968 521/650/968
f 520/651/969 526/652/969 521/650/969
f 521/650/970 525/653/970 519/648/970
f 525/653/971 521/650/971 526/652/971
f 518/621/972 527/619/972 509/654/972
f 518/621/973 509/654/973 526/622/973
f 525/653/974 526/652/974 522/640/974
f 527/619/975 511/618/975 528/655/975
s 1
f 508/656/976 511/657/976 525/658/976
s 0
f 525/658/977 511/657/977 519/659/977
f 522/640/978 526/652/978 509/641/978
f 525/658/979 522/644/979 508/656/979
f 508/656/980 522/644/980 521/638/980
s 1
f 511/657/981 508/656/982 528/660/983
f 521/638/984 509/637/985 508/656/986
f 540/661/987 505/662/988 527/663/989
f 535/664/990 540/665/991 530/666/992
f 531/667/993 538/668/994 533/669/995
s 0
f 532/670/996 533/669/996 538/668/996
s 1
f 539/671/997 531/672/998 532/673/999
s 0
f 533/669/1000 532/670/1000 535/674/1000
f 535/675/1001 532/676/1001 536/677/1001
s 1
f 531/667/993 533/669/995 535/674/990
s 0
f 536/677/1002 532/676/1002 530/666/1002
s 1
f 532/673/1003 531/672/1004 530/678/1005
f 531/672/993 535/679/990 530/678/992
f 536/677/1006 530/666/1007 540/665/1008
f 536/677/1006 540/665/1008 528/680/1009
f 535/675/990 538/681/1010 540/682/1011
s 0
f 538/681/1012 535/675/1012 536/677/1012
s 1
f 540/661/1013 506/683/1014 505/662/988
s 0
f 540/665/1015 527/684/1015 528/680/1015
s 1
f 508/685/986 509/654/985 527/619/1016
f 527/663/989 505/662/988 547/686/1017
s 0
f 538/681/1018 536/677/1018 528/680/1018
s 1
f 506/683/920 540/661/1019 539/687/921
s 0
f 539/687/1020 540/661/1020 538/668/1020
f 538/668/1021 531/667/1021 539/687/1021
s 1
f 508/688/1022 527/689/989 524/690/1023
f 527/663/989 547/686/1017 524/691/1023
s 0
f 542/692/1024 543/693/1024 547/694/1024
f 542/695/1025 545/696/1025 543/697/1025
f 545/696/1026 542/695/1026 547/698/1026
s 1
f 508/688/982 548/699/1027 528/700/983
f 547/701/1017 505/702/988 539/671/1028
s 0
f 544/703/1029 528/700/1029 548/699/1029
s 1
f 508/688/1022 524/690/1023 548/699/1030
s 0
f 524/690/1031 514/704/1031 548/699/1031
s 1
f 548/705/1032 514/706/923 522/707/960
f 523/708/950 524/709/949 547/710/1033
f 547/701/1017 539/671/1028 545/711/1034
f 544/703/1035 538/712/1036 528/700/1037
s 0
f 545/711/1038 539/671/1038 546/713/1038
f 539/671/1039 532/673/1039 546/713/1039
f 546/714/1040 532/715/1040 547/716/1040
s 1
f 523/708/1041 547/710/1042 522/707/953
s 0
f 546/714/1043 547/716/1043 543/717/1043
f 532/715/1044 538/718/1044 547/716/1044
s 1
f 522/707/960 547/710/1045 548/705/1032
f 538/718/1036 544/719/1035 547/716/1046
s 0
f 551/720/1047 544/721/1047 548/705/1047
s 1
f 551/720/1048 548/705/1032 549/722/1049
f 544/721/1050 551/720/1051 550/723/1052
s 0
f 547/716/1053 544/719/1053 549/724/1053
s 1
f 549/722/1049 548/705/1032 547/710/1045
s 0
f 544/719/1054 550/725/1054 549/724/1054
f 552/726/1055 551/720/1055 549/722/1055
s 1
f 550/723/1052 551/720/1051 552/726/1056
s 0
f 549/727/1057 550/728/1057 546/714/1057
s 1
f 546/714/1058 550/728/1052 552/729/1056
s 0
f 546/714/1059 543/717/1059 549/727/1059
f 552/730/1060 549/727/1060 554/731/1060
f 549/727/1061 543/717/1061 554/731/1061
f 546/714/1062 552/729/1062 554/732/1062
f 543/717/1063 545/733/1063 554/731/1063
s 1
f 563/734/1064 554/735/1065 659/736/1066
f 500/591/1067 502/588/1068 546/598/1069
f 500/737/1067 546/714/1069 554/732/1070
f 659/736/1066 554/735/1065 545/593/909
f 501/590/1071 499/738/1072 504/592/1073
s 0
f 558/739/1074 503/589/1074 500/591/1074
s 1
f 545/593/909 504/592/908 659/736/1066
s 0
f 555/740/1075 499/597/1075 498/741/1075
s 1
f 499/597/1076 556/596/1076 498/741/1076
f 500/742/1077 554/743/1070 497/744/1078
f 497/745/1078 554/735/1070 563/734/1079
f 503/595/912 615/746/1080 556/596/913
s 0
f 500/742/1081 497/744/1081 561/747/1081
f 624/748/1082 654/749/1082 499/738/1082
f 615/750/1083 503/589/1083 558/739/1083
s 1
f 489/751/1084 500/742/1085 561/747/1086
s 0
f 493/580/1087 594/752/1087 600/753/1087
s 1
f 600/754/1088 594/755/1089 565/756/1090
f 777/757/1091 565/756/1092 564/758/1093
s 0
f 559/759/1094 561/760/1094 562/761/1094
f 562/761/1095 561/760/1095 623/762/1095
s 1
f 561/763/1086 485/764/1096 489/765/1084
f 567/766/1097 569/767/1098 587/768/1099
s 0
f 570/769/1100 569/767/1100 571/770/1100
s 1
f 573/771/1101 568/772/1102 583/773/1103
f 571/770/1104 569/767/1105 574/574/1106
s 0
f 569/767/1107 570/769/1107 573/771/1107
f 569/767/1108 567/766/1108 574/574/1108
s 1
f 569/767/1109 573/771/1101 583/773/1103
f 568/774/1110 584/775/1111 578/776/1112
s 0
f 573/771/1113 570/769/1113 575/777/1113
f 569/767/1114 583/773/1114 587/768/1114
s 1
f 570/769/1115 571/770/1115 575/777/1115
f 567/766/1097 587/768/1099 596/575/1116
f 596/575/1116 587/768/1099 598/778/1117
s 0
f 567/766/1118 596/575/1118 574/574/1118
s 1
f 568/772/1102 573/771/1101 584/779/1119
f 499/597/1120 555/740/1121 597/780/1122
f 555/740/1123 498/741/1124 597/780/1125
f 597/780/1125 498/741/1126 585/781/1127
f 556/596/1128 615/746/1080 591/782/1129
f 622/783/1130 565/784/1131 594/587/1132
f 489/583/903 485/785/1133 634/584/904
s 0
f 623/786/1134 561/747/1134 497/744/1134
s 1
f 571/787/1135 566/788/1136 603/789/1137
s 0
f 498/741/1138 556/596/1138 591/782/1138
s 1
f 616/790/1139 489/581/1140 686/791/1141
f 489/581/1140 494/579/1142 686/791/1141
f 594/587/1143 492/586/1143 644/792/1143
f 490/582/1144 634/584/1145 492/586/1146
f 497/745/1147 563/734/1147 566/788/1147
f 603/789/1137 575/793/1148 571/787/1135
s 0
f 485/764/1149 561/763/1149 619/794/1149
s 1
f 588/795/1150 568/774/1151 578/776/1112
f 624/796/1152 499/597/1120 597/780/1122
s 0
f 591/782/1153 585/781/1153 498/741/1153
s 1
f 599/797/1154 593/798/1155 564/799/1156
s 0
f 559/759/1157 562/761/1157 623/762/1157
f 566/788/1158 563/734/1158 659/736/1158
s 1
f 504/592/1073 499/738/1072 590/800/1159
s 0
f 619/801/1160 561/760/1160 559/759/1160
s 1
f 500/802/1161 489/803/1162 616/804/1163
f 622/783/1130 564/799/1156 565/784/1131
s 0
f 587/768/1164 583/773/1164 598/778/1164
f 488/571/1165 635/805/1165 578/776/1165
s 1
f 620/806/1166 609/807/1167 630/808/1168
f 607/809/1169 664/810/1170 617/811/1171
f 609/807/1167 611/812/1172 630/808/1168
f 609/807/1173 607/813/1174 617/814/1175
s 0
f 633/572/1176 488/571/1176 578/776/1176
s 1
f 607/813/1174 609/807/1173 620/806/1177
f 486/815/1178 497/816/1179 566/817/1180
f 574/574/1106 614/573/1181 571/770/1104
s 0
f 566/788/1182 659/736/1182 603/789/1182
s 1
f 600/754/1088 565/756/1090 777/757/1183
f 492/586/1146 634/584/1145 618/818/1184
s 0
f 598/778/1185 583/773/1185 647/819/1185
s 1
f 584/775/1186 643/820/1187 633/572/1188
f 593/821/1189 599/822/1190 617/823/1175
f 622/783/1130 599/797/1154 564/799/1156
f 627/824/1191 594/587/1192 644/792/1193
f 497/816/1194 486/815/1195 623/825/1196
f 486/815/1197 566/817/1136 571/770/1135
s 0
f 484/826/1198 632/827/1198 635/805/1198
f 584/779/1199 573/771/1199 643/828/1199
s 1
f 591/782/1129 615/746/1080 636/829/1200
f 604/830/1201 564/758/1093 593/821/1202
f 588/795/1150 578/776/1112 635/805/1203
s 0
f 624/796/1204 585/781/1204 591/782/1204
s 1
f 639/831/1205 599/822/1154 622/832/1130
f 622/783/1130 594/587/1132 627/824/1206
s 0
f 619/801/1207 559/759/1207 623/762/1207
f 632/827/1208 588/795/1208 635/805/1208
f 597/780/1209 585/781/1209 624/796/1209
s 1
f 564/758/1093 674/833/1210 777/757/1091
f 598/778/1117 647/819/1211 596/575/1116
s 0
f 588/834/1212 583/773/1212 568/772/1212
f 483/835/1213 588/795/1213 632/827/1213
s 1
f 633/572/1188 578/776/1214 584/775/1186
f 492/586/1215 618/818/1215 644/792/1215
f 634/584/904 485/785/1133 640/836/1216
f 665/837/1217 642/838/1217 484/826/1217
f 488/571/893 487/570/892 635/805/1218
f 664/839/1219 593/821/1220 617/823/1221
f 484/826/1222 482/840/1223 632/827/1224
s 0
f 665/837/1225 484/826/1225 635/805/1225
s 1
f 643/828/1187 573/771/1226 575/777/1227
f 643/841/1187 575/793/1227 603/789/1228
f 564/758/1093 604/830/1201 674/833/1210
f 687/842/1229 609/843/1230 639/844/1231
f 639/844/1205 622/845/1130 675/846/1232
s 0
f 647/819/1233 583/773/1233 614/573/1233
s 1
f 484/826/1234 642/838/1235 482/840/1236
f 487/570/1237 633/572/1238 656/847/1239
f 654/848/1240 591/782/1129 636/829/1200
f 609/849/1173 617/823/1175 639/831/1241
f 485/764/1242 619/794/1243 640/850/1244
f 640/850/1244 619/794/1243 623/825/1196
f 483/835/1245 632/827/1224 482/840/1223
f 665/837/1246 635/805/1247 487/570/1248
f 654/848/1240 624/796/1249 591/782/1129
s 0
f 604/830/1250 593/821/1250 637/851/1250
s 1
f 640/850/1244 623/825/1196 486/815/1195
f 923/852/1251 603/789/1228 659/736/1252
s 0
f 493/580/1253 600/753/1253 660/853/1253
s 1
f 637/851/1254 593/821/1220 664/839/1219
f 633/572/1188 643/820/1187 656/847/1255
f 504/592/1073 590/800/1159 659/736/1256
s 0
f 654/854/1257 636/855/1257 648/856/1257
s 1
f 639/831/1241 617/823/1175 599/822/1190
f 665/837/1246 487/570/1248 666/857/1258
f 571/770/1104 614/573/1181 658/858/1259
s 0
f 614/573/1260 596/575/1260 647/819/1260
s 1
f 666/857/1261 487/570/1237 656/847/1239
s 0
f 654/854/1262 648/856/1262 650/859/1262
s 1
f 493/580/1263 660/853/1264 491/578/1265
f 620/806/1266 630/808/1267 607/813/1169
f 614/573/1181 583/773/1268 658/858/1259
f 583/773/1269 588/834/1269 658/858/1269
s 0
f 670/860/1270 588/795/1270 483/835/1270
f 483/835/1271 655/861/1271 670/860/1271
s 1
f 499/738/1072 654/749/1272 590/800/1159
f 685/862/1273 648/856/1273 636/855/1273
f 468/863/1274 636/855/1200 615/864/1080
f 664/810/1170 607/809/1169 663/865/1275
f 483/835/1276 482/840/1236 642/838/1235
s 0
f 650/859/1277 648/856/1277 661/866/1277
s 1
f 616/790/1139 686/791/1141 677/867/1278
f 656/868/1255 643/869/1187 672/870/1279
f 643/841/1187 603/789/1228 923/852/1251
f 659/736/1252 590/800/1159 662/871/1280
f 663/872/1281 630/808/1282 611/812/1283
f 486/815/1197 571/770/1135 658/858/1284
f 655/861/1285 483/835/1276 642/838/1235
f 607/813/1169 630/808/1267 663/872/1275
s 0
f 667/873/1286 693/874/1286 481/875/1286
s 1
f 687/842/1229 611/876/1287 609/843/1288
s 0
f 665/837/1289 655/861/1289 642/838/1289
f 687/842/1290 639/844/1290 973/877/1290
s 1
f 658/858/1291 588/834/1292 683/878/1293
f 588/834/1292 668/879/1294 683/878/1293
f 668/879/1294 588/834/1292 670/880/1295
f 666/857/1261 656/847/1239 481/875/1296
s 0
f 693/874/1297 667/873/1297 671/881/1297
f 648/856/1298 685/862/1298 661/866/1298
s 1
f 640/850/1244 486/815/1178 466/882/1299
f 486/815/1197 658/858/1284 683/878/1300
s 0
f 655/861/1301 665/837/1301 670/860/1301
s 1
f 667/873/1302 481/875/1303 684/883/1304
f 682/884/1305 643/869/1187 923/885/1251
f 668/567/1306 669/569/1307 676/886/1308
f 672/870/1279 643/869/1187 682/884/1305
f 654/854/1309 650/859/1310 784/887/1311
f 650/859/1312 661/866/1313 784/887/1314
f 1020/888/1315 494/579/1316 491/578/1317
f 622/783/1130 627/824/1206 991/889/1318
f 683/878/1319 668/879/1306 676/890/1308
s 0
f 670/860/1320 665/837/1320 666/857/1320
s 1
f 481/875/1303 656/847/1321 684/883/1304
f 685/862/1322 636/855/1200 468/863/1274
f 486/815/1178 683/878/1323 466/882/1299
f 679/891/1324 668/879/1294 670/880/1295
f 675/846/1232 622/845/1130 991/892/1318
f 723/893/1325 676/894/1326 927/895/1327
s 0
f 679/562/1328 670/896/1328 440/897/1328
s 1
f 480/898/1329 666/857/1261 481/875/1296
f 809/899/1330 667/900/1331 684/901/1332
s 0
f 661/866/1333 685/862/1333 784/887/1333
s 1
f 604/830/1334 637/851/1335 687/902/1336
f 627/824/1191 644/792/1193 991/889/1337
f 474/903/1338 473/563/1339 782/904/1340
f 962/905/1341 477/906/1342 475/907/1343
s 0
f 639/844/1344 675/846/1344 991/892/1344
f 615/750/1345 558/739/1345 500/591/1345
s 1
f 637/851/1346 664/839/1347 687/902/1348
f 687/908/1348 663/865/1281 611/909/1283
f 668/567/1294 679/910/1324 729/911/1349
f 729/911/1349 679/910/1324 983/912/1350
s 0
f 476/913/1351 474/903/1351 782/904/1351
s 1
f 477/906/1352 962/905/1353 832/558/1354
f 791/914/1355 721/915/1356 792/916/1357
f 671/917/1358 667/900/1359 783/918/1360
f 728/919/1361 783/918/1360 667/900/1359
f 659/736/1252 662/871/1280 923/852/1251
s 0
f 479/568/1362 668/567/1362 729/911/1362
f 697/920/1363 695/921/1363 696/922/1363
s 1
f 703/923/1364 704/924/1365 695/925/1366
f 695/921/1367 697/920/1368 699/926/1369
s 0
f 696/922/1370 695/921/1370 700/927/1370
s 1
f 703/928/1371 695/921/1367 699/926/1369
f 702/929/1372 696/922/1373 700/927/1374
s 0
f 697/920/1375 696/922/1375 701/930/1375
s 1
f 699/926/1376 697/920/1377 709/931/1378
f 696/922/1379 702/929/1380 701/930/1381
s 0
f 700/932/1382 695/925/1382 707/933/1382
s 1
f 709/931/1378 697/920/1377 701/930/1383
s 0
f 703/928/1384 699/926/1384 706/934/1384
s 1
f 711/935/1385 704/936/1386 708/937/1387
s 0
f 695/925/1388 704/924/1388 707/933/1388
s 1
f 702/938/1380 710/939/1389 701/940/1381
f 708/941/1390 704/924/1365 703/923/1364
s 0
f 708/941/1391 703/923/1391 706/942/1391
f 709/943/1392 701/940/1392 710/939/1392
s 1
f 704/936/1386 711/935/1385 707/944/1393
s 0
f 706/934/1394 699/926/1394 709/931/1394
s 1
f 711/935/1385 708/937/1387 706/945/1395
f 713/946/1396 702/947/1397 720/948/1398
f 709/943/1399 710/939/1400 706/945/1401
f 702/938/1397 713/949/1396 710/939/1402
f 714/950/1403 702/929/1372 700/927/1374
f 720/948/1398 702/947/1397 714/951/1404
f 719/952/1405 711/935/1406 706/945/1407
f 712/953/1408 710/939/1402 713/949/1396
f 706/945/1409 710/939/1400 972/954/1410
f 711/935/1411 719/952/1412 715/955/1413
f 707/944/1414 711/935/1411 715/955/1413
s 0
f 700/956/1415 707/944/1415 464/957/1415
s 1
f 710/939/1416 712/953/1417 972/954/1410
s 0
f 724/958/1418 713/946/1418 725/959/1418
s 1
f 719/952/1405 706/945/1407 972/954/1419
f 725/959/1420 713/946/1421 720/948/1422
s 0
f 464/957/1423 707/944/1423 715/955/1423
s 1
f 781/960/1424 717/961/1425 718/962/1426
s 0
f 713/946/1427 724/958/1427 712/963/1427
s 1
f 715/964/1413 719/965/1412 717/961/1428
s 0
f 700/956/1429 464/957/1429 714/966/1429
s 1
f 475/907/1343 477/906/1342 797/967/1430
f 670/860/1431 666/857/1261 480/898/1329
s 0
f 692/968/1432 481/875/1432 693/874/1432
s 1
f 1020/888/1315 491/578/1317 660/853/1433
s 0
f 925/969/1434 600/754/1434 777/757/1434
s 1
f 718/962/1435 476/913/1436 781/960/1437
s 0
f 481/875/1438 692/968/1438 480/898/1438
s 1
f 728/919/1439 667/900/1331 809/899/1330
s 0
f 1017/970/1440 644/792/1440 618/818/1440
s 1
f 466/882/1441 683/878/1442 676/890/1443
f 694/564/1444 473/563/1339 474/903/1338
f 970/971/1445 717/961/1428 719/965/1412
s 0
f 712/963/1446 724/958/1446 736/972/1446
f 731/973/1447 765/974/1447 730/975/1447
f 733/976/1448 734/977/1448 759/978/1448
f 740/979/1449 737/980/1449 739/981/1449
s 1
f 745/982/1450 743/983/1451 741/984/1452
s 0
f 744/985/1453 743/986/1453 748/987/1453
f 744/988/1454 747/989/1454 743/990/1454
f 747/991/1455 744/985/1455 748/987/1455
s 1
f 741/992/1456 743/990/1457 747/989/1458
s 0
f 748/993/1459 743/994/1459 749/995/1459
s 1
f 758/996/1460 748/987/1461 740/979/1462
f 752/997/1463 743/994/1451 745/998/1450
f 745/982/1464 999/999/1465 760/1000/1466
f 739/981/1467 758/996/1460 740/979/1462
f 737/1001/1468 740/1002/1468 738/1003/1468
s 0
f 743/994/1469 752/997/1469 753/1004/1469
s 1
f 747/989/1458 750/1005/1470 741/992/1456
s 0
f 748/1006/1471 752/1007/1471 736/1008/1471
s 1
f 754/1009/1472 750/1010/1472 755/1011/1472
s 0
f 750/1005/1473 754/1012/1473 757/1013/1473
f 750/1005/1474 757/1013/1474 741/992/1474
f 756/1014/1475 743/994/1475 753/1004/1475
f 753/1015/1476 752/1007/1476 749/1016/1476
f 752/1007/1477 748/1006/1477 749/1016/1477
f 749/995/1478 743/994/1478 756/1014/1478
s 1
f 768/1017/1479 753/1018/1479 736/1019/1479
f 753/1018/1480 749/1020/1480 736/1019/1480
f 789/1021/1481 741/1022/1482 757/1023/1483
f 740/1002/1462 748/1006/1461 756/1024/1484
s 0
f 748/1006/1485 736/1008/1485 756/1024/1485
f 736/1019/1486 749/1020/1486 756/1025/1486
s 1
f 739/1026/1487 737/1001/1487 738/1003/1487
f 756/1024/1484 753/1027/1488 768/1028/1489
s 0
f 758/1029/1490 739/1026/1490 766/1030/1490
s 1
f 740/1002/1462 756/1024/1484 768/1028/1489
f 745/982/1464 760/1000/1466 751/1031/1491
f 999/999/1465 745/982/1464 852/1032/1492
f 766/1030/1493 739/1026/1494 738/1003/1495
f 738/1003/1496 740/1002/1462 768/1028/1489
f 789/1033/1481 759/978/1497 734/977/1498
s 0
f 734/1034/1499 733/1035/1499 735/1036/1499
s 1
f 755/1011/1500 789/1021/1481 757/1023/1483
f 770/526/1501 750/1010/1470 747/991/1458
s 0
f 764/1037/1502 761/1038/1502 758/1039/1502
f 758/1040/1503 761/1041/1503 763/1042/1503
f 761/1041/1504 764/1043/1504 763/1042/1504
f 758/1039/1505 766/1044/1505 764/1037/1505
f 757/1023/1506 754/1009/1506 755/1011/1506
s 1
f 766/1030/1493 738/1003/1495 768/1028/1507
f 442/525/1508 750/1010/1470 770/526/1501
f 747/991/1458 748/987/1461 770/526/1501
f 763/1042/1509 767/1045/1510 772/1046/1511
s 0
f 735/1047/1512 733/976/1512 759/978/1512
s 1
f 755/1011/1500 750/1010/1470 442/525/1508
s 0
f 758/996/1513 765/1048/1513 732/1049/1513
f 758/996/1514 763/1050/1514 765/1048/1514
s 1
f 771/1051/1515 767/1052/1516 795/1053/1517
f 766/1044/1518 768/1054/1519 769/1055/1520
f 957/1056/1521 760/1000/1466 999/999/1465
s 0
f 771/1057/1522 772/1046/1522 732/1058/1522
f 732/1059/1523 773/1060/1523 767/1045/1523
s 1
f 773/1060/1524 772/1046/1511 767/1045/1510
s 0
f 767/1045/1525 763/1042/1525 764/1043/1525
f 724/1061/1526 768/1054/1526 736/1062/1526
s 1
f 751/1031/1491 760/1000/1466 979/1063/1527
s 0
f 735/1036/1528 789/1064/1528 734/1034/1528
s 1
f 759/1065/1497 789/1021/1481 755/1011/1500
f 748/987/1461 758/996/1460 770/526/1501
s 0
f 732/1066/1529 765/974/1529 731/973/1529
f 765/1067/1530 763/1068/1530 771/1051/1530
f 763/1042/1531 772/1046/1531 771/1057/1531
f 732/1059/1532 767/1045/1532 771/1069/1532
s 1
f 764/1037/1533 766/1044/1534 769/1055/1535
f 774/1070/1536 752/1071/1463 745/982/1450
f 732/1072/1537 731/1073/1538 730/1074/1539
f 726/565/1540 688/566/1541 475/907/1542
f 1020/888/1543 686/791/1141 494/579/1142
f 1020/888/1544 660/853/1545 954/1075/1546
f 718/962/1547 717/961/1428 970/971/1445
f 774/1070/1536 745/982/1450 779/1076/1548
f 852/1032/1549 745/982/1450 741/984/1452
f 767/1052/1516 764/1037/1550 795/1053/1517
f 715/964/1551 717/961/1425 781/960/1424
f 679/562/1552 440/897/1553 469/560/882
f 811/1077/1554 440/897/1555 670/896/1556
s 0
f 693/874/1557 721/915/1557 791/914/1557
s 1
f 784/887/1558 685/862/1559 468/863/1560
f 955/1078/1561 660/853/1562 925/1079/1563
f 660/853/1562 600/753/1564 925/1079/1563
f 463/1080/1565 723/893/1566 778/1081/1567
f 778/1082/1567 723/1083/1566 456/1084/1568
f 403/1085/1569 465/1086/1570 956/1087/1571
f 752/1071/1572 786/1088/1573 736/1089/1574
f 786/1088/1573 752/1071/1575 785/1090/1576
f 785/1091/1577 736/1092/1578 787/1093/1579
f 736/1092/1574 786/1094/1573 787/1093/1580
f 786/1094/1573 779/1095/1548 787/1093/1580
f 765/1067/1581 771/1051/1582 730/1074/1583
f 810/1096/1584 725/959/1420 720/948/1422
s 0
f 692/968/1585 693/874/1585 791/914/1585
f 773/1060/1586 732/1059/1586 795/1097/1586
s 1
f 797/967/1587 726/565/1588 475/907/1589
f 439/517/1590 789/1064/1591 735/1036/1592
f 735/1047/1592 759/978/1497 824/1098/1593
f 824/1099/1593 759/1065/1497 755/1011/1500
f 441/524/1594 770/526/1594 796/1100/1594
f 795/1053/1595 732/1072/1596 730/1074/1597
f 771/1051/1598 795/1053/1599 730/1074/1600
f 781/960/1437 476/913/1436 782/904/1601
f 782/904/1340 473/563/1339 436/1101/1602
f 670/860/1431 480/898/1329 811/1102/1603
f 805/1103/1604 656/868/1255 672/870/1279
f 438/520/1605 439/517/1590 735/1036/1592
f 755/1011/1500 442/525/1508 824/1099/1593
s 0
f 794/523/1606 798/1104/1606 442/1105/1606
f 442/1105/1607 798/1104/1607 796/1106/1607
f 442/1105/1608 441/521/1608 794/523/1608
f 443/522/1609 441/521/1609 796/1107/1609
s 1
f 770/526/1610 758/996/1611 796/1100/1612
f 796/1100/1612 758/996/1611 732/1049/1613
f 769/1055/1535 768/1054/1614 724/1061/1615
f 724/958/1616 725/959/1617 810/1096/1618
f 732/1058/1619 772/1046/1620 807/1108/1621
f 842/1109/1622 671/917/1358 783/918/1360
f 796/1100/1612 732/1049/1613 802/1110/1623
f 772/1046/1620 773/1060/1624 807/1108/1621
f 795/1053/1625 764/1037/1626 769/1055/1627
f 692/968/1628 791/914/1629 808/1111/1630
f 824/1112/1631 442/1113/1632 802/1114/1623
f 802/1114/1623 442/1113/1632 796/1115/1612
s 0
f 732/1049/1633 814/1116/1633 802/1110/1633
s 1
f 832/558/1354 962/905/1353 471/559/1634
s 0
f 692/968/1635 811/1102/1635 480/898/1635
f 693/874/1636 671/881/1636 721/915/1636
s 1
f 732/1049/1619 807/1117/1621 814/1116/1637
f 806/1118/1638 773/1119/1639 795/1120/1640
s 0
f 720/948/1641 714/951/1641 810/1096/1641
s 1
f 820/1121/1642 728/919/1439 809/899/1330
s 0
f 789/1122/1643 439/1123/1643 741/984/1643
s 1
f 473/563/885 726/565/887 816/1124/1644
f 809/899/1645 684/901/1646 656/1125/1255
s 0
f 814/1126/1647 807/1127/1647 817/1128/1647
s 1
f 807/1127/1648 812/1129/1649 817/1128/1650
f 807/1127/1651 773/1119/1639 806/1118/1638
f 469/560/882 727/1130/1652 832/558/880
f 811/1077/1554 804/1131/1653 440/897/1555
f 808/1111/1654 791/914/1655 792/916/1656
f 473/563/885 816/1124/1644 436/1101/1657
s 0
f 819/1132/1658 440/897/1658 804/1131/1658
s 1
f 439/1133/1659 800/1134/1660 432/1135/1661
f 432/1135/1661 800/1134/1660 822/1136/1662
s 0
f 812/1137/1663 814/1138/1663 818/1139/1663
f 818/1139/1664 814/1138/1664 817/1140/1664
s 1
f 715/1141/1551 781/1142/1424 431/1143/1665
s 0
f 433/1144/1666 435/515/1666 434/514/1666
s 1
f 800/519/1660 438/520/1605 822/1145/1662
s 0
f 818/1139/1667 817/1140/1667 802/1146/1667
s 1
f 817/1128/1650 812/1129/1649 802/1147/1668
s 0
f 802/1110/1669 814/1116/1669 798/1148/1669
f 464/1149/1670 715/1141/1670 815/1150/1670
s 1
f 797/967/1587 816/1124/1671 726/565/1588
f 804/1131/1672 811/1077/1673 813/1151/1674
f 811/1102/1675 692/968/1676 828/1152/1677
f 852/1032/1549 741/984/1452 439/1123/1678
f 439/1153/1659 432/1154/1661 434/514/1679
f 735/1036/1592 824/1155/1593 822/1145/1662
s 0
f 824/1156/1680 823/1157/1680 827/1158/1680
s 1
f 829/1159/1681 824/1112/1682 802/1114/1623
s 0
f 818/1139/1683 802/1146/1683 806/1160/1683
f 802/1110/1684 798/1148/1684 794/1161/1684
s 1
f 796/1107/1685 798/1162/1686 443/522/1687
s 0
f 814/1163/1688 812/1164/1688 806/1165/1688
s 1
f 804/1131/1689 813/1151/1674 819/1132/1690
f 999/999/1465 852/1032/1492 672/1166/1279
f 434/514/1679 432/1154/1661 433/1144/1691
f 438/520/1605 735/1036/1592 822/1145/1662
s 0
f 806/1160/1692 802/1146/1692 794/1167/1692
f 798/1162/1693 814/1163/1693 806/1165/1693
s 1
f 825/1168/1694 795/1120/1625 769/1169/1627
s 0
f 715/1141/1695 431/1143/1695 815/1150/1695
f 469/560/1696 440/897/1696 819/1132/1696
s 1
f 809/899/1645 656/1125/1255 805/1170/1604
s 0
f 821/516/1697 435/515/1697 433/1144/1697
s 1
f 829/1159/1698 802/1114/1668 812/1171/1649
s 0
f 794/1167/1699 443/1172/1699 806/1160/1699
s 1
f 443/522/1687 798/1162/1686 806/1165/1700
f 812/1129/1701 807/1127/1651 806/1118/1638
s 0
f 831/1173/1702 810/1096/1702 714/951/1702
s 1
f 837/1174/1703 792/916/1357 721/915/1704
f 839/1175/1705 432/1154/1706 836/1176/1707
s 0
f 812/1171/1708 818/1177/1708 829/1159/1708
f 825/1168/1709 769/1169/1709 724/1178/1709
f 714/951/1710 464/1149/1710 815/1150/1710
s 1
f 671/881/1358 842/1179/1622 721/915/1711
f 818/1180/1712 806/1118/1638 844/1181/1713
f 781/1142/1437 782/1182/1601 431/1143/1714
s 0
f 842/1109/1715 783/918/1715 728/919/1715
f 834/1183/1716 843/1184/1716 836/1176/1716
f 830/1185/1717 834/1183/1717 836/1176/1717
s 1
f 810/1096/1618 831/1173/1718 724/958/1616
f 782/904/1719 436/1101/1720 816/1124/1721
f 434/514/1679 821/516/1722 439/1153/1659
s 0
f 823/1157/1723 824/1156/1723 829/1186/1723
f 831/1173/1724 714/951/1724 815/1150/1724
f 815/1150/1725 431/1143/1725 782/1182/1725
s 1
f 477/1187/1726 782/1182/1719 816/1188/1727
f 858/1189/1728 852/1190/1549 439/1153/1678
f 432/1154/1661 839/1175/1729 838/512/1730
f 840/1191/1731 836/1176/1732 843/1184/1733
f 830/1185/1734 836/1176/1735 432/1154/1736
f 822/1136/1737 855/1192/1738 432/1135/1739
s 0
f 830/1185/1740 843/1184/1740 834/1183/1740
s 1
f 830/1185/1734 432/1154/1736 848/1193/1741
f 430/1194/1742 432/1135/1739 855/1192/1738
f 427/1195/1743 824/1196/1744 827/1197/1745
f 827/1198/1746 823/1199/1747 829/1200/1748
f 806/1118/1638 795/1120/1640 844/1181/1713
s 0
f 816/1124/1749 797/967/1749 477/906/1749
s 1
f 832/1201/1750 841/1202/1751 477/1203/1752
f 838/512/1730 433/1144/1691 432/1154/1661
s 0
f 692/968/1753 808/1111/1753 828/1152/1753
s 1
f 792/916/1754 851/1204/1755 808/1111/1756
f 851/1204/1755 792/916/1757 837/1174/1758
f 721/915/1711 842/1179/1622 837/1174/1759
f 847/509/1760 820/1121/1761 809/899/1762
s 0
f 836/1176/1763 840/1191/1763 839/1175/1763
s 1
f 824/1196/1764 427/1195/1743 822/1205/1765
f 844/1206/1766 827/1207/1746 829/1159/1748
f 829/1159/1767 818/1177/1712 844/1206/1713
f 851/1208/1768 728/919/1769 860/1209/1770
f 728/919/1769 820/1121/1771 860/1209/1770
s 0
f 848/1193/1772 432/1154/1772 845/1210/1772
f 429/1211/1773 827/1197/1773 844/1212/1773
f 842/1109/1774 728/919/1774 851/1208/1774
s 1
f 811/1102/1675 828/1152/1677 850/1213/1775
f 439/1153/1659 821/516/1722 858/1189/1776
f 821/516/1722 433/1144/1777 858/1189/1776
s 0
f 843/1184/1778 830/1185/1778 848/1193/1778
s 1
f 855/1214/1779 822/1205/1780 428/1215/1781
f 427/1195/1782 428/1215/1781 822/1205/1780
s 0
f 427/1195/1783 827/1197/1783 429/1211/1783
s 1
f 825/1168/1694 844/1181/1784 795/1120/1785
f 828/1152/1786 808/1111/1787 860/1216/1788
f 805/1217/1604 672/1166/1279 852/1032/1492
f 727/1130/1652 469/560/882 850/1218/1789
f 850/1218/1790 469/560/1791 819/1132/1792
f 819/1132/1792 813/1151/1793 850/1218/1794
s 0
f 813/1151/1795 811/1077/1795 850/1218/1795
f 855/1214/1796 428/1215/1796 856/1219/1796
f 856/1219/1797 428/1215/1797 427/1195/1797
f 427/1195/1798 429/1211/1798 855/1214/1798
s 1
f 841/1202/1751 832/1201/1750 727/1220/1799
s 0
f 851/1204/1800 837/1174/1800 842/1179/1800
f 848/1221/1801 845/1222/1801 854/1223/1801
s 1
f 857/1224/1802 809/899/1645 805/1170/1604
f 433/1144/1691 838/512/1730 858/1189/1776
s 0
f 831/1173/1803 815/1150/1803 477/1187/1803
f 815/1150/1804 782/1182/1804 477/1187/1804
s 1
f 426/513/1805 838/512/1730 839/1175/1729
s 0
f 854/1223/1806 845/1222/1806 430/1194/1806
f 845/1222/1807 432/1135/1807 430/1194/1807
s 1
f 843/1184/1733 848/1193/1808 840/1191/1731
s 0
f 860/1209/1809 820/1121/1809 864/1225/1809
f 838/512/1810 425/511/1810 858/1189/1810
f 856/1219/1811 427/1195/1811 855/1214/1811
s 1
f 429/1211/1812 844/1212/1813 855/1214/1814
s 0
f 854/1223/1815 430/1194/1815 848/1221/1815
s 1
f 860/1216/1788 808/1111/1787 851/1204/1816
s 0
f 425/511/1817 426/513/1817 858/1189/1817
s 1
f 847/509/1760 870/508/1818 820/1121/1761
s 0
f 831/1226/1819 477/1203/1819 841/1202/1819
f 847/509/1820 809/899/1820 852/1227/1820
s 1
f 809/899/1821 857/1224/1822 852/1227/1823
s 0
f 805/510/1824 852/1228/1824 870/508/1824
f 870/508/1825 852/1228/1825 857/1229/1825
f 857/1230/1826 805/510/1826 847/509/1826
s 1
f 839/1175/1729 863/1231/1827 426/513/1805
f 850/1213/1828 828/1152/1829 860/1216/1830
f 430/1194/1831 855/1192/1832 848/1221/1833
f 844/1181/1834 848/1232/1833 855/1233/1832
s 0
f 847/509/1835 867/1234/1835 857/1230/1835
f 867/1234/1836 847/509/1836 852/1227/1836
s 1
f 863/1231/1837 839/1175/1838 865/1235/1839
s 0
f 857/1229/1840 867/1236/1840 870/508/1840
s 1
f 839/1175/1838 840/1191/1841 865/1235/1839
f 825/1237/1842 724/1238/1843 866/1239/1844
f 866/1239/1845 724/1238/1846 831/1240/1847
s 0
f 867/1236/1848 424/1241/1848 870/508/1848
s 1
f 858/1189/1849 426/513/1805 863/1231/1827
f 868/1242/1850 841/1202/1751 727/1220/1799
f 852/1190/1549 858/1189/1728 863/1231/1851
f 825/1168/1694 848/1232/1852 844/1181/1784
f 864/1243/1853 850/1213/1828 860/1216/1830
f 864/1225/1854 820/1121/1761 870/508/1855
f 867/1244/1856 852/1190/1857 863/1231/1837
f 840/1191/1858 848/1193/1852 825/1245/1694
f 872/1246/1859 424/1241/1860 867/1236/1861
f 871/1247/1862 850/1218/1789 864/1248/1863
f 727/1130/1652 850/1218/1789 871/1247/1862
f 424/1241/1864 871/1249/1865 870/508/1866
f 870/508/1866 871/1249/1865 864/1225/1867
f 424/1241/1860 872/1246/1859 871/1249/1868
f 867/1244/1856 863/1231/1837 865/1235/1839
f 866/1239/1869 831/1240/1870 873/1250/1871
f 867/1244/1856 865/1235/1839 873/1251/1872
f 865/1252/1873 840/1253/1858 825/1254/1694
s 0
f 873/1255/1874 831/1226/1874 841/1202/1874
s 1
f 867/1244/1875 873/1251/1875 872/1256/1875
f 873/1255/1876 841/1202/1877 868/1242/1878
f 865/1252/1879 825/1254/1842 866/1257/1844
f 868/1242/1850 727/1220/1799 879/1258/1880
f 727/1220/1799 871/1259/1881 879/1258/1880
s 0
f 871/1249/1882 872/1246/1882 423/1260/1882
f 422/507/1883 423/506/1883 878/1261/1883
f 865/1235/1884 866/1262/1884 873/1251/1884
f 875/505/1885 422/507/1885 876/1263/1885
s 1
f 422/507/1886 877/1264/1887 876/1263/1888
s 0
f 878/1265/1889 423/1266/1889 872/1267/1889
f 872/1267/1890 873/1255/1890 878/1265/1890
s 1
f 878/1265/1891 873/1255/1876 868/1242/1878
s 0
f 880/1268/1892 871/1269/1892 423/1270/1892
f 879/1271/1893 871/1269/1893 880/1268/1893
f 875/505/1894 876/1263/1894 421/1272/1894
f 880/1268/1895 423/1270/1895 875/1273/1895
s 1
f 878/1265/1896 868/1242/1850 879/1258/1880
s 0
f 876/1263/1897 881/1274/1897 421/1272/1897
s 1
f 421/1272/1898 881/1274/1899 897/1275/1900
f 897/1275/1901 881/1274/1899 892/1276/1902
f 881/1274/1903 876/1263/1888 877/1264/1887
s 0
f 422/507/1904 878/1261/1904 887/1277/1904
s 1
f 879/1271/1905 880/1268/1905 883/1278/1905
f 881/1274/1906 877/1264/1907 884/1279/1908
f 877/1264/1909 422/507/1909 887/1277/1909
f 875/1273/1910 421/1280/1911 882/1281/1912
s 0
f 883/1278/1913 880/1268/1913 875/1273/1913
f 875/1273/1914 882/1281/1914 883/1278/1914
f 878/1261/1915 879/1271/1915 887/1277/1915
s 1
f 421/1272/1916 897/1275/1917 885/1282/1918
s 0
f 887/1277/1919 879/1271/1919 883/1278/1919
s 1
f 882/1281/1912 421/1280/1920 885/1283/1921
f 877/1264/1922 887/1277/1923 888/1284/1924
f 881/1274/1906 884/1279/1908 896/1285/1925
f 884/1279/1926 877/1264/1927 893/1286/1928
s 0
f 882/1281/1929 885/1283/1929 890/1287/1929
s 1
f 877/1264/1922 888/1284/1924 893/1286/1930
f 888/1284/1931 887/1277/1932 895/1288/1933
s 0
f 895/1288/1934 887/1277/1934 882/1281/1934
f 887/1277/1935 883/1278/1935 882/1281/1935
s 1
f 892/1276/1936 881/1274/1906 896/1285/1925
s 0
f 895/1288/1937 882/1281/1937 890/1287/1937
s 1
f 897/1275/1938 892/1276/1939 894/1289/1940
f 892/1276/1939 896/1285/1941 894/1289/1940
f 895/1288/1942 890/1287/1943 898/1290/1944
f 894/1289/1940 896/1285/1941 900/1291/1945
f 890/1287/1946 885/1283/1947 906/1292/1948
f 899/1293/1949 897/1275/1938 894/1289/1940
s 0
f 898/1290/1950 893/1286/1950 888/1284/1950
f 899/1293/1951 894/1289/1951 901/1294/1951
s 1
f 888/1284/1952 895/1288/1933 898/1290/1953
s 0
f 905/1295/1954 893/1286/1954 898/1290/1954
s 1
f 896/1285/1955 884/1279/1926 893/1286/1928
f 885/1282/1918 897/1275/1917 903/1296/1956
s 0
f 901/1297/1957 904/532/1957 448/533/1957
s 1
f 897/1275/1938 899/1293/1949 903/1296/1958
f 449/530/1959 445/534/1960 447/531/1961
s 0
f 901/1297/1962 894/1298/1962 904/532/1962
f 894/1298/1963 900/1299/1963 902/1300/1963
f 903/1296/1964 899/1293/1964 901/1294/1964
f 904/532/1965 907/1301/1965 449/530/1965
s 1
f 902/1300/1966 904/532/1966 894/1298/1966
s 0
f 896/1285/1967 893/1286/1967 905/1295/1967
s 1
f 906/1302/1948 885/1282/1947 903/1296/1968
s 0
f 906/1303/1969 901/1304/1969 448/1305/1969
s 1
f 448/1305/1970 445/534/1960 449/530/1959
s 0
f 905/1295/1971 900/1291/1971 896/1285/1971
f 906/1302/1972 903/1296/1972 901/1294/1972
s 1
f 911/1306/1973 905/1295/1974 898/1290/1975
f 906/1292/1976 898/1290/1944 890/1287/1977
s 0
f 904/532/1978 902/1300/1978 907/1301/1978
s 1
f 898/1290/1944 906/1292/1976 911/1306/1979
f 448/1305/1970 449/530/1959 907/1301/1980
s 0
f 902/1307/1981 900/1308/1981 905/1309/1981
f 909/1310/1982 907/1311/1982 905/1309/1982
f 905/1309/1983 907/1311/1983 902/1307/1983
s 1
f 908/1312/1984 906/1303/1985 448/1305/1986
f 448/1305/1986 907/1301/1987 908/1312/1984
f 907/1311/1988 909/1310/1989 420/1313/1990
s 0
f 911/1314/1991 906/1315/1991 908/1316/1991
f 907/1311/1992 420/1313/1992 908/1316/1992
s 1
f 910/1317/1993 905/1309/1974 911/1318/1973
s 0
f 905/1309/1994 910/1317/1994 909/1310/1994
s 1
f 420/1313/1990 909/1310/1989 913/1319/1995
s 0
f 913/1319/1996 909/1310/1996 912/1320/1996
f 909/1310/1997 910/1317/1997 914/1321/1997
f 911/1314/1998 908/1316/1998 420/1313/1998
f 912/1320/1999 909/1310/1999 914/1321/1999
f 913/1319/2000 911/1314/2000 420/1313/2000
f 914/1321/2001 910/1317/2001 915/1322/2001
f 910/1317/2002 911/1318/2002 913/1323/2002
f 910/1317/2003 913/1323/2003 915/1322/2003
f 419/1324/2004 912/1320/2004 916/1325/2004
f 914/1321/2005 916/1325/2005 912/1320/2005
f 918/1326/2006 915/1322/2006 913/1323/2006
f 912/1320/2007 419/1324/2007 913/1319/2007
f 919/1327/2008 914/1321/2008 915/1322/2008
s 1
f 918/1328/2009 913/1319/2010 419/1324/2010
s 0
f 916/1325/2011 914/1321/2011 919/1327/2011
s 1
f 974/1329/2012 465/1086/1570 950/1330/2013
f 785/1090/1576 752/1071/1575 788/1331/2014
s 0
f 752/1071/2015 774/1070/2015 788/1331/2015
s 1
f 779/1095/1548 786/1094/1573 774/1332/1536
f 786/1094/1573 785/1333/1576 774/1332/1536
f 785/1091/1577 787/1093/1579 774/1334/2016
s 0
f 774/1335/2017 787/1336/2017 788/1337/2017
s 1
f 787/1336/2018 779/1076/2019 788/1337/2020
f 760/1000/1466 957/1056/1521 921/1338/2021
f 955/1078/2022 954/1075/1546 660/853/1545
f 663/865/1281 687/908/1348 664/810/1347
f 644/792/1193 1017/970/2023 991/889/1337
s 0
f 676/894/2024 723/893/2024 463/1080/2024
s 1
f 457/1339/2025 456/1340/1568 927/895/2026
f 723/893/1566 927/895/2026 456/1340/1568
s 0
f 462/555/2027 463/554/2027 928/1341/2027
s 1
f 458/548/2028 461/1342/2029 456/549/2030
f 456/549/2031 461/1342/2031 462/555/2031
f 928/1341/2032 929/1343/2033 462/555/2034
f 778/1082/2035 456/1084/2036 930/1344/2037
f 930/1344/2037 456/1084/2036 929/1345/2038
s 0
f 417/1346/2039 929/1345/2039 456/1084/2039
s 1
f 462/555/2040 929/1343/2041 931/1347/2042
f 456/549/2043 462/555/2040 931/1347/2042
s 0
f 929/1343/2044 417/1348/2044 931/1347/2044
f 417/1346/2045 456/1084/2045 933/1349/2045
f 933/1349/2046 456/1084/2046 932/1350/2046
f 932/1351/2047 417/1352/2047 928/503/2047
f 930/1353/2048 417/1346/2048 933/1349/2048
f 417/1346/2049 930/1353/2049 928/1354/2049
f 932/1351/2050 928/503/2050 415/502/2050
s 1
f 929/1345/2033 928/1355/2032 930/1344/2051
f 463/1080/1565 778/1081/1567 928/1356/2052
s 0
f 933/1349/2053 932/1350/2053 930/1353/2053
f 930/1353/2054 932/1350/2054 415/1357/2054
f 417/504/2055 418/1358/2055 415/502/2055
f 418/1359/2056 416/1360/2056 935/1361/2056
f 416/1360/2057 928/1362/2057 935/1361/2057
s 1
f 934/1363/2058 778/1364/2059 415/1365/2060
f 778/1366/2061 930/1353/2062 415/1357/2060
s 0
f 415/1367/2063 418/1359/2063 935/1361/2063
f 934/477/2064 415/1368/2064 935/1369/2064
f 411/492/2065 405/1370/2065 937/497/2065
f 411/492/2066 412/498/2066 405/1370/2066
f 410/1371/2067 414/1372/2067 935/1369/2067
f 935/1369/2068 414/1372/2068 937/1373/2068
f 937/1373/2069 414/1372/2069 936/1374/2069
f 936/1375/2070 414/1376/2070 938/1377/2070
f 414/494/2071 934/477/2071 938/1378/2071
s 1
f 938/1378/2072 934/477/2073 935/1369/2074
s 0
f 405/1370/2075 412/498/2075 935/500/2075
s 1
f 935/1369/2074 937/1373/2076 938/1378/2072
s 0
f 928/1379/2077 939/1380/2077 935/1381/2077
f 928/1379/2078 778/1364/2078 939/1380/2078
f 938/1377/2079 937/1382/2079 405/1383/2079
f 778/1364/2080 934/1363/2080 939/1380/2080
f 939/1380/2081 934/1363/2081 940/1384/2081
s 1
f 934/1363/811 936/1375/829 940/1384/2082
f 936/1375/2083 938/1377/2084 940/1384/2085
f 938/1377/2086 405/1383/2087 940/1384/2085
s 0
f 418/1358/2088 417/504/2088 932/1385/2088
s 1
f 417/1386/2089 416/1387/2090 931/1388/2091
s 0
f 411/1389/2092 941/1390/2092 412/1391/2092
f 941/1392/2093 411/486/2093 418/481/2093
f 932/1393/2094 456/549/2094 931/1347/2094
f 418/1359/2095 412/1391/2095 416/1360/2095
f 941/470/2096 405/471/2096 944/1394/2096
s 1
f 935/1381/2097 939/1380/2098 942/1395/2099
s 0
f 405/1396/2100 935/1381/2100 942/1395/2100
s 1
f 939/1397/2101 940/1398/2102 948/1399/2103
s 0
f 404/1400/2104 405/471/2104 942/1401/2104
s 1
f 945/1402/2105 942/1395/2099 939/1380/2098
s 0
f 404/1400/2106 942/1401/2106 940/1403/2106
s 1
f 948/1399/2107 943/1404/2108 418/481/2109
f 943/1404/2110 941/1392/2111 418/481/2109
s 0
f 932/1385/2112 931/1388/2112 418/1358/2112
s 1
f 416/1360/2113 412/1391/2114 944/1405/2115
s 0
f 405/471/2116 404/1400/2116 943/1406/2116
s 1
f 940/1398/2102 943/1404/2117 948/1399/2103
f 940/1407/2118 942/1408/2119 943/1409/2120
f 947/1410/2121 945/1402/2122 939/1380/2098
f 416/1387/2123 944/1411/2124 931/1388/2125
f 412/1391/2114 941/1390/2126 944/1405/2127
s 0
f 405/471/2128 943/1406/2128 944/1394/2128
f 404/1412/2129 941/1392/2129 943/1404/2129
s 1
f 943/1409/2130 942/1408/2131 945/556/2132
f 457/550/2133 454/545/2134 977/1413/2135
s 0
f 455/1414/2136 459/1415/2136 453/557/2136
s 1
f 454/1416/2134 457/1417/2133 949/1418/2137
f 920/1419/2138 457/1417/2025 927/1420/2026
f 729/911/1349 983/912/1350 982/1421/2139
f 983/561/883 469/560/882 471/559/881
s 0
f 474/903/2140 688/566/2140 694/564/2140
s 1
f 779/1076/2019 745/982/2141 788/1337/2020
f 745/982/1464 751/1031/1491 788/1337/2142
f 979/1063/1527 760/1000/1466 921/1338/2021
f 418/1358/2143 931/1388/2144 944/1411/2145
s 0
f 977/1413/2146 454/545/2146 455/546/2146
s 1
f 479/568/890 729/911/2147 669/569/891
s 0
f 712/963/2148 736/972/2148 972/1422/2148
f 785/1091/2149 788/1423/2149 736/1092/2149
s 1
f 968/1424/2150 463/554/874 945/556/876
f 976/1425/2151 939/1397/2152 948/1399/2153
s 0
f 949/1418/2154 457/1417/2154 920/1419/2154
f 475/907/2155 688/566/2155 474/903/2155
s 1
f 950/1330/2013 465/1086/1570 403/1085/1569
f 784/887/1558 468/863/1560 966/1426/2156
f 634/584/904 640/836/1216 618/818/2157
f 948/1399/2158 418/481/2143 944/1427/2145
f 943/1409/2159 945/556/2160 944/1428/2161
f 419/552/872 454/551/871 978/466/2162
f 982/1429/2163 669/1430/2164 729/1431/2163
s 0
f 736/1092/2165 788/1423/2165 751/1432/2165
s 1
f 999/1433/1465 672/1434/1279 682/1435/1305
s 0
f 468/863/2166 467/1436/2166 966/1426/2166
f 973/1437/2167 604/1438/2167 687/1439/2167
s 1
f 947/1440/2168 939/1397/2169 976/1425/2170
f 945/556/2171 462/555/2172 944/1428/2173
s 0
f 460/547/2174 457/550/2174 977/1413/2174
s 1
f 453/557/878 419/552/877 916/1441/2175
f 454/551/2134 949/467/2137 978/466/2176
f 920/1419/2138 927/1420/2026 981/1442/2177
f 471/559/1634 962/905/1353 983/561/2178
f 476/913/1436 718/962/1435 987/1443/2179
f 500/1444/2180 1036/1445/2181 615/864/2182
s 0
f 945/556/2183 947/1446/2183 968/1424/2183
s 1
f 976/1447/2184 461/1342/2185 1070/1448/2186
s 0
f 919/1327/2187 915/1322/2187 918/1326/2187
s 1
f 465/1086/2188 718/962/1547 956/1087/2189
f 719/1449/1405 972/1450/1419 970/1451/2190
f 973/877/2191 639/844/2192 991/892/2193
f 676/890/1443 463/1452/2194 466/882/1441
f 462/555/2172 461/1342/2195 944/1428/2173
f 453/557/2196 916/1441/2175 455/1414/2197
f 974/1329/2198 718/962/1435 465/1086/2199
s 0
f 467/1436/2200 468/863/2200 1036/1445/2200
s 1
f 616/804/1163 1036/1453/2201 500/802/1161
f 402/463/801 947/462/800 976/1454/2202
s 0
f 976/1425/2203 948/1399/2203 944/1427/2203
s 1
f 966/1455/2204 985/1456/2205 784/1457/2206
f 468/863/2207 615/864/2182 1036/1445/2181
s 0
f 640/836/2208 466/1458/2208 618/818/2208
s 1
f 461/1342/2029 458/548/2028 1070/1448/2209
f 419/552/2210 978/466/2211 918/1459/2212
s 0
f 475/907/2213 474/903/2213 962/905/2213
s 1
f 987/1443/2179 718/962/1435 974/1329/2198
f 751/1031/1491 979/1063/1527 997/1460/2214
s 0
f 618/818/2215 466/1458/2215 968/1461/2215
s 1
f 968/1462/2216 947/462/2217 1002/464/2218
s 0
f 977/1463/2219 455/1414/2219 919/1464/2219
s 1
f 988/1465/2220 718/962/1547 970/971/1445
s 0
f 972/1422/2221 736/972/2221 751/1466/2221
s 1
f 1032/1467/2222 995/1468/2223 369/1469/2224
f 676/1470/2225 669/1430/2226 982/1429/2227
s 0
f 962/905/2228 474/903/2228 987/1443/2228
s 1
f 979/1063/1527 998/1471/2229 997/1460/2214
f 654/749/1272 1081/1472/2230 590/800/1159
f 977/1413/2231 990/1473/2232 460/547/2233
f 455/1414/2197 916/1441/2175 919/1464/2234
s 0
f 987/1443/2235 474/903/2235 476/913/2235
s 1
f 1002/464/2236 402/463/2237 401/1474/2238
s 0
f 976/1425/2239 944/1427/2239 461/1475/2239
f 977/1463/2240 919/1464/2240 990/1476/2240
f 1001/1477/2241 972/1450/2241 997/1478/2241
s 1
f 1013/1479/2242 956/1087/2189 988/1465/2243
f 956/1087/2189 718/962/1547 988/1465/2220
f 1001/1477/2244 970/1451/2245 972/1450/2246
s 0
f 972/1422/2247 751/1466/2247 997/1480/2247
s 1
f 654/749/1272 784/1457/2206 985/1456/2205
s 0
f 1017/1481/2248 618/1482/2248 968/1483/2248
s 1
f 976/1454/2202 1000/1484/2249 402/463/801
f 981/1485/2250 927/1486/2251 676/1470/2252
f 962/905/2253 987/1443/2253 1105/1487/2254
f 968/1424/2150 466/1488/2255 463/554/874
s 0
f 1000/1484/2256 976/1454/2256 1019/1489/2256
s 1
f 995/1468/2223 949/1418/2257 920/1419/2258
f 982/1429/2227 992/1490/2259 676/1470/2225
s 0
f 950/1330/2260 403/1085/2260 1045/1491/2260
s 1
f 970/1451/2245 1001/1477/2261 988/1492/2262
f 994/1493/2263 954/1494/2264 955/1495/2265
f 1069/1496/2266 925/969/2267 777/757/2268
f 1039/1497/2269 1002/464/2270 401/1474/2271
s 0
f 976/1454/2272 1070/1498/2272 1019/1489/2272
s 1
f 1070/1499/2273 458/1500/2274 460/1501/2275
f 919/1502/2276 918/1459/2277 978/466/2278
f 978/466/2279 995/465/2280 1012/1503/2281
f 997/1504/2282 998/1505/2283 1068/1506/2284
f 1014/1507/2285 966/1426/2286 467/1436/2287
f 674/1508/2288 604/1438/2289 973/1437/2290
s 0
f 1039/1497/2291 401/1474/2291 395/1509/2291
f 395/1510/2292 401/1511/2292 1011/1512/2292
s 1
f 983/912/2178 962/1513/1353 1079/1514/2293
f 1009/1515/2294 962/1516/2295 1105/1517/2296
f 467/1436/2297 1036/1445/2298 1026/1518/2299
f 995/1519/2223 1032/1520/2222 1012/1521/2300
f 398/1522/2301 399/1523/2302 1022/1524/2303
f 950/1330/2013 1049/1525/2304 974/1329/2012
f 662/871/1280 590/800/1159 1081/1472/2230
f 1036/1453/2201 616/804/1163 1016/1526/2305
s 0
f 616/790/2306 677/867/2306 1016/1527/2306
s 1
f 1016/1527/2307 677/867/1278 686/791/1141
f 994/1493/2263 955/1495/2265 1094/1528/2308
f 777/757/2268 674/833/2309 1069/1496/2310
f 1002/464/2270 1039/1497/2269 375/1529/2311
s 0
f 375/1529/2312 1039/1497/2312 1018/1530/2312
s 1
f 460/1531/2233 990/1532/2232 1225/1533/2313
f 919/1502/2276 978/466/2278 990/1534/2314
f 982/1421/2315 983/912/2178 1079/1514/2293
f 390/1535/2316 386/434/2317 387/433/2318
s 0
f 1024/1536/2319 388/444/2319 383/437/2319
s 1
f 987/1443/2320 974/1329/2012 1049/1525/2304
f 998/1471/2321 979/1063/1527 921/1338/2021
f 1037/1537/2322 1002/464/2270 375/1529/2311
f 1070/1499/2273 460/1501/2275 1084/1538/2323
f 995/1468/2223 920/1419/2258 369/1469/2224
f 981/1485/2250 676/1470/2252 992/1490/2324
f 981/1485/2325 992/1490/2326 1021/1539/2327
f 1022/1540/2303 399/457/2302 1100/1541/2328
s 0
f 399/457/2329 1021/456/2329 1100/1541/2329
s 1
f 393/1542/787 1023/1543/2330 378/1544/788
f 390/1535/2316 1101/1545/2331 386/434/2332
f 383/437/2333 387/1546/2334 1009/1515/2335
f 957/1056/1521 1190/1547/2336 921/1338/2021
f 966/1455/2204 374/1548/2337 985/1456/2205
f 985/1456/2205 374/1548/2337 1014/1549/2338
f 374/1548/2337 373/1550/2339 1014/1549/2338
f 1014/1549/2340 373/1550/2339 1025/1551/2341
f 373/1552/2342 374/1548/2337 1025/1551/2343
f 374/1548/2337 966/1455/2204 1025/1551/2343
f 686/791/1141 1020/888/1543 1016/1527/2307
f 369/1469/2224 920/1419/2258 1022/1553/2344
f 1021/1554/2345 398/1555/2346 1030/1556/2347
f 1022/1557/2348 920/1558/2349 398/1555/2301
s 0
f 398/1555/2350 920/1558/2350 1030/1556/2350
s 1
f 920/1559/2351 981/1560/2352 1029/1561/2353
s 0
f 1029/1561/2354 981/1560/2354 1030/1556/2354
s 1
f 1030/1556/2347 981/1560/2355 1021/1554/2345
f 1044/1562/2356 1029/1561/2357 1033/1563/2358
f 1029/1561/2357 1030/1556/2359 1033/1563/2360
f 1029/1561/2353 1032/1564/2361 920/1559/2362
s 0
f 1029/1561/2363 1044/1562/2363 1032/1564/2363
f 1044/1562/2364 1031/1565/2364 1032/1564/2364
f 1032/1566/2365 1030/1556/2365 920/1558/2365
f 1033/1563/2366 1030/1556/2366 1032/1566/2366
s 1
f 1079/1514/2293 962/1513/1353 1242/1567/2367
f 1149/1568/2368 1041/451/2369 1075/1569/2368
f 383/437/2333 1009/1515/2370 1024/1536/2371
f 950/1330/2013 1045/1491/2372 1049/1525/2373
s 0
f 1045/1491/2374 956/1087/2374 1013/1479/2374
f 1050/1570/2375 1001/1477/2375 997/1478/2375
f 1014/1549/2376 1025/1551/2376 966/1455/2376
s 1
f 1037/1571/2322 375/1572/2311 1046/1573/2377
s 0
f 1039/1497/2378 395/1509/2378 1164/1574/2378
s 1
f 1065/1575/2379 395/1510/2380 1011/1512/2381
f 390/1535/2382 382/1576/2383 1101/1545/2384
s 0
f 403/1085/2385 956/1087/2385 1045/1491/2385
s 1
f 371/1577/2386 1050/1570/2386 997/1478/2386
f 1068/1506/2284 998/1505/2283 1052/1578/2387
f 654/749/1272 985/1456/2205 1081/1472/2230
s 0
f 1036/1445/2388 1015/427/2388 1028/429/2388
s 1
f 1100/1541/2389 1021/456/2390 992/1579/2391
s 0
f 1009/1515/2392 387/1546/2392 1023/1580/2392
f 383/437/2393 390/446/2393 387/1546/2393
s 1
f 377/1581/767 378/1544/766 1023/1543/2394
f 381/438/2395 388/444/2396 1042/447/2397
s 0
f 921/1338/2398 1190/1547/2398 998/1471/2398
s 1
f 954/1075/1546 1016/1527/2399 1020/888/1544
s 0
f 1002/1582/2400 1037/1583/2400 1095/1584/2400
s 1
f 401/1474/2238 402/463/2237 1047/1585/2401
f 978/466/2279 1012/1503/2281 990/1534/2402
f 1012/1521/2403 1032/1520/2222 1031/1586/2404
f 1066/1587/2405 962/1588/2406 1023/1589/2407
s 0
f 962/1516/2408 1009/1515/2408 1023/1580/2408
s 1
f 1043/1590/2409 371/1577/2410 1051/1591/2411
f 1015/427/2412 1036/1445/2413 1016/1592/2414
f 955/1495/2415 925/1593/2416 1069/1594/2417
f 1019/1489/2418 1057/1595/2419 1000/1484/2420
f 1084/1538/2323 460/1501/2275 1225/1596/2421
f 382/1576/2383 1038/1597/2422 1101/1545/2423
f 957/1056/1521 999/999/1465 1190/1547/2336
f 968/1598/2216 1002/1582/2218 1191/1599/2424
s 0
f 375/1572/2425 1054/1600/2425 1097/1601/2425
s 1
f 1054/1600/2426 375/1572/2427 1018/1602/2428
f 1039/1603/2429 1062/1604/2430 1018/1605/2431
f 389/443/2432 379/430/2433 392/442/2434
f 380/441/774 385/440/773 1067/1606/2435
f 1024/1536/2436 1009/1515/2437 1076/1607/2438
f 1105/1487/2439 987/1443/2440 1109/1608/2441
s 0
f 1078/1609/2442 376/428/2442 1015/427/2442
s 1
f 1015/427/2412 1016/1592/2414 1071/1610/2443
f 1016/1611/2444 954/1494/2445 994/1493/2446
f 991/892/1337 1017/1612/2023 1072/1613/2447
s 0
f 1017/1481/2448 968/1483/2448 1191/1614/2448
s 1
f 1191/1599/2424 1002/1582/2218 1095/1584/2449
s 0
f 1033/1563/2450 1032/1566/2450 1063/1615/2450
f 391/439/2451 392/442/2451 377/432/2451
s 1
f 1023/1543/2452 393/1542/784 1041/1616/786
f 1041/451/786 1034/450/785 1075/1569/2453
f 1034/450/2454 378/431/766 379/430/765
f 367/1617/2455 1042/447/2397 388/444/2396
f 371/1577/2456 997/1478/2457 1051/1591/2458
f 1052/1578/2387 370/1618/2459 1068/1506/2284
f 467/1436/2287 1026/1518/2460 1014/1507/2285
s 0
f 1053/1619/2461 1028/429/2461 376/428/2461
s 1
f 1242/1567/2367 962/1513/1353 1066/1620/2462
f 1149/1568/2463 1048/1621/2464 1041/451/2464
s 0
f 1045/1491/2465 1013/1479/2465 1049/1525/2465
s 1
f 1059/1622/2466 1064/1623/2467 1050/1570/2468
f 1139/1624/2469 1059/1622/2470 368/1625/2471
f 1026/1518/2299 1036/1445/2298 366/1626/2472
f 1072/1613/2473 973/877/2191 991/892/2474
f 1047/1585/2475 402/463/2476 1000/1484/2477
s 0
f 1031/1565/2478 1044/1562/2478 1063/1615/2478
s 1
f 1044/1562/2479 1033/1563/2479 1063/1615/2479
f 1063/1615/2480 1032/1566/2222 369/1627/2224
f 387/433/2481 391/448/2482 1023/1543/2483
f 1023/1543/2483 391/448/2482 377/1581/2484
f 1049/1525/2304 1109/1608/2485 987/1443/2320
f 1013/1628/2486 988/1492/2487 1105/1629/2488
s 0
f 1050/1570/2489 371/1577/2489 1043/1590/2489
f 1053/1619/2490 376/428/2490 1078/1609/2490
f 1015/427/2491 1071/1610/2491 1078/1609/2491
s 1
f 1011/1512/2492 401/1511/2493 1177/1630/2494
s 0
f 1067/1606/2495 391/439/2495 380/441/2495
f 385/440/2496 386/1631/2496 1067/1606/2496
s 1
f 1039/1632/2497 1164/1633/2498 1158/1634/2499
f 401/1635/2238 1047/1636/2401 1159/1637/2500
s 0
f 1012/1521/2501 1031/1586/2501 1063/1638/2501
s 1
f 369/1639/2224 1022/1640/2344 1099/1641/2502
f 1139/1624/2469 1064/1623/2503 1059/1622/2470
f 366/1626/2472 1036/1445/2298 1028/429/2504
f 1022/1540/2344 1100/1541/2505 1099/1642/2502
s 0
f 391/439/2506 1067/1606/2506 389/443/2506
s 1
f 1051/1643/2507 997/1504/2282 1068/1506/2284
f 1068/1506/2508 370/1618/2509 1118/1644/2510
s 0
f 1125/1645/2511 370/1618/2511 1119/1646/2511
s 1
f 1094/1528/2308 955/1495/2265 1083/1647/2512
f 375/1572/2513 1097/1601/2514 1046/1573/2515
f 992/1579/2516 982/1648/2517 1170/1649/2518
s 0
f 1075/1569/2519 1034/450/2519 379/430/2519
f 1059/1622/2520 1050/1570/2520 368/1625/2520
s 1
f 1119/1646/2521 370/1618/2459 1052/1578/2387
f 1069/1496/2310 674/833/2309 1116/1650/2522
f 395/1510/2523 1065/1575/2524 1164/1651/2525
f 1040/1652/2526 1073/1653/2527 1123/1654/2528
s 0
f 1123/1654/2529 1073/1653/2529 1074/1655/2529
f 367/1617/2530 388/444/2530 1024/1536/2530
s 1
f 1052/1578/2387 998/1505/2283 1119/1646/2521
f 1081/1472/2230 985/1456/2205 1014/1549/2338
s 0
f 1092/1656/2531 1091/1657/2531 1088/1658/2531
f 1088/1658/2532 1087/1659/2532 1092/1656/2532
f 1087/1659/2533 1089/1660/2533 1103/1661/2533
f 1089/1662/2534 1090/1663/2534 1103/1664/2534
s 1
f 1083/1647/2535 955/1495/2415 1069/1594/2417
s 0
f 400/1665/2536 1117/1666/2536 369/1667/2536
f 1023/1543/2537 1041/1616/2537 1048/1668/2537
s 1
f 1048/1669/2538 1149/1670/2539 1194/1671/2540
s 0
f 1101/1672/2541 1075/1569/2541 379/430/2541
f 1087/1659/2542 1088/1658/2542 1102/1673/2542
s 1
f 1092/1656/2543 1087/1659/2544 1103/1661/2545
f 366/1626/2472 1028/429/2504 1053/1619/2546
f 1082/1674/2547 1016/1611/2444 994/1493/2446
f 674/1675/2309 973/1676/2290 1116/1677/2522
f 1084/1538/2323 1145/1678/2548 1070/1499/2273
f 1145/1678/2549 1084/1538/2550 1040/1652/2551
s 0
f 1012/1679/2552 1063/1680/2552 990/1532/2552
f 396/455/2553 400/454/2553 1096/1681/2553
f 1096/1681/2554 400/454/2554 1099/1641/2554
s 1
f 400/454/2555 369/1639/2224 1099/1641/2502
f 992/1579/2516 1170/1649/2518 1100/1541/2556
s 0
f 1101/1672/2557 379/430/2557 1067/1606/2557
f 1067/1606/2558 379/430/2558 389/443/2558
s 1
f 988/1492/2487 1001/1477/2559 1105/1629/2560
s 0
f 1138/1682/2561 1001/1477/2561 1050/1570/2561
f 1091/1657/2562 1092/1656/2562 1126/1683/2562
s 1
f 1089/1662/2563 1115/1684/2564 1090/1663/2565
f 1072/1685/2473 1116/1677/2566 973/1676/2191
f 1062/1686/2567 1054/1600/2426 1018/1602/2428
s 0
f 990/1532/2568 1063/1680/2568 1098/1687/2568
s 1
f 1049/1688/2569 1013/1628/2486 1105/1629/2488
f 1095/1689/2570 1037/1571/2571 1110/1690/2572
f 1210/1691/2573 1037/1571/2574 1046/1573/2575
s 0
f 1098/1687/2576 369/1667/2576 1117/1666/2576
f 982/1421/2577 1079/1514/2577 1170/1692/2577
f 1067/1606/2578 386/1631/2578 1101/1672/2578
s 1
f 1050/1570/2468 1064/1623/2467 364/1693/2579
f 1155/1694/2580 1139/1624/2581 368/1625/2582
f 1142/1695/2583 1087/1659/2584 1102/1673/2585
f 1082/1674/2547 1071/1696/2586 1016/1611/2444
f 1046/1573/2515 1097/1601/2514 1210/1691/2587
f 401/1635/2493 1159/1637/2588 1177/1697/2589
f 1122/1698/2590 1057/1595/2419 1019/1489/2418
f 1074/1655/2591 1073/1653/2592 1130/1699/2593
s 0
f 396/455/2594 1096/1681/2594 397/461/2594
s 1
f 1023/1589/2407 1048/1669/2595 1066/1587/2405
f 1138/1682/2596 1050/1570/2468 364/1693/2579
f 368/1625/2597 1050/1570/2598 1043/1590/2599
f 1051/1643/2600 1068/1506/2601 1043/1700/2602
f 662/871/1280 1081/1472/2230 1014/1549/2603
f 1126/1683/2604 1088/1658/2605 1091/1657/2606
s 0
f 1072/1701/2607 1017/1481/2607 1191/1614/2607
s 1
f 1019/1489/2608 1070/1498/2609 1122/1698/2610
s 0
f 1101/1545/2611 1038/1597/2611 1042/1702/2611
f 1105/1629/2612 1001/1477/2612 1138/1682/2612
s 1
f 1088/1658/2605 1126/1683/2604 1102/1673/2613
f 1087/1703/2584 1086/1704/2614 363/1705/2615
f 1123/1654/2616 1074/1655/2617 1112/1706/2618
f 1073/1653/2527 1040/1652/2526 1130/1699/2619
f 1149/1568/2620 1075/1569/2621 1101/1672/2622
f 1092/1656/2623 1103/1661/2624 1209/1707/2625
s 0
f 1026/1518/2626 366/1626/2626 1053/1619/2626
s 1
f 1082/1674/2627 994/1493/2263 1094/1528/2308
f 1111/426/2628 1147/425/2629 1128/1708/2630
f 990/1532/2232 1098/1687/2631 1225/1533/2632
s 0
f 1063/1680/2633 369/1667/2633 1098/1687/2633
s 1
f 1117/1666/2634 400/1665/2635 397/461/2636
s 0
f 397/461/2637 1096/1681/2637 1117/1666/2637
s 1
f 1066/1587/2405 1048/1669/2595 1132/1709/2638
f 1048/1669/2595 1194/1671/2639 1132/1709/2638
f 1155/1694/2640 368/1625/2641 1043/1590/2599
f 353/1710/2642 1087/1703/2584 363/1705/2615
s 0
f 1053/1619/2643 1078/1609/2643 1071/1610/2643
s 1
f 1165/1711/2644 1123/1654/2645 1129/424/2646
f 1112/1706/2647 1074/1655/2591 1130/1699/2593
f 1175/1712/2648 1068/1506/2508 1118/1644/2510
f 1142/1713/2583 1086/1704/2614 1087/1703/2584
s 0
f 1126/1683/2649 1092/1656/2649 1209/1707/2649
s 1
f 1123/1654/2616 1112/1706/2618 1169/1714/2650
f 1064/1623/2503 1139/1624/2469 364/1693/2651
f 1125/1645/2652 1119/1646/2653 1120/1715/2654
f 923/885/1251 1014/1716/2603 1085/1717/2655
f 365/1718/2656 1126/1683/2657 1209/1707/2658
s 0
f 1089/1662/2659 1087/1703/2659 1135/1719/2659
s 1
f 1086/1720/2660 1026/1518/2661 363/1721/2662
s 0
f 1026/1518/2663 1053/1619/2663 363/1721/2663
s 1
f 1037/1571/2574 1210/1691/2573 1110/1690/2664
f 1070/1498/2609 1205/1722/2665 1122/1698/2666
f 1146/1723/2667 1111/426/2668 1128/1708/2669
f 1117/1666/2670 1096/1681/2671 1131/1724/2672
f 1099/1642/2673 1100/1541/2674 1124/1725/2675
s 0
f 1153/1726/2676 1101/1545/2676 1042/1702/2676
s 1
f 363/1721/2677 1053/1619/2678 1071/1610/2679
f 1070/1499/2273 1145/1678/2548 1205/1727/2680
f 1111/426/2668 1146/1723/2667 1129/424/2646
s 0
f 1129/424/2681 1123/1654/2681 1169/1714/2681
s 1
f 1153/1728/2682 367/1617/2683 1024/1536/2684
f 1049/1525/2569 1105/1487/2488 1109/1608/2685
f 1062/1604/2430 1039/1603/2686 1158/1729/2687
f 1164/1633/2525 1065/1730/2524 1144/1731/2688
f 1146/1723/2667 1165/1711/2644 1129/424/2646
s 0
f 1170/1649/2689 1124/1725/2689 1100/1541/2689
s 1
f 1101/1672/2622 1153/1732/2690 1137/1733/2691
s 0
f 1153/1726/2692 1042/1702/2692 367/1734/2692
f 1119/1646/2693 1134/1735/2693 1120/1715/2693
f 1134/1735/2694 1133/1736/2694 1140/1737/2694
s 1
f 1133/1736/2695 1157/1738/2696 1140/1737/2697
f 923/852/1251 662/871/1280 1014/1549/2603
f 1135/1719/2698 1087/1703/2699 353/1710/2700
f 1040/1652/2701 1123/1654/2702 1165/1711/2703
f 1024/1536/2684 1076/1607/2704 1153/1728/2682
f 1137/1739/2705 1009/1515/2294 1105/1517/2296
f 682/884/1305 923/885/1251 1085/1717/2655
f 1110/1690/2572 1203/1740/2706 1095/1689/2570
f 1129/424/761 1148/1741/2707 1147/425/762
f 1137/1733/2691 1149/1568/2620 1101/1672/2622
f 1156/1742/2708 1155/1694/2708 1043/1590/2599
s 0
f 1134/1735/2709 1140/1737/2709 1150/1743/2709
s 1
f 1115/1684/2710 1089/1662/2711 1135/1719/2712
f 1083/1744/2535 1069/1745/2713 1072/1701/2714
f 1069/1496/2310 1116/1650/2522 1072/1746/2715
f 1158/1634/2716 1164/1633/2498 1200/1747/2717
f 1065/1575/2379 1011/1512/2381 1177/1630/2718
f 1151/1748/2719 1057/1595/2419 1122/1698/2590
f 1128/1708/2630 1147/425/2629 1198/1749/2720
f 1154/1750/2651 364/1693/2651 1139/1624/2469
f 1014/1507/2721 1026/1518/2661 1086/1720/2660
f 1090/1663/2565 1115/1684/2564 1168/1751/2722
s 0
f 1057/1595/2723 1151/1748/2723 1160/1752/2723
s 1
f 1160/1753/2724 1205/1722/2724 1161/1754/2725
f 1205/1722/2726 1160/1753/2727 1122/1698/2590
f 1160/1753/2727 1151/1748/2719 1122/1698/2590
f 1213/1755/2728 1194/1671/2729 1218/1756/2730
f 1068/1506/2601 1156/1757/2731 1043/1700/2602
s 0
f 1120/1715/2732 1134/1735/2732 1150/1743/2732
s 1
f 1157/1738/2696 1133/1736/2695 1176/1758/2733
f 365/1718/2734 1173/1759/2735 1211/1760/2736
f 1197/1761/2737 1000/1484/2420 1057/1595/2419
f 1160/1752/2738 1161/1754/2739 1057/1595/2740
s 0
f 1057/1595/2741 1161/1754/2741 1205/1722/2741
f 1148/1741/2742 1129/424/2742 1169/1714/2742
f 1112/1706/2743 1130/1699/2743 1169/1714/2743
s 1
f 1174/1762/2744 1130/1699/2619 1040/1652/2526
f 1132/1709/2745 1194/1671/2729 1213/1755/2746
f 1118/1644/2747 370/1618/2748 1125/1645/2749
s 0
f 1014/1507/2750 1086/1720/2750 1142/1763/2750
s 1
f 1084/1538/2323 1225/1596/2421 1253/1764/2751
s 0
f 1098/1687/2752 1117/1666/2752 1131/1724/2752
s 1
f 1131/1724/2672 1096/1681/2671 1099/1641/2753
f 1175/1712/2754 1156/1757/2731 1068/1506/2601
f 1133/1736/2755 1134/1735/2756 1176/1758/2757
f 1103/1664/2758 1090/1663/2759 1168/1751/2760
f 1158/1729/2687 1204/1765/2761 1062/1604/2430
f 1076/1607/2438 1009/1515/2437 1137/1739/2762
f 1142/1695/2763 1102/1673/2764 1184/1766/2765
f 1102/1673/2764 1126/1683/2766 1184/1766/2765
f 1178/1767/2767 1179/1768/2768 1174/1762/2769
s 0
f 1187/1769/2770 1179/1768/2770 1178/1767/2770
s 1
f 1125/1645/2652 1120/1715/2654 1183/1770/2771
f 1146/1723/2772 1128/1708/2773 1198/1749/2774
f 1153/1728/2775 1076/1607/2438 1137/1739/2762
f 364/1693/2776 1154/1750/2777 1138/1682/2778
f 1176/1758/2757 1134/1735/2756 1235/1771/2779
f 1262/1772/2780 1119/1646/2521 998/1505/2283
s 0
f 1173/1759/2781 361/1773/2781 1167/1774/2781
s 1
f 1065/1730/2379 1177/1697/2718 1144/1731/2782
f 1145/1678/2549 1040/1652/2551 1215/1775/2783
f 1165/1711/2703 1215/1775/2784 1040/1652/2701
f 1148/1741/2785 1186/1776/2786 1207/1777/2787
s 0
f 1186/1776/2788 1148/1741/2788 1169/1714/2788
s 1
f 1130/1699/2789 1174/1762/2790 1169/1714/2791
s 0
f 1187/1778/2792 1178/1779/2792 1180/1780/2792
s 1
f 1154/1750/2793 1139/1624/2581 1155/1694/2580
f 1183/1770/2794 1120/1715/2795 1188/1781/2796
f 1140/1737/2797 1157/1738/2798 1150/1743/2799
s 0
f 1196/1782/2800 1167/1783/2800 361/1784/2800
s 1
f 1200/1747/2801 1164/1633/2525 1144/1731/2688
f 1040/1652/2802 1084/1538/2803 1278/1785/2804
f 1084/1538/2803 1253/1764/2805 1278/1785/2804
s 0
f 1225/1533/2806 1098/1687/2806 1131/1724/2806
s 1
f 1054/1600/2426 1062/1686/2567 1204/1786/2807
f 1000/1484/2477 1197/1761/2808 1047/1585/2475
s 0
f 1197/1761/2809 1057/1595/2809 1205/1722/2809
s 1
f 1194/1671/2540 1149/1670/2539 1156/1787/2810
f 1105/1629/2296 1138/1682/2811 1156/1742/2812
s 0
f 1235/1771/2813 1134/1735/2813 1119/1646/2813
s 1
f 1071/1696/2679 1082/1674/2814 363/1788/2815
f 1191/1789/2424 1095/1689/2816 1192/1790/2817
f 1192/1790/2817 1095/1689/2816 1203/1740/2818
f 1198/1749/2774 1165/1711/2819 1146/1723/2772
f 1179/1768/2768 1169/1714/2820 1174/1762/2769
f 1099/1641/2673 1124/1791/2675 1131/1724/2821
s 0
f 1079/1514/2822 1242/1567/2822 1170/1692/2822
s 1
f 1149/1670/2539 1137/1792/2823 1156/1787/2810
f 1120/1715/2824 1150/1743/2825 1219/1793/2826
f 1094/1528/2308 1083/1647/2512 1082/1674/2627
s 0
f 1186/1776/2827 1169/1714/2827 1179/1768/2827
s 1
f 1202/1794/2828 1180/1780/2829 1178/1779/2830
f 1278/1785/2831 1174/1762/2744 1040/1652/2526
f 1132/1709/2832 1213/1755/2833 1066/1587/2834
f 1150/1743/2799 1157/1738/2798 1206/1795/2835
f 1190/1796/2336 999/1433/1465 682/1435/1305
f 1126/1683/2657 365/1718/2656 1184/1766/2836
f 1173/1759/2837 362/1797/2838 1211/1760/2839
s 0
f 1189/1798/2840 1167/1783/2840 1166/1799/2840
s 1
f 1189/1798/2841 1166/1799/2842 1284/1800/2843
f 1103/1664/2624 1249/1801/2625 1209/1802/2625
f 1137/1803/2705 1105/1629/2296 1156/1742/2812
f 1150/1743/2844 1206/1795/2845 1219/1793/2846
f 1157/1738/2847 1176/1758/2848 1206/1795/2849
s 0
f 1173/1759/2850 1167/1774/2850 1189/1804/2850
s 1
f 1166/1799/2851 1167/1783/2852 1196/1782/2853
s 0
f 1177/1697/2854 1159/1637/2854 1144/1731/2854
s 1
f 1148/1741/2785 1207/1777/2787 1147/425/2855
f 1206/1795/2849 1176/1758/2848 1235/1771/2856
f 1085/1717/2655 1014/1716/2603 1142/1805/2763
f 365/1718/2734 1211/1760/2736 1184/1766/2857
f 1178/1779/2830 1174/1806/2858 1202/1794/2859
s 0
f 1155/1694/2860 1156/1742/2860 1154/1750/2860
s 1
f 365/1807/2656 1209/1802/2658 1245/1808/2861
f 1103/1664/2758 1168/1751/2760 1249/1801/2862
s 0
f 1236/1809/2863 1179/1768/2863 1247/1810/2863
s 1
f 1174/1806/2744 1278/1811/2831 1202/1794/2864
f 1138/1682/2778 1154/1750/2777 1156/1742/2865
s 0
f 1175/1712/2866 1118/1644/2866 352/1812/2866
s 1
f 1208/423/2867 362/422/2867 1229/1813/2867
f 1216/1814/2868 1173/1759/2735 365/1718/2869
f 1168/1751/2870 1115/1684/2564 1214/1815/2871
f 1214/1815/2872 1115/1684/2710 1135/1719/2712
f 1186/1776/2873 1247/1810/2874 1217/1816/2875
s 0
f 1179/1768/2876 1187/1769/2876 1247/1810/2876
f 361/1773/2877 1173/1759/2877 1216/1814/2877
s 1
f 1097/1601/2878 1054/1600/2426 1204/1786/2807
s 0
f 1200/1747/2879 1144/1731/2879 1158/1634/2879
f 1158/1634/2880 1144/1731/2880 1159/1637/2880
f 1235/1771/2881 1119/1646/2881 1262/1772/2881
s 1
f 998/1505/2283 1190/1817/2336 1262/1772/2780
f 1189/1804/2882 360/1818/2883 1229/1819/2884
f 1226/1820/2885 1212/420/2886 360/1821/2887
f 363/1788/2815 1082/1674/2814 1250/1822/2888
s 0
f 1131/1724/2889 1124/1791/2889 1225/1533/2889
f 1230/1823/2890 1213/1755/2890 1218/1756/2890
s 1
f 1118/1644/2891 1125/1645/2749 1227/1824/2892
f 1227/1824/2893 1125/1645/2652 1183/1770/2771
f 1120/1715/2795 1219/1793/2894 1188/1781/2796
f 1219/1793/2895 1206/1795/2896 1235/1771/2897
f 362/1797/2838 1173/1759/2837 1189/1804/2898
f 1166/1799/2851 1196/1782/2853 1244/1825/2899
s 0
f 1203/1740/2900 1110/1690/2900 1210/1691/2900
s 1
f 1207/1777/2787 1198/1749/2901 1147/425/2855
s 0
f 1191/1614/2902 1083/1744/2902 1072/1701/2902
s 1
f 1192/1790/2903 1097/1601/2904 1158/1826/2905
f 1217/1816/2875 1207/1777/2906 1186/1776/2873
s 0
f 1179/1768/2907 1236/1809/2907 1186/1776/2907
s 1
f 1247/1827/2908 1187/1778/2908 1180/1780/2908
f 1085/1717/2655 1142/1805/2763 1184/1828/2765
s 0
f 362/1797/2909 1189/1804/2909 1229/1819/2909
s 1
f 1284/1800/2843 1166/1799/2910 1244/1825/2911
s 0
f 1204/1786/2912 1158/1826/2912 1097/1601/2912
s 1
f 1158/1634/2905 1159/1637/2913 1192/1829/2903
f 1198/1749/2914 1207/1777/2915 1217/1816/2916
f 1238/1830/2917 1218/1831/2918 1194/1832/2919
f 1085/1717/2655 1184/1828/2765 1239/1833/2920
f 1239/1833/2920 1184/1828/2765 1211/421/2921
f 360/1821/2883 1189/1798/2882 1284/1800/2922
f 365/1807/2869 1245/1808/2923 1216/1834/2868
s 0
f 1192/1790/2924 1203/1740/2924 1210/1691/2924
s 1
f 1047/1585/2925 1197/1761/2926 1192/1835/2927
f 1165/1711/2928 357/1836/2929 1241/1837/2930
s 0
f 1186/1776/2931 1236/1809/2931 1247/1810/2931
s 1
f 1227/1824/2893 1183/1770/2771 1232/1838/2932
f 1243/1839/2933 355/1840/2934 1269/1841/2935
f 355/1840/2936 1188/1842/2937 1321/1843/2938
f 353/1710/2642 363/1705/2615 1250/1844/2939
s 0
f 1210/1691/2940 1097/1601/2940 1192/1790/2940
s 1
f 1047/1636/2401 1192/1829/2941 1159/1637/2500
s 0
f 357/1845/2942 356/1846/2942 1241/1847/2942
s 1
f 1242/1567/2367 1066/1620/2462 1230/1848/2943
f 1237/1849/2944 1238/1830/2917 1194/1832/2919
s 0
f 1240/1850/2945 354/1851/2945 360/1852/2945
s 1
f 1224/1853/2946 1212/1854/759 358/1855/2947
f 1082/1856/2948 1083/1744/2948 1191/1614/2948
f 1286/1857/2949 1241/1847/2950 356/1846/2951
s 0
f 1277/1858/2952 356/1846/2952 357/1845/2952
f 1247/1827/2953 1180/1780/2953 1202/1794/2953
s 1
f 1066/1587/2834 1213/1755/2833 1230/1823/2954
f 1231/1859/2955 1194/1860/2956 1156/1757/2957
f 1188/1842/2958 355/1840/2959 1256/1861/2960
s 0
f 1248/1862/2961 1211/421/2961 1208/423/2961
f 1214/1815/2962 1135/1719/2962 1168/1751/2962
s 1
f 1234/1863/2963 1205/1727/2680 1145/1678/2548
f 357/1836/2929 1165/1711/2928 1312/1864/2964
f 1198/1749/2914 1217/1816/2916 1301/1865/2965
s 0
f 1253/1866/2966 1225/1867/2966 1124/1868/2966
s 1
f 1194/1832/2956 1231/1869/2955 1237/1849/2967
s 0
f 1118/1644/2968 1227/1824/2968 352/1812/2968
s 1
f 1188/1781/2796 1219/1793/2894 1360/1870/2969
f 682/1435/1305 1085/1871/2655 1413/1872/2970
f 359/417/2971 345/1873/2972 1324/1874/2973
s 0
f 1249/1801/2974 1168/1751/2974 1135/1719/2974
s 1
f 1250/1875/2975 1082/1876/2976 351/1877/755
s 0
f 1205/1878/2977 1254/1879/2977 1197/1880/2977
s 1
f 1273/1881/2978 1165/1711/2703 1241/1837/2979
f 1253/1866/2980 1124/1868/2981 1170/1692/2982
f 1219/1793/2895 1235/1771/2897 1262/1772/2983
s 0
f 1248/1862/2984 1229/1813/2984 360/1882/2984
f 1240/1850/2985 360/1852/2985 1212/1854/2985
s 1
f 1212/420/2986 1226/1820/2987 1233/419/2988
f 1192/1835/2927 1197/1761/2926 1254/1883/2989
f 1255/1884/2990 1234/1863/2963 1145/1678/2548
f 1165/1711/2819 1198/1749/2774 1259/1885/2991
f 1256/1861/2960 355/1840/2959 1243/1839/2992
f 1208/423/2993 1229/1813/2993 1248/1862/2993
f 358/418/2994 359/417/2995 1324/1874/2996
s 0
f 1192/1886/2997 1082/1856/2997 1191/1614/2997
s 1
f 1205/1878/2998 1234/1887/2999 1254/1879/3000
f 1188/1842/2796 1256/1861/3001 1183/1888/2794
s 0
f 1170/1692/3002 1242/1567/3002 1340/1889/3002
s 1
f 1230/1823/3003 1267/1890/3004 1340/1891/3005
f 1267/1890/3004 1230/1823/3003 1218/1756/3006
f 1231/1859/3007 352/1812/3008 1227/1824/3009
f 1227/1824/3010 1232/1838/3011 1260/1892/3012
f 1256/1861/3001 1232/1893/3013 1183/1888/2794
s 0
f 1224/1853/3014 354/1851/3014 1240/1850/3014
s 1
f 1329/1894/3015 1250/1895/2975 351/416/755
s 0
f 1252/1896/3016 349/1897/3016 1273/1898/3016
s 1
f 1156/1757/2731 1175/1712/2754 352/1812/3017
f 1269/1841/2935 355/1840/2934 1261/1899/3018
f 1261/1899/3019 355/1840/2936 1321/1843/2938
f 1239/1833/2920 1211/421/2921 1248/1862/3020
s 0
f 1240/1850/3021 1212/1854/3021 1224/1853/3021
f 1245/1808/3022 1209/1802/3022 1249/1801/3022
s 1
f 1264/1900/3023 1276/1901/3024 1266/1902/3025
f 1165/1711/2703 1273/1881/2978 1215/1775/2784
s 0
f 344/1903/3026 1241/1904/3026 1286/1905/3026
s 1
f 356/1846/2951 1277/1858/3027 1286/1857/2949
s 0
f 1277/1906/3028 357/1836/3028 1286/1907/3028
s 1
f 1286/1907/3029 357/1836/2929 1312/1864/2964
f 1231/1859/3007 1156/1757/3030 352/1812/3008
f 1280/1908/3031 1270/1909/3032 1262/1772/3033
f 1190/1796/2336 682/1435/1305 1413/1872/2970
f 1329/1894/3015 351/416/755 350/415/754
f 1285/1910/3034 351/1877/3035 348/1911/3036
f 351/1877/3035 1082/1876/3037 348/1911/3036
s 0
f 348/1911/3038 1082/1876/3038 1192/1835/3038
s 1
f 1192/1835/3039 1254/1883/3040 348/1911/3041
s 0
f 1266/1902/3042 1255/1912/3042 1264/1900/3042
s 1
f 1241/1904/2979 1252/1896/3043 1273/1898/3044
f 1267/1890/3004 1218/1756/3006 1268/1913/3045
f 1268/1914/3046 1238/1830/2917 1237/1849/2944
f 1262/1772/3033 340/1915/3047 1280/1908/3031
s 0
f 360/1852/3048 354/1851/3048 1248/1916/3048
s 1
f 345/1873/3049 359/417/3050 1233/419/3051
f 1135/1917/2698 353/1918/2700 1249/1919/3052
f 350/415/754 1285/414/753 1293/1920/3053
s 0
f 1272/1921/3054 1276/1901/3054 1264/1900/3054
s 1
f 1255/1922/2990 1145/1923/2548 1373/1924/3055
f 1258/1925/3056 1273/1898/3057 349/1897/3058
f 1247/1827/3059 1202/1794/3060 1278/1811/2831
f 1268/1914/3046 1218/1831/2918 1238/1830/2917
s 0
f 1231/1859/3061 1227/1824/3061 1260/1892/3061
s 1
f 1219/1793/2894 1262/1772/3033 1270/1909/3032
f 1224/1853/3062 358/1855/3063 1324/1926/3064
f 1226/1820/2885 360/1821/2887 1283/1927/3065
s 0
f 1283/1927/3066 360/1821/3066 1284/1800/3066
f 1244/1825/3067 1196/1782/3067 1284/1800/3067
f 1196/1782/3068 361/1784/3068 1216/1928/3068
s 1
f 1215/1929/3069 1373/1924/3070 1145/1923/3071
f 1259/1885/2991 1198/1749/2774 1301/1865/3072
f 1242/1567/2367 1230/1848/2943 1340/1889/3073
s 0
f 1243/1839/3074 1269/1841/3074 1307/1930/3074
f 1188/1931/3075 1360/1932/3075 1321/1933/3075
s 1
f 345/1873/3049 1233/419/3051 346/1934/3076
s 0
f 1288/1935/3077 1285/1910/3077 348/1911/3077
f 1254/1936/3078 1285/1910/3078 1288/1935/3078
f 1254/1883/3079 1288/1937/3079 1287/1938/3079
s 1
f 348/1911/3041 1254/1883/3040 1287/1938/3080
f 348/1939/3041 1287/1940/3080 1300/1941/3081
f 1292/1942/3082 1300/1941/3083 1287/1940/3084
f 1288/1935/3085 348/1911/752 1289/1943/751
f 1289/1944/3086 1292/1942/3082 1287/1940/3084
f 1290/1945/3087 1287/1946/3088 1288/1947/3089
f 1288/1947/3090 1289/1948/3091 1291/409/748
f 1289/1949/3092 1287/1946/3093 1290/1945/3094
f 1291/409/3095 1289/1948/3092 1290/1950/3094
f 1290/1945/3096 1288/1947/3097 1293/408/3098
f 1293/408/747 1288/1947/3090 1291/409/748
s 0
f 1290/1951/3099 1292/411/3099 1291/1952/3099
f 1294/1953/3100 1291/1952/3100 1292/411/3100
s 1
f 1290/1945/3101 1295/1954/3102 1296/1955/3103
s 0
f 1291/1952/3104 1294/1953/3104 1300/1956/3104
f 348/413/3105 1294/1953/3105 1292/411/3105
s 1
f 350/1957/3106 1291/1952/3107 1297/1958/3108
f 1292/1959/3109 1290/1960/3110 1298/1961/3111
f 1290/1960/3110 1296/1962/3103 1298/1961/3111
s 0
f 1295/1954/3112 1291/1963/3112 1296/1955/3112
s 1
f 1297/1958/3108 1291/1952/3107 1298/1964/3113
s 0
f 350/1965/3114 1294/1953/3114 348/413/3114
f 1296/1966/3115 1291/1967/3115 350/415/3115
f 1291/1952/3116 1300/1956/3116 1298/1964/3116
f 1300/1956/3117 1294/1953/3117 1297/1968/3117
f 1294/1953/3118 350/1965/3118 1297/1968/3118
f 1292/1942/3119 1298/1969/3119 1300/1941/3119
s 1
f 1298/1961/3120 1296/1962/3121 1297/1970/3122
f 350/1971/3123 348/1939/3124 1315/1972/3125
f 348/1939/3126 1300/1941/3127 1315/1972/3128
s 0
f 350/415/3129 1299/1973/3129 1296/1966/3129
s 1
f 1297/1970/3122 1296/1962/3121 1299/1974/3130
f 1234/1975/3131 1255/1912/3132 1266/1902/3133
f 1317/1976/3134 1224/1853/3062 1324/1926/3064
f 1355/1977/3135 1226/1820/3136 1282/1978/3137
s 0
f 1284/1800/3138 1196/1782/3138 1216/1928/3138
s 1
f 1297/1979/3139 1299/1980/3140 1300/1981/3141
f 1299/1973/3142 350/415/3143 1293/1920/3144
f 1254/1879/3000 1234/1887/2999 1319/1982/3145
f 1318/1983/3146 1258/1925/3056 1361/1984/3147
f 1258/1925/3148 349/1897/3149 1303/1985/3150
f 1253/1986/3151 1389/1987/3152 1278/1811/3153
f 1170/1692/2982 1340/1889/3154 1253/1866/2980
f 1279/1988/3155 347/1989/3156 1267/1890/3157
f 347/1989/3156 1305/1990/3158 1267/1890/3157
s 0
f 1267/1890/3159 1305/1990/3159 1336/1991/3159
s 1
f 1336/1991/3160 1305/1990/3161 1306/1992/3162
f 1305/1990/3158 347/1989/3156 1306/1992/3163
s 0
f 1306/1992/3164 347/1989/3164 1279/1988/3164
f 1279/1988/3165 1267/1890/3165 1268/1913/3165
s 1
f 1300/1981/3141 1299/1980/3140 1315/1993/3166
f 1295/1994/3167 1299/1973/3142 1293/1920/3144
f 1319/1995/3168 1234/1975/3131 1266/1902/3133
f 1258/1925/3056 1318/1983/3146 1273/1898/3057
f 1312/1864/2964 1165/1711/2928 1259/1885/3169
f 1306/1992/3162 1279/1988/3170 1336/1991/3160
f 1260/1996/3171 1232/1997/3172 1310/1998/3173
s 0
f 1307/1930/3174 1269/1841/3174 1261/1899/3174
s 1
f 1313/1999/3175 1280/1908/3031 340/1915/3047
f 353/1918/2642 1250/2000/2939 1329/2001/3176
f 1293/408/3053 1285/2002/753 1319/1982/3177
f 1259/1885/3178 1217/1816/3179 1247/1810/3180
f 1253/1986/2980 1340/2003/3154 1389/1987/3181
f 1321/1843/3182 1302/2004/3183 1343/2005/3184
f 1302/2004/3183 1321/1843/3182 1360/2006/3185
f 1270/1909/3032 1280/1908/3031 1322/2007/3186
f 354/2008/3187 1316/2009/3188 1239/1833/2920
f 1249/1919/3189 353/1918/3190 1245/2010/3191
f 1329/2011/3192 350/2012/754 1315/1993/3193
f 1299/1980/3194 1295/2013/3194 1319/2014/3194
f 1254/1879/3000 1319/1982/3145 1285/2002/3195
s 0
f 1252/1896/3196 1303/1985/3196 349/1897/3196
f 343/2015/3197 1312/2016/3197 1320/2017/3197
s 1
f 1342/2018/3198 1237/1849/2967 1231/1869/2955
s 0
f 1261/1899/3199 1321/1843/3199 1307/1930/3199
s 1
f 1248/1862/3020 354/2008/3200 1239/1833/2920
f 1233/419/2988 1355/1977/3201 346/1934/3202
f 1233/419/2988 1226/1820/2987 1355/1977/3201
f 1355/1977/3135 1282/1978/3137 1347/2019/3203
f 1308/2020/3204 1282/1978/3205 1309/2021/3206
f 1309/2021/3206 1282/1978/3205 1226/1820/2885
s 0
f 1315/1993/3207 1299/1980/3207 1319/2014/3207
s 1
f 1384/2022/3208 1268/1914/3046 1237/1849/2944
f 1316/2023/3209 354/1851/3210 1317/1976/3134
f 1348/2024/3211 1282/1978/3212 1308/2020/3213
f 1226/1820/2885 1283/1927/3065 1309/2021/3206
s 0
f 1283/1927/3214 1284/1800/3214 1216/1928/3214
s 1
f 1295/1954/3102 1290/1945/3101 1319/1982/3215
f 1335/2025/3216 1264/1900/3217 1255/1912/3218
f 1252/1896/3043 1241/1904/2979 1382/2026/3219
s 0
f 1382/2026/3220 1241/1904/3220 344/1903/3220
f 1286/1905/3221 1312/2016/3221 344/1903/3221
f 1312/2016/3222 343/2015/3222 344/1903/3222
f 1231/1869/3223 1260/1996/3223 1342/2018/3223
s 1
f 1245/2010/3191 353/1918/3190 1328/2027/3224
f 1215/1929/2784 1273/1898/2978 1366/2028/3225
f 1301/1865/3226 1217/1816/3179 1259/1885/3178
f 1336/1991/3160 1279/1988/3170 1268/1913/3227
s 0
f 1256/1861/3228 1243/1839/3228 1307/1930/3228
s 1
f 354/1851/3210 1224/1853/3229 1317/1976/3134
f 1347/2019/3230 1282/1978/3212 1348/2024/3211
f 1216/1928/3231 1245/2010/3191 1283/1927/3232
f 353/1918/3190 1329/2001/3233 1328/2027/3224
s 0
f 1329/2011/3234 1315/1993/3234 1319/2014/3234
f 1290/1945/3235 1293/408/3235 1319/1982/3235
s 1
f 1266/1902/3025 1276/1901/3024 1421/2029/3236
f 1352/2030/3237 1276/1901/3024 1272/1921/3238
f 1352/2030/3239 1272/1921/3240 1335/2025/3241
f 1272/1921/3240 1264/1900/3242 1335/2025/3241
s 0
f 1332/2031/3243 1256/1861/3243 1307/1930/3243
s 1
f 1367/2032/3244 1219/1793/2894 1270/1909/3032
s 0
f 1322/2007/3245 1280/1908/3245 1313/1999/3245
s 1
f 345/2033/3246 346/2034/3247 1324/2035/3248
f 1366/2028/3249 1273/1898/3250 1318/1983/3251
s 0
f 1330/2036/3252 1320/2017/3252 1312/2016/3252
s 1
f 1325/2037/3253 1336/1991/3254 1268/1913/3255
s 0
f 1307/1930/3256 1321/1843/3256 1332/2031/3256
s 1
f 1360/1870/2969 1219/1793/2894 1367/2032/3244
s 0
f 1327/2038/3257 1316/2039/3257 1387/2040/3257
s 1
f 1366/2028/3258 1373/1924/3070 1215/1929/3069
s 0
f 1303/1985/3259 1252/1896/3259 1382/2026/3259
s 1
f 1247/1827/3059 1278/1811/2831 1259/2041/3260
s 0
f 1302/2042/3261 341/2043/3261 1343/2044/3261
s 1
f 341/2043/3262 1302/2042/3263 1344/2045/3264
f 1324/2035/3248 346/2034/3247 1346/2046/3265
f 1283/1927/3232 1245/2010/3191 1328/2027/3224
f 1276/1901/3024 1352/2030/3237 1351/2047/3266
f 1382/2026/3267 343/2015/3268 1320/2017/3269
f 1382/2026/3267 1320/2017/3269 1330/2036/3270
s 0
f 1267/1890/3271 1336/1991/3271 1340/1891/3271
s 1
f 1256/2048/3001 1332/2049/3272 1232/1997/3013
s 0
f 1321/1843/3273 1343/2005/3273 1332/2031/3273
s 1
f 1344/2045/3274 1302/2042/3274 1360/2050/3274
f 1309/2051/3206 1283/2052/3065 1339/2053/3275
f 341/2043/3262 1344/2045/3264 1359/2054/3276
s 0
f 1322/2007/3277 1313/1999/3277 340/1915/3277
s 1
f 1421/2029/3236 1276/1901/3024 1351/2047/3266
f 1330/2036/3278 1312/2016/2964 1259/2055/3169
f 1337/2056/3279 1325/2057/3280 1326/2058/3281
f 1342/2018/3282 1260/1996/3283 1331/2059/3284
f 1270/1909/3285 1322/2007/3285 1367/2032/3285
f 1317/1976/3286 1324/1926/3248 1346/2060/3265
f 1346/2046/3287 346/2034/3202 1355/2061/3201
s 0
f 1319/1995/3288 1266/1902/3288 1329/2062/3288
f 344/1903/3289 343/2015/3289 1382/2026/3289
s 1
f 1384/2022/3208 1237/1849/2944 1342/2018/3290
f 1331/2059/3284 1260/1996/3171 1310/1998/3173
s 0
f 1283/2052/3291 1328/2063/3291 1339/2053/3291
f 1348/2024/3292 1308/2020/3292 1309/2021/3292
f 1359/2064/3293 1344/2065/3293 1369/2066/3293
f 1316/2023/3294 1317/1976/3294 1346/2060/3294
f 1388/2067/3295 1347/2019/3295 1348/2024/3295
s 1
f 1329/2062/3296 1266/1902/3297 1401/2068/3298
f 1258/1925/3299 1303/1985/3300 1361/1984/3301
f 1325/2057/3280 1337/2056/3279 1356/2069/3302
f 1326/2058/3303 1325/2057/3253 1268/2070/3255
s 0
f 1369/2066/3304 1344/2065/3304 1360/2071/3304
s 1
f 1262/1772/2780 1190/1817/2336 340/1915/3305
f 1239/1833/2920 1316/2009/3188 1375/2072/3306
f 1316/2039/3188 1354/2073/3307 1375/2074/3306
f 1389/2075/3181 1340/1891/3154 1336/1991/3308
f 1332/2049/3272 1127/2076/3309 1232/1997/3013
f 1369/2066/3310 1343/2077/3311 1359/2064/3312
f 1343/2077/3311 341/2078/3313 1359/2064/3312
f 1411/2079/3314 1360/2080/2969 1367/2081/3244
s 0
f 1387/2082/3315 1316/2023/3315 1346/2060/3315
f 1364/2083/3316 1346/2046/3316 1355/2061/3316
s 1
f 1328/2084/3224 1329/2085/3233 1426/2086/3317
s 0
f 1322/2007/3318 340/1915/3318 1367/2032/3318
f 1367/2081/3319 340/2087/3319 1405/2088/3319
s 1
f 1356/2069/3320 1383/2089/3321 1325/2057/3280
f 1386/2090/3322 1316/2039/3188 1327/2038/3323
s 0
f 1348/2024/3324 1309/2021/3324 1388/2067/3324
s 1
f 1426/2086/3317 1329/2085/3233 339/2091/3325
f 1232/1997/3172 1127/2076/3326 1310/1998/3173
f 1354/2073/3307 1316/2039/3188 1386/2090/3322
f 1380/2092/3327 1376/2093/3328 1377/2094/3329
f 1378/2095/3330 1375/2096/3331 1377/2097/3329
f 1375/2096/3306 1379/2098/3332 1377/2097/3329
f 1379/2099/3332 1380/2092/3327 1377/2094/3329
f 1380/2092/3333 1379/2099/3334 1386/2090/3335
f 1386/2100/3335 1379/2101/3334 1378/2102/3336
f 1378/2102/3330 1377/2094/3329 1376/2093/3328
f 339/2103/3337 1329/2062/3338 1401/2068/3339
f 1381/2104/3340 1361/1984/3341 1303/1985/3342
f 1331/2059/3284 1310/1998/3173 1374/2105/3343
f 1332/2031/3344 1343/2005/3345 1397/2106/3346
f 1343/2005/3347 1369/2107/3348 1397/2106/3349
f 1397/2108/3350 1360/2080/3351 336/2109/3352
s 0
f 338/2110/3353 336/2109/3353 1360/2080/3353
s 1
f 1376/2093/3328 1380/2092/3354 1327/2038/3323
f 1378/2102/3355 1376/2093/3356 1386/2100/3335
f 1401/2068/3357 1266/1902/3358 1427/2111/3359
s 0
f 1351/2047/3360 1352/2030/3360 1335/2025/3360
s 1
f 1303/1985/3342 1382/2026/3361 1381/2104/3340
f 1336/1991/3254 1325/2037/3253 1389/2075/3181
f 1389/2075/3181 1325/2037/3253 1383/2112/3362
s 0
f 1356/2069/3363 1337/2056/3363 1399/2113/3363
s 1
f 1327/2038/3323 1380/2092/3354 1386/2090/3322
s 0
f 1386/2100/3364 1376/2093/3364 1387/2040/3364
f 1376/2093/3365 1327/2038/3365 1387/2040/3365
s 1
f 1330/2036/3278 1259/2055/3169 1382/2026/3366
s 0
f 336/2109/3367 337/2114/3367 1398/2115/3367
f 1390/2116/3368 1392/2117/3368 1412/2118/3368
f 1390/2116/3369 1391/2119/3369 1392/2117/3369
s 1
f 1085/1717/2655 1239/1833/2920 1375/2072/3306
f 1386/2100/3370 1387/2040/3371 1354/2120/3372
s 0
f 1387/2082/3373 1346/2060/3373 1364/2121/3373
s 1
f 1400/2122/3374 1364/2121/3375 1393/2123/3376
s 0
f 1393/2124/3377 1395/2125/3377 1394/2126/3377
s 1
f 1266/1902/3358 1421/2029/3378 1427/2111/3359
f 1318/1983/3146 1361/1984/3147 1381/2104/3379
s 0
f 1369/2127/3380 1360/2080/3380 1397/2108/3380
f 1408/2128/3381 336/2109/3381 1398/2115/3381
s 1
f 1391/2119/3382 1390/2116/3383 1367/2081/3384
s 0
f 1391/2119/3385 1367/2081/3385 1405/2088/3385
s 1
f 1379/2129/3332 1375/2130/3306 1354/2131/3307
f 1354/2131/3372 1387/2082/3371 1400/2122/3374
s 0
f 1410/2132/3386 1395/2125/3386 1393/2124/3386
s 1
f 1388/2133/3387 1309/2051/3388 1339/2053/3389
f 1378/2134/3336 1379/2129/3334 1354/2131/3390
f 1410/2135/3391 1393/2123/3392 1364/2121/3393
f 1335/2136/3216 1255/2137/3218 1402/2138/3394
f 1366/2139/3395 1259/2041/3260 1278/1811/2831
f 1265/2140/3396 1399/2113/3397 1419/2141/3398
f 1331/2059/3284 1374/2105/3343 1342/2018/3282
f 1378/2134/3336 1354/2131/3399 1400/2122/3400
f 1382/2026/3401 1259/2055/3260 1366/2028/3395
f 1424/2142/3402 1384/2022/3208 1342/2018/3290
s 0
f 337/2114/3403 336/2109/3403 1409/2143/3403
s 1
f 336/2109/3404 338/2110/3405 1409/2143/3406
f 1411/2079/3314 338/2110/3405 1360/2080/2969
s 0
f 1375/2096/3407 1378/2095/3407 1400/2144/3407
s 1
f 1387/2082/3371 1364/2121/3375 1400/2122/3374
f 1415/2145/3408 1396/2146/3409 1402/2147/3410
f 1342/2018/3282 1374/2105/3343 1424/2142/3411
s 0
f 1412/2118/3412 1392/2117/3412 1425/2148/3412
s 1
f 1085/1717/2655 1375/2072/3306 1428/2149/3413
f 1421/407/3236 1351/2150/3266 1423/2151/3414
f 1423/2152/3414 1335/2136/3415 1396/2153/3416
f 1396/2153/3416 1335/2136/3415 1402/2138/3417
f 1366/2028/3249 1318/1983/3251 1381/2104/3418
f 1366/2139/3419 1278/1811/3153 1389/1987/3152
f 1364/2083/3393 1355/2061/3420 1410/2154/3391
s 0
f 1410/2154/3421 1347/2155/3421 1388/2156/3421
s 1
f 1423/2152/3414 1351/2157/3266 1335/2136/3415
f 1397/2108/3350 336/2109/3352 1408/2128/3422
s 0
f 1355/2061/3423 1347/2155/3423 1410/2154/3423
s 1
f 1398/2115/3424 337/2114/3424 1420/2158/3424
f 1400/2159/3425 1393/2160/3426 1394/2161/3427
f 1410/2154/3428 1388/2156/3429 1418/2162/3430
f 1415/2145/3408 1402/2147/3410 1407/2163/3431
f 1383/2164/3432 1356/2165/3433 1414/2166/3434
f 1436/2167/3435 1268/1914/3046 1384/2022/3208
s 0
f 1396/2168/3436 1415/2169/3436 1423/2170/3436
f 1402/2171/3437 1255/2172/3437 1416/2173/3437
s 1
f 1382/2026/3401 1366/2028/3395 1381/2104/3438
f 1326/2058/3439 1268/2070/3440 1436/2174/3441
s 0
f 337/2114/3442 1409/2143/3442 1420/2158/3442
s 1
f 1394/2126/3443 1395/2125/3444 1429/2175/3445
f 333/2176/3446 1395/2125/3447 1410/2132/3448
s 0
f 1422/2177/3449 1423/2170/3449 1415/2169/3449
s 1
f 1255/1922/2990 1373/1924/3055 1333/2178/3450
f 1408/2128/3451 1398/2115/3452 1420/2158/3453
f 1367/2081/3384 1390/2116/3383 1417/2179/3454
s 0
f 1425/2148/3455 1392/2117/3455 1391/2119/3455
f 1391/2119/3456 1405/2088/3456 1311/2180/3456
s 1
f 1190/2181/2336 1413/2182/2970 984/2183/3457
s 0
f 1407/2163/3458 1402/2147/3458 1422/2184/3458
s 1
f 1422/2184/3459 1415/2185/3460 335/405/3461
f 335/405/3461 1415/2185/3460 1427/406/3462
s 0
f 1401/2186/3463 1415/2145/3463 1407/2163/3463
f 1427/2187/3464 1415/2145/3464 1401/2186/3464
s 1
f 1434/2188/3465 1421/407/3236 1423/2151/3414
f 1405/2189/3466 340/2190/3305 1190/2191/2336
s 0
f 1407/2163/3467 1422/2184/3467 1401/2186/3467
f 1401/2186/3468 1422/2184/3468 335/405/3468
f 1422/2177/3469 1402/2192/3469 1423/2170/3469
s 1
f 1423/2170/3470 1402/2192/3471 1416/2193/3472
s 0
f 1437/2194/3473 1430/2195/3473 1362/2196/3473
s 1
f 1432/2197/3474 290/2198/3475 1431/2199/3476
f 1326/2058/3439 1436/2174/3441 1433/2200/3477
s 0
f 1390/2116/3478 1412/2118/3478 1417/2179/3478
s 1
f 1413/2201/2970 1085/2202/2655 1428/2203/3413
f 1373/1924/3479 1366/2028/3419 1389/2204/3152
s 0
f 1367/2081/3480 1417/2179/3480 1411/2079/3480
s 1
f 1428/2205/3481 334/2206/3482 332/2207/3483
f 334/2206/3482 1428/2205/3481 1375/2208/3484
f 1375/2208/3485 1400/2209/3486 334/2206/3487
f 1431/2210/3488 1430/2195/3489 1437/2194/3490
f 1437/2194/3491 1362/2196/3492 1093/2211/3493
s 0
f 1408/2128/3494 1385/2212/3494 1397/2108/3494
s 1
f 1255/2172/3495 1333/2213/3496 1416/2173/3497
f 1356/2069/3498 1399/2113/3397 1265/2140/3396
f 1433/2200/3499 1337/2056/3500 1326/2058/3501
s 0
f 1332/2214/3502 1397/2108/3502 1385/2212/3502
s 1
f 1400/2159/3503 1394/2161/3427 1438/2215/3504
f 1371/2216/3505 1395/2125/3447 333/2176/3446
f 1373/2217/3506 1389/2075/3181 1383/2112/3362
f 1093/2211/3507 1362/2196/3492 1363/2218/3508
f 1435/2219/3509 1436/2167/3435 1384/2022/3208
f 330/2220/3510 1424/2142/3411 1374/2105/3343
f 1408/2128/3451 1420/2158/3453 1385/2212/3511
f 1394/2161/3443 1429/2221/3512 1406/2222/3513
s 0
f 1401/2186/3514 335/405/3514 1421/407/3514
s 1
f 1353/2223/3515 1434/2188/3465 1423/2151/3414
f 1432/2224/3516 1431/2210/3488 1437/2194/3490
s 0
f 1399/2113/3517 1337/2056/3517 1419/2141/3517
s 1
f 1384/2022/3208 1424/2142/3402 1435/2219/3509
f 1358/2225/3518 1304/2226/3519 333/2227/3520
f 1370/2228/3521 1429/2175/3522 1371/2216/3523
s 0
f 1429/2175/3524 1395/2125/3524 1371/2216/3524
s 1
f 1401/2186/3525 1421/407/3526 1434/2188/3527
f 1403/2229/3528 331/2230/3529 1334/2231/3530
f 1334/2231/3530 331/2230/3529 1404/2232/3531
f 1332/2214/3272 1385/2212/3532 1127/2233/3309
s 0
f 1385/2212/3533 1420/2158/3533 1409/2143/3533
f 1412/2118/3534 1425/2148/3534 1417/2179/3534
f 1425/2148/3535 1391/2119/3535 1311/2180/3535
f 1400/2234/3536 1438/2235/3536 1372/2236/3536
s 1
f 1438/2215/3537 1394/2161/3443 1406/2222/3513
f 1429/2237/3538 1400/2234/3539 1406/2238/3540
f 1400/2234/3541 1372/2236/3542 1406/2238/3543
s 0
f 1372/2239/3544 1438/2240/3544 333/2176/3544
f 1438/2240/3545 1371/2216/3545 333/2176/3545
f 1371/2241/3546 1438/2242/3546 1406/2243/3546
f 1406/2243/3547 1372/2244/3547 1370/2245/3547
f 1372/2244/3548 333/2246/3548 1370/2245/3548
f 1371/2241/3549 1406/2243/3549 1370/2245/3549
s 1
f 1368/2247/3550 1388/2248/3387 1339/2249/3389
f 1246/2250/3551 1257/2251/3552 1314/2252/3553
s 0
f 1246/2250/3554 1365/2253/3554 1257/2251/3554
s 1
f 1362/2196/3555 1430/2195/3489 1431/2210/3488
f 290/2198/3556 1419/2254/3557 1193/2255/3558
f 338/2110/3405 1411/2079/3314 1323/2256/3559
f 1405/2189/3466 1190/2191/2336 1281/2257/3560
f 1275/2258/3561 334/2206/3562 1304/2226/3563
f 334/2206/3564 333/2227/3520 1304/2226/3519
f 334/2206/3487 1400/2209/3486 333/2227/3565
f 1401/2186/3525 1434/2188/3527 1201/2259/3566
f 1423/2170/3414 1416/2193/3472 1353/2260/3515
f 1333/2261/3567 1334/2231/3530 1404/2232/3531
f 1434/2188/3465 1353/2223/3515 331/2262/3529
f 1416/2193/3497 1333/2263/3496 1404/2264/3568
f 1353/2260/3569 1416/2193/3570 1350/2265/3571
f 1350/2265/3571 1416/2193/3570 1349/2266/3572
f 331/2267/3529 1353/2268/3515 1404/2264/3531
s 0
f 1345/2269/3573 1404/2264/3573 1353/2268/3573
s 1
f 1350/2265/3574 1349/2266/3575 1341/2270/3576
s 0
f 1349/2266/3577 1416/2193/3577 1345/2269/3577
f 1416/2193/3578 1404/2264/3578 1345/2269/3578
f 1353/2268/3579 1350/2271/3579 1345/2269/3579
s 1
f 1341/2270/3580 1349/2266/3581 1338/2272/3582
f 1350/2271/3574 1341/2273/3576 1434/2274/3583
f 1338/2272/3582 1349/2266/3581 1345/2269/3584
f 332/2207/3585 334/2206/3562 1275/2258/3561
f 1400/2234/3586 1429/2237/3522 1370/2275/3521
s 0
f 1418/2162/3587 1388/2156/3587 1368/2276/3587
s 1
f 1338/2272/3588 1350/2271/3589 1434/2274/3590
f 1434/2277/3465 331/2230/3529 1403/2229/3528
f 1356/2165/3433 1265/2278/3591 1414/2166/3434
f 1365/2253/3592 1093/2279/3593 1363/2280/3594
f 1405/2088/3595 1281/2281/3595 1311/2180/3595
s 0
f 1357/2282/3596 1358/2225/3596 333/2227/3596
f 1400/2234/3597 1370/2275/3597 333/2283/3597
s 1
f 1337/2056/3500 1433/2200/3499 1419/2141/3598
f 1435/2219/3599 1424/2142/3411 330/2220/3510
f 1374/2105/3343 1310/1998/3173 1108/2284/3600
f 1385/2212/3532 1409/2143/3406 338/2110/3405
s 0
f 1275/2285/3601 1274/2286/3601 1271/2287/3601
f 1274/2286/3602 1275/2285/3602 1304/2288/3602
s 1
f 333/2289/3603 1410/2290/3604 1114/2291/3605
f 1228/2292/3606 1263/2293/3607 1314/2252/3608
f 1362/2196/3609 1431/2210/3609 1363/2218/3609
f 1385/2212/3532 338/2110/3405 1323/2256/3559
f 1141/2294/3610 325/2295/3611 1418/2162/3430
f 1201/2259/3612 339/2296/3337 1401/2186/3339
s 0
f 1434/2188/3613 1341/2297/3613 1201/2259/3613
s 1
f 1345/2269/3614 1350/2271/3615 1338/2272/3588
f 1311/2180/3616 1411/2079/3617 1417/2179/3618
s 0
f 1274/2286/3619 1304/2288/3619 1271/2287/3619
f 1251/2298/3620 1358/2225/3620 1357/2282/3620
s 1
f 325/2295/3611 1410/2154/3428 1418/2162/3430
f 1431/2199/3476 290/2198/3475 1193/2255/3621
f 1304/2288/3622 1358/2299/3623 1221/2300/3624
f 1403/2229/3625 1333/2261/3626 1136/2301/3627
f 1403/2229/3528 1334/2231/3530 1333/2261/3628
s 0
f 1333/2302/3629 1373/2217/3629 1383/2112/3629
f 1417/2179/3630 1425/2148/3630 1311/2180/3630
s 1
f 1010/2303/3631 1281/2257/3560 1190/2191/2336
f 1222/2304/3632 1223/2305/3633 1221/2300/3634
s 0
f 1333/2261/3635 1383/2306/3635 1185/2307/3635
s 1
f 1419/2254/3557 290/2198/3556 1265/2308/3636
s 0
f 1365/2253/3637 1363/2280/3637 1257/2251/3637
s 1
f 332/2309/3585 1275/2285/3561 1271/2287/3638
f 1222/2304/3632 1221/2300/3634 1251/2310/3639
f 1221/2311/3640 1220/2312/3641 1251/2313/3642
f 1143/2314/3643 1220/2312/3641 1221/2311/3640
s 0
f 1251/2313/3644 1171/2315/3644 1358/2316/3644
s 1
f 1368/2317/3550 1339/2318/3389 689/2319/3645
f 1113/2320/3646 1339/2053/3647 1328/2063/3648
f 1163/2321/3649 1314/2252/3608 1263/2293/3607
f 1228/2292/3650 1162/2322/3651 1182/2323/3652
s 0
f 1056/2324/3653 1195/2325/3653 1199/2326/3653
s 1
f 1304/2288/3622 1221/2300/3654 1223/2305/3655
s 0
f 1220/2312/3656 1171/2315/3656 1251/2313/3656
f 1201/2259/3657 1341/2297/3657 1338/2327/3657
s 1
f 1163/2321/3658 1246/2250/3551 1314/2252/3553
s 0
f 1182/2323/3659 1263/2293/3659 1228/2292/3659
s 1
f 1056/2328/3660 1181/2329/3661 1162/2322/3662
s 0
f 1222/2330/3663 1220/2312/3663 1143/2314/3663
f 1221/2331/3664 1358/2316/3664 1171/2315/3664
f 1418/2162/3665 1368/2276/3665 1141/2294/3665
s 1
f 1113/2332/3646 689/2319/3666 1339/2318/3647
f 330/2220/3510 1374/2105/3343 1108/2284/3600
f 332/2207/3585 328/402/3667 1152/2333/3668
s 0
f 1222/2304/3669 1143/2334/3669 1223/2305/3669
s 1
f 1221/2331/3670 1171/2315/3671 1143/2335/3672
f 1410/2154/3428 325/2295/3611 1114/2336/3673
f 1195/2325/3674 1056/2324/3660 1162/2337/3662
f 1323/2256/3559 1411/2079/3314 1281/2281/3675
f 1281/2281/3676 1411/2079/3617 1311/2180/3677
f 1413/2201/2970 1428/2203/3413 1172/2338/3678
f 1152/2333/3668 328/402/3667 329/404/3679
s 0
f 327/403/3680 328/402/3680 1104/2339/3680
s 1
f 326/398/735 316/393/720 323/396/728
f 339/2340/3337 1201/2341/3612 1121/2342/3681
s 0
f 1201/2341/3682 1338/2343/3682 1136/2301/3682
s 1
f 1434/2277/3683 1403/2229/3625 1136/2301/3627
s 0
f 1431/2344/3684 1193/2345/3684 1363/2346/3684
f 1220/2312/3685 1222/2330/3685 1171/2315/3685
s 1
f 333/2289/3603 1114/2291/3605 775/2347/3686
s 0
f 1338/2343/3687 1434/2277/3687 1136/2301/3687
f 1363/2280/3688 1314/2252/3688 1257/2251/3688
s 1
f 1127/2233/3689 1323/2256/3690 1106/2348/3691
f 332/2309/3585 1271/2287/3638 1060/2349/3692
f 1271/2287/3638 1304/2288/3693 1060/2349/3692
s 0
f 1060/2349/3694 1304/2288/3694 1058/2350/3694
s 1
f 326/2351/3695 1114/2336/3673 325/2295/3611
f 1310/1998/3173 1127/2076/3326 1108/2284/3600
f 329/404/3696 327/403/3696 1104/2339/3696
f 328/402/3667 332/2207/3585 1104/2339/3697
f 1328/2084/3698 1426/2086/3699 1113/2352/3700
f 1426/2353/3701 339/2340/3702 1121/2342/3703
s 0
f 1185/2307/3704 1383/2306/3704 1414/2354/3704
f 1432/2224/3705 1437/2194/3705 1093/2211/3705
s 1
f 1093/2279/3706 1365/2253/3707 1246/2250/3708
f 289/2355/3709 1199/2356/3710 1055/2357/3711
f 722/2358/3712 1419/2141/3598 1433/2200/3499
f 1058/2350/3713 1304/2288/3714 1223/2305/3655
f 1222/2359/3715 1251/2298/3716 1357/2282/3717
s 0
f 1201/2341/3718 1136/2301/3718 1121/2342/3718
f 1136/2301/3719 1333/2261/3719 1185/2307/3719
f 1433/2200/3720 1436/2174/3720 993/2360/3720
s 1
f 1323/2256/3690 1281/2281/3721 1106/2348/3691
f 1152/2333/3668 329/404/3679 1104/2339/3697
f 1060/2361/3692 1104/2339/3697 332/2207/3585
s 0
f 1058/2350/3722 1223/2305/3722 1077/2362/3722
s 1
f 1223/2305/3723 1143/2334/3723 1077/2362/3723
f 325/2295/3724 1141/2294/3725 323/2363/3726
f 1181/2329/3727 1182/2323/3652 1162/2322/3728
f 993/2360/3729 722/2358/3712 1433/2200/3499
f 1107/2364/3730 1127/2233/3689 1106/2348/3691
f 1428/2205/3481 332/2207/3483 1152/2333/3731
f 1152/2333/3668 1104/2339/3697 1060/2361/3692
f 1143/2335/3672 1171/2315/3671 1080/2365/3732
s 0
f 1171/2315/3733 1222/2330/3733 1080/2365/3733
s 1
f 1199/2366/3710 289/2367/3709 1027/2368/3734
f 1199/2356/3735 1195/2369/3736 1055/2357/3711
f 993/2370/3737 1436/2371/3435 1435/2372/3509
s 0
f 1058/2373/3738 1061/2374/3738 1060/2375/3738
s 1
f 833/2376/3739 323/2377/3740 1141/2378/3741
s 0
f 1162/2379/3742 1228/2380/3742 1314/2381/3742
s 1
f 1363/2346/3743 1193/2345/3744 1314/2382/3745
f 1385/2212/3532 1323/2256/3559 1127/2233/3309
f 290/2383/3746 1432/2384/3747 1027/2368/3748
f 1027/2368/3749 1432/2384/3750 1163/2321/3751
s 0
f 1432/2384/3752 1093/2279/3752 1163/2321/3752
f 1263/2293/3753 1182/2323/3753 1163/2321/3753
f 1193/2345/3754 1419/2141/3754 722/2358/3754
s 1
f 1152/2385/3668 1060/2375/3692 776/2386/3755
s 0
f 1061/2374/3756 1058/2373/3756 1035/2387/3756
f 1077/2362/3757 1143/2334/3757 803/2388/3757
s 1
f 326/2389/3695 323/2377/3758 833/2376/3759
s 0
f 1185/2307/3760 1414/2354/3760 1006/2390/3760
f 1093/2279/3761 1246/2250/3761 1163/2321/3761
s 1
f 1108/2391/3762 1127/2233/3689 1107/2364/3730
f 1010/2392/3631 1190/2181/2336 984/2183/3457
f 803/2393/3763 1143/2335/3764 975/2394/3765
s 0
f 1143/2335/3766 1080/2365/3766 975/2394/3766
s 1
f 1007/2395/3767 1222/2396/3715 1357/2397/3717
f 1114/2291/3673 326/2389/3695 833/2376/3759
f 793/2398/3768 290/2383/3769 1027/2368/3770
f 288/2399/3771 289/2355/3772 1055/2357/3773
f 1107/2364/3774 1106/2348/3775 986/2400/3776
f 1106/2348/3777 1281/2281/3560 826/2401/3778
f 1172/2338/3678 1428/2203/3413 690/2402/3779
s 0
f 1008/2403/3780 286/2404/3780 285/2405/3780
f 1060/2375/3781 1061/2374/3781 1035/2387/3781
f 1035/2387/3782 1058/2373/3782 1077/2406/3782
s 1
f 1080/2407/3783 1222/2408/3784 1077/2409/3785
f 989/2410/3786 1114/2291/3673 833/2376/3759
f 1005/2411/3787 1414/2166/3434 1265/2278/3591
f 1027/2368/3788 289/2367/3789 288/2412/3771
s 0
f 1055/2413/3790 1195/2325/3790 1162/2337/3790
f 993/2370/3791 1435/2372/3791 330/2414/3791
s 1
f 986/2400/3776 1106/2348/3775 1003/2415/3792
f 826/2401/3778 1281/2281/3560 1010/2416/3631
f 984/2183/3457 1413/2182/2970 996/2417/3793
s 0
f 1152/2385/3794 285/2405/3794 286/2404/3794
s 1
f 1136/2301/3795 1185/2307/3796 1121/2342/3797
s 0
f 1163/2321/3798 1182/2323/3798 1181/2329/3798
s 1
f 1027/2368/3788 288/2412/3771 284/2418/3799
f 1004/2419/3800 287/2420/3801 288/2421/3802
s 0
f 1108/2284/3803 1107/2422/3803 986/2423/3803
s 1
f 690/2424/3804 1428/2425/3481 496/2426/3805
f 496/2426/3805 1428/2425/3481 1152/2427/3731
f 496/2426/3806 1152/2427/3807 286/2428/3808
s 0
f 285/2405/3809 1152/2385/3809 1008/2403/3809
f 1080/2407/3810 803/2429/3810 1035/2430/3810
f 1077/2406/3811 1222/2431/3811 1035/2387/3811
s 1
f 1035/2432/3812 1222/2396/3715 1007/2395/3767
f 1265/2433/3636 290/2383/3556 1005/2434/3813
s 0
f 1193/2345/3814 722/2358/3814 980/2435/3814
s 1
f 333/2289/3815 1007/2395/3816 1357/2397/3817
s 0
f 1005/2434/3818 290/2383/3818 793/2398/3818
f 1055/2436/3819 1162/2437/3819 780/2438/3819
f 780/2439/3820 1162/2379/3820 1314/2381/3820
s 1
f 496/2426/3806 286/2428/3808 1008/2440/3821
f 283/2441/3822 1060/2375/3823 1035/2387/3824
f 1080/2407/3783 1077/2409/3785 803/2429/3825
f 776/2386/3755 1008/2403/3821 1152/2385/3668
f 775/2347/3686 1114/2291/3605 989/2410/3826
f 989/2410/3786 833/2376/3759 625/2442/3827
f 971/2443/3828 967/2444/3829 869/2445/3830
s 0
f 965/2446/3831 963/2447/3831 961/2448/3831
f 965/2446/3832 964/2449/3832 963/2447/3832
f 964/2449/3833 965/2446/3833 961/2448/3833
f 964/2450/3834 952/2451/3834 963/2452/3834
f 964/2449/3835 961/2448/3835 952/2453/3835
f 961/2454/3836 963/2452/3836 959/2455/3836
f 959/2455/3837 963/2452/3837 952/2451/3837
s 1
f 960/2456/3838 959/2457/3839 952/2458/3840
f 952/2459/3841 961/2460/3842 958/2461/3843
s 0
f 958/2461/3844 961/2460/3844 959/2462/3844
s 1
f 922/2463/3845 953/2464/3846 960/2456/3847
f 953/2464/3848 959/2457/3839 960/2456/3838
f 922/2463/3845 960/2456/3847 926/2465/3849
f 926/2465/3850 960/2456/3851 917/2466/3852
s 0
f 958/2461/3853 959/2462/3853 951/2467/3853
f 960/2456/3854 952/2458/3854 946/2468/3854
f 917/2466/3855 960/2456/3855 946/2468/3855
s 1
f 924/2469/3856 953/2464/3857 922/2463/3858
f 952/2459/3841 958/2461/3859 946/2470/3860
f 946/2470/3861 958/2461/3862 951/2467/3863
s 0
f 959/2457/3864 953/2464/3864 924/2469/3864
s 1
f 951/2467/3865 959/2462/3866 874/2471/3867
f 946/2470/3868 951/2467/3863 889/2472/3869
f 959/2462/3870 924/2473/3871 874/2471/3872
f 889/2472/3873 951/2467/3874 874/2471/3875
s 0
f 917/2474/3876 946/2470/3876 889/2472/3876
s 1
f 922/2463/3845 926/2465/3849 862/2475/3877
f 862/2475/3877 926/2465/3849 969/2476/3878
f 917/2466/3879 891/2477/3880 969/2476/3881
s 0
f 886/2478/3882 874/2471/3882 924/2473/3882
f 891/2479/3883 917/2474/3883 889/2472/3883
s 1
f 926/2465/3850 917/2466/3884 969/2476/3885
s 0
f 969/2476/3886 967/2444/3886 971/2443/3886
f 869/2445/3887 967/2444/3887 891/2477/3887
s 1
f 967/2444/3888 969/2476/3881 891/2477/3880
f 846/2480/3889 924/2469/3856 922/2463/3858
f 846/2481/3890 886/2478/3891 924/2473/3892
f 862/2475/3877 969/2476/3878 971/2443/3893
f 971/2443/3828 869/2445/3830 859/2482/3894
f 891/2479/3895 889/2472/3896 853/2483/3897
f 846/2480/3889 922/2463/3858 862/2475/3898
f 971/2443/3828 859/2482/3894 849/2484/3899
f 861/2485/3900 889/2472/3873 874/2471/3875
s 0
f 874/2471/3901 886/2478/3901 861/2485/3901
s 1
f 862/2475/3898 971/2443/3902 849/2484/3903
f 862/2475/3898 849/2484/3903 846/2480/3889
f 853/2483/3897 869/2486/3904 891/2479/3895
f 853/2483/3905 889/2472/3906 861/2485/3900
s 0
f 869/2486/3907 853/2483/3907 859/2487/3907
s 1
f 846/2481/3890 861/2485/3908 886/2478/3891
s 0
f 835/2488/3909 849/2484/3909 859/2482/3909
s 1
f 859/2487/3910 853/2483/3905 835/2489/3911
f 861/2485/3900 835/2489/3912 853/2483/3905
s 0
f 846/2480/3913 849/2484/3913 835/2488/3913
s 1
f 1056/2328/3914 1199/2366/3710 1027/2368/3734
f 1314/2382/3745 1193/2345/3744 780/2490/3915
s 0
f 330/2220/3916 1108/2284/3916 986/2423/3916
s 1
f 1003/2415/3792 1106/2348/3775 826/2401/3917
f 776/2386/3918 1060/2375/3823 283/2441/3822
f 1035/2432/3812 1007/2395/3767 716/2491/3919
s 0
f 833/2492/3920 846/2480/3920 835/2488/3920
f 846/2481/3921 833/2493/3921 861/2485/3921
s 1
f 284/2418/3922 288/2412/3802 287/2494/3801
s 0
f 1004/2419/3923 288/2421/3923 780/2438/3923
f 288/2421/3924 1055/2436/3924 780/2438/3924
s 1
f 1413/2201/2970 1172/2338/3678 996/2495/3793
f 1080/2407/3925 1035/2430/3926 975/2496/3927
f 801/2497/3928 1113/2498/3700 1426/2353/3699
f 1121/2342/3797 1185/2307/3796 801/2497/3929
f 1163/2321/3930 1181/2329/3931 1027/2368/3932
s 0
f 1181/2329/3933 1056/2328/3933 1027/2368/3933
f 1185/2307/3934 1006/2390/3934 801/2497/3934
f 330/2414/3935 986/2499/3935 799/2500/3935
s 1
f 980/2435/3936 780/2490/3915 1193/2345/3744
f 986/2499/3937 1003/2501/3938 790/2502/3939
f 742/2503/3940 496/2504/3941 1008/2505/3821
s 0
f 1035/2387/3942 803/2506/3942 283/2441/3942
s 1
f 833/2376/3943 1141/2378/3944 861/2507/3945
f 287/2420/3946 1004/2419/3947 780/2438/3948
f 993/2370/3949 330/2414/3950 799/2500/3951
s 0
f 833/2376/3952 835/2508/3952 625/2442/3952
s 1
f 1426/2353/3701 1121/2342/3703 801/2497/3953
f 1003/2501/3954 826/2509/3955 746/2510/3956
f 746/2511/3957 826/2401/3778 1010/2416/3631
s 0
f 282/2512/3958 283/2513/3958 762/2514/3958
f 283/2513/3959 282/2512/3959 776/2515/3959
s 1
f 283/2441/3960 803/2506/3763 975/2516/3765
f 861/2507/3945 1141/2378/3944 1368/2517/3961
f 799/2500/3962 986/2499/3963 790/2502/3939
f 1010/2392/3631 705/2518/3964 680/2519/3965
f 984/2183/3457 996/2417/3793 657/2520/3966
f 625/2442/3967 835/2508/3968 691/2521/3969
f 1113/2332/3646 801/2522/3970 689/2319/3666
f 1006/2390/3971 1414/2354/3434 1005/2523/3787
f 790/2502/3972 1003/2501/3954 746/2510/3956
f 975/2496/3927 1035/2430/3926 716/2524/3973
f 835/2508/3968 861/2525/3974 691/2521/3969
f 284/2526/3975 287/2420/3946 698/2527/3976
f 681/2528/3977 780/2529/3978 980/2530/3979
f 993/2370/3980 799/2500/3981 722/2531/3982
f 799/2500/3983 790/2502/3984 722/2531/3985
s 0
f 746/2511/3986 1010/2416/3986 680/2532/3986
s 1
f 742/2503/3940 1008/2505/3821 776/2533/3755
s 0
f 716/2534/3987 762/2514/3987 283/2513/3987
f 716/2535/3988 283/2441/3988 975/2516/3988
f 776/2515/3989 282/2512/3989 762/2514/3989
s 1
f 698/2536/3990 793/2398/3768 1027/2368/3770
s 0
f 284/2526/3991 698/2527/3991 1027/2537/3991
s 1
f 790/2502/3992 673/2538/3993 722/2531/3985
f 1172/2338/3678 657/2539/3966 996/2495/3793
f 1007/2395/3994 333/2289/3995 775/2347/3996
f 689/2319/3997 801/2522/3998 1005/2540/3787
f 1172/2338/3678 690/2402/3779 657/2539/3966
f 281/2541/3999 742/2542/3940 776/2515/3755
f 1005/2523/3787 801/2497/3998 1006/2390/3971
f 698/2527/3976 287/2420/3946 780/2438/3948
s 0
f 645/2543/4000 281/2541/4000 776/2515/4000
f 776/2515/4001 762/2514/4001 645/2543/4001
s 1
f 705/2518/3964 1010/2392/3631 984/2183/3457
f 742/349/3940 281/2544/3999 678/2545/4002
f 1005/2434/4003 793/2398/3768 698/2536/4004
f 691/2546/3969 861/2507/3974 1368/2517/4005
f 1005/2540/3787 1368/2317/4006 689/2319/3997
f 1005/2547/4007 698/2548/4008 681/2528/3977
s 0
f 645/2549/4009 280/351/4009 281/350/4009
s 1
f 980/2530/4010 722/2550/4011 279/2551/4012
f 775/2347/3686 989/2410/3826 625/2442/4013
s 0
f 698/2548/4014 780/2529/4014 681/2528/4014
s 1
f 790/2502/3992 746/2510/4015 680/2552/4016
f 653/348/4017 742/349/3940 652/2553/4018
f 678/352/4019 280/351/4020 645/2549/4021
f 645/2543/4022 762/2514/4023 651/2554/4024
f 1368/2317/4006 1005/2540/3787 691/2555/4025
s 0
f 638/2556/4026 722/2550/4026 576/2557/4026
f 496/2504/4027 742/2503/4027 278/2558/4027
s 1
f 652/2553/4018 742/349/3940 628/2559/4028
f 742/349/3940 678/2545/4029 628/2559/4028
f 645/2549/4021 646/2560/4030 678/352/4019
f 1005/2547/4007 681/2528/3977 980/2530/3979
f 980/2530/4010 279/2551/4012 495/2561/4031
f 722/2550/4032 638/2556/4033 649/2562/4034
f 673/2538/3993 790/2502/3992 680/2552/4016
f 651/2563/4024 276/341/4035 645/2564/4022
f 645/2564/4036 276/341/4036 275/340/4036
f 279/2551/4037 722/2550/4032 649/2562/4034
f 641/2565/4038 279/2551/4039 589/2566/4040
f 608/2567/4041 652/2553/4042 621/2568/4043
s 0
f 274/2569/4044 652/2553/4044 631/2570/4044
s 1
f 631/2570/4045 652/2553/4046 628/2559/4047
f 628/2559/4048 678/2545/4049 592/2571/4050
f 592/2572/4050 678/352/4049 646/2560/4051
f 275/2573/4052 651/2554/4053 716/2534/4054
s 0
f 651/2554/4055 762/2514/4055 716/2534/4055
s 1
f 980/2530/4010 495/2561/4031 1005/2547/4056
s 0
f 652/2553/4057 274/2569/4057 621/2568/4057
s 1
f 275/2574/4052 277/2575/4058 651/2576/4053
s 0
f 646/345/4059 645/2564/4059 626/2577/4059
f 645/2564/4060 275/340/4060 626/2577/4060
s 1
f 275/340/4061 716/2491/4062 626/2577/4063
s 0
f 673/2538/4064 680/2552/4064 271/2578/4064
s 1
f 705/2518/3964 984/2183/3457 657/2520/3966
f 653/348/4017 652/2553/4018 529/2579/4065
s 0
f 602/339/4066 631/2580/4066 579/2581/4066
s 1
f 613/2582/4067 592/2572/4068 646/2560/4069
f 646/2560/4069 276/2583/4070 613/2582/4067
s 0
f 276/2583/4071 651/2576/4071 613/2582/4071
f 277/343/4072 646/345/4072 626/2577/4072
s 1
f 691/2555/4073 1005/2540/4074 472/2584/4075
f 279/2551/4039 641/2565/4038 495/2561/4076
f 652/2553/4018 608/2567/4077 529/2579/4065
s 0
f 608/2585/4078 606/2586/4078 610/2587/4078
s 1
f 610/2587/4079 605/2588/4080 608/2585/4081
s 0
f 605/2588/4082 610/2587/4082 606/2586/4082
f 274/2569/4083 631/2570/4083 621/2568/4083
f 579/2589/4084 628/2559/4084 601/2590/4084
f 601/2590/4085 629/2591/4085 579/2589/4085
s 1
f 613/2582/4086 651/2576/4087 277/2575/4088
s 0
f 272/2592/4089 273/2593/4089 612/2594/4089
s 1
f 680/2519/3965 705/2518/3964 324/2595/4090
f 608/2596/4041 621/2597/4043 606/2598/4091
s 0
f 605/2588/4092 606/2586/4092 582/2599/4092
f 606/2586/4093 595/2600/4093 582/2599/4093
f 606/2598/4094 621/2597/4094 602/2601/4094
f 592/2602/4095 602/339/4095 579/2581/4095
s 1
f 631/2570/4045 628/2559/4047 579/2589/4096
f 657/2539/3966 690/2402/3779 384/2603/4097
f 608/2585/4081 605/2588/4080 582/2599/4098
s 0
f 606/2598/4099 602/2601/4099 580/2604/4099
s 1
f 621/2597/4100 595/2605/4101 602/2601/4102
f 595/2600/4103 606/2586/4103 580/2606/4103
f 613/337/4104 602/339/4105 592/2602/4068
s 0
f 628/2559/4106 592/2571/4106 601/2590/4106
s 1
f 277/2575/4088 626/2607/4107 613/2582/4086
f 273/2608/4108 472/2609/4109 1005/2547/4110
f 273/2608/4108 1005/2547/4110 612/2610/4111
f 641/2565/4112 589/2566/4113 586/2611/4114
s 0
f 722/2531/4115 673/2538/4115 271/2578/4115
f 608/2612/4116 582/2613/4116 572/2614/4116
s 1
f 595/2600/4101 621/2615/4100 582/2599/4117
s 0
f 631/2616/4118 602/2601/4118 581/2617/4118
f 602/2601/4119 595/2605/4119 581/2617/4119
f 601/2590/4120 592/2571/4120 629/2591/4120
s 1
f 691/2521/4073 472/2618/4075 625/2442/4121
f 641/2565/4112 586/2611/4114 577/2619/4122
s 0
f 292/2620/4123 279/2551/4123 649/2562/4123
f 621/2615/4124 631/2621/4124 581/2622/4124
s 1
f 560/2623/4125 580/338/4126 613/337/4086
f 576/2557/4127 722/2550/4128 271/2624/4129
f 496/346/4130 653/348/4017 529/2579/4065
f 581/2625/4131 595/2626/4132 579/2627/4133
s 0
f 580/2628/4134 592/2629/4134 579/2627/4134
f 560/2630/4135 579/2589/4135 629/2591/4135
f 629/2591/4136 592/2571/4136 560/2630/4136
f 560/2630/4137 592/2571/4137 580/2631/4137
s 1
f 560/2632/4125 613/2582/4086 626/2607/4107
s 0
f 612/2610/4138 1005/2547/4138 495/2561/4138
s 1
f 589/2566/4139 279/2551/4140 586/2611/4141
f 638/2556/4142 576/2557/4143 649/2562/4144
f 557/2633/4145 576/2557/4127 271/2624/4129
s 0
f 537/2634/4146 541/2635/4146 529/2636/4146
s 1
f 595/2626/4132 580/2628/4147 579/2627/4148
f 537/2634/4149 529/2636/4065 608/2612/4077
f 537/2634/4150 608/2612/4151 572/2614/4152
s 0
f 582/2599/4153 621/2615/4153 581/2622/4153
f 560/2632/4154 626/2607/4154 579/2637/4154
s 1
f 470/2638/4155 271/2624/4156 680/2639/4157
f 690/2640/3804 496/2641/3805 384/2642/4158
s 0
f 541/2635/4159 537/2634/4159 534/2643/4159
s 1
f 716/2491/3919 1007/2395/3767 626/2577/4160
s 0
f 577/2619/4161 586/2611/4161 553/2644/4161
s 1
f 496/2641/4130 529/2636/4065 534/2643/4162
f 625/2442/4121 472/2618/4075 775/2347/4163
f 495/2561/4164 641/2565/4165 577/2619/4166
s 0
f 586/2611/4167 444/2645/4167 553/2644/4167
s 1
f 470/2638/4168 478/2646/4169 271/2624/4170
s 0
f 529/2636/4171 541/2635/4171 534/2643/4171
s 1
f 269/2647/4172 649/2562/4144 576/2557/4143
f 394/2648/4173 269/2647/4172 557/2633/4174
f 705/2518/3964 657/2520/3966 384/2649/4097
f 1007/2650/3767 579/2637/4175 626/2607/4160
f 273/2651/4108 775/2652/4176 472/2653/4109
f 384/2649/4097 324/2595/4090 705/2518/3964
s 0
f 572/2614/4177 582/2613/4177 270/2654/4177
s 1
f 586/2611/4141 279/2551/4140 372/2655/4178
f 270/2656/4179 582/2599/4180 581/2622/4181
f 579/2627/4175 1007/2657/3767 581/2625/4181
f 495/2561/4164 577/2619/4166 318/2658/4182
s 0
f 577/2619/4183 553/2644/4183 318/2658/4183
s 1
f 576/2557/4143 557/2633/4174 269/2647/4172
f 292/2620/4184 649/2562/4185 269/2647/4186
s 0
f 775/2652/4187 273/2651/4187 342/2659/4187
s 1
f 318/2658/4188 553/2644/4189 444/2645/4190
s 0
f 394/2648/4191 557/2633/4191 271/2624/4191
s 1
f 537/2634/4192 572/2614/4193 534/2643/4194
f 372/2655/4195 279/2551/4196 292/2620/4197
s 0
f 478/2646/4198 394/2648/4198 271/2624/4198
s 1
f 680/2639/4199 324/2660/4200 470/2638/4201
s 0
f 342/2661/4202 273/2593/4202 272/2592/4202
f 444/2645/4203 586/2611/4203 254/2662/4203
s 1
f 269/2647/4186 394/2648/4204 292/2620/4184
f 478/2646/4169 470/2638/4168 324/2660/4205
s 0
f 384/2642/4206 496/2641/4206 534/2643/4206
f 534/2643/4207 572/2614/4207 270/2654/4207
s 1
f 270/2654/4208 264/2663/4209 246/2664/4210
f 270/2665/4179 581/2625/4181 1007/2657/3767
f 251/2666/4211 272/2592/4212 612/2594/4213
f 478/2646/4214 292/2620/4214 394/2648/4214
f 251/2666/4211 342/2661/4215 272/2592/4212
f 534/2643/4216 270/2654/4217 246/2664/4218
f 1007/2657/3994 775/2667/3996 236/2668/4219
f 236/2668/4220 775/2667/4221 342/2669/4222
s 0
f 236/2670/4223 612/2594/4223 495/2671/4223
s 1
f 318/2658/4188 444/2645/4190 254/2662/4224
f 254/2662/4225 586/2611/4226 372/2655/4178
f 306/2672/4227 384/2642/4228 246/2664/4229
f 384/2642/4230 534/2643/4216 246/2664/4218
f 495/2561/4164 318/2658/4182 191/2673/4231
f 384/2642/4228 306/2672/4227 324/2674/4232
s 0
f 324/2674/4233 306/2672/4233 171/2675/4233
s 1
f 342/2669/4222 251/2676/4234 236/2668/4235
f 270/2665/4208 1007/2657/4236 264/2677/4209
s 0
f 612/2594/4237 236/2670/4237 251/2666/4237
s 1
f 292/2620/4238 478/2646/4239 214/2678/4240
f 214/2678/4240 478/2646/4239 324/2660/4241
f 1007/2657/3994 236/2668/4219 264/2677/4242
f 191/2673/4243 318/2658/4244 254/2662/4245
f 292/2620/4238 214/2678/4240 372/2655/4246
f 214/2678/4247 324/2660/4248 171/2679/4249
f 203/2680/4250 236/2670/4251 495/2671/4252
s 0
f 264/2677/4253 236/2668/4253 268/2681/4253
s 1
f 203/2680/4254 495/2671/4164 191/2682/4231
f 264/2683/4255 267/2684/4256 200/2685/4257
f 268/2681/4258 236/2668/4251 203/2686/4250
f 191/2673/4243 254/2662/4245 372/2655/4259
s 0
f 171/2675/4260 306/2672/4260 200/2687/4260
f 306/2672/4261 246/2664/4261 200/2687/4261
s 1
f 246/2664/4262 264/2663/4255 200/2687/4257
f 214/2678/4263 171/2679/4264 372/2655/4265
f 267/2688/4256 264/2677/4255 268/2681/4266
f 191/2689/4243 372/2690/4259 176/2691/4267
f 176/2692/4268 372/2655/4269 171/2679/4270
s 0
f 203/2680/4271 191/2682/4271 143/2693/4271
s 1
f 129/2694/4272 200/2685/4273 267/2684/4274
f 143/2695/4275 268/2681/4276 203/2686/4277
f 191/2682/4278 162/2696/4279 143/2693/4280
f 191/2689/4243 176/2691/4267 162/2697/4281
f 268/2681/4276 143/2695/4275 267/2688/4282
f 200/2685/4283 129/2694/4284 171/2698/4285
f 176/2691/4268 171/2699/4270 118/2700/4286
f 129/2694/4272 267/2684/4274 145/2701/4287
f 171/2698/4285 129/2694/4284 124/2702/4288
f 143/2703/4289 99/2704/4290 267/2684/4291
f 171/2699/4292 124/2705/4293 118/2700/4294
f 267/2684/4291 99/2704/4290 145/2701/4295
f 32/2706/4296 162/2697/4297 131/2707/4298
f 162/2697/4281 176/2691/4267 131/2707/4299
f 118/2700/4300 131/2707/4299 176/2691/4267
f 129/2694/4301 145/2701/4302 98/2708/4303
f 143/2693/4280 162/2696/4279 32/2709/4304
f 131/2707/4305 118/2700/4306 65/2710/4307
f 106/2711/4308 118/2700/4309 124/2705/4310
s 0
f 99/2704/4311 143/2703/4311 32/2712/4311
f 98/2708/4312 124/2702/4312 129/2694/4312
s 1
f 59/2713/4313 131/2707/4305 65/2710/4307
s 0
f 118/2700/4314 106/2711/4314 65/2710/4314
s 1
f 106/2711/4315 124/2705/4316 56/2714/4317
f 56/2715/4317 124/2702/4316 98/2708/4318
f 32/2706/4296 131/2707/4298 59/2713/4319
f 65/2710/4320 106/2711/4321 56/2714/4322
f 25/2716/4323 98/2708/4303 145/2701/4302
s 0
f 25/2716/4324 145/2701/4324 42/2717/4324
f 42/2717/4325 145/2701/4325 99/2704/4325
s 1
f 20/2718/4326 59/2713/4327 65/2710/4328
s 0
f 42/2717/4329 99/2704/4329 32/2712/4329
s 1
f 65/2710/4320 56/2714/4322 30/2719/4330
f 65/2710/4328 30/2719/4331 20/2718/4326
f 30/2720/4332 56/2715/4332 98/2708/4332
f 30/2720/4333 98/2708/4334 20/2721/4335
f 98/2708/4334 25/2716/4336 20/2721/4337
f 32/2706/4296 59/2713/4319 20/2718/4338
s 0
f 42/2717/4339 32/2712/4339 20/2721/4339
f 25/2716/4340 42/2717/4340 20/2721/4340
