# Blender 4.3.2
# www.blender.org
o model
v 0.424526 1.225624 -0.444015
v 0.401563 1.208884 -0.444218
v 0.408572 1.213506 -0.441755
v 0.395755 1.201005 -0.441670
v 0.526475 0.899944 -0.630442
v 0.518807 0.907863 -0.624661
v 0.518257 0.921085 -0.619689
v 0.510888 0.928898 -0.619209
v -0.338540 1.360823 0.327657
v -0.323710 1.224695 0.373958
v -0.363060 1.361466 0.347626
v -0.890193 0.385623 0.264254
v -0.325447 1.216580 0.289778
v -0.361491 1.357867 0.286541
v -0.842867 0.385600 0.262771
v -0.346814 1.215208 0.362592
v -0.364090 1.359456 0.305591
v -0.403570 1.354788 0.289040
v -0.397921 1.206938 0.293546
v -0.347728 1.209450 0.310190
v -0.372986 1.363621 0.363823
v -0.413323 1.367318 0.368364
v -0.842202 0.388380 0.295590
v -0.395742 1.212924 0.377368
v -0.416764 1.360966 0.307984
v -0.426066 1.205669 0.334512
v -0.843127 0.383390 0.344349
v -0.354626 1.221644 0.382317
v -0.394188 1.221208 0.405973
v -0.451680 1.215806 0.362621
v -0.425685 1.211030 0.293264
v -0.860512 0.406369 0.266557
v -0.877504 0.385809 0.287402
v -0.882867 0.406428 0.344170
v -0.890401 0.385426 0.350766
v -0.842794 0.403103 0.352030
v -0.890070 0.609200 0.349467
v -0.842422 0.591617 0.341032
v -0.863936 0.541855 0.030312
v -0.841413 0.460441 -0.355028
v -0.649609 0.001260 -0.041319
v -0.833566 0.453677 0.249879
v -0.588587 0.002928 0.275441
v -0.494955 0.001670 0.112947
v -0.521746 0.019282 0.203986
v -0.782389 0.002486 0.003306
v -0.548280 0.017294 0.004846
v -0.575191 0.192775 0.107135
v -0.818294 0.002478 0.203372
v -0.835198 0.001657 0.109815
v -0.725119 0.956342 0.090615
v -0.737941 0.951647 -0.081168
v -0.634085 0.895236 0.539450
v -0.632100 0.892605 0.539954
v -0.476703 0.444665 0.742257
v -0.680161 0.006381 0.597333
v -0.675861 0.960184 -0.360433
v -0.582896 0.885335 0.594324
v -0.701490 0.959880 -0.395428
v -0.663284 1.046558 0.330317
v -0.737732 0.001997 -0.440346
v -0.481298 0.003522 -0.272213
v -0.483813 0.012065 -0.355881
v -0.530817 0.002497 -0.438879
v -0.531308 0.001389 -0.191962
v -0.881293 0.376799 0.193005
v -0.710621 0.002530 -0.166683
v -0.601412 0.012387 -0.158977
v -0.841553 0.458821 0.338170
v -0.791921 0.002053 -0.362140
v -0.769885 0.645379 -0.585959
v -0.616237 0.630355 -0.709083
v -0.630855 0.903196 -0.507674
v -0.619348 0.903799 -0.518499
v -0.503744 0.931622 -0.612439
v -0.564429 0.887616 -0.594036
v -0.518075 0.883192 -0.638587
v -0.493962 0.919053 -0.639033
v -0.364307 0.469998 0.902029
v -0.426010 0.450422 -0.788255
v -0.511492 0.001910 -0.514926
v -0.266674 0.002190 -0.501062
v -0.221757 0.012080 -0.581015
v -0.222730 0.001711 -0.672850
v -0.296640 0.200145 -0.659521
v -0.284634 0.015506 -0.757443
v -0.842694 0.305927 0.198015
v -0.352472 0.017572 -0.464154
v -0.360820 0.198714 -0.532945
v -0.857248 0.476733 0.343252
v -0.877871 0.458619 0.310079
v -0.892720 0.462390 0.352296
v -0.890978 0.459074 0.265246
v -0.842859 0.460276 0.278218
v -0.887582 0.478918 0.270360
v -0.065880 1.017387 -0.795997
v 0.036416 0.652237 0.890976
v 0.115416 1.180200 -0.287565
v 0.252221 0.002325 0.909491
v 0.351471 0.013007 0.724121
v -0.842063 0.462051 0.352581
v 0.033556 0.001643 0.776441
v -0.844630 0.336729 0.159934
v 0.069431 0.001137 0.647121
v 0.141432 0.004739 0.912167
v 0.331311 0.002167 0.841839
v 0.287073 0.001773 0.624840
v -0.842519 0.307255 0.421057
v 0.267215 0.199098 0.708106
v -0.842360 0.502847 0.269477
v 0.262260 0.198644 0.789850
v -0.889936 0.533434 0.264314
v 0.036606 0.371722 -0.886111
v 0.152291 1.212491 0.193361
v 0.111419 1.180982 0.547761
v 0.112178 1.152519 0.551162
v 0.058936 1.010881 0.788185
v 0.293771 1.060532 -0.620872
v 0.372886 1.063210 -0.432133
v 0.439707 1.112783 -0.392570
v 0.405828 1.207971 -0.301717
v -0.863992 0.552817 0.266844
v 0.374392 1.184417 -0.429590
v -0.876191 0.542585 0.314674
v 0.345632 1.282101 -0.339696
v 0.428081 1.121370 -0.335059
v 0.344630 1.211522 -0.301028
v -0.857826 0.530127 0.350593
v 0.319494 1.226878 -0.383368
v 0.384982 1.153509 -0.302818
v 0.380796 1.134285 -0.405736
v 0.353990 1.142167 -0.337907
v 0.368354 1.121263 -0.380151
v 0.438181 1.059577 -0.364201
v 0.423071 1.105341 -0.366148
v 0.139705 0.977857 0.791868
v 0.552720 0.899272 -0.594096
v 0.644499 0.010881 0.660722
v 0.667731 0.001029 0.595820
v 0.670969 0.014648 0.524635
v 0.561940 0.005111 0.715969
v 0.406270 0.001455 0.682001
v -0.855318 0.555325 0.353267
v -0.868512 0.374280 0.147961
v 0.567550 0.198446 0.561100
v 0.482357 0.015448 0.716274
v 0.567245 0.198808 0.499175
v 0.530204 0.199382 0.455992
v 0.365003 0.005477 0.456877
v 0.344012 0.002388 0.581046
v 0.592103 0.932694 -0.524816
v 0.546675 1.119335 0.056044
v 0.441728 0.839582 0.747614
v 0.618351 0.927834 -0.503644
v 0.624315 1.059594 -0.291267
v 0.570146 1.092308 0.080948
v 0.588934 1.060274 0.018158
v 0.520913 0.301170 -0.721277
v 0.627788 1.059520 0.072868
v 0.443061 0.936824 0.720420
v 0.513908 0.017614 -0.535335
v 0.463999 0.000900 -0.486951
v 0.422299 0.015828 -0.464985
v 0.531355 0.003261 -0.704637
v 0.547308 0.008122 -0.624881
v 0.307652 0.002188 -0.470323
v -0.842755 0.455789 0.187615
v -0.842624 0.589998 0.270479
v 0.452793 0.001918 -0.784059
v 0.350557 0.199112 -0.537148
v -0.851281 0.618738 0.277291
v 0.457274 0.198810 -0.576093
v -0.881963 0.607132 0.269077
v -0.890298 0.625025 0.266981
v 0.664260 1.043783 -0.305847
v 0.649288 0.944846 0.444109
v 0.657982 0.900164 0.474878
v 0.766287 0.877414 0.381249
v 0.780069 0.014006 -0.241754
v -0.878842 0.626871 0.343934
v -0.862825 0.609934 0.344652
v 0.794729 0.003471 -0.357416
v -0.894050 0.331347 0.151699
v 0.751098 0.001326 -0.191854
v 0.532218 0.001718 -0.187272
v -0.863929 0.402605 0.107321
v -0.845884 0.672845 0.339062
v 0.637930 0.015996 -0.154382
v 0.464106 0.004636 -0.313134
v 0.650976 0.001858 -0.478201
v 0.834632 0.022677 0.136513
v 0.810221 0.002265 0.224425
v 0.732891 0.001535 0.283248
v 0.558623 0.001822 -0.008651
v 0.804084 0.004839 0.023573
v 0.657691 0.004845 0.293061
v 0.743657 0.199992 0.093709
v 0.496621 0.006082 0.140792
v 0.571321 0.008769 0.262900
v -0.861050 0.481102 0.077786
v 0.811691 0.806120 0.149038
v 0.853937 0.680916 0.349708
v 0.842280 0.458479 0.420397
v 0.843242 0.761544 0.419203
v 0.843060 0.607937 0.346368
v 0.867466 0.372704 -0.096837
v 0.888384 0.361528 0.153312
v 0.864950 0.403099 0.108749
v 0.859889 0.483888 0.077653
v 0.860455 0.611397 0.070687
v 0.865490 0.551108 0.061836
v 0.861422 0.376041 0.148187
v 0.863455 0.401270 -0.065066
v 0.861662 0.610218 -0.003007
v 0.861228 0.483039 -0.037767
v -0.733293 0.307424 0.528938
v 0.860210 0.658028 0.075172
v 0.889017 0.327512 0.149309
v 0.865149 0.551773 0.003845
v 0.844874 0.333381 -0.105888
v 0.858982 0.673953 0.118169
v 0.859170 0.676357 0.121739
v -0.842603 0.657071 0.274950
v 0.859438 0.675235 0.126279
v 0.860921 0.655916 -0.031022
v 0.885026 0.378399 0.193263
v 0.889182 0.751143 0.184916
v 0.863348 0.551164 -0.018003
v -0.886089 0.327184 -0.101032
v -0.864062 0.403512 -0.063231
v 0.842921 0.307214 -0.055957
v 0.843215 0.337903 0.164926
v 0.884091 0.730237 0.154644
v 0.888547 0.334631 -0.103032
v -0.886005 0.725172 0.154809
v 0.844045 0.763281 0.192387
v 0.861135 0.750728 0.134574
v -0.890538 0.697016 0.264672
v 0.860130 0.747128 -0.090072
v -0.884674 0.681856 0.271262
v -0.855845 0.696446 0.274492
v -0.878339 0.698116 0.352557
v -0.889293 0.684461 0.350272
v 0.890676 0.532972 0.264586
v 0.861920 0.538224 0.277757
v 0.890588 0.550716 0.264890
v 0.847204 0.530291 0.343554
v 0.893029 0.543395 0.351937
v 0.847591 0.550721 0.341175
v 0.843140 0.549730 0.352137
v 0.886272 0.382906 -0.140543
v 0.844097 0.621761 0.340513
v 0.889656 0.608253 0.348138
v 0.886691 0.624368 0.351552
v 0.888824 0.626538 0.271096
v 0.891366 0.609085 0.265378
v 0.869777 0.608644 0.276687
v 0.843081 0.577686 0.268165
v 0.864803 0.576541 -0.108580
v 0.843240 0.627396 0.275129
v 0.811492 0.252342 -0.349003
v 0.847590 0.384238 0.356395
v 0.891630 0.385022 0.265041
v 0.864399 0.407793 0.353154
v 0.889651 0.405735 0.273103
v 0.875928 0.384789 0.276652
v 0.843128 0.385667 0.262747
v 0.844031 0.391806 0.325347
v 0.843237 0.380265 -0.145033
v 0.891598 0.475328 0.350832
v 0.890936 0.459574 0.350547
v 0.838743 0.457406 0.295864
v 0.891505 0.476170 0.266000
v 0.891359 0.459071 0.264246
v 0.875531 0.462421 0.277911
v 0.842902 0.494282 0.268629
v 0.845576 0.468096 0.340871
v 0.843184 0.406959 0.272101
v 0.843123 0.697709 0.262856
v 0.883093 0.733003 -0.112098
v 0.889318 0.699458 0.271213
v 0.844724 0.691254 0.339212
v 0.889958 0.697412 0.351002
v 0.842890 0.697553 0.351403
v 0.891053 0.685001 0.264380
v 0.843971 0.685239 0.271034
v 0.887475 0.760027 -0.137001
v 0.843285 0.690110 0.278567
v -0.862911 0.631946 0.054910
v 0.841645 0.461419 -0.147073
v -0.888840 0.751638 0.184909
v 0.842444 0.456878 0.191271
v 0.888616 0.785936 0.139948
v 0.842737 0.461080 0.353147
v 0.730564 0.754330 0.532246
v -0.844022 0.763385 0.193133
v -0.842247 0.693725 0.310462
v -0.842027 0.455857 0.419576
v -0.693188 0.354597 0.499165
v 0.842422 0.306973 -0.355692
v -0.857853 0.729020 0.111663
v -0.842832 0.692692 0.353189
v 0.842977 0.761329 -0.148399
v 0.842275 0.459932 -0.354700
v -0.844017 0.335673 -0.122473
v 0.843367 0.307239 0.420115
v -0.858065 0.576496 0.073119
v -0.730739 0.450979 0.530207
v 0.733523 0.443931 0.529901
v 0.887270 0.786278 -0.099059
v -0.867107 0.376080 -0.098691
v 0.767951 0.860207 0.028153
v -0.861419 0.482077 -0.036611
v -0.861738 0.745287 0.151160
v 0.736400 0.453406 -0.477988
v 0.814740 0.803864 -0.105712
v 0.778384 0.867363 0.272831
v -0.866084 0.556191 -0.016003
v 0.770684 0.199163 0.128098
v 0.799680 0.888944 0.275457
v 0.734621 0.735954 -0.481515
v 0.769456 0.197376 -0.327153
v 0.671663 0.001294 -0.044762
v -0.888893 0.786280 0.140818
v 0.843697 0.763681 -0.352821
v 0.629955 0.199809 0.202627
v 0.736176 0.198728 0.160106
v -0.865911 0.608409 -0.003493
v 0.732968 0.452673 0.533659
v 0.524754 0.001466 0.218840
v 0.733941 0.295656 -0.470977
v 0.599853 0.199260 0.059837
v 0.766093 0.902582 0.100007
v 0.728538 0.949512 0.230970
v 0.711875 0.198259 -0.341097
v 0.777579 0.867037 -0.231142
v 0.536355 0.002484 -0.454497
v 0.672764 0.407568 0.484883
v -0.812959 0.803189 0.154119
v 0.549210 0.197092 -0.279758
v -0.740401 0.714468 0.543183
v 0.685600 0.199288 0.039151
v -0.841567 0.459820 -0.146193
v -0.858955 0.560571 -0.109606
v 0.784765 0.324492 -0.568493
v 0.701388 0.198795 0.197237
v 0.783783 0.671739 -0.570490
v 0.788990 0.646828 0.624002
v -0.863028 0.656670 -0.029686
v 0.724552 0.955462 0.114189
v -0.860241 0.731100 -0.067626
v 0.741621 0.954148 0.108169
v 0.793182 0.903939 0.242846
v 0.752947 0.966097 0.230560
v 0.678849 0.197879 -0.251183
v 0.761585 0.652853 0.644807
v 0.765320 0.903629 -0.073568
v 0.751989 0.337501 -0.505869
v 0.751967 0.336487 -0.505804
v 0.734787 0.012447 -0.442787
v 0.752054 0.333374 -0.505934
v 0.707447 0.843520 0.471755
v 0.723406 0.956601 -0.066481
v 0.746907 0.957625 -0.072498
v 0.564635 0.199524 -0.384022
v 0.724051 0.298445 0.527850
v 0.765080 0.373412 0.643393
v 0.723754 0.956517 -0.093817
v 0.749846 0.354394 -0.579636
v -0.788755 0.342196 0.624873
v 0.710601 0.862842 0.502853
v -0.858426 0.752236 -0.104039
v 0.659211 0.198143 -0.400060
v 0.767894 0.681618 0.646356
v 0.723895 0.957031 -0.204642
v 0.694063 0.742434 -0.535435
v 0.744044 0.637693 -0.585514
v 0.763336 0.899173 -0.209723
v 0.680700 0.546720 -0.645134
v -0.892458 0.366048 -0.129344
v 0.619739 0.197980 -0.235243
v 0.611815 0.840105 0.571021
v 0.679900 0.944604 0.475001
v 0.705415 0.980715 0.261143
v 0.706162 0.982604 -0.030370
v 0.756285 0.970599 -0.222981
v 0.787939 0.342531 0.624839
v 0.692015 0.566413 0.713015
v -0.722552 0.299864 0.530713
v 0.745783 0.986776 0.254159
v 0.801619 0.891643 -0.235162
v 0.574156 0.198622 0.136821
v 0.768304 0.197872 0.388110
v 0.624025 0.862547 0.585768
v -0.769256 0.197801 0.387953
v 0.611867 0.353511 -0.712971
v 0.765949 0.347984 -0.587745
v -0.748431 0.198437 0.107437
v 0.731813 0.627290 0.676404
v 0.770683 0.645584 -0.588694
v -0.841878 0.300245 -0.352897
v 0.587598 0.899894 0.545671
v 0.516283 0.913905 0.607232
v 0.632573 0.672158 -0.720105
v 0.598486 0.914317 0.530542
v 0.710856 0.830427 -0.439195
v 0.538390 0.198493 -0.588806
v 0.516325 0.872735 0.651688
v -0.881779 0.753042 -0.108377
v 0.628206 0.648635 0.774757
v 0.516026 0.840373 0.669545
v 0.356467 0.197254 0.103151
v 0.708981 0.981757 -0.245808
v 0.725509 0.852605 -0.458374
v 0.612499 0.325342 -0.745323
v 0.508821 0.923437 0.642935
v 0.662961 1.045903 0.327201
v 0.614359 0.633348 -0.711599
v -0.888753 0.780691 -0.130951
v 0.528442 0.724626 -0.709949
v -0.567471 0.198403 0.588813
v 0.463127 0.828302 -0.715256
v 0.441004 0.906131 0.692472
v 0.624224 0.681865 0.788908
v 0.623723 0.370619 0.783034
v 0.528105 0.755464 0.738309
v 0.595618 0.837485 -0.556844
v 0.330823 0.197093 0.170063
v 0.365734 0.763640 -0.882004
v 0.212855 0.001370 -0.636482
v 0.678565 0.961292 -0.361041
v 0.236105 0.006216 -0.544578
v 0.701127 0.955160 -0.402586
v 0.683416 0.888665 -0.463288
v -0.723081 0.755371 0.540301
v 0.475567 0.866767 0.743686
v -0.605056 0.342080 0.807668
v 0.626424 1.059752 0.307805
v -0.815657 0.803380 -0.105311
v 0.631061 0.899002 -0.507128
v 0.289084 0.002812 -0.766899
v 0.605379 0.342752 0.808236
v -0.764118 0.368732 0.645002
v 0.625560 0.352489 -0.731735
v 0.375622 0.002283 0.200888
v 0.417450 0.002393 0.073814
v 0.416140 0.001261 -0.063799
v 0.367884 0.197090 -0.043336
v 0.469263 0.852917 -0.747368
v -0.843178 0.761519 -0.147363
v 0.605273 0.648710 0.807963
v 0.620574 0.920540 -0.502458
v 0.611388 0.886423 -0.533968
v 0.446832 0.194799 -0.684156
v 0.619697 0.923994 -0.507212
v 0.625769 0.642816 -0.739587
v 0.379799 0.002150 -0.174770
v 0.538371 1.059850 0.115574
v 0.566183 1.109765 -0.040378
v 0.645914 0.937294 -0.459272
v 0.608736 0.926911 -0.507880
v 0.283622 0.198701 -0.625766
v 0.499470 0.298628 0.756053
v 0.534172 1.059669 -0.107007
v 0.419369 1.059112 0.207719
v 0.601298 0.001792 0.413877
v 0.520772 1.122768 -0.023462
v 0.336376 0.197681 -0.703692
v 0.512828 0.882204 -0.646182
v -0.763974 0.871422 -0.085426
v 0.468246 0.001243 0.388715
v 0.394882 0.941714 0.703414
v 0.516876 0.452677 -0.718346
v 0.526604 0.198747 0.633154
v 0.467449 1.066416 0.381995
v 0.379282 1.254080 0.403216
v 0.407626 1.246866 0.382435
v 0.409393 1.153711 0.408432
v 0.388251 1.116766 0.346594
v 0.419877 1.128440 0.372741
v 0.381952 1.116079 0.413871
v -0.702434 0.199361 0.045230
v 0.361918 1.107074 0.398757
v 0.473785 0.882634 -0.704166
v 0.376322 1.059578 0.481490
v 0.519236 0.451751 -0.726992
v 0.301205 1.059080 0.644321
v 0.352724 1.327181 0.417352
v 0.330824 1.336843 0.403134
v 0.335470 1.111027 0.420576
v -0.789030 0.656631 0.626784
v 0.322168 1.106429 0.403335
v 0.484700 0.910945 -0.655434
v 0.507122 0.451295 0.758272
v 0.374460 1.103483 0.461010
v -0.721311 0.199298 0.186070
v 0.433543 0.958715 -0.683062
v 0.365003 0.459891 0.901395
v 0.385247 1.059448 0.307527
v 0.453793 1.115074 0.113501
v 0.371221 1.116773 0.077128
v -0.662248 0.198569 0.207399
v 0.372587 1.117157 -0.058631
v 0.295943 0.000830 -0.289160
v 0.512223 0.198874 0.611512
v 0.512226 0.748023 0.752235
v 0.365467 0.764986 0.902137
v 0.532825 0.938763 -0.580354
v -0.751252 0.646686 0.654353
v 0.447082 1.081362 0.145729
v 0.420080 1.058913 -0.221932
v 0.293345 1.059578 0.411986
v 0.584714 1.046883 -0.376966
v 0.459461 0.462419 -0.781277
v 0.374939 1.059785 0.136290
v 0.488095 1.112910 -0.097032
v 0.363786 0.308297 -0.886185
v -0.612695 0.198788 0.050566
v 0.397601 0.961698 -0.669567
v 0.521260 0.962338 -0.528849
v 0.463949 0.198995 0.453497
v -0.793436 0.874578 0.278422
v 0.312427 0.196325 -0.184274
v 0.374235 1.072920 -0.118983
v 0.027275 0.000000 0.017845
v 0.312788 0.000638 0.289407
v 0.229699 0.011535 0.362767
v 0.511241 0.442742 0.768314
v 0.244976 0.197552 -0.615019
v 0.405401 0.199147 0.514439
v 0.458026 0.433448 0.726351
v 0.264867 1.058659 0.560417
v 0.416077 0.449662 -0.799063
v 0.181738 0.197379 -0.438350
v 0.341656 1.090101 0.102153
v 0.300248 1.059045 0.053355
v 0.296239 1.060075 0.161628
v 0.301755 1.080106 -0.009990
v -0.792652 0.905820 0.244681
v 0.434164 0.199037 0.592441
v -0.778316 0.865602 -0.243400
v 0.317981 1.045059 -0.668562
v 0.259407 1.073979 0.155555
v 0.312526 0.197824 0.279278
v 0.312526 0.197824 0.279285
v 0.313214 0.197824 0.279894
v 0.323035 1.046079 0.680001
v 0.422787 0.311494 0.846469
v 0.501988 0.305822 0.776499
v 0.153320 1.057620 0.687844
v -0.737662 0.454723 -0.478728
v -0.768840 0.681702 0.645959
v 0.372496 1.081128 -0.306826
v 0.126757 0.002161 -0.394218
v 0.321691 1.108809 -0.360870
v 0.211801 0.196968 -0.286915
v -0.719445 0.198005 -0.292933
v 0.365554 0.459597 -0.882822
v 0.316514 0.197837 -0.821683
v 0.210022 0.661975 0.902229
v -0.767451 0.873648 0.275801
v 0.228537 1.189807 0.125201
v -0.698984 0.008785 0.293248
v 0.063874 0.011045 -0.610401
v 0.106038 0.001201 -0.673859
v -0.769793 0.197608 -0.327104
v -0.214603 0.001139 -0.775223
v -0.016735 0.004064 -0.561486
v -0.735977 0.299269 -0.478662
v -0.127131 0.004049 -0.572773
v 0.110118 0.012133 -0.760194
v 0.030593 0.198442 -0.689933
v 0.298995 1.059538 -0.131307
v -0.764924 0.896475 0.237316
v 0.227295 1.188737 -0.106492
v -0.693150 0.568161 0.713290
v -0.622620 0.381219 0.785026
v 0.169750 1.059212 0.283917
v 0.205327 1.198597 -0.126585
v -0.598428 0.197183 0.520308
v -0.211551 0.010267 -0.676515
v -0.043251 0.199156 -0.639504
v 0.119966 1.107774 0.713958
v 0.204817 1.170507 0.120548
v 0.236783 1.059030 -0.478103
v 0.151794 0.767474 -0.881161
v 0.204513 0.455961 -0.881957
v -0.843262 0.762256 0.417359
v 0.112374 0.901191 0.857872
v -0.006901 1.033414 0.769209
v 0.147735 1.103119 0.704278
v 0.157762 1.057483 0.278619
v 0.197526 1.212435 0.147000
v 0.074348 0.959866 0.820463
v 0.026544 0.967860 0.821536
v -0.577422 0.199132 0.463316
v 0.197958 0.639638 -0.926191
v 0.200861 0.306995 -0.886505
v 0.076660 0.002681 -0.840830
v 0.229910 0.197759 0.296086
v 0.139585 0.813319 0.907071
v 0.145804 1.148101 0.614583
v 0.148744 0.932196 0.774983
v 0.275445 1.056807 -0.150565
v 0.161550 0.920736 -0.766206
v 0.161074 0.289832 -0.909880
v -0.138152 0.198599 -0.762983
v 0.110661 0.810995 0.926415
v 0.302408 1.059461 -0.360149
v -0.140783 0.002399 -0.882909
v 0.119011 0.001752 0.415968
v 0.157303 1.064332 -0.659521
v -0.006460 0.012634 -0.891745
v 0.206133 0.456553 0.900038
v -0.770346 0.900314 0.112112
v 0.139765 0.650641 -0.875347
v -0.009059 0.194151 -0.813088
v -0.406723 0.002591 0.118643
v -0.067260 0.999721 0.794391
v -0.751050 0.960935 0.101085
v 0.197985 0.226293 -0.907320
v 0.158771 1.059559 -0.311705
v -0.739937 0.954710 0.226640
v 0.143721 0.766859 0.901451
v -0.718676 0.844606 0.464977
v 0.209245 0.663260 -0.881918
v 0.001644 0.919362 0.848122
v 0.111875 1.181039 0.295619
v 0.152398 0.722114 -0.883121
v 0.362043 0.307844 0.905692
v 0.161304 0.631333 0.947094
v -0.802715 0.896019 -0.224388
v -0.769433 0.900151 -0.069053
v 0.146004 1.147695 -0.623084
v 0.166549 0.910728 -0.857400
v 0.136980 0.815542 -0.925860
v -0.004363 0.526132 -0.877243
v -0.128411 0.198733 -0.679107
v 0.138785 0.318749 -0.881245
v 0.028779 0.198291 -0.769707
v 0.105465 0.197116 -0.341997
v -0.050991 0.944597 0.832670
v -0.120952 1.109511 0.711706
v 0.163955 1.060687 -0.265408
v 0.152061 0.666859 -0.924035
v 0.198166 0.643227 0.947395
v -0.725538 0.955077 0.115933
v -0.746498 0.986685 0.254384
v 0.130015 0.911736 -0.861574
v 0.107758 0.197150 0.363427
v 0.007501 0.000923 0.430893
v 0.147821 1.150163 0.227780
v 0.156407 1.229870 -0.167190
v 0.134387 0.648174 0.888819
v -0.703066 0.197864 -0.398664
v -0.009719 1.120979 0.451867
v -0.018966 1.119851 0.360724
v -0.008115 1.181207 0.449192
v -0.023824 1.180596 0.352097
v 0.021000 0.626191 -0.880504
v -0.746850 0.986984 -0.235620
v 0.201512 0.308619 0.904653
v -0.081049 1.121379 0.508571
v 0.135845 0.710592 -0.924433
v -0.081527 1.119939 0.354882
v 0.105030 1.151334 0.295243
v 0.114378 1.167069 -0.552950
v 0.135771 0.717544 0.920815
v 0.158842 1.233905 0.149628
v 0.082365 1.180775 -0.515820
v 0.081723 1.121181 -0.338160
v 0.002340 1.121412 -0.425278
v 0.074596 1.119750 -0.510771
v 0.151280 1.102070 -0.717768
v 0.074230 0.960692 -0.834369
v 0.199818 0.230311 -0.840815
v -0.745987 0.956296 -0.207916
v -0.005367 1.180251 -0.425029
v -0.368571 0.002054 -0.192952
v -0.631728 0.646803 0.771472
v 0.003248 0.924315 -0.859128
v 0.318545 0.198540 0.839878
v -0.081163 1.180873 0.509174
v -0.081396 1.181357 0.350991
v -0.475703 0.199842 0.444228
v -0.593165 0.198240 0.179102
v -0.114759 0.919265 0.844213
v -0.111379 1.168296 0.548543
v 0.148279 1.150416 -0.211021
v -0.102736 0.001595 -0.400302
v -0.765024 0.896810 -0.207147
v 0.141720 0.315241 0.903533
v -0.151412 1.233447 0.151144
v 0.082413 1.181006 -0.327257
v 0.069702 1.010655 -0.801310
v -0.607652 0.652310 0.807915
v -0.508242 0.305596 0.770018
v 0.162229 0.285702 0.937915
v 0.114711 1.151734 -0.274125
v -0.023275 0.197588 -0.354408
v 0.058846 0.762574 -0.947626
v -0.051318 0.398335 -0.882264
v -0.137369 0.318514 -0.879956
v -0.077410 0.196636 -0.820506
v 0.182438 0.200566 0.827226
v -0.681382 0.885860 0.509196
v -0.147164 1.061245 0.730635
v -0.060850 0.755470 -0.946829
v -0.137199 0.649283 -0.875420
v -0.492771 0.199378 0.600035
v 0.058687 0.752125 0.944945
v -0.154351 1.231483 -0.162523
v 0.051442 0.398500 0.902099
v 0.111609 0.665268 0.949314
v -0.001448 0.519946 0.892219
v 0.133916 0.702816 0.947451
v -0.149214 1.212609 0.193610
v -0.197880 0.230688 -0.841359
v -0.639993 0.885818 0.528982
v 0.132751 0.198456 0.685649
v -0.109055 1.159439 0.295539
v -0.500001 0.300575 0.756037
v -0.074586 0.961334 -0.835641
v 0.182145 0.013309 0.596936
v -0.114516 1.181185 -0.553473
v -0.013578 0.966425 -0.837451
v -0.214703 0.197504 -0.522221
v -0.143712 0.196854 -0.328167
v -0.667838 0.198140 -0.231156
v -0.151769 0.939099 0.770786
v -0.156748 0.653089 -0.923756
v 0.209789 0.199044 0.665927
v 0.198180 0.224206 0.935976
v -0.047086 0.605771 0.892288
v -0.144468 1.148533 0.615207
v 0.069917 0.019549 0.854501
v -0.641441 0.892175 0.525615
v -0.652274 0.839663 0.533216
v -0.112512 1.180889 -0.285532
v 0.025667 1.036866 -0.784310
v 0.048846 0.712264 -0.927266
v -0.196022 0.226302 -0.907398
v -0.052105 0.715729 0.925638
v -0.059180 0.755891 0.947208
v -0.155825 1.058320 0.688305
v -0.128666 0.814588 -0.927910
v -0.739295 0.709314 -0.474557
v -0.044489 0.404821 0.900645
v -0.624707 0.682649 0.788048
v -0.234221 0.001518 0.359358
v -0.145996 0.829268 0.845200
v -0.130142 0.963323 -0.825971
v -0.127434 0.810207 0.925300
v -0.149076 0.767639 0.901598
v -0.135392 0.710865 -0.925782
v -0.148572 1.147553 -0.212722
v -0.087291 1.151532 -0.566365
v -0.145662 1.147773 -0.625984
v 0.014924 0.784679 0.927973
v -0.197096 0.640865 -0.925809
v -0.159256 0.287936 -0.910004
v -0.690759 0.009370 0.504872
v -0.316867 1.044412 0.682051
v -0.435422 0.199148 0.498486
v 0.118410 1.110069 -0.724101
v -0.123615 0.715118 0.925916
v -0.099591 0.196698 0.367700
v -0.199358 1.211407 -0.127166
v 0.014124 0.316948 0.903044
v -0.138153 0.642387 0.889111
v -0.600287 0.920687 0.536534
v -0.145457 1.109660 -0.721809
v 0.198202 0.224844 0.854746
v -0.147900 1.147692 0.228947
v -0.114874 1.151970 -0.280488
v -0.198571 0.674381 -0.883988
v -0.317529 0.197429 -0.821080
v -0.604830 0.004764 0.680560
v -0.549530 0.010557 -0.604760
v -0.142116 0.001825 0.409612
v -0.115953 1.151909 -0.537237
v -0.166457 0.914294 -0.854314
v -0.361460 0.307181 -0.886268
v -0.433786 0.001314 -0.465149
v -0.636562 0.895623 0.534240
v -0.132834 0.703768 0.947336
v -0.198882 1.211192 0.144844
v -0.151991 0.771929 -0.877140
v -0.669982 0.943389 0.422277
v -0.651647 0.928160 0.487705
v -0.284112 1.059294 -0.147488
v -0.510138 0.453506 0.762059
v -0.199358 0.304030 -0.886404
v -0.257039 0.000622 -0.320552
v -0.139257 0.317074 0.903666
v -0.205231 1.170680 0.118715
v 0.107403 0.199443 0.756287
v -0.297349 1.059368 0.642540
v -0.203118 0.456784 -0.881950
v -0.523611 0.002470 -0.724480
v 0.030554 0.198866 0.840458
v -0.365729 0.198111 -0.702661
v -0.301655 0.198206 -0.571169
v -0.422099 0.002056 -0.790985
v -0.554167 0.198652 -0.352700
v -0.146903 0.721687 0.903080
v -0.196095 1.059007 0.260995
v -0.232613 1.193329 -0.106943
v -0.650736 0.001523 0.420609
v -0.446006 0.199277 0.568644
v -0.235270 1.193265 0.126747
v -0.160626 0.918007 -0.766424
v -0.157983 1.058149 0.276447
v -0.157798 1.058701 -0.255733
v -0.345417 0.000956 0.251132
v -0.234547 1.058946 0.489869
v -0.415484 0.001171 -0.056659
v -0.204485 1.165669 -0.107886
v -0.362223 0.457267 -0.883511
v -0.450530 0.001616 0.668956
v -0.387227 0.003125 0.450378
v -0.158489 1.063837 -0.662501
v -0.136280 0.660977 0.948017
v -0.318421 1.045477 -0.667673
v -0.274573 0.196461 -0.230262
v -0.437424 0.037683 0.641267
v -0.198271 1.058248 -0.244332
v -0.496132 0.001516 0.365311
v -0.360250 0.001962 0.512947
v -0.286247 1.060325 0.164843
v -0.373738 1.059881 0.438867
v -0.315434 1.132146 0.355606
v -0.279821 1.059560 0.385474
v -0.158627 0.285866 0.937539
v -0.197550 0.628114 0.946874
v -0.380462 0.038598 0.543354
v -0.218248 0.198008 0.607549
v -0.208229 0.659715 0.903264
v -0.450560 0.200789 -0.570086
v -0.366035 1.129999 0.285044
v -0.452379 0.193333 -0.671906
v -0.378759 1.140154 0.370945
v -0.374064 1.286470 0.320612
v -0.387231 1.367751 0.336507
v -0.402229 1.137835 0.331554
v -0.352873 1.137415 0.327617
v -0.297028 1.080754 -0.018245
v -0.205697 1.059472 -0.399958
v -0.363746 0.763551 -0.882687
v -0.196281 0.224145 0.936098
v -0.518900 0.452174 -0.725933
v -0.286134 1.061143 -0.601404
v -0.392210 1.132139 0.396117
v -0.355136 1.106160 -0.439664
v -0.345717 1.426751 -0.372827
v -0.334634 1.422149 -0.393495
v -0.330618 1.106469 -0.357739
v -0.443849 0.004572 0.729967
v -0.319863 1.122522 -0.395484
v -0.369436 1.108871 -0.390114
v -0.417533 1.060230 -0.138694
v -0.277828 1.059420 -0.378932
v -0.448887 0.829593 -0.727046
v -0.296371 1.057395 0.054496
v -0.370389 1.117078 -0.368259
v -0.356832 1.059983 -0.454179
v -0.362935 1.059593 0.269655
v -0.354504 1.117021 -0.037557
v -0.401459 0.938580 0.696785
v -0.388747 1.249421 -0.379502
v -0.426542 1.064679 -0.381834
v -0.469817 0.853577 -0.745098
v -0.317659 0.199043 0.578745
v -0.396823 0.963561 -0.667350
v -0.373539 0.197442 0.642326
v -0.399936 1.091863 -0.127385
v -0.357296 1.059715 -0.301374
v -0.445694 1.132029 0.338010
v -0.365924 1.112435 0.085761
v -0.563529 0.831889 -0.599360
v -0.215823 0.197607 0.305061
v -0.379844 1.121672 0.041717
v -0.197384 0.224983 0.854887
v -0.351585 1.090250 0.118624
v -0.395779 1.115129 -0.083374
v -0.362984 0.199032 0.700454
v -0.392413 1.058937 0.201661
v -0.355222 1.059579 0.130323
v -0.468272 0.894670 -0.689353
v -0.517264 0.454305 -0.716468
v -0.519909 0.198097 -0.610550
v -0.520447 0.301501 -0.721787
v -0.351424 0.196328 -0.101410
v -0.574730 0.197559 -0.244734
v -0.410668 1.059217 -0.217493
v -0.429971 0.949935 -0.691773
v -0.512353 1.116764 -0.074528
v -0.709741 0.983162 -0.241549
v -0.680987 0.951136 0.454061
v -0.516142 1.121949 0.000726
v -0.318719 0.198375 0.839486
v -0.363528 0.765675 0.901828
v -0.495363 0.911841 -0.643025
v -0.495771 0.914356 -0.640543
v -0.381701 0.003736 0.812050
v -0.205054 0.459525 0.899936
v -0.487884 0.913161 -0.645399
v -0.514671 1.115544 0.103030
v -0.626599 0.198670 -0.399089
v -0.496202 0.922431 -0.635895
v -0.421553 0.944135 0.716777
v -0.464911 1.059490 0.339232
v -0.698001 0.197510 -0.368719
v -0.492308 0.920730 -0.629434
v -0.291772 0.197712 0.228647
v -0.440695 0.837839 0.748409
v -0.568121 1.127527 -0.011652
v -0.623115 0.954012 -0.415613
v -0.446181 0.919214 0.697666
v -0.457853 1.076737 0.148903
v -0.357321 0.197217 0.102354
v -0.173880 0.011670 0.786710
v -0.211499 0.199438 0.705384
v -0.129147 0.002017 0.712139
v -0.200923 0.308866 0.904485
v -0.571923 0.938655 -0.542538
v -0.292628 0.198938 0.748863
v -0.567227 1.075158 -0.075240
v -0.524771 0.722094 -0.711287
v -0.786078 0.336219 -0.574783
v -0.562421 0.925986 0.575426
v -0.621659 1.059957 0.305165
v -0.626757 1.059365 -0.291404
v -0.593812 0.933676 -0.523532
v -0.618696 0.922897 -0.503878
v -0.621191 0.926988 -0.497097
v -0.616646 0.887509 0.558316
v -0.472935 0.885743 0.698100
v -0.594318 1.079306 0.013644
v -0.668252 1.043155 -0.304011
v -0.625716 0.650608 -0.741779
v -0.134794 0.001227 0.606009
v -0.505970 0.913287 0.638413
v -0.549970 1.065619 0.117378
v -0.362596 0.310274 0.905182
v -0.578457 0.934749 -0.524319
v -0.618476 0.922872 -0.495439
v -0.672178 0.932055 -0.431892
v -0.686269 0.885527 -0.459560
v -0.721665 0.739339 -0.503770
v -0.705016 0.980996 0.259762
v -0.705746 0.832023 -0.442828
v -0.192093 0.012143 0.530364
v -0.612221 0.356890 -0.713998
v -0.617692 0.326058 -0.744108
v -0.273803 0.002943 0.845036
v -0.360976 0.456336 0.904829
v -0.723619 0.853823 -0.460178
v -0.735006 0.864245 0.491027
v -0.747095 0.639936 -0.580210
v -0.639640 0.001895 -0.476704
v -0.681450 0.547828 -0.645149
v -0.511675 0.752837 0.755580
v -0.779495 0.015036 -0.243869
v -0.747768 0.353947 -0.579290
v -0.469339 0.867315 0.759431
v -0.843080 0.761554 -0.353442
v -0.541116 0.887787 0.626347
v -0.538908 0.890303 0.624552
v -0.550900 0.891415 0.619530
v -0.542543 0.888970 0.627409
v -0.543086 0.885741 0.630024
v -0.438912 0.197414 0.222381
v -0.545549 0.883431 0.628978
v -0.782168 0.671252 -0.572760
vn 0.3953 -0.5333 -0.7479
vn -0.5822 0.7967 0.1619
vn 0.4633 -0.4698 0.7514
vn -0.5880 0.6065 0.5353
vn 0.3381 -0.3189 0.8854
vn -0.6222 -0.0314 -0.7822
vn -0.3091 -0.3460 0.8859
vn 0.5288 0.5390 -0.6556
vn 0.6043 0.3148 0.7319
vn -0.4544 0.0406 0.8899
vn -0.0125 0.9988 -0.0475
vn -0.0067 0.9985 -0.0542
vn -0.0179 0.9968 -0.0783
vn 0.8482 0.2052 -0.4882
vn -0.9938 -0.1075 0.0292
vn -0.9938 -0.1074 0.0295
vn -0.9938 -0.1074 0.0294
vn 0.9947 0.0982 -0.0300
vn -0.0482 0.9948 -0.0895
vn -0.0782 0.9926 -0.0935
vn 0.3368 -0.9366 0.0970
vn 0.3654 -0.9271 0.0840
vn 0.3480 -0.9330 0.0920
vn -0.9938 -0.1075 0.0291
vn 0.3707 -0.9252 0.0815
vn -0.3277 -0.0019 0.9448
vn -0.3145 -0.0052 0.9492
vn -0.3721 0.0092 0.9281
vn -0.3879 0.0133 0.9216
vn -0.0539 -0.0358 -0.9979
vn -0.0565 -0.0373 -0.9977
vn -0.0492 -0.0332 -0.9982
vn -0.0476 -0.0322 -0.9983
vn 0.1182 -0.9705 -0.2099
vn -0.1180 -0.0712 -0.9905
vn 0.1417 -0.1098 -0.9838
vn 0.9964 -0.0682 -0.0496
vn 0.9981 -0.0615 -0.0101
vn 0.9969 -0.0669 -0.0420
vn 0.9982 -0.0595 0.0015
vn 0.5038 0.1753 0.8458
vn 0.1317 0.2632 0.9557
vn -0.9693 0.2443 0.0295
vn 0.1693 -0.9491 0.2657
vn 0.8103 0.0583 -0.5832
vn -0.9305 0.0902 -0.3550
vn -0.6048 0.1233 0.7867
vn -0.1737 -0.9434 0.2826
vn -0.1315 -0.9549 0.2663
vn -0.1125 -0.9594 0.2588
vn -0.1015 -0.9618 0.2544
vn -0.4745 -0.8724 -0.1178
vn -1.0000 0.0036 0.0063
vn -0.9986 -0.0138 -0.0519
vn -0.9983 -0.0154 -0.0570
vn -0.0028 -0.9998 0.0196
vn -0.0039 -1.0000 0.0031
vn -0.0079 -0.9996 0.0282
vn 0.5234 -0.7946 0.3077
vn -0.0039 -1.0000 0.0032
vn -0.0032 -1.0000 0.0059
vn 0.8090 0.3836 -0.4453
vn 0.8593 0.3494 -0.3734
vn 0.8449 0.3601 -0.3955
vn 0.9025 0.3853 0.1922
vn 0.9029 0.3849 0.1913
vn 0.9016 0.3863 0.1945
vn 0.0245 -0.9997 0.0044
vn -0.0057 -1.0000 -0.0011
vn 0.2677 -0.9261 -0.2659
vn 0.8449 0.3601 -0.3956
vn 0.7835 0.3982 -0.4771
vn 0.8090 0.3837 -0.4453
vn -0.0341 -0.9928 0.1150
vn -0.8697 0.4933 0.0158
vn -0.9497 0.3049 0.0715
vn -0.9296 0.3663 0.0404
vn -0.3247 0.9192 0.2228
vn 0.8853 -0.1685 -0.4334
vn -0.4962 -0.2128 0.8417
vn 0.1943 -0.9761 -0.0973
vn -0.5884 0.7970 0.1365
vn 0.0109 -0.9999 -0.0045
vn 0.0355 -0.9994 -0.0044
vn 0.0076 -1.0000 -0.0006
vn 0.3736 -0.9216 -0.1053
vn 0.0016 -1.0000 -0.0024
vn 0.8019 0.3142 0.5081
vn 0.9083 0.3954 0.1363
vn 0.9266 0.3711 0.0606
vn 0.9357 0.3527 0.0079
vn -0.0021 -1.0000 -0.0007
vn 0.0075 -1.0000 -0.0005
vn -0.0031 -1.0000 0.0008
vn -0.0017 -1.0000 -0.0010
vn -0.0057 -1.0000 0.0048
vn 0.0527 -0.9083 0.4149
vn 0.8102 0.3139 -0.4950
vn -0.6889 0.4489 -0.5692
vn -0.6857 0.4538 -0.5691
vn -0.6871 0.4515 -0.5692
vn 0.0062 -1.0000 0.0044
vn -0.0013 -1.0000 -0.0007
vn 0.0015 -1.0000 -0.0003
vn 0.3801 -0.9196 0.0998
vn 0.9240 0.3811 0.0315
vn 0.9320 0.3616 -0.0228
vn 0.9349 0.3515 -0.0496
vn 0.8082 0.3208 0.4938
vn -0.0029 -1.0000 -0.0024
vn 0.0015 -1.0000 -0.0004
vn 0.4424 0.3462 0.8273
vn 0.4855 0.3617 0.7959
vn 0.4224 0.3387 0.8407
vn 0.1591 -0.9493 -0.2712
vn 0.7870 0.3282 -0.5224
vn -0.0344 -0.9994 -0.0008
vn -0.0398 -0.9992 -0.0004
vn 0.1424 -0.7515 0.6442
vn 0.9320 0.3616 -0.0227
vn 0.9184 0.3910 0.0607
vn -0.2480 -0.9687 0.0118
vn 0.0375 -0.9993 -0.0058
vn -0.0041 -0.9999 0.0107
vn 0.0471 -0.9989 -0.0067
vn 0.2426 -0.9690 -0.0477
vn -0.0013 -1.0000 0.0091
vn 0.5483 0.4146 0.7263
vn 0.5977 0.3947 0.6978
vn 0.4426 0.4501 0.7756
vn 0.9107 0.3813 0.1592
vn 0.9101 0.4023 0.0989
vn 0.9095 0.3699 0.1898
vn 0.9076 0.4159 0.0573
vn 0.0034 -1.0000 0.0049
vn -0.0208 -0.9990 0.0393
vn 0.7821 0.3074 -0.5421
vn 0.0651 0.5577 0.8275
vn 0.0519 0.5873 0.8077
vn 0.0185 0.5878 0.8088
vn 0.7973 0.5275 -0.2932
vn 0.7771 0.5568 -0.2936
vn 0.7905 0.5377 -0.2934
vn 0.8102 0.5079 -0.2927
vn 0.9684 0.1841 0.1683
vn -0.9291 0.1878 0.3186
vn 0.0377 0.4797 0.8766
vn 0.4850 -0.2029 0.8506
vn 0.0099 -0.0240 0.9997
vn -0.4231 -0.8983 0.1189
vn -0.3553 -0.9323 0.0674
vn -0.4502 -0.8819 0.1400
vn -0.1261 0.6514 -0.7482
vn 0.0472 -0.4243 -0.9043
vn -0.4988 -0.8481 0.1787
vn -0.7480 -0.3607 -0.5571
vn -0.7501 -0.3630 -0.5528
vn -0.7491 -0.3619 -0.5548
vn -0.9374 -0.2535 0.2389
vn 0.1574 -0.9719 0.1751
vn 0.8631 0.4110 0.2933
vn -0.7511 -0.3642 -0.5507
vn -0.5992 -0.4374 0.6706
vn -0.9020 -0.4203 -0.0987
vn -0.0620 -0.8770 -0.4765
vn 0.6822 0.2544 0.6855
vn 0.8749 0.4811 0.0561
vn 0.8526 0.4907 0.1794
vn 0.8598 0.4877 0.1514
vn 0.2145 -0.9513 0.2212
vn -0.0009 -1.0000 0.0093
vn 0.0015 -1.0000 0.0094
vn 0.0135 -0.9989 0.0458
vn 0.8526 0.4908 0.1794
vn 0.7298 0.6646 0.1603
vn 0.0008 -1.0000 -0.0007
vn -0.0106 -0.9999 -0.0055
vn 0.8714 0.4906 -0.0014
vn 0.4098 -0.8992 -0.1534
vn 0.4534 0.5103 0.7308
vn 0.4767 0.5208 0.7082
vn 0.5362 0.5458 0.6439
vn -0.1041 -0.8183 0.5653
vn 0.5622 0.5559 0.6123
vn 0.7254 0.3752 -0.5771
vn 0.7700 0.3609 -0.5262
vn 0.7589 0.3647 -0.5395
vn -0.0208 -0.9998 -0.0075
vn 0.7589 0.3648 -0.5395
vn 0.7043 0.3811 -0.5990
vn 0.7170 0.6929 0.0763
vn 0.8912 0.4522 0.0360
vn 0.5605 0.3729 0.7394
vn 0.5370 0.4542 0.7109
vn 0.5635 0.3614 0.7429
vn 0.5418 -0.7904 0.2859
vn 0.5673 0.3455 0.7475
vn 0.0446 -0.9990 0.0030
vn 0.1395 -0.9897 0.0324
vn 0.0166 -0.9999 0.0040
vn 0.0445 -0.9990 0.0029
vn 0.0057 -1.0000 -0.0060
vn -0.0232 -0.9996 0.0182
vn -0.0202 -0.9998 0.0076
vn 0.8908 0.3449 0.2957
vn 0.0616 -0.7673 0.6383
vn -0.0837 0.3365 0.9379
vn -0.1483 -0.9849 0.0894
vn 0.5988 -0.7872 0.1476
vn 0.8616 0.4478 0.2391
vn 0.8374 0.4291 0.3386
vn 0.9196 0.3843 0.0816
vn -0.0106 -0.9999 -0.0016
vn 0.0039 -1.0000 -0.0040
vn -0.0105 -0.9999 -0.0030
vn 0.0063 -0.9245 0.3811
vn 0.8152 0.4664 0.3434
vn 0.7296 0.4290 0.5326
vn 0.0181 -0.9998 -0.0082
vn 0.0002 -1.0000 -0.0019
vn -0.0107 -0.9999 -0.0016
vn -0.0365 -0.9993 -0.0034
vn 0.3175 0.3889 0.8649
vn 0.3347 0.3829 0.8610
vn 0.2681 0.4049 0.8742
vn 0.2279 -0.9387 -0.2587
vn 0.2376 0.4142 0.8786
vn 0.7073 0.4045 -0.5797
vn 0.7773 0.3731 -0.5066
vn 0.7565 0.3833 -0.5299
vn 0.5796 -0.8144 -0.0281
vn 0.8704 0.4651 0.1615
vn 0.8505 0.4363 0.2937
vn 0.8738 0.4743 0.1075
vn 0.0139 -0.9999 -0.0035
vn -0.0017 -0.9999 0.0159
vn 0.0074 -1.0000 -0.0028
vn 0.5509 0.4059 0.7292
vn 0.5674 0.4128 0.7125
vn 0.6294 0.4374 0.6423
vn 0.8414 0.4260 0.3325
vn 0.0339 -0.9993 -0.0138
vn -0.0379 -0.9987 0.0348
vn -0.0144 -0.9999 -0.0015
vn 0.8768 0.3782 -0.2969
vn -0.0392 -0.9925 0.1154
vn 0.6534 0.4464 0.6114
vn -0.1123 -0.9935 -0.0183
vn 0.9975 0.0523 0.0474
vn 0.9976 0.0058 0.0693
vn 0.9963 -0.0858 -0.0007
vn 1.0000 0.0069 -0.0028
vn 0.9999 0.0059 0.0101
vn 0.9997 0.0235 0.0058
vn 0.9965 0.0552 0.0626
vn 1.0000 -0.0089 -0.0004
vn 0.9993 0.0374 0.0070
vn 0.9163 0.0178 0.4001
vn 0.9999 -0.0049 0.0145
vn 0.9995 0.0026 -0.0323
vn 0.9956 0.0615 0.0704
vn 0.4740 0.8805 -0.0003
vn 0.9998 0.0188 -0.0013
vn 0.9983 0.0076 0.0576
vn 0.9997 0.0162 0.0201
vn 0.0009 -0.9997 -0.0231
vn -0.1947 -0.9808 0.0111
vn -0.2164 -0.9762 0.0150
vn 0.9997 0.0058 -0.0237
vn 0.1897 0.0058 -0.9818
vn 0.9984 0.0025 -0.0565
vn 0.9586 -0.2571 0.1225
vn 0.9993 -0.0384 -0.0002
vn 0.9999 -0.0118 -0.0075
vn 0.9997 0.0162 0.0202
vn 0.9963 -0.0057 0.0861
vn 0.9847 0.0121 -0.1739
vn 0.9944 -0.0052 -0.1059
vn 0.8702 0.4901 -0.0509
vn 0.0304 -0.9991 -0.0282
vn 0.9998 0.0162 0.0142
vn 0.9999 0.0087 0.0078
vn 0.9976 0.0065 -0.0687
vn -0.0013 0.0021 1.0000
vn 0.1685 0.0202 0.9855
vn 0.1501 0.0182 0.9885
vn 0.6441 -0.0273 -0.7645
vn 0.9961 -0.0091 0.0876
vn 0.1117 -0.6446 0.7564
vn -0.0014 0.0021 1.0000
vn -0.0529 -0.0034 0.9986
vn 0.9981 -0.0609 0.0071
vn 1.0000 -0.0020 -0.0012
vn 0.9983 -0.0579 0.0067
vn 1.0000 -0.0022 -0.0049
vn 1.0000 -0.0037 -0.0025
vn 1.0000 -0.0052 -0.0003
vn 0.9058 0.3953 -0.1527
vn 0.6733 -0.4181 0.6098
vn -0.0754 -0.0004 -0.9972
vn -0.0725 0.0027 -0.9974
vn -0.0800 -0.0054 -0.9968
vn 0.3424 -0.3308 0.8794
vn -0.0592 0.0168 -0.9981
vn 0.2566 0.3422 0.9039
vn 0.2551 -0.9609 0.1078
vn 0.9996 0.0054 -0.0276
vn -0.2524 -0.9524 -0.1713
vn -0.4847 0.8309 -0.2733
vn -0.9757 -0.0070 -0.2191
vn 0.1404 0.9869 0.0791
vn 0.1319 0.9847 0.1136
vn 0.1381 0.9865 0.0884
vn 0.1253 0.9822 0.1397
vn 0.9927 0.0552 -0.1071
vn 0.9953 -0.0566 -0.0787
vn 0.9869 0.0903 -0.1340
vn -0.0487 -0.4119 0.9099
vn 1.0000 -0.0052 -0.0002
vn 1.0000 -0.0037 -0.0024
vn 1.0000 -0.0067 -0.0036
vn 0.9988 0.0246 0.0414
vn 0.9842 0.1746 0.0308
vn 0.9850 0.1698 0.0297
vn 0.9897 0.1413 0.0229
vn 0.0136 -0.3334 0.9427
vn 0.0334 -0.3803 0.9242
vn -0.0356 -0.2134 0.9763
vn -0.0675 0.9974 0.0251
vn 0.9903 0.1371 0.0218
vn 0.0153 -0.9998 -0.0097
vn -0.2952 -0.9523 0.0769
vn -0.6870 0.6060 -0.4010
vn 0.3975 -0.5458 0.7376
vn 0.0901 0.2084 0.9739
vn -0.1618 0.2094 -0.9644
vn -0.2310 0.2724 -0.9340
vn -0.1226 0.1736 -0.9772
vn 0.9950 0.0168 0.0985
vn 0.2670 -0.8578 -0.4391
vn 0.9988 -0.0381 -0.0314
vn 0.6949 -0.6706 0.2596
vn -0.0847 0.1385 -0.9867
vn -0.1617 0.2093 -0.9644
vn -0.1226 0.1735 -0.9772
vn 0.9999 0.0107 0.0102
vn 0.0992 -0.6248 -0.7745
vn 0.0691 -0.6101 -0.7893
vn 0.0885 -0.6197 -0.7799
vn 0.8695 -0.4938 -0.0008
vn 0.8262 -0.5634 0.0049
vn 0.8393 -0.5437 -0.0000
vn 0.0376 -0.3921 -0.9192
vn 0.5542 0.8026 0.2206
vn 1.0000 -0.0031 -0.0001
vn -0.0551 -0.9962 0.0671
vn -0.0013 -0.9998 -0.0219
vn -0.0142 -0.9999 0.0093
vn 0.7472 -0.4683 0.4715
vn 0.7515 -0.4730 0.4600
vn 0.7792 -0.5050 0.3713
vn 0.9532 -0.0262 0.3013
vn 0.0132 -0.9999 -0.0022
vn -0.4577 0.8733 -0.1668
vn -0.8225 0.4899 -0.2889
vn 0.0225 -0.9707 -0.2392
vn 0.9978 0.0348 0.0571
vn 0.9991 0.0021 0.0427
vn 0.9246 0.0388 0.3790
vn 0.9997 -0.0137 0.0213
vn 0.9636 0.1893 0.1887
vn 0.9989 0.0455 0.0127
vn 1.0000 0.0025 0.0037
vn 0.9992 0.0375 0.0097
vn -0.0683 -0.9928 0.0983
vn 0.0437 0.3763 -0.9255
vn 0.0488 0.3663 -0.9292
vn 0.0356 0.3919 -0.9193
vn 0.9984 -0.0534 -0.0161
vn 0.7807 0.4450 -0.4386
vn 0.1186 -0.6339 -0.7642
vn 0.0303 0.4020 -0.9151
vn 0.9999 0.0138 -0.0013
vn -0.4098 -0.1997 0.8901
vn 0.2313 0.9381 -0.2579
vn 0.9999 -0.0126 -0.0004
vn 1.0000 -0.0084 -0.0012
vn 0.9993 -0.0379 0.0044
vn -0.1990 -0.9800 -0.0035
vn -0.1856 -0.9826 0.0048
vn -0.1882 -0.9821 0.0032
vn -0.1573 0.9875 0.0100
vn 0.9991 -0.0421 0.0051
vn -0.2214 -0.9750 -0.0174
vn -0.7509 0.5222 -0.4043
vn 0.2236 0.4767 0.8502
vn 0.2791 0.5209 0.8067
vn 0.2590 0.5050 0.8233
vn -0.0157 0.1022 -0.9946
vn 0.9963 -0.0833 -0.0202
vn 0.9997 -0.0137 0.0212
vn 0.9985 -0.0515 -0.0179
vn -0.0165 0.1776 0.9840
vn 0.0539 -0.4279 0.9022
vn 0.0648 -0.9975 -0.0279
vn 0.9993 0.0375 0.0097
vn 1.0000 0.0077 0.0030
vn 0.5246 0.8210 0.2253
vn 0.5229 0.7662 -0.3735
vn 0.3964 -0.6733 0.6242
vn 0.3075 0.5426 0.7817
vn 1.0000 -0.0019 0.0045
vn 1.0000 0.0009 -0.0045
vn 0.1920 0.4823 -0.8547
vn -0.2606 0.0521 0.9640
vn 0.0354 -0.9994 0.0063
vn 0.4170 -0.9085 -0.0266
vn 0.9156 -0.0766 0.3946
vn -0.0012 0.8883 -0.4592
vn -0.1946 0.9808 -0.0093
vn -0.1416 0.9896 0.0265
vn -0.2405 0.9698 -0.0408
vn -0.0126 -0.9985 -0.0533
vn -0.7764 -0.6270 0.0639
vn -0.2979 0.9512 -0.0806
vn 0.2495 -0.8027 0.5417
vn 0.1441 0.4369 -0.8879
vn -0.1196 -0.5501 -0.8265
vn 0.4439 -0.8960 0.0124
vn 0.3247 0.0260 0.9455
vn 0.9980 -0.0504 -0.0380
vn 0.9997 0.0245 -0.0024
vn 0.9994 0.0348 -0.0060
vn 1.0000 0.0045 0.0016
vn 0.1368 0.8122 -0.5672
vn 0.9999 0.0101 -0.0029
vn 0.9769 -0.1869 -0.1039
vn 0.9989 0.0127 -0.0443
vn 0.9992 0.0122 -0.0380
vn 0.9872 -0.0040 0.1593
vn -0.1123 0.8941 0.4336
vn 0.9999 0.0098 -0.0050
vn 0.9999 0.0147 -0.0055
vn 0.8640 -0.5034 -0.0136
vn 0.9215 -0.3883 -0.0088
vn 0.8800 -0.4749 -0.0124
vn 0.9996 0.0195 -0.0200
vn 1.0000 -0.0039 -0.0035
vn 0.1235 -0.0162 -0.9922
vn 0.1051 -0.0229 -0.9942
vn 0.1312 -0.0079 -0.9913
vn 0.0532 -0.0203 0.9984
vn -0.2318 0.8667 0.4418
vn 0.9006 -0.2091 0.3811
vn 0.7419 -0.0193 -0.6702
vn 0.2834 0.7689 0.5731
vn 0.2996 0.7564 0.5815
vn 0.2835 0.7689 0.5731
vn 0.9999 0.0131 -0.0061
vn 0.9999 -0.0103 0.0035
vn -0.0276 -0.9974 0.0659
vn 0.7130 0.0005 0.7012
vn 0.7082 0.0005 0.7060
vn 0.7116 0.0031 0.7026
vn 0.0082 -0.0960 0.9954
vn 0.6708 -0.0618 0.7390
vn 0.7514 0.3772 0.5415
vn 0.7514 -0.4729 0.4602
vn 0.7472 -0.4683 0.4717
vn 0.7100 -0.4300 0.5577
vn 0.7019 0.5161 -0.4908
vn 0.9999 0.0100 -0.0051
vn 0.9999 0.0148 -0.0055
vn 0.9999 0.0159 -0.0056
vn 1.0000 -0.0046 0.0033
vn 1.0000 0.0010 -0.0017
vn 0.9709 -0.1821 -0.1557
vn -0.0560 0.9984 -0.0070
vn 0.8021 -0.5969 -0.0176
vn 0.8283 0.5603 -0.0043
vn 0.7943 0.6075 0.0075
vn 0.8028 0.5961 -0.0132
vn 0.2711 0.7781 0.5666
vn 0.8702 -0.4928 -0.0011
vn 0.8696 -0.4938 -0.0008
vn 0.8952 -0.3264 0.3034
vn 0.2398 0.0073 -0.9708
vn 0.9857 -0.0047 0.1683
vn 0.9972 0.0070 0.0746
vn 0.2538 0.9673 -0.0000
vn 0.2394 0.9709 -0.0047
vn 0.2502 0.9682 -0.0012
vn 0.7873 0.6166 0.0011
vn 0.7642 0.6449 -0.0134
vn 0.2484 0.0083 -0.9686
vn 0.7586 0.0027 -0.6516
vn 0.7521 -0.0099 -0.6590
vn 0.7628 -0.0130 -0.6465
vn 0.8290 0.5591 -0.0096
vn 0.8205 -0.5716 0.0061
vn 0.2095 0.7839 -0.5845
vn 0.1673 0.8112 -0.5603
vn 0.2129 0.7816 -0.5863
vn 0.7944 -0.6074 0.0002
vn 0.2361 0.9717 -0.0058
vn 0.2400 0.7624 -0.6009
vn 0.6916 -0.0240 0.7219
vn 0.7130 0.0005 0.7011
vn 0.7018 -0.1383 0.6988
vn 0.7018 -0.1384 0.6988
vn 0.7182 -0.1058 0.6877
vn 0.0866 -0.9930 0.0799
vn -0.0210 -0.9998 -0.0000
vn -0.0092 -0.9999 -0.0096
vn -0.1533 -0.9359 0.3171
vn -0.0099 -0.9999 0.0016
vn -0.2916 0.3681 0.8829
vn -0.3802 -0.9239 0.0432
vn 0.7700 -0.1384 -0.6228
vn 0.7120 -0.7022 -0.0007
vn 0.7081 -0.7062 -0.0007
vn 0.7115 -0.7027 -0.0010
vn 0.5717 -0.8205 -0.0004
vn -0.7560 0.3612 -0.5458
vn -0.8745 0.3116 -0.3717
vn -0.8786 0.3216 -0.3529
vn -0.8838 0.3358 -0.3257
vn 1.0000 -0.0047 0.0035
vn 0.8798 0.0067 0.4754
vn 0.8879 0.0105 0.4599
vn 0.8858 0.0074 0.4641
vn -0.8888 0.3518 -0.2937
vn 0.7447 -0.0179 -0.6671
vn 0.6100 -0.6000 -0.5176
vn 0.6191 -0.5665 -0.5439
vn 0.6063 -0.5866 -0.5369
vn 0.0039 -1.0000 0.0061
vn -0.3657 0.3717 0.8533
vn -0.3211 0.3576 0.8769
vn -0.4449 0.3949 0.8038
vn 0.4264 0.3274 -0.8432
vn 0.5634 0.5701 0.5980
vn 0.5822 0.5569 0.5924
vn 0.5840 0.5586 0.5890
vn -0.0174 -0.9998 0.0084
vn -0.0032 -1.0000 0.0023
vn 0.6160 0.4283 -0.6611
vn -0.3899 -0.3845 0.8368
vn 0.7870 0.6170 0.0046
vn -0.0056 -1.0000 -0.0016
vn -0.0836 0.9965 0.0064
vn 0.3332 0.0089 0.9428
vn 0.8769 0.0052 0.4807
vn 0.6213 -0.5571 -0.5510
vn 0.0063 -1.0000 0.0027
vn 0.1237 0.4170 0.9004
vn 0.1357 0.4141 0.9001
vn 0.0867 0.4255 0.9008
vn 0.8458 0.5334 0.0116
vn 0.8373 0.5466 0.0092
vn 0.5866 0.8011 -0.1189
vn 0.8100 0.5862 -0.0175
vn 0.8739 0.4814 -0.0679
vn 0.7842 0.6205 0.0003
vn 0.8946 0.4383 -0.0871
vn 0.8941 0.4476 0.0125
vn 0.8853 0.4635 0.0367
vn 0.9130 0.4079 0.0056
vn 0.5970 0.5499 0.5842
vn 0.8941 0.4477 0.0125
vn 0.8549 0.5053 -0.1178
vn 0.8238 -0.5668 0.0047
vn -0.8995 0.4191 -0.1233
vn 0.8410 0.5070 -0.1889
vn -0.0933 -0.9945 -0.0475
vn 0.7521 -0.0100 -0.6590
vn 0.7297 -0.0417 -0.6825
vn -0.8531 0.2799 -0.4403
vn 0.0740 0.4283 0.9006
vn -0.2383 0.3705 -0.8977
vn -0.2784 0.3913 -0.8771
vn -0.2636 0.3837 -0.8850
vn 0.5789 -0.8150 0.0265
vn 0.5621 -0.8266 0.0287
vn 0.6833 -0.7301 0.0080
vn 0.8883 0.0096 0.4591
vn 0.6780 0.4155 -0.6064
vn 0.8494 -0.0092 -0.5277
vn 0.8457 0.0042 -0.5336
vn 0.8475 0.0024 -0.5308
vn 0.8855 0.0068 0.4646
vn 0.8854 0.0055 0.4648
vn -0.8386 0.2910 0.4606
vn 0.0805 -0.1429 -0.9865
vn 0.0389 -0.9991 -0.0181
vn 0.2279 0.9735 -0.0210
vn 0.1829 0.9826 -0.0318
vn 0.2234 0.9745 -0.0221
vn -0.1182 -0.0013 -0.9930
vn 0.7669 0.0657 -0.6384
vn 0.7525 0.0719 -0.6547
vn 0.7169 -0.0001 -0.6972
vn 0.8861 0.0046 0.4635
vn -0.6616 0.4026 0.6326
vn -0.6907 0.4148 0.5924
vn -0.6707 0.4064 0.6205
vn 0.6328 -0.0074 -0.7742
vn -0.8715 0.3579 0.3353
vn 0.8090 -0.5878 0.0003
vn 0.6925 0.0033 -0.7214
vn 0.6961 -0.0044 -0.7179
vn 0.6917 -0.0084 -0.7221
vn -0.1772 0.3592 -0.9163
vn -0.1875 0.3545 -0.9160
vn -0.1619 0.3659 -0.9165
vn 0.0046 -1.0000 0.0046
vn -0.2189 0.3603 -0.9068
vn 0.8608 0.5076 0.0366
vn 0.3300 0.3372 -0.8817
vn -0.6059 0.0282 0.7950
vn 0.6764 0.0407 0.7354
vn 0.5988 -0.0456 0.7996
vn 0.6504 -0.0927 0.7539
vn 0.6520 0.2366 -0.7204
vn -0.0029 -0.9999 0.0149
vn -0.0116 -0.9999 0.0061
vn 0.5932 0.5565 0.5817
vn 0.7855 0.6188 0.0039
vn 0.8009 0.5987 -0.0092
vn 0.8138 0.5808 -0.0206
vn -0.6968 0.4173 0.5833
vn 0.6714 -0.0541 0.7391
vn 0.2449 0.0643 0.9674
vn 0.4637 0.7887 -0.4038
vn 0.5183 0.8033 -0.2934
vn 0.4473 0.7975 -0.4049
vn -0.0064 -1.0000 -0.0026
vn 0.8461 -0.0187 -0.5327
vn 0.8475 0.0024 -0.5307
vn 0.6494 -0.1822 0.7383
vn 0.8420 0.5383 0.0363
vn 0.8380 0.5439 0.0431
vn 0.8432 0.5373 0.0179
vn 0.8246 0.5648 -0.0305
vn 0.8138 0.5807 -0.0206
vn 0.8010 0.5986 -0.0092
vn 0.7152 -0.6989 -0.0010
vn 0.5746 -0.5671 0.5901
vn 0.5875 -0.5575 0.5865
vn 0.5819 -0.5615 0.5884
vn 0.8406 -0.0282 -0.5409
vn 0.8461 -0.0188 -0.5328
vn 0.8647 0.5010 0.0363
vn 0.4735 -0.7689 0.4297
vn 0.4805 -0.7562 0.4441
vn 0.5327 -0.6582 0.5319
vn -0.1365 0.0142 0.9905
vn 0.7150 -0.0002 -0.6991
vn 0.5861 -0.5933 -0.5517
vn -0.1500 0.3711 -0.9164
vn 0.7672 -0.2180 -0.6033
vn -0.4584 -0.0278 -0.8883
vn -0.0142 -0.9999 0.0001
vn 0.0520 -0.9986 -0.0046
vn 0.6985 0.0002 0.7156
vn 0.1236 0.2756 0.9533
vn 0.3576 -0.9321 -0.0581
vn -0.4911 0.4072 0.7700
vn 0.6049 0.5598 0.5663
vn 0.0054 -1.0000 -0.0068
vn 0.0028 -1.0000 0.0025
vn 0.6706 0.0518 0.7400
vn 0.7331 -0.0316 0.6794
vn 0.5375 -0.6478 0.5398
vn -0.3619 0.1760 0.9155
vn 0.9303 0.2618 -0.2570
vn -0.1445 0.9895 0.0056
vn -0.0737 0.9973 -0.0044
vn -0.1475 0.9891 0.0060
vn 0.1999 -0.9607 -0.1924
vn 0.1876 -0.9642 -0.1874
vn 0.1913 -0.9632 -0.1889
vn 0.8433 0.5372 0.0148
vn 0.8114 -0.5845 0.0002
vn 0.4634 0.2057 0.8620
vn 0.5330 0.2050 0.8209
vn 0.5693 0.2040 0.7964
vn 0.1706 0.9847 -0.0347
vn 0.0068 -1.0000 -0.0034
vn 0.0028 -1.0000 -0.0063
vn 0.0070 -1.0000 -0.0040
vn 0.2631 -0.9425 -0.2061
vn 0.7533 -0.0899 0.6514
vn 0.4156 0.2055 0.8860
vn 0.3796 0.8345 0.3993
vn 0.4468 0.7966 0.4071
vn 0.4820 0.7742 0.4102
vn 0.9484 0.3170 0.0101
vn 0.3994 0.8135 -0.4227
vn 0.6981 0.0027 -0.7160
vn 0.7018 -0.0091 -0.7123
vn 0.7248 -0.0041 -0.6890
vn 0.2026 -0.9600 -0.1935
vn 0.6901 0.2739 -0.6699
vn 0.7524 0.0719 -0.6547
vn 0.4469 0.7966 0.4071
vn 0.5589 0.7181 0.4147
vn 0.5970 0.5499 0.5841
vn 0.6281 0.5490 0.5515
vn 0.8258 0.5636 -0.0189
vn 0.8608 0.5076 0.0365
vn 0.6327 0.5084 -0.5842
vn 0.6310 0.5231 -0.5729
vn 0.6335 0.5265 -0.5670
vn -0.0002 -1.0000 0.0011
vn 0.7496 -0.1798 0.6370
vn 0.5978 0.5549 0.5785
vn -0.0098 0.7273 0.6863
vn 0.5898 0.5928 0.5484
vn 0.6114 -0.3036 0.7307
vn 0.8250 0.5652 0.0009
vn -0.0702 0.9975 -0.0048
vn 0.6345 0.5006 -0.5889
vn -0.0025 -1.0000 0.0091
vn 0.6951 0.2115 -0.6871
vn 0.3847 0.8383 -0.3864
vn 0.4072 0.8192 0.4038
vn 0.4059 0.8229 0.3977
vn 0.4050 0.8253 0.3934
vn 0.2421 0.9699 -0.0276
vn 0.6180 0.5180 -0.5914
vn 0.6606 0.2455 0.7094
vn -0.0223 -0.1399 -0.9899
vn 0.8243 0.5656 -0.0248
vn 0.5963 0.5153 -0.6155
vn 0.2520 -0.9413 -0.2248
vn 0.2516 -0.9414 -0.2245
vn 0.2458 -0.9440 -0.2201
vn 0.2869 -0.9089 0.3026
vn 0.2427 0.9353 -0.2574
vn 0.0002 -1.0000 -0.0018
vn 0.7422 0.0726 0.6662
vn 0.3514 0.8226 0.4470
vn 0.0027 -1.0000 -0.0022
vn 0.0069 -1.0000 -0.0034
vn 0.7590 0.0789 0.6463
vn 0.2457 -0.9440 -0.2200
vn 0.2515 -0.9415 -0.2244
vn 0.2451 -0.9443 -0.2195
vn 0.5853 -0.6242 0.5176
vn 0.4732 0.3933 -0.7883
vn -0.5509 -0.6685 0.4995
vn 0.5988 0.5538 0.5786
vn 0.5381 0.2201 0.8136
vn 0.7257 -0.0074 -0.6880
vn 0.7256 -0.0082 -0.6881
vn 0.7297 -0.0045 -0.6838
vn 0.9726 0.1712 0.1576
vn 0.5985 0.5496 0.5828
vn 0.6891 0.2831 -0.6670
vn 0.6901 0.2740 -0.6699
vn 0.5259 -0.6919 0.4948
vn 0.6264 0.5247 -0.5765
vn 0.4084 0.8154 0.4102
vn 0.8464 -0.0881 0.5252
vn 0.8396 -0.0917 0.5355
vn 0.8683 -0.0761 0.4901
vn 0.5115 -0.7300 -0.4534
vn 0.5148 -0.7252 -0.4572
vn 0.5117 -0.7297 -0.4536
vn 0.6710 -0.3819 0.6355
vn 0.5901 -0.5456 0.5951
vn 0.6608 -0.4064 0.6310
vn 0.5545 0.5674 -0.6088
vn 0.5737 0.5349 -0.6203
vn 0.5337 0.4882 -0.6905
vn 0.5740 -0.5720 0.5859
vn 0.3072 0.4503 0.8383
vn 0.1779 0.5153 -0.8383
vn 0.9248 0.0096 0.3803
vn 0.9208 0.0088 0.3900
vn 0.8171 -0.0087 0.5764
vn 0.8891 0.4232 -0.1744
vn 0.8877 0.4134 -0.2027
vn 0.8897 0.4390 -0.1254
vn 0.8717 -0.0742 0.4844
vn 0.0502 0.9986 -0.0177
vn 0.7287 -0.0079 -0.6848
vn 0.5578 -0.6314 0.5387
vn 0.8075 -0.0101 0.5898
vn 0.8171 -0.0087 0.5765
vn -0.0070 -0.9999 -0.0152
vn 0.1794 0.9734 0.1426
vn -0.0122 0.9997 0.0199
vn -0.0049 0.9997 0.0254
vn 0.0665 0.9947 0.0785
vn 0.3003 0.9475 0.1095
vn 0.2945 0.9475 0.1244
vn 0.3743 0.9273 -0.0022
vn 0.8211 -0.0499 0.5686
vn 0.6057 0.5437 0.5810
vn 0.5895 -0.5577 0.5843
vn 0.2217 0.7322 0.6440
vn 0.5115 0.8126 0.2793
vn 0.8817 0.2840 -0.3768
vn 0.1573 0.9547 0.2527
vn 0.3677 0.9299 -0.0032
vn 0.6096 0.5196 -0.5987
vn 0.6206 0.4293 -0.6561
vn 0.6288 0.4060 -0.6631
vn -0.8067 0.3305 -0.4899
vn -0.8196 0.3197 -0.4755
vn -0.7906 0.3433 -0.5070
vn 0.9618 0.2704 0.0425
vn 0.9558 0.2545 0.1470
vn 0.9706 0.2404 -0.0112
vn 0.0090 -0.9999 -0.0046
vn 0.0002 -1.0000 -0.0004
vn 0.0055 -1.0000 0.0047
vn 0.8568 0.2608 0.4449
vn 0.9367 0.2717 0.2207
vn 0.3670 0.9302 -0.0033
vn 0.0025 -1.0000 0.0019
vn 0.0078 0.4949 0.8689
vn 0.5625 -0.6214 0.5454
vn 0.7373 0.0035 -0.6755
vn 0.7331 -0.0017 -0.6802
vn 0.8897 0.4391 -0.1253
vn 0.8891 0.4460 -0.1025
vn -0.7106 0.3993 0.5793
vn -0.6815 0.3802 0.6253
vn -0.6600 0.3664 0.6558
vn 0.2580 -0.9318 0.2553
vn 0.2590 -0.9308 0.2579
vn 0.2575 -0.9323 0.2541
vn 0.2596 -0.9302 0.2596
vn -0.0020 0.9998 -0.0215
vn 0.0066 1.0000 0.0033
vn 0.0020 1.0000 -0.0010
vn 0.6509 0.4558 -0.6071
vn -0.0472 0.9988 0.0159
vn -0.0449 0.9989 0.0141
vn -0.1649 0.9800 0.1115
vn 0.6598 0.3616 -0.6588
vn 0.6509 0.4559 -0.6070
vn 0.9058 0.4115 -0.1013
vn -0.9022 -0.4107 -0.1320
vn 0.6130 0.4407 -0.6558
vn 0.6759 0.5677 -0.4700
vn 0.5149 -0.7250 -0.4574
vn 0.4842 0.4118 0.7720
vn 0.5979 0.5549 0.5785
vn 0.5987 0.5538 0.5787
vn 0.6007 0.5530 0.5773
vn 0.7393 -0.0187 -0.6732
vn 0.9042 0.2835 -0.3194
vn 0.9072 0.3003 -0.2947
vn 0.9019 0.2728 -0.3348
vn 0.3347 0.6699 0.6627
vn 0.3063 0.7751 0.5526
vn 0.3201 0.6488 0.6904
vn 0.9150 -0.0526 -0.4001
vn 0.5796 0.3838 -0.7189
vn 0.6627 0.3900 -0.6393
vn 0.5870 0.5769 -0.5680
vn 0.0718 0.9940 0.0824
vn 0.8305 -0.3548 0.4295
vn 0.6006 0.5476 -0.5826
vn -0.7840 -0.2633 0.5622
vn -0.8224 -0.1619 0.5454
vn -0.7839 -0.2635 0.5622
vn -0.1937 -0.5403 0.8189
vn -0.1821 -0.8112 -0.5557
vn -0.4050 0.0252 0.9140
vn 0.6436 0.5974 -0.4783
vn 0.5808 -0.5942 -0.5565
vn -0.0078 -1.0000 0.0018
vn -0.0020 1.0000 0.0014
vn 0.0157 0.9997 -0.0174
vn 0.5387 0.6670 -0.5147
vn 0.5854 -0.5632 0.5832
vn 0.2281 0.9650 -0.1293
vn 0.2601 0.9646 -0.0431
vn 0.2283 0.9650 -0.1288
vn 0.0517 0.9984 -0.0229
vn -0.7839 -0.2636 0.5622
vn -0.7569 -0.3216 0.5689
vn 0.6689 0.4331 -0.6041
vn 0.7058 0.3517 -0.6150
vn 0.6836 0.4024 -0.6088
vn 0.0019 -0.9993 0.0369
vn -0.0013 -1.0000 0.0022
vn 0.8208 -0.0498 0.5691
vn -0.4842 0.0206 0.8747
vn -0.4929 0.0262 0.8697
vn -0.4832 0.0093 0.8755
vn 0.0175 0.9994 0.0288
vn -0.0967 0.3282 -0.9396
vn -0.0645 -0.9973 -0.0357
vn -0.1898 0.2983 0.9354
vn -0.3133 0.1652 0.9352
vn -0.2562 0.2288 0.9391
vn -0.2120 0.9657 0.1499
vn 0.6261 0.5306 -0.5714
vn -0.2293 0.0339 -0.9728
vn -0.2504 0.0208 -0.9679
vn -0.2569 0.0118 -0.9664
vn 0.6629 0.3895 -0.6394
vn 0.7166 0.2777 -0.6398
vn 0.6652 0.4052 -0.6272
vn -0.8067 0.3305 -0.4900
vn -0.7906 0.3433 -0.5071
vn -0.7710 0.3579 -0.5267
vn -0.9226 0.3191 0.2166
vn 0.8984 0.2585 -0.3549
vn -0.1575 0.3305 0.9306
vn 0.1490 0.9549 0.2568
vn 0.7307 0.2859 -0.6200
vn -0.3256 0.7499 0.5759
vn 0.5870 0.5770 -0.5679
vn 0.7235 -0.0181 -0.6901
vn 0.7166 -0.0024 -0.6975
vn 0.7194 -0.0087 -0.6946
vn -0.6815 0.3803 0.6253
vn -0.7283 0.4110 0.5482
vn 0.6127 0.2232 0.7582
vn 0.0893 0.0784 0.9929
vn -0.5139 0.2981 -0.8044
vn 0.9704 0.0818 0.2271
vn -0.9953 -0.0265 -0.0935
vn 0.6038 0.1269 -0.7870
vn 0.5741 0.2144 -0.7902
vn 0.5852 0.3064 -0.7508
vn 0.7202 -0.4487 0.5292
vn 0.5461 0.5172 0.6590
vn 0.5599 0.7740 0.2958
vn -0.0011 0.9958 -0.0919
vn 0.0025 0.9999 -0.0146
vn 0.3356 0.5871 0.7367
vn -0.2562 0.0317 -0.9661
vn -0.2691 0.0286 -0.9627
vn -0.2504 0.0207 -0.9679
vn 0.9651 0.0207 0.2612
vn -0.0994 -0.9920 0.0773
vn -0.0036 -1.0000 -0.0018
vn 0.5691 0.3840 -0.7271
vn 0.3751 0.4793 0.7935
vn 0.7005 0.4728 -0.5346
vn 0.6646 0.4949 -0.5598
vn 0.6759 0.5676 -0.4700
vn 0.0049 -1.0000 -0.0028
vn 0.0666 0.4867 0.8711
vn 0.5019 0.5581 -0.6608
vn 0.6254 0.4977 -0.6010
vn 0.6841 0.3319 0.6494
vn -0.4970 0.8548 0.1494
vn -0.4623 0.8824 0.0871
vn -0.4289 0.9028 0.0306
vn -0.5266 0.0547 0.8483
vn 0.5707 0.0928 -0.8159
vn -0.1145 0.0034 -0.9934
vn -0.7953 0.0304 0.6055
vn 0.6324 -0.0389 0.7736
vn -0.3926 0.9193 -0.0274
vn 0.5848 0.3066 -0.7510
vn 0.5835 0.4363 -0.6849
vn -0.1534 0.9880 -0.0195
vn -0.0155 0.9999 0.0064
vn -0.0159 0.9987 0.0483
vn -0.2294 0.0339 -0.9728
vn -0.0475 0.9987 -0.0180
vn 0.1039 0.9908 -0.0870
vn 0.1060 0.9904 -0.0886
vn 0.0648 0.9961 -0.0606
vn 0.7226 -0.0441 -0.6899
vn 0.7228 -0.0404 -0.6898
vn 0.7268 0.0498 -0.6850
vn 0.7211 0.4722 -0.5070
vn 0.1666 0.9858 0.0233
vn 0.1942 0.9572 -0.2145
vn 0.0342 -0.9993 0.0162
vn -0.0073 -1.0000 -0.0048
vn 0.0610 0.9942 0.0888
vn 0.1260 0.9751 0.1824
vn 0.0052 0.9999 0.0126
vn -0.7136 -0.3034 0.6315
vn 0.0054 0.9827 0.1853
vn -0.8718 -0.2940 -0.3919
vn -0.0039 -1.0000 -0.0033
vn 0.3428 0.8249 0.4494
vn 0.0314 0.9995 -0.0027
vn 0.0192 0.9998 0.0030
vn 0.2687 0.9270 -0.2617
vn 0.2708 0.9262 -0.2625
vn 0.2596 0.9311 -0.2564
vn 0.5181 0.7112 -0.4752
vn 0.0032 -1.0000 -0.0004
vn 0.0824 0.2972 -0.9512
vn 0.1781 0.2660 -0.9474
vn 0.1493 0.2757 -0.9496
vn -0.5255 0.2545 -0.8118
vn -0.5666 0.2761 -0.7764
vn -0.6333 0.3114 -0.7085
vn -0.4482 0.0057 0.8939
vn -0.0082 1.0000 -0.0002
vn 0.0609 0.9942 0.0886
vn 0.0051 0.9999 0.0125
vn -0.7053 0.2749 0.6535
vn -0.6034 0.4265 0.6738
vn -0.6526 0.3589 0.6673
vn 0.7254 0.1301 -0.6759
vn 0.5784 -0.5864 -0.5672
vn 0.8388 0.2766 0.4689
vn -0.6655 0.3516 -0.6584
vn -0.6512 0.2697 -0.7093
vn -0.6718 0.4077 -0.6184
vn 0.0339 0.3118 -0.9495
vn -0.4357 0.4219 0.7951
vn -0.3868 0.4437 0.8084
vn -0.2597 0.4922 0.8308
vn 0.7097 0.0021 0.7045
vn 0.7126 -0.0010 0.7015
vn 0.7115 0.0002 0.7027
vn -0.6525 0.3591 0.6673
vn -0.6034 0.4266 0.6738
vn -0.5658 0.4728 0.6755
vn -0.6655 0.3518 -0.6583
vn -0.6718 0.4078 -0.6184
vn -0.6740 0.4399 -0.5935
vn 0.6110 0.5589 -0.5607
vn 0.0789 0.9945 -0.0683
vn 0.0315 0.9995 -0.0028
vn -0.2871 0.4249 -0.8585
vn 0.2156 0.9754 -0.0457
vn 0.6281 0.5307 0.5691
vn -0.0096 1.0000 0.0008
vn 0.7122 0.0073 -0.7020
vn 0.7198 0.2801 -0.6352
vn 0.7810 0.2428 -0.5754
vn 0.6599 0.2539 -0.7072
vn -0.4729 0.0109 0.8811
vn 0.6388 0.5205 0.5665
vn 0.6323 0.5280 0.5669
vn 0.0039 0.9992 -0.0387
vn 0.1664 0.4576 -0.8735
vn 0.7283 0.2699 0.6298
vn 0.0010 -1.0000 -0.0035
vn 0.0082 1.0000 -0.0038
vn -0.0049 1.0000 0.0040
vn 0.0936 0.2610 -0.9608
vn 0.4440 -0.6501 -0.6167
vn 0.0044 -1.0000 0.0047
vn 0.0028 -1.0000 0.0026
vn -0.4729 0.0109 0.8810
vn -0.5490 0.0154 0.8357
vn 0.0052 -1.0000 -0.0016
vn -0.0930 0.9951 0.0333
vn -0.3046 0.9316 0.1982
vn -0.2333 0.7903 0.5666
vn -0.2465 0.7027 0.6674
vn -0.2266 0.7190 0.6571
vn 0.5844 -0.5809 -0.5666
vn -0.2364 0.6677 0.7059
vn 0.6012 0.5543 -0.5756
vn 0.5522 0.5351 -0.6393
vn -0.0034 -1.0000 -0.0020
vn -0.9567 0.2458 -0.1556
vn -0.8179 0.3484 0.4578
vn -0.7997 0.3379 0.4963
vn -0.8516 0.3689 0.3724
vn 0.6173 0.0165 -0.7865
vn 0.0609 0.9965 -0.0581
vn -0.0099 -0.9999 0.0027
vn -0.2031 0.5103 0.8356
vn 0.7144 -0.0028 0.6997
vn -0.2723 0.5721 0.7736
vn -0.5528 0.8282 0.0922
vn -0.4647 0.8855 -0.0022
vn -0.5565 0.8278 0.0707
vn -0.1656 0.7932 -0.5859
vn -0.0759 0.9846 -0.1576
vn -0.6340 0.7570 0.1581
vn -0.0069 -1.0000 0.0052
vn -0.6789 0.3357 -0.6530
vn 0.0785 0.9512 0.2986
vn 0.5945 -0.4753 -0.6486
vn -0.7281 0.6555 0.2006
vn -0.0266 -0.9996 0.0032
vn 0.5644 0.2758 -0.7781
vn 0.8786 0.4776 0.0032
vn 0.8873 0.4611 -0.0069
vn 0.8827 0.4699 -0.0015
vn 0.8786 0.4776 0.0033
vn 0.8750 0.4842 0.0073
vn -0.6397 0.6115 -0.4657
vn 0.9927 -0.0729 -0.0966
vn -0.0003 -1.0000 -0.0023
vn -0.1182 0.9921 0.0408
vn -0.7414 -0.0615 0.6682
vn 0.1604 0.9594 -0.2321
vn 0.0023 -1.0000 -0.0007
vn 0.6172 0.2936 0.7300
vn -0.0656 0.9966 0.0502
vn 0.2164 0.9763 -0.0000
vn 0.5329 0.2675 0.8028
vn 0.7283 0.2699 0.6299
vn 0.6171 0.2936 0.7300
vn 0.6681 -0.0072 0.7440
vn 0.6812 -0.0057 0.7320
vn 0.6784 -0.0023 0.7346
vn 0.3901 -0.8569 -0.3370
vn -0.0010 -1.0000 0.0042
vn 0.0039 -1.0000 0.0037
vn 0.0003 -1.0000 -0.0003
vn -0.0010 -1.0000 0.0048
vn -0.0051 -1.0000 -0.0038
vn 0.6621 0.0001 0.7494
vn 0.0473 0.5961 0.8015
vn 0.0421 0.5949 0.8027
vn 0.0765 0.5670 0.8202
vn -0.0099 1.0000 -0.0005
vn 0.0060 1.0000 0.0002
vn 0.0118 0.9999 0.0056
vn -0.8679 0.3793 0.3206
vn -0.8180 0.3484 0.4578
vn -0.8517 0.3689 0.3723
vn 0.5849 -0.5703 0.5767
vn -0.1182 0.9922 0.0408
vn 0.2678 0.9635 0.0008
vn -0.1031 0.9861 -0.1305
vn -0.1713 0.9610 0.2173
vn -0.0057 0.0130 0.9999
vn -0.0012 -0.0022 1.0000
vn 0.0033 -0.0040 1.0000
vn 0.9693 0.1107 0.2195
vn 0.9753 0.1133 0.1898
vn 0.9917 0.0976 0.0833
vn 0.1679 0.0141 -0.9857
vn -0.1470 0.9758 -0.1621
vn 0.2010 -0.9316 0.3030
vn -0.0088 0.0127 0.9999
vn -0.9957 0.0923 0.0070
vn 0.1336 0.8725 0.4700
vn 0.7110 0.2061 -0.6723
vn 0.7342 0.0014 -0.6790
vn -0.0077 -0.5325 -0.8464
vn 0.0030 -0.5076 -0.8616
vn -0.0018 -0.5124 -0.8587
vn 0.5852 -0.5735 0.5733
vn -0.6577 0.2070 0.7243
vn -0.6767 0.1607 0.7185
vn -0.6531 0.2175 0.7254
vn 0.0031 -1.0000 0.0037
vn 0.4891 0.7528 0.4405
vn 0.9924 0.0834 0.0901
vn -0.4128 0.7527 -0.5128
vn -0.4316 0.6519 -0.6235
vn -0.4283 0.6757 -0.6000
vn 0.0585 0.9977 -0.0350
vn 0.1623 0.9598 -0.2290
vn 0.9953 0.0962 0.0139
vn 0.9942 0.1074 0.0064
vn 0.3496 0.9356 0.0488
vn 0.3599 0.6378 -0.6809
vn 0.2743 -0.9058 0.3228
vn -0.0013 -1.0000 0.0045
vn -0.0044 -0.9998 0.0178
vn -0.0289 -0.9995 0.0159
vn 0.5008 0.4037 0.7657
vn 0.4547 0.3833 0.8040
vn 0.4704 0.3903 0.7915
vn -0.0240 -0.9994 0.0247
vn 0.4648 -0.8809 -0.0896
vn -0.0950 0.3585 0.9287
vn 0.8050 0.3471 0.4811
vn 0.3576 0.5197 0.7759
vn 0.3611 0.5193 0.7745
vn 0.3855 0.5184 0.7633
vn -0.0336 0.3239 0.9455
vn -0.2836 0.1192 0.9515
vn -0.4385 0.5803 -0.6863
vn -0.4283 0.6756 -0.6001
vn 0.0032 -1.0000 -0.0095
vn -0.0050 0.0116 -0.9999
vn -0.0023 0.0262 -0.9997
vn -0.0036 0.0138 -0.9999
vn -0.0006 -1.0000 -0.0054
vn 0.6155 0.4602 0.6399
vn 0.6291 0.4514 0.6328
vn 0.6218 0.4561 0.6366
vn 0.4143 0.9101 -0.0064
vn 0.0187 0.0176 -0.9997
vn -0.0029 0.0036 -1.0000
vn 0.0012 0.0060 -1.0000
vn 0.0017 0.0305 -0.9995
vn 0.5169 0.4106 0.7511
vn 0.2942 -0.8389 0.4578
vn 0.8658 0.3659 -0.3413
vn -0.6389 0.7645 0.0856
vn 0.0159 0.6019 -0.7984
vn 0.0207 0.6013 -0.7988
vn 0.0111 0.6026 -0.7979
vn 0.9278 0.3622 0.0897
vn 0.9264 0.3709 0.0651
vn 0.9205 0.3906 0.0061
vn -0.1902 -0.9770 0.0962
vn 0.9874 0.0771 0.1379
vn -0.0096 0.6090 0.7931
vn 0.5384 0.4372 -0.7204
vn 0.6120 0.4264 -0.6661
vn 0.6906 0.4430 -0.5716
vn 0.0076 0.5997 -0.8002
vn 0.0031 -1.0000 -0.0094
vn 0.0004 -1.0000 -0.0036
vn -0.0100 -0.9999 0.0018
vn 0.0200 0.5947 0.8037
vn 0.0124 0.6164 0.7873
vn 0.0028 0.6203 0.7844
vn -0.5768 0.6509 0.4936
vn 0.8496 0.3511 -0.3937
vn 0.3612 0.5193 0.7745
vn 0.3600 0.5363 0.7634
vn 0.7174 0.4454 -0.5358
vn 0.6121 0.4263 -0.6660
vn -0.0190 0.9998 -0.0090
vn -0.6343 0.2585 0.7286
vn 0.0833 0.9955 0.0441
vn 0.9729 -0.0212 -0.2304
vn 0.9758 -0.0177 -0.2181
vn 0.9948 -0.0108 -0.1016
vn 0.0058 -0.5119 -0.8590
vn 0.4902 0.2465 -0.8360
vn 0.4252 0.5388 0.7272
vn 0.9939 0.1098 0.0058
vn 0.9871 0.1590 0.0201
vn 0.0094 0.9999 -0.0072
vn -0.6963 0.2623 -0.6681
vn 0.0240 0.9996 0.0136
vn 0.1005 0.9602 -0.2605
vn 0.4381 0.5386 0.7197
vn -0.0019 -1.0000 -0.0042
vn -0.0413 0.5270 0.8488
vn -0.0108 0.4334 0.9011
vn 0.0636 0.2505 0.9660
vn 0.2915 0.8576 0.4238
vn 0.9988 -0.0244 -0.0433
vn -0.0251 0.5932 0.8046
vn -0.0095 0.9999 0.0047
vn 0.0056 -0.9990 0.0454
vn 0.0549 -0.9593 -0.2771
vn -0.7232 0.3274 0.6081
vn 0.0011 -1.0000 -0.0053
vn 0.0324 0.5410 0.8404
vn -0.0555 0.5807 0.8122
vn -0.9664 -0.0327 -0.2549
vn -0.0065 -0.0429 -0.9991
vn -0.0670 -0.0387 -0.9970
vn -0.0027 -0.0421 -0.9991
vn 0.9165 0.3994 -0.0216
vn 0.4423 0.2768 -0.8531
vn 0.6785 -0.0023 0.7346
vn 0.6979 0.0067 0.7162
vn 0.9678 -0.0223 0.2507
vn 0.9691 -0.0210 0.2457
vn 0.9709 -0.0201 0.2385
vn 0.9885 0.0719 0.1332
vn 0.0088 0.9999 -0.0109
vn 0.9960 -0.0647 0.0617
vn 0.9991 0.0056 0.0417
vn 0.9913 -0.1132 0.0668
vn 0.5506 0.3559 -0.7551
vn 0.5199 0.3459 -0.7811
vn 0.6393 0.3828 -0.6669
vn 0.0032 -1.0000 0.0037
vn 0.0005 -1.0000 0.0023
vn 0.0034 -1.0000 0.0038
vn 0.9780 -0.2070 -0.0243
vn 0.9996 0.0269 0.0018
vn 1.0000 0.0065 -0.0005
vn 0.9992 -0.0290 -0.0258
vn 0.6924 0.4199 -0.5867
vn 0.6743 0.3925 -0.6256
vn -0.7431 0.3562 -0.5665
vn -0.7791 0.3345 -0.5302
vn -0.6756 0.3911 -0.6250
vn -0.3802 0.4414 0.8128
vn -0.9080 -0.0015 0.4190
vn -0.8687 -0.0144 0.4951
vn -0.9052 -0.0025 0.4250
vn -0.0030 0.0055 1.0000
vn 0.0687 0.9965 0.0470
vn 0.0386 0.9980 0.0491
vn 0.0303 0.9992 -0.0257
vn -0.4163 0.4269 0.8028
vn 0.9932 0.1133 -0.0257
vn 0.9908 0.1350 -0.0053
vn 0.9881 0.1503 -0.0313
vn 0.0264 0.5967 -0.8021
vn -0.7825 0.0134 -0.6226
vn -0.9170 0.3918 0.0749
vn -0.9324 0.3613 -0.0046
vn -0.9281 0.3716 0.0215
vn 0.3996 0.2594 0.8792
vn 0.4388 0.2853 0.8521
vn -0.0078 0.0298 0.9995
vn 0.0666 0.0440 -0.9968
vn 0.9715 -0.0221 -0.2359
vn -0.0441 -0.0320 -0.9985
vn -0.0060 -1.0000 -0.0001
vn -0.0027 -1.0000 0.0005
vn 0.6420 0.4429 0.6259
vn 0.4574 0.7697 0.4454
vn 0.6653 0.3968 -0.6324
vn 0.9953 0.0941 -0.0245
vn -0.0009 -1.0000 -0.0002
vn 0.9742 -0.2241 -0.0262
vn 0.4845 0.8747 -0.0149
vn 0.4925 0.8702 -0.0162
vn 0.5440 0.8387 -0.0246
vn 0.5538 0.8322 -0.0263
vn 0.9378 -0.0257 -0.3463
vn 0.9356 -0.0381 -0.3511
vn 0.9513 0.0067 -0.3080
vn -0.0455 0.3454 -0.9374
vn -0.0870 0.3303 -0.9398
vn 0.0445 0.3756 -0.9257
vn 0.0010 -1.0000 -0.0012
vn 0.5852 -0.5735 0.5732
vn 0.5882 -0.5759 0.5678
vn 0.0024 0.9266 0.3760
vn 0.0022 0.9264 0.3765
vn 0.0029 0.9271 0.3749
vn 0.6533 0.6086 -0.4504
vn 0.6541 0.5953 -0.4666
vn 0.6546 0.5849 -0.4790
vn 0.0074 -1.0000 -0.0032
vn 0.0005 -1.0000 -0.0036
vn 0.0006 1.0000 0.0016
vn -0.0002 1.0000 0.0014
vn -0.0010 1.0000 0.0007
vn 0.0180 0.4823 0.8758
vn 0.0019 0.4833 0.8754
vn 0.0119 0.4824 0.8758
vn 0.9871 0.1556 -0.0375
vn 0.9647 0.2375 -0.1138
vn 0.6522 0.6211 -0.4346
vn 0.0084 0.0736 -0.9973
vn 0.0184 -0.0060 -0.9998
vn 0.0059 0.0159 -0.9999
vn 0.0256 0.0014 -0.9997
vn 0.0135 -0.9964 0.0833
vn -0.0027 -1.0000 0.0034
vn -0.0018 0.6023 0.7982
vn 0.0003 0.6050 0.7962
vn -0.0852 0.6017 0.7942
vn -0.0039 -1.0000 -0.0022
vn 0.4203 0.2721 0.8656
vn 0.0032 0.9273 0.3742
vn 0.0503 0.9639 0.2615
vn 0.0007 0.8981 0.4399
vn 0.0008 0.8978 0.4404
vn 0.1084 0.5764 -0.8099
vn 0.0181 0.5118 -0.8589
vn 0.0778 0.5585 -0.8258
vn 0.0277 0.9996 0.0002
vn 0.9375 -0.0045 -0.3479
vn -0.0080 -0.5135 0.8581
vn -0.0069 -0.5126 0.8586
vn -0.0061 -0.5096 0.8604
vn -0.0033 0.1186 0.9929
vn -0.0039 0.9999 -0.0120
vn 0.0005 0.9999 -0.0101
vn -0.0012 0.9999 -0.0108
vn -0.9945 0.0310 0.1005
vn -0.9924 -0.0014 0.1227
vn -0.9899 -0.0260 0.1395
vn -0.9856 -0.0561 0.1598
vn 0.9296 -0.0151 -0.3683
vn 0.9377 -0.0257 -0.3464
vn 0.0035 -0.0432 -0.9991
vn -0.0018 -0.5125 -0.8587
vn -0.0158 -0.5492 -0.8356
vn 0.0059 0.0405 0.9992
vn 0.0024 0.0239 0.9997
vn 0.0142 0.0378 0.9992
vn -0.6269 -0.0022 -0.7791
vn -0.6345 -0.0174 -0.7728
vn -0.6302 -0.0088 -0.7764
vn 0.0227 0.0012 -0.9997
vn 0.1133 0.3964 -0.9111
vn -0.0008 -1.0000 -0.0026
vn -0.0063 0.0314 0.9995
vn 0.8987 0.0270 0.4378
vn -0.0014 1.0000 0.0039
vn 0.0023 1.0000 -0.0094
vn 0.9997 -0.0260 -0.0026
vn -0.0308 0.0245 -0.9992
vn -0.0676 0.5280 0.8466
vn -0.0539 0.9624 0.2661
vn 1.0000 0.0019 -0.0031
vn 1.0000 -0.0013 -0.0019
vn 1.0000 0.0009 -0.0027
vn -0.0920 0.1328 0.9869
vn -0.0556 0.0985 0.9936
vn -0.0567 0.0995 0.9934
vn 0.0521 0.9986 -0.0069
vn 0.0290 0.9996 0.0055
vn 0.0148 0.9997 0.0185
vn 0.0126 0.9999 -0.0088
vn 0.0169 -0.0028 -0.9999
vn 0.5479 0.0974 0.8309
vn 0.5904 0.8059 0.0436
vn -0.0039 0.7021 -0.7121
vn 0.0013 -0.0431 -0.9991
vn -0.0001 -0.9981 0.0609
vn -0.0009 -0.9978 0.0656
vn -0.0000 -0.9982 0.0603
vn -0.9093 0.4026 0.1050
vn -0.0014 -1.0000 -0.0043
vn 0.6126 0.6601 0.4348
vn 0.6119 0.6635 0.4306
vn 0.6103 0.6708 0.4213
vn -0.0183 0.0633 0.9978
vn -0.0451 0.4794 0.8764
vn 0.0008 0.8978 0.4405
vn 0.0008 0.8980 0.4401
vn 0.0017 1.0000 -0.0096
vn -0.0015 0.9999 -0.0127
vn 0.0018 1.0000 -0.0095
vn -0.9908 0.1294 0.0398
vn -0.9994 0.0339 0.0078
vn -0.9941 0.1039 0.0313
vn 0.2701 0.5610 -0.7825
vn 0.0740 0.5421 -0.8370
vn 0.0106 0.4974 -0.8674
vn -0.0008 0.2100 -0.9777
vn -0.0167 0.0246 -0.9996
vn 0.6093 0.6752 0.4158
vn 0.0304 -0.0516 0.9982
vn 0.0253 -0.0330 0.9991
vn 0.0001 0.0356 0.9994
vn 0.0632 0.9479 0.3124
vn -0.6222 0.0067 -0.7828
vn 0.0119 0.9999 0.0104
vn 0.0259 0.9997 -0.0012
vn 0.0122 0.9999 0.0048
vn 0.3459 0.9371 -0.0477
vn 0.1536 0.5901 -0.7926
vn 0.0437 -0.7544 -0.6550
vn 0.0221 -0.9993 0.0305
vn 0.5482 0.4146 0.7263
vn 0.4425 0.4501 0.7756
vn 0.3844 0.4660 0.7969
vn 0.9966 -0.0124 0.0818
vn 0.0143 0.0111 0.9998
vn -0.5631 -0.8261 0.0214
vn 0.0053 0.9998 0.0206
vn 0.7611 0.0970 0.6414
vn 0.7319 0.0016 0.6814
vn 0.7492 0.0547 0.6601
vn 0.7188 -0.0341 0.6944
vn -0.9999 0.0115 0.0002
vn -0.9941 0.1039 0.0312
vn -0.0111 0.5326 -0.8463
vn 0.0899 0.5720 -0.8153
vn 0.2784 -0.0161 -0.9603
vn 0.0051 -0.0546 -0.9985
vn -0.0272 -0.9558 -0.2929
vn -0.0015 -0.4968 0.8679
vn -0.8646 -0.0157 0.5023
vn 0.0049 -0.0406 0.9992
vn 0.0091 -0.0204 0.9998
vn 0.0077 0.0360 0.9993
vn 0.7356 0.0992 -0.6701
vn 0.7367 0.1033 -0.6683
vn 0.7381 0.1091 -0.6658
vn 0.0193 -0.3784 -0.9255
vn 0.0228 -0.3790 -0.9251
vn 0.0165 -0.3841 -0.9231
vn 0.0934 0.2671 -0.9591
vn 0.0504 0.2364 -0.9704
vn -0.0443 0.2672 -0.9626
vn 0.0308 0.3923 0.9193
vn -0.0061 -1.0000 0.0048
vn 0.0148 0.0385 0.9991
vn -0.0233 0.4847 -0.8744
vn -0.1683 0.4893 -0.8557
vn -0.1103 0.4908 -0.8643
vn 0.7389 0.1126 -0.6643
vn 0.2889 0.8686 -0.4025
vn -0.0329 -0.0079 -0.9994
vn 0.0040 -0.0287 0.9996
vn 0.0092 -0.0204 0.9998
vn 1.0000 -0.0022 -0.0015
vn -0.6182 0.4160 -0.6670
vn 0.0107 -0.9998 0.0140
vn 0.0014 -0.9999 0.0160
vn 0.0001 -1.0000 0.0062
vn -0.0176 0.5979 0.8014
vn -0.4007 0.5148 0.7579
vn 0.0020 0.3606 -0.9327
vn -0.0237 0.4875 -0.8728
vn -0.0330 -0.0078 -0.9994
vn 0.0373 0.0729 0.9966
vn 0.4717 0.8126 0.3423
vn 0.0125 0.9992 0.0378
vn 0.0027 1.0000 -0.0000
vn 0.2702 0.5610 -0.7825
vn -0.0005 -0.4135 -0.9105
vn 0.0047 -0.9491 -0.3149
vn 0.0408 -0.9924 -0.1160
vn 0.0097 -0.9575 -0.2883
vn -0.4864 -0.7746 0.4042
vn -0.5356 0.8440 -0.0282
vn -0.3805 0.9248 0.0034
vn -0.5665 0.8235 -0.0315
vn 0.0051 1.0000 -0.0063
vn -0.7057 0.1960 -0.6808
vn 0.0007 -0.5205 -0.8539
vn -0.0028 -0.5202 -0.8541
vn -0.0544 0.5996 -0.7984
vn -0.0010 -0.9978 0.0662
vn -0.0508 0.2472 -0.9676
vn -0.3738 0.3178 -0.8714
vn -0.4148 0.3008 -0.8587
vn -0.2934 0.3483 -0.8903
vn -0.0009 0.0129 -0.9999
vn -0.0237 0.4874 -0.8728
vn -0.0230 0.2806 -0.9595
vn 0.0347 -0.9839 0.1751
vn -0.0343 -0.9651 0.2598
vn -0.0085 -0.9704 0.2413
vn -0.0162 0.0142 0.9998
vn -0.0919 0.9409 -0.3261
vn 0.0374 0.9990 -0.0245
vn 0.0217 0.9996 -0.0156
vn 0.0616 0.9971 -0.0451
vn -0.0039 0.7023 -0.7118
vn 0.9992 -0.0306 0.0238
vn -0.7295 0.5537 0.4017
vn -0.0544 0.9559 -0.2886
vn -0.0429 0.9693 -0.2422
vn -0.0140 0.9973 -0.0716
vn 0.0037 0.9368 -0.3499
vn 0.0020 0.9353 -0.3540
vn -0.0026 0.9311 -0.3647
vn -0.1210 0.4424 -0.8886
vn 0.0443 -0.9944 -0.0962
vn 0.5495 0.3712 -0.7486
vn 0.9992 -0.0395 -0.0000
vn 0.0269 -0.5311 0.8469
vn 0.0232 -0.5227 0.8522
vn 0.0070 -0.4852 0.8744
vn -0.0032 0.9891 -0.1474
vn -0.0115 0.6075 -0.7943
vn -0.0034 -0.9995 0.0306
vn 0.0002 -1.0000 -0.0048
vn -0.9073 0.3223 -0.2699
vn -0.9141 0.3153 -0.2548
vn -0.8936 0.3354 -0.2984
vn -0.5111 0.4299 0.7443
vn -0.5850 0.4639 0.6653
vn -0.5379 0.4425 0.7175
vn 0.0037 0.2725 0.9622
vn 0.1260 0.2644 0.9562
vn 0.0526 0.3005 0.9523
vn 0.2758 0.2984 -0.9137
vn -0.0001 0.0352 0.9994
vn -0.9707 0.1924 0.1442
vn -0.9625 0.1169 0.2449
vn -0.9699 0.1443 0.1960
vn -0.0021 0.5076 -0.8616
vn -0.2048 0.3011 -0.9314
vn 0.0039 0.8747 0.4847
vn 0.0040 0.8750 0.4841
vn 0.0022 0.8726 0.4884
vn -0.5753 0.8173 -0.0339
vn -0.0603 0.4763 0.8772
vn -0.2705 -0.0022 -0.9627
vn -0.0041 -0.4211 -0.9070
vn 0.0325 0.4961 0.8677
vn -0.5622 0.8263 -0.0341
vn -0.8747 0.3597 0.3249
vn 0.0027 -0.0300 0.9995
vn -0.0264 0.0647 0.9976
vn -0.9891 0.1453 0.0256
vn 0.0094 0.4267 0.9043
vn 0.0280 0.4201 -0.9071
vn -0.0047 0.9292 -0.3696
vn -0.0026 0.9311 -0.3648
vn 0.0483 -0.0489 -0.9976
vn 0.0045 -0.0367 -0.9993
vn -0.0412 0.2865 0.9572
vn -0.1354 0.2365 0.9622
vn -0.1292 0.6013 0.7885
vn -0.2902 0.9570 0.0005
vn -0.1553 0.2754 -0.9487
vn -0.9930 0.1177 0.0058
vn -0.0271 0.1739 0.9844
vn -0.0007 -0.9954 -0.0954
vn -0.0429 0.9693 -0.2421
vn -0.0359 0.9984 -0.0429
vn 0.9263 -0.0205 -0.3762
vn 0.9204 -0.0188 -0.3905
vn 0.8271 0.0033 -0.5620
vn 0.8045 0.0077 -0.5939
vn 0.8271 0.0033 -0.5621
vn -0.0026 -0.5202 -0.8540
vn 0.0006 -0.5207 -0.8538
vn -0.0028 -0.5133 -0.8582
vn -0.2331 0.3689 -0.8997
vn -0.9318 0.2393 0.2728
vn 0.8753 0.3020 0.3778
vn -0.0089 0.9856 -0.1687
vn 0.0011 -1.0000 0.0040
vn -0.0046 0.0200 0.9998
vn 0.0018 -0.4729 0.8811
vn -0.0000 0.5133 -0.8582
vn -0.1042 0.5691 -0.8157
vn 0.0613 -0.0434 -0.9972
vn -0.3699 0.3882 -0.8441
vn -0.0788 0.9966 0.0237
vn 0.0002 0.7558 0.6548
vn 0.0032 0.7367 0.6762
vn -0.0004 0.7584 0.6518
vn -0.0115 -0.0067 0.9999
vn -0.4307 0.8012 0.4154
vn 0.0068 0.7258 0.6878
vn -0.9527 0.1595 0.2587
vn -0.0807 0.5652 0.8210
vn -0.0459 0.5937 0.8034
vn -0.0517 0.5949 0.8022
vn -0.0487 0.6015 -0.7974
vn -0.8817 0.3457 -0.3212
vn 0.0042 -0.0379 0.9993
vn -0.4226 0.9063 -0.0014
vn -0.4096 0.9123 0.0009
vn -0.4064 0.9137 0.0014
vn -0.0450 -0.9988 0.0172
vn 0.0209 -0.9602 0.2784
vn 0.0347 -0.9839 0.1750
vn 0.0208 -0.9602 0.2785
vn 0.0149 -0.9537 0.3005
vn -0.4243 0.9055 -0.0017
vn -0.0452 0.9981 0.0426
vn -0.6554 0.5779 -0.4863
vn 0.0055 -1.0000 0.0008
vn 0.0013 -0.0250 0.9997
vn -0.0147 0.6159 0.7877
vn -0.0517 0.5949 0.8021
vn -0.9707 0.1924 0.1441
vn -0.9934 0.1146 0.0052
vn -0.9965 0.0827 0.0075
vn -0.9985 0.0545 0.0045
vn -0.9967 0.0803 0.0073
vn -0.9102 0.0048 -0.4141
vn -0.9233 0.0521 -0.3805
vn -0.9150 0.0209 -0.4028
vn -0.6500 0.3575 -0.6706
vn -0.6086 0.4742 0.6362
vn -0.5380 0.4425 0.7175
vn 0.0022 -0.0249 0.9997
vn -0.0554 0.8901 0.4524
vn -0.6744 -0.3325 -0.6593
vn -0.9102 0.0048 -0.4142
vn -0.9013 -0.0222 -0.4327
vn -0.0021 -0.9999 -0.0106
vn -0.0160 0.0469 0.9988
vn -0.0790 0.8945 0.4400
vn -0.9094 0.3046 0.2832
vn -0.9987 0.0514 0.0042
vn -0.9985 0.0204 -0.0516
vn -0.9979 0.0177 -0.0627
vn -0.9859 -0.0086 -0.1673
vn -0.9976 -0.0253 -0.0648
vn -0.9984 -0.0320 -0.0463
vn -0.9990 -0.0359 -0.0257
vn -0.0007 0.0411 0.9992
vn -0.1072 0.9942 -0.0104
vn -0.0063 -0.5163 -0.8564
vn -0.0143 0.0085 0.9999
vn -0.6414 0.4580 0.6155
vn -0.6268 0.4654 0.6249
vn -0.6345 0.4616 0.6200
vn -0.9881 0.1536 0.0019
vn -0.9933 0.1153 -0.0046
vn -0.9887 0.1498 0.0012
vn -0.6670 0.4509 -0.5931
vn -0.6665 0.4504 -0.5940
vn -0.6661 0.4500 -0.5948
vn -0.1192 0.5616 -0.8188
vn -0.9940 0.1090 -0.0057
vn 0.0238 0.0587 -0.9980
vn 0.0028 0.0198 -0.9998
vn 0.0061 0.0170 -0.9998
vn 0.0036 0.0116 -0.9999
vn -0.9979 0.0177 -0.0628
vn -0.0109 -0.5235 -0.8520
vn -0.4484 0.2254 -0.8649
vn -0.5977 0.2493 -0.7620
vn -0.5224 0.2703 -0.8087
vn 0.0281 -0.9994 0.0188
vn -0.0081 0.0166 0.9998
vn 0.6021 0.7984 0.0071
vn 0.6121 0.7908 0.0051
vn 0.6912 0.7225 -0.0114
vn -0.3211 0.4697 -0.8223
vn -0.3112 0.4663 -0.8281
vn -0.2616 0.4482 -0.8548
vn 0.0001 -0.4835 0.8754
vn -0.7077 -0.0160 0.7063
vn -0.7162 -0.0242 0.6975
vn -0.7130 -0.0212 0.7008
vn -0.3169 0.4622 0.8282
vn -0.6659 0.4499 -0.5951
vn -0.9938 0.1114 -0.0058
vn -0.9943 0.1066 -0.0069
vn -0.9877 0.1554 -0.0197
vn -0.0047 -1.0000 -0.0073
vn -0.0011 -1.0000 -0.0045
vn -0.1502 0.8989 0.4117
vn -0.7016 -0.0102 0.7125
vn -0.1686 0.9471 0.2730
vn -0.1692 0.9465 0.2747
vn -0.0938 0.9456 0.3116
vn 0.6121 0.7907 0.0051
vn 0.7009 0.7132 -0.0135
vn 0.6913 0.7225 -0.0114
vn -0.9872 0.1525 -0.0466
vn -0.9968 -0.0618 0.0515
vn -0.9961 -0.0559 0.0685
vn -0.9912 -0.1120 0.0705
vn 0.4669 0.4378 -0.7683
vn -0.3244 0.4613 0.8258
vn 0.1881 0.3579 -0.9146
vn -0.8926 0.3937 -0.2198
vn -0.8948 0.4152 -0.1643
vn -0.8921 0.4448 -0.0799
vn -0.0101 -0.9999 -0.0096
vn -0.0030 -1.0000 0.0079
vn -0.0024 -1.0000 0.0043
vn 0.0079 1.0000 -0.0000
vn 0.0189 0.9998 0.0030
vn 0.0082 1.0000 0.0007
vn -0.2477 0.4428 -0.8617
vn -0.9816 0.1723 -0.0825
vn 0.0050 -1.0000 0.0048
vn -0.7361 0.3313 0.5902
vn -0.3750 0.4464 -0.8125
vn -0.4554 0.4174 -0.7864
vn -0.5014 0.3987 -0.7679
vn 0.5066 0.3691 0.7792
vn -0.7117 0.2879 -0.6408
vn 0.0001 -1.0000 -0.0082
vn 0.0002 -1.0000 -0.0079
vn -0.0003 -1.0000 -0.0100
vn 0.0057 1.0000 0.0004
vn 0.0098 0.0105 -0.9999
vn 0.0049 0.0236 -0.9997
vn -0.0003 0.0291 -0.9996
vn -0.0815 0.3506 0.9330
vn -0.4603 0.2815 0.8419
vn -0.4560 0.2784 0.8453
vn -0.4581 0.2799 0.8437
vn 0.0034 0.7345 0.6786
vn 0.0468 -0.9986 0.0248
vn -0.8856 0.4641 -0.0182
vn -0.0006 0.0410 0.9992
vn 0.3479 0.1326 0.9281
vn 0.0667 -0.9972 0.0329
vn -0.6005 -0.5721 -0.5586
vn -0.5651 -0.6036 -0.5624
vn -0.5845 -0.5873 -0.5598
vn -0.8374 0.2504 -0.4859
vn -0.8026 0.4070 -0.4360
vn -0.0140 0.5998 -0.8000
vn -0.0030 0.6039 -0.7970
vn -0.0049 0.6055 -0.7958
vn 0.8599 0.0199 0.5101
vn -0.0048 0.6197 0.7849
vn -0.8433 0.3672 0.3924
vn -0.6367 0.5671 0.5224
vn -0.6351 0.5991 0.4876
vn -0.6323 0.6271 0.4549
vn 0.0155 0.9999 0.0029
vn 0.1835 0.2193 -0.9582
vn -0.0236 0.5938 -0.8043
vn -0.0403 0.5803 -0.8134
vn 0.9982 -0.0591 -0.0131
vn -0.0071 -0.0206 0.9998
vn -0.6371 0.5416 0.5485
vn 0.4250 0.5149 0.7445
vn 0.4112 0.5260 0.7445
vn 0.4086 0.5280 0.7444
vn -0.6463 0.4554 0.6122
vn -0.4991 0.3702 0.7835
vn -0.4590 0.3831 0.8016
vn -0.3795 0.4055 0.8316
vn -0.0014 0.0216 0.9998
vn 0.0008 0.0323 0.9995
vn -0.0035 0.0010 1.0000
vn 0.8015 0.1591 -0.5764
vn 0.8006 0.1546 -0.5788
vn 0.8012 0.1578 -0.5772
vn -0.0097 0.9999 0.0098
vn -0.0111 0.9999 0.0090
vn -0.0432 0.9981 -0.0447
vn -0.7329 -0.0018 -0.6803
vn -0.7309 -0.0040 -0.6825
vn -0.7299 -0.0061 -0.6835
vn -0.2007 -0.9584 -0.2032
vn -0.0000 1.0000 0.0049
vn -0.4542 0.2771 0.8467
vn -0.0050 1.0000 0.0050
vn -0.3749 0.4465 -0.8125
vn -0.3189 0.4640 -0.8264
vn -0.4553 0.4175 -0.7864
vn -0.3397 0.4154 0.8439
vn -0.0135 -0.0062 0.9999
vn 0.8659 0.1377 0.4809
vn 0.9297 0.0928 0.3565
vn 0.9375 0.0859 0.3372
vn -0.6070 0.0567 -0.7927
vn -0.8594 0.0451 0.5094
vn 0.8534 0.1449 0.5007
vn -0.0071 -0.0207 0.9998
vn 0.3926 0.5406 0.7441
vn 0.1289 0.9916 0.0143
vn -0.9323 0.3614 -0.0105
vn -0.9209 0.3889 -0.0260
vn -0.9198 0.3923 0.0086
vn 0.0208 0.9998 -0.0066
vn 0.0012 0.9978 -0.0669
vn -0.0746 0.9934 -0.0870
vn 0.0040 1.0000 0.0029
vn -0.0799 -0.0581 -0.9951
vn -0.0011 1.0000 -0.0002
vn -0.9606 0.2777 0.0090
vn -0.9673 0.2494 0.0463
vn -0.9597 0.2808 0.0048
vn 0.2091 0.8940 0.3964
vn -0.0037 1.0000 -0.0049
vn -0.7153 -0.0040 -0.6988
vn -0.7092 0.0093 -0.7049
vn -0.7129 0.0014 -0.7013
vn -0.9106 0.4132 -0.0071
vn 0.6836 0.2309 -0.6924
vn 0.6933 0.2886 -0.6604
vn 0.6868 0.2482 -0.6832
vn 0.8853 0.0634 0.4606
vn 0.9520 0.0464 0.3027
vn 0.8912 0.0622 0.4493
vn -0.8690 0.0913 -0.4863
vn 0.9555 0.0452 0.2915
vn -0.9943 0.0781 -0.0727
vn -0.1080 0.0013 -0.9941
vn -0.2471 0.0340 0.9684
vn -0.1342 0.9759 -0.1721
vn 0.3211 0.9112 -0.2580
vn 0.8019 0.1611 -0.5754
vn 0.7116 -0.1505 -0.6863
vn -0.2764 0.9519 -0.1319
vn 0.1195 0.9814 0.1506
vn -0.0004 -0.9999 -0.0103
vn -0.9198 0.3923 0.0087
vn -0.9106 0.4132 -0.0070
vn -0.9237 0.3756 0.0748
vn 0.6748 0.7044 0.2201
vn 0.5785 0.8044 0.1349
vn 0.6584 0.7220 0.2124
vn 0.6585 0.7220 0.2124
vn 0.5785 0.8045 0.1349
vn 0.5907 0.7900 0.1645
vn 0.5780 0.6617 -0.4776
vn 0.5222 0.7153 -0.4644
vn 0.5625 0.6773 -0.4742
vn -0.0037 1.0000 -0.0006
vn 0.6841 0.1041 -0.7220
vn 0.7094 0.0933 -0.6986
vn 0.5644 0.1493 -0.8119
vn -0.6776 0.2597 0.6881
vn -0.6860 0.2532 0.6821
vn -0.6809 0.2571 0.6857
vn -0.6110 0.5523 0.5671
vn -0.5947 0.5516 0.5849
vn -0.6050 0.5504 0.5754
vn -0.2487 0.9624 0.1093
vn -0.1621 0.9829 0.0869
vn -0.2110 0.9584 0.1924
vn -0.1892 0.9712 0.1449
vn -0.0052 0.9854 -0.1701
vn -0.0485 0.9781 -0.2026
vn -0.1263 0.9574 -0.2596
vn 0.9741 0.2179 0.0612
vn -0.0039 0.9864 -0.1642
vn 0.0477 0.9981 -0.0387
vn 0.6893 0.5748 0.4409
vn 0.6768 0.1980 -0.7091
vn -0.7391 0.5016 -0.4496
vn -0.7735 0.5202 -0.3620
vn -0.7509 0.5016 -0.4295
vn -0.0486 0.9781 -0.2026
vn -0.1689 0.9420 -0.2901
vn 0.4949 0.8655 0.0780
vn -0.2732 0.0437 0.9610
vn 0.9906 0.1367 -0.0081
vn -0.1806 0.0494 -0.9823
vn 0.0065 -0.9999 0.0135
vn -0.6737 0.2626 0.6908
vn 0.0407 0.9988 0.0286
vn 0.0321 0.7618 0.6471
vn -0.6168 0.7559 -0.2194
vn -0.0001 -0.5000 0.8660
vn -0.1296 0.9914 0.0188
vn -0.1152 0.9732 -0.1991
vn -0.9983 -0.0419 0.0415
vn -0.9753 -0.0179 0.2202
vn -0.9827 -0.0097 0.1851
vn 0.0174 0.0190 0.9997
vn 0.7844 0.1377 0.6048
vn 0.0197 0.9996 0.0180
vn 0.6347 0.4199 0.6487
vn 0.5434 0.1563 -0.8248
vn -0.0056 -1.0000 -0.0009
vn -0.9975 -0.0309 0.0636
vn -0.9742 -0.0192 0.2247
vn -0.7218 0.2047 0.6611
vn -0.7215 0.2040 0.6617
vn -0.7223 0.2059 0.6602
vn -0.7208 0.2021 0.6630
vn 0.0196 0.9996 -0.0182
vn 0.4624 0.7651 -0.4481
vn -0.0045 -1.0000 0.0013
vn -0.9987 -0.0499 0.0130
vn -0.5916 0.5570 0.5829
vn -0.5770 0.5462 0.6073
vn 0.3880 0.9190 0.0701
vn -0.6035 0.5534 -0.5740
vn -0.6273 0.5215 -0.5784
vn -0.6040 0.5613 -0.5658
vn -0.6338 0.5239 -0.5690
vn -0.5728 -0.6026 -0.5557
vn -0.8597 0.2778 -0.4286
vn -0.9207 0.2299 -0.3154
vn 0.0017 1.0000 -0.0019
vn 0.0126 -0.9993 0.0342
vn -0.0039 -0.9973 0.0731
vn -0.6287 0.5252 0.5735
vn 0.6936 0.1267 0.7091
vn -0.6415 0.5056 -0.5769
vn -0.6913 0.2397 -0.6817
vn -0.5714 0.6018 -0.5581
vn -0.5369 0.6861 -0.4909
vn -0.5433 0.6793 -0.4933
vn -0.9858 0.0147 0.1671
vn -0.5539 0.1414 -0.8205
vn -0.5441 0.1562 -0.8243
vn -0.5503 0.1469 -0.8219
vn 0.0026 0.9996 -0.0268
vn 0.0394 0.9991 0.0163
vn 0.0001 -0.5058 0.8627
vn 0.0070 0.9982 0.0593
vn 0.0109 0.9985 -0.0537
vn -0.0169 0.9996 -0.0223
vn 0.0102 0.9987 -0.0504
vn -0.0229 0.8847 -0.4655
vn -0.4913 -0.7582 -0.4287
vn -0.4944 -0.7553 -0.4303
vn -0.4724 -0.7750 -0.4199
vn -0.7268 -0.0158 -0.6866
vn -0.5877 -0.5969 -0.5461
vn 0.2722 0.0268 -0.9619
vn 0.3017 0.0269 -0.9530
vn 0.2383 0.0160 -0.9711
vn 0.0220 0.1170 0.9929
vn 0.0181 0.0173 0.9997
vn -0.6850 0.4549 -0.5691
vn -0.7188 -0.0118 -0.6952
vn -0.0239 0.9986 0.0472
vn 0.0428 0.9804 0.1921
vn -0.3462 0.5049 -0.7907
vn -0.9621 0.0956 -0.2553
vn 0.3910 -0.5160 0.7621
vn 0.3942 -0.5087 0.7654
vn 0.3334 -0.6341 0.6976
vn 0.4281 -0.4219 0.7992
vn -0.5913 0.3784 -0.7122
vn -0.7756 0.4619 -0.4303
vn -0.5582 0.6653 -0.4959
vn 0.2659 0.0250 -0.9637
vn 0.2721 0.0268 -0.9619
vn -0.0564 0.9951 -0.0814
vn 0.7043 0.7097 0.0157
vn 0.3179 -0.1061 0.9422
vn 0.8130 -0.5770 0.0776
vn 0.9389 -0.3281 -0.1044
vn 0.0008 -0.5077 0.8616
vn -0.5586 0.1342 -0.8185
vn 0.1049 0.9945 0.0075
vn 0.1211 0.9907 -0.0622
vn 0.1082 0.9941 -0.0061
vn -0.6987 0.5399 -0.4694
vn -0.7391 0.5015 -0.4496
vn -0.6895 0.5617 -0.4574
vn 0.6927 0.6807 -0.2383
vn 0.6514 0.7319 -0.1999
vn 0.6025 0.7825 -0.1571
vn -0.5751 0.5263 -0.6263
vn -0.6265 0.4953 -0.6019
vn 0.0012 -1.0000 0.0013
vn 0.0018 -1.0000 -0.0059
vn -0.0007 -0.5065 0.8622
vn 0.8971 0.4416 0.0147
vn -0.1335 0.9803 -0.1453
vn -0.7393 0.2180 -0.6371
vn -0.6756 0.5760 -0.4603
vn -0.5886 0.5120 -0.6256
vn -0.4861 -0.7550 -0.4402
vn -0.0023 -1.0000 -0.0008
vn 0.2208 0.3246 0.9197
vn -0.8615 0.2725 0.4284
vn -0.8668 0.2668 0.4213
vn -0.8518 0.2826 0.4410
vn 0.0779 0.8150 0.5742
vn 0.0486 0.8375 0.5442
vn 0.0599 0.8290 0.5560
vn 0.5732 0.8087 -0.1326
vn -0.8760 0.2565 0.4085
vn 0.8206 0.3575 0.4459
vn 0.0191 0.0915 0.9956
vn 0.7140 0.0785 0.6958
vn 0.4968 0.1641 0.8522
vn -0.5776 0.6062 -0.5468
vn -0.6021 0.6006 -0.5262
vn -0.9517 0.3058 -0.0289
vn 0.0033 -1.0000 -0.0053
vn -0.6353 0.4671 -0.6150
vn -0.6209 0.4704 -0.6271
vn -0.6297 0.5340 -0.5642
vn -0.5733 0.6037 -0.5539
vn 0.4260 0.4305 0.7957
vn 0.4249 0.4310 0.7960
vn 0.4241 0.4314 0.7962
vn -0.7098 0.0590 0.7019
vn -0.7079 0.1799 0.6831
vn -0.7096 0.1553 0.6873
vn 0.0242 0.9995 0.0215
vn 0.0843 0.8098 0.5806
vn 0.1049 0.9945 0.0076
vn 0.1081 0.9941 -0.0061
vn 0.0922 0.9939 0.0609
vn -0.3080 0.4208 -0.8533
vn -0.3060 0.4565 -0.8355
vn -0.3074 0.4325 -0.8476
vn 0.4268 0.4301 0.7955
vn 0.0043 0.0024 1.0000
vn -0.6475 0.4498 -0.6151
vn -0.6573 0.5126 -0.5525
vn -0.6579 0.5125 -0.5518
vn -0.5776 0.6061 -0.5468
vn -0.6635 0.4690 -0.5829
vn 0.6579 -0.5124 0.5519
vn -0.7647 0.6051 0.2217
vn -0.7718 0.5988 0.2138
vn -0.7678 0.6024 0.2183
vn 0.1823 0.9778 0.1038
vn -0.7425 0.0531 -0.6677
vn -0.2804 0.9229 -0.2638
vn -0.0589 0.9803 0.1886
vn -0.0588 0.9802 0.1891
vn -0.0589 0.9805 0.1874
vn 0.4861 -0.6576 0.5756
vn 0.4946 -0.6082 0.6209
vn 0.4999 -0.5650 0.6564
vn 0.5025 -0.5363 0.6781
vn 0.8528 -0.5217 -0.0238
vn -0.7079 0.1798 0.6831
vn -0.6927 0.2591 0.6731
vn -0.2562 0.9625 0.0888
vn -0.3053 0.4666 -0.8301
vn -0.2186 0.9478 -0.2321
vn -0.7173 -0.0984 -0.6897
vn -0.0590 0.9806 0.1870
vn 0.8384 0.5447 -0.0202
vn -0.6428 0.4904 -0.5885
vn -0.7261 -0.0209 -0.6872
vn 0.9195 0.3879 -0.0641
vn 0.9223 0.3830 -0.0519
vn 0.9212 0.3849 -0.0566
vn -0.7026 0.5999 0.3828
vn -0.7070 0.5892 0.3911
vn -0.7053 0.5935 0.3878
vn -0.5705 0.6240 -0.5340
vn -0.6572 0.5126 -0.5525
vn -0.6495 0.5219 -0.5529
vn -0.4341 -0.8167 -0.3801
vn -0.0035 -1.0000 0.0075
vn -0.3359 0.4718 0.8152
vn -0.7372 0.1148 -0.6659
vn -0.7139 0.2287 -0.6618
vn -0.7156 0.2222 -0.6623
vn 0.6463 0.6105 0.4579
vn 0.9182 0.3900 -0.0690
vn -0.5994 0.5500 0.5816
vn -0.5882 0.7794 -0.2156
vn -0.0133 0.9980 -0.0613
vn 0.2267 0.0126 -0.9739
vn -0.7592 0.6098 0.2277
vn -0.2989 0.7284 0.6165
vn -0.9780 -0.0253 0.2072
vn -0.9634 -0.0190 0.2675
vn -0.9651 -0.0196 0.2612
vn 0.2347 -0.9361 0.2619
vn -0.7006 0.6044 0.3793
vn 0.7109 0.2704 0.6493
vn -0.5854 0.5695 -0.5770
vn -0.6300 0.5112 0.5846
vn 0.0857 0.9943 0.0627
vn -0.2603 -0.9207 -0.2907
vn -0.1799 -0.9634 -0.1988
vn 0.0057 -1.0000 0.0035
vn 0.0035 -1.0000 0.0040
vn 0.7742 0.3326 -0.5385
vn -0.0120 0.9999 0.0001
vn -0.5860 -0.5660 0.5798
vn -0.5862 -0.5672 0.5785
vn -0.5862 -0.5686 0.5771
vn -0.0454 0.9971 -0.0604
vn -0.1334 0.9804 -0.1452
vn -0.2487 0.9624 0.1092
vn -0.3612 0.9325 -0.0020
vn -0.3633 0.9317 -0.0022
vn -0.4163 0.7842 -0.4602
vn -0.4093 0.7886 -0.4590
vn -0.3950 0.7972 -0.4565
vn -0.9786 -0.0257 0.2041
vn -0.4879 -0.7523 -0.4427
vn -0.3852 0.8030 -0.4547
vn 0.1499 0.9812 -0.1219
vn 0.1521 0.9805 -0.1244
vn 0.1891 0.9675 -0.1678
vn -0.7281 0.0040 -0.6855
vn -0.7340 -0.0020 -0.6792
vn -0.7263 0.0058 -0.6873
vn -0.7028 0.0012 -0.7114
vn -0.7027 0.0008 -0.7115
vn -0.7016 0.0024 -0.7126
vn -0.7017 0.0025 -0.7125
vn -0.7040 0.0008 -0.7102
vn 0.1244 0.9892 0.0773
vn -0.7406 0.0920 -0.6656
vn -0.6336 0.5033 -0.5876
vn -0.6909 0.0134 0.7229
vn -0.6919 -0.0096 0.7220
vn -0.6991 0.0082 0.7150
vn -0.7030 0.0118 0.7111
vn -0.5539 0.5518 0.6234
vn -0.5383 0.5691 0.6216
vn -0.5945 0.5710 0.5662
vn -0.6973 0.1216 0.7064
vn -0.5498 0.8353 0.0039
vn 0.8966 0.4069 0.1749
vn 0.9266 0.3711 0.0607
vn 0.2989 0.9186 0.2585
vn -0.4117 0.5454 -0.7301
vn -0.3883 0.5550 -0.7356
vn -0.4309 0.5372 -0.7251
vn -0.4404 0.5330 -0.7225
vn -0.3233 -0.9364 0.1368
vn -0.6089 0.4901 -0.6238
vn -0.6375 0.5109 -0.5767
vn -0.6066 -0.6013 -0.5201
vn -0.9431 0.3265 0.0632
vn -0.0030 -1.0000 -0.0039
vn -0.6914 -0.0041 0.7224
vn -0.7098 0.0591 0.7019
vn -0.6973 0.1217 0.7064
vn -0.6910 0.1523 0.7066
vn -0.8466 0.5322 -0.0041
vn -0.8450 0.5348 0.0029
vn -0.8394 0.5433 -0.0168
vn -0.0097 -0.9999 0.0056
vn -0.6028 0.6750 0.4254
vn -0.6312 0.6422 0.4350
vn -0.5243 0.7222 0.4511
vn -0.4389 0.7741 0.4563
vn 0.0624 -0.9326 -0.3556
vn 0.4897 -0.8409 0.2307
vn 0.7290 0.3526 0.5868
vn 0.5616 -0.5757 -0.5943
vn -0.5752 0.4595 0.6768
vn 0.4915 0.8299 -0.2638
vn -0.7916 -0.1894 0.5809
vn -0.7913 -0.1897 0.5812
vn -0.7924 -0.1883 0.5802
vn -0.3328 0.8884 0.3162
vn -0.6363 0.3727 0.6754
vn 0.2411 -0.6696 -0.7025
vn -0.4327 0.7446 0.5082
vn -0.5920 0.5562 0.5833
vn -0.7925 -0.1881 0.5801
vn -0.7046 -0.0001 -0.7096
vn 0.4948 0.3982 -0.7724
vn 0.3556 0.3494 -0.8669
vn 0.4428 0.3808 -0.8117
vn -0.5072 -0.6958 0.5086
vn -0.5112 -0.6889 0.5139
vn -0.4389 -0.8135 0.3815
vn -0.1799 0.9580 0.2235
vn -0.7008 0.5321 0.4751
vn -0.5853 0.5804 0.5661
vn -0.3611 0.9325 -0.0020
vn 0.4428 0.3808 -0.8118
vn 0.3555 0.3494 -0.8669
vn 0.3081 0.3313 -0.8918
vn -0.2647 0.4042 0.8755
vn -0.4464 0.7274 0.5211
vn -0.3119 -0.7542 0.5778
vn -0.6910 -0.1868 0.6983
vn -0.5191 0.6531 -0.5514
vn -0.5250 0.6405 -0.5605
vn -0.4472 0.7769 -0.4431
vn 0.4439 0.3231 0.8358
vn -0.4473 0.7263 0.5220
vn -0.0113 -0.9999 0.0100
vn 0.0003 -1.0000 0.0074
vn -0.0030 -0.9999 0.0106
vn -0.5014 0.4650 0.7296
vn -0.4606 0.7668 0.4471
vn 0.1892 0.9675 -0.1678
vn 0.1521 0.9805 -0.1245
vn 0.1907 0.9669 -0.1696
vn -0.3542 0.3794 -0.8547
vn -0.3231 0.3657 -0.8728
vn -0.3331 0.3701 -0.8672
vn -0.0961 0.3305 0.9389
vn -0.0367 0.3505 0.9358
vn 0.0683 0.3825 0.9214
vn -0.5418 0.6115 0.5766
vn -0.4957 0.6341 0.5935
vn -0.4226 0.8095 -0.4075
vn -0.6553 0.3887 0.6477
vn -0.6719 0.3802 0.6356
vn -0.7002 0.3648 0.6138
vn -0.0051 -1.0000 -0.0027
vn -0.0117 -0.9999 0.0108
vn 0.0167 -0.9991 -0.0394
vn -0.0755 0.5162 0.8531
vn -0.8410 0.5395 -0.0405
vn -0.7693 0.3517 -0.5333
vn -0.7002 0.3648 0.6137
vn -0.7180 0.3545 0.5990
vn 0.0008 -1.0000 -0.0027
vn 0.0025 -1.0000 -0.0055
vn 0.0019 -1.0000 -0.0059
vn -0.6872 0.0178 0.7262
vn 0.0046 -1.0000 -0.0039
vn -0.0409 -0.9990 0.0153
vn 0.1848 0.3608 -0.9141
vn 0.2588 0.4013 -0.8786
vn 0.1348 0.3322 -0.9335
vn -0.0200 -0.9995 0.0244
vn 0.0800 -0.9762 -0.2014
vn 0.0167 -0.9991 -0.0395
vn 0.0099 -0.9998 -0.0186
vn 0.0803 0.3000 -0.9506
vn 0.1848 0.3608 -0.9142
vn 0.1347 0.3322 -0.9335
vn -0.9197 0.3826 0.0885
vn -0.9040 0.3992 0.1532
vn -0.9102 0.3923 0.1331
vn -0.0900 -0.9942 0.0580
vn -0.7324 0.3893 0.5585
vn -0.7386 0.3794 -0.5572
vn -0.6924 0.4030 -0.5984
vn -0.7837 0.3527 -0.5113
vn -0.5043 0.3695 -0.7805
vn -0.8173 0.3300 -0.4724
vn 0.0044 -1.0000 -0.0027
vn -0.9238 0.3758 0.0734
vn -0.9152 0.3948 0.0811
vn -0.0354 -0.9994 0.0055
vn 0.8329 0.2631 0.4870
vn 0.7117 0.6375 -0.2950
vn 0.0441 -0.9983 -0.0376
vn 0.5201 0.3738 0.7680
vn 0.5443 0.3774 0.7492
vn 0.5412 0.3769 0.7516
vn -0.0254 -0.9995 0.0169
vn -0.0624 -0.9979 0.0170
vn 0.9456 0.2751 -0.1738
vn 0.5176 0.3735 0.7698
vn -0.6089 0.4901 -0.6237
vn -0.7999 0.5878 0.1214
vn -0.0021 -1.0000 0.0033
vn -0.2081 -0.9781 -0.0078
vn -0.0355 -0.9994 0.0055
vn -0.0625 -0.9979 0.0170
vn -0.2306 0.9341 0.2725
vn -0.4794 0.6387 0.6019
vn -0.4083 0.6245 0.6658
vn -0.4780 0.6395 0.6021
vn 0.1341 0.9910 0.0007
vn 0.1030 0.9947 0.0033
vn 0.1046 0.9945 0.0032
vn -0.0572 0.4097 0.9104
vn 0.0280 0.3684 0.9293
vn 0.0774 0.3428 0.9362
vn -0.4212 0.6337 0.6489
vn 0.5937 -0.7171 -0.3652
vn -0.6059 -0.5948 -0.5283
vn 0.9244 0.3552 0.1388
vn -0.7649 -0.0163 -0.6439
vn -0.7805 -0.1355 -0.6103
vn -0.7720 -0.0684 -0.6320
vn -0.2139 -0.9578 -0.1920
vn -0.2002 -0.9619 -0.1863
vn -0.2555 -0.9439 -0.2091
vn 0.1347 0.4004 0.9064
vn 0.7613 0.3249 -0.5611
vn 0.4581 0.0024 0.8889
vn 0.4611 0.0216 0.8871
vn 0.4547 0.0176 0.8905
vn -0.5897 0.5451 0.5958
vn -0.7376 -0.4619 0.4926
vn -0.7751 -0.1058 0.6229
vn -0.6610 0.7503 0.0114
vn 0.3180 -0.5321 0.7847
vn -0.4468 0.6039 0.6601
vn -0.1590 -0.9865 0.0388
vn -0.9996 -0.0227 -0.0142
vn -0.9990 -0.0423 -0.0157
vn -0.9866 0.1630 0.0003
vn -0.8780 0.0520 0.4759
vn -0.8759 0.4124 -0.2505
vn 0.5948 0.2436 -0.7661
vn -0.8796 0.4448 0.1686
vn -0.8273 0.4753 0.2996
vn -0.8951 0.4304 0.1165
vn -0.1858 -0.9545 0.2333
vn -0.6804 0.0307 0.7322
vn -0.6872 0.0178 0.7263
vn -0.6908 0.0134 0.7229
vn -0.5899 0.5449 0.5958
vn -0.5434 -0.8395 0.0037
vn -0.9296 0.3664 0.0404
vn -0.8436 0.5370 0.0029
vn -0.3665 0.3848 -0.8471
vn -0.5191 -0.0526 -0.8531
vn -0.4029 0.3550 0.8436
vn -0.4000 0.5928 0.6990
vn -0.1387 0.4458 0.8843
vn 0.0279 0.3684 0.9292
vn -0.8317 -0.0010 0.5552
vn -0.7706 0.0074 0.6372
vn -0.7449 0.0305 0.6665
vn 0.0459 0.9945 -0.0938
vn -0.8365 0.5477 -0.0182
vn 0.1358 0.9907 0.0005
vn -0.2070 -0.9779 -0.0302
vn -0.0120 -0.9999 0.0079
vn -0.4141 0.1442 0.8987
vn -0.8924 -0.0077 0.4513
vn -0.9110 0.0034 0.4125
vn -0.9176 0.0083 0.3974
vn -0.1155 -0.0029 -0.9933
vn 0.5096 -0.0001 0.8604
vn 0.4582 0.0024 0.8889
vn 0.4524 -0.0051 0.8918
vn -0.5884 0.5429 0.5993
vn -0.6755 0.4836 0.5567
vn 0.2337 -0.0473 -0.9712
vn -0.0236 -0.9997 -0.0078
vn -0.8445 0.0860 -0.5287
vn -0.3990 0.8246 0.4010
vn -0.3984 0.8260 0.3987
vn -0.3987 0.8253 0.3999
vn -0.4300 0.2923 0.8542
vn -0.7789 0.6271 -0.0045
vn -0.7935 0.6085 0.0061
vn -0.7196 0.0126 -0.6943
vn -0.5871 0.5434 0.6000
vn -0.5899 0.5450 0.5958
vn -0.0280 0.9994 -0.0206
vn -0.0098 0.9997 -0.0245
vn -0.0131 0.9996 -0.0238
vn -0.4600 0.1750 -0.8705
vn -0.0074 -1.0000 0.0035
vn -0.7025 0.0288 0.7111
vn -0.7042 0.0670 0.7068
vn -0.7042 0.0647 0.7071
vn -0.9855 0.1694 0.0008
vn -0.9202 0.3731 -0.1185
vn -0.3811 -0.0467 -0.9234
vn 0.2613 -0.9262 -0.2717
vn 0.6424 0.3511 0.6812
vn -0.8000 0.4852 0.3529
vn -0.5614 -0.5766 0.5936
vn -0.7747 0.6302 0.0529
vn -0.1468 0.1011 -0.9840
vn 0.0080 -0.9999 -0.0100
vn -0.7013 0.0122 0.7128
vn -0.4187 -0.8153 0.3998
vn -0.4517 -0.7815 0.4304
vn -0.9628 -0.2603 0.0723
vn -0.8641 0.5027 0.0259
vn -0.7025 0.0287 0.7111
vn -0.7042 0.0648 0.7071
vn -0.7020 0.0208 0.7119
vn -0.8488 0.3648 -0.3828
vn -0.0296 0.9994 -0.0202
vn -0.8867 -0.0124 0.4622
vn -0.0249 -0.9973 0.0695
vn -0.0035 -1.0000 0.0076
vn -0.0127 -0.9996 0.0236
vn -0.4608 0.5743 0.6767
vn -0.8507 0.5239 -0.0439
vn -0.7719 -0.0684 -0.6320
vn -0.7647 -0.0032 -0.6444
vn -0.8402 0.4293 -0.3313
vn -0.8154 0.3942 -0.4240
vn -0.8222 0.4030 -0.4020
vn -0.7918 0.1325 -0.5963
vn -0.2745 -0.0582 -0.9598
vn -0.2747 -0.9367 -0.2169
vn -0.2773 0.3329 -0.9013
vn -0.3200 0.3120 -0.8946
vn -0.2315 0.3541 -0.9061
vn -0.6689 0.4197 0.6135
vn 0.4356 -0.0026 0.9001
vn 0.4523 -0.0051 0.8918
vn -0.6465 0.0065 0.7629
vn -0.6250 0.4345 -0.6486
vn 0.3168 0.9484 0.0139
vn 0.3229 0.9463 0.0150
vn 0.2473 0.9689 0.0014
vn 0.0108 -0.9999 -0.0066
vn 0.9011 0.3868 0.1957
vn -0.8239 0.4253 0.3747
vn 0.0109 -0.9999 -0.0066
vn 0.0068 -1.0000 0.0020
vn 0.0095 -1.0000 0.0022
vn -0.7673 0.3995 -0.5016
vn -0.8153 0.3755 -0.4407
vn -0.8357 0.3635 -0.4116
vn -0.5794 -0.5603 0.5919
vn -0.3992 0.8242 0.4017
vn -0.3991 0.8245 0.4011
vn 0.3441 0.3424 -0.8743
vn 0.0033 -1.0000 -0.0013
vn -0.8470 0.4408 -0.2971
vn 0.0154 -0.9998 -0.0153
vn -0.7433 0.0539 0.6668
vn -0.0915 0.2453 0.9651
vn 0.0552 0.1278 0.9903
vn -0.0652 0.2246 0.9723
vn 0.2415 0.9704 0.0003
vn 0.3167 0.9484 0.0139
vn -0.8450 0.5344 0.0168
vn -0.8882 -0.0094 0.4593
vn -0.4286 -0.8300 0.3570
vn 0.1669 0.3794 0.9101
vn 0.2063 0.3898 0.8975
vn 0.2973 0.4116 0.8615
vn -0.6761 0.0457 0.7354
vn -0.9987 0.0471 0.0204
vn -0.7663 -0.0035 -0.6425
vn -0.2999 0.3136 -0.9009
vn -0.1732 0.3795 -0.9088
vn -0.8142 0.5806 0.0034
vn -0.6089 -0.5871 -0.5334
vn -0.6025 -0.5649 -0.5638
vn 0.0567 0.4124 -0.9093
vn -0.7836 -0.6211 -0.0120
vn -0.5756 0.3487 0.7397
vn -0.3001 0.4408 0.8460
vn -0.2481 -0.9365 0.2480
vn -0.2478 -0.9365 0.2479
vn -0.2473 -0.9368 0.2477
vn -0.5862 -0.5619 0.5836
vn 0.1031 0.0881 0.9908
vn -0.0651 0.2246 0.9723
vn 0.3454 0.4216 0.8384
vn -0.0280 -0.9996 0.0064
vn 0.1618 -0.9866 0.0217
vn 0.1573 -0.9873 0.0213
vn 0.0094 -1.0000 0.0022
vn -0.0352 -0.9994 0.0058
vn -1.0000 -0.0055 -0.0006
vn -1.0000 -0.0055 -0.0005
vn -1.0000 -0.0013 -0.0007
vn -0.0089 -0.9999 -0.0095
vn 0.0111 -0.9999 -0.0106
vn -0.8076 0.5896 -0.0136
vn -0.8207 0.5713 -0.0063
vn -0.7842 0.6165 -0.0713
vn -0.5795 -0.5634 0.5889
vn -0.6631 0.0491 0.7469
vn -0.7352 0.4130 -0.5375
vn -0.8153 0.3755 -0.4408
vn -0.0124 -0.9999 0.0113
vn -0.0268 -0.9992 0.0299
vn -0.8640 0.4335 0.2563
vn -0.8917 0.4109 0.1899
vn -0.8488 0.4435 0.2879
vn 0.0351 0.6967 -0.7165
vn -0.5927 -0.0003 0.8054
vn -0.7741 0.6329 -0.0124
vn -0.9160 0.3785 -0.1328
vn -0.7656 -0.0074 -0.6432
vn -0.7649 -0.0086 -0.6441
vn -0.9026 0.3999 0.1596
vn -0.3371 -0.0049 -0.9415
vn -0.3408 -0.0055 -0.9401
vn -0.3144 -0.0011 -0.9493
vn 0.0169 -0.9999 -0.0034
vn 0.0034 -1.0000 -0.0013
vn -0.3128 -0.0009 -0.9498
vn -0.3371 -0.0048 -0.9415
vn -0.3145 -0.0011 -0.9493
vn -0.9520 0.0097 0.3060
vn -0.7121 -0.0002 0.7021
vn -0.7150 0.0022 0.6991
vn -0.7066 0.0030 0.7076
vn -0.2179 0.9760 0.0030
vn -0.2785 0.9603 -0.0162
vn -0.2304 0.9731 -0.0010
vn -0.1835 -0.0280 0.9826
vn -1.0000 0.0038 -0.0045
vn 0.0315 -0.9995 0.0003
vn -0.2900 0.9568 -0.0198
vn -0.9977 0.0665 -0.0111
vn -0.9991 0.0239 -0.0359
vn -0.9990 0.0371 -0.0231
vn -0.9992 0.0025 -0.0406
vn -0.8390 -0.0285 -0.5435
vn -0.8651 0.0023 -0.5016
vn -0.8609 0.0002 -0.5088
vn -1.0000 -0.0021 -0.0005
vn -0.9644 -0.2632 -0.0245
vn 0.3732 0.0383 0.9269
vn -0.7856 0.6187 0.0058
vn -0.9669 -0.2550 0.0099
vn -0.8285 -0.0192 -0.5596
vn -0.9992 0.0315 -0.0246
vn -0.9998 0.0217 0.0046
vn -0.9971 -0.0647 -0.0402
vn -0.9999 -0.0119 -0.0019
vn -0.9998 -0.0199 0.0033
vn -0.9999 -0.0140 -0.0005
vn -0.0450 -0.9986 -0.0264
vn -0.2329 -0.9724 -0.0111
vn -0.2405 -0.9706 -0.0104
vn -0.0294 -0.9992 -0.0276
vn -0.7684 -0.0135 0.6399
vn -0.9987 0.0269 0.0431
vn -0.9968 -0.0079 0.0799
vn -0.9976 0.0652 0.0222
vn -0.9993 0.0361 0.0093
vn -0.2469 -0.9369 0.2476
vn -0.2725 0.7735 0.5722
vn -0.2868 0.7626 0.5798
vn -0.2858 0.7634 0.5793
vn -0.9998 0.0078 0.0203
vn -0.9972 0.0084 0.0741
vn -0.2516 0.0384 -0.9671
vn -0.9999 0.0063 -0.0136
vn -0.7821 -0.0445 -0.6216
vn -0.2859 0.7634 0.5793
vn -0.3043 0.7489 0.5887
vn -1.0000 0.0024 -0.0043
vn -0.8201 -0.5723 0.0012
vn -0.8184 -0.5746 0.0008
vn -0.8295 -0.5585 0.0038
vn -0.6958 -0.0401 -0.7172
vn -0.7820 -0.0445 -0.6217
vn -0.9993 -0.0038 0.0377
vn -0.7065 0.0030 0.7077
vn -0.7044 0.0010 0.7098
vn -0.6970 0.4839 -0.5292
vn -0.9996 0.0202 -0.0213
vn 0.0214 -0.1880 -0.9819
vn -0.9979 0.0563 0.0317
vn -0.0382 -0.1350 0.9901
vn 0.1505 0.9883 0.0260
vn 0.0527 -0.5845 0.8097
vn -0.6519 -0.5706 -0.4994
vn 0.5468 0.8118 -0.2050
vn -0.2543 -0.9670 0.0170
vn -0.7842 0.6122 0.1012
vn 0.4339 -0.8893 0.1441
vn -0.9256 -0.3762 -0.0417
vn 0.0208 0.9997 -0.0154
vn -0.4597 0.8555 0.2385
vn -0.5731 0.5879 -0.5709
vn -0.7723 0.5410 0.3329
vn 0.1552 0.4295 0.8896
vn -0.4266 -0.6272 0.6516
vn -0.9945 0.0254 -0.1018
vn -0.9935 0.0291 -0.1097
vn -0.2660 -0.5957 -0.7579
vn -0.9995 -0.0302 -0.0047
vn 0.6094 -0.0178 0.7926
vn -0.1900 -0.4523 -0.8714
vn 0.2727 0.0806 -0.9587
vn -0.8777 -0.2995 -0.3740
vn -0.9464 0.2282 0.2286
vn -0.9862 -0.0459 -0.1589
vn -0.9830 -0.1815 -0.0280
vn -0.5171 -0.4297 -0.7402
vn -0.6798 0.2445 0.6915
vn -0.1069 -0.0287 -0.9939
vn -0.6399 -0.6241 -0.4484
vn 0.1728 0.0409 0.9841
vn -0.7871 0.5722 0.2303
vn -0.8183 0.5602 0.1288
vn -0.7602 0.5767 0.2993
vn 0.0320 -0.9991 0.0289
vn -0.8232 0.5572 0.1092
vn 0.7153 0.6678 -0.2059
vn -0.9000 -0.4286 -0.0797
vn 0.2889 -0.9286 0.2328
vn 0.1715 0.9840 -0.0491
vn 0.0947 0.0295 -0.9951
vn -0.0191 -0.1251 -0.9920
vn 0.0808 0.0104 -0.9967
vn -0.2369 0.1125 0.9650
vn -0.9962 0.0653 -0.0578
vn -0.1519 -0.2710 0.9505
vn 0.1212 0.0660 -0.9904
vn -0.9965 0.0697 -0.0468
vn -0.9962 0.0652 -0.0578
vn -1.0000 -0.0031 0.0089
vn -0.9999 -0.0037 0.0102
vn -0.9999 -0.0043 0.0117
vn -0.5041 0.4314 0.7482
vn -0.3728 0.9279 0.0046
vn -0.9568 -0.2905 0.0094
vn -1.0000 0.0002 0.0012
vn 0.2088 -0.9777 0.0227
vn 0.1926 -0.9811 0.0197
vn 0.1167 -0.9931 0.0056
vn -0.9701 0.2426 -0.0028
vn -0.9776 -0.0129 0.2100
vn -0.9431 0.0591 0.3272
vn -0.9556 0.0429 0.2914
vn -0.5436 -0.5897 0.5972
vn -0.8515 0.4120 0.3245
vn 0.8107 -0.2828 -0.5126
vn -0.9350 0.0559 0.3501
vn 0.5640 -0.8251 -0.0327
vn 0.8673 0.3912 -0.3078
vn -0.6004 0.7988 0.0371
vn 0.7987 -0.0045 0.6018
vn -0.8570 0.5033 -0.1109
vn -0.1581 0.0114 -0.9874
vn -0.1579 0.0114 -0.9874
vn -0.1630 0.0111 -0.9866
vn -0.5395 -0.7901 0.2908
vn -0.8557 0.5141 0.0586
vn -0.9998 -0.0138 0.0134
vn -0.7038 0.0079 0.7104
vn -0.9818 0.0082 -0.1899
vn -0.9824 -0.0008 -0.1870
vn -0.9806 -0.0079 -0.1958
vn 0.1076 -0.9942 0.0040
vn -0.9819 -0.0362 0.1859
vn -0.9804 0.0019 -0.1972
vn 0.1029 -0.0079 -0.9947
vn -0.6103 0.4166 -0.6738
vn 0.2998 0.8772 0.3750
vn -0.0875 0.2013 0.9756
vn -0.0185 -0.9982 0.0579
vn -0.0095 -0.9918 0.1272
vn -0.0846 -0.9959 0.0319
vn 0.8739 -0.3118 -0.3730
vn -0.0635 -0.9939 0.0906
vn -0.0186 -0.9982 0.0578
vn -0.0847 -0.9959 0.0319
vn -0.9842 0.1752 -0.0264
vn -0.3329 0.9282 0.1664
vn -0.0012 0.5354 0.8446
vn -0.0257 -0.9874 0.1564
vn -0.9991 -0.0343 0.0231
vn -0.8308 -0.5565 0.0044
vn -0.1631 0.0111 -0.9865
vn -0.7027 0.0062 0.7115
vn -0.0078 -0.9758 0.2184
vn 0.4853 0.6045 -0.6318
vn -0.9190 -0.3399 0.1998
vn -0.8991 -0.3776 0.2214
vn -0.9416 -0.2899 0.1712
vn -0.9970 -0.0217 -0.0748
vn -0.6717 -0.7377 -0.0678
vn -0.9606 0.0174 0.2775
vn -0.5792 -0.5653 0.5873
vn -0.7415 -0.6710 -0.0001
vn -0.7521 -0.6591 0.0004
vn -0.6123 -0.7906 -0.0058
vn -0.9776 -0.0313 -0.2084
vn -0.0339 -0.9758 0.2161
vn -0.2237 0.2789 -0.9339
vn -0.2110 0.3026 -0.9295
vn -0.2024 0.3184 -0.9261
vn -0.9013 -0.4314 -0.0394
vn 0.9439 -0.3134 0.1037
vn -0.1942 0.3330 -0.9227
vn -0.1849 0.0175 0.9826
vn -0.0521 -0.6636 0.7463
vn -0.9647 -0.2262 0.1347
vn 0.1725 -0.0170 0.9849
vn -0.5924 -0.8056 -0.0066
vn -0.8305 -0.5571 0.0040
vn -0.1529 0.3456 0.9258
vn 0.0362 -0.9992 -0.0183
vn -0.0451 -0.9989 -0.0152
vn -0.0362 -0.9993 -0.0134
vn 0.8549 -0.4565 0.2466
vn 0.2305 0.9731 -0.0010
vn -1.0000 0.0063 0.0044
vn -0.9995 0.0302 -0.0123
vn -1.0000 0.0033 0.0019
vn 0.1100 -0.3625 0.9255
vn 0.4855 0.8354 -0.2576
vn -1.0000 0.0016 0.0006
vn -1.0000 -0.0019 0.0060
vn -0.4988 -0.8612 -0.0976
vn 0.1285 0.9599 -0.2490
vn -1.0000 -0.0032 0.0031
vn 0.5263 -0.2004 0.8263
vn -0.1317 0.8033 0.5808
vn -0.0064 0.8482 0.5296
vn -0.0631 0.8301 0.5541
vn -0.9998 0.0159 -0.0084
vn -0.9999 0.0005 0.0138
vn -0.9999 -0.0120 0.0121
vn -0.1962 0.7733 0.6029
vn -0.7092 -0.5147 -0.4817
vn -0.0309 0.1538 -0.9876
vn 0.0022 -0.9964 0.0844
vn 0.0231 -0.9984 0.0524
vn 0.0316 -0.9993 0.0203
vn -0.9305 0.2495 -0.2682
vn -0.5729 0.8196 0.0005
vt 0.992599 0.677193
vt 0.992384 0.669667
vt 0.993022 0.671569
vt 0.993391 0.683090
vt 0.993188 0.687086
vt 0.992795 0.681460
vt 0.992179 0.673214
vt 0.993367 0.679537
vt 0.994885 0.665503
vt 0.994749 0.667969
vt 0.993269 0.663215
vt 0.992294 0.652241
vt 0.993380 0.654457
vt 0.993400 0.659047
vt 0.993580 0.661104
vt 0.992298 0.657222
vt 0.013581 0.474224
vt 0.018283 0.479393
vt 0.012561 0.509583
vt 0.018932 0.507087
vt 0.025467 0.475359
vt 0.020426 0.783893
vt 0.010038 0.780299
vt 0.027442 0.755970
vt 0.014363 0.749079
vt 0.025487 0.471926
vt 0.033022 0.474018
vt 0.029733 0.510313
vt 0.030251 0.750674
vt 0.039742 0.507471
vt 0.029651 0.787503
vt 0.039804 0.757274
vt 0.026173 0.710267
vt 0.016590 0.680915
vt 0.024588 0.679945
vt 0.033889 0.707026
vt 0.016301 0.713786
vt 0.005127 0.684545
vt 0.008098 0.714346
vt 0.010068 0.983225
vt 0.012497 0.947317
vt 0.017643 0.978914
vt 0.022651 0.947518
vt 0.029507 0.977347
vt 0.037620 0.946351
vt 0.021129 0.984178
vt 0.041743 0.979208
vt 0.033855 0.984495
vt 0.951634 0.726062
vt 0.919468 0.731612
vt 0.958071 0.715948
vt 0.523998 0.107860
vt 0.561914 0.072372
vt 0.595066 0.132158
vt 0.594986 0.084867
vt 0.605950 0.085601
vt 0.607317 0.034693
vt 0.580591 0.068871
vt 0.525062 0.087710
vt 0.535266 0.074785
vt 0.572609 0.041710
vt 0.547037 0.158523
vt 0.178771 0.099132
vt 0.204111 0.096790
vt 0.203042 0.108509
vt 0.939914 0.426863
vt 0.927745 0.420655
vt 0.929112 0.420668
vt 0.926813 0.422744
vt 0.925452 0.422537
vt 0.929482 0.423033
vt 0.927116 0.420850
vt 0.299976 0.100896
vt 0.297933 0.099351
vt 0.301200 0.093545
vt 0.510000 0.167043
vt 0.526221 0.187563
vt 0.510293 0.210615
vt 0.520004 0.175229
vt 0.486598 0.172681
vt 0.561016 0.199522
vt 0.533753 0.148603
vt 0.451831 0.186345
vt 0.453717 0.247586
vt 0.499810 0.239841
vt 0.515741 0.223131
vt 0.857707 0.669143
vt 0.849537 0.678539
vt 0.856519 0.668918
vt 0.988651 0.205975
vt 0.986632 0.254095
vt 0.947153 0.182360
vt 0.933632 0.362339
vt 0.918868 0.353010
vt 0.950269 0.361266
vt 0.940640 0.403414
vt 0.922840 0.401750
vt 0.922295 0.221176
vt 0.908680 0.402183
vt 0.899207 0.366210
vt 0.922359 0.194775
vt 0.968920 0.371182
vt 0.932312 0.241377
vt 0.964271 0.256782
vt 0.880960 0.366888
vt 0.946446 0.255835
vt 0.229642 0.250542
vt 0.227272 0.234518
vt 0.253412 0.262768
vt 0.235727 0.265954
vt 0.297881 0.217883
vt 0.201829 0.277458
vt 0.226494 0.303302
vt 0.288936 0.264062
vt 0.246417 0.209153
vt 0.638391 0.570833
vt 0.626110 0.569787
vt 0.635132 0.561024
vt 0.960162 0.492650
vt 0.955973 0.515178
vt 0.935564 0.525010
vt 0.964915 0.654986
vt 0.967919 0.634199
vt 0.988066 0.628868
vt 0.964175 0.508071
vt 0.975677 0.620943
vt 0.953340 0.633672
vt 0.976565 0.504898
vt 0.985533 0.609329
vt 0.960582 0.525039
vt 0.923806 0.537396
vt 0.969117 0.610392
vt 0.975020 0.516202
vt 0.986599 0.538502
vt 0.964143 0.530259
vt 0.954320 0.605412
vt 0.767379 0.525395
vt 0.746319 0.514560
vt 0.754814 0.511466
vt 0.102948 0.619871
vt 0.075868 0.595762
vt 0.083214 0.571004
vt 0.077404 0.580722
vt 0.063418 0.608801
vt 0.036636 0.614694
vt 0.063199 0.551416
vt 0.016459 0.551448
vt 0.112222 0.611878
vt 0.086024 0.643306
vt 0.053308 0.616043
vt 0.082568 0.404271
vt 0.116049 0.430473
vt 0.094057 0.445175
vt 0.012909 0.618523
vt 0.071498 0.408798
vt 0.732739 0.596733
vt 0.736868 0.614981
vt 0.731727 0.620836
vt 0.721753 0.609729
vt 0.667086 0.862265
vt 0.672008 0.860254
vt 0.673295 0.881198
vt 0.680380 0.893277
vt 0.650370 0.924741
vt 0.690358 0.897637
vt 0.711644 0.895917
vt 0.559556 0.837192
vt 0.552669 0.864862
vt 0.534873 0.816649
vt 0.549521 0.818925
vt 0.610634 0.839892
vt 0.513053 0.920061
vt 0.562577 0.852733
vt 0.763191 0.979337
vt 0.784429 0.981797
vt 0.797757 0.993174
vt 0.759220 0.943239
vt 0.040336 0.078920
vt 0.021376 0.005000
vt 0.060924 0.036147
vt 0.055827 0.013118
vt 0.783148 0.941095
vt 0.724014 0.993564
vt 0.059298 0.065481
vt 0.816345 0.967034
vt 0.019778 0.087016
vt 0.744057 0.981010
vt 0.793675 0.929840
vt 0.650126 0.050193
vt 0.629167 0.038265
vt 0.670818 0.049307
vt 0.652508 0.086584
vt 0.667622 0.086574
vt 0.955818 0.081746
vt 0.938446 0.095668
vt 0.888447 0.049059
vt 0.957060 0.134694
vt 0.699732 0.034627
vt 0.900401 0.111786
vt 0.875104 0.076571
vt 0.930368 0.105636
vt 0.644336 0.090811
vt 0.885445 0.110741
vt 0.110863 0.220631
vt 0.122521 0.189071
vt 0.130128 0.183586
vt 0.106431 0.187932
vt 0.097944 0.209575
vt 0.083379 0.180160
vt 0.092693 0.186107
vt 0.077763 0.194101
vt 0.076875 0.175589
vt 0.088467 0.196676
vt 0.113160 0.228743
vt 0.136194 0.183132
vt 0.119363 0.234757
vt 0.142664 0.188209
vt 0.123274 0.241599
vt 0.152391 0.187548
vt 0.075580 0.166157
vt 0.071172 0.155678
vt 0.075417 0.165404
vt 0.074954 0.165541
vt 0.062071 0.158580
vt 0.129577 0.170518
vt 0.064401 0.146716
vt 0.075566 0.164712
vt 0.067441 0.196531
vt 0.046552 0.202333
vt 0.086983 0.201041
vt 0.063413 0.137171
vt 0.127357 0.158138
vt 0.133420 0.233458
vt 0.961285 0.077276
vt 0.972147 0.056516
vt 0.977836 0.085241
vt 0.919843 0.517779
vt 0.919694 0.495291
vt 0.924610 0.519578
vt 0.928893 0.525444
vt 0.966004 0.092103
vt 0.960842 0.090416
vt 0.970391 0.095777
vt 0.974450 0.097606
vt 0.967356 0.108473
vt 0.962051 0.110834
vt 0.972925 0.115322
vt 0.959058 0.109582
vt 0.968193 0.115609
vt 0.925937 0.503099
vt 0.107942 0.135369
vt 0.018293 0.721933
vt 0.024105 0.722228
vt 0.016997 0.745393
vt 0.358975 0.067857
vt 0.361042 0.065249
vt 0.373006 0.075395
vt 0.353449 0.086465
vt 0.353881 0.077865
vt 0.356735 0.085936
vt 0.356560 0.076331
vt 0.917199 0.526162
vt 0.914861 0.534952
vt 0.916536 0.521946
vt 0.914801 0.516441
vt 0.370120 0.079839
vt 0.791722 0.064845
vt 0.786497 0.070438
vt 0.782778 0.069746
vt 0.075905 0.216124
vt 0.074767 0.283570
vt 0.186873 0.148189
vt 0.782234 0.061720
vt 0.031311 0.910543
vt 0.059448 0.911186
vt 0.015491 0.931726
vt 0.108008 0.239858
vt 0.205161 0.263051
vt 0.139924 0.345746
vt 0.241006 0.205577
vt 0.796551 0.082421
vt 0.081051 0.910755
vt 0.062927 0.932602
vt 0.029527 0.928800
vt 0.953709 0.026346
vt 0.948599 0.029866
vt 0.949211 0.027336
vt 0.044783 0.951929
vt 0.043913 0.942729
vt 0.056168 0.969098
vt 0.053563 0.969202
vt 0.055043 0.963820
vt 0.044895 0.960988
vt 0.058173 0.962910
vt 0.050854 0.944380
vt 0.020282 0.716824
vt 0.037971 0.708679
vt 0.926548 0.500417
vt 0.802837 0.062061
vt 0.028346 0.912094
vt 0.108842 0.247529
vt 0.952877 0.041297
vt 0.954213 0.034522
vt 0.963844 0.039983
vt 0.950989 0.031870
vt 0.045076 0.730785
vt 0.960220 0.027829
vt 0.937060 0.011708
vt 0.059461 0.734705
vt 0.057183 0.729756
vt 0.063760 0.729961
vt 0.951045 0.063987
vt 0.947551 0.067521
vt 0.928854 0.058141
vt 0.082545 0.745269
vt 0.926453 0.063653
vt 0.927300 0.055374
vt 0.977727 0.017296
vt 0.976721 0.015699
vt 0.990076 0.009685
vt 0.945125 0.070980
vt 0.800148 0.079726
vt 0.905763 0.461198
vt 0.903415 0.490893
vt 0.036975 0.211571
vt 0.090595 0.243303
vt 0.973994 0.026454
vt 0.981131 0.022051
vt 0.955197 0.494414
vt 0.894295 0.486426
vt 0.045909 0.209757
vt 0.961589 0.009144
vt 0.522838 0.936605
vt 0.523095 0.920677
vt 0.530918 0.921009
vt 0.525517 0.938529
vt 0.883819 0.474285
vt 0.884587 0.468542
vt 0.888936 0.468962
vt 0.514049 0.922954
vt 0.534391 0.936441
vt 0.533844 0.922812
vt 0.513394 0.936476
vt 0.513482 0.938164
vt 0.025530 0.903378
vt 0.028312 0.904262
vt 0.986820 0.048055
vt 0.805198 0.061388
vt 0.968714 0.047240
vt 0.030221 0.743303
vt 0.025458 0.908098
vt 0.053593 0.153355
vt 0.046058 0.727979
vt 0.015502 0.896354
vt 0.922235 0.060928
vt 0.889931 0.474216
vt 0.809244 0.074573
vt 0.809794 0.071141
vt 0.864790 0.462527
vt 0.846458 0.448059
vt 0.937095 0.429500
vt 0.970023 0.053638
vt 0.034922 0.202582
vt 0.032003 0.220073
vt 0.110202 0.293827
vt 0.047065 0.101563
vt 0.037851 0.146360
vt 0.120231 0.296351
vt 0.017508 0.943707
vt 0.017697 0.169995
vt 0.021946 0.202396
vt 0.459564 0.806230
vt 0.429456 0.800676
vt 0.448722 0.718210
vt 0.027831 0.100420
vt 0.165594 0.277704
vt 0.228626 0.206511
vt 0.564492 0.388446
vt 0.546285 0.362109
vt 0.578983 0.365274
vt 0.600810 0.352044
vt 0.759847 0.455390
vt 0.740398 0.454960
vt 0.745606 0.450863
vt 0.914133 0.111298
vt 0.159850 0.268845
vt 0.933669 0.139536
vt 0.955298 0.539661
vt 0.950182 0.623315
vt 0.951172 0.568585
vt 0.419216 0.739840
vt 0.945203 0.570926
vt 0.938775 0.673292
vt 0.251458 0.200233
vt 0.721206 0.044243
vt 0.750281 0.068215
vt 0.705387 0.087439
vt 0.014039 0.255630
vt 0.409969 0.825166
vt 0.720524 0.095348
vt 0.449556 0.841911
vt 0.578085 0.974880
vt 0.536522 0.986812
vt 0.631432 0.944950
vt 0.157560 0.250857
vt 0.104861 0.041103
vt 0.687580 0.083238
vt 0.577379 0.264659
vt 0.584725 0.240308
vt 0.602829 0.281895
vt 0.761417 0.929377
vt 0.597298 0.364919
vt 0.920893 0.599603
vt 0.923271 0.581219
vt 0.929336 0.605837
vt 0.774829 0.459311
vt 0.940506 0.577257
vt 0.927643 0.638914
vt 0.918283 0.601799
vt 0.405996 0.752092
vt 0.542096 0.964657
vt 0.830006 0.580012
vt 0.830244 0.604051
vt 0.807919 0.503949
vt 0.917453 0.632720
vt 0.932346 0.669325
vt 0.602482 0.253963
vt 0.917317 0.568922
vt 0.747923 0.402964
vt 0.781041 0.415964
vt 0.088550 0.070493
vt 0.082343 0.112624
vt 0.137430 0.233018
vt 0.919290 0.574493
vt 0.419839 0.850891
vt 0.419298 0.831810
vt 0.744297 0.945815
vt 0.617864 0.304806
vt 0.419046 0.832050
vt 0.419349 0.831971
vt 0.913132 0.635880
vt 0.399496 0.760233
vt 0.402719 0.756657
vt 0.402461 0.821420
vt 0.419018 0.832868
vt 0.621770 0.390353
vt 0.906369 0.148604
vt 0.399477 0.818652
vt 0.383972 0.779484
vt 0.834702 0.569974
vt 0.957077 0.707342
vt 0.631163 0.359512
vt 0.623818 0.300951
vt 0.917199 0.641121
vt 0.574269 0.949711
vt 0.633102 0.257622
vt 0.913768 0.658461
vt 0.401641 0.737366
vt 0.626094 0.366694
vt 0.623692 0.294777
vt 0.912133 0.555341
vt 0.924375 0.662656
vt 0.584068 0.412464
vt 0.608542 0.250359
vt 0.666196 0.971643
vt 0.724729 0.936572
vt 0.795122 0.465179
vt 0.644569 0.316361
vt 0.907899 0.668454
vt 0.580229 0.205361
vt 0.801733 0.484112
vt 0.841165 0.472924
vt 0.633611 0.304911
vt 0.636259 0.252324
vt 0.606305 0.234503
vt 0.613819 0.241138
vt 0.902387 0.623379
vt 0.357307 0.824245
vt 0.891617 0.543160
vt 0.641570 0.907757
vt 0.585496 0.935535
vt 0.570033 0.928557
vt 0.662414 0.298202
vt 0.339387 0.741174
vt 0.363687 0.816340
vt 0.364082 0.764418
vt 0.340101 0.832569
vt 0.363572 0.754701
vt 0.629310 0.238063
vt 0.601363 0.228270
vt 0.899471 0.674959
vt 0.021626 0.402133
vt 0.015923 0.356502
vt 0.034866 0.341771
vt 0.666096 0.291054
vt 0.678933 0.268830
vt 0.634378 0.240253
vt 0.662419 0.242721
vt 0.654254 0.236590
vt 0.035238 0.374646
vt 0.893424 0.701930
vt 0.925421 0.724817
vt 0.887492 0.689985
vt 0.357621 0.759493
vt 0.660818 0.233149
vt 0.933433 0.819195
vt 0.954656 0.909265
vt 0.944690 0.895334
vt 0.670017 0.351159
vt 0.694868 0.796849
vt 0.659330 0.777376
vt 0.675935 0.358169
vt 0.039447 0.298434
vt 0.667703 0.253022
vt 0.679238 0.234879
vt 0.288289 0.730934
vt 0.697630 0.200214
vt 0.918601 0.728602
vt 0.893017 0.711944
vt 0.041561 0.374647
vt 0.922402 0.824985
vt 0.685797 0.229449
vt 0.904170 0.729137
vt 0.360034 0.819211
vt 0.670408 0.949756
vt 0.692906 0.249146
vt 0.552479 0.888916
vt 0.685840 0.244000
vt 0.712695 0.675854
vt 0.705938 0.674694
vt 0.715282 0.622530
vt 0.671198 0.297955
vt 0.693655 0.223570
vt 0.669690 0.399331
vt 0.688333 0.271882
vt 0.628581 0.750841
vt 0.881611 0.602020
vt 0.965549 0.743277
vt 0.964265 0.754727
vt 0.948911 0.749386
vt 0.983146 0.748546
vt 0.977083 0.750937
vt 0.608373 0.876556
vt 0.919759 0.880658
vt 0.932318 0.932332
vt 0.911192 0.918719
vt 0.949820 0.951796
vt 0.857829 0.990605
vt 0.712016 0.536181
vt 0.720298 0.539638
vt 0.314678 0.794780
vt 0.331857 0.799852
vt 0.683433 0.373944
vt 0.758829 0.651516
vt 0.973882 0.758225
vt 0.961666 0.967801
vt 0.983730 0.968291
vt 0.914539 0.969955
vt 0.974742 0.757621
vt 0.005995 0.667201
vt 0.008087 0.671337
vt 0.007764 0.672323
vt 0.980353 0.753769
vt 0.985550 0.981999
vt 0.047206 0.295489
vt 0.891247 0.911505
vt 0.887188 0.867293
vt 0.751821 0.626107
vt 0.732084 0.577612
vt 0.005189 0.472989
vt 0.005353 0.463696
vt 0.011717 0.471531
vt 0.732873 0.631588
vt 0.873610 0.704661
vt 0.260438 0.072240
vt 0.267002 0.064929
vt 0.268367 0.065665
vt 0.006595 0.681141
vt 0.010386 0.672922
vt 0.007544 0.473970
vt 0.005156 0.475560
vt 0.005458 0.474032
vt 0.908616 0.977145
vt 0.828566 0.398622
vt 0.740290 0.599312
vt 0.277058 0.062989
vt 0.273211 0.072001
vt 0.832094 0.383391
vt 0.695562 0.334431
vt 0.595652 0.897969
vt 0.070119 0.453957
vt 0.014987 0.449683
vt 0.043089 0.444152
vt 0.928939 0.968176
vt 0.019534 0.261433
vt 0.947017 0.965394
vt 0.629037 0.632884
vt 0.608161 0.715182
vt 0.619325 0.632985
vt 0.277057 0.074397
vt 0.957617 0.953168
vt 0.292340 0.839551
vt 0.326957 0.804518
vt 0.800213 0.707901
vt 0.799879 0.716044
vt 0.785576 0.702196
vt 0.779344 0.702269
vt 0.139530 0.012269
vt 0.139627 0.016560
vt 0.111013 0.025569
vt 0.781399 0.694168
vt 0.109004 0.014674
vt 0.779776 0.685549
vt 0.758870 0.691414
vt 0.783257 0.712271
vt 0.774240 0.671145
vt 0.752771 0.636707
vt 0.247929 0.418347
vt 0.177651 0.376886
vt 0.188311 0.381048
vt 0.841591 0.365836
vt 0.284665 0.134006
vt 0.279005 0.128527
vt 0.292507 0.125329
vt 0.232892 0.541669
vt 0.229081 0.455550
vt 0.249774 0.455578
vt 0.745528 0.582375
vt 0.944681 0.960798
vt 0.779873 0.716125
vt 0.344878 0.077920
vt 0.338671 0.070439
vt 0.340772 0.066265
vt 0.918366 0.019039
vt 0.964358 0.054119
vt 0.935331 0.043821
vt 0.906422 0.052826
vt 0.906188 0.026778
vt 0.904961 0.992494
vt 0.861264 0.992494
vt 0.903603 0.985782
vt 0.103726 0.016049
vt 0.216749 0.161148
vt 0.218497 0.152860
vt 0.296304 0.142423
vt 0.233869 0.147887
vt 0.347944 0.067232
vt 0.618081 0.882211
vt 0.351370 0.063957
vt 0.094772 0.016338
vt 0.301449 0.148328
vt 0.299530 0.117304
vt 0.306977 0.115902
vt 0.843756 0.367837
vt 0.766036 0.587099
vt 0.765480 0.615330
vt 0.877378 0.691938
vt 0.968021 0.940449
vt 0.058440 0.411394
vt 0.602241 0.663099
vt 0.351366 0.084793
vt 0.267646 0.142957
vt 0.721874 0.995000
vt 0.084704 0.026106
vt 0.065408 0.657105
vt 0.735297 0.334142
vt 0.072111 0.007527
vt 0.802198 0.685233
vt 0.263140 0.155033
vt 0.234454 0.179046
vt 0.730762 0.261040
vt 0.604681 0.636031
vt 0.291192 0.801821
vt 0.867628 0.905533
vt 0.761290 0.547040
vt 0.698517 0.956003
vt 0.265758 0.417085
vt 0.649187 0.848815
vt 0.782517 0.638309
vt 0.768405 0.568832
vt 0.308268 0.799596
vt 0.200050 0.368407
vt 0.202687 0.357372
vt 0.699536 0.343145
vt 0.585216 0.661187
vt 0.558141 0.665717
vt 0.767817 0.633149
vt 0.771045 0.620822
vt 0.717394 0.974654
vt 0.314249 0.167683
vt 0.684963 0.827871
vt 0.037593 0.410046
vt 0.707883 0.344685
vt 0.780168 0.596076
vt 0.582961 0.921754
vt 0.606466 0.598663
vt 0.782705 0.611451
vt 0.855991 0.866206
vt 0.342682 0.100319
vt 0.595074 0.781941
vt 0.582294 0.739221
vt 0.598869 0.717632
vt 0.624007 0.785485
vt 0.694206 0.370114
vt 0.091947 0.645095
vt 0.556690 0.664850
vt 0.308507 0.180848
vt 0.219490 0.187490
vt 0.302539 0.431307
vt 0.276469 0.458330
vt 0.723062 0.374309
vt 0.238771 0.401694
vt 0.293759 0.408408
vt 0.238703 0.399997
vt 0.237468 0.399221
vt 0.235921 0.397916
vt 0.176779 0.331622
vt 0.194944 0.281282
vt 0.192868 0.338958
vt 0.645206 0.593385
vt 0.256578 0.199053
vt 0.021869 0.404880
vt 0.740396 0.404086
vt 0.785897 0.567187
vt 0.765323 0.330936
vt 0.761679 0.283599
vt 0.637241 0.585838
vt 0.606610 0.591548
vt 0.588662 0.723196
vt 0.556649 0.730156
vt 0.764430 0.508297
vt 0.748427 0.495234
vt 0.260958 0.849820
vt 0.271697 0.858517
vt 0.551314 0.699086
vt 0.768510 0.511049
vt 0.775906 0.511131
vt 0.289605 0.471246
vt 0.772614 0.502666
vt 0.276326 0.198590
vt 0.576635 0.590255
vt 0.060272 0.814974
vt 0.056583 0.844911
vt 0.051267 0.828500
vt 0.121866 0.825181
vt 0.026675 0.801444
vt 0.066155 0.795192
vt 0.052199 0.857048
vt 0.057321 0.870598
vt 0.019995 0.836940
vt 0.605647 0.587005
vt 0.576609 0.737004
vt 0.785640 0.491277
vt 0.103995 0.882522
vt 0.259562 0.802257
vt 0.829410 0.904702
vt 0.565075 0.702975
vt 0.588806 0.786469
vt 0.245289 0.728585
vt 0.259493 0.755100
vt 0.257809 0.832475
vt 0.354700 0.153366
vt 0.102096 0.795296
vt 0.681301 0.576357
vt 0.617512 0.557061
vt 0.621164 0.793537
vt 0.240369 0.696839
vt 0.444875 0.076033
vt 0.438193 0.096472
vt 0.378054 0.063765
vt 0.694663 0.578886
vt 0.712998 0.621029
vt 0.782865 0.515234
vt 0.024853 0.868839
vt 0.655659 0.575627
vt 0.789734 0.562035
vt 0.304258 0.209899
vt 0.251351 0.763576
vt 0.544906 0.668423
vt 0.302040 0.244575
vt 0.338821 0.187583
vt 0.682109 0.570100
vt 0.690798 0.853590
vt 0.637510 0.544285
vt 0.645514 0.554185
vt 0.252783 0.849144
vt 0.594517 0.536415
vt 0.801535 0.494632
vt 0.447287 0.111015
vt 0.067820 0.880579
vt 0.044129 0.763950
vt 0.393190 0.038164
vt 0.623508 0.543168
vt 0.717797 0.848997
vt 0.785296 0.828955
vt 0.800915 0.833858
vt 0.796663 0.843223
vt 0.706226 0.858632
vt 0.829957 0.866194
vt 0.742232 0.369876
vt 0.771484 0.286961
vt 0.806727 0.532320
vt 0.854903 0.835729
vt 0.867651 0.848190
vt 0.823658 0.844260
vt 0.029271 0.889634
vt 0.304174 0.486104
vt 0.303143 0.389151
vt 0.531677 0.697009
vt 0.522812 0.646994
vt 0.529908 0.644295
vt 0.118641 0.868657
vt 0.128342 0.944145
vt 0.069617 0.934387
vt 0.580226 0.799805
vt 0.936567 0.820018
vt 0.962779 0.816257
vt 0.965365 0.859732
vt 0.766484 0.124325
vt 0.758041 0.192181
vt 0.754338 0.121030
vt 0.809425 0.523795
vt 0.773651 0.263117
vt 0.530419 0.630498
vt 0.552400 0.714174
vt 0.563555 0.701760
vt 0.549002 0.725085
vt 0.295328 0.425185
vt 0.307409 0.409294
vt 0.376438 0.423906
vt 0.723393 0.840507
vt 0.982359 0.816463
vt 0.330758 0.450910
vt 0.246498 0.738366
vt 0.319654 0.581090
vt 0.309208 0.611323
vt 0.546491 0.735593
vt 0.618894 0.818128
vt 0.901056 0.824366
vt 0.537150 0.701471
vt 0.831303 0.830999
vt 0.041107 0.908499
vt 0.785540 0.916586
vt 0.573509 0.530813
vt 0.240319 0.742079
vt 0.462753 0.064426
vt 0.507644 0.668610
vt 0.402089 0.399929
vt 0.390976 0.416592
vt 0.923466 0.818314
vt 0.907244 0.837432
vt 0.778081 0.805861
vt 0.758749 0.803394
vt 0.132462 0.955260
vt 0.319115 0.509507
vt 0.640484 0.530116
vt 0.326994 0.556892
vt 0.775487 0.271764
vt 0.420733 0.662727
vt 0.472798 0.714393
vt 0.459705 0.712956
vt 0.490345 0.736402
vt 0.853900 0.828827
vt 0.815621 0.841743
vt 0.767681 0.364094
vt 0.414891 0.678430
vt 0.458684 0.717110
vt 0.418265 0.711153
vt 0.399289 0.733534
vt 0.411104 0.704726
vt 0.426933 0.712080
vt 0.499633 0.683199
vt 0.508619 0.694352
vt 0.809688 0.831341
vt 0.708760 0.774410
vt 0.088019 0.949675
vt 0.788840 0.152150
vt 0.415289 0.687586
vt 0.730162 0.815828
vt 0.285193 0.626953
vt 0.709724 0.570790
vt 0.391033 0.717256
vt 0.384986 0.393397
vt 0.390251 0.396581
vt 0.316716 0.400485
vt 0.733134 0.797163
vt 0.207904 0.630912
vt 0.383693 0.727959
vt 0.348095 0.375371
vt 0.367157 0.385020
vt 0.341923 0.383348
vt 0.693863 0.770848
vt 0.157026 0.994008
vt 0.084234 0.961905
vt 0.982695 0.856169
vt 0.447949 0.034771
vt 0.779034 0.275163
vt 0.380331 0.711775
vt 0.494865 0.755289
vt 0.327623 0.395474
vt 0.861632 0.813999
vt 0.849566 0.798953
vt 0.779848 0.775343
vt 0.682208 0.550355
vt 0.379293 0.388086
vt 0.900300 0.816403
vt 0.144028 0.963866
vt 0.249350 0.635376
vt 0.987094 0.360017
vt 0.938738 0.352128
vt 0.943264 0.335894
vt 0.783788 0.125709
vt 0.768507 0.112546
vt 0.338981 0.363592
vt 0.858010 0.794382
vt 0.872818 0.810413
vt 0.816776 0.813279
vt 0.806175 0.809528
vt 0.265807 0.271232
vt 0.763197 0.388600
vt 0.752449 0.199890
vt 0.748061 0.117074
vt 0.801802 0.869227
vt 0.988007 0.341960
vt 0.763582 0.106292
vt 0.416460 0.391932
vt 0.716583 0.780881
vt 0.713850 0.870700
vt 0.947953 0.861196
vt 0.978830 0.892260
vt 0.245359 0.306162
vt 0.669510 0.523166
vt 0.602795 0.528442
vt 0.819352 0.773017
vt 0.777148 0.176305
vt 0.697109 0.551798
vt 0.494655 0.698916
vt 0.379826 0.347292
vt 0.810498 0.786786
vt 0.981362 0.321998
vt 0.985733 0.304722
vt 0.510580 0.820559
vt 0.160328 0.987613
vt 0.510789 0.040564
vt 0.868135 0.780978
vt 0.260630 0.307268
vt 0.493467 0.712622
vt 0.317831 0.349119
vt 0.774580 0.378777
vt 0.311591 0.347728
vt 0.901578 0.751281
vt 0.854955 0.781137
vt 0.785311 0.767850
vt 0.695290 0.529879
vt 0.876970 0.799856
vt 0.497158 0.363773
vt 0.496730 0.389772
vt 0.456348 0.382237
vt 0.975691 0.278352
vt 0.944790 0.311787
vt 0.799083 0.136041
vt 0.595769 0.522160
vt 0.628035 0.516971
vt 0.414711 0.333615
vt 0.775210 0.871499
vt 0.764558 0.100528
vt 0.812163 0.104977
vt 0.366017 0.713883
vt 0.486656 0.724776
vt 0.797672 0.769749
vt 0.691115 0.542317
vt 0.744612 0.211974
vt 0.796020 0.175396
vt 0.884703 0.758289
vt 0.351706 0.492049
vt 0.343067 0.716391
vt 0.853874 0.768793
vt 0.419451 0.637066
vt 0.384254 0.341788
vt 0.929052 0.352714
vt 0.301186 0.329873
vt 0.960551 0.882334
vt 0.655733 0.513150
vt 0.672667 0.507941
vt 0.328178 0.527567
vt 0.785161 0.192462
vt 0.396843 0.332861
vt 0.781404 0.760897
vt 0.821649 0.202279
vt 0.687651 0.517915
vt 0.485186 0.758598
vt 0.592170 0.487182
vt 0.940022 0.297082
vt 0.498224 0.817236
vt 0.834249 0.637710
vt 0.792979 0.652083
vt 0.813959 0.633050
vt 0.816688 0.129958
vt 0.826553 0.122056
vt 0.788806 0.752429
vt 0.927319 0.320868
vt 0.826536 0.213031
vt 0.348916 0.695595
vt 0.811648 0.759403
vt 0.828041 0.113158
vt 0.321504 0.340040
vt 0.841623 0.762423
vt 0.924060 0.418758
vt 0.828297 0.108553
vt 0.740685 0.757614
vt 0.707625 0.764021
vt 0.692165 0.764066
vt 0.815331 0.192852
vt 0.677911 0.756225
vt 0.700865 0.741120
vt 0.212782 0.672146
vt 0.240512 0.690899
vt 0.234609 0.700519
vt 0.236997 0.761576
vt 0.228385 0.711172
vt 0.482336 0.850254
vt 0.230842 0.756216
vt 0.803373 0.717665
vt 0.751401 0.913348
vt 0.217799 0.714201
vt 0.223494 0.749960
vt 0.391812 0.306658
vt 0.779087 0.231253
vt 0.726993 0.247330
vt 0.745144 0.229223
vt 0.335835 0.730801
vt 0.418826 0.293279
vt 0.385897 0.313862
vt 0.505093 0.425344
vt 0.450259 0.467149
vt 0.835889 0.107088
vt 0.682983 0.509932
vt 0.391870 0.611302
vt 0.399208 0.606198
vt 0.883135 0.741184
vt 0.847871 0.746358
vt 0.955671 0.408330
vt 0.219443 0.668021
vt 0.877959 0.248553
vt 0.909890 0.267209
vt 0.443792 0.390058
vt 0.446622 0.406461
vt 0.395530 0.484559
vt 0.373680 0.646567
vt 0.489421 0.822116
vt 0.742186 0.874883
vt 0.298473 0.309080
vt 0.187042 0.818545
vt 0.169451 0.799149
vt 0.217701 0.794634
vt 0.829058 0.613183
vt 0.939995 0.293461
vt 0.195046 0.687088
vt 0.124182 0.846605
vt 0.838651 0.594914
vt 0.860368 0.648592
vt 0.317733 0.657050
vt 0.667994 0.467018
vt 0.846741 0.123146
vt 0.206153 0.634354
vt 0.196539 0.760368
vt 0.873708 0.710424
vt 0.837813 0.130930
vt 0.357285 0.639956
vt 0.345241 0.634071
vt 0.360708 0.623422
vt 0.176017 0.649799
vt 0.186808 0.643409
vt 0.197049 0.648992
vt 0.358504 0.299182
vt 0.200418 0.849476
vt 0.195896 0.832784
vt 0.359418 0.524637
vt 0.890815 0.407638
vt 0.878863 0.103035
vt 0.960009 0.813210
vt 0.941167 0.751039
vt 0.957146 0.769538
vt 0.984492 0.764764
vt 0.174516 0.618724
vt 0.182930 0.636550
vt 0.177763 0.641284
vt 0.062140 0.969201
vt 0.061889 0.938416
vt 0.070328 0.955296
vt 0.411296 0.264377
vt 0.315606 0.277666
vt 0.059621 0.727208
vt 0.016415 0.660130
vt 0.080124 0.659348
vt 0.170721 0.643329
vt 0.364610 0.283979
vt 0.357434 0.586158
vt 0.183917 0.632315
vt 0.206982 0.839594
vt 0.192648 0.717065
vt 0.026856 0.536387
vt 0.038482 0.518973
vt 0.047455 0.521792
vt 0.486339 0.907260
vt 0.510746 0.851505
vt 0.476385 0.986457
vt 0.476021 0.852988
vt 0.203743 0.017371
vt 0.141840 0.027983
vt 0.144506 0.020005
vt 0.490532 0.851852
vt 0.141862 0.010096
vt 0.296940 0.273196
vt 0.178786 0.668275
vt 0.165836 0.759254
vt 0.189846 0.732686
vt 0.165409 0.767201
vt 0.023269 0.524902
vt 0.830788 0.224838
vt 0.178822 0.704177
vt 0.174239 0.712000
vt 0.175393 0.738189
vt 0.341359 0.261785
vt 0.831810 0.688862
vt 0.836132 0.682334
vt 0.855511 0.687889
vt 0.359398 0.550454
vt 0.629294 0.450970
vt 0.401626 0.501667
vt 0.165336 0.647330
vt 0.163727 0.634235
vt 0.170395 0.636487
vt 0.046368 0.499869
vt 0.354343 0.262488
vt 0.043150 0.471852
vt 0.065427 0.462675
vt 0.041398 0.485765
vt 0.032428 0.464221
vt 0.436074 0.406208
vt 0.171812 0.682217
vt 0.064069 0.499076
vt 0.025061 0.460364
vt 0.842413 0.167614
vt 0.181501 0.697058
vt 0.387790 0.271593
vt 0.859280 0.694880
vt 0.522161 0.469296
vt 0.838170 0.200580
vt 0.088620 0.969387
vt 0.155511 0.656066
vt 0.166266 0.748256
vt 0.564148 0.402432
vt 0.603750 0.462776
vt 0.170688 0.721461
vt 0.866795 0.601882
vt 0.342490 0.632167
vt 0.025228 0.994900
vt 0.427004 0.405931
vt 0.427849 0.387325
vt 0.435651 0.216121
vt 0.433176 0.200361
vt 0.443270 0.229864
vt 0.148813 0.921712
vt 0.129949 0.887911
vt 0.346584 0.244892
vt 0.857480 0.654234
vt 0.231709 0.828336
vt 0.856699 0.229729
vt 0.141621 0.746691
vt 0.124400 0.891678
vt 0.157986 0.888102
vt 0.848960 0.575145
vt 0.871882 0.172034
vt 0.854462 0.664122
vt 0.144764 0.707539
vt 0.166389 0.782944
vt 0.432038 0.217507
vt 0.432249 0.216198
vt 0.432191 0.218563
vt 0.432307 0.216787
vt 0.431764 0.215272
vt 0.431480 0.216525
vt 0.431280 0.215781
vt 0.433731 0.223907
vt 0.163677 0.965888
vt 0.135945 0.928278
vt 0.182303 0.892427
vt 0.096995 0.505164
vt 0.856783 0.671267
vt 0.857764 0.668312
vt 0.858856 0.662937
vt 0.859124 0.665312
vt 0.431160 0.218791
vt 0.141995 0.729043
vt 0.134320 0.729337
vt 0.859384 0.668883
vt 0.443462 0.244113
vt 0.109209 0.681695
vt 0.105245 0.750258
vt 0.869656 0.206170
vt 0.333844 0.201327
vt 0.862368 0.665428
vt 0.079411 0.728100
vt 0.157505 0.694456
vt 0.160470 0.510109
vt 0.151760 0.550620
vt 0.148243 0.516131
vt 0.873373 0.168789
vt 0.604388 0.457243
vt 0.623233 0.445238
vt 0.976628 0.667546
vt 0.964940 0.677545
vt 0.956733 0.674697
vt 0.985052 0.637442
vt 0.986311 0.650522
vt 0.107346 0.551273
vt 0.111755 0.534196
vt 0.395219 0.204644
vt 0.451698 0.278035
vt 0.448951 0.312013
vt 0.978826 0.665328
vt 0.983130 0.667466
vt 0.132401 0.514034
vt 0.298533 0.080625
vt 0.280954 0.050360
vt 0.283905 0.044198
vt 0.116532 0.984807
vt 0.127418 0.750682
vt 0.121053 0.435971
vt 0.412695 0.208915
vt 0.970475 0.674960
vt 0.006457 0.461457
vt 0.005000 0.456278
vt 0.011873 0.453095
vt 0.979332 0.672431
vt 0.010765 0.459665
vt 0.605610 0.449638
vt 0.124467 0.724567
vt 0.439990 0.312928
vt 0.968499 0.677168
vt 0.980043 0.674176
vt 0.989594 0.676059
vt 0.011496 0.461331
vt 0.286158 0.066903
vt 0.119586 0.992950
vt 0.417050 0.206150
vt 0.464529 0.281948
vt 0.986371 0.678292
vt 0.979465 0.674592
vt 0.183840 0.948538
vt 0.179716 0.505281
vt 0.458557 0.255799
vt 0.465691 0.254677
vt 0.464462 0.271622
vt 0.205155 0.926780
vt 0.191079 0.894270
vt 0.799432 0.253712
vt 0.863709 0.230416
vt 0.807976 0.291407
vt 0.121936 0.663194
vt 0.136375 0.700060
vt 0.457218 0.255775
vt 0.475645 0.266533
vt 0.196598 0.544629
vt 0.647966 0.435686
vt 0.240558 0.858267
vt 0.612671 0.442324
vt 0.107532 0.797800
vt 0.236677 0.866538
vt 0.461750 0.292399
vt 0.448164 0.247001
vt 0.605072 0.433686
vt 0.203849 0.931498
vt 0.848187 0.522492
vt 0.859679 0.522111
vt 0.773764 0.258491
vt 0.193594 0.497704
vt 0.316693 0.952888
vt 0.277435 0.987268
vt 0.260886 0.971853
vt 0.402765 0.456783
vt 0.169495 0.964105
vt 0.200717 0.936575
vt 0.292930 0.038781
vt 0.320536 0.102379
vt 0.213073 0.902342
vt 0.194748 0.990463
vt 0.908338 0.174659
vt 0.699348 0.404099
vt 0.282505 0.079298
vt 0.488408 0.268672
vt 0.491083 0.248473
vt 0.890838 0.536589
vt 0.546280 0.278643
vt 0.471701 0.483572
vt 0.314744 0.100567
vt 0.108123 0.084007
vt 0.094279 0.066813
vt 0.224732 0.067122
vt 0.864589 0.283362
vt 0.605723 0.426191
vt 0.606027 0.425924
vt 0.006064 0.657107
vt 0.006872 0.654848
vt 0.007483 0.655630
vt 0.010317 0.658728
vt 0.009565 0.667308
vt 0.009581 0.658117
vt 0.009868 0.657735
vt 0.008744 0.657784
vt 0.007803 0.655883
vt 0.606546 0.425876
vt 0.008502 0.657102
vt 0.280275 0.078110
vt 0.280711 0.077461
vt 0.279692 0.079177
vt 0.358257 0.094999
vt 0.331960 0.099508
vt 0.495259 0.271886
vt 0.255611 0.901242
vt 0.521546 0.131962
vt 0.244328 0.072878
vt 0.250869 0.073092
vt 0.290586 0.121031
vt 0.297477 0.110808
vt 0.606799 0.425276
vt 0.285520 0.088180
vt 0.112374 0.660022
vt 0.564440 0.474004
vt 0.575181 0.488530
vt 0.121316 0.496380
vt 0.264130 0.905586
vt 0.132182 0.442167
vt 0.095046 0.517235
vt 0.559266 0.248539
vt 0.291538 0.097185
vt 0.184847 0.604718
vt 0.191353 0.616531
vt 0.168949 0.609789
vt 0.330578 0.865832
vt 0.322627 0.837524
vt 0.340639 0.860174
vt 0.211876 0.082643
vt 0.847790 0.472596
vt 0.857182 0.461084
vt 0.871090 0.505235
vt 0.872192 0.515510
vt 0.185021 0.575989
vt 0.198037 0.556997
vt 0.159223 0.616106
vt 0.175393 0.589047
vt 0.216001 0.514776
vt 0.198021 0.445975
vt 0.145533 0.553454
vt 0.120916 0.461527
vt 0.130952 0.588582
vt 0.125364 0.593239
vt 0.139249 0.570317
vt 0.209176 0.410943
vt 0.138951 0.562417
vt 0.178296 0.381065
vt 0.098600 0.568923
vt 0.209630 0.449113
vt 0.208065 0.433856
vt 0.099849 0.560989
vt 0.133927 0.405895
vt 0.133847 0.386400
vt 0.246601 0.432274
vt 0.541847 0.281906
vt 0.198156 0.955930
vt 0.467186 0.505453
vt 0.912613 0.336999
vt 0.923570 0.323431
vt 0.912389 0.351898
vt 0.305498 0.099795
vt 0.208100 0.090714
vt 0.097441 0.404998
vt 0.302527 0.099981
vt 0.092216 0.578177
vt 0.298167 0.910239
vt 0.862437 0.296096
vt 0.905863 0.268304
vt 0.302599 0.904285
vt 0.234352 0.090697
vt 0.273998 0.118405
vt 0.296959 0.099466
vt 0.297297 0.101306
vt 0.305323 0.101558
vt 0.940912 0.415725
vt 0.144100 0.096327
vt 0.149485 0.100870
vt 0.928781 0.423794
vt 0.881689 0.493063
vt 0.911199 0.288877
vt 0.868959 0.340752
vt 0.301804 0.951074
vt 0.907942 0.206905
vt 0.959921 0.410795
vt 0.979856 0.383574
vt 0.983549 0.447194
vt 0.177184 0.110882
vt 0.307032 0.936082
vt 0.952258 0.413053
vt 0.102154 0.395123
vt 0.341557 0.868891
vt 0.330346 0.925232
vt 0.918983 0.423129
vt 0.697980 0.115831
vt 0.743535 0.182954
vt 0.725200 0.180367
vt 0.109669 0.092721
vt 0.133964 0.101824
vt 0.113859 0.100178
vt 0.209468 0.115149
vt 0.265133 0.134672
vt 0.386643 0.867802
vt 0.139975 0.112492
vt 0.959537 0.437303
vt 0.215107 0.120870
vt 0.532536 0.521993
vt 0.389859 0.873289
vt 0.114634 0.113445
vt 0.545985 0.513538
vt 0.632716 0.060847
vt 0.876525 0.361069
vt 0.388007 0.961063
vt 0.197255 0.603514
vt 0.357387 0.886671
vt 0.949969 0.436566
vt 0.109569 0.119035
vt 0.247866 0.933886
vt 0.564834 0.514657
vt 0.706873 0.157297
vt 0.864650 0.320660
vt 0.324266 0.934937
vt 0.379023 0.874308
vt 0.720950 0.181972
vt 0.717193 0.184597
vt 0.706276 0.171988
vt 0.704983 0.161358
vt 0.884023 0.483827
vt 0.884668 0.499563
vt 0.523010 0.539990
vt 0.493466 0.052911
vt 0.414133 0.852749
vt 0.832404 0.335576
vt 0.789060 0.308170
vt 0.211049 0.608446
vt 0.390968 0.198744
vt 0.365592 0.236126
vt 0.368931 0.178486
vt 0.953012 0.454640
vt 0.953678 0.802870
vt 0.943359 0.814543
vt 0.928038 0.764051
vt 0.369159 0.930684
vt 0.107055 0.126484
vt 0.257196 0.963184
vt 0.526409 0.042831
vt 0.966220 0.463785
vt 0.412704 0.197807
vt 0.913704 0.509314
vt 0.481500 0.074707
vt 0.932022 0.749591
vt 0.895907 0.442538
vt 0.853253 0.367091
vt 0.448009 0.522859
vt 0.915536 0.772085
vt 0.181422 0.129963
vt 0.107615 0.131006
vt 0.411553 0.169909
vt 0.354954 0.117439
vt 0.792759 0.321098
vt 0.132659 0.146849
vt 0.416397 0.183954
vt 0.377300 0.937098
vt 0.424937 0.171181
vt 0.410197 0.862786
vt 0.293419 0.942436
vt 0.182148 0.148045
vt 0.392802 0.106085
vt 0.883899 0.734390
vt 0.394513 0.084559
vt 0.429845 0.164234
vt 0.666644 0.156528
vt 0.910535 0.177581
vt 0.928086 0.144563
vt 0.980187 0.178325
vt 0.136172 0.162470
vt 0.432615 0.159578
vt 0.418329 0.121811
vt 0.528273 0.557210
vt 0.449675 0.208394
vt 0.478283 0.160291
vt 0.437877 0.154754
vt 0.574233 0.588806
vt 0.649495 0.148892
vt 0.581784 0.143090
vt 0.656341 0.141595
vt 0.471625 0.764709
vt 0.467003 0.756941
vt 0.490608 0.700347
vt 0.400252 0.084636
vt 0.952226 0.744854
vt 0.666056 0.143661
vt 0.454611 0.691233
vt 0.473133 0.686937
vt 0.478902 0.698053
vt 0.407269 0.920822
vt 0.438758 0.137046
vt 0.440048 0.125838
vt 0.435472 0.117308
vt 0.895875 0.005519
vt 0.935289 0.009123
vt 0.898127 0.022822
vt 0.465347 0.669112
vt 0.450626 0.126233
vt 0.450604 0.631548
vt 0.460656 0.594761
vt 0.465804 0.622794
vt 0.461175 0.658745
vt 0.477063 0.655103
vt 0.470622 0.643520
vt 0.890578 0.018094
vt 0.443129 0.112798
vt 0.450714 0.581546
vt 0.424873 0.569267
vt 0.438061 0.542531
vt 0.398316 0.949391
vt 0.953295 0.141995
vt 0.436180 0.933452
vt 0.885872 0.015759
vt 0.461439 0.639754
vt 0.484932 0.634967
vt 0.461577 0.587284
vt 0.469330 0.572187
vt 0.466072 0.604995
vt 0.883464 0.023805
vt 0.885929 0.026148
vt 0.896068 0.029381
vt 0.873055 0.011674
vt 0.863208 0.024326
vt 0.860461 0.028269
vt 0.963473 0.717678
vt 0.986016 0.732691
vt 0.962386 0.723476
vt 0.974266 0.717682
vt 0.488255 0.692005
vt 0.965166 0.680868
vt 0.403086 0.954038
vt 0.470782 0.583071
vt 0.975050 0.714235
vt 0.968877 0.712700
vt 0.845250 0.050257
vt 0.853216 0.041689
vt 0.844703 0.064563
vt 0.903801 0.053310
vt 0.513598 0.607395
vt 0.052903 0.657590
vt 0.030589 0.635911
vt 0.058094 0.656269
vt 0.964511 0.146852
vt 0.961481 0.141370
vt 0.964081 0.134141
vt 0.963493 0.138462
vt 0.963642 0.142309
vt 0.972591 0.132299
vt 0.971216 0.128526
vt 0.969079 0.147015
vt 0.842550 0.037292
vt 0.846012 0.044217
vt 0.836614 0.054664
vt 0.827941 0.066578
vt 0.832876 0.056921
vt 0.506347 0.618564
vt 0.847403 0.045574
vt 0.496607 0.620825
vt 0.794545 0.088054
vt 0.870490 0.089555
vt 0.045421 0.654633
vt 0.375790 0.099503
vt 0.363341 0.101873
vt 0.359031 0.088554
vt 0.040450 0.653744
vt 0.389188 0.980167
vt 0.365888 0.109474
vt 0.374767 0.107818
vt 0.764768 0.074378
vt 0.765404 0.067792
vt 0.780728 0.079169
vt 0.774444 0.068566
vt 0.787111 0.076561
vt 0.770733 0.081253
vt 0.789641 0.086899
vt 0.766108 0.098250
vt 0.764497 0.091458
vt 0.529721 0.595930
vt 0.425624 0.967495
vt 0.375076 0.082259
vt 0.519165 0.599844
vt 0.029919 0.651909
vt 0.974217 0.558648
vt 0.983116 0.551782
vt 0.985003 0.565129
vt 0.961860 0.902412
vt 0.956343 0.894833
vt 0.988507 0.900289
vt 0.972499 0.922448
vt 0.968253 0.931072
vt 0.966072 0.921207
vt 0.969536 0.911651
vt 0.976999 0.922733
vt 0.985401 0.919371
vt 0.980474 0.931552
vt 0.971468 0.941023
vt 0.977202 0.936044
vt 0.979918 0.942141
vt 0.985371 0.941801
vt 0.986689 0.938427
vt 0.519659 0.614887
vt 0.026686 0.648706
vt 0.970217 0.561892
vt 0.979224 0.570813
vt 0.983141 0.912666
vt 0.956837 0.551477
vt 0.967727 0.560060
vt 0.981418 0.576771
vt 0.775174 0.099106
vt 0.867879 0.098211
vt 0.467538 0.990556
vt 0.966452 0.481436
vt 0.961901 0.473585
vt 0.965200 0.469872
vt 0.977219 0.460563
vt 0.970618 0.475207
vt 0.981790 0.453638
vt 0.980322 0.468080
vt 0.988506 0.587415
vt 0.979631 0.496327
vt 0.953953 0.478010
vt 0.443944 0.961186
vt 0.453228 0.955633
vt 0.452800 0.963800
vt 0.963416 0.579903
vt 0.995000 0.690472
vt 0.994123 0.708145
vt 0.981812 0.711351
vt 0.969134 0.585680
vt 0.972174 0.710569
vt 0.974211 0.689420
vt 0.962778 0.588692
vt 0.976700 0.684664
vt 0.968550 0.685984
vt 0.970975 0.680469
vt 0.959226 0.587876
vt 0.986944 0.466721
vt 0.957424 0.599732
vt 0.987945 0.450833
s 0
f 1/1/1 4/2/1 2/3/1
f 3/4/2 1/5/2 2/6/2
f 1/1/3 3/7/3 4/2/3
f 3/4/4 2/6/4 4/8/4
f 6/9/5 5/10/5 7/11/5
f 5/12/6 6/13/6 8/14/6
f 6/9/7 7/11/7 8/15/7
f 7/16/8 5/12/8 8/14/8
f 9/17/9 11/18/9 10/19/9
f 10/19/10 11/18/10 16/20/10
s 1
f 11/18/11 9/17/12 17/21/13
s 0
f 14/22/14 9/23/14 13/24/14
s 1
f 16/20/15 11/18/16 17/21/17
s 0
f 9/23/18 10/25/18 13/24/18
s 1
f 17/21/13 9/17/12 14/26/19
f 18/27/20 17/21/13 14/26/19
f 16/20/21 20/28/22 10/19/23
f 20/28/24 16/20/15 17/21/17
f 13/24/25 10/25/23 20/29/22
f 19/30/26 20/28/27 17/21/28
f 19/30/26 17/21/28 18/27/29
f 18/31/30 14/22/31 13/24/32
f 18/31/30 13/24/32 19/32/33
s 0
f 13/24/34 20/29/34 19/32/34
f 24/33/35 22/34/35 21/35/35
f 21/35/36 28/36/36 24/33/36
s 1
f 22/34/37 26/37/38 25/38/39
f 25/38/39 26/37/38 31/39/40
s 0
f 28/40/41 21/41/41 29/42/41
f 29/42/42 21/41/42 22/43/42
f 30/44/43 22/43/43 25/45/43
f 24/46/44 28/40/44 29/42/44
f 26/37/45 22/34/45 24/33/45
f 25/45/46 31/47/46 30/44/46
f 29/42/47 22/43/47 30/44/47
s 1
f 24/46/48 29/42/49 26/48/50
f 26/48/50 29/42/49 30/44/51
s 0
f 31/47/52 26/48/52 30/44/52
s 1
f 223/49/53 38/50/54 297/51/55
f 49/52/56 41/53/57 43/54/58
s 0
f 43/54/59 44/55/59 45/56/59
s 1
f 43/54/58 41/53/60 44/55/61
f 48/57/62 44/55/63 47/58/64
f 45/56/65 44/55/66 48/57/67
f 49/52/56 50/59/68 46/60/69
s 0
f 41/53/70 47/58/70 44/55/70
s 1
f 41/53/57 49/52/56 46/60/69
f 47/58/71 518/61/72 48/57/73
f 563/62/74 49/52/56 43/54/58
f 52/63/75 677/64/76 691/65/77
s 0
f 706/66/78 53/67/78 785/68/78
f 785/69/79 53/70/79 737/71/79
f 53/67/80 706/66/80 54/72/80
f 706/66/81 737/71/81 54/72/81
f 737/73/82 53/74/82 771/75/82
s 1
f 64/76/83 62/77/84 65/78/85
s 0
f 63/79/86 62/77/86 64/76/86
s 1
f 64/76/83 65/78/85 961/80/87
s 0
f 65/78/88 62/77/88 894/81/88
s 1
f 805/82/89 62/77/90 63/79/91
f 61/83/92 65/78/93 70/84/94
f 65/78/85 61/83/95 961/80/87
f 65/78/93 67/85/96 70/84/94
s 0
f 67/85/97 65/78/97 68/86/97
f 805/82/98 63/79/98 64/76/98
s 1
f 78/87/99 889/88/100 903/89/101
f 82/90/102 784/91/103 84/92/104
s 0
f 83/93/105 82/94/105 84/95/105
s 1
f 85/96/106 83/93/107 84/95/108
s 0
f 82/94/109 83/93/109 803/97/109
s 1
f 804/98/110 84/92/111 784/91/103
f 82/94/112 89/99/113 88/100/114
s 0
f 86/101/115 84/92/115 804/98/115
f 84/95/116 86/102/116 85/96/116
s 1
f 800/103/117 784/91/103 81/104/118
s 0
f 82/94/119 88/100/119 784/105/119
s 1
f 83/93/120 85/96/106 803/97/121
f 800/103/117 81/104/118 779/106/122
f 106/107/123 99/108/124 107/109/125
f 107/109/125 100/110/126 106/107/123
f 107/109/125 99/108/124 102/111/127
f 99/108/128 106/107/129 111/112/130
f 100/110/131 111/112/132 106/107/133
f 100/110/131 109/113/134 111/112/132
f 107/109/125 102/111/127 104/114/135
f 102/111/127 99/108/124 105/115/136
s 0
f 109/113/137 100/110/137 107/109/137
s 1
f 594/116/138 117/117/139 595/118/140
f 121/119/141 120/120/142 123/121/143
f 123/122/143 125/123/144 121/124/141
s 0
f 120/120/145 121/119/145 126/125/145
f 127/126/146 125/123/146 129/127/146
f 127/126/147 121/124/147 125/123/147
f 130/128/148 126/125/148 121/119/148
s 1
f 130/129/149 121/124/149 127/126/149
f 131/130/150 120/120/151 126/125/152
s 0
f 125/123/153 123/122/153 129/127/153
f 123/121/154 120/120/154 131/130/154
s 1
f 126/125/152 130/128/155 131/130/150
f 123/121/156 131/130/157 129/131/158
s 0
f 127/126/159 129/127/159 132/132/159
f 131/130/160 130/128/160 132/133/160
f 553/134/161 131/130/161 132/133/161
s 1
f 129/131/158 131/130/157 133/135/162
s 0
f 132/132/163 130/129/163 127/126/163
f 129/127/164 133/136/164 132/132/164
f 553/134/165 133/135/165 131/130/165
f 553/137/166 134/138/166 135/139/166
s 1
f 145/140/167 138/141/168 140/142/169
s 0
f 139/143/170 138/141/170 141/144/170
s 1
f 142/145/171 139/143/172 141/144/173
f 140/142/169 138/141/174 139/143/175
f 139/143/172 142/145/171 466/146/176
f 466/146/176 142/145/171 471/147/177
f 145/140/167 140/142/169 147/148/178
s 0
f 466/146/179 140/142/179 139/143/179
s 1
f 141/144/180 138/141/181 505/149/182
s 0
f 141/144/183 146/150/183 142/145/183
s 1
f 138/141/181 145/140/184 505/149/182
f 147/151/185 140/152/186 466/153/187
f 471/147/177 142/145/171 150/154/188
f 147/151/185 466/153/189 148/155/190
s 0
f 459/156/191 152/157/191 156/158/191
f 157/159/192 459/156/192 156/158/192
s 1
f 163/160/193 162/161/194 161/162/195
s 0
f 161/162/196 162/161/196 165/163/196
s 1
f 172/164/197 163/160/193 161/162/195
f 164/165/198 165/163/199 162/161/200
f 164/165/201 162/161/200 169/166/202
f 166/167/203 430/168/204 162/169/200
s 0
f 172/164/205 161/162/205 165/163/205
f 166/167/206 162/169/206 163/170/206
f 166/167/207 163/170/207 170/171/207
s 1
f 169/172/202 162/169/200 430/168/204
f 430/168/204 166/167/203 432/173/208
s 0
f 182/174/209 179/175/209 184/176/209
s 1
f 335/177/210 179/175/211 182/174/212
f 337/178/213 184/179/214 185/180/215
s 0
f 185/180/216 184/179/216 188/181/216
s 1
f 355/182/217 184/176/218 179/175/211
f 182/174/219 184/176/214 190/183/220
f 337/178/221 185/180/215 189/184/222
f 188/185/223 184/176/224 355/182/225
f 190/186/220 184/179/214 337/178/213
f 179/175/211 335/177/210 355/182/217
s 0
f 360/187/226 182/174/226 190/183/226
s 1
f 188/185/223 355/182/225 381/188/227
f 335/177/228 182/174/229 360/187/230
f 191/189/231 192/190/231 195/191/231
f 327/192/232 191/189/233 197/193/234
f 192/194/235 193/195/236 323/196/237
f 193/195/238 192/194/239 346/197/240
f 191/189/233 327/192/232 192/190/241
f 195/191/242 192/190/235 323/198/237
f 193/195/236 330/199/243 194/200/244
f 193/195/236 194/200/244 323/196/237
s 0
f 197/193/245 191/189/245 195/191/245
s 1
f 330/199/243 193/195/236 196/201/246
f 346/202/240 192/190/239 327/192/247
f 194/200/244 330/199/243 198/203/248
f 213/204/249 208/205/250 212/206/251
f 209/207/252 208/205/250 215/208/253
f 209/207/252 210/209/254 212/206/255
f 209/207/252 212/206/255 208/205/250
f 210/209/254 211/210/256 214/211/257
s 0
f 211/210/258 210/209/258 209/207/258
s 1
f 212/206/255 210/209/254 217/212/259
f 214/211/257 211/210/256 219/213/260
f 206/214/261 213/204/249 212/206/251
f 219/213/260 211/210/256 209/207/252
s 0
f 212/206/262 207/215/262 206/214/262
s 1
f 234/216/263 207/215/264 218/217/265
f 209/207/252 215/208/253 219/213/260
f 215/208/253 208/205/250 213/204/249
f 220/218/266 218/217/267 232/219/268
f 212/206/255 217/212/259 221/220/269
s 0
f 207/215/270 212/206/270 233/221/270
s 1
f 212/206/255 221/220/269 222/222/271
f 221/220/272 217/212/259 222/223/273
f 222/223/273 217/212/259 237/224/274
f 218/217/275 207/215/264 226/225/276
s 0
f 233/221/277 227/226/277 207/215/277
s 1
f 212/206/255 222/222/271 224/227/278
f 224/227/278 222/223/273 237/224/274
s 0
f 206/214/279 207/215/279 234/216/279
s 1
f 218/217/267 220/218/266 234/216/280
f 224/227/278 237/224/274 212/206/255
f 237/224/274 217/212/259 225/228/281
f 217/212/259 210/209/254 225/228/281
f 210/209/254 214/211/257 225/228/281
f 239/229/282 237/224/274 225/228/281
f 219/213/260 228/230/283 214/211/257
f 226/225/284 227/226/285 236/231/286
s 0
f 233/221/287 212/206/287 237/224/287
s 1
f 228/230/283 219/213/260 215/208/253
f 226/225/276 207/215/264 227/226/288
s 0
f 218/217/289 226/225/289 232/219/289
s 1
f 226/225/290 236/231/286 292/232/291
f 214/211/257 228/230/283 225/228/281
f 239/229/282 228/230/283 215/208/253
f 220/218/292 232/219/293 231/233/294
f 276/234/295 292/235/296 258/236/297
s 0
f 258/237/298 205/238/298 245/239/298
f 205/238/299 276/240/299 245/239/299
s 1
f 258/236/300 244/241/301 276/234/302
s 0
f 245/242/303 276/234/303 244/241/303
s 1
f 244/241/301 258/236/300 246/243/304
s 0
f 258/236/305 245/244/305 246/243/305
f 244/241/306 248/245/306 247/246/306
f 248/245/307 244/241/307 246/243/307
f 244/241/308 247/246/308 245/242/308
f 246/243/309 245/244/309 249/247/309
f 245/242/310 247/246/310 249/248/310
s 1
f 246/243/311 249/247/312 248/245/313
f 250/249/314 248/245/313 249/247/312
f 249/250/315 276/240/316 205/238/317
s 0
f 248/245/318 250/249/318 247/246/318
s 1
f 258/251/319 292/232/320 236/231/321
f 225/228/281 228/230/283 239/229/282
f 249/252/315 247/253/322 276/254/316
f 254/255/323 253/256/324 255/257/325
f 254/258/326 205/259/327 253/260/328
s 0
f 255/257/329 252/261/329 254/255/329
s 1
f 255/262/325 253/263/324 256/264/330
s 0
f 256/264/331 253/263/331 257/265/331
f 253/260/332 252/261/332 257/266/332
f 257/266/333 252/261/333 255/257/333
f 256/264/334 257/265/334 258/237/334
f 260/267/335 257/268/335 255/269/335
s 1
f 255/262/336 256/264/337 258/237/338
f 239/229/282 215/208/253 213/204/249
f 259/270/339 213/204/249 206/214/261
s 0
f 304/271/340 220/218/340 231/233/340
s 1
f 231/233/294 232/219/293 306/272/341
s 0
f 205/238/342 258/237/342 257/265/342
s 1
f 260/267/343 255/269/344 258/273/345
f 286/274/346 258/275/319 236/276/321
f 239/229/282 213/204/249 259/270/339
f 251/277/347 234/216/348 220/218/349
f 231/278/350 306/279/351 261/280/352
s 0
f 252/261/353 253/260/353 205/259/353
f 257/268/354 260/267/354 205/281/354
s 1
f 232/282/293 267/283/355 306/284/341
f 267/285/356 263/286/357 266/287/358
f 264/288/359 262/289/360 263/290/361
s 0
f 264/288/362 263/290/362 265/291/362
s 1
f 263/290/357 262/289/363 266/292/358
s 0
f 268/293/364 264/288/364 265/291/364
f 266/292/365 262/289/365 265/294/365
f 262/289/366 268/295/366 265/294/366
s 1
f 247/253/322 250/296/367 203/297/368
s 0
f 250/298/369 249/250/369 205/238/369
s 1
f 260/267/370 258/273/319 286/299/346
s 0
f 279/300/371 286/274/371 236/276/371
s 1
f 220/218/372 304/271/373 269/301/374
f 267/302/356 266/303/358 268/304/375
f 265/305/376 263/286/377 267/285/378
f 277/306/379 276/254/316 247/253/322
s 0
f 233/221/380 237/224/380 227/226/380
s 1
f 251/277/347 220/218/349 269/301/381
f 278/307/382 265/305/376 267/285/378
f 278/307/383 267/285/355 232/308/293
s 0
f 232/219/384 226/225/384 292/232/384
f 271/309/385 272/310/385 277/311/385
s 1
f 274/312/386 273/313/387 270/314/388
f 274/315/389 271/309/390 277/311/391
s 0
f 270/314/392 273/313/392 277/316/392
s 1
f 274/312/386 270/314/388 271/317/393
f 275/318/394 274/319/389 277/320/391
s 0
f 277/316/395 273/313/395 275/321/395
s 1
f 273/313/396 276/234/397 275/321/398
s 0
f 276/234/399 273/313/399 274/312/399
s 1
f 277/306/379 247/253/322 203/297/368
f 205/281/400 260/267/401 252/322/402
s 0
f 266/303/403 265/305/403 278/307/403
s 1
f 204/323/404 205/238/327 254/324/326
s 0
f 287/325/405 227/226/405 237/224/405
s 1
f 269/301/406 304/271/373 290/326/407
s 0
f 278/307/408 268/304/408 266/303/408
f 292/235/409 276/234/409 274/312/409
f 274/319/410 275/318/410 272/327/410
s 1
f 275/318/398 276/328/397 272/327/411
f 203/329/368 250/298/367 204/323/412
f 250/298/367 205/238/413 204/323/412
s 0
f 252/330/414 204/323/414 254/324/414
s 1
f 260/267/370 286/299/346 252/322/402
s 0
f 259/270/415 206/214/415 280/331/415
f 292/332/416 274/319/416 272/327/416
f 281/333/417 283/334/417 202/335/417
f 202/335/418 285/336/418 281/333/418
f 283/337/419 282/338/419 284/339/419
s 1
f 282/340/420 283/334/421 281/333/422
s 0
f 286/341/423 285/336/423 202/335/423
f 286/341/424 202/335/424 282/342/424
s 1
f 286/343/425 282/340/420 281/333/422
s 0
f 286/343/426 281/333/426 288/344/426
f 281/345/427 285/346/427 279/300/427
f 279/300/428 285/346/428 286/274/428
f 287/325/429 237/224/429 239/229/429
f 206/214/430 234/216/430 280/331/430
s 1
f 267/283/355 268/295/431 306/284/341
f 203/347/432 268/304/433 278/307/383
f 288/348/434 252/322/402 286/299/346
s 0
f 268/304/435 203/347/435 264/349/435
s 1
f 278/307/383 232/308/293 292/332/436
f 276/254/316 277/306/379 272/350/437
f 234/216/438 251/277/439 280/331/440
s 0
f 281/345/441 279/300/441 288/351/441
s 1
f 293/352/442 227/226/442 287/325/443
f 294/353/444 277/306/445 203/297/446
f 282/354/447 288/351/434 279/300/448
f 251/277/449 269/301/450 290/326/451
s 0
f 294/355/452 271/317/452 270/314/452
f 294/355/453 270/314/453 277/316/453
f 252/330/454 202/356/454 204/323/454
f 202/357/455 252/322/455 282/358/455
s 1
f 282/358/447 252/322/402 288/348/434
f 236/231/456 227/226/457 293/352/458
f 204/323/459 279/359/448 236/360/460
f 203/347/432 278/307/383 292/332/436
s 0
f 272/310/461 271/309/461 294/353/461
s 1
f 203/329/462 204/323/463 295/361/464
s 0
f 283/337/465 284/339/465 202/356/465
f 259/270/466 280/331/466 239/229/466
f 287/325/467 239/229/467 280/331/467
s 1
f 262/362/468 264/349/469 203/347/470
s 0
f 204/323/471 202/356/471 284/339/471
s 1
f 293/352/472 287/325/473 310/363/474
f 304/271/373 303/364/475 290/326/407
s 0
f 304/271/476 231/233/476 300/365/476
s 1
f 204/323/459 282/338/447 279/359/448
f 268/295/431 262/289/477 306/284/341
s 0
f 203/347/478 292/332/478 272/327/478
s 1
f 272/310/479 294/353/444 203/297/446
f 204/366/480 236/231/481 201/367/482
f 236/231/456 293/352/458 201/367/483
f 300/365/484 231/233/485 261/368/352
s 0
f 284/339/486 282/338/486 204/323/486
s 1
f 303/364/487 251/277/449 290/326/451
f 287/325/488 280/331/440 251/277/439
s 0
f 306/284/489 262/289/489 203/369/489
s 1
f 293/352/490 310/363/491 201/367/492
f 312/370/493 201/367/482 316/371/494
f 251/277/449 303/364/487 287/325/495
f 304/372/496 315/373/497 325/374/498
f 204/366/480 201/367/482 178/375/499
f 261/280/352 306/279/351 319/376/500
f 310/363/501 287/325/502 303/364/503
f 322/377/504 261/280/352 319/376/500
f 201/367/492 310/363/491 316/371/505
f 310/363/501 303/364/503 316/371/506
f 306/378/507 203/379/508 309/380/509
f 309/380/510 203/379/462 329/381/511
f 327/382/512 197/383/513 319/384/514
f 201/367/482 312/370/493 178/375/499
f 196/201/246 199/385/515 330/199/243
f 319/376/514 197/386/513 322/377/516
s 0
f 199/385/517 196/201/517 326/387/517
f 178/388/518 312/389/518 317/390/518
s 1
f 315/373/497 321/391/519 325/374/498
f 320/392/520 317/390/521 336/393/522
f 317/390/521 312/389/523 336/393/522
s 0
f 300/394/524 261/280/524 322/377/524
s 1
f 194/395/525 198/396/526 332/397/527
f 325/398/528 303/364/475 304/271/373
f 321/391/529 315/373/530 345/399/531
f 392/400/532 332/397/527 198/396/526
f 315/373/497 304/372/496 300/401/533
f 331/402/534 300/403/535 407/404/536
f 322/377/516 197/386/513 342/405/537
f 185/180/538 188/181/539 381/406/540
s 0
f 195/191/541 323/198/541 342/407/541
s 1
f 204/408/542 178/409/543 295/410/544
f 335/177/545 322/411/516 355/182/546
s 0
f 197/193/547 195/191/547 342/407/547
f 329/381/548 338/412/548 309/380/548
s 1
f 203/379/462 295/410/464 329/381/511
s 0
f 350/413/549 334/414/549 333/415/549
s 1
f 346/416/550 327/382/512 319/384/514
s 0
f 353/417/551 357/418/551 333/415/551
f 350/413/552 333/415/552 352/419/552
s 1
f 321/391/529 345/399/531 347/420/553
f 407/404/536 300/403/535 322/421/554
f 355/422/546 322/423/516 332/424/555
f 196/201/556 193/195/557 346/197/558
f 325/398/559 316/371/494 303/364/560
s 0
f 333/415/561 334/414/561 353/417/561
s 1
f 363/425/562 333/415/563 357/418/564
f 333/415/563 363/425/562 352/419/565
f 353/417/566 320/392/567 391/426/568
f 178/409/543 362/427/569 295/410/544
f 320/392/567 353/417/570 390/428/571
f 306/429/351 393/430/572 319/384/500
f 325/398/559 312/370/493 316/371/494
s 0
f 189/184/573 340/431/573 365/432/573
s 1
f 322/377/516 342/405/537 332/433/555
f 353/417/570 354/434/574 390/428/571
s 0
f 352/419/575 334/414/575 350/413/575
s 1
f 315/373/576 300/401/533 331/435/577
s 0
f 337/178/578 189/184/578 365/432/578
s 1
f 326/387/579 196/201/556 346/197/558
f 342/407/580 323/198/581 194/395/582
f 354/434/583 334/414/584 352/419/585
f 358/436/586 345/399/531 315/373/530
f 335/177/228 360/187/230 373/437/587
f 329/381/588 295/410/589 348/438/590
f 345/399/531 358/436/586 359/439/591
f 358/436/586 315/373/530 359/440/591
f 315/373/530 331/435/592 359/440/591
s 0
f 340/431/593 189/184/593 185/180/593
f 334/414/594 354/434/594 353/417/594
f 364/441/595 352/419/595 363/425/595
s 1
f 353/417/596 391/426/597 357/418/598
s 0
f 377/442/599 400/443/599 397/444/599
s 1
f 400/443/600 347/420/601 397/444/602
f 345/399/531 359/439/591 361/445/603
f 361/445/603 359/440/591 331/435/592
f 199/385/604 326/387/605 330/199/606
s 0
f 338/412/607 329/381/607 366/446/607
s 1
f 345/399/531 361/445/603 331/435/592
s 0
f 392/447/608 198/203/608 330/199/608
s 1
f 354/434/583 352/419/585 364/441/609
f 369/448/610 379/449/611 377/442/612
f 190/186/613 337/178/614 365/432/615
f 332/424/555 381/450/616 355/422/546
f 342/407/580 194/395/582 332/397/617
f 312/389/493 325/451/559 336/393/618
s 0
f 360/187/619 190/183/619 373/437/619
f 366/446/620 309/380/620 338/412/620
s 1
f 367/452/621 348/438/622 356/453/623
s 0
f 357/418/624 368/454/624 364/441/624
s 1
f 407/404/625 322/421/516 373/455/626
f 322/411/516 335/177/545 373/437/626
f 362/427/569 382/456/627 295/410/544
f 368/454/628 357/418/629 375/457/630
f 330/199/606 326/387/605 392/447/631
f 306/378/507 309/380/509 366/446/632
s 0
f 363/425/633 357/418/633 364/441/633
s 1
f 376/458/634 321/391/635 347/420/636
f 393/430/637 346/416/550 319/384/514
f 387/459/638 329/381/588 348/438/639
f 356/453/623 348/438/622 374/460/640
f 178/388/641 317/390/642 384/461/643
f 378/462/644 375/457/645 357/418/646
f 320/392/520 336/393/522 391/426/647
f 306/378/648 366/446/649 393/463/650
f 366/446/651 329/381/588 387/459/652
s 0
f 348/438/653 295/410/653 374/460/653
s 1
f 362/427/654 371/464/655 382/456/656
s 0
f 384/461/657 317/390/657 320/392/657
s 1
f 397/444/602 347/420/601 345/399/658
f 331/402/534 407/404/536 158/465/659
f 373/437/660 190/183/613 365/466/615
f 325/374/498 321/391/519 376/458/661
s 0
f 369/448/662 377/442/662 397/444/662
s 1
f 326/467/663 346/416/550 393/430/637
s 0
f 364/441/664 368/454/664 375/457/664
s 1
f 367/452/621 356/453/623 388/468/665
s 0
f 320/392/666 390/428/666 384/461/666
f 364/441/667 375/457/667 386/469/667
s 1
f 185/180/538 381/406/540 340/431/668
f 362/427/569 178/409/543 417/470/669
f 332/424/555 392/471/670 428/472/671
f 387/459/672 348/438/622 367/452/621
f 356/453/623 399/473/673 388/468/665
f 394/474/674 382/456/656 371/464/655
s 0
f 371/464/675 383/475/675 177/476/675
f 383/475/676 371/464/676 362/427/676
s 1
f 390/428/677 385/477/678 384/461/679
f 415/478/680 345/399/681 331/435/682
f 381/450/616 332/424/555 428/472/671
f 178/388/641 384/461/643 417/479/683
f 354/434/583 364/441/609 386/469/684
f 386/469/685 378/462/686 391/426/687
f 378/462/688 357/418/598 391/426/597
f 170/480/689 365/481/690 340/482/691
f 393/430/692 392/471/692 326/467/692
f 356/453/623 410/483/693 399/473/673
f 375/457/694 378/462/686 386/469/685
f 407/404/625 373/455/626 365/481/690
f 371/464/695 177/476/696 394/474/697
s 0
f 390/428/698 354/434/698 386/469/698
s 1
f 376/458/634 347/420/636 420/484/699
f 396/485/700 418/486/701 379/449/611
f 345/399/658 415/478/702 397/444/602
f 331/435/682 158/487/703 415/478/680
f 404/488/704 347/420/705 400/443/600
f 377/442/612 379/449/611 418/486/701
f 394/474/697 177/476/706 405/489/707
f 407/404/625 365/481/690 170/480/689
f 362/427/708 417/470/669 176/490/709
f 413/491/710 336/393/711 325/451/559
f 325/492/712 376/493/713 427/494/714
f 392/471/670 393/430/715 428/472/671
f 424/495/716 356/453/623 374/460/640
f 295/410/544 382/456/627 426/496/717
s 0
f 394/474/718 405/489/718 402/497/718
f 408/498/719 402/497/719 403/499/719
f 405/489/720 177/476/720 383/475/720
s 1
f 417/479/683 384/461/643 385/477/721
f 385/477/678 390/428/677 413/491/722
f 406/500/723 325/492/712 427/494/714
f 170/480/689 172/164/724 407/404/625
s 0
f 383/475/725 362/427/725 176/490/725
s 1
f 404/488/726 420/484/699 347/420/636
f 410/483/693 388/468/665 399/473/673
f 426/496/727 374/460/728 295/410/729
s 0
f 390/428/730 386/469/730 413/491/730
s 1
f 431/501/731 325/451/712 406/502/723
f 396/485/700 379/449/611 369/448/610
s 0
f 402/497/732 405/489/732 403/499/732
f 336/393/733 413/491/733 391/426/733
s 1
f 413/491/710 325/451/559 175/503/734
f 175/503/735 325/451/712 431/501/731
f 400/443/736 377/442/737 456/504/738
s 0
f 403/499/739 405/489/739 416/505/739
s 1
f 413/491/710 175/503/734 385/477/721
s 0
f 369/448/740 397/444/740 396/485/740
s 1
f 381/506/616 428/507/671 412/508/741
f 388/468/665 425/509/742 367/452/621
s 0
f 394/474/743 402/497/743 408/498/743
s 1
f 523/510/744 170/171/745 340/511/691
f 442/512/746 387/459/672 367/452/621
f 456/504/747 377/442/748 418/486/749
s 0
f 416/505/750 405/489/750 383/475/750
f 386/469/751 391/426/751 413/491/751
f 422/513/752 406/500/752 427/494/752
s 1
f 425/509/742 442/512/746 367/452/621
f 426/496/717 382/456/627 411/514/753
s 0
f 416/505/754 423/515/754 408/498/754
s 1
f 376/458/755 420/484/756 429/516/757
s 0
f 408/498/758 403/499/758 416/505/758
s 1
f 176/490/709 417/470/669 547/517/759
f 400/443/600 456/504/760 404/488/761
f 388/468/665 410/483/693 425/509/742
f 411/514/762 382/456/656 394/474/674
f 385/477/721 175/503/734 417/479/683
f 427/494/714 376/493/713 422/513/763
f 424/495/764 374/460/728 426/496/727
f 410/483/693 356/453/623 424/495/716
f 406/502/765 414/518/766 433/519/767
f 406/500/768 422/513/769 414/520/770
f 381/506/616 412/508/741 340/521/691
f 383/475/771 160/522/772 416/505/773
f 414/518/774 434/523/775 433/519/776
f 423/515/777 416/505/773 160/522/772
s 0
f 163/160/778 172/164/778 170/480/778
f 420/484/779 404/488/779 456/504/779
s 1
f 456/504/780 418/486/781 444/524/782
f 165/163/783 164/165/784 454/525/785
f 431/501/786 406/502/765 433/519/767
s 0
f 444/524/787 396/485/787 397/444/787
s 1
f 397/444/602 415/478/702 444/524/788
f 394/474/674 153/526/789 411/514/762
f 418/486/781 396/485/790 444/524/791
f 441/527/792 169/172/202 430/168/204
s 0
f 394/474/793 408/498/793 436/528/793
s 1
f 383/475/794 176/490/795 160/522/796
f 438/529/797 417/530/798 159/531/799
f 410/483/693 424/495/716 451/532/800
f 472/533/801 176/490/709 547/517/759
f 393/463/650 366/446/649 474/534/802
s 0
f 424/495/803 426/496/803 506/535/803
f 436/528/804 408/498/804 423/515/804
f 436/528/805 423/515/805 160/522/805
s 1
f 438/529/797 547/536/806 417/530/798
f 159/537/799 417/479/798 175/503/807
f 434/538/775 460/539/808 433/540/776
f 453/541/809 440/542/810 434/538/775
f 441/527/811 430/168/812 462/543/813
f 448/544/814 446/545/815 447/546/816
f 445/547/817 525/548/818 446/545/819
f 445/547/820 446/545/815 412/508/821
f 448/544/814 412/508/821 446/545/815
f 159/531/799 175/549/807 155/550/822
f 340/521/691 412/508/741 448/544/823
s 0
f 424/495/824 506/535/824 451/532/824
s 1
f 394/474/674 436/528/825 153/526/789
f 514/551/826 429/516/757 473/552/827
f 454/525/828 172/164/829 165/163/783
f 170/171/830 432/173/831 166/167/832
f 387/459/833 463/553/834 366/446/835
f 463/553/834 387/459/833 442/512/836
f 438/529/837 159/531/838 465/554/839
f 154/555/840 434/538/775 440/542/810
f 453/556/841 434/557/842 484/558/843
s 0
f 454/525/844 164/165/844 169/166/844
s 1
f 460/539/808 434/538/775 154/555/845
s 0
f 154/555/846 440/542/846 455/559/846
f 440/560/847 452/561/847 455/562/847
s 1
f 440/542/810 453/541/809 452/563/848
f 414/564/774 484/558/849 434/557/775
f 414/520/770 422/513/769 449/565/850
s 0
f 426/496/851 153/526/851 506/535/851
s 1
f 426/496/852 411/514/853 153/526/854
f 473/552/827 429/516/757 420/484/756
f 444/524/788 415/478/702 456/504/855
f 447/546/856 457/566/857 523/567/858
f 156/158/859 152/157/860 500/568/861
s 0
f 464/569/862 459/156/862 157/159/862
s 1
f 455/570/863 453/571/864 151/572/865
f 472/533/866 160/522/796 176/490/795
s 0
f 156/158/867 458/573/867 157/159/867
s 1
f 175/503/735 431/501/731 513/574/868
f 460/575/869 154/576/870 452/577/871
s 0
f 453/578/872 455/562/872 461/579/872
f 455/562/873 452/561/873 461/579/873
f 461/580/874 452/581/874 154/582/874
s 1
f 484/558/849 414/564/774 449/583/875
f 158/465/659 407/404/536 454/525/876
f 428/472/671 393/430/715 147/584/877
f 159/531/838 155/550/878 464/569/879
s 0
f 455/570/880 151/572/880 154/582/880
s 1
f 474/534/802 366/446/649 463/553/881
f 467/585/882 152/157/883 459/156/884
f 157/159/885 159/531/838 464/569/879
f 452/577/886 453/586/887 460/575/869
f 453/586/888 461/587/889 460/575/890
f 407/404/625 172/164/724 454/525/891
f 147/584/877 393/430/715 145/588/892
f 410/483/693 451/532/893 425/509/742
f 451/532/894 506/535/895 494/589/896
f 159/531/838 157/159/885 458/573/897
s 0
f 441/527/898 468/590/898 169/172/898
s 1
f 471/591/177 150/592/188 149/593/899
f 425/509/742 451/532/893 442/512/746
f 436/528/900 160/522/901 472/533/902
f 469/594/903 453/556/841 484/558/843
f 422/513/763 376/493/713 429/595/904
f 473/552/905 415/478/906 158/487/907
f 453/556/908 469/594/909 137/596/910
f 441/527/911 462/543/912 468/590/913
s 0
f 430/168/914 432/173/914 462/543/914
s 1
f 447/546/856 523/567/858 448/544/915
f 436/528/900 472/533/902 153/526/916
f 547/597/806 438/598/797 487/599/917
f 461/587/889 151/600/918 460/575/890
s 0
f 461/580/919 154/582/919 151/572/919
s 1
f 151/601/920 453/556/908 137/596/910
f 158/487/921 517/602/922 486/603/923
f 432/173/924 170/171/830 462/543/925
s 0
f 477/604/926 476/605/926 478/606/926
f 478/606/927 476/605/927 481/607/927
f 476/608/928 477/609/928 479/610/928
f 477/604/929 478/606/929 480/611/929
f 481/612/930 476/608/930 479/610/930
s 1
f 477/604/931 480/611/932 479/613/933
s 0
f 478/606/934 481/607/934 480/611/934
f 480/611/935 481/607/935 475/614/935
f 495/615/936 475/614/936 481/607/936
s 1
f 475/614/937 438/529/837 499/616/938
f 438/529/837 465/554/839 499/616/938
f 510/617/939 156/158/859 500/568/861
f 420/484/940 456/504/941 415/478/942
s 0
f 473/552/943 158/487/943 486/603/943
s 1
f 428/618/671 147/619/877 148/620/944
f 474/621/945 145/588/892 393/430/715
f 480/611/932 475/614/946 479/613/933
f 458/573/947 156/158/859 510/617/939
f 493/622/948 469/623/949 484/624/950
f 525/625/818 445/626/817 526/627/951
f 465/554/839 159/531/838 458/573/897
s 0
f 146/150/952 141/144/952 505/149/952
f 459/156/953 464/569/953 516/628/953
s 1
f 151/601/920 137/596/910 508/629/954
s 0
f 485/630/955 475/614/955 495/615/955
s 1
f 495/631/956 481/632/957 483/633/958
s 0
f 490/634/959 488/635/959 489/636/959
f 489/636/960 488/635/960 483/637/960
f 492/638/961 489/636/961 483/637/961
f 490/634/962 489/636/962 492/638/962
f 483/639/963 488/640/963 490/641/963
s 1
f 481/612/957 479/610/964 483/642/958
f 479/613/965 475/614/946 499/616/966
f 467/585/967 500/568/968 152/157/969
f 420/484/940 415/478/942 473/552/970
f 516/628/971 500/568/968 467/585/967
f 431/643/972 433/644/973 497/645/974
f 433/644/975 460/646/976 497/645/977
f 484/624/950 497/645/978 493/622/948
s 0
f 483/633/979 490/647/979 495/631/979
s 1
f 467/585/882 459/156/884 516/628/980
f 462/543/981 170/171/745 529/648/982
f 340/521/691 448/544/823 523/567/744
f 438/529/983 475/614/984 485/630/985
s 0
f 495/631/986 490/647/986 492/649/986
f 483/642/987 479/610/987 492/650/987
f 519/651/988 449/652/988 422/653/988
s 1
f 505/654/989 145/588/892 474/621/945
s 0
f 458/573/990 510/617/990 465/554/990
s 1
f 500/568/968 503/655/991 501/656/992
f 155/657/993 175/503/994 513/574/995
f 151/601/920 508/629/954 460/658/996
f 446/545/819 525/548/818 447/546/997
f 148/155/998 466/153/999 471/591/1000
f 471/591/1001 149/593/1002 521/659/1003
f 494/589/896 442/512/1004 451/532/894
f 487/599/1005 438/598/1006 485/660/1007
f 495/631/1008 492/649/1009 485/661/1010
f 497/645/977 460/646/976 508/662/1011
f 517/663/1012 158/465/659 454/525/876
f 412/508/821 428/507/1013 445/547/820
f 512/664/1014 492/650/1015 479/610/1016
f 497/645/978 484/624/849 449/652/875
f 148/155/998 471/591/1000 521/659/1017
f 142/145/1018 146/150/1019 540/665/1020
f 494/589/1021 506/535/1022 498/666/1023
f 469/623/949 493/622/948 508/662/954
f 485/667/1024 492/650/1025 512/664/1026
f 512/668/1027 479/613/1028 499/616/1029
f 431/643/731 520/669/1030 513/670/868
f 431/643/972 497/645/974 520/669/1031
f 469/594/949 508/629/954 137/596/910
f 500/568/968 516/628/971 503/655/1032
s 0
f 497/645/1033 449/652/1033 519/651/1033
f 514/551/1034 473/552/1034 486/603/1034
s 1
f 472/533/801 547/517/759 507/671/1035
f 487/599/1005 485/660/1007 532/672/1036
f 493/622/948 497/645/978 508/662/954
f 486/603/923 517/602/922 558/673/1037
f 523/567/1038 457/566/1039 504/674/1040
f 494/589/896 463/553/1041 442/512/1004
f 507/671/1035 506/535/1042 153/526/1043
f 464/569/879 155/550/878 511/675/1044
s 0
f 454/525/1045 169/166/1045 468/676/1045
s 1
f 445/626/820 428/677/1013 526/627/1046
f 529/648/982 170/171/745 534/678/1047
f 170/171/745 523/510/744 534/678/1047
f 537/679/1048 512/668/1049 499/616/938
s 0
f 516/628/1050 464/569/1050 524/680/1050
f 514/551/1051 486/603/1051 533/681/1051
s 1
f 428/618/671 521/682/1052 530/683/1053
f 428/618/671 148/620/944 521/682/1052
f 463/553/1054 494/589/896 531/684/1055
f 532/672/1036 485/660/1007 512/685/1049
f 465/554/839 537/679/1048 499/616/938
f 457/566/1056 447/546/997 525/548/818
f 507/671/1035 153/526/1043 472/533/801
f 532/672/1036 512/685/1049 578/686/1057
s 0
f 510/617/1058 515/687/1058 465/554/1058
s 1
f 501/656/1059 535/688/1060 500/568/1061
f 559/689/1062 517/663/1012 454/525/876
f 510/617/1063 500/568/1061 535/688/1060
f 542/690/1064 519/651/1065 422/653/763
f 534/678/1047 523/510/744 556/691/1066
s 0
f 149/593/1067 150/592/1067 530/692/1067
s 1
f 150/154/1068 142/145/1069 540/665/1070
s 0
f 463/553/1071 531/684/1071 528/693/1071
s 1
f 497/645/974 519/651/1072 520/669/1031
f 468/590/1073 462/543/981 529/648/982
f 540/665/1020 146/150/1019 505/149/1074
f 498/666/1023 506/535/1022 507/671/1075
f 510/617/1063 535/688/1060 515/687/1076
f 501/656/1077 503/655/1078 538/694/1079
s 0
f 524/680/1080 503/655/1080 516/628/1080
s 1
f 464/569/879 511/675/1044 524/680/1081
f 535/688/1082 501/656/1077 538/694/1079
f 468/590/1073 529/648/982 559/695/1083
f 521/659/1003 149/593/1002 530/692/1084
f 547/597/806 487/599/917 550/696/1085
s 0
f 494/589/1086 528/693/1086 531/684/1086
s 1
f 535/688/1082 538/694/1079 536/697/1087
f 454/525/1088 468/676/1073 559/689/1083
f 556/698/1089 523/567/1038 504/674/1040
f 422/653/763 429/699/904 542/690/1064
f 575/700/1090 562/701/1091 537/702/1092
f 575/700/1093 537/702/1092 573/703/1094
s 0
f 538/694/1095 503/655/1095 524/680/1095
f 463/553/1096 528/693/1096 549/704/1096
s 1
f 520/669/1030 519/651/1065 542/690/1064
f 540/665/1097 505/149/989 474/705/945
f 532/672/1036 578/686/1057 592/706/1098
f 535/688/1099 536/697/1099 515/687/1099
f 513/670/995 118/707/1100 155/708/993
f 542/690/1064 513/670/868 520/669/1030
f 504/674/1101 457/566/1056 525/548/818
f 526/627/1046 428/677/1013 600/709/1102
f 515/687/1103 536/697/1104 465/554/839
f 527/710/1105 526/627/1106 600/709/1107
f 528/693/1108 498/666/1109 548/711/1110
f 537/679/1048 465/554/839 536/697/1104
s 0
f 514/551/1111 533/681/1111 558/673/1111
s 1
f 428/618/671 544/712/1112 600/713/1113
f 600/713/1113 544/712/1112 545/714/1114
f 545/715/1114 544/712/1112 546/716/1115
f 544/712/1112 428/618/671 546/716/1115
f 546/716/1115 428/618/671 530/683/1053
f 474/717/945 682/718/1116 540/719/1097
f 549/704/1117 528/693/1108 548/711/1110
f 603/720/1118 547/597/1119 550/696/1120
f 487/599/1005 532/672/1036 550/696/1121
f 511/675/1044 155/550/878 134/138/1122
f 155/708/878 118/707/1123 134/721/1122
f 545/714/1114 546/716/1115 600/713/1113
f 546/716/1115 530/683/1053 600/713/1113
f 530/692/1124 150/592/1125 540/722/1126
f 474/534/802 463/553/881 682/723/1127
f 550/696/1121 532/672/1036 592/706/1128
f 537/679/1048 536/697/1104 573/724/1129
f 524/680/1081 511/675/1044 573/724/1130
s 0
f 533/681/1131 486/603/1131 558/673/1131
s 1
f 614/725/1132 507/671/1133 560/726/1134
f 136/727/1135 603/720/1136 591/728/1137
s 0
f 537/702/1138 543/729/1138 593/730/1138
s 1
f 538/694/1139 524/680/1081 573/724/1130
f 540/719/1097 682/718/1116 530/683/1053
s 0
f 548/711/1140 463/553/1140 549/704/1140
s 1
f 498/666/1141 507/671/1133 614/725/1132
s 0
f 536/697/1142 538/694/1142 573/724/1142
f 133/731/1143 553/137/1143 135/139/1143
f 134/138/1144 119/732/1144 135/139/1144
s 1
f 429/516/757 514/551/826 558/673/1145
f 676/733/1146 517/602/1147 559/734/1148
f 682/723/1127 463/553/881 548/711/1149
f 512/685/1049 537/735/1048 578/686/1057
f 553/137/1150 132/736/1151 555/737/1152
f 526/627/951 611/738/1153 525/625/818
s 0
f 528/693/1154 494/589/1154 498/666/1154
s 1
f 591/728/1137 603/720/1136 550/696/1155
f 132/736/1156 133/739/1157 555/737/1158
f 134/721/1122 118/707/1123 119/740/1159
f 118/707/1100 513/670/995 542/690/1160
f 559/695/1083 529/648/982 534/678/1047
f 602/741/1161 550/696/1155 592/706/1162
s 0
f 511/675/1163 134/138/1163 553/137/1163
f 133/731/1164 135/139/1164 119/732/1164
f 568/742/1165 565/743/1165 564/744/1165
s 1
f 565/743/1166 568/742/1167 567/745/1168
f 582/746/1169 568/742/1170 564/744/1171
f 567/745/1168 568/742/1167 570/747/1172
s 0
f 571/748/1173 565/743/1173 599/749/1173
f 570/747/1174 568/742/1174 582/746/1174
f 572/750/1175 564/744/1175 565/743/1175
s 1
f 591/728/1176 583/751/1177 136/727/1178
s 0
f 543/729/1179 537/702/1179 584/752/1179
f 537/702/1180 562/701/1180 584/752/1180
s 1
f 133/739/1157 119/753/1181 555/737/1182
f 565/743/1166 567/745/1168 610/754/1183
f 558/673/1184 517/602/1185 587/755/1186
f 554/756/1187 504/674/1101 525/548/818
f 537/702/1188 593/730/1189 578/757/1190
s 0
f 562/701/1191 575/700/1191 579/758/1191
s 1
f 586/759/1192 429/516/1193 626/760/1194
f 517/602/1185 598/761/1195 587/755/1186
f 582/746/1169 564/744/1171 572/750/1196
s 0
f 611/738/1197 526/627/1197 527/710/1197
f 543/729/1198 584/752/1198 593/730/1198
f 584/752/1199 562/701/1199 579/758/1199
s 1
f 605/762/1200 542/690/1201 429/699/1202
f 565/743/1203 571/748/1204 572/750/1205
f 581/763/1206 567/745/1168 570/747/1172
f 603/720/1136 136/727/1135 601/764/1207
f 595/118/140 117/117/139 590/765/1208
f 573/703/1209 604/766/1210 575/700/1211
f 605/767/1200 429/516/1202 586/759/1212
f 565/743/1166 610/754/1183 599/749/1213
f 582/768/1214 572/769/1215 534/770/1047
f 583/751/1216 117/117/139 594/116/138
f 624/771/1217 507/772/1218 547/597/1119
f 591/728/1137 550/696/1155 602/741/1161
s 0
f 511/675/1219 553/137/1219 609/773/1219
s 1
f 626/760/1194 429/516/1193 558/673/1184
s 0
f 640/774/1220 571/748/1220 599/749/1220
s 1
f 136/727/1178 583/751/1221 589/775/1222
f 579/758/1223 575/700/1211 604/766/1224
f 573/724/1130 511/675/1044 604/776/1225
f 553/137/1150 555/737/1152 609/773/1226
f 118/707/1123 585/777/1227 119/740/1159
f 597/778/1228 587/755/1229 598/761/1230
f 598/761/1231 517/602/1147 676/733/1146
f 556/698/1089 504/674/1040 554/756/1232
f 601/764/1233 136/727/1178 589/775/1222
f 590/765/1208 117/117/139 583/751/1216
f 602/741/1161 592/706/1162 652/779/1234
s 0
f 584/752/1235 579/758/1235 593/730/1235
s 1
f 585/777/1227 118/707/1123 622/780/1236
s 0
f 609/773/1237 555/737/1237 119/753/1237
s 1
f 622/780/1236 118/707/1123 612/781/1238
f 118/707/1100 542/690/1160 612/781/1239
f 601/764/1233 589/775/1222 608/782/1240
f 534/678/1047 556/691/1066 641/783/1241
f 594/116/138 642/784/1242 627/785/1243
s 0
f 594/116/1244 595/118/1244 642/784/1244
f 602/741/1245 583/751/1245 591/728/1245
s 1
f 626/760/1194 558/673/1184 587/755/1186
f 597/778/1228 598/761/1230 621/786/1246
f 590/765/1208 583/751/1216 643/787/1247
f 119/753/1159 585/788/1227 609/773/1248
f 534/770/1047 572/769/1215 640/789/1249
s 0
f 613/790/1250 599/749/1250 610/754/1250
f 581/763/1251 570/747/1251 638/791/1251
s 1
f 534/770/1047 700/792/1252 582/768/1214
f 624/771/1217 547/597/1119 603/720/1118
f 589/775/1253 583/751/1216 594/116/138
f 619/793/1254 595/118/140 590/765/1208
s 0
f 606/794/1255 616/795/1255 645/796/1255
s 1
f 606/794/1256 597/797/1257 621/798/1258
f 572/750/1205 571/748/1204 640/774/1259
f 641/799/1260 556/698/1089 554/756/1232
f 548/711/1261 498/666/1109 630/800/1262
f 614/725/1263 560/726/1264 646/801/1265
f 624/771/1266 603/720/1136 601/764/1207
f 644/802/1267 604/776/1225 511/675/1044
f 635/803/1268 605/804/1269 586/805/1270
f 599/749/1271 613/790/1272 617/806/1273
f 525/625/818 611/738/1274 651/807/1275
f 530/683/1053 650/808/1276 600/713/1113
f 642/784/1242 595/118/140 619/793/1254
f 628/809/1277 115/810/1278 116/811/1279
f 598/761/1230 676/733/1280 621/786/1246
f 534/812/1047 640/813/1249 559/814/1083
f 579/758/1223 604/766/1224 653/815/1281
f 640/774/1282 599/749/1271 617/806/1273
f 610/816/1283 567/817/1284 607/818/1285
s 0
f 570/747/1286 582/746/1286 638/791/1286
s 1
f 654/819/1287 692/820/1288 631/821/1289
f 609/773/1248 585/788/1227 622/822/1236
f 560/726/1134 507/671/1133 624/823/1290
f 116/811/1291 602/824/1292 652/825/1293
s 0
f 592/826/1294 578/757/1294 114/827/1294
s 1
f 511/675/1044 609/773/1248 622/822/1236
f 612/828/1295 634/829/1296 622/830/1297
f 612/781/1298 542/690/1201 605/762/1200
s 0
f 639/831/1299 616/795/1299 606/794/1299
s 1
f 607/818/1300 567/817/1301 581/832/1302
f 611/738/1303 527/710/1105 650/833/1304
f 498/666/1141 614/725/1132 630/800/1305
f 586/759/1192 626/760/1194 629/834/1306
f 626/760/1307 587/755/1229 597/778/1228
f 597/797/1257 606/794/1256 645/796/1308
f 525/625/818 618/835/1309 817/836/1310
f 578/757/1190 593/730/1189 114/827/1311
s 0
f 114/827/1312 593/730/1312 669/837/1312
s 1
f 653/815/1281 604/766/1224 644/838/1313
f 511/675/1044 622/822/1236 644/802/1267
f 674/839/1314 605/804/1269 635/803/1268
f 109/113/1315 530/683/1053 682/718/1116
f 619/793/1254 590/765/1208 643/787/1247
f 666/840/1316 628/809/1277 116/811/1279
f 669/837/1317 593/730/1318 653/815/1319
f 593/730/1318 579/758/1320 653/815/1319
f 636/841/1321 635/803/1322 586/805/1323
f 613/790/1324 610/754/1325 704/842/1326
f 554/756/1187 525/548/818 690/843/1327
f 548/711/1328 630/800/1329 682/723/1127
f 583/751/1330 602/741/1331 735/844/1332
f 664/845/1333 626/760/1334 597/778/1335
f 638/846/1336 582/768/1337 700/792/1252
f 589/775/1253 594/116/138 627/785/1243
f 115/810/1338 628/809/1339 658/847/1340
f 592/826/1341 114/827/1342 652/825/1343
f 622/830/1297 689/848/1344 644/849/1345
f 634/850/1296 612/851/1295 674/839/1314
f 674/839/1314 612/851/1295 605/804/1269
f 664/845/1333 629/834/1346 626/760/1334
f 660/852/1347 616/795/1348 637/853/1349
f 637/853/1349 616/795/1348 639/831/1350
f 559/814/1083 640/813/1249 617/854/1351
f 525/625/818 651/807/1275 780/855/1352
f 608/782/1353 589/775/1354 687/856/1355
f 815/857/1356 525/625/818 780/855/1352
s 0
f 560/726/1357 624/823/1357 668/858/1357
s 1
f 583/751/1330 735/844/1332 643/787/1358
f 735/859/1359 602/860/1292 116/861/1291
f 114/827/1360 669/837/1360 717/862/1361
f 635/803/1362 636/841/1363 649/863/1364
f 666/840/1365 116/811/1291 652/825/1293
f 689/848/1344 622/830/1297 634/829/1296
f 636/841/1321 586/805/1323 629/864/1366
f 618/835/1309 525/625/818 815/857/1356
f 630/800/1367 662/865/1368 682/723/1369
s 0
f 688/866/1370 116/861/1370 115/867/1370
s 1
f 656/868/1371 657/869/1372 663/870/1373
f 656/868/1374 658/871/1375 657/869/1376
f 657/872/1376 658/847/1375 659/873/1377
f 664/874/1378 636/841/1379 629/864/1366
f 761/875/1380 606/794/1256 621/798/1258
f 559/814/1381 617/854/1382 676/876/1146
f 692/820/1383 654/819/1384 715/877/1385
f 683/878/1386 658/871/1387 656/868/1388
f 113/879/1389 637/853/1349 639/831/1350
f 613/790/1324 704/842/1326 617/806/1390
f 525/625/818 817/836/1310 679/880/1391
f 630/800/1305 614/725/1132 662/865/1392
s 0
f 624/771/1393 601/764/1393 668/881/1393
s 1
f 658/871/1340 683/878/1394 115/867/1338
f 663/870/1373 657/869/1372 665/882/1395
s 0
f 98/883/1396 699/884/1396 667/885/1396
s 1
f 637/853/1349 113/879/1389 702/886/1397
f 690/887/1327 525/625/818 679/880/1391
f 589/775/1253 627/785/1243 687/856/1398
f 642/784/1242 619/793/1254 687/856/1398
f 688/866/1399 115/867/1399 683/878/1399
f 663/870/1400 665/882/1401 683/878/1402
f 657/869/1403 659/888/1404 665/882/1405
f 634/829/1406 699/884/1407 689/848/1408
s 0
f 672/889/1409 671/890/1409 673/891/1409
s 1
f 664/874/1410 597/797/1257 645/796/1308
f 527/710/1105 600/709/1107 650/833/1304
f 109/113/1315 650/808/1276 530/683/1053
f 601/764/1411 608/782/1411 668/881/1411
f 687/856/1398 619/793/1254 643/787/1247
s 0
f 699/884/1412 634/829/1412 667/885/1412
f 639/831/1413 606/794/1413 761/875/1413
s 1
f 761/875/1380 621/798/1258 742/892/1414
f 676/876/1415 742/893/1416 621/894/1417
f 607/818/1300 581/832/1302 638/895/1418
f 638/846/1336 700/792/1252 727/896/1419
f 646/801/1420 560/726/1421 716/897/1422
f 665/882/1405 659/888/1404 684/898/1423
f 114/827/1342 717/862/1424 652/825/1343
f 717/862/1425 669/837/1426 693/899/1425
f 693/899/1427 669/837/1428 653/815/1429
f 673/891/1430 671/890/1431 670/900/1432
f 674/839/1433 635/803/1362 649/863/1364
f 675/901/1434 649/863/1364 681/902/1435
f 616/795/1436 660/852/1347 709/903/1437
f 560/726/1421 668/858/1438 716/897/1422
f 668/881/1439 608/782/1440 759/904/1441
f 627/785/1243 642/784/1242 687/856/1398
f 735/859/1359 116/861/1291 688/866/1442
f 656/868/1388 663/870/1443 683/878/1386
f 98/883/1444 670/900/1445 694/905/1446
s 0
f 98/883/1447 667/885/1447 670/900/1447
s 1
f 649/863/1364 675/901/1434 765/906/1448
s 0
f 617/854/1449 704/907/1449 676/876/1449
s 1
f 690/887/1327 679/880/1391 794/908/1450
f 99/909/1451 111/910/1452 705/911/1453
f 662/865/1454 614/725/1263 646/801/1265
f 715/877/1385 654/819/1384 97/912/1455
s 0
f 654/819/1456 631/821/1456 714/913/1456
s 1
f 659/873/1457 658/847/1340 628/809/1339
f 672/889/1458 673/891/1459 678/914/1460
f 678/914/1460 673/891/1459 670/900/1461
f 671/890/1431 694/905/1462 670/900/1463
f 675/901/1434 726/915/1464 695/916/1465
f 675/901/1434 681/902/1435 726/915/1464
s 0
f 636/841/1466 664/874/1466 701/917/1466
s 1
f 664/874/1410 645/796/1308 741/918/1467
f 709/903/1437 637/853/1349 702/886/1397
s 0
f 107/109/1468 104/114/1468 724/919/1468
s 1
f 682/723/1369 662/865/1368 773/920/1469
f 698/921/1470 631/821/1289 692/820/1288
f 631/821/1471 646/922/1472 714/913/1473
f 672/889/1474 678/914/1475 671/890/1476
f 701/917/1477 664/874/1478 741/918/1479
f 637/853/1349 709/903/1437 660/852/1347
f 641/799/1480 554/756/1481 700/923/1482
s 0
f 105/924/1483 99/909/1483 705/911/1483
s 1
f 111/112/1484 109/113/1315 682/718/1116
f 646/922/1472 716/925/1485 714/913/1473
f 653/926/1486 644/849/1487 689/848/1488
f 678/914/1475 694/905/1489 671/890/1476
s 0
f 634/850/1490 674/839/1490 765/906/1490
s 1
f 765/906/1448 675/901/1434 695/916/1465
f 703/927/1491 113/879/1389 639/831/1350
f 534/678/1047 641/783/1241 700/928/1252
f 631/821/1471 698/921/1492 646/922/1493
f 683/878/1402 665/882/1401 684/898/1494
f 610/816/1283 607/818/1285 704/929/1495
f 638/895/1336 777/930/1496 607/818/1497
f 650/808/1276 109/113/1315 732/931/1498
f 608/782/1353 687/856/1355 753/932/1499
s 0
f 707/933/1500 687/856/1500 643/787/1500
s 1
f 636/841/1363 701/917/1501 746/934/1502
f 702/886/1397 113/879/1389 703/927/1503
f 692/820/1383 715/877/1385 713/935/1504
s 0
f 668/881/1505 759/904/1505 711/936/1505
s 1
f 684/937/1506 659/873/1457 628/809/1339
f 739/938/1507 98/883/1444 694/905/1446
f 674/839/1508 649/863/1364 765/906/1448
f 708/939/1509 701/917/1477 741/918/1479
f 616/795/1510 709/903/1511 645/796/1512
s 0
f 736/940/1513 102/941/1513 105/924/1513
s 1
f 688/866/1514 683/878/1515 684/898/1516
f 693/899/1427 653/815/1429 712/942/1517
s 0
f 678/914/1518 670/900/1518 667/885/1518
s 1
f 649/863/1364 636/841/1363 746/934/1502
f 676/876/1519 704/907/1519 718/943/1520
f 777/944/1496 638/846/1336 727/896/1419
f 96/945/1521 695/916/1465 726/915/1464
f 742/893/1416 676/876/1415 718/943/1522
f 700/923/1482 554/756/1481 690/843/1523
f 724/919/1524 104/114/1525 720/946/1526
s 0
f 628/809/1527 666/840/1527 721/947/1527
s 1
f 746/934/1528 701/917/1501 708/939/1529
f 97/912/1530 654/819/1531 714/913/1532
f 608/782/1440 753/932/1533 759/904/1441
s 0
f 684/937/1534 628/809/1534 721/947/1534
s 1
f 725/948/1535 678/914/1536 667/885/1537
f 681/902/1435 649/863/1364 746/934/1502
s 0
f 703/927/1538 639/831/1538 761/875/1538
s 1
f 646/801/1265 733/949/1539 662/865/1454
s 0
f 707/933/1540 643/787/1540 735/844/1540
s 1
f 694/905/1446 678/914/1536 739/938/1507
f 667/885/1541 634/829/1542 757/950/1543
f 634/850/1544 765/906/1545 758/951/1546
f 723/952/1547 726/915/1464 681/902/1435
f 731/953/1548 645/796/1512 709/903/1511
s 0
f 109/113/1549 107/109/1549 732/931/1549
s 1
f 773/920/1550 662/865/1454 733/949/1539
f 668/881/1551 711/936/1552 743/954/1553
f 666/840/1365 652/825/1293 721/947/1554
f 695/916/1465 96/945/1521 740/955/1555
f 704/929/1556 607/818/1497 777/930/1496
f 700/956/1252 728/957/1557 727/958/1419
f 104/959/1558 102/941/1559 797/960/1560
f 105/924/1561 705/911/1562 736/940/1563
f 651/807/1564 611/738/1565 650/833/1566
s 0
f 107/109/1567 724/919/1567 732/931/1567
s 1
f 97/912/1455 734/961/1568 715/877/1385
f 745/962/1569 730/963/1570 707/933/1571
f 712/964/1572 653/926/1486 689/848/1488
f 725/948/1535 739/938/1507 678/914/1536
f 709/903/1437 702/886/1397 703/927/1503
f 728/965/1573 700/923/1482 690/843/1523
f 716/925/1574 668/966/1575 743/967/1576
f 688/866/1514 684/898/1516 721/968/1577
f 717/862/1424 774/969/1578 652/825/1343
f 96/945/1521 726/915/1464 723/952/1547
s 0
f 746/934/1579 708/939/1579 755/970/1579
s 1
f 755/970/1580 708/939/1509 741/918/1479
s 0
f 711/936/1581 759/904/1581 744/971/1581
s 1
f 688/866/1514 721/968/1577 735/859/1582
f 695/916/1465 740/955/1555 765/906/1448
s 0
f 797/960/1583 102/941/1583 736/940/1583
s 1
f 733/972/1584 646/922/1493 698/921/1492
f 713/935/1504 715/877/1385 748/973/1585
f 745/962/1569 707/933/1571 735/844/1586
s 0
f 699/884/1587 98/883/1587 739/938/1587
f 667/885/1588 757/950/1588 725/948/1588
s 1
f 772/974/1589 758/951/1590 765/906/1545
f 741/918/1467 731/953/1591 755/970/1592
f 741/918/1467 645/796/1308 731/953/1591
f 767/975/1593 780/855/1594 651/807/1564
f 753/932/1499 687/856/1355 707/933/1595
s 0
f 774/976/1596 735/859/1596 721/968/1596
s 1
f 723/952/1547 681/902/1435 752/977/1597
f 745/978/1569 735/859/1586 774/976/1598
s 0
f 699/884/1599 739/938/1599 775/979/1599
s 1
f 705/911/1600 111/910/1484 682/980/1116
f 757/950/1543 634/829/1601 758/981/1602
f 731/953/1603 709/903/1604 761/875/1605
f 709/903/1604 703/927/1606 761/875/1607
f 718/982/1608 704/929/1609 777/930/1610
f 720/946/1526 732/931/1611 724/919/1524
f 753/932/1612 707/933/1571 730/963/1570
s 0
f 751/983/1613 730/963/1613 754/984/1613
s 1
f 774/969/1614 721/947/1554 652/825/1293
f 765/906/1448 740/955/1555 96/945/1521
f 780/855/1352 750/985/1615 815/857/1356
f 769/986/1616 713/935/1504 748/973/1585
f 743/954/1553 711/936/1552 744/971/1617
f 756/987/1618 712/964/1572 689/848/1488
f 96/945/1521 723/952/1547 752/977/1619
f 681/902/1435 746/934/1502 752/977/1619
f 755/970/1592 731/953/1591 760/988/1620
s 0
f 744/971/1621 759/904/1621 743/954/1621
s 1
f 689/848/1408 699/884/1407 775/979/1622
f 692/820/1623 834/989/1624 698/921/1625
f 766/990/1626 759/904/1441 753/932/1533
s 0
f 717/862/1627 693/899/1627 787/991/1627
s 1
f 834/989/1624 692/820/1623 769/986/1628
f 753/932/1612 730/963/1570 751/983/1629
f 745/962/1630 763/992/1631 730/963/1632
f 96/945/1521 752/977/1619 772/974/1633
f 720/993/1634 104/959/1558 797/960/1560
f 765/906/1448 96/945/1521 772/974/1633
f 769/986/1616 692/820/1383 713/935/1504
f 743/954/1635 759/904/1441 766/990/1626
f 787/991/1636 712/942/1637 768/994/1638
f 777/995/1496 727/996/1419 85/997/1639
f 714/913/1532 770/998/1640 97/912/1641
f 770/998/1642 714/913/1532 823/999/1643
f 693/899/1644 712/942/1637 787/991/1636
f 689/848/1408 775/979/1622 756/987/1645
s 0
f 776/1000/1646 755/970/1646 760/988/1646
s 1
f 760/988/1620 731/953/1591 761/875/1380
f 801/1001/1647 705/911/1600 682/980/1116
f 733/972/1584 698/921/1492 850/1002/1648
f 754/984/1649 730/963/1650 763/992/1631
f 745/978/1651 774/976/1598 813/1003/1652
f 739/938/1653 725/948/1654 775/979/1655
f 746/934/1656 755/970/1657 788/1004/1658
s 0
f 788/1004/1659 755/970/1659 776/1000/1659
s 1
f 797/960/1660 736/940/1661 705/911/1562
f 698/921/1492 834/989/1662 850/1002/1648
f 786/1005/1663 716/925/1574 743/967/1576
f 757/950/1664 781/1006/1664 725/948/1664
f 746/934/1665 788/1004/1658 782/1007/1666
f 761/875/1380 742/892/1414 760/988/1620
f 803/97/1667 85/96/1639 727/1008/1419
f 97/912/1455 770/998/1668 734/961/1568
f 786/1005/1663 743/967/1576 766/1009/1669
f 753/932/1612 751/983/1629 754/984/1670
f 781/1006/1671 775/979/1655 725/948/1654
f 776/1000/1672 760/988/1673 799/1010/1674
f 793/1011/1675 742/892/1676 718/1012/1677
f 769/986/1616 748/973/1585 795/1013/1678
f 758/981/1602 756/987/1645 775/979/1622
f 775/979/1622 781/1006/1679 758/981/1602
f 781/1006/1679 757/950/1543 758/981/1602
f 718/1012/1608 777/1014/1610 783/1015/1680
f 784/91/103 800/103/117 804/98/110
f 714/913/1473 716/925/1485 823/999/1681
f 807/1016/1682 717/1017/1683 787/1018/1684
f 787/1018/1685 768/1019/1686 796/1020/1687
f 768/994/1688 712/942/1689 791/1021/1690
f 752/977/1619 746/934/1502 782/1007/1691
f 650/833/1566 767/975/1593 651/807/1564
f 796/1020/1687 768/1019/1686 818/1022/1692
f 772/974/1633 752/977/1619 782/1007/1691
f 788/1004/1693 776/1000/1694 849/1023/1695
f 849/1023/1695 776/1000/1694 799/1010/1696
f 760/988/1697 742/892/1676 799/1010/1674
f 793/1011/1698 718/1012/1608 783/1015/1680
f 690/843/1699 794/1024/1700 728/965/1701
f 801/1001/1647 797/960/1702 705/911/1600
f 716/925/1485 786/1005/1703 823/999/1681
f 811/1025/1704 796/1020/1705 808/1026/1706
f 712/964/1707 756/987/1708 827/1027/1709
f 799/1010/1674 742/892/1676 793/1011/1675
f 801/1028/1710 682/1029/1369 773/1030/1469
f 748/973/1585 715/877/1385 795/1013/1678
f 766/990/1711 753/932/1712 754/984/1713
f 813/1003/1714 774/976/1578 717/1031/1424
f 791/1032/1690 712/964/1689 827/1027/1715
f 814/1033/1716 756/987/1717 758/981/1718
f 825/1034/1719 805/1035/1720 728/957/1557
f 786/1005/1663 766/1009/1669 806/1036/1721
f 806/1037/1722 766/990/1711 754/984/1713
f 798/1038/1723 763/1039/1724 745/978/1725
f 796/1020/1726 818/1022/1727 808/1026/1728
f 822/1040/1729 782/1007/1730 812/1041/1731
f 812/1041/1731 782/1007/1730 788/1004/1732
s 0
f 85/96/1733 86/102/1733 802/1042/1733
s 1
f 728/957/1557 805/1035/1720 727/958/1419
f 813/1043/1714 717/1017/1424 807/1016/1734
s 0
f 86/101/1735 804/98/1735 802/1044/1735
s 1
f 800/103/1736 779/106/1737 841/1045/1738
f 803/1046/1667 727/958/1419 89/1047/1739
f 837/1048/1740 767/975/1741 650/833/1276
f 745/978/1742 813/1003/1743 816/1049/1744
f 827/1027/1709 756/987/1708 814/1033/1745
f 758/951/1718 772/974/1746 822/1040/1729
f 650/808/1276 732/931/1498 720/946/1747
f 734/961/1568 795/1013/1678 715/877/1385
s 0
f 818/1050/1748 768/994/1748 791/1021/1748
s 1
f 772/974/1746 782/1007/1730 822/1040/1729
f 841/1045/1749 804/98/1750 800/103/1751
f 82/94/112 803/97/1752 89/99/113
f 728/965/1701 794/1024/1700 825/1051/1753
f 773/1030/1754 733/972/1755 850/1002/1756
f 798/1038/1757 745/978/1742 816/1049/1744
f 814/1033/1716 758/981/1718 822/1052/1729
f 819/1053/1758 799/1054/1696 783/1055/1759
f 799/1010/1696 793/1011/1760 783/1015/1759
s 0
f 784/105/1761 88/100/1761 89/99/1761
s 1
f 780/855/1762 767/975/1763 750/985/1764
f 720/993/1747 797/960/1702 801/1001/1647
f 769/986/1628 795/1013/1765 834/989/1624
f 777/995/1496 85/997/1639 802/1056/1766
f 841/1045/1738 779/106/1737 839/1057/1767
f 89/1047/1739 727/958/1419 805/1035/1720
f 734/961/1568 770/998/1668 795/1013/1768
s 0
f 796/1020/1769 811/1025/1769 830/1058/1769
s 1
f 849/1059/1695 799/1054/1696 819/1053/1758
f 777/995/1496 802/1056/1766 841/1060/1770
f 777/995/1771 841/1060/1772 783/1061/1773
f 825/1062/1753 794/908/1700 679/880/1774
s 0
f 796/1020/1775 830/1058/1775 787/1018/1775
s 1
f 812/1041/1776 788/1004/1777 849/1023/1778
s 0
f 795/1013/1779 770/998/1779 834/989/1779
s 1
f 754/984/1649 763/992/1631 902/1063/1780
s 0
f 779/106/1781 81/104/1781 839/1057/1781
s 1
f 838/1064/1782 786/1005/1783 806/1036/1784
f 813/1043/1743 807/1016/1785 816/1065/1744
s 0
f 791/1066/1786 808/1026/1786 818/1022/1786
s 1
f 824/1067/1787 822/1040/1788 812/1041/1776
s 0
f 770/998/1789 823/999/1789 834/989/1789
s 1
f 823/999/1681 786/1005/1703 835/1068/1790
f 786/1005/1783 838/1064/1782 835/1068/1791
f 833/1069/1792 832/1070/1793 831/1071/1794
f 830/1058/1795 807/1016/1682 787/1018/1684
f 81/104/1796 784/91/1797 839/1057/1798
f 806/1037/1799 754/984/1800 902/1063/1801
f 840/1072/1802 832/1073/1803 833/1074/1804
f 848/1075/1805 814/1033/1806 822/1052/1807
f 819/1053/1808 890/1076/1809 849/1059/1810
f 890/1076/1811 819/1053/1811 80/1077/1811
f 814/1033/1806 848/1075/1805 827/1027/1812
f 824/1067/1787 812/1041/1776 849/1023/1778
f 750/985/1764 767/975/1763 881/1078/1813
f 816/1049/1744 831/1071/1814 798/1038/1757
f 841/1045/1815 802/1044/1816 804/98/1817
f 839/1079/1798 784/105/1797 89/99/1818
f 838/1064/1819 806/1036/1799 902/1080/1801
f 842/1081/1820 843/1082/1821 844/1083/1822
s 0
f 844/1083/1823 843/1082/1823 845/1084/1823
f 842/1081/1824 844/1083/1824 845/1084/1824
s 1
f 843/1085/1821 842/1086/1820 846/1087/1825
f 823/999/1681 835/1068/1826 834/989/1662
f 831/1088/1794 832/1089/1793 853/1090/1827
s 0
f 832/1073/1828 846/1087/1828 842/1086/1828
s 1
f 808/1026/1829 791/1066/1830 811/1025/1831
f 895/1091/1832 791/1032/1833 827/1027/1812
f 848/1075/1805 822/1052/1807 852/1092/1834
f 837/1093/1740 650/1094/1276 720/1095/1747
f 831/1071/1814 816/1049/1744 833/1069/1835
s 0
f 845/1096/1836 843/1085/1836 846/1087/1836
s 1
f 848/1075/1805 852/1092/1834 862/1097/1837
f 817/836/1838 618/835/1839 921/1098/1840
s 0
f 832/1073/1841 842/1086/1841 853/1099/1841
s 1
f 816/1065/1744 807/1016/1785 830/1058/1842
f 851/1100/1843 819/1053/1844 783/1055/1845
f 833/1074/1835 816/1065/1744 830/1058/1842
f 811/1025/1831 791/1066/1830 864/1101/1846
f 854/1102/1847 859/1103/1848 862/1104/1849
f 855/1105/1850 857/1106/1851 856/1107/1852
s 0
f 856/1107/1853 860/1108/1853 855/1105/1853
s 1
f 856/1109/1852 857/1110/1851 859/1111/1854
s 0
f 855/1105/1855 860/1108/1855 865/1112/1855
f 859/1111/1856 860/1113/1856 856/1109/1856
f 865/1112/1857 857/1106/1857 855/1105/1857
s 1
f 822/1052/1807 824/1114/1858 852/1092/1834
s 0
f 846/1087/1859 832/1073/1859 840/1072/1859
s 1
f 867/1115/1860 840/1072/1802 833/1074/1804
s 0
f 876/1116/1861 847/1117/1861 861/1118/1861
f 860/1119/1862 859/1103/1862 854/1102/1862
f 80/1077/1863 819/1053/1863 851/1100/1863
s 1
f 773/1030/1754 850/1002/1756 883/1120/1864
f 811/1025/1865 864/1101/1866 830/1058/1867
f 864/1101/1868 847/1117/1869 884/1121/1870
f 884/1121/1871 847/1117/1872 879/1122/1873
f 847/1117/1874 876/1116/1875 868/1123/1876
f 895/1091/1832 827/1027/1812 848/1075/1805
f 862/1097/1837 852/1092/1834 866/1124/1877
f 863/1125/1878 872/1126/1879 896/1127/1880
f 750/985/1881 881/1078/1882 915/1128/1883
f 850/1002/1648 834/989/1662 835/1068/1826
f 902/1063/1884 763/992/1885 916/1129/1886
f 763/1039/1724 798/1038/1723 60/1130/1887
f 878/1131/1888 853/1132/1889 842/1133/1890
f 846/1087/1891 840/1072/1892 845/1096/1893
s 0
f 864/1101/1894 791/1066/1894 847/1117/1894
s 1
f 847/1117/1895 791/1066/1833 861/1118/1896
s 0
f 857/1134/1897 862/1104/1897 859/1103/1897
s 1
f 866/1124/1898 854/1135/1847 862/1097/1849
f 896/1127/1899 872/1126/1900 889/88/1901
f 845/1096/1893 840/1072/1902 878/1131/1903
f 879/1122/1873 847/1117/1872 868/1123/1904
s 0
f 870/1136/1905 871/1137/1905 865/1138/1905
f 870/1136/1906 865/1138/1906 860/1139/1906
f 870/1136/1907 860/1139/1907 871/1137/1907
s 1
f 839/1140/1908 89/1047/1739 805/1035/1720
f 750/985/1881 915/1128/1883 815/857/1909
f 833/1074/1835 830/1058/1842 887/1141/1910
s 0
f 877/1142/1911 857/1134/1911 865/1138/1911
f 871/1137/1912 860/1139/1912 854/1143/1912
s 1
f 801/1028/1710 773/1030/1469 883/1120/1913
f 842/1133/1890 845/1096/1914 878/1131/1888
s 0
f 80/1077/1915 851/1100/1915 890/1076/1915
s 1
f 850/1002/1916 835/1068/1917 906/1144/1918
f 838/1064/1819 902/1080/1801 906/1144/1919
s 0
f 884/1121/1920 888/1145/1920 864/1101/1920
s 1
f 877/1146/1921 848/1075/1805 862/1097/1837
s 0
f 862/1104/1922 857/1134/1922 877/1142/1922
s 1
f 863/1125/1878 896/1127/1880 874/1147/1923
f 805/1035/1720 825/1034/1719 893/1148/1924
f 925/1149/1925 850/1002/1916 906/1144/1918
f 906/1144/1918 835/1068/1917 838/1064/1926
f 853/1090/1927 912/1150/1928 831/1088/1929
f 853/1132/1927 878/1131/1930 912/1151/1928
f 867/1115/1931 833/1074/1835 887/1141/1910
f 868/1123/1876 876/1116/1875 885/1152/1932
f 767/975/1741 837/1048/1740 881/1078/1933
f 850/1002/1916 925/1149/1925 883/1120/1934
f 763/992/1885 60/1153/1935 869/1154/1936
f 868/1123/1904 882/1155/1937 879/1122/1873
f 895/1091/1832 848/1075/1805 877/1146/1921
f 824/1067/1938 849/1023/1939 874/1147/1940
f 849/1023/1939 863/1125/1941 874/1147/1940
f 783/1061/1773 841/1060/1772 892/1156/1942
f 825/1062/1753 679/880/1774 893/1157/1943
f 893/1157/1943 679/880/1774 817/836/1944
f 912/1150/1945 798/1158/1757 831/1088/1814
f 891/1159/1946 841/1160/1947 839/1140/1908
s 0
f 871/1137/1948 877/1142/1948 865/1138/1948
f 77/1161/1949 889/1162/1949 76/1163/1949
s 1
f 880/1164/1950 863/1165/1941 849/1059/1939
s 0
f 854/1135/1951 866/1124/1951 871/1166/1951
s 1
f 76/1167/1952 889/88/1953 872/1126/1954
s 0
f 892/1168/1955 890/1076/1955 851/1100/1955
s 1
f 878/1131/1956 840/1072/1957 867/1115/1958
f 830/1058/1842 864/1101/1959 888/1145/1960
f 891/1159/1946 839/1140/1908 805/1035/1720
f 883/1120/1913 901/1169/1961 801/1028/1710
f 887/1141/1910 830/1058/1842 888/1145/1960
f 882/1155/1962 868/1123/1963 897/1170/1964
f 868/1123/1963 885/1152/1965 897/1170/1964
s 0
f 897/1170/1966 885/1152/1966 876/1116/1966
s 1
f 872/1171/1967 863/1165/1968 880/1164/1969
f 849/1059/1810 890/1076/1809 929/1172/1970
f 841/1060/1772 891/1173/1971 892/1156/1942
f 929/1172/1972 890/1076/1973 892/1168/1974
f 906/1144/1919 957/1174/1975 925/1149/1976
f 889/88/100 77/1175/1977 903/89/101
f 851/1100/1843 783/1055/1845 892/1168/1978
f 908/1176/1979 879/1122/1980 882/1155/1962
f 861/1118/1896 791/1066/1833 895/1177/1832
s 0
f 78/1178/1981 903/1179/1981 910/1180/1981
f 910/1180/1982 903/1179/1982 904/1181/1982
s 1
f 907/1182/1983 904/1183/1984 903/1184/1985
f 904/1183/1984 907/1182/1983 78/1178/1986
s 0
f 904/1181/1987 77/1161/1987 910/1180/1987
f 910/1180/1988 77/1161/1988 75/1185/1988
s 1
f 872/1171/1954 958/1186/1989 76/1187/1952
f 941/1188/1990 929/1172/1991 892/1168/1974
f 895/1189/1832 877/1142/1921 871/1137/1992
s 0
f 889/88/1993 78/87/1993 907/1190/1993
f 903/89/1994 77/1175/1994 907/1191/1994
f 77/1175/1995 904/1192/1995 914/1193/1995
f 914/1194/1996 904/1183/1996 78/1178/1996
s 1
f 883/1120/1913 925/1149/1997 901/1169/1961
f 878/1131/1956 867/1115/1958 912/1151/1998
f 882/1155/1962 897/1170/1964 908/1176/1979
f 900/1195/1999 897/1170/2000 917/1196/2001
f 889/88/1901 907/1190/2002 896/1127/1899
f 896/1127/2003 907/1190/2002 914/1197/2004
f 78/1178/2005 910/1180/2006 914/1194/2007
f 77/1161/2008 76/1163/1952 926/1198/2009
f 915/1128/2010 881/1078/1933 837/1048/1740
f 801/1199/1647 901/1200/2011 720/1095/1747
f 901/1169/1961 925/1149/1997 945/1201/2012
s 0
f 908/1176/2013 897/1170/2013 900/1195/2013
s 1
f 871/1166/1992 866/1124/1877 933/1202/2014
s 0
f 896/1127/2015 914/1197/2015 75/1203/2015
s 1
f 907/1191/2002 77/1175/2016 914/1193/2004
f 75/1185/2017 77/1161/2008 926/1198/2009
f 958/1186/2018 872/1171/1967 880/1164/1969
f 901/1200/2011 923/1204/2019 720/1095/1747
f 763/992/1885 869/1154/1936 916/1129/1886
f 867/1115/1931 887/1141/1910 912/1151/1945
s 0
f 888/1145/2020 884/1121/2020 920/1205/2020
s 1
f 921/1098/2021 815/857/2022 915/1128/2023
f 920/1205/2024 884/1121/2025 879/1122/2026
f 933/1202/2014 866/1124/1877 852/1092/1834
f 910/1180/2006 75/1185/2027 914/1194/2007
f 618/835/2028 815/857/2022 921/1098/2021
f 924/1206/2029 923/1207/2029 922/1208/2029
f 906/1144/1919 902/1080/1801 79/1209/2030
s 0
f 916/1129/2031 869/1154/2031 911/1210/2031
s 1
f 911/1210/2032 966/1211/2032 916/1129/2032
f 74/1212/2033 926/1213/2009 76/1214/1952
f 958/1215/1989 949/1216/2034 76/1214/1952
f 817/836/1838 921/1098/1840 893/1157/2035
f 923/1207/2019 901/1217/2011 927/1218/2036
f 824/1219/1938 918/1220/2037 940/1221/2038
f 76/1214/1952 73/1222/2039 74/1212/2033
f 74/1212/2033 73/1222/2039 947/1223/2040
f 956/1224/2041 923/1207/2042 927/1218/2043
f 931/1225/2044 919/1226/2045 911/1227/2046
f 798/1158/1757 912/1150/1945 932/1228/2047
f 879/1122/2026 908/1176/2048 920/1205/2024
f 900/1195/2049 917/1196/2050 908/1176/2051
f 897/1170/2052 876/1116/2053 928/1229/2054
f 923/1207/2042 956/1224/2041 922/1208/2055
f 945/1201/2056 925/1149/1976 957/1174/1975
f 871/1137/1992 933/1230/2014 895/1189/1832
f 824/1219/1938 874/1231/1940 918/1220/2037
f 926/1213/2009 74/1212/2033 934/1232/2057
f 73/1233/2039 936/1234/2058 934/1235/2059
f 934/1232/2057 74/1212/2060 935/1236/2061
s 0
f 934/1235/2062 935/1237/2062 73/1233/2062
s 1
f 949/1216/2034 73/1222/2039 76/1214/1952
f 966/1211/2063 911/1210/2064 919/1238/2065
f 887/1141/1910 888/1145/1960 920/1205/2066
s 0
f 939/1239/2067 917/1196/2067 897/1170/2067
s 1
f 852/1092/1834 824/1114/1858 933/1202/2014
f 940/1221/2068 933/1240/2014 824/1219/1858
f 946/1241/2069 926/1213/2070 934/1232/2071
f 936/1242/2072 935/1236/2073 946/1243/2074
f 935/1236/2073 74/1212/2075 946/1243/2074
s 0
f 73/1233/2076 935/1237/2076 947/1244/2076
s 1
f 919/1226/2077 931/1225/2044 943/1245/2078
f 798/1158/1723 932/1228/2079 60/1246/1887
f 928/1229/2054 876/1116/2053 861/1118/2080
s 0
f 874/1231/2081 896/1247/2081 59/1248/2081
f 896/1247/2082 75/1185/2082 926/1198/2082
s 1
f 934/1249/2071 936/1242/2083 946/1243/2069
f 935/1236/2084 936/1242/2084 947/1250/2084
f 880/1164/1950 849/1059/1939 950/1251/2085
f 950/1251/2086 849/1059/1810 929/1172/1970
f 923/1207/2087 924/1206/2088 942/1252/2089
f 906/1144/1919 79/1209/2030 957/1174/1975
f 908/1176/2090 917/1196/2091 939/1239/2092
f 946/1243/2093 74/1212/2033 947/1223/2040
f 936/1253/2094 73/1254/2039 948/1255/2095
s 0
f 960/1256/2096 941/1188/2096 72/1257/2096
s 1
f 915/1258/2010 837/1259/1740 973/1260/2097
f 912/1151/1945 887/1141/1910 932/1261/2047
s 0
f 920/1205/2098 908/1176/2098 944/1262/2098
s 1
f 59/1248/2099 896/1247/2100 926/1198/2101
s 0
f 947/1263/2102 936/1253/2102 948/1255/2102
s 1
f 948/1255/2095 73/1254/2039 949/1264/2034
f 837/1265/2103 923/1207/2087 942/1252/2089
f 902/1063/1884 916/1129/1886 963/1266/2104
s 0
f 939/1239/2105 897/1170/2105 928/1229/2105
s 1
f 861/1118/1896 895/1177/1832 928/1229/2106
f 941/1188/1990 892/1168/1974 955/1267/2107
f 919/1238/2065 938/1268/2108 966/1211/2063
f 887/1141/2109 920/1205/2109 944/1262/2109
f 928/1229/2106 895/1177/1832 933/1269/2014
f 954/1270/2110 72/1257/2111 941/1188/2112
s 0
f 922/1208/2113 956/1224/2113 924/1206/2113
s 1
f 908/1176/2090 939/1239/2092 944/1262/2114
s 0
f 57/1271/2115 918/1220/2115 874/1231/2115
s 1
f 946/1272/2093 947/1263/2040 948/1255/2116
s 0
f 938/1268/2117 919/1238/2117 943/1273/2117
s 1
f 932/1261/2047 887/1141/1910 944/1262/2118
s 0
f 946/1272/2119 948/1255/2119 926/1198/2119
f 941/1188/2120 960/1256/2120 71/1274/2120
s 1
f 805/1275/1720 909/1276/2121 891/1173/1946
f 921/1277/2122 915/1258/2010 973/1260/2097
s 0
f 953/1278/2123 837/1265/2123 942/1252/2123
f 874/1231/2124 59/1248/2124 57/1271/2124
s 1
f 722/1279/2125 901/1280/2126 945/1281/2127
f 939/1239/2128 928/1229/2106 933/1269/2129
f 60/1282/2130 933/1240/2131 940/1221/2132
f 929/1172/2133 941/1188/2134 950/1251/2135
f 954/1270/2110 941/1188/2112 955/1267/2136
f 958/1186/2018 880/1164/1969 952/1283/2137
f 950/1251/2135 941/1188/2134 975/1284/2138
f 720/1095/1747 923/1204/2019 837/1093/1740
f 911/1227/2139 869/1285/2140 899/1286/2141
f 975/1284/2142 941/1188/2143 71/1274/2144
f 962/1287/2145 960/1256/2146 72/1257/2147
f 962/1287/2145 72/1257/2148 954/1270/2149
f 932/1261/2047 944/1262/2118 939/1239/2150
f 926/1198/2101 948/1255/2151 59/1248/2099
f 880/1164/1950 950/1251/2085 967/1288/2152
f 792/1289/2153 79/1209/2154 902/1080/2155
f 963/1266/2156 792/1290/2153 902/1063/2155
f 970/1291/2157 943/1245/2158 931/1225/2159
f 911/1227/2046 899/1286/2160 931/1225/2044
s 0
f 932/1261/2161 939/1239/2161 933/1269/2161
s 1
f 894/81/2162 62/77/2163 805/82/89
s 0
f 966/1211/2164 938/1268/2164 943/1273/2164
s 1
f 59/1248/2165 948/1255/2166 949/1264/2167
f 59/1248/2165 949/1264/2167 958/1292/2168
s 0
f 70/84/2169 67/85/2169 964/1293/2169
s 1
f 940/1221/2038 918/1220/2037 57/1271/2170
f 952/1283/2171 880/1164/1950 967/1288/2152
f 569/1294/2172 892/1156/1942 891/1173/1971
s 0
f 70/84/2173 964/1293/2173 557/1295/2173
s 1
f 805/1035/1720 893/1148/1924 894/1296/2174
f 957/1174/2175 79/1209/2154 792/1289/2153
f 931/1225/2176 899/1286/2177 790/1297/2178
f 951/1298/2179 60/1299/2180 940/1300/2181
f 837/1259/1740 764/1301/2182 973/1260/2097
f 966/1211/2183 943/1273/2184 969/1302/2185
f 966/1211/2183 969/1302/2185 968/1303/2186
s 0
f 970/1304/2187 969/1305/2187 971/1306/2187
f 969/1307/2188 943/1308/2188 971/1309/2188
f 968/1310/2189 971/1309/2189 972/1311/2189
f 971/1309/2190 943/1308/2190 972/1311/2190
s 1
f 943/1308/2158 970/1304/2157 972/1311/2191
s 0
f 971/1306/2192 968/1312/2192 970/1304/2192
s 1
f 57/1271/2193 59/1248/2194 958/1292/2195
f 968/1303/2186 972/1313/2196 966/1211/2183
f 972/1311/2191 970/1304/2157 974/1314/2197
s 0
f 970/1304/2198 968/1312/2198 974/1314/2198
s 1
f 968/1315/2186 969/1316/2185 974/1317/2199
f 869/1285/1936 60/1318/1935 789/1319/2200
f 958/1292/2195 952/1320/2201 57/1271/2193
f 962/1287/2145 954/1270/2149 965/1321/2202
f 805/82/2203 64/76/2204 909/1322/2205
f 916/1323/2206 966/1324/2207 959/1325/2208
s 0
f 706/1326/2209 966/1324/2209 974/1317/2209
f 966/1211/2210 972/1313/2210 974/1327/2210
s 1
f 970/1291/2157 931/1225/2159 58/1328/2211
f 932/1261/2079 933/1269/2212 60/1329/1887
f 909/1322/2213 64/76/2214 961/80/2215
f 893/1148/1924 921/1330/2122 973/1331/2097
s 0
f 956/1224/2216 927/1218/2216 905/1332/2216
s 1
f 974/1317/2199 969/1316/2185 58/1328/2217
s 0
f 969/1316/2218 970/1291/2218 58/1328/2218
f 931/1225/2219 790/1297/2219 771/75/2219
s 1
f 960/1256/2146 962/1287/2145 965/1321/2202
f 954/1270/2220 955/1267/2221 930/1333/2222
s 0
f 894/81/2223 68/86/2223 65/78/2223
s 1
f 706/1326/2224 974/1317/2199 58/1328/2217
f 820/1334/2225 924/1206/2226 956/1224/2227
s 0
f 886/1335/2228 905/1332/2228 927/1218/2228
f 966/1324/2229 706/1326/2229 959/1325/2229
s 1
f 899/1286/2230 869/1285/2231 789/1319/2232
f 909/1322/2233 961/80/2234 61/83/2235
f 67/85/2236 68/86/2237 729/1336/2238
f 931/1225/2159 771/75/2239 58/1328/2211
f 58/1328/2211 771/75/2239 937/1337/2240
f 965/1321/2241 954/1270/2220 930/1333/2222
f 964/1293/2242 67/85/2243 557/1295/2244
f 810/1338/2245 764/1339/2182 873/1340/2246
f 942/1252/2247 924/1206/2226 820/1334/2225
s 0
f 696/1341/2248 963/1342/2248 749/1343/2248
s 1
f 951/1298/2179 940/1300/2181 898/1344/2249
s 0
f 61/1345/2250 70/1346/2250 913/1347/2250
s 1
f 557/1295/2251 67/85/2243 729/1336/2252
f 886/1335/2253 927/1218/2254 901/1217/2255
f 945/1201/2256 957/1174/2175 792/1289/2153
f 891/1173/1946 909/1276/2121 655/1348/2257
f 886/1349/2253 901/1350/2255 810/1338/2245
f 764/1339/2182 837/1351/1740 873/1340/2246
f 810/1338/2245 873/1340/2246 875/1352/2258
f 873/1353/2259 837/1265/2260 953/1278/2261
f 886/1349/2253 810/1338/2245 875/1352/2258
f 905/1332/2262 820/1334/2225 956/1224/2227
f 953/1278/2263 942/1252/2264 829/1354/2265
f 829/1354/2266 873/1353/2267 953/1278/2268
f 858/1355/2269 886/1349/2270 875/1352/2271
f 820/1334/2225 905/1332/2262 858/1356/2272
s 0
f 905/1332/2273 886/1335/2273 858/1356/2273
s 1
f 942/1252/2247 820/1334/2225 829/1354/2265
f 875/1352/2274 873/1340/2275 836/1357/2276
s 0
f 873/1340/2277 829/1358/2277 836/1357/2277
s 1
f 826/1359/2278 875/1352/2274 836/1357/2276
f 828/1360/2279 829/1354/2265 820/1334/2225
f 858/1355/2269 875/1352/2271 826/1359/2280
f 820/1361/2281 858/1355/2269 826/1359/2280
f 809/1362/2282 828/1360/2279 820/1334/2225
s 0
f 810/1363/2283 826/1359/2283 836/1357/2283
f 836/1364/2284 829/1354/2284 821/1365/2284
s 1
f 821/1365/2285 829/1354/2265 828/1360/2279
f 710/1366/2286 820/1361/2287 826/1359/2288
f 809/1362/2282 820/1334/2225 778/1367/2289
f 809/1362/2282 778/1367/2289 56/1368/2290
s 0
f 836/1364/2291 821/1365/2291 764/1369/2291
s 1
f 710/1366/2286 826/1359/2288 810/1363/2292
f 57/1271/2293 952/1320/2171 967/1370/2152
s 0
f 950/1251/2294 975/1284/2294 747/1371/2294
s 1
f 729/1372/2295 894/1296/2174 893/1148/1924
f 762/1373/2296 809/1374/2297 56/1375/2298
s 0
f 706/1326/2299 58/1328/2299 937/1337/2299
s 1
f 771/75/2300 790/1297/2301 785/1376/2302
f 951/1298/2303 898/1344/2304 661/1377/2305
f 710/1378/2306 778/1367/2307 820/1334/2308
f 937/1337/2240 771/75/2239 53/74/2309
s 0
f 737/73/2310 771/75/2310 54/1379/2310
s 1
f 569/1294/2172 891/1173/1971 655/1348/2311
s 0
f 810/1363/2312 836/1357/2312 764/1380/2312
s 1
f 967/1288/2313 950/1251/2314 747/1371/2315
f 955/1267/2316 892/1168/2317 569/1381/2318
f 729/1336/2238 68/86/2237 894/81/2319
s 0
f 685/1382/2320 764/1301/2320 821/1383/2320
s 1
f 792/1384/2321 963/1342/2322 696/1341/2323
f 963/1385/2104 916/1323/1886 738/1386/2324
s 0
f 937/1337/2325 53/74/2325 54/1387/2325
f 937/1337/2326 54/1387/2326 719/1388/2326
f 54/1379/2327 771/75/2327 719/1389/2327
f 771/75/2328 785/1376/2328 719/1389/2328
s 1
f 785/68/2302 790/1390/2301 706/66/2329
s 0
f 620/1391/2330 52/63/2330 51/1392/2330
s 1
f 661/1377/2331 677/64/2332 620/1391/2333
s 0
f 785/69/2334 737/71/2334 719/1393/2334
f 70/1346/2335 557/1394/2335 913/1347/2335
s 1
f 685/1382/2336 821/1383/2336 828/1395/2336
f 56/1375/2337 580/1396/2338 762/1373/2339
s 0
f 722/1279/2340 945/1281/2340 697/1397/2340
s 1
f 697/1398/2341 945/1201/2342 792/1289/2343
f 789/1399/2200 60/1400/1935 588/1401/2344
s 0
f 52/63/2345 620/1391/2345 677/64/2345
s 1
f 52/63/75 691/65/2346 633/1402/2347
f 909/1276/2233 61/1345/2235 913/1347/2348
s 0
f 697/1397/2349 792/1384/2349 55/1403/2349
f 719/1393/2350 737/71/2350 706/66/2350
s 1
f 706/66/2329 790/1390/2301 899/1404/2351
f 421/1405/2352 778/1367/2353 710/1378/2306
f 696/1341/2354 680/1406/2355 577/1407/2356
s 0
f 937/1408/2357 719/1393/2357 706/66/2357
s 1
f 588/1409/2358 60/1410/2180 951/1411/2179
f 951/1298/2303 661/1377/2305 648/1412/2359
s 0
f 647/1413/2360 623/1414/2360 620/1391/2360
s 1
f 764/1301/2182 685/1382/2361 973/1260/2097
s 0
f 691/65/2362 677/64/2362 632/1415/2362
s 1
f 930/1333/2363 747/1371/2364 975/1284/2365
s 0
f 965/1321/2366 930/1333/2366 960/1256/2366
s 1
f 55/1403/2367 792/1384/2368 722/1279/2369
f 963/1385/2104 738/1386/2324 435/1416/2370
s 0
f 677/64/2371 661/1377/2371 632/1415/2371
f 71/1274/2372 960/1256/2372 930/1333/2372
s 1
f 913/1347/2373 655/1348/2257 909/1276/2121
s 0
f 55/1403/2374 722/1279/2374 697/1397/2374
s 1
f 552/1417/2375 749/1343/2376 963/1342/2377
s 0
f 647/1413/2378 620/1391/2378 615/1418/2378
s 1
f 615/1418/2379 51/1392/2380 633/1402/2347
f 51/1392/2380 52/63/75 633/1402/2347
f 975/1284/2142 71/1274/2144 930/1333/2381
f 625/1419/2382 789/1399/2200 588/1401/2383
f 633/1402/2384 691/65/2385 632/1415/2386
s 0
f 541/1420/2387 632/1415/2387 661/1377/2387
s 1
f 57/1271/2293 967/1370/2152 940/1221/2038
f 893/1148/1924 973/1331/2097 518/1421/2388
f 491/1422/2389 696/1341/2390 749/1343/2391
f 661/1377/2331 620/1391/2333 648/1412/2392
s 0
f 623/1414/2393 647/1413/2393 574/1423/2393
f 620/1391/2394 51/1392/2394 615/1418/2394
f 973/1331/2395 48/1424/2395 518/1421/2395
f 43/54/2396 45/56/2396 686/1425/2396
s 1
f 580/1396/2338 56/1375/2337 421/1426/2397
f 389/1427/2398 901/1280/2126 722/1279/2125
s 0
f 647/1413/2399 615/1418/2399 574/1423/2399
f 541/1420/2400 661/1377/2400 898/1344/2400
s 1
f 810/1338/2245 901/1350/2255 710/1428/2401
f 577/1407/2356 680/1406/2355 576/1429/2402
s 0
f 696/1341/2403 491/1422/2403 680/1406/2403
s 1
f 916/1323/2206 959/1325/2208 738/1386/2404
s 0
f 648/1412/2405 620/1391/2405 623/1414/2405
s 1
f 898/1344/2249 940/1300/2181 541/1420/2406
f 491/1422/2407 749/1343/2408 552/1417/2409
s 0
f 959/1430/2410 899/1404/2410 789/1399/2410
s 1
f 633/1402/2384 632/1415/2386 539/1431/2411
f 551/1432/2412 747/1371/2364 930/1333/2363
f 48/1424/2413 973/1331/2414 686/1433/2415
f 959/1430/2416 706/66/2329 899/1404/2351
f 561/1434/2417 588/1409/2358 951/1411/2179
f 967/1288/2313 747/1371/2418 551/1432/2419
f 596/1435/2420 809/1374/2421 762/1373/2422
s 0
f 959/1430/2423 789/1399/2423 625/1419/2423
f 623/1414/2424 574/1423/2424 539/1431/2424
s 1
f 569/1381/2318 930/1333/2425 955/1267/2316
f 828/1395/2426 809/1374/2427 596/1435/2428
s 0
f 56/1368/2429 778/1367/2429 421/1405/2429
s 1
f 437/1436/2430 722/1279/2431 792/1384/2321
f 437/1436/2430 792/1384/2321 696/1341/2323
f 576/1429/2402 680/1406/2355 509/1437/2432
s 0
f 648/1438/2433 623/1439/2433 539/1440/2433
s 1
f 539/1431/2434 574/1423/2435 615/1418/2436
f 655/1348/2257 913/1347/2373 557/1394/2437
f 45/56/65 48/57/67 686/1425/2438
s 0
f 648/1438/2439 539/1440/2439 522/1441/2439
s 1
f 557/1394/2440 729/1442/2295 566/1443/2441
f 482/1444/2442 729/1372/2295 893/1148/1924
f 398/1445/2443 46/60/2444 50/59/2445
s 0
f 509/1437/2446 680/1406/2446 491/1422/2446
s 1
f 435/1446/2447 552/1417/2448 963/1342/2377
f 655/1348/2257 557/1394/2440 566/1443/2441
s 0
f 518/61/2449 47/58/2449 41/53/2449
s 1
f 973/1260/2414 395/1447/2450 686/1448/2415
f 580/1396/2451 596/1435/2420 762/1373/2422
f 710/1428/2401 901/1350/2255 421/1449/2452
f 696/1341/2354 577/1407/2356 437/1436/2453
f 648/1438/2454 522/1441/2455 951/1411/2456
f 615/1418/2436 633/1402/2457 539/1431/2458
f 541/1450/2406 940/1451/2181 967/1452/2459
f 930/1333/2363 569/1381/2460 551/1432/2412
f 738/1453/2404 959/1430/2208 625/1419/2461
f 563/1454/2462 43/1455/2463 502/1456/2464
f 443/1457/2465 577/1407/2356 576/1429/2402
s 0
f 632/1415/2466 522/1458/2466 539/1431/2466
s 1
f 40/1459/2467 967/1288/2313 551/1432/2419
s 0
f 482/1460/2468 41/53/2468 46/60/2468
s 1
f 685/1382/2469 828/1395/2426 596/1435/2428
f 435/1461/2370 738/1453/2324 625/1419/2382
f 470/1462/2470 541/1450/2406 967/1452/2459
f 401/1463/2471 655/1348/2311 566/1443/2472
s 0
f 518/61/2473 41/53/2473 482/1460/2473
s 1
f 443/1457/2465 576/1429/2402 509/1437/2432
s 0
f 522/1458/2474 632/1415/2474 541/1420/2474
f 49/52/2475 563/62/2475 496/1464/2475
f 563/1454/2476 502/1456/2476 496/1465/2476
s 1
f 722/1279/2477 437/1436/2478 389/1427/2479
f 655/1348/2311 401/1463/2471 569/1294/2172
f 901/1466/2126 389/1467/2398 421/1426/2480
f 437/1436/2453 577/1407/2356 443/1457/2465
f 435/1461/2370 625/1419/2382 588/1401/2383
f 561/1434/2481 951/1411/2482 522/1441/2455
f 973/1260/2414 685/1382/2361 395/1447/2450
f 566/1468/2441 729/1372/2295 482/1444/2442
f 43/1455/2463 686/1469/2483 502/1456/2464
f 522/1458/2484 541/1420/2485 470/1470/2486
f 893/1148/1924 518/1421/2388 482/1444/2487
f 561/1471/2488 522/1458/2484 470/1470/2486
f 450/1472/2489 967/1452/2490 40/1473/2491
f 686/1448/2415 395/1447/2450 502/1474/2492
f 685/1382/2361 596/1435/2493 395/1447/2450
f 470/1462/2470 967/1452/2459 450/1472/2494
f 339/1475/2495 561/1471/2417 470/1470/2470
f 439/1476/2496 470/1462/2470 450/1472/2494
f 421/1426/2480 389/1467/2398 395/1447/2497
f 437/1436/2453 443/1457/2465 370/1477/2498
f 482/1460/2499 46/60/2500 398/1445/2443
f 596/1435/2493 580/1396/2501 395/1447/2450
f 421/1426/2502 395/1447/2450 580/1396/2501
f 398/1445/2503 49/52/2504 496/1464/2505
f 439/1476/2506 450/1472/2506 419/1478/2506
f 443/1457/2465 509/1437/2432 491/1422/2507
s 0
f 491/1422/2508 552/1417/2508 341/1479/2508
f 552/1417/2509 435/1446/2509 341/1479/2509
s 1
f 401/1480/2510 551/1432/2419 569/1381/2511
f 50/59/2512 49/52/2504 398/1445/2503
f 470/1470/2470 439/1481/2496 339/1475/2495
f 419/1478/2513 450/1472/2514 343/1482/2515
f 496/1465/2516 502/1456/2492 395/1483/2517
f 380/1484/2518 419/1478/2519 343/1482/2520
f 370/1477/2498 443/1457/2465 491/1422/2507
s 0
f 409/1485/2521 419/1478/2521 380/1484/2521
s 1
f 588/1409/2358 561/1434/2417 339/1486/2495
f 435/1487/2522 588/1488/2523 298/1489/2524
f 339/1475/2525 439/1481/2526 324/1490/2527
s 0
f 372/1491/2528 409/1485/2528 344/1492/2528
s 1
f 450/1472/2489 40/1473/2491 343/1482/2529
f 566/1468/2441 482/1444/2442 398/1493/2530
f 324/1494/2527 439/1476/2526 419/1478/2531
f 40/1459/2467 551/1432/2419 401/1480/2510
f 314/1495/2532 372/1491/2533 351/1496/2534
f 351/1496/2534 372/1491/2533 344/1492/2535
f 370/1477/2536 491/1422/2537 341/1479/2538
f 566/1468/2441 398/1493/2530 395/1497/2517
s 0
f 324/1498/2539 419/1499/2539 291/1500/2539
f 419/1501/2540 409/1502/2540 291/1503/2540
f 344/1492/2541 409/1485/2541 311/1504/2541
s 1
f 398/1505/2530 496/1465/2516 395/1483/2517
f 588/1409/2358 339/1486/2495 296/1506/2542
s 0
f 351/1507/2543 301/1508/2543 314/1509/2543
s 1
f 370/1477/2536 341/1479/2538 308/1510/2544
f 349/1511/2545 351/1496/2534 344/1492/2535
f 328/1512/2546 344/1492/2535 318/1513/2547
f 588/1514/2548 296/1515/2549 297/1516/2550
f 409/1502/2551 314/1509/2552 291/1503/2553
f 314/1495/2552 409/1485/2551 372/1491/2554
f 344/1492/2535 328/1512/2546 349/1511/2545
s 0
f 409/1485/2555 380/1484/2555 311/1504/2555
s 1
f 301/1508/2556 351/1507/2534 289/1517/2557
f 289/1518/2557 351/1496/2534 349/1511/2545
f 344/1519/2535 311/1520/2558 313/1521/2559
f 389/1427/2479 437/1436/2478 370/1477/2560
f 339/1486/2561 324/1498/2562 296/1506/2563
f 289/1517/2557 328/1522/2546 307/1523/2564
f 328/1522/2546 39/1524/2565 307/1523/2564
s 0
f 308/1510/2566 341/1479/2566 435/1446/2566
s 1
f 349/1511/2545 328/1512/2546 289/1518/2557
f 588/1514/2548 297/1516/2550 302/1525/2567
f 389/1427/2568 370/1477/2536 308/1510/2544
f 296/1506/2569 324/1498/2562 291/1500/2570
f 39/1526/2565 328/1512/2546 318/1513/2547
f 343/1527/2529 40/1528/2491 401/1529/2571
f 401/1529/2572 566/1468/2573 395/1497/2574
f 299/1530/2575 389/1427/2576 308/1510/2544
s 0
f 298/1489/2577 588/1488/2577 187/1531/2577
s 1
f 435/1446/2522 298/1532/2578 308/1510/2579
s 0
f 187/1533/2580 588/1514/2580 302/1525/2580
s 1
f 318/1534/2547 344/1519/2535 200/1535/2581
s 0
f 380/1536/2582 343/1527/2582 305/1537/2582
s 1
f 200/1535/2581 344/1519/2535 313/1521/2559
f 313/1521/2559 311/1520/2558 230/1538/2583
s 0
f 243/1539/2584 302/1525/2584 242/1540/2584
f 242/1540/2585 302/1525/2585 297/1516/2585
s 1
f 187/1533/2586 302/1525/2586 243/1539/2586
s 0
f 242/1540/2587 297/1516/2587 187/1541/2587
f 242/1542/2588 187/1533/2588 240/1543/2588
f 240/1543/2589 187/1533/2589 243/1539/2589
f 242/1540/2590 238/1544/2590 243/1539/2590
f 241/1545/2591 242/1546/2591 240/1547/2591
f 240/1543/2592 243/1539/2592 238/1544/2592
f 242/1546/2593 241/1545/2593 238/1548/2593
f 241/1545/2594 240/1547/2594 297/51/2594
f 235/1549/2595 291/1503/2595 314/1509/2595
f 297/51/2596 296/1550/2596 241/1545/2596
s 1
f 318/1534/2547 200/1535/2581 39/1524/2565
s 0
f 216/1551/2597 389/1427/2597 299/1530/2597
f 240/1547/2598 223/49/2598 297/51/2598
s 1
f 314/1509/2599 301/1508/2600 307/1523/2564
f 307/1523/2564 301/1508/2556 289/1517/2557
s 0
f 229/1552/2601 380/1536/2601 305/1537/2601
s 1
f 305/1537/2602 343/1527/2529 401/1529/2571
s 0
f 299/1530/2603 308/1510/2603 216/1551/2603
f 240/1553/2604 238/1548/2604 223/1554/2604
f 238/1548/2605 241/1545/2605 223/1554/2605
s 1
f 307/1523/2564 39/1524/2565 200/1535/2581
s 0
f 223/1554/2606 241/1545/2606 296/1550/2606
s 1
f 200/1535/2581 313/1521/2559 230/1538/2583
s 0
f 171/1555/2607 38/1556/2607 223/1557/2607
s 1
f 187/1541/2608 297/1516/55 38/1558/54
s 0
f 229/1552/2609 183/1559/2609 380/1536/2609
f 38/1560/2610 298/1561/2610 181/1562/2610
f 298/1489/2611 187/1531/2611 181/1563/2611
f 180/1564/2612 187/1531/2612 38/1565/2612
f 180/1564/2613 38/1565/2613 181/1566/2613
f 181/1563/2614 187/1531/2614 37/1567/2614
s 1
f 180/1564/2615 37/1567/2616 187/1531/2617
s 0
f 181/1563/2618 37/1567/2618 173/1568/2618
s 1
f 37/1567/2616 180/1564/2615 174/1569/2619
s 0
f 180/1570/2620 181/1563/2620 173/1568/2620
f 173/1568/2621 37/1567/2621 174/1569/2621
f 171/1555/2622 180/1571/2622 173/1572/2622
f 171/1555/2623 174/1573/2623 180/1571/2623
s 1
f 168/1574/2624 173/1575/2625 174/1573/2626
s 0
f 174/1573/2627 171/1555/2627 223/1557/2627
s 1
f 230/1538/2583 311/1520/2558 144/1576/2628
s 0
f 168/1577/2629 171/1555/2629 173/1572/2629
s 1
f 168/1574/2624 174/1573/2626 223/1557/2630
f 200/1535/2581 230/1538/2583 186/1578/2631
f 186/1578/2631 230/1538/2583 144/1576/2632
f 167/1579/2633 223/1557/2634 296/1580/2635
f 307/1523/2564 200/1535/2581 144/1576/2632
s 0
f 143/1581/2636 298/1561/2636 38/1560/2636
f 311/1520/2637 380/1536/2637 144/1576/2637
f 38/1556/2638 171/1555/2638 168/1577/2638
s 1
f 168/1574/2639 223/1557/2634 167/1579/2633
f 314/1509/2599 307/1523/2564 144/1576/2632
f 229/1552/2640 305/1537/2641 183/1559/2642
s 0
f 128/1582/2643 38/1583/2643 168/1584/2643
s 1
f 200/1535/2581 186/1578/2631 144/1576/2632
f 298/1561/2644 143/1581/2645 128/1585/2646
f 395/1586/2497 389/1427/2398 216/1551/2647
s 0
f 143/1587/2648 38/1583/2648 124/1588/2648
f 124/1588/2649 38/1583/2649 128/1582/2649
s 1
f 128/1589/2646 143/1590/2645 112/1591/2650
s 0
f 143/1590/2651 124/1592/2651 122/1593/2651
f 124/1594/2652 128/1589/2652 112/1591/2652
f 112/1591/2653 143/1590/2653 122/1593/2653
f 110/1595/2654 168/1596/2654 124/1594/2654
f 168/1596/2655 122/1597/2655 124/1594/2655
s 1
f 235/1549/2656 314/1509/2657 144/1576/2658
s 0
f 110/1595/2659 124/1594/2659 112/1591/2659
f 144/1576/2660 380/1536/2660 183/1559/2660
s 1
f 305/1537/2602 401/1529/2571 87/1598/2661
f 308/1510/2579 298/1532/2578 108/1599/2662
f 128/1582/2663 168/1584/2664 110/1600/2665
f 103/1601/2666 183/1559/2642 305/1537/2641
f 298/1561/2644 128/1585/2646 90/1602/2667
f 90/1603/2668 128/1604/2663 110/1605/2665
s 0
f 110/1595/2669 112/1591/2669 122/1593/2669
f 122/1606/2670 168/1607/2670 167/1608/2670
f 95/1609/2671 91/1610/2671 94/1611/2671
f 110/1612/2672 95/1609/2672 94/1611/2672
s 1
f 93/1613/2673 94/1614/2674 91/1615/2675
s 0
f 91/1610/2676 95/1609/2676 90/1616/2676
s 1
f 92/1617/2677 93/1613/2678 91/1615/2679
s 0
f 93/1613/2680 92/1617/2680 95/1609/2680
f 90/1616/2681 95/1609/2681 92/1617/2681
f 90/1616/2682 92/1617/2682 101/1618/2682
s 1
f 69/1619/2683 92/1617/2677 91/1615/2679
f 103/1601/2684 305/1537/2602 87/1598/2661
f 401/1529/2572 395/1497/2574 87/1598/2685
f 235/1549/2656 144/1576/2658 183/1559/2686
f 308/1510/2579 108/1599/2662 216/1551/2687
f 92/1617/2677 69/1619/2683 101/1618/2688
s 0
f 91/1615/2689 90/1620/2689 69/1619/2689
s 1
f 110/1612/2690 122/1606/2691 167/1608/2692
s 0
f 291/1503/2693 235/1549/2693 66/1621/2693
f 298/1561/2694 90/1602/2694 101/1622/2694
f 235/1549/2695 183/1559/2695 66/1621/2695
s 1
f 395/1586/2497 216/1551/2647 108/1599/2696
f 69/1623/2697 90/1603/2698 94/1624/2699
f 90/1603/2668 110/1605/2665 94/1624/2700
f 94/1614/2674 93/1613/2673 42/1625/2701
f 93/1613/2702 95/1609/2703 42/1625/2704
s 0
f 298/1626/2705 101/1627/2705 42/1628/2705
f 42/1628/2706 101/1627/2706 69/1623/2706
s 1
f 95/1609/2703 110/1612/2707 42/1625/2704
s 0
f 66/1629/2708 296/1580/2708 291/1630/2708
f 66/1621/2709 183/1559/2709 103/1601/2709
s 1
f 42/1625/2710 110/1612/2690 167/1608/2692
s 0
f 167/1579/2711 296/1580/2711 66/1629/2711
s 1
f 69/1623/2697 94/1624/2699 42/1628/2712
f 395/1586/2574 108/1599/2713 87/1631/2685
s 0
f 36/1632/2714 34/1633/2714 35/1634/2714
s 1
f 33/1635/2715 27/1636/2716 35/1634/2717
s 0
f 32/1637/2718 34/1638/2718 33/1635/2718
f 298/1626/2719 42/1628/2719 167/1639/2719
s 1
f 298/1640/2720 36/1632/2721 27/1636/2722
s 0
f 36/1632/2723 35/1634/2723 27/1636/2723
f 33/1635/2724 34/1638/2724 27/1636/2724
s 1
f 23/1641/2725 36/1632/2721 298/1640/2720
f 108/1599/2726 298/1532/2720 27/1642/2722
s 0
f 27/1642/2727 34/1643/2727 23/1644/2727
f 34/1633/2728 36/1632/2728 23/1641/2728
s 1
f 298/1626/2720 167/1639/2729 23/1645/2725
s 0
f 167/1646/2730 66/1647/2730 103/1648/2730
s 1
f 23/1645/2731 167/1639/2732 32/1649/2733
f 87/1631/2661 108/1599/2726 27/1642/2722
f 87/1631/2661 27/1642/2722 23/1644/2734
f 103/1648/2684 87/1650/2661 167/1646/2735
f 167/1646/2735 87/1650/2661 15/1651/2736
f 23/1645/2731 32/1649/2733 33/1652/2737
s 0
f 32/1653/2738 167/1646/2738 15/1651/2738
s 1
f 87/1650/2661 23/1654/2734 15/1651/2736
s 0
f 32/1653/2739 15/1651/2739 12/1655/2739
s 1
f 15/1651/2740 23/1654/2741 12/1655/2742
f 23/1645/2741 33/1652/2715 12/1656/2742
s 0
f 35/1657/2743 34/1638/2743 32/1637/2743
s 1
f 33/1652/2715 35/1658/2717 12/1656/2742
s 0
f 35/1657/2744 32/1637/2744 12/1659/2744
