# Blender 4.3.2
# www.blender.org
o model
v -0.405956 0.535751 0.269172
v -0.405230 0.591368 0.295600
v -0.328817 0.715192 0.359510
v -0.035802 0.717616 0.359621
v -0.403770 0.553195 -0.082870
v -0.267327 0.277167 0.091705
v 0.272711 0.447013 0.226225
v -0.404338 0.531645 -0.425985
v -0.403753 0.538064 -0.223768
v -0.373332 0.345702 0.724602
v -0.403008 0.649896 -0.265413
v 0.401926 0.832749 0.351161
v 0.401640 0.786522 0.387788
v 0.229111 0.435687 0.610713
v -0.401404 0.706346 -0.190739
v 0.272695 0.453610 0.534187
v 0.182807 0.357114 0.335798
v -0.355987 0.158568 0.030087
v -0.403801 0.553328 -0.550889
v -0.267688 0.254167 0.315400
v -0.356036 0.152522 0.347844
v -0.266379 0.136341 0.326475
v -0.267525 0.001282 0.145363
v -0.267271 0.001250 0.234093
v -0.355824 0.001973 0.235439
v -0.267383 0.061734 0.315979
v -0.267717 0.126299 0.338074
v -0.267482 0.062026 0.062820
v -0.406380 0.349780 0.179993
v -0.356031 0.060303 0.062611
v -0.267972 0.160452 0.347348
v -0.356024 0.000989 0.145811
v -0.356084 0.061013 0.315526
v -0.264799 0.167207 0.312539
v -0.261549 0.127984 0.255999
v -0.400957 0.709027 -0.253565
v -0.263093 0.261876 -0.468727
v -0.403286 0.625988 -0.586166
v -0.324787 0.760450 -0.191754
v -0.324747 0.760689 -0.216732
v -0.271550 0.318175 0.829915
v -0.260535 0.284325 0.703240
v -0.260522 0.313197 0.684071
v -0.403941 0.549158 -0.728833
v 0.374501 0.538556 0.170800
v -0.267767 0.317025 0.488124
v -0.262515 0.211144 -0.640596
v 0.273241 0.364444 0.083917
v -0.401221 0.708791 -0.572976
v -0.399885 0.710372 -0.655609
v 0.374840 0.438128 0.125763
v 0.187609 0.324587 0.719311
v 0.227494 0.322533 0.731556
v 0.181498 0.404329 0.741423
v 0.182712 0.349005 0.714863
v 0.202349 0.332329 0.735238
v 0.230817 0.321036 0.756305
v 0.173495 0.632485 0.730370
v -0.181797 0.607480 0.740385
v -0.172919 0.632399 0.366567
v 0.182751 0.598354 0.335421
v 0.228329 0.336585 0.733663
v -0.356117 0.210675 0.389241
v -0.267158 0.061961 0.404236
v -0.267366 0.117977 0.682873
v -0.355896 0.001184 0.578170
v -0.373484 0.349311 0.178537
v -0.355864 0.000681 0.489185
v -0.356100 0.059405 0.661670
v -0.267557 0.000868 0.578187
v -0.355987 0.032664 0.443004
v -0.406022 0.372990 0.113502
v -0.268047 0.158806 0.694728
v -0.355753 0.154071 0.695740
v -0.267438 0.060582 0.661635
v -0.356015 0.064006 0.402905
v -0.264638 0.137305 0.670528
v -0.262393 0.129762 0.595148
v -0.267459 0.000872 0.488782
v -0.356051 0.154950 0.372533
v -0.356108 0.253519 0.662444
v -0.355983 0.314946 0.578402
v -0.260640 0.124677 0.669452
v 0.266022 0.137141 0.327390
v -0.260480 0.124382 0.721927
v 0.375376 0.396029 -0.148682
v 0.267371 0.000824 0.234063
v 0.356038 0.001412 0.232512
v 0.356214 0.001420 0.145175
v 0.355549 0.055806 0.309285
v 0.356176 0.103534 0.330159
v 0.356032 0.060403 0.063545
v 0.355951 0.156419 0.347586
v 0.356095 0.256597 0.314037
v 0.268191 0.257987 0.313424
v 0.355980 0.159190 0.031492
v 0.356140 0.256473 0.063893
v 0.267692 0.256838 0.063885
v 0.356181 0.103590 0.048577
v 0.267483 0.000931 0.146026
v 0.267070 0.188695 0.336355
v 0.264456 0.213946 0.299950
v 0.262097 0.242474 0.296184
v -0.374468 0.373054 0.114491
v 0.264721 0.253998 0.276159
v 0.355875 0.316213 0.229968
v 0.356118 0.315930 0.145218
v 0.267778 0.315987 0.144706
v 0.266812 0.152159 0.347514
v 0.262813 0.242667 0.079910
v 0.267228 0.060243 0.314753
v 0.261342 0.207176 0.313023
v 0.264177 0.213862 0.075833
v 0.266955 0.154898 0.030391
v 0.267460 0.060585 0.063119
v 0.263685 0.167235 0.318254
v 0.261370 0.275028 0.264669
v 0.263141 0.255022 0.095120
v 0.268298 0.316360 0.230795
v 0.264336 0.261209 0.125226
v 0.262910 0.167342 0.062720
v 0.260633 0.211656 0.062983
v 0.021671 0.124701 0.828876
v 0.279369 0.148120 0.732941
v 0.267872 0.164161 0.733626
v 0.261055 0.148251 0.733284
v 0.267054 0.115588 0.385361
v 0.267293 0.000802 0.489082
v 0.267182 0.258022 0.406416
v 0.356115 0.001856 0.578168
v 0.356049 0.060976 0.662920
v 0.267959 0.316635 0.488655
v 0.355902 0.315722 0.487101
v 0.268051 0.315811 0.575315
v 0.356135 0.257159 0.660449
v 0.355888 0.315706 0.577819
v 0.266302 0.226716 0.671570
v 0.267235 0.264547 0.650507
v -0.405496 0.439135 0.124702
v 0.261825 0.241308 0.636394
v 0.356007 0.157601 0.695761
v 0.356249 0.255465 0.405285
v 0.265136 0.258491 0.615406
v 0.268072 0.290243 0.452109
v 0.267937 0.154767 0.694951
v 0.263252 0.282911 0.574174
v 0.261453 0.226757 0.657166
v 0.261106 0.275243 0.607227
v 0.263446 0.281021 0.484598
v 0.264502 0.187412 0.654467
v 0.356187 0.028940 0.450182
v 0.262131 0.303189 0.501734
v 0.356008 0.000977 0.489599
v 0.261914 0.307632 0.558852
v 0.262772 0.275219 0.456086
v 0.267490 0.060812 0.662884
v 0.262172 0.177884 0.671806
v 0.260560 0.318203 0.680778
v 0.373042 0.291507 0.700750
v 0.373245 0.216705 0.709454
v -0.405050 0.530766 0.165264
v 0.373527 0.124670 0.735504
v 0.373574 0.146696 0.746050
v 0.330976 0.150021 0.733072
v 0.360067 0.149916 0.734453
v 0.373421 0.126385 0.724407
v 0.372854 0.141164 0.715068
v 0.328943 0.140346 0.731028
v 0.260839 0.141365 0.714980
v 0.262861 0.260080 0.453933
v 0.265664 0.259459 0.439935
v 0.267512 0.158136 0.371920
v 0.355745 0.062366 0.403589
v 0.267135 0.001602 0.579870
v 0.267336 0.105178 0.678332
v 0.265954 0.136541 0.670104
v 0.261194 0.279161 0.705409
v -0.406146 0.441464 0.223901
v 0.263192 0.244523 0.438264
v 0.263296 0.242738 0.423266
v 0.355969 0.156629 0.371894
v 0.264439 0.213040 0.413470
v 0.264741 0.157487 0.748801
v 0.272515 0.185200 0.829686
v 0.273035 0.193129 0.748588
v 0.272767 0.318300 0.747779
v 0.265877 0.139820 0.728134
v 0.267234 0.060859 0.404863
v 0.260189 0.124568 0.674395
v 0.261319 0.124096 0.805370
v 0.196574 0.188446 0.864583
v 0.263821 0.166249 0.407395
v 0.205885 0.124321 0.830030
v 0.373182 0.321226 0.746879
v 0.260283 0.317866 0.455710
v 0.261594 0.132458 0.738774
v 0.079751 0.124906 0.829489
v 0.198150 0.307481 0.864447
v 0.271529 0.318288 0.830024
v 0.373005 0.324479 0.672876
v 0.260772 0.124655 0.717186
v 0.260454 0.124914 0.740357
v -0.122719 0.125078 0.830326
v 0.373503 0.345695 0.723124
v 0.264379 0.123847 0.725201
v 0.265828 0.124040 0.735828
v -0.033697 0.124940 0.830378
v 0.260361 0.216403 0.402685
v 0.260791 0.328659 0.646879
v -0.208143 0.124494 0.829958
v -0.197632 0.188039 0.864496
v 0.373276 0.330837 0.210579
v 0.263806 0.276855 0.139106
v 0.263709 0.154613 0.055248
v 0.266738 0.141000 0.407173
v 0.260089 0.124442 0.534723
v 0.272840 0.351642 0.705128
v 0.262537 0.326878 0.505881
v -0.198017 0.307926 0.864459
v 0.268802 0.320475 0.757924
v 0.265990 0.136529 0.066427
v 0.261460 0.157546 0.393189
v -0.261942 0.124280 0.804746
v 0.273342 0.338322 0.733751
v 0.264428 0.282036 0.231184
v 0.260679 0.124556 -0.030543
v -0.403070 0.567476 -0.830007
v 0.401158 0.707316 0.129631
v 0.260613 0.323199 -0.071924
v 0.374132 0.699245 0.087267
v 0.402106 0.663399 0.077431
v 0.267148 0.218131 -0.028029
v 0.356294 0.001751 -0.219588
v 0.355941 0.001185 -0.126708
v 0.268322 0.291210 -0.090848
v 0.268856 0.317265 -0.127553
v 0.356064 0.315470 -0.220561
v 0.355990 0.256254 -0.304008
v 0.268298 0.316446 -0.220159
v 0.267721 0.257393 -0.303397
v 0.356045 0.315821 -0.124044
v 0.356079 0.256157 -0.040683
v 0.263945 0.292198 -0.207876
v 0.267770 0.256435 -0.041031
v 0.263984 0.275551 -0.217782
v 0.356069 0.061421 -0.304403
v 0.264721 0.263882 -0.252876
v 0.265628 0.231996 -0.283797
v 0.356080 0.109606 -0.321617
v 0.355880 0.061917 -0.040486
v 0.263072 0.291743 -0.136138
v 0.263152 0.245091 -0.268701
v 0.356055 0.157913 -0.337764
v 0.356050 0.155486 -0.006852
v 0.265237 0.272985 -0.120322
v 0.260539 0.320447 -0.195541
v 0.267387 0.001463 -0.219595
v -0.273678 0.349699 0.178313
v 0.262447 0.311758 -0.144357
v 0.260962 0.275784 -0.247815
v 0.267373 0.061605 -0.304839
v 0.263431 0.261149 -0.105150
v 0.267366 0.155739 -0.337553
v 0.267411 0.061679 -0.039961
v 0.263700 0.243228 -0.064222
v 0.267364 0.001775 -0.125146
v 0.261918 0.250195 -0.078133
v 0.260554 0.322632 -0.472511
v 0.264048 0.215407 -0.422639
v 0.355650 0.000049 -0.548781
v 0.356336 0.155942 -0.707068
v 0.356153 0.061556 -0.674907
v 0.356169 0.253718 -0.674290
v 0.356153 0.008134 -0.598864
v 0.356216 0.315340 -0.591317
v 0.355792 0.000000 -0.585751
v 0.355875 0.316899 -0.493405
v 0.268774 0.317134 -0.588506
v 0.356013 0.001012 -0.493947
v 0.356161 0.281560 -0.442089
v 0.267230 0.156989 -0.707119
v 0.267174 0.064733 -0.676515
v 0.355854 0.000689 -0.552449
v 0.355643 0.000069 -0.550760
v 0.356126 0.255355 -0.406166
v 0.267380 0.315489 -0.491525
v 0.262309 0.310395 -0.503709
v 0.267280 0.001075 -0.587705
v 0.355937 0.060895 -0.408301
v 0.267827 0.255384 -0.674067
v 0.267416 0.000896 -0.493939
v 0.267076 0.040019 -0.643728
v 0.355917 0.154422 -0.372567
v 0.263819 0.260321 -0.468700
v 0.263523 0.277078 -0.478582
v 0.263423 0.292814 -0.499003
v 0.266951 0.256013 -0.407132
v 0.272740 0.329998 -0.621331
v 0.266774 0.281873 -0.638911
v 0.267339 0.060566 -0.408429
v 0.260981 0.258973 -0.437691
v 0.261255 0.300287 -0.577912
v 0.263936 0.275240 -0.593597
v 0.264589 0.245068 -0.431226
v 0.261116 0.320999 -0.651229
v 0.267266 0.110206 -0.389049
v 0.267077 0.157407 -0.372512
v 0.272284 0.329752 -0.182591
v 0.266679 0.259085 -0.637105
v 0.267325 0.113108 -0.322742
v 0.267469 0.103290 -0.024980
v 0.324966 0.444958 -0.459150
v 0.403564 0.547458 -0.081155
v 0.401920 0.681804 -0.062485
v 0.374348 0.616372 -0.072893
v 0.374274 0.697789 -0.058425
v -0.404068 0.608270 0.194543
v 0.273130 0.443462 -0.493360
v 0.077080 0.471763 -0.646976
v 0.324972 0.465136 -0.597564
v 0.374584 0.698416 -0.136167
v 0.403394 0.583749 -0.161494
v 0.374437 0.698162 -0.186143
v 0.402847 0.607670 -0.202747
v 0.402537 0.535309 -0.215378
v 0.403166 0.529470 -0.173011
v 0.374612 0.627605 -0.200005
v 0.374522 0.602628 -0.157464
v 0.400737 0.708532 -0.134606
v 0.374044 0.699080 -0.253583
v 0.402466 0.620044 -0.270269
v 0.404068 0.532055 -0.328293
v 0.402233 0.631493 -0.312757
v 0.374124 0.698047 -0.391374
v 0.403099 0.532042 -0.464527
v 0.403230 0.589436 -0.456176
v 0.400075 0.708895 -0.571885
v 0.403096 0.641829 -0.533895
v 0.374406 0.635355 -0.534630
v 0.374466 0.698390 -0.520855
v 0.399633 0.709329 -0.520985
v 0.403117 0.560263 -0.729351
v -0.001216 0.698304 -0.864280
v 0.400209 0.707251 -0.701606
v 0.374388 0.700694 -0.745576
v 0.399150 0.709316 -0.741703
v 0.399794 0.667364 -0.756072
v 0.384881 0.736293 -0.836129
v 0.398551 0.697633 -0.864097
v 0.400650 0.620825 -0.861523
v 0.402263 0.568595 -0.827373
v -0.273069 0.481692 0.243467
v 0.205732 0.760673 -0.823416
v 0.401265 0.611476 -0.776479
v 0.402764 0.571723 -0.778016
v 0.400535 0.710010 -0.655502
v 0.374552 0.698960 -0.702807
v -0.374324 0.475134 0.142763
v 0.374535 0.639201 -0.768012
v 0.374675 0.615788 -0.717810
v 0.373914 0.697931 -0.437064
v 0.399930 0.707210 -0.435377
v 0.375517 0.760624 -0.818798
v 0.093805 0.570509 -0.780757
v 0.403273 0.553645 -0.552388
v 0.403881 0.526573 -0.425623
v 0.359405 0.571841 -0.778200
v 0.373968 0.698724 -0.574512
v 0.403436 0.564489 -0.596080
v 0.374538 0.605596 -0.453251
v 0.402763 0.614339 -0.407437
v -0.081108 0.589409 -0.772962
v -0.073768 0.514414 -0.770760
v -0.060679 0.581661 -0.770782
v 0.009506 0.594766 -0.772525
v 0.324837 0.513059 -0.769402
v 0.049584 0.511507 -0.770410
v 0.128364 0.573240 -0.771322
v 0.145466 0.594601 -0.772881
v 0.325144 0.574099 -0.771009
v -0.272836 0.389848 0.200446
v -0.124522 0.575503 -0.771279
v -0.053809 0.585147 -0.771955
v -0.272882 0.368169 0.058930
v 0.049841 0.760645 -0.829668
v 0.301821 0.573007 -0.774977
v 0.402980 0.601236 -0.675211
v 0.374311 0.700224 -0.657837
v 0.374769 0.553873 -0.552253
v 0.374839 0.532969 -0.464805
v 0.374908 0.526604 -0.426090
v 0.317741 0.584561 -0.772610
v 0.327176 0.570471 -0.772880
v 0.324789 0.508173 -0.758148
v 0.324835 0.474854 -0.656056
v 0.402988 0.579169 -0.414438
v 0.325228 0.592034 -0.773203
v 0.371746 0.610286 -0.773686
v 0.373112 0.613709 -0.773969
v 0.403120 0.575494 -0.415770
v 0.402955 0.577124 -0.414728
v 0.400183 0.708438 -0.388972
v 0.367380 0.592245 -0.774270
v 0.371766 0.612152 -0.773613
v 0.403088 0.551461 -0.684029
v 0.374860 0.552449 -0.684485
v 0.374451 0.649135 -0.667206
v 0.374523 0.615087 -0.588832
v 0.374588 0.631530 -0.404730
v 0.374289 0.697097 -0.302674
v 0.374792 0.559604 -0.596828
v 0.374894 0.567160 -0.417546
v 0.330234 0.590515 -0.772405
v 0.375164 0.557545 -0.728495
v 0.404676 0.525433 -0.289124
v 0.374542 0.599068 -0.318691
v 0.325120 0.760185 -0.500710
v 0.375279 0.546160 -0.771945
v 0.399391 0.709044 -0.252864
v 0.374429 0.647291 -0.264937
v 0.374668 0.533197 -0.329581
v 0.374504 0.527088 -0.289298
v 0.399545 0.707635 -0.299727
v -0.374690 0.760597 -0.818246
v 0.141968 0.572683 -0.773967
v 0.374817 0.535970 -0.215217
v -0.374293 0.430325 0.122884
v 0.324884 0.760649 -0.773619
v -0.199493 0.760538 -0.824281
v 0.375519 0.442781 -0.497744
v -0.239321 0.581090 -0.771791
v 0.375388 0.411161 -0.261098
v 0.374677 0.530207 -0.173682
v 0.400462 0.709048 -0.183654
v 0.374820 0.516428 -0.086523
v -0.324662 0.760644 -0.773442
v -0.399964 0.699579 -0.863952
v 0.052884 0.568034 -0.828867
v -0.212244 0.571828 -0.776770
v -0.053174 0.577514 -0.775291
v 0.025039 0.574653 -0.774523
v -0.374632 0.477488 -0.774223
v 0.375879 0.477569 -0.773960
v 0.375442 0.457843 -0.620119
v 0.403854 0.459689 -0.094035
v 0.402970 0.631873 -0.021379
v 0.375232 0.760785 -0.302808
v -0.325090 0.602568 -0.773029
v 0.272955 0.429697 -0.389527
v 0.375507 0.426922 -0.371952
v 0.404545 0.443404 -0.054068
v -0.325086 0.455299 -0.525293
v -0.324532 0.512168 -0.769246
v -0.401944 0.621107 -0.861624
v 0.374978 0.458826 -0.094157
v 0.404292 0.528724 -0.040155
v 0.399827 0.708681 -0.054986
v -0.072597 0.572097 -0.778447
v 0.265566 0.137439 -0.638475
v 0.261055 0.228076 -0.295653
v 0.262634 0.198284 -0.296330
v 0.267257 0.211644 -0.319440
v 0.272838 0.420303 -0.320299
v -0.374306 0.530145 0.166224
v -0.129955 0.574272 -0.775145
v -0.072500 0.572600 -0.772827
v 0.262168 0.275013 -0.622739
v 0.264044 0.166525 -0.405789
v 0.261973 0.196025 -0.311124
v 0.264117 0.182293 -0.048051
v -0.402760 0.708856 0.212277
v 0.374078 0.701670 -0.005128
v 0.272832 0.462737 -0.649916
v 0.266061 0.137119 -0.411716
v 0.266905 0.156348 -0.007026
v 0.262254 0.228176 -0.052419
v 0.374302 0.648950 -0.016891
v 0.403009 0.583167 0.059469
v -0.404877 0.631966 0.314533
v 0.261371 0.210563 -0.406411
v 0.374172 0.575295 -0.031282
v 0.374406 0.597491 0.062498
v 0.400233 0.708524 -0.005369
v -0.324874 0.493330 -0.711289
v -0.318718 0.578533 -0.772080
v 0.271076 0.461467 -0.651868
v 0.272293 0.334218 -0.651989
v 0.374843 0.443335 -0.054683
v 0.373648 0.523440 -0.039970
v 0.403193 0.533485 0.049194
v 0.400292 0.707870 0.090437
v 0.325116 0.443693 -0.183805
v -0.341601 0.583686 -0.773569
v -0.324722 0.568798 -0.772672
v -0.324884 0.760701 -0.647986
v 0.260895 0.262253 -0.651481
v 0.260468 0.124648 -0.312451
v 0.266081 0.136501 -0.144323
v -0.273074 0.379457 -0.027551
v 0.403134 0.525826 0.092562
v -0.325042 0.471872 -0.642804
v 0.259845 0.124562 -0.651588
v 0.262159 0.156226 -0.397275
v 0.264282 0.152074 -0.141620
v 0.263626 0.153003 -0.077462
v 0.272966 0.405505 -0.212708
v 0.375271 0.530666 0.048215
v -0.374491 0.365285 0.069745
v -0.375490 0.760573 -0.609165
v -0.017331 0.462030 -0.651700
v -0.374537 0.588233 0.190310
v 0.266098 0.137275 -0.032299
v 0.261739 0.179405 -0.030892
v 0.272994 0.389919 -0.101815
v -0.324224 0.443647 -0.443142
v 0.266014 0.136785 -0.310759
v 0.260021 0.124629 0.329506
v 0.259421 0.124492 0.735291
v 0.272701 0.329977 0.209587
v 0.261023 0.303298 0.158374
v 0.273113 0.332835 0.158242
v 0.403090 0.581315 0.104015
v -0.272838 0.185544 0.829171
v 0.373162 0.357653 0.658373
v -0.324742 0.760700 -0.587108
v -0.374236 0.699283 -0.743583
v -0.292883 0.571362 -0.775912
v 0.259989 0.124696 -0.547844
v 0.265446 0.136784 -0.075488
v 0.259560 0.124494 -0.104265
v 0.259825 0.124908 0.409775
v -0.373230 0.128121 0.716307
v -0.260483 0.124162 0.738133
v 0.190124 0.321887 0.856540
v 0.260661 0.321639 0.213635
v 0.263936 0.310862 0.213014
v 0.375286 0.376479 -0.009104
v -0.324693 0.760638 -0.548093
v -0.400122 0.708689 -0.701121
v -0.399975 0.710071 -0.740703
v 0.260321 0.124818 0.035667
v 0.260888 0.125361 0.064100
v -0.266897 0.258875 0.658945
v -0.373290 0.123429 0.735264
v 0.181721 0.603594 0.741322
v 0.273132 0.378222 -0.018082
v 0.374512 0.525974 0.091555
v -0.324816 0.760552 -0.456144
v 0.257889 0.124612 -0.405944
v 0.260798 0.125891 -0.406670
v 0.261569 0.127069 -0.142586
v -0.260328 0.124847 0.532213
v -0.267003 0.256857 0.406251
v -0.355710 0.258126 0.406174
v -0.267525 0.316723 0.575792
v -0.263024 0.182295 0.661451
v -0.373632 0.147106 0.746050
v -0.265726 0.161348 0.749166
v -0.173314 0.632615 0.730729
v 0.228096 0.354717 0.701156
v -0.373877 0.697070 0.209259
v 0.373213 0.355687 0.219663
v 0.374259 0.605324 0.108524
v 0.374269 0.701344 0.128709
v 0.324973 0.760299 0.216563
v -0.324738 0.760639 -0.488790
v 0.260132 0.124687 0.237821
v -0.260099 0.125319 0.445142
v -0.001271 0.321916 0.856708
v 0.008538 0.466789 0.738909
v 0.173672 0.632384 0.366336
v 0.401717 0.707980 0.212188
v -0.401062 0.709193 -0.521511
v -0.401204 0.653848 -0.759884
v -0.356048 0.316568 0.487812
v -0.273169 0.519897 0.263215
v 0.375095 0.371768 0.113373
v -0.325434 0.443507 -0.219440
v -0.324937 0.758641 -0.446241
v -0.374086 0.698921 -0.702165
v -0.262231 0.135425 -0.467069
v -0.356093 0.315842 -0.491921
v -0.356016 0.256976 -0.407716
v -0.356118 0.289394 -0.627959
v -0.267325 0.258414 -0.671248
v -0.267399 0.061200 -0.407502
v -0.356220 0.254782 -0.674794
v -0.356132 0.152834 -0.706685
v -0.355978 0.060894 -0.673544
v -0.267504 0.062027 -0.674815
v -0.355986 0.000960 -0.587770
v -0.267555 0.001514 -0.589359
v -0.267455 0.000796 -0.493870
v -0.272076 0.330199 0.098649
v -0.356037 0.000499 -0.542140
v -0.355727 0.003290 -0.489571
v -0.267853 0.042579 -0.647925
v -0.267582 0.044208 -0.649950
v -0.267701 0.041622 -0.646255
v -0.266650 0.133898 -0.640197
v -0.267271 0.139306 -0.701634
v -0.356136 0.062944 -0.406393
v -0.266685 0.103988 -0.688851
v -0.266685 0.103995 -0.688858
v -0.266692 0.104041 -0.688858
v -0.270241 0.155958 -0.706458
v -0.272358 0.155437 -0.706464
v -0.274364 0.156730 -0.706220
v -0.272845 0.386587 -0.079510
v -0.266870 0.105393 -0.687532
v -0.267074 0.200318 -0.692354
v -0.355914 0.155792 -0.372536
v -0.266190 0.143801 -0.407283
v -0.263121 0.134428 -0.503546
v -0.262177 0.129818 -0.638531
v -0.266434 0.259087 -0.639786
v -0.261645 0.127578 -0.552623
v -0.267703 0.118567 -0.385738
v -0.374162 0.534435 0.043368
v -0.267656 0.317076 -0.589470
v -0.355956 0.316779 -0.587872
v -0.267300 0.257947 -0.408420
v -0.356129 0.210046 -0.390529
v -0.268188 0.156264 -0.372267
v -0.260769 0.125038 -0.419981
v -0.267476 0.192555 -0.384716
v -0.260715 0.206667 0.710051
v 0.182879 0.321243 0.740974
v 0.182779 0.357167 0.655312
v 0.229151 0.400735 0.745541
v -0.324744 0.760552 -0.402847
v -0.401559 0.650156 -0.711726
v -0.374089 0.603933 -0.719816
v -0.402672 0.571049 -0.779364
v -0.389411 0.710988 0.351506
v -0.267052 0.203175 0.387690
v -0.264400 0.232997 0.640709
v -0.262350 0.227786 0.654994
v -0.182733 0.598048 0.335300
v 0.272583 0.401299 0.748636
v -0.375315 0.702506 -0.654591
v -0.272956 0.499334 0.352379
v -0.265913 0.272495 -0.597641
v -0.265287 0.315666 -0.494527
v -0.267828 0.153942 0.372287
v -0.263314 0.252953 0.620016
v 0.374672 0.489548 0.148444
v 0.375186 0.760014 0.231305
v 0.324983 0.502424 0.150258
v -0.324681 0.760562 -0.314657
v -0.273673 0.355935 0.220126
v -0.401183 0.663374 -0.662182
v -0.264206 0.159300 -0.389870
v -0.264982 0.294395 0.562523
v -0.191185 0.323960 0.716521
v 0.272883 0.356183 0.221233
v 0.406153 0.372590 0.113573
v -0.324745 0.760704 -0.248886
v -0.401177 0.708507 -0.431021
v -0.404239 0.542538 -0.685166
v -0.374162 0.631080 -0.768928
v -0.372225 0.585014 -0.776756
v -0.259835 0.124567 -0.651767
v -0.260906 0.264824 -0.610134
v -0.263553 0.291869 -0.582329
v -0.260304 0.125276 0.388029
v -0.373391 0.306122 0.693426
v -0.260757 0.143748 0.714339
v -0.182725 0.322185 0.856911
v -0.181608 0.421232 0.741023
v 0.272890 0.426223 0.649103
v 0.375310 0.359619 0.109619
v 0.405931 0.434886 0.123585
v 0.374435 0.699948 0.211426
v -0.373770 0.526646 0.089673
v -0.326285 0.760492 0.078820
v -0.373983 0.698184 -0.435357
v -0.374092 0.635657 -0.584797
v -0.374222 0.548383 -0.722921
v -0.265288 0.166610 -0.407017
v -0.266096 0.135701 0.393047
v -0.263392 0.167409 0.402880
v -0.262559 0.278654 0.578308
v -0.373243 0.266923 0.705302
v -0.272640 0.168196 0.748963
v -0.183537 0.320942 0.740784
v -0.183565 0.343535 0.722166
v 0.273917 0.349715 0.178913
v 0.374751 0.595259 0.194956
v -0.402556 0.781779 0.236525
v 0.325032 0.709041 0.214444
v 0.325097 0.592927 0.178167
v -0.400952 0.709267 -0.389802
v -0.373701 0.591241 -0.776811
v -0.371040 0.594714 -0.773787
v -0.371542 0.590670 -0.773156
v -0.373741 0.576876 -0.771545
v -0.273377 0.462298 -0.651676
v -0.260263 0.322346 -0.651377
v -0.261727 0.308823 -0.574893
v -0.262434 0.243303 -0.423434
v -0.264727 0.213655 0.420376
v -0.262833 0.275202 0.606391
v -0.372590 0.233457 0.708027
v -0.202334 0.332090 0.737783
v 0.272812 0.358053 0.655420
v 0.405909 0.492386 0.149218
v 0.324945 0.657455 0.198268
v -0.324778 0.760610 -0.164786
v -0.375302 0.760444 -0.210022
v -0.374111 0.699467 -0.574242
v -0.370147 0.587639 -0.773193
v -0.262942 0.283640 -0.488679
v -0.263582 0.253880 -0.438576
v -0.265168 0.213626 -0.422407
v -0.262262 0.211348 -0.407160
v -0.355989 0.254687 -0.039659
v -0.356112 0.256087 -0.304671
v -0.356105 0.001449 -0.218821
v -0.267002 0.001380 -0.220746
v -0.356144 0.061230 -0.304766
v -0.267372 0.060609 -0.303374
v -0.267038 0.134995 -0.329832
v -0.355986 0.156318 -0.338247
v -0.356105 0.001035 -0.126226
v -0.272352 0.444535 0.225683
v -0.267658 0.156739 -0.337425
v -0.356054 0.061591 -0.039921
v -0.267479 0.001412 -0.126501
v -0.261489 0.126820 -0.311032
v -0.267893 0.255243 -0.305110
v -0.356171 0.154482 -0.006167
v -0.261992 0.129580 -0.121402
v -0.263506 0.196947 -0.307149
v -0.267131 0.280074 -0.268748
v -0.267605 0.062367 -0.039691
v -0.258084 0.124571 -0.290096
v -0.260396 0.124833 -0.357281
v -0.265209 0.230722 -0.284196
v -0.374392 0.391050 -0.112805
v -0.356019 0.316302 -0.220342
v -0.264890 0.133591 -0.032747
v -0.262070 0.259599 0.438941
v -0.264799 0.261114 0.469090
v -0.372728 0.235311 0.707895
v -0.373419 0.231549 0.710034
v -0.372946 0.231821 0.708640
v 0.272447 0.440096 0.591239
v -0.324905 0.444281 0.128052
v -0.403065 0.634137 -0.534907
v -0.373864 0.646032 -0.665972
v -0.261110 0.227750 -0.296309
v -0.356133 0.281561 -0.076438
v -0.267388 0.153822 -0.006937
v -0.355854 0.256270 0.314827
v -0.261119 0.127058 0.330563
v -0.263286 0.244762 0.429666
v -0.262965 0.281305 0.481233
v -0.263454 0.304464 0.502438
v -0.260329 0.309439 0.558762
v -0.373638 0.322553 0.746873
v -0.229748 0.323001 0.733804
v 0.229047 0.417191 0.686461
v -0.401191 0.708728 -0.304306
v -0.404001 0.557785 -0.597031
v -0.374812 0.465134 -0.672861
v -0.260665 0.169213 -0.382008
v -0.267213 0.254009 -0.039726
v -0.258349 0.124536 0.314172
v -0.261180 0.163624 0.327760
v -0.260910 0.212316 0.406359
v -0.260558 0.328088 0.657002
v -0.231061 0.320872 0.756730
v 0.272497 0.469753 0.472020
v 0.372573 0.349113 0.178732
v 0.405751 0.551294 0.175843
v 0.324859 0.759315 0.231029
v 0.324847 0.444494 0.128276
v -0.402938 0.627931 -0.450772
v -0.374263 0.623064 -0.452051
v 0.151281 0.124781 0.086233
v -0.267707 0.155148 0.030850
v -0.263950 0.228610 0.296383
v -0.403537 0.713672 0.358481
v -0.228104 0.354716 0.702473
v 0.229321 0.457034 0.522392
v 0.404537 0.596900 0.194024
v 0.403001 0.733969 0.220933
v 0.402923 0.768029 0.233194
v -0.324850 0.480370 0.141836
v -0.375227 0.760395 -0.090274
v -0.375309 0.760427 -0.161839
v -0.374253 0.543412 -0.686272
v -0.262885 0.250286 -0.267536
v -0.267535 0.317240 -0.217237
v -0.267494 0.278387 0.283757
v -0.264139 0.230060 0.308465
v -0.182902 0.357075 0.335738
v 0.272869 0.382967 0.196112
v -0.228490 0.519876 0.262598
v 0.401628 0.832894 0.249195
v -0.324692 0.760738 -0.124779
v -0.374417 0.697026 -0.306244
v -0.374713 0.536474 -0.468780
v -0.262192 0.267208 -0.249210
v -0.267318 0.316491 -0.125674
v -0.265296 0.134685 0.067060
v -0.267243 0.181430 0.038705
v -0.269468 0.320651 0.757795
v -0.183047 0.356527 0.682739
v 0.272697 0.482756 0.417575
v 0.272726 0.495004 0.371095
v 0.406488 0.350537 0.180158
v 0.403488 0.717190 0.360714
v 0.125429 0.757188 0.230173
v -0.324866 0.539037 0.161805
v -0.401522 0.707807 -0.138729
v -0.374102 0.698893 -0.192123
v -0.373955 0.699796 -0.254622
v -0.403403 0.607456 -0.319401
v -0.402964 0.622540 -0.406340
v -0.404365 0.535446 -0.469741
v -0.374078 0.699713 -0.523352
v -0.272678 0.457274 -0.595219
v -0.265321 0.275532 -0.217817
v -0.267719 0.254620 0.062558
v -0.264547 0.246149 0.280791
v -0.261266 0.253324 0.285628
v -0.260822 0.325805 0.476541
v 0.406494 0.424013 0.215058
v 0.406065 0.505161 0.254962
v -0.374552 0.552558 -0.552095
v -0.272800 0.398524 -0.159701
v -0.374701 0.455734 -0.585853
v -0.355939 0.316812 -0.125801
v -0.267239 0.279413 -0.075387
v -0.258988 0.124525 -0.037216
v -0.260083 0.124856 0.041651
v -0.355974 0.258075 0.064599
v -0.375357 0.760362 -0.117371
v -0.374022 0.644297 -0.202055
v -0.374170 0.379547 -0.034534
v -0.374337 0.636428 -0.315095
v -0.374300 0.698999 -0.391145
v -0.374480 0.591400 -0.544523
v -0.374679 0.558817 -0.599382
v -0.356038 0.316810 0.145028
v -0.356078 0.316040 0.231780
v -0.273568 0.346675 0.721400
v 0.229508 0.481263 0.425199
v 0.272746 0.507233 0.316181
v 0.272945 0.518739 0.261691
v -0.325074 0.623142 0.186669
v -0.375190 0.760298 -0.046068
v -0.403407 0.609331 -0.158370
v -0.374498 0.535376 -0.223415
v -0.404468 0.533829 -0.332022
v -0.374913 0.534772 -0.332008
v -0.374374 0.579961 -0.415555
v -0.259644 0.322368 -0.436657
v -0.263548 0.153195 0.053410
v -0.264415 0.166377 0.063600
v -0.267645 0.316015 0.231670
v -0.263325 0.269965 0.264092
v -0.273006 0.318858 0.747663
v 0.404241 0.709148 0.350994
v -0.404700 0.525377 -0.292148
v -0.272927 0.439305 -0.466510
v -0.262884 0.291841 -0.208716
v -0.263936 0.275520 -0.125592
v -0.264498 0.182347 -0.047785
v -0.262364 0.180158 -0.032686
v 0.229542 0.501300 0.344891
v -0.401664 0.833115 0.248901
v 0.404649 0.653836 0.324952
v -0.373621 0.698479 -0.059324
v -0.401392 0.707336 -0.058391
v -0.374302 0.700927 -0.138971
v -0.374486 0.444051 -0.492199
v -0.264882 0.260278 -0.094140
v -0.265191 0.246419 -0.074528
v -0.263937 0.228695 -0.058127
v -0.260711 0.325393 0.302339
v -0.228018 0.401762 0.745304
v 0.227854 0.356924 0.195442
v -0.324953 0.688144 0.205629
v -0.324707 0.760593 0.046462
v -0.374938 0.532105 -0.426919
v -0.263138 0.292241 -0.138079
v -0.261040 0.269861 -0.090027
v -0.262652 0.214004 0.072659
v -0.373287 0.329371 0.654227
v 0.405128 0.600554 0.299848
v -0.324817 0.760539 0.104825
v -0.404479 0.529145 -0.175015
v -0.373859 0.595823 -0.277032
v -0.261070 0.228083 -0.047159
v -0.267698 0.317039 0.145725
v -0.373109 0.357751 0.648791
v -0.272296 0.400958 0.749083
v 0.229254 0.519700 0.262889
v 0.070595 0.786622 0.387842
v -0.324711 0.760681 0.176308
v -0.374600 0.525167 -0.292952
v -0.374311 0.428100 -0.381259
v -0.265437 0.311439 -0.201195
v -0.263359 0.310052 -0.144673
v -0.263341 0.243001 0.079993
v -0.264944 0.277758 0.233864
v -0.228802 0.418776 0.679564
v -0.272997 0.484909 0.409474
v 0.074682 0.832754 0.351222
v -0.401460 0.708610 -0.008981
v -0.272682 0.330489 -0.651436
v -0.260547 0.322204 -0.197496
v -0.261049 0.166167 0.049338
v -0.262259 0.254441 0.094757
v -0.265125 0.310907 0.173941
v -0.228933 0.438732 0.597424
v -0.228162 0.356458 0.427535
v -0.324747 0.758469 0.230646
v -0.373947 0.590229 -0.076904
v -0.261025 0.264533 0.124208
v -0.272875 0.357985 0.660931
v 0.043034 0.357129 0.191984
v -0.403838 0.612373 -0.026204
v -0.404483 0.458725 -0.096575
v -0.374332 0.510377 -0.088522
v -0.374508 0.529660 -0.176045
v -0.260470 0.317969 -0.133490
v -0.265493 0.271223 0.136197
v -0.262522 0.290794 0.143185
v -0.262078 0.292512 0.223110
v -0.373464 0.330799 0.210965
v -0.228175 0.404880 0.210844
v -0.228220 0.356864 0.195335
v -0.112314 0.357086 0.195131
v 0.228829 0.453916 0.233728
v 0.218783 0.527947 0.265714
v -0.374257 0.456992 -0.095053
v -0.374063 0.584996 -0.163588
v -0.261058 0.309328 0.215461
v -0.229182 0.463779 0.497209
v 0.155326 0.414774 0.214236
v -0.401907 0.707704 0.085067
v -0.373492 0.698600 0.083936
v -0.273245 0.413989 -0.272491
v -0.402822 0.653040 0.118632
v -0.374183 0.411349 -0.258771
v -0.272871 0.425978 -0.362504
v -0.260169 0.323262 0.090871
v -0.263952 0.291245 0.172904
v -0.373313 0.355753 0.219726
v -0.272881 0.424093 0.658377
v 0.228182 0.401242 0.208228
v 0.354908 0.715444 0.359479
v -0.375438 0.760002 0.231229
v -0.374134 0.655384 0.071845
v -0.404803 0.500695 -0.045162
v -0.402989 0.600344 0.059104
v -0.405629 0.441101 -0.055959
v -0.229167 0.484618 0.411679
v -0.110607 0.393809 0.206207
v -0.404175 0.522412 0.089825
v -0.373965 0.700601 -0.010526
v -0.272963 0.469796 0.470460
v -0.402154 0.786455 0.388083
v -0.373821 0.700043 0.127942
v -0.373958 0.617086 0.110701
v -0.272802 0.330721 -0.167438
v -0.260372 0.321896 0.175190
v -0.272787 0.442816 0.580438
v -0.272727 0.457618 0.520636
v -0.229605 0.501625 0.341390
v -0.228841 0.464558 0.238339
v -0.401448 0.708720 0.129164
v -0.404137 0.533305 0.041494
v -0.374085 0.582279 0.054151
v -0.374787 0.442851 -0.056093
v -0.374398 0.399366 -0.172771
v -0.273174 0.329764 0.210328
v -0.374046 0.585534 -0.030838
v -0.373911 0.502146 -0.043963
v -0.043739 0.711946 0.353715
v -0.401704 0.832864 0.351058
vn 0.9999 0.0128 0.0061
vn 1.0000 -0.0023 -0.0028
vn 1.0000 0.0042 0.0005
vn -0.6927 -0.7212 -0.0052
vn -0.7088 -0.7054 -0.0112
vn -0.8202 -0.5720 0.0017
vn 0.9998 -0.0204 0.0080
vn 0.9967 -0.0534 0.0606
vn 0.9984 -0.0371 0.0435
vn 0.0033 -1.0000 -0.0004
vn -0.0024 -1.0000 0.0054
vn -0.0023 -1.0000 0.0053
vn -0.0080 -0.9999 0.0110
vn 0.0025 -0.8044 0.5941
vn 0.0030 -0.8047 0.5937
vn 0.0029 -0.8046 0.5938
vn 1.0000 0.0046 -0.0004
vn 0.0171 -0.8053 -0.5926
vn 0.0076 -0.8102 -0.5860
vn 0.0092 -0.8094 -0.5872
vn -0.0002 -0.8143 -0.5805
vn 0.0035 -0.8049 0.5934
vn 0.9956 0.0044 0.0936
vn 0.9982 -0.0329 0.0501
vn 1.0000 0.0014 -0.0007
vn 0.0022 -0.3292 0.9443
vn -0.0022 -0.3238 0.9461
vn 0.0127 -0.3020 0.9532
vn 0.0290 -0.2617 0.9647
vn 0.0110 -0.3164 0.9486
vn -0.8203 -0.5720 0.0017
vn -0.8698 -0.4934 -0.0011
vn -0.8696 -0.4937 -0.0011
vn 0.9955 0.0153 0.0937
vn 0.9805 0.1661 0.1055
vn 0.9825 0.1835 0.0321
vn 0.9927 0.1210 0.0024
vn 0.9964 -0.0844 -0.0007
vn 0.9994 -0.0345 0.0012
vn 0.9999 -0.0092 0.0065
vn -0.2193 -0.7822 0.5832
vn -0.7286 -0.0214 0.6847
vn 0.9764 0.0151 0.2155
vn 0.0014 0.3550 0.9349
vn 0.0011 0.3580 0.9337
vn 0.0014 0.3548 0.9349
vn 0.0004 1.0000 -0.0003
vn -0.0076 0.0023 1.0000
vn -0.0157 -0.0033 0.9999
vn -0.0005 0.0036 1.0000
vn 0.0011 0.3583 0.9336
vn 0.9659 0.2589 0.0003
vn 0.9621 0.2728 -0.0010
vn 0.9619 0.2734 -0.0011
vn -1.0000 -0.0008 -0.0013
vn -1.0000 -0.0007 -0.0000
vn -1.0000 0.0013 -0.0013
vn -0.0030 -0.8203 0.5720
vn 0.0034 -0.8171 0.5765
vn 0.0047 -0.8164 0.5774
vn 0.0011 -0.3419 0.9397
vn 0.0050 -0.3470 0.9378
vn 0.0107 -0.3193 0.9476
vn 0.0110 -0.8132 0.5819
vn 0.0261 -0.2783 0.9601
vn 0.0064 -0.3218 0.9468
vn -0.0036 -1.0000 -0.0000
vn -0.0007 -1.0000 0.0028
vn 0.0022 -1.0000 0.0056
vn -1.0000 -0.0043 -0.0003
vn -1.0000 -0.0034 -0.0001
vn -1.0000 -0.0008 0.0004
vn -1.0000 0.0026 -0.0008
vn -0.9353 -0.3538 0.0022
vn -0.9487 -0.3080 0.0711
vn -0.8744 -0.4852 0.0030
vn 0.9962 -0.0304 -0.0821
vn 0.9933 -0.0750 0.0883
vn 0.9974 -0.0547 0.0463
vn -0.0009 -0.8106 -0.5857
vn 0.0097 -0.8157 -0.5784
vn 0.0019 -0.8059 -0.5920
vn 0.0119 -0.8106 -0.5854
vn -0.0089 -0.7879 -0.6158
vn 0.0067 0.3282 0.9446
vn -0.0062 0.3175 0.9483
vn 0.0041 0.3260 0.9454
vn -0.9502 -0.3070 0.0529
vn 1.0000 -0.0010 -0.0007
vn 1.0000 -0.0025 0.0009
vn -1.0000 0.0003 -0.0004
vn -1.0000 -0.0054 -0.0054
vn -1.0000 -0.0011 0.0002
vn -0.9023 -0.4310 0.0035
vn 0.0167 0.3365 0.9415
vn 0.9865 -0.0019 0.1640
vn 1.0000 -0.0022 0.0025
vn 0.9995 -0.0231 0.0227
vn 1.0000 -0.0023 0.0029
vn 1.0000 -0.0006 0.0004
vn 1.0000 0.0011 0.0011
vn 1.0000 0.0013 0.0005
vn 1.0000 0.0011 -0.0082
vn 1.0000 0.0003 -0.0007
vn 1.0000 -0.0004 -0.0019
vn 0.0055 -1.0000 -0.0001
vn 0.0061 -1.0000 -0.0006
vn 1.0000 0.0014 0.0086
vn -0.9486 0.3116 0.0550
vn 1.0000 -0.0056 -0.0063
vn 0.0066 -1.0000 -0.0012
vn -0.0063 0.3101 0.9507
vn -0.0016 0.3176 0.9482
vn -0.0035 0.3161 0.9487
vn -0.9336 -0.0301 0.3571
vn 1.0000 0.0077 0.0028
vn -0.0033 0.3122 -0.9500
vn -0.0007 0.3143 -0.9493
vn -0.0012 0.3138 -0.9495
vn 0.0014 0.3160 -0.9488
vn 0.0061 -0.8102 0.5861
vn -0.0052 -0.8160 0.5781
vn 0.0049 -0.8108 0.5853
vn -0.0093 0.3057 0.9521
vn 0.0012 -0.8105 -0.5857
vn -0.0001 -0.8112 -0.5848
vn 0.0001 -0.8111 -0.5849
vn -0.0011 -0.8117 -0.5841
vn 0.0157 -0.8051 0.5929
vn -0.0147 0.2922 0.9563
vn -0.9916 0.0543 0.1173
vn -0.9929 0.0515 0.1070
vn -0.9926 0.0537 0.1085
vn 0.0089 0.8157 0.5784
vn 0.0077 0.8163 0.5776
vn 0.0080 0.8161 0.5778
vn 0.0034 0.8070 -0.5906
vn 0.0037 0.8071 -0.5904
vn 0.0036 0.8071 -0.5904
vn -0.9798 0.1094 -0.1677
vn -0.9877 0.0429 -0.1503
vn -0.9714 0.0826 -0.2227
vn 0.0123 -0.3576 0.9338
vn 0.0365 -0.4008 0.9154
vn 0.0175 -0.3510 0.9362
vn 0.9891 0.0520 0.1374
vn 0.9987 0.0135 0.0498
vn 0.9525 0.1103 0.2840
vn -0.9934 0.0266 0.1118
vn -0.9916 0.0543 0.1174
vn 0.0079 0.8162 0.5778
vn 0.0078 0.8162 0.5777
vn 0.0068 0.8167 0.5770
vn -0.9943 -0.0198 -0.1048
vn -0.9002 0.3562 0.2505
vn 0.0039 0.8073 -0.5902
vn -0.9676 0.1300 -0.2165
vn -0.9821 0.1585 -0.1013
vn -0.9878 0.0562 -0.1452
vn 0.0121 -0.3153 -0.9489
vn 0.0260 -0.2936 -0.9556
vn 0.0113 -0.3165 -0.9485
vn 0.0052 -0.3277 0.9448
vn 0.0142 -0.3129 0.9497
vn -0.9895 -0.1014 0.1030
vn -0.9915 0.1110 -0.0673
vn 0.0041 -0.3277 -0.9448
vn 0.0039 -0.3278 -0.9447
vn 0.9509 0.1165 0.2868
vn 0.9057 0.3051 0.2943
vn -0.9979 0.0640 -0.0035
vn 0.9914 0.0186 -0.1296
vn 0.9583 0.0719 -0.2766
vn 0.9814 0.0515 -0.1849
vn -0.9869 -0.0953 -0.1300
vn -1.0000 -0.0063 -0.0025
vn -1.0000 -0.0007 -0.0013
vn -0.9999 -0.0152 0.0074
vn -0.9958 -0.0147 0.0905
vn -0.0185 0.0294 -0.9994
vn -0.0047 0.8212 0.5707
vn -0.0155 0.8158 0.5781
vn -0.0058 0.8207 0.5714
vn 0.0057 0.8262 0.5633
vn -0.0134 0.3777 0.9258
vn -0.0570 0.4867 0.8717
vn -0.0264 0.3881 0.9212
vn -0.0064 0.3229 0.9464
vn -0.9808 0.1687 0.0981
vn -0.9808 0.1636 0.1066
vn -0.9765 0.2143 0.0214
vn -0.9808 0.1687 0.0982
vn -0.9771 0.1214 0.1747
vn 1.0000 -0.0000 0.0006
vn 1.0000 0.0044 0.0002
vn 1.0000 0.0001 -0.0008
vn 1.0000 -0.0004 0.0025
vn 1.0000 0.0003 -0.0000
vn -0.0187 0.3086 0.9510
vn -0.8535 0.4338 0.2886
vn -0.9863 0.1409 0.0854
vn -0.9723 0.1352 0.1908
vn -0.9806 0.1382 0.1390
vn -0.0019 0.8107 -0.5855
vn 0.0013 0.8069 -0.5908
vn 0.0053 0.8109 -0.5851
vn 0.0713 0.9706 0.2298
vn -0.9485 0.1283 0.2898
vn 0.0009 1.0000 0.0095
vn 0.0057 1.0000 0.0048
vn 0.0057 1.0000 0.0047
vn 0.0104 0.9999 0.0002
vn 0.0075 0.8095 -0.5871
vn -0.9435 -0.0949 0.3174
vn -0.9774 -0.1905 0.0913
vn 0.0161 0.8170 -0.5764
vn 1.0000 -0.0006 -0.0003
vn 1.0000 0.0029 -0.0012
vn 1.0000 -0.0036 0.0010
vn -0.9927 0.0835 -0.0875
vn -0.9513 0.1511 -0.2685
vn 0.9999 -0.0057 0.0084
vn 1.0000 -0.0008 -0.0013
vn -0.8061 0.5917 0.0065
vn -0.9112 0.4112 -0.0257
vn -0.8183 0.5748 0.0033
vn -0.9920 0.1260 -0.0022
vn -0.9809 0.1803 -0.0731
vn -0.9698 0.2138 -0.1174
vn -0.9809 0.1804 -0.0732
vn -0.9390 0.2774 -0.2032
vn 0.0002 -0.3288 0.9444
vn 0.0029 -0.3240 0.9461
vn 0.0019 -0.3229 0.9464
vn 0.0033 -0.3204 0.9473
vn -0.9846 -0.0428 0.1693
vn -0.9450 0.0815 0.3168
vn -0.9609 0.0352 0.2745
vn 0.0053 -0.9883 -0.1527
vn -0.0317 -0.9990 0.0322
vn 0.0065 -0.9898 -0.1424
vn -0.8528 -0.3020 -0.4262
vn -0.0223 -0.9166 0.3991
vn 0.0307 0.4269 -0.9038
vn 0.0472 0.1970 -0.9793
vn -0.0071 0.3574 -0.9339
vn 0.9998 0.0021 -0.0182
vn 1.0000 0.0023 -0.0092
vn 0.9997 0.0137 -0.0200
vn -0.0055 0.4140 -0.9102
vn 0.3340 -0.2615 0.9056
vn -0.0078 -0.6199 -0.7847
vn 0.0236 -0.5332 -0.8457
vn 0.0142 -0.5598 -0.8285
vn 0.9999 0.0132 0.0057
vn 0.9999 0.0104 0.0049
vn 1.0000 0.0056 0.0037
vn -0.0132 -0.0881 -0.9960
vn -0.0019 -0.0714 -0.9974
vn -0.0115 -0.0875 -0.9961
vn 0.0109 -0.9939 -0.1093
vn -0.0018 -0.9984 -0.0560
vn -0.0007 -0.9982 -0.0605
vn -0.0233 -0.3701 0.9287
vn 0.0052 -0.4318 0.9019
vn 0.0018 -0.4183 0.9083
vn 0.9997 0.0057 -0.0242
vn 0.9998 0.0021 -0.0183
vn 1.0000 0.0006 -0.0069
vn 0.7835 0.4145 0.4629
vn -0.9818 0.1638 -0.0964
vn -0.0092 -0.9991 0.0424
vn 0.9999 -0.0073 -0.0148
vn 0.0025 -1.0000 0.0094
vn 0.0030 -0.9999 0.0099
vn 0.0133 -0.8201 0.5721
vn 0.0068 -0.8169 0.5768
vn 0.0079 -0.8174 0.5760
vn 0.0015 -0.3178 0.9482
vn 0.9990 0.0065 0.0448
vn 0.9837 0.0647 0.1678
vn 0.9998 0.0090 0.0160
vn 0.0007 -0.0693 -0.9976
vn -0.0286 -0.1156 -0.9929
vn -0.0176 -0.6455 -0.7635
vn 0.9999 0.0092 0.0116
vn -0.9281 0.3708 -0.0324
vn -0.7473 0.0893 -0.6585
vn -0.9857 0.1661 -0.0266
vn -0.9829 0.1795 -0.0404
vn -0.9867 0.1122 -0.1177
vn -0.9876 0.0971 -0.1233
vn 0.0047 -0.8141 -0.5807
vn 0.0050 -0.8156 -0.5786
vn 0.0041 -0.8146 -0.5800
vn 0.0019 -1.0000 0.0088
vn 0.0013 -0.8141 0.5807
vn -0.9968 -0.0434 0.0675
vn 0.9998 0.0090 0.0159
vn 0.9996 -0.0127 0.0251
vn -0.9902 0.0367 -0.1349
vn 0.0054 -0.8125 -0.5829
vn 0.0043 -0.8136 -0.5815
vn 0.9990 0.0065 0.0447
vn 0.0109 -0.9939 -0.1094
vn 0.0139 -0.9924 -0.1219
vn 0.0065 -0.9898 -0.1423
vn -0.0931 -0.9957 -0.0025
vn -0.0181 -0.3621 0.9320
vn 0.9944 -0.1055 -0.0039
vn 0.9963 -0.0852 -0.0091
vn 0.9849 -0.1721 -0.0190
vn 1.0000 -0.0023 0.0082
vn 0.9999 -0.0014 -0.0172
vn 1.0000 -0.0045 -0.0027
vn 0.9995 0.0238 0.0189
vn 0.9801 0.0377 0.1946
vn 0.0017 0.3229 -0.9464
vn -0.0026 0.3264 -0.9452
vn 0.0008 0.3236 -0.9462
vn 0.9999 0.0093 0.0116
vn 0.9999 0.0151 0.0079
vn 0.9997 0.0128 -0.0191
vn 0.9975 0.0657 -0.0254
vn 0.9944 -0.1049 -0.0089
vn -0.5149 0.1790 -0.8384
vn -0.9929 0.0315 -0.1150
vn 0.0052 0.3201 -0.9474
vn -0.9996 -0.0224 0.0183
vn 0.5719 0.0185 0.8201
vn -0.0750 -0.3627 0.9289
vn 0.9999 0.0056 0.0121
vn 0.0211 -0.0006 0.9998
vn 0.0253 0.0001 0.9997
vn 0.0236 -0.0036 0.9997
vn 0.9996 -0.0237 -0.0132
vn 0.9977 0.0579 -0.0353
vn 0.9432 0.0522 -0.3282
vn -0.9936 0.0274 -0.1097
vn -0.0069 -0.3198 -0.9475
vn -0.0082 -0.3187 -0.9478
vn -0.0071 -0.3196 -0.9475
vn -1.0000 0.0029 -0.0010
vn -0.9999 -0.0066 0.0090
vn 0.9999 -0.0116 -0.0024
vn 0.9874 -0.1550 -0.0317
vn 0.3682 -0.4012 0.8387
vn 0.3697 -0.3998 0.8387
vn 0.3715 -0.3980 0.8388
vn 0.0001 -0.4743 0.8803
vn -0.0000 -0.4745 0.8803
vn -0.0011 -0.4710 0.8821
vn 0.9999 0.0074 0.0151
vn 0.0149 0.0017 0.9999
vn -0.0057 -0.3207 -0.9471
vn 0.9385 -0.1132 -0.3263
vn -0.5758 0.7568 0.3094
vn -0.5466 -0.4226 0.7229
vn 0.0213 0.5300 -0.8477
vn -0.0124 0.5161 -0.8565
vn 0.0592 0.5448 -0.8365
vn 0.0349 0.5169 -0.8553
vn 0.9892 -0.1428 0.0317
vn 0.9905 -0.1373 0.0063
vn -0.0029 -0.9416 -0.3368
vn 0.0326 -0.9551 -0.2944
vn 0.9992 0.0391 0.0023
vn -0.7992 0.5625 -0.2118
vn 0.9996 -0.0296 -0.0038
vn 0.9095 -0.3926 0.1370
vn 0.9176 -0.3838 0.1038
vn 1.0000 -0.0060 -0.0049
vn 0.9035 0.1969 -0.3808
vn 0.9404 0.0833 -0.3296
vn 0.9891 0.0436 -0.1407
vn -1.0000 0.0004 -0.0000
vn 0.9999 -0.0056 -0.0123
vn 0.9999 -0.0053 -0.0098
vn 0.1006 0.5599 -0.8224
vn 0.2348 0.9720 -0.0076
vn -0.9566 0.1370 -0.2573
vn -0.0114 0.1816 -0.9833
vn -0.0887 -0.9946 0.0531
vn -0.8304 -0.2422 -0.5018
vn 0.6383 0.3358 0.6927
vn 0.9891 -0.1462 0.0152
vn 0.9892 -0.1428 0.0318
vn -0.0006 -0.4418 0.8971
vn 0.4202 -0.0011 0.9074
vn 0.4176 0.0008 0.9086
vn 0.4222 -0.0025 0.9065
vn 0.0088 0.0065 0.9999
vn -0.0094 0.5740 0.8188
vn 0.0198 0.6790 0.7339
vn -0.0027 0.5992 0.8006
vn 0.0249 0.6962 0.7174
vn 0.8982 0.2042 -0.3893
vn 0.9891 0.0437 -0.1407
vn 0.9767 0.0477 -0.2094
vn -1.0000 -0.0022 0.0007
vn -0.0781 -0.9921 0.0985
vn 0.0022 -1.0000 0.0097
vn 0.0019 -0.9999 0.0118
vn -0.0012 -0.9952 0.0979
vn -0.0002 -0.4771 0.8788
vn 0.4253 -0.0046 0.9051
vn -0.9584 -0.0765 -0.2748
vn -1.0000 -0.0021 0.0007
vn -0.9986 -0.0394 0.0353
vn 1.0000 -0.0054 -0.0019
vn 0.0018 -1.0000 -0.0045
vn -0.0340 -0.9993 -0.0138
vn -0.0287 -0.9995 -0.0124
vn 0.9944 -0.1048 -0.0089
vn 0.9999 0.0066 0.0082
vn -0.9999 -0.0142 -0.0066
vn -0.9985 -0.0290 0.0472
vn 0.9996 -0.0075 -0.0273
vn -0.9712 -0.1621 0.1748
vn -0.9943 -0.0762 0.0744
vn 0.9140 -0.4057 -0.0033
vn 0.9020 -0.4318 -0.0005
vn 0.9010 -0.4339 -0.0003
vn -0.0005 -0.4772 0.8788
vn 0.9974 0.0563 0.0441
vn 0.0007 1.0000 -0.0033
vn 0.0012 1.0000 -0.0039
vn 0.0011 1.0000 -0.0038
vn 0.9567 0.0847 -0.2784
vn 0.4493 -0.8932 -0.0172
vn -0.0065 -1.0000 -0.0055
vn -0.0051 -1.0000 -0.0047
vn -0.0021 -1.0000 -0.0014
vn -0.0219 0.9063 0.4221
vn 0.0170 0.9738 0.2268
vn -0.0045 0.9627 0.2704
vn 0.7228 -0.6909 0.0176
vn 0.5703 -0.8214 0.0045
vn 0.5691 -0.8223 0.0019
vn 0.9991 0.0376 0.0187
vn -0.9706 0.1277 -0.2038
vn -0.9985 -0.0433 -0.0345
vn -0.1724 -0.9848 -0.0218
vn -0.0000 0.0011 1.0000
vn -0.0002 0.0005 1.0000
vn -0.0000 0.0010 1.0000
vn 0.4958 0.8684 0.0076
vn -0.0286 -0.9995 -0.0124
vn 0.0086 -1.0000 -0.0028
vn 0.7249 -0.6886 0.0177
vn 0.0016 1.0000 -0.0043
vn -0.0063 0.8156 0.5785
vn -0.0098 0.8155 0.5787
vn -0.0122 0.8184 0.5746
vn 0.0064 0.8156 -0.5786
vn 0.0065 0.8155 -0.5787
vn 1.0000 -0.0005 0.0010
vn 1.0000 0.0001 -0.0001
vn 1.0000 -0.0007 -0.0004
vn -0.0059 0.8163 0.5776
vn 0.0003 0.8132 0.5820
vn 0.0141 0.9999 -0.0064
vn 0.0111 0.9999 -0.0036
vn 0.0138 0.9999 -0.0061
vn 1.0000 0.0002 0.0005
vn 1.0000 0.0007 -0.0005
vn 1.0000 -0.0016 -0.0038
vn 1.0000 -0.0032 0.0034
vn 1.0000 -0.0044 0.0038
vn 1.0000 -0.0004 0.0004
vn 1.0000 -0.0004 -0.0002
vn 1.0000 0.0001 0.0001
vn 0.0169 0.9998 -0.0090
vn -0.9996 0.0127 -0.0252
vn -0.9858 0.0773 -0.1492
vn -0.9931 0.0935 -0.0714
vn -0.9788 0.0750 -0.1906
vn -0.9967 0.0486 -0.0658
vn 1.0000 0.0006 0.0002
vn -0.9086 0.3468 0.2329
vn -0.9528 0.0175 -0.3031
vn -0.9967 0.0486 -0.0657
vn -0.9952 0.0584 -0.0784
vn -0.6393 0.5259 -0.5610
vn 1.0000 -0.0006 -0.0008
vn -0.9931 0.0906 0.0748
vn -0.9933 0.0061 0.1152
vn -0.9960 0.0557 0.0699
vn -0.0035 0.3216 -0.9469
vn -0.0023 0.3309 -0.9436
vn 0.0002 0.3267 -0.9451
vn -0.9932 0.0163 0.1153
vn 0.9377 0.3351 -0.0917
vn 0.9543 0.2988 0.0061
vn 0.9495 0.3125 -0.0298
vn -0.9752 0.1699 -0.1416
vn -0.9888 0.1004 0.1107
vn -0.9884 0.1451 0.0437
vn -0.6474 0.7622 -0.0028
vn 0.6828 0.7241 0.0975
vn 0.0002 0.3266 -0.9452
vn -0.0028 0.3186 -0.9479
vn 0.0018 -0.8174 -0.5760
vn 0.0027 -0.8179 -0.5754
vn 0.0020 -0.8175 -0.5759
vn 0.0032 -1.0000 -0.0061
vn -0.0019 -1.0000 -0.0012
vn -0.0015 -1.0000 -0.0015
vn -0.0066 -1.0000 0.0033
vn -0.0027 0.3215 0.9469
vn -0.0011 0.3206 0.9472
vn -0.0017 0.3193 0.9476
vn 0.9953 0.0775 -0.0581
vn 0.9782 0.1558 -0.1371
vn 0.9989 0.0354 -0.0296
vn 0.9931 0.0615 -0.0994
vn -0.0098 0.3082 -0.9513
vn 0.0029 -0.3272 -0.9450
vn 0.0039 -0.3364 -0.9417
vn 0.0007 -0.3310 -0.9436
vn 0.0011 -0.8171 -0.5765
vn 0.0047 -0.8175 0.5759
vn 0.0052 -0.8178 0.5755
vn 0.0051 -0.8177 0.5756
vn 0.0056 -0.8180 0.5752
vn -0.9865 0.1307 0.0987
vn 0.4291 0.8285 0.3599
vn 0.9990 0.0341 0.0285
vn 0.9901 0.1400 0.0029
vn 0.9996 0.0247 0.0123
vn 0.6209 -0.7839 0.0002
vn 0.5222 -0.8528 0.0002
vn 0.6076 -0.7942 0.0103
vn 0.9930 -0.1183 -0.0045
vn 0.9467 -0.3222 -0.0008
vn 0.9511 -0.3088 -0.0011
vn 1.0000 -0.0004 0.0007
vn 1.0000 -0.0006 0.0019
vn 1.0000 0.0012 0.0005
vn 1.0000 0.0025 -0.0024
vn 1.0000 -0.0078 0.0003
vn 1.0000 0.0009 0.0009
vn 0.0010 1.0000 0.0015
vn 0.0200 0.9997 -0.0159
vn 0.0034 1.0000 -0.0006
vn -0.0156 0.9997 0.0167
vn 0.9989 -0.0459 -0.0009
vn 0.9985 -0.0545 -0.0023
vn 1.0000 -0.0023 0.0012
vn 0.9466 -0.3223 -0.0008
vn 0.9460 -0.3242 -0.0008
vn 0.9999 0.0129 0.0033
vn -0.0011 0.8236 0.5672
vn -0.0055 0.8198 0.5726
vn -0.0033 0.8160 0.5781
vn -0.0032 -0.3149 -0.9491
vn 0.0010 -0.3185 -0.9479
vn 0.0015 -0.3190 -0.9478
vn 0.0056 -0.3225 -0.9465
vn 0.9504 -0.3109 0.0046
vn -0.8056 0.5924 -0.0046
vn 1.0000 -0.0008 0.0016
vn 1.0000 -0.0008 0.0021
vn -0.7107 0.7034 0.0017
vn 0.0036 0.3184 -0.9479
vn 0.0043 0.3179 -0.9481
vn -0.0176 -0.7984 -0.6019
vn -0.0073 -0.8129 -0.5823
vn -0.0083 -0.8131 -0.5821
vn -0.0268 -0.8392 -0.5432
vn -0.0214 -0.8378 -0.5456
vn -0.0060 0.8146 0.5800
vn -0.9283 0.0401 0.3696
vn 0.0026 -0.8211 -0.5708
vn 1.0000 -0.0023 -0.0007
vn -0.0004 0.8079 0.5893
vn -0.0124 -0.9999 0.0111
vn -0.0053 -1.0000 0.0043
vn -0.0057 -1.0000 0.0047
vn -0.9911 0.1048 0.0822
vn -0.9865 0.1318 0.0973
vn -0.9847 0.1358 0.1095
vn -0.9215 0.3864 -0.0395
vn -0.9328 0.3381 -0.1245
vn -0.9298 0.3557 -0.0944
vn -0.9329 0.3381 -0.1245
vn -0.9354 0.3062 -0.1771
vn 0.0159 0.8016 -0.5977
vn 0.0135 0.7988 -0.6015
vn 0.0099 0.8067 -0.5909
vn 0.0013 -1.0000 -0.0019
vn -0.9940 0.0826 0.0720
vn -0.9986 0.0129 0.0517
vn -0.9940 0.0825 0.0720
vn 0.9984 0.0498 0.0261
vn 0.9807 0.1945 -0.0211
vn 0.9992 0.0396 -0.0055
vn -0.0016 0.8194 -0.5732
vn 0.0098 0.8092 -0.5874
vn -0.9999 -0.0110 -0.0079
vn -0.9999 -0.0099 -0.0127
vn -0.9997 0.0034 -0.0248
vn 0.0011 -0.8195 0.5730
vn 0.0017 -0.8198 0.5726
vn 0.0016 -0.8198 0.5727
vn 0.0022 -0.8201 0.5723
vn 0.1826 0.9814 0.0594
vn 0.9973 0.0640 0.0360
vn 0.6246 -0.7809 -0.0094
vn 0.7168 -0.6938 -0.0698
vn 0.9998 0.0141 -0.0119
vn -0.9955 -0.0619 -0.0714
vn -0.9964 0.0020 -0.0842
vn 0.0038 -0.3600 0.9329
vn -0.0000 -0.3569 0.9341
vn -0.0016 -0.3500 0.9368
vn -0.9865 -0.0088 -0.1634
vn -0.9994 0.0138 -0.0324
vn 0.0017 -0.3523 0.9359
vn -0.9902 -0.0618 0.1252
vn -0.9980 -0.0078 0.0624
vn -0.9699 -0.1713 0.1729
vn 0.9955 0.0587 0.0738
vn -0.7803 0.6240 0.0425
vn -0.9973 -0.0642 -0.0364
vn -1.0000 -0.0062 -0.0012
vn -0.9905 0.1113 0.0809
vn -0.0016 -0.3499 0.9368
vn -0.0105 -0.3307 0.9437
vn 0.0007 0.3243 0.9459
vn -0.0078 0.3312 0.9435
vn 0.0028 0.3227 0.9465
vn -0.9932 0.0960 -0.0654
vn 0.9929 0.0730 0.0941
vn 0.9998 0.0146 0.0119
vn -0.9885 0.0628 0.1377
vn 0.7515 0.4738 0.4591
vn 0.9822 0.1875 -0.0048
vn 0.0264 0.1408 -0.9897
vn 0.0338 0.1424 -0.9892
vn 0.0372 0.1379 -0.9897
vn -0.0136 0.1999 -0.9797
vn -0.0155 0.2208 -0.9752
vn 0.9999 -0.0016 -0.0151
vn 0.9999 0.0129 -0.0067
vn 0.9999 -0.0015 -0.0147
vn 0.9999 0.0078 -0.0087
vn 0.0221 0.1713 -0.9850
vn 0.0288 0.1798 -0.9833
vn 0.0194 0.1909 -0.9814
vn 0.0002 -0.2085 0.9780
vn 0.0200 -0.2157 0.9763
vn -0.0020 -0.2115 0.9774
vn 0.0257 -0.2170 0.9758
vn 0.0562 -0.2134 0.9753
vn 0.0053 -0.1963 0.9805
vn 0.0375 -0.2063 0.9778
vn 0.0273 0.1620 -0.9864
vn 0.0209 0.1627 -0.9865
vn 0.0397 0.1683 -0.9849
vn 0.0304 -0.2059 0.9781
vn 0.0703 -0.1902 0.9792
vn 0.0201 -0.2094 0.9776
vn 0.3862 -0.9222 -0.0199
vn 0.3490 -0.9371 -0.0073
vn 0.3361 -0.9418 -0.0029
vn 0.0846 -0.1830 0.9795
vn 0.9995 0.0290 -0.0160
vn 0.9991 0.0413 -0.0065
vn 0.9987 0.0497 0.0082
vn 0.3254 -0.9445 -0.0457
vn 0.3094 -0.9492 -0.0570
vn 0.3185 -0.9466 -0.0506
vn 0.3341 -0.9417 -0.0395
vn 0.9998 0.0176 -0.0066
vn 0.9997 0.0224 -0.0052
vn 0.9997 0.0252 -0.0046
vn -0.0044 0.5017 -0.8650
vn 0.0017 0.5839 -0.8118
vn 0.0014 0.5865 -0.8100
vn -0.0560 -0.3391 0.9391
vn -0.0349 -0.3243 0.9453
vn -0.0436 -0.3302 0.9429
vn 0.9996 0.0275 -0.0042
vn 0.9995 0.0302 -0.0061
vn 0.0044 0.5720 -0.8202
vn 0.9995 0.0312 -0.0067
vn 0.0250 0.4884 -0.8723
vn 0.0190 0.4734 -0.8807
vn 0.9992 0.0382 -0.0126
vn -0.9856 0.1693 -0.0032
vn 0.9144 0.4047 -0.0099
vn 0.9330 0.3579 -0.0387
vn 0.9298 0.3664 -0.0358
vn 0.0045 -0.5472 -0.8370
vn 0.0003 -0.5262 -0.8504
vn 0.0040 -0.5448 -0.8386
vn -0.0282 -0.3160 0.9483
vn -0.0180 0.1844 -0.9827
vn -0.0139 0.1852 -0.9826
vn -0.0447 0.1800 -0.9826
vn 0.9999 0.0096 -0.0064
vn 0.0013 0.1729 -0.9849
vn -0.0051 0.1607 -0.9870
vn -0.0054 0.1682 -0.9857
vn 0.0023 0.1727 -0.9850
vn 0.9203 0.3906 -0.0229
vn -0.0004 0.9997 0.0247
vn -0.0003 1.0000 0.0041
vn -0.0000 1.0000 -0.0019
vn 0.0002 -0.9986 0.0524
vn 0.0007 -0.9979 0.0648
vn 0.0024 -0.9977 0.0679
vn 0.0045 -0.2881 0.9576
vn -0.0521 0.1776 -0.9827
vn 0.9998 0.0178 -0.0100
vn 0.9997 0.0237 -0.0099
vn 0.9997 0.0240 -0.0085
vn 1.0000 0.0012 0.0040
vn 0.0068 -0.2101 0.9777
vn 0.9998 0.0006 -0.0200
vn 0.9999 0.0142 -0.0015
vn 0.9999 0.0060 -0.0090
vn 0.9109 0.4125 -0.0041
vn -0.0019 -0.9985 0.0547
vn 0.3535 -0.9353 -0.0144
vn 0.3639 -0.9314 -0.0104
vn 0.3613 -0.9324 -0.0114
vn 0.0067 0.1478 -0.9890
vn 0.0145 0.1439 -0.9895
vn 0.9998 0.0217 -0.0015
vn 0.9996 0.0273 -0.0059
vn 0.9999 -0.0141 -0.0051
vn -0.0003 1.0000 0.0007
vn -0.0021 0.0250 0.9997
vn -0.0013 0.0449 0.9990
vn -0.0027 0.0200 0.9998
vn -0.0019 0.0212 0.9998
vn 0.0010 0.0382 0.9993
vn 0.0024 0.1364 0.9906
vn 0.0074 0.0240 0.9997
vn 0.0014 0.0723 0.9974
vn -0.0066 0.9173 0.3982
vn 0.0002 0.9514 0.3079
vn -0.0037 0.9357 0.3529
vn -0.0032 0.0608 0.9981
vn -0.0245 0.1953 0.9804
vn 0.0011 0.0033 1.0000
vn 0.0203 0.0893 0.9958
vn -0.0030 -0.9980 0.0633
vn 0.0023 -0.9977 0.0679
vn 0.3508 -0.9363 -0.0154
vn 0.0361 0.1662 -0.9854
vn 0.0345 0.1659 -0.9855
vn 0.0135 0.1499 -0.9886
vn 1.0000 0.0027 0.0026
vn 1.0000 0.0056 0.0066
vn 1.0000 0.0036 0.0013
vn 0.3984 -0.9169 -0.0241
vn 0.8971 0.4419 0.0034
vn 0.9111 0.4121 -0.0043
vn -0.0033 0.9709 0.2395
vn 0.0002 0.9745 0.2243
vn -0.0546 0.4136 0.9088
vn -0.0168 -0.9138 0.4057
vn 0.0012 -0.9331 0.3595
vn 0.0012 -0.9335 0.3587
vn -0.0454 -0.8660 -0.4980
vn -0.0043 -0.0388 0.9992
vn 0.0029 -0.2114 0.9774
vn 1.0000 0.0017 -0.0009
vn 0.9994 0.0301 0.0155
vn 1.0000 -0.0062 0.0043
vn 0.0645 -0.0441 0.9969
vn 0.1321 -0.1049 0.9857
vn 0.0972 0.0252 0.9949
vn 0.0972 0.0251 0.9949
vn 0.1321 -0.1050 0.9857
vn 0.0989 0.1399 0.9852
vn 0.0682 -0.2307 0.9706
vn 1.0000 0.0035 -0.0029
vn 1.0000 0.0021 -0.0038
vn 1.0000 0.0050 0.0028
vn 0.9999 0.0116 -0.0062
vn -0.0228 -0.1785 0.9837
vn -0.0205 -0.1762 0.9841
vn -0.0216 -0.1798 0.9835
vn -0.0202 -0.1804 0.9834
vn 0.0411 0.1647 -0.9855
vn -0.0179 -0.9881 -0.1529
vn 0.0012 -0.9903 -0.1392
vn -0.0115 -0.9889 -0.1483
vn 0.9986 0.0486 0.0195
vn 0.0768 -0.1413 0.9870
vn 0.0611 -0.1498 0.9868
vn -0.0218 -0.1937 0.9808
vn -0.0245 -0.1946 0.9806
vn -0.0152 -0.1958 0.9805
vn -0.0119 -0.1969 0.9803
vn 0.0009 1.0000 0.0004
vn 0.8157 0.5497 -0.1800
vn 0.1374 0.0273 0.9901
vn 0.0505 0.0265 0.9984
vn 0.0506 0.0265 0.9984
vn 0.1616 0.0294 0.9864
vn 0.1496 -0.2114 0.9659
vn 0.1497 -0.2114 0.9659
vn 0.0645 -0.0440 0.9969
vn 0.0280 -0.0391 0.9988
vn 0.4838 -0.2247 0.8458
vn 1.0000 0.0081 0.0003
vn 0.9998 0.0087 -0.0174
vn -0.0476 0.1798 -0.9825
vn -0.0211 -0.1749 0.9844
vn 0.1060 -0.9743 -0.1986
vn 0.0566 -0.9841 -0.1682
vn -0.0085 -0.9918 -0.1275
vn -0.0113 -0.2023 0.9793
vn -0.0087 -0.1976 0.9803
vn -0.0038 -0.1963 0.9805
vn -0.6556 -0.4529 0.6042
vn 0.9035 0.4286 0.0005
vn 0.8117 -0.1970 0.5499
vn 1.0000 0.0020 0.0010
vn 0.0015 0.1426 -0.9898
vn 0.1693 -0.9567 -0.2368
vn -0.0308 -0.9863 -0.1621
vn -0.0160 -0.2061 0.9784
vn -0.0113 -0.2024 0.9792
vn -0.0032 -0.1974 0.9803
vn -0.0037 -0.1962 0.9805
vn 0.9045 0.4264 0.0007
vn -0.3136 -0.6917 0.6505
vn 0.0979 -0.2250 0.9694
vn 1.0000 0.0064 -0.0000
vn 0.0492 0.1551 -0.9867
vn 0.0444 0.1564 -0.9867
vn -0.0091 1.0000 -0.0001
vn 0.4931 0.0407 -0.8690
vn -0.0220 -0.1744 0.9844
vn 1.0000 0.0042 0.0020
vn 1.0000 0.0020 0.0041
vn 1.0000 0.0048 0.0027
vn 1.0000 0.0056 0.0006
vn 0.9997 0.0203 -0.0121
vn 0.9996 0.0287 0.0005
vn 0.9997 0.0211 -0.0087
vn 0.9996 0.0283 0.0021
vn 0.0588 -0.2110 0.9757
vn 1.0000 0.0069 0.0033
vn -0.0313 -0.9812 -0.1906
vn 0.0118 -0.9863 -0.1644
vn 0.0477 -0.9887 -0.1421
vn 1.0000 0.0054 0.0014
vn -0.0060 -0.1967 0.9804
vn 0.0440 0.1700 -0.9845
vn 0.0927 -0.9892 -0.1139
vn -0.0147 -0.1963 0.9804
vn 0.3829 -0.9238 -0.0065
vn 0.3712 -0.9285 -0.0106
vn 0.3739 -0.9274 -0.0097
vn 0.9992 -0.0389 -0.0044
vn -0.0033 0.9996 0.0286
vn -0.5650 0.1056 -0.8183
vn -0.0037 0.0094 0.9999
vn 1.0000 0.0024 0.0007
vn 1.0000 0.0054 -0.0006
vn 1.0000 0.0073 -0.0018
vn 1.0000 0.0048 0.0004
vn -0.0444 -0.9862 -0.1593
vn -0.0404 -0.9869 -0.1563
vn -0.0531 -0.9848 -0.1657
vn 0.3856 -0.9226 -0.0055
vn 0.9027 0.4304 -0.0001
vn 0.1204 -0.1211 -0.9853
vn -0.0290 0.4735 -0.8803
vn 0.0001 -0.0346 -0.9994
vn 0.0004 -0.0335 -0.9994
vn 0.0004 -0.0337 -0.9994
vn 1.0000 0.0062 0.0028
vn 1.0000 0.0014 0.0022
vn 1.0000 0.0019 0.0030
vn -0.0318 -0.9882 -0.1500
vn -0.0164 -0.1958 0.9805
vn 0.0033 0.1701 -0.9854
vn 0.0132 0.1928 -0.9812
vn 0.9995 0.0320 0.0028
vn -0.0124 0.9999 -0.0003
vn -1.0000 -0.0004 0.0001
vn -1.0000 -0.0020 0.0009
vn -1.0000 0.0021 -0.0017
vn -0.0013 0.0150 0.9999
vn -0.0135 0.1473 0.9890
vn 0.0027 -0.9578 0.2873
vn -0.0169 -0.9137 0.4060
vn 0.0012 -0.9335 0.3586
vn -0.0076 -0.0141 -0.9999
vn -0.0473 -0.0584 -0.9972
vn 0.0213 0.0112 -0.9997
vn 1.0000 0.0051 0.0013
vn 1.0000 0.0051 0.0030
vn 1.0000 0.0045 -0.0034
vn 0.9999 0.0087 -0.0057
vn 1.0000 0.0053 -0.0035
vn 0.3817 -0.9243 -0.0080
vn 0.3662 -0.9304 -0.0148
vn 0.3712 -0.9285 -0.0126
vn 0.9987 -0.0501 0.0048
vn 1.0000 0.0072 0.0004
vn 1.0000 0.0027 -0.0020
vn -0.0016 0.1720 -0.9851
vn -0.0216 -0.2159 0.9762
vn 0.9997 0.0236 -0.0040
vn 0.3863 -0.9223 -0.0059
vn -1.0000 0.0034 -0.0006
vn -1.0000 0.0034 -0.0004
vn -1.0000 0.0067 0.0022
vn -1.0000 0.0037 0.0010
vn -0.9989 0.0438 0.0147
vn -0.0000 0.0028 1.0000
vn -0.0019 0.5871 -0.8095
vn 0.0025 -0.5094 -0.8605
vn 0.0190 0.0041 -0.9998
vn 0.0503 0.0380 -0.9980
vn 0.0186 0.0100 -0.9998
vn 1.0000 0.0073 0.0015
vn 1.0000 0.0070 0.0017
vn 1.0000 0.0060 -0.0068
vn 1.0000 0.0059 0.0007
vn -0.0236 -0.9903 -0.1366
vn -0.0244 -0.9904 -0.1361
vn -0.0231 -0.9903 -0.1370
vn -0.0286 -0.2185 0.9754
vn 1.0000 -0.0005 0.0031
vn 1.0000 0.0002 0.0040
vn 1.0000 0.0011 0.0019
vn 0.9997 0.0237 -0.0041
vn 0.9999 0.0130 -0.0067
vn 0.9997 0.0245 -0.0053
vn -0.0040 0.9882 0.1528
vn -0.0372 -0.9711 0.2356
vn -0.0002 -0.0026 -1.0000
vn -0.0224 -0.9903 -0.1375
vn 1.0000 0.0006 0.0020
vn -1.0000 0.0002 -0.0002
vn 0.0013 0.5992 -0.8006
vn -0.0378 -0.9726 0.2293
vn -0.0069 0.0196 -0.9998
vn 1.0000 0.0079 0.0037
vn -0.0041 -0.9911 -0.1328
vn -0.0101 -0.9921 -0.1252
vn -0.0073 -0.9911 -0.1331
vn -0.0119 -0.9923 -0.1236
vn 1.0000 0.0036 0.0019
vn -0.9999 -0.0167 -0.0005
vn -0.0013 0.9972 0.0747
vn -0.0059 0.0448 0.9990
vn -0.0638 -0.3811 0.9223
vn 0.0069 -0.5216 0.8532
vn -0.0102 -0.4758 0.8795
vn 1.0000 0.0039 0.0011
vn 0.0083 0.1354 -0.9908
vn 0.9999 0.0108 -0.0124
vn 0.9992 0.0409 0.0015
vn 0.9998 0.0191 -0.0028
vn 0.3851 -0.9229 0.0036
vn 0.3611 -0.9325 -0.0061
vn 0.3677 -0.9300 -0.0034
vn 0.9951 -0.0984 0.0062
vn -1.0000 -0.0001 -0.0001
vn -0.0001 1.0000 -0.0010
vn 0.0012 -0.9972 0.0748
vn 0.0213 0.0113 -0.9997
vn -0.0118 -0.9924 -0.1221
vn 1.0000 0.0040 0.0009
vn 1.0000 0.0039 -0.0010
vn 0.9999 0.0054 -0.0151
vn 0.9999 0.0055 -0.0151
vn 0.9999 0.0094 -0.0134
vn 0.0146 0.2698 -0.9628
vn 0.0029 0.9526 0.3043
vn -0.0185 0.4765 0.8790
vn -0.0146 0.0201 0.9997
vn -0.0272 0.0238 0.9993
vn 0.0122 -0.1617 0.9868
vn 0.0112 0.3158 0.9488
vn 0.0095 0.0147 0.9998
vn -0.9848 0.1189 -0.1270
vn 0.0055 -0.3170 -0.9484
vn 0.0012 -0.3246 -0.9459
vn 0.0909 -0.3272 -0.9406
vn 0.0065 -0.3387 0.9409
vn 0.0067 -0.3384 0.9410
vn 0.0029 -0.3327 0.9430
vn -0.0003 0.3199 0.9475
vn -0.8888 0.3327 0.3153
vn -0.9141 0.3009 0.2717
vn -0.8911 0.3299 0.3116
vn 1.0000 -0.0039 -0.0003
vn 1.0000 -0.0046 0.0011
vn 0.9999 0.0074 -0.0096
vn 0.0003 0.1314 -0.9913
vn 0.0538 -0.2052 0.9772
vn 0.0345 -0.1962 0.9800
vn 0.0619 -0.2019 0.9774
vn 0.3914 -0.9202 0.0062
vn -0.7306 0.6827 0.0113
vn 0.9080 0.4189 -0.0053
vn -1.0000 0.0042 0.0006
vn -0.0390 0.0411 0.9984
vn 0.0014 -0.9975 0.0703
vn -0.0284 0.3306 0.9433
vn 0.0030 -0.9960 0.0891
vn 0.8889 0.4547 -0.0562
vn 0.1274 0.0573 -0.9902
vn -0.4529 0.7119 -0.5367
vn -0.0876 -0.3397 0.9364
vn -0.0591 -0.3751 0.9251
vn 0.0028 -0.0144 -0.9999
vn -0.9944 0.0338 0.0999
vn 0.5168 0.4675 0.7171
vn 0.9587 0.2788 0.0564
vn 0.9979 -0.0550 -0.0336
vn 0.9977 -0.0580 -0.0348
vn 0.9249 0.0576 -0.3758
vn -0.9965 0.0763 0.0328
vn -0.9572 0.2304 -0.1753
vn 0.0013 0.3219 0.9468
vn 0.9882 0.1148 0.1019
vn 0.9990 0.0341 0.0286
vn 0.9996 0.0237 0.0176
vn 1.0000 0.0053 0.0012
vn 0.0284 -0.2092 0.9775
vn 0.8890 0.4578 0.0074
vn 0.9045 0.4264 0.0006
vn 0.0028 -0.5079 -0.8614
vn -0.2108 0.3766 -0.9021
vn -0.0102 -0.9921 -0.1250
vn -0.0119 -0.9924 -0.1222
vn -0.9999 -0.0117 0.0029
vn -0.9998 -0.0161 0.0144
vn -0.9992 -0.0380 0.0080
vn 0.9846 0.0318 0.1719
vn 1.0000 0.0093 0.0001
vn 0.9996 -0.0175 -0.0204
vn 0.6235 0.6383 -0.4515
vn -0.7901 -0.0576 -0.6103
vn -0.9990 0.0117 -0.0421
vn -0.9988 0.0033 -0.0481
vn -0.9990 -0.0307 -0.0322
vn 0.0025 -0.3319 0.9433
vn -0.9930 0.0188 0.1166
vn -0.9884 -0.0013 0.1519
vn -0.9819 -0.0220 0.1880
vn 1.0000 -0.0053 0.0005
vn 0.0218 -0.9288 -0.3699
vn 0.0100 -0.9260 -0.3775
vn 0.0172 -0.9277 -0.3728
vn 0.0209 -0.1783 0.9837
vn 0.9988 0.0479 0.0071
vn 0.9968 0.0798 -0.0079
vn 0.0016 0.9902 0.1400
vn 0.0025 0.9756 0.2195
vn 0.0012 -0.9917 -0.1287
vn 0.0042 -0.9919 -0.1272
vn 0.0001 -0.9914 -0.1307
vn 0.9877 0.1439 -0.0610
vn 0.9992 0.0312 -0.0235
vn -0.9595 -0.0183 -0.2810
vn -0.9865 -0.0088 -0.1636
vn -0.9964 0.0020 -0.0843
vn -0.0050 -0.3206 0.9472
vn 0.9996 0.0237 0.0175
vn 1.0000 -0.0090 -0.0015
vn -0.0044 -0.9908 -0.1356
vn 1.0000 0.0056 0.0008
vn 0.0258 -0.1724 0.9847
vn 0.0048 0.2113 -0.9774
vn -0.0012 0.2175 -0.9761
vn -0.0208 0.2429 -0.9698
vn 0.0025 0.2664 -0.9639
vn 0.0234 0.2815 -0.9593
vn 0.0026 0.9510 0.3091
vn -0.0004 1.0000 -0.0008
vn -0.0009 -0.0296 -0.9996
vn -0.0008 -0.0303 -0.9995
vn -0.0067 -0.4269 -0.9043
vn -0.2274 -0.7100 0.6665
vn 1.0000 -0.0042 -0.0024
vn 1.0000 0.0026 -0.0071
vn -0.9775 -0.0731 0.1977
vn 1.0000 0.0026 -0.0003
vn -1.0000 -0.0008 -0.0003
vn -1.0000 0.0004 0.0003
vn -0.9995 -0.0253 -0.0168
vn -1.0000 0.0016 -0.0006
vn -0.9997 -0.0218 0.0089
vn -0.9954 0.0343 0.0893
vn 0.4960 -0.8683 0.0006
vn 0.0294 -0.9305 -0.3651
vn 0.3158 -0.9485 -0.0251
vn 0.2646 -0.9643 -0.0100
vn 0.3041 -0.9524 -0.0216
vn 0.2534 -0.9673 -0.0068
vn 0.0005 0.9976 0.0695
vn -0.1917 0.0586 0.9797
vn -0.0761 -0.0378 0.9964
vn -0.9870 -0.1271 -0.0985
vn 0.9999 0.0113 -0.0125
vn 0.9971 0.0541 -0.0528
vn -1.0000 -0.0011 -0.0006
vn 0.8967 0.3991 0.1915
vn 0.9996 0.0164 0.0243
vn -0.0072 -0.9905 -0.1371
vn -0.0077 -0.1651 0.9862
vn 0.0359 -0.1735 0.9842
vn 0.0139 0.2026 -0.9792
vn 0.0097 0.2047 -0.9788
vn 0.9995 0.0310 -0.0080
vn 0.9998 0.0199 -0.0003
vn 0.9987 0.0470 -0.0214
vn 0.9134 0.4071 -0.0051
vn -1.0000 -0.0004 -0.0038
vn -0.0088 -0.0729 -0.9973
vn 0.0442 -0.0101 -0.9990
vn -0.0022 0.0004 -1.0000
vn 0.0056 -0.9982 0.0603
vn 0.0287 -0.9984 0.0490
vn -0.0172 0.0694 -0.9974
vn 0.0028 -0.0143 -0.9999
vn -0.0002 -0.9920 -0.1259
vn 0.7570 -0.6458 -0.0999
vn 0.8541 0.4603 -0.2422
vn 0.9142 -0.4054 -0.0007
vn 0.9138 -0.4061 -0.0009
vn 0.9094 -0.4159 -0.0025
vn 0.9054 -0.4245 -0.0016
vn -0.9345 0.3122 0.1707
vn -0.9936 -0.1128 -0.0086
vn -0.9935 -0.1133 -0.0085
vn -0.9171 0.2968 0.2661
vn 1.0000 0.0056 0.0009
vn -0.0201 -0.1610 0.9868
vn 1.0000 0.0028 -0.0005
vn 1.0000 0.0041 -0.0081
vn 1.0000 0.0003 0.0005
vn 1.0000 0.0074 -0.0015
vn 1.0000 0.0079 0.0004
vn -0.0019 1.0000 -0.0000
vn 0.0098 -0.6799 -0.7332
vn 0.9991 -0.0036 -0.0427
vn 0.9274 -0.0043 -0.3741
vn 0.9194 -0.0066 -0.3932
vn 0.9267 -0.0045 -0.3758
vn 0.9190 -0.0067 -0.3943
vn 0.8577 -0.1868 0.4789
vn 0.9560 0.0621 0.2868
vn 0.2671 0.0123 -0.9636
vn -0.9979 -0.0484 0.0441
vn -0.9921 -0.0830 0.0943
vn -0.9881 -0.1060 0.1115
vn 0.9991 0.0046 0.0412
vn 0.9878 0.0540 0.1460
vn 0.9999 -0.0099 -0.0022
vn -0.0106 -0.9904 -0.1381
vn 1.0000 0.0020 0.0001
vn 0.9017 0.4324 0.0004
vn 1.0000 0.0007 0.0033
vn 1.0000 0.0038 0.0071
vn 1.0000 0.0004 0.0031
vn 0.5039 -0.0036 -0.8637
vn 0.9999 -0.0166 0.0021
vn -0.9984 -0.0572 0.0005
vn -0.9936 -0.1126 -0.0087
vn -0.9935 -0.1132 -0.0085
vn -0.9984 -0.0573 0.0006
vn 0.3080 0.0001 0.9514
vn 0.9914 0.0186 -0.1294
vn -0.2260 0.2669 0.9369
vn 0.1595 -0.9872 0.0008
vn 0.1245 -0.9922 0.0003
vn 0.1292 -0.9916 0.0004
vn 0.0019 -0.9999 0.0117
vn 0.0022 -1.0000 -0.0000
vn -0.0002 0.0003 1.0000
vn 0.0114 0.9965 0.0828
vn 0.9974 0.0564 0.0442
vn 0.9818 0.1467 0.1204
vn -0.9726 0.1120 0.2040
vn 0.9948 0.0841 -0.0568
vn 0.9998 0.0045 -0.0187
vn 0.9971 0.0757 -0.0061
vn 0.9993 -0.0243 -0.0274
vn 0.0658 -0.9892 -0.1308
vn 0.0010 -0.9848 -0.1739
vn 0.0380 -0.9880 -0.1494
vn 1.0000 0.0005 0.0014
vn 1.0000 -0.0006 0.0011
vn -0.0023 -0.7732 -0.6341
vn 0.9998 -0.0081 0.0169
vn 0.2847 -0.9586 0.0066
vn 0.9184 -0.3955 -0.0039
vn 0.9186 -0.3952 -0.0040
vn -0.9334 0.1419 -0.3295
vn 1.0000 -0.0090 -0.0022
vn 0.9564 -0.0577 0.2865
vn 0.9710 -0.0481 0.2343
vn 1.0000 0.0076 -0.0065
vn 0.9942 -0.1076 -0.0095
vn 0.1035 -0.9890 -0.1052
vn 1.0000 -0.0003 0.0018
vn 1.0000 -0.0005 0.0008
vn 0.8276 -0.5613 -0.0019
vn -0.0091 1.0000 0.0015
vn -0.0021 1.0000 -0.0000
vn -0.0006 1.0000 -0.0007
vn -0.9139 0.4044 -0.0345
vn -0.9023 0.4309 -0.0082
vn -0.9091 0.4158 -0.0255
vn 0.9052 -0.4250 -0.0016
vn 0.5140 -0.0887 0.8532
vn 0.9141 -0.4054 -0.0110
vn 0.9182 -0.3958 -0.0131
vn 0.9192 -0.3935 -0.0136
vn 0.6241 -0.3786 -0.6835
vn 0.0023 -1.0000 -0.0000
vn 0.0031 -1.0000 0.0018
vn 0.0081 -0.9998 -0.0200
vn 0.0343 -0.3642 -0.9307
vn 0.0124 -0.9707 -0.2402
vn 0.0083 -0.9756 -0.2196
vn -0.3876 -0.4000 0.8305
vn -0.3836 -0.3957 0.8344
vn -0.3837 -0.3958 0.8343
vn -0.3804 -0.3923 0.8375
vn 0.0006 0.4814 0.8765
vn 0.0006 0.4811 0.8767
vn 0.0016 0.4677 0.8839
vn 1.0000 0.0021 0.0001
vn -0.7866 0.6174 0.0021
vn -0.8787 0.4772 -0.0136
vn -0.7962 0.6051 0.0006
vn 0.9991 0.0418 0.0018
vn 0.9997 -0.0169 0.0164
vn 0.9954 -0.0959 -0.0040
vn 1.0000 0.0052 0.0014
vn 1.0000 0.0054 0.0013
vn 1.0000 0.0059 0.0008
vn -0.0001 1.0000 0.0001
vn 0.0946 -0.9955 -0.0008
vn -0.0018 1.0000 0.0001
vn -0.0014 -0.9925 -0.1224
vn -0.0002 -0.9921 -0.1258
vn 0.9100 -0.4146 -0.0090
vn 0.9999 -0.0044 -0.0120
vn 0.3213 0.4943 -0.8077
vn 0.7921 -0.2455 -0.5588
vn 0.9017 -0.4323 0.0008
vn 0.9996 -0.0075 -0.0272
vn 0.9973 -0.0723 0.0149
vn 0.1598 -0.9872 0.0008
vn -0.0004 -1.0000 -0.0091
vn 0.0017 -1.0000 -0.0017
vn 1.0000 -0.0074 0.0018
vn -0.9998 0.0135 -0.0138
vn -1.0000 0.0011 -0.0004
vn 0.9884 0.0039 0.1520
vn 0.2761 0.5761 0.7694
vn -0.0094 -0.0058 0.9999
vn 0.0051 -0.0036 1.0000
vn 1.0000 0.0054 0.0046
vn 0.9991 0.0018 0.0435
vn 0.9997 0.0066 0.0232
vn 0.8937 0.2501 0.3726
vn -0.8896 0.4565 -0.0158
vn 0.9999 -0.0147 -0.0037
vn -0.0057 -0.9905 -0.1371
vn 0.9999 0.0110 0.0027
vn 1.0000 -0.0001 -0.0009
vn -0.0355 -0.2020 0.9787
vn -0.0211 -0.2054 0.9784
vn -0.0312 -0.2042 0.9784
vn -0.0131 -0.2026 0.9792
vn 0.8563 -0.5165 0.0007
vn -0.8969 0.4421 -0.0034
vn -0.3895 -0.9204 -0.0336
vn -0.3746 -0.9269 -0.0231
vn -0.3660 -0.9305 -0.0170
vn 0.7408 0.0077 -0.6716
vn 0.0061 -0.0167 -0.9998
vn 0.0226 -0.0573 -0.9981
vn -0.0009 0.0006 -1.0000
vn -0.0002 0.0028 -1.0000
vn 0.4036 -0.9149 0.0054
vn 0.4022 -0.9156 -0.0015
vn 0.4017 -0.9158 -0.0038
vn 0.9990 -0.0457 0.0029
vn 0.9085 -0.4179 0.0001
vn 0.9093 -0.4161 -0.0000
vn 0.8426 -0.5386 0.0018
vn 0.9941 -0.1083 0.0117
vn 0.9889 -0.1462 0.0270
vn 0.9916 -0.1279 0.0196
vn 0.9692 0.0804 -0.2326
vn 0.9998 -0.0193 0.0055
vn 0.9999 -0.0044 -0.0119
vn 0.9090 -0.4168 0.0023
vn 0.9017 -0.4324 0.0008
vn 0.9015 -0.4329 0.0009
vn 0.9997 -0.0167 -0.0152
vn -0.0114 0.8147 0.5798
vn -0.0253 0.8071 0.5899
vn -0.0138 0.8134 0.5815
vn -0.9878 -0.1517 -0.0339
vn -0.9864 -0.1597 -0.0394
vn -0.9891 -0.1443 -0.0289
vn 0.0085 0.9997 0.0231
vn -0.0107 0.9963 0.0857
vn -0.0014 0.9984 0.0566
vn 0.0038 0.9882 0.1534
vn 0.0003 1.0000 -0.0002
vn 0.0003 1.0000 -0.0003
vn -0.0000 1.0000 -0.0006
vn 0.9663 0.2574 0.0004
vn 0.9621 0.2727 -0.0010
vn 0.9553 0.1447 -0.2577
vn 0.0847 -0.1527 0.9846
vn 0.9313 -0.0017 0.3644
vn 0.0022 0.9982 0.0607
vn -0.0057 -0.9905 -0.1372
vn -0.0046 -0.9903 -0.1388
vn 0.0073 -0.2045 0.9788
vn 0.9014 0.4331 0.0007
vn 0.8932 0.4496 -0.0070
vn -0.0015 1.0000 0.0002
vn 0.0003 0.0008 -1.0000
vn 0.9093 -0.4162 -0.0000
vn 0.9020 -0.4317 -0.0011
vn 0.8426 -0.5385 0.0018
vn 0.9833 -0.1775 0.0396
vn 0.9094 -0.4160 0.0023
vn 0.9016 -0.4325 0.0009
vn 0.9988 -0.0487 0.0026
vn 0.0016 -1.0000 -0.0017
vn -0.0001 -1.0000 -0.0000
vn -0.7969 -0.6041 -0.0051
vn 0.0006 -0.3222 -0.9467
vn 0.0069 -0.3168 -0.9485
vn -0.0001 -0.3228 -0.9465
vn 0.0016 0.4676 0.8839
vn 0.0006 0.4813 0.8766
vn 0.0009 0.4751 0.8800
vn 0.0135 0.9995 0.0298
vn 0.0391 0.9991 0.0157
vn 0.0758 0.8062 0.5868
vn -0.0033 0.8369 0.5473
vn -0.0093 0.8390 0.5441
vn -0.1127 0.8674 0.4846
vn -0.9911 -0.0028 0.1329
vn 1.0000 0.0025 0.0001
vn 1.0000 0.0044 0.0013
vn 0.0122 -0.2057 0.9785
vn 0.8224 0.5689 -0.0101
vn 0.8889 0.4579 -0.0108
vn -0.8956 0.4447 -0.0102
vn -0.9082 0.4185 0.0071
vn -0.3515 -0.9362 -0.0069
vn -0.9998 0.0209 0.0012
vn -0.9997 0.0234 -0.0009
vn -0.9997 0.0227 -0.0006
vn -0.9997 0.0252 -0.0022
vn -0.1106 0.1282 -0.9856
vn 0.9947 -0.1014 -0.0179
vn -0.3009 -0.9536 -0.0008
vn 0.9910 -0.0157 -0.1326
vn -0.0064 -0.3282 -0.9446
vn 0.0056 0.3361 -0.9418
vn 0.0093 0.3298 -0.9440
vn 0.0075 0.3112 -0.9503
vn 0.9538 0.0870 0.2877
vn 0.0148 0.9999 -0.0025
vn -0.5952 0.1537 -0.7887
vn -0.0402 0.1329 0.9903
vn -0.0503 0.1280 0.9905
vn -0.0632 0.1216 0.9906
vn -0.0721 0.1172 0.9905
vn 0.9513 0.2944 -0.0915
vn 0.9999 -0.0115 -0.0031
vn 0.9960 -0.0097 0.0885
vn 0.9997 0.0049 0.0220
vn 1.0000 0.0036 -0.0005
vn -0.8941 0.4479 0.0017
vn -0.8962 0.4437 -0.0024
vn -0.0164 -0.3290 0.9442
vn -0.0292 -0.3222 0.9462
vn 0.0426 -0.3126 0.9489
vn -0.9998 0.0192 0.0030
vn 0.0006 -0.9975 0.0704
vn -0.0249 -0.5395 0.8416
vn -0.0030 -0.8187 -0.5743
vn -0.0052 -0.8197 -0.5728
vn -0.0024 -0.8175 -0.5760
vn -0.0031 -0.3339 -0.9426
vn -0.0092 -0.3391 -0.9407
vn -0.0014 -0.3279 -0.9447
vn -0.0037 -0.9999 0.0130
vn -0.0256 -0.9983 0.0531
vn -0.0043 -0.9999 0.0122
vn 0.0070 -0.9999 -0.0083
vn 0.0061 -0.9999 -0.0101
vn -0.0024 -0.8174 -0.5760
vn 0.0020 -0.8103 -0.5860
vn -0.0220 -0.8475 -0.5304
vn 0.4812 -0.7133 -0.5096
vn -0.0138 -0.8372 -0.5467
vn 0.9992 -0.0088 -0.0390
vn 0.9996 -0.0110 -0.0254
vn 1.0000 -0.0052 -0.0045
vn 0.9970 -0.0186 0.0753
vn 0.9999 -0.0106 -0.0000
vn -0.0031 -0.3338 -0.9426
vn -0.0013 -0.3279 -0.9447
vn 0.0093 -0.3088 -0.9511
vn -0.0026 -0.8157 0.5784
vn -0.0012 -0.8164 0.5774
vn 0.0048 -0.8195 0.5731
vn 1.0000 -0.0081 -0.0032
vn 0.9932 0.0655 0.0959
vn 0.9806 0.1373 0.1402
vn 0.9923 0.1230 0.0148
vn 0.9362 0.1330 0.3253
vn -0.9994 -0.0258 -0.0250
vn 0.5834 -0.2678 -0.7667
vn 0.0372 -0.2759 -0.9605
vn 0.0685 -0.2663 -0.9615
vn -0.0030 0.1810 -0.9835
vn -0.0066 0.2991 -0.9542
vn 0.0190 0.2515 -0.9677
vn 0.0030 0.3144 -0.9493
vn 0.0056 0.3151 -0.9490
vn 0.9988 0.0164 0.0453
vn 0.9932 0.0676 0.0950
vn 0.9921 0.1249 0.0136
vn 0.9952 0.0473 0.0855
vn 1.0000 0.0031 -0.0082
vn 0.9235 0.0548 -0.3796
vn -0.0726 0.3069 -0.9490
vn -0.0042 0.3004 -0.9538
vn -0.9998 -0.0163 0.0068
vn -1.0000 -0.0012 0.0007
vn -1.0000 -0.0023 0.0002
vn -0.0087 -0.8126 0.5827
vn 0.0235 0.3415 -0.9396
vn -1.0000 -0.0007 0.0007
vn -1.0000 -0.0023 -0.0017
vn -1.0000 -0.0008 -0.0008
vn -1.0000 0.0007 0.0009
vn -1.0000 0.0004 0.0015
vn -1.0000 -0.0020 0.0036
vn -1.0000 -0.0009 0.0091
vn 1.0000 -0.0025 0.0017
vn -0.8195 -0.5723 0.0296
vn -0.8507 -0.5251 0.0240
vn -0.8489 -0.5281 0.0244
vn -0.9767 -0.2144 0.0006
vn -0.9764 -0.2162 0.0031
vn -0.9769 -0.2138 0.0005
vn -0.6779 -0.7348 0.0204
vn 0.9990 0.0373 -0.0261
vn 0.9999 0.0005 -0.0127
vn -0.0038 0.8095 -0.5871
vn -0.0092 0.8042 -0.5943
vn -0.0077 0.8144 -0.5802
vn -0.0044 -0.3398 0.9405
vn -0.0010 -0.3426 0.9395
vn -0.0000 -0.3463 0.9381
vn 0.0047 -0.3547 0.9350
vn -0.0042 -0.3423 0.9396
vn 0.9989 -0.0412 0.0245
vn 0.9973 -0.0717 -0.0139
vn 1.0000 0.0075 -0.0059
vn 0.9981 -0.0606 -0.0078
vn -0.9160 -0.4012 -0.0029
vn 0.9993 0.0223 -0.0285
vn 0.9959 0.0527 -0.0728
vn -0.0046 0.8168 -0.5769
vn -0.0130 0.8257 -0.5640
vn -1.0000 0.0037 0.0035
vn -1.0000 -0.0007 -0.0011
vn -0.0046 0.3148 0.9492
vn -0.0004 0.3209 0.9471
vn 0.0013 0.3317 0.9434
vn -0.8488 -0.5281 0.0244
vn -0.7789 -0.6261 0.0361
vn -0.8195 -0.5724 0.0296
vn -0.1611 0.0035 -0.9869
vn -1.0000 0.0031 0.0008
vn 0.0050 0.3418 0.9398
vn 0.0037 0.3439 0.9390
vn 0.0036 0.3316 0.9434
vn -0.9660 -0.2582 -0.0146
vn -0.9984 -0.0532 0.0192
vn -0.9764 -0.2161 0.0031
vn -0.9660 -0.2581 -0.0145
vn -0.0000 -1.0000 0.0020
vn 0.0001 -1.0000 0.0007
vn -0.0006 -1.0000 -0.0010
vn 0.1152 -0.9933 0.0011
vn -0.0001 -1.0000 -0.0001
vn 0.0069 0.3098 -0.9508
vn 0.0053 0.2910 -0.9567
vn 0.0004 0.8209 0.5711
vn 0.9462 0.0993 0.3080
vn -0.9422 -0.3093 0.1289
vn -0.9999 -0.0131 0.0030
vn -0.9999 -0.0065 -0.0094
vn -0.9999 -0.0117 -0.0061
vn -0.9999 -0.0041 -0.0098
vn -0.9908 -0.1334 -0.0215
vn -0.0005 0.6724 -0.7402
vn -0.0003 0.6731 -0.7395
vn -0.0005 0.6723 -0.7402
vn -0.0045 -0.9902 -0.1396
vn 0.2308 -0.9730 0.0015
vn 0.2166 -0.9762 0.0064
vn 0.2692 -0.9630 -0.0120
vn 0.0018 0.9999 0.0133
vn -0.3811 0.9245 -0.0015
vn -0.0014 1.0000 0.0005
vn -0.0068 1.0000 0.0023
vn 0.0283 0.1524 -0.9879
vn 0.0146 0.1792 -0.9837
vn 0.0247 0.1789 -0.9836
vn 0.0272 0.1776 -0.9837
vn -0.9998 0.0161 0.0067
vn 0.0232 -0.1376 0.9902
vn -0.0008 0.0009 -1.0000
vn 0.0061 -0.0166 -0.9998
vn 0.3306 -0.0226 -0.9435
vn 0.5627 0.7857 -0.2569
vn 0.0077 0.8256 0.5642
vn -0.0044 0.8196 0.5730
vn 0.0057 0.8246 0.5657
vn -0.9617 -0.2741 -0.0056
vn -0.0002 -1.0000 -0.0015
vn 0.4002 -0.9163 -0.0107
vn 0.8102 -0.5861 0.0031
vn 0.0007 0.2986 -0.9544
vn 0.0044 0.8098 -0.5867
vn 0.0120 0.8058 -0.5921
vn 0.0056 0.8092 -0.5876
vn -0.0204 -0.4147 0.9097
vn 0.0137 -0.2651 0.9641
vn -0.0185 -0.2159 0.9762
vn -0.4253 -0.0011 0.9050
vn 0.0009 0.4752 0.8799
vn 0.0017 0.4664 0.8846
vn 0.0051 0.0039 1.0000
vn 0.0151 0.9992 0.0369
vn -0.0834 0.9873 0.1352
vn -0.0282 0.9963 0.0811
vn 1.0000 0.0063 -0.0033
vn 0.9996 0.0246 0.0120
vn 0.9998 0.0199 -0.0001
vn 0.9999 0.0108 0.0016
vn 1.0000 -0.0009 0.0006
vn 1.0000 -0.0001 0.0003
vn -0.9002 0.4354 -0.0025
vn 0.0892 -0.2565 0.9624
vn 0.9766 0.0576 -0.2073
vn 0.0176 0.8303 0.5570
vn 0.9935 0.0124 0.1132
vn 0.9757 -0.0093 0.2191
vn 0.8452 0.5345 0.0002
vn -0.0001 -1.0000 -0.0003
vn -0.0021 0.8131 -0.5821
vn 0.9957 0.0328 0.0867
vn 0.9944 0.0907 0.0545
vn 0.9956 0.0933 0.0039
vn 0.9843 0.1547 -0.0848
vn -0.9985 0.0220 0.0507
vn -0.9954 0.0520 0.0805
vn -0.9977 0.0265 0.0620
vn -0.6980 -0.7003 0.1497
vn -0.4251 -0.0009 0.9051
vn 0.0013 1.0000 -0.0058
vn -0.0003 0.6732 -0.7395
vn 1.0000 0.0013 0.0019
vn 1.0000 -0.0011 0.0026
vn 1.0000 0.0082 0.0050
vn 0.9998 0.0201 0.0039
vn 0.9999 0.0109 0.0060
vn 0.0048 1.0000 -0.0045
vn -0.0065 -0.9904 -0.1380
vn 0.9937 0.1120 0.0054
vn 1.0000 -0.0024 0.0001
vn 0.9841 -0.1778 0.0007
vn -0.0016 1.0000 0.0001
vn -0.3261 -0.9450 -0.0234
vn -0.3086 -0.9507 -0.0297
vn -0.3218 -0.9465 -0.0249
vn -0.9997 0.0254 0.0019
vn -0.9996 0.0270 0.0042
vn -0.9997 0.0257 0.0027
vn -0.9997 0.0247 0.0004
vn -0.9997 0.0244 -0.0021
vn -0.9997 0.0241 -0.0032
vn 0.1348 0.0890 -0.9869
vn -0.9795 0.1246 0.1585
vn 0.9570 0.0766 -0.2796
vn 0.0352 -0.9994 -0.0006
vn -0.0028 -1.0000 -0.0002
vn 0.0047 -0.9999 0.0094
vn 0.0071 -0.9999 0.0089
vn 0.0012 -1.0000 0.0001
vn -0.7284 -0.6852 -0.0056
vn -0.9992 0.0086 0.0384
vn -0.0005 -0.0024 1.0000
vn -0.9105 0.2623 0.3197
vn -0.9476 0.3193 -0.0012
vn -0.9601 0.2795 -0.0042
vn -0.9487 0.3163 -0.0014
vn 1.0000 -0.0057 -0.0067
vn 0.0049 1.0000 -0.0045
vn -0.0130 0.3432 -0.9392
vn -0.0097 0.3545 -0.9350
vn 0.0025 0.3959 -0.9183
vn 1.0000 0.0028 -0.0025
vn 1.0000 0.0014 -0.0024
vn 1.0000 0.0008 -0.0023
vn -1.0000 0.0027 -0.0009
vn -1.0000 0.0019 -0.0007
vn 0.0004 1.0000 -0.0019
vn 0.9994 0.0340 0.0009
vn -0.0301 0.9995 -0.0000
vn -0.0267 0.9996 0.0008
vn -0.8957 0.4446 -0.0000
vn 0.0025 -0.1291 0.9916
vn -0.0266 -0.0521 -0.9983
vn -0.9852 -0.0084 -0.1709
vn -0.9758 -0.0020 -0.2184
vn -0.9843 -0.0077 -0.1764
vn 0.9958 0.0428 0.0804
vn -0.0003 -1.0000 0.0016
vn 0.0009 -1.0000 -0.0013
vn -0.0195 0.9996 0.0179
vn -0.0125 0.9999 0.0108
vn -0.0124 0.9999 0.0107
vn 0.9917 0.1271 0.0181
vn 0.9944 0.0907 0.0546
vn 0.0021 -0.0747 -0.9972
vn 0.0098 -0.1768 -0.9842
vn 0.0017 -0.1287 -0.9917
vn -0.0344 -0.5528 -0.8326
vn 0.0272 -0.2898 -0.9567
vn 0.0018 -0.1288 -0.9917
vn 0.0098 -0.1769 -0.9842
vn 0.0032 -0.0703 -0.9975
vn -0.2482 0.6476 0.7205
vn 0.0055 0.4060 -0.9138
vn 0.9992 0.0052 0.0404
vn 0.0015 0.1835 -0.9830
vn -0.0364 0.1659 -0.9855
vn -0.0133 0.1767 -0.9842
vn -0.0525 0.1583 -0.9860
vn 1.0000 0.0013 -0.0036
vn -1.0000 -0.0004 0.0002
vn -1.0000 -0.0015 0.0006
vn 0.9854 -0.1703 -0.0000
vn -0.0396 0.9992 0.0005
vn -0.6005 0.7996 -0.0023
vn -0.0612 0.9981 -0.0001
vn 0.0053 0.1615 -0.9869
vn 0.0101 0.1632 -0.9865
vn -0.0080 0.1696 -0.9855
vn -0.3036 -0.9523 -0.0315
vn -0.0543 -0.1555 0.9863
vn -0.0844 -0.1357 0.9871
vn -0.0038 -0.1834 0.9830
vn 0.1962 0.0543 -0.9791
vn -0.0934 0.0178 0.9955
vn -0.0006 0.0006 -1.0000
vn -0.9753 -0.0017 -0.2210
vn -0.7439 -0.0495 -0.6665
vn -0.0216 -0.9998 -0.0031
vn 0.0001 -1.0000 0.0002
vn -0.8734 -0.4870 0.0035
vn 0.9937 0.0455 -0.1029
vn 0.9909 0.0195 -0.1328
vn 0.9970 0.0663 -0.0394
vn -0.0052 1.0000 0.0035
vn -1.0000 -0.0025 -0.0019
vn -1.0000 0.0013 0.0042
vn -0.9999 0.0054 0.0109
vn -0.9999 0.0054 0.0110
vn -0.9998 0.0096 0.0178
vn -0.9605 0.2783 -0.0043
vn -0.9999 0.0136 0.0071
vn -0.9999 0.0104 0.0130
vn -0.9999 0.0145 0.0087
vn -0.0316 0.9628 0.2682
vn -0.0162 0.9659 0.2582
vn -0.0016 0.9692 0.2462
vn 1.0000 0.0069 0.0039
vn -0.0079 -0.9893 -0.1456
vn -0.0145 0.4089 -0.9125
vn -0.0195 0.4002 -0.9162
vn -0.0167 0.4095 -0.9121
vn 0.9996 0.0074 -0.0276
vn 0.2828 -0.9590 -0.0167
vn -1.0000 -0.0015 0.0088
vn -0.0003 1.0000 -0.0011
vn -0.8927 0.4507 0.0014
vn -0.9997 0.0257 0.0020
vn -0.9999 0.0153 0.0024
vn -0.9998 0.0188 0.0019
vn -0.6463 -0.1553 0.7471
vn -0.7024 -0.0778 0.7075
vn -0.6734 -0.1192 0.7296
vn -0.0356 -0.0939 -0.9949
vn -0.0482 -0.1482 -0.9878
vn -0.0044 -0.9940 -0.1093
vn 0.9351 0.0530 -0.3504
vn -0.0005 0.9999 0.0124
vn 0.0022 0.9999 0.0098
vn -0.0003 0.9999 0.0122
vn 0.9972 0.0231 0.0710
vn 0.9973 0.0727 0.0133
vn -0.9598 -0.2806 0.0048
vn -0.2950 -0.9555 0.0018
vn 0.9947 0.0322 -0.0982
vn 0.9915 0.0127 -0.1295
vn 0.9881 0.0067 -0.1533
vn -0.9222 0.3014 0.2423
vn -0.0131 -0.0814 -0.9966
vn -0.3344 -0.3111 0.8896
vn -0.9997 0.0220 0.0130
vn -0.9995 0.0192 0.0248
vn -0.9999 0.0103 0.0025
vn 0.0044 0.9713 0.2377
vn 0.9995 -0.0262 0.0169
vn -0.0111 -0.9898 -0.1419
vn -1.0000 -0.0008 -0.0080
vn -0.3559 -0.9345 -0.0075
vn -0.3371 -0.9414 -0.0143
vn -0.3516 -0.9361 -0.0091
vn -0.9997 0.0262 0.0029
vn -0.0208 0.1715 -0.9850
vn 0.0149 -0.9895 -0.1440
vn 0.0233 -0.9885 -0.1497
vn 0.0108 -0.9899 -0.1412
vn -1.0000 -0.0006 -0.0020
vn -1.0000 -0.0006 0.0036
vn -1.0000 -0.0009 0.0027
vn -0.1114 -0.2784 0.9540
vn 0.8418 0.0613 -0.5363
vn -0.6735 -0.1192 0.7296
vn -0.7300 -0.0349 0.6826
vn 0.8203 0.3830 -0.4247
vn -0.0356 -0.0938 -0.9949
vn -0.0214 -0.0598 -0.9980
vn -0.6227 0.5305 -0.5752
vn -0.0031 0.9999 0.0149
vn 0.9930 0.0816 0.0856
vn 0.9809 0.1762 0.0825
vn 0.9926 0.0923 0.0791
vn 0.9259 -0.0725 0.3707
vn 0.9799 0.1013 -0.1716
vn -0.1345 0.0123 0.9908
vn -0.9763 0.1248 0.1770
vn -0.9934 -0.0015 0.1145
vn -0.9997 0.0001 0.0232
vn -1.0000 0.0041 0.0070
vn -1.0000 0.0015 0.0006
vn -1.0000 0.0001 0.0003
vn -0.0130 -0.8209 -0.5710
vn -0.0041 -0.8165 -0.5773
vn -0.0056 -0.8173 -0.5762
vn 0.0034 -0.8128 -0.5826
vn 0.0124 -0.3351 -0.9421
vn 0.0110 -0.3333 -0.9428
vn 0.0086 -0.3310 -0.9436
vn 0.0104 -0.3321 -0.9432
vn 0.0089 -0.3309 -0.9436
vn 0.0018 -1.0000 -0.0020
vn -0.0009 -1.0000 -0.0045
vn 0.0016 -1.0000 -0.0021
vn 0.0043 -1.0000 0.0004
vn 0.0018 -1.0000 -0.0019
vn -0.0017 0.3117 -0.9502
vn 0.0033 0.3157 -0.9488
vn 0.0023 0.3150 -0.9491
vn 0.0073 0.3190 -0.9477
vn 0.0053 -0.8186 0.5744
vn -1.0000 0.0017 0.0008
vn -1.0000 -0.0006 -0.0000
vn -1.0000 -0.0001 -0.0000
vn 0.0057 -0.8184 0.5746
vn 0.9999 -0.0102 -0.0046
vn 0.9999 -0.0082 -0.0103
vn 0.9999 -0.0064 -0.0081
vn -1.0000 0.0003 0.0002
vn -1.0000 -0.0020 0.0020
vn 0.9746 0.0258 -0.2223
vn 0.9908 -0.0003 -0.1355
vn 0.9768 0.0699 -0.2026
vn 0.9950 0.0661 -0.0749
vn 0.9944 -0.0425 0.0965
vn -0.8308 -0.5565 0.0057
vn -0.8336 -0.5523 0.0058
vn -0.8104 -0.5859 -0.0002
vn 0.9631 0.0424 -0.2658
vn -0.6279 -0.7780 0.0186
vn -0.5954 -0.8033 0.0106
vn -0.6257 -0.7798 0.0180
vn 0.0132 0.8162 -0.5776
vn 0.0051 0.8258 -0.5640
vn 0.0114 0.8165 -0.5772
vn -0.1375 0.9885 -0.0621
vn 0.8568 0.2063 -0.4726
vn 0.9934 0.1145 -0.0023
vn -0.9994 0.0162 0.0313
vn -0.9997 0.0125 0.0202
vn -0.1813 -0.0833 -0.9799
vn -0.9183 -0.0545 -0.3921
vn -0.8977 -0.0680 -0.4354
vn -0.9393 -0.0126 -0.3430
vn -0.9488 0.0494 -0.3121
vn -0.1938 -0.3072 -0.9317
vn -0.0072 -0.0737 -0.9973
vn -0.0012 -0.1127 0.9936
vn 0.0098 0.9991 0.0415
vn 0.0269 0.9930 0.1151
vn 0.0292 0.9946 0.1000
vn 0.7177 -0.4360 0.5430
vn -0.0075 -0.9883 -0.1522
vn 0.0346 -0.9476 -0.3175
vn 0.0271 -0.9489 -0.3144
vn 0.0462 -0.9455 -0.3223
vn -0.0215 0.4071 -0.9131
vn -0.0193 0.4060 -0.9136
vn -0.0084 0.3858 -0.9225
vn -0.7008 0.7133 -0.0040
vn 0.9280 0.3725 0.0051
vn -0.0119 0.2084 -0.9780
vn -0.0638 0.2389 -0.9689
vn -0.0527 0.2347 -0.9706
vn 0.0175 -0.1910 0.9814
vn -1.0000 -0.0038 -0.0006
vn -0.7373 0.0228 -0.6752
vn -0.8094 0.0090 -0.5871
vn -0.7141 0.0269 -0.6995
vn -0.8571 -0.1990 0.4752
vn -0.9872 0.1514 -0.0506
vn 0.8992 -0.3420 -0.2727
vn 0.9899 0.0922 0.1080
vn 0.9640 0.2519 0.0849
vn 0.9688 0.2315 0.0882
vn 0.9941 0.0770 -0.0763
vn 0.9833 0.1060 -0.1480
vn 0.0033 -0.3392 0.9407
vn 0.0006 -0.3415 0.9399
vn 0.0029 -0.3395 0.9406
vn 0.9996 -0.0256 0.0085
vn -0.0219 0.3032 0.9527
vn -0.0118 0.3117 0.9501
vn -0.0093 0.3137 0.9495
vn 0.9949 0.0299 0.0965
vn -0.7103 -0.7038 -0.0117
vn -0.2457 0.3062 -0.9197
vn 0.9886 0.0129 -0.1502
vn 0.9751 0.1606 -0.1528
vn -0.9951 0.0984 0.0075
vn -0.9913 0.1314 -0.0006
vn -0.9531 0.3014 0.0263
vn 0.9045 0.4162 0.0927
vn -0.9241 -0.0462 -0.3794
vn -0.9455 -0.0214 -0.3248
vn -1.0000 0.0052 0.0062
vn -0.0141 0.9999 -0.0056
vn 0.2222 -0.8661 0.4477
vn 0.0051 0.9720 0.2349
vn 0.0077 0.9723 0.2335
vn -0.0142 0.9976 0.0678
vn 0.8334 0.5527 -0.0036
vn -0.8949 0.4464 0.0005
vn -0.3324 -0.9430 -0.0160
vn 0.0134 -0.1793 0.9837
vn 0.0054 -0.1758 0.9844
vn 0.0377 -0.1903 0.9810
vn -0.9999 0.0092 0.0044
vn -0.9999 0.0096 0.0053
vn -0.0671 0.1650 -0.9840
vn 0.0377 -0.1929 0.9805
vn 0.0418 -0.1940 0.9801
vn -0.7024 0.0289 -0.7112
vn -0.0012 -0.9937 -0.1124
vn 0.8221 0.5693 -0.0121
vn -0.9873 0.0824 0.1361
vn -0.8998 0.2411 -0.3636
vn -0.9131 0.1967 -0.3572
vn -0.8487 0.3700 -0.3779
vn 0.0144 0.8125 -0.5828
vn 0.0118 0.8138 -0.5811
vn -1.0000 -0.0021 0.0026
vn -1.0000 0.0006 -0.0001
vn 0.0056 -0.3372 0.9414
vn 0.0032 -0.3392 0.9407
vn -0.8823 -0.4707 0.0008
vn -0.8697 -0.4937 -0.0011
vn 1.0000 -0.0046 -0.0029
vn -1.0000 -0.0075 0.0023
vn -1.0000 -0.0002 -0.0003
vn -1.0000 -0.0010 0.0002
vn -0.9661 0.0741 0.2471
vn -0.9493 0.1684 0.2653
vn -0.9595 0.1112 0.2588
vn -0.5402 0.0634 0.8392
vn -0.9973 0.0302 -0.0667
vn -0.9567 0.1065 -0.2707
vn -0.9911 0.0360 -0.1285
vn 0.0120 -0.8723 -0.4888
vn 0.0150 -0.8761 -0.4820
vn 0.0049 -0.8630 -0.5052
vn -0.4878 0.8728 0.0159
vn -0.0034 0.9995 0.0311
vn 0.0036 1.0000 -0.0001
vn 0.9999 0.0023 0.0103
vn -0.0074 -0.9883 -0.1521
vn -0.0063 -0.9886 -0.1505
vn 0.0533 -0.9441 -0.3252
vn -0.3933 0.3106 -0.8653
vn -0.0313 0.3306 -0.9433
vn -0.0088 0.2581 -0.9661
vn -0.0125 0.2760 -0.9611
vn 0.0011 0.2631 -0.9648
vn -0.0014 0.3051 -0.9523
vn 0.0007 0.2744 -0.9616
vn -0.0011 1.0000 0.0006
vn 0.0013 1.0000 0.0001
vn 0.0822 0.9966 0.0004
vn -0.9994 0.0338 0.0044
vn -0.9996 0.0294 -0.0022
vn -0.9997 0.0241 -0.0057
vn -0.0094 0.2019 -0.9794
vn 0.0009 -0.9909 -0.1344
vn -0.9975 -0.0335 -0.0623
vn -0.9985 0.0466 -0.0270
vn -0.9989 0.0314 -0.0346
vn -0.9989 0.0314 -0.0345
vn -0.9930 0.1183 0.0019
vn -0.9796 0.1076 0.1699
vn 0.0021 0.8138 0.5811
vn 0.0072 0.8094 0.5872
vn 0.0054 0.8105 0.5857
vn 0.9983 -0.0420 0.0407
vn 0.9944 -0.0426 0.0966
vn -0.8384 -0.5449 -0.0067
vn -0.8777 -0.4792 0.0010
vn -0.0040 -0.3142 -0.9493
vn 0.0017 -0.3189 -0.9478
vn 0.0027 -0.3198 -0.9475
vn -1.0000 0.0005 0.0005
vn 0.0015 0.3227 0.9465
vn 0.9127 0.0169 0.4084
vn -0.7922 0.3670 0.4876
vn -0.9992 0.0366 0.0130
vn -0.9947 0.0684 0.0767
vn -0.9994 0.0162 0.0314
vn -1.0000 0.0021 0.0025
vn -0.9997 0.0226 0.0110
vn -0.9831 -0.0561 -0.1744
vn -0.0394 0.8280 0.5593
vn 0.0989 0.9447 0.3126
vn -0.9997 0.0238 -0.0018
vn 0.0003 -0.0016 -1.0000
vn -0.9999 0.0162 0.0042
vn 0.0067 0.9704 0.2414
vn 0.0116 0.9709 0.2391
vn 1.0000 0.0051 0.0022
vn 1.0000 -0.0011 -0.0022
vn -0.0361 0.2712 -0.9618
vn -0.0454 0.2789 -0.9593
vn -0.0227 0.1600 -0.9869
vn -0.4039 0.9148 -0.0021
vn -0.0040 1.0000 0.0006
vn -0.8948 0.4465 0.0001
vn -0.9997 0.0222 0.0051
vn -0.9997 0.0220 0.0042
vn -0.9998 0.0185 0.0022
vn -0.0844 0.1576 -0.9839
vn -1.0000 0.0036 -0.0086
vn -0.0009 0.0001 -1.0000
vn -0.0005 -0.0000 -1.0000
vn -0.9750 0.0967 0.2002
vn -0.9451 0.1427 0.2940
vn -0.9867 0.0638 0.1496
vn -0.9994 -0.0275 -0.0224
vn -0.9998 0.0107 -0.0140
vn 0.9607 0.1269 -0.2469
vn -1.0000 0.0067 0.0008
vn 0.0079 0.8082 0.5889
vn 0.0106 0.3170 0.9484
vn 0.0072 0.3143 0.9493
vn 0.0064 0.3137 0.9495
vn -0.5936 -0.8047 0.0101
vn 0.0001 -1.0000 0.0016
vn 0.0085 -0.3247 -0.9458
vn -0.9432 0.0532 0.3279
vn -0.9662 0.0741 0.2471
vn -0.9999 -0.0135 -0.0072
vn -0.9969 -0.0772 0.0117
vn -0.0186 -0.2159 0.9762
vn -0.0012 -0.1126 0.9936
vn -0.0152 0.0036 0.9999
vn -0.0075 0.0086 0.9999
vn 1.0000 0.0002 0.0001
vn -0.0198 0.1609 -0.9868
vn -0.0003 0.2995 -0.9541
vn -0.7692 0.6391 0.0001
vn -0.8955 0.4451 0.0024
vn -0.3929 -0.9194 -0.0187
vn -0.3598 -0.9330 -0.0069
vn -0.3688 -0.9295 -0.0101
vn -0.9998 0.0181 0.0016
vn -0.9999 0.0148 0.0017
vn 0.0248 0.2005 -0.9794
vn 0.0181 0.1985 -0.9799
vn -0.9999 -0.0110 0.0037
vn -0.9995 -0.0285 0.0139
vn -1.0000 -0.0054 0.0020
vn -1.0000 0.0066 -0.0026
vn 0.0001 -0.0021 -1.0000
vn 0.0066 0.8088 0.5880
vn 0.0031 0.3110 0.9504
vn 0.0194 0.2860 -0.9580
vn 0.0042 0.3134 -0.9496
vn 0.0153 0.3001 -0.9538
vn -1.0000 -0.0001 -0.0002
vn -1.0000 0.0003 -0.0005
vn -1.0000 -0.0000 -0.0000
vn -1.0000 0.0003 -0.0001
vn -1.0000 0.0004 0.0002
vn 0.9884 0.1178 0.0962
vn 0.9920 0.1048 0.0703
vn 0.9888 0.0871 0.1215
vn -0.9541 0.1254 -0.2718
vn -0.9982 0.0582 -0.0112
vn 0.0028 -0.8601 -0.5101
vn -1.0000 0.0017 -0.0046
vn -0.0369 0.9992 0.0164
vn -0.3201 0.6741 0.6656
vn -0.9999 0.0139 0.0012
vn 0.0015 0.9703 0.2417
vn 0.0003 0.6210 0.7838
vn 0.0003 0.6211 0.7837
vn 0.0002 0.6217 0.7833
vn 0.0007 0.2395 -0.9709
vn 0.0016 0.3260 -0.9454
vn 0.0029 0.3529 -0.9357
vn -0.0005 0.3037 -0.9528
vn -0.2651 -0.9633 -0.0430
vn -0.3083 -0.9510 -0.0221
vn -0.2810 -0.9590 -0.0353
vn -0.3240 -0.9460 -0.0144
vn -0.9999 0.0147 0.0019
vn -1.0000 0.0042 0.0026
vn 0.0043 -0.9932 -0.1161
vn -0.0035 -0.9936 -0.1133
vn 0.0036 -0.0018 -1.0000
vn -0.9932 -0.0539 0.1031
vn -0.9979 -0.0014 0.0643
vn -0.9993 0.0170 0.0333
vn 0.9782 0.1329 -0.1597
vn 0.9888 0.0806 0.1252
vn 0.9956 0.0664 0.0667
vn 0.9981 0.0491 0.0367
vn 0.9860 -0.0260 0.1647
vn -0.0004 -1.0000 0.0017
vn 0.9938 0.0841 0.0733
vn -0.9341 0.2683 0.2356
vn -0.9345 0.2740 0.2273
vn -0.9350 0.3004 0.1885
vn -0.9911 0.0360 -0.1284
vn -1.0000 0.0003 0.0033
vn -0.9985 0.0533 -0.0084
vn -0.9843 0.1475 -0.0965
vn -0.9965 0.0604 -0.0586
vn -0.9985 0.0505 -0.0191
vn 0.9999 -0.0081 0.0103
vn 0.9981 -0.0299 0.0544
vn 0.9986 -0.0283 0.0438
vn -1.0000 0.0029 0.0027
vn -1.0000 -0.0010 0.0023
vn -1.0000 0.0002 0.0029
vn -0.9999 0.0102 0.0025
vn 1.0000 0.0003 0.0006
vn -0.0028 -0.6739 0.7388
vn 1.0000 0.0020 -0.0044
vn 1.0000 0.0040 -0.0045
vn 0.9999 0.0077 -0.0073
vn 0.9999 0.0098 -0.0024
vn 1.0000 0.0034 -0.0028
vn 1.0000 0.0019 -0.0017
vn -0.0035 -0.3686 0.9296
vn -0.0106 -0.3640 0.9313
vn -0.0038 -0.3679 0.9299
vn 0.0005 0.2955 -0.9553
vn 1.0000 -0.0009 -0.0008
vn 0.0090 0.1832 -0.9830
vn -0.0010 0.1790 -0.9839
vn 0.0259 0.1904 -0.9814
vn -0.9998 0.0167 -0.0055
vn -0.9999 0.0148 -0.0031
vn -0.0119 0.1607 -0.9869
vn -0.0059 0.1454 -0.9893
vn -0.0056 0.1513 -0.9885
vn -0.0084 0.1445 -0.9895
vn 0.0392 -0.1932 0.9804
vn 0.0370 -0.1925 0.9806
vn -0.0107 -0.9940 -0.1086
vn -0.0302 -0.9949 -0.0960
vn 0.0054 -0.9929 -0.1191
vn 0.0243 -0.9911 -0.1312
vn -1.0000 0.0031 -0.0034
vn -0.9999 0.0145 -0.0007
vn -0.8392 -0.5438 -0.0052
vn -0.8362 -0.5485 -0.0031
vn 0.0006 0.3198 -0.9475
vn -0.0090 0.3277 -0.9448
vn 0.9950 -0.0963 0.0271
vn -0.9979 0.0367 -0.0529
vn -0.9992 0.0347 -0.0197
vn -0.9995 0.0332 -0.0001
vn -1.0000 0.0031 -0.0056
vn 0.0164 0.6931 0.7206
vn 0.0171 0.6916 0.7221
vn 0.0189 0.6879 0.7256
vn -0.0048 0.9994 0.0342
vn 0.0002 -0.0018 -1.0000
vn -0.9999 0.0127 0.0006
vn 0.0031 0.9703 0.2418
vn 1.0000 0.0027 0.0010
vn -0.0006 -0.4402 0.8979
vn -0.0055 -0.4595 0.8881
vn 0.0021 -0.4344 0.9007
vn 0.9999 0.0140 0.0042
vn 0.9998 0.0199 -0.0036
vn 0.9998 -0.0074 -0.0181
vn 1.0000 0.0046 0.0059
vn 0.9998 0.0171 0.0071
vn 0.9998 0.0207 -0.0029
vn -0.0011 -0.3763 0.9265
vn -0.0000 1.0000 0.0014
vn 0.0002 1.0000 0.0022
vn 0.9987 0.0169 -0.0489
vn 0.9988 0.0159 -0.0457
vn 1.0000 0.0018 -0.0026
vn 0.9597 -0.2809 -0.0002
vn -0.4176 0.9086 0.0009
vn -0.9976 0.0685 -0.0042
vn -0.9987 0.0502 -0.0047
vn -0.9998 0.0211 -0.0029
vn -0.0284 -0.1954 0.9803
vn -0.0052 -0.2082 0.9781
vn -0.0210 -0.1996 0.9797
vn -0.4017 -0.9155 -0.0218
vn -0.0225 -0.1868 0.9821
vn 0.0094 -0.2014 0.9795
vn -0.0154 -0.1893 0.9818
vn 0.0354 -0.1913 0.9809
vn -1.0000 0.0045 -0.0014
vn -0.0047 -0.9911 -0.1332
vn -0.0130 -0.9912 -0.1318
vn -0.2104 0.9733 -0.0922
vn -0.9987 0.0484 0.0160
vn -0.9961 0.0553 0.0692
vn -0.9998 0.0152 -0.0127
vn -0.8218 0.4228 -0.3818
vn 0.9914 -0.1223 -0.0461
vn -1.0000 -0.0001 -0.0003
vn -1.0000 0.0005 0.0004
vn -1.0000 -0.0005 -0.0004
vn -1.0000 -0.0001 0.0003
vn 0.0057 0.8070 0.5905
vn 0.0150 0.7939 0.6078
vn 0.0066 0.8049 0.5934
vn -0.9407 0.0553 0.3347
vn -1.0000 0.0055 -0.0062
vn -1.0000 0.0055 -0.0045
vn -0.9999 0.0097 0.0033
vn 0.0097 0.9695 0.2449
vn 0.0032 0.9716 0.2368
vn 0.0056 0.9742 0.2258
vn 1.0000 -0.0011 0.0006
vn 0.9995 0.0158 0.0278
vn 0.9983 0.0181 0.0560
vn -0.0000 1.0000 0.0015
vn 0.0003 1.0000 0.0023
vn 0.0042 0.2843 -0.9587
vn -0.0009 0.3389 -0.9408
vn 0.0002 0.3568 -0.9342
vn -0.0093 1.0000 0.0021
vn -0.9998 0.0169 -0.0109
vn -0.9998 0.0161 -0.0122
vn -0.9999 0.0149 -0.0027
vn -0.0079 0.1679 -0.9858
vn -1.0000 0.0038 0.0007
vn -1.0000 0.0035 0.0011
vn -1.0000 0.0035 0.0012
vn -1.0000 0.0066 -0.0031
vn -0.9923 0.1235 0.0028
vn 0.9343 0.3565 -0.0014
vn 0.9842 0.1472 -0.0985
vn 0.9832 0.1634 -0.0816
vn 0.9846 0.1501 -0.0900
vn 0.9961 0.0756 0.0460
vn -1.0000 0.0034 0.0051
vn 0.0017 0.8112 0.5847
vn 0.9815 0.0735 0.1766
vn -0.9310 0.2404 0.2748
vn -0.9341 0.2682 0.2357
vn 1.0000 -0.0054 0.0083
vn 0.9999 0.0121 -0.0060
vn 0.9995 -0.0080 -0.0298
vn 0.9999 0.0126 -0.0109
vn 0.9998 0.0158 0.0101
vn 0.0002 0.6218 0.7832
vn -0.0467 0.9989 0.0008
vn 0.0295 0.1922 -0.9809
vn 0.0031 -0.2113 0.9774
vn -0.0049 0.1690 -0.9856
vn -1.0000 0.0048 -0.0026
vn -0.9981 0.0578 -0.0214
vn -0.9602 0.2310 -0.1569
vn -0.9871 0.1289 -0.0953
vn -0.0037 1.0000 0.0011
vn -0.0104 0.9999 -0.0054
vn -0.0032 1.0000 0.0015
vn 0.9922 0.0821 0.0935
vn 0.9815 0.0804 0.1735
vn 0.9888 0.0806 0.1253
vn 0.9962 0.0634 0.0605
vn 0.9931 0.0518 0.1056
vn 0.9564 0.0893 0.2780
vn 0.9679 0.0549 0.2451
vn 0.9961 -0.0347 0.0806
vn 0.9806 -0.0615 -0.1861
vn 0.9833 -0.0089 -0.1820
vn 0.9827 -0.0263 -0.1834
vn 0.9901 0.0355 -0.1360
vn 0.9952 0.0362 -0.0912
vn 0.9796 0.1078 -0.1694
vn 0.0093 0.8003 -0.5995
vn 0.0168 0.7907 -0.6119
vn 0.0090 0.8035 -0.5953
vn 0.0010 0.8106 0.5856
vn -0.9968 0.0253 -0.0761
vn 0.0189 0.6878 0.7256
vn 0.0195 0.6866 0.7268
vn 0.0022 1.0000 -0.0007
vn 1.0000 -0.0046 0.0027
vn 0.0009 -0.4350 0.9004
vn 0.0014 -0.4338 0.9010
vn 0.0021 -0.4343 0.9007
vn 0.0114 -0.7700 0.6379
vn -0.0004 -0.8037 0.5950
vn 0.0097 -0.7752 0.6317
vn 1.0000 -0.0024 -0.0001
vn -0.8948 0.4464 -0.0000
vn -0.2916 -0.9565 -0.0099
vn -0.3040 -0.9527 -0.0051
vn -0.2584 -0.9658 -0.0227
vn 0.0092 -0.2128 0.9771
vn 0.0228 -0.2245 0.9742
vn 0.9725 0.2287 -0.0445
vn 0.0036 1.0000 0.0082
vn 0.8490 0.5282 0.0149
vn 0.9922 0.0821 0.0934
vn 0.9889 0.0209 0.1473
vn 0.9898 0.0524 -0.1323
vn 0.0048 0.8063 -0.5914
vn -0.9998 0.0146 -0.0110
vn -0.9999 0.0111 0.0015
vn 0.0145 0.9763 0.2158
vn 0.0206 0.9771 0.2118
vn 1.0000 -0.0020 -0.0001
vn -0.9998 0.0159 -0.0120
vn 0.0185 -0.2175 0.9759
vn 0.0345 -0.2313 0.9723
vn 0.0128 -0.9962 -0.0866
vn 0.0281 -0.9949 -0.0969
vn 0.0223 -0.9954 -0.0930
vn 0.0378 -0.9939 -0.1035
vn -1.0000 -0.0008 -0.0018
vn -1.0000 0.0011 0.0010
vn -1.0000 0.0021 0.0016
vn -1.0000 0.0006 0.0020
vn -0.5483 -0.8363 0.0017
vn -0.5331 -0.8461 0.0003
vn -0.5476 -0.8367 0.0016
vn 0.9809 0.0781 0.1779
vn 0.9815 0.0804 0.1736
vn -0.9366 0.2930 0.1923
vn -0.8401 -0.5423 -0.0094
vn -0.9723 -0.0224 -0.2325
vn -0.9818 -0.0434 -0.1847
vn -0.9423 0.0233 -0.3338
vn 0.9833 -0.0088 -0.1820
vn 0.9833 0.0359 -0.1782
vn 0.9827 -0.0262 -0.1834
vn 0.8542 0.4821 0.1945
vn 0.9457 0.0377 -0.3229
vn 0.0026 0.8046 -0.5938
vn 0.9317 0.3606 0.0431
vn -1.0000 0.0054 -0.0009
vn 0.0269 0.1087 0.9937
vn 0.0443 0.1175 0.9921
vn 0.0664 0.1287 0.9895
vn 0.0818 0.1364 0.9873
vn 0.9999 0.0101 -0.0023
vn -0.0374 0.9993 0.0063
vn -0.0350 0.9994 0.0059
vn -0.0119 0.9999 0.0019
vn -0.0063 1.0000 0.0008
vn -0.0002 -0.4339 0.9010
vn 0.0099 -0.3646 0.9311
vn -0.0335 -0.1969 0.9799
vn -0.0405 -0.1947 0.9800
vn -0.0011 -0.2053 0.9787
vn -1.0000 0.0024 0.0012
vn -1.0000 -0.0010 -0.0024
vn -1.0000 0.0011 -0.0025
vn 0.0050 -0.9755 -0.2201
vn -0.0124 -0.9782 -0.2074
vn 0.0133 -0.9740 -0.2261
vn -1.0000 0.0016 -0.0013
vn -1.0000 -0.0011 -0.0014
vn -1.0000 -0.0000 -0.0005
vn -1.0000 -0.0016 0.0037
vn -0.9999 -0.0052 0.0119
vn -1.0000 -0.0017 0.0024
vn -0.9981 0.0577 -0.0214
vn -0.0641 0.3502 -0.9345
vn 0.6250 -0.5058 0.5946
vn -0.9937 0.0448 0.1023
vn -0.9568 0.1350 0.2576
vn -0.9840 0.0715 0.1632
vn 0.5055 -0.3456 -0.7906
vn 0.9457 0.0377 -0.3228
vn 0.9762 0.1211 -0.1798
vn 0.9841 0.1624 -0.0715
vn -0.9982 0.0393 0.0462
vn 0.0272 0.9780 0.2066
vn 1.0000 -0.0026 -0.0001
vn 1.0000 -0.0022 -0.0003
vn 1.0000 -0.0036 -0.0007
vn 0.5619 -0.8272 0.0003
vn -0.8937 0.4487 0.0002
vn -0.2452 -0.9691 -0.0277
vn 0.0093 -0.2071 0.9783
vn -0.9979 0.0576 -0.0296
vn 0.9628 0.2686 -0.0288
vn 0.8548 0.5190 0.0022
vn 0.9961 0.0732 0.0500
vn -0.0151 0.9859 0.1664
vn -0.0037 0.9830 0.1838
vn -0.0067 0.9958 0.0909
vn -0.8919 0.4521 -0.0004
vn -0.9955 -0.0944 0.0011
vn -0.9986 -0.0520 -0.0019
vn -0.9997 0.0234 -0.0020
vn 0.0164 0.1443 -0.9894
vn 0.0151 0.1596 -0.9871
vn 0.0075 0.1543 -0.9880
vn 0.0180 0.1602 -0.9869
vn 0.0311 -0.9705 -0.2389
vn -1.0000 0.0070 -0.0010
vn -1.0000 -0.0015 0.0007
vn -1.0000 -0.0011 -0.0005
vn -0.9899 0.0894 0.1103
vn -0.9875 0.1217 0.0998
vn -0.9915 0.0945 0.0899
vn -1.0000 0.0062 -0.0006
vn 0.0033 -0.7243 0.6894
vn -0.0007 0.2351 -0.9720
vn 1.0000 -0.0031 0.0005
vn 0.0020 1.0000 -0.0019
vn -0.8911 0.4537 0.0011
vn -1.0000 0.0064 -0.0006
vn -1.0000 0.0041 -0.0073
vn 0.0245 -0.2200 0.9752
vn -0.9186 0.3930 0.0415
vn -0.9151 0.4008 0.0435
vn -0.9461 0.3229 0.0239
vn -0.9972 0.0413 0.0628
vn -0.9982 0.0174 -0.0576
vn -0.9699 0.0797 -0.2301
vn -0.9827 0.0536 -0.1775
vn 0.9979 0.0550 -0.0338
vn 0.9951 0.0946 -0.0284
vn -0.0027 1.0000 0.0089
vn -0.0012 0.9999 0.0104
vn -0.9989 0.0464 -0.0033
vn -0.9278 0.2461 0.2804
vn 0.0038 0.9681 0.2505
vn 0.0011 0.9698 0.2439
vn 0.0017 0.9684 0.2493
vn 1.0000 0.0099 -0.0000
vn 1.0000 0.0090 -0.0002
vn -0.0004 1.0000 0.0001
vn 0.0004 0.9994 0.0357
vn -0.9997 0.0002 0.0251
vn -1.0000 0.0077 0.0030
vn -0.9872 0.1551 0.0383
vn -1.0000 0.0062 0.0030
vn -0.9997 0.0182 -0.0162
vn -0.0076 0.1257 -0.9920
vn -0.9999 -0.0145 -0.0002
vn -1.0000 -0.0023 -0.0023
vn -0.5707 -0.8212 -0.0004
vn -0.9488 0.3152 0.0220
vn -0.9763 0.0644 0.2066
vn -0.9987 0.0259 0.0439
vn -0.8219 0.4082 0.3972
vn -0.9508 0.1715 0.2581
vn -0.9167 0.0522 -0.3961
vn 0.9707 0.1982 -0.1360
vn 0.4385 0.8444 -0.3077
vn 0.9734 0.2255 -0.0397
vn 0.9542 0.2991 0.0041
vn 0.9896 0.1438 -0.0103
vn 0.0003 0.9999 0.0119
vn -0.0108 0.9975 0.0703
vn -0.9989 -0.0063 0.0467
vn -0.9952 -0.0248 0.0944
vn -0.9993 0.0050 0.0362
vn -0.0035 1.0000 -0.0004
vn -0.0097 -0.4058 0.9139
vn -0.0132 -0.3452 0.9384
vn 0.0052 0.3048 -0.9524
vn -0.9998 0.0120 -0.0144
vn 0.0275 -0.2147 0.9763
vn 0.0373 -0.2197 0.9748
vn -1.0000 -0.0043 0.0008
vn 0.0057 -0.9903 -0.1386
vn 0.0004 -0.9911 -0.1334
vn -0.5736 -0.8192 -0.0023
vn -0.9938 0.0448 0.1023
vn -0.9972 0.0413 0.0627
vn -0.9960 0.0539 0.0707
vn -0.9995 -0.0002 0.0306
vn 0.9707 0.1982 -0.1359
vn 0.5867 0.1918 -0.7868
vn 0.9319 0.0901 0.3513
vn 0.9275 0.0964 0.3613
vn 0.8895 0.1434 0.4338
vn -0.9540 0.2741 0.1217
vn -0.9952 0.0953 0.0221
vn -0.9952 0.0952 0.0221
vn 0.0010 0.9709 0.2395
vn 0.0074 -0.3006 0.9537
vn 0.0126 -0.3482 0.9373
vn -0.0064 -0.3751 0.9270
vn 0.0003 -0.4260 0.9047
vn -0.0013 -0.7205 0.6935
vn -0.9997 0.0228 0.0099
vn -0.9998 0.0181 0.0023
vn -0.9999 0.0146 -0.0036
vn -0.9999 0.0129 -0.0057
vn -0.3055 -0.9521 -0.0106
vn -0.2854 -0.9583 -0.0173
vn -0.3009 -0.9536 -0.0122
vn -0.9997 0.0144 -0.0179
vn -0.9998 0.0117 -0.0151
vn 0.0579 0.1429 -0.9880
vn 0.0440 0.1388 -0.9893
vn 0.0129 -0.9927 -0.1198
vn -0.0228 -0.9897 -0.1415
vn -0.0532 -0.9857 -0.1598
vn -0.0878 -0.9796 -0.1805
vn -1.0000 -0.0006 0.0005
vn -1.0000 -0.0022 0.0006
vn -0.9982 0.0174 -0.0575
vn -0.8760 0.0986 -0.4721
vn 0.9973 0.0570 0.0471
vn 0.9349 0.0858 0.3445
vn -0.3509 -0.9364 0.0030
vn -0.5196 -0.8543 0.0114
vn -0.4819 -0.8760 0.0182
vn -0.5223 -0.8527 0.0116
vn -1.0000 0.0059 0.0004
vn -0.0006 0.9714 0.2374
vn -0.0005 0.2738 -0.9618
vn -0.0042 1.0000 0.0084
vn 0.0221 0.2559 -0.9664
vn 0.0477 0.2685 -0.9621
vn -0.0091 0.2404 -0.9706
vn -0.2806 -0.9596 -0.0189
vn -0.9996 0.0176 -0.0206
vn -1.0000 0.0040 0.0016
vn -1.0000 -0.0012 0.0055
vn -1.0000 0.0046 0.0022
vn -1.0000 -0.0038 0.0084
vn -1.0000 -0.0042 -0.0018
vn -0.9999 0.0091 -0.0096
vn -0.0113 -0.9999 -0.0034
vn -0.0112 -0.9999 -0.0034
vn -0.0105 -0.9999 -0.0033
vn -0.0103 -0.9999 -0.0032
vn 1.0000 0.0090 0.0008
vn -0.0011 -0.3502 0.9367
vn -0.0001 0.6235 0.7818
vn 0.0105 0.9997 0.0210
vn -0.0121 0.2347 -0.9720
vn -1.0000 -0.0008 -0.0001
vn -0.9999 0.0091 -0.0095
vn -0.9990 0.0426 -0.0104
vn -0.9983 0.0330 0.0476
vn -0.9994 0.0184 0.0295
vn 0.9734 0.2256 -0.0397
vn 0.9150 0.4034 0.0042
vn 0.9542 0.2992 0.0041
vn 0.6658 0.7452 -0.0369
vn -1.0000 0.0034 -0.0009
vn -0.0029 0.9711 0.2388
vn 1.0000 0.0076 -0.0019
vn 1.0000 -0.0010 0.0089
vn 0.9957 -0.0292 0.0876
vn 0.0015 -0.4267 0.9044
vn 0.0028 -0.4260 0.9047
vn -0.0040 -0.4684 0.8835
vn -0.0148 -0.1855 0.9825
vn 0.0071 -0.2031 0.9791
vn -0.0060 -0.1907 0.9816
vn -0.9999 0.0148 -0.0012
vn 0.0040 -0.1763 0.9843
vn -0.0011 -0.1723 0.9850
vn 0.0027 -0.1758 0.9844
vn -0.9999 -0.0106 -0.0042
vn -1.0000 -0.0000 -0.0068
vn -0.0202 -0.4150 0.9096
vn 0.0307 0.9987 0.0407
vn -0.9999 0.0164 0.0029
vn -0.0265 0.2247 -0.9741
vn 0.0518 -0.9390 -0.3401
vn 0.0178 -0.9311 -0.3642
vn -0.0000 -0.9264 -0.3766
vn -0.0325 -0.9165 -0.3986
vn -1.0000 -0.0023 -0.0008
vn -1.0000 0.0016 0.0013
vn -0.9994 0.0183 0.0295
vn -0.9901 -0.1149 0.0808
vn -0.9985 0.0535 -0.0118
vn 0.1226 0.0596 -0.9907
vn -0.0092 0.9712 0.2380
vn -0.0089 0.9710 0.2388
vn 1.0000 0.0044 0.0017
vn 0.0021 -0.3673 0.9301
vn 0.0073 -0.3036 0.9528
vn 0.0069 -0.3502 0.9367
vn 0.0106 -0.2892 0.9572
vn -0.0001 0.6236 0.7817
vn -0.8847 0.4662 -0.0088
vn -0.8922 0.4517 -0.0000
vn -0.0027 -0.1678 0.9858
vn -0.0196 -0.1766 0.9841
vn -1.0000 0.0012 0.0023
vn -1.0000 0.0009 0.0013
vn -0.5107 -0.8597 -0.0084
vn -0.9985 0.0538 -0.0115
vn -0.8297 0.2951 -0.4739
vn -0.9985 0.0536 -0.0118
vn -0.9916 0.1195 -0.0495
vn -0.9953 0.0939 -0.0244
vn -0.9171 0.3848 0.1045
vn -0.9989 0.0465 -0.0033
vn -0.9991 0.0423 -0.0038
vn -0.0098 0.9714 0.2372
vn -0.0066 0.9714 0.2372
vn 0.0057 -0.7252 0.6885
vn -0.3188 -0.9474 -0.0281
vn -0.3009 -0.9530 -0.0351
vn -0.3623 -0.9320 -0.0109
vn 0.0289 -0.2240 0.9742
vn 0.0069 -0.2139 0.9768
vn -0.0299 -0.1769 0.9838
vn 0.0016 -0.1849 0.9828
vn -1.0000 -0.0018 -0.0006
vn 0.0070 -0.9908 -0.1353
vn -0.5312 -0.8472 -0.0051
vn -0.0018 1.0000 -0.0047
vn -1.0000 0.0001 -0.0010
vn 0.0003 -0.3781 0.9258
vn 0.0364 -0.2262 0.9734
vn 0.0508 0.2529 -0.9661
vn 0.0308 0.2449 -0.9691
vn 0.0144 -0.1784 0.9838
vn -1.0000 0.0008 0.0022
vn 0.0073 -0.9906 -0.1368
vn -0.5047 -0.8633 -0.0026
vn -0.0006 -0.4257 0.9049
vn -0.0014 -0.3744 0.9273
vn 0.0002 1.0000 0.0025
vn 0.1045 -0.9771 -0.1854
vn 0.0504 -0.9743 -0.2196
vn 0.0802 -0.9763 -0.2008
vn -1.0000 0.0056 0.0010
vn -0.9999 0.0134 0.0053
vn -1.0000 0.0040 0.0006
vn -1.0000 -0.0002 0.0017
vn 0.0022 0.3346 -0.9424
vn 0.0032 0.3312 -0.9435
vn -0.0014 0.3474 -0.9377
vn -0.0027 0.9709 0.2395
vn 0.0045 0.9728 0.2316
vn 0.0182 0.2577 -0.9660
vn -0.8891 0.4577 -0.0034
vn -1.0000 0.0010 -0.0008
vn -0.9999 -0.0046 0.0151
vn -1.0000 0.0006 0.0014
vn 0.0070 -0.9903 -0.1390
vn -0.0023 0.3506 -0.9365
vn 0.0086 0.9716 0.2365
vn 0.9999 -0.0114 0.0115
vn 0.0047 -0.4069 0.9134
vn -0.0005 -0.8836 0.4682
vn -0.0000 -0.8854 0.4648
vn 0.0128 -0.9217 0.3876
vn 0.0135 -0.9237 0.3829
vn 0.0128 -0.9218 0.3875
vn 0.0006 -0.3716 0.9284
vn 0.1352 -0.9769 -0.1655
vn -1.0000 0.0002 -0.0011
vn -1.0000 -0.0021 -0.0011
vn -1.0000 -0.0010 0.0010
vn -0.9998 -0.0195 -0.0005
vn -1.0000 -0.0083 -0.0017
vn 0.0042 0.9743 0.2254
vn -1.0000 0.0043 -0.0027
vn -1.0000 0.0018 -0.0006
vn -1.0000 0.0025 -0.0051
vn 0.0101 -0.9898 -0.1420
vn -1.0000 0.0040 -0.0030
vn -1.0000 -0.0066 0.0004
vn 0.0036 0.9742 0.2257
vn 0.0028 -0.4131 0.9107
vn -0.0051 -0.3767 0.9263
vn 0.0260 0.2667 -0.9634
vn -0.3782 -0.9257 -0.0045
vn -1.0000 -0.0011 0.0019
vn -1.0000 0.0011 0.0011
vn -0.8797 0.4754 -0.0147
vn -1.0000 0.0030 -0.0061
vn -1.0000 0.0009 -0.0028
vn 0.0071 -0.9899 -0.1412
vn -0.0035 -0.4236 0.9058
vn 0.0678 0.3146 -0.9468
vn -1.0000 0.0011 -0.0010
vn -0.9998 -0.0205 -0.0003
vn -0.9995 -0.0306 -0.0082
vn -1.0000 -0.0068 -0.0012
vn -1.0000 0.0005 -0.0070
vn 0.0070 -0.9903 -0.1391
vn 0.0026 -0.9901 -0.1406
vn -0.0074 -0.4226 0.9063
vn 0.3243 -0.4522 0.8309
vn -0.9999 -0.0083 -0.0058
vn -0.9997 0.0114 -0.0229
vn -0.9999 0.0127 -0.0000
vn -1.0000 0.0005 -0.0067
vn -0.9999 0.0126 -0.0000
vn -0.0307 0.1736 -0.9843
vn 0.0150 0.2290 -0.9733
vn -0.0319 0.1739 -0.9842
vn 0.0549 0.3016 -0.9519
vn -1.0000 0.0030 -0.0075
vn -0.9998 -0.0218 0.0015
vn -0.9999 -0.0160 0.0036
vn -1.0000 -0.0034 0.0016
vn -0.9998 0.0159 0.0077
vn -0.9999 0.0155 0.0018
vn -0.9999 0.0151 -0.0018
vn -0.9999 0.0162 0.0006
vn -0.9999 0.0152 -0.0018
vn -0.9999 0.0117 -0.0015
vn -0.9999 0.0117 -0.0071
vn -0.9999 -0.0146 0.0030
vn 0.0006 -0.4205 0.9073
vn 0.0096 -0.9899 -0.1417
vn 0.0097 -0.9909 -0.1343
vn 0.0132 -0.9900 -0.1403
vn -0.0078 -0.4333 0.9012
vn 0.0366 0.3875 -0.9211
vn 0.0501 0.3848 -0.9216
vn -0.9998 0.0164 -0.0079
vn 0.0074 -0.9888 -0.1489
vn 0.0584 0.4022 -0.9137
vn 0.0616 0.4044 -0.9125
vn -0.9996 -0.0273 0.0052
vn -0.0078 -0.4391 0.8984
vn -0.9998 0.0152 -0.0092
vn -0.9999 0.0146 -0.0093
vn 0.0611 0.4048 -0.9124
vn -0.0027 -0.4344 0.9007
vn -0.0167 0.1450 -0.9893
vn 0.0175 0.1607 -0.9868
vn -0.0006 0.1524 -0.9883
vn 0.0306 0.1666 -0.9855
vn 0.0035 -0.9894 -0.1453
vn 0.4833 -0.3704 0.7933
vn -0.9999 0.0105 -0.0083
vn -1.0000 0.0069 -0.0070
vn -0.9999 0.0137 -0.0094
vn -0.0045 -0.4513 0.8924
vn 0.0038 -0.4828 0.8757
vn 0.0068 -0.4456 0.8952
vn 0.0011 -0.9395 -0.3426
vn 0.0128 -0.9375 -0.3477
vn -0.0172 -0.9422 -0.3345
vn -0.9999 0.0086 -0.0068
vn -1.0000 0.0067 -0.0053
vn -0.0280 -0.9437 -0.3296
vn 0.0337 -0.4318 0.9014
vn -1.0000 0.0044 -0.0038
vt 0.803989 0.904445
vt 0.786520 0.904804
vt 0.747372 0.888869
vt 0.285883 0.228186
vt 0.285275 0.234428
vt 0.282033 0.209255
vt 0.543086 0.898881
vt 0.638635 0.904005
vt 0.636371 0.907680
vt 0.562599 0.920352
vt 0.586539 0.921275
vt 0.570482 0.945099
vt 0.593514 0.938752
vt 0.618234 0.917105
vt 0.529374 0.956661
vt 0.618807 0.944460
vt 0.644647 0.914840
vt 0.545631 0.887652
vt 0.639241 0.960047
vt 0.613781 0.896317
vt 0.640809 0.901843
vt 0.647655 0.904237
vt 0.632955 0.259277
vt 0.624578 0.252447
vt 0.620116 0.244582
vt 0.528392 0.599734
vt 0.517125 0.600989
vt 0.514490 0.600680
vt 0.770814 0.823714
vt 0.774343 0.832207
vt 0.769504 0.827886
vt 0.764329 0.821449
vt 0.766150 0.807048
vt 0.776725 0.823545
vt 0.174278 0.005000
vt 0.258212 0.041698
vt 0.169411 0.011917
vt 0.761606 0.743392
vt 0.677483 0.758506
vt 0.736228 0.650724
vt 0.144434 0.082770
vt 0.152148 0.062437
vt 0.200643 0.061964
vt 0.261865 0.034734
vt 0.671961 0.769841
vt 0.766464 0.750836
vt 0.250779 0.258051
vt 0.241345 0.281741
vt 0.222629 0.254208
vt 0.240655 0.318218
vt 0.251527 0.320478
vt 0.231723 0.339709
vt 0.253640 0.334217
vt 0.263248 0.340984
vt 0.265713 0.344978
vt 0.211574 0.358303
vt 0.254972 0.302506
vt 0.242169 0.302497
vt 0.234970 0.299270
vt 0.285150 0.317258
vt 0.273754 0.339094
vt 0.286226 0.278432
vt 0.266900 0.276604
vt 0.669564 0.265167
vt 0.695564 0.280113
vt 0.655320 0.305695
vt 0.655874 0.330131
vt 0.655969 0.322842
vt 0.668449 0.326167
vt 0.653919 0.235732
vt 0.296270 0.301432
vt 0.646628 0.273465
vt 0.906189 0.944867
vt 0.920617 0.943056
vt 0.944771 0.949558
vt 0.970185 0.959098
vt 0.882719 0.970966
vt 0.887546 0.562091
vt 0.927176 0.534719
vt 0.934265 0.638279
vt 0.881347 0.605057
vt 0.879524 0.583572
vt 0.894978 0.618459
vt 0.964749 0.923574
vt 0.894420 0.941471
vt 0.898427 0.512592
vt 0.904190 0.521269
vt 0.891172 0.516528
vt 0.899177 0.626665
vt 0.945210 0.929904
vt 0.944533 0.513201
vt 0.905390 0.509974
vt 0.897941 0.545801
vt 0.865556 0.612863
vt 0.861376 0.584097
vt 0.923394 0.924476
vt 0.917823 0.508999
vt 0.868456 0.637202
vt 0.985543 0.904396
vt 0.924896 0.502954
vt 0.869555 0.552905
vt 0.858974 0.592094
vt 0.854577 0.582152
vt 0.866983 0.128803
vt 0.871115 0.135798
vt 0.862860 0.131157
vt 0.914526 0.503445
vt 0.879005 0.532406
vt 0.879206 0.518824
vt 0.857241 0.575344
vt 0.857497 0.604543
vt 0.902169 0.911120
vt 0.875302 0.528191
vt 0.858306 0.126835
vt 0.860381 0.564174
vt 0.856696 0.590406
vt 0.857010 0.607999
vt 0.922927 0.068108
vt 0.924493 0.068030
vt 0.924626 0.069130
vt 0.942045 0.016734
vt 0.966285 0.005408
vt 0.976485 0.025582
vt 0.956831 0.035451
vt 0.946873 0.040641
vt 0.917538 0.028693
vt 0.958221 0.047162
vt 0.962278 0.041014
vt 0.943930 0.739734
vt 0.922669 0.726804
vt 0.912749 0.702558
vt 0.920497 0.677293
vt 0.941577 0.667515
vt 0.928019 0.049254
vt 0.952981 0.050060
vt 0.972870 0.034002
vt 0.881116 0.069215
vt 0.908121 0.063803
vt 0.885766 0.080622
vt 0.966126 0.038647
vt 0.982840 0.027272
vt 0.994961 0.012066
vt 0.930188 0.757085
vt 0.908718 0.092759
vt 0.944173 0.048863
vt 0.888352 0.096845
vt 0.992739 0.720627
vt 0.965283 0.663132
vt 0.984414 0.669423
vt 0.937425 0.052300
vt 0.877985 0.076301
vt 0.876487 0.067767
vt 0.924110 0.119504
vt 0.994342 0.678383
vt 0.881387 0.085593
vt 0.938444 0.648601
vt 0.920283 0.643349
vt 0.987286 0.584838
vt 0.975575 0.564107
vt 0.989441 0.584399
vt 0.925730 0.098291
vt 0.933463 0.096900
vt 0.922576 0.103256
vt 0.926788 0.094256
vt 0.924587 0.089839
vt 0.984182 0.591379
vt 0.974526 0.094211
vt 0.960329 0.064635
vt 0.971742 0.060334
vt 0.952682 0.096900
vt 0.929621 0.064432
vt 0.930879 0.109418
vt 0.881939 0.087328
vt 0.882499 0.090993
vt 0.931414 0.144111
vt 0.943474 0.158856
vt 0.966867 0.644401
vt 0.914545 0.053603
vt 0.987254 0.090738
vt 0.976894 0.049147
vt 0.870547 0.053820
vt 0.881297 0.092819
vt 0.881876 0.097617
vt 0.995000 0.632668
vt 0.921978 0.055858
vt 0.886248 0.108552
vt 0.909637 0.146640
vt 0.922942 0.073286
vt 0.980378 0.563629
vt 0.964396 0.565741
vt 0.958653 0.574009
vt 0.943696 0.556194
vt 0.981147 0.108371
vt 0.987598 0.104353
vt 0.871192 0.078020
vt 0.898943 0.123060
vt 0.476937 0.223429
vt 0.505026 0.213633
vt 0.497391 0.229210
vt 0.921161 0.059610
vt 0.082429 0.180946
vt 0.080618 0.182654
vt 0.080297 0.177674
vt 0.933860 0.596907
vt 0.858603 0.030760
vt 0.871394 0.066836
vt 0.889509 0.120345
vt 0.955336 0.549806
vt 0.932804 0.535392
vt 0.945909 0.535547
vt 0.108211 0.159781
vt 0.115842 0.142712
vt 0.167268 0.184340
vt 0.119892 0.103393
vt 0.096145 0.125817
vt 0.116579 0.084745
vt 0.946010 0.617524
vt 0.900806 0.133721
vt 0.084510 0.181058
vt 0.139254 0.172947
vt 0.888275 0.124438
vt 0.417500 0.988940
vt 0.421499 0.986093
vt 0.423320 0.989020
vt 0.881718 0.109868
vt 0.920675 0.066909
vt 0.980176 0.562020
vt 0.983725 0.562116
vt 0.984558 0.564654
vt 0.478203 0.315369
vt 0.479638 0.317783
vt 0.477689 0.318082
vt 0.425559 0.987906
vt 0.426563 0.986422
vt 0.079040 0.184328
vt 0.092468 0.167194
vt 0.188824 0.193872
vt 0.717996 0.892358
vt 0.713206 0.870204
vt 0.724888 0.892154
vt 0.722035 0.867712
vt 0.499538 0.264312
vt 0.478883 0.319654
vt 0.153465 0.179105
vt 0.213910 0.184073
vt 0.130540 0.115215
vt 0.462050 0.224505
vt 0.489718 0.271510
vt 0.994726 0.097095
vt 0.012737 0.418501
vt 0.013900 0.301636
vt 0.042290 0.308486
vt 0.908651 0.908975
vt 0.891955 0.130520
vt 0.453942 0.228561
vt 0.891795 0.050806
vt 0.209114 0.203375
vt 0.866409 0.466627
vt 0.870580 0.478928
vt 0.866659 0.534070
vt 0.084265 0.182013
vt 0.734255 0.891161
vt 0.857700 0.457447
vt 0.816276 0.394047
vt 0.817866 0.389439
vt 0.859089 0.561535
vt 0.975463 0.881795
vt 0.921371 0.498512
vt 0.476422 0.313193
vt 0.228346 0.152635
vt 0.119014 0.085426
vt 0.038222 0.418992
vt 0.041748 0.344129
vt 0.128837 0.911678
vt 0.128339 0.895896
vt 0.141648 0.898585
vt 0.103297 0.891946
vt 0.106752 0.908040
vt 0.075548 0.894050
vt 0.077517 0.913702
vt 0.153480 0.960466
vt 0.158332 0.904671
vt 0.145995 0.926745
vt 0.953881 0.281263
vt 0.939993 0.205767
vt 0.958063 0.161618
vt 0.941249 0.176134
vt 0.934837 0.249936
vt 0.932346 0.223231
vt 0.089016 0.883443
vt 0.094299 0.884068
vt 0.082174 0.884966
vt 0.058970 0.928368
vt 0.055370 0.944866
vt 0.716046 0.375972
vt 0.718613 0.372952
vt 0.715912 0.385798
vt 0.099016 0.880607
vt 0.070235 0.887343
vt 0.073639 0.884268
vt 0.722813 0.379945
vt 0.722856 0.383572
vt 0.058208 0.896384
vt 0.083046 0.880138
vt 0.721980 0.395697
vt 0.723804 0.386215
vt 0.704112 0.368783
vt 0.706761 0.366375
vt 0.914590 0.195924
vt 0.915807 0.219990
vt 0.166826 0.914550
vt 0.042176 0.911832
vt 0.901764 0.173359
vt 0.912979 0.251043
vt 0.726693 0.391457
vt 0.728076 0.388281
vt 0.742542 0.374915
vt 0.040485 0.844125
vt 0.100010 0.876835
vt 0.544194 0.883056
vt 0.544346 0.882632
vt 0.544929 0.885012
vt 0.556148 0.836408
vt 0.550586 0.818505
vt 0.590483 0.798088
vt 0.555908 0.801351
vt 0.557612 0.858685
vt 0.641496 0.886574
vt 0.105278 0.092365
vt 0.100717 0.108859
vt 0.082317 0.108526
vt 0.085941 0.090487
vt 0.533542 0.871381
vt 0.546854 0.872926
vt 0.946212 0.377557
vt 0.939539 0.395571
vt 0.945213 0.347048
vt 0.965326 0.390680
vt 0.527090 0.817236
vt 0.524793 0.842660
vt 0.543845 0.882763
vt 0.865211 0.460824
vt 0.897308 0.454704
vt 0.924102 0.437290
vt 0.081284 0.090996
vt 0.534066 0.795953
vt 0.521608 0.855349
vt 0.959224 0.422173
vt 0.085145 0.086973
vt 0.512107 0.880011
vt 0.939031 0.409409
vt 0.091102 0.083902
vt 0.077395 0.108805
vt 0.077565 0.129050
vt 0.535233 0.786648
vt 0.510343 0.891796
vt 0.105015 0.079368
vt 0.096128 0.080498
vt 0.080379 0.081794
vt 0.505931 0.826592
vt 0.891696 0.488963
vt 0.916389 0.467063
vt 0.098180 0.076826
vt 0.059560 0.115973
vt 0.057703 0.126196
vt 0.075528 0.118976
vt 0.527249 0.790717
vt 0.932640 0.459053
vt 0.962986 0.426922
vt 0.966065 0.426031
vt 0.070370 0.125637
vt 0.461991 0.880172
vt 0.942163 0.445570
vt 0.959875 0.429638
vt 0.103021 0.007826
vt 0.167170 0.901536
vt 0.749310 0.292811
vt 0.761580 0.265068
vt 0.760388 0.285683
vt 0.775416 0.247341
vt 0.769586 0.242563
vt 0.722520 0.277261
vt 0.724781 0.256657
vt 0.728953 0.279513
vt 0.733173 0.264113
vt 0.721104 0.249044
vt 0.738587 0.224395
vt 0.750537 0.229097
vt 0.740819 0.265601
vt 0.753006 0.239059
vt 0.361218 0.130255
vt 0.352443 0.106473
vt 0.366476 0.131514
vt 0.371602 0.106481
vt 0.379335 0.088182
vt 0.383256 0.115732
vt 0.449890 0.091850
vt 0.443203 0.106239
vt 0.441299 0.086734
vt 0.421618 0.115641
vt 0.425767 0.108278
vt 0.449684 0.112555
vt 0.467118 0.110105
vt 0.518215 0.103942
vt 0.503080 0.102960
vt 0.508698 0.093303
vt 0.517058 0.087310
vt 0.524096 0.085462
vt 0.549586 0.098305
vt 0.641075 0.152714
vt 0.551865 0.115406
vt 0.549038 0.069968
vt 0.522979 0.064981
vt 0.552212 0.123206
vt 0.536109 0.055582
vt 0.505330 0.697997
vt 0.396539 0.689153
vt 0.455480 0.688430
vt 0.411074 0.680103
vt 0.527073 0.056693
vt 0.490451 0.104792
vt 0.811585 0.533125
vt 0.796457 0.620144
vt 0.795931 0.530848
vt 0.517430 0.069163
vt 0.499927 0.051700
vt 0.459280 0.068685
vt 0.414736 0.081245
vt 0.421734 0.084168
vt 0.340863 0.664355
vt 0.579282 0.016958
vt 0.523109 0.048803
vt 0.506581 0.068300
vt 0.491039 0.067358
vt 0.452120 0.066467
vt 0.416153 0.064018
vt 0.409308 0.064825
vt 0.110252 0.729224
vt 0.110955 0.715530
vt 0.204267 0.755997
vt 0.470929 0.101601
vt 0.423291 0.059026
vt 0.407375 0.084283
vt 0.407249 0.117848
vt 0.517142 0.359563
vt 0.536956 0.405145
vt 0.522546 0.433731
vt 0.545702 0.439688
vt 0.540729 0.394108
vt 0.525965 0.464768
vt 0.379615 0.817977
vt 0.384657 0.843720
vt 0.373495 0.832997
vt 0.528153 0.351509
vt 0.514057 0.359584
vt 0.542147 0.469954
vt 0.539797 0.483375
vt 0.543326 0.474839
vt 0.573522 0.343066
vt 0.531356 0.352772
vt 0.485240 0.096830
vt 0.486335 0.358424
vt 0.489096 0.429321
vt 0.372885 0.834881
vt 0.775280 0.085686
vt 0.799728 0.024946
vt 0.796757 0.038745
vt 0.799146 0.032691
vt 0.448996 0.060325
vt 0.405858 0.072772
vt 0.405921 0.073432
vt 0.517768 0.060785
vt 0.517685 0.061248
vt 0.517726 0.061747
vt 0.484335 0.079543
vt 0.467374 0.078814
vt 0.406456 0.051557
vt 0.405873 0.071885
vt 0.405476 0.072653
vt 0.401224 0.073387
vt 0.401637 0.107510
vt 0.498344 0.688576
vt 0.524043 0.041831
vt 0.523329 0.041535
vt 0.527190 0.040804
vt 0.534237 0.350128
vt 0.534141 0.352893
vt 0.540681 0.347001
vt 0.516782 0.054980
vt 0.517552 0.061301
vt 0.512288 0.048073
vt 0.503480 0.046951
vt 0.485457 0.050604
vt 0.462882 0.059085
vt 0.491064 0.055317
vt 0.397469 0.062831
vt 0.387487 0.135099
vt 0.524065 0.044527
vt 0.522646 0.044803
vt 0.375334 0.070156
vt 0.380432 0.062018
vt 0.573731 0.701851
vt 0.368466 0.076404
vt 0.360545 0.102757
vt 0.380326 0.126296
vt 0.364717 0.072342
vt 0.701581 0.008300
vt 0.703502 0.274361
vt 0.694299 0.192298
vt 0.540950 0.511403
vt 0.717225 0.282382
vt 0.728597 0.229073
vt 0.709414 0.140785
vt 0.917933 0.408564
vt 0.862152 0.449346
vt 0.837036 0.414863
vt 0.366511 0.837342
vt 0.463219 0.901561
vt 0.783032 0.077509
vt 0.711280 0.242387
vt 0.719512 0.226039
vt 0.722273 0.216863
vt 0.427130 0.028842
vt 0.834805 0.410874
vt 0.302341 0.885916
vt 0.287469 0.658396
vt 0.761296 0.730764
vt 0.529362 0.038283
vt 0.513498 0.028520
vt 0.463179 0.036751
vt 0.393488 0.038732
vt 0.355882 0.046984
vt 0.729827 0.290675
vt 0.472280 0.362337
vt 0.767125 0.097591
vt 0.831592 0.032349
vt 0.935485 0.296711
vt 0.843497 0.373477
vt 0.286739 0.673180
vt 0.754859 0.106835
vt 0.748726 0.202619
vt 0.060843 0.047702
vt 0.047114 0.069797
vt 0.041459 0.023774
vt 0.023773 0.052146
vt 0.699906 0.316031
vt 0.854015 0.362774
vt 0.436771 0.364493
vt 0.528175 0.524289
vt 0.369338 0.834185
vt 0.378807 0.780844
vt 0.372502 0.832599
vt 0.751547 0.309243
vt 0.781128 0.264218
vt 0.333072 0.899604
vt 0.056834 0.688056
vt 0.005000 0.077013
vt 0.761517 0.310566
vt 0.771239 0.291427
vt 0.775678 0.236541
vt 0.514340 0.527365
vt 0.541680 0.532111
vt 0.291595 0.856520
vt 0.296646 0.849269
vt 0.078453 0.708393
vt 0.949847 0.444349
vt 0.957489 0.435380
vt 0.028134 0.933667
vt 0.035043 0.919967
vt 0.905110 0.265517
vt 0.168841 0.904084
vt 0.745510 0.313278
vt 0.795750 0.249847
vt 0.792700 0.240525
vt 0.879326 0.338019
vt 0.015868 0.628716
vt 0.059593 0.696115
vt 0.070839 0.709398
vt 0.367693 0.832864
vt 0.365012 0.831322
vt 0.374350 0.828921
vt 0.062595 0.883226
vt 0.061039 0.888813
vt 0.055027 0.893123
vt 0.177338 0.925376
vt 0.789670 0.264004
vt 0.714412 0.195371
vt 0.021692 0.620793
vt 0.022603 0.103186
vt 0.942818 0.463293
vt 0.038166 0.905148
vt 0.175556 0.915102
vt 0.069814 0.031158
vt 0.765279 0.317244
vt 0.783074 0.282540
vt 0.465025 0.530087
vt 0.490593 0.536182
vt 0.860808 0.045820
vt 0.846657 0.069405
vt 0.073028 0.130564
vt 0.904142 0.274851
vt 0.811577 0.285301
vt 0.806043 0.280005
vt 0.819925 0.263649
vt 0.817148 0.253404
vt 0.822444 0.246718
vt 0.284372 0.901589
vt 0.276307 0.688236
vt 0.759264 0.627623
vt 0.375348 0.809791
vt 0.022609 0.104084
vt 0.054299 0.122431
vt 0.947727 0.449601
vt 0.977794 0.415242
vt 0.876196 0.171381
vt 0.712902 0.359561
vt 0.443294 0.530898
vt 0.540296 0.532850
vt 0.561804 0.979802
vt 0.562980 0.984047
vt 0.556498 0.983880
vt 0.179523 0.915694
vt 0.726176 0.394777
vt 0.078406 0.005324
vt 0.779022 0.296979
vt 0.807128 0.299286
vt 0.800659 0.301676
vt 0.833555 0.250972
vt 0.619432 0.106895
vt 0.560510 0.987989
vt 0.030882 0.662118
vt 0.024376 0.659610
vt 0.054861 0.749417
vt 0.005482 0.660004
vt 0.815485 0.135518
vt 0.066926 0.138906
vt 0.504195 0.825045
vt 0.488610 0.843269
vt 0.882107 0.238598
vt 0.882406 0.229622
vt 0.884674 0.228671
vt 0.730854 0.326438
vt 0.822779 0.288672
vt 0.464610 0.604061
vt 0.428032 0.596795
vt 0.414385 0.582947
vt 0.084863 0.158944
vt 0.084701 0.163483
vt 0.945340 0.463555
vt 0.035279 0.905472
vt 0.894187 0.266333
vt 0.897321 0.277519
vt 0.671926 0.320329
vt 0.705800 0.342850
vt 0.289074 0.850327
vt 0.966353 0.453909
vt 0.954808 0.459334
vt 0.873965 0.184275
vt 0.886652 0.244048
vt 0.883371 0.270518
vt 0.720796 0.411605
vt 0.856688 0.611733
vt 0.922511 0.495649
vt 0.472242 0.301858
vt 0.739159 0.863003
vt 0.871516 0.535847
vt 0.814760 0.606863
vt 0.812806 0.301781
vt 0.812263 0.310275
vt 0.199109 0.903142
vt 0.447630 0.231264
vt 0.859453 0.552032
vt 0.736167 0.352325
vt 0.571748 0.562933
vt 0.555432 0.576006
vt 0.490524 0.602214
vt 0.480362 0.602896
vt 0.260995 0.648650
vt 0.967695 0.500312
vt 0.877586 0.227666
vt 0.880208 0.241929
vt 0.890779 0.133349
vt 0.459025 0.264005
vt 0.659370 0.357633
vt 0.654518 0.365799
vt 0.649206 0.347775
vt 0.651185 0.340660
vt 0.636566 0.341362
vt 0.647565 0.319696
vt 0.636634 0.346759
vt 0.662963 0.394585
vt 0.234294 0.192371
vt 0.135048 0.112251
vt 0.005507 0.305334
vt 0.804111 0.383863
vt 0.772103 0.337540
vt 0.369247 0.353987
vt 0.850952 0.613794
vt 0.854616 0.614629
vt 0.930397 0.895782
vt 0.907100 0.905546
vt 0.875083 0.141601
vt 0.645581 0.192991
vt 0.659379 0.177018
vt 0.644107 0.215391
vt 0.649376 0.304619
vt 0.730323 0.906628
vt 0.758721 0.360903
vt 0.830178 0.288922
vt 0.505960 0.601169
vt 0.473934 0.592539
vt 0.437975 0.579016
vt 0.253925 0.656117
vt 0.250165 0.643166
vt 0.019007 0.277032
vt 0.945686 0.463673
vt 0.863983 0.173527
vt 0.883576 0.292585
vt 0.198863 0.925408
vt 0.677675 0.328439
vt 0.647491 0.375287
vt 0.781881 0.836500
vt 0.628490 0.688719
vt 0.772263 0.833420
vt 0.714610 0.893240
vt 0.863289 0.239140
vt 0.473543 0.681921
vt 0.974729 0.878521
vt 0.291965 0.272238
vt 0.181570 0.129942
vt 0.132478 0.083634
vt 0.762012 0.834120
vt 0.774998 0.846727
vt 0.006431 0.416229
vt 0.814560 0.334093
vt 0.838237 0.262733
vt 0.856551 0.255732
vt 0.240217 0.630882
vt 0.238347 0.611507
vt 0.447792 0.578284
vt 0.247362 0.652764
vt 0.253031 0.671453
vt 0.024871 0.657837
vt 0.439770 0.209369
vt 0.277455 0.253659
vt 0.615723 0.199018
vt 0.641587 0.286147
vt 0.790118 0.841414
vt 0.727336 0.918527
vt 0.786528 0.371269
vt 0.808080 0.349265
vt 0.805621 0.350613
vt 0.826791 0.320833
vt 0.208692 0.599645
vt 0.220129 0.613507
vt 0.265180 0.690752
vt 0.534775 0.973801
vt 0.566712 0.974792
vt 0.540032 0.984995
vt 0.470941 0.901362
vt 0.494959 0.914217
vt 0.468238 0.924160
vt 0.449798 0.920424
vt 0.455250 0.948000
vt 0.222263 0.928780
vt 0.226137 0.949584
vt 0.209742 0.959049
vt 0.201922 0.915602
vt 0.511499 0.907203
vt 0.455868 0.913005
vt 0.454617 0.913552
vt 0.456281 0.911739
vt 0.455358 0.912640
vt 0.429349 0.923958
vt 0.437866 0.934741
vt 0.248204 0.930256
vt 0.443331 0.926753
vt 0.442943 0.927061
vt 0.442999 0.926571
vt 0.442892 0.926692
vt 0.437643 0.941839
vt 0.437141 0.942231
vt 0.438183 0.942331
vt 0.433541 0.954000
vt 0.451238 0.976965
vt 0.442128 0.925661
vt 0.437440 0.942491
vt 0.255868 0.946171
vt 0.429223 0.972408
vt 0.457303 0.994971
vt 0.297036 0.959554
vt 0.537587 0.993454
vt 0.281301 0.948153
vt 0.211039 0.880184
vt 0.266313 0.914763
vt 0.244145 0.899587
vt 0.233773 0.890696
vt 0.212731 0.878117
vt 0.423973 0.968294
vt 0.280351 0.922683
vt 0.262459 0.924003
vt 0.266433 0.909890
vt 0.210317 0.874454
vt 0.922466 0.796029
vt 0.914714 0.792937
vt 0.932770 0.791997
vt 0.934484 0.762633
vt 0.944024 0.782661
vt 0.955816 0.766185
vt 0.309312 0.951429
vt 0.336230 0.949147
vt 0.254405 0.905521
vt 0.424081 0.950323
vt 0.991036 0.724900
vt 0.972739 0.763114
vt 0.306699 0.928190
vt 0.290527 0.927996
vt 0.913450 0.824168
vt 0.781831 0.828414
vt 0.911767 0.765599
vt 0.985555 0.527648
vt 0.184887 0.282342
vt 0.629932 0.182780
vt 0.661953 0.160573
vt 0.628315 0.243491
vt 0.633801 0.353460
vt 0.714986 0.005003
vt 0.670690 0.670863
vt 0.523819 0.682829
vt 0.581149 0.677528
vt 0.223116 0.685053
vt 0.231570 0.664448
vt 0.255283 0.688661
vt 0.428306 0.924513
vt 0.930835 0.793829
vt 0.910013 0.732803
vt 0.780288 0.766339
vt 0.632479 0.169896
vt 0.618520 0.220453
vt 0.247365 0.154029
vt 0.226332 0.146619
vt 0.244552 0.090541
vt 0.749344 0.823314
vt 0.502870 0.682032
vt 0.190063 0.577384
vt 0.442303 0.987348
vt 0.448622 0.993712
vt 0.426931 0.995000
vt 0.335999 0.919199
vt 0.281187 0.919012
vt 0.638045 0.270646
vt 0.641191 0.279135
vt 0.646066 0.376329
vt 0.613198 0.691569
vt 0.857515 0.855203
vt 0.583344 0.596303
vt 0.551366 0.598251
vt 0.577879 0.584258
vt 0.220944 0.621700
vt 0.230587 0.649228
vt 0.206199 0.675504
vt 0.209099 0.685315
vt 0.242195 0.682103
vt 0.935824 0.801968
vt 0.942773 0.789400
vt 0.778860 0.742739
vt 0.777363 0.690136
vt 0.836580 0.638424
vt 0.641258 0.308661
vt 0.237590 0.118508
vt 0.245909 0.116639
vt 0.248655 0.111501
vt 0.348802 0.044645
vt 0.754508 0.905862
vt 0.853348 0.830488
vt 0.859910 0.828191
vt 0.838432 0.308255
vt 0.291184 0.378252
vt 0.278064 0.371699
vt 0.568498 0.597138
vt 0.653951 0.590568
vt 0.181682 0.568181
vt 0.431695 0.987155
vt 0.553394 0.992337
vt 0.426237 0.924888
vt 0.803208 0.641115
vt 0.857214 0.316190
vt 0.955574 0.854566
vt 0.613448 0.321041
vt 0.627646 0.291433
vt 0.602526 0.308801
vt 0.622598 0.281493
vt 0.865976 0.850238
vt 0.820113 0.363891
vt 0.813357 0.348386
vt 0.824059 0.336692
vt 0.851692 0.268108
vt 0.676215 0.011830
vt 0.659538 0.016785
vt 0.257671 0.359803
vt 0.576867 0.596604
vt 0.207023 0.635806
vt 0.232491 0.634854
vt 0.203841 0.694389
vt 0.549000 0.986533
vt 0.865110 0.227992
vt 0.409445 0.975999
vt 0.911154 0.749760
vt 0.288854 0.252871
vt 0.624197 0.179849
vt 0.609417 0.213208
vt 0.585278 0.372261
vt 0.579982 0.391937
vt 0.353144 0.052072
vt 0.744560 0.918218
vt 0.770542 0.905319
vt 0.835059 0.324567
vt 0.847004 0.295171
vt 0.128107 0.270517
vt 0.146327 0.248336
vt 0.137557 0.261363
vt 0.293656 0.538386
vt 0.163941 0.547892
vt 0.201498 0.631052
vt 0.195727 0.617578
vt 0.432849 0.986311
vt 0.551068 0.989483
vt 0.550296 0.988846
vt 0.221240 0.696297
vt 0.224326 0.707000
vt 0.192312 0.716314
vt 0.788164 0.194201
vt 0.950976 0.793615
vt 0.969563 0.793442
vt 0.288114 0.920063
vt 0.275358 0.911185
vt 0.279817 0.252959
vt 0.610778 0.192977
vt 0.606247 0.198682
vt 0.620877 0.330257
vt 0.809056 0.379788
vt 0.128462 0.274877
vt 0.188115 0.585167
vt 0.197286 0.673690
vt 0.429800 0.986086
vt 0.431168 0.984101
vt 0.431352 0.985299
vt 0.431151 0.985929
vt 0.551843 0.989604
vt 0.316865 0.919101
vt 0.303668 0.917413
vt 0.300306 0.919200
vt 0.294620 0.917173
vt 0.473131 0.766757
vt 0.476847 0.779221
vt 0.453853 0.752503
vt 0.392508 0.759343
vt 0.381374 0.788319
vt 0.379267 0.719394
vt 0.027124 0.835796
vt 0.035546 0.816732
vt 0.044943 0.818876
vt 0.065524 0.805549
vt 0.043519 0.792309
vt 0.066928 0.798480
vt 0.408325 0.753131
vt 0.415708 0.728900
vt 0.073842 0.768553
vt 0.052284 0.761712
vt 0.433861 0.746332
vt 0.443684 0.727420
vt 0.402367 0.831478
vt 0.079478 0.786879
vt 0.372322 0.692898
vt 0.460978 0.715908
vt 0.066651 0.810219
vt 0.032457 0.831672
vt 0.911240 0.738055
vt 0.075598 0.754951
vt 0.603920 0.204408
vt 0.606360 0.219835
vt 0.620361 0.329746
vt 0.621075 0.330573
vt 0.621699 0.331962
vt 0.621479 0.330939
vt 0.251043 0.123645
vt 0.251287 0.117856
vt 0.825293 0.360250
vt 0.847099 0.313804
vt 0.590381 0.595785
vt 0.167850 0.591888
vt 0.220916 0.649012
vt 0.421905 0.981564
vt 0.431199 0.980734
vt 0.432208 0.981007
vt 0.429044 0.984815
vt 0.428856 0.986312
vt 0.325389 0.918055
vt 0.310653 0.917948
vt 0.082397 0.772979
vt 0.656397 0.963012
vt 0.669665 0.919230
vt 0.611806 0.230069
vt 0.613135 0.244213
vt 0.765685 0.917178
vt 0.119850 0.279483
vt 0.600760 0.595087
vt 0.154418 0.535825
vt 0.197960 0.600732
vt 0.181251 0.634651
vt 0.184403 0.643931
vt 0.183903 0.654499
vt 0.435653 0.981913
vt 0.176474 0.682949
vt 0.155049 0.695339
vt 0.289343 0.915043
vt 0.084946 0.776469
vt 0.487957 0.824670
vt 0.448551 0.827720
vt 0.493550 0.813777
vt 0.470042 0.808281
vt 0.467577 0.729108
vt 0.645954 0.901774
vt 0.656302 0.882512
vt 0.666541 0.873875
vt 0.665559 0.877821
vt 0.620738 0.263119
vt 0.577113 0.354149
vt 0.247294 0.127469
vt 0.736641 0.933347
vt 0.869963 0.960444
vt 0.746343 0.947765
vt 0.821305 0.380541
vt 0.101328 0.276717
vt 0.090144 0.270994
vt 0.115712 0.283783
vt 0.214082 0.364829
vt 0.226366 0.357526
vt 0.208305 0.426998
vt 0.698799 0.503319
vt 0.699167 0.540277
vt 0.698928 0.525271
vt 0.137131 0.544999
vt 0.170666 0.599650
vt 0.479875 0.790661
vt 0.498823 0.776342
vt 0.434869 0.707806
vt 0.387049 0.138960
vt 0.273739 0.137455
vt 0.138441 0.819683
vt 0.128600 0.843268
vt 0.120972 0.790403
vt 0.233729 0.860638
vt 0.229956 0.852270
vt 0.250929 0.858360
vt 0.260936 0.118278
vt 0.258539 0.109408
vt 0.653989 0.822344
vt 0.790518 0.916482
vt 0.819093 0.903886
vt 0.865408 0.860064
vt 0.858802 0.300738
vt 0.720168 0.458182
vt 0.722005 0.643789
vt 0.686504 0.549419
vt 0.160640 0.583524
vt 0.820954 0.206366
vt 0.080752 0.810404
vt 0.082053 0.764113
vt 0.910290 0.690128
vt 0.908140 0.668906
vt 0.108263 0.821160
vt 0.253503 0.859273
vt 0.590693 0.335253
vt 0.239869 0.358170
vt 0.697839 0.508272
vt 0.170466 0.566652
vt 0.152915 0.606270
vt 0.155723 0.617754
vt 0.486583 0.750419
vt 0.135954 0.846060
vt 0.162482 0.830563
vt 0.226378 0.780313
vt 0.222112 0.851715
vt 0.675582 0.868502
vt 0.596252 0.275107
vt 0.092243 0.317338
vt 0.106747 0.311148
vt 0.092041 0.399521
vt 0.129703 0.298173
vt 0.267719 0.539479
vt 0.684368 0.533973
vt 0.679234 0.539153
vt 0.680621 0.548884
vt 0.147886 0.600485
vt 0.159989 0.663613
vt 0.142426 0.682221
vt 0.817844 0.208133
vt 0.323562 0.909427
vt 0.080489 0.754889
vt 0.492965 0.760335
vt 0.073530 0.858599
vt 0.121494 0.847774
vt 0.122094 0.851416
vt 0.225437 0.858948
vt 0.225483 0.860836
vt 0.589359 0.223983
vt 0.265657 0.129258
vt 0.343728 0.091952
vt 0.857759 0.879228
vt 0.858437 0.353164
vt 0.876929 0.335011
vt 0.075432 0.324232
vt 0.075840 0.308352
vt 0.683386 0.624351
vt 0.665709 0.540483
vt 0.132061 0.564828
vt 0.106824 0.584247
vt 0.141185 0.565736
vt 0.159560 0.555577
vt 0.179086 0.623932
vt 0.171229 0.636293
vt 0.137400 0.776670
vt 0.910838 0.667679
vt 0.154676 0.851984
vt 0.229039 0.862478
vt 0.224547 0.876022
vt 0.591652 0.302167
vt 0.573323 0.316812
vt 0.254488 0.137878
vt 0.581289 0.756585
vt 0.818318 0.915837
vt 0.832037 0.903669
vt 0.046441 0.256754
vt 0.059542 0.269971
vt 0.031431 0.264355
vt 0.110701 0.403526
vt 0.283307 0.538379
vt 0.245600 0.541893
vt 0.645270 0.592335
vt 0.685187 0.518531
vt 0.660322 0.554121
vt 0.141740 0.641093
vt 0.118076 0.655871
vt 0.980959 0.796547
vt 0.494460 0.821707
vt 0.496089 0.816342
vt 0.185136 0.837931
vt 0.206105 0.833767
vt 0.231402 0.813583
vt 0.262182 0.871883
vt 0.839669 0.915057
vt 0.847009 0.902865
vt 0.143688 0.537651
vt 0.701052 0.488325
vt 0.656709 0.525160
vt 0.636337 0.537373
vt 0.118100 0.585048
vt 0.121152 0.593404
vt 0.495631 0.829636
vt 0.493380 0.747277
vt 0.220673 0.863701
vt 0.041704 0.287769
vt 0.046222 0.300695
vt 0.073081 0.306725
vt 0.189935 0.344323
vt 0.623044 0.542952
vt 0.638321 0.551803
vt 0.499554 0.765355
vt 0.501979 0.769545
vt 0.495864 0.754287
vt 0.490655 0.742682
vt 0.477149 0.730551
vt 0.126339 0.848958
vt 0.135720 0.852269
vt 0.163449 0.854991
vt 0.206189 0.857463
vt 0.618793 0.840332
vt 0.865262 0.904251
vt 0.889495 0.869938
vt 0.687569 0.607774
vt 0.677286 0.498316
vt 0.685339 0.490735
vt 0.143221 0.591459
vt 0.497824 0.804528
vt 0.498040 0.755243
vt 0.484768 0.737445
vt 0.907767 0.648973
vt 0.260190 0.877688
vt 0.555452 0.182541
vt 0.861663 0.915183
vt 0.660462 0.591414
vt 0.633998 0.528660
vt 0.604110 0.560114
vt 0.142439 0.608948
vt 0.208617 0.778359
vt 0.208238 0.777514
vt 0.500395 0.782656
vt 0.130344 0.853925
vt 0.146239 0.858905
vt 0.183897 0.859156
vt 0.214549 0.860942
vt 0.270463 0.137269
vt 0.274433 0.124123
vt 0.782207 0.391324
vt 0.795175 0.392060
vt 0.810523 0.464409
vt 0.834619 0.481549
vt 0.884953 0.881832
vt 0.677215 0.514645
vt 0.108028 0.589092
vt 0.118809 0.715695
vt 0.503142 0.795403
vt 0.491840 0.736791
vt 0.154197 0.862069
vt 0.679177 0.591543
vt 0.646248 0.519936
vt 0.549380 0.310975
vt 0.688645 0.475647
vt 0.637216 0.490783
vt 0.646360 0.500052
vt 0.579574 0.288846
vt 0.059720 0.416322
vt 0.180567 0.554675
vt 0.693335 0.589879
vt 0.606707 0.555317
vt 0.076775 0.727300
vt 0.169791 0.862284
vt 0.208252 0.863500
vt 0.767927 0.403050
vt 0.771395 0.427450
vt 0.354369 0.836942
vt 0.256185 0.819600
vt 0.332185 0.796942
vt 0.297275 0.806618
vt 0.869435 0.948538
vt 0.864904 0.934657
vt 0.656874 0.478260
vt 0.622401 0.496859
vt 0.072666 0.715505
vt 0.504685 0.768401
vt 0.161642 0.863736
vt 0.167724 0.863171
vt 0.191081 0.860833
vt 0.174578 0.865174
vt 0.262354 0.143406
vt 0.837439 0.514006
vt 0.864032 0.515496
vt 0.864690 0.915470
vt 0.227017 0.541614
vt 0.622769 0.524935
vt 0.117984 0.622417
vt 0.096071 0.637328
vt 0.469358 0.700671
vt 0.211944 0.862489
vt 0.753037 0.384389
vt 0.755062 0.411091
vt 0.589151 0.988339
vt 0.577763 0.990967
vt 0.570100 0.973799
vt 0.899166 0.899750
vt 0.064895 0.417628
vt 0.703177 0.433903
vt 0.698246 0.447516
vt 0.684654 0.430968
vt 0.667788 0.439256
vt 0.689275 0.453294
vt 0.616840 0.484217
vt 0.629355 0.471196
vt 0.606810 0.491134
vt 0.040449 0.614742
vt 0.479538 0.707712
vt 0.170069 0.873691
vt 0.189364 0.863095
vt 0.533214 0.166183
vt 0.527908 0.187472
vt 0.202196 0.538193
vt 0.678816 0.449241
vt 0.678565 0.469413
vt 0.614964 0.475759
vt 0.086083 0.601551
vt 0.528935 0.180573
vt 0.774205 0.458083
vt 0.266224 0.803376
vt 0.086084 0.496236
vt 0.725544 0.415343
vt 0.518169 0.704425
vt 0.737803 0.389586
vt 0.758831 0.435659
vt 0.779615 0.484384
vt 0.811333 0.523077
vt 0.831516 0.519379
vt 0.904129 0.907418
vt 0.695099 0.580446
vt 0.696910 0.427571
vt 0.646752 0.427773
vt 0.077660 0.620543
vt 0.733259 0.407077
vt 0.880214 0.950704
vt 0.647734 0.436855
vt 0.657581 0.444870
vt 0.612108 0.471682
vt 0.065715 0.589089
vt 0.192335 0.865170
vt 0.761157 0.455709
vt 0.785016 0.505304
vt 0.862068 0.535184
vt 0.563321 0.994333
vt 0.103397 0.502019
vt 0.650275 0.466736
vt 0.507596 0.789475
vt 0.524539 0.707518
vt 0.763443 0.472426
vt 0.058950 0.494195
vt 0.702960 0.414687
vt 0.671953 0.421601
vt 0.628450 0.462461
vt 0.526883 0.156572
vt 0.504676 0.186938
vt 0.329388 0.787150
vt 0.641265 0.422480
vt 0.640066 0.442114
vt 0.589644 0.485722
vt 0.050664 0.581054
vt 0.054970 0.513051
vt 0.049990 0.603968
vt 0.768007 0.491461
vt 0.189539 0.551712
vt 0.605319 0.461210
vt 0.770163 0.508727
vt 0.783690 0.526703
vt 0.061666 0.515348
vt 0.746567 0.524607
vt 0.773515 0.530354
vt 0.031401 0.591811
vt 0.524650 0.770322
vt 0.527669 0.754124
vt 0.506543 0.137572
vt 0.505961 0.141695
vt 0.343395 0.744717
vt 0.198990 0.550606
vt 0.711509 0.413857
vt 0.668445 0.402621
vt 0.240951 0.781995
vt 0.035571 0.544069
vt 0.184562 0.558702
vt 0.602160 0.428536
vt 0.530831 0.727610
vt 0.187541 0.764374
vt 0.647329 0.405553
vt 0.618093 0.415152
vt 0.552826 0.761750
vt 0.552157 0.773087
vt 0.372105 0.704386
vt 0.045692 0.533366
vt 0.496896 0.179063
vt 0.734737 0.531240
vt 0.674374 0.396443
vt 0.631090 0.410423
vt 0.542910 0.702403
vt 0.516051 0.160651
vt 0.757204 0.528695
vt 0.122778 0.548436
vt 0.095230 0.569520
vt 0.603468 0.415761
vt 0.775119 0.564888
vt 0.558935 0.735485
vt 0.766178 0.561048
vt 0.645846 0.398116
vt 0.619947 0.407342
vt 0.588380 0.403597
vt 0.055357 0.565479
vt 0.749347 0.569523
vt 0.603004 0.406984
vt 0.568212 0.707533
vt 0.767674 0.596635
vt 0.753397 0.590436
vt 0.725811 0.540889
vt 0.735144 0.568500
vt 0.737244 0.597008
vt 0.729379 0.592806
vt 0.589453 0.397955
vt 0.732638 0.578481
s 1
f 774/1/1 16/2/2 706/3/3
f 769/4/4 756/5/5 35/6/6
f 28/7/7 22/8/8 27/9/9
f 23/10/10 24/11/11 32/12/12
f 24/11/11 25/13/13 32/12/12
f 24/11/14 26/14/15 25/13/16
f 28/7/7 27/9/9 26/14/17
f 28/7/18 23/10/19 30/15/20
f 23/10/19 32/12/21 30/15/20
f 25/13/16 26/14/15 33/16/22
f 31/17/23 27/9/9 22/8/8
f 807/18/24 22/8/8 28/7/7
f 28/7/7 26/14/17 24/11/25
f 33/16/26 26/14/27 27/9/28
f 27/9/28 31/17/29 21/19/30
f 35/20/31 756/21/32 22/8/33
f 33/16/26 27/9/28 21/19/30
f 31/17/23 22/8/8 34/22/34
f 703/23/35 683/24/36 654/25/37
f 631/26/38 579/27/39 548/28/40
s 0
f 52/29/41 53/30/41 56/31/41
f 55/32/42 52/29/42 56/31/42
s 1
f 54/33/43 628/34/43 52/29/43
f 58/35/44 59/36/45 545/37/46
s 0
f 58/38/47 571/39/47 559/40/47
s 1
f 628/41/48 54/42/49 570/43/50
f 58/35/44 559/44/51 59/36/45
f 61/45/52 58/38/53 545/46/54
f 80/47/55 76/48/56 63/49/57
f 66/50/58 70/51/59 69/52/60
f 69/52/61 75/53/62 65/54/63
f 75/53/64 69/52/60 70/51/59
f 73/55/65 74/56/66 65/54/63
f 74/56/66 69/52/61 65/54/63
f 70/51/67 66/50/68 79/57/68
f 66/50/68 68/58/69 79/57/68
f 68/58/70 66/50/71 71/59/72
f 71/59/72 66/50/71 69/52/73
f 78/60/74 77/61/75 681/62/76
f 681/62/77 77/61/78 65/54/79
f 79/57/80 68/58/81 64/63/82
f 68/58/81 71/59/83 64/63/82
f 71/59/83 76/48/84 64/63/82
f 81/64/85 74/65/86 73/66/87
f 83/67/88 77/68/75 78/69/74
f 65/54/79 75/53/89 70/51/90
f 76/48/56 71/59/72 63/49/57
f 63/49/57 71/59/72 74/56/91
f 71/59/72 69/52/73 74/56/91
f 74/65/91 81/64/92 82/70/93
f 552/71/94 78/60/74 681/62/76
f 543/72/95 81/64/85 73/66/87
f 73/55/96 65/54/79 77/61/78
f 91/73/97 90/74/98 88/75/99
f 88/75/99 89/76/100 94/77/101
f 107/78/102 94/79/101 89/80/100
f 88/75/99 94/77/101 91/73/97
f 96/81/103 97/82/104 99/83/105
f 107/78/102 99/83/105 97/82/104
f 107/78/102 89/80/100 99/83/105
f 89/76/106 88/75/107 100/84/107
f 94/77/101 93/85/108 91/73/97
s 0
f 103/86/109 95/87/109 105/88/109
s 1
f 89/80/100 92/89/110 99/83/105
f 100/84/107 88/75/107 87/90/111
f 93/91/112 94/79/113 95/87/114
s 0
f 95/87/115 103/86/115 102/92/115
s 1
f 106/93/116 94/79/101 107/78/102
f 114/94/117 98/95/118 96/81/119
f 98/95/118 97/82/120 96/81/119
f 88/75/121 90/74/122 111/96/123
f 93/91/112 95/87/114 101/97/124
f 92/89/125 89/80/126 115/98/127
f 115/99/127 89/76/126 100/84/128
f 87/90/129 88/75/121 111/96/123
f 93/91/112 101/97/124 109/100/130
f 101/97/131 95/87/132 102/92/133
f 94/79/134 106/93/135 95/87/136
f 98/95/137 108/101/138 97/82/139
f 98/95/140 113/102/141 110/103/142
f 111/96/143 90/74/144 91/73/145
f 112/104/146 116/105/147 102/106/148
f 116/107/149 101/97/150 102/92/133
f 95/87/151 106/93/152 119/108/153
f 98/95/140 114/94/154 113/102/141
s 0
f 95/87/155 119/108/155 117/109/155
s 1
f 97/82/139 108/101/138 107/78/156
f 108/101/157 98/95/140 118/110/158
f 98/95/140 110/103/142 118/110/158
f 114/94/154 121/111/159 113/102/141
f 114/94/160 96/81/161 99/83/162
f 111/96/143 91/73/145 109/112/163
f 91/73/145 93/85/164 109/112/163
f 105/88/165 95/87/165 117/109/165
f 117/109/166 119/108/166 225/113/166
f 99/83/162 92/89/167 114/94/160
f 92/89/167 115/98/168 114/94/160
f 112/104/146 102/106/148 103/114/169
s 0
f 103/86/170 105/88/170 117/109/170
s 1
f 108/101/157 118/110/158 120/115/171
f 122/116/172 113/102/173 121/111/174
f 121/111/159 114/94/154 214/117/175
f 100/84/176 87/90/177 111/96/178
f 101/97/150 116/107/149 109/100/179
s 0
f 126/118/180 125/119/180 124/120/180
s 1
f 135/121/181 136/122/182 134/123/183
f 135/121/181 134/123/183 138/124/184
f 135/121/185 138/124/186 137/125/187
f 141/126/188 135/121/185 137/125/187
f 140/127/189 138/124/190 143/128/191
f 138/124/190 140/127/192 137/125/193
f 133/129/194 136/130/195 135/131/196
f 135/131/196 141/132/197 131/133/198
f 141/126/188 137/125/187 145/134/199
f 147/135/200 137/125/200 140/127/200
f 138/124/201 134/123/202 146/136/203
f 132/137/204 133/138/205 144/139/206
s 0
f 138/124/207 146/136/207 148/140/207
s 1
f 146/136/203 134/123/202 154/141/208
f 134/123/209 136/122/210 132/142/211
f 136/130/210 133/129/212 132/143/211
f 144/139/206 133/138/205 142/144/213
f 135/131/196 131/133/198 133/129/194
s 0
f 150/145/214 137/125/214 147/135/214
f 143/128/215 138/124/215 148/140/215
s 1
f 144/139/206 142/144/213 129/146/216
f 133/129/194 131/133/198 181/147/217
f 131/133/198 130/148/218 153/149/219
s 0
f 137/125/220 150/145/220 157/150/220
f 132/137/221 149/151/221 152/152/221
s 1
f 142/144/222 133/138/194 181/153/217
f 181/147/217 131/133/198 151/154/223
f 131/133/198 153/149/219 151/154/223
f 134/123/224 132/142/225 154/141/226
f 149/151/227 132/137/228 155/155/229
f 132/137/230 144/139/231 155/155/229
f 156/156/232 131/133/233 175/157/234
f 175/157/234 131/133/233 141/132/235
f 145/134/236 137/125/237 157/150/238
f 162/158/239 206/159/240 166/160/241
s 0
f 165/161/242 167/162/242 166/163/242
f 165/161/243 164/164/243 167/162/243
s 1
f 168/165/244 164/164/245 165/161/246
f 163/166/247 162/158/248 166/160/249
f 165/161/246 166/163/250 168/165/244
s 0
f 167/162/251 164/164/251 168/165/251
s 1
f 159/167/252 177/168/253 158/169/254
f 158/169/255 177/168/256 140/127/257
f 160/170/258 167/162/259 177/168/260
f 169/171/261 167/162/262 168/165/263
f 206/159/264 162/158/265 163/166/266
f 166/163/249 167/162/267 163/172/247
f 163/172/268 167/162/267 160/170/269
s 0
f 140/127/270 143/128/270 148/140/270
f 129/146/271 170/173/271 144/139/271
f 170/173/272 129/146/272 171/174/272
s 1
f 173/175/273 181/153/217 151/176/223
f 153/149/274 130/148/275 174/177/274
f 130/148/276 131/133/277 174/177/278
f 141/126/235 145/134/279 175/178/234
f 157/150/280 150/145/281 147/135/282
f 167/162/259 169/171/283 177/168/260
f 160/170/258 177/168/260 159/167/284
f 159/167/252 158/169/254 200/179/285
f 209/180/286 158/169/255 140/127/257
f 154/181/226 132/137/225 152/152/287
s 0
f 144/139/288 170/173/288 155/155/288
s 1
f 179/182/289 171/174/290 180/183/291
f 171/174/290 129/146/292 180/183/291
f 151/154/293 153/149/294 128/184/295
f 128/184/296 153/149/274 174/177/274
f 174/177/278 131/133/277 156/156/297
f 176/185/298 145/134/236 157/150/238
f 147/135/299 140/127/257 177/168/256
f 209/180/286 140/127/257 148/140/300
f 180/183/291 129/146/292 182/186/301
f 173/175/302 151/176/293 188/187/303
f 157/150/304 147/135/299 177/168/256
f 169/171/305 168/165/263 187/188/306
f 166/160/307 206/159/240 205/189/308
f 163/166/266 183/190/309 206/159/264
f 185/191/310 184/192/311 183/190/312
f 163/172/268 160/170/269 194/193/313
f 160/170/269 159/167/314 204/194/315
f 148/140/300 146/136/316 209/180/286
s 0
f 170/173/317 171/174/317 195/195/317
s 1
f 172/196/318 129/146/319 142/144/320
f 188/197/303 151/198/293 128/199/295
f 194/193/313 160/170/269 204/194/315
f 209/180/321 146/136/316 154/141/322
f 152/152/323 149/151/324 195/195/325
s 0
f 195/195/326 171/174/326 179/182/326
s 1
f 129/146/292 172/196/327 182/186/301
f 142/144/320 181/153/328 172/196/318
f 175/178/329 145/134/236 176/185/298
s 0
f 189/200/330 176/185/330 157/150/330
s 1
f 196/201/331 206/202/264 183/203/309
f 184/192/311 185/191/310 186/204/332
f 185/191/333 183/190/334 163/166/335
f 209/205/321 154/181/322 218/206/336
f 154/181/322 152/152/323 218/206/336
f 218/206/336 152/152/323 195/195/325
f 149/151/324 155/155/337 195/195/325
s 0
f 155/155/338 170/173/338 195/195/338
s 1
f 192/207/339 182/186/301 172/196/327
f 181/153/340 173/175/341 188/187/342
f 174/177/343 156/156/344 175/157/329
f 157/150/304 177/168/256 169/171/345
f 183/190/312 184/192/311 190/208/346
f 184/192/347 191/209/348 190/208/348
f 190/208/348 191/209/348 193/210/349
f 193/211/350 191/212/351 207/213/352
f 199/214/353 184/215/311 186/216/332
f 163/166/335 194/217/354 185/191/333
f 181/153/340 188/187/342 172/196/355
s 0
f 172/196/356 188/187/356 127/218/356
f 187/188/357 124/120/357 169/171/357
f 124/120/358 125/119/358 169/171/358
s 1
f 126/118/359 124/120/360 187/188/361
f 187/188/362 168/165/244 166/163/250
f 196/201/363 183/203/312 202/219/364
s 0
f 197/220/365 193/211/365 207/213/365
f 158/169/366 209/180/366 200/179/366
f 195/195/367 179/182/367 180/183/367
f 192/207/368 172/196/368 222/221/368
s 1
f 189/200/369 157/150/304 169/171/345
f 169/171/370 125/119/370 126/118/370
s 0
f 201/222/371 187/223/371 196/224/371
s 1
f 159/167/314 200/179/372 204/194/315
f 180/183/373 182/186/374 208/225/375
f 128/184/376 174/177/343 175/157/329
f 201/226/377 169/171/345 126/118/378
f 187/188/361 201/226/379 126/118/359
s 0
f 201/227/380 202/228/380 205/189/380
f 202/228/381 187/229/381 205/189/381
f 187/229/382 166/160/382 205/189/382
s 1
f 205/230/308 206/231/240 518/232/383
s 0
f 196/224/384 187/223/384 206/233/384
f 187/223/385 202/234/385 206/233/385
s 1
f 201/235/386 196/201/387 202/219/364
f 183/203/312 190/236/346 202/219/364
f 203/237/388 207/213/352 191/212/351
f 191/212/389 184/215/390 199/214/391
f 185/191/333 194/217/354 186/204/392
f 186/238/393 194/239/394 224/240/395
f 224/240/395 194/239/394 204/241/396
f 195/195/397 180/183/373 208/225/398
f 182/186/374 192/207/399 208/225/375
f 188/197/400 128/199/376 175/242/329
f 189/200/369 169/171/345 201/226/377
f 518/232/383 206/231/240 202/243/401
f 197/220/402 207/213/403 123/244/404
f 191/212/351 211/245/405 203/237/388
f 198/246/406 191/212/389 199/214/391
s 0
f 222/221/407 172/196/407 127/218/407
s 1
f 188/197/408 175/242/329 127/247/409
f 127/247/409 175/242/329 176/248/298
f 204/194/315 200/179/372 524/249/410
f 212/250/411 200/251/412 209/252/413
f 195/195/414 112/104/146 103/114/415
f 115/99/416 100/84/176 84/253/417
f 100/84/176 111/96/178 84/253/417
f 111/96/178 109/112/179 84/253/417
f 195/195/414 208/225/375 112/104/146
f 208/225/375 192/207/399 222/221/418
f 222/221/419 127/218/409 215/254/420
f 127/247/409 176/248/298 215/255/420
f 216/256/421 176/185/422 189/200/423
f 210/257/424 203/237/388 211/245/405
f 218/258/336 195/259/325 535/260/425
f 107/78/426 108/101/427 106/93/428
f 113/102/173 122/116/172 110/103/429
f 112/104/146 208/225/375 222/221/418
s 0
f 202/219/430 190/236/430 518/261/430
s 1
f 190/236/431 193/211/432 518/261/433
f 224/240/434 204/241/435 217/262/436
f 218/263/437 535/264/438 519/265/439
f 195/259/414 103/86/415 117/109/440
f 108/101/157 120/115/171 213/266/441
f 115/99/416 84/253/417 221/267/442
f 84/268/417 109/100/179 116/107/149
f 116/105/147 112/104/146 222/221/418
f 201/269/443 205/230/308 518/232/383
f 193/211/432 197/220/402 518/261/433
f 198/246/444 219/270/445 191/212/446
f 199/214/447 186/216/447 220/271/447
f 212/250/411 209/252/448 519/272/449
f 209/252/450 218/273/437 519/272/439
f 119/108/451 106/93/428 108/101/427
f 241/274/452 236/275/453 235/276/454
s 0
f 239/277/455 237/278/455 240/279/455
f 240/279/456 237/278/456 238/280/456
s 1
f 254/281/457 238/280/458 237/278/459
f 244/282/460 242/283/461 241/274/452
f 241/274/462 237/278/463 239/277/464
f 254/284/457 233/285/465 249/286/466
f 249/286/466 233/285/465 246/287/467
f 250/288/468 234/289/469 233/285/465
f 254/281/470 237/278/471 241/274/472
f 244/282/460 241/274/452 235/276/454
f 236/275/473 241/274/462 239/277/464
f 245/290/474 243/291/475 247/292/476
f 243/291/475 239/277/477 247/292/476
f 247/292/476 239/277/477 240/279/478
f 253/293/479 238/280/458 249/294/466
f 238/280/458 254/281/457 249/294/466
f 236/295/480 259/296/480 235/297/480
f 239/277/477 243/291/475 256/298/481
f 240/279/482 248/299/483 247/292/476
f 252/300/484 247/292/484 248/299/484
f 233/285/465 254/284/457 250/288/468
f 241/274/472 242/283/485 254/281/470
f 235/297/486 251/301/487 255/302/488
f 462/303/489 240/279/490 238/280/491
f 251/301/487 235/297/486 259/296/492
f 245/290/493 247/292/494 260/304/495
f 248/299/483 240/279/482 462/303/496
f 244/305/497 235/297/486 262/306/498
f 262/306/498 235/297/486 255/302/488
s 0
f 236/295/499 239/307/499 259/296/499
f 259/296/500 239/307/500 256/308/500
s 1
f 462/303/489 238/280/501 253/293/502
f 246/287/503 233/285/504 257/309/505
f 233/285/506 234/289/507 257/309/508
f 234/289/507 266/310/509 257/309/508
f 244/282/510 232/311/511 242/283/512
f 256/298/513 243/291/514 260/304/515
f 243/291/514 245/290/516 260/304/515
f 253/293/502 263/312/517 462/303/489
f 249/286/518 246/287/519 261/313/520
f 261/313/521 246/287/503 257/309/505
f 234/289/522 250/288/523 266/310/524
f 250/288/523 264/314/525 266/310/524
f 244/305/497 262/306/498 265/315/526
s 0
f 265/315/527 262/306/527 267/316/527
s 1
f 251/301/528 259/296/529 229/317/530
f 256/298/531 268/318/532 308/319/533
f 270/320/534 284/321/535 279/322/536
f 272/323/537 271/324/538 275/325/539
f 275/325/539 271/324/538 273/326/540
f 274/327/541 272/323/537 280/328/542
f 272/323/537 275/325/539 280/328/542
f 277/329/543 275/330/544 278/331/545
f 286/332/546 277/329/543 278/331/545
f 276/333/547 274/327/541 283/334/548
f 274/327/541 279/322/549 283/334/548
f 279/322/536 284/321/550 283/334/551
f 279/322/549 274/327/541 280/328/542
f 277/335/552 280/336/542 275/337/539
f 277/335/553 286/338/554 280/336/555
f 281/339/556 271/324/557 282/340/558
f 271/324/557 272/323/559 282/340/558
s 0
f 283/334/560 284/341/560 276/333/560
f 284/341/561 279/322/561 276/333/561
s 1
f 279/342/549 280/336/542 289/343/562
f 289/343/562 280/336/542 293/344/563
s 0
f 287/345/564 286/332/564 278/331/564
f 290/346/565 273/326/565 281/339/565
f 273/326/566 271/324/566 281/339/566
s 1
f 282/340/567 272/323/568 292/347/569
f 272/323/568 274/327/570 292/347/569
f 292/347/569 274/327/570 276/333/571
f 297/348/572 280/336/555 286/338/554
s 0
f 296/349/573 286/332/573 287/345/573
s 1
f 292/347/569 276/333/571 288/350/574
f 293/344/563 280/336/542 285/351/575
f 285/351/576 280/336/555 297/348/572
f 276/333/577 279/322/578 288/350/579
f 295/352/580 286/332/581 296/349/582
f 287/345/583 278/331/584 302/353/585
f 278/331/586 299/354/587 302/353/585
f 273/326/588 290/346/589 299/355/590
f 288/350/579 279/322/578 291/356/591
f 286/332/581 295/352/580 297/357/592
f 295/352/580 294/358/593 297/357/594
f 268/359/595 287/345/596 302/353/597
f 278/331/598 275/330/599 299/354/590
f 275/325/599 273/326/588 299/355/590
f 282/340/600 459/360/601 281/339/602
f 279/342/603 289/343/604 291/361/605
f 289/343/604 300/362/606 291/361/605
s 0
f 297/357/607 294/358/607 301/363/607
s 1
f 296/349/608 287/345/596 268/359/595
f 298/364/609 268/359/532 305/365/610
f 268/359/595 302/353/597 305/365/611
s 0
f 299/354/612 303/366/612 302/353/612
s 1
f 309/367/613 281/339/602 459/360/601
f 300/362/614 289/343/615 293/344/616
f 299/355/617 290/346/618 309/367/613
f 290/346/618 281/339/602 309/367/613
f 300/362/614 293/344/616 306/368/619
f 304/369/620 297/348/621 301/370/622
f 296/349/608 268/359/595 295/352/623
s 0
f 303/366/624 299/354/624 467/371/624
s 1
f 474/372/625 282/340/600 288/350/626
f 282/340/600 292/347/627 288/350/626
f 306/368/619 293/344/628 307/373/629
f 285/351/630 297/348/631 307/373/632
f 304/369/620 269/374/633 297/348/621
f 294/358/634 295/352/623 301/363/635
f 298/364/609 308/375/533 268/359/532
f 232/311/636 244/282/497 265/376/526
s 0
f 262/306/637 255/302/637 251/301/637
s 1
f 259/296/529 256/308/638 229/317/530
f 435/377/639 315/378/640 313/379/641
f 313/379/641 315/378/640 314/380/642
f 314/380/642 315/378/640 316/381/643
f 325/382/644 324/383/645 326/384/646
f 324/383/645 322/385/647 326/384/646
f 324/383/648 327/386/649 434/387/650
f 322/385/651 329/388/652 328/389/653
f 321/390/654 328/389/653 329/388/652
f 330/391/655 420/392/656 419/393/657
f 333/394/658 416/395/659 410/396/660
f 338/397/661 340/398/662 339/399/663
f 340/398/664 362/400/665 361/401/666
f 340/398/662 338/397/661 341/402/667
f 338/397/668 337/403/669 341/402/670
f 346/404/671 344/405/672 357/406/673
f 357/406/673 345/407/674 346/404/671
f 346/404/675 347/408/676 349/409/677
f 343/410/678 348/411/679 349/409/680
f 347/408/681 346/404/682 345/407/683
f 350/412/684 349/409/677 354/413/685
f 349/409/677 347/408/676 354/413/685
f 348/411/679 343/410/678 363/414/686
f 351/415/687 350/412/684 354/413/685
f 363/416/686 343/417/678 353/418/688
f 385/419/689 353/418/688 343/417/678
f 351/415/687 354/413/685 355/420/690
s 0
f 337/403/691 356/421/691 344/405/691
s 1
f 346/404/692 349/409/693 348/411/694
f 351/422/695 438/423/696 350/424/697
f 347/408/681 345/407/683 359/425/698
f 357/406/699 344/405/700 342/426/701
f 337/403/669 338/397/668 369/427/702
f 362/400/703 336/428/704 370/429/705
f 362/400/703 370/429/705 361/401/706
f 363/414/707 346/404/692 348/411/694
f 353/418/708 385/419/709 429/430/710
f 364/431/711 351/415/712 367/432/713
f 354/413/714 347/408/681 359/425/698
f 357/406/699 342/426/701 360/433/715
f 387/434/716 344/405/717 356/421/718
f 369/427/702 338/397/668 365/435/719
f 365/435/720 338/397/661 339/399/663
f 335/436/721 336/428/722 366/437/723
f 344/405/724 346/404/692 363/414/707
f 364/438/711 438/439/725 351/440/712
f 356/421/726 337/403/727 368/441/728
f 370/429/705 336/428/704 390/442/729
f 336/428/704 335/436/730 390/442/729
f 371/443/731 336/428/722 402/444/732
f 402/444/732 336/428/722 362/400/733
f 353/418/708 429/430/710 363/416/734
f 376/445/735 378/446/736 377/447/737
f 375/448/738 378/446/736 379/449/739
f 378/446/736 375/448/738 373/450/740
f 373/451/740 375/452/738 374/453/741
f 378/446/736 373/450/740 377/447/737
f 378/446/736 376/445/735 380/454/742
f 376/445/743 377/447/744 394/455/745
f 373/450/740 374/456/741 382/457/746
f 382/457/746 374/456/741 372/458/747
f 379/449/739 378/446/736 380/454/742
f 428/459/748 375/448/738 379/449/739
f 379/449/739 380/454/742 392/460/749
f 351/415/712 355/420/750 367/432/751
f 388/461/752 356/421/726 368/441/728
f 368/441/753 337/403/754 369/427/755
f 340/398/756 361/401/757 370/429/758
f 362/400/665 340/398/664 341/402/759
f 337/403/760 344/405/761 363/414/707
f 395/462/762 394/455/745 319/463/763
s 0
f 374/453/764 375/452/764 383/464/764
s 1
f 364/465/765 367/466/766 386/467/767
s 0
f 386/467/768 367/466/768 393/468/768
f 367/432/769 355/420/769 354/413/769
s 1
f 365/435/720 339/399/663 389/469/770
f 339/399/771 340/398/756 370/429/758
f 401/470/772 336/428/722 396/471/773
f 396/471/773 336/428/722 371/443/731
f 398/472/774 354/413/775 404/473/776
f 404/473/777 354/413/778 399/474/779
f 399/474/780 354/413/714 359/425/698
f 345/407/781 357/406/782 360/433/783
f 342/426/784 344/405/717 387/434/716
f 407/475/785 387/434/786 356/421/787
f 407/475/785 356/421/787 388/461/788
f 369/427/755 408/476/789 368/441/753
f 335/436/790 366/437/791 391/477/792
f 366/437/723 336/428/722 400/478/793
f 336/428/722 401/470/772 400/478/793
f 401/479/794 396/471/795 409/480/796
f 396/471/795 371/443/797 409/480/796
f 402/444/798 334/481/799 409/480/796
f 429/430/710 428/482/800 363/416/734
s 0
f 380/483/801 393/484/801 392/485/801
s 1
f 392/460/749 393/486/802 397/487/803
f 397/487/804 393/486/802 367/488/805
f 354/413/775 398/472/774 403/489/806
f 403/489/807 398/472/808 404/490/809
s 0
f 404/490/810 399/474/810 359/425/810
s 1
f 418/491/811 359/425/812 345/407/781
f 360/433/715 342/426/701 414/492/813
f 387/434/786 407/475/785 406/493/814
f 411/494/815 365/435/816 389/469/817
f 366/437/818 400/478/819 409/480/820
s 0
f 400/478/821 401/479/821 409/480/821
s 1
f 371/443/797 402/444/798 409/480/796
f 337/403/760 363/414/707 341/402/822
f 428/459/748 379/449/739 397/487/803
s 0
f 403/489/823 404/490/823 359/425/823
s 1
f 387/434/716 405/495/824 342/426/784
f 411/494/825 408/476/789 369/427/755
f 365/435/816 411/494/815 369/427/826
f 390/442/827 335/436/790 391/477/792
f 391/477/828 366/437/829 412/496/830
f 366/437/829 409/480/831 412/496/830
f 447/497/832 341/402/822 363/414/707
f 379/449/739 392/460/749 397/487/803
s 0
f 397/498/833 367/432/833 413/499/833
s 1
f 367/432/834 354/413/778 403/489/807
f 418/491/811 345/407/781 360/433/783
f 370/429/758 390/442/835 339/399/771
f 333/394/658 332/500/836 421/501/837
f 417/502/838 363/416/734 428/482/800
s 0
f 418/491/839 403/489/839 359/425/839
s 1
f 405/495/840 387/434/786 406/493/814
f 407/475/841 388/461/842 368/441/843
f 339/399/771 390/442/835 389/469/844
f 416/395/659 333/394/658 421/501/837
f 332/500/845 333/394/846 415/503/847
f 415/503/847 333/394/846 331/504/848
f 413/499/849 367/432/834 403/489/807
f 418/491/811 360/433/783 414/492/850
f 405/495/851 406/493/852 342/426/853
f 407/475/841 368/441/843 408/476/854
f 419/393/657 420/392/656 331/504/855
f 333/394/658 410/396/660 423/505/856
f 342/426/853 406/493/852 414/492/857
f 422/506/858 331/504/855 420/392/656
f 410/396/859 334/481/860 402/444/861
f 362/400/733 341/402/862 402/444/732
f 565/507/863 363/508/734 417/509/838
s 0
f 413/499/864 393/484/864 380/483/864
s 1
f 373/450/740 382/457/746 431/510/865
f 407/475/841 408/476/854 411/494/866
f 409/480/867 334/481/868 410/396/869
f 422/506/870 332/500/871 415/503/872
f 423/505/873 410/396/859 402/444/861
f 341/402/822 447/497/832 402/444/874
s 0
f 397/498/875 413/499/875 380/483/875
s 1
f 385/419/689 343/417/678 429/430/876
f 343/410/877 349/409/878 350/412/879
f 407/475/841 411/494/866 406/493/880
f 409/480/867 410/396/869 412/496/881
f 412/496/881 410/396/869 416/395/882
f 421/501/883 332/500/871 422/506/870
f 415/503/884 331/504/855 422/506/858
f 327/386/649 324/383/648 426/511/885
f 327/386/649 323/512/886 434/387/650
f 419/393/887 331/504/848 333/394/846
f 447/513/888 363/508/734 565/507/863
f 417/514/889 428/515/890 397/516/891
f 375/452/738 372/517/892 383/464/893
f 372/517/892 375/452/738 428/518/748
f 425/519/894 364/465/895 386/467/896
f 413/499/897 403/489/898 418/491/899
f 411/494/866 389/469/844 406/493/880
f 391/477/900 412/496/881 421/501/901
f 420/520/902 330/521/903 323/512/904
f 323/512/905 330/521/906 419/522/907
f 419/393/887 333/394/846 423/505/908
f 430/523/909 390/442/835 391/477/900
f 412/496/881 416/395/882 421/501/901
f 420/520/902 323/512/904 327/386/910
f 324/383/648 325/382/911 426/511/885
f 326/384/912 322/385/651 328/389/653
f 329/388/913 322/385/647 324/383/645
f 434/387/914 323/512/905 419/522/907
f 417/514/889 397/516/891 380/524/915
f 380/454/916 376/445/917 395/462/918
f 376/445/917 394/455/919 395/462/918
f 382/457/746 372/458/747 431/510/865
f 372/517/892 428/518/748 436/525/920
f 429/430/876 343/417/678 424/526/921
f 454/527/922 350/424/697 438/423/696
f 386/528/923 393/484/924 443/529/925
f 444/530/926 390/442/835 430/523/909
f 430/523/909 391/477/900 450/531/927
f 421/501/901 422/506/928 432/532/929
f 426/511/930 325/382/931 326/384/932
f 326/384/912 328/389/653 433/533/933
f 321/390/934 316/381/935 315/378/936
f 329/388/937 324/383/938 434/387/939
f 320/534/940 395/462/762 319/463/763
f 319/463/763 394/455/745 377/447/744
f 441/535/941 364/465/895 425/519/894
f 425/519/942 386/467/923 443/536/925
f 391/477/900 421/501/901 432/532/929
f 422/506/928 420/392/902 432/532/929
f 326/384/932 433/533/943 426/511/930
f 328/389/944 321/390/934 315/378/936
f 492/537/945 380/524/916 395/538/918
f 424/526/921 343/417/678 437/539/946
f 440/540/947 364/465/895 441/535/941
f 442/541/948 425/519/942 443/536/925
f 444/530/926 443/529/949 406/493/880
f 443/529/949 414/492/850 406/493/880
f 406/493/880 389/469/844 444/530/926
f 389/469/844 390/442/835 444/530/926
f 449/542/950 318/543/951 450/544/952
f 318/543/951 430/545/953 450/544/952
f 432/546/929 420/520/902 426/511/954
f 420/520/902 327/386/910 426/511/954
f 492/537/945 395/538/918 320/547/955
f 320/534/940 319/463/763 312/548/956
f 373/450/740 453/549/957 377/447/737
f 458/550/958 364/551/959 440/552/960
f 443/529/925 393/484/924 413/499/897
f 418/491/811 414/492/850 443/529/949
f 432/546/929 426/511/954 433/533/961
f 435/377/639 313/379/641 445/553/962
f 313/379/963 314/380/964 446/554/965
f 316/381/966 321/390/967 329/388/968
f 423/505/908 402/444/969 419/393/887
f 417/514/970 380/524/916 492/537/945
f 428/518/800 429/555/710 436/525/971
f 438/439/725 364/438/711 439/556/972
f 413/499/897 418/491/973 443/529/925
f 444/557/974 430/545/953 318/543/951
f 328/389/944 315/378/936 433/533/975
f 315/378/936 435/377/976 433/533/975
f 451/558/977 445/553/978 456/559/979
f 445/553/978 313/379/963 456/559/979
f 313/379/963 446/554/965 456/559/979
f 314/380/642 316/381/643 457/560/980
f 484/561/981 319/463/763 377/447/744
s 0
f 431/510/982 372/458/982 485/562/982
s 1
f 372/517/892 448/563/983 485/564/984
f 448/563/983 372/517/892 436/525/920
s 0
f 439/556/985 364/438/985 458/565/985
s 1
f 293/344/986 285/351/630 307/373/632
s 0
f 468/566/987 297/348/987 480/567/987
s 1
f 297/348/621 269/374/633 480/567/988
f 253/293/989 249/294/518 263/312/990
f 249/294/518 261/568/520 263/312/990
f 263/312/990 261/568/520 310/569/991
f 264/314/992 250/288/993 311/570/994
f 254/281/995 242/283/512 232/311/511
f 232/311/996 265/376/997 476/571/998
f 318/543/999 449/542/1000 298/364/1001
f 435/377/639 445/553/962 455/572/1002
f 472/573/1003 446/554/1004 483/574/1005
f 316/381/966 329/388/968 457/560/1006
s 0
f 434/387/1007 419/522/1007 329/388/1007
s 1
f 419/393/1008 402/444/874 447/497/832
f 320/547/955 312/575/1009 492/537/945
f 373/450/740 431/510/865 485/562/1010
f 438/439/725 439/556/972 227/576/1011
f 465/577/1012 439/556/1012 466/578/1012
s 0
f 439/556/1013 458/565/1013 466/578/1013
f 458/550/1014 372/517/1014 466/579/1014
f 372/517/1015 374/580/1015 466/579/1015
f 466/581/1016 374/453/1016 383/464/1016
s 1
f 372/517/1017 458/550/958 383/464/1018
f 383/464/1018 458/550/958 440/552/960
f 441/535/1019 425/519/942 442/541/948
f 282/340/600 474/372/625 459/360/601
s 0
f 307/373/1020 297/348/1020 468/566/1020
f 480/567/1021 304/369/1021 301/370/1021
s 1
f 295/352/623 268/359/595 301/363/635
f 260/304/495 247/292/494 268/318/1022
f 247/292/1023 252/300/1024 268/318/595
s 0
f 460/582/1025 248/299/1025 461/583/1025
s 1
f 461/583/1026 248/299/1026 469/584/1026
f 248/299/483 462/303/496 469/584/1027
f 254/281/995 232/311/511 475/585/1028
f 262/306/1029 251/301/1030 267/316/1031
f 391/477/900 432/532/929 450/531/927
f 433/533/975 435/377/976 455/572/1032
f 477/586/1033 446/554/1004 472/573/1003
f 329/388/1034 419/522/1008 447/587/1035
f 453/549/957 373/450/740 485/562/1010
f 454/588/922 438/439/696 227/576/1036
s 0
f 466/581/1037 383/464/1037 440/552/1037
s 1
f 318/543/1038 473/589/1039 444/557/1039
f 288/350/626 291/356/1040 474/372/625
f 291/361/1040 300/362/1041 474/590/625
f 300/362/1041 306/368/1042 474/590/625
s 0
f 269/374/1043 304/369/1043 480/567/1043
s 1
f 256/298/513 260/304/515 268/318/1044
f 268/318/595 252/300/1024 460/582/1045
s 0
f 252/300/1046 248/299/1046 460/582/1046
f 469/584/1047 462/303/1047 516/591/1047
s 1
f 462/303/1048 263/312/1049 516/591/1050
f 250/288/993 254/284/1051 311/570/994
f 470/592/1052 232/311/1053 476/571/1054
f 298/364/1001 449/542/1000 463/593/1055
f 445/553/1056 451/558/1057 488/594/1058
f 481/595/1059 446/554/1004 477/586/1033
f 446/554/965 314/380/964 483/574/1060
f 483/574/1060 314/380/964 457/560/1061
f 312/548/956 319/463/763 452/596/1062
f 319/463/763 501/597/1063 452/596/1062
f 443/536/1064 444/598/1065 486/599/1066
f 302/353/597 303/366/1067 467/371/1068
f 467/371/1069 299/354/1070 309/600/1071
f 311/570/994 254/284/1051 475/601/1072
f 267/316/1073 251/301/528 229/317/530
f 308/375/1074 298/364/1001 463/593/1055
f 449/542/950 450/544/952 463/593/1075
f 432/546/1076 433/533/975 455/572/1032
f 481/595/1059 456/559/1077 446/554/1004
f 478/602/1078 482/603/1079 231/604/1080
f 482/603/1079 230/605/1081 231/604/1080
f 231/604/1080 230/605/1081 491/606/1082
f 484/561/981 501/597/1063 319/463/763
f 377/447/744 453/549/1083 484/561/981
f 429/555/710 424/607/1084 436/525/971
f 437/539/1085 343/417/877 454/608/1086
f 343/609/877 350/424/879 454/527/1086
s 0
f 466/581/1087 440/552/1087 441/610/1087
f 444/557/1088 473/589/1088 486/611/1088
s 1
f 473/589/1089 318/543/999 487/612/1090
f 318/543/999 298/364/1001 487/612/1090
s 0
f 503/613/1091 306/368/1091 307/373/1091
s 1
f 301/370/635 268/614/595 480/567/1092
f 257/309/1093 266/310/1094 310/615/1095
f 266/310/1094 264/314/1096 311/570/1097
f 475/585/1098 232/311/1053 470/592/1052
f 229/317/1099 256/308/531 308/616/533
f 455/572/1100 445/553/1056 488/594/1058
f 230/605/1101 472/573/1102 491/606/1103
f 491/606/1103 472/573/1102 483/574/1104
f 312/548/956 452/596/1062 515/617/1105
f 453/549/957 485/562/1010 494/618/1106
f 485/619/984 448/620/983 493/621/1107
f 306/368/1042 503/613/1108 474/590/625
f 268/318/595 460/582/1045 469/584/1109
f 460/582/1045 461/583/1110 469/584/1109
f 263/312/1049 310/569/1095 516/591/1050
f 261/313/1111 257/309/1093 310/615/1095
f 310/615/1095 266/310/1094 311/570/1097
s 0
f 475/585/1112 470/592/1112 513/622/1112
s 1
f 267/316/1073 229/317/530 476/623/1113
f 506/624/1114 463/593/1075 450/544/952
f 488/594/1115 456/559/1077 489/625/1116
f 489/625/1116 456/559/1077 481/595/1059
f 478/602/1078 490/626/1117 507/627/1118
f 228/628/1119 231/604/1120 491/606/1121
f 457/560/1122 329/388/1034 447/587/1035
f 565/507/1123 417/509/970 492/629/945
f 493/621/1124 448/620/1125 494/630/1126
f 227/576/1011 439/556/972 527/631/1127
s 0
f 439/556/1128 465/577/1128 494/632/1128
s 1
f 466/578/1129 441/633/1130 442/634/948
f 443/536/1064 486/599/1066 510/635/1131
f 487/612/1132 298/364/609 305/365/610
f 302/353/597 467/371/1068 305/365/611
s 0
f 467/371/1133 309/600/1133 496/636/1133
s 1
f 502/637/1134 459/360/1135 528/638/1136
f 459/360/1135 474/372/1137 528/638/1136
s 0
f 503/613/1138 307/373/1138 468/566/1138
s 1
f 505/639/1139 504/640/1140 498/641/1140
f 265/315/997 267/316/1141 476/623/998
s 0
f 86/642/1142 432/546/1142 455/572/1142
s 1
f 451/558/1143 456/559/1077 488/594/1115
f 230/605/1144 482/603/1145 472/573/1146
f 482/603/1079 478/602/1078 507/627/1118
f 478/602/1147 231/604/1120 522/643/1148
f 495/644/1149 436/645/971 424/646/1084
s 0
f 494/632/1150 465/577/1150 466/578/1150
s 1
f 305/365/611 467/371/1068 496/636/1151
f 309/600/1152 459/647/1153 496/636/1154
f 496/636/1154 459/647/1153 502/648/1155
s 0
f 474/590/1156 503/613/1156 550/649/1156
f 468/566/1157 480/567/1157 503/613/1157
f 497/650/1158 469/584/1158 516/591/1158
s 1
f 310/615/1095 311/570/1097 512/651/1159
f 311/570/1097 475/601/1160 512/651/1159
f 512/651/1159 475/601/1160 513/652/1161
f 513/622/1162 470/592/1163 476/571/1113
f 463/593/1055 506/624/1164 308/375/1074
f 450/653/952 432/546/1165 506/654/1114
f 490/626/1166 478/602/1147 522/643/1148
f 231/604/1120 228/628/1119 522/643/1148
f 483/574/1167 457/560/1122 447/587/1035
f 484/561/1168 453/549/1169 494/618/1170
s 0
f 494/655/1171 448/563/1171 436/525/1171
s 1
f 268/614/595 469/656/1109 480/567/1092
f 480/567/1092 469/656/1109 497/657/1172
f 516/658/1050 310/615/1095 498/641/1173
f 529/659/1174 505/639/1174 498/641/1175
f 498/641/1176 310/615/1095 512/651/1159
s 0
f 513/652/1177 226/660/1177 512/651/1177
s 1
f 476/623/1113 229/317/530 122/661/1178
f 114/94/154 115/98/416 221/662/442
s 0
f 84/268/1179 116/107/1179 517/663/1179
s 1
f 189/664/1180 201/269/1181 518/232/1182
f 197/220/402 123/244/404 518/261/433
f 123/244/404 207/213/1183 518/261/433
f 518/261/433 207/213/1183 210/257/1184
f 207/213/352 203/237/388 210/257/424
f 211/245/1185 191/212/446 219/270/445
f 204/241/435 524/665/1186 217/262/436
f 535/260/425 195/259/325 117/109/440
f 535/260/1187 117/109/440 225/113/1188
s 0
f 225/113/1189 119/108/1189 536/666/1189
s 1
f 120/115/1190 118/110/1191 213/266/1192
f 122/116/1178 229/667/530 110/103/1193
f 519/265/439 229/317/1099 308/616/533
f 490/626/1194 500/668/1195 547/669/1196
f 500/668/1197 490/626/1166 522/643/1148
f 484/561/1168 494/618/1170 501/597/1198
s 0
f 527/631/1199 439/556/1199 494/632/1199
s 1
f 503/613/1200 480/567/1092 497/657/1172
s 0
f 529/659/1201 498/641/1201 512/651/1201
s 1
f 513/622/1162 476/571/1113 122/670/1178
f 214/117/175 114/94/154 221/662/442
f 176/248/422 531/671/1202 215/255/1203
f 108/101/157 213/266/441 520/672/1204
f 118/110/1191 110/103/1193 229/667/530
f 308/616/1074 506/654/1164 514/673/1205
f 481/595/1206 477/586/1207 489/625/1208
f 477/586/1207 472/573/1146 489/625/1208
f 472/573/1146 482/603/1145 489/625/1208
f 482/603/1145 507/627/1209 489/625/1208
f 507/627/1210 490/626/1194 547/669/1196
f 494/618/1170 436/674/1211 495/675/1212
s 0
f 538/676/1213 495/644/1213 525/677/1213
s 1
f 525/677/1214 495/644/1215 424/646/1216
f 437/539/1217 540/678/1218 424/526/1219
f 528/679/1136 474/590/1137 550/649/1220
s 0
f 498/641/1221 504/640/1221 551/680/1221
s 1
f 530/681/1222 512/651/1223 226/660/1224
s 0
f 222/221/1225 215/254/1225 531/682/1225
s 1
f 531/671/1202 176/248/422 216/683/421
f 210/684/1226 223/685/1227 533/686/1228
s 0
f 85/687/1229 532/688/1229 668/689/1229
s 1
f 533/686/1228 544/690/1230 532/688/1231
f 223/685/1232 210/684/1233 523/691/1234
f 210/257/1233 211/245/1235 523/692/1234
f 198/246/1236 534/693/1237 219/270/1238
f 200/251/372 212/250/1239 524/694/410
f 119/108/1240 108/101/1241 536/666/1242
f 520/672/1243 213/266/1192 229/667/530
f 213/266/1192 118/110/1191 229/667/530
f 519/265/1244 308/616/1074 521/695/1245
f 521/695/1245 308/616/1074 514/673/1205
f 86/642/1246 455/572/1247 537/696/1248
f 312/548/956 515/617/1105 492/697/1249
s 0
f 548/28/1250 495/644/1250 538/676/1250
s 1
f 538/676/1251 525/677/1214 424/646/1216
f 442/541/1252 443/536/1064 510/635/1253
f 529/659/1254 512/651/1223 530/681/1222
f 122/116/172 121/111/174 541/698/1255
s 0
f 121/111/1256 214/117/1256 541/698/1256
f 214/117/1257 221/662/1257 542/699/1257
f 567/700/1258 84/253/1258 517/701/1258
s 1
f 116/105/147 222/221/1259 517/702/1260
f 216/683/1261 189/664/1180 518/232/1182
f 533/686/1228 85/687/1262 210/684/1226
f 85/687/1262 83/67/1263 210/684/1226
f 681/62/77 65/54/79 79/57/1264
f 65/54/79 70/51/90 79/57/1264
f 554/703/1265 63/704/57 575/705/1266
f 63/704/57 74/65/91 82/70/93
f 73/66/96 77/68/78 556/706/1267
f 533/686/1228 532/688/1231 85/687/1262
s 0
f 198/246/1268 199/214/1268 534/693/1268
s 1
f 570/43/50 545/37/1269 59/36/1270
f 545/37/1269 570/43/50 54/42/49
f 640/707/1271 186/238/1272 224/240/1273
s 0
f 535/260/1274 225/113/1274 536/666/1274
s 1
f 536/666/1242 108/101/1241 520/672/1275
f 521/695/1245 514/673/1205 546/708/1276
f 432/546/1165 86/642/1277 506/654/1114
f 537/696/1248 455/572/1247 488/594/1278
f 489/625/1208 507/627/1209 547/669/1279
f 500/668/1280 522/643/1281 547/669/1282
f 547/669/1282 522/643/1281 563/709/1283
f 494/618/1170 495/675/1212 501/597/1198
s 0
f 548/28/1284 538/676/1284 566/710/1284
s 1
f 509/711/1285 424/646/1219 540/712/1218
f 540/678/1286 526/713/1287 539/714/1288
s 0
f 486/611/1289 473/589/1289 487/612/1289
s 1
f 487/612/1290 305/365/1291 663/715/1292
f 305/365/1291 496/636/1293 663/715/1292
f 528/679/1294 550/649/1295 549/716/1296
f 503/613/1200 497/657/1172 550/649/1297
f 497/717/1298 516/658/1299 551/680/1300
f 504/640/1301 505/639/1302 551/680/1303
s 0
f 505/639/1304 529/659/1304 530/681/1304
s 1
f 226/660/1305 513/652/1162 541/718/1306
f 513/622/1162 122/670/1178 541/719/1306
f 221/267/1307 84/253/1308 567/700/1309
f 83/67/88 78/69/74 552/720/94
f 681/62/77 79/57/1264 64/63/1310
f 63/704/57 82/70/93 575/705/1266
f 82/70/1311 81/64/1312 543/72/1313
f 223/685/1314 523/691/1315 558/721/1316
f 57/722/1317 53/30/1318 628/34/1319
f 53/30/1318 52/29/1320 628/34/1319
f 559/40/1321 571/39/1322 60/723/1323
f 571/39/1324 58/38/1325 61/45/52
s 0
f 54/33/1326 52/29/1326 55/32/1326
f 56/31/1327 53/30/1327 62/724/1327
f 186/238/1328 640/707/1328 220/725/1328
s 1
f 524/665/1186 706/3/1329 217/262/436
f 506/654/1114 86/642/1330 514/673/1331
f 522/643/1281 228/628/1332 563/709/1283
f 491/606/1333 483/574/1167 648/726/1334
f 483/574/1167 447/587/1035 648/726/1334
f 501/727/1198 495/644/1212 548/28/40
f 538/676/1251 424/646/1216 509/711/1335
f 496/636/1293 502/648/1336 663/715/1292
f 516/658/1337 498/641/1338 551/680/1339
f 551/680/1303 505/639/1302 530/681/1340
f 542/728/1341 221/267/1307 567/700/1342
f 517/702/1260 222/221/1259 531/682/1343
f 210/684/1184 83/67/1344 552/720/1345
f 552/71/94 681/62/76 568/729/1346
f 64/63/1347 76/48/1348 80/47/1349
f 219/270/1350 534/693/1351 569/730/1352
f 220/271/1353 57/731/1317 199/214/1354
f 55/32/1355 56/31/1356 560/732/1357
f 560/732/1357 56/31/1356 62/724/1358
s 0
f 53/30/1359 57/722/1359 630/733/1359
s 1
f 524/694/410 212/250/1239 562/734/1360
f 51/735/1361 537/696/1248 547/669/1279
f 537/696/1248 488/594/1278 547/669/1279
f 488/594/1278 489/625/1208 547/669/1279
f 563/709/1283 228/628/1332 564/736/1362
f 228/628/1363 491/606/1333 572/737/1364
f 572/737/1364 491/606/1333 648/726/1334
f 50/738/1365 509/739/1285 539/714/1366
f 509/711/1285 540/712/1218 539/740/1366
f 580/741/1367 539/714/1288 526/713/1287
f 574/742/1368 540/678/1369 454/608/1370
f 540/678/1369 437/539/1371 454/608/1370
s 0
f 485/743/1372 527/631/1372 494/632/1372
s 1
f 494/632/1126 466/578/1129 442/634/948
s 0
f 214/117/1373 542/699/1373 541/698/1373
f 216/683/1374 518/232/1374 517/744/1374
s 1
f 681/62/77 64/63/1310 645/745/1375
f 64/63/1347 80/47/1349 645/745/1376
f 554/703/1377 553/746/1378 63/704/1379
f 638/747/1380 73/66/96 556/706/1267
f 534/693/1381 199/214/1354 57/731/1317
s 0
f 62/724/1382 53/30/1382 630/733/1382
s 1
f 57/722/1383 220/748/1384 630/733/1385
f 630/749/1385 220/725/1384 640/707/1386
s 0
f 535/260/1387 536/666/1387 520/672/1387
s 1
f 48/750/1388 521/695/1245 546/708/1276
f 51/735/1361 577/751/1389 672/752/1390
f 51/735/1361 547/669/1279 647/753/1391
f 573/754/1392 509/739/1285 49/755/1393
f 49/755/1393 509/739/1285 50/738/1365
f 526/713/1394 540/678/1395 574/742/1396
f 454/608/1370 227/756/1397 574/742/1368
f 227/757/1011 527/758/1127 634/759/1398
s 0
f 634/759/1399 527/758/1399 485/619/1399
s 1
f 592/760/1400 591/761/1401 589/762/1402
f 590/763/1403 589/762/1404 588/764/1405
f 593/765/1406 596/766/1407 595/767/1408
f 593/765/1406 595/767/1408 592/768/1409
f 595/769/1408 591/761/1410 592/760/1409
f 589/762/1411 590/763/1412 597/770/1413
s 0
f 597/770/1414 590/763/1414 598/771/1414
s 1
f 592/760/1400 589/762/1402 599/772/1415
f 589/762/1402 597/770/1413 599/772/1415
f 599/772/1416 597/773/1417 600/774/1418
f 597/773/1417 598/771/1419 600/774/1418
f 598/771/1419 590/763/1420 600/774/1418
f 590/763/1421 588/764/1422 601/775/1423
f 586/776/1424 596/766/1425 593/765/1426
f 592/760/1427 599/772/1416 600/774/1418
f 603/777/1428 604/778/1429 605/779/1430
s 0
f 605/780/1431 604/778/1431 601/775/1431
f 604/778/1432 603/777/1432 601/775/1432
f 603/777/1433 590/763/1433 601/775/1433
s 1
f 601/775/1423 607/781/1434 606/782/1435
f 607/781/1436 588/764/1437 608/783/1438
f 608/783/1438 588/764/1437 611/784/1439
f 588/764/1437 587/785/1440 611/784/1439
f 600/774/1418 590/763/1420 610/786/1441
f 590/763/1420 603/777/1442 610/786/1441
f 603/777/1442 605/779/1443 610/786/1441
f 610/786/1441 605/780/1444 601/775/1445
f 588/764/1422 607/781/1434 601/775/1423
s 0
f 601/775/1446 606/782/1446 611/784/1446
s 1
f 606/782/1447 607/787/1448 611/784/1439
f 607/787/1448 608/783/1438 611/784/1439
f 596/766/1449 602/788/1450 595/767/1451
f 602/788/1452 596/766/1425 586/776/1424
f 600/774/1418 610/786/1441 601/775/1445
f 611/784/1439 587/785/1440 585/789/1453
f 588/764/1454 589/762/1455 591/761/1456
f 584/790/1457 591/761/1456 595/769/1451
f 623/791/1458 595/767/1451 602/788/1450
f 588/764/1454 591/761/1456 584/790/1457
f 584/790/1457 595/769/1451 623/792/1458
f 587/785/1459 588/764/1454 584/790/1457
f 602/788/1450 612/793/1460 623/791/1458
f 593/765/1461 592/768/1427 600/794/1418
f 613/795/1462 600/794/1463 614/796/1464
f 617/797/1465 614/796/1466 615/798/1467
s 0
f 615/798/1468 614/796/1468 600/794/1468
s 1
f 600/774/1418 601/775/1445 616/799/1469
f 601/775/1445 611/784/1470 616/799/1469
f 585/789/1471 587/785/1472 584/790/1473
f 624/800/1474 612/793/1475 602/788/1476
f 586/776/1477 618/801/1478 602/788/1476
f 593/765/1461 600/794/1418 618/801/1479
f 618/801/1479 600/794/1418 613/795/1480
f 624/800/1474 602/788/1476 618/801/1478
f 618/801/1479 586/776/1481 593/765/1461
s 0
f 617/797/1482 615/798/1482 625/802/1482
f 625/802/1483 615/798/1483 663/803/1483
s 1
f 611/784/1470 585/789/1484 616/799/1469
f 616/804/1469 585/805/1484 643/806/1485
f 585/805/1471 584/807/1473 620/808/1486
f 584/807/1473 621/809/1487 620/808/1486
f 583/810/1488 582/811/1489 623/791/1458
f 612/793/1490 624/800/1491 623/791/1492
f 614/796/1493 581/812/1494 613/795/1495
s 0
f 47/813/1496 600/774/1496 616/799/1496
s 1
f 584/807/1457 623/814/1458 621/809/1497
f 621/809/1497 623/814/1458 582/815/1489
f 622/816/1498 583/810/1499 623/791/1492
f 623/791/1492 624/800/1491 626/817/1500
f 625/802/1501 581/812/1502 614/796/1503
f 614/796/1466 617/797/1465 625/802/1504
f 663/818/1505 502/819/1506 625/820/1507
f 502/821/1506 528/679/1508 549/716/1509
f 518/261/433 210/257/1184 552/822/1345
f 636/823/1510 80/824/1511 63/704/1379
f 555/825/1512 82/70/1311 543/72/1313
f 543/72/1513 73/66/96 638/747/1380
f 77/68/75 83/67/88 668/689/1514
s 0
f 83/67/1515 85/687/1515 668/689/1515
s 1
f 532/688/1516 544/690/1517 557/826/1518
f 533/686/1519 223/685/1314 558/721/1316
f 61/45/1520 60/723/1521 571/39/1522
f 514/673/1331 86/642/1330 537/696/1523
f 537/696/1248 51/735/1361 672/752/1390
f 564/736/1524 228/628/1525 572/737/1526
f 447/513/888 565/507/863 648/827/1527
s 0
f 749/828/1528 515/829/1528 578/830/1528
s 1
f 548/28/1529 566/710/1530 509/711/1335
f 566/710/1530 538/676/1251 509/711/1335
f 633/831/1531 632/832/1532 580/741/1533
f 632/832/1532 539/714/1534 580/741/1533
f 574/742/1368 227/756/1397 634/833/1535
f 485/619/984 493/621/1107 634/759/1536
f 486/611/1537 487/612/1538 663/715/1292
s 0
f 600/774/1539 47/813/1539 615/834/1539
f 616/804/1540 643/806/1540 664/835/1540
s 1
f 582/811/1541 583/810/1542 622/816/1543
f 622/816/1498 623/791/1492 626/817/1500
f 613/795/1544 581/812/1502 625/802/1501
f 737/836/1545 625/820/1507 549/837/1509
f 549/837/1509 625/820/1507 502/819/1506
f 549/716/1296 550/649/1295 497/657/1546
f 497/717/1298 551/680/1300 530/681/1547
f 80/824/1511 636/823/1510 645/838/1548
f 46/839/1549 553/746/1550 554/703/1551
f 544/690/1552 533/686/1553 557/826/1554
s 0
f 219/270/1555 41/840/1555 211/245/1555
s 1
f 219/270/1238 569/730/1556 669/841/1557
f 628/41/48 570/43/50 670/842/1558
f 629/843/1559 55/32/1560 560/732/1561
f 224/240/1273 217/262/1562 640/707/1271
f 520/672/1243 229/667/1563 535/260/1564
f 452/844/1565 501/727/1566 578/830/1567
f 659/845/1568 509/739/1285 573/754/1392
f 661/846/1569 574/847/1396 634/848/1536
f 643/806/1485 585/805/1484 620/808/1570
f 582/811/1541 622/816/1543 644/849/1571
f 653/850/1572 624/800/1573 618/801/1479
s 0
f 531/671/1574 216/683/1574 517/744/1574
s 1
f 517/744/1575 518/232/433 552/71/1345
f 636/823/1510 63/704/1379 553/746/1378
f 46/839/1549 554/703/1551 575/705/1576
f 646/851/1577 543/72/1578 637/852/1579
f 543/72/1578 638/747/1580 637/852/1579
f 556/706/1581 77/68/1582 668/689/1583
s 0
f 558/721/1584 523/691/1584 685/853/1584
f 523/692/1585 211/245/1585 41/840/1585
s 1
f 534/693/1381 57/731/1317 569/730/1586
f 639/854/1587 60/723/1521 61/45/1520
f 61/45/1588 545/46/1589 54/33/1590
f 54/33/1590 55/32/1591 629/843/1592
f 706/3/1329 524/665/1186 656/855/1593
f 546/708/1594 514/673/1331 537/696/1523
f 515/829/1595 452/844/1565 578/830/1567
f 501/727/1566 548/28/40 579/27/39
f 39/856/1596 579/27/39 650/857/1597
f 650/857/1597 579/27/39 631/26/38
f 548/28/1529 509/711/1335 710/858/1598
f 49/755/1599 50/738/1600 711/859/1601
f 652/860/1602 50/738/1603 539/714/1604
f 652/860/1602 539/714/1604 632/832/1605
f 660/861/1606 632/832/1605 44/862/1607
f 44/862/1608 632/832/1532 633/831/1531
f 526/713/1394 574/742/1396 661/863/1569
s 0
f 616/804/1609 664/835/1609 699/864/1609
s 1
f 643/806/1485 620/808/1570 665/865/1610
f 549/837/1509 497/866/1611 530/867/1612
f 541/698/1613 542/699/1614 781/868/1615
f 769/4/1616 552/71/94 568/729/1346
f 556/706/1581 668/689/1583 627/869/1617
f 628/41/48 670/842/1558 686/870/1618
s 0
f 655/871/1619 686/870/1619 687/872/1619
s 1
f 559/44/1620 60/873/1621 59/36/1622
f 640/707/1271 217/262/1562 671/874/1623
f 656/855/1593 524/665/1186 562/875/1624
f 562/875/1625 212/876/1626 656/855/1627
f 229/317/1099 519/265/439 535/264/438
f 647/753/1391 547/669/1279 45/877/1628
f 547/669/1279 563/709/1629 45/877/1628
f 45/877/1628 563/709/1629 564/736/1630
f 492/697/945 778/878/1631 649/879/1632
f 778/878/1633 492/697/1249 515/617/1105
f 650/857/1597 658/880/1634 39/856/1596
f 631/26/1635 548/28/1529 676/881/1636
f 693/882/1637 509/739/1285 659/845/1568
f 661/846/1569 634/848/1536 694/883/1638
f 493/621/1124 494/630/1126 697/884/1639
f 615/834/1640 47/813/1641 663/885/1642
f 626/817/1643 624/800/1573 653/850/1572
f 618/801/1479 613/795/1480 653/850/1572
f 549/837/1509 530/867/1612 781/886/1615
f 530/681/1612 226/660/1644 781/887/1615
f 226/660/1644 541/718/1613 781/887/1615
f 542/728/1614 567/700/1645 781/888/1615
f 781/888/1615 567/700/1645 517/701/1575
f 82/70/1646 555/825/1647 575/705/1648
f 654/25/37 555/825/1649 703/23/35
f 703/23/35 555/825/1649 543/72/1650
f 703/23/35 543/72/1650 646/851/1577
f 627/869/1651 684/889/1652 42/890/1653
s 0
f 42/890/1654 667/891/1654 43/892/1654
s 1
f 667/891/1655 42/890/1656 684/889/1657
f 684/889/1652 627/869/1651 668/689/1658
s 0
f 41/840/1659 219/270/1659 669/841/1659
s 1
f 570/43/50 59/36/1270 670/842/1558
f 656/855/1627 212/876/1626 519/893/1660
f 672/752/1390 577/751/1389 775/894/1661
f 577/751/1662 51/735/1663 657/895/1664
f 657/895/1664 51/735/1663 673/896/1665
f 45/877/1628 564/736/1630 674/897/1666
f 565/507/1123 492/629/945 708/898/1667
f 708/898/1667 492/629/945 692/899/1668
f 492/697/945 649/879/1632 692/900/1668
f 39/856/1596 658/880/1634 40/901/1669
s 0
f 40/901/1670 658/880/1670 676/881/1670
f 658/880/1671 650/857/1671 676/881/1671
s 1
f 650/857/1672 631/26/1635 676/881/1636
f 676/881/1636 548/28/1529 710/858/1598
f 49/755/1673 711/859/1674 678/902/1675
f 711/859/1601 50/738/1600 641/903/1676
f 641/903/1677 50/738/1678 652/860/1679
f 632/832/1605 660/861/1606 652/860/1602
f 679/904/1680 44/862/1608 633/831/1531
f 662/905/1681 634/759/1536 493/621/1107
s 0
f 510/635/1682 486/599/1682 663/906/1682
s 1
f 663/885/1642 47/813/1641 699/907/1683
s 0
f 47/813/1684 616/799/1684 699/907/1684
s 1
f 738/908/1685 625/820/1507 737/836/1545
f 517/744/1575 552/71/1345 769/4/1686
f 568/729/1346 681/62/76 666/909/1687
f 645/838/1375 636/823/1688 682/910/1689
s 0
f 744/911/1690 553/746/1690 46/839/1690
s 1
f 575/705/1648 555/825/1647 46/839/1691
f 685/853/1692 523/691/1693 865/912/1694
f 865/912/1695 523/691/1693 41/913/1696
f 59/36/1622 60/873/1621 639/914/1697
f 560/732/1698 62/724/1699 630/733/1700
f 630/749/1701 640/707/1702 763/915/1703
f 671/874/1623 217/262/1562 748/916/1704
f 217/262/1562 706/3/3 748/916/1704
f 537/696/1523 672/752/1705 546/708/1594
f 647/753/1706 45/877/1707 707/917/1708
f 45/877/1628 674/897/1666 689/918/1709
f 674/897/1710 564/736/1524 572/737/1526
f 565/919/1123 708/920/1667 691/921/1711
f 778/878/1633 515/617/1105 749/922/1712
f 509/739/1285 693/882/1637 764/923/1713
f 49/755/1714 38/924/1715 750/925/1716
f 661/846/1717 694/883/1718 695/926/1719
f 696/927/1720 695/928/1721 493/621/1124
f 697/929/1639 494/930/1126 442/931/948
f 442/541/1252 510/635/1253 698/932/1722
f 665/865/1610 620/808/1570 700/933/1723
f 621/809/1724 582/815/1725 644/934/1726
f 622/816/1727 626/817/1643 680/935/1728
f 680/935/1728 626/817/1643 653/850/1572
f 613/795/1544 625/802/1501 738/936/1729
s 0
f 769/4/1730 568/729/1730 666/909/1730
s 1
f 645/745/1375 682/937/1689 681/62/77
f 682/910/1689 636/823/1688 702/938/1731
f 636/823/1688 553/746/1732 702/938/1731
f 702/938/1731 553/746/1732 757/939/1733
s 0
f 638/747/1734 646/851/1734 637/852/1734
s 1
f 684/889/1652 668/689/1658 704/940/1735
s 0
f 533/686/1736 558/721/1736 685/853/1736
s 1
f 687/872/1737 686/870/1738 670/842/1739
f 763/915/1703 640/707/1702 671/874/1740
f 48/750/1388 688/941/1741 521/695/1245
f 48/750/1742 546/708/1594 672/752/1705
f 777/942/1743 565/919/1123 691/921/1711
f 501/727/1566 579/27/39 39/856/1596
f 659/845/1744 573/754/1745 677/943/1746
f 573/754/1747 49/755/1714 750/925/1716
f 38/924/1748 49/755/1673 678/902/1675
f 793/944/1749 660/861/1750 44/862/1751
f 633/831/1752 580/741/1753 526/713/1754
s 0
f 662/905/1755 493/621/1755 695/928/1755
s 1
f 694/883/1638 634/848/1536 662/945/1681
s 0
f 662/946/1756 695/926/1756 712/947/1756
s 1
f 695/926/1757 694/883/1718 712/947/1758
f 712/947/1759 694/883/1759 696/948/1759
f 696/927/1760 493/621/1124 712/949/1761
f 493/621/1124 697/884/1639 712/949/1761
s 0
f 664/835/1762 643/806/1762 665/865/1762
s 1
f 621/809/1724 644/934/1726 620/808/1763
f 644/849/1764 622/816/1765 37/950/1766
s 0
f 701/951/1767 622/816/1767 715/952/1767
f 715/952/1768 622/816/1768 716/953/1768
f 622/816/1769 680/935/1769 716/953/1769
s 1
f 653/850/1770 613/795/1771 738/936/1772
f 717/954/1773 753/955/1774 732/956/1775
f 719/957/1776 721/958/1777 720/959/1778
f 720/960/1778 721/961/1777 722/962/1779
f 722/962/1780 721/961/1781 723/963/1782
f 724/964/1783 727/965/1784 721/961/1781
f 727/965/1784 723/963/1782 721/961/1781
f 725/966/1785 719/957/1786 720/959/1787
f 729/967/1788 725/966/1789 720/959/1787
f 731/968/1790 727/965/1791 718/969/1792
f 727/965/1791 724/964/1793 718/969/1792
s 0
f 728/970/1794 725/966/1794 729/967/1794
s 1
f 721/958/1795 719/957/1796 725/966/1797
s 0
f 736/971/1798 728/970/1798 729/967/1798
s 1
f 720/960/1799 722/962/1800 723/963/1801
f 724/972/1802 721/958/1795 725/966/1797
f 725/966/1797 728/970/1803 732/956/1775
f 723/963/1804 727/965/1805 734/973/1806
f 727/965/1805 731/968/1807 734/973/1806
f 724/972/1802 725/966/1797 732/956/1775
f 720/959/1799 723/974/1801 742/975/1808
f 723/963/1809 730/976/1810 733/977/1811
f 730/976/1812 723/963/1804 734/973/1806
f 738/908/1813 737/836/1814 730/978/1815
f 735/979/1816 731/968/1817 718/969/1818
s 0
f 743/980/1819 553/746/1819 744/911/1819
f 744/911/1820 46/839/1820 758/981/1820
s 1
f 46/839/1821 555/825/1649 654/25/37
f 556/706/1581 627/869/1617 638/747/1822
f 638/747/1822 627/869/1617 42/890/1823
f 684/889/1652 704/940/1735 745/982/1824
f 745/982/1825 704/983/1826 746/984/1827
f 746/984/1827 704/983/1826 747/985/1828
s 0
f 704/940/1829 668/689/1829 747/985/1829
f 747/985/1830 668/689/1830 532/688/1830
s 1
f 557/826/1554 533/686/1553 685/853/1831
f 686/870/1832 655/871/1833 762/986/1834
s 0
f 705/987/1835 655/871/1835 687/872/1835
s 1
f 16/2/2 748/916/1704 706/3/3
f 688/941/1836 48/750/1742 672/752/1705
f 577/751/1837 657/895/1838 813/988/1839
f 673/896/1840 51/735/1841 707/917/1708
f 51/735/1841 647/753/1706 707/917/1708
f 707/917/1708 45/877/1707 776/989/1842
s 0
f 709/990/1843 39/856/1843 676/881/1843
f 39/856/1844 40/901/1844 676/881/1844
s 1
f 779/991/1845 659/845/1846 677/943/1847
f 641/903/1677 652/860/1679 751/992/1848
f 633/831/1752 526/713/1754 661/863/1849
f 661/993/1850 695/994/1851 696/995/1852
s 0
f 694/883/1853 662/945/1853 696/948/1853
f 696/948/1854 662/945/1854 697/996/1854
s 1
f 662/945/1855 712/997/1855 697/996/1855
f 713/998/1856 644/849/1764 37/950/1766
f 37/950/1766 622/816/1765 714/999/1857
f 714/999/1857 622/816/1765 701/951/1858
f 734/973/1806 731/968/1807 739/1000/1859
f 739/1000/1859 731/968/1807 735/979/1860
f 724/972/1802 732/956/1775 753/955/1774
f 732/956/1861 728/970/1862 736/971/1863
f 729/967/1864 720/959/1799 742/975/1808
f 21/19/1865 31/17/1866 755/1001/1867
f 20/1002/1868 31/17/23 34/22/34
f 769/4/4 666/909/1869 756/5/5
f 666/909/1870 681/62/1870 682/937/1870
f 553/746/1732 743/980/1871 757/939/1733
s 0
f 758/981/1872 46/839/1872 759/1003/1872
s 1
f 760/1004/1873 759/1003/1874 654/25/1875
s 0
f 759/1003/1876 46/839/1876 654/25/1876
s 1
f 684/889/1877 745/982/1825 746/984/1827
f 747/985/1828 532/688/1878 746/984/1827
f 746/984/1879 532/688/1516 557/826/1518
f 669/841/1880 569/730/1586 57/731/1317
s 0
f 762/986/1881 655/871/1881 705/987/1881
s 1
f 763/915/1703 671/874/1740 14/1005/1882
f 671/874/1740 748/916/1883 14/1005/1882
f 777/942/1884 648/1006/1527 565/919/863
s 0
f 802/1007/1885 39/856/1885 709/990/1885
s 1
f 509/739/1285 764/923/1713 36/1008/1886
f 677/943/1746 573/754/1745 823/1009/1887
f 823/1009/1888 573/754/1889 750/925/1890
f 38/924/1715 19/1010/1891 750/925/1716
f 19/1010/1891 38/924/1715 765/1011/1892
f 846/1012/1893 38/924/1748 678/902/1675
f 652/860/1679 660/861/1894 751/992/1848
f 751/992/1848 660/861/1894 793/944/1895
f 696/995/1852 697/1013/1896 661/993/1850
f 766/1014/1897 442/931/1252 698/1015/1722
s 0
f 700/933/1898 620/808/1898 644/934/1898
s 1
f 653/850/1770 738/936/1772 767/1016/1899
f 752/1017/1900 734/973/1901 739/1000/1902
f 735/1018/1816 718/1019/1818 795/1020/1903
f 718/1019/1818 741/1021/1904 795/1020/1903
f 718/1019/1905 724/972/1802 741/1021/1906
f 724/972/1802 753/955/1774 741/1021/1906
f 754/1022/1907 732/956/1908 736/971/1863
f 807/18/1909 35/20/6 22/8/1910
f 24/11/25 23/10/1911 28/7/7
f 25/13/1912 33/16/1913 32/12/1914
f 34/22/1915 22/8/1916 770/1023/1917
s 0
f 22/8/1918 756/21/1918 770/1023/1918
s 1
f 682/1024/1919 702/1025/1920 771/1026/1921
f 772/1027/1922 43/892/1923 667/891/1924
s 0
f 865/912/1925 41/913/1925 809/1028/1925
s 1
f 686/870/1832 762/986/1834 773/1029/1926
f 61/45/1588 54/33/1590 629/843/1592
f 560/1030/1561 885/1031/1927 629/1032/1559
f 799/1033/1928 519/265/1244 688/941/1741
f 519/265/1244 521/695/1245 688/941/1741
f 688/941/1929 672/752/1705 775/894/1930
f 775/894/1931 577/751/1837 813/988/1839
s 0
f 788/1034/1932 572/1035/1932 789/1036/1932
s 1
f 572/1035/1933 648/1006/1934 789/1036/1935
f 777/1037/1936 691/1038/1937 815/1039/1938
f 791/1040/1939 710/1041/1940 792/1042/1941
f 36/1008/1942 764/923/1943 11/1043/1944
f 780/1044/1945 779/991/1845 677/943/1847
f 44/862/1751 679/904/1946 793/944/1749
f 664/835/1947 665/865/1948 699/864/1949
f 699/864/1950 665/865/1948 700/933/1951
f 653/850/1770 767/1016/1899 680/935/1952
f 835/1045/1953 753/955/1954 806/1046/1955
f 736/971/1956 729/967/1864 742/975/1957
f 723/974/1809 733/1047/1811 742/975/1958
f 517/744/1575 769/4/1686 781/1048/1615
f 769/4/4 35/6/6 838/1049/1959
f 18/1050/1960 782/1051/1961 30/1052/1962
f 30/15/1797 32/12/1914 21/19/1963
f 755/1001/1867 31/17/1866 20/1002/1964
s 0
f 797/1053/1965 20/1054/1965 34/1055/1965
f 760/1004/1966 654/25/1966 683/24/1966
s 1
f 703/23/1967 646/851/1968 638/747/1969
f 42/890/1823 43/892/1970 772/1027/1971
f 684/889/1972 746/984/1879 557/826/1518
f 57/731/1317 628/41/1319 686/870/1832
s 0
f 705/987/1973 687/872/1973 785/1056/1973
f 810/1057/1974 785/1056/1974 687/872/1974
s 1
f 810/1057/1975 687/872/1737 670/842/1739
s 0
f 639/854/1976 61/45/1976 17/1058/1976
s 1
f 560/1030/1698 630/749/1700 763/915/1977
f 14/1005/1882 748/916/1883 786/1059/1978
f 748/916/1883 16/2/1979 786/1059/1978
f 774/1/1 706/3/3 811/1060/1980
f 656/855/1981 519/893/1244 799/1061/1928
f 776/989/1842 45/877/1707 787/1062/1982
f 45/877/1707 689/918/1983 787/1062/1982
f 689/918/1983 674/897/1984 787/1062/1982
s 0
f 802/1007/1985 709/990/1985 676/881/1985
s 1
f 710/1041/1598 791/1040/1986 676/1063/1636
f 509/1064/1285 36/1065/1886 710/1041/1987
f 693/882/1988 659/845/1989 821/1066/1990
f 765/1011/1991 38/924/1748 846/1012/1893
f 633/831/1752 661/863/1849 697/929/1992
f 510/635/1993 663/906/1292 699/1067/1994
f 715/952/1995 716/953/1996 701/951/1997
f 738/1068/1772 730/976/1998 734/973/1999
f 739/1000/1859 735/979/1860 794/1069/2000
f 741/1021/1906 753/955/1774 835/1045/2001
f 806/1046/1955 753/955/1954 717/954/2002
f 732/956/2003 754/1022/2004 717/954/2005
f 733/1070/2006 730/978/1815 737/836/1814
f 837/1071/2007 737/836/1545 781/886/1615
f 737/836/1545 549/837/1509 781/886/1615
f 30/1052/1962 782/1051/1961 28/1072/2008
f 21/19/1963 32/12/1914 33/16/1913
f 797/1053/2009 34/1055/2010 770/1073/1917
f 756/5/2011 666/909/2012 682/937/1919
f 557/826/2013 685/853/2014 761/1074/2015
f 761/1074/2015 685/853/2014 865/912/2016
f 669/841/1880 57/731/1317 773/1029/1926
f 57/731/1317 686/870/1832 773/1029/1926
f 61/45/1588 629/843/1592 17/1058/2017
f 787/1062/1982 674/897/1984 572/737/2018
f 815/1039/1938 691/1038/1937 708/1075/2019
f 792/1042/2020 710/1041/1987 840/1076/2021
f 764/923/2022 693/882/2023 844/1077/2024
f 821/1066/1990 659/845/1989 779/991/2025
f 821/1066/1990 779/991/2025 822/1078/2026
f 822/1078/2027 779/991/1845 804/1079/2028
f 804/1079/2028 779/991/1845 780/1044/1945
f 711/859/2029 641/903/2030 751/992/2031
f 633/831/1752 697/929/1992 442/931/2032
f 698/932/2033 510/635/1993 699/1067/1994
f 680/935/1952 767/1016/1899 716/953/1996
f 806/1046/1955 717/954/2002 768/1080/2034
f 768/1080/2035 717/954/2005 754/1022/2004
f 782/1051/2036 18/1050/2037 808/1081/2038
f 839/1082/2039 18/1050/2040 30/1052/2041
s 0
f 30/1052/2042 21/1083/2043 839/1082/2042
s 1
f 20/1054/2044 797/1053/2045 796/1084/2046
f 756/21/2011 682/1024/1919 771/1026/1921
f 771/1026/1921 702/1025/1920 757/1085/2047
f 760/1004/1873 683/24/2048 772/1027/1971
f 703/23/1967 638/747/1822 772/1027/1971
f 638/747/1822 42/890/1823 772/1027/1971
f 772/1027/1922 667/891/1924 892/1086/2049
f 667/891/2050 684/889/1972 557/826/1518
f 41/840/2051 669/841/1880 773/1029/1926
s 0
f 705/987/2052 785/1056/2052 762/986/2052
s 1
f 560/1030/1698 763/915/1977 14/1005/2053
f 16/2/1979 774/1/2054 786/1059/1978
f 13/1087/2055 12/1088/2056 902/1089/2057
f 801/1090/2058 789/1036/1935 777/942/1936
f 789/1036/1935 648/1006/1934 777/942/1936
f 649/879/2059 778/878/2060 816/1091/2061
f 840/1076/2021 710/1041/1987 36/1065/1886
f 15/1092/2062 36/1065/2063 818/1093/2064
f 818/1093/2064 36/1065/2063 819/1094/2065
f 822/1078/2026 8/1095/2066 821/1066/1990
f 633/831/1752 442/931/2032 679/904/2067
f 834/1096/2068 766/1014/1897 824/1097/2069
f 766/1014/1897 698/1015/1722 824/1097/2069
f 698/932/2033 699/1067/1994 914/1098/2070
f 644/849/2071 713/998/2072 860/1099/2073
f 805/1100/2074 794/1069/2000 735/979/1860
f 806/1046/2075 768/1080/2076 836/1101/2077
f 736/971/1956 742/975/1957 754/1022/2078
f 781/1048/1615 769/4/1686 838/1049/2079
f 35/1102/6 807/1103/1909 838/1104/1959
f 796/1084/2046 797/1053/2045 827/1105/2080
f 828/1106/2081 827/1105/2082 797/1053/2083
f 756/21/2011 771/1026/2084 770/1023/2085
f 743/980/2086 744/911/2087 758/981/2088
f 759/1003/1874 760/1004/1873 829/1107/2089
f 683/24/2048 703/23/1967 772/1027/1971
f 884/1108/2090 773/1029/2091 762/986/2092
f 810/1057/1975 670/842/1739 798/1109/2093
f 59/36/2094 639/914/2095 670/842/2096
f 670/842/2096 639/914/2095 798/1109/2093
f 656/855/1981 799/1061/1928 7/1110/2097
s 0
f 813/988/2098 688/941/2098 775/894/2098
s 1
f 813/988/2099 657/895/2100 830/1111/2101
f 657/895/2100 831/1112/2102 830/1111/2101
f 657/895/2100 673/896/2103 831/1112/2102
f 673/896/2103 707/917/2104 831/1112/2102
f 956/1113/2105 814/1114/2106 13/1087/2107
f 692/900/2108 649/879/2059 816/1091/2061
f 853/1115/2109 578/830/1567 39/856/1596
f 578/830/1567 501/727/1566 39/856/1596
f 15/1092/2110 818/1093/2111 841/1116/2112
f 764/923/1943 820/1117/2113 11/1043/1944
f 11/1043/1944 820/1117/2113 867/1118/2114
f 820/1117/2115 764/923/2116 843/1119/2117
f 843/1119/2117 764/923/2116 803/1120/2118
f 823/1009/1888 750/925/1890 845/1121/2119
f 750/925/1890 19/1010/2120 845/1121/2119
f 832/1122/2121 19/1010/2122 765/1011/2123
f 832/1122/2121 765/1011/2123 846/1012/2124
f 678/902/2125 711/859/2029 751/992/2031
f 738/1068/1772 734/973/1999 860/1123/2073
f 860/1123/2073 734/973/1999 752/1017/2126
f 742/1124/1958 733/1070/1811 837/1071/2127
f 837/1071/2127 733/1070/1811 737/836/2128
f 808/1081/2038 18/1050/2037 826/1125/2129
f 18/1050/2037 839/1082/2130 826/1125/2129
s 0
f 797/1053/2131 783/1126/2131 828/1106/2131
s 1
f 783/1126/2132 797/1053/2133 883/1127/2134
f 758/981/2088 759/1003/1874 829/1107/2089
f 829/1107/2089 760/1004/1873 772/1027/1971
f 667/891/2050 557/826/1518 761/1074/2135
f 10/1128/2136 761/1074/2137 849/1129/2138
f 41/840/2051 773/1029/1926 809/1130/2139
s 0
f 639/854/2140 17/1058/2140 798/1131/2140
s 1
f 560/1030/1698 14/1005/2053 786/1059/2141
f 850/1132/2142 786/1059/1978 774/1/2054
f 812/1133/2143 811/1060/1980 706/3/3
f 799/1033/2144 688/941/2145 813/988/2146
f 707/917/2104 776/989/2147 831/1112/2102
f 776/1134/2147 787/1135/2148 831/1136/2102
f 788/1034/2149 789/1036/2150 12/1088/2151
f 789/1036/2150 801/1090/2152 12/1088/2151
f 13/1087/2107 902/1089/2153 956/1113/2105
f 12/1088/2154 801/1090/2154 912/1137/2155
f 816/1091/2156 790/1138/2157 853/1139/2109
f 790/1138/2157 749/922/2158 853/1139/2109
f 749/828/2158 578/830/1567 853/1115/2109
s 0
f 39/856/2159 802/1007/2159 887/1140/2159
f 840/1076/2160 791/1040/2160 792/1042/2160
s 1
f 36/1065/2161 15/1092/2162 817/1141/2163
f 36/1065/2164 11/1142/2165 819/1094/2166
f 803/1120/2167 764/923/2022 844/1077/2024
f 693/882/2168 821/1066/2169 844/1077/2170
f 845/1121/2119 19/1010/2120 832/1122/2171
f 679/904/2067 442/931/2032 766/1014/2172
f 879/1143/2173 824/1097/2069 868/1144/2174
s 0
f 700/933/2175 644/934/2175 860/1145/2175
s 1
f 37/950/2176 714/999/2177 860/1099/2073
f 860/1099/2073 714/999/2177 701/951/1997
f 701/951/1997 716/953/1996 767/1016/1899
f 738/936/1772 860/1099/2073 767/1016/1899
f 860/1123/2073 752/1017/2126 794/1069/2178
f 752/1017/1900 739/1000/1902 794/1069/2179
s 0
f 825/1146/2180 735/1018/2180 869/1147/2180
s 1
f 839/1082/2181 21/1083/2182 847/1148/2183
f 847/1148/2183 21/1083/2182 848/1149/2184
f 755/1150/2185 20/1054/2186 796/1084/2187
f 883/1127/2188 797/1053/2009 770/1073/1917
f 883/1127/2189 770/1073/2085 771/1151/2084
f 667/891/2050 761/1074/2135 10/1128/2190
f 560/1030/1698 786/1059/2141 885/1031/2191
f 774/1/2054 811/1060/2192 850/1132/2142
f 811/1060/2192 812/1133/2193 850/1132/2142
f 850/1132/2142 812/1133/2193 873/1152/2194
f 851/1153/2195 812/1133/2143 706/3/3
f 13/1087/2196 814/1114/2197 12/1088/2151
f 801/1090/2198 874/1154/2199 912/1137/2199
f 815/1039/1938 708/1075/2019 853/1139/2200
f 708/1075/2019 692/900/2108 853/1139/2200
f 816/1091/2061 778/878/2060 790/1138/2201
f 778/878/2060 749/922/2202 790/1138/2201
f 676/1063/1636 791/1040/1986 854/1155/2203
f 817/1141/2163 15/1092/2162 855/1156/2204
f 855/1156/2204 15/1092/2162 9/1157/2205
f 867/1118/2114 820/1117/2113 857/1158/2206
f 858/1159/2207 820/1117/2115 843/1119/2117
f 780/1044/2208 677/943/2209 823/1009/2210
f 678/902/2125 751/992/2031 793/944/2211
f 824/1097/2069 879/1143/2173 834/1096/2068
f 699/864/1950 700/933/1951 860/1145/2212
f 713/998/2072 37/950/2176 860/1099/2073
s 0
f 735/1018/2213 825/1146/2213 805/1160/2213
s 1
f 735/1018/2214 795/1020/2215 869/1147/2216
f 836/1101/2077 768/1080/2076 881/1161/2217
f 21/1083/2182 755/1150/2218 848/1149/2184
f 755/1150/2185 796/1084/2187 848/1149/2219
f 796/1084/2046 827/1105/2080 864/1162/2220
f 864/1162/2221 827/1105/2082 828/1106/2222
f 743/980/2086 758/981/2088 829/1107/2089
f 762/986/2092 785/1056/2223 884/1108/2090
f 706/3/3 656/855/1981 7/1110/2097
f 893/1163/2224 831/1136/2102 787/1135/2148
f 787/1135/2148 572/1035/2225 875/1164/2226
f 572/1035/2225 788/1034/2149 875/1164/2226
f 875/1164/2226 788/1034/2149 866/1165/2227
f 788/1034/2149 12/1088/2151 866/1165/2227
f 866/1165/2227 12/1088/2151 814/1114/2197
f 902/1089/2057 12/1088/2056 912/1137/2228
f 801/1166/2058 777/1037/1936 815/1039/1938
f 887/1140/2229 802/1007/2229 676/881/1636
f 856/1167/2230 9/1157/2230 841/1116/2112
f 9/1157/2230 15/1092/2110 841/1116/2112
f 819/1094/2166 11/1142/2165 896/1168/2231
f 857/1158/2232 820/1117/2115 858/1159/2207
f 846/1012/2233 678/902/2125 793/944/2211
f 793/944/2211 679/904/2067 766/1014/2172
f 701/951/1997 767/1016/1899 860/1099/2073
f 805/1160/2234 825/1146/2235 869/1147/2236
f 795/1020/2237 741/1021/2238 835/1045/2239
f 870/1169/2240 889/1170/2241 806/1046/2242
f 880/1171/2243 836/1101/2077 881/1161/2217
f 881/1161/2217 768/1080/2076 882/1172/2244
f 768/1080/2245 754/1022/2078 872/1173/2246
f 754/1022/2078 742/975/1957 872/1173/2246
f 807/1103/24 28/1072/7 861/1174/2247
f 28/1072/2248 782/1051/2249 861/1174/2250
f 862/1175/2251 808/1081/2252 826/1125/2253
f 6/1176/2254 826/1125/2255 839/1082/2256
f 848/1149/2219 796/1084/2187 863/1177/2257
f 828/1106/2258 783/1126/2132 883/1127/2134
f 849/1129/2259 761/1074/2137 865/912/2260
f 17/1058/2261 629/843/1559 885/1178/1927
f 852/1179/2262 851/1153/2195 7/1110/2097
f 851/1153/2195 706/3/3 7/1110/2097
f 7/1110/2263 799/1061/2144 830/1180/2264
f 799/1033/2144 813/988/2265 830/1111/2264
f 893/1163/2224 787/1135/2148 875/1164/2226
f 814/1114/2266 956/1113/2267 866/1165/2268
f 692/900/2108 816/1091/2061 853/1139/2200
f 886/1181/2269 853/1115/2109 39/856/1596
f 840/1076/2021 36/1065/1886 817/1141/2270
f 876/1182/2271 877/1183/2272 817/1141/2273
f 844/1077/2170 821/1066/2169 859/1184/2274
f 821/1066/2169 8/1095/2275 859/1184/2274
f 793/944/2211 766/1014/2172 846/1012/2233
f 869/1147/2216 795/1020/2215 906/1185/2276
f 795/1020/2237 835/1045/2239 806/1046/2277
s 0
f 890/1186/2278 870/1169/2278 836/1101/2278
s 1
f 870/1169/2279 806/1046/2075 836/1101/2077
f 768/1080/2076 871/1187/2280 882/1172/2244
s 0
f 871/1187/2281 768/1080/2281 872/1173/2281
s 1
f 837/1071/2007 781/886/1615 838/1188/2079
f 6/1176/2254 839/1082/2256 847/1148/2282
f 771/1151/2084 757/1189/2283 883/1127/2189
f 757/939/2283 743/980/2086 883/1190/2189
f 743/980/2086 829/1107/2089 883/1190/2189
f 885/1031/2191 786/1059/2141 850/1132/2284
f 812/1133/2193 851/1153/2285 873/1152/2194
f 873/1152/2194 851/1153/2285 901/1191/2286
f 39/856/1596 894/1192/2287 886/1181/2269
f 9/1157/2205 895/1193/2288 855/1156/2204
f 11/1142/2165 867/1194/2289 896/1168/2231
f 859/1184/2274 8/1095/2275 888/1195/2290
f 8/1095/2291 822/1078/2292 888/1195/2293
f 822/1078/2292 804/1079/2294 888/1195/2293
f 804/1079/2295 780/1044/2208 832/1122/2296
f 832/1122/2296 780/1044/2208 845/1121/2297
f 780/1044/2208 823/1009/2210 845/1121/2297
f 846/1012/2233 766/1014/2172 834/1096/2298
f 699/1196/2299 860/1123/2300 914/1197/2301
f 907/1198/2302 806/1046/2242 889/1170/2303
s 0
f 890/1186/2304 880/1171/2304 881/1161/2304
s 1
f 742/1124/1958 837/1071/2127 838/1188/2305
f 838/1104/2306 807/1103/2307 861/1174/2308
f 782/1051/2309 808/1081/2310 861/1174/2311
s 0
f 808/1081/2312 862/1175/2312 916/1199/2312
s 1
f 862/1175/2251 826/1125/2253 891/1200/2313
f 6/1176/2254 847/1148/2282 898/1201/2314
s 0
f 909/1202/2315 796/1084/2315 864/1162/2315
s 1
f 892/1086/2316 667/891/2050 10/1128/2190
f 809/1130/2317 773/1029/2318 900/1203/2319
f 773/1029/2318 884/1108/2320 900/1203/2319
f 884/1108/2090 785/1056/2223 910/1204/2321
f 785/1205/2322 810/1206/2323 920/1207/2324
f 810/1206/2323 798/1208/2325 920/1207/2324
f 831/1209/2326 852/1179/2327 7/1110/2263
f 7/1110/2263 830/1180/2264 831/1209/2326
f 878/1210/2328 817/1141/2329 855/1156/2330
f 841/1116/2331 818/1093/2332 819/1094/2333
f 904/1211/2334 867/1118/2335 857/1158/2336
f 843/1119/2337 803/1120/2338 844/1077/2339
f 824/1097/2340 698/1015/2341 914/1212/2342
f 794/1069/2178 805/1100/2343 860/1123/2073
s 0
f 915/1213/2344 869/1147/2344 906/1185/2344
f 836/1101/2345 880/1171/2345 890/1186/2345
s 1
f 897/1214/2346 882/1172/2347 871/1187/2348
s 0
f 861/1174/2349 808/1081/2349 916/1199/2349
s 1
f 891/1200/2350 826/1125/2253 908/1215/2351
f 908/1215/2351 826/1125/2253 6/1176/2352
f 828/1106/2258 883/1127/2134 864/1162/2353
f 851/1153/2285 852/1179/2354 901/1191/2286
f 886/1181/2355 894/1192/2356 903/1216/2357
s 0
f 894/1192/2358 39/856/2358 887/1140/2358
s 1
f 791/1040/2359 840/1076/2021 817/1141/2270
f 876/1182/2271 817/1141/2273 878/1210/2360
f 878/1210/2328 855/1156/2330 941/1217/2361
f 846/1012/2233 834/1096/2298 832/1122/2296
f 805/1160/2234 869/1147/2236 915/1213/2362
f 906/1185/2276 795/1020/2215 907/1198/2363
s 0
f 795/1020/2364 806/1046/2364 907/1198/2364
f 863/1177/2365 796/1084/2365 909/1202/2365
s 1
f 10/1128/2366 849/1129/2367 924/1218/2368
f 798/1131/2325 17/1058/2261 885/1178/1927
f 791/1040/2359 817/1141/2270 913/1219/2369
f 817/1141/2370 877/1183/2371 913/1219/2372
f 5/1220/2373 877/1183/2374 922/1221/2375
f 922/1221/2375 877/1183/2374 876/1182/2376
f 904/1211/2334 857/1158/2336 858/1159/2377
f 843/1119/2337 844/1077/2339 859/1184/2378
f 834/1096/2298 879/1143/2379 832/1122/2296
f 824/1097/2340 914/1212/2342 868/1144/2380
f 889/1170/2381 870/1169/2382 890/1186/2383
f 892/1086/2316 10/1128/2190 899/1222/2384
f 866/1165/2268 956/1113/2267 984/1223/2385
f 874/1224/2386 801/1166/2058 815/1039/1938
f 886/1181/2355 903/1216/2357 921/1225/2387
f 894/1192/2388 887/1140/2229 676/881/1636
f 854/1155/2389 791/1040/2359 913/1219/2369
f 841/1116/2331 819/1094/2333 856/1167/2390
f 819/1094/2333 896/1168/2391 856/1167/2390
f 896/1168/2231 867/1194/2289 904/1226/2392
f 805/1100/2343 915/1227/2362 860/1123/2073
f 915/1213/2393 906/1185/2394 907/1198/2395
f 897/1214/2346 871/1187/2348 872/1173/2396
f 916/1199/2397 862/1175/2398 891/1200/2399
f 6/1176/2352 898/1201/2400 931/1228/2401
f 847/1148/2402 848/1149/2403 898/1201/2403
f 864/1162/2353 883/1127/2134 942/1229/2404
s 0
f 849/1129/2405 865/912/2405 809/1028/2405
s 1
f 884/1108/2406 910/1204/2407 900/1203/2408
f 910/1230/2321 785/1205/2223 919/1231/2409
f 785/1205/2223 920/1207/2410 919/1231/2409
f 798/1232/2325 885/1233/1927 937/1234/2411
f 937/1234/2411 885/1233/1927 925/1235/2412
f 955/1236/2413 885/1031/2191 938/1237/2414
f 885/1031/2191 850/1132/2284 938/1237/2414
f 850/1132/2284 873/1152/2415 901/1191/2416
f 913/1219/2372 877/1183/2371 926/1238/2417
f 5/1220/2373 922/1221/2375 928/1239/2418
f 843/1119/2337 859/1184/2378 858/1159/2419
f 858/1159/2419 859/1184/2378 888/1195/2420
f 832/1122/2296 879/1143/2379 804/1079/2295
f 914/1197/2301 860/1123/2300 970/1240/2421
f 915/1213/2393 907/1198/2395 930/1241/2422
f 907/1198/2423 889/1170/2381 930/1241/2424
f 889/1170/2381 890/1186/2383 930/1241/2424
s 0
f 890/1186/2425 881/1161/2425 897/1214/2425
s 1
f 881/1161/2426 882/1172/2347 897/1214/2346
f 861/1174/2308 916/1199/2427 838/1104/2306
f 917/1242/2428 908/1215/2351 6/1176/2352
s 0
f 917/1242/2429 931/1228/2429 923/1243/2429
s 1
f 898/1201/2430 918/1244/2431 932/1245/2432
f 848/1149/2403 863/1177/2433 898/1201/2403
f 10/1128/2366 924/1218/2368 899/1222/2434
f 849/1246/2435 809/1130/2436 900/1203/2437
f 920/1207/2324 798/1208/2325 936/1247/2438
f 936/1247/2438 798/1208/2325 937/1248/2411
f 938/1237/2414 850/1132/2284 901/1191/2416
f 939/1249/2439 901/1191/2440 852/1179/2327
f 815/1039/1938 853/1139/2200 886/1250/2441
f 926/1238/2417 877/1183/2371 5/1220/2442
f 855/1156/2330 895/1193/2443 941/1217/2361
f 895/1193/2443 929/1251/2444 941/1217/2361
f 888/1195/2420 804/1079/2295 905/1252/2445
f 804/1079/2295 879/1143/2379 905/1252/2445
f 905/1252/2446 879/1143/2173 950/1253/2447
f 879/1143/2173 868/1144/2174 950/1253/2447
f 860/1123/2300 915/1227/2448 970/1240/2421
f 930/1241/2424 890/1186/2383 897/1214/2449
f 872/1173/2450 742/975/2451 838/1254/2452
f 6/1176/2352 931/1228/2401 917/1242/2453
s 0
f 931/1228/2454 898/1201/2454 932/1245/2454
s 1
f 942/1229/2455 909/1202/2456 933/1255/2457
f 909/1202/2458 864/1162/2353 933/1255/2459
f 933/1255/2460 864/1162/2353 942/1229/2404
f 900/1256/2408 910/1230/2407 954/1257/2461
f 885/1258/2462 955/1259/2463 944/1260/2464
f 852/1179/2327 831/1209/2326 939/1249/2439
f 939/1249/2439 831/1209/2326 893/1261/2465
f 956/1113/2267 4/1262/2466 984/1223/2385
f 976/1263/2467 945/1264/2468 948/1265/2469
f 948/1265/2469 945/1264/2468 960/1266/2470
f 945/1264/2471 913/1219/2472 946/1267/2473
f 5/1220/2442 927/1268/2474 959/1269/2475
f 927/1268/2476 5/1220/2373 940/1270/2477
f 940/1270/2477 5/1220/2373 928/1239/2418
f 929/1251/2478 895/1193/2479 856/1167/2480
f 895/1193/2479 9/1157/2481 856/1167/2480
f 856/1167/2390 896/1168/2391 904/1226/2482
f 858/1159/2419 888/1195/2420 904/1211/2482
f 888/1195/2420 905/1252/2445 904/1211/2482
f 868/1144/2380 914/1212/2342 970/1271/2483
f 872/1173/2450 838/1254/2452 916/1272/2484
s 0
f 891/1200/2485 908/1215/2485 951/1273/2485
s 1
f 932/1245/2432 918/1244/2431 952/1274/2486
f 863/1177/2487 909/1202/2456 942/1229/2455
f 883/1190/2488 829/1107/2489 981/1275/2490
f 981/1275/2490 829/1107/2489 772/1027/2491
f 892/1086/2316 899/1222/2384 953/1276/2492
f 954/1257/2461 910/1230/2407 919/1231/2493
f 815/1039/1938 886/1250/2441 921/1277/2494
f 903/1216/2495 894/1192/2388 676/881/1636
f 945/1264/2496 946/1267/2497 958/1278/2498
f 946/1267/2473 913/1219/2472 965/1279/2499
f 927/1268/2474 961/1280/2500 959/1269/2475
f 922/1221/2501 876/1182/2502 941/1217/2503
f 876/1182/2502 878/1210/2504 941/1217/2503
f 905/1252/2445 949/1281/2505 904/1211/2482
f 897/1214/2449 872/1173/2450 916/1272/2484
f 916/1199/2397 891/1200/2399 951/1273/2506
f 772/1027/2507 892/1086/2508 981/1275/2509
f 892/1086/2508 934/1282/2510 981/1275/2509
f 919/1231/2409 920/1207/2410 943/1283/2511
f 925/1235/2512 885/1233/2462 944/1284/2464
f 902/1089/2057 912/1137/2228 967/1285/2513
f 676/1063/1636 854/1155/2203 957/1286/2514
f 960/1266/2515 945/1264/2496 958/1278/2498
f 926/1238/2417 5/1220/2442 959/1269/2475
f 950/1253/2516 868/1144/2380 970/1271/2483
f 930/1241/2424 897/1214/2449 951/1287/2517
f 951/1273/2518 908/1215/2519 917/1242/2520
f 898/1201/2521 863/1177/2522 918/1244/2523
s 0
f 918/1244/2524 863/1177/2524 942/1229/2524
s 1
f 934/1282/2492 892/1086/2316 953/1276/2492
f 849/1288/2435 900/1256/2437 954/1257/2525
f 954/1257/2461 919/1231/2493 972/1289/2526
f 943/1283/2511 920/1207/2410 962/1290/2527
f 975/1291/2528 936/1247/757 935/1292/2529
f 939/1249/2439 893/1261/2465 875/1293/2530
f 875/1164/2530 866/1165/2531 984/1223/2532
f 903/1216/2495 676/881/1636 957/1294/2514
f 976/1263/2533 948/1265/2534 968/1295/2535
f 948/1265/2469 960/1266/2470 964/1296/2536
f 913/1219/2537 926/1238/2538 965/1279/2539
f 947/1297/2540 950/1253/2516 970/1271/2483
f 897/1214/2449 916/1272/2484 951/1287/2517
f 849/1288/2435 954/1257/2525 924/1298/2541
f 944/1299/2464 938/1237/2542 901/1191/2440
f 921/1225/2543 903/1216/2495 957/1294/2514
f 964/1296/2536 960/1266/2470 977/1300/2544
f 978/1301/2545 960/1266/2515 958/1278/2498
f 979/1302/2546 961/1280/2547 940/1270/2548
f 961/1280/2547 927/1268/2549 940/1270/2548
f 904/1211/2482 949/1281/2505 980/1303/2550
f 915/1213/2551 930/1241/2424 951/1287/2517
f 917/1242/2552 923/1243/2553 932/1245/2554
s 0
f 952/1274/2555 918/1244/2555 971/1304/2555
s 1
f 972/1289/2526 943/1283/2556 973/1305/2557
f 936/1247/757 975/1291/2528 974/1306/2558
f 935/1292/2559 936/1247/2560 963/1307/2561
f 936/1247/2560 937/1248/2562 963/1307/2561
f 955/1259/2463 938/1308/2542 944/1260/2464
f 912/1137/2228 985/1309/2563 967/1285/2513
f 854/1155/2389 913/1219/2369 957/1286/2564
f 957/1286/2564 913/1219/2369 945/1264/2565
f 965/1279/2539 926/1238/2538 982/1310/2566
f 982/1310/2566 926/1238/2538 959/1269/2567
f 928/1239/2568 922/1221/2501 929/1251/2569
f 922/1221/2501 941/1217/2503 929/1251/2569
f 970/1311/2421 915/1213/2448 594/1312/2570
f 951/1273/2518 917/1242/2520 932/1245/2571
s 0
f 923/1243/2572 931/1228/2572 932/1245/2572
s 1
f 932/1245/2573 952/1274/2574 971/1304/2575
s 0
f 918/1244/2576 942/1229/2576 971/1304/2576
s 1
f 942/1229/2577 883/1127/2134 971/1304/2578
f 919/1231/2493 943/1283/2556 972/1289/2526
f 973/1305/2557 943/1283/2556 966/1313/2579
f 943/1283/2556 962/1290/2580 966/1313/2579
f 962/1290/2527 920/1207/2410 974/1306/2558
f 920/1207/2410 936/1247/757 974/1306/2558
f 4/1262/2466 3/1314/2581 984/1223/2385
f 976/1263/2582 968/1295/2583 561/1315/2584
f 948/1265/2534 964/1296/2585 969/1316/2586
f 983/1317/2587 959/1269/2567 979/1302/2588
f 940/1270/2589 929/1251/2569 904/1226/2482
f 929/1251/2569 856/1167/2390 904/1226/2482
f 905/1252/2446 950/1253/2447 947/1297/2590
f 971/1318/2591 883/1190/2488 981/1275/2490
f 651/1319/2592 899/1222/2434 924/1218/2368
f 954/1257/2525 972/1289/2593 924/1298/2541
f 937/1234/2562 925/1235/2512 963/1320/2561
f 944/1299/2464 901/1191/2440 939/1249/2439
f 956/1113/2105 902/1089/2153 4/1262/2594
f 968/1295/2535 948/1265/2534 969/1316/2586
f 675/1321/2595 969/1316/2586 964/1296/2585
f 977/1300/2596 960/1266/2515 619/1322/2597
f 982/1310/2566 959/1269/2567 983/1317/2587
f 959/1269/2567 961/1280/2598 979/1302/2588
f 928/1239/2568 929/1251/2569 940/1270/2589
f 940/1270/2589 904/1226/2482 740/1323/2599
f 904/1211/2482 980/1303/2550 740/1324/2599
f 949/1281/2600 905/1252/2446 947/1297/2590
f 915/1213/2448 951/1287/2601 594/1312/2570
f 925/1235/2512 944/1284/2464 963/1320/2561
f 875/1164/2530 984/1223/2532 635/1325/2602
f 4/1262/2594 902/1089/2153 967/1285/2603
s 0
f 912/1137/2604 874/1154/2604 985/1309/2604
s 1
f 964/1296/2605 977/1300/2606 619/1322/2607
f 619/1322/2597 960/1266/2515 978/1301/2545
f 958/1278/2608 946/1267/2609 965/1279/2610
f 833/1326/2611 947/1297/2540 970/1271/2483
f 951/1273/2518 932/1245/2571 971/1304/2575
f 934/1282/2612 953/1276/2613 651/1319/2614
f 953/1276/2592 899/1222/2434 651/1319/2592
f 966/1313/2579 962/1290/2580 911/1327/2615
f 962/1290/2580 974/1306/2616 911/1327/2615
f 874/1224/2386 815/1039/1938 690/1328/2617
f 815/1039/1938 921/1277/2494 690/1328/2617
f 957/1286/2564 945/1264/2565 976/1263/2618
f 978/1301/2619 958/1278/2608 965/1279/2610
f 979/1302/2620 940/1270/2589 842/1329/2621
f 842/1329/2621 940/1270/2589 740/1323/2599
f 949/1281/2600 947/1297/2590 980/1303/2622
f 981/1275/2623 934/1282/2612 651/1319/2614
f 642/1330/2624 911/1327/2615 974/1306/2616
f 974/1306/2558 975/1291/2528 800/1331/2625
f 975/1291/2626 935/1292/2559 963/1307/2561
f 984/1223/2627 3/1314/2628 635/1325/2629
f 3/1314/2628 784/1332/2630 635/1325/2631
f 3/1314/2632 4/1262/2594 967/1285/2603
f 675/1321/2633 964/1296/2605 619/1322/2607
f 965/1279/2610 982/1310/2634 978/1301/2619
f 924/1298/2541 972/1289/2593 973/1305/2635
f 726/1333/2636 966/1313/2637 911/1327/2638
f 576/1334/2639 642/1330/2624 974/1306/2616
f 561/1315/2640 968/1295/2641 969/1316/2642
f 947/1297/2590 833/1326/2643 980/1303/2622
f 833/1326/2611 970/1271/2483 609/1335/2644
f 609/1336/2644 970/1311/2483 499/1337/2645
f 951/1338/2601 971/1318/2591 594/1339/2570
f 594/1339/2570 971/1318/2591 981/1275/2490
f 924/1298/2541 973/1305/2635 726/1333/2636
f 973/1305/2635 966/1313/2637 726/1333/2636
f 974/1306/2616 800/1331/2646 576/1334/2639
f 975/1291/2626 963/1307/2561 800/1331/2647
f 800/1340/2647 963/1320/2561 944/1284/2464
f 784/1332/2648 3/1314/2632 967/1285/2603
f 690/1328/2617 921/1277/2494 957/1341/2649
f 976/1263/2582 561/1315/2584 471/1342/2650
f 978/1301/2619 982/1310/2634 619/1322/2651
f 983/1317/2652 979/1302/2620 842/1329/2621
f 957/1286/2564 976/1263/2618 471/1342/2653
f 561/1315/2640 969/1316/2642 511/1343/2654
f 969/1316/2642 675/1321/2655 511/1343/2654
f 619/1322/2651 982/1310/2634 983/1317/2652
f 980/1303/2622 833/1326/2643 609/1335/2656
f 944/1284/2464 939/1344/2439 800/1340/2647
f 875/1164/2530 635/1325/2602 2/1345/2657
f 957/1341/2649 471/1346/2658 690/1328/2617
f 983/1317/2652 842/1329/2621 619/1322/2651
f 619/1322/2651 842/1329/2621 675/1321/2655
f 675/1321/2655 842/1329/2621 508/1347/2659
f 499/1337/2645 970/1311/2483 384/1348/2660
f 970/1311/2483 594/1312/2661 384/1348/2660
f 911/1327/2638 642/1330/2662 726/1333/2636
f 939/1344/2439 875/1349/2530 800/1340/2647
f 675/1321/2655 464/1350/2663 511/1343/2654
f 675/1321/2655 508/1347/2659 427/1351/2644
f 842/1352/2664 740/1353/2665 609/1336/2656
f 740/1324/2665 980/1303/2622 609/1335/2656
f 875/1349/2530 2/1354/2657 800/1340/2647
f 635/1325/2602 479/1355/2666 2/1345/2657
s 0
f 784/1332/2667 479/1355/2667 635/1325/2667
s 1
f 981/1275/2668 651/1319/2669 381/1356/2670
f 651/1319/2669 924/1218/2671 381/1356/2670
f 381/1357/2672 924/1298/2541 726/1333/2636
f 561/1315/2673 317/1358/2674 471/1342/2675
f 561/1315/2673 511/1343/2676 317/1358/2674
f 464/1350/2663 675/1321/2655 358/1359/2677
f 358/1359/2677 675/1321/2655 427/1351/2644
f 258/1360/2678 384/1348/2660 594/1312/2661
f 594/1339/2661 981/1275/2668 258/1361/2678
f 726/1333/2636 642/1330/2662 352/1362/2679
f 642/1330/2662 576/1334/2680 352/1362/2679
f 967/1285/2681 985/1309/2682 784/1332/2683
f 985/1309/2682 874/1154/2684 784/1332/2683
f 784/1332/2685 874/1154/2684 690/1363/2686
f 690/1363/2686 471/1364/2687 784/1332/2685
f 104/1365/2688 427/1351/2644 508/1347/2659
f 981/1275/2668 381/1356/2670 258/1361/2678
f 576/1334/2689 800/1331/2647 2/1366/2657
f 842/1352/2664 609/1336/2656 508/1367/2690
f 609/1336/2656 499/1337/2691 508/1367/2690
f 499/1337/2691 384/1348/2692 508/1367/2690
f 576/1334/2689 2/1366/2657 1/1368/2693
f 511/1343/2676 464/1350/2694 161/1369/2695
f 479/1355/2696 784/1332/2683 471/1364/2687
f 317/1358/2674 511/1343/2676 161/1369/2695
f 508/1367/2690 384/1348/2692 258/1360/2697
f 464/1350/2694 358/1359/2698 161/1369/2695
f 161/1369/2695 358/1359/2698 139/1370/2699
f 508/1347/2659 67/1371/2700 104/1365/2688
f 352/1362/2701 576/1334/2689 1/1368/2693
f 471/1364/2687 317/1372/2702 479/1355/2696
f 479/1355/2696 317/1372/2702 2/1345/2703
f 358/1359/2698 427/1351/2704 139/1370/2699
f 1/1368/2693 178/1373/2705 352/1362/2701
f 427/1351/2706 104/1365/2707 139/1370/2708
f 139/1370/2708 104/1365/2707 72/1374/2709
f 508/1367/2690 258/1360/2697 67/1375/2710
s 0
f 381/1357/2711 726/1333/2711 352/1362/2711
s 1
f 2/1366/2703 317/1376/2702 161/1377/2712
f 178/1373/2713 1/1368/2714 161/1377/2712
f 1/1368/2714 2/1366/2703 161/1377/2712
f 381/1357/2715 352/1362/2701 178/1373/2705
f 258/1378/2716 381/1357/2715 67/1379/2717
f 72/1374/2718 104/1365/2719 67/1371/2720
f 67/1379/2717 381/1357/2715 178/1373/2705
f 161/1377/2712 139/1380/2721 178/1373/2713
f 178/1373/2713 139/1380/2721 72/1381/2722
f 29/1382/2723 72/1374/2718 67/1371/2720
f 67/1379/2717 178/1373/2705 29/1383/2724
f 178/1373/2713 72/1381/2722 29/1383/2725
