# Blender 4.3.2
# www.blender.org
o model
v -0.483502 0.533536 -0.351598
v -0.512865 0.406820 -0.412743
v -0.079279 0.097946 -0.101901
v -0.000069 0.179686 -0.256073
v -0.127349 0.379641 -0.438090
v -0.161570 0.361349 0.231837
v 0.135407 0.517562 -0.376396
v 0.184583 0.403901 -0.380603
v 0.195424 0.414108 -0.353793
v 0.156293 0.585332 -0.408488
v -0.217435 1.273703 -0.428109
v 0.008389 0.484880 0.702168
v -0.158665 1.621862 -0.286461
v 0.184781 0.399127 0.112659
v 0.133546 0.400632 0.083393
v 0.175701 0.382613 0.025926
v 0.552982 0.353522 0.022828
v 0.499007 0.404169 0.019572
v -0.700047 0.465295 -0.217021
v 0.563264 0.301210 -0.037433
v 0.582801 0.478637 -0.086910
v 0.334716 0.435934 -0.001344
v 0.292504 0.440363 -0.064994
v 0.365703 0.457118 0.012749
v 0.610180 0.451908 -0.223864
v 0.345544 0.489221 -0.100788
v 0.448037 0.299212 0.059368
v 0.287060 0.395467 0.034479
v 0.334794 0.919134 -0.060811
v 0.152788 1.402922 -0.436027
v -0.679250 0.516311 -0.188572
v 0.298646 1.255141 -0.439456
v 0.281387 1.269610 -0.435662
v -0.689130 0.460173 -0.249545
v 0.545911 0.762997 -0.173809
v 0.382045 1.086781 -0.126237
v 0.538222 1.201130 -0.243151
v 0.605600 1.082253 -0.228424
v 0.680415 0.944301 -0.222339
v 0.653369 1.029036 -0.281362
v 0.583798 1.172017 -0.323905
v -0.670456 0.490616 -0.298777
v 0.537992 1.080101 -0.096973
v 0.698532 0.933475 -0.252209
v 0.460324 1.165721 -0.210836
v -0.650733 0.475659 -0.315393
v -0.659516 0.551954 -0.228731
v 0.533870 1.276399 -0.345047
v 0.618518 0.937350 -0.441012
v 0.588044 0.908336 -0.151421
v 0.617289 0.998360 -0.147876
v -0.603681 0.472360 -0.113537
v 0.624877 0.823117 -0.229511
v 0.553989 1.046562 -0.077639
v 0.555909 1.147391 -0.413607
v 0.213350 1.621591 -0.279026
v 0.251249 1.613372 -0.220548
v 0.359791 1.627264 0.051379
v 0.410406 1.494146 0.024437
v 0.416298 1.584583 0.047620
v 0.289512 1.682116 0.055008
v 0.392355 1.456378 0.002340
v -0.635503 0.415879 -0.353172
v 0.347364 1.596417 -0.065560
v 0.355551 1.583704 0.179528
v 0.180115 1.753939 0.136301
v -0.666201 0.370505 -0.163052
v 0.398570 1.382549 0.001315
v 0.350344 1.365971 0.100778
v 0.120301 1.823153 0.082777
v -0.610629 0.469394 -0.376351
v 0.292193 1.582749 0.311329
v -0.535049 0.567224 -0.278953
v 0.378345 1.302195 -0.029333
v 0.179244 1.690828 0.294987
v 0.326655 1.286458 -0.130609
v -0.611738 0.531874 -0.350645
v -0.665560 0.339094 -0.287772
v -0.558722 0.389355 -0.407866
v 0.167405 1.690900 -0.181281
v 0.319838 1.600551 -0.112130
v 0.136265 1.714731 0.264592
v 0.390263 1.282340 -0.020608
v 0.302117 1.096842 -0.166558
v 0.358996 1.094465 -0.072993
v 0.271553 1.120542 -0.216654
v -0.613097 0.301634 -0.313407
v 0.377545 1.149478 -0.049070
v 0.096584 1.811646 0.184631
v -0.549306 0.573748 -0.193328
v 0.538391 1.074696 -0.087113
v 0.337911 1.069842 -0.097080
v -0.057414 1.771622 0.220143
v 0.133055 1.745694 -0.103521
v 0.110119 1.581881 0.397978
v 0.031796 1.900225 0.103095
v 0.250697 1.581467 0.396863
v 0.351921 1.179749 -0.294335
v 0.364256 1.009438 -0.078427
v 0.453891 1.236461 -0.324467
v 0.469418 0.895104 -0.054342
v 0.076755 1.832795 0.014280
v 0.293257 1.145797 -0.260433
v 0.460276 1.178689 -0.424598
v 0.361718 1.110027 -0.033553
v 0.442086 0.873105 -0.058178
v 0.142325 1.703708 -0.153459
v 0.193102 1.619684 -0.276502
v 0.300156 1.254044 0.168135
v -0.617546 0.454264 -0.097253
v 0.019438 1.878796 0.078805
v 0.080487 1.799558 -0.019723
v -0.509375 0.242702 -0.281961
v 0.242816 1.466031 0.370918
v 0.009239 1.828998 0.017883
v 0.336796 1.092034 -0.443975
v 0.555344 0.723918 -0.210241
v -0.439104 0.346820 -0.381954
v 0.308303 1.435429 0.218195
v -0.482238 0.522828 -0.297518
v 0.306208 1.288680 -0.309073
v -0.557917 0.540206 -0.165928
v -0.096923 1.748474 0.222357
v 0.282253 1.294156 -0.338943
v 0.416160 0.800708 -0.040626
v 0.452289 1.005035 -0.538645
v 0.268301 1.250013 -0.223299
v 0.237143 1.374260 0.349377
v -0.129546 1.673801 0.313794
v -0.044592 1.786587 -0.039115
v 0.180130 1.342935 -0.523170
v 0.310224 1.148444 -0.311985
v -0.468421 0.505982 -0.165778
v -0.535459 0.287815 -0.145769
v 0.307440 1.114056 -0.372156
v -0.037027 1.428471 0.363937
v 0.012227 1.621785 -0.281587
v 0.579026 0.941114 -0.531465
v 0.259044 1.317635 -0.233557
v -0.494874 0.492977 -0.380935
v 0.277453 1.227653 -0.548270
v -0.113892 1.585972 0.398703
v -0.583577 0.315881 -0.174193
v 0.223096 1.342398 -0.285510
v 0.096970 1.450547 -0.494176
v 0.612086 0.873523 -0.355732
v -0.365347 0.446087 -0.218141
v 0.292684 0.557160 -0.025509
v -0.060980 1.834163 0.085050
v 0.396292 1.088231 -0.503340
v 0.285182 1.116485 -0.498298
v -0.393572 0.448204 -0.319591
v 0.325520 0.677913 -0.032326
v 0.421798 0.689322 -0.088823
v 0.356563 0.697813 -0.023891
v 0.148573 1.412029 -0.358430
v 0.510832 0.825631 -0.492854
v -0.475812 0.359502 -0.077962
v 0.263412 0.905538 0.109981
v 0.264399 1.108876 0.192963
v -0.104871 1.758625 -0.018201
v 0.094744 1.467320 -0.411784
v 0.179610 1.222517 -0.618740
v -0.224433 1.587384 0.364609
v 0.215562 1.345769 -0.285317
v 0.046511 1.522610 -0.467458
v 0.053219 1.438289 -0.528308
v -0.277932 0.248673 -0.315113
v 0.431191 0.506248 -0.005342
v 0.260075 0.362756 0.033609
v -0.427536 0.197371 -0.256861
v 0.366672 1.050040 -0.544098
v 0.481030 0.618673 -0.185249
v 0.267592 0.545841 -0.000472
v -0.291677 0.364012 -0.271896
v -0.278904 1.596548 0.250961
v 0.448236 0.722570 -0.456780
v -0.356627 0.282545 -0.061150
v -0.201089 1.584936 0.398283
v -0.095810 1.710886 -0.145153
v -0.375882 0.260788 -0.319822
v 0.296882 1.074212 -0.444962
v 0.456891 0.541417 -0.045052
v 0.290229 1.024106 -0.459725
v 0.563620 0.383418 -0.252270
v -0.339345 0.391193 -0.245450
v -0.350578 0.419160 -0.142797
v 0.301960 0.773427 -0.032893
v 0.452285 0.671617 -0.358159
v -0.246330 0.330009 -0.243549
v 0.299693 0.337263 0.051274
v 0.153978 0.383975 0.019688
v 0.216916 0.367160 -0.019761
v -0.204541 1.737918 0.057479
v -0.061503 1.417163 -0.361263
v -0.023853 1.448452 -0.479840
v -0.266000 0.282808 -0.298241
v -0.190021 1.736751 0.047698
v 0.268321 0.580975 -0.020749
v 0.351832 0.292362 0.066005
v 0.135834 0.410145 0.071642
v 0.230559 1.274253 0.327728
v -0.313005 0.400731 -0.210560
v 0.585835 0.301168 -0.144265
v -0.247590 0.288910 -0.087718
v -0.243117 1.698908 0.073971
v 0.284992 0.688371 -0.023000
v 0.481787 0.281556 0.016927
v 0.355861 0.247335 0.081700
v -0.100223 1.354096 -0.289452
v 0.157263 0.414001 0.067434
v -0.112260 1.684877 -0.185859
v 0.430515 0.547139 -0.174227
v 0.328993 0.291466 0.239399
v -0.435989 0.227041 -0.132562
v 0.269278 0.976116 -0.454311
v 0.195474 0.434053 0.016295
v -0.141931 1.347370 -0.386084
v 0.309567 0.938235 -0.521200
v -0.224834 1.617990 -0.197621
v 0.217883 0.394351 0.148298
v 0.220443 0.413255 0.110201
v 0.199815 0.715072 0.525245
v 0.255055 0.523177 0.220834
v 0.254887 0.534905 0.577829
v 0.145588 0.672813 0.659050
v 0.248746 0.515763 0.608070
v -0.186112 0.259618 -0.253188
v 0.220046 0.394661 0.187660
v 0.234672 0.439755 0.411242
v 0.069971 0.763826 0.697885
v -0.265730 0.361720 -0.148452
v 0.228702 0.438191 0.507773
v 0.038494 0.612117 0.700791
v 0.266286 0.640628 -0.013221
v -0.199320 1.197088 0.314614
v 0.053109 1.301955 -0.632364
v 0.318837 0.913583 -0.511839
v 0.272156 0.676792 0.419721
v 0.227376 0.502612 -0.002486
v -0.199242 1.363517 0.350619
v 0.052433 1.215975 -0.700060
v 0.411901 0.805532 -0.484056
v 0.439262 0.542428 -0.161211
v -0.148456 1.632917 -0.269001
v -0.224190 1.371418 0.311746
v -0.259807 0.431778 -0.120415
v 0.367525 0.177540 0.023477
v 0.106970 0.964344 -0.577401
v 0.571415 0.230987 -0.110648
v 0.234683 0.449852 0.117007
v 0.389381 0.523918 -0.133162
v -0.109324 0.142809 -0.255663
v 0.167031 0.507416 0.643052
v 0.283694 0.660367 0.414096
v 0.182972 0.451352 0.071502
v -0.239716 0.311829 -0.108145
v -0.263307 0.498148 -0.100160
v -0.313780 0.134922 -0.221523
v 0.527676 0.456671 -0.275353
v -0.344970 0.172842 -0.118944
v 0.249196 0.920358 -0.450549
v 0.340370 0.206938 0.176153
v 0.209861 0.952079 -0.491934
v -0.097320 0.175535 -0.249102
v -0.337408 0.476686 -0.083901
v -0.205388 0.083778 -0.189088
v 0.132906 0.744728 0.618842
v -0.182144 0.140981 -0.247558
v 0.267743 0.816451 -0.486028
v -0.304705 0.482589 -0.295223
v 0.469520 0.149651 -0.080363
v 0.219645 1.117348 0.293361
v -0.064897 1.231879 -0.636046
v 0.199484 0.319445 0.234106
v -0.023787 0.702418 0.644916
v 0.045624 1.133363 -0.674624
v 0.328971 0.281739 0.242302
v 0.224944 0.487208 0.152643
v 0.209035 0.972493 0.261327
v 0.144831 0.430991 0.543992
v 0.278664 0.879188 -0.508458
v -0.242423 0.395719 -0.307458
v -0.217201 1.383181 -0.209675
v 0.423345 0.534438 -0.172957
v 0.253421 0.587174 0.299393
v -0.211779 0.382112 -0.071403
v 0.396636 0.636369 -0.427200
v 0.277775 0.230188 0.251550
v 0.196209 0.722542 0.351514
v 0.364190 0.490194 -0.233720
v -0.062457 0.536783 0.639509
v 0.171769 0.554382 0.151257
v -0.377246 1.516553 0.012154
v -0.134431 1.328135 -0.512393
v -0.256029 0.403514 -0.012504
v -0.219548 0.327375 -0.060512
v -0.149126 0.222242 -0.255790
v 0.129778 0.758132 0.290353
v -0.253678 0.218654 -0.042754
v -0.216435 0.095812 -0.099087
v -0.305113 1.667164 0.045110
v -0.155711 1.338705 -0.290330
v 0.234991 0.793495 -0.484810
v 0.359867 0.066164 0.048634
v -0.360981 0.532199 -0.234880
v -0.288558 0.454072 -0.003881
v 0.231435 0.868659 -0.445476
v 0.440178 0.479501 -0.291607
v -0.001792 0.759102 0.569231
v -0.385775 1.616336 0.029632
v -0.248221 0.481333 -0.385801
v 0.194839 0.804200 0.220601
v 0.178184 0.261762 0.266934
v -0.101670 0.641583 0.590244
v -0.188959 1.323464 -0.254905
v 0.083691 1.080143 -0.637564
v 0.023226 0.993625 0.270175
v -0.249106 0.295933 -0.053651
v 0.245189 0.164499 0.238511
v 0.446413 0.459331 -0.324185
v 0.202191 0.349306 0.392938
v 0.482103 0.240017 -0.291566
v 0.179573 0.276441 0.301029
v -0.178822 0.234104 -0.052542
v 0.178252 0.658725 0.188067
v -0.171748 0.320999 -0.318140
v -0.361837 1.612860 0.075307
v 0.154144 0.828577 -0.486979
v 0.355777 0.395547 -0.300602
v 0.366060 0.100757 -0.035857
v 0.361349 0.064803 -0.002350
v -0.260475 0.564849 -0.064239
v -0.221260 1.309981 -0.293247
v -0.305604 1.310194 0.111247
v 0.337570 0.464403 -0.247965
v 0.314577 0.437186 -0.254389
v 0.379704 0.541518 -0.285673
v 0.275922 0.060348 0.137034
v -0.186860 0.324497 -0.026051
v 0.139594 0.630328 0.184156
v -0.099195 0.085007 -0.191624
v -0.156854 1.234350 -0.579843
v -0.004547 0.350755 0.486027
v -0.158983 0.598565 0.544500
v -0.174389 0.359329 -0.355143
v 0.207578 0.798216 -0.437482
v 0.087338 0.298023 0.365718
v -0.086649 0.479098 0.529118
v -0.363525 1.539800 0.001500
v -0.265970 0.513443 -0.077532
v -0.200376 0.302094 -0.010358
v -0.194977 0.084465 -0.111721
v 0.217889 0.694056 -0.449087
v 0.155414 0.242155 0.265591
v 0.398625 0.098652 -0.066801
v -0.074611 0.129596 -0.205461
v -0.214202 1.108434 0.262641
v 0.185227 0.818379 0.227551
v -0.076639 0.888587 0.248042
v 0.160900 0.060391 0.263552
v -0.002022 0.399908 0.565099
v -0.099384 0.740757 0.369138
v 0.339125 0.543022 -0.395188
v -0.139214 0.419244 -0.381757
v 0.085085 0.138381 0.287883
v 0.043155 0.935545 -0.606746
v 0.045264 0.771800 0.293046
v -0.290206 1.382295 -0.102365
v 0.185006 0.731198 -0.429392
v 0.151164 0.004928 0.039132
v 0.321493 0.043844 -0.051447
v 0.114985 0.023574 0.174720
v -0.194583 1.173127 -0.252477
v -0.236465 1.276370 -0.394059
v -0.036473 0.181144 -0.298136
v 0.103016 0.771070 0.263592
v 0.394608 0.174396 -0.265327
v -0.230064 1.235337 -0.533220
v -0.045764 0.928740 -0.556633
v 0.267145 0.421924 -0.335678
v 0.261246 0.361994 -0.253789
v -0.193362 1.026572 0.276939
v -0.252037 1.181659 -0.479064
v -0.153069 0.193469 -0.028912
v -0.156982 0.311029 -0.010995
v 0.306660 0.032187 -0.059489
v -0.041474 0.755131 0.334629
v -0.235503 1.158572 -0.296782
v 0.170085 0.680057 -0.418971
v 0.309864 0.252054 -0.272218
v -0.199737 0.181684 -0.029861
v 0.107724 0.694308 0.201822
v 0.182633 0.680559 -0.445137
v -0.160824 0.539836 0.468676
v -0.132155 0.156166 -0.041531
v -0.130384 0.679923 0.427436
v -0.343336 1.033275 -0.061819
v -0.198598 1.121819 -0.245650
v 0.281767 0.102997 -0.239366
v -0.062087 0.289324 -0.370831
v -0.195224 1.126179 -0.526116
v 0.101711 0.774932 -0.502293
v -0.209503 0.481617 0.037359
v -0.137135 0.156875 -0.048624
v -0.051991 0.120837 -0.162366
v 0.246874 0.398840 -0.348531
v -0.010083 0.268223 0.350593
v -0.113048 0.729650 0.362816
v 0.037899 0.784485 -0.550171
v -0.367077 1.376182 -0.008430
v -0.221977 1.117659 -0.206121
v -0.297271 1.177708 -0.299592
v -0.183035 0.310450 -0.011107
v 0.224265 0.315141 -0.248196
v -0.160933 0.511193 0.318415
v -0.048619 0.596588 0.177008
v -0.389243 1.122383 -0.251628
v -0.249108 1.155708 -0.351123
v -0.135172 0.452324 -0.380759
v -0.323989 0.683341 -0.448342
v -0.352945 1.189205 -0.036506
v -0.252247 1.153547 -0.359677
v 0.125598 0.595903 -0.416230
v 0.146211 0.579245 -0.395052
v 0.067837 0.232660 0.279704
v -0.308119 1.090547 -0.177354
v 0.046094 0.722857 0.258114
v -0.065556 0.676212 0.204623
v 0.031188 0.189965 0.297644
v -0.040875 0.137961 -0.131767
v 0.260374 0.335524 -0.275370
v 0.057063 0.690247 -0.495028
v -0.268549 0.656603 -0.077189
v -0.022133 0.094674 -0.156702
v -0.234204 1.120976 -0.402146
v 0.225335 0.014377 -0.012627
v 0.017349 0.220148 0.266206
v 0.198020 0.357004 -0.342723
v 0.071713 0.000000 0.109685
v 0.085201 0.666113 0.192715
v -0.366313 1.158598 -0.407979
v -0.194664 0.928116 0.253053
v -0.304798 0.684482 -0.076817
v -0.007274 0.150710 0.210707
v -0.149210 0.599029 0.362000
v -0.213104 0.739949 0.141472
v -0.155594 0.996269 -0.514511
v -0.423171 0.679506 -0.273475
v 0.183378 0.285235 -0.268451
v -0.161590 0.452614 0.355084
v -0.095190 0.335339 0.310710
v -0.430125 1.020944 -0.132732
v -0.351539 1.219217 -0.368480
v -0.079244 0.327037 -0.399307
v -0.192603 0.841107 0.233021
v 0.192079 0.317405 -0.322123
v 0.219798 0.091818 -0.232097
v -0.205923 0.409924 0.133140
v 0.156149 0.452261 -0.360259
v -0.336818 1.102476 -0.059629
v -0.393321 0.912887 -0.113949
v -0.197865 1.055987 -0.468776
v 0.091861 0.006369 0.068637
v -0.067641 0.126162 -0.078979
v -0.475740 0.997393 -0.209377
v -0.015169 0.156631 0.177252
v -0.083121 0.427231 -0.399130
v -0.190553 0.765155 0.215405
v -0.291679 1.061658 -0.113880
v -0.434190 1.101040 -0.354729
v 0.174612 0.248179 -0.230488
v 0.212381 0.222489 -0.247249
v -0.022146 0.174116 0.195420
v -0.165783 0.265454 -0.028668
v 0.121302 0.484041 -0.352507
v 0.061323 0.007504 0.058868
v -0.227921 1.068480 -0.479097
v -0.265509 0.593597 -0.059321
v -0.003372 0.620597 0.182284
v -0.182073 0.369476 0.116431
v -0.015684 0.118517 -0.245936
v -0.171509 0.981888 -0.549153
v -0.052432 0.718892 -0.477419
v -0.034528 0.115507 0.138922
v -0.023321 0.129055 -0.124233
v 0.034708 0.675477 -0.507200
v -0.177927 0.427461 0.130065
v 0.108355 0.401585 -0.439536
v -0.006514 0.070995 -0.028573
v -0.541638 0.965909 -0.337125
v -0.185898 0.632355 0.182727
v 0.066622 0.453413 -0.369026
v 0.048172 0.501450 -0.422171
v 0.029368 0.475647 -0.421851
v 0.105597 0.294269 -0.375289
v 0.044390 0.053033 -0.006035
v -0.124805 0.623191 0.247638
v -0.300600 0.904323 -0.005335
v -0.391534 0.774075 -0.419956
v -0.298350 0.997107 -0.104238
v -0.002599 0.275652 -0.301610
v -0.034719 0.478814 -0.386239
v 0.127694 0.195074 -0.221251
v -0.092119 0.567576 0.167810
v -0.464455 0.975524 -0.459163
v -0.134393 0.540047 0.154321
v 0.108799 0.119020 -0.217756
v 0.029973 0.572726 -0.466995
v -0.046887 0.401847 -0.430253
v -0.144734 0.892476 -0.519227
v -0.129483 0.886393 -0.492812
v -0.350869 0.799978 -0.094306
v 0.044380 0.398896 -0.404150
v -0.527941 0.971693 -0.350641
v 0.004492 0.157834 -0.238632
v -0.032309 0.109256 0.082731
v -0.303586 0.774737 -0.065596
v -0.311823 0.925496 -0.099065
v -0.403058 1.008218 -0.516715
v 0.088605 0.266992 -0.349083
v -0.061795 0.106081 -0.061274
v -0.397197 0.971081 -0.547978
v 0.007143 0.098039 -0.186804
v -0.336752 0.924605 -0.078791
v -0.144566 0.485710 0.122299
v -0.125121 0.825611 -0.498138
v -0.085825 0.699695 -0.449588
v 0.001647 0.348813 -0.341565
v 0.010203 0.416433 -0.359484
v 0.075981 0.150937 -0.208178
v -0.173133 0.546274 0.162470
v 0.032004 0.128767 -0.183222
v -0.096372 0.710664 -0.461668
v -0.157335 0.368458 0.105528
v -0.306194 0.878748 -0.097885
v -0.386269 0.880898 -0.515002
v -0.305251 0.778521 -0.086730
v -0.162871 0.185126 -0.004701
v 0.061995 0.160185 -0.279602
v -0.441620 0.751579 -0.301633
v -0.010562 0.395073 -0.406210
v -0.019725 0.095392 -0.056516
v -0.062118 0.581688 -0.416078
v -0.041576 0.313665 -0.366587
v -0.289091 0.765458 -0.093179
v -0.065831 0.567936 -0.416032
v -0.489500 0.839491 -0.310683
v -0.026722 0.462826 -0.377929
v -0.159296 0.263128 0.103107
v -0.179650 0.490356 0.145526
v -0.196848 0.554732 0.101740
vn -0.7564 -0.4315 -0.4916
vn -0.8104 -0.4082 -0.4202
vn -0.7771 -0.4298 -0.4599
vn -0.7083 0.6453 0.2862
vn -0.7086 0.6487 0.2777
vn -0.7072 0.6498 0.2787
vn 0.4639 0.5119 0.7230
vn 0.4499 0.5259 0.7218
vn 0.4717 0.5006 0.7258
vn 0.9764 -0.0619 0.2071
vn 0.9772 -0.0501 0.2061
vn 0.9766 -0.0492 0.2093
vn -0.5036 0.7459 0.4359
vn -0.5127 0.7676 0.3845
vn -0.4942 0.7809 0.3821
vn 0.1918 0.2651 0.9449
vn 0.1414 0.2902 0.9465
vn 0.0794 0.3029 0.9497
vn 0.0593 0.3022 0.9514
vn -0.5871 0.8055 0.0801
vn -0.5931 0.7984 0.1040
vn -0.5944 0.7967 0.1093
vn -0.5154 0.7971 0.3146
vn 0.2650 0.0019 0.9643
vn 0.4810 0.4869 0.7291
vn 0.9774 -0.0499 0.2056
vn -0.5854 0.8074 0.0736
vn -0.4996 0.7313 0.4643
vn 0.6518 0.7214 -0.2339
vn 0.7128 0.6589 -0.2403
vn 0.7264 0.6752 -0.1288
vn 0.5647 0.8120 -0.1476
vn 0.5776 0.7725 -0.2639
vn 0.8098 0.4741 0.3457
vn 0.8152 0.4714 0.3365
vn 0.8338 0.4737 0.2836
vn 0.7945 0.4941 0.3531
vn 0.7822 0.4692 0.4100
vn 0.8533 0.4628 0.2402
vn 0.7839 0.5509 0.2865
vn 0.7641 0.6092 0.2121
vn 0.7625 0.6154 0.1997
vn 0.8153 0.4828 0.3195
vn 0.8270 0.4807 0.2915
vn -0.0853 0.7675 0.6353
vn -0.1059 0.7873 0.6075
vn -0.1713 0.7965 0.5798
vn 0.6940 -0.3219 0.6440
vn 0.6410 -0.2370 0.7301
vn 0.6435 -0.2650 0.7181
vn -0.2129 0.8079 0.5496
vn 0.8768 0.3084 -0.3689
vn 0.8778 0.3084 -0.3664
vn 0.8794 0.3038 -0.3665
vn 0.7296 -0.3685 0.5761
vn 0.7077 -0.3634 0.6059
vn 0.6328 -0.2375 0.7370
vn 0.8721 0.3296 -0.3616
vn 0.8738 0.3215 -0.3649
vn 0.8670 0.3411 -0.3632
vn 0.7751 0.5495 0.3118
vn 0.8047 0.5337 0.2601
vn 0.7576 -0.5618 -0.3323
vn 0.7668 -0.5580 -0.3172
vn 0.7539 -0.5802 -0.3081
vn 0.2695 0.8490 0.4545
vn -0.1090 0.8621 0.4949
vn -0.0872 0.7987 0.5954
vn -0.2642 0.8120 0.5204
vn 0.2675 0.5035 -0.8216
vn 0.2603 0.5078 -0.8212
vn 0.2555 0.4874 -0.8350
vn 0.5779 0.7719 -0.2650
vn 0.5697 0.7777 -0.2657
vn 0.5781 0.7704 -0.2690
vn 0.5908 0.7577 0.2771
vn 0.6096 0.7463 0.2672
vn 0.5755 0.7683 0.2802
vn 0.5840 0.7652 -0.2709
vn 0.8549 0.0234 -0.5183
vn 0.8685 0.0347 -0.4944
vn 0.8596 0.0288 -0.5101
vn 0.8964 -0.1640 0.4117
vn 0.8913 -0.1723 0.4195
vn 0.8944 -0.1716 0.4129
vn 0.6435 0.7225 0.2528
vn 0.6187 0.7709 0.1516
vn 0.6151 0.1579 -0.7725
vn 0.6289 0.1462 -0.7636
vn 0.7048 0.0782 -0.7051
vn 0.6403 0.7103 0.2925
vn 0.8562 0.0448 -0.5147
vn 0.6311 0.7152 0.3002
vn 0.5827 0.7653 -0.2735
vn 0.8941 -0.1623 0.4174
vn 0.7312 0.0731 -0.6782
vn 0.8971 -0.1738 0.4063
vn 0.8965 -0.1620 0.4123
vn 0.6533 0.7208 0.2315
vn 0.8640 0.0201 -0.5031
vn 0.6532 0.7141 0.2518
vn 0.6911 0.0952 -0.7165
vn 0.5932 0.7571 -0.2737
vn 0.8898 0.0129 -0.4562
vn 0.6842 0.0927 -0.7234
vn -0.2354 0.5740 0.7843
vn -0.2367 0.5588 0.7948
vn -0.2525 0.5539 0.7934
vn 0.5794 0.7673 -0.2747
vn 0.5810 0.7667 -0.2733
vn 0.8600 -0.0627 -0.5064
vn 0.0172 0.7019 0.7120
vn 0.0313 0.6949 0.7184
vn 0.0228 0.6803 0.7325
vn 0.5893 0.7595 -0.2755
vn 0.8515 -0.0088 -0.5242
vn 0.5826 0.7667 -0.2698
vn 0.7620 -0.5447 -0.3502
vn -0.1123 0.8838 0.4542
vn -0.0724 0.9061 0.4168
vn 0.6838 0.0888 -0.7242
vn 0.6751 0.0909 -0.7321
vn 0.6684 0.7056 0.2354
vn -0.1966 0.8411 0.5039
vn 0.8541 -0.0181 -0.5197
vn 0.8432 0.0472 -0.5355
vn -0.4901 0.7529 -0.4393
vn -0.4886 0.7419 -0.4592
vn -0.4625 0.7519 -0.4699
vn 0.8875 -0.1730 0.4271
vn 0.8918 -0.1738 0.4177
vn 0.8540 -0.1782 0.4889
vn -0.2356 0.5593 0.7948
vn 0.6302 -0.2453 0.7367
vn 0.8787 -0.1784 0.4427
vn 0.8326 -0.2126 -0.5115
vn -0.2325 0.5773 0.7828
vn 0.0066 0.6918 0.7220
vn -0.0826 0.8804 0.4669
vn 0.8761 0.3094 -0.3697
vn 0.6840 -0.3368 0.6471
vn -0.1794 0.2232 0.9581
vn -0.0885 0.2074 0.9742
vn 0.0196 0.1266 0.9918
vn 0.8920 -0.1637 0.4214
vn 0.6314 0.7078 0.3169
vn 0.5962 0.7551 -0.2727
vn 0.8442 0.0111 -0.5359
vn 0.9007 -0.1578 0.4048
vn 0.5956 0.7557 -0.2723
vn 0.0235 0.6640 0.7474
vn -0.4037 0.3545 0.8434
vn -0.4044 0.3554 0.8427
vn -0.3997 0.3494 0.8475
vn 0.0077 0.7078 0.7064
vn -0.3208 0.7129 -0.6236
vn -0.1497 0.7720 -0.6178
vn -0.1609 0.7690 -0.6186
vn -0.3568 0.6482 -0.6727
vn -0.3620 0.6465 -0.6716
vn -0.3996 0.6349 -0.6613
vn -0.3202 0.6938 -0.6451
vn -0.3533 0.6852 -0.6369
vn 0.8995 0.0983 0.4257
vn 0.8937 0.0962 0.4383
vn 0.8888 0.0660 0.4534
vn 0.2939 0.5174 -0.8037
vn -0.0544 0.2729 0.9605
vn -0.0378 0.2304 0.9724
vn 0.6955 0.0886 -0.7131
vn 0.7028 0.0886 -0.7058
vn 0.2976 0.4985 -0.8142
vn 0.8966 -0.1539 0.4153
vn 0.0254 0.7764 -0.6298
vn -0.0512 0.7729 -0.6325
vn 0.0012 0.8005 -0.5993
vn -0.1288 0.7783 -0.6146
vn -0.4101 0.7945 -0.4478
vn 0.0014 -0.2260 0.9741
vn 0.0071 -0.2197 0.9755
vn 0.0051 -0.2208 0.9753
vn 0.8385 0.0414 -0.5434
vn -0.4151 0.7568 0.5049
vn -0.4124 0.7529 0.5129
vn -0.5063 0.7632 0.4015
vn 0.8626 -0.1878 0.4697
vn -0.4746 0.7920 -0.3840
vn -0.4610 0.7686 -0.4435
vn -0.4667 0.7774 -0.4218
vn -0.5455 0.8306 -0.1120
vn -0.4689 0.8805 0.0704
vn -0.4898 0.8715 0.0253
vn -0.5907 0.7449 0.3102
vn -0.5851 0.7467 0.3164
vn 0.9018 0.0638 0.4274
vn 0.6484 -0.2930 0.7027
vn 0.6405 -0.2754 0.7168
vn 0.0072 -0.2183 0.9759
vn 0.0028 0.6953 0.7187
vn 0.7169 -0.3750 0.5878
vn 0.0166 0.1381 0.9903
vn 0.4042 0.9008 -0.1590
vn -0.3780 0.7786 0.5010
vn 0.9095 -0.1643 0.3818
vn 0.9494 0.0207 0.3135
vn 0.0125 0.8055 -0.5924
vn 0.6889 0.6710 -0.2741
vn -0.5087 0.7789 -0.3667
vn -0.4687 0.7801 -0.4144
vn 0.7454 -0.5903 -0.3096
vn 0.0090 -0.2206 0.9753
vn 0.8398 0.0453 -0.5410
vn 0.8638 0.1891 0.4670
vn -0.5556 0.8194 -0.1408
vn 0.3664 0.9221 -0.1247
vn -0.4143 0.7983 -0.4371
vn 0.8967 -0.1508 0.4161
vn 0.0077 0.8234 -0.5674
vn 0.0134 0.8342 -0.5513
vn 0.0142 0.8405 -0.5416
vn 0.0059 0.8304 -0.5572
vn -0.0498 0.0227 -0.9985
vn -0.1254 0.0187 -0.9919
vn -0.0191 0.0304 -0.9994
vn 0.7465 -0.5619 -0.3565
vn -0.3961 0.3495 0.8491
vn -0.4223 0.7734 -0.4728
vn 0.2895 0.5324 -0.7955
vn 0.8308 0.0419 -0.5549
vn 0.7470 -0.5739 -0.3356
vn 0.6079 0.7928 -0.0427
vn 0.6335 0.7735 -0.0189
vn 0.9974 0.0299 -0.0655
vn 0.9974 0.0309 -0.0648
vn 0.9914 0.0075 -0.1307
vn -0.4911 0.7986 -0.3478
vn -0.4820 0.8029 -0.3506
vn 0.0179 0.8426 -0.5383
vn -0.0117 0.6939 0.7200
vn 0.7547 0.6191 -0.2174
vn 0.9822 -0.0159 -0.1873
vn 0.9765 -0.0146 -0.2150
vn -0.0827 -0.2717 -0.9588
vn -0.0427 -0.2780 -0.9596
vn -0.0473 -0.2466 -0.9680
vn 0.6730 -0.1557 0.7231
vn 0.0233 0.8776 -0.4789
vn 0.0255 0.1163 0.9929
vn 0.9945 0.0124 -0.1040
vn 0.4460 0.5465 -0.7088
vn 0.4699 0.5475 -0.6924
vn 0.4436 0.5551 -0.7036
vn 0.7114 -0.3354 0.6176
vn -0.4550 0.3699 0.8100
vn 0.7574 0.6434 -0.1111
vn 0.6963 -0.2993 0.6524
vn 0.7591 -0.3511 0.5481
vn -0.4721 0.3972 0.7870
vn 0.4301 0.5533 -0.7134
vn 0.7484 -0.5837 -0.3148
vn 0.9023 -0.1578 0.4012
vn -0.4943 0.7630 0.4166
vn 0.7600 0.6370 -0.1289
vn 0.7436 0.6687 -0.0022
vn 0.4201 0.5491 -0.7225
vn 0.6336 0.7735 -0.0189
vn 0.3824 0.8314 0.4032
vn 0.4102 0.5537 -0.7247
vn 0.4094 0.5551 -0.7241
vn -0.5341 0.7563 0.3778
vn -0.3876 0.8031 -0.4525
vn 0.6764 -0.2712 0.6847
vn 0.3384 0.5514 -0.7626
vn -0.0011 -0.2111 0.9775
vn -0.0016 -0.2582 0.9661
vn 0.4822 0.4772 0.7347
vn 0.6680 -0.2392 0.7046
vn -0.4812 0.8046 -0.3478
vn -0.7358 0.6145 -0.2846
vn 0.9055 -0.1662 0.3904
vn 0.8981 -0.1521 0.4127
vn 0.0032 -0.2123 0.9772
vn -0.4604 0.8196 -0.3411
vn 0.0263 0.0170 -0.9995
vn 0.0285 0.0368 -0.9989
vn -0.3937 0.5535 -0.7340
vn -0.4075 0.5128 -0.7556
vn -0.3945 0.5432 -0.7412
vn 0.7210 -0.3772 0.5813
vn -0.0742 0.2738 0.9589
vn -0.5369 0.7702 0.3444
vn 0.6718 -0.2468 0.6984
vn 0.7374 -0.3248 0.5922
vn 0.3644 0.0954 0.9263
vn 0.3483 0.0895 0.9331
vn 0.2452 0.0307 0.9690
vn 0.7953 0.5667 -0.2151
vn 0.5620 -0.2787 -0.7788
vn 0.5671 -0.3046 -0.7652
vn 0.5767 -0.2961 -0.7614
vn 0.9762 -0.0284 -0.2151
vn -0.0127 -0.2861 -0.9581
vn 0.8206 -0.3606 -0.4434
vn 0.8148 -0.3681 -0.4479
vn 0.8240 -0.3648 -0.4335
vn 0.9762 -0.0671 0.2063
vn 0.0360 0.3194 0.9469
vn -0.0966 0.2565 0.9617
vn -0.5691 0.7538 0.3286
vn -0.6661 0.7456 -0.0194
vn -0.7208 0.6916 -0.0463
vn -0.7059 0.7055 -0.0623
vn -0.3598 0.8296 -0.4270
vn 0.5351 -0.5798 0.6144
vn 0.4979 -0.5857 0.6396
vn 0.5264 -0.5518 0.6469
vn 0.1388 0.9695 -0.2021
vn 0.1364 0.9694 -0.2039
vn 0.1223 0.9691 -0.2142
vn -0.3558 0.7061 -0.6123
vn -0.3640 0.6925 -0.6229
vn -0.3751 0.6734 -0.6371
vn 0.9054 -0.1637 0.3917
vn -0.5635 0.7436 0.3600
vn -0.0010 0.0321 -0.9995
vn 0.9657 -0.0533 -0.2541
vn 0.2418 0.9550 -0.1719
vn 0.1389 0.9695 -0.2021
vn 0.9544 0.1123 0.2767
vn 0.3375 0.0204 0.9411
vn 0.0108 -0.2117 0.9773
vn 0.0158 0.8406 -0.5415
vn -0.7508 0.2683 -0.6035
vn -0.7571 0.2643 -0.5974
vn -0.7652 0.2519 -0.5924
vn -0.2831 0.2087 0.9361
vn 0.6821 -0.2552 0.6852
vn -0.5321 0.4276 0.7308
vn -0.4635 0.8236 -0.3269
vn 0.5642 -0.5533 0.6128
vn -0.5151 0.4366 0.7376
vn 0.0785 -0.2758 -0.9580
vn -0.0291 -0.2203 -0.9750
vn 0.7502 -0.5870 -0.3044
vn 0.6524 0.7544 0.0724
vn 0.6069 0.7945 0.0210
vn 0.6205 0.7831 0.0416
vn 0.2381 0.9561 -0.1706
vn 0.0170 -0.7787 -0.6272
vn 0.2977 0.9428 -0.1502
vn 0.2921 0.9436 -0.1559
vn -0.0000 0.7096 0.7046
vn -0.0500 0.7573 0.6511
vn 0.0017 0.7216 0.6923
vn -0.7404 0.2730 -0.6143
vn 0.5192 -0.0145 -0.8545
vn 0.5291 -0.0078 -0.8485
vn 0.5133 -0.0278 -0.8578
vn 0.0174 0.0192 -0.9997
vn 0.0101 0.7258 0.6879
vn -0.1485 0.7767 0.6121
vn -0.2500 0.2702 0.9298
vn -0.2417 0.2675 0.9328
vn -0.1494 0.2371 0.9599
vn 0.5807 -0.2893 -0.7610
vn 0.5012 -0.3100 -0.8079
vn 0.9733 -0.1015 0.2057
vn 0.2900 -0.8514 -0.4370
vn 0.2142 -0.8817 -0.4203
vn 0.2368 -0.8710 -0.4305
vn 0.2478 -0.8277 0.5035
vn -0.5255 0.7937 0.3064
vn 0.4979 -0.5232 0.6916
vn 0.2209 -0.0138 0.9752
vn 0.0042 -0.2108 0.9775
vn -0.6655 0.7411 -0.0890
vn -0.3347 0.5866 -0.7375
vn 0.1817 -0.2886 -0.9400
vn 0.4301 0.9009 -0.0574
vn 0.4376 0.8959 -0.0762
vn 0.4351 0.8977 -0.0699
vn 0.6617 0.7442 0.0910
vn 0.3080 -0.8513 -0.4248
vn 0.2368 -0.8709 -0.4306
vn -0.5096 0.4396 0.7397
vn 0.4267 0.5574 -0.7122
vn 0.0414 0.3322 0.9423
vn 0.7398 -0.5913 0.3209
vn 0.7469 -0.5761 0.3322
vn 0.7474 -0.5749 0.3331
vn -0.1374 0.2331 0.9627
vn 0.4415 0.8931 -0.0861
vn 0.5497 0.8349 -0.0278
vn 0.5435 0.8387 -0.0352
vn 0.8115 0.3855 0.4392
vn 0.7916 0.3961 0.4652
vn 0.8205 0.3725 0.4337
vn 0.9318 0.1897 0.3093
vn 0.8166 0.3979 0.4181
vn 0.9662 -0.2569 0.0204
vn 0.9581 -0.2852 0.0263
vn 0.9692 -0.2462 -0.0032
vn 0.7822 0.4034 0.4748
vn 0.3965 -0.0373 0.9173
vn 0.3895 -0.0499 0.9197
vn 0.3837 -0.0470 0.9223
vn 0.3766 -0.0592 0.9245
vn 0.7580 0.4150 0.5032
vn 0.9621 -0.2724 -0.0150
vn 0.3937 -0.0641 0.9170
vn 0.9549 -0.2941 -0.0411
vn 0.9505 -0.3067 0.0507
vn 0.8092 0.4321 0.3980
vn -0.5097 0.4398 0.7395
vn 0.5968 -0.0758 0.7988
vn 0.5465 -0.0865 0.8330
vn -0.8227 -0.1348 0.5523
vn -0.8585 -0.1228 0.4979
vn -0.8798 -0.1136 0.4615
vn -0.4458 0.8432 -0.3006
vn -0.4346 0.8538 -0.2865
vn -0.4577 0.8306 -0.3171
vn 0.9611 -0.2754 0.0209
vn 0.4617 0.8865 0.0305
vn 0.3559 0.9339 0.0343
vn 0.4525 0.8913 0.0289
vn 0.8978 -0.1539 0.4125
vn 0.7561 -0.5780 -0.3069
vn 0.3124 -0.8591 -0.4053
vn 0.9448 -0.3216 -0.0631
vn 0.9331 -0.3431 -0.1076
vn -0.5618 0.7244 0.3994
vn -0.5016 0.8372 0.2181
vn 0.6191 -0.1699 -0.7667
vn 0.5355 -0.2819 -0.7961
vn 0.5725 -0.2349 -0.7855
vn 0.9825 0.1333 0.1301
vn 0.9870 0.0556 0.1505
vn 0.9864 0.0716 0.1480
vn 0.9898 -0.0280 0.1393
vn 0.9869 0.0342 0.1576
vn 0.9767 -0.2145 0.0075
vn 0.5402 -0.0872 0.8370
vn -0.6775 0.7180 -0.1596
vn -0.3348 0.9419 0.0262
vn -0.3192 0.9460 0.0567
vn -0.3542 0.9351 -0.0129
vn 0.5504 -0.3056 -0.7770
vn 0.7620 -0.5544 -0.3347
vn -0.3664 0.5901 -0.7194
vn 0.6049 -0.5399 0.5852
vn 0.5490 -0.5372 0.6404
vn 0.9518 -0.3054 0.0284
vn 0.3069 -0.7840 0.5396
vn 0.3105 -0.7850 0.5360
vn 0.2773 -0.8016 0.5296
vn 0.7550 -0.5573 0.3456
vn 0.7476 -0.4311 0.5051
vn 0.5188 -0.5213 0.6776
vn 0.3013 -0.7846 0.5419
vn 0.8968 -0.2513 0.3641
vn 0.8925 -0.3315 0.3060
vn 0.8941 -0.2368 0.3802
vn -0.0001 -0.3185 -0.9479
vn 0.6543 -0.1156 -0.7473
vn -0.9034 -0.1122 0.4139
vn 0.5870 -0.2834 -0.7584
vn 0.3575 -0.0745 0.9309
vn 0.5821 0.6114 -0.5360
vn 0.6721 0.5399 -0.5067
vn 0.5841 0.6055 -0.5406
vn 0.9004 -0.1664 0.4020
vn -0.8465 -0.1155 0.5198
vn 0.9842 -0.0102 0.1770
vn -0.5063 0.1248 -0.8533
vn 0.7527 -0.5790 -0.3134
vn 0.5053 -0.0367 -0.8622
vn 0.5481 0.6164 -0.5653
vn 0.4400 0.6994 -0.5632
vn 0.5030 0.6616 -0.5561
vn -0.3252 0.5866 -0.7418
vn -0.7684 0.2208 -0.6007
vn -0.7404 0.2730 -0.6142
vn 0.2257 -0.3544 -0.9075
vn 0.2762 -0.8116 0.5148
vn -0.6763 0.6703 0.3055
vn -0.6409 0.6921 0.3321
vn -0.6872 0.6627 0.2976
vn -0.8093 0.0038 -0.5874
vn -0.8003 0.0034 -0.5996
vn -0.8134 0.0106 -0.5817
vn 0.5942 0.5757 -0.5617
vn 0.5081 -0.2607 -0.8209
vn 0.4977 -0.2889 -0.8178
vn -0.3916 0.9155 -0.0922
vn 0.2941 0.8595 -0.4180
vn 0.3052 0.8597 -0.4095
vn 0.2954 0.8596 -0.4170
vn -0.7800 0.0525 -0.6236
vn -0.5060 -0.2437 -0.8274
vn -0.4900 -0.2194 -0.8437
vn -0.4961 -0.2431 -0.8335
vn 0.7526 -0.3705 0.5444
vn 0.9363 -0.3477 0.0501
vn -0.5456 0.1354 0.8270
vn -0.5509 0.1301 0.8244
vn -0.5802 0.1274 0.8044
vn 0.1117 -0.3220 -0.9401
vn -0.5495 0.7633 0.3397
vn -0.4669 0.8219 -0.3264
vn 0.4980 0.8668 0.0269
vn -0.8780 -0.1200 0.4635
vn 0.3388 0.9401 0.0366
vn 0.4081 0.9120 0.0414
vn -0.5857 0.1242 0.8010
vn -0.6579 0.7379 -0.1508
vn 0.8268 -0.3585 -0.4334
vn 0.0120 0.0138 -0.9998
vn 0.4176 -0.2988 -0.8581
vn 0.5856 -0.2707 -0.7641
vn 0.0749 0.5090 0.8575
vn 0.0707 0.4913 0.8681
vn 0.0979 0.3799 0.9198
vn 0.7533 -0.5644 -0.3376
vn 0.5000 -0.0473 -0.8647
vn 0.6628 0.5134 -0.5450
vn -0.3835 0.6583 -0.6478
vn 0.8244 -0.3732 -0.4256
vn 0.9946 -0.0474 0.0928
vn 0.6109 -0.4554 0.6476
vn 0.6343 -0.4438 0.6330
vn 0.5977 -0.4781 0.6436
vn 0.2839 0.8592 -0.4256
vn 0.8978 -0.1789 0.4024
vn -0.8514 0.4874 0.1939
vn 0.0225 -0.3272 -0.9447
vn -0.6251 0.1147 0.7721
vn 0.8920 -0.2004 0.4053
vn -0.8944 -0.1363 0.4260
vn -0.9011 -0.1259 0.4150
vn -0.2279 0.7892 0.5702
vn -0.7908 0.2401 -0.5630
vn -0.8208 0.2294 -0.5232
vn 0.7772 -0.4795 -0.4075
vn 0.1179 0.2837 0.9516
vn 0.0699 0.4639 0.8831
vn 0.2475 -0.8290 0.5014
vn -0.5490 0.7640 0.3389
vn 0.5556 0.7503 -0.3582
vn 0.6510 -0.4184 0.6334
vn 0.6612 -0.4504 0.6000
vn -0.6508 0.7588 -0.0250
vn 0.5677 -0.2814 -0.7737
vn 0.2421 -0.8025 0.5453
vn 0.7164 0.4873 -0.4993
vn 0.8989 -0.1968 0.3914
vn -0.9091 -0.1184 0.3995
vn 0.2051 -0.3618 -0.9094
vn 0.8929 -0.1982 0.4043
vn -0.4604 0.8280 -0.3200
vn -0.1512 0.8887 -0.4329
vn -0.1295 0.8927 -0.4317
vn -0.1979 0.8785 -0.4348
vn 0.5364 -0.5633 0.6285
vn 0.2254 -0.8245 0.5190
vn 0.0093 -0.3295 -0.9441
vn 0.1587 0.0195 0.9871
vn 0.6180 -0.3568 0.7005
vn 0.0208 -0.2159 0.9762
vn 0.0126 -0.2136 0.9768
vn -0.2082 0.8760 -0.4351
vn 0.0846 -0.2254 0.9706
vn 0.0767 -0.2306 0.9700
vn 0.1049 -0.2117 0.9717
vn 0.5554 -0.2986 -0.7761
vn -0.5806 0.6379 -0.5060
vn -0.3930 0.9192 0.0266
vn 0.0171 -0.3238 -0.9460
vn -0.3620 0.7083 -0.6060
vn 0.5153 -0.8048 -0.2945
vn 0.5260 -0.7913 -0.3117
vn 0.4940 -0.8107 -0.3141
vn 0.5228 -0.7911 -0.3176
vn 0.5822 0.6114 -0.5360
vn 0.7051 0.5149 -0.4876
vn 0.7122 0.4890 -0.5037
vn 0.2022 -0.8123 0.5470
vn -0.5482 0.7624 0.3439
vn -0.4234 0.5864 -0.6905
vn 0.9401 -0.3346 0.0647
vn -0.6488 0.1111 0.7528
vn -0.8069 0.0669 -0.5869
vn -0.6645 0.7401 -0.1034
vn -0.7320 -0.5428 0.4118
vn -0.7297 -0.5406 0.4188
vn -0.7484 -0.5062 0.4285
vn 0.5377 -0.5864 0.6058
vn 0.9954 -0.0695 0.0654
vn 0.9969 -0.0650 0.0454
vn -0.5107 -0.2375 -0.8263
vn -0.1319 -0.1585 -0.9785
vn -0.1224 -0.1846 -0.9751
vn -0.1520 -0.1656 -0.9744
vn 0.9498 -0.2994 0.0902
vn 0.3975 0.9165 0.0455
vn -0.0095 -0.2144 0.9767
vn 0.5614 -0.2811 -0.7784
vn -0.8336 0.2166 -0.5081
vn -0.7909 0.2401 -0.5629
vn 0.7561 -0.5702 -0.3213
vn 0.6655 0.5157 -0.5396
vn 0.5482 0.6164 -0.5653
vn -0.0191 -0.2204 0.9752
vn 0.1176 -0.2031 0.9721
vn -0.8909 -0.1247 0.4367
vn 0.7577 -0.5609 -0.3336
vn -0.4731 -0.2786 -0.8358
vn -0.4528 -0.2904 -0.8430
vn -0.3889 0.4924 -0.7786
vn -0.4016 0.4868 -0.7757
vn -0.4510 0.4530 -0.7690
vn 0.5045 -0.7935 -0.3402
vn -0.7509 -0.5088 0.4211
vn 0.0218 -0.2173 0.9759
vn 0.5022 -0.3146 -0.8055
vn 0.4450 0.4374 -0.7814
vn -0.6651 0.0991 0.7401
vn -0.0250 0.9495 -0.3128
vn -0.6633 0.7251 -0.1850
vn -0.4161 0.5944 -0.6882
vn 0.2047 -0.7879 0.5808
vn -0.0839 0.9964 0.0102
vn 0.0088 0.9991 0.0421
vn -0.1022 0.9947 0.0140
vn -0.8799 -0.1539 0.4495
vn 0.7684 -0.5771 -0.2764
vn 0.6740 -0.4125 0.6129
vn 0.1188 -0.2923 0.9489
vn 0.1537 -0.3372 0.9288
vn 0.0984 -0.2656 0.9590
vn -0.7114 -0.5796 0.3976
vn -0.2705 0.9362 -0.2245
vn -0.3515 0.8974 -0.2667
vn -0.2895 0.9280 -0.2345
vn 0.5388 -0.3015 -0.7866
vn -0.1108 -0.2102 -0.9714
vn 0.7680 -0.4876 -0.4153
vn 0.6144 -0.7335 0.2907
vn -0.8253 -0.0124 -0.5646
vn -0.1319 -0.1584 -0.9785
vn -0.1566 -0.1432 -0.9772
vn 0.1633 -0.2346 0.9583
vn 0.3075 -0.2425 0.9201
vn 0.2999 -0.2482 0.9211
vn -0.4268 0.5931 -0.6827
vn -0.4511 0.4530 -0.7690
vn -0.4383 0.4377 -0.7851
vn 0.5375 -0.5868 0.6056
vn 0.5364 -0.5633 0.6284
vn -0.7648 0.0528 0.6421
vn -0.7735 0.0580 0.6312
vn -0.7497 0.0818 0.6567
vn 0.3012 -0.9452 0.1260
vn 0.2671 -0.9415 0.2053
vn 0.2594 -0.9488 0.1801
vn -0.6980 0.6479 0.3050
vn -0.8402 -0.1216 0.5286
vn -0.7796 0.0069 -0.6263
vn -0.8051 0.0140 -0.5930
vn 0.8247 -0.5516 -0.1248
vn 0.2612 0.0549 0.9637
vn 0.2949 -0.0012 0.9555
vn 0.2411 0.0449 0.9695
vn -0.0277 0.9988 0.0412
vn -0.6823 0.0692 -0.7278
vn -0.6754 0.0619 -0.7348
vn -0.7457 0.0844 0.6610
vn -0.3736 0.8849 -0.2781
vn 0.3037 -0.9480 0.0950
vn 0.4295 -0.9023 0.0366
vn 0.1486 -0.8168 0.5574
vn 0.7246 0.4607 -0.5126
vn -0.8809 0.1501 -0.4488
vn -0.8069 0.0668 -0.5869
vn -0.8241 0.0121 -0.5663
vn -0.8266 0.2021 -0.5253
vn 0.0059 -0.3290 -0.9443
vn -0.5723 0.4889 -0.6584
vn 0.5881 -0.8047 0.0817
vn 0.2703 -0.9308 0.2461
vn 0.2573 -0.9419 0.2162
vn 0.1824 -0.7659 0.6166
vn -0.8709 0.0197 -0.4911
vn -0.9766 0.2083 -0.0532
vn -0.9866 0.1570 0.0436
vn -0.9557 0.2673 -0.1228
vn -0.1820 -0.1447 -0.9726
vn -0.6978 -0.5917 0.4036
vn 0.2962 -0.0101 0.9551
vn 0.7300 0.4551 -0.5099
vn -0.2006 0.9795 0.0174
vn -0.2284 0.9733 0.0222
vn -0.1023 0.9947 0.0140
vn -0.2006 0.9795 0.0173
vn -0.9089 -0.1258 0.3975
vn -0.9822 0.1247 0.1402
vn -0.9843 0.1118 0.1365
vn -0.4953 -0.2341 -0.8366
vn -0.5260 -0.2213 -0.8212
vn -0.9114 -0.1250 0.3921
vn -0.4490 0.1320 -0.8837
vn -0.7708 0.0465 -0.6354
vn 0.5399 -0.3269 -0.7757
vn -0.8927 0.1180 -0.4349
vn 0.0984 -0.2656 0.9591
vn -0.9676 0.0855 0.2377
vn 0.5301 -0.3156 -0.7870
vn 0.7216 -0.5824 -0.3742
vn 0.4148 -0.8116 0.4114
vn 0.4165 -0.8067 0.4192
vn 0.4260 -0.7748 0.4672
vn -0.4075 0.5624 -0.7195
vn -0.3187 0.6136 -0.7225
vn -0.3636 0.6089 -0.7050
vn 0.7877 -0.5860 -0.1899
vn -0.7501 0.1446 0.6453
vn -0.6132 0.5111 -0.6022
vn -0.4454 0.6298 -0.6364
vn -0.4055 0.5578 -0.7241
vn -0.8709 0.0196 -0.4911
vn -0.8607 -0.0004 -0.5091
vn 0.4738 -0.8118 -0.3413
vn -0.7962 -0.3384 -0.5015
vn -0.7682 -0.3131 -0.5584
vn -0.7598 -0.2807 -0.5865
vn -0.6824 0.6563 0.3220
vn -0.9109 -0.1230 0.3938
vn 0.1545 -0.8314 0.5338
vn -0.7540 -0.5147 0.4081
vn 0.0532 -0.2507 0.9666
vn -0.8384 -0.4782 0.2614
vn 0.0214 -0.2745 -0.9614
vn 0.2049 0.1217 0.9712
vn -0.0654 -0.9304 -0.3608
vn 0.0316 -0.9397 -0.3405
vn -0.1390 -0.9256 -0.3519
vn 0.4266 -0.7726 0.4703
vn -0.9710 0.2218 -0.0896
vn -0.9821 0.1836 -0.0416
vn -0.9626 0.2660 -0.0519
vn 0.4962 -0.3365 -0.8003
vn 0.5543 -0.3181 -0.7692
vn 0.6694 -0.6111 -0.4224
vn -0.0361 -0.2311 0.9722
vn -0.9843 0.1118 0.1364
vn -0.4526 -0.3040 -0.8383
vn -0.0166 -0.2839 -0.9587
vn 0.3021 0.1371 0.9434
vn -0.8488 0.4948 0.1864
vn 0.5236 -0.7656 -0.3738
vn -0.4843 -0.6749 0.5567
vn -0.5123 -0.6668 0.5412
vn -0.5265 -0.6581 0.5383
vn -0.6844 0.4741 -0.5539
vn -0.9993 0.0359 -0.0061
vn -0.9930 0.1025 -0.0593
vn -0.9589 0.2661 -0.0984
vn -0.8152 0.0329 -0.5783
vn -0.1433 -0.3278 -0.9338
vn -0.4102 0.6709 -0.6178
vn -0.3368 0.6856 -0.6453
vn -0.9119 -0.1218 0.3919
vn 0.5557 0.8272 0.0838
vn 0.5508 0.8309 0.0786
vn 0.5509 0.8308 0.0788
vn -0.6970 -0.5862 0.4129
vn -0.7956 -0.0186 -0.6055
vn -0.1462 -0.1499 -0.9778
vn -0.7289 -0.5532 0.4034
vn -0.1647 0.8005 0.5763
vn -0.2247 0.7825 0.5808
vn -0.1862 0.8341 0.5192
vn -0.0077 -0.2584 0.9660
vn 0.1577 0.9680 0.1951
vn -0.9279 -0.3656 -0.0733
vn -0.9409 -0.3355 -0.0465
vn -0.9226 -0.3767 -0.0833
vn 0.5379 -0.3239 -0.7783
vn -0.2608 -0.0493 -0.9641
vn -0.0335 -0.2260 0.9735
vn -0.0945 0.8145 0.5724
vn -0.4710 -0.2357 -0.8501
vn -0.3420 0.5981 0.7248
vn 0.5453 -0.3230 -0.7735
vn 0.0445 -0.1882 -0.9811
vn -0.0165 -0.2839 -0.9587
vn -0.0848 0.8393 0.5371
vn 0.9304 -0.0285 -0.3654
vn 0.6147 -0.6583 -0.4344
vn 0.1212 -0.9178 -0.3781
vn 0.1486 -0.8169 0.5574
vn 0.1544 -0.8314 0.5337
vn 0.1374 -0.8408 0.5237
vn 0.0515 -0.3388 0.9395
vn 0.5456 0.8348 0.0732
vn -0.9101 -0.4009 -0.1053
vn -0.2615 0.8023 0.5365
vn -0.8408 -0.3231 -0.4343
vn -0.7763 0.0358 -0.6294
vn -0.0700 -0.2413 -0.9679
vn -0.9282 -0.1373 0.3459
vn -0.9434 -0.0960 0.3174
vn -0.7719 0.5948 0.2244
vn -0.7863 0.5759 0.2236
vn -0.7703 0.5980 0.2215
vn -0.6734 -0.6133 0.4127
vn -0.2900 0.7174 -0.6335
vn -0.3209 0.7136 -0.6227
vn 0.7778 -0.5876 -0.2232
vn -0.6255 0.0723 -0.7769
vn 0.2302 -0.9539 0.1926
vn -0.9147 0.0014 0.4040
vn -0.9236 0.0215 0.3828
vn -0.9522 0.1321 0.2754
vn -0.5300 -0.6634 0.5282
vn -0.5329 -0.6575 0.5326
vn -0.4849 -0.2903 -0.8250
vn -0.7885 -0.0474 -0.6132
vn -0.2545 -0.3412 -0.9049
vn 0.4860 0.6025 -0.6330
vn 0.6490 0.5858 -0.4855
vn 0.5669 0.5796 -0.5854
vn -1.0000 0.0089 -0.0036
vn -0.2609 0.6533 -0.7108
vn 0.6036 -0.3102 -0.7345
vn -0.5215 -0.6545 0.5474
vn -0.0619 -0.2199 0.9736
vn -0.3629 -0.3306 -0.8712
vn 0.4972 -0.4494 -0.7422
vn 0.4073 -0.4688 -0.7838
vn 0.3088 -0.4750 -0.8240
vn 0.5263 0.7395 -0.4196
vn 0.5036 0.7755 -0.3808
vn -0.7444 0.5074 -0.4340
vn -0.7561 0.4766 -0.4486
vn -0.7561 0.4840 -0.4406
vn 0.2016 0.8167 -0.5407
vn 0.5548 -0.4325 -0.7108
vn 0.4074 -0.4688 -0.7837
vn -0.3046 -0.7593 -0.5751
vn -0.2111 -0.8763 -0.4331
vn -0.9517 0.2703 -0.1460
vn -0.0524 0.5678 -0.8215
vn -0.0641 0.5557 -0.8289
vn -0.0393 0.5991 -0.7997
vn 0.4882 -0.3405 -0.8036
vn -0.0787 -0.9785 -0.1905
vn -0.1300 -0.9681 -0.2141
vn -0.0428 -0.9839 -0.1737
vn -0.6109 -0.6566 0.4424
vn -0.2430 0.8576 0.4533
vn -0.7506 0.6074 0.2601
vn -0.7534 0.6125 0.2392
vn -0.8631 -0.2996 -0.4065
vn 0.1736 -0.8304 0.5295
vn -0.8187 -0.1843 0.5439
vn -0.8312 -0.2249 0.5084
vn -0.8248 -0.2130 0.5237
vn 0.4716 0.7459 -0.4704
vn 0.4728 0.7307 -0.4925
vn 0.4717 0.7361 -0.4854
vn 0.4860 0.6026 -0.6331
vn 0.5669 0.5796 -0.5855
vn 0.4655 0.5913 -0.6586
vn -0.3826 0.0396 -0.9230
vn -0.3538 0.0874 -0.9312
vn -0.9483 0.1867 0.2568
vn 0.0549 -0.3187 0.9463
vn -0.7128 0.0441 -0.7000
vn 0.0107 -0.9889 -0.1482
vn -0.9408 -0.1042 0.3225
vn -0.4988 -0.3539 -0.7912
vn 0.5970 -0.6258 -0.5020
vn 0.4680 0.7200 -0.5123
vn -0.5618 -0.6933 0.4515
vn 0.4242 0.6250 -0.6553
vn -0.2424 -0.8969 -0.3698
vn -0.2700 -0.0590 -0.9610
vn -0.9095 -0.1431 0.3903
vn -0.7794 -0.0302 -0.6258
vn -0.7334 0.4457 -0.5133
vn 0.4672 0.7198 -0.5134
vn -0.5435 -0.6462 0.5357
vn -0.4747 -0.3115 -0.8232
vn 0.5565 -0.4344 -0.7083
vn -0.6257 0.0835 -0.7756
vn 0.4937 -0.3559 -0.7934
vn -0.3032 0.7192 -0.6252
vn 0.0325 -0.3213 0.9464
vn -0.7466 0.6238 0.2314
vn -0.0343 0.6176 -0.7858
vn 0.4475 -0.6708 -0.5915
vn 0.5027 -0.6319 -0.5899
vn 0.5068 -0.6222 -0.5966
vn 0.5529 -0.4384 -0.7086
vn -0.2763 -0.8935 -0.3540
vn -0.0121 -0.8138 -0.5811
vn 0.1609 -0.7877 -0.5946
vn 0.1321 -0.7950 -0.5921
vn -0.6373 -0.7638 0.1024
vn -0.7108 -0.7021 0.0417
vn -0.7250 -0.6866 0.0542
vn 0.8845 0.1134 -0.4524
vn 0.8820 0.1131 -0.4575
vn 0.9097 0.1462 -0.3888
vn 0.4648 -0.6499 -0.6013
vn -0.2080 0.7253 -0.6563
vn -0.3241 0.6605 -0.6773
vn -0.3378 0.6703 -0.6608
vn 0.4892 -0.3663 -0.7915
vn 0.4985 -0.7546 -0.4267
vn 0.4586 -0.7930 -0.4010
vn -0.9994 0.0201 -0.0288
vn 0.8732 0.1073 -0.4753
vn -0.6912 0.0528 -0.7208
vn -0.1862 0.1340 0.9733
vn -0.1802 0.1635 0.9700
vn -0.1891 0.1230 0.9742
vn -0.2993 0.0453 -0.9531
vn -0.8314 -0.2354 0.5034
vn -0.1917 0.0914 0.9772
vn -0.1863 0.0948 0.9779
vn -0.7148 -0.5621 0.4162
vn -0.9628 0.2421 -0.1198
vn 0.1584 -0.3661 -0.9170
vn 0.5795 -0.3227 -0.7484
vn -0.4461 0.6062 -0.6584
vn -0.9443 0.2033 0.2588
vn -0.0399 0.6174 -0.7856
vn -0.4711 -0.3420 -0.8131
vn 0.5777 -0.6631 -0.4760
vn -0.0025 -0.7633 -0.6461
vn -0.7069 0.4964 -0.5039
vn -0.7201 0.5070 -0.4737
vn -0.7270 0.5138 -0.4555
vn -0.9543 -0.1280 0.2699
vn 0.0295 -0.3524 0.9354
vn -0.1078 -0.3356 0.9358
vn -0.0932 -0.2413 0.9660
vn -0.2774 0.7313 -0.6231
vn -0.8365 -0.2424 0.4915
vn 0.8850 0.1036 -0.4540
vn -0.4490 -0.4516 -0.7710
vn -0.4150 -0.4595 -0.7853
vn -0.4358 -0.4650 -0.7706
vn 0.6448 -0.5648 -0.5149
vn -0.6392 0.0802 -0.7649
vn -0.8667 0.4908 -0.0888
vn -0.6746 -0.6001 0.4299
vn -0.5007 0.6039 -0.6202
vn -0.6802 -0.7279 0.0869
vn -0.7251 -0.6866 0.0541
vn -0.7292 -0.6827 0.0472
vn -0.0347 0.6404 -0.7673
vn -0.6303 0.0829 -0.7719
vn -0.7985 -0.3904 -0.4583
vn -0.7881 -0.3597 -0.4995
vn -0.7871 -0.4088 -0.4620
vn -0.4918 -0.3190 -0.8101
vn -0.4627 -0.4207 -0.7804
vn -0.4469 -0.4416 -0.7780
vn -0.9810 0.1642 -0.1032
vn -0.6306 0.0829 -0.7717
vn 0.8869 0.1031 -0.4504
vn -0.4803 -0.3430 -0.8072
vn 0.3792 -0.7264 -0.5732
vn -0.5618 -0.6933 0.4514
vn -0.6626 -0.6125 0.4311
vn 0.0911 -0.5334 0.8409
vn 0.7081 -0.5004 -0.4981
vn -0.2701 -0.0590 -0.9610
vn -0.3568 -0.0877 -0.9301
vn -0.6800 -0.7281 0.0865
vn -0.1077 0.1040 0.9887
vn -0.7838 -0.3619 -0.5047
vn 0.7402 -0.0280 -0.6718
vn 0.7245 -0.0597 -0.6867
vn 0.7367 -0.0354 -0.6753
vn -0.9476 -0.1241 0.2943
vn -0.8369 -0.2389 0.4925
vn -0.8069 -0.4161 -0.4194
vn -0.7327 0.3669 -0.5732
vn -0.4473 -0.4570 -0.7688
vn -0.4511 -0.4628 -0.7631
vn -0.9032 -0.1375 0.4065
vn -0.5621 -0.3837 -0.7327
vn -0.5616 -0.3835 -0.7332
vn -0.6348 -0.4148 -0.6519
vn -0.3251 -0.8635 -0.3857
vn -0.0994 -0.7599 -0.6424
vn 0.6100 0.0933 0.7869
vn 0.4598 0.1311 0.8783
vn 0.6021 0.0939 0.7929
vn -0.4627 -0.4207 -0.7803
vn -0.6213 -0.3475 -0.7023
vn -0.9987 0.0416 -0.0280
vn 0.6013 -0.7689 -0.2173
vn -0.0954 -0.6935 -0.7141
vn 0.0953 -0.5186 0.8497
vn -0.9116 -0.1657 0.3762
vn -0.5806 -0.3898 -0.7148
vn -0.8034 -0.0555 -0.5929
vn -0.7676 -0.3001 -0.5663
vn -0.4123 -0.5860 -0.6976
vn -0.4052 -0.5976 -0.6919
vn -0.0041 -0.3310 -0.9436
vn 0.0098 -0.3077 -0.9514
vn -0.0077 -0.3148 -0.9491
vn 0.7210 -0.0662 -0.6897
vn -0.6134 -0.2030 -0.7632
vn -0.9414 -0.1213 -0.3147
vn 0.5124 -0.2256 0.8286
vn 0.4976 -0.3041 0.8124
vn 0.5100 -0.2555 0.8214
vn 0.4919 0.1890 0.8499
vn 0.4739 -0.1309 -0.8708
vn 0.5069 -0.1397 -0.8506
vn 0.4998 -0.1378 -0.8551
vn 0.9259 -0.2018 -0.3193
vn -0.4219 -0.1664 -0.8912
vn -0.4414 -0.4000 -0.8032
vn 0.3549 -0.9158 -0.1881
vn -0.1044 0.1264 0.9865
vn -0.6554 -0.6014 0.4569
vn -0.2394 -0.2559 0.9366
vn 0.7576 0.3970 -0.5181
vn -0.0104 -0.3365 -0.9416
vn -0.9654 -0.0919 0.2441
vn 0.5527 0.4298 -0.7140
vn 0.4019 -0.5200 -0.7537
vn 0.6070 -0.4091 -0.6813
vn 0.4199 -0.5145 -0.7476
vn -0.5696 -0.8093 0.1438
vn 0.4675 -0.1292 -0.8745
vn 0.7022 -0.5095 -0.4973
vn 0.6932 -0.4540 -0.5597
vn -0.4411 -0.6143 -0.6543
vn -0.2224 -0.9044 -0.3640
vn -0.2070 -0.9598 -0.1895
vn -0.3220 -0.8725 -0.3676
vn -0.9996 0.0100 0.0258
vn -0.1517 0.6721 -0.7248
vn -0.1365 0.6839 -0.7167
vn -0.1802 0.7054 -0.6855
vn -0.4317 -0.3960 -0.8105
vn 0.4396 -0.2001 0.8756
vn 0.4216 -0.2188 0.8800
vn 0.4605 -0.2170 -0.8607
vn -0.3405 -0.8547 -0.3920
vn -0.9597 -0.0830 0.2683
vn 0.7761 -0.2947 -0.5576
vn 0.7466 -0.4443 -0.4951
vn 0.7557 -0.3420 -0.5585
vn 0.6217 -0.5661 0.5414
vn 0.6200 -0.5468 0.5627
vn 0.6191 -0.5386 0.5715
vn 0.6179 -0.5284 0.5821
vn 0.0729 0.1130 0.9909
vn -0.8395 -0.2290 0.4927
vn 0.4851 -0.4573 -0.7453
vn -0.5648 -0.8220 0.0727
vn -0.8181 -0.1893 -0.5430
vn -0.8178 -0.1892 -0.5435
vn -0.8223 -0.1913 -0.5359
vn -0.9338 -0.1271 0.3346
vn -0.9988 -0.0080 0.0490
vn -0.9221 -0.1781 0.3435
vn 0.7557 -0.3421 -0.5585
vn 0.7162 -0.5260 -0.4586
vn -0.5722 -0.8051 0.1559
vn -0.0107 -0.2869 -0.9579
vn -0.0155 -0.3016 -0.9533
vn 0.0203 -0.3029 -0.9528
vn 0.0293 -0.3077 -0.9510
vn -0.0879 -0.6730 -0.7344
vn 0.3495 -0.2381 0.9062
vn -0.2158 0.7308 -0.6476
vn -0.5608 -0.4219 -0.7124
vn 0.7271 -0.3032 -0.6160
vn -0.2998 -0.8873 -0.3504
vn 0.2524 -0.2385 0.9378
vn -0.1470 0.3675 -0.9184
vn 0.7204 -0.2884 -0.6308
vn -0.9364 -0.1119 0.3326
vn -0.7702 -0.4263 -0.4744
vn 0.2087 -0.4495 -0.8686
vn -0.3038 0.0658 -0.9505
vn -0.2673 -0.9259 -0.2667
vn -0.2956 -0.9174 -0.2665
vn -0.1640 -0.9500 -0.2657
vn -0.9996 0.0099 0.0258
vn -0.9988 -0.0081 0.0490
vn -0.9986 -0.0216 0.0488
vn -0.9656 0.2319 -0.1172
vn 0.5661 -0.3466 -0.7480
vn -0.5779 -0.5917 0.5620
vn -0.5534 -0.6249 0.5507
vn -0.5872 -0.5784 0.5662
vn 0.0338 -0.9059 0.4222
vn 0.1562 -0.8858 0.4370
vn 0.1350 -0.8903 0.4349
vn 0.5088 0.2183 0.8327
vn -0.5885 -0.6243 -0.5137
vn 0.0184 -0.9074 0.4198
vn -0.3511 -0.8980 -0.2653
vn -0.5995 -0.5604 0.5715
vn -0.3445 -0.9269 0.1492
vn -0.0166 -0.3092 -0.9509
vn -0.2901 0.7531 -0.5905
vn -0.8142 -0.2456 0.5260
vn -0.8215 -0.2267 0.5233
vn 0.7663 -0.6252 0.1477
vn 0.7881 -0.5498 0.2767
vn 0.7384 -0.6584 0.1458
vn -0.8360 -0.3172 -0.4477
vn -0.8707 -0.2334 -0.4329
vn -0.8697 -0.2362 -0.4335
vn -0.8955 -0.1567 -0.4165
vn 0.6910 -0.3106 -0.6528
vn -0.7095 -0.5478 0.4433
vn 0.1177 0.1399 0.9831
vn -0.0307 -0.6112 -0.7909
vn 0.0503 -0.6422 0.7649
vn -0.0528 -0.6977 0.7144
vn 0.0279 -0.6506 0.7589
vn 0.1250 0.1494 0.9808
vn 0.6764 -0.7361 0.0266
vn -0.6668 -0.7167 0.2043
vn 0.1023 -0.3274 0.9393
vn 0.0783 -0.3363 0.9385
vn 0.0040 -0.3622 0.9321
vn -0.8227 -0.1915 -0.5352
vn -0.0330 -0.2944 -0.9551
vn -0.8727 -0.4632 0.1545
vn -0.8742 -0.4543 0.1716
vn -0.8767 -0.4285 0.2186
vn -0.7577 -0.5901 0.2788
vn -0.7640 -0.5787 0.2855
vn -0.7715 -0.5646 0.2933
vn -0.4184 0.7605 0.4966
vn -0.4261 0.7637 0.4850
vn -0.4183 0.7652 0.4894
vn 0.6132 -0.7896 -0.0222
vn 0.6763 -0.7361 0.0266
vn 0.1830 -0.2958 0.9376
vn -0.4204 0.7585 0.4979
vn -0.8135 -0.2472 0.5264
vn -0.5137 -0.7194 -0.4675
vn -0.4883 -0.6132 -0.6209
vn -0.5814 -0.6105 -0.5379
vn 0.5407 0.0927 0.8361
vn -0.7704 -0.5678 0.2900
vn 0.1049 -0.9873 0.1191
vn 0.0527 -0.9970 0.0564
vn 0.0698 -0.9946 0.0769
vn 0.0048 -0.6482 0.7614
vn 0.3656 0.2429 0.8985
vn -0.4575 -0.6864 -0.5653
vn -0.4812 -0.7170 -0.5043
vn -0.4616 -0.6447 -0.6093
vn -0.2880 0.6599 0.6940
vn -0.8553 0.3217 -0.4063
vn -0.3385 -0.9409 -0.0136
vn 0.6951 -0.4755 -0.5392
vn -0.7820 0.3841 0.4908
vn -0.9266 -0.1428 0.3479
vn -0.7100 0.1078 -0.6959
vn -0.9560 -0.1218 -0.2667
vn -0.5814 -0.6104 -0.5379
vn -0.4883 -0.6132 -0.6210
vn -0.5615 -0.5522 -0.6163
vn -0.8769 -0.4214 0.2311
vn -0.5263 0.6613 0.5345
vn -0.5039 0.6785 0.5346
vn -0.5406 0.6499 0.5342
vn -0.5071 -0.5647 0.6511
vn 0.0048 -0.6482 0.7615
vn 0.0257 -0.6607 0.7502
vn -0.5549 0.6381 0.5338
vn 0.0254 -0.7219 0.6915
vn -0.6861 -0.6095 -0.3973
vn -0.7278 -0.5883 -0.3523
vn -0.7356 -0.5840 -0.3434
vn -0.5550 -0.4221 -0.7168
vn -0.0227 -0.2566 -0.9663
vn -0.4521 -0.6123 -0.6486
vn -0.4986 -0.5586 -0.6628
vn -0.7279 -0.5883 -0.3523
vn -0.7370 -0.5832 -0.3418
vn -0.4347 0.7616 0.4806
vn -0.7756 -0.5514 0.3071
vn -0.4616 -0.6446 -0.6094
vn -0.4575 -0.6864 -0.5654
vn -0.6956 0.2339 0.6793
vn 0.7888 -0.1710 -0.5904
vn -0.4462 -0.4747 0.7587
vn -0.5018 -0.4816 0.7185
vn -0.4541 -0.4815 0.7497
vn -0.8146 -0.2298 0.5325
vn -0.8135 -0.2473 0.5264
vn -0.8215 -0.2266 0.5233
vn 0.0117 -0.9999 0.0073
vn -0.8992 -0.0170 0.4372
vn -0.7413 -0.4668 -0.4823
vn -0.6957 -0.4928 -0.5226
vn 0.0417 0.3827 0.9229
vn 0.0202 0.4634 0.8859
vn 0.0702 0.4936 0.8669
vn -0.6565 -0.7440 0.1242
vn -0.7725 -0.5509 0.3159
vn -0.9620 0.1601 -0.2214
vn -0.7178 0.6918 0.0781
vn -0.6023 -0.5159 -0.6091
vn -0.0440 -0.6836 -0.7285
vn -0.0074 -0.7429 -0.6694
vn -0.0718 -0.7070 -0.7036
vn -0.4355 -0.8977 0.0666
vn -0.4648 -0.8808 0.0907
vn -0.4409 -0.8952 0.0656
vn -0.0809 -0.6448 -0.7600
vn 0.1700 0.5328 0.8290
vn -0.9643 0.2475 -0.0940
vn -0.3415 0.7596 -0.5536
vn -0.9243 0.1963 0.3273
vn -0.5040 -0.8528 0.1369
vn -0.5796 -0.7941 -0.1831
vn -0.5851 -0.7970 -0.1500
vn -0.5776 -0.7929 -0.1942
vn -0.4042 -0.4597 0.7907
vn -0.2796 0.2667 -0.9223
vn -0.8225 0.0300 0.5680
vn -0.8072 -0.0761 0.5854
vn -0.8179 -0.1023 0.5662
vn -0.5684 -0.7868 -0.2403
vn -0.8097 -0.1813 0.5582
vn -0.5239 -0.8377 0.1542
vn -0.3967 -0.4605 0.7941
vn -0.8179 -0.1024 0.5662
vn 0.5276 0.5338 -0.6608
vn 0.5057 0.4677 -0.7249
vn 0.5166 0.3373 -0.7870
vn -0.1178 -0.6561 -0.7454
vn 0.5001 0.6868 0.5274
vn 0.3888 0.1220 -0.9132
vn 0.3619 0.0538 -0.9307
vn 0.4628 0.2413 -0.8530
vn 0.1845 0.5029 0.8444
vn -0.6948 -0.4798 -0.5358
vn -0.5270 -0.8315 0.1760
vn -0.8189 -0.1797 0.5451
vn 0.6910 0.6377 -0.3404
vn -0.3933 -0.4534 0.7998
vn 0.3138 0.5694 0.7598
vn 0.2000 0.5016 0.8417
vn -0.0337 -0.5604 -0.8275
vn 0.5974 0.7936 0.1154
vn 0.5985 0.7926 0.1163
vn 0.5624 0.8221 0.0883
vn 0.5168 0.6425 -0.5658
vn 0.4688 0.6958 -0.5441
vn 0.5272 0.6300 -0.5702
vn 0.6007 0.4058 -0.6888
vn 0.5745 0.7997 0.1744
vn 0.5433 0.8299 0.1264
vn 0.5500 0.8223 0.1462
vn -0.0744 -0.6253 -0.7769
vn 0.6356 0.7580 0.1463
vn 0.5760 0.5662 -0.5896
vn -0.3904 -0.4414 0.8079
vn -0.1204 -0.6551 -0.7459
vn -0.5312 -0.8345 0.1460
vn 0.2037 0.5011 0.8411
vn 0.6589 0.7465 0.0921
vn 0.4939 0.2114 -0.8434
vn -0.5074 -0.8609 -0.0384
vn 0.2122 0.5402 0.8144
vn 0.5971 0.3561 -0.7188
vn -0.3844 -0.4451 0.8088
vn 0.1844 0.4860 0.8543
vn 0.4191 0.8779 0.2316
vn 0.4229 0.8776 0.2257
vn 0.4583 0.8726 0.1687
vn -0.0319 -0.5851 -0.8103
vn -0.5274 -0.8478 0.0558
vn 0.6260 0.7787 0.0407
vn 0.6059 0.7946 0.0381
vn 0.5873 0.8083 0.0418
vn 0.5854 0.2839 -0.7595
vn 0.7754 0.5345 -0.3362
vn -0.5240 -0.8276 0.2012
vn -0.5168 -0.8336 0.1949
vn 0.6723 0.7365 0.0746
vn 0.5746 0.7997 0.1743
vn 0.4920 0.2092 -0.8451
vn -0.1538 -0.6729 -0.7235
vn -0.0668 -0.5825 -0.8101
vn 0.4624 0.8718 0.1618
vn 0.3767 -0.0122 -0.9263
vn 0.5941 0.3554 -0.7216
vn -0.3894 -0.4270 0.8161
vn 0.2279 0.5181 0.8244
vn 0.6409 0.7667 0.0379
vn -0.3908 -0.4175 0.8204
vn 0.2484 0.5358 0.8070
vn 0.2038 0.5012 0.8410
vn 0.2213 0.5822 0.7823
vn 0.6531 0.7555 0.0512
vn 0.0555 -0.4010 -0.9144
vn -0.1644 -0.6738 -0.7204
vn -0.5236 -0.8306 0.1894
vn -0.0810 0.4575 -0.8855
vn -0.2397 0.3799 -0.8934
vn -0.1565 0.3376 -0.9282
vn -0.5110 -0.8365 0.1979
vn -0.0113 0.9808 0.1945
vn -0.1072 0.3450 -0.9325
vn -0.0136 0.5885 -0.8084
vn -0.0809 0.4576 -0.8855
vn -0.0881 0.4337 -0.8968
vn -0.0814 0.6430 0.7615
vn 0.3227 0.6653 -0.6732
vn -0.6161 -0.3620 -0.6996
vn -0.6092 -0.3749 -0.6988
vn -0.6135 -0.3668 -0.6993
vn -0.5948 -0.0704 -0.8008
vn -0.6207 -0.3533 -0.7000
vn -0.2396 0.7301 0.6400
vn -0.3418 0.6875 0.6407
vn -0.2673 0.7273 0.6321
vn -0.1612 0.7722 0.6146
vn -0.2086 0.7377 0.6421
vn -0.8136 0.1779 -0.5535
vn -0.8441 0.1306 -0.5200
vn -0.8061 0.2129 -0.5522
vn -0.2128 0.9473 -0.2394
vn -0.1904 0.9654 -0.1784
vn -0.1887 0.9665 -0.1738
vn -0.1614 0.9816 -0.1017
vn -0.8641 0.0600 -0.4998
vn -0.8854 0.0149 -0.4646
vn -0.8641 0.0599 -0.4997
vn -0.8932 -0.0323 -0.4484
vn -0.6535 -0.0212 -0.7566
vn -0.9776 -0.2050 0.0466
vn -0.8221 0.0264 0.5687
vn -0.8226 0.0184 0.5683
vn -0.8223 0.0240 0.5686
vn -0.7325 0.5647 -0.3801
vn -0.8218 0.0305 0.5689
vn -0.8708 -0.4381 -0.2233
vn -0.9303 0.3344 -0.1508
vn -0.9296 0.3349 -0.1539
vn -0.9312 0.3337 -0.1468
vn -0.7486 -0.3982 -0.5302
vn -0.9286 0.3356 -0.1585
vn -0.7863 0.5128 -0.3447
vt 0.034498 0.287046
vt 0.022750 0.248164
vt 0.053225 0.257570
vt 0.874623 0.574468
vt 0.876176 0.536329
vt 0.901003 0.534298
vt 0.366867 0.911969
vt 0.378047 0.888773
vt 0.409142 0.920160
vt 0.398778 0.869673
vt 0.320389 0.974360
vt 0.350423 0.966207
vt 0.352805 0.989461
vt 0.335070 0.891246
vt 0.375345 0.955983
vt 0.353506 0.955721
vt 0.326106 0.954185
vt 0.383664 0.990935
vt 0.451162 0.913926
vt 0.313822 0.953825
vt 0.244276 0.820763
vt 0.201946 0.812277
vt 0.211837 0.778042
vt 0.259962 0.790861
vt 0.247057 0.828322
vt 0.295943 0.267578
vt 0.303704 0.224379
vt 0.317724 0.256849
vt 0.293904 0.297927
vt 0.249181 0.248375
vt 0.326263 0.290673
vt 0.276184 0.229371
vt 0.317546 0.225401
vt 0.325641 0.316750
vt 0.271818 0.305622
vt 0.282762 0.196142
vt 0.368087 0.234627
vt 0.316984 0.185564
vt 0.248942 0.232462
vt 0.360751 0.293223
vt 0.242596 0.246030
vt 0.352787 0.204451
vt 0.225496 0.267023
vt 0.336062 0.344227
vt 0.375539 0.310337
vt 0.476810 0.707050
vt 0.497510 0.718001
vt 0.475217 0.749586
vt 0.511292 0.680405
vt 0.453490 0.695241
vt 0.530571 0.747398
vt 0.523300 0.734348
vt 0.432467 0.654089
vt 0.482777 0.614584
vt 0.467769 0.763792
vt 0.522537 0.640463
vt 0.406839 0.776492
vt 0.569894 0.675306
vt 0.554952 0.755923
vt 0.575392 0.722546
vt 0.391397 0.658659
vt 0.560762 0.807344
vt 0.415857 0.623719
vt 0.575044 0.777176
vt 0.583096 0.775082
vt 0.468041 0.604602
vt 0.446248 0.795037
vt 0.633472 0.817234
vt 0.053767 0.396532
vt 0.128166 0.338209
vt 0.159330 0.380365
vt 0.292710 0.355943
vt 0.220996 0.322999
vt 0.338958 0.365916
vt 0.585041 0.852865
vt 0.433039 0.810859
vt 0.223193 0.287712
vt 0.207181 0.251860
vt 0.620384 0.800670
vt 0.173993 0.338006
vt 0.215683 0.347285
vt 0.256501 0.332789
vt 0.234991 0.312902
vt 0.199376 0.252986
vt 0.635487 0.799011
vt 0.245740 0.182635
vt 0.536881 0.617174
vt 0.129185 0.419612
vt 0.397022 0.236211
vt 0.304024 0.153685
vt 0.240509 0.176344
vt 0.248860 0.351053
vt 0.555956 0.841730
vt 0.621527 0.709048
vt 0.555259 0.585128
vt 0.376137 0.388639
vt 0.371027 0.391848
vt 0.265028 0.357827
vt 0.323172 0.367025
vt 0.269770 0.791648
vt 0.289711 0.777475
vt 0.312209 0.809791
vt 0.425301 0.257888
vt 0.215864 0.218781
vt 0.661342 0.824852
vt 0.639979 0.826123
vt 0.564145 0.624898
vt 0.243981 0.366250
vt 0.223591 0.353756
vt 0.436090 0.298762
vt 0.534671 0.838316
vt 0.158654 0.393468
vt 0.213725 0.377669
vt 0.298668 0.817692
vt 0.320572 0.856893
vt 0.302501 0.834824
vt 0.277973 0.116333
vt 0.249293 0.142837
vt 0.585133 0.625700
vt 0.090061 0.439731
vt 0.320823 0.146663
vt 0.219575 0.172495
vt 0.694107 0.827395
vt 0.287340 0.831567
vt 0.255366 0.387325
vt 0.219717 0.848347
vt 0.275956 0.856148
vt 0.580329 0.577257
vt 0.276046 0.761665
vt 0.293214 0.428196
vt 0.442329 0.314987
vt 0.284697 0.416458
vt 0.419814 0.458505
vt 0.424607 0.282786
vt 0.513415 0.848962
vt 0.408712 0.152332
vt 0.256446 0.756184
vt 0.245025 0.402600
vt 0.311787 0.454915
vt 0.103321 0.456975
vt 0.185562 0.777493
vt 0.237589 0.883153
vt 0.403645 0.192162
vt 0.341431 0.428597
vt 0.244773 0.095629
vt 0.181496 0.846547
vt 0.308251 0.068803
vt 0.178369 0.758560
vt 0.264314 0.067189
vt 0.251981 0.100844
vt 0.147324 0.814026
vt 0.378809 0.129828
vt 0.669723 0.722520
vt 0.224821 0.754116
vt 0.200927 0.752436
vt 0.254979 0.753959
vt 0.167650 0.778311
vt 0.113641 0.460161
vt 0.439570 0.269526
vt 0.290104 0.057361
vt 0.392406 0.958462
vt 0.268392 0.042646
vt 0.216685 0.421505
vt 0.723211 0.772019
vt 0.639288 0.636227
vt 0.056810 0.478488
vt 0.089598 0.516779
vt 0.313782 0.464040
vt 0.150266 0.756847
vt 0.321524 0.107242
vt 0.239801 0.018664
vt 0.256021 0.063208
vt 0.224847 0.117395
vt 0.255855 0.887538
vt 0.428883 0.176063
vt 0.468298 0.902072
vt 0.435620 0.876842
vt 0.314636 0.905745
vt 0.314435 0.932442
vt 0.144428 0.470263
vt 0.171376 0.717332
vt 0.456351 0.286842
vt 0.361735 0.868439
vt 0.277586 0.972183
vt 0.300198 0.974329
vt 0.294762 0.979754
vt 0.211473 0.424333
vt 0.745519 0.832838
vt 0.201506 0.438218
vt 0.416976 0.458194
vt 0.247624 0.905325
vt 0.888919 0.847439
vt 0.877218 0.856449
vt 0.883870 0.846986
vt 0.232297 0.092958
vt 0.457706 0.220635
vt 0.226368 0.017722
vt 0.247725 0.073876
vt 0.454922 0.212178
vt 0.267610 0.940713
vt 0.280025 0.958593
vt 0.877260 0.842453
vt 0.278158 0.946610
vt 0.460498 0.260914
vt 0.464915 0.935345
vt 0.349805 0.526937
vt 0.175308 0.693565
vt 0.216645 0.018373
vt 0.231541 0.031830
vt 0.239841 0.917976
vt 0.430716 0.853849
vt 0.891382 0.837908
vt 0.311625 0.882889
vt 0.613972 0.543448
vt 0.131220 0.718329
vt 0.423968 0.977705
vt 0.264421 0.893179
vt 0.883897 0.828543
vt 0.244112 0.051216
vt 0.137467 0.837813
vt 0.863833 0.852223
vt 0.979731 0.500201
vt 0.960309 0.502751
vt 0.917429 0.446775
vt 0.920668 0.444343
vt 0.986033 0.477996
vt 0.971603 0.753486
vt 0.945821 0.786219
vt 0.877753 0.790947
vt 0.953638 0.564472
vt 0.916287 0.464872
vt 0.936311 0.505872
vt 0.941293 0.557950
vt 0.907151 0.819276
vt 0.874763 0.821057
vt 0.970611 0.776024
vt 0.994468 0.489804
vt 0.233542 0.079074
vt 0.106300 0.524281
vt 0.284063 0.467103
vt 0.884120 0.394346
vt 0.976002 0.585122
vt 0.681583 0.688895
vt 0.405471 0.117170
vt 0.899670 0.827051
vt 0.409665 0.995000
vt 0.861656 0.832249
vt 0.332996 0.852866
vt 0.606426 0.329313
vt 0.697009 0.353586
vt 0.696493 0.355341
vt 0.906744 0.743279
vt 0.099883 0.758809
vt 0.170105 0.902711
vt 0.324882 0.079849
vt 0.101193 0.810056
vt 0.396475 0.818283
vt 0.932548 0.824346
vt 0.859010 0.424037
vt 0.839105 0.850663
vt 0.466639 0.240844
vt 0.484962 0.225874
vt 0.519026 0.223834
vt 0.898584 0.485730
vt 0.096988 0.578667
vt 0.884662 0.770837
vt 0.902494 0.740776
vt 0.723848 0.714658
vt 0.667611 0.355671
vt 0.472881 0.218426
vt 0.368115 0.082047
vt 0.483245 0.948969
vt 0.861384 0.801025
vt 0.463310 0.199813
vt 0.920523 0.525341
vt 0.919366 0.575604
vt 0.300782 0.536523
vt 0.150008 0.873498
vt 0.423987 0.986618
vt 0.335539 0.541445
vt 0.131103 0.860263
vt 0.325611 0.075212
vt 0.960820 0.807238
vt 0.464795 0.176321
vt 0.196288 0.479469
vt 0.208102 0.457586
vt 0.924302 0.651921
vt 0.089148 0.725207
vt 0.490479 0.877860
vt 0.735890 0.346068
vt 0.734854 0.369197
vt 0.358395 0.063575
vt 0.841236 0.794866
vt 0.615108 0.359193
vt 0.702208 0.371979
vt 0.772941 0.744974
vt 0.472615 0.170315
vt 0.463693 0.126900
vt 0.886980 0.504784
vt 0.792071 0.839764
vt 0.214933 0.511962
vt 0.155048 0.689755
vt 0.480180 0.194324
vt 0.738447 0.390835
vt 0.848478 0.469100
vt 0.462717 0.963081
vt 0.680676 0.405952
vt 0.819254 0.384641
vt 0.870917 0.743358
vt 0.178843 0.558814
vt 0.816447 0.771021
vt 0.209081 0.483976
vt 0.549890 0.337206
vt 0.571456 0.360211
vt 0.816753 0.465744
vt 0.697160 0.385034
vt 0.496906 0.304744
vt 0.453752 0.299102
vt 0.561029 0.278168
vt 0.454218 0.982280
vt 0.530108 0.228016
vt 0.501368 0.177146
vt 0.501850 0.954079
vt 0.146261 0.677748
vt 0.410797 0.088016
vt 0.471355 0.979035
vt 0.497149 0.845008
vt 0.825349 0.747323
vt 0.780979 0.433533
vt 0.967259 0.826559
vt 0.322073 0.552186
vt 0.847546 0.503351
vt 0.551935 0.368105
vt 0.589186 0.368229
vt 0.068695 0.789915
vt 0.524881 0.891903
vt 0.959000 0.831846
vt 0.908462 0.659620
vt 0.623886 0.260882
vt 0.485144 0.166859
vt 0.370144 0.056580
vt 0.834393 0.765975
vt 0.600730 0.227781
vt 0.737649 0.401993
vt 0.122552 0.602475
vt 0.379581 0.049229
vt 0.175984 0.124417
vt 0.220037 0.073518
vt 0.202722 0.125939
vt 0.467984 0.392504
vt 0.531902 0.317138
vt 0.149823 0.907190
vt 0.093055 0.712127
vt 0.121253 0.686861
vt 0.053768 0.766491
vt 0.995000 0.815789
vt 0.412062 0.048069
vt 0.641328 0.380709
vt 0.485862 0.139723
vt 0.177737 0.039313
vt 0.568927 0.391609
vt 0.967456 0.839371
vt 0.771020 0.739007
vt 0.482601 0.981703
vt 0.089144 0.669957
vt 0.610708 0.436892
vt 0.884855 0.601316
vt 0.119548 0.625602
vt 0.220453 0.505257
vt 0.261890 0.545371
vt 0.714117 0.431244
vt 0.902965 0.640499
vt 0.105818 0.656309
vt 0.988730 0.840766
vt 0.848730 0.740810
vt 0.475341 0.120567
vt 0.309227 0.613817
vt 0.516577 0.964462
vt 0.566503 0.403566
vt 0.658432 0.431408
vt 0.321595 0.596658
vt 0.147795 0.039778
vt 0.143808 0.005975
vt 0.164477 0.032205
vt 0.524572 0.947439
vt 0.847430 0.738756
vt 0.891694 0.616729
vt 0.223384 0.547926
vt 0.076980 0.679201
vt 0.154828 0.064176
vt 0.568689 0.331938
vt 0.125797 0.649457
vt 0.539687 0.155243
vt 0.484141 0.119025
vt 0.516360 0.151968
vt 0.399959 0.028907
vt 0.586800 0.424190
vt 0.865020 0.649628
vt 0.875890 0.636420
vt 0.423401 0.042443
vt 0.093655 0.647663
vt 0.221234 0.129267
vt 0.195666 0.168425
vt 0.828650 0.742965
vt 0.320741 0.610870
vt 0.502701 0.443818
vt 0.878188 0.597465
vt 0.228096 0.639312
vt 0.764972 0.465633
vt 0.847270 0.536252
vt 0.696843 0.014730
vt 0.694658 0.052966
vt 0.688350 0.032239
vt 0.746811 0.436368
vt 0.512540 0.476033
vt 0.840010 0.572050
vt 0.490219 0.091599
vt 0.411639 0.015670
vt 0.634335 0.222196
vt 0.122485 0.027378
vt 0.443578 0.043172
vt 0.730338 0.448559
vt 0.074939 0.679906
vt 0.543658 0.952340
vt 0.810814 0.558775
vt 0.475001 0.088567
vt 0.827470 0.624453
vt 0.239521 0.600240
vt 0.701482 0.064831
vt 0.710580 0.029353
vt 0.768119 0.506311
vt 0.479500 0.085835
vt 0.464290 0.449491
vt 0.803312 0.537570
vt 0.717724 0.005226
vt 0.743649 0.045156
vt 0.718826 0.072993
vt 0.834250 0.717555
vt 0.124745 0.044368
vt 0.675187 0.301571
vt 0.486120 0.496007
vt 0.451373 0.493870
vt 0.657514 0.238440
vt 0.146630 0.099805
vt 0.735926 0.461153
vt 0.522537 0.120540
vt 0.436678 0.029259
vt 0.451304 0.036990
vt 0.426226 0.006953
vt 0.134198 0.072890
vt 0.752958 0.095139
vt 0.702811 0.242549
vt 0.779881 0.023613
vt 0.828668 0.599853
vt 0.433488 0.019365
vt 0.468322 0.511468
vt 0.642346 0.451164
vt 0.703195 0.471374
vt 0.151597 0.136141
vt 0.477024 0.066551
vt 0.462507 0.050584
vt 0.838990 0.633072
vt 0.530498 0.118009
vt 0.677030 0.252948
vt 0.071936 0.015913
vt 0.121174 0.029526
vt 0.124239 0.069166
vt 0.034619 0.050062
vt 0.070801 0.036837
vt 0.627777 0.451737
vt 0.707181 0.484319
vt 0.715277 0.096364
vt 0.776069 0.080758
vt 0.699015 0.483344
vt 0.763441 0.128819
vt 0.480351 0.025340
vt 0.494487 0.513146
vt 0.818962 0.639775
vt 0.694022 0.107117
vt 0.671897 0.090469
vt 0.630431 0.462864
vt 0.478226 0.053686
vt 0.482826 0.521088
vt 0.614209 0.483867
vt 0.555262 0.513238
vt 0.710373 0.168864
vt 0.701068 0.123430
vt 0.070288 0.086367
vt 0.136394 0.103675
vt 0.678810 0.486100
vt 0.165239 0.186977
vt 0.507913 0.062763
vt 0.804752 0.614855
vt 0.816317 0.064287
vt 0.512238 0.055508
vt 0.462245 0.005000
vt 0.620498 0.505230
vt 0.142563 0.131389
vt 0.496408 0.045292
vt 0.753146 0.541673
vt 0.725728 0.118779
vt 0.523531 0.515375
vt 0.776546 0.165142
vt 0.739153 0.141046
vt 0.784131 0.603577
vt 0.522442 0.083159
vt 0.502862 0.028304
vt 0.182588 0.230754
vt 0.486395 0.540350
vt 0.005336 0.102213
vt 0.010870 0.100644
vt 0.044753 0.098310
vt 0.711636 0.279149
vt 0.472668 0.541801
vt 0.708220 0.315068
vt 0.732527 0.298508
vt 0.146735 0.151940
vt 0.346006 0.799318
vt 0.340935 0.820444
vt 0.311498 0.794064
vt 0.662390 0.499937
vt 0.702134 0.547310
vt 0.512973 0.033764
vt 0.073791 0.100134
vt 0.728017 0.146710
vt 0.050592 0.164219
vt 0.153376 0.191566
vt 0.316853 0.750450
vt 0.303797 0.781981
vt 0.763082 0.596435
vt 0.153501 0.227642
vt 0.727817 0.310366
vt 0.529510 0.534471
vt 0.545611 0.522907
vt 0.768512 0.178409
vt 0.070842 0.126979
vt 0.149761 0.187692
vt 0.748170 0.281514
vt 0.828175 0.108504
vt 0.012750 0.177112
vt 0.531528 0.045788
vt 0.155138 0.259179
vt 0.614117 0.517657
vt 0.747633 0.154290
vt 0.337301 0.769026
vt 0.727566 0.573107
vt 0.619270 0.531024
vt 0.746742 0.319613
vt 0.754783 0.186887
vt 0.005000 0.146944
vt 0.354068 0.787391
vt 0.526297 0.041171
vt 0.151136 0.231253
vt 0.749735 0.306678
vt 0.766287 0.184280
vt 0.360689 0.772920
vt 0.566734 0.529779
vt 0.270581 0.752392
vt 0.655719 0.554324
vt 0.375195 0.794407
vt 0.372270 0.767267
vt 0.342892 0.743522
vt 0.636014 0.552166
vt 0.273139 0.732095
vt 0.283777 0.734348
vt 0.247878 0.733916
vt 0.593443 0.534837
vt 0.387246 0.771668
vt 0.768934 0.316530
vt 0.782840 0.337843
vt 0.156854 0.264456
vt 0.138386 0.272890
vt 0.613601 0.539942
vt 0.270482 0.719151
vt 0.566220 0.536670
vt 0.577058 0.539117
vt 0.786692 0.203013
vt 0.841653 0.164334
vt 0.356281 0.739912
vt 0.781148 0.214979
vt 0.668118 0.575486
vt 0.788687 0.235571
vt 0.248096 0.721978
vt 0.122885 0.263175
vt 0.788823 0.330605
vt 0.379549 0.743223
vt 0.012013 0.201108
vt 0.592914 0.539749
vt 0.784258 0.317624
vt 0.780771 0.285818
vt 0.076373 0.188241
vt 0.120353 0.272956
vt 0.240789 0.713548
vt 0.683239 0.581452
vt 0.341750 0.733280
vt 0.903415 0.407341
vt 0.904050 0.400870
vt 0.913007 0.407750
vt 0.836613 0.339455
vt 0.839400 0.330775
vt 0.267586 0.701431
vt 0.910226 0.421035
vt 0.894064 0.388779
vt 0.877894 0.370066
vt 0.879225 0.369227
vt 0.128459 0.290912
vt 0.854671 0.214834
vt 0.903123 0.390647
vt 0.649103 0.561639
vt 0.297814 0.722020
vt 0.866109 0.358770
vt 0.795665 0.243026
vt 0.921330 0.421753
vt 0.849307 0.344769
vt 0.087844 0.250180
vt 0.864159 0.345350
vt 0.821959 0.301739
vt 0.806094 0.257366
vt 0.806746 0.286709
vt 0.922581 0.400585
vt 0.846010 0.330972
vt 0.371950 0.708582
vt 0.912819 0.375252
vt 0.879031 0.356277
vt 0.295654 0.696131
vt 0.841634 0.322696
vt 0.104421 0.288870
vt 0.935166 0.433657
vt 0.352606 0.700144
vt 0.851113 0.309765
vt 0.858948 0.316452
vt 0.905153 0.367247
vt 0.844378 0.295833
vt 0.317553 0.684136
vt 0.821576 0.270265
vt 0.283631 0.690034
vt 0.882099 0.336940
vt 0.822026 0.252278
vt 0.936595 0.384228
vt 0.075108 0.281897
vt 0.868069 0.309520
vt 0.864142 0.299497
vt 0.341348 0.674050
vt 0.372867 0.691056
vt 0.259064 0.673978
vt 0.282527 0.665342
vt 0.947255 0.361437
vt 0.895525 0.309562
vt 0.844297 0.266906
vt 0.864892 0.278619
vt 0.913814 0.341365
vt 0.346474 0.645667
vt 0.247401 0.665997
vt 0.888979 0.267686
vt 0.335056 0.639145
vt 0.364791 0.660679
vt 0.855034 0.157268
vt 0.902421 0.170903
vt 0.867977 0.188815
vt 0.872900 0.253481
vt 0.373207 0.638843
vt 0.879927 0.140096
vt 0.848601 0.120905
vt 0.383381 0.667208
vt 0.825220 0.056644
vt 0.799281 0.040090
vt 0.826375 0.044174
vt 0.392076 0.632903
vt 0.347659 0.599644
vt 0.841071 0.050386
vt 0.842584 0.073856
vt 0.863317 0.226385
vt 0.904469 0.198955
vt 0.881446 0.097690
vt 0.924952 0.116239
vt 0.396820 0.599876
vt 0.408048 0.564433
vt 0.909253 0.039639
vt 0.907493 0.120653
vt 0.881958 0.048851
vt 0.882304 0.013065
vt 0.371629 0.583047
vt 0.405684 0.632347
vt 0.417205 0.568558
vt 0.928677 0.156646
vt 0.963459 0.132507
vt 0.390647 0.559270
vt 0.336179 0.586806
vt 0.345834 0.566348
vt 0.389639 0.543065
vt 0.426030 0.574108
vt 0.943978 0.092523
vt 0.920694 0.062482
vt 0.908860 0.029835
vt 0.923365 0.069153
vt 0.907335 0.009440
vt 0.365088 0.528723
vt 0.971890 0.112745
vt 0.433232 0.534826
vt 0.416109 0.525551
vt 0.457973 0.557701
vt 0.375852 0.504920
vt 0.406994 0.505801
vt 0.949846 0.030645
vt 0.950658 0.051190
vt 0.425333 0.500186
vt 0.449071 0.496123
vt 0.423713 0.459265
vt 0.431496 0.494315
vt 0.977027 0.065726
vt 0.963393 0.065666
s 1
f 203/1/1 306/2/2 271/3/3
f 397/4/4 345/5/5 315/6/6
f 18/7/7 17/8/8 21/9/9
f 20/10/10 21/9/11 17/8/12
f 193/11/13 22/12/14 23/13/15
f 17/8/16 18/7/17 27/14/18
f 27/14/18 18/7/17 169/15/19
f 24/16/20 22/12/21 28/17/22
f 23/13/15 22/12/14 26/18/23
s 0
f 169/15/24 24/16/24 28/17/24
s 1
f 169/15/25 18/7/7 21/9/9
f 25/19/26 21/9/11 20/10/10
f 22/12/21 24/16/20 169/15/27
f 170/20/28 22/12/14 193/11/13
f 33/21/29 131/22/30 30/23/31
f 33/21/29 124/24/32 32/25/33
f 38/26/34 39/27/35 40/28/36
f 38/26/34 37/29/37 43/30/38
f 41/31/39 38/26/34 40/28/36
f 39/27/35 38/26/34 43/30/38
f 43/30/40 51/32/41 39/27/42
f 40/28/36 39/27/35 44/33/43
f 37/29/37 38/26/34 48/34/44
f 48/34/44 38/26/34 41/31/39
f 43/30/45 37/29/46 45/35/47
f 39/27/48 51/32/49 50/36/50
f 45/35/47 37/29/46 48/34/51
f 49/37/52 40/28/53 44/33/54
f 44/33/55 39/27/48 53/38/56
f 50/36/50 51/32/49 54/39/57
f 41/31/58 40/28/53 55/40/59
f 55/40/59 40/28/53 49/37/52
f 48/34/60 41/31/58 55/40/59
f 51/32/41 43/30/40 54/39/61
f 54/39/61 43/30/40 91/41/62
f 146/42/63 44/33/64 53/38/65
s 0
f 91/41/66 43/30/66 45/35/66
s 1
f 36/43/67 91/41/68 45/35/47
f 45/35/47 48/34/51 100/44/69
f 55/40/70 104/45/71 48/34/72
f 58/46/73 60/47/74 64/48/75
f 60/47/76 58/46/77 65/49/78
f 58/46/73 64/48/75 61/50/79
f 60/47/80 62/51/81 64/48/82
f 60/47/83 65/49/84 59/52/85
f 66/53/86 58/46/77 61/50/87
f 60/47/88 59/52/89 62/51/90
f 58/46/77 66/53/86 75/54/91
f 81/55/92 64/48/82 62/51/81
f 58/46/77 75/54/91 72/56/93
f 65/49/78 58/46/77 72/56/93
f 80/57/94 61/50/79 64/48/75
f 119/58/95 59/52/85 65/49/84
f 68/59/96 62/51/90 59/52/89
f 68/59/97 59/52/85 69/60/98
f 66/53/86 61/50/87 70/61/99
f 81/55/92 62/51/81 76/62/100
f 75/54/91 66/53/86 89/63/101
f 68/59/96 74/64/102 62/51/90
f 70/61/103 61/50/79 80/57/94
f 74/64/104 76/62/100 62/51/81
f 69/60/98 59/52/85 119/58/95
f 83/65/105 74/64/102 68/59/96
f 89/63/101 66/53/86 70/61/99
f 75/54/106 89/63/107 82/66/108
f 64/48/75 81/55/109 80/57/94
f 81/55/109 57/67/110 80/57/94
f 85/68/111 76/62/100 74/64/104
f 95/69/112 82/70/113 93/71/114
f 94/72/115 70/73/103 80/74/94
f 76/62/100 85/68/111 86/75/116
f 80/57/94 57/67/110 56/76/117
f 146/42/63 49/37/118 44/33/64
f 36/43/67 84/77/119 92/78/120
f 85/68/121 74/64/102 88/79/122
f 74/64/102 83/65/105 88/79/122
f 89/80/101 70/73/99 96/81/123
f 36/43/67 45/35/47 103/82/124
f 84/77/125 86/83/116 85/84/111
f 57/67/126 81/55/92 76/62/100
f 100/44/127 48/34/128 104/45/129
f 84/77/119 36/43/67 103/82/124
f 45/35/47 100/44/69 103/82/124
f 65/49/84 72/56/130 119/58/95
f 105/85/131 83/65/132 68/59/97
f 82/70/108 89/80/107 96/81/133
f 50/36/50 54/39/57 101/86/134
f 88/79/135 83/65/132 105/85/131
f 91/41/68 36/43/67 92/78/120
f 92/78/136 84/77/125 85/84/111
f 75/54/106 82/66/108 97/87/137
f 95/69/112 93/71/114 129/88/138
f 86/83/139 84/77/119 103/82/124
f 138/89/140 55/40/59 49/37/52
f 39/27/48 50/36/50 35/90/141
f 54/39/142 91/41/143 106/91/144
f 119/58/95 72/56/130 97/87/145
f 72/56/93 75/54/91 97/87/146
f 70/73/103 94/72/115 102/92/147
f 39/27/48 35/90/141 53/38/56
f 76/62/100 86/75/116 127/93/148
f 109/94/149 68/59/97 69/60/98
f 70/73/103 102/92/147 96/81/150
f 93/71/114 82/70/113 96/81/151
f 101/86/152 54/39/153 106/91/154
f 82/66/113 95/95/112 97/87/155
f 80/74/156 56/96/157 108/97/158
f 96/81/159 102/92/160 112/98/161
f 112/98/161 102/92/160 94/72/162
f 107/99/163 80/74/156 108/97/158
f 112/98/161 94/72/162 107/99/163
f 121/100/164 127/101/165 86/102/166
f 55/40/70 126/103/167 104/45/71
f 91/41/143 92/78/168 99/104/169
f 85/68/121 99/105/170 92/106/171
f 80/74/156 107/99/163 94/72/162
f 99/105/170 85/68/121 88/79/122
f 55/40/70 138/89/172 126/103/167
f 119/58/95 97/87/145 114/107/173
f 115/108/174 96/81/175 112/98/176
f 96/81/175 115/108/174 111/109/177
f 100/44/127 104/45/129 116/110/178
f 105/85/131 68/59/97 109/94/149
f 114/107/179 97/87/180 95/95/181
f 57/67/126 76/62/100 139/111/182
f 93/71/183 96/81/184 123/112/185
f 127/93/148 139/111/182 76/62/100
f 88/79/135 105/85/131 99/105/186
f 109/94/149 69/60/98 119/58/95
f 149/113/187 96/81/188 111/109/189
f 103/114/190 100/115/191 98/116/192
f 123/112/185 96/81/193 149/113/194
f 121/100/164 86/102/166 103/114/195
f 154/117/196 50/36/50 125/118/197
f 95/95/181 128/119/198 114/107/179
f 95/69/112 129/88/138 142/120/199
f 117/121/200 53/38/56 35/90/141
f 35/90/141 50/36/50 154/117/196
f 106/91/144 91/41/143 29/122/201
f 121/100/202 32/25/33 124/24/32
f 29/122/201 91/41/143 99/104/169
f 129/88/203 93/71/183 123/112/185
f 125/118/197 50/36/50 101/86/134
f 105/85/131 29/123/204 99/105/186
f 132/124/205 121/100/164 103/114/195
f 111/109/177 115/108/174 130/125/206
f 141/126/207 33/21/29 32/25/33
f 98/116/208 100/115/127 135/127/209
f 146/42/63 53/38/65 117/121/210
f 128/119/198 95/95/181 136/128/211
f 57/67/126 139/111/182 56/76/212
f 139/129/213 127/101/165 121/100/164
f 103/114/190 98/116/192 132/124/214
f 121/100/202 124/24/32 139/129/215
f 98/116/208 135/127/209 132/124/216
f 114/107/173 128/119/217 119/58/95
f 107/99/218 108/97/219 212/130/220
f 135/131/209 100/44/127 116/110/178
f 115/108/174 112/98/176 130/125/206
f 130/125/206 112/98/176 180/132/221
f 108/97/222 56/96/223 144/133/224
f 33/21/29 30/23/31 124/24/32
f 33/21/29 141/126/207 131/22/30
f 49/37/118 146/42/63 138/89/225
f 125/118/226 101/86/152 106/91/154
f 180/132/221 112/98/176 107/99/218
f 116/110/178 104/45/129 150/134/227
f 104/45/71 126/103/167 150/134/228
f 107/99/218 212/130/220 180/132/221
f 144/135/229 56/76/212 139/111/182
f 138/89/225 146/42/63 177/136/230
f 139/129/231 124/24/32 144/137/232
f 121/100/233 132/124/234 32/25/235
f 111/109/189 130/125/236 161/138/237
f 245/139/238 212/130/220 108/97/219
f 129/88/138 179/140/239 142/120/199
f 149/113/187 111/109/189 161/138/237
f 145/141/240 30/23/31 131/22/30
f 141/126/241 32/25/235 151/142/242
f 138/89/243 157/143/244 126/103/245
s 0
f 138/89/246 177/136/246 157/143/246
s 1
f 108/97/219 137/144/247 245/139/238
f 153/145/248 106/91/144 29/122/201
f 135/127/249 32/25/235 132/124/234
f 124/24/32 30/23/31 144/137/232
f 131/22/250 141/126/251 163/146/252
f 252/147/253 35/90/141 154/117/196
f 153/145/254 125/118/226 106/91/154
f 30/23/31 145/141/240 166/148/255
f 125/118/197 148/149/256 154/117/196
f 148/149/256 125/118/197 155/150/257
f 155/150/258 125/118/226 153/145/254
f 237/151/259 131/22/250 163/146/252
f 189/152/260 146/42/63 117/121/210
f 109/94/149 160/153/261 105/85/131
f 179/140/262 129/88/203 123/112/185
f 156/154/263 30/23/31 162/155/264
f 30/23/31 166/148/255 162/155/264
f 145/141/265 131/22/250 237/151/259
f 30/23/31 156/154/263 144/137/266
s 0
f 144/137/267 156/154/267 165/156/267
s 1
f 167/157/268 166/148/269 145/141/265
f 164/158/270 179/140/262 123/112/185
f 116/110/178 150/134/227 172/159/271
f 26/160/272 154/117/196 148/149/256
f 172/159/273 150/134/228 126/103/167
f 179/140/274 95/69/181 142/120/275
f 21/9/9 183/161/276 169/15/25
f 23/162/277 26/160/272 148/149/256
f 149/113/187 161/138/237 198/163/278
f 145/141/265 237/151/259 167/157/268
s 0
f 22/12/279 170/20/279 28/17/279
s 1
f 159/164/280 29/123/204 105/85/131
f 202/165/281 109/94/149 119/58/95
f 202/165/281 119/58/95 128/119/217
f 136/166/211 95/69/181 241/167/282
f 161/138/237 130/125/236 180/132/283
f 13/168/284 137/144/285 108/97/222
f 196/169/286 166/148/287 167/157/288
f 117/121/200 35/90/141 173/170/289
f 252/147/253 154/117/196 26/160/272
f 169/15/19 28/17/290 27/14/18
f 241/167/282 95/69/181 179/140/274
f 26/18/23 22/12/14 169/15/291
f 193/171/292 23/162/277 148/149/256
f 174/172/293 148/149/256 155/150/257
f 29/122/294 188/173/295 153/145/296
f 165/156/297 156/154/263 162/155/264
f 163/146/298 141/126/299 151/142/300
f 182/174/301 151/142/242 32/25/235
f 126/103/245 157/143/244 243/175/302
f 185/176/303 25/19/304 204/177/305
f 204/177/306 25/19/26 20/10/10
f 200/178/307 27/14/18 28/17/290
f 200/178/307 28/17/290 191/179/308
f 176/180/309 164/158/270 123/112/185
f 195/181/310 166/148/311 196/169/312
f 135/131/209 116/110/178 182/182/313
f 17/8/314 27/14/315 208/183/316
f 15/184/317 16/185/318 192/186/319
f 160/153/261 159/164/280 105/85/131
f 149/113/320 198/163/321 194/187/322
f 182/182/313 116/110/178 172/159/271
f 177/136/230 146/42/63 189/152/260
f 159/164/280 188/188/323 29/123/204
f 176/180/309 123/112/185 206/189/324
f 108/97/222 144/133/224 165/190/325
f 184/191/326 151/142/242 182/174/301
f 32/25/235 135/127/249 182/174/301
f 173/170/289 35/90/141 252/147/253
f 193/11/327 16/185/318 15/184/328
s 0
f 15/192/329 192/193/329 201/194/329
s 1
f 153/145/296 188/173/295 207/195/330
f 136/128/211 202/165/331 128/119/198
f 245/139/238 137/144/247 13/168/332
f 182/182/333 172/159/334 219/196/335
f 191/179/308 28/17/290 170/20/336
f 16/197/337 193/171/292 148/149/256
f 199/198/338 155/150/258 153/145/254
f 161/138/237 180/132/283 212/130/339
f 20/10/340 17/8/314 208/183/316
f 174/172/341 155/150/258 199/198/338
f 126/103/245 238/199/342 172/159/343
f 189/152/260 117/121/210 173/170/344
f 200/178/345 191/179/346 229/200/347
f 193/11/327 15/184/328 14/201/348
s 0
f 211/202/349 15/192/349 201/194/349
s 1
f 221/203/350 170/20/351 14/201/348
f 170/20/351 193/11/327 14/201/348
f 166/148/352 195/181/353 162/155/354
f 184/204/355 182/182/333 219/196/335
f 260/205/356 25/19/357 185/176/358
f 123/112/185 149/113/194 206/189/324
f 210/206/359 108/97/222 165/190/325
f 165/156/360 162/155/354 210/207/361
f 192/208/362 16/197/363 217/209/364
f 216/210/365 151/142/300 184/191/366
f 204/177/306 20/10/10 250/211/367
f 14/212/368 15/192/369 211/202/370
s 0
f 201/194/371 192/193/371 211/202/371
s 1
f 174/172/293 16/197/337 148/149/256
f 169/15/291 183/161/372 26/18/23
f 208/183/316 27/14/315 209/213/373
f 153/145/296 207/195/330 199/198/374
f 136/128/211 236/214/375 202/165/331
f 195/181/310 196/169/312 218/215/376
f 237/151/377 196/169/286 167/157/288
f 219/196/378 172/159/343 238/199/342
f 183/161/379 21/9/380 244/216/381
f 200/178/345 229/200/347 214/217/382
f 222/218/383 14/212/368 211/202/384
f 240/219/385 174/172/341 199/198/338
f 163/146/252 242/220/386 237/151/259
f 209/213/387 27/14/18 200/178/307
f 192/193/388 217/221/389 211/202/390
f 16/197/363 174/172/391 217/209/364
f 21/9/380 25/19/392 244/216/381
f 191/179/346 170/20/393 221/203/394
f 198/163/278 161/138/237 212/130/339
f 223/222/395 226/223/396 227/224/397
f 227/224/397 225/225/398 255/226/399
f 225/227/400 230/228/401 224/229/402
f 226/223/396 223/222/395 268/230/403
f 227/224/397 255/226/399 223/222/395
f 227/224/404 226/223/405 254/231/406
f 254/231/406 226/223/405 234/232/407
f 231/233/408 226/223/396 268/230/403
f 224/229/402 230/228/401 229/234/409
f 226/223/405 231/233/410 234/232/407
f 251/235/411 224/229/402 229/234/409
f 230/228/401 225/227/400 233/236/412
f 239/237/413 223/222/395 255/226/399
f 217/209/414 174/172/341 240/219/385
f 235/238/415 199/198/416 207/195/330
f 179/140/417 164/158/418 246/239/419
f 245/139/420 13/168/421 220/240/422
f 126/103/245 243/175/302 238/199/342
f 225/225/400 227/224/423 233/241/412
f 290/242/424 268/230/425 223/222/426
f 109/94/149 202/165/281 273/243/427
f 177/136/230 189/152/260 288/244/428
f 14/212/368 222/218/383 221/245/429
f 221/245/430 222/218/431 251/235/411
f 206/189/324 149/113/194 194/187/432
f 252/246/433 26/18/23 183/161/372
f 222/218/434 211/202/435 256/247/436
f 200/178/437 214/217/438 209/213/439
f 209/213/439 214/217/438 248/248/440
f 248/249/440 214/250/438 278/251/441
f 191/179/346 221/203/394 229/200/347
f 255/252/442 225/227/400 224/229/402
f 199/198/416 235/238/415 240/219/443
f 210/206/359 13/168/284 108/97/222
f 218/215/376 196/169/312 295/253/444
f 252/246/445 183/161/446 244/216/447
f 235/238/415 207/195/330 188/173/295
f 160/153/261 109/94/149 273/243/427
f 151/142/300 216/210/365 249/254/448
f 189/152/260 173/170/344 213/255/449
f 237/151/377 274/256/450 196/169/286
f 249/254/448 163/146/298 151/142/300
f 250/211/451 20/10/340 272/257/452
f 275/258/453 229/234/409 230/228/401
f 227/224/454 254/231/455 281/259/456
f 256/247/457 211/202/390 217/221/389
f 173/170/289 252/147/253 213/255/458
f 248/248/459 208/183/316 209/213/373
f 233/241/460 227/224/454 281/259/456
f 256/247/461 217/221/462 240/260/463
f 157/143/244 177/136/464 243/175/302
f 222/218/434 256/247/436 251/235/465
f 246/239/419 164/158/418 176/180/466
f 216/261/365 264/262/467 249/263/448
f 221/245/430 251/235/411 229/234/409
f 254/231/406 234/232/407 12/264/468
f 236/265/375 136/166/211 241/167/282
f 286/266/469 239/267/470 255/252/471
f 280/268/472 159/164/280 160/153/261
f 241/167/473 179/140/417 246/239/419
f 248/249/440 278/251/441 263/269/474
s 0
f 216/261/475 184/204/475 262/270/475
s 1
f 189/152/260 213/255/449 338/271/476
f 321/272/477 260/205/356 185/176/358
f 279/273/478 224/229/479 251/235/480
f 274/256/450 237/151/377 242/220/481
f 262/270/482 184/204/483 219/196/335
f 282/274/484 219/196/378 238/199/342
f 254/231/455 12/264/485 281/259/456
f 276/275/486 231/233/487 310/276/488
f 220/240/489 13/168/490 284/277/491
f 279/273/478 251/235/480 256/247/492
f 220/240/422 212/130/339 245/139/420
f 242/220/493 163/146/298 317/278/494
f 252/246/445 244/216/447 285/279/495
f 244/216/496 25/19/497 260/205/498
f 284/277/491 13/168/490 303/280/499
f 274/256/500 242/220/501 277/281/502
f 213/255/458 252/147/253 285/282/503
f 230/228/401 233/236/412 322/283/504
f 234/232/505 231/233/506 276/275/507
f 238/199/342 243/175/302 270/284/508
f 328/285/509 176/180/309 206/189/324
f 212/130/339 302/286/510 198/163/278
f 272/257/452 20/10/340 208/183/316
f 223/222/426 239/237/511 290/242/424
f 163/146/298 249/254/448 317/278/494
f 208/183/316 248/248/459 272/257/452
f 280/268/472 160/153/261 273/243/427
f 236/265/512 241/167/473 246/239/419
f 302/286/510 212/130/339 220/240/422
f 231/233/513 268/230/425 299/287/514
f 286/266/469 255/252/471 224/229/479
f 276/275/507 12/264/515 234/232/505
f 11/288/516 218/215/376 295/253/444
f 185/176/303 204/177/305 323/289/517
f 286/266/469 224/229/479 279/273/478
f 13/168/284 210/206/359 303/280/518
f 242/220/493 317/278/494 277/281/519
f 264/262/467 216/261/365 262/270/520
f 189/152/260 338/271/476 288/244/428
f 229/290/521 275/291/522 214/250/523
f 291/292/524 338/271/476 213/255/449
f 321/272/477 185/176/358 323/289/525
f 293/293/526 279/273/478 256/247/492
f 194/187/322 198/163/321 302/286/527
f 162/155/354 195/181/353 210/207/361
f 323/289/517 204/177/305 250/211/528
f 305/294/529 248/249/440 263/269/474
f 289/295/530 263/269/531 278/251/532
f 244/216/496 260/205/498 321/272/533
f 188/188/323 159/164/280 313/296/534
s 0
f 219/196/535 282/274/535 304/297/535
s 1
f 282/274/484 238/199/342 270/284/508
f 270/284/508 243/175/302 354/298/536
f 275/258/453 230/228/401 322/283/504
f 12/264/515 276/275/507 292/299/537
f 235/300/538 188/188/323 313/296/534
f 176/180/466 328/285/539 294/301/540
f 195/181/353 303/302/541 210/207/361
f 262/270/482 219/196/335 308/303/542
f 308/303/542 219/196/335 304/297/543
f 243/175/302 177/136/464 354/298/536
f 291/292/524 213/255/449 285/282/544
f 278/251/545 214/250/523 314/304/546
f 281/259/456 12/264/485 362/305/547
f 299/287/514 268/230/425 290/242/424
f 313/296/534 159/164/280 280/268/472
f 206/189/324 194/187/432 302/286/548
f 244/216/549 321/272/549 309/306/549
f 263/269/531 361/307/550 305/294/551
f 303/302/552 195/181/310 218/215/376
f 308/303/553 264/262/467 262/270/520
f 281/259/456 322/308/554 233/241/460
f 239/267/470 286/266/469 290/309/555
f 256/247/461 240/260/463 293/293/556
f 294/301/540 335/310/557 176/180/466
f 282/274/484 270/284/508 304/297/558
f 326/311/559 240/260/463 235/300/538
f 302/286/510 220/240/422 311/312/560
f 285/279/561 244/216/562 309/306/563
f 272/313/452 248/249/459 331/314/564
f 281/259/456 362/305/547 344/315/565
f 354/298/536 177/136/464 288/244/566
s 0
f 314/304/567 289/295/567 278/251/567
s 1
f 315/6/6 276/275/486 310/276/488
f 246/239/419 176/180/466 335/310/557
f 263/269/531 289/295/530 320/316/568
f 273/317/569 202/318/331 318/319/570
f 285/279/561 309/306/563 291/320/571
f 320/316/572 289/295/573 314/304/574
f 214/250/523 275/291/522 314/304/546
f 318/319/570 202/318/331 236/321/375
f 329/322/575 264/262/467 308/303/553
s 0
f 321/272/576 330/323/576 309/306/576
f 218/215/577 316/324/577 303/302/577
s 1
f 354/298/536 288/244/566 364/325/578
s 0
f 291/320/579 309/306/579 336/326/579
s 1
f 323/289/580 250/211/581 378/327/582
f 250/211/581 272/257/583 378/327/582
f 286/266/584 279/273/585 393/328/586
f 348/329/587 322/308/554 281/259/456
f 328/285/509 206/189/324 311/312/588
f 206/189/324 302/286/548 311/312/588
f 295/253/589 196/169/286 274/256/450
f 275/258/453 322/283/504 324/330/590
f 292/299/537 276/275/507 315/6/591
f 316/331/592 284/277/491 303/280/499
f 316/324/593 218/215/376 11/288/516
f 349/332/594 12/264/595 292/299/596
f 290/309/555 286/266/469 393/328/586
f 272/313/452 331/314/564 356/333/597
f 331/314/598 248/249/440 332/334/599
f 326/311/559 235/300/538 313/296/534
f 343/335/600 274/256/500 277/281/502
f 249/263/448 264/262/467 329/322/575
f 321/272/601 323/289/602 391/336/603
f 324/330/590 314/337/604 275/258/453
f 348/329/587 281/259/456 344/315/565
f 299/287/514 377/338/605 231/233/513
f 318/319/570 236/321/375 360/339/606
f 329/322/575 308/303/553 347/340/607
f 347/340/608 308/303/609 304/297/543
f 336/341/610 338/271/476 291/292/524
f 341/342/611 279/273/612 293/293/526
f 360/339/606 236/321/375 383/343/613
f 248/249/440 305/294/529 332/334/599
f 361/307/550 263/269/531 320/316/568
f 355/344/614 320/316/572 314/304/574
f 326/311/559 293/293/556 240/260/463
f 358/345/615 236/265/512 246/239/419
f 337/346/616 338/271/476 336/341/610
f 380/347/617 277/348/502 367/349/618
f 336/326/619 309/306/620 330/323/621
f 272/313/583 356/333/622 378/350/582
f 349/332/594 292/299/596 345/5/623
f 280/351/624 273/317/569 318/319/570
f 367/352/625 277/281/519 317/278/494
s 0
f 393/328/626 279/273/626 341/342/626
s 1
f 292/299/537 315/6/591 345/5/627
s 0
f 375/353/628 334/354/628 316/324/628
s 1
f 11/288/516 295/253/444 379/355/629
f 295/253/589 274/256/450 343/335/630
f 304/297/558 270/284/508 354/298/536
f 324/330/631 322/283/554 348/356/587
f 231/233/632 377/338/633 310/276/634
f 294/301/540 328/285/539 311/312/635
f 288/244/428 338/271/476 381/357/636
f 381/357/636 338/271/476 337/346/616
f 305/294/551 361/307/550 339/358/637
f 341/342/638 293/293/639 326/311/640
f 362/305/641 12/264/595 349/332/594
f 315/6/6 310/276/488 397/4/4
f 316/324/642 11/288/643 375/353/644
f 370/359/645 329/322/575 347/340/607
f 391/336/603 323/289/602 378/327/646
f 343/360/600 277/348/502 380/347/617
s 0
f 372/361/647 331/314/647 332/334/647
f 355/362/648 314/337/648 324/330/648
s 1
f 246/239/419 335/310/557 358/345/615
f 220/240/489 284/277/491 311/312/649
f 321/272/650 391/336/603 330/323/651
f 359/363/652 313/296/653 280/268/654
f 379/355/655 295/253/589 343/335/630
f 336/326/619 330/323/656 337/364/657
f 356/333/658 331/314/659 372/361/658
f 316/324/660 334/354/661 389/365/662
f 305/294/663 339/358/664 371/366/665
f 397/4/4 310/276/488 363/367/666
f 236/265/512 358/345/615 383/368/667
f 350/369/668 311/312/649 369/370/669
f 364/325/670 288/244/428 381/357/636
f 366/371/671 320/316/672 355/344/673
f 310/276/634 377/338/633 368/372/674
f 369/370/669 311/312/649 284/277/491
f 311/312/675 350/369/668 294/301/676
f 374/373/677 316/324/660 389/365/662
f 11/288/643 379/355/678 375/353/644
f 372/361/679 332/334/680 305/294/663
f 324/330/631 348/356/587 426/374/681
f 299/375/682 290/309/555 393/328/586
f 304/297/543 394/376/683 347/340/608
f 284/277/491 316/331/684 412/377/685
f 347/340/608 394/376/683 370/359/686
f 304/297/558 354/298/536 394/376/687
f 337/364/657 330/323/656 382/378/688
f 305/294/663 371/366/665 372/361/679
f 367/352/625 317/278/494 249/254/448
s 0
f 356/333/689 372/361/689 387/379/689
s 1
f 339/358/664 361/307/690 373/380/691
f 355/362/692 324/330/631 426/374/681
f 316/331/684 374/381/693 412/377/685
f 384/382/694 375/383/695 379/384/696
f 432/385/697 330/323/651 391/336/603
f 344/315/698 362/305/641 349/332/594
f 373/380/691 371/366/665 339/358/664
f 320/316/672 366/371/671 361/307/699
f 377/386/700 299/375/682 393/328/586
f 388/387/701 363/367/702 310/276/703
f 310/276/634 368/372/674 388/387/704
f 335/310/557 294/301/540 411/388/705
f 334/354/706 375/353/695 419/389/707
f 402/390/708 379/384/709 343/360/600
f 359/391/652 280/351/624 318/319/570
f 383/368/667 358/345/615 443/392/710
s 0
f 388/387/711 368/372/711 377/338/711
s 1
f 411/388/712 350/369/668 369/370/669
f 410/393/713 249/263/448 329/322/575
f 394/376/683 390/394/714 370/359/686
f 326/311/715 313/296/653 359/363/652
f 389/365/716 334/354/706 419/389/707
f 410/393/713 329/322/575 403/395/717
f 381/357/636 337/346/616 382/396/718
f 387/379/719 372/361/720 437/397/721
f 377/338/722 441/398/723 428/399/724
f 364/325/670 381/357/636 407/400/725
f 399/401/726 374/373/677 389/365/662
f 367/349/625 249/402/448 410/403/713
f 432/385/727 382/378/688 330/323/656
f 377/338/722 428/399/724 388/387/728
f 441/404/723 377/386/722 393/328/729
f 412/377/685 374/381/730 399/405/731
f 403/395/717 329/322/575 370/359/645
f 400/406/732 378/350/582 356/333/622
f 412/377/685 369/370/669 284/277/491
f 402/390/733 384/382/734 379/384/735
f 409/407/736 397/4/4 363/367/666
f 358/345/615 335/310/557 398/408/737
f 294/301/676 350/369/668 411/388/712
f 348/329/587 344/315/565 408/409/738
f 395/410/739 349/332/594 345/5/623
f 359/363/652 393/328/740 326/311/715
s 0
f 423/411/741 399/412/741 389/413/741
s 1
f 354/298/536 364/325/578 407/400/742
f 366/371/671 355/344/673 426/414/743
f 341/342/638 326/311/715 393/328/740
f 458/415/744 387/379/745 437/397/746
f 437/397/721 372/361/720 371/366/747
f 446/416/748 345/5/749 397/4/750
f 424/417/751 403/395/717 370/359/645
f 370/359/645 390/394/752 424/417/751
f 415/418/753 381/357/636 382/396/718
f 360/339/606 383/343/613 443/419/754
f 375/383/695 384/382/694 419/420/755
f 367/349/618 410/403/756 380/347/617
f 9/421/757 354/298/536 407/400/742
f 366/371/671 426/414/743 430/422/758
s 0
f 423/423/759 389/365/759 419/389/759
s 1
f 400/406/732 356/333/622 387/379/760
f 373/380/761 361/307/762 366/371/763
f 394/376/687 354/298/536 9/421/757
f 382/378/688 432/385/727 415/424/764
f 395/410/765 345/5/749 416/425/766
f 446/416/748 397/4/750 409/407/767
f 359/391/652 318/319/570 360/339/606
f 390/394/714 394/376/683 10/426/768
f 10/426/769 394/376/687 9/421/757
f 363/367/770 388/387/728 417/427/771
f 417/427/771 388/387/728 428/399/724
f 335/310/557 411/388/705 422/428/772
f 412/429/773 423/411/774 413/430/775
f 402/390/708 343/360/600 380/347/617
f 408/409/738 426/414/681 348/329/587
f 344/315/698 349/332/594 452/431/776
f 416/425/766 345/5/749 446/416/748
f 398/408/737 443/392/710 358/345/615
f 425/432/777 390/394/714 10/426/768
f 391/433/603 378/350/646 458/415/778
f 451/434/779 349/332/594 395/410/739
f 454/435/780 418/436/781 427/437/782
f 393/328/740 359/363/652 429/438/783
s 0
f 399/412/784 423/411/784 412/429/784
s 1
f 436/439/785 419/420/786 384/382/787
f 424/417/751 390/394/752 425/432/788
f 398/408/737 335/310/557 422/428/772
f 359/391/652 360/339/606 429/440/783
f 391/433/603 473/441/789 432/442/697
f 360/339/606 443/419/754 456/443/790
f 427/437/782 413/430/791 454/435/780
f 448/444/792 402/390/708 380/347/617
s 0
f 430/422/793 426/414/793 438/445/793
s 1
f 410/393/713 403/395/717 433/446/794
f 439/447/795 9/421/796 407/400/742
f 413/430/791 427/437/782 412/429/797
s 0
f 8/448/798 9/421/798 439/447/798
s 1
f 381/357/636 415/418/753 450/449/799
f 387/379/745 458/415/744 400/406/800
f 426/414/801 408/409/802 438/445/803
f 441/404/804 393/328/740 429/438/783
f 454/435/805 413/430/775 423/411/774
f 436/439/785 384/382/787 463/450/806
f 427/437/782 418/436/781 453/451/807
f 384/382/734 402/390/733 463/450/808
f 403/395/717 424/417/751 433/446/794
f 369/370/669 422/428/809 411/388/712
f 473/441/789 391/433/603 458/415/778
f 458/415/778 378/350/646 400/406/810
f 447/452/811 456/443/812 443/419/710
f 418/436/813 454/435/814 471/453/815
f 408/409/816 344/315/698 452/431/776
f 452/431/776 349/332/594 451/434/779
f 409/407/817 363/367/770 498/454/818
f 407/400/725 381/357/636 457/455/819
f 381/357/636 450/449/799 457/455/819
s 0
f 415/456/820 432/442/820 473/441/820
s 1
f 371/366/665 373/380/691 440/457/821
f 430/422/822 438/445/823 445/458/824
f 363/367/770 417/427/771 498/454/818
f 445/458/825 366/371/763 430/422/826
f 380/347/617 512/459/827 448/444/792
f 425/432/777 10/426/768 7/460/828
f 10/426/769 9/421/757 460/461/829
f 460/461/830 9/421/831 8/448/832
f 451/434/833 395/410/765 416/425/766
f 480/462/834 428/399/724 441/398/723
f 487/463/835 410/393/713 433/446/794
f 440/457/836 373/380/761 366/371/763
f 360/339/606 456/443/790 469/464/837
f 422/428/809 369/370/669 412/377/685
f 7/460/838 10/426/769 460/461/829
f 457/455/839 439/447/840 407/400/841
s 0
f 454/465/842 423/466/842 478/467/842
s 1
f 423/466/843 419/420/843 436/439/843
f 417/427/771 428/399/724 480/462/834
f 471/468/844 454/465/845 442/469/846
s 0
f 478/467/847 423/466/847 436/439/847
s 1
f 8/448/848 439/447/849 457/455/839
f 437/397/746 371/366/850 464/470/851
f 446/416/748 409/407/767 498/454/852
f 442/469/853 454/465/854 478/467/855
f 424/417/751 425/432/788 7/460/856
f 464/470/857 371/366/858 440/457/859
f 474/471/860 408/409/816 452/431/776
f 412/429/797 427/437/782 470/472/861
f 453/451/862 418/436/813 466/473/863
f 463/450/808 402/390/733 448/444/864
f 467/474/865 438/445/803 408/409/802
f 453/451/866 466/473/867 462/475/868
f 436/439/869 463/450/870 478/467/871
f 460/461/872 8/448/873 489/476/874
f 415/456/875 473/441/789 472/477/876
f 445/458/824 438/445/823 467/474/877
f 480/462/878 441/398/804 429/478/783
f 461/479/879 422/480/809 412/429/685
f 440/457/859 477/481/880 464/470/857
f 456/443/812 447/452/811 469/464/881
f 470/472/861 427/437/782 453/451/807
f 460/461/829 476/482/882 7/460/838
f 450/483/799 415/456/753 472/477/883
f 418/436/813 471/453/815 466/473/863
f 478/467/871 463/450/870 448/444/884
f 467/474/885 408/409/816 474/471/860
f 429/440/783 360/339/606 469/464/837
f 460/461/872 489/476/874 476/482/886
f 437/397/746 464/470/851 497/484/887
f 473/441/789 458/415/778 508/485/888
f 499/486/889 443/419/710 398/487/737
f 461/479/879 412/429/685 470/472/890
f 458/415/744 437/397/746 497/484/887
f 471/468/844 442/469/846 520/488/891
f 478/467/871 448/444/884 483/489/892
f 485/490/893 440/457/836 366/371/763
f 380/347/617 410/403/756 484/491/894
f 433/446/794 424/417/751 7/460/856
f 8/448/848 457/455/839 489/476/895
f 422/480/809 461/479/879 398/487/896
f 433/446/794 494/492/897 487/463/835
f 505/493/898 498/454/818 417/427/771
f 417/427/899 480/462/878 429/478/783
f 491/494/900 466/473/863 471/453/815
f 433/446/794 7/460/856 494/492/897
f 478/467/855 520/488/901 442/469/853
f 495/495/902 7/460/903 476/482/904
f 489/476/895 457/455/839 496/496/905
f 458/415/744 497/484/887 508/485/906
f 497/484/907 464/470/908 477/481/909
f 490/497/910 477/481/911 440/457/912
f 366/371/763 445/458/825 485/490/893
f 483/489/913 448/444/914 511/498/915
f 495/495/902 476/482/904 493/499/916
f 476/482/917 489/476/918 493/499/919
f 494/492/897 7/460/856 495/495/920
f 496/496/921 457/455/922 450/449/799
f 451/434/833 416/425/766 6/500/923
f 448/444/914 512/459/924 511/498/915
f 501/501/925 461/479/879 470/472/890
f 501/501/926 470/472/927 453/451/928
f 380/347/617 484/491/894 512/459/827
f 472/477/876 473/441/789 504/502/929
f 462/475/868 466/473/867 513/503/930
f 453/451/928 519/504/931 501/501/926
f 519/504/931 453/451/928 462/475/932
f 451/434/779 6/500/933 452/431/776
f 507/505/934 446/416/748 498/454/852
s 0
f 509/506/935 410/393/935 487/463/935
s 1
f 509/506/936 487/463/835 494/492/897
f 493/499/919 489/476/918 514/507/937
f 485/490/938 445/458/824 467/474/877
f 478/467/855 483/489/939 520/488/901
f 410/403/756 509/508/940 484/491/894
f 521/509/941 450/483/799 472/477/883
f 497/484/907 477/481/909 490/497/942
f 491/510/943 471/468/844 515/511/944
f 506/512/945 471/468/844 520/488/891
f 447/452/811 492/513/946 469/464/881
f 450/483/799 521/509/941 496/514/921
f 507/505/934 416/425/766 446/416/748
f 429/478/783 505/493/947 417/427/899
f 505/515/947 429/440/783 532/516/948
f 469/464/837 492/513/949 429/440/783
f 447/452/811 443/419/710 499/486/889
f 507/505/950 498/454/818 505/493/898
f 515/511/944 471/468/844 506/512/945
f 513/503/930 466/473/867 491/494/951
f 527/517/952 483/489/913 511/498/915
f 514/518/953 489/519/954 496/520/955
f 521/509/941 472/477/883 504/502/956
f 473/441/789 508/485/888 504/502/929
f 519/504/957 461/479/879 501/501/925
s 0
f 485/490/958 467/474/958 517/521/958
s 1
f 511/498/915 512/459/924 527/517/952
f 509/506/936 494/492/897 495/495/920
f 474/471/860 452/431/776 550/522/959
f 550/522/959 452/431/776 6/500/933
f 493/499/919 514/507/937 530/523/960
f 517/521/961 440/457/962 485/490/963
f 520/488/901 483/489/939 523/524/964
f 525/525/965 398/487/896 461/479/879
f 515/511/966 506/512/967 500/526/968
f 512/459/827 484/491/894 528/527/969
f 502/528/970 496/520/955 521/529/971
f 526/530/972 416/425/766 507/505/934
f 525/525/973 461/479/879 519/504/957
f 512/459/924 528/527/974 527/517/952
f 544/531/975 484/491/894 509/508/940
f 495/495/902 493/499/916 530/523/976
f 467/474/977 474/471/860 517/521/978
f 507/532/979 505/515/947 532/516/948
f 540/533/980 521/509/941 504/502/956
f 504/502/929 508/485/981 531/534/982
f 514/518/953 496/520/955 502/528/970
f 440/457/912 517/521/983 490/497/910
f 429/440/783 492/513/949 532/516/948
f 462/475/932 538/535/984 519/504/931
f 506/512/967 537/536/985 500/526/968
f 527/517/986 528/527/987 534/537/988
f 492/513/946 447/452/811 552/538/989
f 548/539/990 513/503/930 491/494/951
f 515/511/966 500/526/968 541/540/991
f 506/512/945 520/488/891 523/524/992
f 509/506/940 495/495/993 503/541/994
f 474/471/860 550/522/959 517/521/978
f 499/486/889 398/487/737 525/525/995
f 491/510/996 515/511/997 541/540/998
f 544/531/975 509/508/940 503/542/994
f 497/484/887 543/543/999 508/485/906
f 497/484/907 490/497/942 543/543/1000
f 519/504/1001 538/535/1002 536/544/1003
f 514/518/953 502/528/1004 529/545/1005
f 535/546/1006 6/500/923 416/425/766
f 528/527/969 484/491/894 544/531/975
s 0
f 531/534/1007 540/533/1007 504/502/1007
s 1
f 543/543/1000 490/497/942 522/547/1008
f 526/548/1009 507/532/979 532/516/948
f 499/486/889 525/525/995 518/549/1010
f 491/510/996 541/540/998 548/550/1011
s 0
f 530/551/1012 514/518/1012 529/545/1012
s 1
f 506/512/967 523/524/1013 537/536/985
f 549/552/1014 495/495/993 530/523/1015
f 535/546/1006 416/425/766 526/530/972
f 523/524/1016 483/489/1017 527/517/1018
f 534/537/988 528/527/987 547/553/1019
s 0
f 525/525/1020 519/504/1020 518/549/1020
f 518/549/1021 519/504/1021 536/544/1021
s 1
f 526/548/1022 532/516/1023 551/554/1024
f 536/544/1003 538/535/1002 546/555/1025
f 547/553/1026 528/527/1027 544/531/1028
f 542/556/1029 530/551/1029 529/545/1029
f 508/485/981 533/557/1030 531/534/982
f 502/528/970 521/529/971 540/558/1031
s 0
f 540/533/1032 531/534/1032 533/557/1032
s 1
f 462/475/932 513/503/1033 538/535/984
f 517/521/978 550/522/959 539/559/1034
f 551/554/1035 532/516/948 492/513/949
f 495/495/993 549/552/1014 503/541/994
s 0
f 530/551/1036 542/556/1036 549/560/1036
s 1
f 523/524/1016 527/517/1018 537/536/1037
f 552/538/989 551/554/1038 492/513/946
s 0
f 549/560/1039 542/556/1039 510/561/1039
s 1
f 542/556/1040 545/562/1041 510/561/1042
f 490/497/910 517/521/983 396/563/1043
f 544/531/1028 503/542/1044 547/553/1026
f 542/556/1045 529/545/1046 545/562/1041
s 0
f 540/558/1047 516/564/1047 4/565/1047
f 516/564/1048 540/558/1048 533/566/1048
s 1
f 533/557/1049 508/485/906 486/567/1050
f 535/546/1006 550/522/1051 6/500/923
f 549/560/1052 510/561/1053 468/568/1054
f 502/528/970 540/558/1031 4/565/1055
f 526/548/1022 488/569/1056 535/570/1057
f 488/569/1056 526/548/1022 551/554/1024
s 0
f 503/542/1058 549/571/1058 468/572/1058
s 1
f 465/573/1059 508/485/906 543/543/999
f 488/569/1060 551/554/1038 552/538/989
f 516/564/1061 533/566/1062 482/574/1063
f 524/575/1064 533/557/1065 435/576/1066
f 435/576/1066 533/557/1065 486/567/1067
f 447/452/811 499/486/889 518/549/1010
f 513/503/1033 444/577/1068 538/535/984
f 449/578/1069 513/503/930 548/539/990
f 510/561/1042 545/562/1041 455/579/1070
f 522/547/1071 490/497/910 396/563/1043
f 508/485/906 465/573/1059 486/567/1050
f 518/549/1072 536/544/1073 434/580/1074
s 0
f 434/580/1075 536/544/1075 546/555/1075
s 1
f 550/522/1051 535/546/1006 475/581/1076
f 552/538/989 447/452/811 479/582/1077
f 482/574/1078 533/566/1062 524/583/1079
f 396/563/1043 517/521/983 539/559/1080
f 420/584/1081 534/537/1082 547/553/1083
f 547/553/1083 503/542/1084 420/584/1081
f 465/573/1085 543/543/1000 522/547/1008
f 535/570/1057 488/569/1056 481/585/1086
f 468/568/1054 510/561/1053 5/586/1087
f 548/550/1011 541/540/998 449/587/1088
f 545/562/1041 529/545/1046 502/528/1089
f 431/588/1090 486/567/1050 465/573/1059
f 488/569/1056 459/589/1091 481/585/1086
s 0
f 503/542/1092 468/572/1092 420/584/1092
s 1
f 502/528/1089 4/565/1093 482/574/1063
f 404/590/1094 488/569/1060 552/538/989
f 479/582/1077 447/452/811 518/549/1010
f 500/526/968 537/536/985 421/591/1095
s 0
f 510/561/1096 455/579/1096 5/586/1096
f 420/584/1097 468/572/1097 365/592/1097
s 1
f 4/565/1093 516/564/1061 482/574/1063
f 435/593/1098 482/574/1099 524/583/1100
f 550/522/1101 475/581/1102 539/559/1103
s 0
f 475/581/1104 535/546/1104 386/594/1104
s 1
f 455/579/1070 545/562/1041 401/595/1105
f 486/596/1106 431/597/1107 406/598/1108
f 386/599/1109 535/570/1110 481/585/1111
f 546/555/1025 538/535/1002 434/580/1112
s 0
f 522/547/1113 396/563/1113 465/573/1113
s 1
f 414/600/1114 386/599/1109 481/585/1111
f 482/574/1099 435/593/1098 357/601/1115
f 486/596/1106 406/598/1108 435/602/1116
s 0
f 465/603/1117 396/604/1117 405/605/1117
s 1
f 527/517/1018 534/537/1082 421/591/1118
f 5/606/1087 365/592/1119 468/572/1054
f 545/562/1041 502/528/1089 482/574/1063
f 444/577/1120 513/503/930 306/607/1121
f 431/597/1122 465/603/1123 3/608/1124
f 396/563/1125 539/559/1126 385/609/1127
f 539/559/1126 475/581/1128 385/609/1127
f 376/610/1129 545/562/1041 482/574/1063
s 0
f 405/605/1130 396/604/1130 385/611/1130
s 1
f 434/580/1131 538/535/984 444/577/1068
s 0
f 401/595/1132 5/586/1132 455/579/1132
s 1
f 465/603/1133 405/605/1134 3/608/1135
f 434/580/1131 444/577/1068 333/612/1136
f 421/591/1118 534/537/1082 420/584/1081
f 406/598/1137 431/597/1122 3/608/1124
f 552/538/989 479/582/1077 404/590/1094
s 0
f 435/602/1138 406/598/1138 357/613/1138
s 1
f 401/595/1105 545/562/1041 376/610/1129
f 414/600/1139 475/614/1140 386/599/1141
f 518/549/1072 434/580/1074 479/582/1142
f 421/591/1118 420/584/1081 312/615/1143
f 537/536/1037 527/517/1018 421/591/1118
f 405/605/1144 385/611/1145 325/616/1146
f 414/600/1147 481/585/1148 296/617/1149
f 488/569/1150 351/618/1151 307/619/1152
f 342/620/1153 406/598/1154 3/608/1124
f 352/621/1155 475/614/1140 414/600/1139
f 459/589/1156 488/569/1150 307/619/1152
f 333/612/1157 444/577/1120 306/607/1121
f 5/586/1158 401/595/1159 346/622/1160
s 0
f 352/621/1161 385/611/1161 475/614/1161
s 1
f 296/617/1149 481/585/1148 459/589/1162
f 3/608/1163 353/623/1164 342/620/1165
f 3/608/1135 405/605/1134 392/624/1166
s 0
f 405/605/1167 325/616/1167 392/624/1167
s 1
f 482/574/1168 357/601/1169 265/625/1170
s 0
f 352/621/1171 414/600/1171 340/626/1171
f 365/592/1172 5/606/1172 346/627/1172
f 357/613/1173 406/598/1173 253/628/1173
f 253/628/1174 406/598/1174 342/620/1174
s 1
f 351/618/1175 488/569/1175 404/590/1175
f 404/590/1094 479/582/1077 333/612/1176
f 513/503/930 449/578/1069 306/607/1121
s 0
f 365/592/1177 346/627/1177 420/584/1177
f 479/582/1178 434/580/1178 333/612/1178
s 1
f 346/622/1179 401/595/1180 327/629/1181
f 385/611/1145 352/621/1182 325/616/1146
f 352/621/1183 340/626/1184 297/630/1185
s 0
f 319/631/1186 325/616/1186 352/621/1186
s 1
f 3/608/1135 392/624/1187 301/632/1188
f 319/631/1189 352/621/1183 297/630/1185
f 3/608/1135 301/632/1188 353/623/1190
f 340/626/1191 414/600/1192 287/633/1193
f 306/2/1194 449/587/1088 541/540/998
f 312/615/1143 420/584/1081 346/627/1195
f 376/610/1196 298/634/1197 401/595/1180
f 414/600/1198 296/617/1199 287/633/1193
f 307/619/1152 351/618/1151 266/635/1200
f 459/589/1162 307/619/1201 296/617/1149
f 265/625/1202 376/610/1196 482/574/1203
s 0
f 340/626/1204 287/633/1204 297/630/1204
f 357/601/1205 253/636/1205 265/625/1205
s 1
f 301/632/1206 392/624/1207 300/637/1208
f 258/638/1209 333/612/1210 306/607/1211
f 342/620/1165 353/623/1164 267/639/1212
f 404/590/1094 333/612/1176 351/618/1213
f 312/615/1214 346/627/1179 283/640/1215
f 401/595/1180 298/634/1197 327/629/1181
f 392/624/1216 325/616/1217 300/637/1218
s 0
f 319/631/1219 205/641/1219 325/616/1219
s 1
f 266/635/1220 296/617/1149 307/619/1201
s 0
f 333/612/1221 258/638/1221 351/618/1221
s 1
f 306/2/2 541/540/991 271/3/3
f 541/540/991 500/526/968 271/3/3
f 271/3/3 500/526/968 421/591/1095
f 298/634/1197 376/610/1196 265/625/1202
s 0
f 257/642/1222 319/631/1222 297/630/1222
s 1
f 327/629/1181 298/634/1197 228/643/1223
f 253/628/1224 342/620/1225 267/639/1226
f 271/3/3 421/591/1095 312/615/1214
f 353/623/1227 301/632/1228 267/639/1229
f 283/644/1215 346/622/1179 327/629/1181
f 253/636/1224 267/645/1226 269/646/1230
f 300/637/1218 325/616/1217 205/641/1231
s 0
f 205/641/1232 319/631/1232 257/642/1232
f 266/635/1233 351/618/1233 258/638/1233
f 257/642/1234 297/630/1234 287/633/1234
s 1
f 267/639/1229 301/632/1228 259/647/1235
f 287/633/1236 296/617/1237 266/635/1238
f 301/632/1206 300/637/1208 178/648/1239
s 0
f 247/649/1240 266/635/1240 258/638/1240
s 1
f 257/642/1241 287/633/1242 232/650/1243
f 287/633/1236 266/635/1238 247/649/1244
f 258/638/1209 306/607/1211 247/649/1245
f 271/3/3 312/615/1214 283/640/1215
f 259/647/1235 301/632/1228 261/651/1246
f 261/651/1247 301/632/1206 178/648/1239
f 283/644/1215 327/629/1181 228/643/1223
f 232/650/1248 287/633/1242 247/649/1245
f 228/643/1249 298/634/1250 197/652/1251
f 269/646/1230 267/645/1226 259/653/1252
s 0
f 257/642/1253 232/650/1253 187/654/1253
s 1
f 265/625/1254 253/636/1255 168/655/1256
f 298/634/1250 265/625/1254 197/652/1251
f 300/637/1218 205/641/1231 178/648/1257
f 283/644/1215 228/643/1223 190/656/1258
f 271/3/3 283/640/1215 203/1/1
f 261/657/1246 171/658/1259 259/659/1235
f 306/607/1211 203/660/1260 247/649/1245
f 190/656/1261 228/643/1261 175/661/1261
f 265/625/1254 168/655/1256 197/652/1251
f 215/662/1262 261/657/1247 178/663/1239
f 205/641/1231 257/642/1263 187/654/1264
f 283/644/1215 190/656/1258 203/664/1
f 253/636/1224 269/646/1230 168/655/1265
f 232/650/1248 247/649/1245 203/660/1260
f 203/660/1266 187/654/1267 232/650/1268
f 203/665/1269 190/666/1270 186/667/1271
f 175/661/1272 228/643/1249 197/652/1251
f 186/668/1273 190/656/1274 175/661/1275
f 269/646/1230 181/669/1276 168/655/1265
f 147/670/1277 187/671/1267 203/665/1266
f 269/672/1230 259/659/1252 181/673/1276
f 147/670/1278 203/665/1269 186/667/1271
f 158/674/1279 215/662/1262 178/663/1239
f 178/648/1257 205/641/1231 187/654/1264
f 181/673/1276 259/659/1252 171/658/1280
f 171/658/1259 261/657/1246 143/675/1281
f 178/663/1257 187/671/1264 158/674/1282
f 152/676/1283 186/668/1273 175/661/1275
f 197/652/1251 168/655/1256 140/677/1284
f 143/675/1281 261/657/1246 215/662/1285
f 158/674/1282 187/671/1264 122/678/1286
f 197/652/1251 140/677/1287 175/661/1272
f 215/662/1262 158/674/1279 134/679/1288
f 187/671/1264 133/680/1289 122/678/1286
f 187/671/1290 147/670/1291 120/681/1292
f 168/655/1265 181/669/1276 118/682/1293
f 143/675/1281 215/662/1285 134/679/1294
f 120/681/1295 133/680/1296 187/671/1297
f 152/676/1298 175/661/1272 140/677/1287
s 0
f 147/683/1299 186/668/1299 1/684/1299
s 1
f 171/658/1259 143/675/1281 113/685/1300
f 143/675/1281 87/686/1301 113/685/1300
f 1/684/1302 186/668/1303 152/676/1283
f 2/687/1304 140/677/1284 168/655/1256
f 171/688/1280 113/689/1305 79/690/1306
f 120/691/1292 147/683/1291 1/684/1307
s 0
f 2/687/1308 168/655/1308 118/682/1308
s 1
f 181/669/1276 171/688/1280 79/690/1306
f 152/676/1298 140/677/1287 1/684/1309
f 134/679/1288 158/674/1279 67/692/1310
f 118/682/1293 181/669/1276 79/690/1306
f 52/693/1311 158/674/1282 122/678/1286
f 133/680/1296 120/681/1295 90/694/1312
f 158/674/1279 110/695/1313 67/692/1310
f 110/695/1314 158/674/1315 52/693/1311
f 122/678/1286 133/680/1289 90/694/1316
f 90/694/1312 120/681/1295 73/696/1317
f 118/682/1293 79/690/1306 2/687/1318
f 79/690/1306 113/689/1305 87/697/1319
f 143/675/1281 134/679/1294 67/692/1320
f 140/677/1321 2/687/1322 79/690/1323
f 78/698/1324 87/686/1301 143/675/1281
f 77/699/1325 120/691/1325 1/684/1325
f 71/700/1326 140/677/1321 79/690/1323
f 1/684/1327 140/677/1328 77/699/1329
f 71/700/1326 77/699/1329 140/677/1328
s 0
f 52/693/1330 122/678/1330 90/694/1330
f 120/691/1331 77/699/1331 73/701/1331
s 1
f 79/690/1332 87/697/1333 78/702/1334
s 0
f 63/703/1335 71/700/1335 79/690/1335
s 1
f 63/703/1336 79/690/1332 78/702/1334
f 78/698/1324 143/675/1281 67/692/1320
f 52/693/1337 90/694/1338 47/704/1339
f 31/705/1340 110/695/1341 52/693/1337
f 71/700/1342 46/706/1343 77/699/1344
f 77/699/1345 47/707/1346 73/701/1347
f 73/696/1347 47/704/1346 90/694/1348
f 46/706/1343 71/700/1342 63/703/1349
f 34/708/1350 63/703/1351 78/702/1352
s 0
f 77/699/1353 46/706/1353 42/709/1353
f 34/710/1354 78/698/1354 67/692/1354
s 1
f 110/695/1355 31/705/1356 19/711/1357
f 46/706/1343 63/703/1351 34/708/1350
s 0
f 47/707/1358 77/699/1358 42/709/1358
s 1
f 67/692/1359 110/695/1355 19/711/1357
s 0
f 67/692/1360 19/711/1360 34/710/1360
s 1
f 31/705/1340 52/693/1337 47/704/1339
f 34/708/1361 47/707/1362 42/709/1363
s 0
f 46/706/1364 34/708/1364 42/709/1364
s 1
f 47/704/1362 34/710/1361 31/705/1365
s 0
f 19/711/1366 31/705/1366 34/710/1366
