# Blender 4.3.2
# www.blender.org
o model
v 0.554575 0.578869 0.028108
v 0.540598 0.579846 -0.033170
v 0.551658 0.587155 -0.019557
v 0.540930 0.582337 0.026204
v 0.010816 0.573395 0.404127
v 0.009777 0.571942 0.404258
v -0.668486 0.113722 0.459537
v -0.566525 0.431006 0.314898
v -0.559916 0.499831 0.250465
v -0.611783 0.535201 0.358124
v -0.487710 0.514404 0.379382
v -0.508257 0.512474 0.328486
v -0.583723 0.587976 0.306674
v -0.528174 0.588574 0.373263
v -0.561970 0.555329 0.404175
v -0.567863 0.530609 0.359777
v -0.458576 0.412361 0.315332
v -0.479155 0.321840 0.348259
v -0.420554 0.517818 0.191372
v -0.559522 0.583148 -0.031841
v -0.371432 0.738314 0.141411
v -0.514904 0.444603 -0.166615
v -0.134307 0.331241 0.372457
v -0.497895 0.327609 -0.403558
v -0.477048 0.698664 -0.346572
v -0.473687 0.721459 -0.231586
v -0.274590 0.127616 -0.161834
v -0.334193 0.154485 -0.103863
v -0.289537 0.138013 -0.077900
v -0.250947 0.136653 -0.145040
v -0.323632 0.152383 -0.205246
v -0.369439 0.123292 -0.064778
v -0.875631 0.003222 0.495835
v -0.423887 0.155850 -0.192658
v -0.460212 0.126507 -0.156618
v -0.876031 0.030847 0.495918
v -0.389351 0.126656 -0.248008
v -0.369363 0.138655 -0.052983
v -0.271624 0.131968 -0.227629
v -0.340770 0.128684 -0.277596
v -0.373093 0.269723 -0.104413
v -0.298071 0.271352 -0.151940
v -0.224948 0.833417 0.087044
v -0.089443 0.632032 0.365216
v -0.007459 0.125016 0.271184
v -0.061160 0.158730 0.290107
v -0.821380 0.007095 0.403540
v -0.808677 0.080906 0.478305
v -0.232553 0.871422 -0.153463
v -0.198716 0.848132 -0.140295
v 0.125081 0.270306 0.279129
v 0.184603 0.134464 0.311469
v -0.840216 0.035530 0.416875
v 0.147199 0.270858 0.238653
v -0.378596 0.733579 -0.483927
v -0.214615 0.840386 -0.367415
v -0.213467 0.968327 -0.387769
v -0.229945 0.865685 -0.389129
v -0.214729 0.864238 -0.407069
v -0.195213 1.057858 -0.420583
v -0.212900 0.991556 -0.415999
v -0.191374 0.873799 -0.407687
v -0.213458 0.866059 -0.433320
v -0.199614 0.839821 -0.443899
v -0.658592 0.219712 -0.723965
v -0.666309 0.259305 -0.790646
v -0.702728 0.319593 -0.701732
v -0.580063 0.253218 -0.783271
v 0.002724 0.890487 0.040718
v -0.050203 0.888913 0.019699
v -0.574188 0.435779 -0.660603
v -0.499075 0.318885 -0.685946
v -0.345778 0.120150 -0.566806
v -0.241259 0.125990 -0.413767
v -0.248090 0.153332 -0.467464
v -0.219953 0.127048 -0.392135
v -0.205305 0.137105 -0.536922
v -0.237018 0.121422 -0.531550
v -0.325366 0.154095 -0.537341
v -0.339513 0.119521 -0.373821
v -0.197031 0.144706 -0.438240
v -0.782456 0.065870 0.477440
v -0.348094 0.153988 -0.417690
v -0.264269 0.270799 -0.516275
v -0.409547 0.118292 -0.449590
v -0.303768 0.139256 -0.353950
v -0.404236 0.128922 -0.546193
v 0.066412 0.894785 -0.019568
v 0.086415 0.936432 -0.085870
v 0.088144 0.715713 0.307533
v 0.032919 0.913698 -0.546704
v 0.095536 0.826810 0.235118
v 0.104946 0.833274 -0.032642
v 0.021756 0.911144 -0.443632
v -0.106343 0.241750 -0.440969
v 0.120769 0.911933 -0.276682
v 0.224009 0.132069 0.196661
v 0.350554 0.153629 0.063024
v 0.385954 0.119894 0.179967
v 0.244147 0.150206 0.119439
v 0.426090 0.138510 0.125614
v 0.332853 0.153946 0.169361
v -0.801154 0.006921 0.597442
v 0.385409 0.147804 0.194524
v 0.371988 0.120469 0.034603
v 0.272871 0.153553 0.059517
v 0.403240 0.134952 0.037877
v -0.762010 0.064723 0.511311
v 0.281377 0.119119 0.012295
v 0.187771 0.133505 0.119373
v 0.261268 0.120302 0.199954
v -0.774412 0.056205 0.424883
v 0.311716 0.141292 -0.011755
v 0.307438 0.137111 0.230154
v 0.221305 0.130094 0.023108
v 0.203715 0.856541 0.028651
v 0.195368 0.854230 0.038829
v 0.197635 0.995553 0.033849
v 0.187324 0.862529 0.021610
v -0.083076 0.657109 -0.820543
v 0.216612 0.959613 0.074001
v 0.232286 0.858022 0.076755
v 0.206201 0.858972 0.087347
v 0.031072 0.615866 -0.830904
v -0.037196 0.616479 -0.831741
v -0.121957 0.269815 -0.664155
v 0.155519 0.831242 -0.501638
v 0.324992 0.632390 0.281691
v 0.309422 0.734520 0.203901
v 0.236903 0.234261 -0.251855
v 0.401058 0.729885 0.097064
v 0.102423 0.317907 -0.837031
v 0.090528 0.288563 -0.829945
v 0.103584 0.330335 -0.847655
v 0.091129 0.294631 -0.822167
v 0.100823 0.310555 -0.805885
v 0.091508 0.324610 -0.828561
v 0.091097 0.304883 -0.808098
v 0.089894 0.294554 -0.807212
v 0.098566 0.296100 -0.799389
v 0.094378 0.322614 -0.809511
v 0.155029 0.188538 -0.321073
v 0.451682 0.419258 0.215967
v 0.103595 0.335054 -0.752099
v 0.302254 0.153955 -0.178214
v 0.402907 0.153867 -0.123638
v 0.396494 0.155934 -0.219535
v 0.462505 0.124239 -0.153176
v 0.477455 0.133967 -0.145020
v -0.741930 0.063424 0.424115
v 0.416463 0.121763 -0.248784
v 0.419495 0.137993 -0.067744
v 0.376116 0.125649 -0.080255
v 0.266074 0.124003 -0.170990
v 0.306958 0.122415 -0.239913
v 0.334095 0.149776 -0.116169
v -0.725572 0.038728 0.586745
v -0.725186 0.013752 0.496703
v 0.444443 0.135856 -0.242184
v 0.403630 0.269549 -0.209398
v 0.262037 0.137910 -0.218431
v 0.334443 0.134077 -0.055882
v 0.349803 0.142863 -0.280081
v 0.517305 0.401385 0.023814
v 0.547367 0.526489 -0.028676
v 0.546717 0.523145 0.022768
v 0.552818 0.521921 0.027078
v 0.519031 0.535319 0.030628
v 0.518518 0.488673 0.026268
v 0.385662 0.147051 -0.385384
v 0.460944 0.634279 -0.490960
v 0.380403 0.375364 -0.668914
v 0.433194 0.523948 -0.534040
v 0.383691 0.514634 -0.594805
v 0.413853 0.407364 -0.627486
v 0.424616 0.505466 -0.630682
v 0.537314 0.329070 -0.605647
v 0.527393 0.482851 -0.769495
v 0.594360 0.583761 -0.654826
v 0.668032 0.256143 -0.795673
v 0.748367 0.275336 -0.728645
v 0.702443 0.233579 -0.732192
v 0.757980 0.042681 -0.795696
v 0.583770 0.008110 -0.645021
v -0.760328 0.075590 0.549532
v 0.702064 0.005680 -0.680012
v 0.655983 0.008464 -0.828738
v 0.721525 0.007460 -0.752520
v 0.801394 0.005529 -0.766739
v -0.709191 0.056034 0.488366
v 0.787543 0.001077 -0.952726
v -0.745819 0.135609 0.421845
v 0.522290 0.008971 -0.714319
v -0.726435 0.047531 0.331766
v 0.687948 0.003836 -0.916063
v -0.746957 0.113363 0.357667
v 0.537747 0.008794 -0.794047
v -0.704227 0.003324 0.569278
v 0.863280 0.000000 -0.852619
v -0.766583 0.135958 0.400458
v 0.761433 0.038284 -0.731367
v 0.573598 0.036347 -0.646488
v 0.666514 0.043861 -0.652598
v 0.861533 0.030974 -0.858234
v 0.539875 0.043230 -0.689725
v 0.799490 0.038946 -0.761850
v 0.846089 0.036671 -0.819361
v -0.736336 0.008666 0.345637
v 0.582143 0.030824 -0.731525
v 0.724827 0.042091 -0.702440
v 0.753035 0.079757 -0.896070
v 0.553651 0.056477 -0.799117
v -0.659651 0.056255 0.534646
v 0.767745 0.097320 -0.728299
v 0.597735 0.007333 -0.841988
v -0.694496 0.045979 0.525133
v 0.642446 0.048228 -0.881235
v 0.665857 0.043462 -0.699222
v 0.609801 0.050588 -0.843017
v -0.709699 0.136113 0.354838
v 0.791331 0.029969 -0.951343
v 0.620970 0.099869 -0.862408
v 0.762431 0.092280 -0.795620
v 0.737637 0.066810 -0.792634
v 0.724912 0.119266 -0.741953
v 0.719082 0.056965 -0.830549
v 0.718078 0.042003 -0.942247
v 0.689251 0.060039 -0.713904
v 0.781373 0.048479 -0.814610
v 0.807472 0.079392 -0.819163
v 0.627973 0.042487 -0.795735
v -0.658670 0.010237 0.463241
v 0.679534 0.045990 -0.903612
v 0.755956 0.107288 -0.766810
v 0.663702 0.106492 -0.875487
v 0.669984 0.093429 -0.734378
v 0.752106 0.075217 -0.807503
v 0.575186 0.347999 -0.631645
v 0.532714 0.359371 -0.622961
v 0.553237 0.324839 -0.657755
v 0.551826 0.394990 -0.649042
v 0.545091 0.391401 -0.607254
v 0.601613 0.189079 -0.685522
v 0.564060 0.179484 -0.701077
v -0.740767 0.121411 0.449607
v 0.623682 0.219581 -0.712639
v 0.578274 0.204095 -0.746716
v 0.533189 0.409406 -0.625823
v 0.616974 0.119477 -0.737590
v -0.770058 0.090834 0.452688
v 0.706278 0.123539 -0.755167
v 0.681815 0.108530 -0.748137
v 0.748859 0.113314 -0.817104
v 0.612347 0.104410 -0.818382
v 0.703013 0.255621 -0.760232
v 0.715948 0.051276 -0.872153
v 0.652973 0.054306 -0.789548
v 0.689648 0.134521 -0.857143
v 0.753752 0.062211 -0.860434
v 0.689340 0.059441 -0.835020
v 0.638180 0.105813 -0.796111
v 0.725782 0.077393 -0.837631
v 0.671573 0.124452 -0.830955
v 0.699465 0.095705 -0.769783
v 0.668029 0.091077 -0.813346
v 0.687321 0.242569 -0.768818
v 0.711342 0.163505 -0.823746
v 0.690960 0.257265 -0.775651
v 0.712614 0.146446 -0.836804
v 0.656639 0.244502 -0.804225
v 0.682243 0.433858 -0.705654
v 0.692025 0.387922 -0.693179
v 0.654825 0.244619 -0.721405
v 0.713878 0.305731 -0.710996
v 0.709609 0.268171 -0.700710
v 0.665726 0.245044 -0.687425
v 0.708737 0.324963 -0.759987
v 0.641767 0.225259 -0.753441
v 0.667572 0.288555 -0.678414
v 0.604704 0.260439 -0.756859
v 0.672092 0.282325 -0.842914
v 0.640085 0.238001 -0.817833
v 0.603620 0.341270 -0.693145
v 0.606832 0.266837 -0.822750
v 0.608248 0.450778 -0.638860
v 0.621965 0.307012 -0.828278
v 0.574598 0.255390 -0.783720
v 0.612722 0.516632 -0.730594
v 0.633119 0.385309 -0.811220
v 0.629888 0.495616 -0.654096
v 0.540186 0.338488 -0.755391
v -0.657059 0.054578 0.325140
v 0.589935 0.390142 -0.801623
v 0.632627 0.525798 -0.651165
v 0.633010 0.553440 -0.677602
v 0.569826 0.347419 -0.724567
v 0.608523 0.376241 -0.642921
v -0.700513 0.214862 0.417604
v -0.715832 0.101298 0.499045
v 0.613000 0.456408 -0.624257
v 0.622906 0.505905 -0.630146
v 0.570030 0.547010 -0.757807
v 0.570509 0.430664 -0.660657
v 0.534400 0.584837 -0.720312
v -0.697141 0.052821 0.362870
v 0.500182 0.434198 -0.724677
v 0.565394 0.482523 -0.607436
v 0.553544 0.546267 -0.713511
v 0.533699 0.515436 -0.757272
v 0.508823 0.453943 -0.741130
v 0.493296 0.503865 -0.746000
v 0.594520 0.523866 -0.620183
v 0.593318 0.530996 -0.680063
v 0.536505 0.427464 -0.705059
v 0.481996 0.485531 -0.713972
v 0.546182 0.515337 -0.646341
v -0.746371 0.096251 0.491225
v 0.491114 0.522906 -0.719929
v -0.617472 0.089846 0.512282
v 0.536513 0.332619 -0.692051
v 0.544665 0.481801 -0.648865
v 0.509532 0.500156 -0.676793
v 0.523224 0.384002 -0.689717
v -0.699685 0.099458 0.397133
v 0.511935 0.328203 -0.636915
v -0.694122 0.142987 0.383163
v 0.508095 0.309650 -0.683827
v 0.479343 0.342475 -0.639506
v -0.675837 0.113822 0.507547
v 0.521192 0.389848 -0.606991
v 0.503750 0.484759 -0.617836
v 0.498162 0.400581 -0.672334
v -0.676261 0.088735 0.415502
v 0.471714 0.510040 -0.574389
v 0.470876 0.368222 -0.563487
v 0.489917 0.382078 -0.693108
v 0.470018 0.483006 -0.653452
v 0.481710 0.319376 -0.683350
v 0.473327 0.405683 -0.557102
v 0.448290 0.453278 -0.548415
v 0.482576 0.538275 -0.585830
v 0.472171 0.381003 -0.670903
v 0.493047 0.373123 -0.538016
v 0.473262 0.356609 -0.495724
v -0.608135 0.046562 0.490711
v 0.385119 0.445846 -0.514445
v 0.345445 0.446321 -0.558294
v 0.397522 0.510238 -0.520462
v 0.442947 0.408742 -0.555653
v 0.397739 0.418940 -0.601459
v 0.458411 0.334990 -0.495442
v 0.355598 0.525516 -0.577982
v 0.395059 0.400647 -0.593098
v -0.666255 0.013826 0.276651
v 0.437571 0.538223 -0.640029
v 0.512636 0.332903 -0.426915
v 0.513569 0.443150 -0.432375
v 0.432537 0.367995 -0.608858
v 0.460130 0.442373 -0.490156
v 0.411479 0.363723 -0.625180
v 0.394210 0.368699 -0.653964
v 0.516980 0.480469 -0.216364
v -0.707740 0.262814 0.405508
v -0.688707 0.265165 0.430334
v 0.511370 0.545196 -0.223512
v -0.630183 0.232563 0.426301
v 0.536334 0.371273 -0.269817
v 0.538935 0.351408 -0.291609
v 0.512549 0.622708 -0.265934
v 0.533147 0.620021 -0.273254
v 0.514439 0.433211 -0.230223
v 0.515496 0.443007 -0.296421
v 0.434594 0.554326 -0.543067
v -0.694711 0.179024 0.453888
v 0.514140 0.476257 -0.173403
v 0.510241 0.551164 -0.173056
v -0.669150 0.253369 0.453607
v 0.495966 0.327308 -0.411998
v 0.517317 0.633473 -0.296456
v 0.470341 0.270515 -0.411099
v 0.511033 0.333647 -0.267927
v 0.512503 0.625805 -0.129043
v 0.491836 0.583107 -0.547471
v 0.396369 0.556637 -0.597672
v 0.536608 0.635143 -0.291368
v 0.523654 0.374386 -0.269128
v -0.623677 0.236112 0.381873
v 0.514599 0.428957 -0.149641
v -0.682480 0.226580 0.358561
v 0.534777 0.624290 -0.105218
v 0.395396 0.577277 -0.654363
v 0.338500 0.337172 -0.638350
v 0.351264 0.327284 -0.583057
v -0.673862 0.281682 0.327523
v 0.536072 0.646136 -0.084412
v 0.496913 0.661097 -0.100808
v 0.381960 0.587003 -0.668940
v 0.523238 0.384165 -0.103356
v 0.517647 0.633943 -0.077833
v 0.541748 0.355217 -0.104249
v 0.190923 0.133149 -0.499767
v 0.387961 0.127037 -0.501140
v 0.427585 0.137823 -0.440149
v 0.396894 0.120769 -0.406119
v 0.392479 0.127093 -0.552889
v -0.653849 0.258520 0.498493
v 0.363541 0.153823 -0.443385
v -0.586332 0.235326 0.430883
v 0.420673 0.150173 -0.504573
v 0.266069 0.154151 -0.426251
v 0.266129 0.121260 -0.385167
v 0.364536 0.269855 -0.452891
v 0.266553 0.153165 -0.511775
v 0.319067 0.150555 -0.530682
v 0.222402 0.125627 -0.497673
v 0.301525 0.121932 -0.576752
v 0.343866 0.269285 -0.517058
v -0.683160 0.283306 0.473685
v -0.576042 0.274137 0.438542
v 0.243226 0.131566 -0.574814
v 0.518057 0.529389 0.022103
v 0.330912 0.442657 -0.643534
v 0.342967 0.142742 -0.583346
v -0.651885 0.239718 0.321660
v 0.314515 0.138498 -0.348143
v 0.540944 0.376020 -0.080343
v -0.734082 0.287807 0.411410
v 0.336448 0.270090 -0.561940
v 0.201368 0.136607 -0.415708
v -0.622564 0.290822 0.471634
v 0.487316 0.712199 -0.332895
v 0.225826 0.326561 -0.729054
v 0.283023 0.269824 -0.528252
v -0.718072 0.290157 0.362549
v 0.515961 0.440016 -0.078875
v 0.430381 0.688074 -0.468930
v 0.336419 0.630145 -0.635786
v 0.322552 0.269861 -0.409263
v 0.487245 0.712216 -0.030417
v 0.443152 0.746778 -0.328259
v 0.515619 0.342966 -0.095908
v 0.468844 0.699715 -0.023237
v 0.463305 0.720130 -0.241673
v 0.443266 0.740832 -0.228511
v 0.513131 0.633613 -0.431856
v 0.231387 0.330901 -0.749841
v 0.276224 0.269334 -0.415192
v 0.517501 0.467795 -0.030685
v 0.515162 0.632363 0.073470
v -0.626650 0.346380 0.477746
v 0.448789 0.757877 -0.233897
v 0.455882 0.714316 -0.139696
v 0.551602 0.474795 -0.031605
v 0.519449 0.475317 -0.031537
v 0.550492 0.465079 -0.025356
v 0.548912 0.465233 0.022997
v 0.553519 0.469369 0.029260
v 0.518120 0.481118 -0.006840
v 0.233659 0.436831 -0.749549
v -0.601074 0.374621 0.285182
v 0.452203 0.722057 -0.121410
v 0.470207 0.699357 -0.344756
v 0.480586 0.722971 -0.132670
v -0.562836 0.356745 0.364881
v -0.687061 0.373600 0.393737
v 0.517982 0.445640 0.070238
v -0.592603 0.346943 0.332722
v 0.427641 0.772239 -0.343440
v 0.218806 0.272521 -0.711894
v 0.450339 0.635272 0.142221
v 0.444524 0.697876 -0.477435
v 0.302392 0.701825 -0.649028
v 0.242588 0.269482 -0.475115
v 0.520877 0.416020 0.029523
v 0.553773 0.403149 0.030618
v 0.545561 0.404186 -0.029648
v 0.548187 0.398657 0.024664
v 0.517505 0.399917 0.028480
v 0.456889 0.716467 -0.051033
v 0.454739 0.767071 -0.128872
v 0.247925 0.269908 -0.506773
v 0.448618 0.778898 -0.337990
v 0.388990 0.704861 -0.497288
v 0.235405 0.632308 -0.748295
v 0.417345 0.770023 -0.448258
v 0.402680 0.745227 -0.463212
v -0.580189 0.402729 0.439304
v -0.528123 0.359837 0.393702
v 0.274276 0.710523 -0.627395
v 0.270526 0.688062 -0.660506
v 0.372505 0.712075 -0.534011
v -0.663557 0.423930 0.326537
v 0.402786 0.769385 -0.441388
v 0.451073 0.763798 -0.030843
v 0.097004 0.322098 -0.730446
v -0.507980 0.457918 0.385987
v 0.117880 0.269740 -0.457053
v 0.326970 0.710150 -0.573595
v 0.274107 0.745435 -0.612115
v 0.264897 0.133831 -0.098429
v 0.427667 0.770228 -0.026751
v 0.385530 0.828728 -0.398274
v 0.319058 0.746299 -0.566104
v -0.616817 0.459804 0.289828
v 0.152885 0.269731 -0.604649
v 0.483742 0.374568 0.184312
v -0.625950 0.507538 0.290688
v 0.413783 0.546433 0.183420
v 0.473034 0.369350 0.201682
v 0.342609 0.447269 0.204906
v 0.483475 0.575941 0.187697
v 0.353227 0.513408 0.218975
v 0.382035 0.445441 0.158526
v 0.393257 0.498403 0.172993
v 0.474885 0.582392 0.206356
v 0.564209 0.351351 0.291850
v 0.525138 0.382334 0.262942
v 0.523132 0.328993 0.335820
v 0.582940 0.178046 0.325523
v 0.575335 0.180691 0.356080
v 0.574194 0.056032 0.414065
v 0.741992 0.004530 0.343050
v 0.675498 0.261494 0.433757
v 0.582887 0.336588 0.357154
v 0.501507 0.510505 0.397274
v 0.539043 0.489853 0.409291
v 0.590668 0.472959 0.431933
v 0.522361 0.584667 0.396716
v 0.579016 0.588203 0.302588
v 0.622126 0.560579 0.317832
v 0.599110 0.534548 0.370390
v 0.531099 0.528598 0.398554
v 0.662076 0.454770 0.352346
v -0.585379 0.483658 0.255419
v 0.582185 0.533024 0.327764
v 0.651168 0.276900 0.499350
v 0.635616 0.371411 0.459991
v 0.503965 0.455648 0.387817
v 0.578310 0.409845 0.437793
v 0.577557 0.516600 0.253675
v 0.525782 0.541085 0.350999
v 0.534611 0.506082 0.295840
v 0.616320 0.523015 0.290829
v 0.468781 0.496973 0.361674
v 0.624659 0.497100 0.285188
v 0.501767 0.499958 0.329717
v 0.557749 0.439228 0.300943
v 0.500061 0.478082 0.271981
v -0.530084 0.411635 0.277300
v 0.525074 0.408915 0.276727
v -0.633695 0.373061 0.458324
v 0.469842 0.498635 0.231192
v 0.477365 0.535168 0.233445
v 0.561549 0.464982 0.257968
v 0.466158 0.484706 0.304137
v 0.597790 0.454726 0.280846
v 0.524637 0.429043 0.352262
v -0.526221 0.432246 0.350135
v 0.527086 0.353175 0.394736
v 0.493165 0.405164 0.321675
v 0.556895 0.429908 0.334160
v -0.623992 0.564324 0.317298
v 0.478694 0.437371 0.320506
v 0.431001 0.538346 0.289983
v 0.418581 0.512574 0.192962
v -0.538439 0.483899 0.412861
v 0.612253 0.309282 0.463632
v 0.696509 0.374300 0.374714
v 0.682725 0.286354 0.470490
v 0.570851 0.245810 0.426283
v 0.722087 0.283629 0.418188
v 0.664722 0.413861 0.326553
v -0.497993 0.482090 0.264104
v -0.536228 0.505022 0.294699
v 0.697114 0.308788 0.348075
v 0.635753 0.278978 0.312763
v 0.597829 0.261646 0.461184
v 0.695180 0.258549 0.342409
v -0.547620 0.390070 0.277930
v 0.733159 0.263775 0.378170
v 0.613948 0.240664 0.362938
v 0.662965 0.257780 0.449841
v 0.659207 0.230773 0.330522
v 0.801090 0.000771 0.591280
v 0.803393 0.027973 0.593316
v 0.873108 0.000398 0.490969
v 0.876914 0.027169 0.488279
v -0.568033 0.541826 0.308145
v 0.774948 0.083321 0.538040
v -0.476754 0.482605 0.360242
v 0.724600 0.009044 0.512137
v 0.841270 0.002940 0.413373
v 0.778887 0.007041 0.437479
v 0.655859 0.009379 0.457881
v 0.720726 0.004015 0.577060
v 0.728296 0.040801 0.579118
v 0.820446 0.079742 0.473721
v 0.848217 0.038423 0.425274
v 0.752558 0.056867 0.517130
v -0.534040 0.525137 0.411611
v 0.741325 0.109642 0.484142
v 0.782082 0.063066 0.476485
v 0.589720 0.010603 0.475108
v 0.799238 0.042700 0.387464
v 0.687738 0.047064 0.539913
v 0.730567 0.152088 0.442418
v -0.487588 0.405831 0.324228
v -0.557745 0.389125 0.309300
v 0.729060 0.085298 0.484255
v 0.686109 0.190857 0.447981
v 0.632358 0.234628 0.455636
v 0.693155 0.257955 0.409660
v 0.665930 0.008029 0.277420
v 0.729268 0.106989 0.497745
v 0.747632 0.079242 0.450417
v 0.755046 0.063347 0.428847
v 0.521762 0.010376 0.341949
v -0.506760 0.393121 0.349373
v 0.573433 0.036494 0.276601
v 0.784817 0.049140 0.409035
v 0.671228 0.223487 0.366677
v 0.761201 0.115917 0.449536
v 0.708560 0.065007 0.494203
v 0.618974 0.230179 0.413161
v 0.575875 0.036449 0.330461
v 0.646307 0.050453 0.522954
v 0.521016 0.038836 0.341614
v 0.646378 0.095262 0.532137
v 0.736757 0.111004 0.362510
v 0.538306 0.010049 0.433791
v 0.669350 0.124425 0.503078
v -0.537930 0.321167 0.278258
v 0.542351 0.044058 0.439772
v 0.739282 0.130554 0.417650
v 0.694533 0.133091 0.482982
v 0.728087 0.043366 0.329751
v 0.674387 0.041732 0.278930
v 0.658198 0.050775 0.322408
v 0.614714 0.090421 0.506197
v 0.760145 0.131615 0.392798
v -0.455446 0.366111 0.211206
v -0.524506 0.393747 0.257235
v -0.477174 0.538249 0.237927
v 0.645091 0.136468 0.446352
v 0.692945 0.134611 0.383565
v 0.696496 0.056170 0.349202
v 0.606269 0.061246 0.447949
v 0.630475 0.122525 0.470784
v 0.664639 0.089832 0.443318
v 0.696164 0.117112 0.342901
v 0.644033 0.050707 0.430220
v 0.694112 0.096577 0.386658
v 0.671911 0.094132 0.413007
v -0.459093 0.406109 0.222939
v 0.667674 0.099454 0.371232
v -0.461787 0.370343 0.332783
v 0.681199 0.052174 0.379043
v 0.627533 0.112156 0.428870
v 0.580869 0.193224 0.382333
v 0.607076 0.207442 0.362995
v 0.604006 0.220074 0.380804
v -0.485304 0.375128 0.352628
v 0.564799 0.192891 0.388713
v 0.611548 0.198201 0.338523
v -0.470603 0.478659 0.299245
v 0.424221 0.404726 0.178877
v 0.530627 0.327574 0.265567
v 0.552677 0.317055 0.297968
v 0.514600 0.388895 0.346709
v 0.545657 0.392313 0.306007
v 0.367172 0.744312 -0.502265
v 0.410935 0.269219 -0.141809
v 0.107871 0.436439 -0.750152
v -0.473375 0.371996 0.198481
v 0.293441 0.269824 -0.193195
v 0.373128 0.269087 -0.108049
v -0.473323 0.491435 0.235541
v 0.430209 0.417409 0.197965
v 0.427713 0.687974 0.110940
v -0.524444 0.321876 0.343659
v -0.548566 0.330621 0.320080
v 0.180677 0.141414 -0.553108
v 0.197998 0.142167 -0.658752
v 0.132800 0.123804 -0.526581
v 0.372957 0.400158 0.264443
v 0.512949 0.315676 0.348709
v 0.261245 0.772304 -0.629568
v 0.113603 0.136027 -0.505567
v 0.365144 0.450280 0.253115
v 0.480524 0.386921 0.347924
v -0.590882 0.184060 0.326297
v 0.107397 0.574950 -0.747766
v -0.618733 0.221774 0.357420
v 0.115842 0.268837 -0.553629
v 0.499225 0.341360 0.367741
v 0.370695 0.551223 0.253768
v 0.218021 0.269914 -0.336877
v 0.433730 0.483930 0.295414
v 0.100429 0.425825 -0.847372
v -0.559967 0.182708 0.366644
v 0.497621 0.331212 0.279479
v -0.588680 0.207764 0.397125
v 0.431967 0.707520 0.130600
v 0.451088 0.438996 0.142364
v 0.185350 0.125220 -0.618519
v -0.544773 0.006958 0.444118
v -0.664445 0.101083 0.369129
v 0.392499 0.583568 0.300657
v 0.381175 0.828395 -0.242005
v -0.636274 0.106474 0.434347
v 0.367647 0.719526 0.127830
v 0.252525 0.768218 -0.612635
v 0.094155 0.631421 -0.746171
v 0.264573 0.269782 -0.295006
v -0.607125 0.191105 0.338901
v -0.608726 0.047082 0.449315
v 0.151561 0.152309 -0.601139
v 0.169671 0.135682 -0.251075
v 0.466240 0.268798 0.036623
v 0.467181 0.330491 0.335989
v 0.342930 0.836766 -0.247353
v -0.583474 0.030286 0.347440
v -0.652894 0.048904 0.415335
v 0.197064 0.241951 -0.332330
v 0.400074 0.812923 0.020004
v 0.195472 0.823378 -0.619559
v -0.616985 0.096676 0.434565
v -0.576369 0.026279 0.278716
v 0.313523 0.720546 0.188930
v 0.102215 0.569607 -0.834250
v 0.330527 0.269276 -0.113090
v 0.469329 0.342032 0.300093
v 0.367838 0.741630 0.140960
v 0.404821 0.750321 0.075062
v 0.238372 0.833643 -0.356468
v 0.081231 0.320114 -0.816312
v 0.091374 0.153212 -0.680286
v 0.514549 0.331464 0.069513
v 0.380946 0.828409 -0.219696
v 0.375428 0.827463 -0.184364
v 0.366956 0.848575 -0.159293
v 0.093696 0.435945 -0.834391
v -0.509888 0.309538 0.292301
v 0.448395 0.334611 0.149439
v 0.403522 0.413413 0.278854
v -0.553473 0.054770 0.440652
v 0.380932 0.828402 -0.218709
v 0.380874 0.828358 -0.218048
v 0.320248 0.828081 -0.466093
v -0.525767 0.040507 0.335873
v -0.520886 0.008533 0.354571
v 0.090795 0.270157 -0.669783
v -0.633318 0.117628 0.470248
v -0.577983 0.185766 0.378188
v 0.193588 0.166867 -0.261820
v 0.437920 0.367462 0.230576
v 0.373661 0.702521 0.154127
v 0.120930 0.123559 -0.234114
v 0.456957 0.367644 0.212270
v 0.453433 0.386777 0.322539
v 0.321760 0.872074 -0.154099
v 0.078335 0.269903 -0.704304
v 0.147871 0.148656 -0.710753
v -0.421649 0.369301 0.265400
v 0.365664 0.517964 0.250166
v -0.444291 0.372212 0.240904
v -0.105763 0.330642 -0.848440
v 0.379055 0.828396 0.012410
v 0.326831 0.869335 -0.230667
v 0.257097 0.840752 -0.270930
v 0.056307 0.269812 -0.560287
v 0.242991 0.242873 -0.079504
v 0.342024 0.704362 0.227400
v 0.096689 0.723284 -0.682731
v 0.376394 0.570905 0.312914
v 0.346859 0.870229 -0.162327
v 0.064386 0.168086 -0.240440
v 0.499763 0.326561 0.041647
v -0.076682 0.319097 -0.812881
v 0.042549 0.153628 -0.581011
v 0.042416 0.269598 -0.632907
v 0.428476 0.405214 0.226907
v -0.437149 0.399829 0.201217
v 0.172402 0.139192 -0.112160
v 0.278651 0.710457 0.237296
v 0.032839 0.130783 -0.525929
v 0.412516 0.369160 0.264724
v 0.384675 0.421968 0.257585
v -0.090707 0.330259 -0.839454
v 0.032457 0.121135 -0.683737
v 0.023143 0.142160 -0.700332
v -0.000620 0.138226 -0.568996
v 0.098700 0.122163 -0.723900
v 0.021315 0.131937 -0.596240
v -0.045507 0.153650 -0.577739
v -0.031126 0.125832 -0.559988
v -0.105898 0.152911 -0.682024
v -0.000645 0.158333 -0.594155
v -0.423040 0.556261 0.206525
v -0.040016 0.268725 -0.593920
v -0.026205 0.126037 -0.660471
v -0.147758 0.152418 -0.589000
v 0.000222 0.134925 -0.658832
v -0.059474 0.138279 -0.509427
v -0.160269 0.124341 -0.527711
v -0.120541 0.125670 -0.708010
v -0.045335 0.133047 -0.717842
v -0.165765 0.135220 -0.707519
v -0.181423 0.125029 -0.594974
v -0.429216 0.538715 0.291520
v -0.405653 0.402771 0.280409
v -0.191208 0.138756 -0.569246
v 0.236180 0.869649 -0.219474
v -0.048217 0.268097 -0.648012
v 0.212726 0.202959 -0.133950
v 0.283409 0.688213 0.272506
v 0.277153 0.747710 0.252050
v 0.074117 0.130824 -0.344813
v -0.387492 0.400617 0.268014
v 0.216199 0.961402 -0.424001
v 0.245755 0.947786 -0.349949
v 0.211089 0.930254 -0.389274
v 0.266419 0.882597 -0.359273
v 0.206120 0.914284 -0.491805
v 0.280933 0.892779 -0.423155
v 0.260733 0.876460 -0.404938
v 0.231368 0.872966 -0.436873
v 0.278061 0.832530 -0.408455
v 0.237023 0.879068 -0.383643
v 0.080534 0.597329 -0.823738
v -0.097180 0.322905 -0.830580
v -0.092667 0.323682 -0.790159
v -0.092423 0.293161 -0.823821
v -0.089836 0.320298 -0.810973
v -0.102708 0.289271 -0.823798
v 0.104972 0.124273 -0.103420
v 0.396476 0.368100 0.281988
v -0.484464 0.375229 0.181452
v 0.092719 0.155024 -0.142687
v -0.411107 0.515729 0.279725
v 0.299880 0.838962 -0.084469
v -0.082173 0.320234 -0.729744
v -0.201631 0.145125 -0.638633
v -0.131519 0.270518 -0.556316
v 0.098155 0.222020 -0.426081
v 0.380817 0.371346 0.311243
v 0.232203 0.868383 -0.129292
v -0.104799 0.430786 -0.837404
v -0.070040 0.268954 -0.556351
v 0.084309 0.729341 -0.756765
v -0.004798 0.126726 -0.310446
v 0.037572 0.269639 -0.473737
v 0.041552 0.269646 -0.473360
v 0.041036 0.269639 -0.472633
v 0.083567 0.162753 -0.377221
v 0.027643 0.151016 -0.276863
v 0.294369 0.831537 -0.020043
v 0.171073 0.839947 -0.281643
v -0.107310 0.330489 -0.805915
v -0.400665 0.490370 0.177954
v 0.205120 0.883450 -0.414128
v 0.081524 0.658138 -0.821038
v -0.451818 0.335034 0.146857
v -0.013248 0.185691 -0.262632
v 0.078441 0.185401 -0.172055
v 0.258036 0.749678 0.236610
v 0.266699 0.828019 0.128648
v 0.199853 0.845652 -0.219159
v -0.404582 0.532808 0.174211
v 0.245843 0.943558 0.055144
v 0.270938 0.838848 0.071802
v 0.225334 0.853907 0.058842
v -0.374362 0.552129 0.250841
v 0.100914 0.825229 -0.613268
v -0.092266 0.587986 -0.832786
v -0.108661 0.436543 -0.750313
v -0.383569 0.444764 0.160284
v -0.119720 0.269734 -0.456824
v 0.033124 0.185755 -0.107140
v 0.254688 0.268492 -0.073274
v 0.266008 0.841338 0.035248
v 0.194919 0.843206 -0.148420
v 0.100343 0.830522 -0.494681
v -0.351427 0.500372 0.222948
v 0.174575 0.838375 -0.090262
v -0.343551 0.447698 0.206893
v 0.199565 0.835059 -0.417033
v 0.224792 0.832778 0.115475
v 0.086995 0.812435 -0.685513
v -0.107886 0.332048 -0.749843
v 0.010116 0.212365 -0.415065
v -0.078975 0.132343 -0.346569
v -0.045117 0.151034 -0.270392
v 0.040691 0.758979 -0.752805
v -0.454200 0.441520 0.142269
v -0.393260 0.578054 0.300633
v -0.329268 0.334848 0.287280
v 0.123349 0.838793 -0.297323
v -0.381910 0.375313 0.311963
v 0.100379 0.831770 -0.335337
v -0.108044 0.574427 -0.747959
v 0.175351 0.196086 -0.068668
v -0.371137 0.489283 0.253867
v 0.325111 0.332309 0.286833
v 0.079638 0.861715 -0.663055
v 0.046956 0.815854 -0.715831
v -0.069610 0.185612 -0.217767
v 0.359417 0.268235 0.075095
v -0.029713 0.745512 -0.749420
v 0.326173 0.435764 0.282906
v 0.118708 0.916325 -0.115399
v -0.395344 0.365823 0.285696
v 0.472548 0.276340 0.052333
v 0.195394 0.819922 0.239881
v 0.177073 0.835820 0.007907
v -0.094236 0.631366 -0.747043
v -0.212370 0.270403 -0.713475
v 0.361120 0.268011 0.126480
v 0.175338 0.837669 0.067316
v 0.083046 0.879634 -0.597099
v -0.481800 0.581681 0.203259
v 0.148916 0.834390 -0.317295
v 0.080284 0.883601 -0.332395
v -0.016565 0.130427 -0.063716
v -0.055535 0.798056 -0.727539
v -0.093236 0.183452 -0.391502
v -0.064050 0.186010 -0.130599
v 0.377371 0.326953 0.189727
v 0.158398 0.829832 0.135590
v 0.114114 0.932206 -0.296367
v 0.047461 0.909245 -0.434748
v -0.008371 0.834488 -0.692645
v -0.380525 0.586716 0.313986
v 0.105002 0.150385 -0.037137
v -0.469919 0.270060 0.057176
v 0.070574 0.881164 -0.606308
v 0.070567 0.881057 -0.606641
v 0.070625 0.880934 -0.607287
v -0.075095 0.140231 -0.105004
v 0.138745 0.268176 0.048130
v 0.321696 0.268010 0.043547
v 0.269008 0.267664 0.053782
v 0.070640 0.880629 -0.608028
v -0.084957 0.733978 -0.754257
v -0.235141 0.631756 -0.748719
v -0.499394 0.327119 0.025855
v -0.517383 0.436508 0.026291
v 0.061000 0.890563 -0.560925
v 0.148873 0.839118 -0.089372
v -0.519339 0.403100 0.003607
v 0.324721 0.272255 0.224861
v -0.554005 0.405672 0.031913
v -0.554323 0.410682 0.023799
v -0.555549 0.410314 -0.023448
v -0.557942 0.399172 0.004757
v -0.558329 0.403099 -0.031563
v -0.520430 0.407225 -0.031977
v 0.064938 0.133717 -0.010284
v 0.087057 0.865543 0.255875
v -0.234237 0.436742 -0.749455
v -0.309434 0.272396 0.247609
v -0.096882 0.150688 -0.183249
v -0.519125 0.443697 0.071512
v -0.109909 0.127807 -0.236382
v -0.086452 0.849452 -0.672333
v -0.147111 0.220083 -0.368031
v -0.063674 0.129142 -0.026772
v 0.234966 0.632672 0.372993
v 0.233848 0.436496 0.373412
v 0.296667 0.269377 0.171468
v -0.386845 0.326743 0.175721
v -0.146668 0.128839 -0.251548
v 0.061591 0.888224 -0.393205
v 0.118397 0.202986 0.002616
v 0.083746 0.942987 -0.308272
v 0.066772 0.881369 -0.598181
v -0.098147 0.732117 -0.676684
v 0.232762 0.325455 0.357036
v 0.087260 0.882416 -0.061862
v -0.519762 0.399860 -0.028359
v -0.062836 0.894898 -0.398850
v -0.558777 0.472221 0.029594
v -0.133651 0.127987 -0.118185
v 0.131467 0.246492 0.032953
v -0.086419 0.880494 -0.599163
v -0.546970 0.474854 0.023892
v 0.239099 0.268375 0.110415
v -0.555534 0.464484 -0.002146
v -0.557213 0.465188 -0.027407
v -0.554907 0.475825 -0.031331
v -0.331852 0.437220 -0.642857
v 0.085997 0.879285 0.200163
v -0.062197 0.898695 -0.561108
v -0.185904 0.151929 -0.255567
v -0.520321 0.464872 -0.029184
v -0.519952 0.472636 -0.026667
v -0.606511 0.456510 -0.619456
v -0.457964 0.432726 -0.658320
v -0.473107 0.476395 -0.654266
v -0.559770 0.533638 -0.721906
v -0.599460 0.535134 -0.674781
v -0.532146 0.579602 -0.727793
v -0.607456 0.581938 -0.653216
v -0.569480 0.556373 -0.753988
v -0.613085 0.532812 -0.722517
v -0.494483 0.525476 -0.722053
v -0.522515 0.519765 -0.683562
v -0.559126 0.534846 -0.651919
v -0.480293 0.478725 -0.710237
v -0.488773 0.494122 -0.734327
v -0.519534 0.455089 -0.744902
v -0.531631 0.504572 -0.758603
v -0.511487 0.481906 -0.682299
v -0.568580 0.489149 -0.606838
v -0.637607 0.491118 -0.653812
v -0.494326 0.379167 -0.693043
v -0.452422 0.636725 0.145300
v -0.419590 0.511884 -0.626464
v -0.619077 0.508541 -0.631019
v -0.345564 0.441633 -0.565141
v -0.395267 0.510578 -0.524488
v -0.418253 0.410373 -0.594977
v -0.361393 0.497431 -0.575617
v -0.359401 0.532626 -0.584700
v -0.385177 0.444999 -0.514977
v -0.437319 0.408356 -0.541551
v -0.520406 0.474815 -0.032033
v -0.395980 0.398042 -0.606218
v -0.464973 0.372505 -0.587975
v -0.542999 0.492445 -0.647142
v -0.436548 0.537668 -0.642106
v -0.387057 0.511420 -0.594594
v -0.610885 0.446127 -0.791926
v -0.345770 0.271148 -0.560822
v -0.089626 0.942353 -0.308279
v -0.401568 0.582244 -0.665351
v -0.504768 0.485719 -0.617281
v -0.587695 0.427248 -0.625000
v -0.518742 0.392591 -0.695344
v -0.469864 0.376143 -0.675863
v -0.533298 0.529345 0.024941
v -0.527662 0.522263 0.032151
v -0.026095 0.806921 0.293140
v -0.561331 0.522023 0.012665
v -0.552560 0.530426 -0.024485
v -0.555796 0.531265 -0.032358
v -0.520392 0.525142 -0.025613
v -0.693211 0.417888 -0.700470
v -0.267773 0.269865 -0.421551
v 0.017134 0.753585 0.328509
v -0.397211 0.556421 -0.596958
v -0.237315 0.327452 -0.745226
v -0.222600 0.326272 -0.728703
v 0.232003 0.340360 0.374266
v -0.104000 0.827520 -0.610148
v -0.498383 0.399569 -0.672522
v 0.064827 0.895893 0.155645
v -0.335038 0.626974 -0.639166
v -0.562622 0.385587 -0.635796
v -0.173311 0.138680 -0.113748
v 0.078508 0.659197 0.384079
v -0.283242 0.688234 -0.639294
v 0.134588 0.437271 0.368779
v 0.052932 0.771524 0.319154
v -0.202063 0.824730 -0.618039
v -0.541366 0.426218 -0.703042
v -0.580700 0.421862 -0.789839
v -0.581572 0.344116 -0.716134
v -0.625094 0.323574 -0.662290
v -0.520687 0.437295 -0.078164
v -0.520677 0.523174 -0.030752
v -0.612929 0.320840 -0.689482
v -0.326051 0.435836 0.284593
v -0.537298 0.350674 -0.752873
v -0.675695 0.372070 -0.769136
v -0.618419 0.311707 -0.821886
v -0.606963 0.263830 -0.818925
v -0.749631 0.278898 -0.741902
v -0.662461 0.281110 -0.851666
v -0.597659 0.276907 -0.753206
v -0.719543 0.273099 -0.709661
v -0.667381 0.242633 -0.681536
v -0.690938 0.223355 -0.720916
v -0.623055 0.210272 -0.776949
v -0.437638 0.687587 0.115506
v -0.706583 0.256701 -0.755227
v -0.687131 0.256632 -0.763913
v -0.660896 0.244414 -0.805105
v -0.634472 0.236935 -0.749286
v -0.856490 0.038739 -0.836411
v -0.695860 0.004116 -0.927490
v -0.785589 0.030598 -0.950247
v -0.783927 0.003518 -0.950573
v -0.708995 0.007865 -0.871097
v -0.806218 0.085863 -0.822313
v -0.863950 0.002689 -0.842885
v -0.825065 0.036168 -0.768418
v -0.801719 0.003724 -0.765716
v -0.751594 0.083238 -0.896016
v -0.653200 0.008307 -0.825236
v -0.518465 0.538839 0.028168
v -0.518732 0.584949 0.008994
v -0.579615 0.005911 -0.643814
v -0.556305 0.585533 0.030409
v -0.522737 0.572619 0.033768
v -0.543364 0.577020 -0.028202
v -0.556837 0.587219 -0.005282
v -0.720207 0.006464 -0.749452
v -0.517441 0.019790 -0.705949
v -0.713423 0.042664 -0.941181
v -0.667778 0.061912 -0.894848
v -0.781888 0.047966 -0.817737
v -0.365358 0.327321 0.240075
v -0.751697 0.110144 -0.823658
v -0.571240 0.033502 -0.642234
v -0.750937 0.055804 -0.860760
v -0.612596 0.047344 -0.854821
v -0.697842 0.052211 -0.877237
v -0.718736 0.064628 -0.830637
v -0.753909 0.055122 -0.798620
v -0.520727 0.544279 -0.028046
v -0.619149 0.100915 -0.862489
v -0.757376 0.099425 -0.787812
v -0.547790 0.051654 -0.794648
v -0.762618 0.037659 -0.731121
v -0.719474 0.105717 -0.855959
v -0.561904 0.038326 -0.681490
v -0.547947 0.006051 -0.806345
v -0.709633 0.163383 -0.820219
v -0.768498 0.099233 -0.728627
v -0.742169 0.136783 -0.802360
v -0.675566 0.005439 -0.656044
v -0.670030 0.038862 -0.649478
v -0.610296 0.110378 -0.813895
v -0.663728 0.108916 -0.801772
v -0.725928 0.040095 -0.702377
v -0.672460 0.122990 -0.868807
v -0.688735 0.058559 -0.710164
v -0.688692 0.132157 -0.849196
v -0.682631 0.065904 -0.830618
v -0.662536 0.107449 -0.814027
v -0.604865 0.045766 -0.804593
v -0.519991 0.343849 -0.087054
v -0.687360 0.097515 -0.790939
v -0.736970 0.115345 -0.745666
v -0.682915 0.038707 -0.721687
v -0.665947 0.089407 -0.813125
v -0.666131 0.097474 -0.815414
v -0.622088 0.104388 -0.786275
v -0.707499 0.118699 -0.736600
v -0.690484 0.098877 -0.755347
v -0.646918 0.050830 -0.794109
v -0.646252 0.100614 -0.798537
v -0.671558 0.086396 -0.734871
v -0.332167 0.269627 0.164641
v -0.618829 0.205431 -0.708191
v -0.601421 0.135951 -0.735688
v -0.515921 0.331906 0.074927
v -0.582218 0.183035 -0.690326
v -0.575061 0.199677 -0.744388
v -0.557872 0.185349 -0.715323
v -0.598228 0.223365 -0.742235
v -0.626222 0.218286 -0.698937
v -0.532744 0.332603 -0.695566
v 0.227459 0.271430 0.338134
v -0.549518 0.369712 -0.105479
v -0.320969 0.140446 -0.592016
v -0.053901 0.897259 0.148678
v -0.483422 0.536936 -0.585222
v -0.234620 0.435947 0.373303
v -0.420571 0.404554 -0.627262
v -0.083311 0.884701 -0.333532
v -0.545155 0.392270 -0.608431
v -0.552885 0.634769 -0.080966
v 0.095884 0.191910 0.033687
v -0.000178 0.889815 0.118379
v -0.086525 0.884996 -0.062976
v -0.294848 0.701098 -0.642652
v -0.492869 0.334308 -0.644706
v -0.386618 0.374364 -0.671397
v -0.431435 0.140964 -0.472127
v 0.126279 0.556470 0.403750
v -0.431307 0.552155 -0.540928
v -0.535355 0.408646 -0.629711
v -0.398568 0.327354 -0.525107
v -0.551235 0.350384 -0.086629
v 0.135840 0.568405 0.368816
v -0.448858 0.702777 0.127435
v -0.388725 0.140194 -0.378627
v -0.103474 0.832532 -0.329875
v -0.275645 0.744941 -0.624822
v -0.318592 0.696842 -0.582827
v -0.475969 0.505520 -0.577354
v -0.553532 0.313295 -0.652871
v -0.400382 0.367447 -0.656983
v -0.346295 0.269909 -0.518585
v 0.064191 0.218361 0.054313
v -0.094095 0.939165 -0.089276
v -0.149597 0.836497 -0.306726
v 0.100714 0.565588 0.404072
v -0.448816 0.631321 -0.511955
v -0.497450 0.582243 -0.556507
v -0.333729 0.338728 -0.642378
v 0.133383 0.336411 0.370473
v 0.012455 0.502481 0.355429
v -0.206283 0.192949 -0.171172
v -0.080851 0.149239 0.001818
v -0.081622 0.205867 0.045741
v -0.160233 0.835042 -0.418905
v -0.433112 0.363046 -0.613527
v -0.082442 0.715507 0.348124
v -0.120466 0.917605 -0.286054
v 0.095248 0.562455 0.367224
v -0.334715 0.699227 -0.563248
v -0.438260 0.688893 -0.462121
v -0.428038 0.515850 -0.530834
v -0.414115 0.363996 -0.629381
v -0.250422 0.246224 -0.282471
v 0.083366 0.626471 0.366725
v -0.065572 0.895989 -0.021974
v -0.260100 0.751913 -0.614665
v 0.116335 0.268365 0.088641
v 0.000978 0.730325 0.342552
v -0.535892 0.324651 -0.613248
v -0.122632 0.912564 -0.121122
v -0.322107 0.739525 -0.561953
v -0.122002 0.198328 -0.006489
v -0.045954 0.762725 0.324592
v -0.347442 0.703351 -0.592054
v -0.474912 0.404521 -0.563368
v -0.374511 0.741539 -0.505187
v -0.382300 0.703823 -0.525104
v -0.367469 0.268966 0.096466
v -0.182374 0.193300 -0.075075
v -0.516251 0.632878 0.077581
v -0.105980 0.835770 -0.032288
v -0.067412 0.883862 0.158321
v -0.520770 0.385104 -0.604381
v -0.410453 0.751426 -0.450271
v -0.481139 0.364362 -0.561606
v 0.028957 0.618742 0.391195
v -0.172062 0.840916 -0.284577
v -0.391290 0.829086 -0.396197
v -0.525457 0.372782 -0.110955
v 0.124253 0.146844 0.675522
v 0.098009 0.010629 0.916439
v -0.371309 0.709150 0.151203
v 0.123480 0.037586 0.865594
v 0.121688 0.043363 0.949216
v 0.110047 0.077853 0.913995
v 0.086259 0.044504 0.927637
v 0.099281 0.103528 0.828657
v -0.001300 0.190470 0.670409
v -0.107593 0.045130 0.931566
v 0.124336 0.176672 0.742385
v 0.123716 0.250144 0.496260
v 0.036087 0.308181 0.418972
v -0.113222 0.011107 0.913961
v 0.098653 0.164175 0.723837
v 0.101251 0.223558 0.615904
v -0.001612 0.009872 0.913862
v -0.103235 0.133349 0.788849
v -0.126375 0.036807 0.950292
v -0.414884 0.749896 0.083691
v -0.323567 0.631587 0.286606
v -0.117398 0.118245 0.865745
v 0.110155 0.199422 0.697957
v 0.125670 0.299065 0.527679
v 0.112243 0.310997 0.504022
v -0.100379 0.169331 0.649584
v 0.126786 0.301428 0.408947
v 0.100745 0.278270 0.519066
v -0.313155 0.713910 0.209718
v -0.101157 0.187338 0.693694
v 0.101917 0.345568 0.403046
v -0.125270 0.181360 0.618593
v -0.118964 0.182197 0.754564
v -0.272959 0.269354 0.161444
v 0.128470 0.347768 0.400962
v -0.349716 0.271806 -0.420950
v -0.407205 0.711035 0.106981
v 0.073349 0.599629 0.393513
v 0.176965 0.136020 0.246337
v -0.133152 0.838706 -0.093139
v -0.262334 0.841747 -0.409562
v -0.430810 0.701930 -0.477794
v 0.201121 0.133536 0.220205
v -0.085784 0.235317 0.602411
v -0.035410 0.632137 0.393520
v -0.281593 0.829487 -0.502010
v -0.294316 0.703101 0.286180
v 0.136159 0.295701 0.346037
v -0.107538 0.269002 0.093281
v -0.089820 0.869736 0.252351
v -0.230787 0.837120 -0.254905
v -0.266160 0.269908 -0.287569
v 0.089727 0.363989 0.372950
v -0.389741 0.269734 -0.221310
v -0.226797 0.867273 -0.227555
v -0.463601 0.606892 -0.488450
v -0.400893 0.816027 0.023749
v -0.063879 0.603572 0.387412
v -0.175981 0.838739 -0.086085
v 0.127326 0.270562 0.191837
v 0.155035 0.158727 0.244570
v 0.102185 0.133797 0.356740
v -0.549771 0.618787 -0.103810
v -0.097722 0.826161 0.235717
v -0.148440 0.838060 0.053247
v -0.164597 0.876878 0.047890
v -0.472619 0.700516 -0.022719
v 0.012918 0.270764 0.328364
v -0.282112 0.686067 0.275778
v -0.098326 0.565964 0.403563
v -0.091755 0.725878 0.302621
v -0.297069 0.855621 -0.264666
v -0.473111 0.270247 -0.405082
v -0.075983 0.335434 0.421470
v -0.364675 0.139926 0.008082
v -0.117614 0.307691 0.407753
v -0.210167 1.028891 0.010008
v -0.515873 0.337287 -0.290426
v -0.180917 0.936289 0.006008
v -0.189176 0.932357 0.080822
v -0.212536 1.030156 0.066589
v -0.248309 0.934936 0.073319
v -0.189137 1.017606 0.058405
v -0.235454 1.010956 0.052149
v -0.233934 1.014887 0.025983
v -0.253435 0.930981 0.064264
v -0.251832 0.936917 0.012357
v -0.183569 0.935562 0.063469
v -0.230885 0.930052 0.019203
v -0.200226 1.016194 0.033021
v -0.170522 0.936790 0.021929
v -0.223541 0.926827 0.051399
v -0.200337 0.930625 0.030013
v -0.218214 0.882107 0.063390
v -0.083244 0.657725 0.385351
v -0.249454 0.884289 0.034813
v -0.315001 0.269304 0.043081
v -0.246045 0.243229 -0.076516
v 0.099844 0.127859 0.331802
v -0.195850 0.888070 0.024716
v -0.225176 0.836159 -0.321465
v 0.139898 0.136136 0.148825
v -0.419864 0.143019 0.161390
v -0.315583 0.719918 0.191253
v 0.091850 0.127780 0.156785
v 0.038211 0.271157 0.245429
v 0.070056 0.271331 0.287135
v 0.066821 0.270111 0.185859
v 0.050080 0.160663 0.284541
v 0.080852 0.158404 0.186827
v -0.516990 0.611068 -0.102925
v 0.035147 0.142813 0.333212
v 0.018732 0.125586 0.288861
v 0.042549 0.133842 0.148296
v 0.028714 0.129391 0.199356
v 0.000181 0.150355 0.276446
v -0.056161 0.140439 0.348516
v -0.094187 0.159201 0.180297
v -0.149055 0.158961 0.270978
v -0.079760 0.126713 0.331498
v 0.000605 0.136514 0.193989
v -0.187413 0.122329 0.240374
v -0.066319 0.271438 0.283925
v -0.039162 0.125488 0.175856
v -0.041127 0.271036 0.223912
v -0.141792 0.127667 0.171202
v -0.157305 0.125592 0.309539
v -0.109683 0.242976 0.636109
v -0.099659 0.550240 0.365863
v -0.497220 0.369575 -0.546154
v -0.126621 0.246492 0.042223
v -0.179563 0.139647 0.174440
v -0.326707 0.873323 -0.151901
v -0.342325 0.870011 -0.215393
v -0.463503 0.439632 -0.489304
v -0.070002 0.133424 0.140679
v -0.102346 0.345483 0.401510
v -0.226797 0.327951 0.365587
v -0.462921 0.334785 -0.491825
v -0.111155 0.320556 0.503088
v -0.267261 0.268984 0.059634
v -0.197641 0.139473 0.285805
v -0.138372 0.136055 0.346724
v -0.091551 0.245084 0.526161
v -0.105645 0.260409 0.557331
v -0.119184 0.576056 0.404132
v -0.516451 0.462094 -0.215762
v -0.280375 0.863639 -0.102812
v -0.319707 0.746499 0.208044
v -0.198048 0.825059 0.238344
v -0.126622 0.581493 0.368567
v -0.370175 0.832490 -0.222497
v -0.514122 0.634373 -0.428297
v -0.268707 0.835377 0.017257
v -0.317402 0.269744 -0.214703
v -0.511376 0.542169 -0.181742
v -0.515108 0.646950 -0.081440
v -0.429609 0.771310 -0.336872
v -0.451436 0.767524 -0.333087
v -0.083802 0.271037 0.180255
v -0.279107 0.746596 0.252302
v -0.281719 0.704566 0.243990
v -0.128603 0.295721 0.400334
v -0.445413 0.753840 -0.238645
v -0.477167 0.139471 -0.174493
v -0.256156 0.269271 -0.065864
v -0.238954 0.826696 0.182034
v -0.440268 0.131848 -0.250216
v -0.127352 0.365283 0.402400
v -0.140520 0.270710 0.207181
v -0.087727 0.360338 0.374273
v -0.461010 0.716822 -0.324296
v -0.453786 0.135843 -0.092722
v -0.356755 0.842232 -0.126948
v -0.279004 0.837591 -0.085759
v -0.145302 0.271484 0.252315
v -0.232186 0.272692 0.341097
v -0.514493 0.649575 -0.290854
v -0.376697 0.829669 0.017205
v -0.461253 0.717683 -0.128163
v -0.515810 0.442112 -0.428473
v -0.137868 0.438461 0.368969
v -0.116784 0.271285 0.286739
v -0.422670 0.128461 0.080233
v -0.448670 0.756729 -0.124620
v -0.478261 0.700108 -0.172444
v -0.421972 0.269326 -0.171840
v -0.235386 0.630556 0.373921
v -0.547437 0.621872 -0.269436
v -0.552633 0.365749 -0.276973
v -0.524077 0.373706 -0.268176
v -0.511622 0.545227 -0.225386
v -0.516856 0.442038 -0.295597
v -0.253219 0.750035 0.244241
v -0.512251 0.620567 -0.263846
v -0.515528 0.335625 -0.427281
v -0.135894 0.295661 0.347669
v -0.447772 0.744295 -0.046584
v -0.489999 0.717548 -0.033025
v -0.550002 0.642982 -0.291737
v -0.512352 0.621168 -0.140661
v -0.435087 0.773375 -0.024937
v -0.219546 0.122213 0.150241
v -0.189456 0.139503 0.102605
v -0.220016 0.132097 0.196246
v -0.247681 0.154057 0.083655
v -0.328276 0.154943 0.178698
v -0.353937 0.154278 0.071442
v -0.315610 0.120240 0.210562
v -0.237889 0.269482 0.108980
v -0.229750 0.230918 0.091253
v -0.398802 0.120712 0.151535
v -0.353855 0.119866 0.020240
v -0.240158 0.134992 0.009772
v -0.242190 0.123021 0.044253
v -0.323574 0.136954 0.234778
vn 0.6777 -0.7163 -0.1660
vn -0.5226 0.8519 -0.0328
vn -0.2516 -0.9669 0.0420
vn 0.2232 0.9626 0.1537
vn 0.7514 -0.3908 -0.5316
vn 0.7497 -0.3489 -0.5623
vn 0.7349 -0.3711 -0.5677
vn 0.7529 -0.3228 -0.5736
vn 0.1574 0.9824 -0.1008
vn 0.2111 0.9739 -0.0829
vn 0.2163 0.9730 -0.0811
vn 0.2582 0.9638 -0.0667
vn -0.4352 0.8093 0.3945
vn -0.4292 0.8195 0.3797
vn -0.4203 0.8335 0.3585
vn -0.4292 0.8196 0.3797
vn -0.4101 0.8485 0.3345
vn -0.4203 0.8336 0.3585
vn 0.3779 0.9050 0.1954
vn 0.1594 -0.9003 -0.4050
vn 0.0646 -0.8846 -0.4619
vn 0.0472 -0.8805 -0.4716
vn -0.3636 -0.9300 0.0546
vn -0.3644 -0.9296 0.0551
vn -0.3650 -0.9294 0.0555
vn -0.7361 0.6674 0.1129
vn -0.7556 0.6546 -0.0238
vn -0.7476 0.6642 -0.0070
vn -0.8066 0.5886 0.0533
vn -0.7252 0.6819 0.0959
vn -0.7703 0.6334 0.0733
vn -0.7118 -0.0713 -0.6988
vn 0.3181 -0.9468 0.0491
vn 0.2924 -0.9510 0.1001
vn 0.2111 -0.9648 0.1571
vn -0.4169 -0.9078 -0.0469
vn -0.4320 -0.9015 -0.0263
vn -0.4124 -0.9095 -0.0530
vn -0.0324 -0.9993 0.0173
vn 0.2037 -0.9665 0.1560
vn 0.3836 -0.9224 -0.0437
vn 0.9070 0.3205 -0.2733
vn 0.9184 0.3086 -0.2474
vn 0.9138 0.3136 -0.2582
vn 0.3445 -0.8654 -0.3640
vn 0.3434 -0.8674 -0.3602
vn 0.3462 -0.8622 -0.3698
vn 0.2357 -0.5926 0.7703
vn 0.0301 -0.8762 0.4809
vn -0.3933 -0.9161 -0.0783
vn -0.2086 -0.9137 0.3487
vn 0.3473 -0.8602 -0.3734
vn 0.7710 -0.2206 0.5974
vn 0.8261 0.3130 0.4685
vn 0.9010 0.3262 -0.2859
vn 0.1991 -0.9443 0.2621
vn -0.0922 -0.9799 -0.1771
vn -0.0978 -0.9922 -0.0775
vn -0.0967 -0.9904 -0.0989
vn -0.4927 -0.8565 -0.1539
vn 0.2809 0.3575 0.8907
vn 0.3490 0.3927 0.8509
vn 0.4141 0.4248 0.8050
vn -0.5548 -0.5187 -0.6505
vn 0.9255 0.3414 0.1640
vn 0.7827 0.4462 0.4338
vn 0.9999 -0.0104 -0.0091
vn -0.0032 0.0698 0.9976
vn -0.5737 0.0993 -0.8130
vn -0.5783 0.0983 -0.8099
vn -0.4756 0.1077 -0.8730
vn 0.9741 0.0045 -0.2259
vn -0.4557 0.1154 -0.8826
vn -0.5736 0.0993 -0.8131
vn -0.4756 0.1077 -0.8731
vn -0.2532 -0.5428 0.8008
vn -0.0077 -1.0000 -0.0024
vn 0.6207 -0.7840 0.0083
vn 0.5588 -0.8293 -0.0011
vn 0.4698 -0.8827 -0.0138
vn 0.0401 -0.9992 0.0093
vn 0.0333 -0.9993 0.0160
vn 0.0099 -0.9992 0.0391
vn -0.9581 -0.2854 -0.0234
vn -0.2154 -0.8810 -0.4212
vn -0.2077 -0.8582 -0.4695
vn -0.1955 -0.8213 -0.5359
vn 0.0611 -0.9981 -0.0114
vn 0.8950 0.4426 -0.0560
vn 0.9034 0.4151 -0.1077
vn 0.8866 0.4622 -0.0171
vn 0.4659 -0.8805 0.0877
vn 0.4697 -0.8827 -0.0138
vn 0.5587 -0.8294 -0.0011
vn 0.4408 -0.8974 -0.0177
vn -0.3434 -0.8631 0.3704
vn -0.1955 -0.8213 -0.5360
vn -0.2077 -0.8581 -0.4696
vn -0.1856 -0.7900 -0.5844
vn 0.1375 -0.8153 0.5624
vn 0.6456 -0.6836 0.3404
vn 0.6139 -0.5579 -0.5584
vn -0.1878 -0.9751 -0.1176
vn 0.4310 0.3182 0.8444
vn 0.2221 -0.7571 -0.6144
vn 0.2288 -0.6959 -0.6807
vn 0.2092 -0.8344 -0.5100
vn 0.9764 0.2132 0.0347
vn 0.9822 0.1478 0.1155
vn 0.9802 0.1449 0.1349
vn -0.5258 -0.8464 -0.0850
vn -0.8068 -0.5860 0.0752
vn 0.4101 -0.9108 -0.0466
vn 0.3575 -0.9323 -0.0553
vn 0.3783 -0.9242 -0.0519
vn 0.0283 -0.9995 -0.0119
vn 0.0269 -0.9996 -0.0111
vn 0.0578 -0.9979 -0.0280
vn 0.4102 -0.9108 -0.0466
vn 0.4239 -0.9046 -0.0443
vn 0.0008 -1.0000 0.0031
vn 0.0282 -0.9995 -0.0118
vn 0.8176 -0.2536 0.5169
vn -0.1398 -0.4866 -0.8623
vn 0.9009 0.3853 -0.1998
vn 0.8974 0.3645 -0.2485
vn 0.9004 0.4229 -0.1022
vn 0.2534 -0.8880 -0.3837
vn 0.0628 -0.9098 0.4103
vn -0.0331 -0.6627 0.7482
vn -0.1013 -0.7741 0.6249
vn -0.0761 -0.7352 0.6736
vn -0.0761 -0.7352 0.6735
vn -0.1280 -0.8122 0.5692
vn 0.8590 -0.3274 0.3935
vn 0.8106 0.4038 0.4241
vn 0.4248 -0.4121 0.8060
vn 0.8934 0.4484 -0.0277
vn 0.9009 0.3853 -0.1997
vn 0.9004 0.4230 -0.1022
vn 0.1502 -0.8141 -0.5610
vn 0.3512 -0.5942 -0.7236
vn -0.1770 -0.9842 0.0002
vn -0.1561 -0.9875 -0.0194
vn -0.2477 -0.9665 0.0676
vn 0.9741 -0.0411 -0.2224
vn 0.3884 0.4373 0.8111
vn 0.4485 0.4714 0.7593
vn 0.3335 0.4049 0.8514
vn 0.7721 0.0100 0.6355
vn 0.4373 0.1555 -0.8858
vn 0.4101 0.0520 -0.9105
vn 0.4339 0.1412 -0.8898
vn -0.9000 0.0298 0.4348
vn 0.4596 0.2594 -0.8494
vn 0.3775 0.0833 0.9223
vn 0.9138 0.1306 -0.3846
vn -0.8293 0.0117 -0.5587
vn 0.8064 -0.4259 -0.4101
vn 0.9055 -0.4007 -0.1394
vn -0.9923 0.0947 0.0802
vn -0.9966 0.0814 0.0134
vn -0.9950 0.0984 -0.0162
vn -0.8099 0.5397 0.2296
vn -0.9768 0.1987 -0.0796
vn -0.0560 -0.9659 0.2530
vn 0.6246 0.7523 0.2097
vn 0.8892 0.4491 -0.0869
vn -0.9672 0.1922 0.1659
vn -0.9959 0.0739 0.0513
vn 0.9253 -0.3055 0.2247
vn 0.5251 -0.8339 -0.1699
vn 0.9201 -0.2708 -0.2830
vn -0.8215 0.5665 -0.0649
vn 0.2836 -0.1147 -0.9521
vn 0.9804 0.0875 -0.1764
vn 0.1949 0.3765 0.9057
vn 0.9991 -0.0370 -0.0222
vn 0.9984 -0.0032 -0.0559
vn 0.9989 -0.0461 0.0022
vn -0.4411 -0.8974 0.0102
vn -0.6598 -0.6725 0.3352
vn 0.0112 -0.9997 -0.0223
vn 0.0255 -0.9985 -0.0486
vn 0.0263 -0.9984 -0.0502
vn 0.4787 -0.8529 -0.2085
vn 0.4902 -0.8459 -0.2099
vn 0.5986 -0.7697 -0.2219
vn 0.0491 -0.9945 -0.0922
vn -0.5696 -0.4823 -0.6655
vn 0.5987 -0.7696 -0.2219
vn 0.4903 -0.8459 -0.2099
vn 0.6143 -0.7568 -0.2234
vn 0.3416 -0.8857 0.3145
vn 0.3812 -0.8632 0.3309
vn 0.2171 -0.9407 0.2608
vn -0.0100 -0.8354 -0.5495
vn 0.1970 -0.9475 0.2517
vn 0.3415 -0.8857 0.3145
vn 0.2171 -0.9407 0.2607
vn 0.0590 -0.6290 0.7752
vn 0.2186 -0.8620 0.4573
vn 0.8971 0.4079 -0.1698
vn 0.8960 0.3745 -0.2387
vn 0.8909 0.3446 -0.2960
vn 0.6321 -0.6694 0.3904
vn 0.5592 -0.7570 -0.3380
vn 0.1075 -0.8684 0.4841
vn -0.3237 -0.9161 -0.2367
vn 0.3427 -0.2574 -0.9035
vn -0.0449 -0.8701 -0.4909
vn 0.2550 -0.9576 0.1338
vn 0.1562 -0.9556 -0.2498
vn 0.4812 -0.7793 -0.4014
vn 0.4781 -0.7822 -0.3995
vn 0.3937 -0.8521 -0.3449
vn -0.1512 -0.9863 -0.0660
vn 0.3719 0.9274 0.0396
vn -0.4169 -0.9067 -0.0642
vn 0.0673 -0.0936 0.9933
vn 0.1868 0.7963 -0.5753
vn 0.0009 -0.1018 -0.9948
vn 0.4536 -0.4492 -0.7697
vn 0.9313 -0.3527 0.0913
vn 0.9089 -0.2887 0.3008
vn 0.9164 -0.3017 0.2630
vn 0.6042 -0.6490 -0.4624
vn 0.6094 -0.6293 -0.4823
vn 0.5809 -0.6765 -0.4527
vn -0.0116 -0.9998 -0.0132
vn -0.0188 -0.9998 0.0012
vn -0.0195 -0.9998 0.0023
vn -0.0187 -0.9998 0.0012
vn -0.0135 -0.9999 -0.0004
vn -0.7713 -0.1083 0.6272
vn -0.7295 -0.2293 0.6444
vn -0.7460 -0.1861 0.6394
vn -0.0002 -0.9999 0.0153
vn -0.0138 -0.9998 -0.0157
vn -0.0325 -0.9994 0.0139
vn -0.0284 -0.9993 0.0260
vn -0.0508 -0.9983 0.0277
vn -0.0018 -0.9999 0.0112
vn -0.0202 -0.9991 0.0360
vn -0.7906 -0.0331 0.6114
vn 0.7952 -0.0737 -0.6019
vn 0.7972 -0.0639 -0.6004
vn 0.7968 -0.0658 -0.6007
vn -0.8941 0.4399 -0.0842
vn -0.8731 0.4849 -0.0512
vn -0.9233 0.3570 -0.1415
vn -0.9234 0.3569 -0.1415
vn -0.9383 0.2936 -0.1826
vn 0.2527 -0.3979 0.8819
vn 0.0595 0.0732 0.9955
vn 0.6521 0.0579 0.7559
vn 0.7190 -0.0656 0.6919
vn 0.6432 0.0073 0.7657
vn 0.9288 0.1162 0.3520
vn 0.6142 -0.1030 0.7824
vn 0.6799 -0.0747 0.7295
vn 0.7933 -0.1357 0.5935
vn 0.6496 0.0607 0.7578
vn 0.7965 -0.1563 0.5841
vn 0.4841 0.7975 -0.3601
vn 0.4834 0.8006 -0.3540
vn 0.4858 0.7897 -0.3748
vn 0.6164 -0.1064 0.7802
vn -0.6063 0.1392 -0.7830
vn -0.6177 0.1234 -0.7767
vn -0.6117 0.1318 -0.7801
vn 0.4213 0.8925 0.1611
vn -0.0249 0.9512 -0.3075
vn 0.0095 0.9886 0.1500
vn -0.0095 0.9931 0.1173
vn -0.0545 0.9977 0.0393
vn -0.0811 0.9967 -0.0074
vn -0.5994 0.1485 -0.7866
vn 0.7952 -0.0738 -0.6019
vn 0.7948 -0.0754 -0.6021
vn 0.5284 0.6204 -0.5795
vn 0.1732 0.9663 0.1905
vn 0.1712 0.9615 0.2148
vn 0.1644 0.9432 0.2887
vn 0.7283 0.6575 0.1930
vn -0.5127 -0.2327 -0.8265
vn -0.1271 0.4860 0.8647
vn -0.1101 0.4805 0.8701
vn -0.0528 0.4545 0.8892
vn -0.0548 0.4580 0.8873
vn 0.4841 0.7975 -0.3600
vn 0.4813 0.8092 -0.3368
vn -0.9536 0.2692 0.1350
vn 0.3283 0.8761 0.3530
vn 0.9934 -0.0890 -0.0718
vn 0.0734 0.9971 0.0200
vn -0.6596 -0.0003 -0.7517
vn 0.1910 0.8471 0.4959
vn -0.6615 0.0879 -0.7448
vn -0.6655 0.0861 -0.7414
vn -0.6289 0.1021 -0.7707
vn -0.1705 0.9837 0.0570
vn 0.0863 0.0735 0.9936
vn -0.5777 0.8162 0.0011
vn -0.3155 0.2065 -0.9262
vn -0.3815 0.2276 -0.8959
vn -0.4280 0.2421 -0.8708
vn 0.6438 0.6026 -0.4715
vn -0.1129 0.0623 -0.9917
vn 0.1797 0.9788 0.0986
vn 0.4652 0.2866 0.8375
vn 0.5259 0.3724 0.7647
vn 0.5025 0.3386 0.7955
vn -0.3331 -0.3403 -0.8793
vn -0.4552 0.8740 0.1699
vn -0.1332 0.0135 -0.9910
vn -0.6240 0.1646 0.7639
vn -0.7027 0.0689 -0.7081
vn -0.6616 0.0879 -0.7447
vn 0.8219 0.5596 -0.1068
vn 0.4278 0.8981 0.1015
vn 0.3957 0.9169 0.0523
vn 0.3365 0.9411 -0.0332
vn 0.6981 -0.6425 0.3161
vn -0.3544 -0.6369 0.6846
vn -0.3789 -0.6958 0.6102
vn -0.3690 -0.6717 0.6424
vn 0.1120 0.5656 0.8170
vn 0.1214 0.5689 0.8134
vn 0.1613 0.5819 0.7971
vn 0.0434 0.7571 -0.6519
vn -0.4873 0.2600 -0.8336
vn 0.7761 0.0931 -0.6238
vn 0.7160 0.1002 -0.6908
vn 0.7566 0.0956 -0.6469
vn 0.0588 -0.4578 0.8871
vn 0.8528 0.4904 0.1796
vn 0.8113 0.5567 0.1786
vn 0.8026 0.5693 0.1783
vn 0.7291 0.6618 0.1744
vn 0.4489 -0.0228 0.8933
vn -0.2394 -0.4542 0.8582
vn 0.7073 0.1092 0.6984
vn 0.6984 0.1217 0.7053
vn 0.6994 0.1191 0.7048
vn 0.4226 0.4683 -0.7759
vn 0.4230 0.4676 -0.7762
vn 0.4226 0.4684 -0.7759
vn 0.6827 0.1265 0.7197
vn -0.3689 -0.6716 0.6425
vn -0.3430 -0.6100 0.7143
vn -0.3544 -0.6369 0.6847
vn 0.3656 -0.8620 -0.3510
vn 0.6802 0.1252 0.7223
vn 0.4226 0.4683 -0.7760
vn 0.4222 0.4690 -0.7757
vn -0.8911 -0.3810 0.2464
vn 0.5635 0.6186 -0.5475
vn -0.9339 -0.1114 0.3398
vn -0.9690 0.1393 -0.2042
vn -0.2612 0.0478 0.9641
vn -0.9014 -0.4225 -0.0947
vn -0.9678 0.1934 0.1613
vn -0.6025 0.5882 0.5394
vn -0.5857 0.6417 0.4952
vn -0.5534 0.7186 0.4212
vn -0.5534 0.7186 0.4211
vn -0.5346 0.7539 0.3820
vn 0.1410 0.4474 -0.8831
vn 0.4414 0.2545 0.8605
vn -0.1928 0.9715 -0.1380
vn -0.8494 -0.2993 -0.4346
vn 0.5922 0.3204 -0.7393
vn 0.1921 0.8874 -0.4191
vn -0.8437 0.4746 0.2507
vn -0.2488 0.5329 0.8088
vn 0.6160 0.0454 0.7864
vn 0.6043 0.0454 0.7954
vn 0.6005 0.0455 0.7984
vn 0.8060 -0.0791 -0.5866
vn 0.1215 0.5689 0.8134
vn 0.1734 0.5856 0.7918
vn 0.7516 0.4594 -0.4733
vn 0.8323 0.4027 -0.3810
vn 0.8071 0.4249 -0.4100
vn -0.6524 0.1096 0.7499
vn -0.1071 0.9852 -0.1336
vn -0.0298 0.9908 -0.1320
vn -0.1707 0.9623 -0.2118
vn 0.3956 0.9169 0.0523
vn 0.2884 0.9524 -0.0987
vn -0.2064 0.9527 -0.2231
vn -0.1072 0.9852 -0.1336
vn -0.1708 0.9623 -0.2118
vn -0.1683 0.9305 -0.3253
vn -0.5062 0.7487 -0.4280
vn -0.2722 0.7347 0.6214
vn 0.0471 0.9731 0.2255
vn -0.5065 0.4948 -0.7061
vn -0.2677 0.9355 0.2305
vn -0.2633 0.9327 0.2466
vn -0.2803 0.9425 0.1821
vn -0.6643 0.4299 0.6115
vn 0.7924 0.1694 0.5860
vn 0.8098 0.1628 0.5636
vn 0.8187 0.1592 0.5517
vn -0.2840 0.9442 0.1670
vn 0.9045 0.3736 -0.2056
vn -0.6349 -0.0095 -0.7725
vn -0.6352 -0.0103 -0.7723
vn -0.6476 -0.0512 -0.7603
vn 0.2474 -0.9266 -0.2831
vn 0.3116 -0.9034 -0.2946
vn 0.3679 -0.8789 -0.3036
vn 0.5885 0.3275 0.7392
vn 0.2789 0.9113 -0.3029
vn 0.2827 0.9100 -0.3033
vn 0.2873 0.9084 -0.3039
vn 0.1246 0.9438 -0.3060
vn 0.2758 0.9124 -0.3025
vn 0.4024 -0.8618 -0.3087
vn 0.7777 0.1748 0.6039
vn -0.0707 -0.0015 -0.9975
vn -0.7249 -0.3941 0.5650
vn -0.7269 -0.3946 0.5620
vn -0.6172 -0.4419 0.6510
vn 0.1524 0.4087 -0.8998
vn 0.7520 0.1156 0.6490
vn 0.6790 0.4663 -0.5670
vn -0.6248 0.0211 -0.7805
vn 0.9709 0.1869 -0.1496
vn 0.7516 0.4594 -0.4734
vn 0.5881 0.4667 -0.6606
vn -0.3195 -0.3781 0.8689
vn 0.6205 0.0454 0.7829
vn -0.3865 0.0845 -0.9184
vn -0.9545 -0.0534 -0.2934
vn 0.7116 0.2359 -0.6618
vn 0.5194 -0.6315 0.5757
vn 0.5185 -0.6318 0.5762
vn 0.5278 -0.6289 0.5709
vn 0.8575 0.2967 0.4203
vn 0.8923 0.2863 0.3491
vn 0.8652 0.2945 0.4058
vn 0.7803 0.3913 -0.4879
vn 0.7237 0.4383 -0.5331
vn 0.8114 0.3543 -0.4649
vn 0.5101 -0.6343 0.5809
vn 0.4831 0.0181 0.8754
vn 0.3845 -0.0968 0.9180
vn 0.5105 -0.0442 0.8587
vn 0.6842 -0.4399 -0.5817
vn -0.3069 -0.7452 -0.5920
vn -0.7321 -0.4795 0.4839
vn -0.2081 -0.9749 0.0790
vn 0.5398 0.1647 0.8255
vn 0.5576 0.1597 0.8146
vn 0.5730 0.4711 -0.6706
vn 0.4087 -0.8127 -0.4153
vn 0.4915 -0.7581 -0.4287
vn 0.6670 0.4836 -0.5668
vn -0.3772 0.8425 0.3847
vn 0.3467 -0.2043 0.9154
vn 0.3802 -0.2030 0.9024
vn 0.2978 -0.2057 0.9322
vn 0.2279 0.4217 -0.8776
vn 0.5540 0.0787 0.8288
vn 0.7457 0.3982 -0.5342
vn -0.6749 -0.0062 -0.7379
vn -0.4822 -0.4341 0.7609
vn -0.5194 -0.4685 0.7146
vn 0.7144 0.4456 -0.5395
vn 0.6929 -0.6342 -0.3432
vn 0.7777 -0.5758 -0.2523
vn 0.6909 -0.6353 -0.3451
vn 0.6908 -0.6353 -0.3451
vn 0.6082 -0.6753 -0.4173
vn 0.6928 -0.6342 -0.3433
vn -0.0536 -0.9548 0.2924
vn -0.0092 -0.8979 0.4401
vn -0.0275 -0.9243 0.3807
vn 0.5337 -0.0327 0.8451
vn -0.7050 -0.4913 0.5115
vn 0.2605 -0.2064 0.9432
vn -0.4791 -0.6526 -0.5871
vn -0.0646 -0.9651 0.2538
vn -0.8431 -0.4613 0.2763
vn -0.8004 -0.4615 0.3825
vn 0.4276 -0.0801 0.9004
vn 0.5512 -0.0355 0.8336
vn -0.3772 -0.2346 -0.8959
vn 0.0213 -0.1441 -0.9893
vn -0.7830 0.2146 -0.5838
vn 0.3671 -0.1228 0.9220
vn 0.8995 0.2937 0.3234
vn -0.5473 -0.4724 0.6909
vn -0.6108 -0.4513 0.6506
vn -0.5659 -0.4470 0.6928
vn -0.1822 0.2368 -0.9543
vn -0.1654 0.2324 -0.9585
vn -0.1696 0.2328 -0.9576
vn 0.6861 0.4088 -0.6018
vn 0.6993 0.4332 -0.5686
vn -0.1881 0.2394 -0.9525
vn 0.6948 0.4413 -0.5680
vn 0.8804 -0.4617 -0.1085
vn -0.7898 -0.4750 0.3881
vn 0.9310 -0.1465 0.3344
vn 0.8995 0.2938 0.3234
vn 0.8998 0.2950 0.3215
vn 0.6950 0.4919 0.5244
vn -0.2129 0.2377 -0.9477
vn -0.6579 -0.0251 -0.7527
vn -0.6723 -0.0218 -0.7399
vn -0.6697 -0.0253 -0.7422
vn 0.4249 0.8237 -0.3755
vn 0.4277 0.8170 -0.3869
vn 0.4296 0.8120 -0.3950
vn 0.5418 -0.0953 0.8351
vn -0.2195 0.2365 -0.9465
vn 0.4317 0.8067 -0.4036
vn 0.4296 0.8120 -0.3951
vn 0.4277 0.8169 -0.3869
vn -0.6593 -0.0302 -0.7513
vn -0.8821 -0.2652 0.3893
vn 0.3536 0.0404 0.9345
vn 0.4599 0.8566 -0.2339
vn -0.6365 -0.3225 0.7006
vn -0.5858 -0.3403 0.7356
vn -0.6551 -0.3034 0.6919
vn -0.6775 -0.0326 -0.7348
vn 0.6294 -0.1315 0.7659
vn -0.6558 -0.0321 -0.7543
vn 0.5512 -0.0356 0.8336
vn 0.5307 -0.1149 0.8398
vn -0.6552 -0.3034 0.6919
vn -0.7443 -0.2611 0.6147
vn -0.7385 -0.2753 0.6155
vn -0.6541 -0.2723 -0.7057
vn 0.0450 0.9921 0.1172
vn 0.9164 -0.3017 0.2629
vn 0.9305 -0.3623 0.0539
vn 0.9312 -0.3528 0.0913
vn -0.3907 0.4358 -0.8109
vn -0.3490 0.3876 -0.8532
vn -0.5636 -0.4532 0.6907
vn -0.8213 -0.2616 -0.5070
vn -0.8051 -0.2053 -0.5565
vn -0.7866 -0.1540 -0.5979
vn -0.4713 0.5457 0.6929
vn -0.8305 -0.3038 -0.4669
vn -0.8213 -0.2617 -0.5070
vn -0.5243 -0.4420 0.7279
vn -0.7924 -0.4566 0.4044
vn -0.7990 -0.4617 0.3852
vn -0.2349 0.9646 0.1196
vn -0.1236 0.8794 0.4598
vn 0.6192 0.1473 0.7713
vn 0.6306 0.1428 0.7628
vn 0.6117 0.0516 0.7894
vn -0.7791 -0.2885 0.5566
vn -0.8943 0.0068 0.4474
vn -0.0027 0.9084 0.4180
vn -0.2661 0.8407 -0.4716
vn -0.6549 0.0395 -0.7547
vn 0.4028 -0.8957 -0.1883
vn 0.4058 -0.8799 -0.2473
vn 0.4027 -0.8961 -0.1867
vn 0.3983 -0.9083 -0.1276
vn 0.7512 0.6204 -0.2256
vn -0.8486 -0.3078 -0.4303
vn 0.5590 -0.7951 0.2354
vn 0.3009 0.5072 0.8076
vn 0.6060 0.0717 0.7922
vn 0.8032 0.0893 -0.5889
vn 0.8918 0.2478 -0.3786
vn -0.0477 -0.9967 0.0663
vn -0.4666 0.8530 0.2338
vn -0.5323 0.8132 0.2353
vn -0.5638 0.7720 0.2937
vn -0.8815 -0.4100 0.2343
vn 0.0270 -0.2513 0.9675
vn 0.9077 0.3824 -0.1726
vn 0.9019 0.3751 -0.2144
vn 0.9150 0.3970 -0.0723
vn 0.8853 -0.1220 -0.4488
vn -0.3419 0.7631 0.5484
vn -0.5969 -0.4142 0.6871
vn -0.6702 -0.3714 0.6425
vn 0.2473 0.8865 -0.3910
vn 0.2089 0.8971 -0.3893
vn 0.2732 0.8785 -0.3919
vn -0.4364 0.2284 -0.8703
vn 0.5980 -0.0870 0.7968
vn -0.8209 0.2796 0.4980
vn 0.3024 0.8686 -0.3925
vn -0.5323 0.8132 0.2352
vn -0.4669 0.8530 0.2334
vn -0.3873 0.9006 0.1972
vn 0.0254 0.7415 -0.6705
vn -0.5712 0.0285 -0.8204
vn -0.6657 0.0427 -0.7450
vn -0.6162 0.0351 -0.7868
vn -0.3433 -0.8475 0.4049
vn -0.3942 -0.8276 0.3997
vn -0.3243 -0.8393 0.4364
vn 0.5383 -0.0818 0.8387
vn 0.5655 -0.0493 0.8233
vn 0.5025 -0.1226 0.8558
vn -0.5151 0.0204 -0.8569
vn 0.0970 0.0702 -0.9928
vn -0.3370 -0.8930 0.2983
vn 0.5383 -0.0818 0.8388
vn 0.4500 -0.1786 0.8750
vn -0.0645 0.9317 -0.3576
vn 0.5584 0.1179 0.8211
vn 0.6536 0.0852 0.7520
vn 0.6624 0.0545 0.7471
vn 0.9152 0.3984 -0.0607
vn -0.2779 0.9358 0.2171
vn -0.1230 -0.1369 -0.9829
vn -0.1163 -0.1624 -0.9798
vn -0.1153 -0.1662 -0.9793
vn -0.0999 -0.2235 -0.9696
vn 0.6949 0.3775 -0.6120
vn -0.2692 -0.8578 0.4378
vn 0.6961 0.0901 0.7123
vn 0.6984 0.1582 0.6980
vn -0.7711 -0.0315 -0.6359
vn -0.6941 0.0042 -0.7199
vn -0.6448 0.0107 -0.7643
vn 0.7359 0.2741 0.6191
vn -0.7813 0.0051 -0.6241
vn -0.5188 -0.7658 0.3800
vn -0.1764 -0.8735 0.4537
vn 0.7179 0.0271 -0.6956
vn 0.7466 0.0640 -0.6622
vn 0.6919 -0.0042 -0.7220
vn -0.5232 0.0996 -0.8463
vn -0.5663 0.0321 -0.8236
vn 0.3845 0.8156 -0.4324
vn 0.4487 0.7964 -0.4055
vn 0.3558 0.8290 -0.4314
vn -0.7121 -0.4669 0.5244
vn -0.6718 -0.4925 0.5533
vn -0.7514 -0.4389 0.4927
vn 0.7405 -0.2294 -0.6317
vn 0.7253 -0.2012 -0.6584
vn 0.7386 -0.2257 -0.6353
vn -0.5405 -0.7582 0.3646
vn 0.7502 -0.2485 -0.6128
vn 0.8142 -0.5572 0.1633
vn 0.7113 0.0837 0.6979
vn 0.2188 0.8577 -0.4652
vn -0.8265 -0.5369 -0.1696
vn -0.8691 -0.2496 -0.4271
vn -0.5994 0.0451 -0.7991
vn -0.5815 0.0685 -0.8107
vn 0.5970 0.2595 0.7591
vn 0.6025 0.2753 0.7492
vn 0.6238 0.3437 0.7020
vn 0.4348 0.7948 -0.4233
vn 0.4894 0.4783 -0.7292
vn -0.7849 -0.4123 0.4626
vn 0.7341 0.0081 -0.6790
vn 0.7472 -0.0038 -0.6646
vn 0.7645 -0.0141 -0.6445
vn 0.7831 -0.0374 -0.6208
vn 0.9997 -0.0023 -0.0243
vn 0.9998 -0.0189 -0.0061
vn 0.9998 -0.0070 -0.0175
vn 0.6248 0.5388 -0.5651
vn 0.6130 0.5074 -0.6056
vn 0.6261 0.5425 -0.5601
vn 0.3282 0.4008 -0.8554
vn 0.4500 -0.8315 -0.3257
vn 0.5183 -0.8021 -0.2968
vn 0.3388 -0.8980 -0.2806
vn -0.4706 0.1334 -0.8722
vn 0.8906 -0.0011 0.4548
vn 0.8892 -0.0027 0.4575
vn 0.8888 -0.0032 0.4582
vn 0.6476 0.4447 0.6188
vn 0.9998 -0.0216 -0.0036
vn -0.6400 -0.0058 -0.7683
vn -0.1751 -0.8734 0.4545
vn 0.4903 0.7647 -0.4182
vn -0.1988 0.0738 -0.9773
vn -0.2256 0.0827 -0.9707
vn -0.2919 0.1048 -0.9507
vn 0.6340 0.5660 -0.5270
vn 0.6248 0.5388 -0.5650
vn 0.6695 -0.0296 -0.7422
vn -0.6047 0.0119 -0.7964
vn -0.6263 0.0254 -0.7792
vn -0.7711 -0.0315 -0.6360
vn 0.0923 -0.0504 0.9945
vn -0.8465 0.0179 -0.5321
vn -0.8733 -0.0081 -0.4871
vn -0.8851 -0.0205 -0.4650
vn 0.9993 0.0332 0.0148
vn 0.9973 0.0606 0.0416
vn 0.9984 0.0357 0.0438
vn 0.9994 0.0038 0.0347
vn 0.3352 0.0029 0.9421
vn 0.8526 -0.1888 0.4874
vn 0.9816 0.0081 0.1908
vn 0.9957 0.0770 0.0524
vn 0.9810 0.0079 0.1940
vn 0.9957 0.0820 0.0441
vn 0.0578 0.0145 0.9982
vn 0.9999 0.0097 -0.0121
vn 0.9993 -0.0070 -0.0363
vn 0.7113 0.0838 0.6979
vn 0.6536 0.0853 0.7520
vn 0.6872 0.1776 0.7044
vn -0.2920 0.1048 -0.9507
vn -0.3340 0.1188 -0.9350
vn 0.2258 0.9624 -0.1513
vn 0.2296 0.9543 -0.1915
vn 0.2261 0.9617 -0.1547
vn 0.4609 -0.7993 -0.3855
vn 0.2368 -0.9264 -0.2929
vn 0.9992 -0.0381 0.0103
vn 0.9966 0.0811 0.0144
vn 0.9979 0.0276 0.0588
vn 0.8880 -0.0042 0.4599
vn -0.9121 -0.0523 -0.4067
vn 0.2220 0.9683 -0.1144
vn 0.2258 0.9624 -0.1512
vn 0.2110 -0.0006 -0.9775
vn 0.1935 -0.0020 -0.9811
vn 0.2516 0.0027 -0.9678
vn 0.7232 0.6073 -0.3289
vn 0.9994 0.0037 0.0346
vn 0.2548 0.0029 -0.9670
vn 0.7458 0.0012 -0.6662
vn -0.5375 -0.7269 -0.4274
vn 0.3028 -0.9172 -0.2591
vn 0.2387 -0.9654 -0.1049
vn -0.5640 -0.1866 -0.8044
vn 0.4022 0.0021 0.9156
vn 0.8900 0.0310 0.4550
vn 0.8991 0.0261 0.4370
vn 0.9018 0.0246 0.4315
vn 0.9949 0.0822 -0.0592
vn 0.0708 -0.2871 -0.9553
vn -0.6019 0.3279 -0.7281
vn 0.9866 0.1631 0.0003
vn 0.9995 0.0024 -0.0309
vn 0.2726 -0.9603 -0.0596
vn 0.2532 -0.9409 -0.2248
vn 0.4389 -0.8419 -0.3140
vn 0.4790 -0.8222 -0.3075
vn 0.4333 -0.8444 -0.3151
vn -0.1180 -0.9927 0.0261
vn -0.1201 -0.9924 0.0264
vn -0.0967 -0.9950 0.0232
vn 0.8888 0.0316 0.4573
vn 0.3718 -0.8659 -0.3347
vn 0.2367 -0.9264 -0.2929
vn 0.4233 -0.9060 -0.0047
vn 0.4056 -0.8564 -0.3194
vn -0.0918 -0.9955 0.0225
vn 0.4056 -0.8564 -0.3195
vn 0.4059 -0.8562 -0.3195
vn 0.7248 -0.3205 -0.6099
vn 0.7196 -0.3343 -0.6087
vn 0.7204 -0.3325 -0.6086
vn 0.7383 0.0090 -0.6745
vn 0.7358 0.0016 -0.6772
vn 0.7418 0.0200 -0.6703
vn 0.2675 -0.7637 -0.5875
vn 0.9908 0.1117 -0.0768
vn -0.0722 0.9960 -0.0531
vn 0.7334 -0.0055 -0.6798
vn 0.9796 -0.2005 0.0126
vn 0.9781 -0.2076 0.0136
vn 0.9989 -0.0217 -0.0422
vn 0.4808 0.7707 -0.4181
vn 0.4923 0.7619 -0.4209
vn 0.4615 0.7849 -0.4133
vn 0.9987 -0.0127 -0.0488
vn 0.9796 -0.2004 0.0126
vn 0.9989 -0.0216 -0.0422
vn 0.9887 0.1491 -0.0179
vn 0.3878 0.9174 -0.0891
vn 0.7286 -0.0403 -0.6838
vn -0.4843 -0.0086 -0.8748
vn -0.5127 -0.0539 -0.8569
vn -0.5388 -0.0800 -0.8386
vn 0.2419 0.9665 0.0858
vn 0.7496 0.0035 -0.6619
vn -0.5395 0.0428 -0.8409
vn -0.0560 -0.0050 -0.9984
vn 0.9998 0.0189 0.0088
vn 0.8417 0.5391 -0.0297
vn 0.8377 -0.4258 -0.3421
vn -0.7156 -0.6982 0.0212
vn -0.3367 -0.9411 -0.0304
vn 0.4405 -0.8963 -0.0519
vn -0.0125 -0.9995 0.0273
vn -0.0013 -0.9999 0.0115
vn -0.0159 -0.9994 0.0322
vn 0.7992 -0.5686 -0.1947
vn -0.4039 -0.8831 0.2388
vn -0.0305 -0.9981 0.0529
vn 0.7712 -0.1571 0.6169
vn -0.1030 -0.7847 -0.6112
vn -0.1004 -0.7873 -0.6084
vn -0.1081 -0.7796 -0.6169
vn -0.4755 -0.6546 0.5877
vn -0.1118 -0.7758 -0.6210
vn 0.0545 -0.9306 0.3620
vn 0.5321 -0.8466 0.0128
vn 0.0557 -0.9984 0.0038
vn 0.4599 -0.4205 0.7821
vn 0.9028 0.4297 -0.0145
vn 0.8220 0.5018 -0.2692
vn 0.3357 -0.0567 0.9403
vn 0.6752 0.4411 0.5912
vn 0.7312 0.4209 0.5368
vn 0.7562 0.4103 0.5097
vn 0.7019 0.3901 -0.5959
vn 0.6379 0.3860 -0.6663
vn 0.6384 0.3861 -0.6659
vn -0.1749 -0.9770 -0.1224
vn -0.2222 -0.9740 -0.0446
vn -0.2359 -0.9715 -0.0230
vn 0.3531 -0.8490 0.3930
vn 0.5688 0.3785 -0.7302
vn 0.5549 -0.8314 0.0302
vn 0.5363 -0.8436 0.0275
vn 0.4448 -0.8955 0.0144
vn 0.8411 0.5407 0.0156
vn 0.8072 0.5903 -0.0019
vn 0.8158 0.5783 -0.0069
vn 0.4514 0.7922 -0.4107
vn 0.0888 -0.9924 -0.0853
vn 0.0067 -1.0000 -0.0031
vn 0.0153 -0.9997 -0.0170
vn 0.2238 -0.6699 -0.7079
vn -0.1658 -0.9788 -0.1201
vn 0.1015 0.0168 0.9947
vn 0.3150 -0.0052 0.9491
vn 0.1098 0.0160 0.9938
vn 0.3410 -0.0080 0.9400
vn -0.1075 0.5930 0.7980
vn 0.8370 0.5466 -0.0262
vn -0.2547 -0.9647 0.0671
vn -0.4668 -0.3922 0.7926
vn 0.9997 0.0183 0.0177
vn -0.0632 -0.1850 -0.9807
vn -0.2621 -0.9623 0.0722
vn 0.4276 -0.9039 0.0120
vn 0.0038 -1.0000 0.0063
vn 0.9992 0.0107 0.0384
vn 0.9892 -0.0244 0.1446
vn 0.9984 0.0049 0.0560
vn 0.6100 0.5198 -0.5980
vn 0.6161 0.5719 -0.5417
vn 0.6090 0.5033 -0.6130
vn 0.6185 0.5662 -0.5449
vn 0.1334 -0.9758 -0.1734
vn -0.1185 0.3474 -0.9302
vn 0.3963 0.3673 0.8415
vn 0.7382 0.0103 -0.6746
vn 0.7304 0.0062 -0.6830
vn 0.7319 -0.0016 -0.6814
vn -0.2213 -0.9071 -0.3580
vn -0.7481 0.3865 -0.5394
vn -0.7543 0.3824 -0.5337
vn -0.7395 0.3922 -0.5472
vn -0.5560 0.0506 -0.8296
vn 0.7260 -0.2974 -0.6200
vn -0.0057 -0.9998 -0.0170
vn 0.6432 0.4509 0.6189
vn -0.3565 -0.1603 0.9204
vn 0.9999 0.0130 -0.0006
vn 0.9996 0.0262 -0.0138
vn 0.9997 -0.0058 -0.0234
vn 0.8043 0.5942 0.0032
vn 0.5641 -0.8257 0.0004
vn 0.5988 -0.8009 0.0034
vn 0.5975 -0.8018 0.0033
vn 0.8344 0.5508 -0.0185
vn 0.4901 -0.6493 0.5815
vn 0.9977 -0.0083 -0.0673
vn 0.9997 0.0243 0.0077
vn 0.9717 0.1267 -0.1992
vn 0.6199 0.7789 0.0954
vn 0.7262 -0.2920 -0.6225
vn 0.3137 0.9495 -0.0000
vn 0.0144 -0.9997 -0.0221
vn -0.4961 0.2766 0.8230
vn 0.8095 -0.5761 -0.1133
vn 0.7214 -0.0136 -0.6923
vn 0.1185 -0.9779 -0.1725
vn 0.1649 0.4568 -0.8742
vn 0.9999 0.0099 -0.0142
vn 0.9988 -0.0242 0.0426
vn 0.9837 -0.1797 -0.0104
vn 0.9996 -0.0204 -0.0208
vn 0.9948 -0.0931 -0.0406
vn 0.9995 0.0146 0.0265
vn 0.6718 0.7301 -0.1255
vn 0.5920 0.0621 0.8036
vn 0.9218 0.3749 -0.0992
vn -0.9362 0.3362 0.1025
vn -0.1197 0.4248 0.8973
vn 0.9487 -0.2861 0.1346
vn 0.9645 -0.2410 0.1081
vn 0.9654 -0.2380 0.1064
vn 0.8318 0.5550 -0.0040
vn 0.9365 -0.3160 0.1522
vn -0.0039 -0.1116 -0.9938
vn -0.1493 -0.8615 0.4852
vn 0.0896 -0.5460 -0.8330
vn 0.3423 0.9186 -0.1974
vn 0.9952 -0.0926 0.0328
vn 0.6846 -0.7285 -0.0224
vn 0.7263 -0.6822 -0.0837
vn 0.6538 -0.7564 0.0187
vn -0.3119 -0.9501 -0.0072
vn 0.0153 0.9743 -0.2249
vn 0.4778 0.8762 0.0631
vn -0.5898 -0.7889 0.1728
vn 0.5873 0.7876 -0.1868
vn -0.0632 -0.9065 -0.4174
vn 0.6102 -0.7890 0.0723
vn 0.3160 0.6761 0.6656
vn 0.7441 0.0057 -0.6680
vn 0.7412 0.0024 -0.6713
vn 0.5620 -0.8271 0.0002
vn -0.3922 0.8647 0.3139
vn 0.0020 -1.0000 -0.0057
vn 0.9075 -0.4199 -0.0073
vn 0.9114 -0.4114 -0.0083
vn 0.8820 -0.4712 0.0010
vn 0.9996 0.0224 -0.0144
vn 0.9994 -0.0308 -0.0124
vn 0.9993 0.0147 0.0355
vn 0.7328 -0.0116 0.6803
vn 0.7276 -0.0009 0.6860
vn 0.7293 0.0004 0.6842
vn 0.2810 0.2342 0.9307
vn 0.0063 -1.0000 0.0031
vn 0.2705 -0.9624 0.0267
vn 0.6419 0.5058 -0.5763
vn 0.9751 -0.2032 -0.0892
vn 0.9908 0.0474 -0.1266
vn 0.9656 -0.2580 -0.0321
vn 0.9485 -0.3156 -0.0261
vn 0.9736 -0.2255 -0.0352
vn 0.4543 0.1972 -0.8688
vn 0.8411 0.5407 0.0157
vn 0.8345 0.5507 -0.0185
vn 0.8232 0.5671 -0.0257
vn 0.4296 0.8380 -0.3365
vn 0.6894 -0.7165 -0.1063
vn 0.3651 0.9303 -0.0337
vn -0.5431 -0.8376 -0.0590
vn 0.0385 -0.8147 0.5786
vn 0.0567 0.3508 -0.9347
vn 0.9880 0.1446 -0.0543
vn 0.9999 0.0050 0.0102
vn 0.9974 0.0697 -0.0197
vn 0.3618 0.1326 0.9228
vn 0.3881 -0.8561 -0.3412
vn 0.0105 0.0116 -0.9999
vn 0.0084 0.0079 -0.9999
vn 0.0177 0.0024 -0.9998
vn -0.0759 -0.9521 -0.2962
vn 0.0192 0.9962 0.0849
vn -0.0007 0.9969 0.0792
vn 0.0601 0.9935 0.0966
vn 0.2022 0.2010 -0.9585
vn 0.2075 0.1387 -0.9683
vn -0.0540 -0.0533 0.9971
vn 0.0713 0.9925 0.0997
vn 0.9830 -0.1798 -0.0379
vn 0.9832 -0.1787 -0.0377
vn 0.0651 0.9843 0.1641
vn -0.0118 -0.9998 -0.0154
vn -0.7316 0.3972 -0.5541
vn -0.7481 0.3865 -0.5395
vn -0.7394 0.3922 -0.5472
vn 0.8173 0.5752 -0.0350
vn 0.4438 -0.1522 0.8831
vn 0.5530 -0.1200 0.8245
vn 0.5692 -0.1148 0.8142
vn 0.9977 -0.0650 -0.0217
vn 0.9782 -0.1361 -0.1566
vn 0.9830 -0.1797 -0.0379
vn 0.0146 -0.9999 -0.0088
vn 0.9980 0.0560 0.0302
vn 0.6007 0.5827 0.5473
vn 0.6017 0.5669 0.5627
vn 0.6012 0.5670 0.5631
vn 0.5551 0.3832 -0.7383
vn 0.9981 -0.0503 0.0356
vn 0.0016 -1.0000 -0.0001
vn 0.0017 0.0147 -0.9999
vn -0.0002 -1.0000 -0.0039
vn 0.8502 -0.5265 0.0026
vn 0.5898 0.4314 -0.6827
vn -0.7827 0.4397 0.4404
vn 0.6203 0.5710 -0.5377
vn 0.7041 0.5399 -0.4613
vn 0.6549 0.5657 -0.5011
vn 0.4271 -0.1567 0.8905
vn 0.0011 -1.0000 0.0019
vn -0.4118 -0.8834 -0.2239
vn 0.9659 -0.2586 -0.0117
vn 0.2421 0.1803 0.9533
vn 0.2479 0.1817 0.9516
vn 0.2205 0.1750 0.9596
vn 0.3495 0.4614 -0.8154
vn 0.7008 0.3063 -0.6443
vn 0.1582 0.9745 -0.1591
vn 0.1742 0.9710 -0.1639
vn 0.0895 0.9864 -0.1380
vn -0.5054 -0.4208 -0.7533
vn -0.9731 -0.2301 0.0154
vn 0.9535 -0.1842 -0.2386
vn 0.8446 0.5355 -0.0032
vn 0.0740 0.9883 -0.1332
vn 0.5032 -0.3445 0.7925
vn 0.0361 -0.9801 -0.1950
vn 0.1184 -0.9779 -0.1725
vn 0.0097 -0.9999 -0.0036
vn 0.3721 0.3267 -0.8688
vn 0.7431 -0.0001 0.6692
vn 0.2836 0.9579 0.0456
vn 0.2846 0.9576 0.0458
vn 0.2735 0.9609 0.0428
vn -0.5278 0.6453 -0.5524
vn -0.0187 -0.8555 -0.5175
vn 0.0732 0.3411 0.9372
vn 0.1156 0.3290 0.9372
vn -0.0395 0.3700 0.9282
vn 0.1766 0.3564 -0.9175
vn 0.6683 0.4773 -0.5705
vn 0.9952 -0.0305 0.0930
vn 0.2157 0.1739 0.9608
vn 0.4800 0.6546 -0.5840
vn 0.7204 0.2897 -0.6301
vn 0.6835 0.2954 -0.6674
vn 0.6832 0.2935 -0.6687
vn -0.0067 0.0152 -0.9999
vn 0.6579 0.4023 0.6367
vn 0.7254 0.3736 0.5781
vn 0.7556 0.3586 0.5481
vn 0.6547 -0.3281 0.6809
vn 0.6756 -0.3090 0.6694
vn 0.6114 -0.3652 0.7020
vn -0.4360 -0.0110 0.8999
vn -0.3732 -0.0701 0.9251
vn -0.4134 -0.0333 0.9099
vn 0.9038 -0.0069 0.4280
vn 0.8536 -0.0188 0.5206
vn 0.8568 -0.0181 0.5153
vn 0.6757 -0.3089 0.6693
vn 0.6548 -0.3281 0.6809
vn 0.7324 -0.2521 0.6325
vn -0.2689 -0.1500 0.9514
vn 0.9076 -0.0059 0.4199
vn 0.9038 -0.0069 0.4279
vn -0.6176 0.4097 -0.6714
vn 0.7322 -0.0057 0.6811
vn 0.7522 0.0420 0.6576
vn 0.7722 -0.0077 0.6353
vn 0.7582 -0.1414 0.6364
vn 0.7352 0.4936 -0.4646
vn 0.7970 0.0013 0.6040
vn 0.5561 0.0178 -0.8309
vn 0.6062 0.0227 -0.7950
vn 0.5907 0.0360 -0.8061
vn 0.6796 0.4760 0.5582
vn 0.6394 0.5196 0.5667
vn 0.5730 0.5661 0.5926
vn 0.6632 0.5134 0.5447
vn 0.4389 0.8483 0.2961
vn -0.8231 -0.1963 -0.5329
vn -0.8448 -0.1485 -0.5141
vn -0.7769 -0.2707 -0.5685
vn 0.6796 0.4760 0.5581
vn 0.7150 0.4515 0.5337
vn -0.9700 -0.1448 0.1952
vn -0.7525 -0.3086 -0.5817
vn 0.5102 0.5359 -0.6727
vn -0.5490 0.1168 0.8276
vn -0.7381 -0.3147 -0.5968
vn 0.0881 0.3481 0.9333
vn -0.6377 -0.0101 0.7702
vn -0.3856 -0.1735 0.9062
vn 0.0487 0.9745 -0.2191
vn 0.7142 0.4593 0.5282
vn 0.2275 0.9478 0.2234
vn 0.5355 0.4368 -0.7228
vn -0.5576 0.7855 0.2686
vn -0.3933 0.9025 -0.1755
vn -0.8521 -0.2554 0.4568
vn 0.4303 0.4065 0.8060
vn 0.4111 0.4073 0.8156
vn 0.5376 0.3980 0.7433
vn -0.6363 -0.0777 0.7675
vn -0.6982 -0.1519 0.6996
vn -0.6901 -0.1382 0.7104
vn -0.1055 0.8319 -0.5448
vn -0.8974 -0.3543 -0.2629
vn -0.9006 -0.3330 -0.2792
vn -0.8794 -0.3636 -0.3072
vn -0.5966 0.6151 -0.5154
vn -0.5998 0.6151 -0.5117
vn -0.6190 0.6145 -0.4891
vn 0.5068 0.1157 -0.8543
vn 0.5036 0.1089 -0.8570
vn 0.5089 0.1202 -0.8524
vn -0.7113 0.1637 -0.6836
vn 0.6168 0.3517 -0.7042
vn 0.8475 0.2172 -0.4844
vn 0.8683 0.2258 -0.4417
vn 0.8945 0.2705 -0.3559
vn -0.6082 -0.0370 0.7929
vn -0.5441 0.0316 0.8384
vn -0.6363 -0.0776 0.7675
vn 0.7179 0.4558 0.5261
vn 0.5120 0.1269 -0.8496
vn -0.5767 0.6150 -0.5378
vn -0.5998 0.6151 -0.5118
vn -0.5966 0.6151 -0.5155
vn -0.3099 0.9418 -0.1302
vn 0.4777 -0.2176 -0.8511
vn 0.4722 -0.2117 -0.8557
vn 0.5016 -0.1324 -0.8549
vn 0.9126 0.2587 -0.3167
vn 0.9402 0.3362 -0.0557
vn 0.7340 -0.6586 -0.1659
vn 0.9179 0.3399 -0.2049
vn -0.6901 -0.1381 0.7104
vn -0.6165 -0.0497 0.7858
vn -0.5703 -0.3891 -0.7235
vn -0.6121 -0.4096 -0.6765
vn -0.6145 -0.4121 -0.6728
vn -0.3130 0.8095 -0.4967
vn 0.6353 0.5734 0.5173
vn 0.6365 0.5763 0.5126
vn 0.6269 0.5551 0.5466
vn 0.3306 -0.9306 0.1570
vn 0.8972 0.2050 -0.3911
vn 0.8803 0.2201 -0.4203
vn 0.8731 0.2261 -0.4320
vn 0.6415 0.5878 0.4930
vn 0.4953 -0.1560 -0.8546
vn 0.8908 0.2839 -0.3548
vn 0.5343 -0.0290 -0.8448
vn 0.6102 -0.1202 -0.7831
vn 0.5652 -0.0657 -0.8223
vn -0.5564 0.0834 0.8267
vn -0.5852 0.0972 0.8050
vn -0.5762 0.0929 0.8120
vn 0.2570 -0.8721 0.4164
vn 0.5364 -0.0547 -0.8422
vn 0.7190 0.4573 0.5234
vn -0.5917 -0.4195 -0.6884
vn -0.6387 -0.0249 0.7691
vn -0.6631 0.0002 0.7486
vn -0.4551 -0.3305 -0.8268
vn -0.5729 -0.4154 -0.7066
vn -0.6386 0.0771 0.7656
vn -0.8228 -0.3718 -0.4298
vn -0.9508 -0.2910 -0.1061
vn -0.8974 -0.3543 -0.2628
vn 0.7232 0.4537 0.5207
vn 0.7179 0.4559 0.5261
vn 0.4832 -0.0286 -0.8750
vn -0.7953 -0.3467 -0.4973
vn -0.8176 0.2202 0.5320
vn 0.6054 0.0437 -0.7948
vn 0.5521 0.3963 0.7335
vn 0.4304 0.4065 0.8059
vn 0.5377 0.3980 0.7433
vn 0.8908 0.2843 -0.3544
vn -0.5880 -0.4393 -0.6792
vn 0.6813 0.0577 -0.7297
vn -0.6026 0.1421 0.7853
vn 0.4961 -0.7484 0.4402
vn 0.5678 -0.7083 0.4194
vn 0.5839 -0.6971 0.4160
vn 0.5908 -0.6953 0.4093
vn -0.7923 -0.2890 -0.5373
vn 0.9430 0.3160 0.1042
vn -0.5710 -0.5137 -0.6404
vn 0.5085 -0.7265 0.4621
vn 0.4442 -0.0079 -0.8959
vn -0.7958 0.0979 -0.5975
vn -0.0765 -0.8844 0.4604
vn 0.6803 0.0562 -0.7307
vn -0.4400 -0.5435 0.7149
vn 0.8070 -0.1117 0.5798
vn 0.8164 -0.0654 0.5737
vn 0.8086 -0.1045 0.5790
vn 0.8176 -0.0587 0.5727
vn 0.5846 0.7037 0.4038
vn 0.5825 0.7146 0.3873
vn 0.5832 0.7112 0.3925
vn 0.5802 0.7256 0.3700
vn -0.1796 -0.0472 0.9826
vn -0.1857 -0.0258 0.9823
vn -0.1762 -0.0586 0.9826
vn -0.0358 -0.9992 -0.0203
vn -0.0350 -0.9983 -0.0472
vn -0.0531 -0.9986 -0.0020
vn -0.0144 0.7029 0.7112
vn 0.9102 -0.1675 -0.3789
vn 0.9094 -0.0707 -0.4099
vn 0.9110 -0.1347 -0.3899
vn -0.0323 -0.9993 -0.0195
vn -0.0340 -0.9979 -0.0545
vn -0.0485 -0.9988 0.0082
vn 0.9094 -0.0706 -0.4099
vn 0.9069 -0.0368 -0.4197
vn -0.1796 -0.0471 0.9826
vn -0.1884 -0.0162 0.9820
vn -0.0159 -0.9999 -0.0046
vn 0.6948 0.6929 -0.1927
vn -0.4032 0.9018 -0.1553
vn -0.6835 0.1002 0.7231
vn -0.5140 0.7558 -0.4057
vn 0.6671 0.4918 0.5596
vn 0.6862 0.5161 0.5126
vn 0.7346 0.5380 0.4135
vn -0.0158 -0.9998 0.0105
vn -0.7179 0.6886 -0.1025
vn -0.0383 -0.9991 0.0206
vn -0.0300 -0.9995 0.0058
vn 0.8400 0.4735 0.2651
vn 0.6127 0.1409 -0.7777
vn 0.6005 0.1197 -0.7906
vn 0.5936 0.0733 -0.8014
vn -0.0064 -1.0000 0.0033
vn -0.0102 -0.9999 0.0032
vn -0.6210 0.3162 0.7173
vn -0.3216 0.6215 -0.7144
vn -0.0459 0.9584 0.2819
vn -0.0678 0.9719 0.2254
vn -0.0410 0.9549 0.2941
vn 0.6119 -0.5487 -0.5697
vn 0.8599 0.4517 0.2377
vn 0.6199 0.0593 -0.7824
vn -0.2655 0.6272 0.7322
vn 0.7387 0.2380 0.6306
vn 0.5986 -0.6890 0.4087
vn -0.8018 -0.2911 -0.5219
vn -0.8228 -0.3717 -0.4299
vn 0.4043 -0.1365 -0.9044
vn 0.7598 0.4216 0.4949
vn 0.2379 0.9555 -0.1745
vn 0.2578 0.9483 -0.1853
vn 0.2082 0.9618 -0.1780
vn 0.4664 -0.7604 0.4520
vn 0.3244 0.9289 -0.1786
vn -0.3439 -0.9255 -0.1588
vn -0.2939 -0.9440 -0.1501
vn -0.3177 -0.9340 -0.1632
vn 0.2027 0.9672 -0.1532
vn -0.7787 -0.0278 -0.6268
vn 0.5956 0.7307 -0.3337
vn -0.2977 0.4827 0.8237
vn -0.0147 0.9330 0.3595
vn -0.3494 0.1725 0.9209
vn -0.4102 0.1234 0.9036
vn -0.3433 0.1772 0.9223
vn -0.3495 0.1724 0.9209
vn -0.4152 0.1192 0.9019
vn -0.4103 0.1234 0.9036
vn 0.9128 0.3167 -0.2580
vn 0.9134 0.3228 -0.2482
vn 0.8963 0.2401 -0.3728
vn 0.5565 -0.7590 -0.3380
vn -0.5997 -0.1014 0.7937
vn -0.6148 -0.0701 0.7855
vn -0.6058 -0.1050 0.7887
vn 0.6846 -0.3897 0.6160
vn -0.2589 -0.9488 0.1809
vn 0.6296 -0.0160 -0.7767
vn 0.5879 -0.8026 -0.1012
vn 0.4413 -0.7964 0.4135
vn -0.1401 0.0756 0.9872
vn -0.0754 0.9962 -0.0438
vn 0.0138 0.9895 -0.1440
vn -0.0478 0.9961 -0.0739
vn -0.2799 -0.9549 -0.0994
vn -0.2771 -0.9522 -0.1285
vn 0.8184 -0.2909 0.4956
vn -0.2467 -0.8168 -0.5215
vn 0.2080 0.3555 0.9113
vn 0.6713 0.7015 0.2394
vn 0.8934 0.2311 -0.3853
vn -0.2771 -0.9522 -0.1286
vn -0.6112 -0.1580 0.7755
vn -0.5978 -0.1417 0.7891
vn -0.2797 0.1629 0.9462
vn -0.3344 0.0858 0.9385
vn -0.3191 0.1079 0.9416
vn -0.3852 -0.1847 0.9042
vn 0.3994 0.4698 0.7872
vn 0.4166 0.4696 0.7784
vn 0.4329 0.4693 0.7696
vn -0.6426 0.0727 0.7627
vn -0.6665 0.0769 0.7415
vn -0.6120 0.0675 0.7880
vn -0.9839 -0.0237 0.1771
vn -0.9773 0.0622 0.2027
vn -0.9829 -0.0012 0.1840
vn -0.2634 0.1850 0.9468
vn 0.7886 0.2162 -0.5756
vn 0.8182 0.3128 -0.4824
vn 0.7944 0.2322 -0.5612
vn 0.7945 0.2322 -0.5611
vn 0.8182 0.3129 -0.4823
vn 0.8317 0.3949 -0.3904
vn 0.8419 0.1094 -0.5285
vn 0.0138 0.9895 -0.1441
vn 0.1003 0.9666 -0.2357
vn -0.0477 0.9961 -0.0740
vn 0.5936 0.0732 -0.8014
vn 0.6297 -0.0161 -0.7767
vn 0.6486 -0.0453 -0.7597
vn 0.0210 0.0395 -0.9990
vn -0.9750 0.0794 0.2077
vn 0.8394 0.2523 0.4814
vn -0.6606 -0.2562 -0.7057
vn -0.6438 -0.2610 -0.7193
vn -0.6080 -0.2705 -0.7464
vn 0.6059 0.2825 -0.7437
vn 0.6191 0.2682 0.7381
vn 0.6523 0.2908 0.6999
vn 0.6938 0.3197 0.6453
vn -0.0826 0.9905 -0.1098
vn 0.0257 0.9739 -0.2256
vn -0.3100 0.9490 0.0580
vn -0.3027 0.9507 0.0679
vn -0.3357 0.9417 0.0229
vn -0.6248 -0.0626 0.7783
vn 0.7146 0.3347 0.6142
vn 0.7544 0.0979 -0.6491
vn -0.5913 0.0640 0.8039
vn 0.6743 -0.1032 -0.7312
vn 0.6829 -0.1392 -0.7171
vn 0.4466 0.4690 0.7620
vn -0.5516 -0.2838 -0.7843
vn -0.4518 0.7677 0.4544
vn -0.4625 0.7815 0.4187
vn -0.3126 0.8757 0.3679
vn 0.4273 0.5591 -0.7105
vn -0.3732 0.8371 0.4000
vn -0.3316 0.4453 -0.8317
vn 0.1306 0.9599 -0.2482
vn -0.2712 0.9563 0.1096
vn -0.2444 0.5191 0.8190
vn -0.9390 0.3399 -0.0515
vn -0.9397 0.3416 -0.0161
vn -0.9352 0.3362 -0.1114
vn -0.2441 0.9221 0.3002
vn -0.3125 0.8758 0.3679
vn -0.1248 0.9584 0.2568
vn -0.8968 -0.3500 -0.2707
vn -0.8944 -0.3507 -0.2777
vn -0.8987 -0.3494 -0.2652
vn -0.9364 0.3437 0.0703
vn -0.9397 0.3416 -0.0160
vn 0.1474 0.9587 -0.2433
vn 0.2195 0.9397 -0.2621
vn 0.5921 -0.0085 -0.8059
vn 0.0346 0.9968 0.0716
vn 0.0941 0.9172 -0.3872
vn 0.4220 -0.0910 -0.9020
vn -0.1228 0.9923 -0.0155
vn 0.1363 0.9516 -0.2754
vn -0.8873 -0.3526 -0.2972
vn -0.1700 0.9844 0.0447
vn -0.0829 0.9965 0.0090
vn -0.7591 -0.0759 -0.6466
vn -0.8607 0.4493 0.2396
vn -0.8593 0.4379 -0.2642
vn 0.4806 0.2560 -0.8387
vn -0.4527 -0.1409 -0.8805
vn -0.7102 0.6245 -0.3249
vn -0.0801 -0.9841 -0.1588
vn 0.3986 0.8631 0.3101
vn -0.8858 -0.0525 -0.4611
vn -0.4987 0.0551 0.8650
vn -0.5778 -0.2912 -0.7625
vn 0.1656 0.9810 -0.1009
vn -0.8800 -0.2271 0.4172
vn -0.8812 -0.2362 0.4095
vn -0.8862 -0.2997 0.3533
vn -0.6342 -0.6078 -0.4780
vn 0.7710 0.4658 0.4343
vn 0.5070 0.0026 -0.8620
vn 0.2503 0.5864 0.7704
vn -0.2547 -0.3694 -0.8937
vn -0.8865 -0.3163 0.3378
vn 0.8726 0.4878 -0.0247
vn 0.6685 -0.5474 0.5035
vn 0.3610 -0.2600 0.8956
vn 0.9811 -0.0306 0.1909
vn 0.1751 -0.9023 0.3939
vn -0.9459 -0.2437 -0.2143
vn 0.5028 -0.8414 0.1980
vn 0.9025 0.4266 -0.0597
vn -0.0523 0.3478 0.9361
vn -0.8505 -0.5111 -0.1241
vn 0.4565 -0.0763 -0.8864
vn 0.4259 -0.0858 -0.9007
vn 0.3061 -0.1205 -0.9443
vn 0.6866 0.6469 0.3319
vn 0.2866 -0.1259 -0.9498
vn 0.7247 -0.0184 -0.6888
vn 0.7912 0.0026 -0.6116
vn 0.8148 0.0108 -0.5796
vn 0.8530 0.2419 -0.4625
vn -0.6104 0.1096 0.7844
vn 0.6087 -0.0731 -0.7901
vn 0.5211 0.7466 0.4135
vn 0.5197 0.7677 0.3749
vn 0.5374 0.7530 0.3798
vn 0.6303 -0.0203 -0.7761
vn -0.3040 0.9527 0.0061
vn 0.8510 0.4332 -0.2969
vn 0.7276 0.2883 -0.6225
vn 0.7693 0.2867 -0.5709
vn 0.8710 0.4812 0.0989
vn 0.0014 -1.0000 0.0003
vn -0.0018 -1.0000 0.0036
vn 0.0064 -1.0000 0.0031
vn -0.9737 0.2259 0.0309
vn 0.7624 -0.6471 0.0045
vn -0.3876 0.0583 0.9200
vn 0.7182 -0.3489 -0.6020
vn 0.7969 -0.0015 0.6041
vn 0.2716 0.9615 0.0423
vn -0.9062 -0.1198 0.4056
vn 0.7997 0.5761 0.1690
vn -0.0074 -1.0000 0.0026
vn 0.8960 0.3746 -0.2386
vn 0.8971 0.4079 -0.1697
vn 0.8925 0.4412 -0.0943
vn 0.0033 -1.0000 -0.0036
vn -0.7231 -0.4745 -0.5021
vn -0.7382 -0.4616 -0.4920
vn -0.7287 -0.4697 -0.4983
vn -0.5812 -0.2328 0.7798
vn 0.0029 -0.3442 -0.9389
vn 0.0209 -0.3050 -0.9521
vn 0.0163 -0.3133 -0.9495
vn -0.8657 -0.4768 -0.1523
vn 0.9058 0.0060 -0.4238
vn 0.9062 -0.0210 -0.4223
vn 0.9058 -0.0561 -0.4199
vn 0.6014 0.0644 -0.7963
vn 0.1756 0.9042 0.3892
vn 0.9968 0.0158 -0.0780
vn 0.9960 -0.0893 0.0043
vn 0.9991 -0.0370 -0.0221
vn 0.9989 -0.0462 0.0022
vn 0.9501 0.2691 0.1577
vn 0.9293 -0.3376 0.1500
vn 0.4512 -0.8582 0.2447
vn -0.0049 -1.0000 0.0023
vn -0.5620 0.2825 -0.7774
vn 0.0025 -1.0000 -0.0032
vn 0.8097 -0.0022 0.5869
vn 0.1629 0.9835 0.0783
vn 0.1580 0.9862 0.0502
vn 0.1581 0.9861 0.0508
vn 0.8385 0.5448 0.0036
vn -0.1227 0.5228 -0.8436
vn 0.5452 0.7538 0.3669
vn 0.9039 0.0448 -0.4253
vn 0.7695 0.2873 0.5703
vn 0.7520 0.3134 0.5799
vn 0.7420 0.3275 0.5849
vn 0.1538 0.9877 0.0270
vn -0.6728 0.0351 0.7390
vn 0.5405 0.2782 0.7940
vn 0.7449 0.3813 0.5475
vn 0.0143 -0.9999 0.0091
vn 0.0011 -1.0000 0.0021
vn 0.6032 0.4215 0.6771
vn 0.7536 -0.0006 0.6573
vn -0.2352 -0.9244 -0.3002
vn -0.2077 -0.9469 -0.2452
vn -0.1852 -0.9647 -0.1871
vn -0.0563 0.9976 0.0408
vn 0.4118 -0.8404 0.3525
vn 0.3968 -0.8668 0.3020
vn 0.4057 -0.8517 0.3317
vn 0.7399 -0.0323 -0.6720
vn 0.7656 -0.2415 -0.5963
vn 0.7513 -0.0937 -0.6533
vn 0.7513 -0.0938 -0.6533
vn 0.7661 -0.2648 -0.5856
vn 0.6090 0.5557 -0.5660
vn 0.6683 0.4774 -0.5705
vn -0.0132 0.0203 -0.9997
vn -0.0885 0.0954 0.9915
vn 0.4764 -0.1472 -0.8668
vn -0.8562 -0.3504 0.3797
vn 0.1704 -0.9817 0.0847
vn -0.7136 -0.4822 -0.5081
vn 0.0094 0.4021 0.9156
vn 0.9282 0.1433 -0.3433
vn 0.6100 0.5482 0.5722
vn 0.7295 -0.0441 -0.6826
vn 0.7522 0.0741 -0.6548
vn 0.7120 -0.1096 -0.6935
vn 0.5521 -0.3951 0.7342
vn 0.6168 -0.5453 -0.5677
vn 0.5972 -0.5718 -0.5625
vn 0.5756 -0.5902 -0.5659
vn -0.5333 -0.4781 -0.6979
vn 0.1911 0.3656 0.9109
vn 0.0907 -0.9769 0.1936
vn 0.0983 -0.9757 0.1956
vn 0.0943 -0.9763 0.1946
vn 0.5957 -0.5427 -0.5921
vn 0.5653 -0.5634 -0.6025
vn -0.5043 0.0607 0.8614
vn -0.5383 0.0172 0.8426
vn -0.6311 0.0435 0.7745
vn 0.5884 0.8085 0.0053
vn 0.4947 0.8689 0.0156
vn 0.4979 0.8671 0.0153
vn -0.8934 0.0648 -0.4445
vn 0.0863 -0.9775 0.1924
vn 0.0061 -0.9933 -0.1155
vn -0.6896 -0.6014 -0.4034
vn 0.7269 0.3481 0.5920
vn 0.4633 0.7786 0.4232
vn 0.5010 0.7520 0.4283
vn 0.4814 0.7661 0.4258
vn -0.8502 0.0432 -0.5247
vn -0.6878 -0.2670 -0.6750
vn -0.6632 0.0255 0.7480
vn -0.7067 0.0175 0.7073
vn -0.6913 0.0284 0.7221
vn -0.5484 0.0109 0.8361
vn 0.4184 -0.8269 0.3758
vn 0.1413 0.8670 0.4779
vn 0.1447 0.8796 0.4533
vn 0.1395 0.8603 0.4903
vn 0.5944 0.6004 -0.5350
vn 0.7295 -0.0440 -0.6826
vn 0.7550 0.0950 -0.6488
vn 0.9978 0.0007 -0.0660
vn 0.9982 0.0045 -0.0601
vn -0.4941 0.3266 0.8057
vn 0.1357 0.8458 0.5159
vn -0.0331 0.9986 0.0404
vn -0.0269 0.9990 0.0357
vn -0.1656 0.9763 0.1397
vn -0.0152 0.0247 -0.9996
vn 0.7799 -0.6125 -0.1291
vn 0.5650 -0.6206 -0.5437
vn 0.5516 -0.6631 -0.5060
vn 0.6366 0.0777 -0.7673
vn -0.2940 -0.9510 0.0957
vn -0.9426 0.3243 0.0802
vn 0.4341 0.4423 0.7848
vn 0.5731 -0.6401 0.5117
vn 0.5734 -0.6397 0.5119
vn 0.5702 -0.6439 0.5101
vn -0.1735 0.9740 0.1456
vn 0.6085 0.5587 -0.5635
vn 0.8177 -0.5745 0.0371
vn 0.8191 -0.5719 0.0454
vn 0.8212 -0.5693 0.0382
vn 0.5453 0.3393 0.7665
vn 0.9820 0.0903 -0.1662
vn 0.6882 -0.3749 0.6211
vn -0.1764 0.7361 0.6535
vn -0.1715 0.9852 -0.0015
vn -0.1914 0.9815 -0.0032
vn -0.1919 0.9814 -0.0033
vn -0.1068 0.3848 0.9168
vn -0.0021 -1.0000 -0.0006
vn 0.2213 -0.7603 -0.6107
vn -0.6297 0.1109 0.7689
vn -0.1498 0.3187 0.9360
vn -0.2138 0.2900 0.9328
vn -0.0990 0.3401 0.9352
vn 0.5965 -0.6099 -0.5217
vn -0.7142 0.0340 0.6991
vn -0.1150 0.9906 -0.0745
vn -0.1767 0.9843 -0.0012
vn -0.1917 0.9814 -0.0032
vn -0.0102 0.0332 -0.9994
vn 0.0038 0.0031 -1.0000
vn -0.0319 0.0803 -0.9963
vn -0.0027 -1.0000 0.0025
vn 0.9148 0.0038 0.4039
vn 0.6253 0.1192 -0.7712
vn -0.6447 0.0612 0.7620
vn 0.4507 0.7869 0.4214
vn 0.4632 0.7787 0.4232
vn 0.4814 0.7662 0.4258
vn 0.6150 0.5465 0.5684
vn 0.8654 -0.5009 0.0095
vn -0.6237 0.7816 -0.0034
vn -0.1607 0.9869 0.0143
vn 0.0143 0.9990 -0.0432
vn -0.0751 0.9937 -0.0828
vn -0.1435 0.9853 -0.0930
vn 0.7915 0.5389 -0.2882
vn 0.7814 0.5594 -0.2766
vn 0.7514 0.6130 -0.2441
vn 0.3082 -0.9471 -0.0890
vn -0.4824 -0.7916 0.3752
vn -0.4706 -0.8106 0.3486
vn -0.5028 -0.7535 0.4236
vn -0.3922 -0.6737 0.6264
vn 0.6497 -0.7602 0.0070
vn -0.3439 0.9390 -0.0029
vn -0.1744 0.9847 -0.0015
vn 0.9449 0.3239 0.0465
vn 0.0171 0.9989 -0.0432
vn -0.0750 0.9937 -0.0827
vn -0.0002 -0.9507 -0.3102
vn 0.0080 -0.9998 0.0194
vn -0.0353 -0.9993 0.0125
vn 0.0069 -0.9997 0.0218
vn -0.5097 -0.7390 0.4405
vn 0.6160 -0.5900 -0.5220
vn 0.7300 0.6463 -0.2224
vn 0.7814 0.5595 -0.2765
vn -0.0079 0.9993 -0.0363
vn 0.0630 0.9975 -0.0315
vn -0.0057 0.9999 -0.0162
vn 0.9844 0.1282 -0.1203
vn 0.9809 0.1586 -0.1129
vn 0.9698 0.2297 -0.0816
vn -0.8679 0.0558 -0.4936
vn 0.6362 0.4809 -0.6033
vn 0.6477 0.4924 -0.5813
vn 0.6417 0.4863 -0.5931
vn 0.8281 0.3110 -0.4664
vn -0.2824 -0.9045 -0.3195
vn 0.5885 0.8085 0.0053
vn 0.5917 0.8062 0.0049
vn 0.3550 -0.8962 -0.2659
vn 0.6175 -0.5875 -0.5230
vn 0.8152 -0.5783 0.0325
vn 0.8234 -0.5673 -0.0148
vn 0.7143 -0.0214 -0.6995
vn -0.2420 -0.9199 -0.3085
vn -0.2135 -0.9263 -0.3106
vn -0.2260 -0.9234 -0.3104
vn -0.0230 0.5612 -0.8274
vn -0.0159 0.5685 -0.8225
vn -0.0287 0.5605 -0.8277
vn 0.7689 0.6337 -0.0852
vn 0.6478 0.4924 -0.5813
vn 0.6542 0.4990 -0.5684
vn 0.2923 0.7695 0.5679
vn -0.5291 0.0410 0.8476
vn 0.7829 0.3834 0.4900
vn 0.6195 0.5387 0.5710
vn 0.6268 0.5344 0.5671
vn 0.0406 0.9950 -0.0916
vn 0.9427 -0.0005 -0.3335
vn -0.0801 -0.9242 -0.3735
vn 0.8647 -0.5022 0.0093
vn 0.5530 0.6350 0.5394
vn -0.8154 0.4363 0.3805
vn 0.6527 -0.7356 0.1814
vn -0.2923 -0.9037 -0.3130
vn -0.6645 -0.0941 0.7414
vn 0.3524 0.9269 0.1289
vn -0.0084 -0.9999 0.0104
vn 0.5031 -0.6527 -0.5665
vn 0.7706 0.0233 0.6369
vn 0.1768 0.5591 0.8100
vn 0.6858 -0.4288 0.5881
vn -0.0684 -0.9950 0.0722
vn 0.0037 -1.0000 -0.0021
vn -0.0033 -1.0000 -0.0014
vn 0.0440 -0.9943 -0.0974
vn 0.2221 -0.9733 -0.0573
vn 0.1903 -0.9802 -0.0553
vn 0.2298 -0.9702 0.0765
vn -0.7522 -0.4418 0.4889
vn -0.0370 0.5592 -0.8282
vn -0.0102 0.0333 -0.9994
vn -0.0319 0.0804 -0.9963
vn -0.0456 0.1099 -0.9929
vn -0.0025 -0.9224 -0.3861
vn 0.0008 -0.9999 0.0137
vn -0.4783 -0.4774 0.7371
vn -0.4431 -0.5525 0.7060
vn -0.4322 -0.5312 0.7287
vn -0.2549 -0.9197 -0.2985
vn -0.5406 -0.7625 -0.3554
vn -0.5400 -0.7635 -0.3541
vn -0.5407 -0.7628 -0.3546
vn 0.5729 -0.6403 0.5117
vn 0.5702 -0.6439 0.5102
vn 0.5700 -0.6442 0.5100
vn 0.9814 0.0947 -0.1668
vn 0.9809 0.1586 -0.1130
vn 0.9845 0.0886 -0.1515
vn -0.0110 0.7858 -0.6183
vn -0.0125 -0.9999 -0.0019
vn -0.3404 -0.6715 0.6581
vn 0.0039 -1.0000 -0.0072
vn -0.5408 -0.7627 -0.3546
vn -0.5466 -0.7602 -0.3512
vn -0.5453 -0.7606 -0.3522
vn -0.6241 0.1229 0.7717
vn -0.2562 -0.9206 -0.2946
vn 0.5572 0.5979 0.5763
vn 0.2467 0.5357 -0.8076
vn 0.9844 0.1281 -0.1204
vn -0.2518 0.2720 0.9288
vn -0.0588 -0.8853 0.4613
vn 0.0640 0.3457 -0.9361
vn -0.0697 -0.9976 -0.0050
vn 0.3630 -0.7292 0.5801
vn 0.5323 0.0712 -0.8436
vn -0.7350 0.2770 0.6189
vn -0.5430 0.4554 -0.7055
vn -0.2015 0.3269 -0.9233
vn 0.4905 -0.8436 0.2186
vn 0.4553 -0.8608 0.2275
vn 0.5641 -0.8016 0.1981
vn 0.6399 -0.7485 0.1739
vn -0.8892 0.3743 0.2633
vn -0.8966 0.4007 0.1886
vn -0.8975 0.4067 0.1705
vn -0.3768 -0.6710 -0.6386
vn -0.8758 -0.4807 -0.0439
vn -0.8848 0.3635 0.2914
vn -0.8966 0.4007 0.1887
vn -0.8891 0.3742 0.2634
vn 0.4322 0.9000 -0.0561
vn -0.2939 -0.9549 0.0424
vn -0.2574 -0.9657 0.0331
vn -0.3434 -0.9376 0.0550
vn 0.3308 -0.9414 -0.0660
vn 0.3856 -0.9219 0.0375
vn 0.3712 -0.9280 0.0324
vn -0.3545 -0.9333 0.0579
vn 0.3231 -0.9393 -0.1154
vn -0.9391 0.3189 -0.1280
vn -0.8461 0.3435 -0.4075
vn 0.4466 -0.7780 0.4419
vn 0.0120 -0.9999 0.0001
vn -0.1883 -0.5956 -0.7809
vn -0.6236 -0.6355 -0.4552
vn -0.3642 -0.9056 0.2173
vn 0.0813 -0.9563 0.2810
vn 0.9102 0.3240 0.2581
vn -0.3822 -0.5219 0.7626
vn 0.6374 -0.6964 0.3299
vn 0.5818 -0.7714 0.2577
vn 0.5991 -0.7504 0.2794
vn 0.9318 0.3326 -0.1451
vn 0.9311 0.3444 -0.1206
vn 0.9316 0.3374 -0.1352
vn 0.6486 -0.6782 0.3455
vn 0.9307 0.3477 -0.1134
vn 0.3307 -0.9414 -0.0661
vn 0.3232 -0.9203 -0.2202
vn 0.0557 -0.9120 -0.4064
vn 0.0776 -0.9862 -0.1464
vn -0.2064 -0.9715 -0.1167
vn 0.6796 0.2960 0.6712
vn 0.6930 0.3048 0.6534
vn 0.7192 0.3224 0.6155
vn 0.7371 0.3346 0.5871
vn 0.7453 0.3187 -0.5856
vn -0.5176 -0.8427 -0.1483
vn 0.6392 -0.7402 -0.2086
vn -0.0861 -0.3601 -0.9289
vn -0.7614 -0.6460 0.0551
vn -0.7211 -0.6867 0.0922
vn -0.6530 -0.7427 0.1479
vn -0.6059 -0.7743 0.1826
vn 0.5665 0.7311 0.3802
vn -0.6297 0.1110 0.7689
vn -0.7068 0.1576 0.6897
vn -0.6241 0.1229 0.7716
vn 0.7880 -0.1991 0.5826
vn 0.7575 0.5677 -0.3224
vn 0.3293 0.8944 0.3028
vn 0.0576 0.9974 0.0435
vn 0.1410 0.9900 -0.0073
vn 0.0500 0.9968 0.0630
vn 0.2606 -0.3911 0.8827
vn -0.0748 0.3278 -0.9418
vn -0.6221 -0.7792 0.0762
vn 0.0048 -1.0000 -0.0047
vn -0.1670 0.3763 0.9113
vn 0.9031 -0.0404 -0.4275
vn 0.9269 -0.1011 -0.3613
vn 0.9222 -0.0647 -0.3812
vn 0.1700 0.7704 0.6145
vn 0.1744 0.7156 0.6764
vn 0.1667 0.8017 0.5740
vn 0.7057 -0.4061 0.5805
vn 0.0363 0.9980 -0.0525
vn 0.0369 0.9990 -0.0270
vn 0.1904 -0.9802 -0.0553
vn 0.2298 -0.9702 0.0766
vn 0.2306 -0.9638 0.1336
vn -0.9683 -0.2337 0.0882
vn -0.0198 0.9998 -0.0091
vn 0.0052 0.9999 0.0143
vn -0.0596 0.8598 -0.5071
vn -0.2041 0.2265 0.9524
vn -0.1510 0.2563 0.9547
vn -0.0741 0.2971 0.9519
vn 0.0116 -0.9999 0.0028
vn -0.0121 -0.9946 -0.1026
vn -0.2898 -0.9119 0.2905
vn 0.8419 -0.5392 -0.0200
vn -0.1621 -0.2157 -0.9629
vn 0.1611 0.8441 0.5115
vn 0.5459 0.6089 0.5755
vn 0.6315 0.5896 -0.5036
vn 0.7187 0.6760 -0.1626
vn -0.6431 -0.3044 0.7027
vn -0.6509 -0.2767 0.7070
vn -0.6255 -0.2639 0.7343
vn -0.7296 0.5589 0.3940
vn 0.9321 0.2592 0.2531
vn -0.9890 0.1460 0.0252
vn -0.9830 0.1827 0.0192
vn -0.9893 0.1437 0.0256
vn -0.6354 -0.2412 0.7335
vn -0.9934 0.1103 0.0310
vn -0.6841 -0.2721 0.6768
vn 0.4291 -0.6160 -0.6606
vn 0.4241 -0.8558 -0.2964
vn 0.6409 -0.7673 0.0233
vn 0.0096 -0.9912 0.1320
vn 0.7707 0.2573 0.5829
vn 0.7169 0.3243 0.6172
vn 0.7209 0.3196 0.6149
vn 0.7209 0.3197 0.6150
vn 0.7168 0.3243 0.6172
vn 0.6338 0.4109 0.6553
vn -0.5715 -0.7602 -0.3091
vn 0.2708 -0.7122 0.6477
vn 0.9727 -0.1683 0.1597
vn 0.1454 -0.3899 -0.9093
vn 0.9371 0.0723 -0.3414
vn 0.6610 0.2652 0.7019
vn -0.4775 -0.4253 0.7688
vn 0.4102 -0.8234 0.3921
vn 0.3518 -0.8474 0.3976
vn 0.3709 -0.8418 0.3921
vn 0.5612 0.7348 0.3809
vn 0.5665 0.7311 0.3801
vn 0.5854 0.2025 -0.7850
vn 0.4491 0.8027 0.3925
vn 0.0029 0.9962 0.0868
vn -0.1567 0.9875 -0.0165
vn 0.6794 0.3208 -0.6599
vn 0.0012 0.9991 -0.0419
vn 0.0227 0.9980 -0.0588
vn 0.0059 0.9984 -0.0567
vn -0.0438 0.5638 -0.8248
vn 0.1521 -0.9791 0.1351
vn 0.9874 0.1353 -0.0825
vn 0.1083 0.8982 0.4261
vn -0.0074 0.0015 -1.0000
vn 0.0020 0.0130 -0.9999
vn 0.0061 0.0181 -0.9998
vn 0.0144 0.0282 -0.9995
vn 0.2694 -0.8289 -0.4903
vn -0.0027 -1.0000 0.0065
vn -0.9468 -0.2064 0.2469
vn 0.9300 -0.0617 -0.3623
vn 0.0548 0.9949 0.0846
vn 0.1170 0.9787 0.1688
vn 0.4544 -0.4309 -0.7797
vn 0.2007 0.4533 -0.8685
vn -0.0741 0.2972 0.9519
vn -0.1509 0.2563 0.9547
vn 0.0091 0.3386 0.9409
vn -0.0002 -1.0000 0.0015
vn -0.0005 -1.0000 0.0006
vn -0.0032 -1.0000 0.0023
vn 0.4437 -0.8093 0.3850
vn 0.4654 -0.7976 0.3839
vn 0.9358 -0.0688 -0.3457
vn 0.9300 -0.0617 -0.3622
vn 0.9934 0.0745 -0.0872
vn 0.0589 0.0036 -0.9983
vn 0.0625 -0.2105 -0.9756
vn -0.0435 0.1049 -0.9935
vn -0.8312 0.2379 0.5025
vn -0.8766 0.2294 0.4229
vn -0.8618 0.2325 0.4508
vn -0.0898 -0.9959 0.0077
vn -0.0040 -1.0000 -0.0042
vn 0.0267 0.9995 -0.0157
vn -0.0051 -1.0000 0.0019
vn -0.8713 -0.4797 -0.1038
vn -0.4565 0.6836 -0.5695
vn -0.8618 0.2325 0.4507
vn -0.8767 0.2294 0.4229
vn -0.9029 0.2226 0.3678
vn 0.0016 -0.3165 -0.9486
vn -0.0003 -1.0000 -0.0005
vn 0.0077 -1.0000 -0.0026
vn 0.0033 -1.0000 -0.0006
vn 0.0283 0.3737 -0.9271
vn -0.3120 -0.9366 0.1598
vn -0.1128 0.2799 -0.9534
vn -0.0824 0.3262 -0.9417
vn -0.0482 0.3765 -0.9252
vn 0.2041 0.9704 -0.1291
vn -0.0318 0.9941 -0.1034
vn 0.0899 0.1298 -0.9875
vn 0.1584 0.0412 -0.9865
vn -0.6389 -0.7688 -0.0260
vn -0.0358 0.3944 -0.9182
vn -0.9036 0.3925 0.1718
vn 0.9055 -0.4227 0.0379
vn 0.7393 -0.2765 0.6140
vn 0.7415 -0.2713 0.6136
vn 0.7277 -0.2992 0.6172
vn 0.6023 0.0067 0.7983
vn -0.4203 -0.0089 0.9074
vn -0.4945 0.0113 0.8691
vn -0.5063 0.0146 0.8622
vn -0.6230 0.1179 -0.7733
vn -0.0103 0.1391 -0.9902
vn -0.0127 -0.6622 -0.7492
vn -0.0119 -0.6538 -0.7566
vn -0.0071 -0.5922 -0.8058
vn 0.6868 0.6647 0.2939
vn 0.8199 0.5481 0.1655
vn -0.5542 0.8323 -0.0110
vn -0.5512 0.8343 -0.0126
vn -0.5526 0.8334 -0.0119
vn 0.0770 -0.5123 -0.8554
vn -0.0042 0.9996 -0.0286
vn -0.9977 0.0216 -0.0645
vn -0.9992 0.0136 -0.0363
vn -0.9995 0.0058 -0.0296
vn -0.7262 0.2668 0.6336
vn -0.3916 -0.0164 0.9200
vn -0.4944 0.0113 0.8691
vn -0.4202 -0.0089 0.9074
vn 0.6056 0.5522 0.5731
vn 0.6128 0.5284 0.5875
vn -0.4830 0.0745 -0.8724
vn 0.9699 0.2140 -0.1162
vn -0.2428 0.0954 0.9654
vn -0.0412 0.9962 0.0763
vn -0.6056 0.3952 0.6907
vn -0.7584 -0.3289 0.5628
vn 0.3542 0.9351 0.0159
vn 0.8157 0.5784 -0.0088
vn 0.8143 0.5803 -0.0101
vn 0.8177 0.5755 -0.0068
vn -0.0162 0.9996 -0.0248
vn -0.0008 -0.4933 -0.8699
vn 0.0072 -0.5407 -0.8412
vn 0.0015 -0.5609 -0.8279
vn 0.0490 -0.8312 0.5538
vn -0.8396 0.0640 0.5394
vn -0.9995 0.0057 -0.0296
vn -0.9992 0.0051 -0.0394
vn -0.5128 -0.8576 0.0384
vn -0.5777 -0.8145 0.0539
vn -0.4492 -0.8930 0.0271
vn 0.6179 -0.6701 0.4113
vn 0.9419 0.3314 -0.0554
vn 0.9409 0.3388 0.0016
vn 0.9543 0.2687 -0.1308
vn 0.9318 0.2190 -0.2894
vn -0.4394 -0.8980 0.0205
vn -0.5128 -0.8577 0.0384
vn -0.4339 -0.9007 0.0231
vn -0.0344 -0.9970 -0.0699
vn 0.1874 -0.9701 0.1544
vn -0.6027 0.2020 0.7720
vn -0.5527 0.8333 -0.0118
vn -0.5560 0.8311 -0.0100
vn -0.7853 0.4061 -0.4673
vn 0.0847 -0.2912 0.9529
vn 0.5498 -0.6822 0.4819
vn 0.5366 -0.7010 0.4697
vn 0.4241 -0.8281 0.3667
vn -0.8901 -0.0082 -0.4557
vn 0.3813 0.8577 -0.3450
vn 0.0516 0.9968 -0.0611
vn 0.1221 0.9862 -0.1122
vn 0.0212 0.9998 0.0037
vn -0.5135 0.1144 0.8504
vn -0.0451 0.2178 -0.9749
vn -0.9810 0.1386 -0.1358
vn -0.9999 -0.0075 -0.0101
vn -0.1405 0.9895 0.0341
vn 0.8195 0.5730 -0.0051
vn 0.2948 0.2692 -0.9169
vn -0.0415 0.9990 -0.0169
vn -0.9805 0.1363 -0.1413
vn -0.6002 -0.6836 -0.4153
vn 0.6394 -0.6478 0.4141
vn -0.0170 0.9961 -0.0867
vn -0.0043 -1.0000 -0.0041
vn 0.0038 -1.0000 -0.0069
vn 0.2362 -0.9513 0.1980
vn 0.3502 0.7522 0.5582
vn 0.4266 0.7177 0.5504
vn 0.3576 0.7491 0.5576
vn 0.0334 0.9841 -0.1742
vn -0.0318 0.9941 -0.1035
vn 0.9340 0.3572 -0.0014
vn 0.9343 0.2886 -0.2094
vn 0.7076 0.0045 0.7066
vn 0.6981 0.0054 0.7160
vn 0.7121 0.0086 0.7021
vn 0.2569 0.7861 0.5622
vn 0.0119 -0.8553 -0.5180
vn -0.0144 -0.6707 -0.7416
vn 0.0010 -0.7125 -0.7017
vn 0.7393 -0.2766 0.6140
vn 0.7250 -0.2976 0.6212
vn 0.0612 0.9209 -0.3850
vn 0.4919 -0.8445 0.2117
vn -0.0008 -0.9998 -0.0204
vn -0.0038 -1.0000 0.0048
vn 0.5518 -0.5708 0.6080
vn 0.5666 -0.5168 0.6418
vn 0.5876 -0.5297 0.6116
vn -0.1341 -0.9632 0.2329
vn 0.4318 0.6395 -0.6361
vn -0.0573 0.0489 -0.9972
vn -0.2606 -0.6175 0.7421
vn 0.0514 0.9803 0.1906
vn 0.0269 0.9787 0.2037
vn -0.0413 0.9962 0.0762
vn -0.9871 0.1171 -0.1089
vn -0.9814 0.1405 -0.1306
vn -0.0050 -0.6479 -0.7617
vn 0.4991 -0.5991 0.6260
vn 0.0019 -1.0000 -0.0008
vn 0.5459 0.3666 -0.7534
vn 0.4979 0.3392 -0.7981
vn 0.4684 0.3221 -0.8227
vn -0.2437 -0.5402 -0.8055
vn 0.0884 0.9893 -0.1164
vn -0.0426 0.9991 0.0070
vn 0.3306 0.5165 -0.7899
vn 0.2681 0.5042 -0.8210
vn 0.4037 0.5279 -0.7473
vn 0.0074 0.6699 -0.7424
vn 0.0027 0.6641 -0.7476
vn -0.0017 0.6587 -0.7524
vn -0.0064 0.6529 -0.7574
vn -0.5592 -0.1392 -0.8172
vn 0.0046 -1.0000 -0.0018
vn 0.0195 -0.9997 0.0151
vn 0.0437 -0.9979 0.0486
vn 0.4219 -0.8301 0.3647
vn -0.6533 0.2882 0.7001
vn -0.5904 0.8054 0.0531
vn -0.0751 0.8841 0.4612
vn -0.9261 0.3753 -0.0387
vn 0.9323 0.3616 -0.0030
vn 0.8669 0.3080 -0.3919
vn 0.4317 0.5313 -0.7290
vn -0.0148 -0.0014 -0.9999
vn -0.0034 -0.0140 -0.9999
vn 0.0063 0.0106 -0.9999
vn -0.8473 0.5253 -0.0786
vn -0.0134 -0.2784 -0.9604
vn -0.1771 -0.9842 0.0002
vn -0.3089 -0.9425 0.1273
vn 0.7000 -0.0048 0.7141
vn 0.0423 0.3339 0.9416
vn -0.0396 0.5636 -0.8251
vn -0.0356 0.4793 -0.8769
vn -0.0348 0.3763 -0.9258
vn 0.0088 0.0063 -0.9999
vn -0.0161 0.6795 -0.7335
vn -0.8462 0.3581 -0.3947
vn -0.8729 0.3358 -0.3540
vn -0.8918 0.3180 -0.3219
vn 0.9491 0.3150 0.0035
vn -0.0027 0.3977 -0.9175
vn -0.0002 0.3874 -0.9219
vn 0.5891 0.3911 -0.7071
vn -0.0023 0.5462 0.8377
vn -0.0378 0.5616 0.8266
vn -0.0209 0.5594 0.8286
vn -0.0048 0.9975 0.0709
vn 0.0615 0.9963 0.0605
vn 0.4323 0.9017 -0.0090
vn 0.4251 0.9051 -0.0083
vn 0.8483 -0.1650 0.5032
vn 0.1665 -0.6970 -0.6975
vn 0.9690 0.0981 -0.2266
vn 0.6204 0.0533 0.7825
vn 0.6201 0.7830 -0.0494
vn -0.0315 0.7440 -0.6674
vn 0.5324 -0.3709 0.7610
vn 0.0055 -1.0000 0.0006
vn -0.7511 0.6328 -0.1884
vn 0.3073 0.9142 -0.2642
vn 0.3062 0.9145 -0.2645
vn 0.3037 0.9151 -0.2651
vn -0.2225 -0.8001 -0.5571
vn 0.5964 -0.6280 0.5000
vn 0.6267 -0.5376 0.5641
vn -0.0095 0.9993 0.0366
vn 0.1045 0.9942 0.0238
vn -0.5017 0.8265 -0.2554
vn -0.5378 0.7985 -0.2706
vn -0.6824 0.6586 -0.3173
vn -0.6997 0.6374 -0.3227
vn -0.9431 0.3006 -0.1422
vn 0.9784 -0.1836 0.0947
vn 0.2415 0.9291 -0.2799
vn 0.4338 -0.5172 -0.7378
vn -0.3309 0.3439 -0.8788
vn -0.3750 0.3237 -0.8686
vn -0.2491 0.3782 -0.8916
vn 0.3563 -0.8901 0.2842
vn 0.6938 0.0048 0.7201
vn 0.6853 0.0206 0.7279
vn -0.6996 0.6375 -0.3227
vn -0.7183 0.6134 -0.3283
vn -0.6822 0.6587 -0.3173
vn 0.0119 0.0132 -0.9998
vn 0.4440 -0.8574 0.2604
vn 0.7649 -0.6426 -0.0459
vn -0.0027 -0.9996 -0.0289
vn -0.0002 -0.9999 0.0118
vn -0.0073 -0.9663 -0.2572
vn -0.0076 -0.9633 -0.2683
vn -0.3669 0.3522 0.8610
vn -0.0096 0.9993 0.0366
vn -0.0613 0.9975 0.0363
vn 0.4306 0.2992 -0.8515
vn 0.3173 0.3050 -0.8979
vn 0.3822 0.2884 -0.8779
vn -0.0178 0.7616 -0.6478
vn 0.6479 -0.4460 0.6176
vn 0.6754 -0.5554 0.4850
vn -0.8159 0.3801 -0.4357
vn -0.1003 0.9928 0.0659
vn 0.5029 0.2608 -0.8241
vn -0.9842 0.0863 -0.1545
vn -0.0196 -0.0235 -0.9995
vn -0.0355 -0.0048 -0.9994
vn 0.7030 -0.5351 0.4685
vn 0.1905 -0.9692 0.1560
vn 0.0628 0.9975 0.0315
vn -0.1380 0.9902 0.0190
vn -0.0739 0.9971 0.0167
vn -0.4524 0.5121 -0.7301
vn -0.9793 0.0958 -0.1781
vn -0.0186 -0.2661 -0.9638
vn 0.6737 -0.5557 0.4871
vn -0.8461 0.3488 0.4032
vn 0.0401 0.9976 0.0556
vn 0.1263 0.9909 0.0465
vn -0.0356 0.7343 -0.6779
vn 0.0215 0.5681 -0.8227
vn 0.0116 0.5726 -0.8198
vn 0.0113 0.5728 -0.8196
vn -0.0432 -0.9985 -0.0329
vn -0.0434 -0.9985 -0.0327
vn -0.0495 -0.9981 -0.0372
vn -0.0438 -0.9988 -0.0212
vn -0.0120 -0.9998 -0.0162
vn -0.0203 -0.9955 0.0922
vn -0.0069 -0.9974 0.0719
vn 0.0373 -0.9986 0.0387
vn 0.6942 0.4246 0.5812
vn 0.7050 0.4323 0.5622
vn 0.7191 0.4422 0.5360
vn 0.8781 -0.3767 -0.2949
vn 0.5653 0.8229 0.0579
vn 0.4413 0.3155 -0.8400
vn -0.1769 0.4053 -0.8969
vn 0.7265 -0.2910 0.6226
vn 0.3261 0.9450 0.0239
vn 0.8253 0.5646 0.0050
vn -0.0083 0.4716 0.8818
vn -0.6081 -0.5935 -0.5273
vn -0.6031 -0.5905 -0.5363
vn -0.6049 -0.5813 -0.5442
vn 0.5026 0.5006 0.7049
vn 0.0380 0.5563 -0.8301
vn -0.0278 -0.9972 -0.0701
vn 0.0143 -0.9995 0.0295
vn 0.4908 -0.6481 0.5823
vn 0.0103 0.9172 0.3982
vn 0.0103 0.9173 0.3982
vn -0.0298 0.9564 0.2907
vn -0.6513 0.4559 0.6066
vn 0.7383 0.4560 0.4969
vn 0.0279 0.8957 0.4437
vn 0.0103 0.9172 0.3983
vn -0.1720 0.9850 0.0139
vn -0.1591 0.9870 0.0225
vn 0.0152 0.9510 -0.3089
vn 0.0083 0.9586 -0.2846
vn 0.0471 0.9063 -0.4200
vn -0.9654 0.1751 -0.1935
vn 0.9819 0.0674 0.1772
vn -0.0357 0.9299 -0.3661
vn -0.0170 0.9465 -0.3223
vn -0.0461 0.9196 -0.3901
vn -0.0356 0.7342 -0.6780
vn -0.0440 0.0076 0.9990
vn -0.0466 0.0061 0.9989
vn -0.0432 0.0003 0.9991
vn 0.0591 0.8854 -0.4611
vn 0.0152 0.9509 -0.3090
vn 0.0471 0.9063 -0.4201
vn -0.7383 -0.0000 -0.6744
vn -0.7375 -0.0031 -0.6753
vn -0.7354 0.0018 -0.6777
vn -0.0417 -0.0006 0.9991
vn -0.0413 -0.0013 0.9991
vn -0.0480 0.5646 0.8240
vn 0.0065 0.3819 -0.9242
vn 0.0090 0.3759 -0.9266
vn 0.0008 0.3956 -0.9184
vn 0.0614 0.9963 0.0606
vn 0.1262 0.9909 0.0465
vn 0.0331 0.9898 0.1388
vn -0.0036 0.9568 -0.2906
vn -0.7389 0.0007 -0.6738
vn -0.7343 0.0007 -0.6789
vn -0.6006 -0.5850 -0.5451
vn -0.5683 -0.6270 -0.5328
vn -0.0050 -0.9999 0.0128
vn -0.0419 -0.0004 0.9991
vn 0.9444 0.3287 0.0119
vn 0.9392 0.3432 0.0086
vn -0.3710 0.3723 0.8507
vn 0.5871 -0.6631 0.4644
vn 0.7752 -0.4964 0.3908
vn 0.9777 0.0374 0.2065
vn -0.6220 -0.5596 -0.5477
vn -0.6078 -0.5870 -0.5348
vn -0.4483 -0.8226 -0.3497
vn -0.0744 -0.9888 -0.1293
vn -0.0120 -0.9998 -0.0163
vn -0.0278 -0.9971 -0.0702
vn -0.0699 -0.9957 0.0613
vn 0.2240 -0.9700 -0.0941
vn 0.2383 -0.9561 -0.1703
vn 0.0434 0.5294 0.8473
vn 0.0119 0.5488 0.8358
vn -0.0108 0.5441 0.8389
vn -0.7199 -0.2990 -0.6264
vn -0.7185 -0.3023 -0.6264
vn -0.7281 -0.2915 -0.6204
vn 0.0069 0.9997 0.0230
vn 0.0146 0.9995 0.0293
vn 0.0043 0.9998 0.0210
vn -0.9576 0.2599 -0.1244
vn 0.9637 0.0568 -0.2608
vn 0.5992 0.8006 0.0031
vn 0.5291 0.8484 0.0127
vn 0.5334 0.8458 0.0121
vn -0.0014 0.4011 -0.9160
vn 0.7153 -0.0340 -0.6980
vn 0.7140 -0.0518 -0.6982
vn 0.6521 -0.0374 -0.7572
vn 0.6745 -0.2331 0.7005
vn 0.6777 -0.3227 0.6607
vn 0.6765 -0.2874 0.6781
vn 0.6743 -0.2109 0.7077
vn -0.3114 0.8865 -0.3423
vn 0.1791 0.9679 0.1762
vn 0.2098 0.9668 0.1460
vn 0.1563 0.9676 0.1983
vn 0.1212 0.9653 0.2315
vn 0.1591 0.9500 -0.2687
vn -0.7452 0.5711 -0.3443
vn -0.6438 0.6479 -0.4070
vn -0.7374 0.5779 -0.3497
vn 0.6348 -0.2898 0.7163
vn 0.1007 0.8161 -0.5691
vn -0.8095 0.5080 -0.2943
vn 0.3180 0.3121 -0.8952
vn 0.3798 0.3536 -0.8548
vn 0.2636 0.2690 -0.9264
vn 0.5239 0.3915 -0.7564
vn 0.7021 0.3036 0.6442
vn 0.6634 0.2171 0.7160
vn 0.7022 0.3040 0.6438
vn -0.2350 0.8738 0.4257
vn -0.7990 0.2617 0.5414
vn 0.6145 -0.0716 -0.7857
vn 0.5391 -0.0998 -0.8363
vn 0.4648 -0.1289 -0.8760
vn 0.7251 0.3673 0.5826
vn 0.6536 -0.2217 0.7236
vn -0.7354 0.4469 -0.5094
vn -0.6973 0.4372 -0.5681
vn -0.7142 0.4366 -0.5471
vn 0.9530 0.2439 -0.1796
vn 0.6406 -0.0438 -0.7666
vn -0.4260 0.4138 -0.8045
vn -0.4938 0.4431 -0.7482
vn -0.5967 0.5283 -0.6040
vn 0.6913 0.3351 0.6402
vn 0.7300 0.3442 0.5904
vn 0.7425 0.3470 0.5730
vn -0.0652 0.7076 0.7036
vn 0.5946 0.0647 -0.8014
vn 0.5971 0.1477 -0.7885
vn 0.5895 0.0391 -0.8068
vn -0.7338 0.6745 0.0810
vn 0.6329 -0.5373 0.5575
vn 0.6142 -0.5434 0.5723
vn 0.5651 -0.5575 0.6082
vn -0.7879 -0.2245 -0.5734
vn -0.7690 -0.2440 -0.5909
vn -0.7844 -0.2282 -0.5768
vn -0.8062 -0.2046 -0.5551
vn 0.8408 0.0902 0.5338
vn 0.5481 -0.5617 0.6197
vn 0.4825 -0.0526 -0.8743
vn 0.8767 -0.1661 -0.4514
vn -0.8715 0.0024 0.4904
vn -0.8956 -0.0410 0.4430
vn -0.8765 -0.0060 0.4814
vn 0.2514 -0.3636 0.8970
vn 0.2361 -0.3863 0.8916
vn 0.2338 -0.3897 0.8908
vn 0.7762 0.3540 0.5216
vn -0.7637 0.3760 -0.5248
vn -0.2383 0.8365 0.4935
vn -0.6696 0.4538 -0.5880
vn 0.2516 0.2120 -0.9443
vn 0.5431 0.7971 0.2640
vn 0.5827 -0.0027 -0.8127
vn 0.2319 0.2068 -0.9505
vn 0.7292 -0.4305 -0.5319
vn -0.3956 0.1072 0.9121
vn 0.6237 -0.0315 -0.7810
vn 0.5168 -0.5066 0.6901
vn 0.5344 -0.5315 0.6572
vn 0.5714 -0.4535 0.6839
vn 0.5801 0.0027 -0.8146
vn 0.9016 -0.3229 -0.2877
vn -0.8638 0.0149 0.5036
vn -0.0051 -0.9999 -0.0163
vn -0.0699 -0.9957 0.0614
vn 0.7273 -0.2891 0.6224
vn -0.0570 0.5540 0.8306
vn 0.4303 0.6813 -0.5922
vn 0.6165 0.7874 0.0006
vn -0.6175 0.5358 -0.5758
vn 0.7936 -0.3836 0.4723
vn -0.4423 0.7977 -0.4100
vn -0.4006 0.8331 -0.3813
vn -0.4117 0.7945 -0.4465
vn 0.0002 0.4062 0.9138
vn -0.0020 0.4123 0.9110
vn 0.1336 0.4456 0.8852
vn 0.0452 0.9848 0.1679
vn -0.4760 0.8794 -0.0072
vn -0.6166 0.7871 0.0160
vn -0.5909 0.8067 0.0116
vn -0.6284 0.5301 -0.5693
vn -0.6607 0.5059 -0.5546
vn -0.6583 0.5061 -0.5572
vn -0.7153 -0.0311 -0.6981
vn 0.4500 0.0133 -0.8929
vn 0.4177 0.0344 -0.9079
vn 0.4741 -0.0133 -0.8804
vn -0.0037 0.9999 0.0145
vn -0.4675 0.8840 -0.0085
vn 0.6038 -0.4965 -0.6236
vn -0.6305 0.5833 -0.5121
vn -0.5967 0.5284 -0.6040
vn -0.6175 0.5359 -0.5757
vn 0.6810 -0.0601 -0.7298
vn 0.6442 -0.0313 -0.7642
vn 0.5806 0.1272 -0.8042
vn 0.6192 0.1195 -0.7761
vn 0.6603 0.0496 -0.7493
vn 0.6998 -0.0011 -0.7144
vn 0.8721 0.4880 0.0371
vn -0.9450 0.3235 -0.0476
vn 0.0371 0.5607 -0.8272
vn 0.3637 0.0305 -0.9310
vn -0.4396 -0.8492 -0.2926
vn -0.3912 -0.8708 -0.2977
vn -0.3811 -0.8727 -0.3052
vn 0.5900 -0.0982 -0.8014
vn 0.1157 -0.0952 -0.9887
vn 0.0280 -0.1191 -0.9925
vn 0.1937 -0.0730 -0.9783
vn -0.7289 0.0106 -0.6845
vn -0.0062 -1.0000 -0.0059
vn -0.0104 -0.9999 0.0092
vn -0.2584 -0.4119 0.8738
vn 0.7701 0.3655 0.5229
vn 0.0186 0.3509 0.9362
vn 0.8386 -0.5082 0.1963
vn 0.8704 -0.4260 0.2469
vn 0.8678 -0.4441 0.2228
vn 0.5842 -0.4509 0.6748
vn -0.4475 -0.8773 -0.1735
vn -0.4241 -0.8879 -0.1780
vn -0.4464 -0.8778 -0.1738
vn 0.2092 -0.8344 -0.5099
vn 0.2055 -0.8511 -0.4830
vn -0.6531 -0.7480 -0.1182
vn -0.2657 -0.9566 0.1199
vn 0.0065 -0.9999 0.0151
vn -0.0040 0.9979 -0.0647
vn 0.0594 0.9945 -0.0859
vn -0.0183 0.9996 0.0212
vn 0.0511 0.5540 -0.8310
vn 0.5366 0.5039 -0.6768
vn -0.5876 0.1131 0.8012
vn -0.5664 0.1180 0.8156
vn -0.5798 0.1149 0.8066
vn -0.7603 -0.0395 0.6484
vn -0.4707 -0.8660 -0.1689
vn 0.5290 -0.3092 -0.7903
vn 0.6763 -0.4461 0.5862
vn 0.6898 -0.4150 0.5933
vn 0.7769 -0.4623 0.4275
vn -0.5669 -0.0328 0.8231
vn -0.5444 -0.0456 0.8376
vn -0.5626 -0.0680 0.8239
vn 0.7947 -0.4555 0.4013
vn -0.5250 0.0134 0.8510
vn -0.6787 0.0563 0.7323
vn -0.7200 0.4413 -0.5355
vn 0.4727 0.1381 -0.8704
vn 0.5842 -0.4785 0.6556
vn 0.6572 -0.0347 -0.7529
vn -0.7303 0.4226 -0.5368
vn -0.7097 0.4139 -0.5700
vn 0.5588 -0.4604 0.6898
vn 0.6629 -0.0581 -0.7464
vn -0.4711 0.0200 0.8818
vn -0.5108 -0.0090 0.8596
vn 0.8103 0.1590 -0.5640
vn 0.5375 -0.4503 0.7129
vn 0.5006 0.1146 -0.8581
vn -0.7204 0.0873 0.6880
vn 0.6899 -0.4672 0.5529
vn -0.6346 -0.4985 0.5905
vn -0.6573 -0.5046 0.5598
vn -0.6732 -0.5086 0.5368
vn 0.5235 0.0728 -0.8489
vn 0.1806 -0.8518 -0.4918
vn 0.2098 -0.8825 -0.4210
vn 0.1505 -0.8157 -0.5586
vn -0.5152 -0.7200 -0.4649
vn -0.5154 -0.7340 -0.4423
vn -0.5154 -0.7329 -0.4441
vn -0.1382 -0.9433 -0.3020
vn 0.6148 -0.4257 0.6640
vn -0.7936 -0.4905 -0.3599
vn -0.0721 -0.8035 0.5909
vn 0.7788 -0.4558 0.4308
vn -0.5153 -0.7446 -0.4242
vn 0.8654 -0.3724 -0.3354
vn -0.6182 -0.4939 0.6115
vn 0.1218 -0.7775 -0.6169
vn 0.7714 -0.2762 0.5732
vn -0.7020 0.5115 -0.4956
vn 0.6162 0.0399 -0.7866
vn 0.6207 0.0424 -0.7829
vn 0.6192 0.0395 -0.7843
vn -0.8694 0.4584 -0.1845
vn -0.3663 0.4325 -0.8238
vn 0.0226 -0.5158 0.8564
vn -0.5365 0.4692 -0.7015
vn -0.5197 0.4572 -0.7217
vn -0.5221 0.4589 -0.7189
vn -0.8018 -0.0420 -0.5961
vn -0.5150 0.7535 -0.4086
vn -0.5363 0.7399 -0.4061
vn -0.5478 0.7323 -0.4046
vn 0.0234 -0.9995 0.0216
vn -0.0205 -0.9980 0.0606
vn 0.0055 -0.9996 0.0278
vn -0.5478 0.7322 -0.4046
vn -0.5634 0.7215 -0.4025
vn -0.8107 0.2618 -0.5237
vn -0.9005 0.1109 0.4204
vn 0.2486 -0.2216 -0.9429
vn 0.1214 0.0194 -0.9924
vn 0.0226 -0.9996 -0.0179
vn -0.0147 -0.9999 0.0078
vn 0.0338 -0.9994 -0.0062
vn -0.0358 0.7282 -0.6844
vn 0.0002 -1.0000 -0.0054
vn -0.0127 -0.9999 0.0036
vn -0.6919 -0.4509 0.5640
vn 0.2658 -0.9627 0.0510
vn 0.0136 -0.9999 0.0024
vn 0.6541 0.5762 0.4900
vn 0.6585 0.5378 0.5264
vn 0.6613 0.4928 0.5655
vn 0.8417 0.4336 0.3218
vn 0.6492 0.6061 0.4595
vn -0.2385 -0.0359 0.9705
vn 0.6196 0.0869 -0.7801
vn 0.6623 0.0900 -0.7438
vn 0.6974 0.0642 -0.7138
vn -0.7925 0.3363 -0.5088
vn 0.6201 0.0696 -0.7814
vn 0.0196 0.9881 -0.1523
vn -0.0010 0.9764 -0.2160
vn -0.0020 0.9779 -0.2091
vn -0.2031 0.9704 0.1306
vn -0.3372 0.9396 -0.0581
vn 0.6544 0.1559 -0.7399
vn -0.0452 0.9555 -0.2915
vn 0.7115 -0.2535 0.6553
vn 0.9514 0.0735 -0.2991
vn -0.3951 -0.2098 0.8943
vn 0.6810 0.0145 -0.7322
vn 0.5139 0.0430 -0.8568
vn 0.6651 0.0174 -0.7465
vn -0.5379 0.4702 -0.6997
vn 0.0002 -1.0000 -0.0055
vn 0.0120 -0.9998 -0.0167
vn 0.4752 0.8525 0.2178
vn 0.4579 0.8723 0.1714
vn 0.4684 0.8607 0.1993
vn 0.5786 -0.0458 -0.8143
vn -0.4239 0.7238 -0.5445
vn -0.6124 -0.0903 0.7854
vn -0.6369 -0.0504 0.7693
vn -0.6300 -0.0504 0.7749
vn 0.4535 0.8768 0.1598
vn -0.5876 0.3546 0.7273
vn -0.1263 -0.0184 0.9918
vn -0.1159 -0.0572 0.9916
vn -0.0901 -0.1497 0.9846
vn -0.0252 0.9631 -0.2679
vn -0.9280 0.1833 0.3244
vn -0.1452 -0.7418 -0.6547
vn -0.0339 0.9618 -0.2715
vn -0.9586 0.1489 0.2426
vn 0.0440 0.9903 0.1322
vn 0.0591 0.9813 0.1830
vn 0.0803 0.9636 0.2550
vn 0.6622 0.1840 -0.7264
vn 0.6201 0.0697 -0.7814
vn -0.6318 0.3111 -0.7100
vn -0.5517 0.2910 -0.7816
vn -0.5758 0.2972 -0.7617
vn -0.6530 0.3161 -0.6882
vn 0.0190 -0.5243 -0.8513
vn 0.6651 0.0174 -0.7466
vn 0.5138 0.0430 -0.8568
vn 0.4908 0.0465 -0.8700
vn -0.7908 0.0859 -0.6060
vn -0.0816 -0.1791 0.9804
vn -0.0886 0.9938 0.0674
vn -0.0529 0.9955 0.0786
vn -0.1173 0.9892 0.0874
vn -0.9507 -0.0000 0.3102
vn 0.7814 -0.4312 0.4511
vn 0.0591 0.9813 0.1831
vn 0.0884 0.9551 0.2827
vn 0.0803 0.9636 0.2551
vn -0.9823 -0.0318 -0.1847
vn -0.6761 -0.0082 0.7368
vn -0.6265 0.0680 0.7764
vn -0.6071 0.7934 -0.0439
vn 0.6608 0.3367 -0.6708
vn 0.5538 -0.4931 0.6709
vn -0.0191 0.9976 0.0670
vn -0.0528 0.9955 0.0786
vn -0.9350 0.3293 -0.1318
vn 0.2666 0.5411 -0.7976
vn 0.9827 0.0780 -0.1681
vn 0.9840 0.0991 -0.1483
vn 0.9823 0.0734 -0.1724
vn 0.6017 0.0407 -0.7977
vn -0.1108 0.9927 0.0483
vn -0.5346 0.4806 -0.6951
vn 0.5966 0.0419 -0.8015
vn 0.9540 -0.2725 0.1254
vn 0.9075 -0.3975 0.1359
vn 0.9364 -0.3260 0.1301
vn -0.4911 0.8665 -0.0895
vn -0.6874 -0.0287 0.7257
vn 0.9823 0.0734 -0.1725
vn 0.9804 0.0551 -0.1893
vn 0.3553 0.1934 -0.9145
vn 0.1922 0.5104 0.8382
vn 0.0090 0.4996 0.8662
vn 0.1131 0.5079 0.8540
vn -0.3447 0.8565 0.3842
vn 0.5520 -0.5423 0.6334
vn 0.9562 -0.2769 0.0945
vn -0.4748 0.1208 0.8718
vn -0.0617 0.4909 0.8690
vn 0.0026 0.9351 -0.3545
vn 0.1764 0.9528 0.2472
vn 0.9003 0.1352 0.4137
vn 0.4908 -0.3381 0.8030
vn -0.7309 0.0961 0.6757
vn -0.7654 0.1254 0.6313
vn -0.7838 0.1002 0.6129
vn -0.7703 0.1188 0.6265
vn 0.7596 -0.5580 0.3342
vn 0.2083 -0.2354 0.9493
vn -0.7291 0.1712 0.6627
vn 0.1439 0.9526 0.2680
vn 0.3308 0.9299 -0.1609
vn -0.3115 0.2993 0.9019
vn -0.4468 0.5430 0.7110
vn -0.4480 0.5399 0.7125
vn -0.4478 0.5406 0.7122
vn -0.7294 0.1708 0.6624
vn 0.8733 -0.2572 -0.4137
vn -0.4453 0.5466 0.7092
vn -0.9876 0.0217 0.1558
vn -0.3609 0.7080 -0.6070
vn 0.5539 -0.6178 0.5582
vn 0.5538 -0.4932 0.6709
vn 0.5520 -0.5425 0.6333
vn 0.8863 -0.0852 0.4553
vn 0.8765 -0.0774 0.4751
vn 0.8977 -0.0948 0.4303
vn 0.9364 -0.3259 0.1301
vn 0.9770 -0.1789 0.1164
vn 0.9540 -0.2723 0.1254
vn -0.6445 0.1593 0.7478
vn -0.1517 0.8721 -0.4651
vn -0.0834 0.9955 -0.0454
vn 0.6634 0.7290 -0.1688
vn 0.8485 -0.0566 0.5261
vn 0.4767 -0.6651 0.5748
vn 0.4706 -0.6563 0.5898
vn 0.4927 -0.6886 0.5321
vn 0.3835 0.4693 0.7954
vn 0.9073 -0.4032 -0.1191
vn -0.5605 0.6199 -0.5491
vn -0.4666 0.6443 -0.6059
vn -0.5299 0.6290 -0.5689
vn 0.1631 0.8058 -0.5694
vn 0.8378 -0.3976 -0.3741
vn -0.6825 0.1416 0.7171
vn -0.4310 0.6512 -0.6247
vn -0.4413 -0.0056 0.8973
vn 0.4927 -0.6886 0.5320
vn 0.4992 -0.6981 0.5133
vn 0.9243 -0.3817 0.0049
vn -0.2352 -0.9197 -0.3143
vn -0.5853 -0.5155 -0.6258
vn -0.8323 -0.0842 -0.5480
vn -0.6144 -0.6622 0.4290
vn 0.3328 0.2300 -0.9145
vn 0.2285 0.2707 -0.9351
vn 0.2001 0.2810 -0.9386
vn -0.3342 -0.1917 0.9228
vn 0.6274 -0.5398 0.5612
vn 0.3328 0.2299 -0.9145
vn 0.3506 0.2225 -0.9097
vn 0.7880 -0.2205 -0.5748
vn -0.7077 0.5902 -0.3884
vn 0.5876 -0.1601 -0.7932
vn 0.5574 -0.1403 -0.8183
vn 0.5887 -0.1608 -0.7922
vn 0.1555 0.2439 -0.9573
vn 0.6413 -0.0519 -0.7655
vn 0.6503 0.0233 -0.7593
vn 0.9674 -0.0068 0.2531
vn 0.9783 0.0042 0.2073
vn 0.9653 -0.0093 0.2610
vn -0.0254 0.5360 0.8438
vn -0.0397 0.9907 0.1302
vn -0.0352 0.9986 0.0384
vn 0.3521 0.0241 -0.9357
vn 0.3637 0.0304 -0.9310
vn -0.8066 0.0379 -0.5899
vn -0.0365 -0.2687 0.9625
vn 0.2533 -0.0555 -0.9658
vn -0.3975 0.8295 -0.3924
vn -0.4116 0.7945 -0.4465
vn -0.3517 -0.5292 -0.7722
vn -0.3900 -0.8414 0.3741
vn -0.3539 -0.8669 0.3510
vn -0.0183 -0.6088 0.7931
vn -0.0036 -0.6129 0.7901
vn 0.0051 -0.6068 0.7948
vn -0.0132 0.5351 0.8447
vn -0.5997 0.1102 0.7926
vn -0.2527 0.9648 -0.0732
vn -0.2499 0.9656 -0.0724
vn -0.2508 0.9653 -0.0727
vn 0.0152 -0.6013 0.7989
vn -0.9350 0.3546 -0.0034
vn -0.9184 0.3951 -0.0196
vn -0.9186 0.3943 -0.0288
vn -0.9167 0.3866 -0.1013
vn -0.7513 -0.3085 -0.5834
vn -0.9128 0.2144 -0.3475
vn 0.6080 -0.1738 -0.7747
vn 0.4155 0.3150 -0.8533
vn -0.8246 -0.4252 0.3732
vn -0.0420 -0.8291 0.5576
vn 0.0296 0.9975 -0.0641
vn 0.0157 0.9621 -0.2723
vn 0.0160 0.9618 -0.2734
vn 0.0142 0.9635 -0.2674
vn -0.2538 0.9645 -0.0736
vn -0.0051 -0.9999 0.0128
vn -0.1107 0.9723 0.2059
vn -0.6557 0.5021 -0.5638
vn -0.7698 0.6321 -0.0890
vn 0.9641 0.0023 0.2656
vn -0.0117 0.4919 0.8706
vn -0.0549 0.9963 -0.0667
vn 0.0136 0.9640 -0.2654
vn -0.5487 -0.6365 -0.5420
vn -0.5379 -0.6648 -0.5183
vn -0.4983 -0.7484 -0.4377
vn -0.3130 0.9423 -0.1187
vn -0.2398 0.9627 -0.1254
vn -0.2357 0.9636 -0.1258
vn -0.1739 0.9760 -0.1307
vn -0.2357 0.9637 -0.1258
vn -0.0304 -0.9993 -0.0227
vn -0.7341 -0.3037 -0.6073
vn -0.5041 -0.8629 -0.0358
vn -0.0428 0.0135 0.9990
vn -0.5325 0.2900 -0.7952
vn -0.5119 0.2462 -0.8230
vn -0.4825 0.1876 -0.8556
vn -0.8305 0.4142 -0.3723
vn -0.6560 0.4965 -0.5685
vn -0.6267 0.5362 -0.5655
vn -0.6238 0.5688 -0.5361
vn -0.2119 -0.7867 -0.5799
vn -0.4878 0.3565 -0.7968
vn 0.0407 -0.3737 0.9267
vn 0.0896 -0.3367 0.9373
vn -0.0068 -0.4535 0.8913
vn -0.0122 0.5035 0.8639
vn 0.0059 0.5125 0.8587
vn 0.0223 0.4392 0.8981
vn -0.7104 0.4023 -0.5775
vn -0.7254 0.4028 -0.5581
vn -0.6263 0.3961 -0.6715
vn -0.7128 0.5086 -0.4830
vn -0.9272 0.1001 -0.3609
vn -0.6362 0.0680 0.7686
vn -0.6388 0.0681 0.7664
vn -0.6867 0.1005 0.7200
vn 0.2847 -0.9116 0.2966
vn 0.2894 -0.9115 0.2922
vn 0.2884 -0.9115 0.2932
vn -0.6362 -0.5411 -0.5499
vn -0.3710 -0.8498 0.3745
vn 0.0051 -0.7562 0.6543
vn -0.0391 0.0172 0.9991
vn -0.6764 0.7365 0.0100
vn -0.6265 0.7794 -0.0014
vn -0.7227 0.6911 0.0026
vn -0.9329 0.3602 -0.0047
vn -0.4035 0.8281 -0.3892
vn -0.4158 0.8212 -0.3908
vn -0.4337 0.8109 -0.3930
vn -0.5242 0.0878 0.8471
vn 0.6503 0.0234 -0.7593
vn 0.0191 0.4961 -0.8681
vn -0.8267 -0.5625 0.0106
vn -0.8444 -0.5329 0.0551
vn -0.8460 -0.5328 -0.0178
vn -0.4386 0.1070 -0.8923
vn 0.4397 0.1663 -0.8826
vn 0.4856 0.1545 -0.8604
vn 0.4498 0.1638 -0.8780
vn 0.1755 0.9746 0.1390
vn -0.4940 -0.7560 -0.4294
vn -0.3476 -0.8908 -0.2926
vn -0.0000 -1.0000 0.0016
vn 0.4916 0.1529 -0.8573
vn -0.3430 -0.8975 -0.2771
vn -0.6649 0.1439 0.7329
vn -0.9167 0.3866 -0.1014
vn -0.9185 0.3943 -0.0288
vn -0.9149 0.3834 -0.1263
vn 0.9140 -0.4055 0.0141
vn 0.2883 -0.9115 0.2932
vn 0.2827 -0.9116 0.2984
vn 0.6524 0.1569 -0.7414
vn -0.3300 0.8209 -0.4661
vn -0.3056 -0.9064 -0.2917
vn -0.3286 -0.9031 -0.2764
vn -0.3297 -0.8962 -0.2969
vn 0.7577 -0.5105 0.4064
vn -0.0549 0.9963 -0.0668
vn -0.8348 -0.1727 0.5228
vn -0.8678 -0.2149 0.4479
vn -0.8558 -0.1987 0.4776
vn 0.0160 -0.5939 0.8044
vn 0.0219 -0.5813 0.8134
vn -0.0249 0.5265 0.8498
vn -0.7531 0.6578 0.0044
vn -0.8694 0.2585 0.4211
vn -0.7449 0.5980 -0.2958
vn -0.8423 0.3744 0.3878
vn -0.8245 -0.5653 0.0238
vn 0.9914 -0.0135 0.1299
vn -0.0037 0.9858 0.1679
vn 0.0182 0.9708 0.2391
vn -0.0183 0.9634 0.2673
vn 0.0402 0.9989 -0.0256
vn -0.0078 0.9991 -0.0416
vn 0.0772 0.9968 -0.0185
vn -0.0078 -0.9997 -0.0210
vn -0.5930 -0.5285 0.6075
vn -0.6798 -0.4987 0.5378
vn -0.5476 -0.5729 0.6098
vn 0.5077 0.8606 -0.0411
vn -0.0232 0.9976 -0.0650
vn -0.7084 0.2429 -0.6626
vn -0.6898 0.0922 0.7181
vn -0.3545 -0.2427 0.9030
vn -0.2992 -0.9062 -0.2986
vn -0.2561 0.3639 0.8955
vn 0.0020 -0.5959 0.8030
vn -0.9357 -0.0035 0.3528
vn -0.9852 0.0276 0.1690
vn -0.9891 0.0317 0.1440
vn -0.0184 0.9634 0.2673
vn -0.0762 0.9218 0.3801
vn -0.0215 0.9822 0.1863
vn 0.0173 0.4558 0.8899
vn -0.6883 0.7242 0.0417
vn -0.5467 0.8358 0.0506
vn -0.4914 0.8700 0.0411
vn 0.0518 0.9939 -0.0970
vn 0.3618 0.4334 -0.8254
vn -0.2027 -0.1421 0.9689
vn -0.6525 -0.5315 0.5401
vn 0.9874 -0.0137 0.1574
vn 0.0154 -0.0051 0.9999
vn 0.0109 -0.0046 0.9999
vn 0.0738 -0.0119 0.9972
vn -0.9283 -0.0068 0.3718
vn -0.0517 0.0969 0.9940
vn -0.1644 0.0330 0.9858
vn -0.0282 0.0651 0.9975
vn -0.0394 0.6097 0.7917
vn 0.4856 0.5796 -0.6544
vn -0.6287 0.5333 -0.5659
vn 0.0407 -0.3737 0.9266
vn -0.0069 -0.4535 0.8912
vn -0.0219 -0.3832 0.9234
vn 0.9974 -0.0288 0.0667
vn 0.9885 -0.0222 0.1493
vn 0.1145 0.3771 0.9191
vn 0.1557 0.4047 0.9011
vn 0.0149 0.2987 0.9542
vn -0.0215 0.9823 0.1863
vn -0.7413 -0.0885 0.6654
vn -0.8160 -0.1515 0.5578
vn -0.0055 -0.9999 0.0141
vn 0.0793 -0.0125 0.9968
vn 0.6737 0.6231 0.3973
vn -0.4212 0.6439 0.6388
vn -0.5161 0.8551 0.0490
vn -0.4913 0.8700 0.0411
vn -0.6090 0.5664 -0.5553
vn -0.5198 0.4804 -0.7064
vn 0.1538 0.9854 0.0731
vn -0.6853 0.0929 0.7223
vn 0.2228 0.4508 0.8644
vn -0.6050 0.3937 -0.6921
vn -0.3184 0.9353 -0.1547
vn 0.1092 -0.2571 -0.9602
vn 0.0143 -0.9997 0.0198
vn 0.3451 0.5953 0.7256
vn -0.4077 0.9122 0.0399
vn -0.3193 0.8117 0.4891
vn 0.2166 -0.4145 0.8839
vn -0.5614 -0.5585 0.6107
vn 0.0034 -0.8706 -0.4919
vn -0.0533 -0.8567 -0.5130
vn -0.0776 -0.8642 -0.4971
vn -0.0532 -0.8567 -0.5131
vn -0.0032 -0.8622 -0.5065
vn 0.9994 0.0270 0.0196
vn 1.0000 -0.0088 0.0017
vn 0.9998 0.0139 0.0146
vn 0.9999 -0.0112 0.0038
vn 0.6317 0.6479 0.4257
vn 0.7794 -0.6237 0.0598
vn -0.9570 -0.2883 0.0340
vn -0.0688 0.8614 0.5032
vn -0.1405 0.8632 0.4850
vn -0.2587 0.8442 0.4694
vn -0.1404 0.8632 0.4850
vn -0.0687 0.8615 0.5032
vn 0.0262 0.8703 0.4918
vn -0.0038 -0.8032 0.5956
vn -0.0086 -0.8180 0.5752
vn 0.0188 -0.7268 0.6866
vn 0.0388 0.8663 0.4979
vn -0.1368 0.8633 0.4857
vn -0.1383 0.8629 0.4860
vn -0.1506 0.8594 0.4886
vn 0.0219 -0.7153 0.6985
vn -0.0357 0.8686 0.4942
vn -0.8488 0.4625 0.2562
vn -0.8934 0.3865 0.2290
vn -0.8741 0.4205 0.2432
vn -0.8488 0.4626 0.2562
vn -0.8649 0.4457 0.2307
vn 0.0042 0.9989 0.0460
vn -0.0498 -0.8640 -0.5011
vn -0.0085 -0.8178 0.5754
vn 0.1274 0.8460 0.5177
vn -0.1295 -0.8578 -0.4974
vn -0.9116 0.3570 0.2039
vn 0.9993 -0.0368 -0.0049
vn 0.9995 -0.0327 -0.0044
vn -0.0227 0.9218 0.3870
vn -0.1072 0.8623 0.4949
vn 0.3746 0.6476 0.6636
vn -0.0218 0.8723 0.4885
vn 0.0837 0.8706 0.4849
vn 0.0007 -0.8581 -0.5135
vn 0.1145 -0.8520 -0.5108
vn -0.1058 0.8624 0.4950
vn 0.1089 -0.8573 -0.5032
vn 0.9136 0.3328 0.2336
vn 0.8627 0.4388 0.2513
vn 0.9071 0.3488 0.2356
vn -0.0014 0.8657 0.5006
vn 0.8431 0.4600 0.2785
vn -0.8816 0.4127 0.2289
vn -0.8796 0.4155 0.2315
vn 0.2160 -0.8398 -0.4980
vn 0.0578 0.8766 0.4778
vn -0.9993 -0.0278 0.0247
vn -0.9995 -0.0188 0.0270
vn -0.9983 0.0374 0.0441
vn -0.9588 -0.1468 -0.2432
vn -0.1195 -0.8542 -0.5059
vn 0.8535 0.4354 0.2864
vn 0.8535 0.4353 0.2864
vn 0.8569 0.4282 0.2868
vn -0.8793 0.4157 0.2323
vn -0.6926 0.1798 0.6985
vn -0.7463 0.1111 0.6563
vn -0.7015 0.1692 0.6923
vn -0.7511 0.1292 -0.6475
vn 0.2344 -0.8559 0.4610
vn -0.0028 -1.0000 0.0070
vn 0.0052 -1.0000 0.0025
vn 0.9459 -0.0308 0.3229
vn -0.4042 0.9136 0.0438
vn -0.3774 0.9249 0.0459
vn -0.4069 0.9124 0.0436
vn -0.9644 0.2480 -0.0924
vn -0.6236 -0.1402 0.7690
vn 0.6352 -0.7483 0.1915
vn -0.5567 0.6880 -0.4656
vn -0.8404 0.5405 -0.0399
vn 0.1656 0.9203 0.3544
vn 0.1864 0.9157 0.3561
vn -0.0313 0.9429 0.3315
vn -0.9819 0.1515 0.1140
vn -0.9282 0.3720 0.0083
vn -0.9339 0.3573 0.0104
vn 0.0228 0.9899 -0.1398
vn -0.0194 0.9998 0.0009
vn -0.0958 0.9903 -0.1010
vn 0.4185 0.0880 -0.9040
vn -0.1806 0.8276 -0.5315
vn 0.0532 -0.9986 0.0012
vn -0.0436 -0.9989 0.0193
vn -0.0348 -0.9974 0.0626
vn 0.0024 0.4866 0.8736
vn -0.8511 0.3147 0.4202
vn -0.8389 0.3089 0.4481
vn -0.8213 0.3007 0.4848
vn -0.4753 0.1015 -0.8739
vn -0.0900 0.9888 -0.1188
vn -0.4955 0.7246 -0.4790
vn -0.0065 0.8797 0.4755
vn -0.0524 0.9431 0.3283
vn 0.0049 0.0604 0.9982
vn 0.0129 0.2805 0.9598
vn -0.0122 0.5034 0.8639
vn -0.0327 0.9943 -0.1013
vn 0.6638 0.3407 0.6658
vn 0.3099 0.6774 -0.6672
vn -0.1716 -0.9495 -0.2625
vn -0.2992 -0.9063 -0.2986
vn -0.6112 -0.6067 0.5082
vn -0.9975 0.0533 0.0459
vn -0.4286 0.9025 0.0419
vn 0.4417 0.3863 0.8098
vn 0.9606 0.2570 0.1061
vn 0.9788 0.1818 0.0948
vn 0.9633 0.2475 0.1041
vn -0.0042 0.8616 0.5076
vn -0.0021 -0.9964 0.0850
vn -0.0727 -0.1388 0.9877
vn -0.1134 -0.0802 0.9903
vn -0.9827 0.1262 0.1357
vn -0.8596 0.3189 0.3992
vn -0.0686 0.9969 -0.0372
vn -0.6387 0.2403 0.7309
vn -0.3771 0.8411 -0.3877
vn -0.5986 0.5603 -0.5725
vn -0.5135 0.7189 -0.4685
vn -0.0927 0.9942 -0.0553
vn -0.4480 0.8022 -0.3946
vn -0.5509 0.1216 0.8257
vn -0.4556 -0.8320 -0.3167
vn -0.4900 -0.8150 -0.3093
vn -0.4055 -0.8539 -0.3263
vn 0.0069 -1.0000 -0.0016
vn 0.0083 0.8758 0.4826
vn -0.8243 0.5661 0.0011
vn 0.9520 0.1267 -0.2786
vn -0.7162 -0.5972 -0.3612
vn 0.5598 -0.8286 -0.0020
vn 0.5626 -0.8266 -0.0136
vn 0.5443 -0.8369 0.0575
vn 0.0025 -1.0000 -0.0052
vn -0.8460 -0.5329 -0.0178
vn -0.8800 -0.4748 0.0133
vn -0.9623 0.1449 0.2302
vn -0.9709 0.1004 0.2175
vn 0.2815 0.6240 -0.7290
vn 0.2282 0.9633 0.1411
vn 0.8497 0.3824 -0.3631
vn 0.0015 0.1238 0.9923
vn -0.8126 0.5827 -0.0097
vn -0.7532 0.6578 0.0044
vn -0.7696 0.6185 0.1587
vn 0.0057 -0.2006 0.9797
vn -0.0435 -0.9989 0.0193
vn 0.0102 -0.9804 0.1966
vn -0.9762 0.1072 0.1887
vn -0.0687 0.9969 -0.0373
vn -0.0985 0.9928 -0.0678
vn -0.0328 0.9943 -0.1013
vn 0.5675 0.8234 -0.0020
vn 0.0358 0.0331 0.9988
vn 0.1144 0.3771 0.9191
vn 0.0149 0.2986 0.9543
vn -0.0839 0.9884 0.1269
vn -0.0591 0.9980 0.0232
vn -0.0779 0.9930 0.0886
vn -0.1223 0.9531 -0.2768
vn -0.4266 0.5672 -0.7045
vn -0.7822 -0.2428 -0.5738
vn -0.0021 -0.9986 0.0531
vn 0.0104 0.9980 0.0622
vn 0.0225 0.9996 0.0184
vn 0.0406 0.9990 0.0202
vn 0.1632 0.9565 0.2418
vn 0.6235 0.1537 -0.7666
vn 0.0027 -0.9999 0.0137
vn 0.0165 -0.9966 0.0807
vn 0.0191 -0.9954 0.0935
vn 0.0507 0.0961 0.9941
vn 0.9245 0.3021 -0.2327
vn 0.9500 0.0830 0.3009
vn 0.8436 0.3700 -0.3891
vn -0.0684 0.9872 0.1443
vn -0.9754 0.2204 -0.0087
vn -0.9758 0.2186 -0.0051
vn -0.9743 0.2245 -0.0166
vn -0.1201 0.1148 0.9861
vn -0.9735 0.2274 -0.0224
vn -0.8444 0.2223 0.4874
vn 0.3924 0.3948 0.8308
vn -0.2508 -0.0374 -0.9673
vn 0.4268 0.1600 -0.8901
vn -0.9150 -0.0373 0.4018
vn 0.9021 0.2650 0.3404
vn -0.4849 -0.0764 0.8712
vn 0.0781 -0.9826 -0.1686
vn -0.6187 0.1784 -0.7651
vn 0.7799 -0.0230 0.6255
vn 0.4005 0.0486 0.9150
vn -0.2681 0.0342 -0.9628
vn 0.3044 0.0868 -0.9486
vn 0.3351 0.0870 -0.9381
vn 0.2206 0.0856 -0.9716
vn 0.2005 0.0852 -0.9760
vn 0.3043 0.0868 -0.9486
vn 0.2121 -0.9765 0.0378
vn 0.2240 -0.9742 -0.0282
vn 0.2065 -0.9776 0.0408
vn -0.0760 -0.9601 0.2692
vn 0.2412 -0.9653 -0.1003
vn 0.2129 -0.9771 0.0022
vn -0.2383 -0.9661 -0.0993
vn -0.2070 -0.9748 -0.0835
vn -0.2743 -0.9544 -0.1176
vn -0.1632 -0.9847 -0.0614
vn -0.2382 -0.9661 -0.0993
vn 0.6793 -0.0197 0.7336
vn 0.8250 0.2359 0.5135
vn 0.3101 -0.4172 -0.8543
vn -0.8950 -0.0028 0.4461
vn -0.8897 0.0034 0.4565
vn -0.8710 0.0093 0.4912
vn -0.0027 -0.9999 0.0143
vn -0.5686 -0.5934 -0.5697
vn 0.1355 0.4724 0.8709
vn -0.1828 -0.0280 0.9828
vn 0.3261 0.3414 0.8816
vn 0.3740 0.2778 0.8848
vn 0.3458 0.3158 0.8836
vn -0.6657 0.1183 0.7368
vn -0.8677 0.4344 0.2415
vn 0.1536 0.3309 0.9311
vn -0.5698 -0.0406 -0.8208
vn -0.5915 -0.0195 -0.8061
vn -0.6412 0.0316 -0.7667
vn -0.6786 0.0731 -0.7309
vn -0.8442 -0.5359 0.0127
vn -0.0136 0.8504 0.5260
vn -0.0048 0.8763 0.4817
vn -0.1911 0.1014 -0.9763
vn 0.2822 -0.2594 -0.9236
vn 0.0098 0.9908 -0.1352
vn 0.0102 0.9919 -0.1264
vn -0.0075 0.9580 -0.2867
vn -0.8480 0.4346 -0.3035
vn -0.9047 0.4179 -0.0824
vn -0.8956 0.4238 -0.1350
vn -0.8710 0.0094 0.4913
vn -0.8897 0.0034 0.4566
vn -0.8590 -0.0021 0.5121
vn 0.5401 -0.8385 0.0722
vn -0.3550 -0.8729 -0.3348
vn 0.0360 -0.9729 0.2283
vn 0.0406 0.9990 0.0201
vn -0.0424 0.9989 0.0178
vn 0.3466 0.9378 0.0171
vn 0.7361 0.2677 -0.6216
vn -0.1789 -0.8864 -0.4269
vn -0.5925 -0.5246 0.6114
vn -0.5665 -0.5595 0.6050
vn -0.4689 -0.6712 0.5741
vn -0.0133 -0.9994 -0.0321
vn -0.0016 -0.9957 0.0931
vn -0.4333 -0.7056 0.5606
vn 0.1436 -0.9768 -0.1587
vn 0.0015 -1.0000 0.0048
vn 0.0040 -1.0000 0.0045
vn -0.2585 0.3875 0.8849
vn 0.0911 0.3112 -0.9460
vn 0.0233 0.2781 -0.9603
vn 0.0573 0.2949 -0.9538
vn -0.0110 -0.9997 0.0197
vn 0.4226 -0.4729 -0.7732
vn -0.8288 0.3862 -0.4049
vn -0.0010 0.2659 -0.9640
vn 0.0213 -0.7510 -0.6599
vn -0.7570 0.3811 0.5308
vn -0.7301 0.3976 0.5558
vn -0.7405 0.3914 0.5464
vn -0.0996 -0.9658 0.2393
vn 0.4650 -0.5292 0.7097
vn 0.5110 -0.8404 0.1804
vn -0.2678 -0.8605 0.4334
vn -0.7662 0.3752 0.5218
vn -0.6930 0.3037 -0.6539
vn -0.1272 -0.9842 -0.1235
vn -0.1019 -0.9883 -0.1138
vn -0.0958 -0.9894 -0.1089
vn 0.7479 -0.6615 0.0553
vn -0.8088 -0.3815 0.4475
vn -0.5594 -0.0035 0.8289
vn -0.0003 -0.9983 -0.0591
vn 0.0468 -0.9982 -0.0372
vn -0.0018 -1.0000 -0.0037
vn -0.4947 -0.8560 0.1501
vn -0.4894 -0.8602 0.1435
vn -0.4995 -0.8521 0.1561
vn 0.7622 -0.3437 0.5486
vn -0.9563 0.2874 -0.0532
vn 0.2701 -0.8973 0.3491
vn -0.2436 -0.9553 -0.1677
vn -0.5057 -0.8470 0.1640
vn 0.1623 -0.7816 -0.6023
vn 0.1224 -0.8109 -0.5722
vn 0.1436 -0.7957 -0.5884
vn 0.0294 -0.7976 0.6025
vn 0.7126 0.3539 0.6058
vn 0.3111 -0.9442 -0.1081
vn 0.4884 -0.8219 0.2933
vn 0.5149 -0.8065 0.2905
vn 0.5022 -0.8140 0.2919
vn 0.1865 -0.7623 -0.6198
vn -0.0487 -0.2082 0.9769
vn 0.5308 -0.7969 0.2886
vn 0.7744 -0.5510 -0.3111
vn 0.9511 0.3054 -0.0464
vn 0.4466 -0.7052 -0.5506
vn -0.0724 -0.9499 0.3041
vn -0.0112 -0.9775 -0.2107
vn -0.0174 -0.5152 0.8569
vn -0.9791 0.0956 0.1795
vn -0.6337 0.5351 -0.5586
vn -0.7693 -0.0164 -0.6387
vn -0.7854 -0.1107 -0.6090
vn -0.7760 -0.0547 -0.6283
vn 0.6890 0.4560 0.5632
vn -0.2617 -0.6269 -0.7338
vn -0.1211 -0.7666 -0.6305
vn -0.1508 0.9886 -0.0012
vn -0.6273 -0.5984 0.4983
vn -0.3120 -0.9091 -0.2759
vn 0.0002 -1.0000 0.0011
vn 0.0318 0.0087 0.9995
vn 0.0152 0.5552 0.8316
vn 0.0157 0.5556 0.8313
vn 0.0250 0.5590 0.8288
vn 0.2908 0.3853 0.8758
vn 0.3260 0.3414 0.8815
vn 0.0199 0.9996 0.0193
vn 0.0205 0.9997 0.0163
vn -0.7693 -0.0163 -0.6387
vn -0.7760 -0.0547 -0.6284
vn -0.7626 0.0034 -0.6469
vn 0.0662 -0.8760 -0.4778
vn 0.9788 0.1817 0.0948
vn 0.9697 0.2065 0.1305
vn -0.0117 0.8817 0.4717
vn -0.0213 0.5501 0.8348
vn -0.0223 0.9977 0.0641
vn 0.0081 0.9990 0.0446
vn -0.0029 0.9971 0.0756
vn 0.3684 0.8015 0.4710
vn -0.0002 -1.0000 -0.0015
vn 0.5623 0.7170 0.4120
vn -0.6894 -0.4027 -0.6021
vn -0.9257 -0.3760 0.0407
vn -0.4351 -0.8704 0.2305
vn -0.5205 -0.7153 0.4663
vn 0.8312 0.4351 0.3460
vn -0.0255 -0.9207 0.3895
vn 0.0359 0.5629 0.8257
vn -0.9741 -0.1614 -0.1584
vn -0.0079 -1.0000 0.0028
vn -0.0003 -1.0000 -0.0015
vn 0.0551 -0.9222 0.3827
vn -0.5979 0.4156 0.6854
vn -0.0280 -0.9979 0.0584
vn 0.6691 0.3530 -0.6540
vn 0.5981 0.2994 -0.7434
vn 0.6376 0.3289 -0.6967
vn -0.3509 0.2951 -0.8887
vn -0.2733 0.2404 -0.9314
vn -0.3106 0.2667 -0.9123
vn -0.0418 0.4107 0.9108
vn -0.0226 0.4183 0.9080
vn 0.0205 0.4346 0.9004
vn -0.3814 0.8985 0.2171
vn -0.1968 0.3989 -0.8956
vn 0.0228 0.9847 0.1728
vn -0.8510 0.5246 -0.0228
vn -0.8393 0.5435 -0.0128
vn -0.8357 0.5489 -0.0201
vn -0.8387 0.4350 -0.3276
vn -0.8479 0.4346 -0.3035
vn -0.8956 0.4238 -0.1351
vn -0.3772 0.3347 0.8635
vn -0.7809 -0.2576 0.5691
vn -0.7581 0.0073 -0.6521
vn -0.8504 -0.0174 0.5258
vn 0.0086 -0.9993 -0.0363
vn -0.0028 -0.9999 0.0142
vn 0.0485 0.4447 0.8943
vn 0.0301 -0.3896 0.9205
vn -0.0026 -0.3845 0.9231
vn -0.0430 0.9972 0.0610
vn -0.5436 0.5271 -0.6532
vn -0.2089 0.2622 -0.9421
vn 0.5576 0.2592 -0.7886
vn -0.0899 -0.9726 -0.2142
vn 0.0144 -0.9999 0.0079
vn -0.0217 -0.9997 -0.0071
vn -0.6011 -0.5139 0.6120
vn 0.5708 0.2793 -0.7721
vn -0.0431 0.9970 0.0640
vn 0.4371 0.5086 0.7418
vn -0.6618 0.7393 0.1242
vn -0.0061 -1.0000 -0.0061
vn 0.1141 0.0511 0.9922
vn 0.0507 0.0960 0.9941
vn -0.0281 0.0651 0.9975
vn -0.3106 0.2668 -0.9123
vn -0.4059 0.3335 -0.8509
vn -0.8371 0.1397 0.5288
vn -0.9999 0.0099 -0.0053
vn -1.0000 0.0088 -0.0037
vn -1.0000 0.0039 -0.0071
vn -0.7061 -0.6871 0.1714
vn -0.1973 -0.9670 0.1611
vn -0.4380 0.7933 0.4229
vn -0.0104 0.9845 0.1750
vn -0.0036 0.9961 0.0887
vn -0.3776 0.7735 0.5090
vn -0.0062 -0.9999 0.0095
vn -0.9755 0.2000 0.0912
vn -0.7901 0.3796 -0.4814
vn -0.8116 0.3671 -0.4544
vn -0.8242 0.3593 -0.4378
vn -0.3333 -0.5731 0.7486
vn -0.6819 0.4140 0.6031
vn -0.6578 0.3990 0.6389
vn -0.6480 0.3929 0.6525
vn 0.9680 0.2111 0.1358
vn -0.3846 0.4913 0.7814
vn -0.8699 0.2391 0.4314
vn -0.6246 0.4938 -0.6050
vn -0.9975 0.0534 0.0459
vn -0.9980 0.0428 0.0460
vn -0.0293 0.9981 0.0540
vn -0.2459 0.2844 -0.9266
vn -0.4119 0.3227 0.8522
vn -0.6965 0.4232 0.5795
vn -0.1725 0.9850 -0.0096
vn -0.9964 -0.0652 0.0541
vn -0.0431 0.9972 0.0610
vn -0.8322 0.5533 -0.0364
vn 0.6081 0.7572 0.2386
vn 0.8606 0.0764 0.5036
vn -0.6513 0.7579 -0.0378
vn -0.9503 0.3094 -0.0350
vn -0.9520 0.3060 0.0086
vn -0.9502 0.3110 0.0183
vn -0.6789 0.7228 -0.1290
vn -0.6607 0.7398 -0.1273
vn -0.8880 0.3719 0.2704
vn -0.0000 -0.9997 0.0258
vn 0.0277 -0.0093 0.9996
vn -0.9654 -0.0076 0.2607
vn -0.9686 0.0706 0.2384
vn -0.9406 0.0293 0.3382
vn -0.2117 -0.9640 -0.1610
vn -0.9349 0.3325 -0.1243
vn -0.9363 0.3168 -0.1515
vn -0.9359 0.3225 -0.1416
vn 0.9995 -0.0180 -0.0278
vn -0.9735 0.0771 0.2154
vn -0.5614 0.8275 -0.0055
vn -0.2045 -0.9667 -0.1541
vn -0.2160 -0.9625 -0.1643
vn 0.0125 0.9960 0.0885
vn -0.7682 -0.0006 -0.6402
vn -0.7370 -0.3039 -0.6038
vn 0.4706 0.4512 0.7583
vn 0.0007 -1.0000 -0.0035
vn -0.9738 -0.1778 -0.1419
vn -0.6645 0.5301 0.5267
vn -0.6244 0.5589 0.5456
vn -0.6236 0.5460 0.5595
vn -0.7371 -0.3024 -0.6044
vn 0.0835 0.3942 -0.9152
vn -0.7735 0.3884 -0.5008
vn 0.0434 0.5657 0.8235
vn -0.2063 0.9785 0.0059
vn -0.9964 -0.0646 0.0540
vn -0.9965 -0.0603 0.0575
vn -0.9914 0.0163 0.1295
vn 0.0206 0.0226 -0.9995
vn -1.0000 0.0024 -0.0063
vn 0.0004 -0.9999 0.0114
vn -0.8122 0.5834 0.0029
vn -0.3777 -0.0461 -0.9248
vn -0.3831 -0.0467 -0.9225
vn -0.4029 -0.0489 -0.9139
vn -0.7752 -0.0091 -0.6317
vn -0.9333 0.3434 -0.1048
vn -0.5482 -0.0150 0.8362
vn -0.9361 0.3456 0.0658
vn -0.9319 0.3563 0.0675
vn -0.0056 -0.9999 0.0110
vn -0.8886 0.4542 -0.0641
vn -0.2788 -0.0214 0.9601
vn -0.1674 -0.0108 0.9858
vn -0.2887 -0.0223 0.9572
vn 0.0282 -0.0093 0.9996
vn -0.7308 0.6793 -0.0663
vn -0.1572 -0.0098 0.9875
vn -0.4249 -0.9052 0.0099
vn -0.4314 -0.9021 0.0086
vn -0.5282 -0.8491 -0.0113
vn -0.9892 -0.0513 0.1370
vn -0.9849 -0.0238 0.1712
vn -0.9805 -0.0172 0.1960
vn -0.3899 0.8553 0.3413
vn -0.4878 0.8728 0.0160
vn 0.0828 0.9962 0.0264
vn -0.7137 0.4751 0.5146
vn -0.0179 -0.0252 0.9995
vn 0.0450 0.0152 0.9989
vn 0.0184 -0.0095 0.9998
vn -0.5657 0.8070 -0.1698
vn 0.0538 0.0103 0.9985
vn 0.0505 0.0049 0.9987
vn -0.8177 0.5749 0.0301
vn -0.9985 0.0306 0.0457
vn -0.9995 0.0081 0.0322
vn -0.9967 0.0790 0.0173
vn -0.8341 -0.5516 -0.0012
vn -0.8282 -0.5605 0.0004
vn -0.7139 -0.6997 0.0274
vn -0.3436 -0.8954 -0.2830
vn 0.6719 -0.7227 0.1621
vn -0.8976 -0.3984 0.1887
vn -0.0029 -1.0000 0.0069
vn -0.3705 -0.6980 -0.6129
vn 0.8546 0.4154 0.3117
vn 0.3269 -0.9356 -0.1331
vn 0.7686 -0.6170 -0.1689
vn 0.4670 -0.8778 -0.1063
vn 0.1511 -0.9661 0.2091
vn 0.9821 0.1739 0.0726
vn 0.7988 0.3494 -0.4897
vn 0.8288 0.3073 -0.4676
vn 0.8148 0.3214 -0.4825
vn -0.0948 -0.8013 0.5907
vn -0.0781 -0.8171 0.5712
vn -0.1080 -0.7882 0.6058
vn -0.0657 -0.8282 0.5565
vn -0.0781 -0.8171 0.5713
vn 0.8508 -0.4355 0.2941
vn 0.1863 -0.7789 0.5989
vn 0.5074 -0.4750 -0.7190
vn -0.1674 -0.9846 -0.0510
vn 0.0593 0.0226 0.9980
vn -0.9974 0.0239 -0.0682
vn -0.3744 -0.0458 -0.9261
vn -0.0090 -1.0000 -0.0004
vn 0.0957 -0.9421 -0.3214
vn -0.9804 -0.0172 0.1960
vn -0.5981 0.5474 0.5854
vn -0.8356 0.5489 -0.0201
vn -0.8078 0.5871 0.0530
vn -0.9941 -0.0674 -0.0854
vn -0.0037 -1.0000 -0.0045
vn 0.7880 0.3642 -0.4964
vn -0.0214 -0.9998 0.0004
vn -0.0378 -0.9993 0.0048
vn 0.0364 -0.9992 -0.0154
vn -0.9993 0.0210 -0.0297
vn 0.7913 0.3853 -0.4749
vn -0.7374 -0.1019 0.6678
vn -0.7405 -0.0955 0.6653
vn -0.7321 -0.1127 0.6718
vn -0.5699 0.6359 -0.5204
vn -0.8045 0.5932 0.0292
vn -1.0000 -0.0056 -0.0056
vn -0.7457 -0.0844 0.6609
vn -0.1029 0.9904 0.0922
vn -0.9933 -0.0901 -0.0723
vn -0.9967 0.0739 0.0327
vn -0.5539 -0.6292 -0.5452
vn -0.6844 -0.7132 0.1516
vn 0.0459 -0.9988 -0.0180
vn 0.0152 -0.4522 0.8918
vn -0.0407 -0.5699 0.8207
vn 0.0235 0.9899 -0.1398
vn -0.9931 0.1172 0.0002
vn -1.0000 -0.0095 -0.0024
vn 0.6860 0.0481 0.7260
vn -0.0091 -0.5219 -0.8530
vn -0.4501 -0.7076 0.5448
vn -0.3310 -0.8240 0.4599
vn -0.3598 -0.7994 0.4811
vn 0.3408 0.3524 0.8716
vn 0.7544 0.4191 0.5053
vn 0.0590 -0.9980 -0.0241
vn -0.5844 0.5588 0.5884
vn -0.6692 -0.4683 0.5770
vn -0.4673 -0.6871 0.5564
vn 0.1756 0.5660 0.8055
vn -0.7082 -0.7054 0.0286
vn -0.2131 -0.9369 -0.2769
vn -0.0093 -0.9999 0.0037
vn 0.3046 0.3857 -0.8709
vn -0.7252 0.3783 -0.5752
vn -0.7543 0.3598 -0.5491
vn -0.6871 0.4004 -0.6063
vn -0.5643 0.6069 0.5596
vn -0.9933 0.0378 -0.1095
vn -0.9974 0.0240 -0.0682
vn -0.6709 0.2335 0.7038
vn -0.5964 0.2532 0.7617
vn -0.7025 0.2269 0.6745
vn -0.3431 0.2046 0.9167
vn -0.0092 -1.0000 0.0037
vn -0.0712 -0.0762 0.9945
vn -0.5502 0.6253 0.5535
vn -0.2933 0.9555 0.0306
vn -0.1828 0.9831 0.0118
vn -0.1977 0.9802 0.0143
vn -0.9922 0.1231 0.0196
vn 0.0231 0.2528 -0.9672
vn -0.9530 0.1147 -0.2806
vn -0.8374 0.5460 0.0266
vn -0.8483 0.5293 -0.0175
vn -0.2934 0.9555 0.0306
vn -0.1978 0.9801 0.0143
vn -0.3063 0.9514 0.0329
vn -0.9289 0.3689 -0.0340
vn 0.0030 -0.9998 0.0192
vn 0.0589 -0.9980 -0.0241
vn -0.5888 0.5583 0.5845
vn -0.9789 -0.1934 0.0658
vn -0.8483 0.5292 -0.0175
vn -0.7574 0.2152 0.6165
vn -0.7026 0.2269 0.6745
vn -0.7581 0.2185 0.6145
vn -0.6244 -0.7789 -0.0583
vn 0.1912 0.9773 0.0910
vn -0.5269 0.6645 0.5300
vn -0.2526 0.9674 -0.0157
vn -0.2634 0.9645 -0.0175
vn -0.1437 0.9896 0.0018
vn -0.6967 -0.0511 0.7155
vn -0.7036 -0.0050 0.7105
vn -0.7010 -0.0026 0.7132
vn -0.5505 0.3620 0.7522
vn -0.0105 -0.9995 0.0289
vn -0.9979 0.0496 -0.0409
vn -0.9945 0.1036 0.0157
vn -0.9980 0.0473 -0.0423
vn -0.4026 0.8536 0.3306
vn -0.1902 0.9645 0.1832
vn -0.1804 0.9694 0.1663
vn -0.1302 0.9837 0.1237
vn -0.8253 0.4650 0.3203
vn -0.7618 0.5177 0.3895
vn 0.0498 0.4693 0.8816
vn -0.5262 -0.6848 0.5041
vn -0.5238 -0.6879 0.5024
vn -0.4895 -0.7297 0.4774
vn -0.6710 0.2335 0.7038
vn -0.9899 0.0398 -0.1364
vn -0.1255 0.9921 0.0047
vn -0.6579 -0.0408 0.7520
vn -0.6718 -0.0107 0.7407
vn -0.6322 0.5410 0.5546
vn -0.6421 0.5587 0.5250
vn -0.6398 0.5408 0.5460
vn -0.6050 0.0404 0.7952
vn -0.6579 -0.0407 0.7520
vn -0.4868 -0.7329 0.4754
vn -0.0126 -0.9999 0.0049
vn -0.0900 0.9956 0.0268
vn 0.2852 0.5336 0.7962
vn -0.7252 0.3783 -0.5753
vn -0.6484 0.4206 -0.6346
vn -0.0901 0.9956 0.0269
vn -0.1245 0.9819 0.1429
vn -0.9956 0.0901 -0.0270
vn -0.9985 0.0550 -0.0023
vn -0.9951 0.0939 -0.0296
vn 0.0286 0.0067 -0.9996
vn 0.0140 0.0087 -0.9999
vn -0.2035 0.0378 -0.9783
vn -0.5282 -0.8490 -0.0113
vn -0.5339 -0.8454 -0.0125
vn -0.8919 -0.4522 0.0053
vn -0.9180 -0.3965 -0.0037
vn -0.9155 -0.4023 -0.0027
vn -0.7602 -0.0530 -0.6475
vn -0.2267 0.0408 -0.9731
vn 0.0076 0.0154 0.9999
vn -0.1139 -0.9920 0.0551
vn -0.2839 -0.9588 -0.0021
vn -0.2354 -0.9718 0.0155
vn -0.8898 -0.4564 0.0060
vn -0.0251 -0.9990 0.0375
vn -0.9956 0.0902 -0.0270
vn -0.9836 0.1626 -0.0781
vn 0.4034 0.8032 -0.4384
vn -0.2043 -0.9785 0.0274
vn -0.9193 -0.3935 -0.0059
vn -0.8011 -0.5550 -0.2240
vn -0.3043 -0.6332 0.7116
vn 0.1191 0.9795 -0.1622
vn -0.3633 -0.9301 0.0544
vn -0.9183 0.3947 0.0323
vn 0.4864 0.8679 -0.1003
vn 0.2774 0.8415 0.4637
vn 0.7772 0.6290 0.0181
vn -0.4694 -0.3413 -0.8143
vn -0.7738 -0.1976 0.6018
vn -0.7340 0.5735 0.3638
vn -0.3760 -0.8264 0.4192
vn -0.9991 0.0114 0.0413
vn -0.9992 -0.0028 0.0399
vn -0.9992 0.0056 0.0407
vn -0.5282 -0.3688 -0.7648
vn -0.7450 -0.2249 0.6280
vn -0.7545 -0.2030 0.6241
vn -0.7512 -0.2109 0.6255
vn -0.6275 0.5212 0.5784
vn -0.9981 0.0257 -0.0556
vn -1.0000 -0.0026 0.0072
vn -0.9986 0.0222 -0.0481
vn -0.9996 -0.0058 0.0268
vn -0.9083 -0.1777 0.3788
vn 0.0745 0.1270 -0.9891
vn 0.3621 -0.8770 0.3158
vn 0.0556 0.1269 0.9904
vn -0.3636 0.8987 0.2453
vn -0.2093 -0.9525 -0.2213
vn 0.1654 0.9528 0.2546
vn 0.9075 0.2343 -0.3486
vn 0.9085 0.2295 -0.3491
vn 0.8734 0.3557 -0.3326
vn -0.3123 0.9374 0.1540
vn 0.1183 -0.9742 -0.1924
vn 0.8732 0.3563 -0.3325
vn 0.4542 -0.4479 -0.7701
vn -0.4527 0.4378 0.7768
vn -0.3873 0.4130 0.8243
vn -0.4099 0.4218 0.8087
vn -0.4977 0.8446 -0.1973
vn -0.9992 -0.0125 0.0390
vn -0.9993 -0.0091 0.0361
vn -0.9994 -0.0083 0.0351
vn -0.9993 -0.0065 0.0361
vn 0.0094 -0.0199 0.9998
vn -0.7509 -0.2099 0.6262
vn -0.9999 -0.0085 0.0059
vn -0.9993 -0.0099 0.0353
vn -0.3363 0.3924 0.8561
vn -0.5702 0.3176 0.7576
vn -0.9373 -0.2729 -0.2166
vn -0.0448 -0.3266 -0.9441
vn -0.0276 -0.2756 -0.9609
vn -0.0318 -0.2880 -0.9571
vn 0.5875 -0.2747 0.7612
vn -0.0482 -0.3365 -0.9404
vn -0.0099 -0.9996 -0.0272
vn 0.0366 0.9312 0.3626
vn 0.0354 0.9286 0.3695
vn 0.0364 0.9308 0.3638
vn 0.0347 0.9270 0.3735
vn -0.9798 0.1936 -0.0508
vn -0.1964 0.9795 0.0455
vn -0.8488 -0.5271 0.0417
vn 0.9049 -0.4029 -0.1372
vn 0.0618 0.8514 0.5209
vn 0.7213 0.5285 -0.4477
vn -0.6570 -0.7451 0.1145
vn -0.6479 -0.7541 0.1075
vn -0.6427 -0.7591 0.1035
vn -0.7267 -0.5834 -0.3627
vn -0.9975 0.0261 0.0662
vn -0.9993 0.0126 0.0345
vn -0.5729 -0.0818 0.8155
vn -0.9997 0.0146 0.0169
vn 0.5140 0.8239 0.2385
vn -0.6347 -0.7666 0.0974
vn -0.0589 -0.9978 0.0308
vn -0.0051 -0.9999 0.0107
vn -0.0131 -0.9998 0.0134
vn 0.8873 -0.0160 0.4610
vn -0.9987 0.0382 0.0324
vn -0.9997 -0.0151 0.0183
vn -0.9995 -0.0301 0.0078
vn -0.9995 -0.0237 0.0215
vn -0.9990 -0.0394 -0.0201
vn -0.1062 0.9874 0.1177
vn 0.0379 -0.4379 -0.8982
vn -0.2662 -0.9586 0.1007
vn 0.5801 0.4999 -0.6431
vn -0.0744 -0.9915 -0.1064
vn 0.3069 0.8760 0.3721
vn -0.9502 0.3073 0.0523
vn -0.9470 0.3171 0.0516
vn -0.9392 0.3398 0.0502
vn -0.9316 0.3602 0.0489
vn -0.9994 -0.0213 0.0261
vn 0.9640 -0.2651 -0.0229
vn 0.1052 -0.9705 0.2170
vn -0.1024 0.8598 -0.5002
vn -0.3280 0.5437 -0.7725
vn -0.5292 0.7125 0.4607
vn 0.4358 -0.0102 0.9000
vn 0.4406 -0.0115 0.8977
vn 0.4229 -0.0066 0.9061
vn -0.9994 -0.0315 0.0164
vn 0.4229 -0.0066 0.9062
vn 0.4207 -0.0060 0.9072
vn -0.9990 -0.0297 -0.0338
vn -0.2088 0.4099 0.8879
vn -0.5259 -0.6144 -0.5882
vn -0.7273 -0.0110 0.6862
vn -0.7355 -0.0032 0.6775
vn -0.7302 -0.0088 0.6831
vn -0.7892 -0.1077 0.6046
vn -0.4285 0.8001 0.4198
vn -0.4884 0.7577 0.4328
vn -0.4503 0.7853 0.4248
vn -0.8866 -0.0238 0.4620
vn -0.7231 -0.0019 0.6908
vn -0.7273 0.0113 0.6862
vn -0.7321 0.0270 0.6807
vn -0.7969 -0.0833 0.5983
vn -0.7392 0.0008 0.6735
vn -0.9107 0.0550 -0.4094
vn -0.8915 0.0469 -0.4506
vn -0.7842 -0.0220 -0.6202
vn -0.8576 0.0359 -0.5131
vn -0.9157 -0.0167 -0.4015
vn -0.8709 0.0268 -0.4907
vn -0.9157 -0.0167 -0.4014
vn -0.9436 -0.0641 -0.3248
vn -0.4021 -0.8280 0.3909
vn -0.3817 -0.7896 0.4805
vn -0.3947 -0.8209 0.4126
vn -0.5156 0.7364 0.4381
vn -0.7422 -0.0010 0.6702
vn -0.8483 0.0343 -0.5285
vn -0.8493 0.0319 -0.5270
vn -0.7284 -0.2827 0.6241
vn -0.7288 -0.2833 0.6234
vn -0.7214 -0.2729 0.6365
vn -0.7373 -0.2954 0.6075
vn 0.8528 -0.0749 0.5168
vn -0.7381 0.0478 0.6730
vn -0.8411 -0.0461 0.5390
vn -0.6733 -0.4492 0.5873
vn -0.6722 -0.4524 0.5861
vn -0.7365 -0.1396 0.6619
vn 0.5842 0.0562 0.8097
vn 0.5642 0.0450 0.8244
vn 0.5782 0.0618 0.8135
vn -0.7949 0.0042 -0.6068
vn 0.3858 -0.0259 0.9222
vn 0.3696 -0.0179 0.9290
vn 0.3480 -0.0074 0.9375
vn 0.6739 -0.4717 -0.5686
vn 0.6384 -0.4965 -0.5882
vn 0.6944 -0.4563 -0.5564
vn -0.3798 -0.8687 0.3180
vn -0.3776 -0.8722 0.3108
vn -0.3832 -0.8561 0.3468
vn 0.5950 0.2220 0.7725
vn 0.7342 0.1685 0.6577
vn 0.6515 0.1490 0.7439
vn -0.4024 -0.8599 0.3139
vn -0.4021 -0.8280 0.3908
vn -0.3947 -0.8210 0.4126
vn 0.4204 -0.0430 0.9063
vn 0.5642 0.0449 0.8244
vn 0.5671 0.1539 0.8091
vn 0.6029 0.0618 0.7954
vn 0.6749 -0.0028 -0.7379
vn -0.4415 0.8358 0.3264
vn -0.4455 0.8340 0.3255
vn -0.4464 0.8336 0.3254
vn -0.3864 -0.8462 0.3669
vn -0.4524 -0.8182 0.3547
vn -0.4498 0.8320 0.3246
vn -0.6375 -0.0423 -0.7693
vn -0.6687 -0.1263 -0.7327
vn -0.5847 -0.0273 -0.8108
vn -0.7522 -0.0451 -0.6574
vn -0.4774 -0.8080 0.3453
vn -0.3839 -0.8376 0.3886
vn 0.5643 0.1785 0.8061
vn -0.7931 0.1783 -0.5824
vn -0.6779 0.1165 -0.7259
vn -0.5846 -0.0272 -0.8108
vn 0.7268 -0.4304 -0.5352
vn 0.6740 -0.4717 -0.5686
vn 0.6944 -0.4563 -0.5563
vn -0.4880 -0.8005 0.3479
vn 0.1820 -0.9024 -0.3906
vn 0.0646 -0.8846 -0.4618
vn 0.1595 -0.9003 -0.4050
vn -0.1535 0.9699 0.1891
vn -0.0944 0.9763 0.1947
vn -0.1554 0.9696 0.1889
vn 0.6130 0.0938 0.7845
vn 0.6101 0.0341 0.7916
vn -0.5583 -0.7671 0.3161
vn -0.6232 -0.7353 0.2662
vn 0.9240 0.2882 0.2515
vn 0.9362 0.2539 0.2431
vn 0.9501 0.2091 0.2316
vn 0.9362 0.2538 0.2431
vn 0.9552 0.1902 0.2267
vn 0.7557 -0.2408 -0.6091
vn -0.1958 0.9621 -0.1897
vn -0.1489 0.9860 -0.0747
vn -0.1689 0.9744 -0.1484
vn 0.6007 -0.1343 -0.7881
vn 0.4348 0.8492 -0.2996
vn -0.2073 0.9605 -0.1856
vn -0.2113 -0.9747 -0.0735
vn 0.1778 0.9771 -0.1170
vn 0.6407 0.1360 0.7557
vn 0.6511 0.1721 0.7392
vn 0.6265 -0.0058 0.7794
vn 0.9284 0.2392 0.2845
vn -0.8196 0.5176 0.2457
vn -0.8237 0.5381 0.1786
vn -0.8235 0.5583 0.1011
vn -0.0458 0.9926 0.1127
vn 0.2195 0.4513 0.8650
vn 0.8197 -0.5161 -0.2485
vn 0.5359 -0.5270 -0.6596
vn 0.6205 -0.5168 -0.5898
vn 0.6562 -0.5101 -0.5561
vn 0.7809 -0.1435 0.6079
vn -0.1715 -0.9852 -0.0067
vn -0.2478 -0.9599 0.1308
vn -0.1997 -0.9789 0.0432
vn -0.1998 -0.9789 0.0433
vn -0.2479 -0.9599 0.1308
vn -0.2726 -0.9457 0.1772
vn -0.4995 0.3013 -0.8122
vn -0.7584 -0.5224 0.3897
vn 0.4199 -0.4662 0.7787
vn 0.6491 -0.5588 -0.5161
vn -0.4774 0.5734 0.6658
vn -0.5494 0.5653 0.6153
vn -0.5336 0.5675 0.6271
vn -0.7221 0.0368 -0.6908
vn 0.7008 -0.0615 0.7107
vn 0.9324 -0.1869 0.3092
vn 0.2673 -0.4090 -0.8725
vn -0.8435 0.4363 -0.3132
vn 0.5962 -0.7257 0.3433
vn -0.2134 0.9597 0.1826
vn -0.5834 0.1025 -0.8057
vn 0.1676 -0.3890 -0.9058
vn -0.6788 0.1558 -0.7176
vn -0.5867 0.1792 -0.7897
vn 0.3969 -0.7936 -0.4612
vn -0.4558 0.5749 0.6795
vn -0.6410 0.5150 0.5691
vn -0.6466 0.5113 0.5662
vn -0.6484 0.5101 0.5652
vn -0.2614 0.6815 0.6836
vn 0.6488 0.0357 0.7602
vn -0.5493 0.2754 -0.7889
vn -0.6379 -0.0132 -0.7700
vn -0.5331 0.0100 -0.8460
vn 0.4788 -0.8779 0.0005
vn -0.5867 0.1792 -0.7898
vn -0.1238 -0.0757 0.9894
vn -0.1007 -0.0928 0.9906
vn -0.1539 -0.0531 0.9867
vn -0.4702 0.0963 -0.8773
vn -0.1782 -0.0346 0.9834
vn -0.4107 0.0127 -0.9117
vn 0.0815 -0.6816 -0.7272
vn -0.9563 -0.1704 -0.2375
vn -0.9612 -0.1880 -0.2020
vn -0.9502 -0.1532 -0.2712
vn -0.3938 0.3791 0.8374
vn -0.9478 0.2940 -0.1230
vn -0.7136 0.4464 0.5399
vn 0.4939 0.8141 -0.3055
vn -0.6563 0.5047 0.5608
vn -0.9419 -0.1339 -0.3081
vn -0.6508 0.0816 0.7548
vn -0.6744 0.1088 0.7303
vn -0.6395 0.0689 0.7657
vn -0.6195 0.0472 0.7835
vn 0.4302 0.6300 0.6465
vn 0.5669 0.6667 -0.4839
vn 0.5105 0.6478 -0.5655
vn 0.5629 0.6655 -0.4901
vn 0.6460 -0.0955 0.7573
vn 0.6328 -0.1174 0.7653
vn 0.6189 -0.0646 0.7828
vn -0.6093 -0.3003 -0.7339
vn -0.6027 -0.1233 -0.7884
vn -0.6037 -0.1340 -0.7859
vn -0.0811 0.9967 0.0038
vn 0.8049 0.4840 -0.3433
vn -0.5990 -0.0880 -0.7959
vn 0.2277 0.8941 -0.3857
vn -0.3741 0.9107 0.1751
vn 0.5824 -0.0375 0.8120
vn 0.2923 0.4748 0.8302
vn 0.5637 0.6646 -0.4904
vn 0.6121 0.6778 -0.4073
vn -0.6672 0.2547 -0.7000
vn -0.7145 0.4446 0.5403
vn -0.6975 0.4498 0.5579
vn -0.7001 0.4536 0.5515
vn 0.7529 -0.3227 -0.5735
vn 0.7773 -0.2980 -0.5540
vn 0.6960 -0.1476 0.7027
vn -0.5408 0.8216 0.1803
vn -0.3809 0.3349 0.8618
vn 0.6337 0.0839 0.7690
vn 0.6457 0.0608 0.7612
vn 0.6246 0.1006 0.7744
vn 0.4980 -0.3281 -0.8027
vn 0.5216 -0.3568 -0.7750
vn 0.5784 -0.4143 -0.7027
vn -0.6053 0.5100 0.6112
vn -0.5505 0.4702 0.6898
vn -0.6975 0.4497 0.5579
vn -0.2715 0.7595 -0.5912
vn -0.6248 0.1031 -0.7739
vn -0.5788 0.1124 -0.8077
vn -0.6523 0.0972 -0.7517
vn 0.6105 0.1259 0.7820
vn -0.6923 0.0879 -0.7163
vn -0.6249 0.1031 -0.7739
vn -0.6523 0.0971 -0.7517
vn 0.5216 -0.3569 -0.7750
vn 0.5924 -0.4456 -0.6712
vn 0.6343 -0.0323 0.7724
vn -0.4433 0.3928 -0.8057
vn -0.4306 0.4358 -0.7904
vn -0.6420 -0.1092 -0.7589
vn -0.6964 -0.1061 -0.7098
vn -0.6385 -0.0929 -0.7640
vn 0.8130 -0.4376 -0.3840
vn 0.8008 -0.3945 -0.4506
vn 0.8348 -0.4168 -0.3596
vn -0.3215 -0.9067 0.2731
vn -0.3216 -0.9037 0.2826
vn -0.3211 -0.8596 0.3975
vn -0.8392 0.2033 -0.5044
vn -0.8870 0.2290 -0.4009
vn -0.8848 0.2224 -0.4095
vn -0.3177 -0.9324 0.1724
vn -0.3214 -0.9067 0.2731
vn 0.6666 -0.0411 0.7443
vn 0.8349 -0.4168 -0.3596
vn 0.8577 -0.3720 -0.3548
vn -0.4694 0.4167 0.7785
vn -0.3643 0.4833 0.7961
vn 0.0371 0.2712 0.9618
vn 0.7899 -0.3995 -0.4652
vn 0.6899 -0.1036 0.7164
vn 0.6603 -0.4254 -0.6190
vn -0.5701 -0.0221 -0.8213
vn -0.0225 -0.2602 -0.9653
vn -0.5643 -0.0250 -0.8252
vn -0.6398 0.4640 0.6127
vn 0.6645 -0.0279 0.7467
vn -0.9162 0.2647 -0.3009
vn -0.6544 0.4791 0.5850
vn -0.9193 0.2679 -0.2883
vn 0.6645 -0.0279 0.7468
vn 0.5973 0.0834 0.7977
vn -0.5106 -0.0228 -0.8595
vn 0.6889 -0.4445 -0.5726
vn -0.5628 0.4158 0.7144
vn -0.4129 -0.0896 -0.9064
vn 0.8818 -0.3048 0.3598
vn -0.6159 0.0392 -0.7869
vn 0.6845 -0.0588 0.7266
vn 0.8179 -0.4106 -0.4030
vn 0.7601 -0.4271 -0.4898
vn 0.4830 -0.2910 0.8258
vn 0.6927 -0.0745 0.7173
vn -0.4303 0.3315 0.8396
vn -0.1656 -0.9718 0.1680
vn -0.0116 -0.8032 0.5955
vn -0.7503 -0.5727 0.3303
vn -0.7554 -0.5701 0.3229
vn -0.7519 -0.5719 0.3280
vn -0.6266 -0.3058 -0.7169
vn -0.6538 -0.2911 -0.6984
vn -0.6597 -0.2878 -0.6942
vn -0.6922 -0.2690 -0.6697
vn -0.8409 -0.4521 -0.2973
vn 0.0700 -0.9951 -0.0693
vn -0.5231 -0.7457 0.4127
vn -0.5958 -0.7146 0.3666
vn -0.6062 -0.7351 0.3037
vn -0.7463 -0.5746 0.3359
vn -0.4152 -0.8191 0.3959
vn 0.2196 -0.9623 -0.1605
vn -0.6813 0.2369 0.6926
vn -0.6457 -0.7319 0.2175
vn 0.6265 0.0360 0.7786
vn 0.5867 0.0371 0.8090
vn 0.5986 0.0368 0.8002
vn 0.9543 -0.2746 0.1178
vn 0.9456 -0.3232 0.0362
vn 0.9525 -0.2900 0.0926
vn -0.7947 0.0331 0.6061
vn 0.4572 -0.5307 -0.7136
vn 0.1390 -0.9802 -0.1411
vn -0.0016 -0.9983 -0.0591
vn 0.0661 -0.9955 -0.0683
vn 0.9542 0.2919 -0.0657
vn 0.9272 0.3569 -0.1136
vn 0.9447 0.3169 -0.0840
vn -0.1356 0.9907 0.0144
vn -0.2320 0.9720 -0.0375
vn -0.1049 0.9943 -0.0181
vn -0.1690 0.9852 -0.0279
vn -0.0161 0.9552 -0.2954
vn -0.1011 0.9143 -0.3923
vn -0.0947 0.9180 -0.3852
vn 0.9432 -0.3316 0.0216
vn -0.8117 0.4952 0.3097
vn 0.2232 0.9335 0.2806
vn 0.9763 0.2162 -0.0112
vn 0.3934 -0.3096 -0.8657
vn 0.4087 -0.3210 -0.8544
vn 0.4410 -0.3366 -0.8320
vn -0.1672 0.8699 -0.4641
vn -0.5086 0.2824 0.8134
vn 0.3105 0.8427 0.4399
vn 0.6900 -0.3882 -0.6109
vn 0.6347 0.0358 0.7719
vn -0.8849 -0.0138 -0.4655
vn -0.0829 0.9955 -0.0465
vn -0.2895 0.9560 -0.0463
vn 0.2968 0.2326 0.9262
vn 0.1278 0.9300 -0.3447
vn -0.1177 0.7711 -0.6257
vn -0.0923 0.7708 -0.6303
vn -0.1108 0.7711 -0.6270
vn 0.0175 0.7043 0.7096
vn 0.6010 -0.2489 0.7595
vn 0.6336 -0.0831 0.7692
vn 0.1125 0.4489 0.8865
vn 0.4661 -0.3347 -0.8190
vn 0.4410 -0.3367 -0.8320
vn 0.4882 -0.3226 -0.8109
vn 0.6081 0.1711 0.7752
vn 0.6249 0.6070 -0.4910
vn -0.9093 0.2892 -0.2993
vn -0.9390 0.3233 0.1172
vn 0.1479 0.2628 0.9534
vn -0.2628 0.3427 0.9019
vn 0.2630 -0.0532 -0.9633
vn -0.8959 0.2185 -0.3869
vn 0.6254 -0.0069 0.7803
vn -0.3365 0.3219 0.8849
vn -0.1274 -0.2454 0.9610
vn -0.1611 -0.2489 0.9550
vn -0.1633 -0.2492 0.9546
vn -0.6044 0.0791 -0.7927
vn -0.1377 0.7710 -0.6218
vn -0.0183 -0.9992 0.0348
vn 0.0661 -0.9955 -0.0682
vn -0.6210 0.4447 0.6455
vn -0.0354 -0.9989 -0.0308
vn -0.0726 -0.9900 -0.1213
vn -0.8370 0.3411 0.4278
vn -0.2914 0.5385 0.7906
vn -0.7587 -0.0388 -0.6503
vn -0.6965 -0.0772 -0.7134
vn -0.7329 -0.0553 -0.6781
vn -0.2006 -0.2527 0.9465
vn -0.6791 0.1496 -0.7187
vn -0.1072 0.9919 -0.0677
vn 0.0350 -0.9994 0.0039
vn -0.0155 -0.0983 -0.9950
vn 0.6118 0.4474 -0.6523
vn -0.0751 0.9932 0.0891
vn -0.1205 0.9873 -0.1037
vn -0.0935 0.9955 0.0127
vn -0.1339 0.9774 -0.1636
vn 0.5785 0.7815 0.2338
vn -0.2762 0.9608 -0.0262
vn 0.1665 0.9660 0.1977
vn 0.0387 0.9607 -0.2748
vn -0.4592 0.6811 -0.5703
vn 0.4213 0.3294 0.8450
vn -0.7594 -0.1109 -0.6412
vn -0.7674 -0.1340 -0.6270
vn -0.7399 -0.0609 -0.6699
vn 0.6336 -0.0830 0.7692
vn 0.6219 -0.0114 0.7830
vn -0.7587 -0.0388 -0.6502
vn -0.7330 -0.0553 -0.6780
vn -0.7981 -0.0117 -0.6025
vn -0.6723 0.6051 0.4263
vn -0.6610 0.6677 0.3423
vn 0.0164 0.0323 0.9993
vn -0.9150 -0.0333 -0.4021
vn -0.5558 0.0306 -0.8308
vn -0.5600 0.0349 -0.8277
vn -0.5629 0.0378 -0.8257
vn -0.1551 0.6256 0.7646
vn 0.2715 -0.9385 -0.2133
vn 0.2560 -0.2992 0.9192
vn 0.4753 0.8406 -0.2599
vn 0.4747 0.8413 -0.2586
vn -0.7854 -0.1930 -0.5881
vn -0.7675 -0.1340 -0.6269
vn -0.6879 0.2734 0.6723
vn 0.0394 -0.9988 0.0307
vn -0.2169 0.9537 -0.2086
vn -0.2422 0.9470 -0.2112
vn -0.2500 0.9447 -0.2120
vn -0.5557 0.0306 -0.8308
vn -0.5512 0.0260 -0.8340
vn 0.4751 0.8408 -0.2595
vn 0.4742 0.8418 -0.2578
vn 0.4746 0.8414 -0.2585
vn -0.3115 0.7829 0.5385
vn -0.5922 0.6673 0.4518
vn -0.4953 0.7236 0.4807
vn -0.5137 0.7139 0.4758
vn -0.2501 0.9447 -0.2120
vn -0.2690 0.9391 -0.2139
vn 0.3542 0.6560 -0.6664
vn -0.0055 -0.9999 0.0143
vn -0.0218 -0.9984 0.0523
vn 0.0049 -0.9999 -0.0101
vn -0.4309 0.7542 0.4955
vn -0.6187 0.7494 -0.2359
vn -0.8062 -0.0134 0.5914
vn 0.0148 -0.9993 -0.0332
vn -0.8142 -0.3088 -0.4916
vn -0.9105 -0.0119 -0.4133
vt 0.533630 0.008671
vt 0.530258 0.012099
vt 0.517978 0.011655
vt 0.503455 0.012254
vt 0.499759 0.009174
vt 0.514807 0.008445
vt 0.518575 0.008114
vt 0.515737 0.011914
vt 0.669780 0.206537
vt 0.656970 0.182326
vt 0.673901 0.193799
vt 0.677371 0.179650
vt 0.777678 0.958887
vt 0.767158 0.979373
vt 0.771231 0.939958
vt 0.755485 0.954545
vt 0.684038 0.197753
vt 0.686177 0.179047
vt 0.745482 0.962676
vt 0.796407 0.297878
vt 0.814990 0.322969
vt 0.811881 0.338880
vt 0.090194 0.512147
vt 0.077596 0.524389
vt 0.078652 0.521586
vt 0.632579 0.668286
vt 0.617157 0.691101
vt 0.610519 0.682503
vt 0.638359 0.715680
vt 0.661799 0.702190
vt 0.648787 0.722664
vt 0.065871 0.418766
vt 0.047004 0.394469
vt 0.059294 0.400883
vt 0.059168 0.422469
vt 0.042126 0.412802
vt 0.084850 0.410868
vt 0.078068 0.381664
vt 0.085264 0.435909
vt 0.018118 0.438303
vt 0.070572 0.371197
vt 0.041862 0.393094
vt 0.092320 0.381653
vt 0.103832 0.401428
vt 0.278570 0.051752
vt 0.316336 0.039146
vt 0.317448 0.055107
vt 0.094412 0.355698
vt 0.070907 0.363505
vt 0.018384 0.387530
vt 0.583228 0.126605
vt 0.601927 0.139855
vt 0.562247 0.125983
vt 0.260280 0.176480
vt 0.262924 0.128621
vt 0.278920 0.161057
vt 0.281140 0.120912
vt 0.399824 0.994949
vt 0.402704 0.979208
vt 0.422494 0.969815
vt 0.110359 0.625646
vt 0.063607 0.630473
vt 0.079780 0.624235
vt 0.887018 0.937179
vt 0.884060 0.919155
vt 0.909419 0.969507
vt 0.119274 0.634970
vt 0.901463 0.966984
vt 0.697435 0.798501
vt 0.695974 0.769061
vt 0.708625 0.791167
vt 0.886030 0.143277
vt 0.898032 0.122565
vt 0.922106 0.145067
vt 0.692059 0.741445
vt 0.707348 0.737755
vt 0.688095 0.764431
vt 0.709569 0.742911
vt 0.713249 0.758695
vt 0.872696 0.126226
vt 0.890965 0.109694
vt 0.866470 0.116627
vt 0.651573 0.760673
vt 0.914258 0.115503
vt 0.882010 0.100954
vt 0.937023 0.128023
vt 0.935065 0.114499
vt 0.863785 0.069571
vt 0.415086 0.512008
vt 0.406904 0.528020
vt 0.400229 0.518233
vt 0.051224 0.517919
vt 0.068380 0.547522
vt 0.051403 0.541993
vt 0.057707 0.506214
vt 0.068868 0.512204
vt 0.081813 0.540209
vt 0.028664 0.519373
vt 0.024867 0.535208
vt 0.067456 0.563757
vt 0.038302 0.557146
vt 0.097267 0.046652
vt 0.114363 0.030660
vt 0.132598 0.063595
vt 0.048845 0.564312
vt 0.019612 0.509549
vt 0.081622 0.594691
vt 0.122213 0.072557
vt 0.119621 0.023022
vt 0.143979 0.014794
vt 0.139067 0.024363
vt 0.018703 0.556692
vt 0.005037 0.524194
vt 0.044491 0.601344
vt 0.714659 0.864363
vt 0.744645 0.862313
vt 0.742803 0.864998
vt 0.743992 0.868277
vt 0.395175 0.457686
vt 0.379237 0.430367
vt 0.397568 0.453221
vt 0.751732 0.869701
vt 0.272938 0.347021
vt 0.295966 0.343057
vt 0.276352 0.350802
vt 0.273574 0.343727
vt 0.718589 0.843018
vt 0.745595 0.851211
vt 0.736018 0.854083
vt 0.117062 0.664227
vt 0.118969 0.660185
vt 0.124397 0.655187
vt 0.048512 0.809005
vt 0.043062 0.802846
vt 0.053860 0.802518
vt 0.072977 0.617138
vt 0.069941 0.624289
vt 0.068323 0.621553
vt 0.049192 0.798527
vt 0.050866 0.808584
vt 0.053260 0.805628
vt 0.546710 0.008849
vt 0.539548 0.012285
vt 0.539607 0.008237
vt 0.544289 0.006646
vt 0.068215 0.614221
vt 0.065384 0.616858
vt 0.045484 0.795764
vt 0.547753 0.011415
vt 0.055748 0.798911
vt 0.051991 0.796212
vt 0.550355 0.011853
vt 0.114181 0.639901
vt 0.123695 0.647338
vt 0.119555 0.653393
vt 0.059368 0.797769
vt 0.088487 0.640183
vt 0.479647 0.029202
vt 0.494702 0.010571
vt 0.495643 0.036283
vt 0.508188 0.019256
vt 0.457596 0.012149
vt 0.512888 0.031793
vt 0.459915 0.027633
vt 0.469825 0.037993
vt 0.496331 0.041635
vt 0.477485 0.045535
vt 0.915973 0.683823
vt 0.920880 0.703711
vt 0.892327 0.692294
vt 0.885475 0.713677
vt 0.522080 0.087763
vt 0.875805 0.696772
vt 0.444040 0.016857
vt 0.460144 0.043707
vt 0.897325 0.676759
vt 0.919781 0.676487
vt 0.443919 0.040455
vt 0.636983 0.885127
vt 0.627495 0.887698
vt 0.566144 0.872100
vt 0.969377 0.471871
vt 0.977714 0.473852
vt 0.968806 0.473450
vt 0.501790 0.127679
vt 0.515256 0.131439
vt 0.500082 0.133461
vt 0.963786 0.465532
vt 0.486492 0.129803
vt 0.962825 0.468205
vt 0.495161 0.121857
vt 0.501569 0.126483
vt 0.077912 0.899786
vt 0.079010 0.910869
vt 0.075031 0.926214
vt 0.132662 0.520895
vt 0.121330 0.523311
vt 0.122228 0.514737
vt 0.968161 0.014458
vt 0.989452 0.043781
vt 0.960187 0.064680
vt 0.978801 0.060436
vt 0.994979 0.050524
vt 0.765770 0.069351
vt 0.805686 0.077135
vt 0.779371 0.081964
vt 0.771822 0.101024
vt 0.927617 0.503199
vt 0.912027 0.479368
vt 0.915046 0.450085
vt 0.941412 0.062362
vt 0.820357 0.096083
vt 0.988796 0.063411
vt 0.919055 0.510352
vt 0.907301 0.481765
vt 0.936999 0.046927
vt 0.959091 0.078302
vt 0.926366 0.374813
vt 0.915643 0.411322
vt 0.910779 0.397251
vt 0.917607 0.370649
vt 0.903273 0.418986
vt 0.905848 0.468511
vt 0.904348 0.433257
vt 0.903917 0.448040
vt 0.816100 0.123233
vt 0.892497 0.500527
vt 0.885347 0.431016
vt 0.816989 0.068245
vt 0.981715 0.078804
vt 0.910794 0.362709
vt 0.899976 0.398475
vt 0.899210 0.373507
vt 0.983508 0.503605
vt 0.994959 0.502001
vt 0.994511 0.517147
vt 0.891770 0.454543
vt 0.967927 0.096732
vt 0.893950 0.472041
vt 0.829372 0.080127
vt 0.831380 0.091416
vt 0.877150 0.418791
vt 0.895909 0.407709
vt 0.975371 0.493552
vt 0.876482 0.447245
vt 0.986197 0.486703
vt 0.894199 0.462263
vt 0.879459 0.378224
vt 0.971180 0.480396
vt 0.062202 0.490008
vt 0.065741 0.479400
vt 0.076870 0.490817
vt 0.823828 0.125165
vt 0.829395 0.106163
vt 0.975722 0.514451
vt 0.067189 0.473260
vt 0.065096 0.464850
vt 0.071095 0.459362
vt 0.877231 0.385076
vt 0.072412 0.476271
vt 0.052662 0.474467
vt 0.379993 0.082711
vt 0.379503 0.094852
vt 0.375495 0.076834
vt 0.387437 0.084178
vt 0.849851 0.140381
vt 0.872375 0.131156
vt 0.863277 0.150786
vt 0.883043 0.403543
vt 0.844665 0.113333
vt 0.844974 0.079638
vt 0.769754 0.179039
vt 0.776454 0.168869
vt 0.788843 0.164879
vt 0.764977 0.174419
vt 0.770425 0.167540
vt 0.764322 0.179104
vt 0.780528 0.153512
vt 0.828815 0.150951
vt 0.821634 0.142447
vt 0.828766 0.162382
vt 0.830881 0.176598
vt 0.790011 0.174144
vt 0.826004 0.130589
vt 0.862754 0.158840
vt 0.865980 0.173979
vt 0.967789 0.499548
vt 0.967633 0.516091
vt 0.961285 0.503752
vt 0.071276 0.447163
vt 0.082336 0.454429
vt 0.091035 0.446463
vt 0.855347 0.079674
vt 0.075598 0.470831
vt 0.860312 0.125255
vt 0.842491 0.096791
vt 0.390436 0.078247
vt 0.849819 0.105353
vt 0.877361 0.407048
vt 0.415676 0.048644
vt 0.854157 0.094230
vt 0.957745 0.479974
vt 0.873087 0.413406
vt 0.926668 0.438879
vt 0.917495 0.424452
vt 0.925069 0.427267
vt 0.871216 0.161172
vt 0.871337 0.155028
vt 0.956052 0.489120
vt 0.053134 0.478158
vt 0.376199 0.067206
vt 0.930802 0.429075
vt 0.879243 0.179525
vt 0.875635 0.172210
vt 0.052489 0.489571
vt 0.375873 0.024571
vt 0.372705 0.029168
vt 0.355360 0.027992
vt 0.027499 0.484182
vt 0.112448 0.429991
vt 0.115477 0.422492
vt 0.145938 0.446507
vt 0.410477 0.047019
vt 0.411271 0.043405
vt 0.953482 0.426817
vt 0.942962 0.438725
vt 0.948730 0.425281
vt 0.381572 0.049221
vt 0.123485 0.421686
vt 0.151928 0.440528
vt 0.425404 0.062339
vt 0.377035 0.049521
vt 0.406581 0.035786
vt 0.138722 0.468550
vt 0.115350 0.439024
vt 0.125203 0.532688
vt 0.164732 0.534524
vt 0.153379 0.536469
vt 0.147370 0.512645
vt 0.114768 0.536541
vt 0.134071 0.534015
vt 0.113056 0.524485
vt 0.409836 0.037164
vt 0.416104 0.019257
vt 0.123184 0.548677
vt 0.139969 0.487784
vt 0.152085 0.457266
vt 0.173703 0.501119
vt 0.144693 0.473145
vt 0.160150 0.466297
vt 0.316952 0.883306
vt 0.284156 0.881275
vt 0.275309 0.865137
vt 0.186447 0.443559
vt 0.271739 0.887233
vt 0.154248 0.475811
vt 0.291179 0.853994
vt 0.271057 0.894612
vt 0.335134 0.838839
vt 0.325524 0.869471
vt 0.157740 0.485829
vt 0.311113 0.893722
vt 0.339062 0.832275
vt 0.307032 0.832193
vt 0.182902 0.455075
vt 0.187029 0.468060
vt 0.339396 0.814422
vt 0.344203 0.823268
vt 0.186479 0.494186
vt 0.329813 0.782850
vt 0.354553 0.802043
vt 0.331537 0.860049
vt 0.347684 0.881718
vt 0.339971 0.847124
vt 0.355879 0.824835
vt 0.347207 0.775662
vt 0.364810 0.810426
vt 0.349538 0.863367
vt 0.377319 0.801450
vt 0.227155 0.492385
vt 0.349123 0.850175
vt 0.357691 0.837612
vt 0.058339 0.899610
vt 0.076908 0.893344
vt 0.371066 0.825374
vt 0.084491 0.907328
vt 0.058978 0.889203
vt 0.076247 0.877896
vt 0.051334 0.885583
vt 0.060210 0.871717
vt 0.094387 0.895436
vt 0.367534 0.853735
vt 0.359666 0.870100
vt 0.365063 0.882576
vt 0.384028 0.824029
vt 0.392678 0.826378
vt 0.078884 0.857172
vt 0.060215 0.860050
vt 0.787424 0.138972
vt 0.771313 0.160354
vt 0.375248 0.873528
vt 0.780618 0.182970
vt 0.381192 0.843153
vt 0.367290 0.888269
vt 0.399222 0.878486
vt 0.383806 0.890265
vt 0.097840 0.878810
vt 0.055549 0.852431
vt 0.066391 0.848000
vt 0.783904 0.126444
vt 0.077006 0.847988
vt 0.773405 0.146018
vt 0.049264 0.787031
vt 0.048817 0.774254
vt 0.071655 0.774302
vt 0.106550 0.859958
vt 0.053439 0.835261
vt 0.050357 0.793316
vt 0.076074 0.779777
vt 0.403691 0.898678
vt 0.398698 0.873222
vt 0.115248 0.875764
vt 0.058124 0.827255
vt 0.780840 0.137964
vt 0.407460 0.891875
vt 0.079020 0.840551
vt 0.118998 0.850850
vt 0.093411 0.781598
vt 0.062534 0.794743
vt 0.077294 0.810884
vt 0.061652 0.814741
vt 0.485606 0.731609
vt 0.480289 0.724364
vt 0.492728 0.725889
vt 0.125033 0.839747
vt 0.114629 0.781624
vt 0.122518 0.794281
vt 0.113035 0.762556
vt 0.127221 0.778016
vt 0.102169 0.807363
vt 0.147310 0.803704
vt 0.470550 0.741163
vt 0.482235 0.741279
vt 0.415221 0.883982
vt 0.595643 0.788450
vt 0.601275 0.791405
vt 0.604747 0.815840
vt 0.093527 0.828578
vt 0.097028 0.808662
vt 0.127073 0.744050
vt 0.507456 0.747762
vt 0.508188 0.763439
vt 0.478475 0.762674
vt 0.833303 0.445159
vt 0.808028 0.492453
vt 0.783013 0.472414
vt 0.127088 0.856927
vt 0.601316 0.814303
vt 0.080515 0.805065
vt 0.761639 0.492496
vt 0.082574 0.818643
vt 0.092871 0.760214
vt 0.443337 0.897782
vt 0.135576 0.863868
vt 0.549534 0.738438
vt 0.593104 0.821082
vt 0.594640 0.814871
vt 0.111539 0.746492
vt 0.118318 0.749269
vt 0.106151 0.757424
vt 0.298330 0.942853
vt 0.316085 0.970437
vt 0.283464 0.935920
vt 0.262266 0.937473
vt 0.257100 0.941190
vt 0.307648 0.952123
vt 0.318603 0.982023
vt 0.251291 0.941323
vt 0.315201 0.973400
vt 0.287226 0.922374
vt 0.271197 0.899863
vt 0.163338 0.863576
vt 0.157648 0.859010
vt 0.147579 0.847742
vt 0.471733 0.709078
vt 0.466668 0.703071
vt 0.785374 0.525663
vt 0.304300 0.933457
vt 0.644599 0.790040
vt 0.617047 0.837644
vt 0.292422 0.973208
vt 0.246446 0.943134
vt 0.564392 0.753076
vt 0.451891 0.695078
vt 0.319882 0.988655
vt 0.319289 0.934434
vt 0.582027 0.825381
vt 0.588391 0.824957
vt 0.578790 0.842540
vt 0.602172 0.824457
vt 0.813311 0.430502
vt 0.472877 0.762150
vt 0.447658 0.708230
vt 0.265713 0.892986
vt 0.464066 0.693582
vt 0.760836 0.497693
vt 0.452944 0.767344
vt 0.620307 0.842128
vt 0.648777 0.796344
vt 0.665497 0.794229
vt 0.434737 0.110747
vt 0.438047 0.094603
vt 0.489505 0.085201
vt 0.261765 0.889189
vt 0.569136 0.855021
vt 0.396295 0.078744
vt 0.401473 0.079061
vt 0.428551 0.118097
vt 0.249911 0.887458
vt 0.492526 0.091139
vt 0.652510 0.819093
vt 0.402883 0.077028
vt 0.800748 0.419219
vt 0.501331 0.092485
vt 0.145425 0.092427
vt 0.118057 0.111767
vt 0.132359 0.090863
vt 0.361762 0.783018
vt 0.374164 0.766434
vt 0.371476 0.785661
vt 0.380529 0.755313
vt 0.387592 0.772998
vt 0.145598 0.060478
vt 0.107814 0.092197
vt 0.391271 0.760383
vt 0.361071 0.757299
vt 0.346398 0.753469
vt 0.176213 0.079540
vt 0.168738 0.066933
vt 0.181866 0.064746
vt 0.369903 0.744674
vt 0.163082 0.090640
vt 0.428431 0.757709
vt 0.418096 0.735319
vt 0.344718 0.745384
vt 0.210362 0.098358
vt 0.104108 0.127205
vt 0.126078 0.118940
vt 0.382783 0.744196
vt 0.396533 0.087054
vt 0.422681 0.125816
vt 0.220094 0.946728
vt 0.620492 0.861957
vt 0.425164 0.714563
vt 0.370110 0.734090
vt 0.438014 0.120440
vt 0.454262 0.126422
vt 0.500515 0.096427
vt 0.262225 0.881623
vt 0.242458 0.859694
vt 0.144640 0.110990
vt 0.971622 0.469921
vt 0.953149 0.441048
vt 0.547193 0.865155
vt 0.427478 0.647857
vt 0.410526 0.713315
vt 0.189898 0.110789
vt 0.685541 0.837315
vt 0.402750 0.705317
vt 0.157751 0.143165
vt 0.408413 0.659400
vt 0.472139 0.125808
vt 0.217189 0.941566
vt 0.217814 0.966460
vt 0.206050 0.935950
vt 0.216694 0.914236
vt 0.924022 0.471587
vt 0.237130 0.865622
vt 0.177213 0.126485
vt 0.222971 0.887386
vt 0.247747 0.057477
vt 0.209720 0.052594
vt 0.212495 0.025910
vt 0.210282 0.057890
vt 0.479184 0.126738
vt 0.439416 0.157341
vt 0.747984 0.797355
vt 0.734073 0.791084
vt 0.735649 0.753971
vt 0.211761 0.910655
vt 0.207115 0.913349
vt 0.470981 0.127385
vt 0.917664 0.447992
vt 0.067419 0.745601
vt 0.044579 0.742864
vt 0.059918 0.744645
vt 0.079771 0.501393
vt 0.072793 0.504123
vt 0.079470 0.499459
vt 0.077219 0.492997
vt 0.071310 0.501705
vt 0.070876 0.493111
vt 0.059260 0.503615
vt 0.079750 0.749266
vt 0.093712 0.742089
vt 0.081529 0.751050
vt 0.098963 0.743981
vt 0.090297 0.756768
vt 0.100308 0.757694
vt 0.073245 0.742830
vt 0.076714 0.767324
vt 0.659586 0.874237
vt 0.217411 0.890661
vt 0.746820 0.507027
vt 0.828508 0.599794
vt 0.755146 0.740352
vt 0.197873 0.939796
vt 0.233542 0.102192
vt 0.442075 0.158156
vt 0.208934 0.885841
vt 0.193567 0.941855
vt 0.569281 0.879076
vt 0.591042 0.889116
vt 0.080847 0.619240
vt 0.079075 0.607485
vt 0.084908 0.612412
vt 0.122317 0.607573
vt 0.436896 0.166190
vt 0.435965 0.167817
vt 0.438289 0.158377
vt 0.226675 0.867999
vt 0.219294 0.880239
vt 0.209941 0.855593
vt 0.178596 0.051802
vt 0.122909 0.621700
vt 0.580388 0.890520
vt 0.159381 0.148987
vt 0.137938 0.147297
vt 0.177699 0.949127
vt 0.564623 0.904750
vt 0.759497 0.826165
vt 0.741793 0.814369
vt 0.742670 0.813415
vt 0.252860 0.679845
vt 0.226640 0.681646
vt 0.219619 0.649787
vt 0.423742 0.171357
vt 0.064054 0.764770
vt 0.179791 0.328915
vt 0.180472 0.302854
vt 0.198168 0.326432
vt 0.199395 0.133821
vt 0.178992 0.025488
vt 0.927942 0.568537
vt 0.898013 0.633392
vt 0.856627 0.619126
vt 0.779993 0.703592
vt 0.690193 0.591768
vt 0.709492 0.586337
vt 0.562070 0.907803
vt 0.551665 0.923438
vt 0.247580 0.716417
vt 0.879432 0.685751
vt 0.572034 0.900073
vt 0.585003 0.901094
vt 0.621405 0.895847
vt 0.605598 0.893602
vt 0.862633 0.703899
vt 0.741681 0.809423
vt 0.277961 0.837474
vt 0.202674 0.850667
vt 0.621599 0.904828
vt 0.177257 0.058458
vt 0.855728 0.640430
vt 0.773495 0.789836
vt 0.474965 0.080769
vt 0.625405 0.911012
vt 0.716212 0.853320
vt 0.494176 0.080425
vt 0.824219 0.762979
vt 0.816216 0.774738
vt 0.802932 0.749678
vt 0.800009 0.801452
vt 0.782953 0.745886
vt 0.794295 0.800781
vt 0.833363 0.775661
vt 0.777504 0.750126
vt 0.816733 0.746984
vt 0.075942 0.086418
vt 0.088641 0.083077
vt 0.081232 0.096885
vt 0.067142 0.095335
vt 0.079851 0.073560
vt 0.099136 0.088659
vt 0.066784 0.082061
vt 0.411390 0.160771
vt 0.394918 0.145583
vt 0.406244 0.127140
vt 0.381733 0.136560
vt 0.381429 0.121871
vt 0.603848 0.272140
vt 0.603700 0.288545
vt 0.582595 0.299104
vt 0.382498 0.168586
vt 0.613366 0.257165
vt 0.584147 0.285753
vt 0.604886 0.254071
vt 0.595900 0.257524
vt 0.572507 0.291755
vt 0.432646 0.210680
vt 0.663569 0.201178
vt 0.603974 0.242257
vt 0.358712 0.141501
vt 0.364892 0.129097
vt 0.371362 0.140949
vt 0.419650 0.189786
vt 0.590444 0.272824
vt 0.345087 0.124329
vt 0.629511 0.234663
vt 0.573934 0.267273
vt 0.339359 0.157368
vt 0.349525 0.149311
vt 0.582763 0.263078
vt 0.950204 0.281574
vt 0.945055 0.291311
vt 0.931297 0.280197
vt 0.368492 0.149368
vt 0.372247 0.178825
vt 0.387840 0.189194
vt 0.933065 0.271849
vt 0.960871 0.297700
vt 0.953144 0.300389
vt 0.358043 0.157439
vt 0.965593 0.276278
vt 0.108922 0.064470
vt 0.092856 0.076355
vt 0.098870 0.064789
vt 0.603247 0.217900
vt 0.590018 0.233205
vt 0.968625 0.292057
vt 0.106011 0.078357
vt 0.927706 0.265616
vt 0.961452 0.268725
vt 0.990732 0.255884
vt 0.953392 0.320629
vt 0.962454 0.313707
vt 0.114415 0.069809
vt 0.139435 0.586412
vt 0.168692 0.608057
vt 0.137167 0.611107
vt 0.083042 0.603981
vt 0.106712 0.566729
vt 0.110389 0.587336
vt 0.582240 0.226068
vt 0.589531 0.206191
vt 0.130257 0.586179
vt 0.606072 0.188643
vt 0.326058 0.185988
vt 0.574821 0.220145
vt 0.154068 0.582449
vt 0.336834 0.198219
vt 0.114777 0.576145
vt 0.192631 0.573773
vt 0.188660 0.613614
vt 0.175969 0.587373
vt 0.162831 0.577449
vt 0.150617 0.571045
vt 0.136784 0.572728
vt 0.318837 0.205581
vt 0.183763 0.558254
vt 0.176550 0.565959
vt 0.173780 0.575045
vt 0.479093 0.228305
vt 0.474833 0.222134
vt 0.471430 0.212419
vt 0.125720 0.572837
vt 0.382912 0.253904
vt 0.369429 0.233373
vt 0.388745 0.252181
vt 0.377598 0.223864
vt 0.405112 0.244902
vt 0.400608 0.227161
vt 0.395670 0.275983
vt 0.346650 0.252604
vt 0.405682 0.264754
vt 0.473874 0.129352
vt 0.491377 0.145115
vt 0.470643 0.133835
vt 0.543770 0.123381
vt 0.533242 0.137201
vt 0.510055 0.146876
vt 0.481457 0.147504
vt 0.542494 0.158376
vt 0.463530 0.148056
vt 0.416274 0.244869
vt 0.411862 0.231060
vt 0.421349 0.266972
vt 0.430141 0.234486
vt 0.560832 0.161287
vt 0.129165 0.683503
vt 0.125052 0.616282
vt 0.143889 0.664040
vt 0.442626 0.224172
vt 0.488342 0.160796
vt 0.182597 0.617874
vt 0.166479 0.632855
vt 0.430026 0.241856
vt 0.463204 0.159009
vt 0.506079 0.171223
vt 0.421265 0.223900
vt 0.428080 0.252057
vt 0.456857 0.231271
vt 0.113029 0.550865
vt 0.084064 0.552377
vt 0.481316 0.162691
vt 0.471848 0.167020
vt 0.120301 0.563875
vt 0.173147 0.638258
vt 0.162120 0.653327
vt 0.417095 0.219895
vt 0.431603 0.275419
vt 0.436956 0.244622
vt 0.167170 0.563380
vt 0.563591 0.140607
vt 0.763682 0.043232
vt 0.779706 0.056604
vt 0.768748 0.053489
vt 0.173915 0.654648
vt 0.780169 0.061220
vt 0.571620 0.170906
vt 0.741155 0.020753
vt 0.121581 0.713654
vt 0.122687 0.707090
vt 0.150585 0.710971
vt 0.183186 0.551132
vt 0.437491 0.269501
vt 0.445728 0.277274
vt 0.447467 0.249265
vt 0.445664 0.259001
vt 0.485937 0.242967
vt 0.462548 0.257779
vt 0.735632 0.040217
vt 0.760245 0.057789
vt 0.192135 0.650028
vt 0.576693 0.144604
vt 0.142937 0.689692
vt 0.151148 0.673759
vt 0.193078 0.632430
vt 0.713073 0.030124
vt 0.726569 0.066696
vt 0.785443 0.069483
vt 0.164678 0.679632
vt 0.207655 0.610877
vt 0.761150 0.065894
vt 0.143712 0.723127
vt 0.740919 0.054811
vt 0.165497 0.706878
vt 0.454956 0.269255
vt 0.160623 0.692236
vt 0.193831 0.677608
vt 0.200885 0.658454
vt 0.462725 0.283548
vt 0.471776 0.301600
vt 0.460772 0.297791
vt 0.717906 0.070977
vt 0.167500 0.716687
vt 0.712695 0.058167
vt 0.176991 0.693944
vt 0.179878 0.714614
vt 0.179046 0.720552
vt 0.469775 0.269805
vt 0.189684 0.735608
vt 0.181854 0.724187
vt 0.189864 0.727060
vt 0.467769 0.288401
vt 0.183417 0.709083
vt 0.487193 0.279324
vt 0.212653 0.725549
vt 0.208118 0.735846
vt 0.207980 0.730498
vt 0.205313 0.742367
vt 0.488282 0.273001
vt 0.032858 0.137877
vt 0.022885 0.139469
vt 0.024965 0.131956
vt 0.033753 0.132992
vt 0.052967 0.140037
vt 0.065946 0.138284
vt 0.060607 0.139747
vt 0.040412 0.136597
vt 0.047495 0.133467
vt 0.038400 0.087526
vt 0.055718 0.079333
vt 0.979884 0.253335
vt 0.811662 0.788429
vt 0.981492 0.242186
vt 0.605951 0.903649
vt 0.291036 0.706353
vt 0.714331 0.588913
vt 0.020788 0.084469
vt 0.037215 0.081061
vt 0.763134 0.647850
vt 0.751101 0.630175
vt 0.939491 0.505689
vt 0.929650 0.505918
vt 0.930811 0.495694
vt 0.961094 0.322021
vt 0.070580 0.241635
vt 0.069334 0.209060
vt 0.083677 0.210711
vt 0.191256 0.142336
vt 0.936428 0.523628
vt 0.923224 0.513635
vt 0.949192 0.253379
vt 0.110213 0.085774
vt 0.092455 0.664627
vt 0.329760 0.100506
vt 0.327662 0.067453
vt 0.348886 0.075438
vt 0.343811 0.063993
vt 0.318627 0.057785
vt 0.028631 0.077343
vt 0.995000 0.280114
vt 0.185991 0.838472
vt 0.902814 0.168530
vt 0.911614 0.147353
vt 0.936425 0.153813
vt 0.916819 0.527504
vt 0.063510 0.618151
vt 0.059945 0.617501
vt 0.065047 0.610662
vt 0.311834 0.098574
vt 0.308347 0.062197
vt 0.228487 0.700198
vt 0.806527 0.728465
vt 0.627046 0.915089
vt 0.702285 0.885055
vt 0.044233 0.609440
vt 0.599905 0.626739
vt 0.689080 0.585131
vt 0.958618 0.223556
vt 0.953259 0.245662
vt 0.018272 0.067459
vt 0.224082 0.322838
vt 0.204133 0.330328
vt 0.290383 0.733826
vt 0.290180 0.715696
vt 0.310517 0.735730
vt 0.306369 0.703470
vt 0.971393 0.301761
vt 0.173731 0.907660
vt 0.072938 0.604409
vt 0.204553 0.660551
vt 0.340602 0.052197
vt 0.965692 0.327924
vt 0.797306 0.715429
vt 0.078348 0.621629
vt 0.535902 0.006469
vt 0.035464 0.070742
vt 0.957904 0.505314
vt 0.969423 0.533552
vt 0.955718 0.527855
vt 0.218577 0.328291
vt 0.215467 0.338409
vt 0.616083 0.102604
vt 0.603782 0.087604
vt 0.631009 0.084586
vt 0.054758 0.663721
vt 0.051596 0.641215
vt 0.459579 0.083051
vt 0.211394 0.344427
vt 0.696555 0.898215
vt 0.039210 0.605467
vt 0.311890 0.746525
vt 0.277603 0.757259
vt 0.047843 0.072058
vt 0.911286 0.182074
vt 0.901413 0.173861
vt 0.206460 0.364076
vt 0.643196 0.928215
vt 0.836188 0.622943
vt 0.818619 0.613773
vt 0.074829 0.053544
vt 0.217541 0.361037
vt 0.220804 0.343137
vt 0.165147 0.908279
vt 0.758732 0.617876
vt 0.943671 0.501213
vt 0.296042 0.100019
vt 0.269695 0.747400
vt 0.166219 0.907717
vt 0.115916 0.717361
vt 0.217533 0.712663
vt 0.786344 0.816186
vt 0.064624 0.059947
vt 0.972231 0.326530
vt 0.785756 0.701484
vt 0.242150 0.312822
vt 0.166242 0.907666
vt 0.165970 0.907663
vt 0.165450 0.907606
vt 0.872821 0.854367
vt 0.835304 0.853335
vt 0.814029 0.837910
vt 0.825793 0.856932
vt 0.121291 0.667262
vt 0.124296 0.670121
vt 0.368198 0.051864
vt 0.828002 0.825611
vt 0.823161 0.825740
vt 0.777601 0.822546
vt 0.816691 0.829167
vt 0.846576 0.892094
vt 0.047551 0.021695
vt 0.092202 0.041599
vt 0.052135 0.042960
vt 0.373278 0.072490
vt 0.256051 0.731263
vt 0.890823 0.178794
vt 0.877647 0.168905
vt 0.810973 0.843420
vt 0.808315 0.849292
vt 0.637363 0.041858
vt 0.715584 0.912621
vt 0.088236 0.667699
vt 0.366401 0.116248
vt 0.271155 0.259088
vt 0.248734 0.314721
vt 0.808722 0.609560
vt 0.811031 0.631741
vt 0.018942 0.059989
vt 0.678989 0.919793
vt 0.505877 0.258979
vt 0.527622 0.262225
vt 0.529225 0.270414
vt 0.363145 0.079454
vt 0.876102 0.163801
vt 0.227283 0.382712
vt 0.248844 0.395337
vt 0.830607 0.878624
vt 0.657362 0.041843
vt 0.520515 0.280588
vt 0.666745 0.098854
vt 0.673858 0.072427
vt 0.692796 0.092274
vt 0.817716 0.644479
vt 0.184463 0.380417
vt 0.435831 0.089916
vt 0.058602 0.059413
vt 0.053240 0.052811
vt 0.948403 0.474156
vt 0.209886 0.667630
vt 0.798702 0.709159
vt 0.221109 0.365785
vt 0.118307 0.714018
vt 0.880343 0.455629
vt 0.887201 0.455640
vt 0.870521 0.494572
vt 0.309978 0.760669
vt 0.346846 0.761184
vt 0.089984 0.716990
vt 0.094919 0.049751
vt 0.092876 0.020573
vt 0.303805 0.778091
vt 0.288240 0.780009
vt 0.032903 0.051913
vt 0.942599 0.143758
vt 0.958859 0.128742
vt 0.955197 0.138271
vt 0.203839 0.384634
vt 0.697868 0.924894
vt 0.685790 0.116269
vt 0.289490 0.793966
vt 0.769969 0.613844
vt 0.957193 0.150993
vt 0.949230 0.164676
vt 0.942013 0.164559
vt 0.938699 0.484793
vt 0.786471 0.847697
vt 0.282067 0.055077
vt 0.700709 0.091863
vt 0.704434 0.074004
vt 0.686512 0.125548
vt 0.703775 0.112934
vt 0.052132 0.246386
vt 0.065731 0.248539
vt 0.069163 0.277960
vt 0.051946 0.284852
vt 0.042955 0.298838
vt 0.017971 0.270089
vt 0.006426 0.290355
vt 0.043459 0.250466
vt 0.705501 0.118306
vt 0.722060 0.109477
vt 0.722241 0.081410
vt 0.729186 0.087641
vt 0.713129 0.083269
vt 0.714134 0.110297
vt 0.024006 0.257969
vt 0.730015 0.068349
vt 0.755489 0.088401
vt 0.744260 0.111090
vt 0.757798 0.070748
vt 0.034397 0.217806
vt 0.747974 0.120524
vt 0.766975 0.090810
vt 0.021275 0.219341
vt 0.728687 0.122775
vt 0.761544 0.122631
vt 0.061454 0.228241
vt 0.043535 0.210802
vt 0.007531 0.249998
vt 0.817878 0.550086
vt 0.818267 0.574758
vt 0.802806 0.538845
vt 0.809489 0.531115
vt 0.803663 0.515929
vt 0.220887 0.379327
vt 0.212991 0.375947
vt 0.796856 0.868114
vt 0.990958 0.235371
vt 0.982304 0.238513
vt 0.973007 0.226320
vt 0.843485 0.605224
vt 0.866351 0.556367
vt 0.332080 0.776500
vt 0.783833 0.599011
vt 0.791059 0.622733
vt 0.934777 0.494626
vt 0.976242 0.551833
vt 0.643981 0.098340
vt 0.344800 0.773400
vt 0.936974 0.180282
vt 0.815635 0.876636
vt 0.813835 0.488534
vt 0.851585 0.511588
vt 0.865841 0.477101
vt 0.272832 0.779956
vt 0.323517 0.783484
vt 0.790776 0.627632
vt 0.646231 0.114769
vt 0.977111 0.916369
vt 0.974877 0.939195
vt 0.948857 0.938557
vt 0.966631 0.952094
vt 0.986050 0.950680
vt 0.957841 0.964249
vt 0.026075 0.161117
vt 0.039287 0.146630
vt 0.035901 0.160167
vt 0.047099 0.157685
vt 0.065131 0.146223
vt 0.954705 0.918426
vt 0.058982 0.459839
vt 0.052543 0.468826
vt 0.046857 0.462300
vt 0.042787 0.473965
vt 0.038346 0.465928
vt 0.046096 0.449118
vt 0.029284 0.454334
vt 0.056005 0.161516
vt 0.054507 0.621286
vt 0.050886 0.631422
vt 0.052593 0.618196
vt 0.055308 0.628028
vt 0.064141 0.623139
vt 0.061692 0.626020
vt 0.802272 0.806201
vt 0.769902 0.842592
vt 0.811592 0.887011
vt 0.670683 0.068895
vt 0.680608 0.038748
vt 0.448525 0.319654
vt 0.485674 0.298439
vt 0.470293 0.332320
vt 0.824395 0.649475
vt 0.712274 0.533863
vt 0.909321 0.538199
vt 0.049371 0.713648
vt 0.067087 0.626177
vt 0.862874 0.485650
vt 0.254596 0.358674
vt 0.124796 0.723410
vt 0.875996 0.581658
vt 0.377235 0.528074
vt 0.394612 0.527392
vt 0.376864 0.565611
vt 0.805853 0.812496
vt 0.943270 0.220944
vt 0.537415 0.280181
vt 0.569283 0.293766
vt 0.118488 0.722287
vt 0.095449 0.040481
vt 0.980712 0.184892
vt 0.962916 0.205682
vt 0.889071 0.588340
vt 0.394683 0.568366
vt 0.043151 0.618531
vt 0.044193 0.623910
vt 0.071534 0.286932
vt 0.209994 0.768912
vt 0.231489 0.730293
vt 0.231998 0.729666
vt 0.231831 0.729773
vt 0.121851 0.728346
vt 0.115815 0.727424
vt 0.119670 0.728554
vt 0.231990 0.729996
vt 0.267103 0.319367
vt 0.819972 0.899866
vt 0.046053 0.628801
vt 0.970150 0.554588
vt 0.813908 0.645787
vt 0.068743 0.457332
vt 0.066713 0.447746
vt 0.552233 0.289605
vt 0.245221 0.752592
vt 0.904678 0.531203
vt 0.266085 0.340743
vt 0.662332 0.091446
vt 0.889367 0.554197
vt 0.188596 0.412890
vt 0.728893 0.837453
vt 0.753935 0.845654
vt 0.268666 0.332357
vt 0.285841 0.330668
vt 0.775562 0.880573
vt 0.028229 0.471346
vt 0.765354 0.903389
vt 0.022980 0.931463
vt 0.036612 0.903235
vt 0.037413 0.934391
vt 0.218802 0.770983
vt 0.276863 0.795225
vt 0.019046 0.467371
vt 0.085809 0.738499
vt 0.096442 0.035311
vt 0.051831 0.908156
vt 0.490332 0.322760
vt 0.101728 0.035233
vt 0.100225 0.024708
vt 0.251897 0.789929
vt 0.716426 0.492275
vt 0.793631 0.880093
vt 0.940745 0.254892
vt 0.960714 0.163035
vt 0.838658 0.736405
vt 0.926819 0.705232
vt 0.869428 0.726205
vt 0.557177 0.303279
vt 0.050607 0.735479
vt 0.111614 0.742047
vt 0.812555 0.919872
vt 0.824629 0.911760
vt 0.037938 0.973337
vt 0.388579 0.580282
vt 0.952853 0.158502
vt 0.831864 0.912301
vt 0.993463 0.162149
vt 0.378088 0.590822
vt 0.386573 0.605604
vt 0.353314 0.594207
vt 0.265692 0.354752
vt 0.050983 0.976553
vt 0.488105 0.337994
vt 0.504148 0.294051
vt 0.933110 0.735554
vt 0.857724 0.907851
vt 0.874248 0.927026
vt 0.027798 0.980899
vt 0.636697 0.268482
vt 0.641331 0.261309
vt 0.658097 0.289008
vt 0.725356 0.524947
vt 0.267863 0.812113
vt 0.363460 0.545685
vt 0.376143 0.619746
vt 0.386879 0.636302
vt 0.530832 0.317040
vt 0.513845 0.309177
vt 0.031906 0.567133
vt 0.572548 0.317193
vt 0.236604 0.781036
vt 0.386523 0.513554
vt 0.796726 0.568719
vt 0.144274 0.057689
vt 0.161025 0.016588
vt 0.503753 0.323161
vt 0.545629 0.323017
vt 0.353132 0.568521
vt 0.737928 0.564709
vt 0.730961 0.549514
vt 0.400961 0.466272
vt 0.384625 0.473645
vt 0.388918 0.464728
vt 0.405543 0.452443
vt 0.474570 0.351064
vt 0.585618 0.307250
vt 0.615003 0.285198
vt 0.635792 0.307501
vt 0.085196 0.319703
vt 0.086289 0.246184
vt 0.880124 0.756011
vt 0.422989 0.429540
vt 0.449180 0.430672
vt 0.427513 0.434390
vt 0.528291 0.331999
vt 0.599525 0.340412
vt 0.005000 0.600454
vt 0.819700 0.928175
vt 0.257250 0.419898
vt 0.227217 0.435444
vt 0.382066 0.502001
vt 0.376743 0.472021
vt 0.399300 0.486157
vt 0.058122 0.917617
vt 0.361937 0.527862
vt 0.068005 0.921414
vt 0.063152 0.950040
vt 0.511403 0.336940
vt 0.880947 0.552385
vt 0.750124 0.579390
vt 0.479840 0.350267
vt 0.479370 0.349143
vt 0.479473 0.349257
vt 0.362502 0.602271
vt 0.480522 0.352880
vt 0.480511 0.349316
vt 0.479814 0.349771
vt 0.350261 0.547606
vt 0.158214 0.054966
vt 0.855158 0.765087
vt 0.362525 0.513098
vt 0.345946 0.667797
vt 0.341605 0.636333
vt 0.350798 0.678750
vt 0.429286 0.452583
vt 0.046561 0.994411
vt 0.791121 0.600129
vt 0.174990 0.056192
vt 0.353017 0.617533
vt 0.726147 0.456995
vt 0.069537 0.948195
vt 0.525517 0.350897
vt 0.552302 0.343226
vt 0.070641 0.322473
vt 0.345727 0.630318
vt 0.056972 0.961232
vt 0.534051 0.761263
vt 0.574114 0.761207
vt 0.571974 0.766062
vt 0.356590 0.504161
vt 0.377313 0.490851
vt 0.456395 0.441421
vt 0.472548 0.389504
vt 0.052068 0.992982
vt 0.480766 0.391309
vt 0.518381 0.369665
vt 0.222261 0.793110
vt 0.482177 0.371661
vt 0.477752 0.362072
vt 0.507222 0.375845
vt 0.337523 0.564751
vt 0.733278 0.531616
vt 0.849130 0.765686
vt 0.090029 0.961874
vt 0.493642 0.410870
vt 0.262590 0.428878
vt 0.887863 0.780717
vt 0.659374 0.334724
vt 0.922613 0.768888
vt 0.941290 0.776045
vt 0.093602 0.979193
vt 0.620981 0.372311
vt 0.230046 0.822796
vt 0.335006 0.664307
vt 0.448656 0.451727
vt 0.343956 0.613657
vt 0.213046 0.454028
vt 0.206958 0.826057
vt 0.349332 0.494885
vt 0.340591 0.533946
vt 0.406731 0.562481
vt 0.428724 0.558637
vt 0.586384 0.754010
vt 0.638572 0.780036
vt 0.496037 0.462738
vt 0.534329 0.369171
vt 0.448878 0.463942
vt 0.942856 0.886917
vt 0.955948 0.843448
vt 0.955290 0.894524
vt 0.140569 0.316457
vt 0.140139 0.294665
vt 0.145952 0.343999
vt 0.129676 0.954837
vt 0.119076 0.943913
vt 0.129301 0.936779
vt 0.143897 0.950127
vt 0.138904 0.929932
vt 0.102476 0.954174
vt 0.111460 0.936413
vt 0.116374 0.962966
vt 0.151796 0.934538
vt 0.125424 0.921199
vt 0.179052 0.964141
vt 0.112653 0.927166
vt 0.099792 0.938309
vt 0.106013 0.927771
vt 0.135283 0.964102
vt 0.157956 0.969693
vt 0.117976 0.912692
vt 0.160676 0.904131
vt 0.154687 0.345701
vt 0.154985 0.324184
vt 0.109223 0.976345
vt 0.128362 0.980117
vt 0.161306 0.312421
vt 0.169581 0.310321
vt 0.126645 0.356353
vt 0.112316 0.366256
vt 0.112740 0.326936
vt 0.133938 0.364930
vt 0.116083 0.385802
vt 0.103526 0.383298
vt 0.476148 0.975453
vt 0.437885 0.995000
vt 0.484305 0.966125
vt 0.463237 0.975050
vt 0.447435 0.981375
vt 0.119141 0.323172
vt 0.154588 0.379088
vt 0.147132 0.299933
vt 0.170762 0.327459
vt 0.177809 0.316326
vt 0.159354 0.295502
vt 0.143749 0.898602
vt 0.140874 0.971543
vt 0.094181 0.921772
vt 0.114729 0.413957
vt 0.645952 0.726070
vt 0.733486 0.470266
vt 0.205279 0.448896
vt 0.541086 0.921609
vt 0.553191 0.927206
vt 0.546229 0.932770
vt 0.427395 0.504704
vt 0.132742 0.993471
vt 0.462411 0.960353
vt 0.491430 0.477504
vt 0.600941 0.375084
vt 0.680966 0.334413
vt 0.686533 0.335255
vt 0.643315 0.374304
vt 0.679071 0.317183
vt 0.888208 0.880136
vt 0.491833 0.427288
vt 0.136332 0.353379
vt 0.172043 0.348039
vt 0.111358 0.889785
vt 0.133842 0.299414
vt 0.126606 0.319259
vt 0.670335 0.732096
vt 0.152876 0.363012
vt 0.564035 0.946371
vt 0.901341 0.102688
vt 0.853676 0.107390
vt 0.392170 0.592298
vt 0.119783 0.991738
vt 0.535122 0.908537
vt 0.519595 0.922448
vt 0.685214 0.794728
vt 0.922895 0.102340
vt 0.331430 0.528334
vt 0.471360 0.490023
vt 0.456018 0.518262
vt 0.456912 0.486841
vt 0.556534 0.382677
vt 0.514344 0.891669
vt 0.524993 0.906064
vt 0.100638 0.893978
vt 0.536398 0.884159
vt 0.199727 0.282442
vt 0.165936 0.271604
vt 0.177428 0.267100
vt 0.199863 0.274330
vt 0.213275 0.254163
vt 0.177277 0.233360
vt 0.204170 0.233723
vt 0.189177 0.289387
vt 0.226310 0.204595
vt 0.228575 0.230083
vt 0.149751 0.867201
vt 0.289095 0.213593
vt 0.300061 0.233370
vt 0.287959 0.249718
vt 0.234286 0.259942
vt 0.259831 0.238837
vt 0.280393 0.242411
vt 0.260574 0.223647
vt 0.224125 0.263237
vt 0.215864 0.271711
vt 0.271318 0.240866
vt 0.213620 0.297747
vt 0.228444 0.294309
vt 0.227917 0.277293
vt 0.264531 0.258570
vt 0.249269 0.269199
vt 0.252571 0.266685
vt 0.539240 0.032443
vt 0.551353 0.026286
vt 0.558358 0.033930
vt 0.231155 0.285640
vt 0.426324 0.769614
vt 0.421189 0.780144
vt 0.421743 0.764510
vt 0.466500 0.801958
vt 0.555241 0.048403
vt 0.455623 0.801142
vt 0.420459 0.783246
vt 0.456559 0.787300
vt 0.499725 0.827555
vt 0.516869 0.811434
vt 0.523853 0.814203
vt 0.503798 0.800536
vt 0.490766 0.809499
vt 0.538429 0.810798
vt 0.531864 0.829828
vt 0.495144 0.822553
vt 0.486419 0.835505
vt 0.522188 0.796202
vt 0.504304 0.867814
vt 0.540170 0.834890
vt 0.500745 0.849685
vt 0.165284 0.203983
vt 0.134700 0.234143
vt 0.154219 0.154177
vt 0.168016 0.180161
vt 0.571754 0.823277
vt 0.488603 0.794306
vt 0.479011 0.813147
vt 0.535294 0.787814
vt 0.553933 0.796489
vt 0.504021 0.784132
vt 0.471089 0.815837
vt 0.170948 0.200217
vt 0.177445 0.163600
vt 0.459755 0.838807
vt 0.482796 0.785857
vt 0.171857 0.225855
vt 0.175774 0.190519
vt 0.542710 0.777471
vt 0.475353 0.853578
vt 0.477051 0.775949
vt 0.464347 0.869987
vt 0.492496 0.769844
vt 0.182594 0.217060
vt 0.180251 0.148132
vt 0.520120 0.773655
vt 0.512937 0.765412
vt 0.458835 0.814560
vt 0.194671 0.164665
vt 0.555810 0.017442
vt 0.590387 0.024807
vt 0.199862 0.208704
vt 0.202225 0.230844
vt 0.197022 0.225579
vt 0.533339 0.763972
vt 0.587486 0.032069
vt 0.202307 0.201312
vt 0.194660 0.145330
vt 0.600211 0.039988
vt 0.452964 0.861416
vt 0.552272 0.052969
vt 0.596311 0.051596
vt 0.586976 0.037138
vt 0.449084 0.829565
vt 0.211209 0.156951
vt 0.587915 0.016382
vt 0.412704 0.799633
vt 0.439473 0.825952
vt 0.440019 0.851607
vt 0.203206 0.174941
vt 0.216549 0.165450
vt 0.430692 0.831778
vt 0.966759 0.815541
vt 0.981015 0.824183
vt 0.975520 0.831725
vt 0.034720 0.717820
vt 0.025954 0.720088
vt 0.014211 0.718983
vt 0.029069 0.720310
vt 0.047226 0.733760
vt 0.222232 0.144140
vt 0.046989 0.698785
vt 0.037061 0.716521
vt 0.039763 0.708142
vt 0.983594 0.836027
vt 0.992548 0.831658
vt 0.215388 0.192522
vt 0.025995 0.720670
vt 0.033492 0.714921
vt 0.973397 0.838738
vt 0.985458 0.844495
vt 0.430669 0.840775
vt 0.435455 0.855080
vt 0.232589 0.175498
vt 0.969559 0.877772
vt 0.219250 0.161434
vt 0.251552 0.167073
vt 0.394941 0.852013
vt 0.255655 0.156468
vt 0.395121 0.864207
vt 0.251849 0.177408
vt 0.596643 0.985395
vt 0.585069 0.986704
vt 0.588348 0.981629
vt 0.572481 0.990542
vt 0.576009 0.983662
vt 0.566447 0.984251
vt 0.565148 0.994199
vt 0.554814 0.951896
vt 0.530452 0.959571
vt 0.573864 0.940115
vt 0.564551 0.921008
vt 0.920629 0.779372
vt 0.413567 0.570631
vt 0.480594 0.483500
vt 0.523413 0.938809
vt 0.508003 0.967738
vt 0.108964 0.403377
vt 0.949717 0.132042
vt 0.310825 0.577951
vt 0.327062 0.567541
vt 0.449719 0.547152
vt 0.503927 0.899076
vt 0.514910 0.932409
vt 0.487550 0.886092
vt 0.583678 0.915450
vt 0.447904 0.503601
vt 0.329985 0.683081
vt 0.297479 0.692405
vt 0.580856 0.381377
vt 0.415191 0.578793
vt 0.598221 0.378738
vt 0.605773 0.397998
vt 0.171547 0.363501
vt 0.621339 0.801343
vt 0.944827 0.915612
vt 0.950444 0.075003
vt 0.623441 0.430196
vt 0.638374 0.416620
vt 0.837962 0.770783
vt 0.863161 0.787820
vt 0.434243 0.590300
vt 0.429057 0.573895
vt 0.936508 0.896448
vt 0.592460 0.400314
vt 0.586682 0.381989
vt 0.599593 0.393913
vt 0.486918 0.896163
vt 0.469195 0.888035
vt 0.585540 0.920105
vt 0.317647 0.467937
vt 0.318265 0.417099
vt 0.323798 0.472044
vt 0.503083 0.432458
vt 0.646394 0.784838
vt 0.325479 0.506594
vt 0.956212 0.906719
vt 0.179411 0.378467
vt 0.530019 0.580311
vt 0.497443 0.597181
vt 0.519927 0.549343
vt 0.179955 0.360857
vt 0.118539 0.309733
vt 0.224224 0.079025
vt 0.218273 0.082702
vt 0.207955 0.066241
vt 0.327188 0.633211
vt 0.513484 0.955481
vt 0.331535 0.612127
vt 0.894613 0.891969
vt 0.602381 0.403301
vt 0.106122 0.413567
vt 0.905092 0.066344
vt 0.867481 0.797246
vt 0.526732 0.421358
vt 0.313947 0.534993
vt 0.599638 0.418292
vt 0.487569 0.932813
vt 0.489006 0.977097
vt 0.255363 0.062053
vt 0.289454 0.583233
vt 0.878419 0.809191
vt 0.925507 0.784359
vt 0.927109 0.801950
vt 0.458033 0.523839
vt 0.538660 0.421082
vt 0.505336 0.929681
vt 0.312571 0.559220
vt 0.866296 0.802053
vt 0.917545 0.822303
vt 0.123248 0.623892
vt 0.586439 0.451102
vt 0.850479 0.788664
vt 0.857301 0.797177
vt 0.937526 0.785901
vt 0.892575 0.968640
vt 0.304706 0.648871
vt 0.604125 0.435361
vt 0.610067 0.414342
vt 0.498412 0.492077
vt 0.935763 0.921292
vt 0.898417 0.972367
vt 0.895393 0.984330
vt 0.472429 0.980354
vt 0.296511 0.523564
vt 0.587419 0.930525
vt 0.661362 0.933164
vt 0.604550 0.935631
vt 0.776936 0.473962
vt 0.741144 0.394115
vt 0.756992 0.374761
vt 0.590997 0.946947
vt 0.647898 0.950661
vt 0.602083 0.950369
vt 0.615335 0.960961
vt 0.586229 0.958118
vt 0.656716 0.990474
vt 0.744801 0.356375
vt 0.741384 0.352049
vt 0.710557 0.389260
vt 0.676570 0.299951
vt 0.658429 0.959517
vt 0.714033 0.398062
vt 0.646637 0.964431
vt 0.870334 0.378519
vt 0.873722 0.298863
vt 0.925916 0.243017
vt 0.750853 0.350300
vt 0.730352 0.308481
vt 0.709407 0.947162
vt 0.736354 0.930582
vt 0.676540 0.967940
vt 0.706079 0.962155
vt 0.741566 0.322713
vt 0.270746 0.444181
vt 0.269967 0.407741
vt 0.289618 0.414569
vt 0.796679 0.279825
vt 0.712092 0.966303
vt 0.911121 0.358974
vt 0.704398 0.971921
vt 0.745675 0.294123
vt 0.734106 0.952142
vt 0.786765 0.271148
vt 0.304252 0.380724
vt 0.925009 0.325001
vt 0.740129 0.963805
vt 0.286972 0.430764
vt 0.305995 0.396582
vt 0.738726 0.971125
vt 0.394280 0.972788
vt 0.304955 0.665890
vt 0.260951 0.098908
vt 0.202293 0.458777
vt 0.603983 0.423114
vt 0.490422 0.947106
vt 0.474026 0.965566
vt 0.944392 0.935024
vt 0.415713 0.955573
vt 0.476263 0.933834
vt 0.441652 0.966529
vt 0.564861 0.417717
vt 0.452855 0.884312
vt 0.273335 0.175677
vt 0.428374 0.607705
vt 0.724708 0.732288
vt 0.744147 0.741843
vt 0.730327 0.744328
vt 0.908715 0.980710
vt 0.618673 0.427019
vt 0.272537 0.359479
vt 0.332093 0.327574
vt 0.400389 0.607307
vt 0.415666 0.610248
vt 0.882501 0.981155
vt 0.229757 0.079195
vt 0.296774 0.568672
vt 0.298125 0.155128
vt 0.315102 0.369168
vt 0.880061 0.857687
vt 0.851879 0.825404
vt 0.960790 0.838214
vt 0.421124 0.620652
vt 0.460583 0.552469
vt 0.732934 0.723377
vt 0.928955 0.937179
vt 0.365206 0.960947
vt 0.653855 0.409876
vt 0.238992 0.081638
vt 0.562535 0.606597
vt 0.559192 0.598382
vt 0.578939 0.559914
vt 0.913312 0.937479
vt 0.896072 0.923412
vt 0.542180 0.517794
vt 0.445808 0.584742
vt 0.922710 0.954510
vt 0.549830 0.575564
vt 0.278316 0.680253
vt 0.388931 0.607425
vt 0.882797 0.914320
vt 0.685871 0.566290
vt 0.686090 0.550959
vt 0.695201 0.553979
vt 0.939799 0.837965
vt 0.298549 0.161801
vt 0.895425 0.934264
vt 0.364514 0.971734
vt 0.319141 0.965160
vt 0.325763 0.934827
vt 0.319630 0.104987
vt 0.502133 0.514155
vt 0.509340 0.517270
vt 0.514660 0.512403
vt 0.515202 0.525347
vt 0.375694 0.331083
vt 0.449185 0.368550
vt 0.434121 0.371629
vt 0.891575 0.856844
vt 0.321986 0.220550
vt 0.320589 0.236144
vt 0.308305 0.249633
vt 0.306560 0.229754
vt 0.295779 0.208084
vt 0.315889 0.218995
vt 0.035188 0.756484
vt 0.039042 0.766752
vt 0.030884 0.760577
vt 0.348458 0.234165
vt 0.363737 0.216659
vt 0.400816 0.208710
vt 0.422031 0.199646
vt 0.370409 0.203360
vt 0.366920 0.195079
vt 0.009973 0.757383
vt 0.345064 0.230152
vt 0.060248 0.765426
vt 0.041159 0.746553
vt 0.364439 0.191072
vt 0.352515 0.211155
vt 0.321749 0.212540
vt 0.324264 0.258241
vt 0.346674 0.196459
vt 0.526511 0.518252
vt 0.521298 0.521211
vt 0.341806 0.213024
vt 0.641019 0.560148
vt 0.284420 0.178667
vt 0.300797 0.119802
vt 0.509438 0.534831
vt 0.521738 0.528722
vt 0.704550 0.729206
vt 0.484695 0.943700
vt 0.523465 0.506883
vt 0.927381 0.579970
vt 0.945843 0.566509
vt 0.959213 0.579837
vt 0.915406 0.967457
vt 0.631855 0.576389
vt 0.250426 0.081233
vt 0.520711 0.505640
vt 0.274756 0.664309
vt 0.309440 0.173004
vt 0.294264 0.203549
vt 0.299652 0.193523
vt 0.278189 0.206885
vt 0.943908 0.314073
vt 0.931193 0.367061
vt 0.930660 0.315501
vt 0.313145 0.153484
vt 0.295578 0.635881
vt 0.317430 0.119141
vt 0.318778 0.164414
vt 0.654263 0.203473
vt 0.645370 0.214045
vt 0.634726 0.153513
vt 0.616943 0.202799
vt 0.630190 0.172779
vt 0.316036 0.204025
vt 0.317078 0.191025
vt 0.328208 0.157064
vt 0.323992 0.167804
vt 0.570998 0.108425
vt 0.609893 0.116999
vt 0.592663 0.142684
vt 0.561749 0.131017
vt 0.648462 0.158576
vt 0.626848 0.134211
vt 0.491508 0.185861
vt 0.475943 0.172215
vt 0.479212 0.168101
vt 0.414844 0.307361
vt 0.443162 0.279717
vt 0.446675 0.287670
vt 0.613256 0.105371
vt 0.466570 0.202375
vt 0.484365 0.193280
vt 0.494047 0.211221
vt 0.496735 0.233972
vt 0.679208 0.120292
vt 0.630948 0.121942
vt 0.370257 0.336884
vt 0.433858 0.613892
vt 0.642855 0.444126
vt 0.687315 0.535267
vt 0.496119 0.249477
vt 0.503626 0.227504
vt 0.928418 0.335248
vt 0.927622 0.984141
vt 0.384144 0.316797
vt 0.423485 0.634001
vt 0.429331 0.634972
vt 0.482690 0.565488
vt 0.681908 0.730433
vt 0.663542 0.714531
vt 0.632912 0.545306
vt 0.406441 0.360721
vt 0.352421 0.379592
vt 0.330494 0.359920
vt 0.888106 0.866940
vt 0.693653 0.731438
vt 0.680285 0.713479
vt 0.436275 0.308972
vt 0.440518 0.322021
vt 0.424502 0.334277
vt 0.345976 0.335930
vt 0.174790 0.060873
vt 0.288326 0.524117
vt 0.503430 0.201803
vt 0.448312 0.296108
vt 0.674082 0.109838
vt 0.561867 0.259173
vt 0.543163 0.191210
vt 0.439186 0.630483
vt 0.931983 0.566736
vt 0.583710 0.696272
vt 0.598855 0.715725
vt 0.597136 0.739021
vt 0.615273 0.570077
vt 0.946939 0.406692
vt 0.539295 0.181261
vt 0.370474 0.289056
vt 0.470291 0.376465
vt 0.501030 0.559342
vt 0.598322 0.708899
vt 0.275942 0.031103
vt 0.336458 0.047454
vt 0.702927 0.682412
vt 0.685747 0.707798
vt 0.960364 0.981844
vt 0.289753 0.498129
vt 0.543498 0.230880
vt 0.324303 0.410625
vt 0.714205 0.686698
vt 0.720401 0.671262
vt 0.684584 0.503623
vt 0.051309 0.369513
vt 0.353415 0.334189
vt 0.572059 0.239855
vt 0.562505 0.277308
vt 0.592454 0.697449
vt 0.024246 0.337943
vt 0.684812 0.671663
vt 0.315682 0.021018
vt 0.280220 0.005000
vt 0.549539 0.214617
vt 0.663757 0.667022
vt 0.736112 0.654378
vt 0.551954 0.697436
vt 0.640393 0.675882
vt 0.573616 0.178388
vt 0.388717 0.673680
vt 0.314357 0.263869
vt 0.341095 0.296313
vt 0.558622 0.666075
vt 0.581169 0.595985
vt 0.595454 0.557380
vt 0.442061 0.665935
vt 0.276079 0.060598
vt 0.273350 0.497869
vt 0.494843 0.586923
vt 0.319019 0.005264
vt 0.469697 0.624417
vt 0.673410 0.491894
vt 0.680947 0.496016
vt 0.600436 0.510278
vt 0.624950 0.515561
vt 0.601935 0.560254
vt 0.616892 0.666869
vt 0.591976 0.521051
vt 0.652677 0.663391
vt 0.645632 0.648824
vt 0.604721 0.502447
vt 0.581975 0.677230
vt 0.664055 0.483769
vt 0.366004 0.318974
vt 0.683605 0.665120
vt 0.330036 0.259089
vt 0.643870 0.478336
vt 0.949003 0.584949
vt 0.941247 0.616416
vt 0.922575 0.612418
vt 0.924361 0.628901
vt 0.911685 0.611138
vt 0.941151 0.628120
vt 0.964722 0.610168
vt 0.935244 0.582230
vt 0.912695 0.655740
vt 0.943101 0.637364
vt 0.978250 0.592351
vt 0.217335 0.981355
vt 0.246446 0.956330
vt 0.257750 0.958151
vt 0.970349 0.625343
vt 0.850013 0.038510
vt 0.854533 0.032370
vt 0.871453 0.054257
vt 0.829612 0.020853
vt 0.851670 0.019135
vt 0.988573 0.616181
vt 0.662578 0.453489
vt 0.544284 0.500820
vt 0.676861 0.433665
vt 0.918141 0.422280
vt 0.949908 0.419566
vt 0.938732 0.667125
vt 0.462152 0.674104
vt 0.642012 0.467405
vt 0.246919 0.947583
vt 0.260683 0.571622
vt 0.278627 0.575997
vt 0.263312 0.579372
vt 0.621840 0.636314
vt 0.272898 0.569103
vt 0.283491 0.582389
vt 0.670986 0.438748
vt 0.622626 0.481162
vt 0.970994 0.633240
vt 0.808047 0.019636
vt 0.824997 0.028457
vt 0.356658 0.285228
vt 0.241238 0.583121
vt 0.614248 0.470157
vt 0.283794 0.554633
vt 0.279389 0.560507
vt 0.838168 0.077460
vt 0.258442 0.976011
vt 0.293559 0.981368
vt 0.495581 0.607651
vt 0.256349 0.575034
vt 0.647145 0.642317
vt 0.659985 0.442348
vt 0.528313 0.481837
vt 0.503513 0.461251
vt 0.527367 0.435256
vt 0.963344 0.669821
vt 0.987657 0.663095
vt 0.273431 0.601274
vt 0.212574 0.620893
vt 0.241096 0.573713
vt 0.220058 0.588848
vt 0.576004 0.670152
vt 0.588467 0.463204
vt 0.653114 0.609402
vt 0.614293 0.629762
vt 0.804320 0.061026
vt 0.501415 0.625051
vt 0.176051 0.819794
vt 0.125558 0.845641
vt 0.141912 0.817354
vt 0.228577 0.579162
vt 0.574456 0.460799
vt 0.581392 0.463835
vt 0.824811 0.067338
vt 0.596751 0.175539
vt 0.224356 0.564248
vt 0.220785 0.558527
vt 0.469241 0.700458
vt 0.499554 0.676536
vt 0.196878 0.551526
vt 0.500006 0.703458
vt 0.152804 0.801193
vt 0.110143 0.509985
vt 0.103266 0.541903
vt 0.096861 0.517666
vt 0.978158 0.754930
vt 0.988176 0.821226
vt 0.982090 0.817548
vt 0.973686 0.816090
vt 0.543314 0.425428
vt 0.543769 0.441071
vt 0.971793 0.756109
vt 0.977487 0.668636
vt 0.986697 0.670950
vt 0.985788 0.722367
vt 0.256161 0.989957
vt 0.038181 0.688697
vt 0.029293 0.681299
vt 0.039603 0.685602
vt 0.565961 0.466875
vt 0.127842 0.736138
vt 0.155741 0.756663
vt 0.151753 0.779455
vt 0.024356 0.691242
vt 0.016094 0.688442
vt 0.032022 0.688673
vt 0.088625 0.517433
vt 0.082434 0.521580
vt 0.079649 0.515794
vt 0.091231 0.530114
vt 0.083805 0.505124
vt 0.051687 0.663246
vt 0.163907 0.725072
vt 0.177302 0.749697
vt 0.179611 0.764946
vt 0.071594 0.806435
vt 0.054433 0.814577
vt 0.063653 0.800606
vt 0.982903 0.749835
vt 0.274239 0.535452
vt 0.048932 0.693403
vt 0.575640 0.152058
vt 0.219864 0.539765
vt 0.965890 0.695651
vt 0.966943 0.700874
vt 0.056064 0.823745
vt 0.046294 0.820146
vt 0.038610 0.829556
vt 0.055439 0.825372
vt 0.052171 0.812147
vt 0.044798 0.818938
vt 0.049854 0.833840
vt 0.030728 0.823427
vt 0.016193 0.866557
vt 0.009250 0.863098
vt 0.032223 0.867095
vt 0.026931 0.823909
vt 0.024286 0.869149
vt 0.028962 0.868952
vt 0.033564 0.864418
vt 0.034043 0.859672
vt 0.048175 0.851718
vt 0.049835 0.850755
vt 0.058043 0.862773
vt 0.953017 0.421810
vt 0.949397 0.398849
vt 0.959052 0.405557
vt 0.990442 0.747541
vt 0.959902 0.406414
vt 0.176818 0.780848
vt 0.045461 0.890722
vt 0.961027 0.400494
vt 0.970894 0.405133
vt 0.962091 0.398893
vt 0.978702 0.399523
vt 0.972641 0.402803
vt 0.970470 0.394542
vt 0.987462 0.401567
vt 0.069805 0.158594
vt 0.081825 0.151317
vt 0.072537 0.161191
vt 0.075638 0.153078
vt 0.054580 0.171816
vt 0.075146 0.147251
vt 0.080877 0.165557
vt 0.067245 0.149029
vt 0.955581 0.380221
vt 0.988537 0.745422
vt 0.077933 0.473393
vt 0.072636 0.177210
vt 0.059910 0.308537
vt 0.068581 0.300848
vt 0.067872 0.326040
vt 0.974565 0.734313
vt 0.991038 0.377603
vt 0.948381 0.377441
vt 0.976998 0.362419
vt 0.060623 0.318295
vt 0.059509 0.321373
vt 0.051660 0.318783
vt 0.051067 0.308015
vt 0.049569 0.317223
vt 0.043632 0.325269
vt 0.040780 0.317289
vt 0.035800 0.325045
vt 0.037502 0.323007
vt 0.956595 0.354299
vt 0.964164 0.351995
vt 0.968644 0.359825
vt 0.958490 0.345829
vt 0.955662 0.349688
vt 0.951951 0.341235
vt 0.947773 0.347948
vt 0.513250 0.641964
vt 0.514357 0.691727
vt 0.061228 0.208166
vt 0.133577 0.491425
vt 0.268631 0.515051
vt 0.521284 0.696555
vt 0.516426 0.646128
vt 0.195342 0.825348
vt 0.093994 0.453120
vt 0.202842 0.815974
vt 0.133660 0.467587
vt 0.092646 0.429065
vt 0.285712 0.463963
vt 0.263606 0.512324
vt 0.265644 0.485995
vt 0.255305 0.498591
vt 0.224809 0.516491
vt 0.031873 0.182206
vt 0.563385 0.096132
vt 0.575458 0.091440
vt 0.568056 0.105082
vt 0.548926 0.078342
vt 0.576248 0.078290
vt 0.551969 0.122979
vt 0.095294 0.424568
vt 0.193872 0.793085
vt 0.604924 0.103534
vt 0.255071 0.483223
vt 0.590953 0.055761
vt 0.541381 0.055270
vt 0.546895 0.090602
vt 0.598836 0.096649
vt 0.199509 0.762453
vt 0.195202 0.755524
vt 0.555005 0.125977
vt 0.250339 0.481034
vt 0.033113 0.207536
vt 0.268275 0.465956
vt 0.239947 0.500418
vt 0.807520 0.293259
vt 0.812134 0.282938
vt 0.816552 0.288337
vt 0.202783 0.777350
vt 0.592349 0.069580
vt 0.542550 0.081721
vt 0.019074 0.199615
vt 0.203077 0.769682
vt 0.227826 0.497516
vt 0.843675 0.275100
vt 0.828461 0.301771
vt 0.230969 0.494370
vt 0.533425 0.116296
vt 0.825667 0.314464
vt 0.015236 0.203969
vt 0.099574 0.158158
vt 0.093242 0.162893
vt 0.107637 0.133301
vt 0.086481 0.143739
vt 0.104921 0.173198
vt 0.776247 0.213479
vt 0.754583 0.228338
vt 0.760584 0.215041
vt 0.754800 0.236176
vt 0.758318 0.227671
vt 0.745386 0.241994
vt 0.735345 0.238757
vt 0.083052 0.168659
vt 0.068888 0.200546
vt 0.104624 0.210939
vt 0.091636 0.126176
vt 0.785381 0.416008
vt 0.792475 0.376118
vt 0.801586 0.386281
vt 0.085753 0.208100
vt 0.768705 0.240208
vt 0.787060 0.225091
vt 0.774597 0.406046
vt 0.786944 0.375287
vt 0.773711 0.371305
vt 0.786067 0.369728
vt 0.777072 0.366158
vt 0.802388 0.377117
vt 0.805573 0.387183
vt 0.798755 0.331122
vt 0.821605 0.344700
vt 0.834510 0.354078
vt 0.837573 0.361333
vt 0.237449 0.484535
vt 0.526683 0.113180
vt 0.206725 0.781170
vt 0.595572 0.060376
vt 0.791813 0.298941
vt 0.856550 0.275842
vt 0.236854 0.466812
vt 0.830081 0.319811
vt 0.227333 0.484284
vt 0.919116 0.038634
vt 0.929994 0.035222
vt 0.929478 0.068040
vt 0.600949 0.068597
vt 0.525343 0.088858
vt 0.914956 0.031960
vt 0.904411 0.054089
vt 0.833633 0.325604
vt 0.220416 0.460880
vt 0.936407 0.066409
vt 0.838394 0.339042
vt 0.838968 0.318193
vt 0.849653 0.298807
vt 0.877105 0.065449
vt 0.857953 0.067620
vt 0.752118 0.988529
vt 0.743906 0.985775
vt 0.230214 0.468654
vt 0.848091 0.340521
vt 0.509638 0.114199
vt 0.751822 0.981032
vt 0.794122 0.958439
vt 0.788851 0.943601
vt 0.905084 0.059627
vt 0.783316 0.967220
vt 0.737894 0.982068
vt 0.692188 0.187521
vt 0.685556 0.159010
vt 0.668395 0.162559
vt 0.899233 0.062761
vt 0.862702 0.299113
vt 0.855826 0.314308
vt 0.799036 0.979988
vt 0.852281 0.332815
vt 0.731339 0.207945
vt 0.676293 0.139893
vt 0.723916 0.990160
vt 0.727070 0.985824
vt 0.822879 0.967727
vt 0.687465 0.146136
vt 0.698957 0.153459
vt 0.678286 0.128289
vt 0.701801 0.126847
vt 0.864974 0.323457
vt 0.714609 0.164420
vt 0.847004 0.929434
vt 0.718170 0.138514
vt 0.741528 0.213556
vt 0.727223 0.125691
vt 0.820906 0.939992
vt 0.826905 0.981101
vt 0.804847 0.993680
vt 0.735069 0.181047
vt 0.830162 0.994970
vt 0.861895 0.941623
vt 0.750933 0.159583
vt 0.756427 0.171639
vt 0.857499 0.962042
vt 0.749591 0.146401
vt 0.869340 0.968923
vt 0.773334 0.201187
vt 0.757265 0.138010
vt 0.877680 0.933503
vt 0.869931 0.988368
vt 0.768773 0.211521
vt 0.694991 0.281546
vt 0.701345 0.301084
vt 0.682666 0.297768
vt 0.705380 0.287454
vt 0.683755 0.285289
vt 0.771019 0.147631
vt 0.766874 0.125320
vt 0.711531 0.299025
vt 0.661090 0.282328
vt 0.662772 0.268609
vt 0.678671 0.272919
vt 0.694273 0.256731
vt 0.645239 0.255662
vt 0.723029 0.247179
vt 0.672985 0.258707
vt 0.768920 0.221266
vt 0.122217 0.186502
vt 0.738612 0.226230
vt 0.749770 0.220402
vt 0.721129 0.230144
vt 0.737396 0.254220
vt 0.102667 0.194564
vt 0.728199 0.304634
vt 0.738340 0.275787
vt 0.741743 0.261018
vt 0.101899 0.225476
vt 0.707975 0.229511
vt 0.643733 0.235294
vt 0.752814 0.260387
vt 0.698965 0.225942
vt 0.730616 0.216194
vt 0.107669 0.241323
vt 0.114282 0.235660
vt 0.678812 0.230354
vt 0.678708 0.216510
vt 0.665474 0.228707
vt 0.876635 0.227140
vt 0.926989 0.187091
vt 0.914880 0.228176
vt 0.894802 0.248548
vt 0.891105 0.275311
vt 0.882548 0.260629
vt 0.868891 0.276817
vt 0.872078 0.268535
vt 0.123134 0.209188
vt 0.149688 0.158139
vt 0.685165 0.211817
vt 0.863163 0.211372
vt 0.884044 0.196575
vt 0.138623 0.205489
vt 0.856374 0.271930
vt 0.124253 0.233525
vt 0.124138 0.256486
vt 0.127780 0.249429
vt 0.877371 0.247853
vt 0.858605 0.258948
vt 0.854096 0.265245
vt 0.815760 0.187775
vt 0.814762 0.260374
vt 0.823006 0.269405
vt 0.803384 0.269242
vt 0.841057 0.270775
vt 0.811127 0.252476
vt 0.791241 0.233880
vt 0.798051 0.254473
vt 0.825066 0.218150
vt 0.860909 0.246922
vt 0.841652 0.262155
vt 0.820610 0.245743
vt 0.837670 0.242515
vt 0.839243 0.250136
s 0
f 2/1/1 3/2/1 1/3/1
f 3/4/2 2/5/2 4/6/2
f 4/7/3 2/1/3 1/3/3
f 1/8/4 3/4/4 4/6/4
s 1
f 600/9/5 16/10/6 14/11/7
f 13/12/8 14/11/7 16/10/6
f 11/13/9 12/14/10 600/15/11
f 600/15/11 12/14/10 16/16/12
f 15/17/13 14/11/14 562/18/15
f 14/11/16 13/12/17 562/18/18
s 0
f 16/16/19 12/14/19 588/19/19
s 1
f 764/20/20 18/21/21 680/22/22
f 1105/23/23 20/24/24 1106/25/25
f 1424/26/26 1408/27/27 26/28/28
f 1396/29/29 1418/30/30 1378/31/31
s 0
f 27/32/32 32/33/32 28/34/32
s 1
f 27/32/33 30/35/34 29/36/35
f 27/32/36 28/34/37 31/37/38
s 0
f 31/37/39 28/34/39 34/38/39
s 1
f 27/32/33 29/36/35 32/33/40
f 30/35/34 27/32/33 39/39/41
f 42/40/42 30/35/43 39/39/44
f 35/41/45 34/38/46 28/34/47
s 0
f 38/42/48 32/33/48 29/36/48
f 31/37/49 34/38/49 37/43/49
s 1
f 39/39/50 27/32/36 31/37/38
s 0
f 39/39/51 31/37/51 40/44/51
s 1
f 35/41/45 28/34/47 32/33/52
s 0
f 37/43/53 34/38/53 35/41/53
f 30/35/54 42/40/54 29/36/54
s 1
f 39/45/44 1399/46/55 42/47/42
s 0
f 40/44/56 31/37/56 37/43/56
s 1
f 37/43/57 35/41/58 1412/48/59
s 0
f 1412/48/60 35/41/60 1409/49/60
s 1
f 38/42/61 29/36/62 41/50/63
s 0
f 46/51/64 45/52/64 1364/53/64
f 1287/54/65 54/55/65 52/56/65
f 52/56/66 54/55/66 51/57/66
f 59/58/67 57/59/67 56/60/67
f 62/61/68 60/62/68 61/63/68
s 1
f 61/64/69 60/65/70 64/66/71
s 0
f 60/62/72 62/61/72 64/67/72
s 1
f 63/68/73 61/64/74 64/66/75
s 0
f 73/69/76 78/70/76 79/71/76
f 75/72/77 83/73/77 79/74/77
s 1
f 81/75/78 76/76/79 77/77/80
f 76/76/81 74/78/82 78/70/83
s 0
f 74/78/84 75/79/84 78/70/84
s 1
f 75/72/85 74/80/86 83/73/87
f 80/81/88 74/80/82 76/82/81
f 81/75/89 77/77/90 84/83/91
s 0
f 79/74/92 83/73/92 85/84/92
s 1
f 77/77/93 76/76/94 78/70/95
s 0
f 78/70/96 75/79/96 79/71/96
s 1
f 83/73/97 74/80/98 80/81/99
s 0
f 86/85/100 80/81/100 76/82/100
f 79/74/101 85/84/101 73/86/101
s 1
f 83/73/102 80/81/102 85/84/102
s 0
f 73/86/103 85/84/103 87/87/103
f 76/82/104 1049/88/104 86/85/104
s 1
f 77/77/105 78/70/106 73/69/107
f 992/89/108 959/90/109 92/91/110
s 0
f 98/92/111 99/93/111 102/94/111
s 1
f 105/95/112 99/93/112 98/92/112
f 107/96/113 101/97/114 99/93/115
f 106/98/116 102/94/117 100/99/118
f 107/96/119 99/93/115 105/95/120
f 98/92/121 102/94/117 106/98/122
s 0
f 99/93/123 101/97/123 104/100/123
f 102/94/124 99/93/124 111/101/124
s 1
f 101/102/125 107/103/126 908/104/127
f 111/101/128 100/99/128 102/94/128
s 0
f 114/105/129 111/101/129 99/93/129
s 1
f 98/92/130 106/98/131 105/95/132
f 105/95/133 106/98/131 109/106/134
s 0
f 100/99/135 109/106/135 106/98/135
f 104/100/136 101/97/136 918/107/136
f 99/93/137 104/100/137 114/105/137
s 1
f 918/108/138 101/102/139 908/104/140
s 0
f 105/109/141 109/110/141 113/111/141
f 107/103/142 105/109/142 113/111/142
s 1
f 110/112/143 115/113/144 111/101/145
s 0
f 115/113/146 100/99/146 111/101/146
s 1
f 104/100/147 970/114/148 114/105/149
s 0
f 118/115/150 117/116/150 116/117/150
s 1
f 119/118/151 118/115/152 116/117/153
s 0
f 117/119/154 118/120/154 119/121/154
s 1
f 119/118/151 116/117/153 915/122/155
s 0
f 122/123/156 121/124/156 123/125/156
f 872/126/157 121/124/157 122/123/157
f 121/127/158 872/128/158 123/129/158
f 134/130/159 132/131/159 133/132/159
f 133/133/160 132/134/160 140/135/160
s 1
f 137/136/161 133/137/162 135/138/163
s 0
f 140/135/164 132/134/164 135/139/164
s 1
f 135/140/163 133/133/162 139/141/165
s 0
f 133/133/166 140/135/166 139/141/166
f 136/142/167 132/143/167 137/144/167
f 141/145/168 136/142/168 137/144/168
s 1
f 141/146/169 137/136/161 138/147/170
f 137/136/161 135/138/163 138/147/170
s 0
f 135/139/171 132/134/171 138/148/171
f 138/149/172 132/143/172 136/142/172
f 140/135/173 135/139/173 136/150/173
f 136/150/174 135/139/174 139/151/174
f 136/142/175 139/152/175 138/149/175
f 144/153/176 140/154/176 141/155/176
f 140/135/177 136/150/177 141/156/177
s 1
f 134/130/178 673/157/179 144/153/180
s 0
f 146/158/181 147/159/181 148/160/181
f 148/160/182 147/159/182 151/161/182
s 1
f 147/159/183 146/158/184 145/162/185
f 151/161/186 159/163/187 148/160/188
f 145/162/185 146/158/184 156/164/189
s 0
f 153/165/190 146/158/190 148/160/190
s 1
f 148/160/191 159/163/192 149/166/193
f 148/160/194 149/166/195 152/167/196
s 0
f 156/164/197 146/158/197 153/165/197
s 1
f 153/165/198 148/160/199 152/167/200
s 0
f 151/168/201 147/169/201 155/170/201
f 147/169/202 145/171/202 155/170/202
s 1
f 160/172/203 149/166/204 159/163/205
s 0
f 145/171/206 154/173/206 155/170/206
f 154/174/207 145/162/207 156/164/207
f 153/165/208 152/167/208 162/175/208
f 156/164/209 153/165/209 162/175/209
f 163/176/210 159/177/210 151/168/210
f 163/176/211 151/168/211 155/170/211
f 154/174/212 156/164/212 500/178/212
f 500/178/213 156/164/213 162/175/213
s 1
f 490/179/214 472/180/215 436/181/216
s 0
f 166/182/217 165/183/217 167/184/217
f 167/185/218 165/186/218 168/187/218
f 168/188/219 165/183/219 166/182/219
f 167/185/220 168/187/220 169/189/220
f 421/190/221 168/188/221 166/182/221
s 1
f 421/191/222 166/192/222 169/189/222
f 166/192/223 167/185/223 169/189/223
f 310/193/224 178/194/225 309/195/226
f 181/196/227 182/197/228 255/198/229
f 186/199/230 184/200/231 197/201/232
f 197/201/232 184/200/233 193/202/234
f 193/202/235 184/200/236 202/203/237
f 186/204/230 187/205/238 188/206/239
f 189/207/240 188/206/239 187/205/238
f 191/208/241 199/209/242 189/210/240
f 186/199/230 197/201/232 215/211/243
f 188/206/239 189/207/240 186/204/230
f 195/212/244 189/207/240 187/205/238
f 205/213/245 193/202/235 202/203/237
f 221/214/246 204/215/247 199/209/248
f 215/211/243 187/216/238 186/199/230
f 193/202/249 205/213/250 212/217/251
f 193/202/249 212/217/252 197/201/253
s 0
f 184/218/254 186/219/254 203/220/254
f 202/221/255 184/218/255 203/220/255
s 1
f 186/219/256 189/210/257 210/222/258
s 0
f 199/209/259 204/215/259 207/223/259
s 1
f 210/222/258 189/210/257 201/224/260
f 201/224/260 189/210/257 206/225/261
f 191/226/241 189/207/240 195/212/244
f 206/225/261 189/210/257 207/223/262
f 203/220/263 186/219/256 210/222/258
f 189/210/257 199/209/264 207/223/262
f 211/227/265 204/215/266 221/214/267
f 201/224/260 206/225/261 214/228/268
f 195/212/244 187/205/238 215/229/243
f 215/211/269 197/201/270 212/217/271
s 0
f 205/213/272 209/230/272 212/217/272
f 205/231/273 218/232/273 209/233/273
s 1
f 205/231/274 202/221/275 218/232/276
f 202/221/275 203/220/277 218/232/276
f 219/234/278 215/235/269 212/236/271
f 201/224/260 214/228/268 210/222/258
f 221/214/279 199/209/248 191/208/280
s 0
f 183/237/281 214/228/281 206/225/281
s 1
f 231/238/282 212/217/283 209/230/284
s 0
f 204/215/285 230/239/285 207/223/285
f 215/229/286 217/240/286 233/241/286
s 1
f 225/242/287 228/243/288 214/228/289
f 228/243/288 210/222/290 214/228/289
f 204/215/266 211/227/291 230/239/292
s 0
f 215/235/293 219/234/293 222/244/293
f 203/220/294 210/222/294 228/243/294
f 214/228/295 183/237/295 223/245/295
f 206/225/296 207/223/296 183/237/296
f 217/246/297 215/235/297 222/244/297
f 229/247/298 183/237/298 207/223/298
s 1
f 233/241/299 195/212/300 215/229/301
s 0
f 231/248/302 209/233/302 218/232/302
f 207/223/303 230/239/303 229/247/303
f 218/232/304 203/220/304 228/243/304
s 1
f 222/244/305 235/249/306 217/246/307
s 0
f 226/250/308 224/251/308 183/252/308
f 221/253/309 191/226/309 227/254/309
s 1
f 219/234/310 212/236/283 231/255/282
f 237/256/311 183/257/312 229/258/313
s 0
f 191/226/314 195/212/314 227/254/314
f 257/259/315 231/248/315 218/232/315
f 223/260/316 183/252/316 224/251/316
f 183/257/317 237/256/317 226/261/317
s 1
f 227/254/318 195/212/300 233/241/319
f 234/262/320 214/263/320 223/264/320
f 214/263/321 234/262/322 225/265/323
s 0
f 223/260/324 224/251/324 237/256/324
s 1
f 249/266/325 257/267/326 236/268/327
f 218/232/328 228/243/329 236/269/330
s 0
f 221/253/331 227/254/331 211/270/331
s 1
f 235/271/306 233/241/332 217/240/307
f 241/272/333 238/273/334 240/274/335
f 242/275/336 239/276/336 238/273/336
f 238/273/337 241/272/338 242/275/339
f 242/275/339 241/272/338 248/277/340
s 0
f 325/278/341 243/279/341 240/274/341
f 243/279/342 325/278/342 244/280/342
s 1
f 240/274/343 243/279/344 246/281/345
f 247/282/346 320/283/347 246/281/348
f 243/279/344 236/268/349 246/281/345
f 236/268/350 243/279/351 249/266/352
s 0
f 243/279/353 244/280/353 247/284/353
s 1
f 246/281/345 236/268/349 252/285/354
f 247/282/355 246/281/355 252/285/356
s 0
f 243/279/357 247/284/357 249/266/357
f 247/282/358 252/285/358 261/286/358
f 219/234/359 231/255/359 254/287/359
f 222/244/360 219/234/360 254/287/360
f 231/255/361 257/288/361 261/289/361
f 249/266/362 247/284/362 257/267/362
f 257/259/363 218/232/363 236/269/363
s 1
f 229/258/364 230/290/365 259/291/366
f 259/291/367 230/290/365 211/292/368
s 0
f 258/293/369 233/241/369 235/271/369
s 1
f 253/294/370 237/256/311 229/258/313
s 0
f 235/249/371 222/244/371 254/287/371
f 257/267/372 247/284/372 261/295/372
f 233/241/373 258/293/373 256/296/373
f 251/297/374 234/262/374 223/264/374
f 211/270/375 227/254/375 259/298/375
s 1
f 225/242/287 252/299/376 228/243/288
f 255/300/377 251/297/378 223/264/379
s 0
f 223/260/380 237/256/380 253/294/380
s 1
f 236/269/330 228/243/381 252/299/382
f 253/294/383 229/258/384 259/291/385
s 0
f 254/287/386 231/255/386 261/289/386
s 1
f 227/254/387 233/241/388 256/296/389
f 234/262/390 251/297/391 225/265/323
f 259/298/392 227/254/393 256/296/394
f 260/301/395 259/298/392 256/296/394
s 0
f 235/249/396 254/287/396 258/302/396
f 252/299/397 225/242/397 251/303/397
f 259/304/398 260/305/398 226/306/398
f 264/307/399 252/285/399 251/308/399
s 1
f 254/287/400 261/289/401 263/309/402
s 0
f 226/261/403 237/256/403 262/310/403
s 1
f 258/293/404 260/301/405 256/296/406
f 258/302/407 254/287/400 263/309/402
s 0
f 255/300/408 223/264/408 253/311/408
s 1
f 262/312/409 259/304/410 226/306/411
f 237/256/412 224/251/413 262/310/414
f 263/313/415 261/286/415 265/314/415
f 265/314/416 252/285/417 264/307/418
s 0
f 224/251/419 226/250/419 260/315/419
s 1
f 252/285/417 265/314/416 261/286/420
f 262/310/414 224/251/413 260/315/421
f 258/316/404 263/317/422 260/318/405
s 0
f 269/319/423 262/310/423 260/315/423
s 1
f 265/320/424 264/321/425 278/322/426
f 255/300/427 253/311/427 266/323/427
s 0
f 266/323/428 253/311/428 268/324/428
s 1
f 267/325/429 253/326/383 259/304/385
f 267/325/430 259/304/410 262/312/409
s 0
f 262/312/431 269/327/431 267/325/431
s 1
f 253/311/432 267/328/429 268/324/433
s 0
f 251/329/434 273/330/434 264/321/434
s 1
f 273/331/435 251/297/378 255/300/377
s 0
f 269/332/436 260/318/436 270/333/436
f 270/334/437 263/335/437 265/320/437
f 260/318/438 263/317/438 270/333/438
s 1
f 275/336/439 182/197/440 181/196/441
f 181/196/442 271/337/443 272/338/444
f 277/339/445 271/337/446 181/196/447
f 182/197/440 275/336/439 276/340/448
f 274/341/449 181/196/450 272/338/451
s 0
f 266/323/452 268/324/452 255/300/452
f 255/198/453 182/197/453 273/342/453
s 1
f 264/321/425 273/330/454 278/322/426
f 273/342/455 182/197/455 276/340/455
f 275/336/456 181/196/457 274/341/449
f 268/324/433 267/328/429 180/343/458
f 255/300/229 180/343/459 281/344/460
f 267/328/429 269/332/461 180/343/458
s 0
f 255/300/462 268/324/462 180/343/462
s 1
f 276/340/463 275/336/464 279/345/465
s 0
f 269/332/466 270/333/466 180/343/466
s 1
f 279/345/467 275/336/456 274/341/449
f 277/339/445 181/196/447 281/346/468
f 255/198/229 281/346/460 181/196/227
s 0
f 270/334/469 265/320/469 280/347/469
s 1
f 265/320/470 278/322/426 280/347/471
f 271/337/446 277/339/445 289/348/472
f 281/344/473 180/343/474 270/333/475
f 270/334/476 282/349/477 281/346/478
f 287/350/479 282/349/480 270/334/481
f 297/351/482 279/352/467 274/353/449
f 278/322/426 273/330/454 283/354/483
f 276/355/463 279/352/465 297/351/484
s 0
f 284/356/485 282/349/485 287/350/485
s 1
f 270/334/481 280/347/486 287/350/479
f 274/353/449 272/357/451 297/351/482
f 273/358/454 276/355/487 297/351/488
f 272/357/451 290/359/489 285/360/490
s 0
f 281/346/491 282/349/491 286/361/491
s 1
f 289/348/472 277/339/445 281/346/468
s 0
f 286/361/492 282/349/492 284/356/492
f 286/361/493 284/356/493 287/350/493
s 1
f 273/358/454 297/351/488 283/362/483
f 272/357/451 285/360/490 297/351/482
f 290/359/489 272/357/451 294/363/494
f 272/357/444 271/364/443 294/363/495
f 287/350/496 280/347/471 296/365/497
f 287/350/496 296/365/497 291/366/498
f 278/322/426 296/365/497 280/347/471
f 278/322/426 283/354/483 296/365/497
f 289/348/499 281/346/500 286/361/501
f 288/367/502 295/368/503 271/364/446
f 289/348/499 286/361/501 293/369/504
f 271/364/446 289/370/472 302/371/505
f 288/367/502 271/364/446 302/371/505
s 0
f 300/372/506 285/360/506 290/359/506
s 1
f 295/368/503 288/367/502 302/371/505
f 303/373/507 283/362/483 297/351/488
s 0
f 300/372/508 290/359/508 301/374/508
s 1
f 294/363/509 271/364/443 295/368/510
s 0
f 294/363/511 295/368/511 179/375/511
s 1
f 302/371/512 289/370/499 293/376/504
f 293/369/513 286/361/514 287/350/515
f 179/375/516 295/368/517 304/377/518
f 307/378/519 297/351/482 285/360/490
f 309/379/520 302/371/512 293/376/504
f 302/371/521 304/377/522 295/368/523
f 293/369/513 287/350/515 309/380/524
s 0
f 285/360/525 300/372/525 312/381/525
f 300/372/526 301/374/526 312/381/526
f 301/374/527 290/359/527 312/381/527
s 1
f 313/382/528 294/363/529 179/375/530
f 309/380/524 287/350/515 291/366/531
s 0
f 290/359/532 294/363/532 312/381/532
s 1
f 309/195/524 291/383/531 306/384/533
f 285/360/534 312/381/535 307/378/519
f 179/375/536 304/377/537 308/385/538
s 0
f 178/194/539 310/193/539 311/386/539
s 1
f 313/382/528 179/375/536 308/385/538
s 0
f 294/363/540 313/382/540 312/381/540
s 1
f 309/195/541 306/384/542 310/193/543
s 0
f 304/377/544 302/371/544 309/379/544
f 309/195/545 178/194/545 311/386/545
s 1
f 291/383/498 296/387/497 314/388/546
f 296/387/497 283/389/483 314/388/546
f 283/389/483 303/390/507 314/388/546
f 315/391/547 310/193/548 306/384/549
s 0
f 307/378/550 312/381/550 316/392/550
s 1
f 311/386/551 310/193/548 315/391/552
f 306/384/553 291/383/498 314/388/546
f 297/351/488 307/378/554 321/393/555
f 303/373/507 297/351/488 321/393/555
s 0
f 316/392/556 312/381/556 313/382/556
f 309/195/557 311/386/557 315/391/557
s 1
f 248/394/558 303/373/559 321/393/560
f 308/385/538 304/377/537 309/379/561
s 0
f 307/378/562 316/392/562 321/393/562
f 316/392/563 313/382/563 308/385/563
f 309/379/564 318/395/564 308/385/564
f 318/395/565 309/379/565 315/396/565
s 1
f 332/397/566 314/388/567 303/390/568
f 303/390/568 248/398/569 332/397/566
s 0
f 320/283/570 240/274/570 246/281/570
f 327/399/571 247/284/571 244/280/571
s 1
f 240/274/572 238/273/572 177/400/572
s 0
f 238/273/573 239/276/573 177/400/573
s 1
f 248/394/558 321/393/560 331/401/574
f 240/274/335 323/402/575 241/272/333
s 0
f 323/402/576 240/274/576 320/283/576
f 325/278/577 240/274/577 177/400/577
s 1
f 322/403/578 316/392/579 308/385/580
s 0
f 327/399/581 244/280/581 325/278/581
f 242/404/582 334/405/582 330/406/582
s 1
f 242/404/583 248/394/584 331/401/585
s 0
f 239/276/586 242/275/586 177/400/586
f 308/385/587 318/395/587 322/403/587
s 1
f 306/384/553 322/407/588 315/391/589
f 248/398/590 241/408/591 323/409/592
s 0
f 320/410/593 247/284/593 327/399/593
s 1
f 321/393/560 316/392/594 331/401/574
s 0
f 318/395/595 315/396/595 322/403/595
s 1
f 322/407/588 306/384/553 314/388/546
f 332/397/596 248/398/590 323/409/592
f 316/392/597 322/403/598 331/401/599
s 0
f 332/397/600 323/409/600 336/411/600
s 1
f 322/407/601 314/388/602 332/397/603
f 327/399/604 325/278/605 328/412/606
f 177/413/607 242/414/608 339/415/609
f 322/407/601 332/397/603 337/416/610
s 0
f 323/409/611 320/417/611 336/411/611
f 325/418/612 177/413/612 335/419/612
s 1
f 177/413/613 339/415/609 335/419/614
s 0
f 242/404/615 330/406/615 339/420/615
s 1
f 242/404/616 341/421/617 334/405/618
f 341/421/619 242/404/583 331/401/585
f 331/422/599 322/407/598 337/416/620
f 336/411/621 320/417/622 338/423/623
f 320/410/622 327/399/624 338/424/623
s 0
f 337/416/625 332/397/625 336/411/625
s 1
f 327/399/604 328/412/606 338/424/626
f 340/425/627 330/406/628 334/405/618
f 336/411/629 342/426/630 176/427/631
f 330/406/628 340/425/627 339/420/632
f 342/426/630 336/411/629 338/423/633
f 325/418/605 349/428/634 328/429/606
f 358/430/635 338/423/626 328/431/606
f 343/432/636 335/433/637 339/434/638
f 176/427/631 342/426/630 174/435/639
s 0
f 346/436/640 348/437/640 349/428/640
s 1
f 353/438/641 347/439/642 346/436/643
f 350/440/644 349/428/645 348/437/646
f 348/437/647 346/436/648 347/439/649
f 349/428/634 350/440/650 328/429/606
f 348/437/647 347/439/649 352/441/651
s 0
f 351/442/652 343/432/652 344/443/652
s 1
f 173/444/653 340/425/627 334/405/618
f 346/436/643 349/428/654 353/438/641
s 0
f 349/428/655 325/418/655 335/419/655
f 175/445/656 350/446/656 352/447/656
s 1
f 342/426/630 338/423/657 175/448/658
f 350/440/659 353/449/660 328/429/661
f 347/439/642 353/438/641 361/450/662
f 174/435/639 342/426/630 175/448/658
s 0
f 349/428/663 335/419/663 353/438/663
s 1
f 352/441/664 350/440/644 348/437/646
f 359/451/665 357/452/666 351/442/667
f 351/442/667 357/452/666 356/453/668
f 379/454/669 372/455/670 357/456/671
f 334/405/618 341/421/617 173/444/653
f 331/422/672 337/416/673 355/457/674
s 0
f 337/416/675 336/411/675 355/457/675
s 1
f 335/433/676 343/432/677 351/442/678
f 174/458/639 175/445/658 352/447/679
f 347/439/680 361/450/681 352/441/682
f 328/429/661 353/449/660 358/459/683
f 356/460/684 357/456/671 372/455/670
f 360/461/685 175/448/658 338/423/657
f 360/461/686 338/423/626 358/430/635
s 0
f 358/462/687 353/438/687 335/419/687
s 1
f 339/420/688 340/425/689 383/463/690
f 341/464/691 331/422/692 355/457/674
f 343/432/636 339/434/638 383/465/693
f 352/447/694 355/466/695 176/467/631
f 176/427/631 355/457/695 336/411/696
s 0
f 351/442/697 344/443/697 359/451/697
s 1
f 175/468/698 360/469/699 350/470/700
f 362/471/701 386/472/702 365/473/703
f 386/472/702 369/474/704 365/473/703
s 0
f 369/474/705 386/472/705 370/475/705
f 386/472/706 362/471/706 371/476/706
s 1
f 370/475/707 368/477/708 385/478/709
f 370/475/707 367/479/710 368/477/708
s 0
f 370/475/711 386/472/711 367/479/711
s 1
f 376/480/712 365/473/703 382/481/713
f 173/482/714 341/464/715 373/483/716
f 365/473/703 376/480/712 362/471/701
f 383/463/717 340/425/689 173/444/718
f 341/464/719 355/457/720 384/484/721
f 358/485/722 335/433/676 360/486/723
f 360/486/723 335/433/676 351/442/678
f 381/487/724 356/460/684 372/455/670
f 371/476/725 362/471/701 375/488/726
f 352/447/682 361/489/681 391/490/727
f 353/438/728 350/470/700 360/469/699
f 375/488/726 362/471/701 376/480/712
f 373/483/729 341/464/730 384/484/721
f 368/477/731 372/491/732 379/492/733
s 0
f 353/438/734 360/469/734 361/450/734
s 1
f 382/481/713 365/473/703 369/474/735
f 385/478/736 368/477/731 379/492/733
f 171/493/737 357/452/666 359/451/665
f 176/467/738 174/458/738 352/447/738
f 392/494/739 351/442/678 356/453/740
s 0
f 372/491/741 368/477/741 381/495/741
f 344/443/742 171/493/742 359/451/742
s 1
f 383/465/743 344/443/744 343/432/745
f 371/476/725 375/488/726 388/496/746
s 0
f 173/497/747 373/498/747 383/499/747
f 384/500/748 355/466/748 352/447/748
s 1
f 386/472/749 371/476/725 388/496/746
f 375/488/726 376/480/712 388/496/746
f 357/456/671 445/501/750 379/454/669
f 378/502/751 393/503/752 356/453/740
f 388/496/746 376/480/712 382/481/713
f 384/500/753 352/447/754 391/490/755
f 369/474/756 370/475/757 390/504/758
f 171/493/759 344/443/744 383/465/743
f 361/505/760 360/486/761 351/442/678
f 378/506/751 356/460/740 381/487/762
f 391/490/755 373/498/763 384/500/753
f 392/494/739 361/505/760 351/442/678
f 369/474/756 390/504/758 382/481/764
f 373/498/765 391/490/755 383/499/766
f 393/503/767 378/502/768 380/507/769
f 391/490/770 397/508/771 383/499/772
s 0
f 172/509/773 361/489/773 392/510/773
s 1
f 398/511/774 388/512/746 382/513/713
s 0
f 395/514/775 385/478/775 379/492/775
s 1
f 397/508/771 361/489/776 172/509/776
f 370/475/777 385/478/778 395/514/779
f 171/515/780 383/499/781 397/508/782
f 390/504/783 370/475/784 395/514/785
f 368/516/708 367/517/710 400/518/786
s 0
f 395/514/787 379/492/787 396/519/787
f 398/511/788 382/513/788 390/520/788
s 1
f 391/490/770 361/489/776 397/508/771
f 422/521/789 172/509/790 392/510/791
s 0
f 367/517/792 386/522/792 400/518/792
s 1
f 445/501/793 357/456/666 171/523/737
f 397/508/794 172/509/790 422/521/789
f 356/453/740 393/503/752 392/494/739
f 386/522/749 388/512/746 398/511/774
s 0
f 400/518/795 398/511/795 390/520/795
s 1
f 400/518/796 390/520/783 395/524/785
s 0
f 400/518/797 386/522/797 398/511/797
f 411/525/798 415/526/798 410/527/798
f 407/528/799 402/529/799 404/530/799
f 405/531/800 404/530/800 402/529/800
f 403/532/801 404/530/801 405/531/801
s 1
f 407/533/802 410/527/803 413/534/804
s 0
f 409/535/805 403/532/805 405/531/805
f 402/529/806 407/528/806 414/536/806
s 1
f 413/537/804 414/536/807 407/528/802
s 0
f 170/538/808 404/539/808 403/540/808
s 1
f 407/533/809 404/539/810 411/525/811
s 0
f 402/529/812 414/536/812 416/541/812
s 1
f 411/525/811 410/527/813 407/533/809
s 0
f 404/539/814 425/542/814 411/525/814
f 415/526/815 413/534/815 410/527/815
f 402/529/816 416/541/816 405/531/816
f 425/542/817 404/539/817 170/538/817
f 409/535/818 412/543/818 403/532/818
f 412/543/819 409/535/819 417/544/819
f 413/537/820 415/545/820 414/536/820
s 1
f 412/546/821 170/538/822 403/540/823
f 409/535/824 405/531/825 417/544/826
f 420/547/827 415/526/828 401/548/829
s 0
f 414/536/830 415/545/830 416/541/830
s 1
f 417/544/826 405/531/825 423/549/831
f 381/550/832 368/516/833 441/551/834
f 462/552/835 396/519/836 379/492/837
f 171/515/780 397/508/782 437/553/838
f 428/554/839 380/507/840 417/544/841
s 0
f 405/531/842 416/541/842 423/549/842
s 1
f 416/541/843 415/545/828 420/555/827
f 426/556/844 395/524/845 435/557/846
f 395/524/845 399/558/847 435/557/846
f 395/514/848 396/519/848 399/559/848
f 396/519/836 462/552/835 442/560/849
f 401/548/829 415/526/828 411/525/850
s 0
f 411/525/851 425/542/851 429/561/851
s 1
f 426/556/852 400/518/796 395/524/785
s 0
f 423/549/853 416/541/853 420/555/853
s 1
f 401/548/829 411/525/850 429/561/854
f 441/551/834 368/516/833 400/518/855
f 417/544/841 380/507/840 412/543/856
f 169/562/857 168/188/858 449/563/859
f 445/564/860 171/515/861 436/181/862
f 436/181/862 171/515/861 437/553/863
f 392/494/739 393/503/752 432/565/864
s 0
f 433/566/865 423/549/865 420/555/865
f 425/542/866 170/538/866 438/567/866
s 1
f 422/521/867 392/510/868 459/568/869
s 0
f 428/554/870 433/566/870 481/569/870
s 1
f 420/547/871 401/548/872 473/570/873
f 437/553/874 397/508/794 422/521/789
f 393/503/767 380/507/769 469/571/875
f 428/554/839 417/544/841 433/566/876
f 170/538/822 412/546/821 438/567/877
s 0
f 435/557/878 441/551/878 426/556/878
s 1
f 399/558/879 421/191/880 454/572/881
f 399/559/882 396/519/836 442/560/849
f 442/560/883 462/552/884 431/573/885
f 379/492/837 445/574/886 462/552/835
s 0
f 400/518/887 426/556/887 441/551/887
s 1
f 399/558/879 454/572/881 435/557/888
f 449/563/889 168/188/890 421/190/880
s 0
f 440/575/891 443/576/891 431/573/891
s 1
f 432/565/892 393/503/767 469/571/875
f 421/190/880 399/577/879 449/563/889
s 0
f 439/578/893 431/573/893 443/576/893
s 1
f 469/571/894 380/507/840 428/554/839
s 0
f 429/561/895 425/542/895 447/579/895
f 463/580/896 439/578/896 443/576/896
s 1
f 392/581/868 446/582/897 459/583/869
f 392/581/739 432/584/864 446/582/898
s 0
f 417/544/899 423/549/899 433/566/899
s 1
f 421/191/880 169/189/900 458/585/901
f 441/551/902 435/557/903 164/586/904
f 466/587/905 169/588/857 449/589/859
s 0
f 463/580/906 443/576/906 444/590/906
f 443/576/907 451/591/907 444/590/907
f 443/576/908 440/575/908 451/591/908
f 401/548/909 429/561/909 473/570/909
f 447/579/910 425/542/910 438/567/910
s 1
f 448/592/911 435/557/912 454/572/913
f 399/577/882 442/593/849 449/563/914
f 458/594/915 435/595/912 448/596/911
f 454/572/881 421/191/880 458/585/901
s 0
f 454/597/916 453/598/916 448/599/916
f 458/600/917 448/599/917 455/601/917
f 448/599/918 453/598/918 455/601/918
f 454/602/919 458/600/919 455/601/919
f 456/603/920 455/601/920 453/598/920
s 1
f 456/604/921 453/605/922 457/606/923
s 0
f 454/602/924 455/601/924 456/603/924
f 453/605/925 454/607/925 169/608/925
f 457/606/926 453/605/926 169/608/926
f 454/607/927 456/609/927 169/608/927
f 169/610/928 456/604/928 458/594/928
f 458/594/929 456/604/929 466/611/929
s 1
f 456/604/921 457/606/923 466/611/930
s 0
f 457/606/931 169/608/931 466/611/931
s 1
f 437/553/932 422/521/867 484/612/933
f 431/573/885 439/578/934 442/560/883
s 0
f 444/590/935 452/613/935 463/580/935
s 1
f 428/554/839 481/569/936 469/571/894
f 380/614/937 378/506/938 778/615/939
f 435/595/940 458/594/941 466/611/942
f 466/587/943 449/589/944 470/616/945
s 0
f 440/575/946 431/573/946 482/617/946
s 1
f 438/567/947 412/546/856 380/618/840
f 378/506/751 381/487/762 778/615/948
f 437/553/863 484/612/949 436/181/862
f 474/619/950 164/586/904 435/557/903
s 0
f 452/613/951 444/590/951 480/620/951
s 1
f 480/620/952 444/590/953 451/591/954
s 0
f 431/573/955 462/552/955 482/617/955
s 1
f 462/552/956 445/574/957 468/621/958
s 0
f 471/622/959 472/180/959 491/623/959
s 1
f 422/521/867 459/568/869 484/612/933
s 0
f 475/624/960 477/625/960 476/626/960
f 475/624/961 476/626/961 474/627/961
f 474/627/962 476/626/962 477/625/962
f 477/628/963 475/629/963 478/630/963
f 164/586/964 474/619/964 477/628/964
s 1
f 479/631/965 461/632/966 494/633/967
s 0
f 461/632/968 463/580/968 480/620/968
s 1
f 471/622/969 436/181/216 472/180/215
f 144/634/970 459/583/971 446/582/972
s 0
f 477/628/973 478/630/973 164/586/973
s 1
f 463/580/974 461/632/975 479/631/976
s 0
f 463/580/977 452/613/977 480/620/977
f 482/617/978 462/552/978 468/621/978
f 475/624/979 474/627/979 478/635/979
s 1
f 439/578/980 463/580/974 479/631/976
f 482/617/981 451/591/954 440/575/982
s 0
f 471/622/983 491/623/983 483/636/983
f 481/637/984 433/638/984 473/570/984
s 1
f 433/638/985 420/547/986 473/570/987
f 468/621/958 445/574/957 502/639/988
f 485/640/989 436/181/990 471/622/991
f 738/641/992 164/642/904 478/643/993
f 480/620/952 451/591/954 482/617/994
f 481/644/936 505/645/995 469/646/894
f 441/551/902 164/586/904 738/647/992
f 474/648/996 435/595/940 466/611/942
f 470/649/997 449/650/998 679/651/999
s 0
f 439/578/1000 479/631/1000 494/633/1000
s 1
f 494/633/967 461/632/966 480/620/1001
f 714/652/1002 438/567/947 380/618/840
f 673/653/1003 459/583/971 144/634/970
f 380/654/840 160/655/1004 714/656/1002
f 380/657/937 778/658/939 913/659/1005
f 445/564/860 436/181/862 493/660/1006
s 0
f 473/570/1007 429/561/1007 447/579/1007
s 1
f 502/661/1008 445/564/1009 493/660/1010
f 436/181/990 485/640/989 493/660/1011
f 505/645/995 481/644/936 497/662/1012
s 0
f 155/170/1013 154/173/1013 161/663/1013
s 1
f 381/550/1014 441/551/902 738/647/992
f 442/560/1015 439/578/1016 494/633/1017
s 0
f 471/622/1018 483/636/1018 485/640/1018
f 486/664/1019 483/636/1019 671/665/1019
s 1
f 472/180/1020 489/666/1021 498/667/1022
s 0
f 163/176/1023 155/170/1023 161/663/1023
f 161/663/1024 154/173/1024 500/668/1024
s 1
f 738/641/992 478/643/993 474/669/1025
f 449/670/914 442/560/849 501/671/1026
f 491/623/1027 472/180/1020 498/667/1022
s 0
f 499/672/1028 489/666/1028 472/180/1028
s 1
f 495/673/1029 446/582/1030 432/584/864
f 714/656/1002 160/655/1004 675/674/1031
s 0
f 160/655/1032 159/177/1032 163/176/1032
s 1
f 466/587/943 470/616/945 704/675/1033
f 480/620/1034 482/617/1035 501/671/1036
s 0
f 485/640/1037 483/636/1037 486/664/1037
f 144/634/1038 446/582/1038 495/673/1038
s 1
f 162/175/1039 152/167/1040 676/676/1041
s 0
f 472/180/1042 490/179/1042 687/677/1042
s 1
f 436/181/862 484/612/949 490/179/1043
f 474/669/996 466/587/942 738/641/1044
f 442/560/1015 494/633/1017 501/671/1045
s 0
f 491/623/1046 498/667/1046 671/665/1046
s 1
f 498/667/1047 489/666/1048 499/672/1049
f 484/612/1050 459/568/971 673/678/1003
f 672/679/1051 152/167/1052 149/166/1053
f 512/680/1054 513/681/1055 508/682/1056
f 509/683/1057 515/684/1058 513/681/1059
f 515/684/1060 509/683/1061 506/685/1062
f 513/681/1063 512/680/1064 510/686/1065
f 513/681/1059 515/684/1058 508/682/1066
f 506/685/1062 511/687/1067 515/684/1068
s 0
f 514/688/1069 512/680/1069 508/682/1069
s 1
f 516/689/1070 670/690/1071 518/691/1072
f 668/692/1073 516/689/1070 518/691/1072
s 0
f 670/690/1074 516/689/1074 517/693/1074
s 1
f 669/694/1075 518/691/1072 670/690/1071
f 517/693/1076 516/689/1077 667/695/1078
f 527/696/1079 531/697/1080 528/698/1081
f 528/698/1081 531/697/1080 530/699/1082
s 0
f 529/700/1083 528/698/1083 530/699/1083
s 1
f 532/701/1084 528/702/1085 529/703/1086
f 527/696/1087 533/704/1088 531/697/1080
s 0
f 528/702/1089 532/701/1089 526/705/1089
s 1
f 532/701/1084 529/703/1086 535/706/1090
s 0
f 525/707/1091 526/705/1091 544/708/1091
f 526/705/1092 532/701/1092 544/708/1092
s 1
f 535/706/1090 529/703/1086 543/709/1093
s 0
f 536/710/1094 527/696/1094 528/698/1094
f 528/702/1095 526/705/1095 536/711/1095
f 538/712/1096 526/705/1096 525/707/1096
f 540/713/1097 535/714/1097 543/715/1097
s 1
f 533/704/1088 527/696/1087 537/716/1098
s 0
f 532/701/1099 535/706/1099 541/717/1099
f 530/699/1100 543/715/1100 529/700/1100
f 544/708/1101 532/701/1101 541/717/1101
f 535/714/1102 540/713/1102 542/718/1102
s 1
f 531/697/1080 533/704/1088 530/699/1082
s 0
f 539/719/1103 536/711/1103 526/705/1103
s 1
f 537/716/1104 527/696/1105 536/710/1106
f 538/712/1107 525/707/1108 544/708/1109
s 0
f 542/720/1110 541/717/1110 535/706/1110
s 1
f 547/721/1111 542/718/1112 554/722/1113
f 546/723/1114 541/717/1115 542/720/1116
f 548/724/1117 542/725/1118 547/726/1119
s 0
f 542/718/1120 540/713/1120 554/722/1120
f 543/715/1121 545/727/1121 540/713/1121
s 1
f 543/715/1122 530/699/1123 572/728/1124
f 539/719/1125 526/705/1126 538/712/1127
f 533/704/1088 537/716/1098 568/729/1128
f 547/726/1119 550/730/1129 548/724/1117
f 544/708/1130 541/717/1131 546/723/1132
s 0
f 555/731/1133 546/732/1133 542/725/1133
s 1
f 540/713/1134 545/727/1135 556/733/1136
f 572/728/1124 530/699/1123 533/704/1137
s 0
f 550/730/1138 553/734/1138 548/724/1138
f 561/735/1139 550/736/1139 547/737/1139
f 543/715/1140 572/728/1140 545/727/1140
s 1
f 538/712/1127 544/708/1141 559/738/1142
f 557/739/1143 544/708/1144 546/723/1145
s 0
f 542/725/1146 548/724/1146 555/731/1146
s 1
f 548/724/1147 564/740/1148 555/731/1149
s 0
f 561/735/1150 560/741/1150 550/736/1150
s 1
f 553/734/1151 550/730/1152 517/742/1153
f 564/740/1148 548/724/1147 553/734/1154
f 540/713/1134 556/733/1136 554/722/1155
f 533/704/1137 568/729/1156 572/728/1124
f 559/738/1142 539/719/1125 538/712/1127
f 552/743/1157 508/744/1158 553/734/1159
f 557/745/1160 546/732/1161 563/746/1162
s 0
f 557/747/1163 560/741/1163 561/735/1163
s 1
f 556/733/1136 545/727/1135 572/728/1164
f 569/748/1165 568/749/1128 537/750/1098
f 559/738/1166 544/708/1144 557/739/1143
f 539/751/1125 570/752/1167 567/753/1168
f 557/739/1143 561/754/1169 524/755/1170
f 536/756/1171 539/751/1125 567/753/1168
f 570/757/1167 539/719/1125 559/738/1142
f 559/738/1166 557/739/1143 524/755/1170
f 547/721/1111 554/722/1113 524/758/1172
f 561/754/1173 547/759/1174 524/755/1172
f 571/760/1175 568/749/1176 569/748/1165
f 556/733/1136 572/728/1164 576/761/1177
f 524/758/1172 554/722/1113 576/761/1178
s 0
f 577/762/1179 567/753/1179 570/752/1179
s 1
f 576/763/1177 572/764/1164 575/765/1180
f 554/722/1155 556/733/1136 576/761/1177
f 569/748/1181 537/750/1182 536/756/1183
f 572/764/1124 568/749/1156 580/766/1184
f 559/738/1166 524/755/1170 570/757/1185
f 575/765/1180 572/764/1164 580/766/1186
f 536/756/1171 567/753/1168 577/762/1187
f 612/767/1188 569/748/1189 582/768/1190
f 569/748/1189 536/756/1191 582/768/1190
f 581/769/1192 524/758/1172 576/761/1178
s 0
f 580/766/1193 568/749/1193 571/760/1193
f 581/770/1194 576/763/1194 583/771/1194
s 1
f 571/760/1195 569/748/1189 612/767/1188
f 576/763/1177 575/765/1180 578/772/1196
s 0
f 582/773/1197 523/774/1197 612/775/1197
s 1
f 536/756/1198 577/762/1198 570/752/1198
f 578/772/1199 575/765/1180 580/766/1186
s 0
f 611/776/1200 536/756/1200 570/752/1200
s 1
f 584/777/1201 586/778/1202 585/779/1203
f 586/778/1202 587/780/1204 585/779/1203
f 585/779/1205 587/780/1206 589/781/1207
f 597/782/1208 589/781/1207 587/780/1206
f 585/779/1209 595/783/1210 584/777/1211
f 584/777/1212 595/783/1213 592/784/1214
s 0
f 596/785/1215 585/779/1215 589/781/1215
s 1
f 586/786/1216 592/787/1217 587/788/1218
f 592/784/1214 586/778/1219 584/777/1212
f 592/787/1214 595/789/1213 591/790/1220
f 592/787/1214 591/790/1220 593/791/1221
f 587/788/1218 592/787/1222 598/792/1223
f 585/779/1224 596/785/1225 595/783/1210
f 594/793/1226 591/790/1220 595/789/1213
s 0
f 597/794/1227 587/788/1227 598/792/1227
f 599/795/1228 597/782/1228 602/796/1228
s 1
f 593/791/1221 591/790/1220 594/793/1226
s 0
f 605/797/1229 595/783/1229 596/785/1229
f 589/781/1230 597/782/1230 599/795/1230
s 1
f 599/795/1231 602/796/1232 601/798/1233
f 603/799/1234 594/793/1226 595/789/1213
s 0
f 596/785/1235 589/781/1235 599/795/1235
s 1
f 522/800/1236 594/801/1226 613/802/1237
f 601/798/1233 602/796/1232 606/803/1238
f 598/792/1239 592/787/1240 604/804/1241
f 630/805/1242 617/806/1243 594/801/1226
s 0
f 599/795/1244 601/798/1244 609/807/1244
f 602/808/1245 597/794/1245 598/792/1245
s 1
f 594/793/1226 522/809/1236 593/791/1221
f 592/787/1214 593/791/1221 522/809/1236
f 605/797/1246 596/785/1247 599/795/1248
s 0
f 583/771/1249 578/772/1249 580/766/1249
s 1
f 523/774/1250 601/798/1233 606/803/1238
s 0
f 606/803/1251 602/796/1251 615/810/1251
f 599/795/1252 609/807/1252 623/811/1252
f 610/812/1253 523/774/1253 582/773/1253
s 1
f 582/768/1190 536/756/1191 611/776/1254
f 581/813/1192 570/752/1255 524/814/1256
f 583/771/1257 576/763/1177 578/772/1196
s 0
f 523/774/1258 606/803/1258 612/775/1258
s 1
f 620/815/1259 602/808/1260 598/792/1261
f 594/801/1226 617/806/1243 613/802/1237
f 580/766/1262 571/760/1195 612/767/1188
f 616/816/1263 602/808/1260 620/815/1259
f 570/752/1264 581/813/1265 624/817/1266
f 598/792/1261 604/804/1267 620/815/1259
s 0
f 617/806/1268 627/818/1268 619/819/1268
f 615/810/1269 602/796/1269 616/820/1269
f 595/783/1270 605/797/1270 626/821/1270
s 1
f 623/811/1271 605/797/1246 599/795/1248
f 601/798/1272 610/812/1273 609/807/1274
f 601/798/1275 523/774/1276 610/812/1277
f 610/812/1278 582/773/1279 614/822/1280
s 0
f 583/771/1281 580/766/1281 621/823/1281
s 1
f 603/799/1282 595/789/1283 626/824/1284
s 0
f 609/807/1285 614/822/1285 623/811/1285
f 611/776/1286 570/752/1286 624/817/1286
s 1
f 604/804/1241 592/787/1240 522/809/1287
s 0
f 582/768/1288 611/776/1288 624/817/1288
s 1
f 621/823/1289 580/766/1262 612/767/1188
s 0
f 606/825/1290 615/826/1290 622/827/1290
s 1
f 619/819/1291 627/818/1292 625/828/1293
f 581/770/1265 583/771/1294 621/823/1295
s 0
f 622/827/1296 615/826/1296 616/829/1296
f 613/802/1297 617/806/1297 619/819/1297
s 1
f 630/830/1242 594/793/1226 603/799/1234
s 0
f 612/831/1298 606/825/1298 622/827/1298
f 620/832/1299 604/833/1299 629/834/1299
s 1
f 609/807/1300 610/812/1278 614/822/1280
f 581/770/1265 621/823/1301 624/835/1266
f 628/836/1302 639/837/1303 626/821/1284
f 635/838/1304 623/811/1305 614/822/1306
s 0
f 626/821/1307 605/797/1307 628/836/1307
s 1
f 628/836/1308 605/797/1309 631/839/1310
f 582/773/1311 624/840/1312 644/841/1313
f 617/806/1314 630/805/1315 627/818/1316
f 635/838/1304 614/822/1306 582/773/1317
f 612/831/1318 622/827/1319 621/842/1320
f 621/842/1321 622/827/1322 634/843/1323
s 0
f 634/843/1324 622/827/1324 616/829/1324
s 1
f 627/818/1325 521/844/1326 625/828/1327
f 603/799/1282 626/824/1284 639/845/1303
f 604/833/1328 522/800/1329 636/846/1330
s 0
f 637/847/1331 613/802/1331 619/819/1331
s 1
f 627/818/1316 630/805/1315 633/848/1332
s 0
f 605/797/1333 623/811/1333 635/838/1333
s 1
f 624/849/1334 621/842/1335 653/850/1336
s 0
f 629/834/1337 604/833/1337 636/846/1337
s 1
f 616/829/1338 620/851/1339 634/843/1340
f 619/819/1291 638/852/1341 637/847/1342
f 633/848/1343 521/844/1344 627/818/1345
s 0
f 630/805/1346 603/853/1346 633/848/1346
s 1
f 640/854/1347 634/843/1340 620/851/1339
s 0
f 640/855/1348 620/832/1348 629/834/1348
s 1
f 638/852/1341 619/819/1291 625/828/1293
f 644/841/1313 635/838/1349 582/773/1311
f 522/800/1329 613/802/1350 636/846/1330
f 636/846/1330 613/802/1350 637/847/1351
f 631/839/1310 605/797/1309 635/838/1352
f 653/850/1336 621/842/1335 645/856/1353
f 639/837/1354 628/836/1355 631/839/1356
s 0
f 650/857/1357 640/855/1357 629/834/1357
s 1
f 639/837/1354 631/839/1356 648/858/1358
s 0
f 629/834/1359 636/846/1359 646/859/1359
s 1
f 625/828/1327 521/844/1326 651/860/1360
f 521/844/1344 633/848/1343 647/861/1361
s 0
f 647/862/1362 633/863/1362 603/864/1362
s 1
f 648/858/1363 603/864/1364 639/837/1365
f 644/841/1366 631/839/1367 635/838/1368
f 649/865/1369 624/849/1370 653/850/1371
f 647/862/1372 603/864/1373 648/858/1363
f 646/859/1374 636/846/1375 637/847/1342
f 648/858/1358 631/839/1367 644/841/1366
s 0
f 621/842/1376 634/843/1376 645/856/1376
f 645/856/1377 634/843/1377 640/854/1377
s 1
f 645/866/1378 640/855/1378 650/857/1378
s 0
f 629/834/1379 646/859/1379 650/857/1379
s 1
f 637/847/1342 638/852/1341 646/859/1374
f 625/828/1293 651/860/1380 638/852/1341
f 651/860/1360 521/844/1326 647/861/1381
f 624/849/1370 649/865/1369 644/867/1382
f 646/859/1383 638/852/1341 657/868/1384
f 638/852/1341 651/860/1380 657/868/1384
s 0
f 645/866/1385 652/869/1385 653/870/1385
f 658/871/1386 647/862/1386 644/841/1386
f 644/841/1387 647/862/1387 648/858/1387
f 644/872/1388 649/873/1388 658/874/1388
f 651/875/1389 647/862/1389 658/871/1389
f 655/876/1390 645/866/1390 650/857/1390
f 649/873/1391 653/870/1391 652/869/1391
f 658/874/1392 649/873/1392 652/869/1392
f 650/857/1393 646/859/1393 657/868/1393
f 652/869/1394 645/866/1394 655/876/1394
f 655/876/1395 650/857/1395 657/868/1395
f 652/869/1396 655/876/1396 658/874/1396
s 1
f 651/875/1397 658/871/1398 520/877/1399
s 0
f 651/860/1400 520/878/1400 657/868/1400
f 660/879/1401 658/874/1401 655/876/1401
f 657/868/1402 664/880/1402 655/876/1402
f 658/874/1403 660/879/1403 659/881/1403
f 664/880/1404 657/868/1404 520/878/1404
s 1
f 658/871/1398 659/882/1405 520/877/1399
s 0
f 660/879/1406 655/876/1406 664/880/1406
f 659/883/1407 660/884/1407 661/885/1407
f 659/883/1408 661/885/1408 663/886/1408
f 664/887/1409 661/888/1409 660/889/1409
f 520/890/1410 659/883/1410 663/886/1410
f 520/890/1411 663/886/1411 519/891/1411
f 664/887/1412 520/890/1412 519/891/1412
f 668/692/1413 661/888/1413 664/887/1413
f 661/885/1414 518/892/1414 663/886/1414
f 701/893/1415 519/891/1415 663/886/1415
s 1
f 664/887/1416 519/891/1417 668/692/1418
s 0
f 661/888/1419 668/692/1419 518/691/1419
s 1
f 668/692/1418 519/891/1417 701/893/1420
f 506/685/1421 470/616/1422 511/687/1423
f 517/742/1076 552/743/1157 553/734/1159
f 670/690/1424 517/693/1153 550/736/1152
f 555/731/1425 563/746/1162 546/732/1161
f 552/743/1157 565/894/1426 508/744/1158
f 513/681/1427 510/686/1428 666/895/1429
f 514/896/1430 508/744/1158 565/894/1426
s 0
f 501/671/1431 482/617/1431 468/621/1431
s 1
f 483/636/1432 491/623/1432 671/665/1432
f 498/667/1047 503/897/1433 671/665/1434
s 0
f 499/672/1435 472/180/1435 687/677/1435
s 1
f 497/662/1012 481/644/936 697/898/1436
f 714/652/1002 447/579/1437 438/567/1438
s 0
f 161/663/1439 500/668/1439 675/674/1439
s 1
f 719/899/1440 380/657/937 913/659/1005
f 666/895/1441 509/683/1057 513/681/1059
s 0
f 516/689/1442 668/692/1442 667/695/1442
s 1
f 669/900/1075 686/901/1443 518/892/1072
f 501/671/1036 494/633/1444 480/620/1034
s 0
f 663/886/1445 518/892/1445 701/893/1445
f 515/684/1446 511/687/1446 470/616/1446
s 1
f 473/570/1447 447/579/1437 714/652/1002
f 149/166/1448 160/172/1449 672/679/1450
f 160/902/1004 380/657/840 672/903/1451
f 788/904/1452 512/905/1453 514/906/1454
s 0
f 560/907/1455 557/745/1455 563/746/1455
s 1
f 495/908/1456 432/909/1457 469/910/1458
s 0
f 481/637/1459 473/570/1459 697/911/1459
s 1
f 689/912/1460 510/913/1461 512/905/1462
f 514/896/1430 565/894/1426 143/914/1463
s 0
f 550/736/1464 690/915/1464 670/690/1464
s 1
f 498/667/1047 499/672/1049 503/897/1433
f 134/130/178 699/916/1465 673/157/179
f 132/131/1466 134/130/1467 144/153/1468
s 0
f 505/917/1469 682/918/1469 683/919/1469
f 705/920/1470 683/919/1470 682/918/1470
f 705/920/1471 682/918/1471 684/921/1471
s 1
f 473/570/1447 714/652/1002 697/911/1472
s 0
f 675/674/1473 163/176/1473 161/663/1473
s 1
f 380/657/840 719/899/1474 672/903/1451
f 686/901/1443 669/900/1075 695/922/1475
f 564/740/1476 553/734/1477 696/923/1478
f 468/621/958 502/639/988 725/924/1479
s 0
f 675/674/1480 160/655/1480 163/176/1480
s 1
f 666/925/1429 510/926/1428 685/927/1481
f 510/913/1461 689/912/1460 685/928/1482
f 565/894/1426 552/743/1157 143/914/1463
f 550/736/1483 560/741/1484 690/915/1485
f 696/923/1478 553/734/1477 508/744/1486
s 0
f 139/929/1487 140/930/1487 736/931/1487
f 682/918/1488 694/932/1488 688/933/1488
f 682/918/1489 505/917/1489 694/932/1489
s 1
f 694/934/1490 505/645/995 497/662/1491
f 152/167/1052 672/679/1051 676/676/1492
f 738/641/1493 466/587/943 704/675/1033
f 701/893/1494 667/695/1495 668/692/1496
s 0
f 670/690/1497 690/915/1497 669/694/1497
s 1
f 696/935/1498 508/682/1499 515/684/1500
f 486/664/1501 671/665/1502 485/640/1503
f 485/640/1504 671/665/1502 503/897/1505
f 712/936/1506 490/179/1507 484/612/949
f 692/937/1508 484/612/1050 673/678/1003
s 0
f 138/147/1509 139/929/1509 141/146/1509
f 141/146/1510 139/929/1510 736/931/1510
f 736/931/1511 140/930/1511 144/938/1511
s 1
f 778/658/948 381/939/762 738/940/1512
f 788/941/1452 514/896/1454 678/942/1513
s 0
f 695/922/1514 669/900/1514 690/943/1514
f 679/651/1515 734/944/1515 703/945/1515
s 1
f 679/651/999 449/650/998 734/944/1516
f 687/677/1517 503/897/1518 499/672/1519
s 0
f 684/921/1520 682/918/1520 688/933/1520
s 1
f 142/946/1521 724/947/1522 755/948/1523
s 0
f 512/905/1524 788/904/1524 689/912/1524
f 563/746/1525 555/731/1525 564/740/1525
s 1
f 132/131/1526 144/153/1527 141/155/1528
f 724/947/1522 697/898/1529 714/949/1530
f 143/914/1463 552/743/1157 517/742/1076
f 564/740/1531 696/923/1532 698/950/1533
f 449/670/914 501/671/1026 725/924/1479
f 725/924/1534 502/639/1535 709/951/1536
s 0
f 490/179/1537 712/936/1537 687/677/1537
s 1
f 132/952/1526 141/146/1528 736/931/1538
f 762/953/1539 469/646/894 505/645/995
s 0
f 705/920/1540 684/921/1540 717/954/1540
s 1
f 755/948/1523 724/947/1522 714/949/1530
f 560/907/1484 563/746/1541 690/955/1485
f 708/956/1542 515/684/1543 470/616/1544
s 0
f 134/957/1545 133/137/1545 137/136/1545
f 132/143/1546 736/958/1546 137/144/1546
s 1
f 720/959/1547 695/922/1548 690/943/1549
f 698/960/1533 696/961/1532 765/962/1550
f 708/956/1551 696/935/1498 515/684/1500
f 703/945/1552 131/963/1553 711/964/1554
f 502/965/1008 493/966/1010 749/967/1555
f 503/897/1518 687/677/1556 485/640/1557
f 730/968/1558 692/969/1559 673/157/179
s 0
f 731/970/1560 500/178/1560 162/175/1560
s 1
f 757/971/1561 703/945/1552 711/964/1554
f 493/660/1562 485/640/1563 687/677/1564
f 484/612/1050 692/937/1508 713/972/1565
s 0
f 495/973/1566 736/931/1566 144/938/1566
s 1
f 755/948/1523 718/974/1567 818/975/1568
f 514/896/1430 143/914/1463 678/942/1569
s 0
f 732/976/1570 701/893/1570 518/892/1570
f 782/977/1571 678/978/1571 666/925/1571
f 690/955/1572 563/746/1572 564/740/1572
s 1
f 679/651/1573 703/945/1574 773/979/1575
f 493/660/1562 687/677/1564 712/936/1576
f 712/936/1506 484/612/949 726/980/1577
f 130/981/1578 755/982/1579 714/656/1580
f 143/983/1463 517/693/1076 667/695/1078
s 0
f 729/984/1581 757/971/1581 733/985/1581
f 733/985/1582 757/971/1582 711/964/1582
f 711/964/1583 131/963/1583 733/985/1583
f 703/945/1584 734/944/1584 131/963/1584
s 1
f 740/986/1585 709/951/1586 502/639/1587
f 162/175/1039 676/676/1041 731/970/1588
f 676/987/1589 672/903/1451 719/899/1474
s 0
f 518/892/1590 686/901/1590 732/976/1590
s 1
f 765/962/1550 745/988/1591 698/960/1533
f 501/671/1026 468/621/958 725/924/1479
f 771/989/1592 688/933/1593 694/932/1594
f 142/946/1521 755/948/1523 855/990/1595
f 690/955/1549 564/740/1596 698/950/1533
s 0
f 773/979/1597 703/945/1597 757/971/1597
s 1
f 739/991/1598 709/951/1599 740/986/1585
f 699/916/1600 134/130/1601 767/992/1602
f 771/993/1603 694/934/1490 497/662/1491
s 0
f 744/994/1604 704/675/1604 470/616/1604
s 1
f 143/983/1463 667/695/1078 759/995/1605
f 690/955/1549 698/950/1533 760/996/1606
f 128/997/1607 708/956/1608 470/616/1609
f 734/944/1516 449/650/998 725/998/1610
s 0
f 709/951/1611 739/991/1611 747/999/1611
f 747/1000/1612 739/991/1612 748/1001/1612
s 1
f 739/991/1598 740/986/1585 748/1001/1613
f 502/1002/1614 721/1003/1615 741/1004/1616
f 721/1003/1617 769/1005/1618 741/1004/1619
f 730/968/1558 673/157/179 699/916/1465
s 0
f 137/1006/1620 736/1007/1620 134/130/1620
s 1
f 705/920/1621 717/954/1622 737/1008/1623
s 0
f 686/901/1624 695/922/1624 720/959/1624
f 747/999/1625 748/1001/1625 709/951/1625
s 1
f 709/1009/1626 748/1010/1613 768/1011/1627
f 748/1010/1613 740/1012/1585 768/1011/1627
s 0
f 740/1012/1628 502/1002/1628 741/1004/1628
s 1
f 502/1002/1614 735/1013/1629 721/1003/1630
f 134/130/1631 736/1007/1631 767/992/1631
f 495/1014/1632 779/1015/1633 736/1016/1634
f 793/1017/1635 705/920/1621 737/1008/1623
f 724/947/1522 142/946/1521 845/1018/1636
f 678/978/1569 143/1019/1463 759/1020/1605
f 776/1021/1637 741/1004/1619 769/1005/1638
f 761/1022/1639 776/1021/1640 769/1005/1641
f 749/967/1555 493/966/1010 712/1023/1506
f 862/1024/1642 713/972/1643 692/937/1644
s 0
f 730/968/1645 699/916/1645 742/1025/1645
s 1
f 505/917/1646 683/919/1647 752/1026/1648
s 0
f 759/1020/1649 666/925/1649 678/978/1649
s 1
f 667/695/1495 701/893/1494 759/995/1650
f 725/998/1651 709/1027/1536 768/1028/1652
f 683/919/1653 705/920/1653 793/1017/1653
f 697/898/1529 724/947/1522 497/662/1654
f 718/1029/1655 755/982/1579 815/1030/1656
f 744/994/1657 470/616/1422 506/685/1421
f 732/976/1658 686/901/1659 720/959/1660
f 690/943/1549 760/1031/1606 720/959/1547
f 484/612/1661 713/972/1662 774/1032/1663
s 0
f 692/1033/1664 730/1034/1664 830/1035/1664
s 1
f 752/1026/1648 683/919/1665 763/1036/1666
f 724/947/1522 845/1018/1636 497/662/1654
f 815/1030/1656 755/982/1579 130/981/1578
s 0
f 509/1037/1667 666/925/1667 759/1020/1667
s 1
f 689/912/1668 745/988/1591 765/962/1550
f 733/985/1669 131/963/1669 734/944/1669
f 866/1038/1670 734/944/1516 914/1039/1671
f 721/1003/1615 735/1013/1629 770/1040/1672
f 749/967/1555 712/1023/1506 726/1041/1577
s 0
f 862/1042/1673 692/1033/1673 830/1035/1673
f 717/1043/1674 684/1044/1674 780/1045/1674
s 1
f 130/981/1578 714/656/1580 772/1046/1675
f 470/649/997 679/651/999 128/1047/1676
s 0
f 731/970/1677 675/1048/1677 500/178/1677
f 506/685/1678 509/683/1678 744/994/1678
s 1
f 756/1049/1679 759/995/1650 701/893/1494
s 0
f 701/893/1680 782/1050/1680 756/1049/1680
s 1
f 760/1051/1606 698/960/1533 745/988/1591
s 0
f 729/984/1681 773/979/1681 757/971/1681
s 1
f 762/953/1539 505/645/995 752/1052/1682
s 0
f 683/919/1683 793/1017/1683 763/1036/1683
s 1
f 738/641/1493 704/675/1033 744/994/1684
s 0
f 775/1053/1685 708/956/1685 128/997/1685
f 129/1054/1686 729/984/1686 733/985/1686
f 767/992/1687 736/1007/1687 789/1055/1687
s 1
f 781/1056/1688 771/1057/1603 878/1058/1689
f 818/975/1690 718/974/1691 758/1059/1692
f 758/1059/1692 718/974/1691 784/1060/1693
f 130/981/1578 772/1046/1675 815/1030/1656
s 0
f 745/988/1694 689/912/1694 788/904/1694
s 1
f 774/1032/1663 726/980/1695 484/612/1661
f 699/916/1696 767/992/1697 848/1061/1698
s 0
f 736/1016/1699 779/1015/1699 789/1062/1699
s 1
f 842/1063/1700 779/1015/1633 495/1014/1632
f 855/990/1595 755/948/1523 818/975/1568
f 758/1059/1701 777/1064/1702 856/1065/1703
f 732/976/1658 720/959/1660 837/1066/1704
f 788/1067/1705 678/1068/1706 782/1069/1707
f 679/651/1708 773/979/1709 816/1070/1710
f 734/944/1516 725/998/1610 914/1039/1671
f 774/1032/1711 713/972/1712 850/1071/1713
s 0
f 742/1025/1714 699/916/1714 848/1061/1714
f 780/1045/1715 737/1072/1715 717/1043/1715
s 1
f 856/1065/1703 777/1064/1702 864/1073/1716
f 731/1074/1717 676/987/1589 719/899/1474
f 782/1050/1718 701/893/1719 732/976/1720
f 720/959/1547 760/1031/1606 837/1066/1721
f 732/1075/1658 837/1076/1704 787/1077/1722
f 760/1051/1606 745/988/1591 837/1078/1721
s 0
f 741/1004/1723 776/1021/1723 841/1079/1723
f 769/1005/1724 721/1003/1724 770/1040/1724
s 1
f 850/1071/1713 713/972/1712 862/1024/1725
f 688/933/1593 771/989/1592 786/1080/1726
f 684/921/1727 688/933/1727 786/1080/1727
s 0
f 752/1026/1728 763/1036/1728 793/1017/1728
f 794/1081/1729 684/1044/1729 786/1082/1729
f 793/1083/1730 737/1072/1730 790/1084/1730
f 780/1045/1731 684/1044/1731 794/1081/1731
f 792/1085/1732 786/1086/1732 771/1087/1732
f 781/1088/1733 752/1089/1733 791/1090/1733
f 752/1089/1734 793/1091/1734 791/1090/1734
s 1
f 790/1084/1735 737/1072/1736 780/1045/1737
f 790/1084/1735 780/1045/1737 794/1081/1738
f 798/1092/1739 771/1087/1740 781/1088/1741
f 791/1093/1742 793/1083/1742 790/1084/1742
s 0
f 801/1094/1743 796/1095/1743 795/1096/1743
s 1
f 792/1085/1744 771/1087/1745 798/1092/1746
s 0
f 794/1081/1747 786/1082/1747 790/1084/1747
s 1
f 786/1082/1748 792/1097/1749 803/1098/1750
f 803/1098/1751 792/1097/1752 796/1095/1753
f 786/1082/1748 803/1098/1750 790/1084/1754
f 803/1098/1751 796/1095/1753 801/1094/1755
s 0
f 798/1092/1756 781/1088/1756 803/1099/1756
f 803/1099/1757 781/1088/1757 791/1090/1757
f 796/1095/1758 792/1097/1758 804/1100/1758
f 802/1101/1759 797/1102/1759 795/1096/1759
f 805/1103/1760 795/1096/1760 796/1095/1760
f 791/1093/1761 790/1084/1761 803/1098/1761
f 801/1094/1762 795/1096/1762 797/1102/1762
f 796/1095/1763 804/1100/1763 805/1103/1763
f 792/1085/1764 798/1092/1764 800/1104/1764
f 801/1094/1765 797/1102/1765 806/1105/1765
s 1
f 797/1102/1766 802/1101/1767 809/1106/1768
f 800/1104/1769 798/1092/1770 814/1107/1771
f 806/1105/1772 797/1102/1766 809/1106/1768
f 798/1092/1770 803/1099/1773 814/1107/1771
f 803/1098/1774 801/1094/1755 807/1108/1775
s 0
f 795/1096/1776 805/1103/1776 802/1101/1776
f 801/1094/1777 806/1105/1777 807/1108/1777
f 806/1105/1778 809/1106/1778 808/1109/1778
s 1
f 804/1110/1779 792/1085/1780 849/1111/1781
f 800/1104/1782 849/1111/1781 792/1085/1780
s 0
f 814/1107/1783 803/1099/1783 807/1112/1783
f 843/1113/1784 808/1114/1784 809/1115/1784
f 809/1106/1785 802/1101/1785 805/1103/1785
f 806/1105/1786 808/1109/1786 807/1108/1786
s 1
f 843/1113/1787 809/1115/1788 812/1116/1789
f 809/1115/1788 805/1117/1790 812/1116/1789
f 666/925/1429 685/927/1481 787/1077/1791
f 788/1067/1705 782/1069/1718 732/1075/1720
f 745/988/1792 788/904/1793 837/1078/1794
s 0
f 817/1118/1795 785/1119/1795 129/1054/1795
f 773/979/1796 729/984/1796 129/1054/1796
f 866/1038/1797 733/985/1797 734/944/1797
s 1
f 768/1011/1798 740/1012/1799 841/1079/1800
s 0
f 776/1021/1801 761/1022/1801 847/1120/1801
s 1
f 762/1121/1539 752/1122/1682 781/1123/1688
s 0
f 807/1124/1802 808/1114/1802 126/1125/1802
f 758/1059/1803 839/1126/1803 777/1064/1803
s 1
f 880/1127/1804 675/1128/1031 731/1074/1717
s 0
f 837/1078/1805 788/904/1805 685/1129/1805
s 1
f 765/962/1806 696/961/1807 708/1130/1808
f 773/979/1809 129/1054/1810 785/1119/1811
s 0
f 741/1004/1812 841/1079/1812 740/1012/1812
s 1
f 502/965/1614 749/967/1813 828/1131/1814
f 758/1059/1815 784/1060/1816 836/1132/1817
s 0
f 782/977/1818 666/925/1818 756/1133/1818
s 1
f 847/1120/1819 769/1005/1641 813/1134/1820
s 0
f 769/1005/1821 770/1040/1821 813/1134/1821
s 1
f 805/1117/1822 804/1135/1823 844/1136/1824
f 800/1137/1825 781/1056/1688 878/1058/1689
f 818/975/1690 758/1059/1692 851/1138/1826
s 0
f 865/1139/1827 864/1073/1827 777/1064/1827
s 1
f 815/1030/1656 784/1140/1828 718/1029/1655
s 0
f 787/1077/1829 685/927/1829 788/1067/1829
s 1
f 773/979/1809 785/1119/1811 816/1070/1830
s 0
f 129/1054/1831 733/985/1831 866/1038/1831
s 1
f 769/1005/1641 847/1120/1819 761/1022/1639
f 502/965/1614 828/1131/1814 735/1141/1629
s 0
f 824/1142/1832 820/1143/1832 825/1144/1832
f 820/1143/1833 821/1145/1833 825/1144/1833
s 1
f 821/1145/1834 822/1146/1835 823/1147/1836
s 0
f 821/1145/1837 820/1143/1837 822/1146/1837
f 825/1144/1838 821/1145/1838 823/1147/1838
s 1
f 822/1146/1839 820/1143/1840 824/1142/1841
f 823/1148/1836 822/1149/1835 829/1150/1842
f 861/1151/1843 822/1149/1839 824/1152/1841
f 829/1150/1842 822/1149/1835 861/1151/1844
s 0
f 824/1142/1845 825/1144/1845 827/1153/1845
f 827/1154/1846 825/1155/1846 826/1156/1846
f 825/1155/1847 823/1157/1847 826/1156/1847
f 826/1156/1848 823/1157/1848 829/1158/1848
s 1
f 828/1159/1849 826/1156/1850 735/1160/1851
f 735/1160/1852 826/1156/1853 829/1158/1854
s 0
f 861/1151/1855 824/1152/1855 827/1161/1855
f 833/1162/1856 832/1163/1856 835/1164/1856
s 1
f 833/1162/1857 834/1165/1857 832/1163/1857
s 0
f 789/1166/1858 833/1162/1858 835/1164/1858
f 834/1165/1859 833/1162/1859 831/1167/1859
f 833/1162/1860 789/1166/1860 831/1167/1860
s 1
f 851/1138/1861 758/1059/1701 856/1065/1703
f 880/1127/1804 731/1074/1717 719/899/1474
f 744/994/1862 509/683/1863 759/1168/1864
f 756/1133/1865 666/925/1429 787/1077/1866
s 0
f 787/1077/1867 788/1067/1867 732/1075/1867
f 914/1039/1868 725/998/1868 768/1028/1868
s 1
f 768/1011/1798 841/1079/1800 857/1169/1869
f 770/1040/1672 735/1013/1629 868/1170/1870
s 0
f 827/1154/1871 826/1156/1871 828/1159/1871
s 1
f 127/1171/1872 726/1041/1873 874/1172/1874
f 726/1173/1695 774/1174/1663 874/1175/1875
f 880/1176/1804 714/656/1002 675/674/1031
f 778/658/948 738/940/1512 928/1177/1876
s 0
f 846/1178/1877 685/928/1877 689/912/1877
f 841/1079/1878 776/1021/1878 847/1120/1878
s 1
f 730/968/1879 742/1025/1880 875/1179/1881
f 742/1025/1880 848/1061/1882 875/1179/1881
s 0
f 789/1166/1883 779/1180/1883 831/1167/1883
s 1
f 800/1137/1825 878/1058/1689 849/1181/1884
f 142/946/1521 855/990/1595 845/1018/1636
s 0
f 865/1139/1885 777/1064/1885 839/1126/1885
s 1
f 689/912/1886 765/962/1806 708/1130/1808
f 914/1039/1887 768/1028/1798 867/1182/1888
s 0
f 789/1055/1889 835/1183/1889 767/992/1889
f 814/1184/1890 807/1124/1890 126/1125/1890
s 1
f 844/1136/1891 804/1135/1892 849/1181/1893
f 907/1185/1894 864/1186/1895 879/1187/1896
f 759/1168/1864 756/1188/1897 744/994/1862
f 744/1189/1862 756/1133/1897 787/1077/1898
f 708/1130/1808 846/1178/1899 689/912/1900
s 0
f 817/1118/1901 816/1070/1901 785/1119/1901
s 1
f 124/1190/1902 830/1035/1903 875/1191/1904
f 767/992/1905 835/1183/1906 831/1192/1907
f 842/1063/1700 834/1193/1908 779/1015/1633
f 126/1194/1909 781/1123/1688 800/1195/1825
s 0
f 800/1196/1910 814/1184/1910 126/1125/1910
s 1
f 864/1186/1895 865/1197/1911 879/1187/1896
s 0
f 836/1132/1912 839/1126/1912 758/1059/1912
f 813/1134/1913 770/1040/1913 868/1170/1913
s 1
f 749/967/1813 726/1041/1873 127/1171/1872
f 831/1198/1914 835/1164/1915 834/1199/1916
f 842/1200/1917 495/908/1456 469/910/1458
f 878/1201/1689 771/993/1603 852/1202/1918
f 853/1203/1919 854/1204/1920 771/993/1603
f 854/1204/1920 852/1202/1918 771/993/1603
s 0
f 830/1035/1921 730/1034/1921 875/1191/1921
f 779/1205/1922 859/1206/1922 831/1192/1922
s 1
f 779/1205/1923 834/1207/1924 859/1206/1925
f 878/1201/1689 852/1202/1918 854/1208/1920
f 854/1208/1920 853/1203/1919 497/662/1491
f 853/1203/1919 771/993/1603 497/662/1491
f 784/1140/1828 815/1030/1656 772/1046/1675
s 0
f 129/1054/1926 866/1038/1926 817/1118/1926
s 1
f 768/1028/1798 857/1209/1869 867/1182/1888
f 868/1170/1870 735/1013/1629 858/1210/1927
f 862/1042/1928 830/1035/1929 124/1190/1902
s 0
f 767/992/1930 831/1192/1930 859/1206/1930
s 1
f 834/1199/1924 835/1164/1931 859/1211/1925
s 0
f 844/1136/1932 843/1113/1932 812/1116/1932
s 1
f 878/1201/1689 854/1208/1920 497/662/1491
f 772/1046/1675 714/656/1580 880/1176/1933
f 913/659/1934 778/658/1935 928/1177/1936
s 0
f 846/1178/1937 708/1130/1937 775/1212/1937
s 1
f 904/1213/1938 775/1053/1939 128/997/1940
s 0
f 861/1214/1941 827/1154/1941 887/1215/1941
s 1
f 125/1216/1942 124/1190/1902 875/1191/1904
f 762/1121/1539 781/1123/1688 126/1194/1909
f 855/990/1943 891/1217/1944 845/1018/1945
s 0
f 846/1178/1946 837/1218/1946 685/928/1946
f 867/1182/1947 857/1209/1947 871/1219/1947
s 1
f 847/1120/1948 813/1134/1949 868/1170/1950
s 0
f 827/1154/1951 828/1159/1951 887/1215/1951
s 1
f 828/1131/1814 749/967/1813 887/1220/1952
f 749/967/1813 127/1171/1872 887/1220/1952
f 848/1061/1953 767/992/1954 859/1206/1955
s 0
f 812/1116/1956 805/1117/1956 844/1136/1956
s 1
f 846/1178/1957 775/1212/1958 904/1221/1959
f 128/1047/1676 679/651/999 968/1222/1960
f 968/1222/1960 679/651/999 816/1070/1961
s 0
f 872/128/1962 870/1223/1962 881/1224/1962
f 881/1225/1963 870/1226/1963 871/1219/1963
f 871/1219/1964 870/1226/1964 872/126/1964
s 1
f 885/1227/1965 857/1169/1869 841/1079/1800
s 0
f 735/1160/1966 829/1158/1966 861/1228/1966
f 859/1211/1967 835/1164/1967 832/1163/1967
f 857/1209/1968 881/1225/1968 871/1219/1968
s 1
f 911/1229/1969 885/1227/1970 858/1210/1971
f 127/1230/1872 874/1231/1874 883/1232/1972
f 862/1042/1928 124/1190/1902 125/1216/1942
f 878/1201/1973 497/662/1974 95/1233/1975
f 95/1233/1975 497/662/1974 845/1018/1945
s 0
f 856/1065/1976 893/1234/1976 851/1138/1976
f 735/1160/1977 861/1228/1977 887/1235/1977
s 1
f 848/1061/1953 859/1206/1978 876/1236/1979
f 832/1237/1980 834/1193/1981 842/1063/1982
f 744/1189/1862 787/1077/1898 837/1076/1983
f 920/1238/1984 883/1232/1985 874/1231/1986
f 774/1174/1711 889/1239/1987 874/1175/1986
f 859/1240/1988 832/1237/1989 890/1241/1990
f 851/1138/1826 892/1242/1991 818/975/1690
f 928/1177/1876 738/940/1512 904/1243/1992
s 0
f 816/1070/1993 817/1118/1993 866/1038/1993
s 1
f 847/1120/1948 868/1170/1994 882/1244/1995
f 832/1237/1980 842/1063/1982 890/1241/1990
s 0
f 808/1114/1996 843/1113/1996 126/1125/1996
f 856/1065/1997 864/1073/1997 893/1234/1997
s 1
f 738/1245/1998 744/1189/1999 904/1246/2000
s 0
f 904/1247/2001 128/1248/2001 910/1249/2001
f 122/123/2002 871/1219/2002 872/126/2002
s 1
f 881/1224/2003 857/1169/2004 885/1227/2005
s 0
f 841/1079/2006 847/1120/2006 882/1244/2006
s 1
f 120/1250/2007 125/1216/1942 875/1191/1904
f 848/1061/1953 876/1236/1979 901/1251/2008
f 876/1236/1979 859/1206/1978 890/1252/2009
f 868/1170/1870 858/1210/1927 882/1244/2010
f 911/1229/1969 858/1210/1971 96/1253/2011
s 0
f 96/1253/2012 858/1210/2012 898/1254/2012
s 1
f 127/1230/1872 883/1232/1972 900/1255/2013
f 901/1251/2008 875/1179/2014 848/1061/1953
s 0
f 865/1197/2015 839/1256/2015 879/1187/2015
s 1
f 744/1189/1862 837/1076/1983 846/1257/2016
f 841/1079/1800 882/1244/2010 885/1227/1965
f 858/1210/1927 735/1013/1629 922/1258/2017
f 862/1042/1928 125/1216/1942 120/1250/2007
f 762/1121/1539 126/1194/1909 917/1259/2018
f 849/1181/1884 878/1058/1689 844/1136/2019
f 836/1260/1817 784/1261/1816 958/1262/2020
f 888/1263/2021 871/1219/2022 122/123/2023
f 898/1254/2024 858/1210/2025 922/1258/2017
f 883/1232/1985 920/1238/1984 923/1264/2026
f 889/1239/1987 905/1265/2027 874/1175/1986
f 889/1239/1987 774/1174/1711 850/1266/1713
f 968/1267/2028 910/1249/2029 128/1248/2030
f 888/1263/2021 122/123/2023 123/125/2031
f 887/1268/1952 127/1269/1872 922/1258/2017
f 127/1230/1872 900/1255/2013 922/1270/2017
s 0
f 890/1271/2032 842/1272/2032 1052/1273/2032
s 1
f 891/1217/1944 95/1233/1975 845/1018/1945
f 892/1242/2033 855/990/1943 818/975/2034
f 913/659/2035 928/1177/1936 951/1274/2036
s 0
f 881/1224/2037 915/122/2037 872/128/2037
f 915/122/2038 116/117/2038 117/116/2038
s 1
f 735/1013/1629 887/1268/1952 922/1258/2017
f 892/1242/1991 851/1138/1826 964/1275/2039
f 927/1276/2040 907/1185/1894 879/1187/1896
f 902/1277/2041 784/1261/2042 772/1278/2043
s 0
f 109/106/2044 100/99/2044 115/113/2044
f 872/128/2045 915/122/2045 117/116/2045
f 909/1279/2046 894/1280/2046 850/1266/2046
f 97/1281/2047 111/101/2047 114/105/2047
s 1
f 816/1070/1961 866/1038/1670 968/1222/1960
f 867/1182/1888 871/1219/2048 888/1263/2049
f 882/1244/2010 858/1210/1927 885/1227/2050
f 120/1250/2051 875/1191/2014 916/1282/2052
f 891/1217/1944 855/990/1943 926/1283/2053
s 0
f 864/1186/2054 907/1185/2054 893/1284/2054
s 1
f 880/1127/1804 719/899/1474 940/1285/2055
f 941/1286/2056 107/103/2057 113/111/2058
s 0
f 113/111/2059 109/110/2059 115/1287/2059
f 123/129/2060 872/128/2060 117/116/2060
s 1
f 881/1224/2003 885/1227/2005 915/122/2061
f 850/1266/2062 894/1280/2063 906/1288/2064
f 850/1266/2065 862/1042/2066 944/1289/2067
f 862/1042/2066 120/1250/2068 944/1289/2067
s 0
f 924/1290/2069 879/1187/2069 839/1256/2069
s 1
f 908/1291/2070 719/899/2071 918/1292/2072
f 744/1189/1999 846/1257/2073 904/1246/2000
s 0
f 919/1293/2074 888/1294/2074 123/1295/2074
f 919/1293/2075 123/1295/2075 117/119/2075
s 1
f 117/119/2076 119/121/2076 919/1293/2076
s 0
f 119/121/2077 915/1296/2077 919/1293/2077
s 1
f 900/1255/2078 883/1232/1985 923/1264/2026
f 920/1297/1984 874/1175/1986 905/1265/2027
f 889/1239/1987 850/1266/2079 905/1265/2027
f 850/1266/2062 906/1288/2064 905/1265/2080
f 916/1282/2052 875/1191/2014 901/1298/2008
f 876/1299/2081 960/1300/2082 901/1298/2083
s 0
f 843/1113/2084 844/1136/2084 126/1125/2084
s 1
f 917/1301/2085 842/1200/1917 469/910/1458
f 469/910/894 762/1302/1539 917/1301/2018
f 110/112/2086 111/101/145 97/1281/2087
f 969/1303/2088 910/1249/2029 968/1267/2028
s 0
f 885/1304/2089 911/1305/2089 949/1306/2089
s 1
f 925/1307/2090 894/1280/2091 909/1279/2092
f 945/1308/2093 901/1298/2083 960/1300/2082
f 906/1288/2094 894/1280/2091 925/1307/2090
f 987/1309/2095 115/113/2096 110/112/2097
s 0
f 911/1229/2098 96/1253/2098 930/1310/2098
s 1
f 909/1279/2092 850/1266/2099 944/1289/2100
f 908/104/2101 107/103/2057 941/1286/2056
f 92/1311/2102 90/1312/2103 914/1039/2104
f 914/1313/1887 867/1314/1888 929/1315/2105
f 929/1315/2105 867/1314/1888 888/1294/2049
f 923/1264/2106 920/1238/2107 948/1316/2108
s 0
f 893/1284/2109 907/1185/2109 962/1317/2109
f 924/1290/2110 927/1276/2110 879/1187/2110
f 96/1253/2111 898/1254/2111 930/1310/2111
f 930/1310/2112 898/1254/2112 922/1258/2112
f 91/1318/2113 931/1319/2113 948/1316/2113
s 1
f 906/1288/2094 925/1307/2090 932/1320/2114
f 126/1125/1909 844/1136/2019 917/1321/2018
f 95/1233/1975 891/1217/1944 926/1283/2053
f 851/1138/2115 893/1234/2115 964/1275/2115
f 908/1291/2070 941/1322/2116 719/899/2071
s 0
f 937/1323/2117 936/1324/2117 938/1325/2117
s 1
f 920/1297/2118 905/1265/2119 936/1324/2120
s 0
f 839/1256/2121 836/1260/2121 924/1290/2121
s 1
f 958/1262/2122 784/1261/2042 934/1326/2123
f 784/1261/2042 902/1277/2041 934/1326/2123
f 968/1222/1960 866/1038/1670 914/1039/1671
f 915/1296/2061 885/1304/2005 949/1306/2124
s 0
f 920/1297/2125 936/1324/2125 976/1327/2125
s 1
f 936/1324/2126 937/1323/2127 976/1327/2128
f 976/1327/2128 937/1323/2127 943/1328/2129
s 0
f 937/1323/2130 938/1329/2130 943/1328/2130
f 938/1325/2131 936/1324/2131 943/1328/2131
s 1
f 943/1328/2132 936/1324/2120 905/1265/2119
f 878/1058/1689 917/1321/2018 844/1136/2019
f 926/1283/2053 855/990/1943 892/1242/2033
s 0
f 939/1330/2133 927/1276/2133 924/1290/2133
s 1
f 113/111/2134 115/1287/2135 942/1331/2136
s 0
f 951/1274/2137 719/899/2137 913/659/2137
s 1
f 1054/1332/2138 904/1247/2139 910/1249/2029
f 943/1328/2140 905/1265/2141 976/1327/2142
f 909/1279/2092 944/1289/2100 925/1307/2090
f 916/1282/2143 901/1298/2083 945/1308/2093
s 0
f 964/1333/2144 893/1284/2144 962/1317/2144
f 907/1185/2145 927/1276/2145 962/1317/2145
s 1
f 942/1334/2146 940/1335/2147 941/1336/2148
f 940/1285/2147 719/899/2149 941/1322/2148
s 0
f 97/1281/2150 114/105/2150 970/114/2150
s 1
f 915/1296/2061 949/1306/2151 93/1337/2152
f 930/1338/2153 922/1270/2154 900/1255/2155
f 905/1265/2156 906/1288/2094 932/1320/2114
f 772/1339/2043 880/1127/2157 940/1285/2158
f 942/1331/2159 115/1287/2096 987/1340/2095
f 919/1293/2160 929/1315/2105 888/1294/2049
f 930/1338/2153 900/1255/2155 923/1264/2161
f 944/1289/2162 120/1250/2051 916/1282/2052
f 960/1300/2082 876/1299/2081 1052/1273/2163
f 876/1299/2081 890/1271/2164 1052/1273/2163
f 934/1326/2123 902/1277/2041 974/1341/2165
f 928/1177/1876 904/1243/1992 978/1342/2166
f 915/1296/2061 93/1337/2152 919/1293/2160
f 931/1319/2167 91/1318/2168 94/1343/2169
s 0
f 925/1307/2170 944/1289/2170 965/1344/2170
s 1
f 944/1289/2162 916/1282/2052 977/1345/2171
f 842/1200/1917 917/1301/2085 1053/1346/2172
f 974/1341/2165 902/1277/2041 984/1347/2173
s 0
f 987/1309/2174 110/112/2174 97/1281/2174
s 1
f 92/91/2175 914/1313/1887 929/1315/2105
f 929/1315/2105 919/1293/2160 93/1337/2152
f 923/1264/2106 948/1316/2108 973/1348/2176
f 965/1344/2177 905/1265/2156 932/1320/2114
f 945/1308/2178 977/1345/2179 916/1282/2180
f 842/1349/2181 1053/1350/2182 1052/1351/2183
f 972/1352/2184 892/1353/1991 964/1333/2039
f 924/1290/2185 836/1260/2186 958/1262/2187
f 918/1292/2072 719/899/2071 951/1274/2188
f 93/1337/2189 949/1306/2190 89/1354/2191
s 0
f 962/1317/2192 927/1276/2192 939/1330/2192
f 911/1305/2193 930/1355/2193 89/1354/2193
s 1
f 930/1338/2153 923/1264/2161 975/1356/2194
f 984/1347/2173 772/1278/2043 940/1335/2158
f 941/1286/2195 113/111/2134 942/1331/2136
f 951/1274/2036 928/1177/1936 978/1342/2196
s 0
f 930/1355/2197 975/1357/2197 89/1354/2197
f 973/1348/2198 948/1316/2198 931/1319/2198
s 1
f 985/1358/2199 920/1297/2199 976/1327/2199
f 95/1233/2200 926/1283/2201 966/1359/2202
f 902/1277/2041 772/1278/2043 984/1347/2173
f 104/100/147 918/107/2203 970/114/148
f 92/91/2175 929/1315/2105 93/1337/2152
s 0
f 91/1360/2204 948/1361/2204 993/1362/2204
s 1
f 967/1363/2205 924/1290/2185 958/1262/2187
f 970/1364/2206 918/1292/2072 951/1274/2188
s 0
f 904/1247/2207 1054/1332/2207 978/1365/2207
s 1
f 981/1366/2208 931/1319/2209 94/1343/2210
s 0
f 987/1309/2211 97/1281/2211 970/114/2211
s 1
f 949/1306/2190 911/1305/2212 89/1354/2191
f 973/1348/2213 931/1319/2208 981/1366/2214
f 91/1318/2168 981/1366/2215 94/1343/2169
f 981/1367/2215 91/1360/2168 993/1362/2216
f 948/1361/2217 920/1297/2218 985/1358/2219
f 965/1344/2220 944/1289/2162 977/1345/2171
f 90/1312/2221 92/1311/110 959/1368/109
f 985/1358/2222 905/1265/2223 965/1344/2224
f 932/1320/2114 925/1307/2090 965/1344/2225
f 1063/1369/2226 969/1303/2227 968/1267/2228
f 993/1362/2229 948/1361/2230 985/1358/2231
f 945/1308/2232 960/1300/2233 991/1370/2234
f 1187/1371/2235 968/1267/2228 1219/1372/2236
f 90/1312/2103 968/1222/2237 914/1039/2104
f 975/1356/2238 923/1264/2239 1172/1373/2240
f 923/1264/2241 973/1348/2242 1172/1373/2243
f 905/1265/2223 985/1358/2222 976/1327/2244
f 1058/1374/2245 945/1308/2232 991/1370/2234
f 991/1370/2234 960/1300/2233 1052/1273/2246
f 994/1375/2247 926/1283/2201 892/1242/2248
f 940/1335/2147 942/1334/2146 987/1376/2249
f 968/1267/2228 1187/1371/2250 1063/1369/2226
f 93/1337/2251 979/1377/2252 992/89/108
s 0
f 979/1377/2253 93/1337/2253 89/1354/2253
s 1
f 1175/1378/2254 958/1262/2122 934/1326/2123
f 934/1326/2123 974/1341/2165 1175/1378/2255
f 1061/1379/2256 90/1312/2221 959/1368/109
f 1218/1380/2257 878/1201/2258 95/1233/2200
s 0
f 892/1353/2259 972/1352/2259 994/1381/2259
s 1
f 939/1330/2260 924/1290/2261 967/1363/2262
f 92/91/110 93/1337/2251 992/89/108
f 983/1382/2263 939/1330/2264 967/1363/2265
f 1064/1383/2266 959/90/2267 1043/1384/2268
f 1053/1350/2269 917/1385/2270 1034/1386/2271
f 1198/1387/2272 89/1354/2273 975/1357/2274
f 1055/1388/2275 965/1344/2220 977/1345/2171
s 0
f 962/1317/2276 939/1330/2276 964/1333/2276
s 1
f 992/89/2277 979/1377/2278 88/1389/2279
f 1035/1390/2280 975/1391/2238 1172/1392/2240
f 998/1393/2281 1016/1394/2282 1018/1395/2283
f 1001/1396/2284 1000/1397/2285 1002/1398/2286
f 1001/1396/2284 1002/1398/2286 1003/1399/2287
s 0
f 1003/1399/2288 1002/1398/2288 1004/1400/2288
s 1
f 1000/1397/2289 1001/1396/2290 1007/1401/2291
f 1000/1397/2289 1007/1401/2291 1006/1402/2292
s 0
f 1007/1401/2293 1001/1396/2293 1008/1403/2293
s 1
f 1003/1399/2294 1004/1400/2295 1005/1404/2296
f 1002/1398/2286 1000/1397/2285 1012/1405/2297
s 0
f 1000/1397/2298 1006/1402/2298 1012/1405/2298
s 1
f 1003/1399/2294 1005/1404/2296 1048/1406/2299
f 1004/1400/2300 1002/1398/2301 1012/1405/2302
s 0
f 1010/1407/2303 1012/1405/2303 1006/1402/2303
s 1
f 1007/1401/2304 1013/1408/2305 1009/1409/2306
s 0
f 1019/1410/2307 1008/1403/2307 1001/1396/2307
f 1015/1411/2308 1003/1399/2308 1048/1406/2308
s 1
f 1011/1412/2309 1012/1405/2310 1010/1407/2311
f 1006/1402/2312 1007/1401/2304 1009/1409/2306
f 1001/1396/2284 1003/1399/2287 1015/1411/2313
f 1048/1406/2314 1005/1404/2315 1033/1413/2316
f 1010/1407/2317 1006/1402/2317 1009/1409/2317
f 1018/1395/2283 1016/1394/2282 1031/1414/2318
f 1016/1394/2319 999/1415/2320 1031/1414/2321
f 1007/1401/2322 1008/1403/2323 1030/1416/2324
s 0
f 1014/1417/2325 1008/1403/2325 1019/1410/2325
s 1
f 1013/1418/2326 1007/1419/2327 999/1415/2328
s 0
f 1015/1411/2329 1019/1410/2329 1001/1396/2329
s 1
f 1023/1420/2330 1021/1421/2331 1022/1422/2332
f 1024/1423/2333 1020/1424/2334 1025/1425/2335
f 1024/1423/2333 1025/1425/2335 1021/1421/2336
s 0
f 1024/1423/2337 1021/1421/2337 1023/1420/2337
s 1
f 1022/1426/2332 1021/1427/2331 1029/1428/2338
s 0
f 1026/1429/2339 1021/1427/2339 1025/1430/2339
f 1024/1423/2340 1023/1420/2340 1028/1431/2340
s 1
f 1020/1424/2341 1024/1423/2342 1036/1432/2343
f 1023/1420/2344 1022/1422/2345 1028/1431/2346
f 1008/1403/2323 1014/1417/2347 1030/1416/2324
s 0
f 999/1415/2348 1016/1394/2348 1056/1433/2348
f 1037/1434/2349 1007/1419/2349 1030/1435/2349
s 1
f 1033/1413/2316 1005/1404/2315 1004/1400/2350
f 1004/1400/2300 1012/1405/2302 1033/1413/2351
s 0
f 999/1415/2352 1007/1419/2352 1037/1434/2352
s 1
f 999/1415/2328 1066/1436/2353 1013/1418/2326
f 1012/1405/2302 1067/1437/2354 1033/1413/2351
s 0
f 1011/1412/2355 1010/1407/2355 1009/1409/2355
f 1014/1417/2356 1019/1410/2356 997/1438/2356
s 1
f 1067/1437/2357 1012/1405/2310 1011/1412/2309
f 1009/1409/2358 1013/1408/2359 1066/1439/2360
f 1066/1436/2353 999/1415/2328 1056/1433/2361
s 0
f 1021/1427/2362 1026/1429/2362 1029/1428/2362
s 1
f 1020/1424/2341 1036/1432/2343 1195/1440/2363
f 917/1385/2018 878/1441/1689 1034/1386/2364
f 972/1352/2184 964/1333/2039 983/1382/2365
f 951/1274/2036 978/1342/2196 1165/1442/2366
f 1054/1332/2138 910/1249/2029 969/1303/2088
f 968/1222/2237 90/1312/2103 1219/1443/2367
s 0
f 1056/1444/2368 1016/1445/2368 1039/1446/2368
s 1
f 964/1333/2039 939/1330/2264 983/1382/2365
f 992/89/2277 88/1389/2279 1057/1447/2369
f 1037/1434/2370 1031/1414/2321 999/1415/2320
s 0
f 1030/1416/2371 1014/1417/2371 1038/1448/2371
s 1
f 1026/1429/2372 1025/1430/2373 1028/1449/2374
f 979/1377/2375 89/1354/2376 1177/1450/2377
f 973/1348/2242 981/1366/2378 1172/1373/2243
f 981/1367/2379 993/1362/2380 985/1358/2381
f 1058/1374/2382 1062/1451/2383 945/1308/2384
s 0
f 1180/1452/2385 1195/1453/2385 1036/1454/2385
s 1
f 1180/1452/2386 991/1370/2387 1203/1455/2388
f 975/1391/2274 1035/1390/2389 1198/1456/2272
f 1172/1457/2390 981/1367/2379 985/1358/2381
s 0
f 1024/1423/2391 1032/1458/2391 1018/1395/2391
s 1
f 1169/1459/2392 1031/1414/2393 1037/1434/2394
f 1011/1412/2309 1009/1409/2395 1074/1460/2396
f 1016/1394/2397 998/1393/2281 1040/1461/2398
f 1171/1462/2399 1018/1395/2283 1032/1458/2400
f 1049/1463/2401 81/75/89 84/83/91
f 985/1358/2402 965/1344/2220 1055/1388/2275
f 1055/1388/2403 977/1345/2179 945/1308/2178
f 1036/1454/2404 991/1370/2387 1180/1452/2386
f 1024/1423/2405 1051/1464/2406 1036/1432/2407
f 1024/1423/2408 1018/1395/2283 1031/1414/2318
f 1039/1446/2409 1016/1445/2410 72/1465/2411
f 991/1370/2234 1052/1273/2246 1203/1455/2412
f 1049/1463/2413 84/83/2414 878/1441/1689
s 0
f 1189/1466/2415 80/81/2415 86/85/2415
f 81/1467/2416 1049/88/2416 76/82/2416
s 1
f 1061/1468/2417 959/90/2267 1064/1383/2266
f 1030/1416/2418 1038/1448/2419 71/1469/2420
f 1009/1409/2358 1066/1439/2360 1074/1460/2421
f 1066/1470/2422 1056/1444/2423 1184/1471/2424
f 998/1393/2281 1018/1395/2283 1171/1462/2399
f 77/77/105 73/69/2425 1167/1472/2426
s 0
f 87/87/2427 85/84/2427 1181/1473/2427
s 1
f 972/1352/2184 983/1382/2365 1060/1474/2428
f 951/1274/2188 1165/1442/2429 970/1364/2206
f 70/1475/2430 1168/1476/2431 69/1477/2432
f 1055/1388/2403 945/1308/2178 1065/1478/2433
s 0
f 1024/1423/2434 1031/1414/2434 1051/1464/2434
s 1
f 1030/1479/2435 71/1480/2436 1184/1471/2437
s 0
f 997/1438/2438 1019/1410/2438 1015/1411/2438
s 1
f 1066/1470/2422 1184/1471/2424 71/1480/2439
s 0
f 1014/1417/2440 997/1438/2440 1015/1411/2440
s 1
f 1074/1460/2421 1066/1439/2360 1068/1481/2441
f 1066/1470/2360 71/1480/2442 1068/1482/2441
f 1072/1483/2443 71/1484/2420 1038/1485/2419
f 1067/1437/2357 1011/1412/2309 1074/1460/2396
f 1015/1411/2444 1038/1448/2445 1014/1417/2446
f 1072/1483/2443 1038/1485/2419 1069/1486/2447
f 67/1487/2448 1015/1488/2444 1048/1489/2449
f 1068/1490/2441 71/1484/2442 1072/1483/2443
f 1048/1489/2314 1033/1491/2316 1075/1492/2450
f 1038/1485/2445 1015/1488/2444 67/1487/2448
f 1033/1413/2351 1067/1437/2354 1076/1493/2451
f 1074/1494/2421 1068/1495/2441 1080/1496/2452
f 1067/1437/2357 1074/1460/2396 1076/1493/2453
f 1078/1497/2454 1048/1489/2314 1075/1492/2450
f 1075/1492/2450 1033/1491/2316 1079/1498/2455
f 68/1499/2456 1074/1494/2421 1080/1496/2452
f 1076/1500/2453 1074/1494/2396 68/1499/2457
f 1048/1489/2449 1081/1501/2458 67/1487/2448
f 1082/1502/2459 1038/1485/2445 67/1487/2448
s 0
f 1076/1500/2460 68/1499/2460 1077/1503/2460
f 1082/1502/2461 1069/1486/2461 1038/1485/2461
s 1
f 1033/1491/2351 1076/1500/2451 1079/1498/2462
f 1082/1502/2459 67/1487/2448 1081/1501/2458
f 1081/1501/2463 1048/1489/2463 1078/1497/2463
f 1080/1504/2452 1068/1490/2441 1089/1505/2464
f 1078/1497/2454 1075/1492/2450 1079/1498/2455
f 1089/1505/2464 1068/1490/2441 1072/1483/2443
f 1083/1506/2465 1081/1501/2466 1078/1497/2467
f 1079/1498/2462 1076/1500/2451 1077/1503/2468
f 1077/1503/2469 68/1499/2470 1088/1507/2471
f 1083/1506/2472 1078/1497/2473 1086/1508/2474
s 0
f 1086/1508/2475 1079/1498/2475 1087/1509/2475
s 1
f 1080/1510/2452 1089/1511/2464 1084/1512/2476
s 0
f 1079/1498/2477 1088/1507/2477 1087/1509/2477
f 1088/1507/2478 68/1499/2478 1080/1496/2478
s 1
f 1089/1505/2464 1072/1483/2443 65/1513/2479
f 1079/1498/2480 1086/1508/2474 1078/1497/2473
s 0
f 1083/1506/2481 1069/1486/2481 1082/1502/2481
s 1
f 1082/1502/2482 1081/1501/2466 1083/1506/2465
f 1079/1498/2483 1077/1503/2469 1088/1507/2471
f 66/1514/2484 1087/1515/2484 1088/1516/2484
s 0
f 1114/1517/2485 1087/1515/2485 66/1514/2485
s 1
f 1088/1518/2486 1080/1510/2487 1084/1512/2488
s 0
f 1131/1519/2489 1087/1515/2489 1114/1517/2489
s 1
f 1086/1520/2490 1087/1515/2490 1131/1519/2490
f 1072/1483/2443 1069/1486/2447 65/1513/2479
s 0
f 65/1513/2491 1069/1486/2491 1083/1506/2491
s 1
f 1114/1517/2492 66/1514/2493 1129/1521/2494
s 0
f 1096/1522/2495 1092/1523/2495 1093/1524/2495
s 1
f 1099/1525/2496 1092/1523/2497 1095/1526/2498
f 1093/1524/2499 1091/1527/2500 1094/1528/2501
f 1095/1526/2502 1092/1523/2497 1090/1529/2503
s 0
f 1090/1529/2504 1092/1523/2504 1096/1522/2504
s 1
f 1097/1530/2505 1090/1529/2505 1096/1522/2505
s 0
f 1091/1527/2506 1093/1524/2506 1110/1531/2506
f 1110/1531/2507 1093/1524/2507 1092/1523/2507
s 1
f 1108/1532/2508 1094/1528/2501 1100/1533/2509
f 1094/1528/2501 1098/1534/2510 1093/1524/2499
s 0
f 1110/1531/2511 1092/1523/2511 1099/1525/2511
s 1
f 1103/1535/2512 1108/1536/2508 1128/1537/2513
s 0
f 1097/1530/2514 1096/1522/2514 1098/1534/2514
f 1109/1538/2515 1103/1535/2515 1128/1537/2515
s 1
f 1100/1533/2509 1094/1528/2501 1091/1527/2500
f 1096/1522/2516 1093/1524/2499 1098/1534/2510
f 1108/1532/2508 1100/1533/2509 1128/1539/2513
f 1116/1540/2517 1095/1526/2518 1112/1541/2519
f 1098/1534/2510 1094/1528/2501 1108/1532/2508
s 0
f 1116/1540/2520 1110/1531/2520 1099/1525/2520
s 1
f 1099/1525/2521 1095/1526/2518 1116/1540/2517
s 0
f 1095/1526/2522 1090/1529/2522 1112/1541/2522
s 1
f 1111/1542/2523 1091/1527/2524 1110/1531/2525
f 1100/1533/2509 1091/1527/2500 1128/1539/2513
s 0
f 1116/1540/2526 1112/1541/2526 1114/1517/2526
s 1
f 1117/1543/2527 1091/1527/2524 1111/1542/2523
f 1110/1531/2528 1116/1540/2529 1118/1544/2530
s 0
f 1090/1529/2531 1097/1530/2531 1120/1545/2531
f 1111/1542/2532 1110/1531/2532 1118/1544/2532
s 1
f 1128/1539/2533 1091/1527/2524 1117/1543/2527
s 0
f 1112/1541/2534 1090/1529/2534 1120/1545/2534
f 1115/1546/2535 1103/1535/2535 1109/1538/2535
f 1109/1538/2536 1128/1537/2536 1124/1547/2536
f 1097/1530/2537 1098/1534/2537 1130/1548/2537
s 1
f 1116/1540/2538 1129/1521/2539 1119/1549/2540
f 1114/1517/2492 1129/1521/2494 1116/1540/2541
f 1108/1536/2508 1103/1535/2542 1132/1550/2543
f 1115/1546/2544 1109/1538/2545 1127/1551/2546
f 1122/1552/2547 1117/1543/2527 1111/1542/2523
f 1097/1530/2548 1130/1548/2548 1120/1545/2548
f 1130/1548/2549 1098/1534/2550 1125/1553/2551
f 1127/1551/2546 1109/1538/2545 1124/1547/2552
s 0
f 1114/1517/2553 1112/1541/2553 1120/1545/2553
s 1
f 1103/1535/2554 1115/1546/2555 1132/1550/2556
f 1118/1544/2530 1116/1540/2529 1119/1549/2557
s 0
f 1126/1554/2558 1119/1549/2558 66/1514/2558
s 1
f 1083/1506/2559 1086/1508/2559 65/1513/2559
f 1132/1555/2543 1098/1534/2510 1108/1532/2508
f 1140/1556/2560 1118/1544/2530 1119/1549/2557
s 0
f 1131/1519/2561 1114/1517/2561 1120/1545/2561
s 1
f 1115/1546/2562 1127/1551/2563 1133/1557/2564
f 1124/1547/2565 1128/1537/2533 1117/1558/2566
f 1137/1559/2567 1111/1542/2568 1118/1544/2569
f 1137/1559/2567 1118/1544/2569 1139/1560/2570
s 0
f 1119/1549/2571 1126/1554/2571 1140/1556/2571
s 1
f 1119/1549/2572 1129/1521/2573 66/1514/2574
s 0
f 1131/1519/2575 1120/1545/2575 1123/1561/2575
s 1
f 1132/1550/2556 1115/1546/2555 1133/1557/2576
f 1142/1562/2577 1127/1551/2578 1124/1547/2579
s 0
f 1118/1544/2580 1140/1556/2580 1139/1560/2580
s 1
f 1089/1511/2464 65/1563/2479 1144/1564/2581
f 1127/1551/2582 1138/1565/2583 1133/1557/2584
s 0
f 1123/1561/2585 1120/1545/2585 1130/1548/2585
s 1
f 1125/1553/2551 1098/1534/2550 1132/1555/2586
f 1125/1566/2551 1132/1550/2586 1136/1567/2587
s 0
f 1122/1552/2588 1111/1542/2588 1134/1568/2588
f 1134/1568/2589 1111/1542/2589 1137/1559/2589
s 1
f 1084/1512/2476 1089/1511/2464 1135/1569/2590
f 1146/1570/2591 1127/1551/2592 1142/1562/2577
s 0
f 1086/1520/2593 1131/1519/2593 1123/1561/2593
f 1146/1570/2594 1138/1565/2594 1127/1551/2594
s 1
f 1142/1562/2595 1117/1558/2596 1122/1571/2597
f 1140/1572/2598 1088/1518/2486 1084/1512/2488
f 1142/1562/2577 1124/1547/2579 1117/1558/2599
f 1130/1548/2549 1125/1553/2551 1136/1573/2587
s 0
f 66/1574/2600 1088/1518/2600 1126/1575/2600
s 1
f 1088/1518/2486 1140/1572/2598 1126/1575/2601
f 1141/1576/2602 1084/1512/2603 1135/1569/2604
s 0
f 1145/1577/2605 1123/1561/2605 1130/1548/2605
s 1
f 1136/1567/2587 1132/1550/2586 1133/1557/2606
f 1142/1562/2595 1122/1571/2607 1134/1578/2608
f 1140/1572/2609 1084/1512/2609 1141/1576/2609
f 1130/1548/2610 1136/1573/2611 1145/1577/2612
s 0
f 1136/1567/2613 1133/1557/2613 1138/1565/2613
s 1
f 1135/1569/2590 1089/1511/2464 1144/1564/2614
s 0
f 1144/1564/2615 65/1563/2615 1151/1579/2615
f 65/1580/2616 1086/1520/2616 1150/1581/2616
s 1
f 1145/1577/2612 1136/1573/2611 1138/1582/2617
s 0
f 1123/1561/2618 1145/1577/2618 1150/1581/2618
f 1152/1583/2619 1146/1570/2619 1142/1562/2619
f 1149/1584/2620 1142/1562/2620 1134/1578/2620
f 65/1580/2621 1150/1581/2621 1151/1585/2621
f 1150/1581/2622 1086/1520/2622 1123/1561/2622
s 1
f 1139/1586/2623 1140/1587/2624 1147/1588/2625
s 0
f 1148/1589/2626 1135/1590/2626 1140/1591/2626
f 1152/1583/2627 1142/1562/2627 1149/1584/2627
s 1
f 1147/1592/2625 1148/1589/2628 1139/1593/2623
s 0
f 1149/1584/2629 1134/1578/2629 1139/1594/2629
f 1134/1568/2630 1137/1559/2630 1139/1560/2630
f 1150/1581/2631 1145/1577/2631 1138/1582/2631
s 1
f 1149/1595/2632 1139/1593/2633 1141/1596/2634
f 1139/1593/2623 1148/1589/2628 1141/1596/2635
s 0
f 1148/1589/2636 1140/1591/2636 1141/1596/2636
s 1
f 1153/1597/2637 1149/1595/2632 1141/1596/2634
s 0
f 1148/1589/2638 1147/1592/2638 1135/1590/2638
f 1147/1588/2639 1140/1587/2639 1144/1598/2639
s 1
f 1140/1587/2640 1135/1599/2641 1144/1598/2642
f 1154/1600/2643 1146/1570/2644 1152/1583/2645
f 1135/1590/2646 1147/1592/2647 1141/1601/2648
s 0
f 1141/1596/2649 1147/1602/2649 1153/1597/2649
f 1147/1588/2650 1144/1598/2650 1153/1603/2650
f 1144/1598/2651 1151/1604/2651 1153/1603/2651
f 1151/1585/2652 1150/1581/2652 1154/1605/2652
s 1
f 1138/1582/2653 1146/1606/2644 1154/1605/2643
f 1154/1600/2654 1152/1583/2655 1157/1607/2656
s 0
f 1150/1581/2657 1138/1582/2657 1154/1605/2657
f 1157/1607/2658 1152/1583/2658 1149/1584/2658
s 1
f 1151/1604/2659 1156/1608/2660 1153/1603/2661
s 0
f 1149/1584/2662 1153/1609/2662 1157/1607/2662
f 1160/1610/2663 1157/1607/2663 1153/1609/2663
f 1151/1585/2664 1154/1605/2664 1156/1611/2664
s 1
f 1160/1610/2665 1153/1609/2661 1156/1612/2660
s 0
f 1156/1611/2666 1154/1605/2666 1159/1613/2666
s 1
f 1154/1600/2654 1157/1607/2667 1159/1614/2668
s 0
f 1157/1607/2669 1160/1610/2669 1159/1614/2669
f 1159/1615/2670 1160/1616/2670 1161/1617/2670
f 1160/1616/2671 1156/1618/2671 1162/1619/2671
f 1163/1620/2672 1162/1619/2672 1156/1618/2672
s 1
f 1163/1620/2673 1156/1618/2673 1159/1621/2673
f 1164/1622/2674 1160/1616/2675 1162/1619/2676
s 0
f 1163/1620/2677 1159/1621/2677 1194/1623/2677
f 1159/1615/2678 1161/1617/2678 1179/1624/2678
s 1
f 1160/1616/2675 1164/1622/2679 72/1465/2680
s 0
f 1161/1617/2681 1160/1616/2681 72/1465/2681
f 1164/1622/2682 1162/1619/2682 1163/1620/2682
s 1
f 72/1465/2683 1016/1445/2684 1040/1625/2685
s 0
f 1024/1423/2686 1171/1462/2686 1032/1458/2686
s 1
f 1024/1423/2687 1028/1431/2688 1171/1462/2399
f 1182/1626/2689 1063/1369/2690 1187/1371/2691
f 1050/1627/2692 1064/1383/2266 1043/1384/2268
f 1220/1628/2693 69/1477/2432 88/1389/2694
f 1058/1374/2695 991/1370/2387 1036/1454/2696
s 0
f 1059/1629/2697 1039/1446/2697 1194/1623/2697
f 1194/1623/2698 1159/1621/2698 1179/1630/2698
s 1
f 1164/1622/2699 1039/1446/2409 72/1465/2411
f 1025/1425/2373 1020/1424/2700 1028/1631/2701
f 878/1441/1689 84/83/2414 1034/1386/2364
s 0
f 1167/1632/2702 73/86/2702 87/87/2702
f 85/84/2703 80/81/2703 1189/1466/2703
s 1
f 1060/1474/2428 983/1382/2365 967/1363/2704
f 1208/1633/2705 1207/1634/2706 958/1262/2707
f 1294/1635/2708 1043/1384/2268 959/90/2267
f 1030/1479/2435 1184/1471/2437 1037/1636/2709
f 1173/1637/2710 1056/1444/2711 1039/1446/2712
f 1208/1633/2705 958/1262/2707 1175/1378/2713
f 1175/1378/2255 974/1341/2165 984/1347/2173
f 1172/1457/2714 985/1358/2402 1055/1388/2275
f 1169/1638/2715 1037/1636/2716 1173/1637/2717
s 0
f 1184/1471/2718 1056/1444/2718 1173/1637/2718
f 1039/1446/2719 1164/1622/2719 1194/1623/2719
s 1
f 72/1465/2683 1040/1625/2685 1217/1639/2720
f 998/1393/2281 1171/1462/2399 1040/1461/2398
s 0
f 77/77/2721 1167/1472/2721 84/83/2721
f 1181/1473/2722 85/84/2722 1189/1466/2722
f 1207/1634/2723 967/1363/2723 958/1262/2723
s 1
f 1176/1640/2724 69/1477/2432 1168/1476/2431
f 88/1389/2725 979/1377/2726 1177/1450/2727
f 1173/1637/2710 1039/1446/2712 1059/1629/2728
f 970/1641/2206 1165/1642/2429 987/1376/2729
f 70/1475/2730 69/1477/2432 1220/1628/2693
f 945/1308/2384 1062/1451/2383 1221/1643/2731
s 0
f 1194/1623/2732 1164/1622/2732 1163/1620/2732
s 1
f 1219/1443/2733 90/1312/2221 1061/1379/2256
f 1061/1468/2417 1064/1383/2266 1223/1644/2734
f 1057/1447/2735 88/1389/2694 1176/1640/2724
f 88/1389/2694 69/1477/2432 1176/1640/2724
f 88/1389/2725 1177/1450/2727 1220/1628/2736
f 1178/1645/2737 1062/1451/2738 1229/1646/2739
f 1051/1464/2740 1031/1414/2741 1183/1647/2742
f 1031/1414/2741 1169/1459/2743 1183/1647/2744
f 1052/1351/2183 1053/1350/2182 1185/1648/2745
f 1185/1648/2746 1053/1350/2269 1034/1386/2271
s 0
f 972/1352/2747 1060/1474/2747 994/1381/2747
s 1
f 1054/1332/2748 969/1303/2227 1063/1369/2226
f 1035/1390/2749 1172/1392/2750 1199/1649/2751
s 0
f 87/87/2752 1181/1473/2752 1196/1650/2752
s 1
f 1065/1478/2753 945/1308/2384 1221/1643/2731
f 1215/1651/2754 1062/1451/2383 1201/1652/2755
s 0
f 1195/1453/2756 1180/1452/2756 1203/1455/2756
f 1167/1632/2757 87/87/2757 1196/1650/2757
s 1
f 1165/1653/2758 978/1365/2759 1204/1654/2760
f 1211/1655/2761 1061/1468/2417 1223/1644/2734
f 1050/1627/2692 1043/1384/2268 1228/1656/2762
f 89/1354/2376 1198/1387/2763 1177/1450/2377
f 1212/1657/2764 1035/1390/2765 1199/1649/2766
s 0
f 1178/1645/2767 1226/1658/2767 1191/1659/2767
f 1178/1645/2768 1192/1660/2768 1226/1658/2768
s 1
f 1201/1652/2755 1062/1451/2383 1058/1374/2382
f 1169/1638/2769 1193/1661/2770 1216/1662/2771
f 72/1465/2772 1217/1639/2773 1210/1663/2774
f 1296/1664/2775 878/1665/2258 1218/1666/2257
f 95/1233/2200 966/1359/2202 1218/1380/2257
f 1060/1474/2428 967/1363/2704 1207/1634/2776
s 0
f 978/1365/2777 1054/1332/2777 1204/1654/2777
s 1
f 1204/1654/2778 1054/1332/2748 1063/1369/2226
f 1198/1456/2779 1035/1390/2780 1212/1657/2781
f 1190/1667/2782 1172/1457/2714 1055/1388/2275
f 1058/1374/2783 1036/1454/2784 1201/1652/2785
f 1193/1661/2770 1169/1638/2769 1173/1637/2786
f 1040/1461/2398 1171/1462/2399 1028/1431/2787
s 0
f 84/83/2788 1167/1472/2788 1196/1668/2788
s 1
f 966/1359/2202 926/1283/2201 1218/1380/2257
f 1206/1669/2789 994/1381/2790 1060/1474/2791
f 1172/1392/2750 1190/1670/2792 1199/1649/2751
f 1178/1645/2793 1191/1659/2794 1062/1451/2795
s 0
f 1192/1660/2796 1178/1645/2796 1229/1646/2796
s 1
f 1229/1646/2739 1062/1451/2738 1215/1651/2797
f 1051/1464/2406 1202/1671/2798 1036/1432/2407
f 1049/1672/2413 878/1673/1689 1296/1674/2799
f 926/1283/2201 994/1375/2247 1218/1380/2257
f 1221/1643/2800 1062/1451/2795 1191/1659/2794
f 1051/1464/2406 1183/1647/2801 1202/1671/2798
f 1169/1459/2769 1216/1675/2771 1183/1647/2802
f 1173/1637/2803 1037/1636/2804 1184/1471/2805
s 0
f 1179/1624/2806 1161/1617/2806 72/1465/2806
s 1
f 72/1465/2772 1210/1663/2807 1179/1624/2808
f 1040/1461/2398 1028/1431/2787 1217/1676/2809
f 1028/1631/2701 1020/1424/2700 1195/1440/2810
f 1217/1677/2811 1195/1678/2812 1203/1679/2813
f 1222/1680/2814 1175/1378/2255 984/1347/2173
f 1057/1447/2815 1176/1640/2724 1168/1476/2431
f 1059/1629/2816 1194/1623/2817 1224/1681/2818
f 1197/1682/2819 1175/1378/2713 1222/1680/2820
f 1223/1644/2734 1064/1383/2266 1050/1627/2692
f 1211/1655/2821 1043/1384/2268 1294/1635/2708
f 1198/1456/2779 1212/1657/2781 1225/1683/2822
s 0
f 1229/1646/2823 1214/1684/2823 1226/1658/2823
s 1
f 1217/1685/2824 1028/1631/2824 1195/1440/2824
s 0
f 1181/1473/2825 1189/1466/2825 1280/1686/2825
s 1
f 1218/1666/2826 994/1381/2790 1206/1669/2789
f 1279/1687/2827 1063/1369/2690 1182/1626/2689
f 1294/1635/2828 959/90/2829 992/89/2830
f 1190/1667/2831 1055/1388/2832 1209/1688/2833
f 84/83/2414 1196/1668/2834 1034/1386/2364
f 1060/1474/2835 1207/1634/2836 1234/1689/2837
f 1050/1627/2692 1228/1656/2762 1223/1644/2734
s 0
f 70/1475/2838 1220/1628/2838 1168/1476/2838
s 1
f 1055/1388/2832 1065/1478/2839 1209/1688/2833
s 0
f 1231/1690/2840 1226/1658/2840 1214/1684/2840
s 1
f 1216/1662/2771 1193/1661/2770 1230/1691/2841
s 0
f 1179/1630/2842 1210/1692/2842 1022/1426/2842
s 1
f 1217/1677/2811 1203/1679/2813 1383/1693/2843
s 0
f 1189/1466/2844 86/85/2844 1280/1686/2844
s 1
f 1208/1633/2705 1175/1378/2713 1197/1682/2819
f 1208/1633/2705 1197/1682/2819 1293/1694/2845
f 1297/1695/2846 1200/1696/2847 1213/1697/2848
f 992/89/2849 1057/1447/2850 1237/1698/2851
s 0
f 1280/1686/2852 86/85/2852 1049/88/2852
s 1
f 1168/1476/2853 1220/1628/2854 1237/1698/2855
f 1065/1478/2839 64/1699/2856 1209/1688/2833
s 0
f 1192/1660/2857 1229/1646/2857 1226/1658/2857
f 1193/1661/2858 1173/1637/2858 1238/1700/2858
s 1
f 1234/1689/2837 1207/1634/2836 1227/1701/2859
f 1204/1654/2860 1063/1369/2690 1279/1687/2827
f 1182/1626/2861 1200/1696/2862 1275/1702/2863
f 1275/1702/2864 1200/1696/2847 1297/1695/2846
f 1297/1695/2865 1213/1697/2866 1205/1703/2867
s 0
f 1057/1447/2868 1168/1476/2868 1237/1698/2868
s 1
f 64/67/2869 62/61/2869 1209/1704/2869
f 1243/1705/2870 1065/1478/2753 1221/1643/2731
f 984/1347/2173 940/1335/2158 1222/1680/2814
f 1165/1653/2871 1204/1654/2872 1292/1706/2873
f 1204/1654/2860 1271/1707/2874 1292/1706/2875
f 1200/1696/2876 1182/1626/2877 1282/1708/2878
f 992/89/2830 1237/1698/2879 1294/1635/2828
s 0
f 62/1709/2880 61/64/2880 63/68/2880
s 1
f 1173/1637/2881 1059/1629/2816 1224/1681/2818
f 940/1335/2147 987/1376/2249 1304/1710/2882
f 1182/1626/2861 1275/1702/2863 1279/1687/2883
s 0
f 1182/1626/2884 1187/1371/2884 1219/1372/2884
f 1228/1656/2885 1043/1384/2885 1211/1655/2885
s 1
f 1220/1628/2854 1177/1450/2886 1237/1698/2887
f 1239/1711/2888 1243/1705/2870 1221/1643/2731
s 0
f 1214/1684/2889 1232/1712/2889 1231/1690/2889
f 1214/1684/2890 1229/1646/2890 1232/1712/2890
s 1
f 1230/1691/2841 1193/1661/2770 1238/1700/2891
f 1236/1713/2892 1177/1450/2377 1198/1387/2763
f 1242/1714/2893 1212/1657/2764 1199/1649/2766
s 0
f 1221/1643/2894 1191/1659/2894 1226/1658/2894
f 1202/1671/2895 1183/1647/2895 1216/1675/2895
s 1
f 1222/1680/2896 940/1335/2147 1304/1710/2882
s 0
f 1182/1626/2897 1219/1372/2897 1282/1708/2897
s 1
f 1294/1635/2898 1237/1698/2887 1177/1450/2886
s 0
f 62/1709/2899 59/1715/2899 56/1716/2899
s 1
f 1028/1717/2346 1022/1426/2345 1210/1692/2900
f 1342/1718/2901 1060/1474/2835 1234/1689/2837
f 1246/1719/2902 1245/1720/2903 1248/1721/2904
f 1245/1722/2905 1246/1723/2902 1261/1724/2906
f 1248/1721/2907 1245/1720/2908 1249/1725/2909
f 1245/1720/2908 1255/1726/2910 1249/1725/2909
s 0
f 1250/1727/2911 1249/1725/2911 1255/1726/2911
f 1246/1719/2912 1248/1721/2912 1249/1725/2912
f 1249/1725/2913 1250/1727/2913 1252/1728/2913
s 1
f 1252/1728/2914 1251/1729/2915 1249/1725/2916
f 1251/1729/2917 1252/1728/2918 1253/1730/2919
f 1263/1731/2920 1261/1724/2921 1246/1723/2922
f 1254/1732/2923 1251/1733/2917 1253/1734/2919
f 1250/1727/2924 1255/1726/2925 1267/1735/2926
f 1263/1731/2920 1246/1723/2922 1249/1736/2927
f 1252/1728/2918 1259/1737/2928 1253/1730/2919
f 1259/1737/2929 1252/1728/2930 1250/1727/2931
f 1259/1737/2932 1250/1727/2931 1267/1735/2933
s 0
f 1249/1736/2934 1251/1733/2934 1254/1732/2934
s 1
f 1257/1738/2935 1245/1739/2905 1261/1740/2906
f 1258/1741/2936 1261/1724/2921 1263/1731/2920
f 1254/1732/2923 1253/1734/2919 1262/1742/2937
f 1256/1743/2938 1245/1720/2905 1257/1744/2935
f 1259/1737/2932 1267/1735/2933 1260/1745/2939
f 1256/1743/2940 1268/1746/2941 1245/1720/2908
f 1255/1726/2910 1245/1720/2908 1268/1746/2941
s 0
f 1263/1731/2942 1249/1736/2942 1254/1732/2942
s 1
f 1255/1726/2925 1268/1746/2943 1267/1735/2926
s 0
f 1254/1732/2944 1266/1747/2944 1263/1731/2944
s 1
f 1253/1730/2919 1259/1737/2928 1260/1745/2945
f 1262/1748/2937 1253/1749/2919 1274/1750/2946
f 1261/1724/2906 1258/1741/2947 1270/1751/2948
f 1267/1735/2926 1268/1746/2943 1269/1752/2949
f 1261/1740/2906 1388/1753/2950 1257/1738/2935
f 1254/1732/2951 1262/1742/2952 1266/1747/2953
f 1272/1754/2954 1253/1730/2919 1260/1745/2945
f 1277/1755/2955 1266/1747/2953 1262/1742/2952
f 1272/1754/2956 1260/1745/2939 1267/1735/2933
f 1272/1754/2956 1267/1735/2933 1269/1752/2957
f 1271/1756/2874 1268/1746/2941 1256/1743/2940
f 1270/1751/2948 1258/1741/2947 1276/1757/2958
f 1274/1750/2946 1253/1749/2919 1288/1758/2959
f 1258/1741/2960 1266/1747/2961 1276/1757/2962
s 0
f 1258/1741/2963 1263/1731/2963 1266/1747/2963
s 1
f 1270/1759/2948 1388/1753/2950 1261/1740/2906
f 1279/1760/2827 1268/1746/2941 1271/1756/2874
f 1256/1743/2938 1257/1744/2935 1271/1756/2964
f 1262/1748/2952 1274/1750/2965 1277/1761/2955
f 1277/1761/2955 1274/1750/2966 1372/1762/2967
f 1275/1763/2968 1272/1754/2956 1269/1752/2957
f 56/60/2969 57/59/2970 58/1764/2971
s 0
f 58/1764/2972 57/59/2972 59/58/2972
f 1194/1623/2973 1179/1630/2973 1029/1428/2973
s 1
f 987/1376/2729 1165/1642/2429 54/1765/2974
f 51/57/2975 54/55/2974 1165/1766/2429
f 1271/1707/2874 1204/1654/2860 1279/1687/2827
f 1219/1443/2733 1061/1379/2256 1282/1767/2976
f 59/1715/2977 62/1709/2978 63/68/2979
s 0
f 1232/1712/2980 55/1768/2980 1231/1690/2980
f 1173/1637/2981 1224/1681/2981 1240/1769/2981
f 1179/1630/2982 1022/1426/2982 1029/1428/2982
s 1
f 1026/1429/2372 1028/1449/2374 1210/1770/2983
s 0
f 1196/1650/2984 1181/1473/2984 1280/1686/2984
s 1
f 1269/1752/2985 1268/1746/2986 1279/1760/2987
f 1294/1635/2988 1177/1450/2989 1236/1713/2990
f 1199/1649/2991 1190/1670/2831 1345/1771/2992
f 1345/1772/2992 1190/1773/2831 1209/1774/2833
f 64/1699/2856 1065/1478/2839 1290/1775/2993
s 0
f 1230/1691/2994 1202/1776/2994 1216/1662/2994
f 1026/1429/2995 1210/1770/2995 1029/1428/2995
s 1
f 52/56/2996 1283/1777/2997 1287/54/2998
f 1061/1468/2417 1211/1655/2761 1339/1778/2999
f 1284/1779/3000 1198/1780/3001 1225/1781/3002
f 1285/1782/3003 63/68/73 64/66/75
f 1065/1478/2839 1243/1705/3004 1290/1775/2993
s 0
f 55/1768/3005 1232/1712/3005 1286/1783/3005
s 1
f 1253/1749/2919 1272/1784/2954 1318/1785/3006
f 1269/1752/2985 1279/1760/2987 1275/1763/3007
f 1241/1786/3008 1061/1468/2417 1289/1787/3009
f 1223/1644/2734 1228/1656/2762 1211/1655/3010
f 1199/1649/2991 1345/1771/2992 1242/1714/3011
s 0
f 1209/1788/3012 62/1709/3012 56/1716/3012
f 1238/1700/3013 1173/1637/3013 1230/1691/3013
s 1
f 1210/1789/3014 1217/1677/2811 1383/1693/3015
f 1227/1701/2859 1207/1634/2836 1375/1790/3016
f 1266/1747/2961 1277/1755/3017 1276/1757/2962
f 59/1715/2977 63/68/2979 1285/1782/3018
s 0
f 52/56/3019 51/57/3019 1306/1791/3019
s 1
f 1274/1750/3020 1389/1792/3021 1372/1762/3022
f 1318/1793/3006 1272/1794/2954 1275/1702/3023
s 0
f 1314/1795/3024 1213/1697/3024 1200/1696/3024
s 1
f 1241/1786/3008 1289/1787/3025 1302/1796/3026
f 1289/1787/3009 1061/1468/2417 1339/1778/2999
f 1294/1635/2988 1236/1713/2990 1308/1797/3027
f 1236/1798/3028 1198/1780/3001 1284/1779/3000
f 1345/1771/2992 1295/1799/3029 1242/1714/3011
f 58/1764/2971 1285/1800/3030 56/60/2969
s 0
f 58/1764/3031 59/58/3031 1285/1800/3031
s 1
f 1221/1643/2731 1226/1658/3032 1231/1690/3033
s 0
f 1229/1646/3034 1286/1783/3034 1232/1712/3034
s 1
f 1201/1652/2785 1036/1454/2784 1202/1801/3035
s 0
f 1173/1637/3036 1240/1769/3036 1230/1691/3036
s 1
f 1029/1802/3037 1210/1789/3038 1383/1693/3039
f 1034/1803/2364 1196/1804/2834 1317/1805/3040
f 1389/1792/3041 1274/1750/2946 1288/1758/2959
f 1288/1758/2959 1253/1749/2919 1318/1785/3006
f 1225/1683/2822 1212/1657/2781 1242/1714/3042
s 0
f 1295/1799/3043 1299/1806/3043 50/1807/3043
f 1231/1690/3044 55/1768/3044 1239/1711/3044
s 1
f 1224/1681/3045 1194/1623/3046 1029/1428/3047
f 1298/1808/3048 1049/1672/2413 1296/1674/2799
f 1060/1474/3049 1342/1718/3050 1206/1669/2789
f 1211/1655/3051 1308/1797/3027 1315/1809/3052
s 0
f 1299/1806/3053 1295/1799/3053 1316/1810/3053
s 1
f 1209/1774/2833 56/60/3054 1345/1772/2992
f 1049/1672/2413 1298/1808/3048 1280/1811/1918
f 1293/1694/2845 1197/1682/2819 1222/1680/2820
s 0
f 54/1765/3055 1287/1812/3055 1304/1710/3055
s 1
f 1061/1468/2417 1241/1786/3008 1282/1813/3056
f 1308/1797/3027 1211/1655/3051 1294/1635/2988
f 1303/1814/3057 1225/1683/3058 1242/1714/3042
f 1239/1711/2888 1221/1643/2731 1231/1690/3033
s 0
f 1202/1815/3059 1300/1816/3059 1201/1817/3059
f 1213/1697/3060 1373/1818/3060 1205/1703/3060
s 1
f 1208/1633/2705 1293/1694/2845 1207/1634/2706
f 987/1376/2729 54/1765/2974 1304/1710/2882
f 1283/1777/3061 52/56/2996 1343/1819/3062
f 1339/1778/3063 1211/1655/3051 1315/1809/3052
f 1295/1799/3064 50/1807/3065 1242/1714/3066
s 0
f 50/1807/3067 1299/1806/3067 49/1820/3067
s 1
f 64/1821/2856 1290/1822/2993 1243/1823/3004
f 1280/1811/1918 1298/1808/3048 1317/1805/3040
f 1314/1795/3068 1200/1696/3069 1282/1708/3070
f 1285/1800/3071 1243/1823/3072 56/60/3073
f 1243/1823/3004 1285/1800/3074 64/1821/2856
s 0
f 55/1768/3075 1286/1783/3075 1239/1711/3075
f 1286/1783/3076 1229/1646/3076 1215/1651/3076
s 1
f 1196/1804/2834 1280/1811/1918 1317/1805/3040
f 51/57/2975 1165/1766/2429 1312/1824/3077
f 1308/1797/3078 1236/1713/3079 1309/1825/3080
s 0
f 1310/1826/3081 1344/1827/3081 1338/1828/3081
f 1309/1825/3082 1344/1827/3082 1310/1826/3082
s 1
f 1407/1829/3083 1292/1830/3084 1271/1831/3085
f 1297/1695/2865 1205/1703/2867 1415/1832/3086
f 1282/1813/3056 1241/1786/3008 1302/1796/3026
s 0
f 1323/1833/3087 1321/1834/3087 1334/1835/3087
f 1327/1836/3088 1332/1837/3088 1335/1838/3088
f 1327/1836/3089 1335/1838/3089 1334/1835/3089
f 1328/1839/3090 1334/1840/3090 1329/1841/3090
s 1
f 1331/1842/3091 1330/1843/3092 1328/1844/3093
s 0
f 1325/1845/3094 1326/1846/3094 1324/1847/3094
s 1
f 1328/1839/3093 1329/1841/3095 1331/1848/3091
s 0
f 1321/1834/3096 1333/1849/3096 1334/1835/3096
f 1332/1850/3097 1334/1840/3097 1328/1839/3097
f 1333/1849/3098 1321/1834/3098 1323/1833/3098
f 1328/1839/3099 1325/1851/3099 1332/1850/3099
f 1327/1836/3100 1334/1835/3100 1332/1837/3100
f 1332/1852/3101 1325/1845/3101 1324/1847/3101
f 1325/1845/3102 1328/1844/3102 1336/1853/3102
f 1333/1849/3103 1323/1833/3103 1337/1854/3103
f 1326/1846/3104 1325/1845/3104 1336/1853/3104
f 1323/1833/3105 1334/1835/3105 1337/1854/3105
f 1336/1853/3106 1328/1844/3106 1330/1843/3106
f 1337/1854/3107 1334/1835/3107 1335/1838/3107
s 1
f 1333/1849/3108 1331/1842/3109 1329/1855/3110
f 1329/1855/3110 1334/1835/3111 1333/1849/3112
f 1335/1838/3113 1332/1837/3114 1337/1854/3115
s 0
f 1324/1847/3116 1326/1846/3116 1336/1853/3116
s 1
f 1324/1847/3117 1336/1853/3118 1332/1852/3114
f 1333/1849/3119 1330/1843/3120 1331/1842/3121
f 1337/1856/3115 1332/1852/3114 1336/1853/3118
f 1336/1853/3122 1330/1843/3120 1333/1849/3123
s 0
f 1337/1857/3124 1336/1858/3124 1344/1827/3124
f 1344/1827/3125 1336/1858/3125 1338/1828/3125
f 1340/1859/3126 1333/1849/3126 1337/1854/3126
s 1
f 1345/1772/2992 56/60/3073 1243/1823/3072
f 1300/1816/3127 1202/1815/3128 1379/1860/3129
f 1293/1694/3130 1222/1680/2896 1304/1710/2882
s 0
f 1283/1777/3131 1343/1819/3131 1305/1861/3131
f 1306/1791/3132 51/57/3132 1351/1862/3132
s 1
f 1389/1792/3041 1288/1758/2959 1318/1785/3006
f 1289/1787/3025 1339/1778/3133 1302/1796/3026
f 43/1863/3134 1309/1825/3135 1310/1826/3136
s 0
f 1338/1828/3137 1336/1858/3137 1340/1864/3137
f 1336/1853/3138 1333/1849/3138 1340/1859/3138
f 1225/1781/3139 1303/1865/3139 1284/1779/3139
s 1
f 1202/1776/3140 1230/1691/3141 1374/1866/3142
f 1230/1691/3141 1240/1769/3143 1374/1866/3142
f 1296/1664/3144 1218/1666/2826 1342/1718/3050
f 1218/1666/2826 1206/1669/2789 1342/1718/3050
f 1275/1702/3023 1297/1695/3145 1415/1832/3146
s 0
f 1340/1867/3147 1337/1857/3147 1344/1827/3147
f 1398/1868/3148 1344/1869/3148 1309/1870/3148
s 1
f 1378/1871/3149 1299/1806/3150 1316/1810/3151
f 1239/1711/3152 1286/1783/3153 1215/1651/3154
f 1379/1860/3155 1202/1815/3156 1374/1872/3157
f 1240/1769/3158 1224/1681/3045 1029/1428/3047
f 1029/1802/3037 1383/1693/3039 1374/1873/3159
f 1343/1819/3062 52/56/2996 1306/1791/3160
f 1309/1825/3161 1236/1713/3079 1398/1874/3162
s 0
f 1303/1814/3163 1242/1714/3163 50/1807/3163
f 1346/1875/3164 1304/1710/3164 1287/1812/3164
f 1343/1819/3165 1353/1876/3165 1305/1861/3165
s 1
f 1283/1777/3166 1305/1861/3167 1349/1877/3168
f 1351/1862/3169 51/57/2975 1312/1824/3077
f 1287/54/2998 1283/1777/2997 1349/1877/3170
f 1354/1878/3171 1349/1877/3168 1305/1861/3167
s 0
f 1346/1879/3172 1287/54/3172 1349/1877/3172
s 1
f 1350/1880/3173 1293/1881/3130 1352/1882/3174
s 0
f 1356/1883/3175 1306/1791/3175 1351/1862/3175
s 1
f 1293/1694/3130 1304/1710/2882 1352/1884/3174
f 1304/1710/3176 1346/1875/3177 1352/1884/3178
f 1351/1862/3169 1312/1824/3077 1350/1885/3173
s 0
f 1305/1861/3179 1353/1876/3179 1354/1878/3179
f 1353/1876/3180 1343/1819/3180 1357/1886/3180
f 1350/1887/3181 1352/1888/3181 1365/1889/3181
s 1
f 1352/1888/3178 1346/1890/3177 1358/1891/3182
s 0
f 1358/1892/3183 1346/1879/3183 1349/1877/3183
s 1
f 1356/1883/3184 1351/1862/3185 1350/1885/3186
f 1357/1886/3187 1343/1819/3062 1306/1791/3160
s 0
f 1359/1893/3188 1349/1877/3188 1354/1878/3188
f 1359/1893/3189 1354/1878/3189 1353/1876/3189
f 1306/1791/3190 1356/1883/3190 1357/1886/3190
s 1
f 1356/1883/3184 1350/1885/3186 1360/1894/3191
f 1365/1889/3192 1352/1888/3192 1358/1891/3192
f 1358/1892/3193 1349/1877/3194 1359/1893/3195
s 0
f 1353/1876/3196 1357/1886/3196 1359/1893/3196
s 1
f 1360/1894/3197 1357/1886/3197 1356/1883/3197
s 0
f 45/1895/3198 1357/1886/3198 1360/1894/3198
s 1
f 1358/1892/3193 1359/1893/3195 45/1895/3199
f 1359/1893/3195 1357/1886/3200 45/1895/3199
s 0
f 1363/1896/3201 1362/1897/3201 46/51/3201
s 1
f 45/52/3202 46/51/3203 1362/1897/3204
s 0
f 45/52/3205 1360/1898/3205 1361/1899/3205
f 1360/1900/3206 1350/1887/3206 1365/1889/3206
f 1364/53/3207 45/52/3207 1361/1899/3207
s 1
f 1358/1891/3193 45/52/3199 1365/1889/3208
f 1368/1901/3209 45/52/3202 1362/1897/3204
f 1363/1896/3210 46/51/3211 1364/53/3212
s 0
f 1387/1902/3213 1364/1903/3213 1361/1904/3213
f 1367/1905/3214 1361/1906/3214 1360/1907/3214
f 45/52/3215 1368/1901/3215 1365/1889/3215
s 1
f 1362/1897/3216 1363/1896/3217 1370/1908/3218
f 1363/1909/3210 1364/1903/3212 1371/1910/3219
s 0
f 1368/1901/3220 1362/1897/3220 1370/1908/3220
s 1
f 1363/1909/3217 1366/1911/3221 1370/1912/3218
s 0
f 1366/1911/3222 1363/1909/3222 1371/1910/3222
s 1
f 1360/1900/3223 1365/1889/3223 1369/1913/3223
s 0
f 1365/1889/3224 1368/1901/3224 1380/1914/3224
f 1371/1910/3225 1364/1903/3225 1387/1902/3225
f 1368/1901/3226 1370/1908/3226 1380/1914/3226
f 1407/1829/3227 1271/1831/3227 1320/1915/3227
s 1
f 44/1916/3228 1339/1778/3063 1315/1809/3052
f 1215/1651/2754 1201/1652/2755 1397/1917/3229
f 1397/1918/3230 1201/1817/3231 1300/1816/3232
f 1374/1866/3233 1240/1769/3233 1029/1428/3233
f 1234/1689/2837 1227/1701/2859 1375/1790/3016
s 0
f 1380/1919/3234 1370/1912/3234 1376/1920/3234
s 1
f 1388/1753/2950 1270/1759/2948 1276/1921/2958
s 0
f 1396/1922/3235 1316/1810/3235 1295/1799/3235
s 1
f 1295/1799/3029 1345/1771/2992 1396/1922/3236
f 1342/1718/2901 1234/1689/2837 1375/1790/3016
f 1375/1790/3016 1207/1634/2836 1293/1694/3237
s 0
f 1370/1912/3238 1366/1911/3238 1376/1920/3238
s 1
f 1441/1923/3239 1292/1830/3084 1407/1829/3083
f 1314/1924/3068 1282/1813/3070 1390/1925/3240
f 1315/1809/3241 1308/1797/3242 1394/1926/3243
f 1310/1826/3136 1338/1828/3244 43/1863/3245
f 1299/1806/3150 1378/1871/3149 49/1820/3246
f 49/1927/3246 1378/31/3149 1377/1928/3247
f 1397/1918/3248 1300/1816/3249 1425/1929/3250
f 1257/1930/2935 1388/1931/2950 1320/1915/3251
f 1372/1762/3022 1389/1792/3252 1384/1932/3253
f 1275/1702/3023 1381/1933/3254 1318/1793/3006
s 0
f 1282/1813/3255 1302/1796/3255 1390/1925/3255
s 1
f 1394/1926/3256 1308/1797/3078 1309/1825/3080
f 1236/1798/3079 1284/1779/3257 1303/1865/3258
f 50/1934/3259 49/1927/3259 1392/1935/3259
f 1369/1936/3260 1350/1937/3173 1312/1938/3077
s 0
f 1277/1761/3261 1372/1762/3261 1384/1932/3261
s 1
f 1381/1939/3254 1389/1792/3041 1318/1785/3006
s 0
f 1383/1693/3262 1203/1679/3262 1052/1940/3262
s 1
f 1296/1664/3144 1342/1718/3050 1410/1941/3263
s 0
f 1366/1911/3264 1371/1910/3264 1386/1942/3264
f 1386/1942/3265 1371/1910/3265 1387/1902/3265
f 1360/1907/3266 1369/1936/3266 1367/1905/3266
f 1271/1831/3267 1257/1930/3267 1320/1915/3267
s 1
f 1315/1809/3241 1394/1926/3243 44/1916/3268
s 0
f 1376/1920/3269 1366/1911/3269 1386/1942/3269
s 1
f 1367/1905/3270 1369/1936/3271 1312/1938/3077
s 0
f 1373/1818/3272 1213/1697/3272 1314/1795/3272
f 1338/1828/3273 1340/1864/3273 43/1863/3273
s 1
f 1404/1943/3274 1350/1937/3173 1369/1936/3260
f 1369/1913/3275 1365/1889/3276 1404/1944/3277
f 1404/1945/3278 1380/1919/3279 1376/1920/3280
f 1387/1902/3281 1361/1904/3282 1427/1946/3283
f 1390/1925/3284 1302/1796/3284 1395/1947/3284
s 0
f 1340/1948/3285 1344/1869/3285 1398/1868/3285
s 1
f 1392/1935/3286 49/1927/3246 1377/1928/3247
f 25/1949/3287 1402/1950/3288 1243/1951/3289
f 1243/1705/3290 1239/1711/3291 1215/1651/3292
s 0
f 1395/1947/3293 1302/1796/3293 44/1916/3293
f 1302/1796/3294 1339/1778/3294 44/1916/3294
s 1
f 1425/1929/3250 1300/1816/3249 1379/1860/3295
f 1379/1860/3155 1374/1872/3157 1383/1952/3296
f 1350/1880/3173 1385/1953/3297 1293/1881/3298
f 1427/1946/3283 1361/1904/3282 1367/1954/3299
f 1421/1955/3300 1165/1956/2871 1441/1923/3301
f 1165/1956/2871 1292/1830/2873 1441/1923/3301
f 1275/1702/3023 1415/1832/3146 1381/1933/3254
f 1394/1926/3256 1309/1825/3080 1411/1957/3302
s 0
f 1396/1922/3303 1378/1871/3303 1316/1810/3303
f 1403/1958/3304 1402/1950/3304 25/1949/3304
f 39/45/3305 40/1959/3305 1399/46/3305
s 1
f 40/44/3306 37/43/57 1412/48/59
f 1399/46/3307 1296/1960/2799 42/47/3308
f 1410/1941/3309 1342/1718/2901 1375/1790/3016
f 1404/1944/3277 1365/1889/3276 1380/1914/3310
f 1411/1957/3302 1309/1825/3080 43/1863/3311
f 1236/1798/3079 1303/1865/3258 1398/1961/3162
s 0
f 1419/1962/3312 50/1934/3312 1392/1935/3312
s 1
f 1377/1928/3313 1378/31/31 1418/30/30
f 1396/1922/3236 1345/1771/2992 1243/1963/3072
f 42/1964/3308 1296/1664/2799 1410/1941/3314
f 1373/1818/3315 1415/1832/3316 1205/1703/3317
f 1404/1945/3278 1376/1920/3318 1414/1965/3319
f 1320/1915/3251 1388/1931/2950 1276/1966/2958
s 0
f 1340/1967/3320 1398/1961/3320 43/1968/3320
s 1
f 1422/1969/3321 1397/1918/3322 1425/1929/3323
s 0
f 35/41/3324 1417/1970/3324 1409/49/3324
f 35/41/3325 32/33/3325 1417/1970/3325
f 1277/1761/3326 1384/1932/3326 1413/1971/3326
s 1
f 50/1934/3327 1419/1962/3328 1303/1865/3258
s 0
f 1392/1935/3329 1377/1928/3329 1418/30/3329
s 1
f 1410/1941/3309 1375/1790/3016 1293/1694/3237
f 1385/1972/3297 1350/1973/3173 1404/1945/3274
f 1165/1956/2429 1421/1955/3330 1312/1938/3077
s 0
f 1408/27/3331 1403/1958/3331 1416/1974/3331
s 1
f 1431/1975/3332 1412/48/3333 1409/49/3334
s 0
f 32/33/3335 38/42/3335 1417/1970/3335
s 1
f 1427/1946/3336 1386/1942/3337 1387/1902/3338
f 1367/1905/3270 1312/1938/3077 1421/1955/3330
f 1389/1792/3252 1381/1939/3339 1384/1932/3253
s 0
f 1392/1935/3340 1418/30/3340 1419/1962/3340
f 1416/1974/3341 1403/1958/3341 25/1949/3341
s 1
f 1215/1651/2754 1397/1917/3229 1243/1705/3342
f 1276/1966/2962 1277/1761/3343 1413/1971/3344
f 1398/1961/3162 1303/1865/3258 1423/1976/3345
s 0
f 1298/1977/3346 40/1959/3346 1412/1978/3346
f 38/42/3347 41/50/3347 1417/1970/3347
s 1
f 1386/1942/3337 1427/1946/3336 1420/1979/3348
f 43/1968/3311 1398/1961/3162 1423/1976/3345
s 0
f 1446/1980/3349 1402/1950/3349 1403/1958/3349
f 1408/27/3350 1446/1980/3350 1403/1958/3350
s 1
f 1411/1981/3351 43/1968/3311 1423/1976/3345
f 25/1949/3287 1243/1951/3289 1397/1982/3352
s 0
f 1413/1971/3353 1384/1932/3353 1381/1939/3353
f 1415/1832/3354 1373/1818/3354 1381/1933/3354
f 1408/27/3355 1429/1983/3355 1446/1980/3355
s 1
f 1408/27/3356 1424/26/3357 1429/1983/3358
f 1416/1974/3359 25/1949/3360 26/28/28
s 0
f 1409/49/3361 1417/1970/3361 1431/1975/3361
s 1
f 1367/1954/3270 1421/1984/3330 1427/1946/3362
f 1381/1985/3363 1314/1924/3068 1390/1925/3240
f 1413/1971/3364 1390/1986/3365 1426/1987/3366
f 1303/1865/3258 1419/1962/3328 1423/1976/3345
f 1052/1988/2183 1185/1989/2745 24/1990/3367
f 1414/1965/3368 1376/1920/3369 1386/1942/3370
s 0
f 1373/1818/3371 1314/1795/3371 1381/1933/3371
s 1
f 1426/1991/3366 1390/1925/3365 1395/1947/3372
s 0
f 1418/30/3373 1396/29/3373 1423/1976/3373
s 1
f 1408/27/27 1416/1974/3359 26/28/28
f 1383/1693/3374 1052/1940/2183 1440/1992/3375
f 1419/1962/3328 1418/30/3376 1423/1976/3345
f 1379/1860/3295 1383/1952/3377 1425/1929/3250
f 24/1990/3378 1185/1989/2746 1034/1803/2271
f 1298/1977/3048 1296/1960/2799 1399/46/3307
f 29/36/62 42/40/3379 41/50/63
f 41/1993/3380 42/1964/3308 1410/1941/3314
s 0
f 1320/1915/3381 1276/1966/3381 1413/1971/3381
s 1
f 1394/1926/3382 1411/1957/3383 1438/1994/3384
f 1034/1803/2271 1317/1805/3385 24/1990/3378
s 0
f 1399/46/3386 40/1959/3386 1298/1977/3386
s 1
f 1298/1977/3387 1412/1978/3333 1431/1995/3332
f 44/1916/3268 1394/1926/3243 1432/1996/3388
f 1423/1976/3389 1396/29/3236 1243/1951/3072
f 1433/1997/3390 1444/1998/3391 1434/1999/3392
s 0
f 1444/1998/3393 1422/1969/3393 1437/2000/3393
s 1
f 1422/1969/3321 1425/1929/3323 1437/2000/3394
f 1440/2001/3375 1052/1988/2183 24/1990/3367
f 1404/1945/3274 1414/1965/3395 1385/1972/3297
f 25/1949/3287 1397/1982/3352 1430/2002/3396
f 1322/2003/3397 1444/1998/3398 1437/2000/3399
f 1425/1929/3250 1383/1952/3377 1440/2001/3400
f 1414/1965/3368 1386/1942/3370 1420/1979/3401
s 0
f 1407/1829/3402 1320/1915/3402 1413/1971/3402
s 1
f 1429/1983/3358 1442/2004/3403 1446/1980/3404
f 1429/1983/3358 1424/26/3357 1442/2004/3403
f 1385/1972/3297 1414/1965/3395 1420/1979/3405
f 1427/1946/3362 1421/1984/3330 1420/1979/3405
s 0
f 26/28/3406 25/1949/3406 1443/2005/3406
s 1
f 1435/2006/3407 1433/1997/3408 1434/1999/3409
f 1381/1939/3363 1390/1986/3240 1413/1971/3410
f 1430/2002/3396 1397/1982/3352 1422/2007/3411
f 1439/2008/3412 1433/1997/3408 1435/2006/3407
f 1440/2001/3413 24/1990/3414 1322/2003/3415
f 1441/1923/3416 1407/1829/3417 23/2009/3418
f 1407/1829/3417 1413/1971/3364 23/2009/3418
s 0
f 1301/2010/3419 1411/1981/3419 1423/1976/3419
f 1301/2010/3420 1423/1976/3420 1243/1951/3420
f 1443/2005/3421 1424/26/3421 26/28/3421
f 1431/1975/3422 1417/1970/3422 41/50/3422
s 1
f 23/2009/3423 1426/1987/3424 1170/2011/3425
s 0
f 1424/26/3426 1443/2005/3426 1442/2004/3426
s 1
f 1426/1991/3424 1395/1947/3427 1432/1996/3428
f 1446/1980/3429 1243/1951/3289 1402/1950/3288
f 1436/2012/3430 1439/2008/3431 1435/2006/3432
f 25/1949/3433 1430/2002/3434 1443/2005/3435
s 0
f 1451/2013/3436 1450/2014/3436 1447/2015/3436
f 1447/2015/3437 1448/2016/3437 1449/2017/3437
f 1447/2015/3438 1450/2014/3438 1459/2018/3438
f 1450/2014/3439 1451/2013/3439 1452/2019/3439
f 1451/2013/3440 1447/2015/3440 1453/2020/3440
f 1455/2021/3441 1449/2017/3441 1448/2016/3441
f 1458/2022/3442 1448/2016/3442 1447/2015/3442
f 1458/2022/3443 1447/2015/3443 1459/2018/3443
f 1456/2023/3444 1452/2019/3444 1451/2013/3444
f 1453/2020/3445 1447/2015/3445 1449/2017/3445
f 1449/2024/3446 1455/2025/3446 1454/2026/3446
s 1
f 1455/2021/3447 1448/2016/3448 1458/2022/3449
f 1450/2014/3450 1457/2027/3451 1459/2018/3452
f 1450/2014/3450 1452/2019/3453 1457/2027/3454
s 0
f 1457/2027/3455 1452/2019/3455 1456/2023/3455
f 1460/2028/3456 1453/2029/3456 1449/2030/3456
f 1456/2031/3457 1451/2032/3457 1453/2029/3457
f 1457/2027/3458 1456/2023/3458 1428/2033/3458
s 1
f 1395/1947/3427 44/1916/3459 1432/1996/3428
f 1445/2034/3460 1439/2008/3431 1436/2012/3430
f 1444/1998/3398 1322/2003/3397 1434/1999/3461
f 1317/1805/3040 1298/1808/3048 1431/2035/3462
f 1458/2022/3463 1459/2018/3463 1457/2027/3463
f 23/2009/3464 1413/1971/3364 1426/1987/3366
f 1432/1996/3465 1394/1926/3382 1438/1994/3384
f 1243/1951/3466 1446/1980/3429 1301/2010/3467
f 1444/1998/3391 1433/1997/3390 1174/2036/3468
f 1410/2037/3314 1293/1881/3298 1341/2038/3469
f 1385/2039/3470 1455/2021/3447 1458/2022/3449
f 1426/1991/3424 1432/1996/3428 1170/2040/3425
f 1433/1997/3471 1439/2008/3472 1445/2034/3473
f 1400/2041/3474 1445/2034/3460 1436/2012/3430
f 1454/2026/3475 1455/2025/3447 1385/2042/3470
f 1273/2043/3476 1405/2044/3477 1393/2045/3478
s 0
f 1446/1980/3479 1442/2004/3479 1443/2005/3479
s 1
f 1430/2002/3396 1422/2007/3411 1401/2046/3480
f 1437/2000/3394 1425/1929/3323 1440/2001/3481
f 1406/2047/3482 1405/2044/3477 1273/2043/3476
s 0
f 1405/2044/3483 1438/2048/3483 1393/2045/3483
s 1
f 1174/2036/3468 1433/1997/3390 1307/2049/3484
f 1400/2041/3474 1436/2012/3430 1391/2050/3485
f 1436/2012/3430 1435/2006/3432 1391/2050/3485
s 0
f 1319/2051/3486 1457/2027/3486 1428/2033/3486
f 1428/2052/3487 1456/2031/3487 1347/2053/3487
s 1
f 1433/1997/3471 1445/2034/3473 1307/2049/3488
f 1421/1955/3300 1441/1923/3301 1382/2054/3489
f 1441/1923/3301 23/2009/3490 1382/2054/3489
s 0
f 1438/2048/3491 21/2055/3491 1393/2045/3491
s 1
f 1400/2041/3474 1391/2050/3485 22/2056/3492
f 1437/2000/3394 1440/2001/3481 1322/2003/3493
s 0
f 1313/2057/3494 1438/2048/3494 1291/2058/3494
f 1457/2027/3495 1319/2051/3495 1458/2022/3495
s 1
f 1456/2031/3496 1453/2029/3497 1460/2028/3498
f 1460/2028/3499 1449/2030/3499 1278/2059/3499
s 0
f 1449/2024/3500 1454/2026/3500 1278/2060/3500
s 1
f 1385/2042/3297 1420/2061/3405 1454/2026/3501
f 1438/1994/3384 1313/2062/3502 1432/1996/3465
s 0
f 1348/2063/3503 1393/2045/3503 21/2055/3503
s 1
f 1456/2031/3496 1460/2028/3498 1347/2053/3504
s 0
f 1291/2058/3505 1438/2048/3505 1405/2044/3505
s 1
f 1443/2005/3435 1430/2002/3434 1311/2064/3506
s 0
f 1445/2034/3507 1355/2065/3507 1307/2049/3507
s 1
f 41/2066/3380 1410/2067/3314 935/2068/3508
f 1341/2038/3469 1293/1881/3298 1385/1953/3297
s 0
f 1341/2069/3509 1385/2039/3509 1458/2022/3509
s 1
f 1319/2051/3510 1428/2033/3511 1233/2070/3512
f 1438/2048/3384 1411/2071/3383 1301/2072/3513
f 1355/2065/3514 1445/2034/3515 1400/2041/3474
f 1247/2073/3516 1348/2063/3517 21/2055/3518
s 0
f 1311/2064/3519 1446/1980/3519 1443/2005/3519
s 1
f 1431/2035/3462 41/2066/3380 935/2068/3520
f 1382/2054/3521 23/2009/3423 1170/2011/3425
f 1438/2048/3384 1301/2072/3513 1264/2074/3522
f 1401/2046/3523 1422/2007/3524 1444/2075/3525
f 1391/2050/3485 1435/2006/3432 1244/2076/3526
f 1317/1805/3040 1431/2035/3462 935/2068/3520
s 0
f 1341/2069/3527 1458/2022/3527 1319/2051/3527
f 1291/2058/3528 1405/2044/3528 1406/2047/3528
s 1
f 1235/2077/3529 1301/2010/3467 1446/1980/3429
f 1311/2064/3530 1430/2002/3396 1401/2046/3480
f 1355/2065/3514 1400/2041/3474 22/2056/3492
f 22/2056/3492 1391/2050/3485 1244/2076/3526
f 1401/2046/3531 1444/2075/3532 1174/2078/3533
s 0
f 1428/2052/3534 1347/2053/3534 1233/2079/3534
s 1
f 1278/2060/3535 1454/2026/3536 1420/2061/3405
f 1432/1996/3465 1313/2062/3502 1265/2080/3537
s 0
f 1393/2045/3538 1348/2063/3538 1273/2043/3538
s 1
f 1235/2077/3529 1446/1980/3429 1311/2064/3539
f 935/2081/3508 1410/2082/3314 1341/2083/3469
f 1281/2084/3540 21/2055/3541 1264/2074/3542
s 0
f 1186/2085/3543 1434/1999/3543 1322/2003/3543
f 1291/2058/3544 1406/2047/3544 1273/2043/3544
s 1
f 1264/2074/3522 21/2055/3545 1438/2048/3384
f 1435/2006/3546 1434/1999/3547 1166/2086/3548
f 1170/2040/3549 1432/1996/3550 1265/2080/3551
s 0
f 1347/2053/3552 1460/2028/3552 1155/2087/3552
s 1
f 1420/1979/3405 1421/1984/3330 961/2088/3553
f 1311/2064/3530 1401/2046/3480 1235/2077/3529
f 1166/2086/3554 1434/1999/3555 1186/2085/3556
s 0
f 1273/2043/3557 1348/2063/3557 1247/2073/3557
s 1
f 1291/2058/3558 1273/2043/3559 1188/2089/3560
s 0
f 1264/2074/3561 1301/2072/3561 1085/2090/3561
f 1347/2053/3562 1155/2087/3562 1233/2079/3562
f 1155/2087/3563 1460/2028/3563 1278/2059/3563
s 1
f 1313/2057/3564 1291/2058/3565 1085/2090/3566
f 1247/2073/3567 21/2055/3541 1281/2084/3540
f 1355/2065/3514 22/2056/3492 1244/2076/3568
f 1244/2076/3569 1435/2006/3546 1166/2086/3548
f 1382/2091/3570 1170/2040/3549 1073/2092/3571
f 1170/2040/3549 1265/2080/3551 1073/2092/3571
f 1085/2090/3572 1301/2072/3573 1235/2093/3574
f 1073/2092/3571 897/2094/3575 1382/2091/3576
f 1291/2058/3565 1188/2089/3577 1085/2090/3566
f 1233/2095/3578 935/2081/3508 1341/2083/3469
f 1273/2043/3559 1247/2073/3579 1188/2089/3560
s 0
f 1281/2084/3580 1264/2074/3580 1188/2089/3580
s 1
f 1319/2051/3581 1233/2070/3512 1341/2069/3582
f 1247/2073/3583 1281/2084/3584 1188/2089/3560
f 1235/2096/3585 1401/2097/3586 1102/2098/3587
f 1166/2099/3554 1174/2100/3468 1307/2101/3484
f 1307/2101/3588 1355/2102/3589 1166/2099/3590
f 1322/2003/3591 24/1990/3414 1158/2103/3592
f 946/2104/3593 24/1990/3594 1317/1805/3595
s 0
f 1188/2089/3596 1264/2074/3596 1085/2090/3596
s 1
f 1355/2102/3589 1244/2105/3597 1166/2099/3590
s 0
f 1401/2106/3598 1174/2107/3598 1070/2108/3598
s 1
f 1158/2103/3599 24/1990/3600 946/2104/3601
f 946/2104/3593 1317/1805/3595 935/2068/3602
f 1278/2060/3535 1420/2061/3405 1155/2109/3603
f 1235/2096/3604 1102/2098/3587 1105/23/3605
s 0
f 20/2110/3606 1102/2111/3606 1106/2112/3606
f 1322/2003/3607 1143/2113/3607 1186/2085/3607
f 1322/2003/3608 1158/2103/3608 1143/2113/3608
s 1
f 1420/2114/3405 961/2115/3553 1155/2116/3603
s 0
f 1106/2117/3609 1121/2118/3609 1107/2119/3609
f 1121/2118/3610 1102/2111/3610 1107/2119/3610
f 1107/2119/3611 1102/2111/3611 20/2110/3611
s 1
f 1104/2120/3612 20/24/24 1105/23/23
s 0
f 1107/2121/3613 20/24/3613 1104/2120/3613
f 1106/25/3614 1107/2122/3614 1105/23/3614
f 1102/2098/3615 1104/2120/3615 1105/23/3615
f 1107/2121/3616 1104/2120/3616 1101/2123/3616
f 1104/2120/3617 1102/2098/3617 1101/2123/3617
f 1105/23/3618 1107/2122/3618 1101/2124/3618
f 1106/2112/3619 1102/2111/3619 1401/2125/3619
f 1382/2126/3620 897/2127/3620 1113/2128/3620
s 1
f 1102/2129/3621 1121/2130/3622 1101/2131/3623
f 1174/2100/3468 1166/2099/3554 1186/2132/3556
f 1313/2057/3502 1085/2090/3572 1265/2133/3537
s 0
f 1121/2134/3624 1106/2112/3624 1401/2125/3624
s 1
f 961/2088/3625 1421/1984/3626 1382/2135/3627
f 1265/2133/3537 1085/2090/3572 1017/2136/3628
f 1401/2106/3629 1070/2108/3630 1121/2137/3631
f 1070/2108/3630 1071/2138/3632 1121/2137/3631
s 0
f 1235/2096/3633 1105/23/3633 1101/2124/3633
f 1121/2130/3634 1071/2139/3634 1046/2140/3634
f 1044/2141/3635 1071/2139/3635 1047/2142/3635
f 1047/2143/3636 1121/2130/3636 1045/2144/3636
f 1121/2130/3637 1046/2140/3637 1045/2144/3637
f 1046/2140/3638 1071/2139/3638 1044/2141/3638
f 1044/2141/3639 1047/2142/3639 1045/2145/3639
s 1
f 1045/2144/3640 1046/2140/3641 1041/2146/3642
s 0
f 1041/2146/3643 1046/2140/3643 1044/2141/3643
f 1044/2147/3644 1045/2148/3644 1042/2149/3644
s 1
f 1042/2150/3645 1045/2144/3640 1041/2146/3642
s 0
f 1041/2151/3646 1044/2147/3646 1101/2152/3646
s 1
f 1044/2147/3647 1042/2149/3648 1101/2152/3649
s 0
f 1041/2153/3650 1101/2154/3650 1047/2155/3650
s 1
f 1101/2131/3623 1121/2130/3622 1047/2143/3651
f 1047/2155/3652 1071/2156/3632 996/2157/3653
f 1071/2158/3632 1070/2159/3630 1027/2160/3654
f 1085/2090/3572 1235/2093/3574 1017/2136/3628
s 0
f 1174/2100/3655 1186/2132/3655 1143/2161/3655
s 1
f 1071/2158/3632 1027/2160/3654 996/2162/3653
f 1382/2126/3627 971/2163/3656 961/2115/3625
f 996/2157/3653 963/2164/3657 1047/2155/3652
f 995/2165/3658 1027/2160/3654 1070/2159/3630
f 1233/2095/3578 1155/2116/3603 935/2081/3508
f 935/2081/3508 1155/2116/3603 961/2115/3553
f 1101/2152/3649 1042/2149/3648 963/2164/3659
s 0
f 1042/2149/3660 1041/2153/3660 963/2164/3660
f 1041/2153/3661 1047/2155/3661 963/2164/3661
s 1
f 990/2166/3662 1027/2160/3663 995/2165/3664
s 0
f 995/2165/3665 996/2167/3665 988/2168/3665
s 1
f 990/2166/3662 995/2165/3664 989/2169/3666
s 0
f 995/2165/3667 988/2168/3667 989/2169/3667
s 1
f 988/2168/3668 996/2167/3669 990/2170/3670
f 996/2162/3669 1027/2160/3671 990/2166/3670
s 0
f 990/2166/3672 989/2169/3672 982/2171/3672
f 986/2172/3673 990/2173/3673 982/2174/3673
f 982/2171/3674 989/2169/3674 988/2168/3674
f 990/2173/3675 986/2172/3675 988/2175/3675
f 963/2176/3676 986/2172/3676 982/2174/3676
f 988/2175/3677 986/2172/3677 947/2177/3677
s 1
f 982/2174/3678 988/2178/3679 963/2176/3680
f 986/2172/3681 996/2179/3681 947/2177/3681
f 996/2167/3682 995/2165/3658 947/2180/3683
f 995/2165/3658 1070/2159/3630 947/2180/3683
s 0
f 1070/2108/3684 1174/2107/3684 1143/2181/3684
f 1235/2096/3685 1101/2124/3685 963/2182/3685
f 996/2179/3686 986/2172/3686 963/2176/3686
s 1
f 988/2178/3679 947/2183/3687 963/2176/3680
f 971/2163/3688 1382/2126/3689 1113/2128/3690
s 0
f 897/2094/3691 1073/2092/3691 1265/2080/3691
s 1
f 950/2184/3692 947/2185/3683 1070/2186/3630
f 1070/2108/3630 1143/2181/3693 980/2187/3694
f 1143/2188/3693 1158/2189/3695 980/2190/3694
f 1070/2186/3630 957/2191/3696 950/2184/3692
f 1070/2186/3630 980/2192/3694 957/2191/3696
s 0
f 950/2184/3697 957/2191/3697 956/2193/3697
f 957/2191/3698 980/2192/3698 956/2193/3698
f 980/2194/3699 950/2184/3699 954/2195/3699
f 950/2184/3700 956/2193/3700 954/2195/3700
f 956/2193/3701 980/2192/3701 955/2196/3701
s 1
f 955/2197/3702 980/2194/3702 954/2195/3702
f 954/2195/3703 956/2193/3704 952/2198/3705
f 952/2198/3705 956/2193/3704 955/2196/3706
s 0
f 953/2199/3707 954/2195/3707 952/2198/3707
f 955/2197/3708 954/2195/3708 953/2199/3708
f 952/2200/3709 955/2201/3709 950/2202/3709
f 955/2203/3710 953/2204/3710 950/2205/3710
f 950/2205/3711 953/2204/3711 947/2206/3711
f 947/2206/3712 953/2204/3712 952/2200/3712
s 1
f 1265/2080/3713 933/2207/3714 899/2208/3715
f 950/2202/3716 980/2190/3694 1158/2189/3695
f 899/2208/3717 897/2094/3718 1265/2080/3713
s 0
f 963/2176/3719 947/2183/3719 1158/2209/3719
f 947/2206/3720 952/2200/3720 1158/2189/3720
f 952/2200/3721 950/2202/3721 1158/2189/3721
s 1
f 1235/2096/3722 963/2182/3723 1017/2210/3724
f 935/2081/3725 961/2115/3625 971/2163/3656
f 1265/2133/3726 1017/2136/3727 933/2211/3728
s 0
f 912/2212/3729 899/2208/3729 896/2213/3729
s 1
f 899/2208/3730 933/2207/3731 896/2213/3732
f 946/2214/3733 935/2081/3725 971/2163/3656
f 963/2182/3723 895/2215/3734 1017/2210/3724
f 1158/2216/3599 946/2214/3601 971/2163/3688
f 921/2217/3735 1017/2210/3736 838/2218/3737
f 912/2219/3738 896/2220/3739 903/2221/3740
f 903/2221/3740 896/2220/3741 873/2222/3742
f 1113/2128/3690 1158/2216/3599 971/2163/3688
f 897/2094/3743 899/2208/3744 912/2212/3745
f 1017/2136/3727 921/2223/3746 933/2211/3728
f 895/2224/3734 963/2176/3723 1158/2209/3747
f 884/2225/3748 886/2226/3749 903/2227/3740
f 886/2226/3750 869/2228/3751 877/2229/3752
f 886/2226/3750 884/2225/3753 869/2228/3751
s 0
f 884/2225/3754 903/2227/3754 819/2230/3754
s 1
f 896/2220/3732 933/2211/3731 921/2223/3755
s 0
f 674/2231/3756 921/2217/3756 838/2218/3756
s 1
f 1113/2128/3757 897/2127/3758 863/2232/3759
f 912/2233/3738 903/2227/3740 886/2226/3749
f 840/2234/3760 903/2221/3761 873/2222/3762
f 838/2218/3737 1017/2210/3736 895/2215/3763
f 674/2235/3764 869/2228/3765 921/2236/3766
f 860/2237/3767 884/2225/3768 819/2230/3769
f 873/2222/3770 896/2220/3771 921/2223/3772
f 912/2233/3773 886/2226/3774 819/2238/3775
f 764/2239/3776 897/2127/3777 912/2240/3778
f 877/2229/3779 869/2228/3765 674/2235/3764
f 819/2230/3775 903/2227/3780 811/2241/3781
f 1158/2216/3747 1113/2128/3757 863/2232/3759
f 810/2242/3782 840/2234/3760 873/2222/3762
f 895/2224/3734 1158/2209/3747 863/2243/3759
f 811/2244/3781 903/2221/3761 840/2234/3760
s 0
f 869/2228/3783 884/2225/3783 860/2237/3783
s 1
f 886/2226/3784 877/2229/3785 819/2238/3786
f 873/2222/3770 921/2223/3772 799/2245/3787
f 912/2246/3773 819/2247/3775 811/2248/3781
f 897/2127/3777 764/2239/3776 641/2249/3788
f 819/2238/3786 877/2229/3785 783/2250/3789
f 19/2251/3790 869/2228/3791 860/2237/3792
f 895/2224/3763 863/2243/3793 838/2252/3737
f 641/2249/3788 764/2239/3776 766/2253/3794
f 921/2223/3772 869/2254/3795 799/2245/3787
f 811/2248/3781 840/2255/3760 17/2256/3796
s 0
f 799/2245/3797 869/2254/3797 19/2257/3797
s 1
f 783/2258/3798 19/2251/3790 860/2237/3799
f 783/2258/3800 860/2237/3801 819/2230/3802
f 863/2232/3803 897/2127/3777 641/2249/3788
f 912/2246/3804 18/21/3805 764/20/3806
f 810/2242/3807 873/2222/3808 799/2245/3809
f 656/2259/3810 18/21/3811 912/2246/3773
f 912/2246/3773 811/2248/3781 656/2259/3810
f 674/2260/3812 838/2252/3813 863/2243/3803
f 751/2261/3814 750/2262/3815 706/2263/3816
f 706/2263/3816 750/2262/3817 746/2264/3818
s 0
f 728/2265/3819 750/2262/3819 751/2261/3819
s 1
f 722/2266/3820 716/2267/3821 746/2268/3822
s 0
f 727/2269/3823 716/2267/3823 723/2270/3823
f 710/2271/3824 753/2272/3824 727/2269/3824
s 1
f 722/2273/3820 746/2264/3822 750/2262/3825
s 0
f 751/2261/3826 706/2263/3826 728/2265/3826
f 716/2274/3827 722/2273/3827 305/2275/3827
s 1
f 706/2263/3828 746/2264/3829 345/2276/3830
s 0
f 727/2269/3831 753/2272/3831 716/2267/3831
s 1
f 707/2277/3832 702/2278/3833 715/2279/3834
s 0
f 305/2275/3835 723/2280/3835 716/2274/3835
f 710/2271/3836 727/2269/3836 754/2281/3836
f 754/2281/3837 727/2269/3837 723/2270/3837
s 1
f 723/2270/3838 715/2282/3839 754/2281/3840
s 0
f 702/2278/3841 710/2283/3841 754/2284/3841
s 1
f 754/2284/3842 715/2285/3843 700/2286/3844
f 700/2286/3845 715/2285/3846 691/2287/3847
s 0
f 693/2288/3848 691/2289/3848 715/2279/3848
f 715/2279/3849 702/2278/3849 693/2288/3849
s 1
f 754/2284/3850 700/2286/3850 702/2278/3850
s 0
f 700/2286/3851 691/2287/3851 743/2290/3851
s 1
f 681/2291/3852 693/2288/3853 702/2278/3854
s 0
f 693/2288/3855 632/2292/3855 691/2289/3855
f 702/2278/3856 700/2286/3856 680/22/3856
f 680/22/3857 700/2286/3857 743/2290/3857
f 743/2293/3858 691/2289/3858 632/2292/3858
f 632/2292/3859 693/2288/3859 681/2291/3859
f 743/2290/3860 764/20/3860 680/22/3860
s 1
f 810/2242/3807 799/2245/3809 643/2294/3861
f 19/2251/3790 783/2258/3798 654/2295/3862
f 863/2232/3803 641/2249/3788 674/2296/3812
s 0
f 17/2256/3863 840/2255/3863 656/2259/3863
s 1
f 783/2250/3798 877/2229/3864 641/2297/3865
s 0
f 766/2298/3866 764/20/3866 743/2290/3866
s 1
f 702/2278/3854 680/22/3867 681/2291/3852
f 811/2248/3781 17/2256/3796 656/2259/3810
f 840/2255/3760 810/2299/3782 656/2259/3810
f 810/2242/3868 643/2294/3869 665/2300/3870
s 0
f 641/2297/3871 877/2229/3871 674/2235/3871
s 1
f 662/2301/3872 18/21/3811 656/2259/3810
s 0
f 799/2245/3873 19/2257/3873 643/2294/3873
s 1
f 643/2294/3874 19/2257/3790 677/2302/3875
s 0
f 641/2303/3876 766/2304/3876 632/2305/3876
s 1
f 783/2250/3798 641/2297/3877 654/2306/3862
f 19/2251/3790 654/2295/3862 677/2307/3875
f 680/22/3878 18/21/3879 662/2301/3880
f 662/2301/3872 656/2259/3810 810/2299/3782
f 654/2308/3862 641/2303/3877 642/2309/3881
f 680/22/3878 662/2301/3880 618/2310/3882
f 643/2294/3883 677/2302/3875 642/2311/3881
s 0
f 766/2304/3884 743/2312/3884 632/2305/3884
s 1
f 632/2292/3885 681/2291/3886 608/2313/3887
s 0
f 607/2314/3888 810/2299/3888 665/2315/3888
f 573/2316/3889 643/2317/3889 642/2309/3889
f 662/2301/3890 810/2299/3890 607/2314/3890
f 665/2318/3891 573/2319/3891 12/14/3891
s 1
f 665/2300/3870 643/2294/3869 573/2320/3892
f 579/2321/3893 632/2292/3885 608/2313/3887
f 677/2307/3875 654/2295/3862 642/2322/3881
f 681/2291/3894 680/22/3895 618/2310/3896
f 681/2291/3894 618/2310/3896 608/2313/3897
s 0
f 618/2310/3898 662/2301/3898 607/2314/3898
s 1
f 588/19/3899 12/14/3900 574/2323/3901
f 496/2324/3902 11/13/3903 566/2325/3904
f 642/2309/3905 641/2303/3906 579/2326/3907
s 0
f 579/2321/3908 608/2313/3908 618/2310/3908
f 12/14/3909 11/13/3909 590/2327/3909
s 1
f 641/2303/3906 632/2305/3910 579/2326/3907
s 0
f 12/14/3911 573/2319/3911 574/2323/3911
f 618/2310/3912 607/2314/3912 579/2321/3912
s 1
f 566/2325/3904 11/13/3903 600/15/3913
s 0
f 14/11/3914 15/17/3914 600/9/3914
s 1
f 588/19/3899 574/2323/3915 9/2328/3916
s 0
f 642/2309/3917 579/2326/3917 573/2316/3917
s 1
f 10/2329/3918 15/17/3919 562/18/3920
f 13/12/3921 16/10/6 507/2330/3922
f 590/2327/3923 11/13/3903 496/2324/3902
s 0
f 507/2330/3924 16/10/3924 588/2331/3924
f 549/2332/3925 573/2316/3925 579/2326/3925
s 1
f 665/2315/3926 12/2333/3927 558/2334/3928
f 12/14/3929 590/2327/3930 558/2335/3931
s 0
f 549/2336/3932 579/2321/3932 607/2314/3932
s 1
f 551/2337/3933 15/17/3934 10/2329/3918
s 0
f 507/2330/3935 588/2331/3935 9/2338/3935
s 1
f 574/2323/3936 573/2319/3937 549/2339/3938
f 607/2314/3939 665/2315/3926 558/2334/3928
f 8/2340/3940 574/2323/3941 549/2339/3942
f 558/2335/3931 590/2327/3943 488/2341/3944
f 488/2341/3945 590/2327/3923 496/2324/3902
f 551/2337/3933 10/2329/3918 562/18/3920
s 0
f 562/18/3946 13/12/3946 507/2330/3946
f 9/2338/3947 534/2342/3947 507/2330/3947
s 1
f 507/2330/3948 534/2342/3949 504/2343/3950
f 574/2344/3951 8/2345/3952 9/2338/3953
f 8/2346/3954 607/2314/3955 558/2334/3956
f 492/2347/3957 562/18/3958 507/2330/3959
f 549/2336/3960 607/2314/3955 8/2346/3961
f 450/2348/3962 566/2325/3904 600/15/3913
f 9/2338/3963 8/2345/3952 460/2349/3964
f 450/2350/3965 600/9/3966 551/2337/3933
s 0
f 600/9/3967 15/17/3967 551/2337/3967
s 1
f 460/2349/3964 8/2345/3952 467/2351/3968
f 488/2341/3945 496/2324/3902 487/2352/3969
f 496/2324/3902 566/2325/3904 487/2352/3969
f 464/2353/3970 8/2354/3952 558/2335/3931
f 492/2347/3971 507/2330/3948 504/2343/3950
s 0
f 534/2342/3972 9/2338/3972 460/2349/3972
s 1
f 504/2343/3950 534/2342/3949 460/2349/3973
f 566/2325/3904 450/2348/3962 487/2352/3969
f 464/2353/3970 558/2335/3931 488/2341/3944
f 465/2355/3974 551/2337/3933 562/18/3920
f 492/2347/3971 504/2343/3950 460/2349/3973
f 464/2353/3970 467/2356/3968 8/2354/3952
f 487/2352/3969 430/2357/3975 488/2341/3945
f 430/2357/3975 487/2352/3969 450/2348/3962
f 434/2358/3976 562/18/3958 492/2347/3957
f 465/2355/3974 562/18/3920 427/2359/3977
f 427/2359/3978 562/18/3958 434/2358/3976
f 488/2341/3945 430/2357/3979 419/2360/3980
f 492/2347/3971 460/2349/3973 394/2361/3981
f 464/2353/3970 488/2341/3944 408/2362/3982
f 450/2350/3965 551/2337/3933 418/2363/3983
f 418/2363/3983 551/2337/3933 465/2355/3974
f 394/2361/3981 460/2349/3973 424/2364/3984
s 0
f 408/2362/3985 488/2341/3985 419/2360/3985
s 1
f 434/2358/3986 492/2347/3971 394/2361/3981
f 430/2357/3975 450/2348/3962 406/2365/3987
f 424/2364/3988 460/2349/3964 467/2351/3968
f 427/2359/3977 418/2363/3983 465/2355/3974
f 467/2356/3968 464/2353/3970 387/2366/3989
s 0
f 419/2360/3990 430/2357/3990 408/2362/3990
s 1
f 408/2362/3991 430/2357/3975 406/2365/3987
f 464/2353/3970 408/2362/3982 387/2366/3989
f 450/2350/3965 418/2363/3983 406/2367/3992
s 0
f 377/2368/3993 408/2369/3993 406/2370/3993
f 366/2371/3994 408/2369/3994 377/2368/3994
s 1
f 377/2368/3995 406/2370/3996 418/2372/3997
f 434/2358/3998 394/2361/3999 389/2373/4000
f 424/2364/3988 467/2351/3968 387/2374/3989
f 394/2361/3999 424/2364/4001 389/2373/4000
s 0
f 427/2359/4002 434/2358/4002 389/2373/4002
f 387/2375/4003 408/2369/4003 366/2371/4003
s 1
f 418/2372/4004 427/2376/4005 363/2377/4006
f 418/2372/3997 364/2378/4007 377/2368/3995
f 418/2372/4004 363/2377/4006 364/2378/4008
s 0
f 424/2364/4009 387/2374/4009 389/2373/4009
f 377/2368/4010 364/2378/4010 374/2379/4010
s 1
f 363/2377/4006 427/2376/4005 389/2380/4011
f 7/2381/4012 366/2371/4013 377/2368/4014
f 366/2371/4015 7/2381/4016 387/2375/4017
s 0
f 364/2378/4018 363/2377/4018 298/2382/4018
s 1
f 715/2282/3839 723/2270/3838 707/2383/4019
f 728/2265/4020 706/2263/4021 354/2384/4022
f 716/2267/4023 753/2272/4024 319/2385/4025
f 746/2268/3822 716/2267/3821 345/2386/4026
f 329/2387/4027 753/2272/4028 7/2381/4029
f 753/2272/4030 710/2271/4031 7/2381/4032
f 7/2381/4016 333/2388/4033 387/2375/4017
f 710/2283/4034 702/2278/3833 707/2277/3832
s 0
f 292/2389/4035 305/2275/4035 722/2273/4035
s 1
f 345/2386/4036 716/2267/4023 319/2385/4025
f 389/2390/4037 387/2375/4038 326/2391/4039
f 7/2381/4032 710/2271/4031 333/2388/4040
s 0
f 333/2388/4041 710/2271/4041 324/2392/4041
f 319/2385/4042 753/2272/4042 329/2387/4042
f 707/2393/4043 723/2280/4043 305/2275/4043
s 1
f 7/2381/4012 377/2368/4014 299/2394/4044
s 0
f 363/2377/4045 389/2380/4045 326/2395/4045
f 324/2392/4046 710/2271/4046 707/2396/4046
s 1
f 329/2387/4027 7/2381/4029 299/2394/4047
s 0
f 374/2379/4048 364/2378/4048 317/2397/4048
f 750/2262/4049 728/2265/4049 292/2389/4049
s 1
f 292/2389/4050 728/2265/4051 354/2384/4052
s 0
f 292/2389/4053 722/2273/4053 750/2262/4053
s 1
f 345/2386/3830 319/2385/4054 213/2398/4055
s 0
f 213/2398/4056 319/2385/4056 329/2387/4056
s 1
f 387/2375/4038 333/2388/4057 326/2391/4058
f 326/2391/4058 333/2388/4057 324/2392/4059
s 0
f 326/2391/4060 324/2392/4060 707/2396/4060
f 326/2399/4061 707/2393/4061 220/2400/4061
f 364/2378/4062 298/2382/4062 245/2401/4062
f 377/2368/4063 374/2379/4063 299/2394/4063
f 298/2382/4064 363/2377/4064 245/2401/4064
f 245/2401/4065 363/2377/4065 250/2402/4065
f 220/2400/4066 707/2393/4066 305/2275/4066
f 363/2377/4067 192/2403/4067 250/2402/4067
s 1
f 198/2404/4068 706/2405/3828 345/2406/3830
f 198/2404/4068 345/2406/3830 213/2407/4055
f 213/2407/4069 329/2408/4069 216/2409/4069
f 329/2408/4070 299/2410/4071 190/2411/4072
s 0
f 363/2377/4073 326/2395/4073 192/2403/4073
s 1
f 292/2389/4050 354/2384/4052 194/2412/4074
f 706/2263/4021 232/2413/4075 354/2384/4076
s 0
f 82/2414/4077 317/2397/4077 364/2378/4077
s 1
f 158/2415/4078 232/2416/4075 706/2405/4021
f 158/2415/4078 706/2405/4021 198/2404/4079
s 0
f 216/2409/4080 329/2408/4080 190/2411/4080
f 317/2397/4081 299/2394/4081 374/2379/4081
s 1
f 194/2412/4082 354/2384/4083 208/2417/4084
f 299/2410/4071 317/2418/4085 190/2411/4072
s 0
f 364/2378/4086 245/2401/4086 82/2414/4086
f 194/2412/4087 305/2275/4087 292/2389/4087
s 1
f 354/2384/4076 232/2413/4075 208/2417/4088
s 0
f 220/2400/4089 305/2275/4089 196/2419/4089
f 196/2419/4090 305/2275/4090 194/2412/4090
s 1
f 192/2420/4091 326/2399/4092 200/2421/4093
f 200/2421/4093 326/2399/4092 220/2400/4094
s 0
f 157/2422/4095 190/2411/4095 185/2423/4095
f 213/2407/4096 216/2409/4096 157/2422/4096
f 216/2409/4097 190/2411/4097 157/2422/4097
f 108/2424/4098 185/2423/4098 190/2411/4098
f 220/2400/4099 196/2419/4099 200/2421/4099
s 1
f 158/2415/4078 208/2425/4088 232/2416/4075
s 0
f 108/2424/4100 190/2411/4100 317/2418/4100
s 1
f 150/2426/4101 250/2427/4102 192/2428/4103
f 198/2404/4068 213/2407/4104 157/2422/4105
f 194/2412/4106 208/2417/4107 196/2419/4108
s 0
f 108/2424/4109 317/2418/4109 82/2429/4109
f 82/2414/4110 245/2401/4110 250/2402/4110
f 150/2426/4111 192/2428/4111 112/2430/4111
f 196/2431/4112 112/2430/4112 200/2432/4112
s 1
f 47/2433/4113 196/2431/4114 208/2425/4115
s 0
f 157/2422/4116 185/2423/4116 103/2434/4116
f 47/2433/4117 158/2415/4117 198/2404/4117
f 157/2422/4118 103/2434/4118 198/2404/4118
s 1
f 185/2423/4119 108/2424/4119 48/2435/4120
f 82/2429/4121 250/2427/4122 150/2426/4101
s 0
f 192/2428/4123 200/2432/4123 112/2430/4123
s 1
f 208/2425/4088 158/2415/4078 47/2433/4124
f 150/2426/4125 112/2430/4126 82/2429/4127
f 196/2431/4114 47/2433/4128 53/2436/4129
f 108/2424/4130 82/2429/4131 48/2435/4132
s 0
f 112/2430/4133 196/2431/4133 53/2436/4133
s 1
f 185/2423/4134 48/2435/4135 103/2434/4136
f 82/2429/4137 112/2430/4126 53/2436/4138
s 0
f 48/2435/4139 82/2429/4139 53/2436/4139
s 1
f 198/2404/4140 103/2434/4141 33/2437/4142
f 103/2434/4136 48/2435/4135 36/2438/4143
s 0
f 48/2435/4144 53/2436/4144 36/2438/4144
f 103/2434/4145 36/2438/4145 33/2437/4145
s 1
f 33/2437/4142 47/2433/4146 198/2404/4140
s 0
f 53/2436/4147 47/2433/4147 33/2437/4147
f 53/2436/4148 33/2437/4148 36/2438/4148
l 5 6
