# Blender 4.3.2
# www.blender.org
o model
v -0.576655 0.040258 0.301506
v -0.488132 0.527428 0.040742
v -0.395004 0.429267 -0.304992
v -0.174977 0.089491 0.120069
v -0.595726 0.050736 -0.354609
v -0.566834 0.071553 -0.356248
v -0.572746 0.006872 -0.335810
v -0.515081 0.144239 -0.343382
v -0.624052 0.004191 -0.221267
v -0.498113 0.176938 -0.337779
v -0.513876 0.026672 -0.308518
v -0.565134 0.147504 -0.348505
v -0.555042 0.145786 -0.354080
v -0.652196 0.048230 -0.227655
v -0.514106 0.091688 -0.332783
v -0.464466 0.225816 -0.330794
v -0.518866 0.271461 -0.336587
v -0.451236 0.197958 -0.322415
v -0.433744 0.317354 -0.326439
v -0.657842 0.047113 0.200415
v -0.624359 0.144867 -0.217145
v -0.649780 0.107579 0.179170
v -0.381866 0.696992 0.184562
v -0.393619 0.715709 0.217526
v -0.381358 0.725475 0.181457
v -0.391705 0.763117 0.136000
v -0.384459 0.294758 -0.311160
v -0.255126 0.815614 0.381103
v -0.054717 0.000076 0.193680
v -0.217454 0.573887 0.389833
v -0.452810 0.994306 -0.041366
v -0.137629 0.299095 -0.456462
v 0.170741 0.028796 0.120039
v 0.251711 0.528013 -0.394915
v 0.174256 0.548966 0.359556
v 0.191113 0.590199 0.394817
v 0.175064 0.571703 0.363053
v 0.129459 0.578058 0.389618
v 0.207714 0.480181 0.384237
v 0.279455 0.360808 0.401606
v 0.145259 0.572129 -0.415735
v 0.296261 0.301884 0.327934
v -0.028366 0.861862 0.454662
v 0.059695 0.844310 0.430398
v 0.388415 0.521136 0.242922
v 0.380408 0.492808 0.257928
v 0.429590 0.507541 0.153285
v 0.430026 0.507533 0.152298
v 0.429117 0.506446 0.152134
v 0.251938 0.696609 0.310569
v 0.283767 0.710452 0.348708
v 0.458387 0.507543 0.090879
v 0.293773 0.805371 0.336489
v 0.584532 0.341723 0.143434
v 0.644958 0.188199 0.176446
v 0.670932 0.109681 0.197112
v 0.670960 0.099148 0.177768
v 0.657962 0.045999 0.183402
v 0.614958 0.101538 0.307244
v 0.589077 0.110161 0.310393
v 0.588668 0.191174 0.293296
v 0.629187 0.194062 0.145886
v 0.619844 0.189571 0.225821
v 0.631707 0.167530 0.145706
v 0.601899 0.030391 0.295525
v 0.579804 0.255478 0.118095
v 0.647157 0.102722 0.161595
v 0.603986 0.192491 0.135856
v 0.592253 0.183158 0.292816
v 0.555703 0.160058 0.298607
v -0.674959 0.115344 0.206966
v 0.581037 0.103421 0.302684
v 0.564962 0.188565 0.300682
v 0.623207 0.042196 0.154768
v 0.568145 0.178007 0.303737
v 0.607454 0.089311 0.145259
v 0.531983 0.195608 0.286953
v 0.547957 0.329248 0.095138
v 0.570754 0.256922 0.107147
v 0.540224 0.045870 0.269260
v -0.584356 0.040460 0.155793
v 0.588778 0.046427 0.152506
v 0.590029 0.172665 0.121661
v 0.533664 0.107392 0.278769
v 0.560624 0.041372 0.294047
v -0.628420 0.163839 0.160309
v 0.499454 0.274831 0.273445
v 0.522507 0.175568 0.285918
v -0.606098 0.104693 0.148487
v 0.537977 0.451682 0.119994
v 0.511861 0.389584 0.075117
v 0.544584 0.240158 0.092128
v 0.473288 0.418910 0.065406
v 0.466554 0.331647 0.267783
v 0.552940 0.107721 0.129404
v 0.535248 0.434259 0.087411
v 0.520468 0.352998 0.270546
v 0.478741 0.451456 0.248641
v 0.412098 0.594278 0.065551
v 0.371602 0.691837 -0.251980
v 0.452967 0.556800 0.017454
v 0.339877 0.755422 -0.237643
v 0.388968 0.699067 -0.223291
v 0.437162 0.739586 -0.173973
v 0.385693 0.818442 -0.206307
v 0.403910 0.932184 0.152513
v 0.418135 0.944455 -0.169314
v -0.021417 1.651752 -0.135117
v 0.071775 1.690716 -0.097660
v 0.057304 1.656249 -0.107698
v 0.056333 1.871463 -0.065018
v 0.052123 1.701054 -0.056089
v 0.054890 1.694500 -0.074457
v 0.036688 1.862659 -0.069728
v 0.025883 1.694821 -0.074672
v 0.437717 1.020439 -0.062739
v 0.415597 1.081988 -0.061063
v 0.153455 1.636412 -0.085282
v 0.290980 1.459161 0.032549
v 0.313021 1.458352 -0.097607
v 0.272300 1.499856 -0.095122
v 0.264209 1.528059 -0.081403
v -0.622974 0.047501 0.260587
v 0.351904 1.363795 -0.105055
v -0.587056 0.188124 0.131242
v 0.181197 1.536196 -0.225988
v 0.379512 1.289836 -0.008985
v 0.427664 1.139731 -0.021138
v 0.398917 1.182184 -0.062087
v -0.544936 0.105535 0.127713
v 0.379158 1.268759 -0.060326
v 0.382089 1.235952 -0.016749
v 0.421426 1.079742 -0.006186
v 0.352255 1.328252 -0.020558
v 0.446110 1.042714 0.002659
v 0.394088 1.215641 -0.116497
v 0.431678 0.980877 0.030415
v 0.357652 1.285805 -0.001109
v 0.465215 0.986745 -0.017265
v 0.375385 1.324572 -0.023190
v 0.329117 1.290572 -0.183974
v 0.436460 0.935698 0.007188
v 0.382703 1.041014 0.163971
v 0.344054 1.293598 0.126905
v 0.335161 1.359204 0.019188
v 0.335991 1.362404 -0.000260
v 0.255269 1.495209 0.017258
v 0.446833 0.978281 0.038855
v 0.087995 1.633627 -0.111505
v -0.594876 0.115073 0.326469
v 0.089197 1.652719 -0.107696
v 0.116281 1.637188 -0.146857
v 0.114243 1.642596 -0.057684
v 0.336839 1.286457 0.098531
v 0.187479 1.501204 -0.234841
v 0.082728 1.668802 -0.046059
v 0.319842 1.332293 0.107801
v 0.123408 1.637912 0.040286
v 0.287816 1.355643 0.053027
v 0.090147 1.652684 0.016109
v 0.022603 1.693577 -0.035376
v -0.606315 0.203199 0.151009
v 0.363251 1.133852 0.151613
v 0.427348 0.933467 0.078132
v 0.461188 0.943183 0.015670
v 0.212084 1.529263 0.130339
v 0.220351 1.455915 -0.270627
v -0.567959 0.108447 0.310346
v -0.529871 0.040242 0.261491
v 0.046383 1.647691 -0.020012
v 0.337130 1.326978 0.116872
v -0.639376 0.193096 0.168024
v 0.412406 0.983690 0.144728
v -0.006069 1.636582 -0.139016
v 0.442983 0.901801 0.012335
v 0.092740 1.637036 0.016603
v -0.541273 0.167911 0.301827
v -0.580763 0.278795 0.130710
v 0.217883 1.499910 0.134456
v -0.001942 1.643055 -0.068031
v -0.000413 1.659784 -0.072426
v 0.303047 1.363101 -0.190452
v 0.433219 1.050591 -0.066311
v 0.478550 0.863269 -0.088140
v -0.575443 0.266810 0.119224
v 0.419006 0.943399 0.166307
v 0.030585 1.656415 0.044653
v 0.040033 1.638484 0.050328
v 0.245774 1.460176 0.171836
v 0.053634 1.636854 0.081668
v 0.241279 1.358389 0.172805
v -0.043672 1.630443 -0.110704
v -0.020793 1.636356 -0.173384
v 0.439815 1.046223 -0.127594
v 0.279149 1.360422 0.199065
v -0.031175 1.643552 -0.003112
v 0.399762 1.044280 -0.137998
v 0.337258 1.249084 0.135428
v 0.251824 1.359850 -0.292670
v 0.352674 1.181124 -0.195633
v 0.382112 1.044742 -0.210977
v 0.465070 0.637835 -0.034815
v 0.391684 0.935249 0.065873
v 0.274017 1.365845 0.193254
v -0.072575 1.653583 0.008054
v 0.437076 0.883555 0.069876
v 0.384786 1.017998 0.212903
v 0.321182 1.273437 0.163071
v -0.564870 0.190576 0.318746
v 0.391441 1.044438 0.173540
v -0.038383 1.658415 0.002175
v 0.427043 0.897701 0.082735
v -0.492652 0.102685 0.242584
v 0.094552 1.491778 -0.240579
v 0.274148 1.205205 -0.320694
v 0.249624 1.364430 -0.286719
v -0.084594 1.636212 0.045474
v -0.563488 0.200131 0.310629
v 0.368971 1.045289 -0.185846
v 0.393995 1.040987 -0.194382
v 0.430800 0.859336 0.105573
v 0.409770 0.901075 0.147147
v 0.332177 1.209998 0.174064
v -0.076584 1.635847 -0.033193
v -0.077885 1.635215 -0.142220
v 0.210762 1.354314 0.236900
v 0.339682 1.272233 0.167873
v 0.125847 1.493006 0.187326
v 0.216712 1.358621 0.233657
v -0.061070 1.637314 0.019759
v -0.075032 1.497769 -0.284239
v 0.091357 1.459597 0.267145
v 0.369178 1.005945 0.204357
v 0.199352 1.353549 0.202721
v 0.080123 1.529882 0.212892
v 0.449010 0.856644 -0.132322
v 0.317407 1.140161 0.244621
v 0.301831 1.047705 -0.349314
v 0.436671 0.852055 0.082445
v -0.119323 1.634259 -0.026222
v -0.523686 0.259692 0.091505
v -0.524762 0.206298 0.287846
v -0.474501 0.186317 0.088850
v -0.531070 0.101473 0.287262
v 0.440430 0.638576 0.069742
v 0.406281 0.845426 0.066344
v -0.067838 1.537884 -0.268731
v -0.000553 1.555890 0.152991
v 0.353458 1.086332 0.195012
v 0.079389 1.497563 0.223884
v -0.489715 0.255697 0.275277
v -0.181969 1.530131 -0.190281
v 0.397954 0.791837 -0.155310
v 0.443751 0.805056 -0.158314
v 0.442615 0.635256 -0.078874
v 0.385902 0.810341 -0.276766
v 0.438758 0.819650 -0.149883
v 0.127567 1.361938 -0.305687
v 0.029949 1.360346 -0.327092
v 0.318145 1.043735 -0.297479
v 0.403229 0.820494 -0.177191
v 0.422490 0.635421 0.001583
v -0.642814 0.208471 0.191238
v -0.233807 1.528637 -0.012955
v -0.477842 0.219554 0.269057
v 0.002373 1.527308 0.180059
v -0.069633 1.555744 0.130434
v 0.382285 0.799180 -0.254214
v 0.373578 0.778396 -0.188302
v -0.558428 0.331497 0.109566
v -0.506661 0.252158 0.272160
v 0.340729 0.965849 -0.306341
v -0.075097 1.493756 -0.270763
v 0.436908 0.774089 -0.171843
v -0.475238 0.329160 0.263028
v 0.437315 0.638118 0.081449
v 0.205551 1.262287 0.235603
v -0.413185 0.185836 0.184965
v 0.350731 0.786513 -0.243909
v -0.407224 0.201467 0.067746
v 0.393443 0.757002 -0.154873
v 0.394420 0.722498 -0.154659
v 0.457399 0.631182 0.006134
v -0.474586 0.305602 0.064800
v -0.092082 1.527992 0.151748
v -0.124004 1.251637 -0.373718
v -0.565085 0.421207 0.110023
v -0.008141 1.461637 0.240927
v 0.383711 0.761196 -0.226219
v 0.478662 0.572448 -0.086527
v 0.374146 0.859636 0.289512
v 0.429156 0.716665 -0.174672
v 0.438190 0.703867 -0.171125
v 0.458344 0.537614 0.005786
v 0.458538 0.621239 0.018274
v 0.407441 0.635042 0.069035
v -0.458342 0.333296 0.261891
v 0.389349 0.778184 -0.263427
v -0.483803 0.397683 0.038577
v 0.122350 1.045354 -0.380989
v 0.398197 0.696117 -0.156710
v 0.039415 1.409045 0.275963
v 0.367875 0.686524 -0.209175
v 0.421954 0.683012 -0.175625
v 0.207379 1.161298 0.269011
v 0.395057 0.750554 -0.226202
v 0.400345 0.700749 -0.222454
v 0.444628 0.671027 -0.158056
v 0.067435 1.363543 0.297125
v 0.300996 1.040742 -0.349905
v 0.438363 0.667022 -0.150989
v 0.473547 0.574781 0.037439
v -0.009306 1.491647 0.185448
v 0.476876 0.526983 -0.090783
v 0.235963 1.043959 -0.343272
v 0.375562 0.820339 -0.278354
v 0.344557 0.722622 -0.241575
v 0.388888 0.688286 -0.220433
v -0.166776 1.530219 0.131077
v -0.510947 0.197521 0.288197
v 0.368933 0.723174 -0.217221
v 0.391643 0.700941 -0.233221
v 0.477369 0.633974 -0.086461
v 0.412793 0.621568 0.164520
v -0.370704 0.193545 0.141017
v 0.402451 0.638341 0.187052
v 0.389404 0.737030 -0.263200
v 0.370695 0.693659 -0.232962
v -0.449641 0.204378 0.236059
v 0.398981 0.682581 -0.235318
v 0.030344 1.408284 0.299892
v -0.029702 1.362018 -0.329310
v 0.091931 1.321596 0.314851
v -0.530231 0.327200 0.279616
v -0.032255 1.412077 0.254418
v 0.443315 0.487625 0.067845
v -0.519217 0.398814 0.080836
v 0.084886 1.326598 0.338244
v 0.323183 0.862843 -0.381202
v 0.389957 0.708324 -0.265945
v 0.443256 0.528004 0.066630
v 0.217457 1.054029 0.331075
v 0.363671 0.663165 -0.272014
v -0.217889 1.494469 -0.112286
v -0.192691 1.499390 -0.204643
v 0.439467 0.572353 -0.151758
v 0.474208 0.481664 -0.090888
v 0.473963 0.298994 -0.095294
v 0.453237 0.397011 0.052510
v 0.453371 0.300607 0.054037
v 0.475654 0.397287 -0.091612
v 0.452855 0.477523 0.053599
v 0.450374 0.479933 0.006213
v -0.480499 0.399442 0.059549
v -0.094063 1.460131 -0.316144
v 0.405106 0.661266 -0.170696
v 0.442295 0.557277 0.074295
v 0.449524 0.297186 -0.142874
v 0.408948 0.631253 0.180714
v 0.285685 0.860743 0.340347
v -0.176943 1.494335 0.134834
v 0.386009 0.668534 -0.275291
v 0.434184 0.348896 -0.158916
v 0.421745 0.472565 0.069656
v 0.484098 0.067594 -0.436195
v 0.566606 0.147660 -0.268555
v 0.601308 0.051259 -0.336070
v 0.583046 0.064810 -0.288879
v 0.586218 0.017939 -0.318890
v 0.550210 0.018469 -0.285601
v 0.520845 0.119253 -0.232752
v 0.513568 0.022518 -0.271942
v 0.509571 0.151564 -0.235146
v 0.502508 0.379014 -0.206480
v 0.560515 0.137875 -0.263248
v -0.485569 0.488798 0.093084
v -0.470734 0.429879 0.267499
v 0.577150 0.147560 -0.319368
v 0.509287 0.010252 -0.427635
v 0.508544 0.171472 -0.242332
v 0.576154 0.140513 -0.320076
v 0.498491 0.195124 -0.218349
v 0.444419 0.019742 -0.389893
v 0.505347 0.144614 -0.423619
v 0.528114 0.051254 -0.442340
v 0.468291 0.287574 -0.185525
v 0.468827 0.353866 -0.181728
v -0.368865 0.215676 0.141722
v 0.506818 0.403597 -0.261000
v 0.458015 0.148381 -0.429240
v 0.456073 0.057095 -0.416239
v 0.471317 0.102651 -0.238464
v 0.468776 0.173120 -0.212961
v 0.434594 0.351740 -0.162892
v 0.436393 0.360346 -0.168005
v 0.474067 0.157489 -0.433031
v 0.090421 1.239050 0.329614
v 0.013454 1.363585 0.284814
v -0.196487 1.462151 0.175789
v -0.247566 1.500184 -0.007771
v -0.111268 1.363713 -0.347212
v 0.428119 0.384924 -0.164744
v 0.439242 0.607982 0.162716
v -0.494071 0.448700 0.252017
v -0.179232 1.497543 0.147592
v 0.445102 0.528386 -0.145014
v 0.393059 0.100527 -0.362562
v 0.428816 0.291436 -0.164507
v 0.436061 0.340863 -0.162032
v 0.058025 1.305748 0.333574
v 0.050410 1.312717 0.315114
v 0.443180 0.303638 -0.165173
v -0.470840 0.459481 0.079536
v -0.260716 1.458795 -0.103894
v 0.374204 0.658626 -0.283497
v 0.416848 0.182632 -0.405177
v 0.432801 0.566671 0.169359
v 0.449901 0.396121 -0.142867
v -0.406974 0.197420 0.050925
v -0.492207 0.477241 0.065654
v 0.406351 0.569720 -0.222766
v 0.376088 0.635697 0.169196
v -0.483581 0.481435 0.037750
v -0.453836 0.481735 0.103189
v 0.207342 1.048311 0.301309
v 0.004345 1.378583 0.300867
v -0.162198 1.409184 0.207210
v 0.431441 0.298327 0.067256
v 0.462853 0.186442 0.081331
v 0.505277 0.104971 0.251553
v 0.496300 0.260234 0.278492
v -0.392647 0.309396 0.222380
v 0.219684 1.180907 0.287926
v -0.217439 1.458196 -0.235944
v 0.466442 0.298933 0.065066
v -0.479680 0.302308 0.026168
v 0.480609 0.221654 0.269456
v -0.039757 1.364908 0.262423
v 0.399641 0.258650 -0.161428
v 0.413060 0.560632 0.166399
v 0.401810 0.189624 -0.086085
v -0.382491 0.284769 0.193816
v -0.455851 0.397715 -0.073474
v 0.222840 1.046720 0.327998
v -0.355883 0.158817 0.045390
v -0.563514 0.444111 0.132268
v -0.406721 0.420135 0.232849
v 0.475553 0.240275 -0.406816
v 0.429826 0.213847 -0.172644
v 0.463476 0.488391 0.071126
v 0.435649 0.528263 0.078155
v 0.134053 0.855548 0.432084
v 0.055700 1.221381 0.347310
v 0.441586 0.479728 -0.148213
v 0.413689 0.155089 -0.400760
v 0.405030 0.168465 -0.176283
v -0.219813 1.253240 -0.316294
v 0.367576 0.573304 -0.294152
v 0.360312 0.593753 0.207264
v -0.205019 1.358258 -0.294942
v 0.421675 0.438677 -0.234042
v 0.427247 0.401972 -0.375507
v 0.437064 0.484077 0.083738
v -0.142433 1.356431 -0.294572
v 0.409568 0.527094 -0.218629
v 0.402360 0.295532 0.245589
v 0.411234 0.421161 -0.210029
v 0.358930 0.187692 -0.154066
v -0.180851 1.410032 0.229234
v 0.038048 1.044656 -0.390159
v 0.435661 0.475356 -0.178398
v -0.404446 0.413583 0.194342
v 0.094832 1.119101 0.363018
v -0.467090 0.480964 -0.029623
v 0.372707 0.531751 0.283470
v -0.421770 0.487402 0.204399
v 0.401384 0.252653 -0.394052
v 0.284898 0.786669 0.346391
v 0.324760 0.573133 -0.380839
v 0.414234 0.504171 0.203979
v -0.224951 1.323853 0.209953
v -0.225766 1.370745 0.193013
v 0.252365 0.786901 0.311834
v -0.406921 0.473660 0.226635
v 0.288172 0.747425 0.347908
v -0.148620 1.365654 0.230693
v -0.288668 1.454754 0.013569
v -0.087828 1.357562 0.253969
v -0.305786 1.362570 -0.110318
v -0.392601 0.312290 0.209935
v 0.369010 0.433653 -0.335036
v 0.089246 1.162442 0.391098
v -0.234361 1.332706 0.234932
v 0.391115 0.593995 0.227139
v 0.253603 0.759080 0.309218
v -0.352656 0.333111 0.283021
v 0.121323 0.858710 -0.419595
v 0.411961 0.482491 -0.214639
v 0.428857 0.398986 0.257071
v 0.207183 0.782216 0.342495
v -0.162703 1.375244 0.248501
v 0.210281 0.750338 0.339431
v 0.258905 0.819736 0.356971
v -0.252022 1.364046 -0.260809
v -0.143097 1.047690 -0.421239
v 0.440930 0.156356 0.224002
v -0.314368 1.409821 0.010131
v 0.401022 0.384941 -0.393541
v 0.097614 1.040779 0.375983
v -0.198081 1.301008 0.237469
v -0.416912 0.463946 0.176964
v -0.206601 1.356353 -0.259630
v -0.443652 0.350744 -0.126229
v -0.141872 1.041081 -0.421647
v -0.302916 0.164221 0.145231
v 0.321650 0.134429 -0.075791
v 0.392638 0.209965 0.058073
v 0.412490 0.492772 0.164725
v -0.438445 0.417089 -0.146176
v 0.219181 0.792439 0.383461
v 0.342761 0.356081 -0.361795
v 0.332269 0.163430 -0.327999
v 0.458979 0.439304 0.264915
v 0.253309 0.724113 0.308286
v -0.458849 0.429867 -0.135788
v 0.371129 0.528578 -0.292374
v 0.392560 0.390608 0.225037
v -0.310766 0.137712 0.011680
v 0.293745 0.671493 0.343325
v 0.124104 1.037132 0.387018
v 0.103781 1.049777 0.392696
v -0.335137 1.362961 0.010390
v 0.220873 0.688011 0.354009
v 0.333418 0.472860 -0.376228
v 0.269474 0.685303 0.334715
v 0.061192 1.113764 0.377674
v 0.208829 0.717160 0.338723
v 0.231340 0.766721 0.380349
v 0.326919 0.273322 -0.353947
v 0.367902 0.474766 0.292246
v 0.398245 0.421620 0.240750
v 0.369536 0.595922 0.286724
v -0.471467 0.521257 -0.026027
v -0.383721 0.528197 0.221800
v 0.059700 1.051512 0.420690
v 0.054673 1.054439 0.402737
v -0.258095 1.358373 -0.261451
v 0.354083 0.202709 0.159522
v 0.228930 0.707354 0.380321
v 0.094167 1.035848 0.428781
v 0.344513 0.419211 -0.351060
v 0.396849 0.241735 0.222182
v 0.391569 0.306395 0.236461
v 0.394435 0.488097 0.223513
v 0.228820 0.730005 0.381134
v -0.303003 1.358106 0.063384
v -0.429665 0.272628 -0.116897
v 0.094617 1.023219 0.382919
v 0.372515 0.478155 -0.273867
v 0.393908 0.526317 0.192229
v 0.384805 0.193029 0.046652
v 0.372602 0.522969 0.283718
v -0.331736 1.327887 -0.077946
v -0.283766 1.256942 -0.280900
v 0.327798 0.296708 -0.379858
v 0.291628 0.659190 0.331708
v 0.018537 0.942568 0.433993
v -0.295490 1.327926 -0.192363
v 0.217404 0.658920 0.381143
v -0.068381 1.160144 0.327096
v -0.250294 1.256461 0.255421
v -0.434725 0.483394 -0.144425
v 0.274111 0.186004 -0.312934
v -0.003756 0.985824 0.406790
v 0.072340 0.860103 -0.419452
v 0.288608 0.187998 -0.289074
v 0.390356 0.482239 0.241203
v -0.261145 1.241874 0.215218
v -0.228951 1.185750 -0.326523
v -0.487166 0.565437 0.042406
v -0.126718 1.043642 -0.389184
v -0.217476 1.206358 0.262710
v -0.244325 1.045199 -0.359632
v 0.325730 0.528733 -0.381830
v -0.234047 1.185717 0.284194
v -0.325550 1.240781 0.107195
v -0.251908 1.044025 -0.357635
v 0.327280 0.392395 -0.379747
v 0.371064 0.251286 0.196877
v 0.366535 0.309123 0.290535
v -0.350434 1.307052 -0.099794
v -0.340043 1.283623 -0.085815
v -0.320585 1.301766 -0.201365
v -0.310549 1.285720 -0.180458
v 0.327320 0.480123 -0.377908
v 0.301516 0.474820 0.334588
v 0.048754 0.819153 0.462259
v 0.030123 0.940304 0.407201
v 0.356174 0.482947 0.293142
v 0.276734 0.594379 0.343350
v -0.435087 0.526193 -0.146645
v -0.305397 1.259112 -0.238493
v -0.450985 0.565549 0.108314
v -0.013205 0.896443 0.454893
v 0.302583 0.473653 0.349688
v 0.017470 0.807901 0.463165
v -0.520783 0.202483 -0.153689
v 0.135531 0.297439 -0.415802
v 0.328153 0.155608 0.079724
v 0.297383 0.438886 0.390257
v 0.349686 0.525646 0.288357
v -0.384939 0.414446 -0.280535
v -0.005061 0.981115 0.422518
v -0.375299 1.266078 -0.047567
v 0.313622 0.299890 0.328362
v -0.247554 1.204958 0.235311
v -0.360107 1.274425 -0.040957
v -0.316697 1.272357 -0.235374
v -0.241094 1.049771 -0.334752
v -0.022774 0.854259 0.411384
v -0.243075 1.092520 0.293890
v -0.317895 1.233839 -0.208176
v 0.303053 0.301078 0.360449
v 0.279170 0.422594 0.401463
v 0.283984 0.479078 0.329172
v -0.002552 0.914520 0.429667
v 0.295886 0.327031 0.391240
v 0.136793 0.584592 0.429027
v 0.203838 0.479287 -0.400618
v -0.025811 0.831189 0.395829
v -0.312389 1.047337 0.248677
v 0.191216 0.559928 0.397384
v 0.006070 0.805835 0.419025
v 0.348948 0.187442 0.161005
v 0.005219 0.910598 0.417318
v -0.207882 0.986071 0.342119
v 0.212198 0.357325 0.445146
v 0.193997 0.538877 0.395308
v -0.099523 0.833626 0.383092
v -0.379847 1.238685 -0.069440
v 0.017798 0.805238 0.430645
v 0.124743 0.549595 0.388932
v 0.028213 0.813633 0.404826
v -0.119720 0.949468 0.395809
v 0.250166 0.127287 -0.065579
v -0.002727 0.797978 0.413850
v 0.207032 0.427642 0.454276
v -0.407477 0.563925 -0.142255
v -0.450364 0.559450 -0.095668
v -0.347417 1.085504 -0.253305
v -0.375884 1.191276 -0.067589
v 0.315477 0.187198 0.228844
v 0.214998 0.526336 0.372596
v 0.060279 0.517238 0.423238
v -0.058345 0.914287 0.404378
v 0.067552 0.632266 -0.418388
v -0.521727 0.290058 -0.155234
v 0.146449 0.560159 0.423378
v 0.062798 0.531115 0.426104
v -0.397996 1.147305 -0.033193
v 0.196856 0.117689 -0.146073
v 0.146943 0.531937 0.424057
v -0.281302 0.375734 0.319875
v -0.032431 0.822402 0.413341
v 0.146111 0.128307 -0.208883
v -0.244017 0.133360 0.053347
v -0.235127 0.129544 -0.111047
v -0.238808 1.027448 0.318384
v -0.380352 1.060221 -0.224902
v -0.329980 1.067758 -0.304727
v -0.275632 0.863084 -0.381504
v 0.203086 0.089431 -0.087397
v 0.205001 0.000347 -0.096139
v 0.192743 0.028226 -0.118796
v 0.198560 0.000000 0.077560
v 0.213302 0.027930 -0.041322
v 0.221875 0.123491 0.020074
v -0.348228 1.145684 -0.245222
v 0.206645 0.028773 0.049583
v -0.391855 0.209390 -0.113476
v -0.263208 1.045864 0.322744
v -0.298944 1.039948 0.307026
v 0.187508 0.120210 -0.090534
v -0.202009 0.849671 0.372005
v -0.345493 1.153079 0.125086
v 0.285613 0.131458 0.072143
v -0.354564 0.476314 0.280941
v 0.161387 0.477915 0.424374
v 0.006672 0.722554 0.416934
v -0.434219 1.053056 -0.065634
v -0.226792 0.915817 0.363313
v -0.070961 0.936320 0.378586
v 0.210929 0.090470 0.021354
v 0.238134 0.111051 -0.039831
v 0.185110 0.301382 0.383196
v -0.379571 1.242313 0.019363
v -0.429128 0.526924 -0.154884
v 0.220106 0.130243 0.100059
v -0.470914 0.585656 -0.016767
v -0.368670 1.044317 -0.220417
v 0.201286 0.326175 0.452612
v -0.142141 0.862963 -0.457892
v 0.216997 0.136468 -0.259805
v 0.195422 0.119714 0.028451
v 0.035458 0.185306 -0.345588
v 0.116069 0.389659 -0.417735
v -0.037987 0.800269 0.412161
v -0.055093 0.798127 0.381790
v -0.135788 0.897738 0.423617
v 0.138631 0.089827 -0.181716
v -0.137702 0.905496 0.372562
v -0.422962 0.479811 -0.152107
v 0.129153 0.519307 0.434296
v 0.110226 0.493464 0.421022
v 0.084075 0.508458 0.407424
v -0.024933 0.689157 0.397208
v 0.135718 0.119876 -0.164211
v -0.203341 0.821529 0.358664
v 0.055731 0.571833 -0.418923
v 0.134897 0.481966 0.434493
v -0.342612 0.160532 -0.074200
v -0.033655 0.695980 0.412980
v -0.196692 0.856693 0.358440
v -0.270159 1.094889 0.260710
v 0.084112 0.087387 -0.207936
v -0.545727 0.381275 -0.169651
v -0.220287 0.979087 0.358209
v 0.075670 0.477381 -0.418287
v -0.191763 0.832422 0.353243
v 0.168080 0.295894 0.423438
v 0.061568 0.491474 0.427714
v -0.235517 0.115818 0.036822
v -0.023645 0.536481 0.399043
v -0.198733 0.801199 0.359090
v 0.244216 0.137645 0.187035
v 0.026799 0.554473 0.403425
v -0.084453 0.713746 0.395759
v -0.175808 0.795814 0.343993
v -0.458201 0.631648 -0.067793
v -0.378870 1.013216 -0.258715
v 0.136094 0.000101 -0.187626
v 0.288372 0.158008 0.204439
v 0.119512 0.188840 0.336696
v 0.017494 0.435469 0.459616
v 0.110522 0.524736 -0.417499
v -0.073373 0.734214 0.383068
v 0.135473 0.117327 -0.198748
v 0.082232 0.027907 -0.212326
v 0.185238 0.088231 0.101167
v -0.139350 0.715953 0.367314
v -0.437422 1.048792 0.028294
v -0.248617 0.942687 0.352604
v -0.136435 0.632815 -0.456779
v 0.149583 0.027433 -0.175595
v -0.284583 1.037492 0.271971
v 0.060632 0.477274 0.423669
v -0.368138 1.049362 0.144703
v -0.419160 1.042817 -0.063764
v 0.139671 0.309526 0.432765
v -0.033401 0.524469 0.410904
v -0.431441 1.023174 -0.027349
v 0.016747 0.120427 -0.239427
v -0.330215 1.043538 0.162394
v 0.136158 0.131013 0.192342
v 0.002797 0.508231 0.412673
v -0.223508 0.902331 0.335047
v -0.367403 1.005284 -0.258647
v -0.012805 0.480419 -0.435959
v 0.068945 0.297675 -0.420265
v 0.184612 0.113824 0.135424
v -0.272918 0.632757 -0.378718
v -0.124081 0.188260 -0.371684
v -0.229639 0.803632 0.347563
v -0.213343 0.863287 0.398947
v -0.376663 0.863209 -0.323894
v -0.454848 0.628380 0.101900
v 0.119756 0.028786 0.167234
v 0.148703 0.119905 0.122360
v 0.056294 0.119889 -0.201626
v 0.058529 0.445444 0.429792
v 0.058529 0.444536 0.429771
v 0.019036 0.435468 0.412602
v -0.235762 0.935653 0.327906
v -0.315325 1.039561 0.248934
v 0.058515 0.443363 0.429742
v -0.569497 0.168265 -0.175450
v -0.584417 0.228097 -0.181711
v -0.235818 0.898082 0.388339
v 0.086774 0.000068 0.184583
v -0.414490 0.623160 0.176266
v -0.393246 0.563745 0.209272
v -0.357827 0.526872 0.271997
v -0.437198 0.982232 -0.100673
v 0.018091 0.000100 -0.227707
v 0.055758 0.377756 0.420995
v -0.191186 0.119951 0.122408
v 0.046193 0.396365 0.459024
v 0.114727 0.091438 0.175070
v -0.195603 0.692085 0.362524
v -0.423182 0.983015 -0.095896
v -0.222039 0.717142 0.351042
v -0.345749 0.488743 0.290339
v -0.406486 0.981943 -0.197518
v 0.061613 0.302132 0.419562
v -0.230155 0.915904 0.349624
v 0.058608 0.383431 0.429215
v -0.396893 0.527276 -0.244738
v -0.045288 0.527155 -0.439863
v -0.346494 0.479218 0.267430
v -0.040469 0.392868 0.408384
v -0.039054 0.438088 0.408559
v -0.155049 0.519762 0.372606
v -0.451319 0.620950 -0.096307
v -0.426409 0.628008 -0.047863
v -0.487807 0.628255 0.041041
v -0.098684 0.141755 -0.318797
v -0.027005 0.381142 0.419378
v -0.078402 0.512035 0.376817
v 0.107828 0.145499 0.288951
v -0.409650 0.946956 -0.213714
v -0.003016 0.430510 0.409319
v -0.066474 0.422231 0.381943
v -0.198188 0.678600 0.345860
v -0.363630 0.938976 0.210516
v -0.147226 0.000059 -0.184709
v 0.041688 0.029505 0.197589
v 0.073501 0.120007 0.175338
v -0.062450 0.089184 -0.214076
v -0.313424 0.512904 0.303247
v -0.319583 0.519046 0.302139
v -0.283561 0.840860 0.366113
v -0.441708 0.936915 -0.078099
v -0.016677 0.321511 0.454179
v -0.083898 0.029137 -0.210962
v -0.215717 0.659037 0.390585
v -0.222939 0.656975 0.355280
v -0.281442 0.849290 0.329277
v -0.139726 0.525792 -0.460299
v -0.064135 0.121463 -0.202428
v -0.434377 0.557894 -0.152516
v -0.403538 0.902021 -0.210489
v -0.010715 0.314050 0.398815
v -0.145210 0.511373 0.356117
v -0.306833 0.510179 0.309060
v 0.090620 0.120332 0.202502
v -0.398520 0.935918 -0.214713
v -0.033651 0.368594 0.455171
v -0.037553 0.026693 -0.224337
v -0.367989 0.481539 -0.321784
v 0.024253 0.088987 0.205156
v -0.315866 0.504710 0.291331
v -0.312959 0.511702 0.292521
v -0.280996 0.479240 0.322181
v -0.136560 0.571457 -0.454695
v -0.419925 0.936574 -0.146704
v -0.142998 0.428788 0.361527
v -0.137875 0.479501 -0.457067
v -0.508914 0.165317 -0.157294
v -0.265731 0.296802 -0.383410
v -0.115620 0.388959 0.372113
v -0.200402 0.567124 0.350248
v -0.427594 0.893088 -0.156983
v -0.475264 0.587996 -0.122049
v -0.087036 0.427371 0.388544
v -0.302617 0.489815 0.311368
v -0.234725 0.597497 0.345734
v -0.440444 0.903487 -0.082498
v -0.425133 0.903028 -0.144154
v -0.285507 0.639518 0.362623
v -0.350011 0.863223 0.277367
v -0.136387 0.391333 -0.456867
v -0.223428 0.390892 -0.407523
v -0.423293 0.858142 0.151791
v -0.207273 0.528268 -0.417836
v -0.370502 0.858683 0.246645
v -0.388091 0.938153 -0.140680
v -0.419505 0.853807 -0.185234
v -0.166350 0.028893 -0.165193
v -0.115909 0.377747 0.393625
v -0.111724 0.028890 0.174196
v -0.190423 0.118478 0.074531
v -0.168934 0.422365 0.347351
v -0.197576 0.431451 0.358988
v -0.161461 0.119950 -0.148444
v -0.134924 0.089617 -0.183480
v -0.036717 0.029026 0.199166
v -0.198855 0.395017 0.358664
v -0.292959 0.571222 -0.367090
v -0.075410 0.088413 0.192858
v -0.437660 0.857038 -0.125002
v -0.346229 0.551616 0.286904
v -0.404059 0.843526 -0.143856
v -0.299915 0.511314 0.312424
v -0.267101 0.485445 -0.386919
v -0.227966 0.314161 0.336398
v -0.382958 0.819748 0.201872
v -0.385371 0.817403 0.225794
v -0.392254 0.812794 0.221568
v -0.437423 0.820388 0.129924
v -0.391302 0.164229 -0.277707
v -0.219585 0.477034 -0.398307
v -0.098191 0.131299 -0.244639
v -0.221664 0.000426 -0.067232
v -0.381138 0.789517 0.186906
v -0.396125 0.767644 0.216635
v -0.215243 0.026793 -0.087412
v 0.043181 0.190292 0.331657
v -0.205399 0.382697 0.366348
v -0.394486 0.799809 0.205501
v -0.149634 0.000207 0.148885
v -0.397282 0.795726 0.140963
v -0.369918 0.634391 -0.323567
v -0.119558 0.312029 0.371706
v -0.237217 0.489189 0.343205
v -0.342044 0.199299 -0.257810
v -0.129530 0.318190 0.419600
v -0.360831 0.755639 0.189171
v -0.392032 0.759720 0.177233
v -0.396683 0.741424 0.209643
v -0.134579 0.115767 -0.216704
v -0.218203 0.000146 0.044140
v -0.173800 0.027736 0.122928
v -0.219433 0.519679 0.352773
v -0.428080 0.784741 0.149995
v -0.483973 0.862964 0.040929
v -0.094993 0.119501 0.171288
v -0.372317 0.473745 -0.322772
v -0.187081 0.089279 -0.131919
v -0.223588 0.030884 -0.054510
v -0.301878 0.208342 0.243989
v -0.228841 0.422774 0.348360
v -0.304721 0.527109 -0.363023
v -0.178366 0.123035 -0.158419
v -0.437941 0.770515 0.139696
v -0.438897 0.809879 0.139987
v -0.217341 0.028879 0.047675
v -0.256791 0.414002 0.378571
v -0.428324 0.743500 0.155335
v -0.428276 0.574515 -0.243019
v -0.275907 0.141329 -0.214731
v -0.386436 0.728629 0.133402
v -0.125553 0.086218 0.165130
v -0.280325 0.527281 0.323942
v -0.430579 0.715520 0.149805
v -0.486600 0.726386 0.041272
v -0.288195 0.601181 0.324669
v -0.393929 0.696402 0.214903
v -0.504977 0.101730 -0.170811
v -0.370843 0.562358 -0.323437
v -0.372749 0.391511 -0.321891
v -0.468513 0.090355 -0.298080
v -0.434702 0.670078 0.127705
v -0.433123 0.638161 -0.144823
v -0.026554 0.134298 0.226352
v -0.288081 0.379564 0.361635
v -0.350116 0.588127 0.281461
v -0.418579 0.691351 0.148483
v -0.455213 0.378759 -0.336963
v -0.218214 0.090099 -0.066544
v -0.218228 0.119102 -0.021075
v -0.403866 0.635351 -0.143480
v -0.589034 0.248513 -0.199134
v -0.631897 0.064155 -0.205550
v -0.375951 0.234243 -0.293092
v -0.378961 0.351635 -0.304792
v -0.374811 0.603860 0.246276
v -0.385782 0.671672 0.222435
v -0.434369 0.181782 -0.304817
v -0.577448 0.093741 -0.184898
v -0.224997 0.113987 -0.089695
v -0.223461 0.367673 0.396838
v -0.428251 0.625494 -0.155935
v -0.145841 0.133100 0.183925
v -0.365456 0.252413 -0.283473
v -0.072746 0.120997 0.211325
v -0.312027 0.591658 0.294754
v -0.602981 0.151061 -0.187413
v -0.558609 0.026417 -0.197723
v -0.301602 0.564417 0.312094
v -0.285346 0.550473 0.285213
v -0.323930 0.573849 0.273630
v -0.454777 0.638728 -0.064731
v -0.207179 0.139482 0.215689
v -0.241153 0.316990 0.384371
v -0.423444 0.609790 -0.248190
v -0.307880 0.476796 -0.346127
v -0.224553 0.088932 0.023559
v -0.394389 0.654778 0.210351
v -0.438959 0.675099 0.141870
v -0.397029 0.558601 -0.249540
v -0.336790 0.548484 0.243056
v -0.395207 0.629070 -0.247263
v -0.300165 0.542083 0.313381
v -0.476519 0.391246 -0.324395
vn 0.1711 -0.3110 -0.9349
vn 0.4757 -0.2703 -0.8370
vn 0.4332 -0.1622 -0.8866
vn 0.5081 -0.2426 -0.8265
vn 0.4825 -0.3043 -0.8214
vn -0.8595 0.3204 -0.3984
vn -0.8497 0.3355 -0.4067
vn -0.8755 0.2939 -0.3836
vn -0.7636 -0.5418 -0.3513
vn -0.7601 -0.5461 -0.3521
vn -0.7583 -0.5483 -0.3525
vn 0.2592 0.0166 -0.9657
vn 0.2695 -0.0166 -0.9629
vn 0.2961 -0.0457 -0.9541
vn 0.2581 -0.0128 -0.9660
vn -0.7651 -0.5399 -0.3510
vn -0.0874 0.0430 -0.9952
vn 0.5128 -0.2986 -0.8049
vn -0.4103 0.2400 -0.8798
vn -0.4342 0.2456 -0.8667
vn -0.4363 0.2461 -0.8655
vn 0.3229 -0.0208 -0.9462
vn 0.3316 -0.0683 -0.9409
vn -0.8336 0.3591 -0.4196
vn -0.8595 0.3203 -0.3984
vn -0.1603 0.2469 -0.9557
vn 0.5580 -0.2702 -0.7846
vn 0.4159 -0.0105 -0.9094
vn 0.4473 -0.1921 -0.8735
vn -0.2329 -0.9645 -0.1244
vn -0.3931 0.2301 -0.8902
vn -0.6011 -0.2753 0.7503
vn 0.3315 -0.0489 -0.9422
vn 0.2812 -0.9538 0.1062
vn 0.2766 -0.9550 0.1069
vn 0.2718 -0.9563 0.1075
vn 0.1366 -0.8845 0.4461
vn 0.9374 -0.0366 0.3464
vn 0.8786 -0.1580 0.4507
vn 0.8753 -0.1024 0.4727
vn 0.5030 0.8335 0.2286
vn 0.3815 0.9075 0.1756
vn 0.4591 0.8664 0.1966
vn -0.7131 0.6809 -0.1669
vn -0.7723 0.5875 -0.2417
vn -0.7336 0.6132 -0.2930
vn -0.7039 0.6360 -0.3162
vn -0.7816 0.1018 0.6154
vn 0.8249 0.4002 0.3993
vn 0.8253 0.4161 0.3818
vn 0.7885 0.4871 0.3755
vn 0.7309 -0.5990 0.3272
vn 0.9018 -0.1788 0.3934
vn 0.8882 -0.2162 0.4054
vn 0.8967 -0.1934 0.3981
vn 0.8432 0.3524 0.4060
vn 0.8373 0.3555 0.4154
vn 0.8830 -0.2295 0.4095
vn 0.8417 0.3815 0.3820
vn 0.8800 0.2595 -0.3979
vn 0.8984 0.2719 -0.3450
vn 0.8777 0.2587 -0.4033
vn 0.8374 0.3122 0.4487
vn 0.8870 0.4061 -0.2198
vn 0.8631 0.1594 -0.4792
vn -0.1352 -0.6717 0.7284
vn 0.1657 -0.9492 -0.2676
vn 0.4976 -0.0926 -0.8625
vn 0.5369 -0.1667 -0.8270
vn 0.5351 -0.1177 -0.8366
vn 0.2207 0.2192 0.9504
vn 0.1903 0.2220 0.9563
vn 0.3329 0.2070 0.9199
vn 0.1565 -0.9859 -0.0590
vn 0.6430 0.4779 -0.5985
vn 0.5369 -0.1668 -0.8270
vn 0.6083 -0.1812 -0.7728
vn 0.4527 -0.0162 -0.8915
vn 0.3966 -0.1006 -0.9125
vn 0.3536 -0.1345 -0.9257
vn 0.9081 0.3206 -0.2693
vn 0.8984 0.2719 -0.3449
vn 0.3735 -0.1161 -0.9203
vn 0.5831 -0.1406 -0.8001
vn -0.0749 -0.1487 0.9860
vn -0.1138 -0.1138 0.9870
vn -0.1755 -0.1068 0.9787
vn -0.5829 -0.2041 0.7865
vn 0.3781 0.0684 -0.9233
vn -0.2083 -0.0673 0.9758
vn 0.3679 0.2025 0.9076
vn 0.2894 0.0723 0.9545
vn 0.2800 0.1435 0.9492
vn 0.2673 0.2190 0.9384
vn -0.3578 -0.0188 0.9336
vn -0.3892 0.0065 0.9211
vn -0.3662 -0.0121 0.9305
vn 0.8254 0.4185 0.3789
vn 0.7726 0.1273 -0.6220
vn 0.6968 0.0403 -0.7161
vn 0.6470 0.0608 -0.7601
vn -0.1149 -0.9883 -0.1003
vn -0.2044 -0.9767 -0.0646
vn -0.1388 -0.9855 -0.0978
vn 0.1046 0.7904 0.6036
vn 0.7721 0.1405 -0.6198
vn -0.2045 -0.9767 -0.0645
vn -0.2186 -0.9739 -0.0607
vn 0.8205 0.4298 0.3768
vn 0.5072 0.2363 -0.8288
vn 0.0419 -0.1842 -0.9820
vn 0.1054 -0.2102 -0.9720
vn 0.1623 -0.2267 -0.9603
vn -0.2003 -0.9795 -0.0214
vn 0.4885 -0.0958 -0.8673
vn 0.6444 0.0157 -0.7645
vn -0.2481 0.0504 0.9674
vn 0.2512 0.2398 0.9377
vn -0.2582 -0.9654 0.0373
vn -0.3634 -0.0104 0.9316
vn -0.7755 -0.1764 0.6062
vn -0.6833 -0.2081 0.6999
vn -0.7502 -0.1784 0.6367
vn -0.3844 -0.0004 0.9232
vn -0.4051 -0.0190 0.9141
vn -0.4499 -0.0603 0.8911
vn 0.3679 -0.0902 -0.9255
vn 0.6469 0.0608 -0.7602
vn -0.5135 -0.3314 -0.7915
vn -0.4562 -0.0662 0.8874
vn 0.2505 0.2397 0.9380
vn 0.8206 0.4281 0.3786
vn -0.7678 -0.5558 -0.3187
vn -0.7661 -0.5604 -0.3147
vn -0.7693 -0.5515 -0.3225
vn 0.3563 0.0031 -0.9344
vn 0.2871 0.0753 -0.9549
vn 0.2938 -0.0772 -0.9528
vn 0.2247 -0.2449 -0.9431
vn -0.7647 -0.5643 -0.3111
vn -0.4047 -0.0372 0.9137
vn -0.6344 -0.2281 0.7385
vn 0.9091 0.3309 -0.2531
vn 0.2505 -0.2427 -0.9372
vn 0.2651 0.2635 0.9275
vn 0.2597 0.2650 0.9286
vn 0.2805 0.2590 0.9243
vn -0.1421 0.0164 0.9897
vn -0.3459 0.1096 0.9318
vn -0.2416 -0.0055 0.9704
vn -0.1756 -0.1067 0.9787
vn -0.3945 -0.0435 0.9179
vn 0.1575 -0.9858 -0.0579
vn 0.1650 -0.9841 -0.0651
vn 0.1666 -0.9838 -0.0667
vn 0.9335 0.2069 0.2929
vn 0.9342 0.2186 0.2818
vn 0.9297 0.2646 0.2562
vn -0.5800 0.0133 0.8145
vn -0.2568 0.0569 0.9648
vn 0.9878 -0.0163 0.1547
vn 0.1947 0.0486 -0.9797
vn 0.2114 0.0503 -0.9761
vn 0.0232 0.0306 -0.9993
vn 0.0077 0.0289 -0.9996
vn 0.9045 -0.2882 -0.3144
vn 0.0121 0.9883 -0.1524
vn 0.6770 0.7180 0.1618
vn 0.7124 0.6920 0.1163
vn 0.7040 0.6999 0.1201
vn 0.9084 0.3453 0.2357
vn 0.8671 0.4694 0.1667
vn 0.9170 0.3702 0.1485
vn 0.9670 0.2021 0.1549
vn 0.9569 0.2384 0.1661
vn 0.9014 0.3747 0.2168
vn 0.9174 0.3709 0.1442
vn 0.8416 0.2695 -0.4680
vn 0.7808 0.4187 -0.4637
vn 0.7379 0.5333 -0.4136
vn 0.9003 0.2572 0.3511
vn 0.9336 0.2306 0.2741
vn 0.9177 0.2390 0.3174
vn 0.8942 0.2179 -0.3910
vn 0.9177 0.2516 -0.3076
vn 0.9209 0.2572 -0.2930
vn 0.9360 0.2289 0.2673
vn -0.4336 -0.0745 0.8980
vn -0.7137 -0.1332 0.6877
vn 0.8896 0.2122 -0.4045
vn 0.3556 -0.1166 0.9273
vn 0.9583 0.2829 0.0410
vn 0.9440 0.3163 0.0943
vn 0.9356 0.3188 0.1515
vn 0.9680 0.2493 0.0294
vn 0.2121 0.3586 0.9091
vn 0.9311 0.2422 0.2728
vn 0.8564 0.2540 0.4495
vn 0.8228 0.2420 0.5142
vn -0.0067 0.5536 -0.8327
vn 0.9322 0.1839 0.3118
vn 0.9287 0.1919 0.3174
vn 0.9248 0.2908 0.2455
vn 0.8564 0.2540 0.4494
vn 0.9311 0.2422 0.2727
vn 0.9392 0.2669 0.2160
vn 0.5463 0.1696 0.8202
vn 0.3403 0.0586 0.9385
vn 0.3425 0.0592 0.9377
vn 0.6901 0.7053 0.1618
vn 0.6879 0.7088 0.1561
vn 0.6903 0.7051 0.1623
vn 0.4326 -0.5760 -0.6936
vn 0.4225 -0.5740 -0.7014
vn 0.4361 -0.5766 -0.6909
vn 0.9342 0.2962 0.1987
vn 0.9377 0.2544 0.2368
vn 0.8040 0.5802 0.1298
vn -0.2029 0.9771 -0.0639
vn 0.8207 0.3146 -0.4770
vn 0.8151 0.2465 -0.5242
vn 0.8392 0.2477 -0.4842
vn -0.3740 0.4510 0.8104
vn 0.6239 0.6894 -0.3680
vn 0.6449 0.6768 -0.3549
vn 0.6513 0.6729 -0.3508
vn 0.7112 0.5590 -0.4263
vn 0.8965 0.2113 -0.3893
vn 0.8978 0.2106 -0.3869
vn 0.1977 -0.9791 0.0477
vn 0.2253 -0.9725 0.0589
vn 0.3829 -0.9156 0.1232
vn 0.4196 0.0844 0.9038
vn 0.6682 0.7277 0.1549
vn 0.6630 0.6654 -0.3432
vn 0.9675 0.2396 0.0813
vn -0.1904 -0.0417 -0.9808
vn 0.9321 0.1874 0.3101
vn 0.8924 0.3548 0.2786
vn 0.1088 0.9835 0.1445
vn 0.9545 0.2088 0.2129
vn 0.9401 0.2295 0.2522
vn 0.9226 0.1850 0.3384
vn 0.4326 -0.5759 -0.6937
vn 0.4157 -0.5726 -0.7066
vn 0.3829 -0.9155 0.1232
vn 0.3954 -0.9095 0.1284
vn 0.6919 0.7026 0.1663
vn 0.1348 0.9904 -0.0304
vn 0.1159 0.9916 -0.0575
vn 0.1331 0.9911 0.0089
vn 0.8963 0.0318 -0.4424
vn -0.2970 0.8843 -0.3603
vn 0.9471 0.2546 0.1956
vn 0.5102 0.7771 -0.3687
vn 0.4079 0.8683 0.2822
vn 0.4890 -0.7639 0.4211
vn 0.6383 0.6729 -0.3738
vn 0.8148 0.3576 -0.4562
vn 0.8337 0.3114 -0.4561
vn -0.2384 0.9711 0.0109
vn 0.8296 0.2346 -0.5068
vn -0.0102 0.9998 0.0184
vn 0.1709 0.9852 0.0144
vn 0.1581 0.9874 0.0088
vn 0.2571 0.9650 0.0521
vn 0.9440 0.1654 0.2856
vn -0.3810 0.4024 -0.8324
vn -0.4228 0.3656 -0.8292
vn -0.4494 0.3409 -0.8257
vn 0.6137 0.7131 -0.3388
vn 0.9313 0.2675 0.2471
vn 0.0103 0.9929 0.1189
vn 0.0431 0.9855 0.1640
vn -0.0830 0.9963 -0.0223
vn 0.2354 0.1759 -0.9558
vn 0.6597 0.7428 0.1139
vn 0.9498 0.2359 0.2056
vn 0.9542 0.2279 0.1936
vn -0.8004 0.5976 -0.0479
vn 0.0993 0.8964 -0.4320
vn 0.5604 0.1794 0.8086
vn 0.3326 0.4499 0.8288
vn -0.9015 0.1851 0.3912
vn 0.0016 0.9948 0.1015
vn -0.0000 0.9970 0.0768
vn -0.0122 0.9992 0.0376
vn 0.2876 -0.9577 0.0068
vn 0.9297 0.2645 0.2563
vn -0.0377 0.9989 0.0274
vn -0.4820 0.3092 -0.8198
vn 0.1311 0.6623 -0.7377
vn 0.1354 0.6581 -0.7407
vn 0.1337 0.6597 -0.7395
vn 0.9670 0.2393 0.0870
vn 0.9649 0.2051 0.1641
vn 0.8886 0.2991 0.3477
vn 0.8994 0.3301 0.2866
vn 0.9731 0.1789 0.1451
vn 0.9261 0.2844 0.2477
vn 0.9321 0.1875 0.3101
vn 0.8976 0.4177 0.1410
vn 0.9398 0.2454 0.2379
vn 0.2664 0.9622 0.0562
vn 0.9260 0.2577 0.2760
vn -0.1085 0.9901 -0.0892
vn -0.0140 0.9924 -0.1224
vn -0.0780 0.9918 -0.1010
vn 0.2603 0.4788 -0.8384
vn 0.9150 0.1793 0.3614
vn 0.9681 0.0014 0.2506
vn 0.9691 0.0053 0.2467
vn 0.9719 0.0037 0.2354
vn 0.5376 0.1154 0.8353
vn -0.3289 0.9039 0.2736
vn 0.8466 0.2273 -0.4812
vn 0.9343 0.2961 0.1987
vn -0.0639 0.9976 -0.0285
vn 0.0343 0.2509 -0.9674
vn 0.8562 0.2281 -0.4635
vn 0.9626 -0.1849 -0.1982
vn -0.6937 -0.1218 0.7099
vn 0.9473 0.2276 0.2253
vn 0.2324 -0.9681 0.0933
vn 0.2395 -0.9664 0.0939
vn 0.1741 -0.9826 0.0644
vn 0.6898 0.6901 0.2189
vn 0.6837 0.6985 0.2111
vn -0.0496 0.9926 -0.1108
vn -0.0495 0.9881 -0.1454
vn -0.0023 0.9909 -0.1342
vn 0.9704 0.2245 0.0885
vn 0.3384 0.7534 0.5638
vn 0.3423 0.7563 0.5575
vn 0.3305 0.7474 0.5763
vn -0.5306 -0.3369 -0.7778
vn 0.8242 0.3461 -0.4482
vn 0.8295 0.0224 -0.5581
vn 0.8513 0.0799 -0.5185
vn 0.8231 0.0563 -0.5651
vn -0.0122 0.9992 0.0375
vn -0.0136 0.9999 -0.0008
vn 0.8260 0.3430 -0.4473
vn 0.8243 0.3460 -0.4482
vn 0.1667 0.9860 0.0038
vn 0.8821 0.2399 0.4054
vn 0.8914 0.0639 0.4487
vn 0.8903 0.0379 0.4538
vn 0.1744 0.0130 -0.9846
vn 0.1691 -0.0061 -0.9856
vn 0.1697 -0.0039 -0.9855
vn 0.5084 -0.8490 0.1437
vn 0.5090 -0.8487 0.1438
vn 0.5035 -0.8520 0.1436
vn 0.1705 -0.9817 0.0850
vn 0.8972 0.3342 0.2887
vn -0.0780 0.9918 -0.1009
vn -0.1548 0.9859 -0.0628
vn -0.8097 0.5068 -0.2958
vn -0.1751 0.6667 0.7244
vn -0.1686 0.6687 0.7242
vn -0.1484 0.6744 0.7233
vn 0.9310 0.2243 0.2880
vn 0.0069 0.9994 0.0341
vn -0.0732 0.9930 -0.0926
vn -0.0609 0.9975 -0.0350
vn 0.8218 0.2414 -0.5161
vn 0.3473 0.7600 0.5494
vn 0.4064 0.4634 0.7875
vn -0.3270 -0.2159 0.9200
vn -0.1437 0.6757 0.7230
vn -0.0576 0.9983 0.0058
vn 0.5023 -0.8527 0.1436
vn -0.1318 -0.1670 -0.9771
vn 0.4677 0.4888 -0.7364
vn 0.8748 0.2849 0.3918
vn 0.9532 0.0306 0.3009
vn 0.9462 0.1502 0.2867
vn 0.9563 0.1417 0.2557
vn 0.7940 0.2506 -0.5539
vn 0.8827 0.2607 0.3911
vn 0.8433 0.1080 -0.5265
vn 0.0089 0.9989 0.0458
vn 0.0636 0.9946 0.0816
vn 0.0315 0.9983 0.0493
vn -0.1035 -0.0085 0.9946
vn -0.1004 -0.0111 0.9949
vn -0.1044 -0.0037 0.9945
vn 0.5394 0.5055 -0.6734
vn 0.3170 -0.1237 -0.9403
vn 0.4193 -0.0893 -0.9034
vn 0.0534 -0.9984 -0.0192
vn 0.0409 -0.9990 -0.0162
vn -0.0062 -1.0000 -0.0048
vn 0.0013 0.9983 -0.0584
vn -0.0342 0.9979 -0.0548
vn 0.1375 0.9905 -0.0073
vn -0.5444 0.7885 -0.2861
vn -0.0203 0.9998 -0.0072
vn 0.8548 0.0333 -0.5180
vn -0.1013 0.9724 0.2102
vn 0.1400 0.6534 -0.7439
vn -0.0350 0.9993 0.0104
vn -0.0367 -0.9993 0.0026
vn 0.7261 0.0610 -0.6848
vn 0.3437 0.7580 0.5543
vn 0.3434 0.7601 0.5517
vn 0.3446 0.7525 0.5612
vn -0.3349 0.1194 0.9347
vn -0.1495 0.9871 -0.0580
vn 0.9627 0.1054 0.2492
vn 0.9694 0.0670 0.2364
vn 0.9492 0.1632 0.2691
vn -0.1976 -0.6196 0.7596
vn -0.0404 -0.5426 0.8390
vn -0.0618 -0.5542 0.8301
vn -0.0383 0.9992 -0.0071
vn 0.8671 0.1625 -0.4709
vn -0.0883 0.9944 -0.0586
vn -0.1177 0.8140 0.5688
vn 0.6104 0.7206 -0.3288
vn 0.4832 0.3060 0.8203
vn 0.4944 0.3306 0.8039
vn 0.4947 0.3304 0.8038
vn 0.1640 0.9863 -0.0162
vn -0.2169 -0.6276 0.7477
vn -0.2316 0.1239 0.9649
vn -0.2430 0.1243 0.9620
vn -0.2417 0.1249 0.9623
vn 0.5421 0.1153 0.8323
vn 0.4745 0.2135 0.8539
vn 0.4867 0.1845 0.8539
vn 0.9733 0.0132 0.2293
vn -0.0903 0.9896 -0.1116
vn 0.1624 -0.9867 -0.0009
vn -0.8669 -0.4219 0.2657
vn 0.4935 0.0757 -0.8664
vn 0.4822 0.0820 -0.8722
vn 0.4688 0.0376 -0.8825
vn 0.4549 0.0502 -0.8891
vn -0.2656 0.4322 0.8618
vn 0.8427 0.2362 -0.4838
vn 0.1956 0.9773 0.0810
vn -0.0392 0.9992 0.0069
vn -0.0204 0.9998 -0.0072
vn 0.1278 0.6617 -0.7388
vn 0.1227 0.6119 -0.7813
vn 0.1287 0.6707 -0.7305
vn 0.4797 0.3081 0.8216
vn -0.4110 0.7065 -0.5762
vn -0.3829 0.7172 -0.5822
vn -0.3371 0.7331 -0.5907
vn 0.8871 0.2267 0.4020
vn 0.1586 -0.9869 -0.0309
vn 0.3449 0.7507 0.5634
vn -0.3880 0.7145 -0.5822
vn 0.8240 0.2059 -0.5279
vn 0.8859 0.2234 0.4066
vn 0.0754 0.8035 -0.5905
vn 0.1449 0.2178 -0.9652
vn 0.1456 0.2164 -0.9654
vn 0.1507 0.1973 -0.9687
vn 0.1595 0.2058 -0.9655
vn 0.1485 0.2038 -0.9677
vn -0.0308 0.0113 0.9995
vn 0.4774 0.2435 0.8442
vn 0.4671 0.2631 0.8441
vn 0.4825 0.2502 0.8394
vn -0.8794 0.1112 0.4630
vn -0.8743 0.1109 0.4725
vn -0.8969 0.1142 0.4273
vn 0.5882 0.1832 0.7877
vn -0.3020 0.1088 0.9471
vn 0.9514 -0.0037 0.3079
vn -0.1939 0.6961 0.6912
vn -0.2135 0.7078 0.6734
vn -0.1826 0.6976 0.6928
vn 0.9466 0.0921 0.3090
vn -0.4844 0.0070 0.8748
vn -0.4597 0.0217 0.8878
vn 0.6146 0.2415 0.7510
vn -0.4387 0.6951 -0.5696
vn 0.4613 0.2662 0.8464
vn -0.1588 0.6891 0.7070
vn 0.5156 0.5540 -0.6537
vn -0.0395 0.9577 0.2850
vn 0.0653 0.9563 0.2851
vn 0.0921 0.9542 0.2846
vn 0.8915 0.0030 -0.4529
vn 0.8764 -0.0149 -0.4813
vn -0.6737 0.7007 -0.2349
vn -0.6631 0.7195 -0.2066
vn -0.6629 0.7198 -0.2060
vn 0.1691 -0.9773 -0.1280
vn 0.0628 -0.9926 -0.1043
vn 0.2014 -0.9698 -0.1377
vn 0.0650 -0.9978 -0.0162
vn -0.0315 -0.9995 0.0102
vn -0.0076 -1.0000 0.0036
vn -0.6545 0.7330 -0.1852
vn 0.1753 0.0165 -0.9844
vn -0.3958 0.3037 0.8666
vn -0.3930 0.2938 0.8713
vn -0.3235 0.2487 0.9130
vn 0.1220 0.6052 -0.7867
vn 0.0450 0.9599 -0.2766
vn 0.0452 0.9597 -0.2775
vn 0.0360 0.9723 -0.2309
vn 0.4169 0.8941 -0.1637
vn 0.8558 0.0102 -0.5172
vn -0.2367 0.6928 0.6811
vn -0.2934 0.7111 0.6389
vn -0.6314 0.7207 0.2862
vn 0.0951 0.9916 -0.0877
vn 0.1091 0.9897 -0.0922
vn 0.0482 0.9961 -0.0745
vn 0.0122 -0.9986 0.0522
vn 0.0544 -0.9980 0.0312
vn 0.0660 -0.9978 0.0110
vn 0.8573 0.1728 -0.4849
vn 0.2686 -0.9565 -0.1136
vn 0.2806 -0.9529 -0.1152
vn 0.3195 -0.9399 -0.1204
vn 0.9075 0.2303 0.3513
vn 0.8872 0.2208 0.4052
vn 0.9727 -0.0033 0.2319
vn -0.8863 0.1278 0.4451
vn -0.3395 0.2483 0.9073
vn 0.9772 0.0203 0.2114
vn 0.9764 0.0132 0.2157
vn 0.9784 -0.0140 0.2065
vn 0.3926 0.0040 -0.9197
vn 0.5438 -0.7835 -0.3005
vn -0.0216 -0.9974 0.0694
vn 0.2049 -0.9773 -0.0545
vn 0.0650 -0.9978 -0.0163
vn 0.1841 0.8553 -0.4844
vn -0.1814 0.4271 -0.8858
vn 0.7545 -0.0063 0.6562
vn 0.8654 0.0066 0.5010
vn 0.8546 0.0052 0.5193
vn 0.8536 0.0383 -0.5195
vn 0.8892 0.0198 -0.4571
vn 0.9087 0.0065 -0.4174
vn 0.9743 -0.0860 0.2084
vn -0.0228 0.0127 0.9997
vn -0.1778 0.6941 0.6976
vn -0.6316 0.7206 0.2860
vn 0.1612 0.9864 0.0311
vn 0.1114 0.9936 0.0206
vn 0.0650 0.9978 0.0108
vn -0.3816 0.0541 -0.9228
vn 0.8892 0.0198 -0.4570
vn 0.9027 -0.0016 -0.4303
vn -0.1855 0.6885 0.7011
vn 0.3299 -0.9387 -0.1002
vn 0.0603 0.9975 0.0373
vn 0.1079 0.9937 0.0309
vn 0.0455 0.9982 0.0399
vn 0.7909 -0.4688 -0.3934
vn 0.4998 -0.8140 -0.2959
vn 0.1167 0.9927 0.0295
vn 0.9732 -0.0520 -0.2240
vn 0.9477 -0.0492 -0.3153
vn 0.9523 -0.0504 -0.3009
vn 0.0408 0.9957 -0.0826
vn 0.1058 -0.9939 0.0320
vn 0.0971 -0.9949 0.0271
vn 0.3833 0.0055 -0.9236
vn 0.0728 0.9908 -0.1137
vn 0.6992 0.7105 -0.0796
vn 0.9496 0.0014 0.3135
vn -0.1764 0.7284 0.6620
vn -0.1960 0.7672 0.6108
vn -0.1634 0.7187 0.6759
vn 0.3351 -0.9342 -0.1224
vn -0.4662 0.1892 -0.8642
vn 0.8851 -0.0116 -0.4653
vn 0.8701 0.0057 -0.4928
vn 0.3398 0.9374 -0.0770
vn 0.2793 -0.0683 -0.9578
vn -0.2753 0.2243 0.9348
vn -0.8869 0.1284 0.4438
vn 0.0426 -0.9880 -0.1484
vn 0.3142 -0.9391 -0.1394
vn 0.3134 -0.9396 -0.1378
vn 0.2806 -0.9465 -0.1592
vn -0.3785 0.4671 -0.7991
vn 0.7502 -0.0067 0.6612
vn 0.7545 -0.0063 0.6563
vn 0.5082 0.1184 0.8531
vn 0.4965 0.1042 0.8618
vn 0.1655 0.2362 -0.9575
vn 0.1449 0.2179 -0.9652
vn 0.1451 0.2169 -0.9654
vn 0.8877 0.0889 -0.4517
vn 0.9963 0.0104 -0.0850
vn 0.8831 0.4002 0.2449
vn 0.9631 -0.0621 -0.2618
vn 0.1397 0.2011 -0.9696
vn 0.2328 0.9714 0.0461
vn 0.2543 0.9146 -0.3142
vn 0.5191 -0.2262 -0.8242
vn -0.1339 0.3255 0.9360
vn -0.1916 0.3607 0.9128
vn -0.2042 0.3594 0.9106
vn 0.3915 -0.2561 0.8838
vn 0.6833 0.7284 -0.0504
vn 0.1675 0.2047 -0.9644
vn 0.8487 -0.0800 0.5227
vn 0.0297 0.9984 -0.0471
vn 0.4127 -0.8756 -0.2511
vn 0.3904 -0.8867 -0.2477
vn 0.3500 -0.9052 -0.2412
vn 0.1498 -0.9874 -0.0504
vn 0.3858 -0.9130 -0.1325
vn 0.4569 -0.8836 -0.1025
vn 0.4326 -0.8900 -0.1443
vn 0.1175 0.9926 0.0320
vn 0.4684 0.2784 0.8385
vn 0.4582 0.2664 0.8480
vn 0.2145 -0.9575 -0.1930
vn 0.2740 -0.9477 -0.1636
vn 0.9762 -0.0260 0.2153
vn 0.9774 -0.0622 0.2022
vn 0.2048 0.9633 -0.1734
vn 0.1395 0.9891 -0.0461
vn 0.1727 0.9804 -0.0945
vn 0.8007 0.4583 -0.3858
vn 0.9193 0.3613 0.1560
vn 0.9621 -0.0621 0.2656
vn 0.9475 -0.1198 0.2966
vn 0.9547 -0.0267 0.2964
vn 0.1218 0.9920 0.0320
vn 0.1178 0.9925 0.0321
vn 0.7433 0.5976 0.3008
vn 0.7468 0.6016 0.2834
vn 0.7660 0.6016 0.2266
vn -0.8714 0.4213 -0.2512
vn -0.8830 0.3972 -0.2500
vn -0.8893 0.3712 -0.2671
vn 0.1319 0.1949 -0.9719
vn 0.1546 0.2041 -0.9667
vn 0.9449 0.2066 0.2538
vn 0.1558 0.9198 -0.3600
vn 0.2170 0.2298 -0.9487
vn 0.3536 -0.9339 -0.0522
vn 0.8570 0.0166 -0.5150
vn 0.8810 0.0273 -0.4723
vn -0.1243 0.3237 0.9379
vn 0.1269 0.8937 -0.4304
vn 0.1259 0.8961 -0.4255
vn 0.0866 0.9674 -0.2381
vn 0.2580 -0.9395 -0.2253
vn 0.7293 0.3581 -0.5831
vn 0.5891 0.7739 -0.2323
vn 0.9508 -0.0833 -0.2984
vn -0.9297 0.2760 -0.2439
vn -0.5676 0.1308 -0.8128
vn 0.2171 -0.9000 -0.3780
vn 0.2155 0.9561 -0.1984
vn 0.1889 0.9591 -0.2108
vn 0.3281 -0.9445 -0.0185
vn 0.2930 -0.9365 -0.1929
vn 0.3065 -0.9188 -0.2489
vn 0.2717 -0.9538 -0.1283
vn 0.7193 -0.0534 -0.6927
vn -0.2727 0.3758 0.8857
vn -0.2950 0.3819 0.8759
vn 0.0866 0.9674 -0.2380
vn 0.1259 0.8962 -0.4255
vn 0.0846 0.9698 -0.2287
vn 0.4602 0.0055 0.8878
vn 0.6189 0.7025 -0.3514
vn 0.4528 -0.0762 0.8883
vn -0.0148 0.9917 0.1276
vn -0.2101 0.6698 0.7122
vn -0.2095 0.6864 0.6964
vn -0.2639 0.1901 0.9456
vn -0.2579 0.1726 0.9506
vn 0.3691 0.8773 0.3069
vn 0.0883 -0.9955 0.0342
vn 0.0869 -0.9957 0.0332
vn 0.0818 -0.9962 0.0296
vn 0.8108 0.5627 0.1615
vn 0.0413 -0.9861 -0.1609
vn 0.3277 -0.9389 0.1055
vn -0.8432 -0.1319 -0.5212
vn -0.8965 -0.3237 -0.3026
vn -0.1085 0.2555 0.9607
vn 0.8300 0.5414 0.1342
vn -0.0275 0.9932 0.1130
vn 0.0169 0.9981 0.0600
vn 0.0293 0.9986 0.0429
vn -0.8848 0.3783 -0.2719
vn 0.2026 0.9383 0.2804
vn 0.0922 0.9542 0.2846
vn 0.5603 -0.8013 -0.2097
vn -0.3500 0.7706 -0.5326
vn 0.8048 0.4278 -0.4115
vn 0.0805 -0.9963 0.0287
vn -0.4064 0.4993 -0.7653
vn 0.1727 0.2414 -0.9549
vn 0.9172 0.1820 -0.3543
vn -0.5907 0.6256 0.5096
vn 0.9774 -0.0477 0.2061
vn 0.9682 -0.0001 -0.2503
vn 0.9936 0.0271 -0.1100
vn 0.9774 0.0076 -0.2113
vn 0.9816 0.0072 0.1908
vn 0.7264 -0.6668 0.1664
vn 0.5846 -0.7942 0.1661
vn 0.7104 -0.6838 0.1667
vn 0.9885 0.0054 0.1512
vn 0.9891 -0.0060 0.1473
vn 0.9889 0.0012 0.1483
vn 0.9903 -0.0222 0.1368
vn 0.9884 0.0115 0.1513
vn 0.9892 0.0027 0.1463
vn 0.8928 0.0090 -0.4503
vn 0.8895 0.0018 -0.4570
vn 0.8909 0.0001 -0.4542
vn -0.1069 0.9927 0.0561
vn 0.1101 0.9929 0.0447
vn 0.0761 0.9960 0.0467
vn 0.9742 0.0093 0.2255
vn 0.9743 -0.0859 0.2084
vn 0.9701 0.1619 0.1808
vn 0.3585 0.9308 -0.0720
vn 0.4599 0.8765 0.1419
vn -0.8693 0.2883 0.4014
vn -0.8029 0.4332 0.4095
vn -0.8609 0.3102 0.4032
vn 0.1730 0.1915 -0.9661
vn 0.1825 0.0962 -0.9785
vn 0.8905 0.0242 -0.4544
vn -0.1282 -0.0127 -0.9917
vn 0.1061 -0.0481 -0.9932
vn 0.0901 -0.0457 -0.9949
vn 0.2262 -0.9680 -0.1086
vn 0.2717 -0.9538 -0.1282
vn -0.8609 0.3103 0.4032
vn -0.7897 0.4565 0.4098
vn 0.9762 -0.0260 0.2154
vn 0.5908 -0.7975 0.1222
vn 0.5995 -0.7891 0.1336
vn 0.5867 -0.8014 0.1169
vn 0.1428 0.2124 -0.9667
vn 0.8420 0.0020 -0.5395
vn 0.9587 0.0987 0.2668
vn 0.2120 0.2653 -0.9406
vn 0.7311 -0.0278 0.6817
vn 0.5122 0.7447 -0.4279
vn 0.9451 0.0152 0.3265
vn -0.2786 0.2742 0.9204
vn -0.2878 0.2756 0.9172
vn -0.3266 0.2346 0.9156
vn -0.3981 0.6962 -0.5973
vn -0.3923 0.7021 -0.5943
vn -0.3941 0.7003 -0.5952
vn 0.7106 -0.2270 0.6660
vn 0.8590 0.0207 -0.5116
vn -0.8006 0.5542 -0.2277
vn -0.7301 0.6420 -0.2343
vn -0.8190 0.5019 -0.2781
vn 0.8939 -0.1973 0.4026
vn 0.5616 -0.3447 0.7522
vn 0.5592 -0.2832 0.7792
vn 0.5854 -0.1522 0.7964
vn 0.9350 0.2046 0.2899
vn 0.9308 0.2085 0.3003
vn 0.9390 0.2006 0.2792
vn 0.6213 -0.3923 0.6783
vn 0.5592 -0.2832 0.7791
vn 0.9430 0.1965 0.2686
vn 0.6301 -0.0768 0.7727
vn 0.7861 0.3096 -0.5349
vn 0.7812 0.3166 -0.5381
vn 0.7882 0.3067 -0.5336
vn -0.9424 -0.3221 0.0906
vn 0.9669 -0.1569 0.2010
vn 0.9585 0.2219 0.1788
vn 0.9570 0.2120 0.1982
vn 0.9573 0.2139 0.1945
vn 0.7096 -0.5124 -0.4837
vn 0.7019 -0.5414 -0.4629
vn 0.6989 -0.5514 -0.4555
vn 0.3011 -0.2528 0.9195
vn 0.3136 -0.2514 0.9157
vn 0.3126 -0.2819 0.9071
vn 0.5621 -0.0655 0.8245
vn 0.6100 -0.0581 0.7903
vn 0.5624 -0.0817 0.8228
vn -0.3538 -0.9331 0.0639
vn 0.9587 0.2231 0.1764
vn 0.7119 -0.5028 -0.4903
vn 0.3186 -0.2793 0.9058
vn 0.5871 0.7849 0.1980
vn 0.0306 -0.9983 0.0489
vn -0.0399 -0.9971 0.0653
vn -0.0702 -0.9945 0.0778
vn 0.0307 -0.7052 0.7083
vn -0.0830 -0.9939 0.0720
vn -0.0935 -0.9922 0.0828
vn 0.5195 0.2669 0.8117
vn 0.5206 0.2851 0.8048
vn 0.5177 0.2414 0.8208
vn 0.8229 -0.0596 -0.5651
vn 0.5219 0.3133 0.7934
vn 0.7930 0.2997 -0.5304
vn 0.7861 0.3097 -0.5349
vn 0.7882 0.3066 -0.5336
vn -0.6936 -0.5728 0.4368
vn -0.7118 -0.5551 0.4304
vn -0.6216 -0.6898 0.3713
vn 0.7715 0.3352 -0.5408
vn 0.4481 -0.3086 0.8391
vn 0.5978 -0.0915 0.7964
vn 0.5915 -0.0435 0.8052
vn 0.9551 0.1429 0.2594
vn -0.1213 0.0462 -0.9915
vn 0.1326 0.2259 -0.9651
vn 0.3895 -0.3140 0.8658
vn -0.2204 -0.2380 -0.9459
vn 0.7714 0.3353 -0.5409
vn -0.6241 -0.6682 0.4050
vn -0.5909 -0.2482 -0.7676
vn -0.4874 -0.3601 -0.7955
vn -0.5054 -0.3865 -0.7715
vn -0.5106 -0.2174 -0.8319
vn -0.5909 -0.2481 -0.7676
vn 0.5727 -0.0689 0.8169
vn 0.4217 0.2949 0.8574
vn 0.4309 0.1428 0.8910
vn 0.4238 0.3955 0.8148
vn 0.2704 0.7697 0.5783
vn 0.5927 -0.1029 0.7988
vn -0.8218 -0.1542 -0.5486
vn -0.8494 -0.1414 -0.5085
vn -0.8709 -0.1304 -0.4738
vn 0.1229 0.9919 0.0320
vn -0.7512 0.6374 -0.1717
vn 0.9945 0.0288 -0.1010
vn 0.8812 0.0373 -0.4712
vn 0.9001 -0.0009 -0.4356
vn -0.3579 -0.1215 -0.9258
vn 0.5835 -0.1716 0.7938
vn 0.4713 -0.0037 0.8819
vn 0.5022 0.0126 0.8647
vn 0.4599 -0.0098 0.8879
vn -0.1867 0.9820 0.0282
vn 0.9501 0.1988 0.2402
vn -0.8753 -0.1281 -0.4663
vn 0.9522 -0.1022 0.2878
vn 0.3929 0.9060 -0.1574
vn 0.7213 0.0002 -0.6926
vn 0.7513 0.0182 -0.6597
vn 0.7670 -0.0860 -0.6359
vn 0.5342 -0.1329 0.8348
vn 0.3800 0.0052 0.9250
vn 0.4306 0.1428 0.8912
vn 0.4670 0.0400 0.8833
vn 0.5738 -0.8020 0.1658
vn 0.0535 0.0371 0.9979
vn 0.0295 0.0301 0.9991
vn 0.0452 0.0347 0.9984
vn 0.9928 0.0537 0.1068
vn 0.9589 0.0329 0.2818
vn 0.9713 0.0383 0.2346
vn -0.3378 0.2416 0.9097
vn -0.8255 -0.5484 0.1335
vn -0.8245 -0.5614 0.0708
vn -0.8255 -0.5502 0.1254
vn -0.8240 -0.5635 0.0589
vn 0.9260 -0.0032 -0.3775
vn 0.4721 -0.3266 0.8188
vn 0.3232 -0.0000 -0.9463
vn -0.5220 -0.2321 0.8208
vn -0.3997 0.6946 -0.5981
vn 0.2174 -0.9702 -0.1071
vn 0.9072 -0.0021 -0.4208
vn -0.3888 -0.9208 0.0325
vn -0.1283 0.9901 0.0571
vn 0.5434 0.2405 0.8043
vn -0.6808 0.6431 0.3506
vn -0.6369 0.7134 0.2922
vn -0.6467 0.6991 0.3049
vn 0.4594 0.1699 0.8718
vn 0.1397 0.6762 -0.7234
vn -0.5992 -0.1196 -0.7916
vn -0.0025 0.0574 0.9983
vn 0.0036 0.0503 0.9987
vn -0.1054 0.1775 0.9784
vn 0.0295 0.9988 -0.0397
vn 0.2964 0.9495 -0.1034
vn 0.7284 -0.0900 -0.6792
vn 0.3778 0.2733 -0.8846
vn 0.3766 0.2749 -0.8847
vn 0.3785 0.2732 -0.8843
vn -0.5485 -0.0989 -0.8303
vn 0.6583 -0.1336 0.7408
vn 0.5137 0.0147 0.8579
vn -0.3720 0.0239 -0.9279
vn 0.2558 -0.1815 -0.9495
vn -0.3392 0.3170 0.8857
vn -0.3384 0.3083 0.8891
vn -0.8183 0.5472 -0.1759
vn -0.1427 -0.0104 -0.9897
vn 0.8905 0.0241 -0.4544
vn 0.8925 0.0323 -0.4500
vn 0.7224 -0.0002 -0.6915
vn 0.9482 -0.0876 -0.3054
vn 0.0405 0.9955 -0.0853
vn -0.8500 -0.4205 -0.3172
vn 0.0571 0.0382 0.9976
vn 0.6028 -0.7859 0.1379
vn -0.6899 0.6260 0.3635
vn -0.7193 -0.2363 -0.6532
vn -0.7140 -0.2106 -0.6678
vn 0.5151 0.0143 0.8570
vn -0.8577 0.1300 0.4974
vn 0.0294 0.0154 -0.9994
vn 0.0156 0.0177 -0.9997
vn -0.0580 0.0854 -0.9947
vn -0.0634 0.0666 -0.9958
vn 0.4444 0.3699 0.8159
vn -0.1325 0.2088 0.9689
vn 0.9933 0.0636 0.0962
vn -0.2990 0.3045 0.9043
vn -0.3263 0.2974 0.8973
vn -0.2984 0.3083 0.9033
vn 0.8868 0.0009 -0.4622
vn 0.8909 -0.0400 -0.4525
vn 0.8920 -0.0515 -0.4490
vn -0.5468 -0.0711 -0.8343
vn 0.1529 -0.1418 0.9780
vn 0.1979 -0.1105 0.9740
vn 0.2287 -0.1223 0.9658
vn 0.2858 0.2575 0.9231
vn 0.3055 0.1209 -0.9445
vn -0.0102 0.9997 -0.0208
vn 0.8965 0.0169 -0.4428
vn 0.4043 0.2880 -0.8681
vn 0.3763 0.2751 -0.8847
vn 0.3777 0.2734 -0.8847
vn 0.2737 -0.9541 0.1216
vn 0.1370 0.1364 0.9811
vn -0.5002 0.3719 -0.7820
vn -0.4962 0.3609 -0.7897
vn -0.4904 0.3453 -0.8002
vn 0.8900 0.0150 -0.4557
vn 0.4165 0.7800 0.4670
vn 0.4542 0.7982 0.3958
vn 0.4036 0.7730 0.4895
vn -0.4413 0.0303 -0.8969
vn -0.4287 0.0486 -0.9021
vn -0.4664 0.0180 -0.8844
vn 0.4929 0.0097 -0.8700
vn 0.0972 -0.1531 -0.9834
vn -0.1523 0.6950 0.7027
vn 0.5037 0.1120 0.8566
vn -0.8599 0.1031 0.4999
vn -0.8620 0.1056 0.4958
vn -0.8706 0.1020 0.4812
vn -0.9079 0.0916 0.4091
vn -0.9778 0.0596 0.2006
vn -0.9154 0.0891 0.3926
vn -0.5375 -0.2498 0.8054
vn -0.2953 0.3109 0.9034
vn -0.2213 0.7894 0.5727
vn 0.8324 -0.5394 0.1273
vn 0.8333 -0.5395 0.1207
vn 0.6032 0.6542 -0.4563
vn 0.6197 0.6693 -0.4098
vn 0.6161 0.6661 -0.4203
vn -0.1571 0.0298 0.9871
vn -0.8540 0.1303 0.5037
vn -0.9359 0.0295 0.3510
vn -0.4987 0.0588 -0.8648
vn -0.5063 0.3892 -0.7695
vn 0.5043 -0.8237 -0.2592
vn 0.3674 0.7511 0.5485
vn 0.7021 -0.0671 -0.7089
vn 0.3939 -0.6946 -0.6020
vn 0.4420 -0.6698 -0.5967
vn 0.4182 -0.6824 -0.5996
vn 0.4674 -0.6556 -0.5930
vn 0.5125 -0.0099 0.8586
vn 0.6841 -0.5130 -0.5185
vn 0.7294 -0.5312 -0.4311
vn 0.7109 -0.5425 -0.4476
vn 0.7256 -0.5442 -0.4211
vn 0.7607 -0.5330 -0.3705
vn 0.9938 0.0630 0.0917
vn -0.0063 0.9990 -0.0438
vn -0.8737 0.4389 -0.2098
vn 0.0281 0.9906 0.1342
vn 0.0279 0.9878 0.1532
vn 0.0697 0.9948 0.0737
vn 0.2803 0.9406 -0.1913
vn 0.9155 -0.0158 -0.4021
vn 0.8611 -0.1411 -0.4884
vn -0.5526 -0.7967 -0.2448
vn -0.5449 -0.8061 -0.2308
vn -0.5505 -0.7993 -0.2409
vn -0.3646 0.0362 0.9305
vn 0.5962 0.6477 -0.4744
vn -0.3184 0.8737 -0.3679
vn 0.9482 -0.0554 0.3128
vn 0.5722 0.0272 0.8196
vn -0.2472 0.3075 0.9189
vn -0.1778 -0.7674 0.6161
vn -0.7961 0.3581 0.4878
vn -0.8363 0.3220 0.4439
vn -0.8218 0.3482 0.4511
vn -0.4875 0.2530 -0.8357
vn -0.4890 0.2462 -0.8368
vn -0.4802 0.2375 -0.8444
vn 0.5143 -0.3090 0.8000
vn -0.3341 -0.0194 0.9423
vn 0.9407 0.0317 0.3377
vn -0.4952 0.2467 -0.8330
vn 0.0693 0.7914 0.6074
vn 0.4610 -0.3183 0.8283
vn 0.9402 -0.1766 0.2912
vn 0.9414 -0.1676 0.2927
vn 0.9438 0.0009 0.3305
vn 0.5199 0.0350 0.8535
vn 0.0334 -0.9899 -0.1379
vn -0.3213 0.3225 0.8904
vn 0.3801 0.9032 -0.1993
vn -0.4237 0.5933 -0.6844
vn 0.0310 -0.1207 -0.9922
vn 0.4520 0.2637 0.8521
vn 0.4581 0.2663 0.8480
vn -0.1392 -0.9136 0.3819
vn -0.3936 0.2999 0.8690
vn 0.4076 0.2895 -0.8661
vn -0.6344 -0.2281 0.7386
vn -0.5375 -0.2498 0.8055
vn -0.6401 -0.2672 0.7203
vn 0.5073 0.8310 0.2281
vn 0.4996 0.8378 0.2200
vn 0.4816 0.2359 0.8440
vn -0.2261 0.5713 0.7890
vn -0.8723 0.4142 -0.2600
vn 0.8853 -0.1270 -0.4474
vn -0.8982 0.0327 -0.4383
vn -0.3171 0.3275 0.8900
vn 0.8871 0.0271 -0.4608
vn -0.5568 -0.7914 -0.2524
vn -0.4924 0.2868 0.8218
vn -0.1066 -0.9744 -0.1979
vn -0.1507 -0.9578 -0.2446
vn -0.1263 -0.9676 -0.2188
vn 0.8908 -0.0400 -0.4525
vn -0.5814 -0.2839 0.7625
vn -0.3343 0.7936 0.5084
vn 0.5381 0.0773 0.8393
vn 0.6582 0.0838 0.7482
vn 0.6104 0.0814 0.7879
vn -0.4630 -0.8428 0.2746
vn 0.4909 -0.8555 0.1650
vn 0.2871 -0.9499 0.1233
vn 0.4776 -0.8634 0.1624
vn -0.6815 0.4279 -0.5937
vn -0.6926 0.4488 -0.5648
vn -0.7186 0.5046 -0.4784
vn 0.3236 0.9179 -0.2298
vn 0.3148 0.9256 -0.2102
vn 0.3204 0.9208 -0.2225
vn 0.3040 -0.1371 0.9427
vn 0.9584 0.0621 0.2784
vn 0.9584 0.0658 0.2776
vn 0.9374 -0.0366 0.3463
vn 0.5136 0.0759 0.8547
vn -0.5921 0.5782 0.5613
vn 0.2663 -0.9309 0.2502
vn 0.2661 -0.9410 0.2089
vn 0.2659 -0.9458 0.1865
vn 0.7031 0.6185 -0.3509
vn -0.6082 0.7428 0.2797
vn -0.6065 0.7444 0.2793
vn -0.6165 0.7353 0.2817
vn -0.5223 -0.2947 0.8002
vn -0.3208 -0.9471 0.0013
vn -0.7238 0.5177 -0.4562
vn -0.1554 -0.9558 -0.2495
vn -0.4192 -0.8804 0.2218
vn 0.3870 -0.1273 0.9132
vn 0.9974 0.0059 0.0714
vn -0.6634 -0.2015 -0.7206
vn -0.6339 -0.2051 -0.7457
vn -0.6344 -0.2033 -0.7458
vn 0.8341 0.0280 0.5510
vn 0.2661 -0.9410 0.2088
vn 0.2653 -0.9509 0.1596
vn -0.9808 0.0573 0.1862
vn -0.7614 0.3762 0.5279
vn -0.7869 0.3564 0.5038
vn 0.1688 0.2087 -0.9633
vn 0.5826 0.7803 -0.2274
vn 0.8191 -0.5419 0.1879
vn -0.6778 0.6774 -0.2860
vn -0.6677 0.6910 -0.2768
vn -0.7068 0.6754 -0.2104
vn 0.9571 0.0148 0.2893
vn 0.3111 0.9414 0.1299
vn 0.3058 0.9433 0.1295
vn 0.2469 0.9625 0.1125
vn 0.1584 -0.9782 0.1341
vn -0.3521 0.3098 0.8832
vn -0.4980 0.0586 -0.8652
vn 0.5112 0.8262 0.2368
vn 0.6071 -0.3920 0.6912
vn 0.6019 -0.3904 0.6966
vn 0.5779 -0.3825 0.7209
vn 0.1117 0.9920 0.0585
vn -0.6174 0.7344 0.2819
vn -0.4287 0.0487 -0.9021
vn -0.4711 0.0140 -0.8820
vn -0.0641 0.1310 -0.9893
vn 0.2666 -0.1462 -0.9527
vn -0.9054 0.3761 -0.1968
vn -0.8650 0.3983 -0.3051
vn 0.3289 0.9130 -0.2415
vn -0.4237 0.1296 0.8965
vn 0.3917 -0.0268 0.9197
vn -0.2195 0.9521 0.2131
vn 0.5068 0.0204 0.8618
vn 0.2438 -0.8886 0.3885
vn -0.9786 -0.1006 -0.1795
vn -0.3558 0.3112 0.8812
vn 0.0960 0.0871 -0.9916
vn 0.5104 -0.0017 0.8599
vn -0.4400 -0.2325 0.8674
vn 0.9977 -0.0266 0.0626
vn 0.5744 -0.3814 0.7243
vn 0.5728 -0.8143 0.0943
vn 0.5928 -0.7959 0.1230
vn 0.5600 -0.8233 0.0929
vn 0.3398 -0.9388 0.0572
vn 0.3329 -0.9243 0.1867
vn 0.3773 -0.9042 0.2000
vn 0.3210 -0.9292 0.1831
vn 0.0049 0.9587 0.2844
vn -0.0068 0.9250 0.3799
vn -0.0044 0.9324 0.3613
vn 0.3268 -0.9234 0.2015
vn 0.1146 0.9429 0.3129
vn 0.0402 0.9735 0.2253
vn -0.0134 0.9960 0.0884
vn 0.0264 0.9814 0.1904
vn -0.0201 0.9973 0.0711
vn -0.1350 0.2336 0.9629
vn 0.1177 0.7218 0.6820
vn 0.1029 0.7178 0.6886
vn 0.1139 0.7208 0.6837
vn -0.7766 0.1060 0.6210
vn 0.6382 0.2391 0.7319
vn -0.7900 0.3401 0.5102
vn 0.8612 -0.1411 -0.4884
vn 0.8915 -0.0449 -0.4509
vn 0.8054 -0.5389 0.2469
vn -0.6402 -0.2672 0.7203
vn -0.7429 -0.2016 0.6383
vn -0.7360 -0.2027 0.6459
vn 0.9854 -0.0089 -0.1701
vn -0.9359 0.0294 0.3510
vn -0.9418 0.0221 0.3356
vn 0.5108 -0.8077 -0.2945
vn 0.5142 -0.8030 -0.3015
vn 0.5142 -0.8029 -0.3014
vn 0.1752 0.9344 0.3102
vn 0.8293 0.4346 -0.3513
vn -0.2990 0.3045 0.9044
vn -0.2933 0.3064 0.9056
vn -0.2956 0.3040 0.9057
vn -0.2990 0.3046 0.9043
vn -0.2954 0.3109 0.9034
vn -0.9498 0.0158 0.3124
vn -0.9342 -0.0094 0.3566
vn -0.9296 -0.0162 0.3682
vn 0.9468 -0.0164 0.3215
vn 0.9876 -0.1486 0.0506
vn -0.4433 0.5543 -0.7044
vn 0.7660 0.5014 -0.4022
vn 0.8814 -0.0121 -0.4721
vn -0.6635 -0.2024 -0.7203
vn 0.9935 0.0038 0.1140
vn 0.9927 0.0026 0.1209
vn 0.9773 -0.0138 0.2114
vn 0.1652 0.9844 0.0605
vn -0.3375 -0.9223 0.1886
vn 0.9139 -0.0060 0.4058
vn 0.9090 -0.0103 0.4167
vn 0.9156 -0.0045 0.4021
vn 0.2615 -0.9510 0.1648
vn -0.6874 -0.3050 0.6591
vn -0.5056 0.2351 -0.8301
vn 0.0991 0.7168 0.6902
vn 0.0568 0.9680 0.2444
vn 0.0476 0.9692 0.2416
vn 0.0928 0.9624 0.2553
vn 0.0036 0.9737 0.2278
vn 0.9020 0.0199 -0.4312
vn -0.6521 0.7237 -0.2259
vn 0.8934 0.0149 -0.4489
vn -0.0297 0.7601 -0.6491
vn -0.0422 0.7563 -0.6528
vn -0.0380 0.7576 -0.6516
vn -0.2862 -0.9364 -0.2033
vn -0.3112 -0.9191 -0.2416
vn -0.2954 -0.9303 -0.2174
vn -0.5701 0.1170 0.8132
vn -0.7148 0.6794 -0.1655
vn -0.0147 0.8962 0.4435
vn 0.8982 -0.0709 -0.4339
vn 0.5084 -0.0134 0.8610
vn -0.1259 0.2224 0.9668
vn -0.0754 0.9969 -0.0228
vn -0.3129 -0.9361 0.1609
vn -0.4130 0.2063 0.8870
vn 0.2785 -0.9527 0.1215
vn 0.1951 0.7425 0.6408
vn 0.2239 0.7179 0.6591
vn 0.2802 0.6651 0.6922
vn 0.3291 -0.8061 0.4918
vn -0.8695 0.3523 -0.3463
vn -0.8716 0.3894 -0.2979
vn -0.4803 0.2375 -0.8443
vn -0.5098 0.2326 -0.8283
vn -0.5312 0.1563 -0.8327
vn -0.9275 0.2273 0.2968
vn -0.2899 0.3117 0.9049
vn -0.3004 0.3239 0.8971
vn -0.2948 0.3111 0.9035
vn -0.4924 0.2710 0.8271
vn 0.1712 0.1909 -0.9666
vn 0.0844 0.0833 -0.9929
vn 0.1900 0.0139 -0.9817
vn 0.4178 -0.6607 0.6237
vn 0.2543 0.0032 0.9671
vn 0.2057 -0.0063 0.9786
vn 0.0269 -0.0331 0.9991
vn -0.3244 0.4409 0.8369
vn -0.3066 0.3945 0.8663
vn -0.3357 0.4712 0.8156
vn 0.7736 -0.5991 0.2064
vn 0.7694 -0.6139 0.1766
vn 0.7820 -0.5337 0.3220
vn 0.6046 -0.6076 -0.5151
vn 0.6953 -0.6037 -0.3900
vn 0.5940 -0.6071 -0.5278
vn 0.5502 -0.8208 0.1535
vn 0.3176 0.6262 0.7120
vn -0.0252 0.7614 -0.6477
vn 0.7956 -0.5456 0.2634
vn 0.9927 0.0025 0.1209
vn 0.9754 -0.0153 0.2198
vn -0.3470 0.5019 0.7923
vn 0.1625 0.9666 0.1983
vn -0.4696 0.2369 -0.8505
vn -0.5111 0.2849 -0.8109
vn 0.8906 -0.0026 -0.4547
vn 0.1227 0.9919 0.0338
vn 0.9647 -0.2317 -0.1251
vn 0.2056 -0.0063 0.9786
vn 0.1457 -0.0198 0.9891
vn 0.1510 -0.0192 0.9884
vn -0.8103 0.3052 0.5003
vn -0.4695 0.2369 -0.8505
vn 0.7034 -0.6025 -0.3770
vn -0.7114 -0.1941 -0.6754
vn -0.9538 0.0230 0.2996
vn 0.8875 0.3357 0.3158
vn -0.7267 0.6684 0.1588
vn -0.7188 0.6340 0.2852
vn -0.7166 0.6281 0.3031
vn -0.8903 0.4072 -0.2037
vn -0.0224 -0.9932 -0.1140
vn 0.0053 -0.9918 -0.1280
vn -0.0125 -0.9928 -0.1190
vn -0.0066 0.9971 -0.0756
vn -0.0062 0.9971 -0.0758
vn -0.0063 0.9971 -0.0757
vn 0.9688 -0.1994 -0.1471
vn 0.4970 -0.8316 -0.2480
vn 0.5005 -0.8236 -0.2668
vn 0.5174 0.0024 0.8557
vn -0.2059 0.1579 0.9658
vn -0.9411 0.1716 -0.2913
vn 0.7786 0.0219 -0.6271
vn 0.7621 0.0049 -0.6474
vn 0.8285 0.0286 -0.5592
vn -0.2627 -0.9502 -0.1678
vn -0.8255 0.3082 0.4729
vn 0.7608 0.5647 -0.3198
vn 0.5289 0.0096 0.8486
vn -0.0028 0.2415 0.9704
vn -0.0258 0.1194 0.9925
vn -0.0355 0.1172 0.9925
vn -0.0376 0.2388 0.9703
vn -0.2909 0.3065 0.9063
vn 0.3638 -0.9148 -0.1753
vn -0.7237 -0.2290 0.6510
vn -0.7361 -0.2027 0.6459
vn 0.5241 -0.0111 0.8516
vn -0.7268 0.6723 0.1410
vn -0.3349 -0.1781 -0.9253
vn -0.0025 0.3763 0.9265
vn -0.9414 0.2994 -0.1556
vn -0.6202 0.7542 -0.2157
vn -0.6680 0.7135 -0.2114
vn -0.6574 0.7230 -0.2124
vn 0.9192 -0.2825 0.2744
vn 0.9072 -0.0118 0.4206
vn 0.8327 -0.1941 0.5186
vn -0.9203 0.0961 -0.3792
vn -0.9209 0.0906 -0.3790
vn -0.9215 0.0919 -0.3774
vn 0.7928 -0.0020 0.6095
vn 0.7915 0.0008 0.6112
vn 0.8002 -0.0131 0.5996
vn -0.9195 0.0996 -0.3803
vn -0.8124 0.3122 0.4925
vn -0.9149 0.3946 -0.0852
vn -0.6573 0.7230 -0.2124
vn -0.6024 0.7682 -0.2170
vn 0.1017 -0.5791 -0.8089
vn 0.1497 -0.5637 -0.8123
vn 0.1193 -0.6506 -0.7500
vn 0.8906 -0.0025 -0.4547
vn 0.8318 -0.0851 0.5486
vn -0.4552 0.6471 -0.6116
vn 0.9289 -0.0707 -0.3635
vn 0.9279 -0.0699 -0.3662
vn 0.9085 -0.0563 -0.4140
vn 0.5483 -0.0072 0.8363
vn 0.5694 0.0049 0.8220
vn 0.5377 -0.0131 0.8430
vn 0.7808 -0.4962 0.3796
vn 0.5023 -0.8319 -0.2357
vn 0.3492 0.4866 -0.8008
vn -0.8608 0.2943 -0.4153
vn -0.8716 0.3893 -0.2979
vn 0.1201 -0.0216 -0.9925
vn 0.1813 -0.0298 -0.9830
vn -0.0075 -0.0424 0.9991
vn 0.5841 0.5265 0.6178
vn 0.5834 0.5243 0.6203
vn 0.5843 0.5272 0.6169
vn -0.8489 0.2813 -0.4474
vn 0.0831 0.2582 0.9625
vn 0.1733 -0.0538 -0.9834
vn 0.1792 -0.0729 -0.9811
vn -0.2200 0.1599 0.9623
vn -0.4941 0.2728 0.8255
vn 0.9970 -0.0275 -0.0725
vn 0.9958 -0.0256 -0.0875
vn 0.9803 -0.0111 -0.1973
vn 0.5694 0.0049 0.8221
vn 0.5802 0.0112 0.8144
vn 0.5532 0.7542 0.3538
vn 0.5193 0.0255 0.8542
vn 0.0023 0.0371 0.9993
vn -0.1703 0.0826 0.9819
vn -0.1887 0.0643 0.9799
vn -0.7158 -0.6760 -0.1752
vn -0.7305 -0.6566 -0.1876
vn -0.8021 -0.5407 -0.2536
vn 0.0133 0.0416 0.9990
vn -0.7899 0.6053 0.0988
vn 0.9906 0.0112 0.1366
vn 0.9892 0.0090 0.1465
vn 0.9784 -0.0044 0.2066
vn 0.4452 0.5618 0.6973
vn -0.4951 0.2118 -0.8426
vn 0.4579 -0.8786 0.1355
vn 0.5480 -0.0351 0.8357
vn 0.5572 -0.0430 0.8293
vn 0.5388 0.0036 0.8424
vn 0.5332 -0.0042 0.8460
vn -0.8130 -0.5186 -0.2648
vn 0.1768 0.0988 -0.9793
vn 0.9788 -0.0101 -0.2047
vn -0.7704 -0.6372 0.0216
vn -0.7676 -0.6401 0.0336
vn -0.7649 -0.6426 0.0449
vn -0.2864 0.3124 0.9057
vn 0.9085 -0.0562 -0.4141
vn 0.9081 -0.0560 -0.4151
vn 0.9473 -0.3200 -0.0145
vn 0.9572 -0.2467 -0.1511
vn 0.9490 -0.3141 -0.0261
vn 0.3214 -0.7620 0.5622
vn -0.5739 0.6496 0.4987
vn -0.9202 -0.0750 0.3842
vn 0.1666 -0.0098 -0.9860
vn 0.1846 -0.0070 -0.9828
vn 0.1823 0.0152 -0.9831
vn -0.7096 -0.0167 0.7044
vn -0.5900 -0.6671 -0.4549
vn 0.5831 0.5234 0.6213
vn 0.5403 0.0052 0.8415
vn 0.5239 -0.0186 0.8516
vn 0.5349 -0.0201 0.8447
vn 0.5231 -0.0141 0.8521
vn -0.7704 -0.6372 0.0215
vn -0.7726 -0.6348 0.0117
vn 0.7231 0.6437 0.2506
vn -0.5008 0.1957 -0.8431
vn 0.1846 -0.0071 -0.9828
vn 0.9571 -0.2432 -0.1573
vn 0.9718 -0.0109 0.2354
vn 0.1207 0.9319 0.3419
vn 0.7928 -0.0021 0.6095
vn 0.8353 -0.0238 0.5492
vn -0.9902 0.0815 0.1136
vn 0.1838 0.0021 -0.9830
vn 0.1260 0.0095 -0.9920
vn -0.0975 -0.9268 -0.3626
vn -0.0289 -0.0376 0.9989
vn 0.5990 -0.0270 0.8003
vn 0.4417 -0.5474 0.7108
vn 0.5028 -0.4708 0.7249
vn 0.4503 -0.5373 0.7131
vn -0.8998 0.0338 0.4350
vn -0.2546 0.4961 0.8301
vn 0.0137 -0.9958 0.0901
vn 0.0011 -0.9939 0.1103
vn -0.0598 -0.9764 0.2077
vn 0.0525 -0.9945 -0.0902
vn 0.0952 -0.9950 -0.0292
vn 0.0851 -0.9960 -0.0280
vn -0.2421 -0.9624 -0.1229
vn 0.5937 -0.0639 0.8021
vn 0.1812 -0.9751 0.1279
vn -0.1327 0.7206 0.6805
vn -0.0944 0.7337 0.6729
vn -0.1859 0.7007 0.6888
vn -0.2828 0.2080 0.9364
vn -0.2060 0.1579 0.9657
vn 0.1533 -0.4553 -0.8770
vn -0.0396 -0.9937 -0.1053
vn 0.0456 -0.9984 0.0331
vn 0.1933 -0.9384 0.2865
vn 0.8175 0.0514 0.5736
vn -0.1608 -0.5371 0.8280
vn -0.9441 0.2867 -0.1627
vn -0.9353 0.3023 -0.1841
vn -0.9293 0.3121 -0.1976
vn -0.8855 0.2470 -0.3935
vn 0.1625 0.9666 0.1984
vn 0.1624 0.9540 0.2519
vn 0.1227 0.9919 0.0339
vn -0.8825 -0.1602 0.4421
vn -0.7118 -0.3258 0.6222
vn 0.6213 -0.7542 0.2126
vn 0.4043 0.3726 0.8352
vn -0.0059 0.9971 -0.0759
vn 0.7693 -0.5152 0.3777
vn 0.7683 -0.5148 0.3805
vn 0.7690 -0.5151 0.3786
vn 0.1216 -0.9666 0.2256
vn 0.1220 -0.9671 0.2232
vn 0.1221 -0.9673 0.2223
vn -0.0119 -0.0381 0.9992
vn 0.1564 0.9798 0.1249
vn 0.2180 0.9741 0.0599
vn 0.1449 0.9811 0.1281
vn 0.1221 -0.9673 0.2222
vn 0.1225 -0.9679 0.2196
vn 0.8852 0.4034 -0.2316
vn -0.5507 0.0686 0.8319
vn -0.5174 0.0158 0.8556
vn -0.5258 0.0288 0.8501
vn -0.0124 -0.9851 0.1714
vn -0.9124 0.2522 -0.3224
vn -0.9020 0.2554 -0.3480
vn -0.9102 0.2533 -0.3277
vn -0.1484 0.9427 -0.2988
vn 0.1532 0.9546 0.2553
vn 0.2224 0.9327 0.2840
vn 0.2471 0.9234 0.2939
vn 0.3104 0.8956 0.3186
vn -0.2903 -0.0086 0.9569
vn -0.5462 0.2905 0.7857
vn -0.8230 0.2768 0.4961
vn -0.9472 0.2702 -0.1726
vn -0.8883 0.2476 -0.3867
vn 0.5343 -0.8050 -0.2579
vn 0.7679 -0.5146 0.3815
vn 0.5723 -0.0039 0.8200
vn -0.1292 0.8310 0.5410
vn -0.1297 0.8402 0.5266
vn -0.1362 0.8699 0.4740
vn 0.1050 0.9650 -0.2404
vn -0.2555 -0.4823 0.8379
vn -0.8973 0.1049 -0.4287
vn -0.3176 -0.0635 -0.9461
vn -0.9176 0.2666 -0.2947
vn -0.9184 0.2796 -0.2800
vn -0.9225 0.2693 -0.2765
vn -0.2561 0.8398 -0.4788
vn 0.1042 -0.0100 -0.9945
vn 0.5288 0.0301 0.8482
vn 0.0180 0.9648 0.2623
vn 0.1013 0.9505 0.2938
vn 0.1324 0.9431 0.3050
vn 0.1014 0.9505 0.2939
vn 0.2081 0.9203 0.3311
vn 0.1324 0.9431 0.3051
vn 0.5324 0.6586 0.5318
vn -0.8367 0.2652 0.4792
vn -0.8385 0.2992 0.4554
vn -0.4795 0.1952 0.8556
vn -0.3773 -0.9218 0.0890
vn 0.9400 -0.0082 0.3410
vn 0.9471 -0.0053 0.3210
vn 0.9466 -0.0055 0.3222
vn -0.0694 -0.9690 0.2371
vn -0.0885 0.9552 0.2823
vn -0.0873 0.9563 0.2791
vn -0.1055 0.9401 0.3241
vn -0.3411 0.2918 0.8936
vn -0.3327 0.2887 0.8978
vn -0.4167 0.2615 0.8706
vn 0.4078 -0.5495 0.7292
vn 0.4089 -0.5564 0.7233
vn 0.4370 -0.5450 0.7156
vn -0.0071 -0.9997 -0.0233
vn -0.0104 -0.9991 -0.0405
vn -0.0284 -0.9906 -0.1342
vn -0.2628 0.3248 0.9086
vn -0.1905 0.9696 -0.1535
vn -0.4903 0.1760 -0.8536
vn -0.4951 0.0758 -0.8655
vn -0.4964 0.0831 -0.8641
vn 0.0598 0.0008 -0.9982
vn 0.0343 -0.9932 -0.1115
vn 0.3561 0.6865 0.6340
vn 0.3561 0.6925 0.6274
vn 0.3561 0.6885 0.6318
vn 0.1513 0.9626 0.2248
vn 0.8458 0.0020 -0.5335
vn -0.3663 0.1547 0.9175
vn 0.8380 -0.0245 0.5451
vn -0.9037 0.2333 -0.3591
vn 0.1828 -0.0190 -0.9830
vn 0.1294 -0.0137 -0.9915
vn -0.5525 0.2932 0.7803
vn 0.7501 0.3789 -0.5420
vn 0.9923 -0.1134 -0.0497
vn 0.9638 0.0761 -0.2555
vn 0.9840 0.0322 -0.1752
vn 0.9447 0.2123 -0.2499
vn 0.3298 -0.7091 0.6232
vn 0.3201 -0.8155 0.4821
vn 0.3238 -0.7890 0.5222
vn -0.9999 -0.0001 -0.0118
vn -0.9995 -0.0016 -0.0315
vn -0.9999 -0.0000 -0.0101
vn 0.5113 -0.0092 0.8593
vn 0.5378 -0.0151 0.8429
vn 0.5440 -0.0171 0.8389
vn 0.9862 -0.1483 0.0736
vn 0.9669 -0.2475 0.0617
vn 0.9364 -0.3494 0.0340
vn -0.0469 -0.9979 0.0441
vn 0.1348 -0.9907 0.0171
vn -0.0248 -0.9990 0.0359
vn 0.4269 -0.8335 0.3509
vn 0.3305 -0.6824 0.6520
vn 0.3561 0.6949 0.6247
vn -0.1408 0.1115 -0.9837
vn -0.1434 0.1125 -0.9832
vn -0.1807 0.1278 -0.9752
vn 0.5029 -0.4708 0.7249
vn 0.5115 -0.4590 0.7264
vn 0.4504 -0.5373 0.7131
vn -0.0453 0.8996 0.4343
vn 0.4109 0.3447 0.8440
vn 0.0491 -0.0348 -0.9982
vn 0.0507 -0.0355 -0.9981
vn 0.0861 -0.0504 -0.9950
vn 0.0098 -0.0994 0.9950
vn -0.4904 0.1760 -0.8536
vn 0.5411 0.0449 0.8398
vn -0.4899 -0.0254 0.8714
vn -0.5258 0.0287 0.8501
vn -0.4248 0.2548 0.8687
vn 0.8063 -0.0138 -0.5913
vn 0.7904 -0.1354 -0.5974
vn 0.7968 -0.0363 -0.6031
vn 0.8746 0.4801 -0.0677
vn 0.8901 0.4519 -0.0592
vn 0.8786 0.4731 -0.0656
vn 0.2671 0.8944 0.3588
vn 0.1083 -0.6678 -0.7364
vn 0.8931 0.4462 -0.0575
vn 0.0476 -0.9972 0.0572
vn 0.5598 0.0297 0.8281
vn -0.1435 0.1125 -0.9832
vn -0.1258 0.1263 -0.9840
vn 0.7998 0.2504 -0.5455
vn 0.7916 0.2343 -0.5644
vn 0.0012 -1.0000 -0.0007
vn 0.0059 -1.0000 -0.0018
vn 0.0005 -1.0000 -0.0002
vn 0.9996 0.0215 0.0164
vn -0.9048 0.1330 -0.4045
vn -0.3267 0.0265 0.9448
vn 0.9016 -0.3974 0.1707
vn 0.4569 0.0750 0.8863
vn -0.1716 0.8420 0.5114
vn -0.9500 0.2753 -0.1472
vn -0.3783 0.4081 0.8308
vn 0.3936 -0.7998 -0.4532
vn 0.7738 0.3465 -0.5302
vn 0.1565 -0.9864 0.0494
vn 0.0251 -0.0891 0.9957
vn -0.0075 -0.0425 0.9991
vn -0.0043 -0.0178 0.9998
vn -0.2676 -0.0030 0.9635
vn -0.0362 0.0025 0.9993
vn -0.1970 0.0105 0.9804
vn -0.2555 0.0087 0.9668
vn -0.1970 0.0105 0.9803
vn -0.2666 -0.0323 0.9633
vn 0.7548 0.3833 -0.5323
vn 0.7923 -0.1285 -0.5964
vn -0.5759 0.0007 0.8175
vn -0.6281 -0.0204 0.7778
vn -0.5352 0.0165 0.8446
vn -0.9156 0.3200 -0.2435
vn 0.1215 0.0411 -0.9917
vn 0.0866 -0.5724 -0.8154
vn 0.0917 -0.7694 -0.6321
vn -0.8800 0.0199 -0.4745
vn -0.9265 0.0076 -0.3761
vn -0.9282 0.0071 -0.3721
vn -0.1147 0.0263 0.9931
vn 0.4212 0.6672 0.6144
vn 0.5556 0.6449 0.5248
vn 0.4571 0.6631 0.5927
vn -0.0311 -0.9885 -0.1480
vn -0.0284 -0.9905 -0.1342
vn -0.4992 -0.0777 0.8630
vn -0.5005 -0.0764 0.8623
vn -0.4959 -0.0809 0.8646
vn -0.8506 0.2525 0.4613
vn -0.1062 0.9394 0.3259
vn 0.2973 -0.9049 0.3045
vn -0.4697 0.0035 0.8828
vn -0.5238 -0.0075 0.8518
vn -0.5189 -0.0065 0.8548
vn 0.4228 -0.7229 0.5465
vn -0.0372 -0.9942 0.1006
vn -0.0355 -0.9953 0.0902
vn -0.0562 -0.9729 0.2241
vn -0.2880 -0.2159 0.9330
vn -0.2873 -0.2120 0.9341
vn -0.2935 -0.2501 0.9227
vn 0.1154 -0.8999 -0.4206
vn -0.1860 0.7007 0.6888
vn -0.2141 0.6940 0.6874
vn -0.5514 0.2919 0.7815
vn -0.5039 -0.0730 0.8606
vn -0.0428 -0.8995 0.4349
vn -0.4523 0.0069 0.8918
vn -0.5188 -0.0065 0.8548
vn -0.0606 -0.9657 0.2525
vn -0.2472 0.6233 0.7419
vn -0.2497 0.5857 0.7711
vn -0.2496 0.5876 0.7697
vn 0.5743 0.6402 0.5103
vn -0.0486 -0.9966 0.0672
vn -0.2677 -0.0030 0.9635
vn -0.9014 0.2176 0.3744
vn 0.8752 0.1877 0.4459
vn 0.9174 0.0642 0.3927
vn 0.8910 0.0067 0.4540
vn -0.9422 0.1669 -0.2904
vn -0.6454 -0.0277 0.7633
vn 0.0528 0.7851 0.6171
vn 0.0639 0.7292 0.6813
vn 0.0598 0.7505 0.6581
vn -0.3196 -0.0298 0.9471
vn -0.3831 0.1588 0.9099
vn 0.0862 -0.0504 -0.9950
vn 0.0508 -0.0355 -0.9981
vn 0.0885 -0.0514 -0.9947
vn 0.1432 0.0156 -0.9896
vn -0.0011 -1.0000 -0.0003
vn 0.5570 -0.8101 0.1829
vn 0.3885 -0.0132 0.9214
vn -0.2945 -0.2569 0.9205
vn 0.5877 0.1669 0.7917
vn 0.5873 0.1670 0.7919
vn 0.5847 0.1672 0.7939
vn 0.0131 0.6185 0.7857
vn -0.8806 0.4738 -0.0047
vn 0.8725 0.3918 0.2918
vn 0.8391 0.4465 0.3108
vn 0.7538 0.5580 0.3471
vn 0.3073 -0.7620 0.5700
vn 0.3243 -0.7419 0.5869
vn 0.0490 0.8022 0.5950
vn -0.2467 0.6291 0.7371
vn -0.2592 -0.5453 0.7971
vn -0.8308 0.2563 0.4941
vn 0.0277 0.0626 -0.9977
vn 0.4338 -0.0122 -0.9009
vn 0.4651 0.0737 -0.8822
vn 0.4594 0.0227 -0.8879
vn -0.2140 0.6946 0.6869
vn -0.0598 -0.9764 0.2076
vn -0.0697 -0.9684 0.2395
vn 0.1211 0.0064 -0.9926
vn -0.0417 -0.9968 0.0682
vn 0.2768 0.8870 0.3696
vn -0.1510 -0.1736 0.9732
vn -0.8909 0.2585 -0.3736
vn -0.8471 0.2346 -0.4769
vn -0.4937 -0.0118 -0.8696
vn 0.0617 -0.9939 0.0917
vn -0.9466 0.2499 -0.2036
vn -0.8974 0.2327 -0.3748
vn 0.4743 0.1479 -0.8678
vn 0.4779 0.0717 -0.8755
vn 0.4323 -0.5574 0.7088
vn 0.4089 -0.5565 0.7233
vn 0.4077 -0.5495 0.7292
vn 0.4636 -0.5554 0.6904
vn -0.8780 0.0204 -0.4782
vn -0.3100 -0.0085 0.9507
vn -0.2553 0.0923 0.9624
vn -0.2806 0.1200 0.9523
vn -0.2862 0.1261 0.9498
vn -0.9106 0.1535 -0.3838
vn -0.3996 -0.9085 0.1225
vn -0.2099 -0.9739 0.0862
vn -0.4239 -0.8967 0.1271
vn 0.9486 0.0748 0.3074
vn 0.9196 -0.0096 0.3927
vn -0.9995 -0.0017 -0.0328
vn -0.2983 0.1395 0.9442
vn -0.2862 0.1262 0.9498
vn -0.1886 -0.9786 0.0820
vn 0.0970 -0.7790 -0.6195
vn 0.4780 0.0717 -0.8755
vn -0.4931 -0.8093 -0.3191
vn 0.9397 -0.0083 0.3418
vn 0.2855 0.0433 0.9574
vn -0.1286 -0.9058 0.4037
vn -0.4934 0.0836 -0.8658
vn -0.1439 -0.0455 0.9885
vn -0.1227 -0.2644 0.9566
vn -0.1348 -0.1320 0.9820
vn 0.5872 0.1670 0.7920
vn 0.5836 0.1672 0.7946
vn -0.9474 0.2396 -0.2121
vn 0.0377 0.9985 0.0394
vn 0.1325 0.9909 0.0227
vn 0.0494 0.9981 0.0374
vn 0.1779 -0.0439 -0.9831
vn 0.6484 -0.3427 0.6798
vn 0.6370 -0.3674 0.6777
vn 0.6249 -0.3921 0.6751
vn 0.7537 0.5580 0.3472
vn 0.8390 0.4466 0.3109
vn 0.7215 0.5929 0.3577
vn 0.1672 -0.9822 0.0852
vn 0.3148 0.0067 0.9491
vn 0.3528 0.0011 0.9357
vn 0.3183 0.0062 0.9480
vn 0.7813 -0.0055 0.6242
vn 0.8703 0.0116 0.4924
vn 0.7755 -0.0065 0.6313
vn 0.7813 -0.0055 0.6241
vn 0.8774 0.0132 0.4795
vn -0.9100 0.3154 -0.2691
vn 0.1938 0.0302 -0.9806
vn 0.3569 0.0005 0.9341
vn -0.3392 0.6249 0.7032
vn -0.3405 0.6217 0.7054
vn -0.3329 0.6405 0.6921
vn -0.8013 -0.5338 -0.2702
vn -0.7899 -0.5426 -0.2856
vn -0.7922 -0.5409 -0.2825
vn -0.9395 0.3321 0.0842
vn -0.5209 0.2211 0.8245
vn -0.5465 0.2301 0.8053
vn -0.5719 0.2390 0.7847
vn -0.9195 0.2145 -0.3293
vn 0.1013 -0.7287 -0.6773
vn 0.1929 -0.7599 -0.6208
vn 0.2609 0.0573 0.9637
vn 0.2249 0.5860 0.7784
vn 0.1474 0.8945 -0.4221
vn 0.1504 0.8578 -0.4915
vn 0.1501 0.8626 -0.4830
vn -0.2354 -0.7625 0.6027
vn -0.8037 -0.5318 -0.2668
vn -0.7297 0.2270 0.6450
vn 0.0442 0.0554 -0.9975
vn 0.0001 -1.0000 -0.0004
vn 0.0010 -1.0000 -0.0006
vn 0.6511 -0.3368 0.6802
vn -0.1824 -0.0245 0.9829
vn -0.0206 -0.0303 0.9993
vn 0.5615 0.4577 0.6894
vn -0.2903 -0.0087 0.9569
vn -0.3615 0.0360 0.9317
vn -0.1887 0.0642 0.9799
vn 0.1422 0.9896 0.0210
vn 0.3142 -0.2131 -0.9251
vn 0.7962 0.1848 0.5761
vn -0.1639 -0.9772 -0.1348
vn 0.7313 -0.1454 0.6664
vn -0.9465 0.0847 -0.3113
vn -0.4963 -0.0225 -0.8678
vn 0.1186 -0.6404 -0.7589
vn 0.1352 -0.5915 -0.7949
vn 0.5552 -0.5728 0.6031
vn -0.6109 0.7599 0.2221
vn 0.1812 0.0679 -0.9811
vn -0.0291 -0.9993 0.0220
vn 0.0514 -0.9885 0.1421
vn -0.6291 0.0064 -0.7773
vn 0.7213 -0.0163 0.6925
vn 0.9961 0.0021 -0.0881
vn -0.1820 0.8320 0.5240
vn 0.6823 0.3619 0.6352
vn 0.9979 -0.0648 -0.0036
vn 0.9733 -0.0199 0.2289
vn 0.9980 -0.0620 0.0115
vn 0.9484 -0.0025 0.3170
vn 0.7500 0.0070 -0.6614
vn 0.0108 -0.2072 0.9782
vn 0.3706 0.4941 -0.7865
vn 0.3694 0.4879 -0.7909
vn 0.3676 0.4787 -0.7973
vn -0.0636 -0.6665 0.7428
vn -0.0749 -0.6134 0.7862
vn -0.1412 -0.5993 0.7880
vn 0.9484 -0.0024 0.3170
vn 0.9466 -0.0014 0.3224
vn 0.9980 -0.0620 0.0116
vn 0.9199 -0.0198 0.3917
vn 0.8433 -0.5347 0.0538
vn -0.3856 0.0413 0.9218
vn -0.9444 0.1835 -0.2727
vn 0.7091 0.0147 0.7050
vn 0.7238 0.0422 0.6887
vn 0.7004 -0.0007 0.7137
vn -0.3044 -0.0059 0.9525
vn 0.0602 0.3116 0.9483
vn -0.1566 -0.0222 0.9874
vn -0.1825 -0.0245 0.9829
vn -0.3317 0.6432 0.6901
vn 0.3748 0.3984 -0.8371
vn 0.3643 0.4030 -0.8396
vn 0.2857 0.4351 -0.8538
vn -0.0002 -1.0000 0.0002
vn 0.6788 -0.0372 0.7334
vn -0.8583 0.2387 0.4543
vn -0.8454 0.2560 0.4687
vn -0.9565 0.1032 -0.2728
vn -0.9415 0.1804 -0.2846
vn -0.9590 0.0051 -0.2833
vn 0.2671 0.4421 -0.8563
vn -0.9156 0.3201 -0.2435
vn -0.8688 0.4725 -0.1477
vn -0.0536 -0.0342 0.9980
vn -0.0684 -0.0232 0.9974
vn -0.0758 -0.0373 0.9964
vn -0.0968 0.0285 0.9949
vn -0.5062 0.2159 0.8349
vn -0.3786 0.0142 0.9255
vn 0.5110 -0.6452 0.5679
vn 0.5157 -0.6576 0.5492
vn 0.5060 -0.6326 0.5863
vn -0.4591 0.0041 0.8884
vn 0.1470 0.8993 -0.4120
vn 0.1474 0.8945 -0.4220
vn -0.8330 0.2742 0.4805
vn -0.2199 -0.0272 0.9751
vn 0.9520 -0.0385 -0.3035
vn -0.3839 0.0180 0.9232
vn -0.3786 0.0143 0.9254
vn -0.9343 0.1607 -0.3181
vn 0.1776 -0.0018 -0.9841
vn 0.3656 0.4690 -0.8039
vn 0.0636 0.1856 -0.9806
vn 0.0978 0.1196 -0.9880
vn 0.0917 0.3117 -0.9458
vn 0.3188 -0.7581 0.5689
vn -0.3905 0.0027 0.9206
vn 0.5013 -0.6208 0.6027
vn 0.1780 -0.0070 -0.9840
vn -0.0401 -0.9905 -0.1315
vn 0.3598 0.1437 0.9219
vn 0.3434 0.0023 0.9392
vn 0.3625 0.0233 0.9317
vn -0.0684 -0.0231 0.9974
vn -0.0243 -0.0154 0.9996
vn -0.2865 -0.0114 0.9580
vn -0.2946 -0.0086 0.9556
vn -0.0101 -0.9998 0.0180
vn 0.0682 0.1481 -0.9866
vn 0.0979 0.1196 -0.9880
vn -0.1401 -0.0322 0.9896
vn -0.0218 -0.0032 0.9998
vn -0.4578 0.0123 0.8890
vn -0.6742 -0.0102 0.7385
vn -0.6069 0.0181 0.7946
vn -0.6286 -0.0006 0.7778
vn -0.9455 0.2033 -0.2545
vn -0.0402 -0.9905 -0.1315
vn -0.0288 -0.9898 -0.1394
vn -0.2044 0.2898 0.9350
vn -0.2316 0.3010 0.9251
vn -0.3725 0.3377 0.8644
vn 0.1014 0.7711 -0.6286
vn -0.7863 0.6090 0.1043
vn -0.7823 0.6155 0.0959
vn -0.7944 0.5950 0.1221
vn -0.7863 0.6090 0.1044
vn -0.7977 0.5889 0.1297
vn -0.5973 0.5106 0.6185
vn 0.3021 -0.8105 0.5019
vn 0.1400 -0.5144 0.8460
vn -0.0494 0.9986 -0.0186
vn -0.4074 -0.3536 -0.8420
vn -0.2978 -0.4378 -0.8483
vn -0.3105 -0.4287 -0.8484
vn -0.1417 -0.6726 0.7263
vn -0.6909 -0.0183 0.7227
vn -0.1138 -0.9043 0.4114
vn -0.1140 -0.8791 0.4628
vn -0.1141 -0.8753 0.4699
vn -0.6973 -0.5005 0.5132
vn -0.5965 0.6952 -0.4010
vn -0.8628 0.1588 0.4799
vn -0.8658 0.1408 0.4802
vn -0.4177 -0.3450 -0.8406
vn -0.9644 -0.0093 -0.2642
vn -0.0006 -1.0000 0.0002
vn 0.0278 0.2615 -0.9648
vn 0.4449 0.6362 0.6304
vn 0.6400 -0.5709 0.5143
vn 0.4343 -0.5519 0.7119
vn 0.0395 0.2404 -0.9699
vn 0.7671 -0.0322 0.6407
vn 0.7916 -0.0249 0.6105
vn 0.8000 -0.0236 0.5995
vn 0.2089 0.1048 -0.9723
vn 0.1666 -0.0313 -0.9855
vn -0.3577 0.1678 -0.9186
vn -0.2746 0.0483 -0.9603
vn -0.3686 0.0477 -0.9284
vn 0.3164 -0.0927 0.9441
vn 0.3428 -0.0472 0.9382
vn -0.0368 -0.0366 0.9987
vn -0.9375 0.1166 -0.3279
vn 0.0107 0.3399 -0.9404
vn 0.0049 -0.9999 0.0089
vn 0.0010 -0.9999 0.0113
vn 0.0006 -0.9999 0.0134
vn -0.7932 0.6084 -0.0260
vn -0.7846 0.6200 0.0029
vn -0.7720 0.6343 0.0411
vn -0.4100 0.3274 0.8513
vn 0.0688 0.9227 -0.3794
vn 0.1669 -0.0611 -0.9841
vn -0.0551 -0.8405 -0.5390
vn 0.0374 -0.3178 0.9474
vn 0.0209 -0.3771 0.9259
vn 0.0576 -0.2419 0.9686
vn 0.6321 -0.7368 0.2401
vn 0.6566 -0.7333 0.1764
vn 0.6066 -0.7369 0.2985
vn -0.7545 0.6504 0.0879
vn -0.7021 0.0192 0.7118
vn -0.1136 -0.9113 0.3958
vn 0.9219 -0.0163 0.3871
vn 0.9317 -0.0042 0.3633
vn 0.9285 -0.0082 0.3713
vn -0.0205 -0.9996 -0.0178
vn -0.2961 0.0152 0.9550
vn -0.3148 0.0360 0.9485
vn -0.2724 0.0379 0.9614
vn 0.0228 -0.9857 0.1671
vn -0.9610 0.0497 0.2721
vn -0.9376 0.0789 0.3385
vn -0.9798 0.0182 0.1994
vn -0.6369 0.7662 0.0855
vn 0.3070 0.0623 0.9497
vn 0.2855 0.0631 0.9563
vn 0.3053 0.0624 0.9502
vn 0.0625 -0.2232 0.9728
vn -0.0932 -0.7542 0.6500
vn -0.5862 0.1069 0.8031
vn -0.5672 0.1921 0.8008
vn -0.5914 0.0558 0.8045
vn -0.9483 0.2371 -0.2111
vn -0.2333 -0.3745 -0.8974
vn -0.3566 -0.0055 0.9342
vn -0.9410 0.0769 -0.3297
vn -0.5048 0.0447 -0.8621
vn -0.0016 -1.0000 0.0004
vn -0.0403 -0.0356 0.9986
vn 0.3595 0.7798 0.5125
vn 0.3052 0.0624 0.9502
vn 0.2812 0.0632 0.9576
vn -0.2513 0.1419 0.9575
vn -0.6966 -0.6851 -0.2130
vn -0.6976 -0.6841 -0.2130
vn -0.6829 -0.6988 -0.2130
vn -0.3148 0.0361 0.9485
vn -0.3744 0.0506 0.9259
vn -0.9565 0.1186 -0.2667
vn -0.9647 0.0365 -0.2608
vn -0.9456 0.1239 -0.3008
vn -0.3832 0.1049 -0.9177
vn -0.9907 0.0249 0.1335
vn 0.9168 -0.0222 0.3987
vn -0.6817 -0.6999 -0.2130
vn -0.9228 0.1532 -0.3534
vn 0.6590 -0.7328 0.1697
vn -0.6580 0.0096 0.7529
vn -0.9572 0.1351 -0.2560
vn -0.3942 -0.5906 -0.7041
vn -0.4001 -0.5882 -0.7028
vn -0.3925 -0.5886 -0.7068
vn -0.2945 0.1456 0.9445
vn 0.1525 0.9518 -0.2660
vn -0.9376 0.0789 0.3386
vn -0.9033 0.1125 0.4140
vn -0.9945 -0.0497 0.0924
vn -0.4932 -0.0038 -0.8699
vn -0.4942 0.0015 -0.8693
vn -0.4959 -0.0028 -0.8684
vn -0.3901 0.3245 -0.8617
vn -0.0331 -0.9714 0.2352
vn -0.4265 0.3077 0.8505
vn -0.1254 -0.9247 0.3594
vn -0.5022 -0.0035 0.8647
vn -0.1728 -0.1976 0.9649
vn -0.9270 0.2330 -0.2940
vn -0.5233 0.1394 -0.8406
vn -0.4945 0.0690 -0.8664
vn -0.1100 -0.9729 -0.2033
vn -0.0043 -0.9993 0.0378
vn -0.8423 0.1549 0.5163
vn -0.6442 -0.7502 -0.1493
vn -0.3866 0.3523 -0.8523
vn -0.4439 0.2657 -0.8558
vn -0.1902 -0.0355 0.9811
vn 0.0207 -0.1202 0.9925
vn -0.0393 -0.0597 0.9974
vn -0.3158 0.0166 0.9487
vn -0.5016 -0.0064 0.8651
vn -0.3080 -0.0251 0.9511
vn 0.6709 -0.4176 0.6128
vn -0.4912 0.0237 -0.8707
vn 0.2801 0.3960 0.8745
vn -0.8501 0.0356 0.5254
vn -0.9565 0.1069 -0.2715
vn -0.9406 0.2179 -0.2602
vn -0.0011 -1.0000 0.0004
vn -0.0009 -1.0000 0.0001
vn -0.4159 -0.2274 0.8805
vn -0.3585 0.5276 0.7702
vn -0.4875 0.0441 0.8720
vn -0.3152 -0.0055 0.9490
vn -0.9295 0.0672 -0.3628
vn 0.1899 -0.1037 -0.9763
vn 0.1352 -0.0446 -0.9898
vn 0.0931 -0.0090 -0.9956
vn 0.2053 0.0541 0.9772
vn -0.2139 -0.6368 0.7408
vn -0.9983 0.0101 -0.0579
vn -0.9984 0.0106 -0.0550
vn -0.9979 0.0099 -0.0646
vn -0.4671 0.0117 0.8841
vn -0.4203 0.0405 0.9065
vn -0.4329 0.0330 0.9008
vn -0.9545 -0.0286 -0.2969
vn -0.4853 -0.0121 -0.8743
vn -0.0117 -0.9914 0.1305
vn -0.0114 -0.9911 0.1323
vn -0.0196 -0.9920 0.1246
vn -0.1148 0.9487 0.2946
vn -0.1251 0.9433 0.3075
vn -0.0868 0.9567 0.2777
vn -0.0863 0.9442 0.3179
vn 0.0930 -0.0090 -0.9956
vn 0.1351 -0.0446 -0.9898
vn 0.0290 0.0047 -0.9996
vn -0.4949 -0.0081 -0.8689
vn -0.0820 -0.9950 -0.0568
vn -0.1062 -0.9864 -0.1251
vn -0.4263 0.4987 -0.7547
vn -0.4929 -0.0072 -0.8701
vn -0.5135 0.0140 -0.8580
vn -0.4839 -0.0601 -0.8730
vn -0.4784 -0.0802 -0.8745
vn -0.0620 0.0778 0.9950
vn -0.9179 -0.3383 0.2076
vn 0.0656 0.8584 -0.5088
vn -0.3378 -0.0052 0.9412
vn 0.0550 -0.9849 0.1641
vn -0.8283 -0.1934 -0.5259
vn -0.8282 -0.1950 -0.5254
vn -0.8280 -0.1987 -0.5243
vn -0.2803 0.1534 0.9476
vn -0.5015 -0.0062 -0.8652
vn -0.8280 -0.1989 -0.5242
vn -0.8280 -0.1994 -0.5240
vn -0.0085 -1.0000 -0.0023
vn -0.2404 0.1959 0.9507
vn -0.2917 -0.1191 0.9491
vn -0.2874 -0.1236 0.9498
vn -0.2883 -0.1218 0.9498
vn 0.3216 -0.1773 0.9301
vn -0.8748 0.0341 0.4832
vn -0.9609 0.0052 -0.2770
vn -0.8654 0.0274 -0.5003
vn -0.4073 -0.5848 -0.7015
vn 0.0297 -0.7920 0.6098
vn -0.0468 -0.0072 0.9989
vn -0.0651 -0.0168 0.9977
vn -0.7752 -0.4344 0.4587
vn -0.2557 -0.8640 -0.4337
vn -0.2494 -0.8889 -0.3842
vn -0.2504 -0.8859 -0.3905
vn -0.6301 0.1628 0.7593
vn -0.6506 0.0471 0.7580
vn -0.0301 0.6876 0.7255
vn -0.0191 0.7085 0.7055
vn -0.0797 0.5846 0.8074
vn -0.8393 -0.1391 -0.5255
vn 0.1030 -0.9909 -0.0868
vn -0.6936 0.1680 -0.7005
vn -0.6957 0.1484 -0.7028
vn -0.6932 0.1716 -0.7000
vn 0.8764 -0.0078 0.4816
vn -0.5662 0.8239 0.0237
vn -0.4008 0.8227 0.4032
vn -0.3686 0.8580 0.3577
vn -0.3195 0.9023 0.2896
vn -0.0225 -0.9986 0.0483
vn -0.3630 -0.9288 0.0745
vn -0.5399 -0.8383 0.0764
vn -0.4471 -0.8913 0.0757
vn -0.5143 0.0184 -0.8574
vn -0.3226 0.0029 0.9465
vn -0.2843 -0.9452 0.1605
vn -0.1929 -0.9656 0.1741
vn -0.2605 -0.9514 0.1643
vn -0.0705 0.8729 0.4827
vn -0.3416 -0.9276 0.1510
vn 0.0439 -0.0015 -0.9990
vn 0.8764 -0.0078 0.4815
vn 0.8808 -0.0066 0.4734
vn -0.9941 0.0769 0.0759
vn -0.3685 0.8580 0.3577
vn -0.2694 0.9373 0.2213
vn -0.3195 0.9023 0.2895
vn -0.9600 0.0103 -0.2797
vn -0.3239 0.7628 -0.5597
vn -0.4171 -0.5775 -0.7018
vn -0.5491 0.2262 -0.8045
vn -0.8474 0.2473 0.4698
vn -0.2638 0.9419 0.2081
vn -0.1075 0.5201 0.8473
vn -0.5794 0.0105 0.8150
vn -0.5862 0.1068 0.8031
vn -0.5914 0.0557 0.8045
vn -0.4973 -0.0063 -0.8675
vn -0.0968 -0.9917 -0.0840
vn -0.3663 0.9074 -0.2058
vn -0.8578 -0.0726 0.5089
vn -0.8174 -0.2129 0.5352
vn -0.8445 -0.1165 0.5227
vn -0.2158 -0.9596 0.1805
vn 0.0111 0.5249 0.8511
vn -0.0920 0.5616 0.8222
vn 0.0244 0.5196 0.8540
vn -0.4470 -0.8913 0.0758
vn -0.3227 -0.9436 0.0737
vn -0.3629 -0.9288 0.0745
vn -0.5040 -0.0021 -0.8637
vn -0.0053 0.9994 0.0329
vn -0.0024 0.9993 0.0386
vn -0.0766 0.9908 -0.1117
vn -0.5859 0.0032 0.8104
vn -0.5499 0.7587 0.3494
vn -0.4420 0.8943 0.0702
vn -0.1639 -0.9830 -0.0823
vn -0.7576 0.5038 0.4151
vn -0.4839 -0.0600 -0.8730
vn -0.2400 -0.5611 0.7922
vn -0.4607 -0.0022 0.8875
vn -0.4786 -0.0089 0.8780
vn -0.5142 -0.0183 0.8575
vn -0.5261 -0.0189 0.8502
vn -0.5968 -0.0196 0.8022
vn -0.6574 -0.0253 0.7531
vn -0.4594 -0.8566 0.2349
vn -0.5047 -0.0133 -0.8632
vn -0.8951 -0.0433 -0.4437
vn -0.8883 -0.0127 -0.4591
vn -0.8922 -0.0295 -0.4507
vn -0.4160 -0.9093 0.0076
vn -0.9746 0.2231 -0.0186
vn -0.9794 0.2017 -0.0131
vn -0.9980 0.0583 0.0231
vn -0.9992 0.0262 0.0311
vn 0.0245 0.5196 0.8540
vn 0.1365 0.4710 0.8715
vn -0.8746 0.0127 0.4846
vn -0.0216 -0.9933 0.1139
vn -0.9869 0.0095 -0.1612
vn 0.1521 0.5351 0.8310
vn 0.1186 0.4109 0.9039
vn -0.9458 0.0050 -0.3247
vn -0.9440 -0.0030 -0.3298
vn -0.9493 0.0033 -0.3144
vn -0.9008 -0.0734 -0.4280
vn -0.9704 -0.0428 0.2378
vn -0.9038 -0.2202 -0.3669
vn -0.2671 0.9569 0.1143
vn -0.2784 0.9511 0.1337
vn -0.2527 0.9634 0.0899
vn -0.3460 -0.9379 -0.0250
vn -0.3198 -0.7752 -0.5448
vn -0.3190 -0.7824 -0.5348
vn -0.3193 -0.7803 -0.5378
vn -0.3379 -0.0052 0.9412
vn -0.4608 -0.0022 0.8875
vn -0.5606 -0.0064 0.8280
vn -0.9802 0.0009 -0.1981
vn -0.5881 -0.0145 0.8087
vn -0.5192 -0.0319 -0.8541
vn -0.6894 0.2008 -0.6960
vn -0.4106 -0.0782 0.9084
vn -0.0758 0.9265 0.3685
vn -0.0732 0.9111 0.4056
vn -0.8396 -0.0232 0.5428
vn -0.8325 0.0086 0.5540
vn -0.7065 -0.0224 0.7073
vn -0.3201 -0.7726 -0.5483
vn -0.1232 0.9919 -0.0297
vn -0.2671 0.9569 0.1144
vn -0.2915 0.9437 0.1564
vn -0.9871 -0.0209 -0.1589
vn -0.9895 -0.0155 -0.1434
vn -0.9855 -0.0227 -0.1680
vn 0.2855 -0.9525 0.1056
vn 0.4936 -0.2866 -0.8211
vn 0.3945 -0.2087 0.8949
vn -0.8571 0.3483 -0.3797
vn -0.8548 0.3554 -0.3782
vn -0.8548 0.3562 -0.3775
vn 0.4413 -0.2408 -0.8645
vn -0.6728 0.0214 0.7395
vn -0.8201 -0.0641 0.5686
vn -0.8621 -0.0546 0.5038
vn -0.8766 -0.0510 0.4785
vn -0.4330 0.0330 0.9008
vn -0.4577 0.0015 0.8891
vn -0.2355 -0.2263 0.9452
vn -0.2321 -0.2599 0.9373
vn -0.2385 -0.1760 0.9551
vn -0.6596 0.3373 -0.6717
vn 0.7055 0.1429 0.6942
vn -0.8570 0.3552 -0.3734
vn -0.4552 0.0012 0.8904
vn -0.4102 0.2400 -0.8798
vn -0.3914 0.2291 -0.8912
vn -0.3343 0.1024 0.9369
vn -0.7653 -0.0878 0.6376
vn 0.8069 0.0113 -0.5906
vn -0.9149 -0.1935 0.3543
vn -0.6286 -0.3501 0.6944
vn -0.2723 -0.9538 -0.1268
vn -0.8797 0.0119 0.4754
vn -0.8593 0.3512 -0.3717
vn 0.7524 -0.0891 -0.6527
vn -0.1998 0.9368 0.2872
vn -0.4644 -0.0135 0.8855
vn -0.8450 -0.0366 0.5336
vn -0.9450 -0.0095 -0.3269
vn -0.9458 0.0051 -0.3247
vn 0.3292 0.0685 -0.9418
vn -0.9217 -0.3854 0.0432
vn 0.7923 0.2248 0.5672
vn -0.9997 0.0129 -0.0220
vn -0.9937 -0.0957 0.0589
vn -1.0000 -0.0055 -0.0030
vn -0.8757 0.0861 0.4751
vn 0.5059 0.5818 0.6369
vn 0.5094 0.5927 0.6238
vn 0.5112 0.5983 0.6170
vn 0.7174 0.5482 0.4299
vn -0.7848 -0.0710 0.6156
vn -0.8714 -0.0266 0.4899
vn -0.8301 -0.0086 0.5576
vn -0.7642 0.0162 0.6448
vn -0.9612 0.0020 -0.2760
vn -0.2209 -0.2400 0.9453
vn -0.9940 0.0855 -0.0688
vn -0.1950 -0.1498 0.9693
vn -0.5837 0.7939 -0.1704
vn -0.5809 0.7969 -0.1659
vn -0.5521 0.8167 -0.1678
vn -0.9618 0.0235 -0.2729
vn -0.9883 0.1076 -0.1080
vn -0.9844 0.0880 -0.1523
vn -0.8133 0.1659 0.5577
vn -0.7817 0.1596 0.6029
vn -0.7879 0.1590 0.5950
vn -0.5785 0.1865 0.7941
vn -0.0336 -0.9971 0.0678
vn 0.5143 0.6084 0.6044
vn -0.5740 0.0124 0.8188
vn -0.8764 0.0213 0.4811
vn -0.9404 0.0010 -0.3402
vn 0.7427 -0.6087 0.2790
vn 0.7522 -0.5854 0.3024
vn 0.6947 -0.6671 0.2689
vn -0.1312 -0.9902 -0.0478
vn -0.3914 -0.0801 0.9167
vn -0.7641 0.0162 0.6448
vn -0.7440 0.0232 0.6678
vn 0.0457 -0.0018 -0.9990
vn -0.1152 0.9749 -0.1905
vn -0.7879 0.1591 0.5949
vn -0.8213 0.1731 0.5437
vn -0.0509 -0.9936 0.1013
vn -0.0356 -0.9982 0.0491
vn -0.8662 -0.0136 0.4995
vn -0.6415 0.6214 0.4498
vn -0.2430 -0.8707 -0.4275
vn -0.4824 -0.8009 -0.3547
vn -0.1760 -0.7015 0.6906
vn -0.0242 -0.9469 0.3207
vn -0.8336 0.0302 0.5515
vn -0.9393 -0.0270 -0.3420
vn -0.9458 0.0051 -0.3248
vn -0.5013 -0.0856 0.8610
vn -0.4570 0.0218 0.8892
vn -0.4856 -0.0274 0.8738
vn -0.7908 0.4872 -0.3704
vn -0.7996 0.4596 -0.3865
vn -0.7774 0.5242 -0.3476
vn -0.8833 0.1208 0.4530
vn -0.3006 -0.5262 0.7954
vn -0.8714 -0.0839 -0.4834
vn -0.2360 -0.9136 0.3311
vn 0.2133 -0.9702 0.1152
vn 0.0110 0.0320 -0.9994
vn -0.3106 -0.0634 0.9484
vn -0.9573 0.0036 -0.2890
vn -0.2546 -0.1060 -0.9612
vn -0.5323 -0.0267 -0.8461
vn 0.3974 0.0382 -0.9169
vn -0.7733 0.5344 -0.3411
vn 0.6762 -0.6950 0.2445
vn -0.9869 0.0107 -0.1612
vn -0.8694 0.1839 0.4587
vn -0.7940 -0.0112 0.6078
vn -0.1904 0.9637 0.1869
vn -0.4747 0.7506 0.4596
vn -0.9389 -0.0454 -0.3411
vn -0.1397 -0.9878 -0.0688
vn -0.9919 0.1068 -0.0684
vn -0.4661 -0.0646 0.8824
vn -0.4779 -0.0182 0.8782
vn -0.4752 -0.0156 0.8797
vn -0.9575 0.0075 -0.2883
vn -0.6995 0.6918 -0.1792
vn -0.5838 0.7939 -0.1704
vn -0.2414 -0.8719 -0.4262
vn 0.4367 -0.2590 -0.8615
vn 0.3686 0.1753 0.9129
vn -0.5607 -0.8190 0.1219
vn 0.4367 -0.2591 -0.8615
vn 0.8658 -0.2808 -0.4142
vn 0.4850 -0.1978 -0.8519
vn -0.5820 0.5820 0.5679
vn -0.4574 -0.0262 0.8889
vn -0.4737 -0.0137 0.8806
vn -0.1841 -0.9776 0.1016
vn -0.5013 -0.0857 0.8610
vn -0.5388 -0.2227 0.8125
vn -0.5405 -0.2336 0.8083
vn -0.5388 -0.2226 0.8125
vn 0.2155 0.9762 -0.0234
vn -0.8331 0.0778 0.5475
vn 0.4428 -0.5068 -0.7397
vn -0.7226 0.6670 -0.1816
vn -0.8774 0.1808 0.4444
vn -0.2398 -0.1854 0.9530
vn -0.0125 -0.9996 0.0267
vn -0.5293 0.3643 0.7662
vn -0.5062 0.4224 0.7519
vn -0.5720 0.2336 0.7863
vn -0.9432 -0.0545 -0.3276
vn -0.1008 0.6151 -0.7820
vn -0.8651 0.2350 0.4431
vn -0.7442 -0.6546 -0.1330
vn -0.7854 -0.6149 -0.0711
vn -0.7653 -0.6355 -0.1025
vn -0.4810 -0.0072 0.8767
vn -0.8776 0.0239 0.4788
vn -0.2027 -0.2156 0.9552
vn -0.7246 -0.6705 -0.1596
vn 0.9309 0.1553 -0.3305
vn -0.8684 -0.4217 0.2608
vn -0.4766 0.0009 0.8791
vn -0.8830 0.3067 0.3553
vn 0.6714 0.5392 -0.5084
vn 0.6594 0.5495 -0.5130
vn 0.6614 0.5478 -0.5123
vn 0.6494 0.5579 -0.5168
vn -0.3376 0.3005 -0.8921
vn -0.3168 -0.4887 0.8129
vn -0.8652 0.0200 0.5010
vn -0.8396 -0.0231 0.5427
vn -0.8644 -0.0513 0.5001
vn 0.9430 0.1942 -0.2704
vn -0.8153 0.5268 0.2405
vn -0.5674 -0.4658 0.6790
vn -0.7096 -0.7029 0.0480
vn -0.5749 0.0090 -0.8182
vn -0.9269 0.0730 -0.3682
vn -0.9342 -0.1183 -0.3367
vn 0.5812 -0.7806 0.2298
vn -0.0987 -0.9947 0.0290
vn -0.0124 -0.9996 0.0266
vn -0.3556 0.6221 0.6976
vn 0.0725 -0.1965 0.9778
vn -0.3680 0.9297 -0.0154
vn -0.5156 -0.8359 -0.1883
vn -0.4767 -0.8583 -0.1898
vn -0.6461 -0.7425 -0.1767
vn -0.9588 0.0017 -0.2841
vn -0.9552 0.0245 -0.2949
vn -0.5606 -0.8135 -0.1549
vn -0.5468 -0.8302 -0.1081
vn -0.5977 -0.7841 -0.1674
vn -0.2943 -0.8669 0.4023
vn -0.3534 -0.0382 0.9347
vn -0.1643 -0.9089 0.3833
vn 0.3707 -0.5971 0.7113
vn -0.8230 0.0380 0.5667
vn -0.8712 0.0133 0.4908
vn -0.8230 0.0380 0.5668
vn 0.5860 -0.7808 0.2167
vn 0.5006 -0.8343 0.2311
vn 0.9252 -0.2757 0.2606
vn -0.8791 0.0056 0.4766
vn 0.0860 -0.9962 -0.0103
vn -0.5294 0.3642 0.7662
vn -0.5720 0.2335 0.7863
vn -0.5821 0.1953 0.7893
vn -0.8648 -0.0319 0.5012
vn -0.8789 0.1367 0.4570
vn -0.2470 -0.9618 -0.1184
vn -0.0947 -0.9953 -0.0186
vn -0.1422 -0.9886 -0.0495
vn -0.8598 0.3607 -0.3613
vn -0.3865 0.0080 0.9223
vn 0.1293 0.9913 -0.0253
vn -0.8998 0.2901 -0.3260
vn 0.2382 -0.9706 0.0339
vn 0.1275 -0.9917 -0.0182
vn -0.2771 -0.9508 -0.1383
vn -0.2470 -0.9617 -0.1185
vn -0.6634 -0.7286 -0.1705
vn -0.9448 -0.1340 -0.2990
vn -0.4773 -0.0075 0.8787
vn -0.4411 -0.0509 0.8960
vn -0.4884 -0.0180 0.8725
vn -0.4211 0.8942 -0.1518
vn -0.4093 0.9022 -0.1359
vn -0.3964 0.9104 -0.1186
vn -0.3330 -0.0743 0.9400
vn 0.1606 -0.6882 -0.7075
vn -0.8288 0.4936 -0.2635
vn -0.8204 -0.5692 -0.0550
vn -0.7985 -0.5992 -0.0577
vn -0.9081 -0.4168 -0.0411
vn -0.7295 -0.0042 0.6840
vn -0.9417 -0.1412 -0.3052
vn -0.3949 0.0289 0.9183
vn -0.1180 0.9830 0.1408
vn -0.1406 0.9819 0.1270
vn -0.1337 0.9823 0.1313
vn -0.9631 0.0202 -0.2683
vn -0.3470 -0.0458 0.9367
vn -0.6363 -0.7577 -0.1449
vn -0.6510 -0.6633 0.3692
vn -0.7981 -0.0546 0.6000
vn -0.4050 -0.1071 0.9080
vn -0.4421 -0.0348 0.8963
vn -0.6619 -0.7309 -0.1661
vn -0.8741 0.1854 0.4489
vn -0.8204 -0.5691 -0.0550
vn -0.9081 -0.4167 -0.0411
vn -0.9134 -0.4050 -0.0400
vn -0.8711 -0.0268 0.4903
vn 0.3851 -0.1764 -0.9059
vn -0.9417 -0.1412 -0.3053
vn -0.9587 0.0014 -0.2845
vn -0.9265 0.1442 -0.3477
vn -0.2969 -0.1491 0.9432
vn -0.1766 -0.9816 0.0720
vn -0.9705 -0.0124 -0.2408
vn -0.9734 -0.0175 -0.2284
vn -0.9645 0.0252 -0.2630
vn -0.0925 -0.9945 0.0484
vn -0.8776 -0.0002 0.4795
vn 0.5962 0.7715 0.2222
vn -0.4313 0.8868 -0.1659
vn -0.9655 0.0151 -0.2600
vn -0.2906 0.7456 0.5997
vn -0.9580 -0.0178 -0.2861
vn -0.9663 -0.0214 -0.2566
vn -0.9567 -0.0281 -0.2897
vn -0.3891 0.0407 0.9203
vn -0.0014 0.1166 -0.9932
vn 0.5963 0.7714 0.2223
vn -0.4356 0.8654 0.2475
vn -0.5479 -0.0048 -0.8366
vn -0.5564 -0.0477 -0.8296
vn -0.5442 0.0123 -0.8389
vn -0.5365 -0.7729 0.3388
vn -0.4537 -0.8886 -0.0679
vn -0.8640 -0.0199 0.5032
vn -0.8696 -0.0120 0.4936
vn -0.8769 -0.0047 0.4806
vn -0.1565 0.9807 0.1173
vn -0.3447 -0.0416 0.9378
vn -0.8706 -0.0398 0.4904
vn -0.8936 -0.0692 0.4436
vn -0.8702 -0.0288 0.4919
vn -0.8735 -0.0117 0.4868
vn -0.4984 -0.8055 0.3207
vn -0.5218 -0.7768 0.3525
vn -0.9637 -0.0005 -0.2669
vn -0.9108 0.1902 -0.3664
vn -0.9697 -0.0151 -0.2437
vn -0.4103 -0.4202 0.8094
vn -0.8577 -0.0267 0.5134
vn -0.8639 -0.0199 0.5032
vn -0.8554 -0.0334 0.5169
vn -0.5443 0.0123 -0.8388
vn -0.5349 0.0523 -0.8433
vn -0.3792 0.0423 0.9243
vn -0.3814 0.0383 0.9236
vn 0.7317 0.5732 -0.3689
vn 0.7924 0.5258 -0.3092
vn 0.8371 0.4801 -0.2623
vn 0.7924 0.5259 -0.3093
vn 0.7180 0.5594 -0.4142
vn -0.9667 -0.0387 -0.2531
vn -0.8479 0.2269 0.4791
vn -0.8460 0.2329 0.4796
vn -0.8698 0.1839 0.4578
vn -0.9741 0.0412 -0.2222
vn -0.9707 0.0086 -0.2401
vn 0.9611 0.1604 -0.2247
vn -0.4465 -0.8554 0.2625
vn 0.5421 0.2026 0.8155
vn 0.9970 0.0604 0.0486
vn 0.9956 0.0818 0.0446
vn 0.9983 0.0104 0.0572
vn -0.6225 -0.7773 -0.0911
vn -0.5595 -0.8256 -0.0739
vn -0.7364 -0.4803 0.4765
vn -0.7195 -0.4565 0.5233
vn -0.7326 -0.4819 0.4807
vn -0.3829 0.8990 0.2128
vn -0.3784 0.9034 0.2015
vn -0.3915 0.8895 0.2356
vn -0.9706 -0.0413 -0.2373
vn -0.9655 -0.0687 -0.2512
vn -0.8751 0.0044 0.4839
vn -0.9040 -0.1162 0.4114
vn 0.9793 0.1960 0.0500
vn 0.7203 0.5545 -0.4168
vn -0.8280 -0.5449 -0.1322
vn -0.8498 -0.5143 -0.1156
vn -0.8116 -0.5662 -0.1440
vn -0.7477 -0.5073 0.4286
vn -0.8795 0.2281 0.4177
vn -0.9368 -0.2019 -0.2856
vn -0.9661 -0.0577 -0.2515
vn -0.9655 -0.0688 -0.2512
vn 0.9759 0.2119 0.0529
vn 0.7256 0.5535 -0.4088
vn 0.5093 -0.0257 0.8602
vn 0.5088 -0.0242 0.8606
vn 0.5110 -0.0163 0.8594
vn -0.5841 -0.7235 0.3681
vn -0.3784 0.9034 0.2014
vn -0.3698 0.9116 0.1795
vn -0.8821 0.2490 0.3998
vn -0.7942 -0.5873 -0.1558
vn -0.7455 -0.4887 0.4532
vn 0.9494 0.3052 0.0745
vn 0.4800 0.0367 0.8765
vn 0.4856 0.1026 0.8682
vn 0.4861 -0.0166 0.8737
vn -0.0736 0.8257 0.5594
vn -0.9705 -0.0060 -0.2410
vn 0.0309 0.6576 0.7528
vn -0.5603 -0.7485 0.3547
vn 0.6252 0.1541 -0.7651
vn 0.6063 -0.1295 0.7846
vn 0.7303 -0.3200 0.6035
vn 0.7190 -0.3791 0.5825
vn -0.9557 0.0054 0.2943
vn -0.9839 0.0011 0.1790
vn -0.9621 0.0216 0.2719
vn -0.5077 0.0081 -0.8615
vn -0.4787 -0.0356 -0.8772
vn -0.5078 -0.0369 -0.8607
vn 0.7403 -0.2637 0.6184
vn 0.7500 -0.2008 0.6302
vn 0.7133 -0.2435 0.6572
vn -0.9839 0.0011 0.1789
vn -0.9876 0.0384 0.1524
vn -0.0013 0.2701 0.9628
vn -0.0161 0.3257 0.9453
vn 0.0283 0.1559 0.9874
vn 0.5469 -0.0615 0.8349
vn -0.3446 0.3045 0.8880
vn -0.3440 0.3042 0.8883
vn -0.3503 0.3074 0.8847
vn -0.5616 0.8023 -0.2022
vn 0.5339 -0.1083 0.8386
vn -0.0881 -0.9688 0.2318
vn 0.7237 -0.0820 0.6852
vn -0.6990 0.5223 -0.4885
vn 0.0422 0.1006 0.9940
vn -0.9885 -0.0594 0.1389
vn 0.8908 -0.0597 -0.4505
vn -0.5418 -0.0199 -0.8403
vn -0.8342 -0.5373 0.1243
vn -0.8354 -0.5371 0.1168
vn -0.8293 -0.5378 0.1519
vn -0.2260 0.2536 0.9405
vn -0.2297 0.2785 0.9326
vn -0.2279 0.2662 0.9366
vn -0.9889 -0.0604 0.1355
vn -0.8287 -0.5378 0.1551
vn -0.7213 0.3903 0.5722
vn -0.5831 -0.0185 -0.8122
vn -0.7972 0.3736 0.4743
vn -0.8050 0.3841 0.4521
vn -0.7785 0.3581 0.5155
vn -0.7772 0.3456 0.5258
vn 0.5164 -0.0470 0.8551
vn -0.3739 -0.1206 -0.9196
vn -0.4057 -0.1184 -0.9063
vn 0.1380 -0.9807 -0.1388
vn 0.1245 -0.9860 -0.1110
vn 0.1053 -0.9918 -0.0722
vn 0.1604 -0.9696 -0.1848
vn 0.1245 -0.9860 -0.1111
vn 0.6195 -0.2049 0.7578
vn -0.4881 -0.0487 -0.8714
vn 0.9221 -0.3829 -0.0553
vn -0.2543 -0.1913 -0.9480
vn -0.2954 -0.1833 -0.9376
vn -0.9240 0.2441 -0.2944
vn -0.9418 0.2652 -0.2066
vn -0.9413 0.2634 -0.2110
vn 0.5119 -0.0456 0.8578
vn -0.3509 0.3077 0.8844
vn 0.7349 -0.2643 0.6245
vn 0.5916 -0.7355 -0.3303
vn 0.5437 -0.7626 -0.3506
vn 0.6823 -0.6439 -0.3463
vn -0.2315 0.2907 0.9284
vn 0.1461 0.2681 0.9523
vn 0.5033 -0.1119 0.8568
vn 0.5030 -0.1111 0.8571
vn -0.7300 0.4478 0.5163
vn -0.8348 0.1398 -0.5325
vn -0.8347 0.1400 -0.5327
vn -0.8229 0.1225 -0.5548
vn 0.3437 0.5779 0.7402
vn 0.3462 0.5746 0.7417
vn 0.3459 0.5749 0.7415
vn -0.4690 -0.0772 -0.8798
vn 0.6830 -0.6486 -0.3358
vn 0.6693 -0.2771 0.6894
vn 0.4945 -0.1407 0.8577
vn 0.3459 0.5750 0.7415
vn 0.3430 0.5788 0.7398
vn 0.3438 0.5779 0.7402
vn -0.4588 -0.0016 -0.8885
vn -0.3903 -0.1333 -0.9110
vn -0.3298 -0.1645 -0.9296
vn -0.9240 0.2441 -0.2945
vn -0.9413 0.2634 -0.2111
vn -0.9209 0.2482 -0.3007
vn -0.5790 0.0230 -0.8150
vn 0.5575 -0.2339 0.7965
vn 0.7386 -0.5693 -0.3611
vn 0.4847 -0.1343 0.8643
vn 0.5575 -0.2339 0.7966
vn -0.6526 0.0439 -0.7564
vn -0.7466 0.4223 0.5140
vn 0.7153 -0.5929 -0.3699
vn -0.4601 -0.1569 -0.8739
vn -0.0015 -1.0000 -0.0013
vn -0.0367 -0.9993 0.0006
vn -0.0638 -0.9980 0.0020
vn -0.7744 0.3573 0.5222
vn -0.6453 -0.3786 0.6635
vn -0.6047 -0.0064 -0.7964
vn -0.8226 -0.2139 0.5269
vn -0.8153 -0.1932 0.5459
vn -0.8263 -0.2251 0.5163
vn -0.7744 0.3609 0.5197
vn -0.0882 -0.9961 0.0033
vn -0.3096 -0.9326 0.1854
vn -0.4369 -0.2463 -0.8652
vn -0.6087 -0.2085 -0.7655
vn -0.9137 0.2631 -0.3096
vn -0.6754 -0.0591 -0.7351
vn -0.7371 -0.0525 -0.6737
vn -0.6691 -0.0843 -0.7384
vn -0.8356 -0.2563 0.4859
vt 0.178706 0.926150
vt 0.171540 0.917582
vt 0.193092 0.922189
vt 0.148719 0.901919
vt 0.165025 0.899526
vt 0.140995 0.966478
vt 0.166189 0.972971
vt 0.177151 0.987493
vt 0.149464 0.915499
vt 0.137607 0.896933
vt 0.389353 0.991785
vt 0.355090 0.989129
vt 0.371944 0.978759
vt 0.109229 0.909277
vt 0.146876 0.919209
vt 0.091030 0.883996
vt 0.121011 0.887953
vt 0.348622 0.972090
vt 0.075566 0.893807
vt 0.128651 0.882185
vt 0.159144 0.980598
vt 0.088668 0.872033
vt 0.386720 0.948340
vt 0.381697 0.864651
vt 0.382958 0.853016
vt 0.390795 0.868059
vt 0.112618 0.733843
vt 0.120485 0.709280
vt 0.126174 0.719390
vt 0.120025 0.747572
vt 0.112773 0.761148
vt 0.112874 0.760420
vt 0.112161 0.760809
vt 0.112643 0.760785
vt 0.367819 0.807968
vt 0.377483 0.795700
vt 0.374506 0.806427
vt 0.244203 0.814301
vt 0.185883 0.805114
vt 0.245504 0.794346
vt 0.273674 0.814382
vt 0.276025 0.778078
vt 0.280645 0.818209
vt 0.308596 0.803255
vt 0.251556 0.770171
vt 0.293009 0.771937
vt 0.246181 0.769436
vt 0.232353 0.828756
vt 0.762126 0.342749
vt 0.761238 0.349236
vt 0.743820 0.359002
vt 0.745685 0.347632
vt 0.272419 0.761991
vt 0.270124 0.765910
vt 0.737785 0.356712
vt 0.735954 0.363294
vt 0.756698 0.357376
vt 0.325065 0.784939
vt 0.768074 0.359663
vt 0.713923 0.357763
vt 0.725144 0.361952
vt 0.143488 0.804529
vt 0.760986 0.369497
vt 0.283609 0.757095
vt 0.255572 0.755180
vt 0.710998 0.328972
vt 0.251545 0.760593
vt 0.243693 0.760978
vt 0.186921 0.761455
vt 0.722996 0.366245
vt 0.336269 0.768550
vt 0.240657 0.749536
vt 0.285806 0.751195
vt 0.151342 0.757257
vt 0.735267 0.373799
vt 0.761446 0.379675
vt 0.751978 0.373058
vt 0.247412 0.745408
vt 0.267111 0.745472
vt 0.211726 0.744837
vt 0.718226 0.378836
vt 0.155221 0.749071
vt 0.143134 0.793865
vt 0.273010 0.728952
vt 0.704784 0.351622
vt 0.698333 0.349128
vt 0.697625 0.384489
vt 0.742559 0.389975
vt 0.753413 0.419109
vt 0.217959 0.742355
vt 0.190605 0.739435
vt 0.234059 0.732783
vt 0.937886 0.938086
vt 0.950715 0.912212
vt 0.954780 0.924317
vt 0.467278 0.142270
vt 0.482669 0.134709
vt 0.479087 0.164842
vt 0.952328 0.613113
vt 0.954623 0.653541
vt 0.942339 0.617249
vt 0.757365 0.952959
vt 0.703416 0.926162
vt 0.811390 0.961038
vt 0.796195 0.991729
vt 0.937012 0.623319
vt 0.199214 0.106685
vt 0.196077 0.095122
vt 0.211555 0.093111
vt 0.931877 0.624827
vt 0.307934 0.118466
vt 0.298482 0.157270
vt 0.280661 0.148791
vt 0.338356 0.135140
vt 0.274327 0.139641
vt 0.293663 0.113190
vt 0.328089 0.172981
vt 0.236179 0.174645
vt 0.244426 0.185912
vt 0.396601 0.188666
vt 0.354191 0.156976
vt 0.364393 0.159547
vt 0.359598 0.178300
vt 0.431315 0.199050
vt 0.421836 0.190491
vt 0.382474 0.165967
vt 0.376070 0.190806
vt 0.377398 0.155928
vt 0.347491 0.153451
vt 0.362040 0.216836
vt 0.458363 0.199063
vt 0.461547 0.203502
vt 0.443502 0.213742
vt 0.345193 0.133103
vt 0.397232 0.214237
vt 0.228254 0.118616
vt 0.239149 0.077635
vt 0.465243 0.225652
vt 0.412016 0.216798
vt 0.465695 0.147241
vt 0.385196 0.117053
vt 0.220760 0.104766
vt 0.211833 0.136287
vt 0.202420 0.120633
vt 0.325241 0.211154
vt 0.385375 0.129736
vt 0.395924 0.207697
vt 0.466821 0.215594
vt 0.369542 0.111928
vt 0.204288 0.112299
vt 0.475185 0.254755
vt 0.294595 0.069991
vt 0.953785 0.618236
vt 0.958468 0.624659
vt 0.479492 0.226876
vt 0.197907 0.079817
vt 0.952561 0.604671
vt 0.304819 0.199086
vt 0.351014 0.239881
vt 0.227391 0.077638
vt 0.222433 0.077352
vt 0.927047 0.619808
vt 0.256941 0.204515
vt 0.375345 0.115398
vt 0.347942 0.113096
vt 0.181083 0.100468
vt 0.434547 0.135381
vt 0.925189 0.603294
vt 0.207294 0.077347
vt 0.930532 0.598867
vt 0.902257 0.650470
vt 0.896570 0.662428
vt 0.895825 0.625553
vt 0.486581 0.200055
vt 0.164488 0.200680
vt 0.411149 0.244320
vt 0.497840 0.222367
vt 0.380289 0.081467
vt 0.344427 0.070508
vt 0.492941 0.166401
vt 0.398023 0.124998
vt 0.901395 0.621613
vt 0.539431 0.279889
vt 0.224143 0.052902
vt 0.314999 0.264382
vt 0.215447 0.196300
vt 0.280277 0.232348
vt 0.954211 0.586372
vt 0.399843 0.108834
vt 0.322736 0.059331
vt 0.304735 0.066656
vt 0.947687 0.566723
vt 0.966223 0.575352
vt 0.233446 0.047659
vt 0.894782 0.610189
vt 0.279806 0.227802
vt 0.439283 0.272362
vt 0.886613 0.629003
vt 0.922983 0.578426
vt 0.362346 0.074444
vt 0.914093 0.575508
vt 0.927843 0.580575
vt 0.385670 0.262854
vt 0.293955 0.021720
vt 0.950780 0.560457
vt 0.496862 0.203719
vt 0.398911 0.103368
vt 0.499510 0.168894
vt 0.504148 0.192849
vt 0.407158 0.265519
vt 0.879103 0.612100
vt 0.516336 0.212001
vt 0.404015 0.254584
vt 0.900367 0.583347
vt 0.463736 0.286288
vt 0.167823 0.151241
vt 0.956582 0.551136
vt 0.906493 0.560377
vt 0.398535 0.261890
vt 0.308129 0.020740
vt 0.520251 0.192510
vt 0.522986 0.202183
vt 0.510605 0.173143
vt 0.489497 0.131980
vt 0.884365 0.577060
vt 0.398464 0.291081
vt 0.377010 0.056942
vt 0.170333 0.224905
vt 0.374823 0.044860
vt 0.420773 0.108253
vt 0.304546 0.036184
vt 0.553373 0.246026
vt 0.387860 0.063630
vt 0.913704 0.568737
vt 0.350479 0.294144
vt 0.325850 0.014740
vt 0.146370 0.152751
vt 0.452388 0.094758
vt 0.248054 0.247271
vt 0.223802 0.263520
vt 0.443421 0.059788
vt 0.408553 0.052076
vt 0.461088 0.119950
vt 0.585177 0.190287
vt 0.913393 0.523866
vt 0.541632 0.131564
vt 0.123431 0.209645
vt 0.938295 0.518440
vt 0.636204 0.920061
vt 0.602921 0.924398
vt 0.626904 0.908373
vt 0.165359 0.219360
vt 0.571503 0.929074
vt 0.639168 0.888481
vt 0.842265 0.548386
vt 0.366084 0.288766
vt 0.074136 0.170735
vt 0.963728 0.487250
vt 0.966030 0.497944
vt 0.932676 0.496938
vt 0.170990 0.238705
vt 0.577186 0.942330
vt 0.933114 0.848258
vt 0.939433 0.834516
vt 0.985275 0.890185
vt 0.939576 0.506288
vt 0.880793 0.517829
vt 0.361706 0.303626
vt 0.546564 0.289139
vt 0.557064 0.266574
vt 0.623181 0.934075
vt 0.588412 0.941327
vt 0.539405 0.311462
vt 0.568372 0.274562
vt 0.553763 0.314201
vt 0.565631 0.242409
vt 0.588771 0.930235
vt 0.615887 0.941344
vt 0.646882 0.943799
vt 0.963106 0.910643
vt 0.934893 0.873763
vt 0.932479 0.867393
vt 0.932076 0.882667
vt 0.932929 0.901664
vt 0.585412 0.292108
vt 0.589920 0.956298
vt 0.922039 0.896821
vt 0.905721 0.513144
vt 0.899163 0.903040
vt 0.595907 0.945947
vt 0.603926 0.959039
vt 0.342866 0.310115
vt 0.567406 0.225679
vt 0.933935 0.474975
vt 0.966941 0.469182
vt 0.945712 0.912548
vt 0.935342 0.911480
vt 0.965813 0.908385
vt 0.906921 0.909688
vt 0.443597 0.050829
vt 0.918074 0.926935
vt 0.964487 0.921415
vt 0.552994 0.098885
vt 0.209552 0.257972
vt 0.401085 0.323168
vt 0.573001 0.271494
vt 0.599190 0.227931
vt 0.315746 0.333230
vt 0.952925 0.941894
vt 0.957000 0.437790
vt 0.948280 0.453909
vt 0.588151 0.283491
vt 0.520162 0.926517
vt 0.936614 0.932834
vt 0.913063 0.947988
vt 0.399733 0.012805
vt 0.481425 0.042827
vt 0.910234 0.933622
vt 0.898418 0.929636
vt 0.603053 0.281970
vt 0.562294 0.318551
vt 0.602379 0.237747
vt 0.596436 0.268821
vt 0.600853 0.231542
vt 0.943422 0.446836
vt 0.122089 0.225202
vt 0.150290 0.504218
vt 0.193497 0.588100
vt 0.138860 0.615456
vt 0.588635 0.975155
vt 0.597939 0.964701
vt 0.606562 0.969797
vt 0.514658 0.908596
vt 0.520437 0.905135
vt 0.522543 0.909767
vt 0.463081 0.988690
vt 0.444868 0.989177
vt 0.446867 0.962634
vt 0.964059 0.422243
vt 0.874371 0.503505
vt 0.931313 0.938685
vt 0.520613 0.916026
vt 0.511613 0.914388
vt 0.520390 0.914708
vt 0.976372 0.938864
vt 0.095199 0.201996
vt 0.517808 0.904386
vt 0.479040 0.964240
vt 0.476967 0.962295
vt 0.488366 0.948667
vt 0.923107 0.459271
vt 0.873603 0.507876
vt 0.962269 0.941266
vt 0.869147 0.489131
vt 0.589639 0.207469
vt 0.957226 0.418892
vt 0.507407 0.907947
vt 0.518628 0.912900
vt 0.521352 0.913648
vt 0.967861 0.938402
vt 0.965451 0.942616
vt 0.063710 0.178954
vt 0.120991 0.498697
vt 0.503055 0.902352
vt 0.990043 0.950211
vt 0.575376 0.325256
vt 0.609365 0.290009
vt 0.600194 0.303173
vt 0.582283 0.766343
vt 0.608732 0.753029
vt 0.636200 0.779287
vt 0.644910 0.758249
vt 0.125273 0.056512
vt 0.086445 0.020225
vt 0.129847 0.037970
vt 0.661530 0.753439
vt 0.117726 0.030632
vt 0.609144 0.267845
vt 0.064163 0.478035
vt 0.080934 0.425324
vt 0.454698 0.914756
vt 0.501126 0.831442
vt 0.513368 0.872397
vt 0.489693 0.909862
vt 0.515492 0.873274
vt 0.980568 0.918446
vt 0.077576 0.046756
vt 0.835458 0.540727
vt 0.187484 0.625407
vt 0.481576 0.909580
vt 0.191701 0.264688
vt 0.494043 0.913157
vt 0.622037 0.169434
vt 0.933433 0.438137
vt 0.431207 0.988494
vt 0.287101 0.694291
vt 0.240278 0.693653
vt 0.235146 0.677672
vt 0.248114 0.887551
vt 0.257010 0.875047
vt 0.258906 0.889556
vt 0.272030 0.886345
vt 0.267772 0.860969
vt 0.226750 0.860794
vt 0.250463 0.859876
vt 0.230174 0.918183
vt 0.270839 0.854712
vt 0.224865 0.856422
vt 0.228739 0.847210
vt 0.517601 0.046285
vt 0.577914 0.093577
vt 0.572416 0.108525
vt 0.257424 0.929301
vt 0.280440 0.878893
vt 0.571772 0.064095
vt 0.250284 0.849397
vt 0.504346 0.059434
vt 0.290814 0.863099
vt 0.255723 0.845338
vt 0.304133 0.927907
vt 0.197130 0.891860
vt 0.135549 0.815733
vt 0.279365 0.845648
vt 0.548127 0.042962
vt 0.528750 0.036020
vt 0.841582 0.707233
vt 0.873309 0.750559
vt 0.853899 0.738734
vt 0.861065 0.712696
vt 0.865537 0.762692
vt 0.169030 0.883883
vt 0.804531 0.719526
vt 0.833717 0.751916
vt 0.765293 0.751669
vt 0.840477 0.739103
vt 0.546114 0.031651
vt 0.110921 0.787241
vt 0.101478 0.786008
vt 0.100055 0.783137
vt 0.099295 0.781729
vt 0.535877 0.025978
vt 0.983294 0.609299
vt 0.986978 0.608251
vt 0.983521 0.612052
vt 0.311824 0.725528
vt 0.589928 0.989257
vt 0.434456 0.965450
vt 0.059138 0.039768
vt 0.045550 0.069288
vt 0.981674 0.600148
vt 0.533906 0.024334
vt 0.141294 0.036041
vt 0.984523 0.608835
vt 0.534763 0.019795
vt 0.610621 0.237030
vt 0.045925 0.051214
vt 0.048045 0.039807
vt 0.573895 0.037989
vt 0.978365 0.625498
vt 0.978143 0.605412
vt 0.619353 0.292474
vt 0.616998 0.266622
vt 0.968756 0.395495
vt 0.948828 0.411735
vt 0.942267 0.414280
vt 0.929041 0.431778
vt 0.290043 0.831766
vt 0.182488 0.667838
vt 0.850851 0.700013
vt 0.822807 0.687471
vt 0.488811 0.063070
vt 0.824350 0.524162
vt 0.123201 0.798130
vt 0.820659 0.699255
vt 0.551566 0.028787
vt 0.192339 0.904881
vt 0.985771 0.610818
vt 0.599443 0.751760
vt 0.544530 0.769529
vt 0.696065 0.331763
vt 0.713864 0.410385
vt 0.877039 0.469052
vt 0.329474 0.713081
vt 0.445457 0.941650
vt 0.036276 0.066901
vt 0.492074 0.056574
vt 0.099226 0.790304
vt 0.691979 0.331448
vt 0.690829 0.390052
vt 0.564451 0.024400
vt 0.958888 0.366238
vt 0.943815 0.384820
vt 0.421883 0.945029
vt 0.417146 0.989879
vt 0.876286 0.459753
vt 0.442858 0.881868
vt 0.117138 0.873374
vt 0.619935 0.227953
vt 0.231298 0.649653
vt 0.433458 0.942952
vt 0.101815 0.817427
vt 0.825731 0.660746
vt 0.692812 0.292116
vt 0.693652 0.312045
vt 0.694003 0.302769
vt 0.600390 0.206629
vt 0.474114 0.784296
vt 0.418911 0.736169
vt 0.461751 0.677631
vt 0.457001 0.005000
vt 0.423768 0.008121
vt 0.898589 0.432516
vt 0.911936 0.434166
vt 0.652664 0.731980
vt 0.108355 0.780938
vt 0.480848 0.009609
vt 0.831946 0.603682
vt 0.418171 0.967965
vt 0.694185 0.323529
vt 0.611027 0.192291
vt 0.673379 0.751357
vt 0.708257 0.719981
vt 0.971745 0.355619
vt 0.334749 0.696649
vt 0.207548 0.629058
vt 0.223101 0.622287
vt 0.056791 0.009222
vt 0.066793 0.010337
vt 0.737011 0.441182
vt 0.164703 0.735626
vt 0.698895 0.314466
vt 0.310200 0.806315
vt 0.398657 0.756030
vt 0.879751 0.448238
vt 0.852350 0.463924
vt 0.233041 0.589357
vt 0.615779 0.731508
vt 0.195604 0.714446
vt 0.094912 0.808039
vt 0.711025 0.741474
vt 0.726347 0.730131
vt 0.617057 0.264141
vt 0.644389 0.178503
vt 0.418148 0.760149
vt 0.882197 0.441725
vt 0.118858 0.860932
vt 0.687746 0.740482
vt 0.214849 0.704741
vt 0.499657 0.712932
vt 0.296991 0.661576
vt 0.077824 0.794051
vt 0.436640 0.915671
vt 0.847780 0.448513
vt 0.220266 0.638608
vt 0.737552 0.469032
vt 0.389818 0.780623
vt 0.397228 0.774251
vt 0.780062 0.692386
vt 0.084486 0.764765
vt 0.107951 0.712840
vt 0.102617 0.737671
vt 0.854034 0.442869
vt 0.094819 0.853439
vt 0.092790 0.769279
vt 0.410683 0.784791
vt 0.403234 0.768478
vt 0.414615 0.778805
vt 0.402103 0.786624
vt 0.958227 0.327342
vt 0.360503 0.806958
vt 0.426193 0.782712
vt 0.947686 0.331401
vt 0.361589 0.692096
vt 0.206847 0.526266
vt 0.075074 0.806134
vt 0.071987 0.790436
vt 0.619433 0.727311
vt 0.693984 0.296718
vt 0.107610 0.754608
vt 0.487198 0.005987
vt 0.843033 0.421016
vt 0.811723 0.612340
vt 0.861394 0.426486
vt 0.085416 0.865796
vt 0.796632 0.642922
vt 0.696867 0.423975
vt 0.341308 0.681700
vt 0.152827 0.729168
vt 0.941968 0.349896
vt 0.145880 0.432835
vt 0.356135 0.808682
vt 0.972834 0.329527
vt 0.673405 0.711913
vt 0.383924 0.815981
vt 0.388957 0.793703
vt 0.404287 0.796530
vt 0.403818 0.791438
vt 0.510475 0.711129
vt 0.465908 0.666237
vt 0.938268 0.333935
vt 0.071941 0.865200
vt 0.189932 0.710317
vt 0.897993 0.369175
vt 0.161599 0.720548
vt 0.125103 0.735365
vt 0.971386 0.320829
vt 0.236334 0.645763
vt 0.129427 0.723678
vt 0.760642 0.682314
vt 0.132811 0.702863
vt 0.395887 0.798597
vt 0.705344 0.462478
vt 0.394417 0.805559
vt 0.430516 0.885704
vt 0.384663 0.827846
vt 0.600559 0.029096
vt 0.581046 0.018106
vt 0.630982 0.042437
vt 0.113297 0.706182
vt 0.269193 0.639175
vt 0.241980 0.528906
vt 0.823298 0.582101
vt 0.836921 0.366859
vt 0.829515 0.428862
vt 0.209963 0.506545
vt 0.161344 0.433713
vt 0.117540 0.331175
vt 0.508981 0.720847
vt 0.920671 0.288286
vt 0.693246 0.038672
vt 0.726441 0.050702
vt 0.683895 0.041016
vt 0.623574 0.425163
vt 0.685203 0.419085
vt 0.669447 0.450673
vt 0.524720 0.769067
vt 0.252914 0.601040
vt 0.416551 0.891019
vt 0.368831 0.650479
vt 0.728077 0.043165
vt 0.913791 0.307317
vt 0.318760 0.656100
vt 0.203534 0.515379
vt 0.795965 0.627422
vt 0.739380 0.670682
vt 0.238521 0.568444
vt 0.811224 0.592587
vt 0.420830 0.687031
vt 0.627497 0.047775
vt 0.344358 0.835727
vt 0.497891 0.807113
vt 0.728646 0.475362
vt 0.755586 0.487275
vt 0.292873 0.840253
vt 0.912991 0.301489
vt 0.849768 0.399439
vt 0.842577 0.395694
vt 0.276202 0.627882
vt 0.699622 0.465292
vt 0.189883 0.686808
vt 0.129162 0.700560
vt 0.829800 0.414696
vt 0.394322 0.664369
vt 0.344535 0.648835
vt 0.316522 0.647755
vt 0.695917 0.099296
vt 0.269978 0.612298
vt 0.250481 0.529301
vt 0.128174 0.678717
vt 0.928376 0.282660
vt 0.753918 0.058961
vt 0.265369 0.607483
vt 0.175730 0.339180
vt 0.122891 0.316416
vt 0.398331 0.898643
vt 0.539896 0.802570
vt 0.502736 0.822964
vt 0.828806 0.557157
vt 0.532147 0.784793
vt 0.149332 0.320482
vt 0.128767 0.300881
vt 0.129075 0.674747
vt 0.174166 0.667019
vt 0.174122 0.671133
vt 0.363472 0.875506
vt 0.515521 0.827806
vt 0.551813 0.815889
vt 0.287835 0.626926
vt 0.343063 0.644089
vt 0.130982 0.657709
vt 0.167662 0.656469
vt 0.276726 0.538104
vt 0.650587 0.464436
vt 0.132304 0.650231
vt 0.146347 0.644955
vt 0.399810 0.867017
vt 0.320889 0.641046
vt 0.230735 0.449913
vt 0.519366 0.839433
vt 0.841860 0.326491
vt 0.247524 0.535317
vt 0.089819 0.651059
vt 0.289383 0.611332
vt 0.634869 0.083609
vt 0.655416 0.043622
vt 0.394751 0.902989
vt 0.559729 0.825713
vt 0.535828 0.839575
vt 0.536048 0.789224
vt 0.156859 0.648402
vt 0.107831 0.649351
vt 0.121889 0.676593
vt 0.136612 0.618855
vt 0.094848 0.656851
vt 0.374412 0.866586
vt 0.564714 0.777583
vt 0.878536 0.284127
vt 0.168797 0.306940
vt 0.798174 0.009083
vt 0.804132 0.022651
vt 0.703725 0.494491
vt 0.119142 0.627002
vt 0.560516 0.785392
vt 0.872339 0.304759
vt 0.340797 0.633150
vt 0.608382 0.443281
vt 0.562518 0.833518
vt 0.588575 0.833547
vt 0.371421 0.875568
vt 0.547815 0.838696
vt 0.379407 0.879180
vt 0.387244 0.877861
vt 0.554699 0.841068
vt 0.619441 0.821727
vt 0.288685 0.573676
vt 0.083704 0.628137
vt 0.588043 0.804119
vt 0.800525 0.371976
vt 0.415687 0.639001
vt 0.367574 0.612080
vt 0.291506 0.553072
vt 0.813051 0.020752
vt 0.792489 0.051150
vt 0.755019 0.510898
vt 0.755225 0.598603
vt 0.762251 0.559349
vt 0.765296 0.596993
vt 0.825857 0.316670
vt 0.816476 0.381981
vt 0.341217 0.617152
vt 0.193641 0.361928
vt 0.376369 0.890011
vt 0.563897 0.839648
vt 0.777029 0.379888
vt 0.831437 0.010813
vt 0.817868 0.359615
vt 0.745627 0.536812
vt 0.753812 0.546300
vt 0.731603 0.582061
vt 0.834668 0.345223
vt 0.270609 0.468489
vt 0.668347 0.107017
vt 0.776781 0.075487
vt 0.097302 0.625279
vt 0.837212 0.322507
vt 0.826644 0.352515
vt 0.305989 0.559682
vt 0.255906 0.379767
vt 0.200888 0.323757
vt 0.851887 0.027783
vt 0.828950 0.048234
vt 0.821415 0.038532
vt 0.845545 0.044220
vt 0.738618 0.597829
vt 0.696755 0.754519
vt 0.718792 0.848707
vt 0.685034 0.754306
vt 0.551524 0.852775
vt 0.580253 0.495368
vt 0.572528 0.503004
vt 0.570007 0.477194
vt 0.906519 0.035113
vt 0.809064 0.041079
vt 0.685788 0.494765
vt 0.367782 0.577630
vt 0.087452 0.621558
vt 0.818769 0.067271
vt 0.844074 0.015669
vt 0.837336 0.011657
vt 0.740167 0.124516
vt 0.636802 0.488625
vt 0.133046 0.608114
vt 0.441214 0.613282
vt 0.799640 0.070006
vt 0.825958 0.071547
vt 0.595712 0.481395
vt 0.313730 0.557679
vt 0.607806 0.453301
vt 0.671275 0.900924
vt 0.663288 0.906878
vt 0.659232 0.897241
vt 0.629191 0.795728
vt 0.595559 0.786973
vt 0.781596 0.076711
vt 0.676107 0.753292
vt 0.565923 0.862385
vt 0.567525 0.845618
vt 0.630370 0.839271
vt 0.791515 0.069024
vt 0.208564 0.343077
vt 0.699562 0.121551
vt 0.568644 0.886467
vt 0.660784 0.889382
vt 0.648362 0.878090
vt 0.580430 0.848866
vt 0.586378 0.862668
vt 0.666693 0.502935
vt 0.755350 0.820388
vt 0.783622 0.765388
vt 0.792719 0.776370
vt 0.803858 0.773348
vt 0.619219 0.826042
vt 0.634374 0.781941
vt 0.806620 0.364135
vt 0.638083 0.874953
vt 0.767822 0.817609
vt 0.869760 0.780119
vt 0.843593 0.758727
vt 0.883606 0.780622
vt 0.628480 0.835115
vt 0.583504 0.514957
vt 0.631610 0.506697
vt 0.611428 0.472078
vt 0.774914 0.643204
vt 0.648421 0.865991
vt 0.363390 0.573939
vt 0.642871 0.122052
vt 0.846055 0.155356
vt 0.622931 0.832049
vt 0.638574 0.882479
vt 0.584211 0.866915
vt 0.606447 0.480519
vt 0.602972 0.505327
vt 0.682464 0.577207
vt 0.400812 0.585627
vt 0.307548 0.533748
vt 0.797461 0.094280
vt 0.533839 0.613355
vt 0.563420 0.640147
vt 0.525838 0.617491
vt 0.815888 0.313021
vt 0.305196 0.394619
vt 0.306057 0.528516
vt 0.814382 0.091509
vt 0.740833 0.843115
vt 0.743567 0.809130
vt 0.827471 0.776341
vt 0.843480 0.796264
vt 0.780576 0.372285
vt 0.644690 0.149761
vt 0.732712 0.608281
vt 0.662482 0.834089
vt 0.524698 0.921765
vt 0.617872 0.813191
vt 0.305921 0.478306
vt 0.765922 0.665876
vt 0.760425 0.677813
vt 0.755748 0.675551
vt 0.385980 0.569948
vt 0.487029 0.635609
vt 0.448661 0.624001
vt 0.477692 0.625662
vt 0.242107 0.312890
vt 0.582401 0.532660
vt 0.618427 0.514462
vt 0.769092 0.823801
vt 0.362141 0.548073
vt 0.264663 0.360517
vt 0.063666 0.577321
vt 0.820938 0.782023
vt 0.379748 0.558744
vt 0.508218 0.577184
vt 0.763503 0.166291
vt 0.785567 0.125217
vt 0.633645 0.788386
vt 0.823390 0.109220
vt 0.571369 0.541967
vt 0.729954 0.650275
vt 0.647348 0.834963
vt 0.625565 0.547907
vt 0.636928 0.533498
vt 0.742221 0.178106
vt 0.700368 0.189589
vt 0.643127 0.833428
vt 0.243958 0.337491
vt 0.789363 0.104183
vt 0.667822 0.830894
vt 0.655859 0.853065
vt 0.655300 0.854458
vt 0.655766 0.853514
vt 0.632215 0.805544
vt 0.603291 0.536395
vt 0.649750 0.866828
vt 0.656028 0.853284
vt 0.711372 0.629253
vt 0.333628 0.529639
vt 0.850395 0.811217
vt 0.365671 0.544551
vt 0.962360 0.075113
vt 0.478482 0.590613
vt 0.746062 0.850532
vt 0.875656 0.808852
vt 0.888055 0.777192
vt 0.647774 0.822701
vt 0.670958 0.829378
vt 0.332596 0.510005
vt 0.820462 0.128221
vt 0.658801 0.564926
vt 0.895088 0.789859
vt 0.674099 0.193151
vt 0.786160 0.163851
vt 0.575935 0.555513
vt 0.758319 0.855651
vt 0.807568 0.849754
vt 0.748719 0.873589
vt 0.655330 0.818269
vt 0.781288 0.840970
vt 0.333967 0.515479
vt 0.741379 0.881638
vt 0.665513 0.807283
vt 0.380485 0.533910
vt 0.665099 0.601096
vt 0.765631 0.868011
vt 0.852159 0.813800
vt 0.468872 0.560713
vt 0.432475 0.526400
vt 0.963040 0.137556
vt 0.807670 0.144271
vt 0.612947 0.550627
vt 0.703099 0.873380
vt 0.711085 0.863846
vt 0.721034 0.902661
vt 0.861810 0.844370
vt 0.912270 0.807206
vt 0.271077 0.343416
vt 0.648194 0.201690
vt 0.826103 0.144285
vt 0.592543 0.561344
vt 0.336904 0.499645
vt 0.801157 0.150969
vt 0.732839 0.895131
vt 0.802590 0.174764
vt 0.565757 0.577005
vt 0.691083 0.793839
vt 0.799663 0.854265
vt 0.840636 0.846238
vt 0.858974 0.827267
vt 0.868635 0.826407
vt 0.854468 0.840503
vt 0.975898 0.139364
vt 0.530727 0.586609
vt 0.279971 0.324477
vt 0.831286 0.858600
vt 0.350698 0.487237
vt 0.940501 0.169531
vt 0.770277 0.874744
vt 0.694313 0.652109
vt 0.356826 0.519459
vt 0.789367 0.879817
vt 0.374269 0.512370
vt 0.354656 0.500273
vt 0.705804 0.917992
vt 0.387823 0.525708
vt 0.722002 0.230436
vt 0.794850 0.893587
vt 0.687514 0.227080
vt 0.841321 0.170894
vt 0.612998 0.593973
vt 0.770567 0.886707
vt 0.887831 0.852506
vt 0.924968 0.801208
vt 0.362380 0.511243
vt 0.294540 0.353250
vt 0.596026 0.602568
vt 0.500754 0.565387
vt 0.821592 0.167427
vt 0.956889 0.167305
vt 0.577183 0.590382
vt 0.810100 0.880296
vt 0.320921 0.377457
vt 0.497964 0.557180
vt 0.901543 0.185298
vt 0.799689 0.877249
vt 0.387504 0.506208
vt 0.578914 0.651411
vt 0.945312 0.804327
vt 0.371799 0.491773
vt 0.340405 0.412855
vt 0.751584 0.920277
vt 0.766931 0.894295
vt 0.793606 0.901387
vt 0.820714 0.187759
vt 0.823462 0.184839
vt 0.320696 0.349364
vt 0.826739 0.881452
vt 0.863200 0.186073
vt 0.873269 0.181207
vt 0.660809 0.680175
vt 0.463686 0.532224
vt 0.407001 0.452373
vt 0.778626 0.248079
vt 0.865804 0.892111
vt 0.888122 0.874584
vt 0.494253 0.541277
vt 0.495333 0.547970
vt 0.468367 0.532138
vt 0.312890 0.338479
vt 0.930949 0.181519
vt 0.582747 0.601015
vt 0.493028 0.534855
vt 0.501633 0.531510
vt 0.490840 0.549261
vt 0.836240 0.185753
vt 0.972891 0.182513
vt 0.846997 0.866115
vt 0.480281 0.525020
vt 0.480604 0.530769
vt 0.328450 0.364623
vt 0.492233 0.522508
vt 0.497688 0.522767
vt 0.501364 0.515333
vt 0.476399 0.516671
vt 0.834150 0.893034
vt 0.435579 0.450372
vt 0.746644 0.266641
vt 0.570097 0.505665
vt 0.687264 0.289502
vt 0.796560 0.221649
vt 0.868492 0.193467
vt 0.350031 0.384836
vt 0.363063 0.352217
vt 0.954619 0.187220
vt 0.487042 0.512127
vt 0.485225 0.517102
vt 0.521098 0.494824
vt 0.500556 0.510261
vt 0.714177 0.277689
vt 0.855342 0.201048
vt 0.898923 0.195091
vt 0.733606 0.932623
vt 0.828955 0.919099
vt 0.366478 0.415944
vt 0.509749 0.510814
vt 0.496594 0.502862
vt 0.495346 0.507975
vt 0.794513 0.915592
vt 0.553601 0.490011
vt 0.513134 0.504214
vt 0.506678 0.500900
vt 0.505205 0.495070
vt 0.409226 0.952480
vt 0.318706 0.977763
vt 0.295448 0.971717
vt 0.317000 0.986789
vt 0.280596 0.985609
vt 0.932937 0.197851
vt 0.396437 0.429975
vt 0.138989 0.995000
vt 0.828810 0.213656
vt 0.105050 0.960004
vt 0.403655 0.440141
vt 0.072754 0.899786
vt 0.580870 0.627400
vt 0.899260 0.887396
vt 0.525986 0.488587
vt 0.453029 0.487402
vt 0.288506 0.970308
vt 0.537712 0.487854
vt 0.067326 0.870754
vt 0.762435 0.258730
vt 0.836496 0.209074
vt 0.886126 0.208882
vt 0.893830 0.890715
vt 0.489796 0.484417
vt 0.383731 0.927071
vt 0.493968 0.488384
vt 0.378796 0.410093
vt 0.054129 0.863900
vt 0.960161 0.196582
vt 0.795106 0.932889
vt 0.341314 0.349000
vt 0.131272 0.975740
vt 0.797837 0.950114
vt 0.905559 0.894965
vt 0.566411 0.491396
vt 0.562705 0.483880
vt 0.906972 0.890292
vt 0.374535 0.389023
vt 0.871870 0.893541
vt 0.576741 0.695356
vt 0.884503 0.893526
vt 0.886838 0.898122
vt 0.889821 0.903293
vt 0.381610 0.398729
vt 0.360616 0.356563
vt 0.050173 0.885188
vt 0.862301 0.214451
vt 0.361929 0.931789
vt 0.832043 0.940744
vt 0.855265 0.907676
vt 0.379896 0.378038
vt 0.681918 0.834693
vt 0.675599 0.835137
vt 0.683907 0.833852
vt 0.467592 0.459234
vt 0.412683 0.420501
vt 0.316447 0.961121
vt 0.558800 0.475953
vt 0.298411 0.952997
vt 0.905239 0.214296
vt 0.863904 0.909795
vt 0.692987 0.831569
vt 0.697288 0.835148
vt 0.692812 0.832884
vt 0.685812 0.810237
vt 0.699086 0.813367
vt 0.868359 0.902686
vt 0.872364 0.909219
vt 0.694774 0.834089
vt 0.413338 0.407174
vt 0.107264 0.968602
vt 0.355819 0.912024
vt 0.970758 0.197118
vt 0.915208 0.218749
vt 0.689629 0.827627
vt 0.509801 0.472166
vt 0.578503 0.463146
vt 0.583522 0.460700
vt 0.587704 0.462121
vt 0.689797 0.833816
vt 0.684477 0.838785
vt 0.576182 0.460826
vt 0.627966 0.707354
vt 0.531869 0.464797
vt 0.042058 0.881487
vt 0.874421 0.924927
vt 0.408287 0.393327
vt 0.558614 0.454983
vt 0.582368 0.457275
vt 0.432086 0.437038
vt 0.029017 0.863424
vt 0.838432 0.251204
vt 0.940589 0.214462
vt 0.118315 0.983936
vt 0.561701 0.451483
vt 0.574311 0.464615
vt 0.487802 0.467444
vt 0.314896 0.907392
vt 0.876365 0.224786
vt 0.555276 0.463547
vt 0.539496 0.455458
vt 0.061231 0.948415
vt 0.425487 0.424859
vt 0.409302 0.383398
vt 0.202980 0.063822
vt 0.190944 0.034183
vt 0.214200 0.041050
vt 0.356138 0.899564
vt 0.455136 0.432202
vt 0.414615 0.366817
vt 0.099253 0.991854
vt 0.430504 0.406899
vt 0.076564 0.975227
vt 0.591137 0.449562
vt 0.567703 0.446820
vt 0.415673 0.387097
vt 0.824777 0.269825
vt 0.882879 0.231978
vt 0.188605 0.012662
vt 0.167605 0.050007
vt 0.500939 0.445917
vt 0.424606 0.388925
vt 0.006308 0.931527
vt 0.866770 0.245728
vt 0.941939 0.236282
vt 0.479333 0.436312
vt 0.031622 0.938421
vt 0.455507 0.409845
vt 0.024489 0.937412
vt 0.492854 0.423876
vt 0.424923 0.373454
vt 0.510870 0.422047
vt 0.145159 0.070391
vt 0.321592 0.885121
vt 0.910520 0.257347
vt 0.944837 0.265003
vt 0.150687 0.016930
vt 0.550972 0.425882
vt 0.531499 0.425882
vt 0.432511 0.354711
vt 0.039765 0.967569
vt 0.348973 0.872417
vt 0.167907 0.089945
vt 0.537117 0.412388
vt 0.542301 0.414671
vt 0.511507 0.404283
vt 0.460182 0.399080
vt 0.455069 0.367692
vt 0.322123 0.859524
vt 0.874798 0.262122
vt 0.165814 0.102897
vt 0.189001 0.115178
vt 0.874190 0.281349
vt 0.526970 0.385422
vt 0.486272 0.405975
vt 0.449372 0.343193
vt 0.143756 0.074588
vt 0.499909 0.405117
vt 0.464303 0.325675
vt 0.475537 0.307965
vt 0.510218 0.317216
vt 0.135620 0.063327
vt 0.493223 0.353400
vt 0.505996 0.400209
vt 0.132620 0.099690
vt 0.906860 0.280770
vt 0.554708 0.399040
vt 0.987366 0.851122
vt 0.964537 0.836171
vt 0.971434 0.807376
vt 0.158525 0.124122
vt 0.489479 0.380760
vt 0.169663 0.141259
vt 0.498717 0.378913
vt 0.102364 0.091608
vt 0.509007 0.379162
vt 0.951745 0.799637
vt 0.097783 0.078848
vt 0.132455 0.107891
vt 0.124710 0.130825
vt 0.093029 0.101946
vt 0.977774 0.780292
vt 0.973384 0.777843
vt 0.965351 0.796830
vt 0.099154 0.060930
vt 0.521357 0.382884
vt 0.111689 0.106010
vt 0.502540 0.356878
vt 0.979491 0.745299
vt 0.110604 0.101696
vt 0.523574 0.364071
vt 0.987861 0.619502
vt 0.995000 0.652239
vt 0.921361 0.698154
vt 0.072883 0.167500
vt 0.094955 0.109126
vt 0.517046 0.349973
vt 0.952276 0.760778
vt 0.057034 0.097025
vt 0.528104 0.351920
vt 0.991936 0.661663
vt 0.083896 0.122030
vt 0.054539 0.071627
vt 0.969251 0.732846
vt 0.913193 0.791387
vt 0.077183 0.109112
vt 0.080258 0.120344
vt 0.958607 0.700668
vt 0.975911 0.691204
vt 0.962777 0.712444
vt 0.918006 0.751498
vt 0.032201 0.091882
vt 0.053501 0.110319
vt 0.923469 0.707887
vt 0.935323 0.724681
vt 0.934830 0.714171
vt 0.029931 0.105838
vt 0.014217 0.072003
vt 0.050995 0.119861
vt 0.005000 0.095550
vt 0.903964 0.733239
vt 0.036044 0.162592
vt 0.021501 0.123419
vt 0.916439 0.716340
vt 0.006094 0.134622
vt 0.884837 0.746120
vt 0.868076 0.725205
vt 0.884652 0.708836
vt 0.891892 0.719387
s 0
f 5/1/1 6/2/1 7/3/1
s 1
f 6/2/2 8/4/3 15/5/4
f 7/3/5 6/2/2 15/5/4
f 21/6/6 5/1/7 14/7/8
f 9/8/9 5/1/10 7/3/11
f 8/4/12 13/9/13 10/10/14
f 8/4/12 6/2/15 13/9/13
f 14/7/16 5/1/10 9/8/9
s 0
f 6/2/17 5/1/17 13/9/17
s 1
f 7/11/5 15/12/4 11/13/18
f 17/14/19 13/9/20 12/15/21
f 10/10/14 19/16/22 16/17/23
f 13/9/24 5/1/7 21/6/25
s 0
f 16/17/26 8/4/26 10/10/26
s 1
f 11/13/18 15/12/4 951/18/27
f 19/16/22 10/10/14 13/9/13
f 19/16/22 13/9/13 958/19/28
f 15/5/4 8/4/3 18/20/29
f 19/16/22 18/20/29 16/17/23
s 0
f 12/15/30 13/9/30 21/6/30
s 1
f 958/19/31 13/9/20 17/14/19
s 0
f 14/7/32 9/8/32 963/21/32
s 1
f 27/22/33 18/20/29 19/16/22
f 978/23/34 7/11/35 11/13/36
f 8/4/3 16/17/23 18/20/29
s 0
f 37/24/37 36/25/37 38/26/37
s 1
f 45/27/38 562/28/39 46/29/40
f 480/30/41 48/31/42 47/32/43
f 480/30/44 47/32/45 49/33/46
f 47/32/45 48/34/47 49/33/46
s 0
f 535/35/48 51/36/48 50/37/48
s 1
f 55/38/49 54/39/50 63/40/51
s 0
f 56/41/52 59/42/52 57/43/52
s 1
f 57/43/53 59/42/54 58/44/55
f 69/45/56 56/41/57 55/38/49
f 69/45/56 55/38/49 63/40/51
f 58/44/55 59/42/54 65/46/58
f 61/47/59 63/40/51 54/39/50
f 62/48/60 54/39/61 55/38/62
f 59/42/63 56/41/57 69/45/56
s 0
f 56/49/64 57/50/64 64/51/64
f 56/49/65 64/51/65 55/52/65
f 72/53/66 59/42/66 60/54/66
f 62/55/67 55/52/67 68/56/67
s 1
f 64/51/68 57/50/69 67/57/70
f 60/54/71 59/42/72 69/45/73
s 0
f 74/58/74 58/44/74 65/46/74
f 68/56/75 55/52/75 64/51/75
s 1
f 67/57/70 57/50/76 58/59/77
f 69/45/56 63/40/51 61/47/59
f 78/60/78 62/55/79 66/61/80
f 96/62/81 54/39/82 62/48/60
f 62/55/79 68/56/83 66/61/80
f 67/57/70 58/59/77 74/63/84
f 65/46/85 59/42/86 85/64/87
s 0
f 60/54/88 70/65/88 72/53/88
s 1
f 62/55/79 78/60/78 96/66/89
f 85/64/87 59/42/86 72/53/90
f 60/54/71 69/45/73 75/67/91
f 69/45/92 61/47/93 73/68/94
f 60/54/95 75/67/96 70/65/97
f 61/47/59 54/39/50 97/69/98
f 66/61/99 68/56/100 79/70/101
f 74/58/102 65/46/103 82/71/104
s 0
f 75/67/105 69/45/105 77/72/105
s 1
f 78/60/106 66/61/99 79/70/101
f 82/71/104 65/46/107 80/73/108
f 97/69/98 54/39/50 98/74/109
s 0
f 64/51/110 83/75/110 68/56/110
s 1
f 64/51/68 67/57/70 74/63/84
f 74/63/111 82/76/112 76/77/113
s 0
f 73/68/114 77/72/114 69/45/114
s 1
f 64/51/68 74/63/84 83/75/115
f 72/53/90 70/65/97 85/64/87
f 79/70/101 68/56/100 83/75/116
f 75/67/96 77/72/117 70/65/97
f 73/68/94 61/47/93 97/69/118
f 80/73/108 65/46/107 85/64/119
f 88/78/120 70/65/97 77/72/117
f 85/64/121 84/79/122 80/73/123
f 77/72/124 73/68/125 87/80/126
f 92/81/127 79/70/128 83/75/116
f 83/75/129 74/63/129 76/77/129
f 523/82/130 87/80/126 73/68/125
f 73/68/94 97/69/118 523/82/131
f 98/74/109 54/39/50 90/83/132
f 430/84/133 82/71/134 80/73/135
f 70/65/97 88/78/120 85/64/87
f 91/85/136 96/66/89 78/60/78
f 93/86/137 91/85/136 435/87/138
f 79/70/128 92/81/127 78/60/78
f 76/77/113 82/76/112 95/88/139
f 82/76/134 430/89/133 95/88/140
f 88/78/120 77/72/117 431/90/141
f 435/87/138 91/85/136 78/60/78
f 80/73/123 84/79/122 430/84/142
f 54/39/82 96/62/81 90/83/143
f 83/75/144 76/77/113 95/88/139
f 431/90/145 77/72/146 87/80/147
f 87/80/148 523/82/149 94/91/150
f 85/64/151 88/78/120 437/92/152
f 96/66/89 91/85/136 93/86/137
f 103/93/153 293/94/154 301/95/155
f 210/96/156 207/97/157 173/98/158
s 0
f 112/99/159 114/100/159 115/101/159
f 111/102/160 114/103/160 112/104/160
f 113/105/161 111/102/161 112/104/161
s 1
f 114/103/162 111/102/163 113/105/164
f 114/100/162 113/106/164 115/101/165
s 0
f 110/107/166 109/108/166 156/109/166
f 115/101/167 113/106/167 109/110/167
s 1
f 119/111/168 120/112/169 121/113/170
f 119/111/171 146/114/172 120/112/173
f 121/113/174 122/115/175 147/116/176
f 124/117/177 120/112/173 146/114/172
f 126/118/178 122/115/179 155/119/180
f 128/120/181 140/121/182 127/122/183
f 128/120/184 131/123/185 140/121/186
f 127/122/183 135/124/187 128/120/181
s 0
f 135/124/188 127/122/188 133/125/188
f 133/125/189 127/122/189 132/126/189
s 1
f 128/120/184 129/127/190 131/123/185
s 0
f 132/126/191 127/122/191 138/128/191
s 1
f 131/123/192 124/117/193 134/129/194
f 131/123/192 136/130/195 124/117/193
s 0
f 135/124/196 133/125/196 137/131/196
s 1
f 138/128/197 133/125/198 132/126/199
s 0
f 140/121/200 131/123/200 134/129/200
s 1
f 135/124/187 148/132/201 139/133/202
f 137/131/203 133/125/204 138/128/205
f 145/134/206 134/129/194 124/117/193
f 128/120/181 135/124/187 139/133/202
f 183/135/207 131/123/208 129/127/209
f 122/115/210 118/136/211 158/137/212
f 139/133/213 142/138/214 116/139/215
f 143/140/216 137/131/203 138/128/205
f 144/141/217 127/122/183 140/121/182
f 124/117/177 146/114/172 145/134/218
s 0
f 153/142/219 152/143/219 149/144/219
s 1
f 124/117/220 136/130/221 141/145/222
s 0
f 135/124/223 137/131/223 148/132/223
s 1
f 152/143/224 118/136/225 126/118/226
f 155/119/180 122/115/179 121/113/227
f 129/127/190 128/120/184 116/139/228
f 139/133/229 116/139/228 128/120/184
f 138/128/230 127/122/231 154/146/232
f 129/127/209 117/147/233 183/135/207
f 121/113/170 147/116/234 119/111/168
f 122/115/235 126/118/226 118/136/225
f 136/130/195 131/123/192 183/135/236
s 0
f 117/147/237 129/127/237 116/139/237
s 1
f 139/133/202 148/132/201 165/148/238
f 145/134/206 157/149/239 134/129/194
s 0
f 153/142/240 151/150/240 110/107/240
s 1
f 142/138/241 184/151/242 116/139/243
f 142/138/214 139/133/244 165/148/245
f 154/146/246 127/122/231 144/141/247
f 166/152/248 122/115/210 158/137/212
f 118/136/249 152/143/250 153/142/251
s 0
f 153/142/252 149/144/252 151/150/252
f 113/153/253 112/99/253 109/154/253
s 1
f 142/138/241 175/155/254 184/151/242
f 153/142/255 110/107/255 156/109/255
s 0
f 161/156/256 156/109/256 109/108/256
f 161/157/257 109/154/257 112/99/257
s 1
f 121/113/227 120/112/258 155/119/180
f 120/112/259 124/117/220 182/158/260
s 0
f 161/157/261 112/99/261 115/101/261
s 1
f 200/159/262 141/145/222 136/130/221
f 153/142/251 158/137/263 118/136/249
f 140/121/264 134/129/265 157/149/266
s 0
f 176/160/267 153/142/267 160/161/267
s 1
f 109/110/268 110/162/269 115/101/270
f 120/112/258 167/163/271 155/119/180
f 144/141/217 140/121/182 171/164/272
f 145/134/273 146/114/274 159/165/275
s 0
f 108/166/276 151/150/276 149/144/276
f 160/161/277 153/142/277 156/109/277
s 1
f 182/158/260 124/117/220 141/145/222
f 138/128/205 154/146/278 163/167/279
s 0
f 181/168/280 161/157/280 115/101/280
f 151/150/281 108/166/281 110/107/281
s 1
f 117/147/233 116/139/282 183/135/207
s 0
f 156/109/283 161/156/283 170/169/283
f 161/157/284 181/168/284 180/170/284
s 1
f 149/171/285 152/172/286 174/173/287
s 0
f 165/148/288 164/174/288 142/138/288
s 1
f 165/148/238 148/132/201 173/98/289
f 158/137/263 153/142/251 176/160/290
f 181/168/291 115/101/270 110/162/269
f 126/118/292 247/175/293 152/143/294
f 194/176/295 136/130/195 183/135/236
f 206/177/296 184/151/242 175/155/254
f 157/149/239 145/134/206 195/178/297
f 204/179/298 146/114/172 119/111/171
f 164/174/299 175/155/254 142/138/241
f 186/180/300 165/148/301 173/98/158
f 137/131/203 143/140/216 173/98/302
f 163/167/279 154/146/278 198/181/303
f 171/164/304 140/121/264 157/149/266
f 122/115/175 166/152/305 147/116/176
f 181/168/306 110/162/307 108/182/308
s 0
f 108/182/309 149/171/309 174/173/309
s 1
f 116/139/243 184/151/242 183/135/310
f 184/151/311 206/177/312 202/183/313
s 0
f 176/160/314 160/161/314 188/184/314
f 160/161/315 156/109/315 170/169/315
s 1
f 141/145/222 200/159/262 215/185/316
f 143/140/317 138/128/205 163/167/279
f 195/178/318 145/134/273 159/165/275
s 0
f 126/118/319 155/119/319 214/186/319
s 1
f 199/187/320 141/145/222 215/185/316
s 0
f 198/181/321 154/146/321 144/141/321
f 170/188/322 161/157/322 180/170/322
s 1
f 227/189/323 144/141/217 171/164/272
f 159/165/324 146/114/325 204/179/326
f 189/190/327 119/111/168 179/191/328
f 170/188/329 187/192/330 160/193/331
f 183/135/236 184/151/332 194/176/295
f 190/194/333 166/152/334 158/137/335
s 0
f 192/195/336 108/182/336 174/173/336
s 1
f 120/112/259 182/158/260 216/196/337
f 199/187/320 182/158/260 141/145/222
f 184/151/338 107/197/339 194/176/340
f 174/173/341 152/172/286 193/198/342
f 167/163/343 120/112/259 216/196/344
s 0
f 148/132/345 137/131/345 173/98/345
s 1
f 211/199/346 180/170/347 181/168/348
f 247/175/349 126/118/350 214/186/351
f 164/174/352 165/148/353 186/180/354
f 159/165/324 204/179/326 191/200/355
f 204/179/298 119/111/171 189/190/356
f 179/191/328 119/111/168 147/116/234
f 108/182/357 205/201/358 181/168/306
f 205/201/359 108/182/359 192/195/359
f 171/164/360 157/149/361 227/189/362
f 179/191/363 147/116/176 166/152/305
f 158/137/263 176/160/290 190/194/364
f 187/192/330 170/188/329 196/202/365
f 196/202/365 170/188/329 180/170/366
f 201/203/367 200/159/262 136/130/221
f 175/155/254 164/174/299 206/177/296
f 166/152/334 190/194/333 235/204/368
s 0
f 160/193/369 187/192/369 188/205/369
f 206/177/370 164/174/370 203/206/370
s 1
f 227/189/362 157/149/361 208/207/371
f 195/178/318 159/165/275 191/200/372
f 164/174/352 186/180/354 106/208/373
s 0
f 163/167/374 198/181/374 144/141/374
f 187/192/375 196/202/375 211/199/375
s 1
f 196/202/376 180/170/347 211/199/346
f 164/174/377 106/208/378 212/209/379
f 136/130/221 194/176/380 201/203/367
f 208/207/381 157/149/239 195/178/297
f 220/210/382 194/176/340 107/197/339
f 176/160/290 188/184/383 190/194/364
f 192/195/384 174/173/341 225/211/385
f 225/211/385 174/173/341 193/198/342
f 206/177/386 203/206/387 246/212/388
f 173/98/389 143/140/389 210/96/389
f 203/206/390 164/174/390 212/209/390
f 210/96/391 163/167/391 144/141/391
f 194/176/392 197/213/393 201/203/394
f 197/213/395 194/176/396 220/210/397
f 205/201/398 192/195/398 224/214/398
f 224/214/399 192/195/384 225/211/385
f 236/215/400 107/197/339 184/151/338
f 186/180/300 173/98/158 207/97/157
s 0
f 187/192/401 211/199/401 205/201/401
s 1
f 193/216/402 152/143/294 247/175/293
f 190/217/364 188/205/383 217/218/403
f 201/203/394 197/213/393 219/219/404
s 0
f 210/96/405 143/140/405 163/167/405
s 1
f 189/190/406 179/191/407 250/220/408
s 0
f 188/205/409 187/192/409 205/201/409
s 1
f 211/199/410 181/168/306 205/201/358
f 212/209/379 221/221/411 239/222/412
f 212/209/379 106/208/378 222/223/413
f 186/180/414 207/97/415 233/224/416
f 210/96/156 144/141/217 227/189/323
f 224/214/399 225/211/385 240/225/417
f 272/226/418 107/197/339 236/215/400
f 234/227/419 195/178/318 191/200/372
s 0
f 214/186/420 155/119/420 231/228/420
f 182/158/421 199/187/421 216/196/421
s 1
f 220/210/382 107/197/339 272/226/418
f 226/229/422 204/179/423 189/190/424
f 219/219/425 197/213/395 220/210/397
f 233/224/416 106/208/426 186/180/414
f 223/230/427 227/189/428 208/207/429
f 228/231/430 179/191/431 166/152/432
f 245/232/433 202/183/313 206/177/312
f 222/223/413 221/221/411 212/209/379
f 195/178/318 234/227/419 229/233/434
f 191/200/355 204/179/326 234/227/435
s 0
f 205/201/436 224/214/436 230/234/436
s 1
f 203/206/437 212/209/438 246/212/439
f 246/212/439 212/209/438 239/222/440
s 0
f 188/205/441 205/201/441 230/234/441
s 1
f 200/159/262 201/203/367 238/235/442
f 201/203/443 219/219/425 220/210/397
f 230/234/444 224/214/445 217/218/403
f 224/214/399 240/225/417 217/218/403
f 167/163/446 231/228/447 155/119/448
f 232/236/449 226/229/422 189/190/424
f 247/175/450 225/237/451 193/216/452
f 215/185/316 200/159/262 238/235/442
f 227/189/323 207/97/157 210/96/156
f 237/238/453 208/207/381 195/178/297
f 226/229/454 234/227/435 204/179/326
f 189/190/406 250/220/408 232/236/455
s 0
f 250/220/456 179/191/456 228/231/456
s 1
f 188/205/383 230/234/444 217/218/403
f 272/226/418 201/203/457 220/210/382
f 223/230/458 208/207/381 237/238/453
s 0
f 258/239/459 216/196/459 199/187/459
s 1
f 167/163/460 216/196/461 258/239/461
f 199/187/462 215/185/463 259/240/464
f 245/232/465 206/177/386 246/212/388
f 237/238/466 195/178/467 433/241/468
f 229/233/469 234/227/470 277/242/471
f 228/231/430 166/152/432 235/204/472
f 249/243/473 227/189/428 223/230/427
f 239/222/412 221/221/411 326/244/474
f 267/245/475 190/217/476 217/218/477
f 291/246/478 221/221/411 222/223/413
f 233/224/479 207/97/480 249/243/473
f 228/231/430 235/204/472 250/220/481
f 252/247/482 225/237/451 247/175/450
f 207/97/480 227/189/428 249/243/473
f 222/223/413 106/208/378 291/246/478
f 195/178/467 229/233/483 433/241/468
f 190/217/476 267/245/475 248/248/484
s 0
f 254/249/485 261/250/485 257/251/485
s 1
f 214/186/486 231/228/487 273/252/488
f 316/253/489 236/254/400 257/251/490
f 326/244/474 221/221/411 291/246/478
f 240/225/491 225/211/492 264/255/493
f 260/256/494 238/235/495 201/203/496
f 316/253/497 257/251/498 261/250/499
f 264/257/493 225/237/492 252/247/500
f 247/175/349 214/186/351 273/252/501
f 250/258/502 235/259/503 313/260/504
f 231/228/447 167/163/446 355/261/505
f 258/239/506 199/187/507 259/240/508
s 0
f 254/249/509 256/262/509 261/250/509
s 1
f 236/263/400 184/264/338 323/265/510
f 266/266/511 235/259/512 190/217/476
s 0
f 217/218/513 240/225/513 319/267/513
s 1
f 260/256/514 201/203/515 310/268/516
f 255/269/517 202/183/518 262/270/519
f 190/217/476 248/248/484 266/266/511
f 272/226/418 310/268/520 201/203/457
f 254/249/521 253/271/522 268/272/523
f 233/224/524 249/243/525 237/238/453
f 323/273/526 184/151/311 202/183/313
f 277/242/471 433/241/527 229/233/469
f 313/260/504 235/259/503 266/266/528
f 323/273/529 283/274/530 290/275/531
f 246/212/439 239/222/440 296/276/532
f 291/246/478 106/208/378 233/224/524
s 0
f 256/262/533 254/249/533 268/272/533
s 1
f 202/183/518 255/269/517 323/273/534
f 105/277/535 316/253/536 261/250/499
s 0
f 269/278/537 253/271/537 274/279/537
f 253/271/538 254/249/538 274/279/538
s 1
f 308/280/539 254/281/540 257/282/541
f 266/266/511 248/248/484 267/245/475
f 274/283/542 254/281/543 104/284/544
f 294/285/545 290/275/531 283/274/530
f 245/232/465 246/212/388 296/276/546
f 233/224/524 237/238/453 291/246/478
f 217/218/477 319/267/547 267/245/475
f 319/267/548 240/225/513 264/255/548
f 298/286/549 269/278/550 274/279/551
s 0
f 104/284/552 281/287/552 274/283/552
s 1
f 104/284/544 254/281/553 308/280/554
f 223/230/458 237/238/453 249/243/525
f 266/266/511 267/245/475 285/288/555
s 0
f 289/289/556 274/283/556 281/287/556
s 1
f 255/269/557 283/274/558 323/273/559
s 0
f 279/290/560 253/271/560 269/278/560
f 298/286/561 274/279/561 289/291/561
s 1
f 283/274/558 255/269/557 262/270/562
f 277/242/563 234/227/564 226/229/565
f 260/256/514 310/268/516 315/292/566
f 236/263/400 323/265/510 257/282/490
f 202/183/518 245/232/567 296/276/568
f 239/222/440 276/293/569 296/276/532
s 0
f 261/250/570 256/262/570 105/277/570
f 105/277/571 256/262/571 316/253/571
s 1
f 262/270/519 202/183/518 296/276/568
f 276/293/572 239/222/412 326/244/474
f 250/258/573 288/294/574 232/295/575
f 268/272/523 253/271/522 279/290/576
s 0
f 292/296/577 282/297/577 104/284/577
s 1
f 104/284/544 308/280/554 293/94/578
f 257/282/490 323/265/510 311/298/579
s 0
f 306/299/580 281/287/580 104/284/580
f 292/296/581 104/284/581 293/94/581
s 1
f 313/260/504 266/266/528 285/288/582
f 433/241/527 277/242/471 305/300/583
f 238/235/495 260/256/494 315/292/584
f 104/284/585 282/297/586 321/301/587
f 301/95/588 293/94/588 304/302/588
f 311/298/589 308/280/590 257/282/541
f 360/303/591 291/246/592 237/238/466
f 332/304/593 167/163/594 258/239/595
f 272/226/418 339/305/596 310/268/520
f 283/274/597 295/306/597 294/285/597
s 0
f 359/307/598 295/306/598 283/274/598
s 1
f 305/300/599 277/242/563 226/229/565
f 259/240/464 215/185/463 300/308/600
f 279/290/601 269/278/550 298/286/549
s 0
f 303/309/602 301/95/602 304/302/602
f 293/94/603 308/280/603 304/302/603
s 1
f 309/310/604 232/295/605 302/311/606
s 0
f 268/272/607 279/290/607 298/286/607
f 289/289/608 281/287/608 306/299/608
s 1
f 215/185/463 238/235/609 300/308/600
s 0
f 101/312/610 294/285/610 295/306/610
s 1
f 332/304/611 258/239/506 259/240/508
f 236/254/400 316/253/489 339/313/596
f 293/94/612 307/314/613 340/315/614
f 293/94/154 103/93/153 307/314/615
f 103/93/616 301/95/617 303/309/618
f 296/276/619 283/274/558 262/270/562
f 226/229/422 333/316/620 342/317/621
f 317/318/622 327/319/623 321/301/587
f 341/320/624 314/321/625 294/285/545
f 267/245/475 319/267/547 285/288/555
f 321/301/626 282/297/627 292/296/628
s 0
f 292/296/629 293/94/629 340/315/629
f 295/306/630 403/322/630 312/323/630
s 1
f 324/324/631 295/306/632 359/307/633
f 359/307/634 283/274/558 296/276/635
f 302/311/636 331/325/637 309/310/638
f 252/247/639 345/326/640 264/257/641
f 470/327/642 286/328/643 259/329/464
s 0
f 256/262/644 268/272/644 298/286/644
f 327/330/645 102/331/645 306/332/645
f 102/331/646 289/291/646 306/332/646
s 1
f 104/284/585 321/301/587 327/319/623
f 328/333/647 103/334/616 303/335/618
f 323/336/510 290/337/648 346/338/649
f 333/339/650 232/295/605 309/310/604
f 250/258/651 313/260/652 405/340/653
f 340/315/614 307/314/613 322/341/654
s 0
f 307/342/655 330/343/655 322/344/655
f 304/302/656 308/280/656 330/345/656
s 1
f 226/229/565 342/317/657 305/300/599
f 345/326/640 344/346/658 264/257/641
s 0
f 252/247/659 247/175/659 273/252/659
f 289/291/660 102/331/660 298/286/660
s 1
f 340/315/661 317/318/662 321/301/626
f 322/347/663 103/334/616 328/333/647
f 308/348/664 311/349/665 356/350/666
f 314/321/625 290/275/531 294/285/545
s 0
f 295/306/667 312/323/667 101/312/667
s 1
f 226/229/422 232/236/449 333/316/620
f 232/295/605 288/294/668 302/311/606
f 335/351/669 302/311/606 288/294/668
f 405/340/670 313/260/671 361/352/672
s 0
f 298/286/673 102/331/673 327/330/673
f 327/319/674 306/299/674 104/284/674
f 327/319/675 317/318/675 340/315/675
f 318/353/676 303/309/676 304/302/676
s 1
f 250/258/573 405/340/677 399/354/678
f 313/260/504 285/288/582 361/352/679
f 361/352/679 285/288/582 319/267/680
f 236/215/400 339/305/596 272/226/418
f 340/315/661 321/301/626 292/296/628
s 0
f 330/343/681 328/333/681 303/335/681
s 1
f 296/276/682 276/293/683 422/355/684
f 338/356/685 309/310/638 331/325/637
f 288/294/574 250/258/573 399/354/678
f 300/308/686 238/235/495 315/292/584
f 100/357/687 322/347/663 328/333/647
f 318/358/688 103/359/688 330/343/688
s 0
f 103/359/689 322/344/689 330/343/689
f 307/360/690 103/361/690 318/353/690
s 1
f 333/339/691 309/310/638 338/356/685
f 335/351/692 331/325/693 302/311/694
f 400/362/695 264/257/641 344/346/658
f 345/326/696 273/252/697 231/228/487
f 259/329/464 300/363/600 470/327/642
s 0
f 340/364/698 322/347/698 100/357/698
f 303/335/699 318/358/699 330/343/699
f 362/365/700 330/345/700 308/280/700
s 1
f 422/355/684 276/293/683 326/244/701
s 0
f 252/247/702 273/252/702 345/326/702
s 1
f 167/163/594 332/304/593 355/261/703
s 0
f 330/345/704 307/360/704 304/302/704
f 307/360/705 318/353/705 304/302/705
s 1
f 347/366/706 314/321/625 341/320/624
f 298/286/707 327/330/708 256/262/709
f 341/320/624 336/367/710 347/366/706
f 347/366/711 336/367/712 353/368/713
f 349/369/714 350/370/715 351/371/716
f 351/371/716 350/370/715 348/372/717
f 349/373/714 347/374/718 352/375/719
f 351/371/720 348/372/721 358/376/722
f 352/375/723 347/374/724 353/377/725
f 357/378/726 294/285/727 101/312/728
f 360/303/591 237/238/466 433/241/468
s 0
f 100/357/729 328/333/729 330/343/729
f 403/322/730 295/306/730 324/324/730
s 1
f 319/267/731 264/255/732 361/352/733
f 300/363/600 310/379/734 339/380/735
f 458/381/736 339/382/596 316/383/489
f 343/384/737 316/383/738 256/385/739
f 362/365/740 308/280/664 356/386/741
f 349/373/714 351/387/716 347/374/718
f 361/352/742 264/255/732 400/388/743
f 311/349/579 323/336/510 346/338/649
f 341/320/744 294/285/727 357/378/726
f 312/323/745 357/378/746 101/312/747
f 259/329/464 286/328/643 401/389/748
f 458/381/736 316/383/489 415/390/749
s 0
f 400/362/750 344/346/750 345/326/750
s 1
f 401/391/751 355/261/703 332/304/593
s 0
f 316/383/752 343/384/752 415/390/752
f 100/357/753 330/343/753 362/392/753
s 1
f 326/244/474 291/246/478 542/393/754
f 331/325/755 426/394/756 338/356/757
f 345/326/758 231/228/759 355/261/760
s 0
f 340/364/761 100/357/761 362/392/761
s 1
f 346/338/649 290/337/648 314/395/762
f 414/396/763 345/397/764 434/398/765
f 367/399/766 368/400/766 369/401/766
f 370/402/767 368/400/768 371/403/769
f 368/400/770 367/399/771 381/404/772
f 369/401/773 368/400/774 370/402/767
f 381/404/772 375/405/775 368/400/770
f 371/403/769 368/400/768 375/405/776
f 381/404/777 367/399/778 385/406/779
s 0
f 373/407/780 370/402/780 371/403/780
f 378/408/781 366/409/781 381/404/781
s 1
f 374/410/782 366/411/783 378/412/784
f 379/413/785 367/399/786 369/401/787
f 372/414/788 370/402/789 373/407/790
f 366/411/791 374/410/792 382/415/793
s 0
f 381/404/794 366/409/794 380/416/794
s 1
f 374/410/782 378/412/784 389/417/795
f 385/406/796 367/399/786 379/413/785
f 372/414/788 373/407/790 392/418/797
s 0
f 381/404/798 380/416/798 375/405/798
s 1
f 369/401/799 370/402/800 379/413/801
s 0
f 366/409/802 382/419/802 380/416/802
s 1
f 370/402/800 372/414/803 383/420/804
f 375/405/805 373/407/806 371/403/807
s 0
f 384/421/808 378/408/808 381/404/808
s 1
f 383/420/804 379/413/801 370/402/800
f 373/407/806 375/405/805 380/416/809
f 384/421/810 381/404/811 385/406/812
f 383/420/813 372/414/814 392/418/815
s 0
f 389/422/816 378/408/816 384/421/816
s 1
f 392/418/797 373/407/790 393/423/817
f 382/415/793 374/410/792 386/424/818
f 387/425/819 386/424/818 374/410/792
s 0
f 382/419/820 373/407/820 380/416/820
f 390/426/821 385/427/821 365/428/821
f 385/427/822 390/426/822 384/429/822
s 1
f 373/407/790 382/419/823 393/423/817
s 0
f 385/427/824 379/430/824 365/428/824
f 389/422/825 384/421/825 448/431/825
s 1
f 407/432/826 383/433/813 392/434/815
f 391/435/827 379/430/828 383/433/829
f 365/428/830 379/430/828 391/435/831
f 386/424/818 387/425/819 412/436/832
f 387/437/833 395/438/834 394/439/835
s 0
f 363/440/836 387/437/836 394/439/836
s 1
f 387/425/819 409/441/837 412/436/832
f 394/442/838 395/443/839 409/444/840
f 422/355/841 359/307/634 296/276/635
f 400/445/842 345/397/764 414/396/763
f 256/262/709 327/330/708 340/446/843
f 346/338/649 314/395/762 406/447/844
f 418/448/845 351/387/720 358/449/722
s 0
f 394/442/846 409/444/846 402/450/846
s 1
f 387/425/819 363/451/847 409/441/837
f 364/452/848 349/373/849 352/375/850
s 0
f 356/350/851 311/349/851 415/390/851
f 394/442/852 402/450/852 363/453/852
s 1
f 409/441/840 395/454/839 412/436/853
s 0
f 417/455/854 312/323/854 403/322/854
f 405/340/855 361/352/855 400/388/855
s 1
f 358/449/856 363/456/857 402/457/858
f 449/458/859 382/415/793 386/424/818
f 408/459/860 395/460/861 402/450/862
f 353/368/713 336/367/712 364/461/863
f 336/367/864 341/320/865 99/462/866
f 397/463/867 333/339/868 338/356/869
f 338/356/757 426/394/756 410/464/870
f 410/464/871 426/394/872 411/465/873
f 426/394/872 398/466/874 411/465/873
s 0
f 362/392/875 256/385/875 340/364/875
s 1
f 393/423/817 382/419/823 449/467/876
s 0
f 402/450/877 409/444/877 408/459/877
f 99/462/878 341/320/878 357/378/878
s 1
f 434/398/879 345/397/758 355/468/760
f 343/384/880 362/392/740 356/350/741
f 347/374/881 351/387/720 418/448/845
s 0
f 396/469/882 384/429/882 416/470/882
s 1
f 352/375/723 353/377/725 364/452/883
f 360/303/591 433/241/468 444/471/884
f 405/340/885 400/388/886 487/472/887
f 395/438/861 387/437/833 374/473/888
s 0
f 384/429/889 390/426/889 416/470/889
s 1
f 455/474/890 365/428/830 391/435/831
f 412/436/891 395/454/892 408/475/893
f 332/304/611 259/240/508 401/391/894
s 0
f 356/350/895 415/390/895 343/384/895
s 1
f 418/448/896 358/449/856 402/457/858
f 396/476/897 448/431/898 384/421/899
f 455/474/890 390/426/900 365/428/830
f 409/444/837 363/477/847 408/459/901
f 428/478/902 349/369/849 364/479/848
s 0
f 450/480/903 93/86/903 435/87/903
s 1
f 92/81/127 83/75/144 429/481/904
f 288/294/668 427/482/905 335/351/669
f 288/294/668 399/354/906 427/482/905
f 414/396/763 487/483/907 400/445/842
f 256/385/739 362/392/908 343/384/737
f 458/381/909 311/349/579 346/338/649
f 346/338/649 406/447/844 421/484/910
f 363/456/857 358/449/856 408/485/911
f 425/486/912 305/300/599 342/317/657
f 315/292/566 310/268/516 300/308/913
f 458/381/736 415/390/749 311/349/579
f 78/60/78 92/81/127 435/87/138
s 0
f 437/92/914 84/79/914 85/64/914
s 1
f 364/461/915 336/367/864 99/462/866
f 312/323/745 417/455/916 357/378/746
f 399/354/917 405/340/885 487/472/887
f 391/435/831 383/433/918 407/432/919
f 350/370/920 349/369/849 428/478/902
f 433/241/527 305/300/583 425/486/921
f 395/438/861 374/473/888 402/487/862
f 364/488/922 450/480/923 428/489/924
f 450/480/923 435/87/925 428/489/924
s 0
f 523/82/926 97/69/926 98/74/926
s 1
f 386/424/818 412/436/832 449/458/859
f 439/490/927 412/436/891 408/475/893
f 397/463/867 338/356/869 492/491/928
f 453/492/929 411/465/930 398/466/931
f 498/493/932 314/395/933 347/494/934
f 416/470/935 390/426/900 455/474/890
f 449/458/936 412/436/937 439/490/938
f 83/75/144 95/88/139 429/481/904
f 94/91/939 431/90/145 87/80/147
f 96/66/89 93/86/137 450/480/940
f 331/325/693 335/351/692 469/495/941
f 479/496/942 339/382/596 458/381/736
f 508/497/943 448/431/944 396/476/945
s 0
f 440/498/946 357/378/946 417/455/946
s 1
f 417/455/947 403/322/947 324/324/947
f 504/499/948 355/468/949 401/389/950
f 421/484/910 406/447/844 465/500/951
f 374/473/952 389/422/953 461/501/954
f 396/469/955 416/470/956 477/502/957
f 455/474/890 391/435/831 407/432/919
f 437/92/152 88/78/120 431/90/141
s 0
f 364/488/958 99/503/958 451/504/958
f 99/503/959 357/505/959 451/504/959
f 359/307/960 422/355/960 459/506/960
s 1
f 452/507/961 360/508/591 444/509/884
f 473/510/962 333/316/963 397/511/964
f 411/465/965 453/492/966 410/464/967
f 392/418/797 393/423/817 449/467/876
f 84/79/122 437/92/968 430/84/142
f 398/466/931 488/512/969 453/492/929
s 0
f 398/466/970 438/513/970 488/512/970
s 1
f 350/370/971 441/514/972 348/372/972
f 52/515/973 90/83/974 96/62/975
s 0
f 440/498/976 417/455/976 324/324/976
s 1
f 444/471/977 433/241/527 425/486/921
f 531/516/978 333/316/963 473/510/962
f 508/517/979 396/469/955 477/502/957
f 435/87/138 92/81/127 429/481/904
f 355/468/949 504/499/948 434/398/980
s 0
f 498/493/981 347/494/981 454/518/981
s 1
f 374/473/952 461/501/954 402/487/982
s 0
f 364/488/983 451/504/983 463/519/983
s 1
f 459/506/984 422/355/985 494/520/986
f 422/355/985 326/244/987 494/520/986
f 291/246/592 360/303/591 542/393/988
f 408/521/989 358/376/990 468/522/991
f 441/514/992 358/376/990 348/372/993
f 473/523/994 397/463/867 492/491/928
f 335/351/692 427/482/995 469/495/941
f 487/483/907 414/396/763 507/524/996
f 464/525/997 401/389/998 460/526/999
f 471/527/1000 454/528/1000 347/374/1000
f 471/527/1001 347/374/881 418/448/845
f 418/448/896 402/457/858 471/527/1002
f 95/88/1003 430/89/1004 506/529/1005
f 437/92/152 431/90/141 94/91/150
f 94/91/150 523/82/149 499/530/1006
f 96/66/975 450/480/1007 52/531/973
s 0
f 450/480/1008 364/488/1008 463/519/1008
s 1
f 324/324/631 359/307/633 440/498/1009
f 542/532/988 360/508/591 53/533/1010
f 492/491/1011 338/356/757 410/464/870
s 0
f 398/466/1012 426/394/1012 501/534/1012
s 1
f 487/472/1013 482/535/1014 399/354/1015
f 460/526/1016 401/389/1017 457/536/1018
s 0
f 517/537/1019 350/370/1019 428/478/1019
s 1
f 437/92/152 94/91/150 466/538/1020
f 326/244/474 542/393/754 494/520/1021
f 457/536/1018 401/389/1017 286/328/1022
s 0
f 402/487/1023 461/501/1023 467/539/1023
s 1
f 392/434/797 449/540/876 456/541/1024
f 451/542/1025 357/378/1026 475/543/1027
f 360/508/591 503/544/1028 53/533/1010
s 0
f 438/513/1029 398/466/1029 486/545/1029
s 1
f 426/394/756 331/325/755 469/495/1030
s 0
f 406/447/1031 314/395/1031 465/500/1031
f 462/546/816 389/422/816 448/431/816
s 1
f 463/519/1032 52/531/1032 450/480/1032
f 439/547/1033 408/521/1033 468/522/1033
f 333/316/620 531/516/1034 342/317/1035
s 0
f 486/545/1036 398/466/1036 501/534/1036
s 1
f 427/482/905 399/354/906 482/535/1037
f 448/431/944 508/497/943 462/546/1038
f 430/84/1039 437/92/1040 552/548/1041
f 90/83/1042 52/515/1043 480/30/41
f 452/507/961 444/509/884 530/549/1044
f 488/512/1045 438/513/1045 486/545/1045
f 414/396/763 489/550/1046 507/524/996
f 471/551/1002 402/487/858 467/539/1047
s 0
f 455/474/1048 407/432/1048 416/470/1048
s 1
f 468/522/991 358/376/990 441/514/992
f 426/394/756 469/495/1030 501/534/1049
f 414/396/763 434/398/765 489/550/1046
f 526/552/1050 421/484/910 465/500/951
f 506/529/1005 429/481/1051 95/88/1003
f 440/498/1009 359/307/633 494/520/1021
f 481/553/1052 427/482/905 482/535/1037
f 464/525/1053 512/554/1054 401/389/1055
f 465/500/951 314/395/1056 498/493/932
f 430/89/1039 552/555/1041 506/529/1057
f 357/378/1026 440/498/1009 475/543/1027
s 0
f 359/307/1058 459/506/1058 494/520/1058
s 1
f 485/556/1059 53/533/1060 478/557/1061
f 407/432/826 392/434/815 522/558/1062
f 451/559/1063 475/560/1064 560/561/1065
f 469/495/1066 427/482/1067 493/562/1068
f 491/563/1069 461/501/1070 389/422/1071
f 449/540/936 439/547/938 456/541/1072
f 463/564/1073 451/559/1074 45/27/1075
f 538/565/1076 485/556/1059 478/557/1061
s 0
f 53/533/1077 483/566/1077 478/557/1077
s 1
f 483/566/1078 53/533/1079 500/567/1080
s 0
f 458/381/1081 346/338/1081 421/484/1081
s 1
f 467/539/1082 461/501/1083 491/563/1084
f 437/92/1040 466/538/1085 552/548/1041
s 0
f 485/556/1086 538/565/1086 495/568/1086
s 1
f 493/562/1068 427/482/1067 481/553/1087
f 401/389/1055 512/554/1054 504/499/1088
f 466/538/1020 94/91/150 499/530/1006
f 522/558/1062 392/434/815 456/541/1089
f 456/541/1072 439/547/938 468/522/1090
f 473/523/994 492/491/928 550/569/1091
f 522/558/1092 416/470/1093 407/432/1094
s 0
f 53/533/1095 485/556/1095 529/570/1095
s 1
f 500/567/1080 53/533/1096 520/571/1097
f 545/572/1098 410/464/967 453/492/966
f 487/483/1013 507/524/1099 556/573/1100
f 505/574/1101 286/328/643 470/327/642
f 458/381/736 421/484/910 526/552/1050
f 498/575/1102 454/576/1102 471/551/1102
f 441/514/972 350/370/971 561/577/1103
f 52/531/1104 463/519/1105 518/578/1106
f 45/27/1075 518/579/1107 463/564/1073
f 451/559/1108 560/561/1109 45/27/1110
s 0
f 342/317/1111 509/580/1111 425/486/1111
s 1
f 501/534/1049 469/495/1030 571/581/1112
f 508/517/979 477/502/957 521/582/1113
f 98/74/1114 90/83/1042 480/30/41
f 452/507/961 503/544/1028 360/508/591
f 486/545/1115 501/534/1116 510/583/1117
f 512/554/1118 464/525/997 460/526/999
f 467/539/1082 491/563/1084 551/584/1119
f 477/502/957 416/470/1120 539/585/1121
f 428/489/924 435/87/925 517/586/1122
f 435/87/138 429/481/904 517/586/1123
f 507/524/996 489/550/1046 532/587/1124
f 504/499/1125 489/550/1046 434/398/765
f 491/563/1069 389/422/1071 462/546/1126
f 499/530/1006 541/588/1127 466/538/1020
s 0
f 485/556/1128 51/36/1128 529/570/1128
f 478/557/1129 483/566/1129 538/565/1129
s 1
f 520/571/1130 503/544/1028 452/507/961
s 0
f 509/580/1131 342/317/1131 531/516/1131
f 545/572/1132 453/492/1132 536/589/1132
s 1
f 571/581/1112 469/495/1030 493/562/1133
f 300/363/600 339/380/735 497/590/1134
f 475/543/1027 440/498/1009 494/520/1021
f 542/532/988 53/533/1010 566/591/1135
s 0
f 51/36/1136 535/35/1136 529/570/1136
s 1
f 509/592/1137 473/523/994 550/569/1091
f 501/534/1116 571/581/1138 510/583/1117
f 521/582/1113 477/502/957 539/585/1121
f 441/514/1139 561/577/1140 516/593/1141
s 0
f 50/37/1142 51/36/1142 533/594/1142
s 1
f 524/595/1143 485/556/1144 555/596/1145
f 495/568/1146 502/597/1147 485/556/1148
s 0
f 502/597/1149 495/568/1149 538/565/1149
f 538/565/1150 483/566/1150 500/567/1150
s 1
f 53/533/1010 503/544/1028 520/571/1130
f 530/549/1151 444/509/1152 509/598/1153
f 444/509/1152 425/599/1154 509/598/1153
f 492/491/1011 410/464/870 545/572/1155
f 98/74/1156 480/30/1157 523/82/1158
f 49/33/46 48/31/47 52/515/1104
f 48/31/42 480/30/41 52/515/1043
f 480/30/44 49/33/46 518/579/1106
f 49/33/46 52/515/1104 518/579/1106
s 0
f 51/36/1159 485/556/1159 524/595/1159
f 546/600/1160 536/589/1160 453/492/1160
s 1
f 556/573/1100 507/524/1099 532/587/1161
f 471/551/1162 467/539/1047 534/601/1163
f 561/577/1103 350/370/971 517/537/1164
f 552/548/1165 466/538/1166 553/602/1167
s 0
f 53/533/1168 529/570/1168 566/591/1168
s 1
f 531/516/1169 473/510/962 509/580/1170
f 468/522/1171 441/514/1172 516/593/1173
s 0
f 533/594/1174 535/35/1174 50/37/1174
f 538/565/1175 500/567/1175 520/571/1175
s 1
f 453/492/1176 570/603/1177 546/600/1178
f 453/492/1179 488/512/1180 570/603/1177
f 541/588/1181 527/604/1182 466/538/1183
f 541/588/1127 499/530/1006 523/82/149
f 518/579/1107 45/27/1075 554/605/1184
f 509/592/1137 550/569/1091 558/606/1185
s 0
f 460/526/1186 547/607/1186 504/499/1186
f 498/575/1187 471/551/1187 534/601/1187
s 1
f 467/539/1047 551/584/1188 534/601/1163
f 539/585/1189 416/470/1093 522/558/1092
f 553/602/1190 527/604/1191 577/608/1192
f 494/520/1021 542/393/754 475/543/1027
f 504/499/1193 512/554/1118 460/526/999
f 522/558/1062 456/541/1089 576/609/1194
f 540/610/1195 553/602/1196 577/608/1197
f 537/611/1198 524/595/1143 555/596/1145
f 548/612/1199 506/529/1057 552/555/1041
f 457/536/1018 286/328/1022 505/574/1200
f 554/605/1201 523/82/1158 480/30/1157
f 524/595/1202 549/613/1203 51/36/1204
f 524/595/1202 537/611/1205 549/613/1203
s 0
f 549/613/1206 537/611/1206 555/596/1206
f 489/550/1207 504/499/1207 547/607/1207
s 1
f 470/327/642 300/363/600 497/590/1134
f 584/614/1208 458/381/736 526/552/1050
f 491/563/1209 462/546/1210 508/497/1211
f 429/481/1212 506/529/1213 548/612/1214
s 0
f 466/538/1215 527/604/1215 553/602/1215
s 1
f 480/30/44 518/579/1106 554/605/1216
f 485/556/1148 502/597/1147 555/596/1217
s 0
f 502/597/1218 538/565/1218 555/596/1218
s 1
f 569/615/1219 520/571/1130 452/507/961
f 550/569/1220 492/491/1011 545/572/1155
f 526/552/1050 465/500/951 498/493/932
s 0
f 559/616/1221 498/617/1221 534/618/1221
s 1
f 576/609/1194 456/541/1089 468/522/1222
f 523/82/149 554/605/1223 541/588/1127
f 611/619/1224 560/561/1065 475/560/1064
f 529/570/1225 535/35/1226 569/615/1227
s 0
f 549/613/1228 533/594/1228 51/36/1228
s 1
f 489/550/1046 547/607/1229 568/620/1230
f 457/536/1231 505/574/1200 583/621/1232
f 551/622/1233 508/517/979 521/582/1113
s 0
f 546/600/1234 545/572/1234 536/589/1234
s 1
f 570/603/1177 488/512/1180 621/623/1235
f 488/512/1180 486/545/1236 510/583/1237
f 482/535/1037 578/624/1238 481/553/1052
f 514/625/1239 470/327/642 575/626/1240
f 497/590/1134 339/380/735 479/627/1241
f 554/605/1184 45/27/38 46/29/40
s 0
f 566/591/1242 529/570/1242 569/615/1242
s 1
f 538/565/1243 520/571/1244 555/596/1245
f 530/549/1246 509/598/1247 558/628/1248
f 558/606/1249 550/569/1250 567/629/1251
f 539/630/1252 573/631/1253 565/632/1254
f 516/633/1141 561/634/1140 609/635/1255
f 569/615/1227 535/35/1226 533/594/1256
f 551/584/1257 491/563/1209 508/497/1211
f 479/496/942 458/381/736 584/614/1208
f 561/634/1103 517/586/1164 548/612/1258
f 527/604/1259 554/605/1260 577/608/1192
f 558/628/1248 598/636/1261 530/549/1246
f 560/561/1109 611/619/1262 45/27/1110
f 564/637/1263 547/607/1264 460/526/1016
f 595/638/1265 526/552/1050 498/493/932
f 45/27/1110 611/619/1262 562/28/1266
s 0
f 569/615/1267 533/594/1267 549/613/1267
s 1
f 555/596/1245 520/571/1268 549/613/1269
f 549/613/1269 520/571/1268 569/615/1270
f 696/639/1271 556/573/1100 532/587/1161
f 460/526/1016 457/536/1018 564/637/1272
f 575/626/1240 470/327/642 497/590/1134
f 573/631/1253 539/630/1252 576/640/1273
f 539/585/1189 522/558/1092 576/609/1274
f 527/604/1182 541/588/1181 554/605/1275
s 0
f 577/608/1276 554/605/1276 46/29/1276
s 1
f 574/641/1277 545/572/1278 546/600/1279
f 532/587/1124 489/550/1046 563/642/1280
f 505/574/1281 470/327/1282 581/643/1283
f 470/327/1284 514/625/1285 581/643/1286
f 521/582/1287 539/585/1287 565/644/1287
f 576/609/1288 468/522/1171 703/645/1289
f 569/615/1219 452/507/961 36/25/1290
f 550/569/1220 545/572/1155 567/629/1291
f 488/512/1180 510/583/1237 621/623/1235
s 0
f 579/646/1292 457/536/1292 583/621/1292
s 1
f 521/582/1293 565/644/1294 588/647/1295
f 468/522/1171 516/593/1173 703/645/1289
f 429/481/1212 548/612/1214 517/586/1296
f 578/624/1297 482/535/1014 487/472/1013
f 487/483/1013 556/573/1100 578/648/1297
f 563/642/1280 489/550/1046 568/620/1230
s 0
f 595/649/1298 559/616/1298 534/618/1298
s 1
f 600/650/1299 542/532/988 566/591/1135
f 600/650/1299 566/591/1135 569/615/1219
f 598/636/1300 44/651/1301 452/507/1302
f 530/549/1303 598/636/1300 452/507/1302
f 546/600/1178 570/603/1177 574/641/1304
s 0
f 595/649/1305 498/617/1305 559/616/1305
s 1
f 589/652/1306 552/555/1041 553/653/1307
f 542/532/988 600/650/1299 475/654/1308
f 613/655/1309 545/572/1278 574/641/1277
s 0
f 621/623/1310 510/583/1310 582/656/1310
f 585/657/1311 510/583/1311 571/581/1311
s 1
f 696/639/1312 532/587/1124 563/642/1280
f 563/642/1313 568/620/1314 593/658/1315
f 551/622/1188 521/582/1293 588/647/1295
s 0
f 634/659/1316 561/634/1316 548/612/1316
s 1
f 540/610/1195 590/660/1317 553/602/1196
f 46/29/40 562/28/39 599/661/1318
f 571/581/1319 493/562/1320 481/553/1321
f 548/612/1199 552/555/1041 589/652/1306
f 582/656/1322 510/583/1323 585/657/1324
f 571/581/1319 481/553/1321 616/662/1325
f 578/648/1297 556/573/1100 586/663/1326
f 563/642/1280 617/664/1327 696/639/1312
f 593/658/1328 591/665/1329 563/642/1313
f 608/666/1330 565/632/1331 573/631/1332
f 584/614/1208 526/552/1050 595/638/1333
f 577/608/1334 46/29/40 599/661/1318
s 0
f 568/620/1335 618/667/1335 593/658/1335
s 1
f 586/663/1326 556/573/1100 696/639/1271
f 457/536/1336 579/646/1337 587/668/1338
f 596/669/1339 590/660/1340 540/610/1341
f 598/670/1342 558/606/1249 567/629/1251
f 576/640/1288 703/671/1289 573/631/1343
s 0
f 618/667/1344 568/620/1344 602/672/1344
s 1
f 602/672/1345 568/620/1346 547/607/1229
f 41/673/1347 479/627/1241 584/674/1348
f 659/675/1349 452/507/1302 44/651/1301
f 44/651/1350 604/676/1351 597/677/1352
f 547/607/1229 564/637/1353 602/672/1345
f 497/590/1134 479/627/1241 41/673/1347
f 551/622/1188 588/647/1295 534/678/1163
f 600/650/1299 569/615/1219 36/25/1290
f 598/636/1300 635/679/1354 44/651/1301
f 34/680/1355 584/674/1348 595/681/1356
f 567/629/1291 545/572/1155 613/655/1357
f 616/662/1358 481/553/1052 578/624/1238
f 596/669/1359 605/682/1360 42/683/1361
f 590/660/1362 596/669/1339 615/684/1363
s 0
f 540/610/1364 577/608/1364 599/661/1364
s 1
f 475/654/1308 600/650/1299 638/685/1365
f 606/686/1366 604/676/1367 43/687/1368
f 593/658/1369 594/688/1370 591/665/1371
f 597/677/1372 604/676/1367 606/686/1366
s 0
f 614/689/1373 563/642/1373 591/665/1373
s 1
f 605/682/1374 610/690/1375 623/691/1376
s 0
f 540/610/1377 599/661/1377 596/669/1377
s 1
f 564/637/1272 457/536/1018 670/692/1378
f 516/633/1141 609/635/1255 686/693/1379
f 610/690/1380 624/694/1381 40/695/1382
f 628/696/1383 36/25/1290 452/507/961
f 594/688/1370 592/697/1384 591/665/1371
f 514/625/1239 575/626/1240 702/698/1385
f 42/683/1361 605/682/1360 623/691/1386
f 43/687/1387 641/699/1388 606/686/1389
f 574/641/1304 570/603/1177 636/700/1390
f 587/668/1391 579/646/1337 619/701/1392
f 548/612/1393 589/652/1394 634/659/1395
s 0
f 475/560/1396 638/702/1396 611/619/1396
f 617/664/1397 563/642/1397 614/689/1397
f 622/703/1398 594/688/1398 593/658/1398
s 1
f 629/704/1399 534/618/1400 588/705/1401
s 0
f 659/675/1402 44/651/1402 654/706/1402
f 641/699/1403 620/707/1403 643/708/1403
s 1
f 604/676/1351 44/651/1350 626/709/1404
f 610/690/1380 40/695/1382 627/710/1405
f 562/28/1406 39/711/1407 599/661/1408
f 641/699/1388 43/687/1409 620/707/1410
s 0
f 44/651/1411 635/679/1411 626/709/1411
s 1
f 670/692/1378 457/536/1018 587/668/1412
f 595/649/1356 534/618/1413 629/704/1399
f 589/652/1394 553/653/1414 634/659/1395
f 41/673/1347 584/674/1348 34/680/1355
f 623/691/1376 610/690/1375 627/710/1415
s 0
f 596/669/1416 599/661/1416 625/712/1416
s 1
f 582/656/1417 585/657/1324 621/623/1418
s 0
f 619/701/1419 579/646/1419 583/621/1419
s 1
f 588/705/1401 565/632/1420 608/666/1421
s 0
f 42/683/1422 590/660/1422 615/684/1422
f 596/669/1423 42/683/1423 615/684/1423
s 1
f 40/695/1382 624/694/1381 637/713/1424
f 611/619/1425 638/702/1426 653/714/1427
f 600/650/1299 36/25/1290 638/685/1365
s 0
f 632/715/1428 36/25/1428 37/24/1428
f 598/636/1429 692/716/1429 635/679/1429
s 1
f 598/670/1430 567/629/1431 692/717/1432
f 629/718/1399 34/680/1355 595/681/1356
f 703/671/1433 516/719/1434 645/720/1435
f 561/634/1436 634/659/1436 652/721/1436
f 647/722/1437 637/713/1424 624/694/1381
s 0
f 38/26/1438 36/25/1438 628/696/1438
s 1
f 655/723/1439 635/679/1440 692/716/1441
f 644/724/1442 567/629/1443 613/655/1357
f 636/700/1390 570/603/1177 621/623/1235
s 0
f 591/665/1444 592/697/1444 640/725/1444
s 1
f 505/574/1281 581/643/1283 583/621/1445
f 516/633/1434 686/693/1446 645/726/1435
s 0
f 599/661/1447 39/711/1447 625/712/1447
f 638/685/1448 36/25/1448 632/715/1448
f 630/727/1449 620/707/1449 639/728/1449
s 1
f 640/725/1450 614/689/1451 591/665/1452
f 602/672/1345 564/637/1353 670/692/1453
f 40/695/1382 637/713/1424 627/710/1405
f 647/722/1437 624/694/1381 610/690/1380
f 611/619/1454 653/714/1455 562/28/1456
s 0
f 632/715/1457 35/729/1457 638/685/1457
f 620/707/1458 630/727/1458 633/730/1458
s 1
f 609/635/1255 561/634/1140 652/721/1459
f 633/730/1460 643/708/1460 620/707/1460
f 583/621/1461 581/643/1286 514/625/1285
f 634/659/1462 553/653/1463 652/721/1464
f 35/729/1465 632/715/1466 642/731/1467
f 628/696/1468 452/507/1302 659/675/1349
f 575/626/1240 497/590/1134 41/673/1347
f 605/682/1469 596/669/1470 625/712/1471
f 642/731/1472 632/715/1466 658/732/1473
f 658/732/1474 38/26/1474 628/696/1474
f 630/727/1475 646/733/1476 633/730/1477
s 0
f 43/687/1478 684/734/1478 620/707/1478
s 1
f 618/667/1479 678/735/1480 593/658/1481
s 0
f 562/28/1482 653/714/1482 662/736/1482
s 1
f 632/715/1483 37/24/1484 658/732/1485
f 658/732/1485 37/24/1484 38/26/1486
f 43/687/1368 604/676/1367 709/737/1487
f 578/624/1238 631/738/1488 616/662/1358
f 685/739/1489 586/663/1326 696/639/1271
f 696/639/1312 617/664/1327 660/740/1490
f 670/692/1453 650/741/1491 602/672/1345
s 0
f 645/720/1492 694/742/1492 661/743/1492
s 1
f 553/653/1463 590/744/1493 652/721/1464
f 701/745/1494 627/746/1405 637/747/1424
f 604/676/1495 626/709/1496 709/737/1497
s 0
f 626/709/1498 635/679/1498 655/723/1498
f 752/748/1499 567/629/1499 644/724/1499
s 1
f 571/581/1319 616/662/1325 724/749/1500
s 0
f 640/725/1501 592/697/1501 651/750/1501
s 1
f 592/697/1502 594/688/1503 622/703/1504
s 0
f 587/668/1505 583/621/1505 514/625/1505
s 1
f 575/626/1240 41/673/1347 656/751/1506
f 39/711/1407 562/28/1406 662/736/1507
f 638/685/1508 35/729/1509 662/752/1510
f 35/729/1511 642/731/1512 662/752/1513
s 0
f 646/733/1514 630/727/1514 664/753/1514
s 1
f 757/754/1515 631/738/1516 578/624/1297
s 0
f 617/664/1517 614/689/1517 660/740/1517
f 694/742/1518 677/755/1518 661/743/1518
s 1
f 654/706/1519 44/651/1520 597/677/1521
f 692/717/1432 567/629/1431 752/748/1522
f 613/655/1523 574/641/1524 636/700/1525
f 585/657/1526 571/581/1527 682/756/1528
f 42/757/1529 652/721/1530 590/744/1531
f 42/757/1532 623/758/1533 695/759/1534
f 636/700/1390 621/623/1235 668/760/1535
f 586/663/1326 685/739/1489 578/648/1297
s 0
f 619/701/1536 583/621/1536 587/668/1536
s 1
f 514/625/1537 702/698/1538 671/761/1539
f 588/705/1401 608/666/1421 706/762/1540
f 703/671/1433 645/720/1435 665/763/1541
f 605/682/1542 688/764/1543 610/690/1544
f 605/682/1469 625/712/1471 39/711/1545
s 0
f 642/731/1546 658/732/1546 662/752/1546
s 1
f 613/655/1357 727/765/1547 644/724/1442
f 681/766/1548 621/623/1418 585/657/1324
f 669/767/1549 593/658/1481 678/735/1480
f 702/698/1385 575/626/1240 753/768/1550
f 41/673/1347 34/680/1355 745/769/1551
f 616/662/1358 631/738/1488 724/749/1552
s 0
f 665/763/1553 645/720/1553 661/743/1553
s 1
f 676/770/1554 674/771/1555 672/772/1556
f 674/771/1555 676/770/1554 673/773/1557
f 627/746/1558 701/745/1559 730/774/1560
f 641/775/1561 744/776/1562 606/777/1563
f 689/778/1564 643/708/1565 633/730/1566
f 34/680/1355 629/718/1399 745/769/1551
f 679/779/1567 675/780/1568 676/781/1554
f 675/782/1568 673/773/1569 676/770/1554
f 661/743/1570 677/755/1571 683/783/1572
f 742/784/1573 609/635/1255 652/721/1459
f 627/746/1558 730/774/1560 623/758/1574
f 688/764/1543 647/722/1575 610/690/1544
f 618/667/1576 602/672/1577 678/735/1578
f 638/702/1579 662/736/1580 653/714/1581
s 0
f 664/753/1582 630/727/1582 639/728/1582
f 621/623/1583 681/766/1583 668/760/1583
s 1
f 640/725/1584 651/750/1585 690/785/1586
s 0
f 622/703/1587 593/658/1587 669/767/1587
s 1
f 587/668/1412 514/625/1588 671/761/1539
f 39/711/1407 662/736/1507 720/786/1589
f 689/778/1590 633/730/1591 646/733/1476
f 681/766/1592 585/657/1526 682/756/1528
f 629/704/1399 588/705/1401 706/762/1540
f 674/771/1593 673/773/1594 754/787/1595
f 693/788/1596 672/772/1597 704/789/1598
f 688/764/1599 605/682/1469 39/711/1545
f 608/666/1330 573/631/1332 705/790/1600
f 704/789/1598 672/772/1597 683/783/1601
f 698/791/1602 645/726/1435 686/693/1446
f 701/792/1494 637/713/1424 647/722/1437
s 0
f 662/752/1603 658/732/1603 628/696/1603
s 1
f 757/793/1515 578/648/1297 685/739/1489
f 678/735/1578 602/672/1604 650/741/1605
f 672/772/1606 674/771/1593 710/794/1607
f 741/795/1608 673/773/1609 675/782/1610
f 679/779/1567 676/781/1554 693/796/1611
f 686/693/1379 609/635/1255 742/784/1573
f 571/581/1319 724/749/1500 682/756/1612
s 0
f 622/703/1613 669/767/1613 700/797/1613
f 694/798/1614 645/726/1614 698/791/1614
s 1
f 720/799/1589 662/800/1507 713/801/1615
f 691/802/1616 709/737/1497 626/709/1496
f 614/689/1451 640/725/1450 690/785/1617
s 0
f 711/803/1618 626/709/1618 655/723/1618
f 747/804/1619 665/763/1619 661/743/1619
s 1
f 683/783/1620 672/772/1606 710/794/1607
f 710/794/1607 674/771/1593 754/787/1595
f 676/770/1554 672/772/1556 693/788/1611
f 704/789/1621 683/783/1572 677/755/1571
f 662/752/1622 628/696/1468 659/675/1623
f 597/805/1372 606/777/1366 744/776/1624
f 722/806/1625 646/733/1626 664/753/1627
f 707/807/1628 664/753/1629 734/808/1630
f 717/809/1631 683/783/1620 710/794/1607
f 741/795/1632 754/787/1595 673/773/1594
f 688/764/1633 701/792/1634 647/722/1635
f 622/703/1504 700/797/1636 592/697/1502
f 670/692/1378 587/668/1412 671/761/1539
f 753/768/1550 575/626/1240 656/751/1506
f 719/810/1637 656/751/1506 41/673/1347
f 769/811/1638 608/666/1330 705/790/1600
f 705/790/1600 573/631/1332 703/671/1639
f 736/812/1640 641/699/1641 643/708/1642
f 689/778/1643 646/733/1626 722/806/1625
f 636/700/1644 668/760/1645 727/765/1646
f 623/758/1533 730/774/1647 695/759/1648
f 714/813/1649 713/801/1650 715/814/1651
s 0
f 707/807/1652 708/815/1652 746/816/1652
s 1
f 613/655/1523 636/700/1525 727/765/1653
f 742/784/1573 735/817/1654 686/693/1379
f 765/818/1655 689/819/1656 716/820/1657
s 0
f 716/820/1658 689/819/1658 722/821/1658
s 1
f 708/815/1659 707/807/1660 734/808/1661
f 639/728/1662 620/707/1663 723/822/1664
s 0
f 620/707/1665 684/734/1665 723/822/1665
s 1
f 655/723/1439 692/716/1666 805/823/1667
f 724/749/1552 631/738/1488 755/824/1668
f 713/801/1650 714/813/1649 720/799/1669
s 0
f 715/814/1670 713/801/1670 654/825/1670
s 1
f 733/826/1671 765/818/1655 716/820/1672
f 738/827/1673 708/828/1659 734/829/1661
f 718/830/1674 664/753/1675 639/728/1676
f 727/765/1646 668/760/1645 681/766/1677
f 661/743/1570 683/783/1572 717/809/1678
f 722/806/1679 664/753/1629 707/807/1628
s 0
f 614/689/1680 690/785/1680 660/740/1680
s 1
f 675/780/1681 679/779/1682 33/831/1683
s 0
f 770/832/1684 677/833/1684 694/798/1684
s 1
f 730/774/1685 701/745/1634 688/834/1633
f 714/813/1686 715/814/1687 731/835/1688
f 734/808/1630 664/753/1629 718/830/1689
f 644/724/1442 727/765/1547 752/748/1690
f 690/785/1691 651/750/1692 758/836/1693
f 706/762/1540 608/666/1421 728/837/1694
f 741/795/1608 675/782/1610 825/838/1695
s 0
f 770/832/1696 694/798/1696 698/791/1696
s 1
f 736/812/1697 643/708/1565 689/778/1564
f 729/839/1698 639/728/1662 723/822/1664
f 715/814/1699 654/825/1700 731/835/1701
s 0
f 659/840/1702 713/801/1702 662/800/1702
f 737/841/1703 707/807/1703 746/816/1703
s 1
f 752/748/1690 681/766/1592 682/756/1528
f 719/810/1637 41/673/1347 745/769/1551
f 693/796/1704 704/842/1705 749/843/1706
f 742/784/1573 652/721/1707 743/844/1708
f 720/799/1709 714/813/1686 731/835/1688
f 718/830/1674 639/728/1676 729/839/1710
s 0
f 711/803/1711 655/723/1711 805/823/1711
s 1
f 685/739/1489 696/639/1271 751/845/1712
f 740/846/1713 678/735/1578 650/741/1605
f 710/794/1714 754/787/1715 725/847/1716
f 805/848/1667 692/849/1666 783/850/1717
f 692/717/1718 752/748/1522 783/851/1719
f 727/765/1547 681/766/1592 752/748/1690
f 629/704/1399 706/762/1540 728/837/1694
f 608/666/1421 769/811/1720 728/837/1694
f 661/743/1570 717/809/1678 747/804/1721
f 688/764/1599 39/711/1545 720/786/1722
s 0
f 713/801/1723 659/840/1723 654/825/1723
s 1
f 592/697/1502 758/836/1724 651/750/1725
f 671/761/1539 702/698/1538 771/852/1726
f 698/791/1602 686/693/1446 735/817/1727
f 751/845/1728 696/639/1312 660/740/1490
f 650/741/1491 670/692/1453 767/853/1729
f 754/787/1715 741/795/1730 748/854/1731
f 743/844/1732 652/721/1733 42/757/1734
f 42/757/1734 695/759/1735 743/844/1732
f 782/855/1736 641/775/1641 736/856/1640
f 707/807/1628 737/841/1737 722/806/1679
f 746/857/1738 708/828/1739 750/858/1740
f 682/756/1612 724/749/1500 755/824/1741
f 631/738/1742 763/859/1743 755/824/1744
f 693/796/1745 749/843/1746 679/779/1682
f 744/776/1562 641/775/1561 782/855/1747
f 708/828/1739 738/827/1748 750/858/1749
f 763/859/1743 631/738/1742 757/754/1750
s 0
f 629/704/1751 728/837/1751 768/860/1751
s 1
f 725/847/1716 754/787/1715 748/854/1752
s 0
f 759/861/1753 695/759/1753 730/774/1753
s 1
f 797/862/1754 654/825/1519 597/863/1521
f 689/819/1564 765/818/1755 736/856/1697
s 0
f 684/734/1756 43/687/1756 774/864/1756
s 1
f 685/739/1489 751/845/1712 757/793/1515
f 670/692/1378 671/761/1539 775/865/1757
f 720/866/1758 731/867/1759 756/868/1760
f 731/835/1701 654/825/1761 797/862/1762
f 751/845/1728 660/740/1490 761/869/1763
f 755/870/1764 763/871/1765 784/872/1766
f 745/769/1551 629/718/1399 768/873/1767
f 777/874/1768 675/780/1769 33/831/1770
f 749/843/1771 704/842/1772 778/875/1773
f 778/875/1774 704/842/1621 677/833/1571
f 730/774/1775 688/834/1776 759/861/1777
f 733/826/1778 722/821/1779 760/876/1780
f 733/826/1781 716/820/1782 722/821/1779
f 800/877/1783 758/836/1724 592/697/1502
f 753/768/1550 656/751/1506 854/878/1784
f 688/764/1776 720/786/1785 759/879/1777
f 737/880/1786 746/857/1787 750/858/1788
f 752/748/1789 682/756/1790 755/824/1791
s 0
f 660/740/1792 690/785/1792 31/881/1792
s 1
f 870/882/1793 755/870/1794 784/872/1795
f 669/767/1549 678/735/1480 740/846/1796
f 816/883/1797 705/790/1600 703/671/1639
s 0
f 665/763/1798 747/804/1798 762/884/1798
s 1
f 736/856/1697 765/818/1755 782/855/1799
s 0
f 733/826/1800 760/876/1800 765/818/1800
s 1
f 691/802/1801 626/709/1802 711/803/1803
s 0
f 711/803/1804 805/823/1804 766/885/1804
s 1
f 752/748/1789 755/824/1791 783/851/1805
s 0
f 660/740/1806 31/881/1806 761/869/1806
s 1
f 740/846/1713 650/741/1605 767/853/1807
f 854/878/1784 656/751/1506 719/810/1637
f 794/886/1808 741/795/1809 825/838/1695
f 789/887/1810 675/780/1769 777/874/1768
f 33/831/1683 679/779/1682 749/843/1746
f 720/866/1758 756/868/1760 795/888/1811
f 797/862/1812 597/863/1372 744/889/1624
s 0
f 734/829/1813 750/858/1813 738/827/1813
s 1
f 709/737/1814 774/864/1815 43/687/1816
f 784/872/1766 763/871/1765 757/793/1817
s 0
f 741/795/1818 794/886/1818 748/854/1818
f 778/875/1819 677/833/1819 845/890/1819
f 845/890/1820 677/833/1820 770/832/1820
f 770/832/1821 698/791/1821 764/891/1821
s 1
f 767/853/1729 670/692/1453 775/865/1822
f 771/852/1726 702/698/1538 753/768/1823
f 772/892/1824 32/893/1825 769/811/1638
f 769/811/1638 705/790/1600 772/892/1824
f 695/759/1735 759/861/1826 743/844/1732
s 0
f 718/830/1827 729/839/1827 773/894/1827
s 1
f 808/895/1828 719/810/1637 745/769/1551
f 747/804/1721 717/809/1678 779/896/1829
f 764/891/1830 698/791/1602 735/817/1727
s 0
f 806/897/1831 780/898/1831 731/835/1831
f 731/835/1832 780/898/1832 781/899/1832
f 781/900/1833 780/898/1833 806/897/1833
s 1
f 691/802/1616 788/901/1834 709/737/1497
s 0
f 749/843/1835 778/875/1835 798/902/1835
s 1
f 731/835/1836 781/899/1837 756/903/1838
f 756/903/1838 781/899/1837 785/904/1839
s 0
f 781/900/1840 806/897/1840 785/904/1840
f 729/839/1841 723/822/1841 773/894/1841
s 1
f 717/809/1842 710/794/1843 779/896/1844
f 743/844/1845 759/861/1846 804/905/1847
f 785/904/1848 806/897/1849 756/903/1850
s 0
f 731/835/1851 797/862/1851 806/897/1851
f 723/822/1852 684/734/1852 773/894/1852
s 1
f 774/864/1815 709/737/1814 788/901/1853
f 592/697/1502 700/797/1636 800/877/1783
f 803/906/1854 669/767/1549 740/846/1796
f 33/831/1855 749/843/1856 798/902/1857
f 722/821/1679 737/880/1737 760/876/1858
s 0
f 700/797/1859 669/767/1859 803/906/1859
s 1
f 759/861/1860 720/866/1758 795/888/1861
f 750/858/1788 799/907/1862 737/880/1786
f 690/785/1863 758/836/1864 793/908/1865
f 675/782/1610 789/909/1866 825/838/1695
f 33/831/1855 798/902/1857 777/874/1867
f 784/872/1868 757/793/1515 824/910/1869
f 31/881/1870 690/785/1871 793/908/1872
f 793/908/1865 758/836/1864 800/877/1873
f 800/877/1783 700/797/1874 803/906/1875
f 760/876/1876 821/911/1877 765/818/1878
s 0
f 750/858/1879 734/829/1879 799/907/1879
s 1
f 755/870/1794 870/882/1793 783/850/1880
f 801/912/1881 734/829/1630 718/913/1689
f 684/734/1882 774/864/1883 28/914/1884
f 774/864/1815 788/901/1853 28/914/1885
f 766/885/1886 691/802/1887 711/803/1803
f 870/882/1888 784/872/1868 824/910/1869
f 759/861/1860 795/888/1861 804/905/1889
s 0
f 756/903/1890 806/897/1890 795/915/1890
s 1
f 799/907/1891 734/829/1630 801/912/1892
f 846/916/1893 767/853/1729 775/865/1822
f 728/837/1694 769/811/1720 32/893/1894
f 779/896/1844 710/794/1843 725/847/1895
f 848/917/1896 748/854/1897 794/886/1898
f 735/817/1654 742/784/1573 819/918/1899
f 742/784/1573 743/844/1708 819/918/1899
f 801/912/1881 718/913/1689 773/919/1900
f 773/894/1901 684/734/1882 28/914/1884
f 768/860/1767 728/837/1694 871/920/1902
f 854/878/1784 719/810/1637 808/895/1828
f 665/763/1541 902/921/1903 703/671/1433
f 789/887/1904 777/874/1905 826/922/1906
f 821/911/1907 760/876/1876 811/923/1908
f 737/880/1737 799/907/1909 812/924/1910
f 728/837/1694 32/893/1894 871/920/1902
f 762/884/1911 747/804/1721 779/896/1829
f 725/847/1912 748/854/1913 848/917/1896
f 765/818/1878 821/911/1877 782/855/1914
f 810/925/1915 821/911/1907 811/923/1908
f 788/901/1853 831/926/1916 28/914/1885
f 811/923/1917 760/876/1918 818/927/1919
f 803/906/1854 740/846/1796 820/928/1920
f 902/921/1921 816/883/1922 703/671/1433
f 782/855/1923 821/911/1924 817/929/1925
f 772/892/1824 705/790/1600 816/883/1797
s 0
f 665/763/1926 762/884/1926 902/921/1926
s 1
f 837/930/1927 831/926/1928 788/901/1929
f 837/930/1930 788/901/1929 691/802/1931
s 0
f 805/848/1932 783/850/1932 870/882/1932
f 845/890/1933 770/832/1933 764/891/1933
f 31/881/1934 832/931/1934 761/869/1934
f 793/908/1935 800/877/1935 803/906/1935
s 1
f 820/928/1936 740/846/1937 767/853/1938
f 743/844/1845 804/905/1847 907/932/1939
f 822/933/1940 811/923/1917 818/927/1919
f 812/924/1941 818/927/1942 760/876/1943
s 0
f 799/907/1944 801/912/1944 823/934/1944
f 691/802/1945 766/885/1945 837/930/1945
s 1
f 757/793/1515 873/935/1946 824/910/1869
f 757/793/1515 751/845/1712 925/936/1947
f 767/853/1938 846/916/1948 820/928/1936
f 31/881/1870 793/908/1872 832/931/1949
f 789/909/1866 29/937/1950 825/838/1695
f 725/847/1912 848/917/1896 828/938/1951
s 0
f 798/902/1952 778/875/1952 827/939/1952
f 806/940/1953 797/941/1953 833/942/1953
s 1
f 760/876/1858 737/880/1737 812/924/1910
s 0
f 766/885/1954 805/823/1954 837/930/1954
s 1
f 779/896/1955 725/847/1912 828/938/1951
f 866/943/1956 773/919/1957 28/944/1958
f 671/761/1539 771/852/1726 775/865/1757
f 838/945/1959 854/878/1784 808/895/1828
f 768/860/1767 871/920/1902 857/946/1960
f 828/938/1961 848/917/1962 834/947/1963
f 777/874/1905 798/902/1964 850/948/1965
f 833/942/1966 797/941/1812 744/776/1624
f 832/931/1949 793/908/1872 803/906/1854
f 846/916/1893 775/865/1822 841/949/1967
f 839/950/1968 779/896/1955 828/938/1951
f 778/875/1969 845/890/1970 827/939/1971
f 744/776/1972 782/855/1973 847/951/1974
f 817/929/1925 821/911/1924 810/925/1975
f 832/931/1949 803/906/1854 820/928/1920
s 0
f 808/895/1976 745/769/1976 838/945/1976
s 1
f 838/945/1977 745/769/1551 768/873/1767
f 902/921/1978 762/884/1978 920/952/1978
f 789/887/1979 826/922/1980 886/953/1981
f 806/897/1982 842/954/1983 795/915/1984
f 847/951/1974 782/855/1973 817/929/1985
f 810/925/1986 811/923/1917 822/933/1940
f 818/927/1942 812/924/1941 843/955/1987
f 861/956/1988 823/934/1989 835/957/1990
f 762/884/1911 779/896/1829 839/950/1991
f 826/922/1906 777/874/1905 850/948/1965
f 818/927/1992 843/955/1993 822/933/1994
f 764/891/1830 735/817/1727 819/918/1995
f 836/958/1996 30/959/1997 835/957/1998
s 0
f 836/958/1999 835/957/1999 823/934/1999
s 1
f 823/934/2000 801/912/2001 836/958/2002
f 886/960/1981 29/937/2003 789/909/1979
f 743/844/1845 907/932/1939 819/918/2004
f 837/961/2005 805/848/2006 870/882/2007
f 761/869/1763 832/931/2008 751/845/1728
f 838/945/1977 768/873/1767 857/962/1960
s 0
f 794/886/2009 825/838/2009 848/917/2009
s 1
f 812/924/1910 799/907/1909 923/963/2010
f 841/949/1967 775/865/1822 877/964/2011
f 753/768/1823 854/878/2012 771/852/1726
f 910/965/2013 825/838/1695 29/937/1950
f 833/942/1966 744/776/1624 847/951/2014
s 0
f 810/925/2015 822/933/2015 864/966/2015
s 1
f 836/958/2016 801/912/2001 773/919/2017
f 804/905/1889 795/888/1861 842/967/2018
f 820/928/2019 846/916/2020 855/968/2021
f 822/933/1994 843/955/2022 856/969/2023
f 868/970/2024 832/931/2025 855/968/2026
s 0
f 923/963/2027 799/907/2027 861/956/2027
f 861/956/2028 799/907/2028 823/934/2028
s 1
f 861/956/1988 835/957/1990 30/959/2029
f 832/931/2030 820/928/2019 855/968/2021
f 862/971/2031 846/916/1893 841/949/1967
f 842/972/1983 806/940/1982 833/942/2032
s 0
f 866/943/2033 836/958/2033 773/919/2033
s 1
f 832/931/2025 868/970/2024 867/973/2034
f 772/892/2035 859/974/2036 32/893/2037
s 0
f 810/925/2038 864/966/2038 887/975/2038
f 864/966/2039 822/933/2039 856/969/2039
s 1
f 30/959/2040 836/958/1996 866/943/2041
f 867/973/2042 751/845/2042 832/931/2042
f 871/920/2043 32/893/2044 872/976/2045
s 0
f 848/917/2046 825/838/2046 878/977/2046
s 1
f 764/891/1830 819/918/1995 954/978/2047
f 817/929/1925 810/925/1975 860/979/2048
s 0
f 810/925/2049 887/975/2049 860/979/2049
s 1
f 869/980/2050 28/944/1885 831/981/1916
s 0
f 876/982/2051 855/968/2051 862/971/2051
s 1
f 855/968/2052 846/916/1893 862/971/2031
f 854/878/2012 838/945/2053 874/983/2054
s 0
f 834/947/2055 848/917/2055 878/977/2055
s 1
f 975/984/2056 827/939/1971 845/890/1970
f 870/882/1888 824/910/1869 875/985/2057
f 824/910/1869 873/935/1946 875/985/2057
s 0
f 861/956/2058 30/959/2058 866/943/2058
s 1
f 839/950/2059 828/938/1961 885/986/2060
f 886/953/2061 826/922/2062 850/948/2063
f 29/937/2064 886/960/2061 880/987/2065
f 889/988/2066 886/953/2061 850/948/2063
s 0
f 883/989/2067 843/955/2067 812/924/2067
s 1
f 771/852/1726 854/878/2012 888/990/2068
f 888/990/2068 854/878/2012 874/983/2054
f 828/938/1961 834/947/1963 885/986/2060
f 798/902/2069 827/939/2069 850/948/2069
f 875/985/2057 873/935/1946 897/991/2070
f 925/936/2071 751/845/2072 867/973/2034
f 825/838/1695 910/965/2073 921/992/2074
s 0
f 910/965/2075 29/937/2075 880/987/2075
f 887/975/2076 864/966/2076 856/969/2076
s 1
f 882/993/2077 856/969/2023 843/955/2022
f 883/989/2078 812/924/1910 923/963/2010
f 890/994/2079 867/973/2034 868/970/2024
f 855/968/2080 876/982/2081 868/970/2082
f 862/971/2031 841/949/1967 877/964/2011
s 0
f 845/890/2083 764/891/2083 954/978/2083
s 1
f 819/918/2004 907/932/1939 983/995/2084
f 869/980/2085 831/981/2086 837/996/2087
f 892/997/2088 876/982/2089 862/971/2090
f 877/964/2011 775/865/1822 912/998/2091
f 834/947/1963 878/977/2092 885/986/2060
f 842/972/2093 833/942/2094 916/999/2095
f 847/951/2096 817/929/2097 879/1000/2098
s 0
f 817/929/2099 860/979/2099 908/1001/2099
s 1
f 873/935/1946 757/793/1515 925/936/1947
f 868/970/2100 876/982/2101 892/997/2102
f 857/946/2103 871/920/2043 872/976/2045
f 762/884/1911 839/950/1991 933/1002/2104
f 839/950/1991 884/1003/2105 933/1002/2104
f 839/950/2059 885/986/2060 884/1003/2106
f 775/865/1757 771/852/1726 912/998/2107
f 894/1004/2108 838/945/2109 857/962/2110
s 0
f 923/963/2111 861/956/2111 866/943/2111
f 877/964/2112 912/998/2112 862/971/2112
f 882/993/2113 883/989/2113 856/969/2113
s 1
f 923/963/2010 931/1005/2114 883/989/2078
f 920/952/2115 762/884/1911 933/1002/2104
f 878/977/2116 825/838/2117 906/1006/2118
s 0
f 817/929/2119 908/1001/2119 879/1000/2119
s 1
f 925/936/2071 867/973/2034 890/994/2079
f 872/976/2045 32/893/2044 859/974/2120
f 906/1006/2121 825/838/2117 903/1007/2122
f 825/838/1695 921/992/2074 903/1007/2123
f 913/1008/2124 804/905/1889 842/967/2018
f 916/999/2125 833/942/2126 847/951/2127
f 882/993/2128 843/955/2128 883/989/2128
f 873/935/1946 899/1009/2129 897/991/2070
f 953/1010/2130 890/994/2079 868/970/2131
f 912/998/2107 771/852/1726 888/990/2068
f 772/892/2035 915/1011/2132 859/974/2036
s 0
f 845/890/2133 954/978/2133 975/984/2133
f 887/975/2134 856/969/2134 883/989/2134
f 943/1012/2135 837/996/2135 946/1013/2135
f 909/1014/2136 898/1015/2136 935/1016/2136
s 1
f 894/1004/2137 857/962/2138 901/1017/2139
f 910/965/2140 880/987/2065 922/1018/2141
f 850/948/2142 827/939/2143 926/1019/2144
s 0
f 909/1014/2145 904/1020/2145 905/1021/2145
f 897/991/2146 899/1009/2146 896/1022/2146
s 1
f 885/986/2147 878/977/2148 928/1023/2149
f 880/987/2065 886/960/2061 889/1024/2066
f 914/1025/2150 866/943/1956 28/944/1958
s 0
f 896/1022/2151 898/1015/2151 897/991/2151
s 1
f 905/1021/2152 904/1020/2153 924/1026/2154
f 899/1009/2129 873/935/1946 925/936/1947
f 827/939/1971 975/984/2056 926/1019/2155
f 911/1027/2156 904/1020/2157 909/1014/2158
f 932/1028/2159 888/990/2068 874/983/2054
f 887/975/2160 883/989/2078 931/1005/2114
f 918/1029/2161 917/1030/2162 905/1021/2163
s 0
f 919/1031/2164 917/1030/2164 918/1029/2164
s 1
f 918/1029/2161 905/1021/2163 934/1032/2165
f 953/1010/2166 868/970/2100 892/997/2102
f 914/1025/2167 28/944/1958 937/1033/2168
s 0
f 898/1015/2169 909/1014/2169 905/1021/2169
s 1
f 904/1020/2170 911/1027/2171 924/1026/2172
f 925/936/2071 890/994/2079 982/1034/2173
s 0
f 874/983/2174 838/945/2174 932/1028/2174
s 1
f 27/1035/2175 859/974/2036 915/1011/2132
s 0
f 905/1021/2176 917/1030/2176 919/1031/2176
f 934/1032/2177 905/1021/2177 924/1026/2177
f 898/1015/2178 896/1022/2178 899/1009/2178
s 1
f 889/988/2179 850/948/2142 926/1019/2144
f 946/1036/2180 837/961/2181 870/882/2182
f 927/1037/2183 857/946/2103 872/976/2045
f 940/1038/2184 816/883/1922 902/921/1921
s 0
f 878/977/2185 906/1006/2185 929/1039/2185
s 1
f 921/992/2186 910/965/2187 922/1018/2188
f 983/995/2189 954/978/2047 819/918/1995
f 908/1001/2190 860/979/2191 887/975/2192
f 909/1014/2193 935/1016/2194 911/1027/2195
f 912/998/2107 888/990/2068 949/1040/2196
f 901/1017/2197 857/962/2198 927/1041/2199
f 880/987/2065 889/1024/2066 942/1042/2200
s 0
f 919/1031/2201 918/1029/2201 938/1043/2201
f 918/1029/2202 26/1044/2202 938/1043/2202
f 26/1044/2203 918/1029/2203 934/1032/2203
f 898/1015/2204 899/1009/2204 935/1016/2204
s 1
f 932/1028/2159 838/945/2205 894/1004/2108
f 907/932/1939 804/905/1847 913/1008/2206
f 931/1005/2114 923/963/2010 866/943/2207
f 937/1033/2208 28/944/1885 869/980/2050
f 897/991/2209 898/1015/2210 967/1045/2211
f 967/1045/2211 898/1015/2210 905/1021/2212
s 0
f 919/1031/2213 938/1043/2213 25/1046/2213
s 1
f 859/974/2120 950/1047/2214 872/976/2045
f 878/977/2215 929/1039/2216 959/1048/2217
s 0
f 929/1039/2218 906/1006/2218 936/1049/2218
s 1
f 906/1006/2219 903/1007/2220 936/1049/2221
f 903/1007/2220 921/992/2222 936/1049/2221
f 887/975/2223 931/1005/2224 908/1001/2190
f 936/1049/2225 921/992/2186 922/1018/2188
f 913/1050/2226 842/972/2093 916/999/2095
f 955/1051/2227 869/980/2085 837/996/2087
s 0
f 938/1043/2228 26/1044/2228 934/1032/2228
f 924/1026/2229 911/1027/2229 935/1016/2229
s 1
f 992/1052/2230 862/971/2231 912/998/2232
f 928/1023/2233 878/977/2215 959/1048/2217
s 0
f 905/1021/2234 919/1031/2234 24/1053/2234
f 25/1046/2235 24/1053/2235 919/1031/2235
s 1
f 944/1054/2236 25/1046/2237 941/1055/2238
s 0
f 938/1043/2239 941/1055/2239 25/1046/2239
s 1
f 915/1011/2240 772/892/2241 816/883/2242
f 931/1005/2243 866/943/2244 914/1025/2245
f 955/1051/2227 837/996/2087 943/1012/2246
f 967/1045/2211 905/1021/2212 24/1053/2247
f 890/994/2079 953/1010/2130 982/1034/2173
f 859/974/2120 27/1035/2248 950/1047/2214
f 884/1003/2249 885/986/2147 928/1023/2149
f 922/1018/2141 880/987/2065 942/1042/2200
f 916/999/2125 847/951/2127 971/1056/2250
f 971/1056/2251 879/1000/2098 908/1001/2252
f 956/1057/2253 870/882/2254 875/985/2057
s 0
f 924/1026/2255 935/1016/2255 934/1032/2255
s 1
f 915/1011/2240 816/883/2242 940/1038/2256
f 847/951/2096 879/1000/2098 971/1056/2251
s 0
f 947/1058/2257 23/1059/2257 957/1060/2257
s 1
f 25/1046/2237 944/1054/2258 24/1053/2259
f 899/1009/2260 934/1032/2261 935/1016/2262
f 9/1061/2263 7/11/35 978/23/34
f 951/18/27 15/12/4 968/1062/2264
s 0
f 944/1054/2265 941/1055/2265 938/1043/2265
s 1
f 949/1040/2196 888/990/2068 932/1028/2159
f 17/14/2266 12/15/2267 21/6/2268
f 964/1063/2269 18/1064/29 27/1065/33
f 922/1018/2141 942/1042/2200 4/1066/2270
f 947/1058/2271 24/1053/2272 944/1054/2273
f 862/971/2274 972/1067/2275 892/997/2088
f 963/21/2276 9/8/2277 969/1068/2278
f 902/921/2279 920/952/2279 667/1069/2279
s 0
f 914/1025/2280 937/1033/2280 931/1005/2280
s 1
f 17/14/2266 21/6/2268 962/1070/2281
f 15/12/4 18/1064/29 968/1062/2264
f 961/1071/2282 892/997/2088 972/1067/2275
f 17/14/2283 994/1072/2284 958/19/31
s 0
f 975/984/2285 954/978/2285 973/1073/2285
f 943/1012/2286 946/1013/2286 976/1074/2286
f 988/1075/2287 897/991/2287 967/1045/2287
f 947/1058/2288 957/1060/2288 967/1045/2288
f 957/1060/2289 23/1059/2289 944/1054/2289
f 23/1059/2290 947/1058/2290 944/1054/2290
s 1
f 925/936/1947 945/1076/2291 899/1009/2129
f 994/1072/2292 17/14/2266 962/1070/2281
s 0
f 974/1077/2293 964/1063/2293 27/1065/2293
f 942/1042/2294 889/1024/2294 4/1066/2294
s 1
f 937/1033/2208 869/980/2050 955/1051/2295
f 966/1078/2296 875/985/2057 897/991/2070
f 912/998/2232 949/1040/2297 992/1052/2298
f 27/22/33 19/16/22 965/1079/2299
s 0
f 974/1080/2300 27/1035/2300 915/1011/2300
f 920/952/2301 933/1002/2301 970/1081/2301
s 1
f 929/1039/2302 936/1049/2303 987/1082/2304
f 936/1049/2225 922/1018/2188 4/1066/2305
f 931/1005/2306 937/1033/2307 908/1001/2308
s 0
f 979/1083/2309 943/1012/2309 976/1074/2309
s 1
f 956/1057/2253 875/985/2057 966/1078/2296
f 947/1058/2271 967/1045/2310 24/1053/2272
f 938/1043/2311 934/1032/2312 944/1054/2313
f 934/1032/2261 899/1009/2260 952/1084/2314
f 9/1061/2277 978/23/2315 969/1085/2278
f 18/1064/29 964/1063/2269 968/1062/2264
f 959/1048/2316 929/1039/2302 987/1082/2304
s 0
f 957/1060/2317 944/1054/2317 989/1086/2317
s 1
f 985/1087/2318 972/1067/2319 992/1052/2320
f 927/1037/2183 872/976/2045 950/1047/2214
f 950/1088/2321 27/22/2322 965/1079/2323
f 21/6/2324 14/7/2325 963/21/2326
f 4/1066/2327 889/1024/2327 926/1089/2327
f 916/999/2095 984/1090/2328 913/1050/2226
f 908/1001/2308 937/1033/2307 971/1056/2329
f 946/1036/2180 870/882/2182 956/1057/2330
f 966/1078/2296 897/991/2070 988/1075/2331
f 862/971/2231 992/1052/2230 972/1067/2332
f 978/23/2333 11/13/2334 951/18/2335
f 940/1038/2184 902/921/1921 667/1069/2336
f 984/1090/2337 916/999/2125 971/1056/2250
f 944/1054/2338 934/1032/2312 989/1086/2339
f 892/997/2102 961/1071/2340 953/1010/2166
f 901/1017/2197 927/1041/2199 986/1091/2341
f 21/6/2324 963/21/2342 977/1092/2343
f 973/1073/2344 954/978/2047 983/995/2189
f 913/1050/2226 984/1090/2328 895/1093/2345
s 0
f 979/1083/2346 976/1074/2346 981/1094/2346
f 967/1045/2347 957/1060/2347 989/1086/2347
s 1
f 894/1004/2137 901/1017/2139 986/1091/2348
s 0
f 920/952/2349 970/1081/2349 667/1069/2349
f 976/1095/2350 956/1057/2350 981/1096/2350
f 976/1074/2351 946/1013/2351 956/1097/2351
f 988/1075/2352 967/1045/2352 989/1086/2352
s 1
f 990/1098/2353 992/1052/2354 949/1040/2297
f 943/1012/2355 979/1083/2356 993/1099/2357
f 884/1003/2358 928/1023/2359 959/1048/2360
f 936/1049/2225 4/1066/2305 987/1082/2361
f 930/1100/2362 907/932/1939 913/1008/2206
s 0
f 980/1101/2363 993/1099/2363 979/1083/2363
f 980/1101/2364 979/1083/2364 991/1102/2364
f 979/1083/2365 891/1103/2365 991/1102/2365
f 990/1098/2366 985/1087/2366 992/1052/2366
s 1
f 963/21/2276 969/1068/2278 977/1092/2367
f 952/1084/2314 989/1086/2368 934/1032/2261
s 0
f 939/1104/2369 985/1087/2369 990/1098/2369
s 1
f 949/1040/2196 932/1028/2159 849/1105/2370
f 965/1079/2299 19/16/22 3/1106/2371
f 958/19/28 3/1106/2371 19/16/22
f 960/1107/2372 884/1003/2358 959/1048/2360
f 984/1090/2337 971/1056/2250 937/1033/2208
f 932/1028/2159 894/1004/2108 849/1105/2370
f 948/1108/2373 978/23/2333 951/18/2335
f 955/1051/2227 943/1012/2246 663/1109/2374
f 962/1070/2375 21/6/2324 977/1092/2343
s 0
f 663/1109/2376 943/1012/2376 853/1110/2376
f 993/1099/2377 980/1101/2377 991/1102/2377
f 981/1094/2378 891/1103/2378 979/1083/2378
s 1
f 990/1098/2353 949/1040/2297 807/1111/2379
f 884/1003/2105 960/1107/2380 933/1002/2104
f 959/1048/2316 987/1082/2304 960/1107/2381
f 983/995/2084 907/932/1939 930/1100/2362
f 893/1112/2382 943/1113/2383 844/1114/2384
f 925/936/2071 982/1034/2173 815/1115/2385
f 813/1116/2386 972/1067/2319 985/1087/2387
f 849/1105/2388 894/1004/2137 986/1091/2348
f 951/18/27 968/1062/2264 900/1117/2389
f 984/1090/2337 937/1033/2208 955/1051/2295
s 0
f 981/1096/2390 956/1057/2390 891/1118/2390
f 989/1086/2391 952/1084/2391 988/1075/2391
s 1
f 900/1117/2392 968/1062/2264 964/1063/2269
s 0
f 964/1063/2393 974/1077/2393 900/1117/2393
f 900/1117/2394 974/1077/2394 915/1119/2394
f 881/1120/2395 4/1066/2395 926/1089/2395
s 1
f 853/1110/2396 943/1012/2383 865/1121/2397
s 0
f 852/1122/2398 893/1123/2398 829/1124/2398
s 1
f 943/1113/2399 891/1125/2400 792/1126/2401
f 943/1012/2355 993/1099/2357 891/1103/2402
s 0
f 993/1099/2403 991/1102/2403 891/1103/2403
f 893/1127/2404 852/1128/2404 865/1121/2404
f 829/1124/2405 893/1123/2405 844/1129/2405
s 1
f 863/1130/2406 813/1116/2386 985/1087/2387
f 962/1070/2375 977/1092/2343 787/1131/2407
f 969/1085/2278 978/23/2315 858/1132/2408
f 926/1089/2155 975/1133/2056 796/1134/2409
f 943/1012/2383 893/1127/2382 865/1121/2397
f 830/1135/2410 943/1113/2411 792/1126/2412
f 807/1111/2379 949/1040/2297 849/1105/2413
s 0
f 3/1106/2414 958/19/2414 994/1072/2414
s 1
f 987/1082/2361 4/1066/2305 881/1120/2415
f 984/1090/2416 955/1051/2417 663/1109/2418
f 844/1114/2384 943/1113/2383 830/1135/2419
f 966/1078/2296 988/1075/2331 790/1136/2420
f 978/23/2315 948/1108/2421 858/1132/2408
f 984/1090/2416 663/1109/2418 895/1093/2422
s 0
f 852/1137/2423 844/1138/2423 865/1139/2423
f 830/1135/2424 851/1140/2424 865/1141/2424
s 1
f 830/1135/2419 865/1141/2425 844/1114/2384
s 0
f 852/1137/2426 851/1142/2426 844/1138/2426
s 1
f 844/1129/2427 851/1140/2428 829/1124/2429
f 851/1140/2428 830/1135/2430 829/1124/2429
s 0
f 849/1105/2431 986/1091/2431 927/1041/2431
s 1
f 930/1100/2362 913/1008/2206 895/1143/2432
f 891/1118/2433 956/1057/2434 791/1144/2435
s 0
f 612/1145/2436 965/1079/2436 3/1106/2436
f 987/1082/2437 881/1120/2437 960/1107/2437
f 853/1110/2438 865/1121/2438 809/1146/2438
f 852/1122/2439 829/1124/2439 830/1135/2439
s 1
f 956/1057/2253 966/1078/2296 791/1144/2435
s 0
f 945/1076/2440 925/936/2440 815/1115/2440
f 939/1104/2441 863/1130/2441 985/1087/2441
s 1
f 990/1098/2353 807/1111/2379 840/1147/2442
f 948/1108/2373 951/18/2335 900/1117/2443
f 881/1120/2444 926/1089/2155 796/1134/2445
s 0
f 851/1142/2446 802/1148/2446 865/1149/2446
f 851/1142/2447 852/1137/2447 802/1148/2447
f 814/1150/2448 961/1071/2448 972/1067/2448
s 1
f 939/1104/2449 990/1098/2450 840/1147/2451
f 927/1151/2452 950/1088/2321 612/1145/2453
f 950/1088/2321 965/1079/2323 612/1145/2453
f 940/1038/2454 721/1152/2455 915/1011/2456
s 0
f 796/1134/2457 975/1133/2457 973/1153/2457
s 1
f 977/1092/2367 969/1068/2278 786/1154/2458
s 0
f 809/1155/2459 865/1149/2459 802/1148/2459
f 802/1148/2460 852/1137/2460 830/1156/2460
s 1
f 790/1136/2420 988/1075/2331 952/1084/2461
f 776/1157/2462 952/1084/2463 899/1009/2129
f 680/1158/2464 900/1117/2443 915/1119/2465
s 0
f 933/1002/2466 960/1107/2466 732/1159/2466
s 1
f 815/1115/2467 899/1009/2129 945/1076/2291
f 960/1107/2468 881/1120/2444 796/1134/2445
f 830/1156/2469 792/1160/2470 802/1148/2471
f 544/1161/2472 792/1160/2473 891/1118/2433
f 776/1157/2462 899/1009/2129 815/1115/2467
f 982/1034/2474 953/1010/2475 961/1071/2476
f 726/1162/2477 994/1072/2292 962/1070/2281
f 787/1131/2478 977/1092/2367 786/1154/2458
f 776/1157/2462 790/1136/2420 952/1084/2463
s 0
f 739/1163/2479 814/1150/2479 972/1067/2479
f 739/1163/2480 972/1067/2480 813/1116/2480
f 933/1002/2481 732/1159/2481 970/1081/2481
s 1
f 891/1118/2433 791/1144/2435 544/1161/2472
f 960/1107/2468 796/1134/2445 732/1159/2482
f 961/1071/2476 814/1150/2483 982/1034/2484
f 863/1130/2485 939/1104/2449 840/1147/2451
f 840/1147/2442 807/1111/2379 697/1164/2486
f 687/1165/2487 663/1166/2488 853/1167/2489
f 966/1078/2296 790/1136/2420 791/1144/2435
f 726/1162/2490 3/1106/2491 994/1072/2492
f 607/1168/2493 969/1085/2278 858/1132/2408
s 0
f 982/1034/2494 814/1150/2494 699/1169/2494
f 712/1170/2495 849/1105/2495 927/1041/2495
s 1
f 786/1154/2458 969/1068/2278 607/1171/2493
f 667/1069/2496 970/1081/2497 732/1159/2498
f 813/1116/2499 863/1130/2499 649/1172/2499
f 712/1170/2500 840/1147/2442 697/1164/2486
f 787/1131/2478 786/1154/2458 657/1173/2501
f 853/1174/2502 809/1155/2503 687/1175/2504
f 815/1115/2385 982/1034/2173 699/1169/2505
f 648/1176/2506 840/1147/2506 712/1170/2506
f 680/1177/2507 915/1011/2456 721/1152/2455
f 732/1159/2508 796/1134/2508 666/1178/2508
s 0
f 796/1134/2509 973/1153/2509 666/1178/2509
s 1
f 895/1179/2510 663/1166/2488 496/1180/2511
f 776/1157/2462 815/1115/2467 790/1136/2420
f 649/1172/2512 863/1130/2485 840/1147/2451
f 807/1111/2379 849/1105/2413 697/1164/2486
f 726/1162/2513 962/1070/2375 787/1131/2407
f 900/1117/2443 680/1158/2464 948/1108/2373
f 667/1069/2514 732/1159/2515 666/1178/2516
f 791/1144/2435 790/1136/2420 603/1181/2517
s 0
f 840/1147/2518 648/1176/2518 601/1182/2518
s 1
f 712/1170/2519 697/1164/2486 849/1105/2413
f 927/1151/2520 612/1145/2453 712/1183/2521
f 948/1108/2421 680/1158/2522 858/1132/2408
f 940/1038/2184 667/1069/2336 528/1184/2523
f 739/1163/2524 813/1116/2525 649/1172/2526
f 973/1153/2344 983/1185/2189 666/1178/2527
f 790/1136/2420 815/1115/2467 580/1186/2528
s 0
f 3/1106/2529 525/1187/2529 612/1145/2529
s 1
f 3/1106/2491 726/1162/2490 525/1187/2530
f 663/1166/2488 687/1165/2487 496/1180/2511
f 667/1069/2336 666/1178/2527 528/1184/2523
f 603/1181/2517 544/1161/2472 791/1144/2435
f 815/1115/2385 699/1169/2505 580/1186/2531
s 0
f 814/1150/2532 739/1163/2532 699/1169/2532
s 1
f 649/1172/2526 840/1147/2533 543/1188/2534
f 840/1147/2533 601/1182/2535 543/1188/2534
f 699/1169/2505 739/1163/2524 649/1172/2526
f 726/1162/2536 787/1131/2478 657/1173/2501
f 657/1173/2501 786/1154/2458 607/1171/2493
f 528/1184/2523 666/1178/2527 983/1185/2189
s 0
f 601/1182/2537 648/1176/2537 712/1170/2537
f 612/1145/2538 525/1187/2538 519/1189/2538
f 792/1160/2539 544/1161/2539 2/1190/2539
s 1
f 790/1136/2420 580/1186/2528 603/1181/2517
f 572/1191/2540 601/1182/2541 712/1170/2542
s 0
f 809/1155/2543 802/1148/2543 424/1192/2543
s 1
f 543/1188/2534 699/1169/2505 649/1172/2526
f 940/1038/2454 528/1184/2544 721/1152/2455
f 687/1165/2545 490/1193/2546 496/1180/2547
f 687/1175/2504 809/1155/2503 424/1192/2548
f 858/1132/2408 680/1158/2522 557/1194/2549
f 792/1160/2550 2/1190/2551 802/1148/2552
f 2/1190/2553 544/1161/2472 603/1181/2517
f 515/1195/2554 983/1185/2189 930/1196/2555
f 572/1191/2556 543/1188/2534 601/1182/2535
f 712/1183/2521 612/1145/2453 519/1189/2557
f 607/1168/2493 858/1132/2408 557/1194/2549
f 580/1186/2531 699/1169/2505 2/1190/2558
f 2/1190/2558 699/1169/2505 543/1188/2534
f 930/1197/2362 895/1179/2432 496/1180/2559
f 472/1198/2560 687/1175/2561 511/1199/2562
f 572/1191/2540 712/1170/2563 519/1200/2564
f 726/1162/2536 657/1173/2501 513/1201/2565
f 525/1187/2566 726/1162/2536 513/1201/2565
f 657/1202/2501 607/1168/2493 557/1194/2549
f 603/1181/2517 580/1186/2528 2/1190/2553
f 490/1193/2546 687/1165/2545 472/1203/2560
f 511/1199/2567 476/1204/2568 484/1205/2569
f 476/1204/2570 511/1199/2567 376/1206/2571
f 543/1188/2534 572/1191/2556 474/1207/2572
f 511/1199/2573 687/1175/2574 424/1192/2575
f 572/1191/2556 519/1200/2576 443/1208/2577
f 513/1209/2565 657/1202/2501 557/1194/2549
s 0
f 472/1198/2578 511/1199/2578 484/1205/2578
s 1
f 528/1184/2523 983/1185/2189 445/1210/2579
s 0
f 519/1189/2580 525/1187/2580 513/1201/2580
s 1
f 983/1185/2189 515/1195/2554 445/1210/2579
f 447/1211/2581 472/1203/2582 484/1212/2583
f 680/1177/2507 721/1152/2455 419/1213/2584
f 2/1190/2558 543/1188/2534 474/1207/2572
f 474/1207/2572 572/1191/2556 443/1208/2577
f 721/1152/2455 528/1184/2544 445/1210/2585
f 930/1197/2586 496/1180/2587 490/1193/2588
f 446/1214/2589 476/1204/2590 376/1206/2591
f 423/1215/2592 2/1190/2558 474/1207/2572
f 519/1200/2576 513/1216/2593 443/1208/2577
f 802/1148/2552 2/1190/2551 424/1192/2594
f 424/1192/2594 2/1190/2551 423/1215/2595
f 472/1203/2582 447/1211/2581 432/1217/2596
f 376/1206/2571 511/1199/2567 413/1218/2597
f 557/1219/2598 680/1220/2599 419/1221/2600
f 442/1222/2601 930/1197/2586 490/1193/2588
f 413/1218/2602 511/1199/2573 424/1192/2575
f 557/1219/2603 436/1223/2604 513/1216/2605
f 490/1193/2606 472/1203/2582 432/1217/2596
f 420/1224/2607 376/1206/2571 413/1218/2597
f 297/1225/2608 432/1217/2609 447/1211/2610
f 443/1208/2577 513/1216/2605 436/1223/2604
f 388/1226/2611 515/1195/2554 930/1196/2555
f 476/1204/2612 446/1214/2589 404/1227/2613
f 424/1192/2575 423/1215/2614 413/1218/2602
f 436/1223/2615 557/1219/2598 419/1221/2600
f 930/1228/2586 442/1229/2601 388/1230/2616
f 490/1193/2606 432/1217/2596 442/1222/2617
f 447/1211/2618 484/1212/2619 377/1231/2620
s 0
f 484/1205/2621 476/1204/2621 404/1227/2621
s 1
f 423/1215/2592 474/1207/2572 299/1232/2622
f 299/1232/2622 474/1207/2572 443/1208/2577
f 419/1213/2584 721/1152/2455 445/1210/2585
s 0
f 484/1212/2623 404/1233/2623 377/1231/2623
s 1
f 445/1210/2579 515/1195/2554 419/1213/2624
f 419/1213/2624 515/1195/2554 388/1226/2611
s 0
f 354/1234/2625 420/1224/2625 413/1218/2625
s 1
f 265/1235/2626 442/1222/2627 432/1217/2628
f 423/1215/2629 299/1232/2630 413/1218/2631
f 432/1217/2609 297/1225/2608 265/1235/2626
f 420/1224/2632 354/1234/2633 337/1236/2634
f 278/1237/2635 388/1230/2636 442/1229/2627
f 265/1235/2626 329/1238/2637 442/1222/2627
f 299/1232/2638 354/1234/2639 413/1218/2631
f 297/1225/2640 447/1211/2641 275/1239/2642
f 447/1211/2618 377/1231/2620 275/1239/2643
f 377/1231/2644 404/1233/2645 334/1240/2646
s 0
f 446/1214/2647 376/1206/2647 420/1224/2647
s 1
f 265/1235/2626 297/1225/2608 320/1241/2648
f 299/1232/2622 443/1208/2577 436/1223/2604
s 0
f 419/1242/2649 388/1230/2649 280/1243/2649
s 1
f 325/1244/2650 388/1230/2636 278/1237/2635
f 278/1245/2635 442/1222/2627 329/1238/2637
s 0
f 287/1246/2651 446/1214/2651 420/1224/2651
s 1
f 275/1239/2642 271/1247/2652 297/1225/2640
f 354/1234/2639 299/1232/2638 284/1248/2653
s 0
f 280/1243/2654 388/1230/2654 325/1244/2654
s 1
f 287/1246/2655 420/1224/2632 337/1236/2634
f 419/1242/2656 280/1243/2657 284/1249/2658
f 297/1225/2659 271/1247/2660 251/1250/2661
f 299/1232/2638 436/1223/2662 284/1248/2653
f 436/1223/2663 419/1221/2656 284/1248/2658
s 0
f 251/1250/2664 320/1241/2664 297/1225/2664
s 1
f 270/1251/2665 337/1236/2634 354/1234/2633
f 404/1252/2666 446/1253/2667 263/1254/2668
f 337/1236/2634 270/1251/2665 287/1246/2655
f 263/1255/2668 334/1240/2669 404/1233/2666
f 242/1256/2670 275/1239/2643 377/1231/2620
f 354/1234/2633 284/1248/2671 241/1257/2672
f 243/1258/2673 325/1244/2674 278/1237/2675
f 280/1243/2676 325/1244/2677 243/1258/2673
f 329/1238/2637 265/1235/2626 244/1259/2678
f 270/1251/2665 354/1234/2633 185/1260/2679
f 275/1239/2680 242/1256/2680 271/1247/2680
f 185/1260/2679 354/1234/2633 241/1257/2672
f 284/1249/2671 280/1243/2681 243/1258/2682
f 244/1259/2678 265/1235/2626 320/1241/2648
f 263/1254/2683 446/1253/2684 287/1261/2685
f 218/1262/2686 242/1256/2670 377/1231/2620
f 218/1262/2687 377/1231/2644 334/1240/2646
f 329/1238/2637 213/1263/2688 278/1245/2635
f 284/1249/2671 243/1258/2682 241/1264/2672
f 243/1258/2689 278/1237/2690 213/1265/2691
f 213/1263/2688 329/1238/2637 244/1259/2678
f 251/1250/2661 271/1247/2660 320/1241/2692
s 0
f 271/1247/2693 242/1256/2693 320/1241/2693
s 1
f 320/1241/2648 177/1266/2694 244/1259/2678
f 177/1266/2694 320/1241/2648 209/1267/2695
f 334/1240/2669 263/1255/2668 218/1262/2696
f 178/1268/2697 270/1269/2698 185/1270/2699
f 209/1267/2700 320/1241/2701 242/1256/2702
f 287/1261/2655 270/1269/2665 178/1268/2703
f 243/1258/2689 213/1265/2691 130/1271/2704
f 169/1272/2705 213/1263/2688 244/1259/2678
f 244/1259/2678 177/1266/2694 168/1273/2706
f 242/1256/2707 218/1262/2708 209/1267/2709
f 177/1266/2694 209/1267/2695 168/1273/2706
f 287/1261/2655 178/1268/2703 172/1274/2710
f 125/1275/2711 185/1270/2679 241/1264/2672
f 243/1258/2682 130/1271/2712 241/1264/2672
f 263/1254/2713 287/1261/2714 172/1274/2715
f 178/1268/2697 185/1270/2699 162/1276/2716
f 172/1274/2710 178/1268/2703 162/1276/2716
f 168/1273/2706 1/1277/2717 244/1259/2678
f 213/1263/2691 169/1272/2718 130/1278/2704
f 168/1273/2706 209/1267/2695 150/1279/2719
f 241/1264/2672 130/1271/2712 125/1275/2711
f 169/1272/2705 244/1259/2678 1/1277/2717
f 150/1279/2719 1/1277/2720 168/1273/2706
f 162/1276/2716 185/1270/2699 125/1275/2721
f 209/1267/2722 218/1262/2696 263/1255/2668
f 130/1278/2704 169/1272/2718 81/1280/2723
f 125/1275/2711 130/1271/2712 89/1281/2724
f 169/1272/2725 1/1277/2726 81/1280/2727
f 209/1267/2722 263/1255/2668 71/1282/2728
s 0
f 1/1277/2729 150/1279/2729 123/1283/2729
s 1
f 86/1284/2730 162/1276/2716 125/1275/2721
f 162/1276/2716 86/1284/2730 172/1274/2710
f 123/1283/2731 150/1279/2732 71/1282/2733
f 71/1282/2728 150/1279/2734 209/1267/2722
f 125/1275/2721 89/1281/2724 86/1284/2730
f 81/1280/2727 1/1277/2726 20/1285/2735
s 0
f 1/1277/2736 123/1283/2736 20/1285/2736
s 1
f 130/1271/2712 81/1286/2737 89/1281/2724
f 89/1281/2724 81/1286/2737 20/1287/2738
f 263/1254/2713 172/1274/2715 71/1288/2739
f 172/1274/2740 86/1284/2730 71/1288/2741
f 71/1288/2741 86/1284/2730 22/1289/2742
f 86/1284/2730 89/1281/2724 22/1289/2742
f 22/1289/2742 89/1281/2724 20/1287/2738
f 123/1283/2731 71/1282/2733 20/1285/2743
f 71/1288/2741 22/1289/2742 20/1287/2738
