# Blender 4.3.2
# www.blender.org
o model
v 0.069012 0.171856 -0.605399
v 0.057063 0.183997 -0.581777
v 0.053279 0.161509 -0.594907
v 0.052403 0.182572 -0.606275
v 0.147752 0.142599 -0.815873
v 0.140116 0.162090 -0.820695
v 0.116658 0.150365 -0.814585
v 0.137157 0.157109 -0.793535
v 0.091153 0.187689 -0.764239
v 0.082815 0.174099 -0.742931
v 0.063666 0.185398 -0.754400
v 0.079179 0.173280 -0.778198
v -0.365637 0.077112 0.121545
v -0.403645 0.020245 0.453681
v -0.340910 0.246459 0.199165
v -0.325141 0.243957 0.172327
v -0.267858 0.184136 0.364517
v -0.286572 0.081711 0.507629
v -0.258213 0.230318 0.182254
v -0.254649 0.283297 0.431045
v -0.237814 0.236378 0.145314
v -0.259607 0.233402 0.017947
v -0.230474 0.339974 0.264730
v -0.406822 0.000600 0.301018
v -0.190352 0.195630 0.200273
v -0.153543 0.355185 0.317306
v -0.198862 0.000787 0.716887
v -0.110091 0.358850 0.301672
v -0.302020 0.069517 -0.331270
v -0.086403 0.244873 0.204891
v -0.110896 0.213109 0.201362
v -0.114794 0.164067 0.189667
v -0.089930 0.209065 0.263988
v -0.185924 0.198606 -0.030535
v -0.229709 0.351725 0.640906
v -0.017830 0.384197 0.365507
v -0.017794 0.385221 0.365529
v -0.155284 0.224605 -0.078636
v -0.285202 0.236386 -0.330532
v -0.198584 0.337952 0.591504
v -0.247450 0.029495 -0.404430
v -0.144406 0.348154 0.563187
v -0.154975 0.379059 0.568658
v -0.131945 0.391886 0.535502
v -0.265996 0.223040 -0.403667
v -0.142002 0.350358 0.595270
v -0.207162 0.042355 -0.502271
v -0.206681 0.145937 -0.488992
v -0.212354 0.108787 -0.474830
v -0.194280 0.117750 -0.463122
v -0.284775 0.244559 -0.394767
v -0.154881 0.278563 -0.118873
v -0.191268 0.286831 -0.104244
v -0.125976 0.326905 0.590870
v -0.126932 0.193300 -0.223032
v -0.134992 0.244730 -0.239265
v -0.138488 0.260003 -0.233621
v -0.139388 0.261012 -0.233897
v -0.061710 0.191022 -0.216565
v -0.059673 0.246105 -0.244194
v -0.059006 0.209906 -0.237603
v -0.061893 0.292269 -0.180083
v -0.070360 0.183214 -0.263882
v -0.068009 0.229675 -0.264576
v -0.076104 0.300162 -0.214365
v -0.061526 0.272303 -0.230329
v -0.051903 0.208302 -0.196112
v -0.084793 0.297898 -0.180313
v -0.088011 0.256091 -0.226055
v -0.053248 0.194669 -0.169063
v -0.079817 0.256519 -0.211677
v -0.101662 0.179684 -0.219811
v -0.089400 0.184597 -0.224558
v -0.080195 0.180861 -0.193747
v -0.154433 0.229616 -0.260770
v -0.089635 0.255984 -0.175653
v -0.363916 0.032727 0.275347
v -0.142440 0.247690 -0.250012
v -0.126763 0.239371 -0.224857
v -0.408620 0.015549 0.287715
v -0.143978 0.253474 -0.222952
v -0.143616 0.262859 -0.204058
v -0.123045 0.032089 0.909250
v -0.129933 0.459902 0.167989
v -0.074858 0.263849 -0.142660
v -0.114853 0.202382 -0.139597
v -0.079445 0.188866 -0.136883
v -0.064566 0.177553 -0.118425
v -0.120221 0.235128 -0.132511
v -0.135820 0.202869 -0.118689
v -0.076920 0.251788 -0.128325
v -0.070188 0.274396 -0.119453
v -0.092281 0.322875 -0.072189
v -0.097786 0.335671 -0.078461
v 0.013464 0.436639 0.461020
v 0.090540 0.421509 0.467300
v 0.066653 0.438930 0.471637
v 0.038325 0.432191 0.490021
v 0.084864 0.395059 0.474201
v 0.069652 0.439593 0.397778
v 0.009330 0.438271 0.408000
v 0.097727 0.367366 0.438686
v 0.096045 0.391938 0.410123
v 0.100578 0.431916 0.425406
v 0.060368 0.358256 0.475801
v -0.113760 0.332715 0.643479
v -0.404755 0.014866 0.117025
v -0.079631 0.351955 -0.128697
v -0.054658 0.330683 0.678062
v -0.054651 0.330683 0.678062
v -0.054644 0.330683 0.678062
v -0.052576 0.331759 0.676225
v -0.096339 0.042854 0.883303
v -0.015213 0.368822 0.205477
v 0.090632 0.348614 0.576835
v -0.044416 0.503156 0.052417
v 0.060956 0.485216 0.217484
v -0.106831 0.406636 -0.116211
v -0.118546 0.126877 0.592362
v -0.108149 0.160062 -0.463139
v -0.086800 0.336306 -0.323381
v -0.023987 0.331106 0.678207
v 0.119547 0.067930 0.656375
v 0.051450 0.347007 0.196379
v -0.102594 0.355292 -0.290268
v -0.028830 0.305264 0.707764
v 0.179103 0.347654 0.503874
v -0.407460 0.016214 0.335912
v 0.119562 0.336890 0.197810
v 0.085012 0.350574 0.197841
v -0.108363 0.376391 -0.234845
v -0.096503 0.391675 -0.279690
v -0.104463 0.127011 0.464811
v 0.188595 0.346848 0.571112
v 0.188963 0.321057 0.221139
v 0.189107 0.326389 0.701174
v -0.112511 0.471930 -0.086082
v -0.083862 0.127083 0.365716
v 0.301062 0.324721 0.295972
v -0.064543 0.065426 0.289514
v 0.216691 0.334251 0.529338
v 0.390059 0.021326 0.530137
v 0.155864 0.000746 0.934714
v 0.203271 0.509644 0.058986
v 0.217635 0.357867 0.588536
v 0.213021 0.005633 0.936316
v 0.171954 0.009077 0.935932
v 0.200968 0.062184 0.808597
v 0.196132 0.024760 0.904213
v 0.211289 0.000623 0.816773
v 0.165910 0.000705 0.904054
v 0.173772 0.030091 0.907005
v 0.205638 0.237899 0.209744
v 0.273596 0.198032 0.211909
v 0.131728 0.106742 -0.495040
v 0.049814 0.538247 -0.133134
v 0.347473 0.068715 0.515516
v 0.254695 0.464190 0.110994
v 0.206344 0.500335 0.003901
v 0.248836 0.464579 0.051546
v 0.400529 0.000486 0.716985
v 0.402471 0.019240 0.717019
v 0.394731 0.037068 0.654493
v 0.124270 0.076053 0.293262
v 0.075538 0.061114 0.200950
v 0.065213 0.062998 0.291864
v 0.034728 0.061487 0.200585
v 0.346987 0.226423 0.531818
v 0.376249 0.254666 0.674257
v 0.371958 0.221519 0.660225
v 0.336992 0.258028 0.690644
v 0.401933 0.192836 0.662553
v 0.398764 0.214782 0.587779
v 0.325547 0.314434 0.678431
v 0.314479 0.290617 0.691535
v 0.284646 0.242934 0.672086
v 0.368155 0.228139 0.582488
v 0.330281 0.213525 0.690614
v 0.376293 0.176858 0.587163
v 0.267312 0.256780 0.691087
v 0.264896 0.211245 0.693389
v 0.308887 0.342991 0.682338
v -0.360125 0.025656 0.208726
v -0.379825 0.038338 0.326795
v 0.345275 0.052981 0.692237
v 0.251427 0.256171 0.677647
v 0.243474 0.255456 0.705638
v 0.373938 0.055328 0.675983
v 0.373493 0.260567 0.544155
v 0.325852 0.316031 0.578179
v 0.235007 0.259869 0.720541
v 0.374303 0.257418 0.576846
v 0.371250 0.059971 0.660872
v 0.371829 0.175072 0.660632
v 0.308847 0.129459 0.484734
v 0.299853 0.126370 0.406195
v 0.271522 0.122943 0.436677
v 0.300886 0.123993 0.451867
v 0.315092 0.257336 0.524527
v 0.305072 0.130927 0.447854
v 0.325225 0.131110 0.481974
v -0.378596 0.044471 0.288919
v 0.310890 0.081663 0.483636
v 0.245575 0.331825 0.670727
v 0.229921 0.208906 0.721856
v 0.206226 0.185002 0.719343
v 0.222442 0.251328 0.742017
v 0.215738 0.287814 0.739480
v 0.321469 0.119070 0.389111
v 0.319276 0.123274 0.413173
v 0.314077 0.115492 0.527423
v 0.373814 0.190234 0.545545
v 0.314601 0.077058 0.415670
v 0.372277 0.095933 0.580238
v -0.351738 0.048133 0.225276
v -0.345029 0.063517 0.262895
v 0.317023 0.142815 0.356611
v 0.296020 0.141857 0.365682
v 0.344013 0.127600 0.531537
v 0.373787 0.120154 0.547998
v 0.230686 0.134586 0.718676
v 0.301650 0.062186 0.370802
v 0.313153 0.101310 0.456601
v 0.321764 0.130484 0.454475
v 0.196284 0.247345 0.722427
v 0.268524 0.331233 0.686369
v 0.316113 0.075112 0.508691
v -0.366963 0.077629 0.276676
v 0.188905 0.230456 0.665291
v 0.242724 0.346391 0.708397
v -0.371205 0.087256 0.304746
v 0.291028 0.263736 0.529934
v 0.307725 0.258889 0.362691
v 0.353388 0.234024 0.331992
v 0.381450 0.215678 0.326518
v 0.328589 0.120630 0.688623
v 0.196387 0.156881 0.678236
v -0.097127 0.225689 0.403586
v -0.084987 0.212383 0.286624
v -0.353920 0.049025 0.164393
v -0.082075 0.194067 0.271801
v -0.080647 0.128315 0.192406
v -0.381902 0.106352 0.329933
v -0.081700 0.194010 0.190937
v -0.370842 0.101130 0.261957
v -0.351494 0.106466 0.254950
v 0.171466 0.228454 0.653248
v 0.270646 0.326764 0.588375
v 0.320952 0.231426 0.332167
v 0.351388 0.071473 0.414515
v 0.307462 0.341895 0.548949
v 0.380750 0.216276 0.274946
v 0.323159 0.070794 0.457747
v 0.389260 0.058834 0.621820
v 0.196701 0.139176 0.716699
v -0.357877 0.024940 0.341430
v 0.207910 0.300179 0.717825
v 0.382471 0.107721 0.326746
v 0.192132 0.136911 0.650270
v 0.301816 0.346919 0.587895
v 0.403087 0.104788 0.569458
v -0.049110 0.100155 0.199481
v -0.098205 0.126702 0.213903
v -0.081970 0.154479 0.287726
v -0.360525 0.026871 0.121263
v -0.348050 0.074784 0.161826
v -0.352867 0.072503 0.206965
v 0.392777 0.033848 0.707359
v -0.380232 0.024779 0.385704
v -0.096917 0.167788 0.346545
v 0.348462 0.241781 0.282579
v 0.219049 0.441566 0.170961
v 0.376202 0.126949 0.258087
v 0.034352 0.176007 -0.666785
v 0.011835 0.198084 -0.670385
v 0.016441 0.171499 -0.692314
v 0.166901 0.187399 -0.561554
v 0.148534 0.196092 -0.529556
v 0.114355 0.166937 -0.549126
v 0.155730 0.154689 -0.553932
v 0.116502 0.185896 -0.604437
v 0.093602 0.162373 -0.578374
v 0.084994 0.194949 -0.584369
v 0.088940 0.159529 -0.582550
v 0.328907 0.216963 0.206933
v 0.070840 0.172093 -0.656927
v -0.004620 0.163476 -0.724736
v 0.029168 0.163050 -0.706841
v 0.334925 0.074320 0.099116
v 0.386992 0.045653 -0.053179
v 0.130175 0.174221 -0.627963
v 0.115667 0.202352 -0.646338
v 0.189311 0.162524 -0.591381
v 0.153913 0.189811 -0.596906
v 0.167903 0.163620 -0.566565
v 0.075660 0.164341 -0.660834
v 0.054279 0.189379 -0.693470
v 0.264584 0.414334 0.010874
v 0.070733 0.560664 -0.230673
v 0.050755 0.617562 -0.227030
v 0.009483 0.611879 -0.254235
v -0.030268 0.615826 -0.224108
v 0.013552 0.612502 -0.172485
v 0.064568 0.648629 -0.223105
v -0.019128 0.651865 -0.175611
v -0.010562 0.650804 -0.260208
v -0.038461 0.647947 -0.227175
v 0.053472 0.618458 -0.168799
v 0.042589 0.647954 -0.261719
v 0.035171 0.648599 -0.172635
v 0.058961 0.617651 -0.258925
v -0.034774 0.618136 -0.259973
v -0.041714 0.608784 -0.178745
v 0.071171 0.583161 -0.191253
v 0.052040 0.582645 -0.258313
v -0.046051 0.582006 -0.234241
v -0.017050 0.579381 -0.264214
v 0.007512 0.588358 -0.152047
v 0.000418 0.578070 -0.163926
v 0.040479 0.558938 -0.262567
v 0.054409 0.532332 -0.257313
v -0.027700 0.548021 -0.255059
v 0.398484 0.089943 -0.045916
v 0.383953 0.039875 -0.018405
v 0.399003 0.089473 -0.016043
v 0.311996 0.014976 -0.521571
v 0.279889 0.192466 -0.386043
v 0.253789 0.404145 -0.114772
v 0.366739 0.177732 0.016930
v 0.356500 0.109182 0.026650
v 0.382063 0.167509 0.085706
v 0.373726 0.112371 0.038368
v 0.377431 0.165806 0.039662
v 0.386901 0.209545 0.000921
v 0.366730 0.214373 -0.039537
v 0.376634 0.182709 -0.050653
v 0.255951 0.188921 -0.072422
v 0.205927 0.482621 -0.346446
v 0.336361 0.028599 -0.408677
v 0.271745 0.438262 -0.198708
v 0.329182 0.074347 -0.191483
v 0.326456 0.075890 -0.155590
v 0.227923 0.445106 -0.280345
v 0.271569 0.268112 -0.079582
v 0.377301 0.034617 -0.372495
v 0.273857 0.416415 -0.272892
v 0.230422 0.351493 -0.153141
v 0.330558 0.061807 -0.350331
v 0.308475 0.200858 -0.168715
v 0.376577 0.194849 -0.329315
v 0.375601 0.180033 -0.315297
v 0.381891 0.109865 -0.318678
v 0.361841 0.121600 -0.307174
v 0.367020 0.206228 -0.347718
v 0.360933 0.105875 -0.327733
v 0.359290 0.178895 -0.252214
v 0.373662 0.202595 -0.226877
v 0.388278 0.208189 -0.347966
v 0.363603 0.079389 -0.347252
v 0.337197 0.229977 -0.333331
v 0.343239 0.202266 -0.310500
v 0.318759 0.224463 -0.352667
v 0.267615 0.182668 -0.224437
v 0.278848 0.234234 -0.210487
v 0.302017 0.310480 -0.317927
v 0.287945 0.265591 -0.223268
v 0.312085 0.314495 -0.250794
v 0.308724 0.230278 -0.301779
v 0.234114 0.247809 -0.224065
v 0.207385 0.194107 -0.211709
v 0.198305 0.233993 -0.211846
v 0.191416 0.226375 -0.219711
v 0.218244 0.228094 -0.259641
v 0.207611 0.197792 -0.260427
v 0.213268 0.262619 -0.232354
v 0.270773 0.245169 -0.241581
v 0.191680 0.198829 -0.213163
v -0.358373 0.072150 0.342232
v 0.215349 0.188327 -0.222786
v 0.236899 0.176420 -0.228380
v 0.221404 0.267616 -0.209535
v 0.306110 0.320098 -0.287839
v 0.198017 0.236187 -0.167651
v 0.269143 0.239140 -0.226838
v 0.228541 0.233211 -0.138008
v 0.194751 0.204109 -0.134259
v 0.203627 0.240515 -0.139287
v 0.191722 0.204149 -0.151745
v 0.279978 0.223953 -0.240001
v 0.295197 0.284507 -0.246781
v 0.280095 0.185223 -0.259516
v 0.234914 0.179784 -0.207182
v 0.239750 0.248979 -0.206828
v 0.288565 0.285079 -0.203237
v 0.300217 0.310529 -0.294734
v 0.274903 0.252811 -0.203957
v 0.229659 0.328659 -0.296887
v 0.298615 0.234765 -0.251453
v 0.210834 0.187732 -0.171734
v 0.246331 0.326748 -0.325386
v 0.281482 0.306935 -0.227372
v 0.276903 0.222400 -0.220022
v 0.276611 0.222415 -0.204020
v 0.268336 0.237843 -0.216420
v 0.274630 0.186405 -0.205365
v 0.249699 0.339437 -0.288603
v 0.280741 0.189625 -0.228449
v 0.277897 0.189281 -0.218611
v 0.237403 0.251650 -0.171008
v -0.343230 0.025265 0.449884
v 0.313889 0.196405 -0.245567
v 0.253163 0.371140 -0.350297
v 0.260452 0.180609 -0.171848
v 0.250523 0.345566 -0.348242
v 0.274100 0.270887 -0.325544
v 0.296548 0.272003 -0.171081
v 0.270077 0.316183 -0.171148
v 0.253067 0.318570 -0.207181
v 0.274097 0.222070 -0.345246
v 0.316600 0.228438 -0.131330
v 0.254324 0.354127 -0.284867
v 0.244751 0.276844 -0.349839
v 0.340222 0.213914 -0.252929
v 0.248029 0.320074 -0.226005
v -0.371045 0.229639 0.280385
v 0.257571 0.371682 -0.275334
v 0.345345 0.213998 -0.348510
v 0.374683 0.109706 -0.236593
v 0.380799 0.148897 -0.225155
v 0.224768 0.305197 -0.204411
v 0.231114 0.338458 -0.250540
v 0.388366 0.212771 -0.394434
v 0.295164 0.299409 -0.142837
v 0.217237 0.351621 -0.205572
v 0.266682 0.401074 -0.354309
v 0.273903 0.273226 -0.352572
v 0.344587 0.212357 -0.214441
v 0.302090 0.210667 -0.142511
v 0.250190 0.351593 -0.218318
v 0.381944 0.186068 -0.218117
v 0.229812 0.311629 -0.162836
v 0.250438 0.389671 -0.277514
v 0.253470 0.401521 -0.348953
v 0.329306 0.075455 -0.316220
v 0.357185 0.177922 -0.208623
v 0.222966 0.349586 -0.165114
v -0.382722 0.111497 0.281669
v 0.337409 0.231823 -0.211710
v 0.296274 0.295848 -0.130225
v 0.388535 0.108342 -0.350954
v 0.358974 0.101417 -0.241041
v 0.240407 0.323883 -0.133996
v 0.293892 0.287258 -0.356708
v 0.362505 0.237440 -0.350337
v 0.385978 0.030526 -0.346303
v 0.349336 0.037068 -0.337140
v 0.363857 0.115727 -0.208877
v 0.360727 0.178615 -0.157579
v -0.358274 0.033899 0.104502
v 0.288259 0.382953 -0.353044
v 0.362738 0.239208 -0.393909
v -0.317039 0.026833 0.381272
v 0.249349 0.438855 -0.284854
v 0.358438 0.208509 -0.411436
v 0.383470 0.101290 -0.228226
v 0.282383 0.273128 -0.118764
v 0.262415 0.442463 -0.352947
v 0.258358 0.378330 -0.221517
v 0.390153 0.108132 -0.396486
v 0.333554 0.074930 -0.281114
v 0.320628 0.260615 -0.376602
v 0.336515 0.149351 -0.417757
v 0.371537 0.147009 -0.462950
v -0.322960 0.069935 0.345967
v 0.350277 0.121408 -0.461637
v 0.332775 0.118050 -0.428597
v 0.354374 0.125134 -0.440171
v 0.382152 0.100051 -0.469147
v 0.350203 0.102639 -0.473624
v 0.358459 0.130929 -0.496175
v 0.350829 0.141263 -0.512429
v 0.347415 0.158806 -0.489790
v 0.353171 0.102945 -0.507481
v 0.386580 0.146514 -0.492743
v 0.354154 0.169178 -0.440031
v 0.355011 0.048485 -0.444586
v 0.375699 0.097039 -0.378381
v 0.329940 0.045974 -0.311764
v 0.343746 0.214217 -0.063347
v 0.393426 0.099697 -0.502373
v -0.399986 0.019909 0.021472
v 0.362681 0.086299 -0.410839
v 0.358044 0.075818 -0.252933
v 0.283036 0.223033 -0.114999
v 0.257945 0.406840 -0.273441
v 0.224503 0.458635 -0.351251
v -0.353749 0.200888 0.254769
v 0.344941 0.037619 -0.270386
v 0.335026 0.071996 -0.244117
v 0.359292 0.175054 -0.108256
v 0.316172 0.158492 -0.400453
v 0.242947 0.302068 -0.117373
v 0.266688 0.442308 -0.427014
v 0.288560 0.382086 -0.404004
v 0.374424 0.203676 -0.072214
v 0.336586 0.230505 -0.069744
v 0.282197 0.335734 -0.429126
v 0.315613 0.158518 -0.435999
v 0.370803 0.188077 -0.493739
v 0.377417 0.141350 -0.516934
v 0.334178 0.049187 -0.218546
v 0.378640 0.187279 -0.090829
v 0.289798 0.280326 -0.075964
v 0.224120 0.349310 -0.113680
v 0.257563 0.406774 -0.159200
v 0.288377 0.295458 -0.393234
v 0.322862 0.226841 -0.399502
v 0.396488 0.040946 -0.481317
v 0.320798 0.291894 -0.103885
v 0.329164 0.052555 -0.431056
v 0.225811 0.335442 -0.080860
v 0.213835 0.274868 -0.117544
v 0.258864 0.368358 -0.158928
v 0.247459 0.462071 -0.420607
v 0.263657 0.406905 -0.406144
v 0.316184 0.159089 -0.468458
v 0.333328 0.189277 -0.485278
v 0.362395 0.114446 -0.157060
v -0.311076 0.052791 0.354096
v 0.273283 0.480534 -0.272358
v 0.352234 0.076481 -0.496802
v 0.334198 0.073296 -0.411763
v 0.271705 0.223486 -0.078381
v 0.261427 0.353502 -0.115963
v 0.287921 0.381181 -0.449383
v 0.339678 0.177096 -0.518074
v 0.360297 0.097993 -0.093039
v 0.356352 0.115410 -0.107433
v 0.319102 0.280832 -0.093930
v 0.260741 0.303642 -0.066336
v 0.354941 0.046159 -0.472386
v 0.314299 0.221913 -0.076107
v -0.365506 0.210430 0.268159
v 0.271786 0.469824 -0.198877
v 0.344438 0.025747 -0.246491
v 0.241427 0.519903 -0.272318
v 0.384894 0.041421 -0.401155
v 0.408386 0.021983 -0.401788
v 0.400648 0.000405 -0.347441
v 0.404784 0.018137 -0.351615
v 0.285153 0.246745 -0.399418
v 0.407328 0.018874 -0.517828
v 0.344264 0.023655 -0.186646
v 0.226062 0.373878 -0.083080
v -0.360256 0.029459 0.029650
v 0.379080 0.039448 -0.509623
v 0.267205 0.394226 -0.461117
v 0.306325 0.204738 -0.395096
v 0.308555 0.200045 -0.473264
v 0.380137 0.102436 -0.100087
v 0.230248 0.373198 -0.111929
v 0.345877 0.026463 -0.441723
v 0.330279 0.047576 -0.164806
v 0.359554 0.177917 -0.084126
v 0.311511 0.228909 -0.053641
v 0.270407 0.457814 -0.134572
v 0.312855 0.153669 -0.512598
v 0.386027 0.021875 -0.248717
v 0.277296 0.248247 -0.426896
v -0.355356 0.075445 0.100637
v 0.310498 0.198226 -0.511470
v 0.330675 0.074853 -0.114944
v 0.229637 0.330035 -0.038563
v 0.314785 0.105328 -0.514549
v 0.275218 0.492248 -0.108536
v 0.224923 0.649955 -0.242007
v 0.220391 0.613443 -0.233575
v 0.163500 0.613783 -0.230270
v -0.407341 0.002220 0.530731
v 0.167735 0.613697 -0.174458
v 0.219598 0.613914 -0.172096
v 0.173965 0.652269 -0.154852
v 0.174427 0.648745 -0.244850
v 0.257560 0.614341 -0.195272
v 0.222360 0.616999 -0.256911
v 0.251392 0.648020 -0.184380
v 0.144559 0.648849 -0.210662
v -0.351702 0.049037 0.066762
v 0.225891 0.581683 -0.256531
v 0.252791 0.581095 -0.195354
v 0.198053 0.619509 -0.143663
v 0.144408 0.618627 -0.244068
v 0.136128 0.619794 -0.177013
v -0.383480 0.216324 0.328195
v 0.156807 0.581675 -0.252492
v 0.237080 0.557427 -0.241252
v 0.152870 0.581983 -0.160333
v 0.129797 0.583865 -0.211454
v 0.218183 0.580732 -0.153223
v 0.221357 0.529835 -0.255814
v 0.181186 0.557996 -0.260135
v 0.246654 0.538813 -0.189687
v 0.375932 0.182056 -0.012265
v 0.343035 0.228574 -0.007243
v 0.275364 0.411536 -0.101419
v 0.174932 0.458965 -0.422470
v 0.407370 0.017507 -0.451210
v -0.358925 0.213415 0.342508
v 0.209305 0.485591 -0.277738
v 0.217618 0.374486 0.142438
v 0.151780 0.482097 -0.344871
v 0.287750 0.210040 -0.449127
v 0.296715 0.194739 -0.009321
v 0.247426 0.518629 -0.191115
v 0.345448 0.026528 -0.520762
v -0.324110 0.028910 0.484878
v 0.234185 0.420763 -0.461214
v 0.334327 0.052382 -0.115155
v 0.260192 0.376110 -0.104536
v 0.232710 0.557668 -0.166313
v 0.138521 0.521598 -0.248821
v 0.149485 0.486494 -0.279252
v 0.385857 0.212126 -0.063322
v 0.373494 0.190445 0.115966
v 0.370792 0.209223 0.001933
v 0.337351 0.211116 0.006841
v -0.358569 0.075706 0.030664
v 0.144940 0.559708 -0.168647
v 0.150234 0.454630 -0.356516
v 0.306651 0.103273 -0.530347
v 0.406583 0.000335 -0.449848
v 0.364677 0.099449 0.002561
v 0.099933 0.451906 -0.407689
v 0.149481 0.457970 -0.414318
v 0.289863 0.184168 -0.530478
v 0.336796 0.075018 -0.074675
v 0.377812 0.101452 -0.011436
v 0.359490 0.178355 0.135807
v 0.353675 0.212388 0.046928
v 0.140058 0.552908 -0.239181
v 0.160839 0.410647 -0.459469
v -0.374314 0.241796 0.266883
v 0.219518 0.352720 -0.459892
v 0.276749 0.201086 -0.460580
v -0.319366 0.031374 0.413744
v 0.358086 0.176001 0.091366
v 0.309166 0.235932 -0.007295
v 0.360315 0.077326 -0.065639
v 0.371789 0.128017 0.136863
v 0.254978 0.194409 0.128628
v 0.202008 0.531007 -0.154638
v 0.276590 0.105160 -0.497488
v 0.342724 0.032336 -0.068630
v 0.351234 0.109801 0.138356
v 0.375312 0.214261 0.114956
v 0.275351 0.302202 0.152192
v 0.243651 0.526110 -0.134819
v 0.121394 0.452716 -0.277580
v 0.347268 0.029236 -0.134357
v 0.253652 0.419918 -0.091864
v 0.240841 0.526892 -0.099683
v 0.288265 0.039484 -0.527778
v 0.150040 0.526556 -0.162618
v 0.139450 0.443857 -0.447534
v 0.225666 0.337130 0.146880
v 0.371189 0.111317 0.085742
v 0.355349 0.176486 0.191258
v -0.316512 0.031844 0.454960
v 0.101931 0.453007 -0.336599
v 0.278492 0.161591 -0.463451
v 0.278334 0.052507 -0.489954
v 0.377745 0.102070 -0.056914
v 0.299835 0.199324 0.138241
v 0.252218 0.416180 -0.026093
v 0.014079 0.466533 -0.415079
v 0.285743 0.155294 -0.508981
v 0.363547 0.098512 0.105145
v -0.406126 0.000588 -0.036242
v 0.300768 0.294498 -0.079149
v -0.373025 0.036802 -0.002996
v 0.125848 0.544137 -0.206835
v 0.085215 0.517076 -0.276735
v -0.350763 0.106060 0.046943
v -0.337205 0.237567 0.278367
v 0.256178 0.159110 -0.512410
v 0.366548 0.078094 0.000659
v 0.360643 0.138058 0.112694
v 0.267605 0.402546 0.052833
v 0.258866 0.037625 -0.520670
v 0.276275 0.226937 0.151686
v 0.300796 0.298849 0.159474
v 0.260542 0.454076 -0.095504
v -0.405111 0.018894 -0.027319
v 0.273182 0.014286 -0.453442
v 0.334536 0.064545 0.010014
v 0.350322 0.222013 0.116850
v 0.260116 0.246716 0.135946
v 0.317764 0.286156 0.179646
v 0.264487 0.374368 -0.023710
v -0.316696 0.147168 0.347010
v -0.001518 0.453922 -0.416345
v 0.333445 0.068761 0.049780
v -0.347808 0.018942 0.534070
v 0.213731 0.222442 -0.456691
v 0.364723 0.220026 0.220131
v 0.327486 0.226102 0.086677
v 0.099569 0.525198 -0.192540
v 0.041792 0.195819 -0.752649
v 0.039523 0.176394 -0.720704
v 0.050161 0.153310 -0.753466
v 0.139611 0.163341 -0.656468
v 0.180626 0.191799 -0.698549
v 0.159387 0.181270 -0.721016
v 0.164714 0.168311 -0.671154
v 0.183380 0.157741 -0.701872
v 0.107608 0.148039 -0.776926
v 0.140738 0.160398 -0.708453
v 0.163263 0.156097 -0.758686
v -0.077054 0.157808 -0.837877
v 0.126967 0.153187 -0.756639
v -0.377163 0.233274 0.193880
v 0.107040 0.165518 -0.773338
v 0.130780 0.153985 -0.777583
v 0.046902 0.135001 -0.822231
v 0.048269 0.171534 -0.820849
v 0.036587 0.129305 -0.848682
v -0.075841 0.159661 -0.887319
v -0.039397 0.202531 -0.890462
v 0.220994 0.155051 -0.784882
v 0.166340 0.168294 -0.829798
v 0.171874 0.149285 -0.847484
v 0.220660 0.158828 -0.870190
v 0.218867 0.168299 -0.860589
v 0.020993 0.036506 -0.862795
v 0.032470 0.047775 -0.885237
v 0.023121 0.010968 -0.872389
v 0.237685 0.040459 -0.791825
v 0.266793 0.066436 -0.798544
v 0.165927 0.013725 -0.912636
v 0.285723 0.076259 -0.884550
v 0.271995 0.056452 -0.904304
v 0.278254 0.013053 -0.946691
v 0.279277 0.055580 -0.944314
v 0.278725 0.011949 -0.888954
v -0.328265 0.068110 0.413924
v 0.278025 0.014275 -0.830184
v 0.297217 0.042043 -0.842595
v 0.241613 0.056276 -0.949656
v 0.228666 0.015730 -0.950697
v 0.226943 0.011907 -0.808063
v 0.276743 0.013945 -0.788963
v 0.238566 0.045923 -0.909304
v 0.233218 0.035343 -0.825742
v -0.370305 0.098252 0.041182
v 0.224870 0.016386 -0.911863
v -0.326768 0.261624 0.325560
v 0.166011 0.013793 -0.846398
v -0.348497 0.245751 0.335195
v 0.168488 0.011582 -0.884399
v 0.270224 0.190065 -0.913046
v -0.273444 0.061096 0.366966
v 0.282532 0.074410 -0.838929
v 0.188745 0.041173 -0.892555
v 0.227225 0.037111 -0.849221
v 0.167236 0.012364 -0.826064
v 0.284827 0.150435 -0.890414
v 0.193255 0.039428 -0.847013
v 0.243154 0.086715 -0.848833
v 0.282047 0.202163 -0.887812
v 0.094068 0.021255 -0.895736
v 0.272991 0.178014 -0.857342
v 0.236597 0.166542 -0.911133
v 0.191874 0.101272 -0.887152
v 0.185601 0.035689 -0.866194
v 0.266367 0.073905 -0.820611
v 0.284958 0.148293 -0.834707
v -0.311461 0.083296 0.387772
v 0.237471 0.167772 -0.878146
v 0.202283 0.107088 -0.849412
v 0.208780 0.166560 -0.910335
v 0.243958 0.202095 -0.886264
v 0.032886 0.012719 -0.898171
v 0.281606 0.202377 -0.822361
v 0.074952 0.110629 -0.894939
v 0.184653 0.152269 -0.889880
v 0.002204 0.036413 -0.906264
v 0.230676 0.203403 -0.824621
v -0.029818 0.019519 -0.952831
v -0.020794 0.013003 -0.909661
v 0.215461 0.207707 -0.870359
v 0.010676 0.100258 -0.885974
v -0.295012 0.141159 0.355166
v 0.239738 0.106988 -0.785241
v 0.217344 0.198692 -0.808824
v 0.031963 0.015960 -0.846675
v 0.175518 0.204060 -0.878218
v -0.038788 0.042583 -0.907391
v -0.075887 0.011898 -0.889062
v 0.262672 0.184941 -0.821235
v 0.172199 0.200100 -0.816722
v 0.098804 0.145682 -0.894215
v -0.026281 0.011781 -0.827044
v -0.322092 0.224322 0.345562
v -0.014255 0.124542 -0.910322
v -0.076214 0.055264 -0.950230
v 0.245847 0.155860 -0.838578
v -0.074054 0.012574 -0.949018
v -0.078989 0.012797 -0.835436
v 0.245761 0.160650 -0.768172
v -0.071710 0.056236 -0.916553
v -0.380198 0.102208 -0.023985
v 0.032096 0.017759 -0.824465
v 0.241727 0.118570 -0.722430
v -0.039340 0.164511 -0.909254
v -0.015805 0.165200 -0.907516
v 0.003537 0.173173 -0.876764
v -0.031792 0.014424 -0.788990
v 0.029189 0.106893 -0.866262
v 0.192006 0.167814 -0.859254
v 0.159513 0.196970 -0.858471
v 0.012290 0.154334 -0.895207
v -0.036829 0.035135 -0.825350
v 0.168330 0.201712 -0.842294
v -0.100212 0.042076 -0.883802
v 0.242963 0.152384 -0.723691
v 0.222019 0.157868 -0.829257
v 0.221990 0.157876 -0.828306
v 0.236293 0.169276 -0.750555
v 0.221373 0.158210 -0.827137
v 0.197138 0.165866 -0.808688
v 0.030031 0.204321 -0.866704
v -0.073763 0.020800 -0.790225
v 0.240705 0.118110 -0.638879
v 0.010601 0.106941 -0.853173
v -0.076372 0.201458 -0.892874
v -0.038863 0.046899 -0.849137
v 0.149791 0.148991 -0.846526
v -0.066655 0.194118 -0.915475
v 0.158336 0.140227 -0.823337
v -0.050722 0.072025 -0.794701
v 0.243933 0.157987 -0.647405
v -0.322473 0.253104 0.251617
v -0.079588 0.073503 -0.888232
v -0.081971 0.077117 -0.837284
v 0.121143 0.157538 -0.846214
v 0.075125 0.151850 -0.838472
v -0.269114 0.134392 0.386587
v 0.096920 0.167732 -0.860742
v 0.031933 0.199931 -0.842217
v -0.011682 0.206184 -0.872460
v -0.072421 0.063958 -0.819528
v -0.327600 0.053764 0.523897
v 0.030546 0.208590 -0.821189
v -0.036304 0.106953 -0.849795
v 0.122118 0.144241 -0.777634
v 0.105538 0.125956 -0.843947
v 0.193554 0.153096 -0.762112
v 0.240954 0.108087 -0.577553
v 0.243384 0.151179 -0.585088
v 0.031193 0.189448 -0.822181
v 0.133880 0.149894 -0.773988
v -0.080157 0.201290 -0.826127
v -0.036681 0.195510 -0.820439
v 0.121699 0.147662 -0.766027
v 0.030347 0.155259 -0.847787
v -0.012716 0.204094 -0.809922
v 0.152279 0.161489 -0.732323
v 0.087405 0.146725 -0.802774
v 0.219493 0.165484 -0.462273
v 0.120464 0.183170 -0.713410
v 0.097898 0.182394 -0.716896
v 0.100831 0.159158 -0.739977
v 0.246236 0.162160 -0.555176
v 0.065443 0.151656 -0.784655
v 0.046736 0.151826 -0.779908
v 0.056890 0.161002 -0.773754
v 0.060835 0.139842 -0.792971
v 0.069182 0.140667 -0.802953
v 0.193155 0.156852 -0.652942
v -0.328154 0.069516 0.456779
v 0.198242 0.170543 -0.547117
v 0.099567 0.163282 -0.694324
v -0.011672 0.148738 -0.841012
v -0.058303 0.161436 -0.823883
v 0.220425 0.155070 -0.561385
v 0.066455 0.144763 -0.777882
v -0.012171 0.169528 -0.857569
v -0.056597 0.107223 -0.828183
v 0.119507 0.162203 -0.678223
v 0.087167 0.178289 -0.716925
v 0.075359 0.169752 -0.733487
v 0.061796 0.157988 -0.711159
v -0.011360 0.149825 -0.769636
v 0.240752 0.116636 -0.516497
v 0.238412 0.151829 -0.513788
v 0.165143 0.170557 -0.649603
v 0.161057 0.156215 -0.631695
v 0.146065 0.171247 -0.611446
v 0.095115 0.188264 -0.690874
v 0.098499 0.188682 -0.642468
v 0.070350 0.196403 -0.660546
v 0.244501 0.146085 -0.516178
v 0.244160 0.154259 -0.506556
v 0.244471 0.119422 -0.513900
v -0.293594 0.075835 0.456469
v -0.322640 0.087965 0.480960
v -0.340740 0.100480 0.536371
v -0.028471 0.560799 -0.173938
v 0.367877 0.000440 -0.032189
v 0.378898 0.097890 0.133501
v 0.207888 0.509441 -0.096324
v 0.036061 0.451279 -0.435502
v -0.353264 0.201064 0.046567
v -0.038491 0.169857 -0.852291
v 0.366284 0.212664 0.271160
v -0.296062 0.123184 0.409480
v 0.333208 0.212337 0.131307
v -0.313592 0.063227 0.484373
v 0.057540 0.560482 -0.175459
v 0.021987 0.452481 -0.347975
v 0.179596 0.330941 -0.459356
v -0.056622 0.159662 -0.769312
v -0.352277 0.000728 0.530886
v 0.265067 0.432378 0.056613
v 0.214753 0.488455 -0.075481
v 0.016037 0.169710 -0.750775
v -0.054143 0.116375 -0.767150
v 0.245780 0.014273 -0.504018
v 0.352607 0.031886 0.002798
v 0.355199 0.176541 0.245999
v 0.024533 0.451846 -0.279878
v 0.108784 0.177155 -0.615562
v 0.240961 0.106990 -0.497724
v 0.220363 0.323802 0.136469
v 0.070142 0.534908 -0.189653
v 0.097815 0.166058 -0.643846
v 0.265392 0.401359 0.145319
v 0.190651 0.157498 -0.530232
v 0.127107 0.182265 -0.597261
v -0.344795 0.020339 0.577804
v 0.047297 0.169083 -0.687531
v 0.356755 0.110320 0.195022
v -0.291604 0.079049 0.414598
v 0.037370 0.529629 -0.162589
v -0.044865 0.530445 -0.205750
v 0.074511 0.406305 -0.459130
v 0.182523 0.247088 -0.456653
v 0.059455 0.184097 -0.643186
v 0.401101 0.015723 -0.165925
v 0.358200 0.077134 0.115589
v 0.371820 0.188597 0.258412
v 0.217087 0.487161 -0.052989
v -0.010028 0.527737 -0.161127
v 0.005964 0.485187 -0.279927
v 0.005449 0.482056 -0.347020
v 0.033487 0.351851 -0.460608
v -0.025812 0.326547 -0.459388
v 0.359524 0.077482 0.272652
v 0.288418 0.279881 0.152098
v 0.263512 0.377503 0.175609
v 0.194411 0.170652 -0.456680
v -0.057815 0.160291 -0.725983
v 0.234400 0.086825 -0.493734
v -0.007967 0.520287 -0.273950
v 0.010683 0.434200 -0.446167
v 0.144670 0.161682 -0.591952
v 0.399624 0.016759 -0.049456
v 0.348680 0.028547 0.056427
v 0.223398 0.335793 0.177147
v 0.228588 0.376635 0.178598
v 0.265192 0.454427 -0.008791
v 0.258473 0.453815 -0.026155
v 0.067576 0.165299 -0.666402
v 0.338782 0.051014 0.081335
v -0.381824 0.103749 0.020003
v 0.117151 0.527467 -0.138211
v -0.331888 0.230357 0.041999
v -0.296828 0.260699 0.279290
v 0.304183 0.235864 0.276335
v 0.212297 0.518550 -0.022954
v 0.141333 0.164435 -0.526069
v -0.054540 0.116833 -0.710737
v 0.133707 0.533080 -0.099859
v 0.065571 0.526340 -0.138523
v 0.094491 0.161089 -0.626020
v 0.361290 0.100274 0.252749
v 0.331945 0.217882 0.269227
v 0.256954 0.423319 0.139290
v -0.369990 0.211393 0.030575
v -0.070180 0.527164 -0.190494
v 0.096314 0.161352 -0.566868
v -0.055885 0.107164 -0.587111
v 0.401346 0.016965 0.001057
v 0.332169 0.075032 0.153610
v 0.335057 0.063011 0.192697
v 0.386408 0.060309 0.578782
v 0.169098 0.162769 0.655945
v 0.171388 0.225559 0.390923
v -0.099624 0.227254 0.582574
v 0.200605 0.508046 -0.027884
v -0.022454 0.459807 -0.356223
v 0.021568 0.158051 -0.674135
v -0.038991 0.167900 -0.756539
v -0.052885 0.154863 -0.678270
v 0.332509 0.075124 0.221405
v 0.351760 0.072455 0.476320
v -0.018763 0.060891 0.201626
v 0.264703 0.444639 0.179461
v 0.068716 0.165768 -0.621940
v 0.340560 0.033954 0.413857
v -0.365079 0.063768 -0.037560
v 0.286677 0.275579 0.494504
v -0.057599 0.486906 -0.281842
v -0.024732 0.249190 -0.458915
v 0.011565 0.202767 -0.624886
v 0.010302 0.162532 -0.617682
v 0.038599 0.181798 -0.606462
v 0.046579 0.177765 -0.639416
v -0.014519 0.156403 -0.659346
v 0.398123 0.018559 0.118240
v 0.354043 0.080621 0.332610
v 0.163428 0.127018 0.651393
v 0.180073 0.126651 0.475288
v 0.185735 0.126883 0.528731
v 0.282625 0.279761 0.190420
v -0.318798 0.028379 -0.040906
v -0.099689 0.457566 -0.424070
v -0.004404 0.411787 -0.459971
v 0.190825 0.156185 -0.473773
v 0.050386 0.157723 -0.649189
v 0.021458 0.159789 -0.640444
v 0.345110 0.032630 0.106693
v 0.321255 0.072406 0.331920
v 0.259483 0.120468 0.693622
v 0.197371 0.058802 0.779042
v 0.123868 0.071348 0.201436
v -0.096708 0.067656 0.198833
v -0.318896 0.123041 0.578727
v 0.192813 0.327563 0.719245
v -0.335192 0.032414 0.621067
v 0.083318 0.163597 -0.543357
v 0.150731 0.055066 -0.493269
v 0.334240 0.050119 0.151865
v 0.328576 0.066573 0.383296
v 0.174086 0.126701 0.435850
v 0.176528 0.060582 0.454028
v 0.158301 0.155352 0.194907
v 0.213219 0.333828 0.198997
v 0.214497 0.487380 0.191694
v 0.204109 0.502426 0.041834
v -0.057429 0.530256 -0.137496
v 0.048968 0.156555 -0.546045
v -0.288152 0.239517 0.351994
v 0.184337 0.060032 0.516391
v 0.304402 0.228817 0.167993
v 0.058772 0.518935 -0.097008
v 0.329010 0.065810 0.266144
v 0.325324 0.052237 0.707769
v -0.373310 0.241278 0.036324
v 0.176408 0.060667 0.405553
v 0.150435 0.070442 0.199944
v -0.065658 0.073532 0.200494
v -0.297139 0.259272 0.331194
v -0.271429 0.094373 0.482066
v -0.081499 0.520792 -0.266907
v 0.094558 0.158630 -0.502775
v 0.065560 0.161706 -0.522606
v 0.373385 0.096470 0.521738
v 0.404155 0.000534 0.542812
v 0.231149 0.059531 0.777165
v 0.194948 0.127359 0.607633
v 0.157541 0.152785 0.268674
v 0.241784 0.340840 0.588448
v 0.268014 0.325102 0.551868
v 0.292736 0.316765 0.496015
v 0.216577 0.502574 0.116580
v 0.213017 0.515074 0.003553
v -0.079098 0.448748 -0.353443
v 0.232576 0.061321 0.723355
v -0.268151 0.255563 0.368545
v 0.148888 0.076559 0.510289
v -0.276045 0.133146 0.432266
v -0.047945 0.161941 0.198838
v 0.149521 0.059989 0.340901
v 0.179596 0.126443 0.395950
v 0.092765 0.194096 0.192984
v 0.176132 0.060181 0.206252
v 0.157287 0.127160 0.200595
v 0.176168 0.126494 0.199357
v 0.157818 0.099474 0.200587
v 0.180314 0.060586 0.349933
v -0.371779 0.015320 -0.048226
v 0.171710 0.060757 0.304092
v 0.178347 0.126848 0.333085
v -0.325336 0.232086 0.117591
v 0.217908 0.193958 0.198218
v 0.172366 0.126600 0.280430
v 0.171269 0.168921 0.368434
v 0.156917 0.213786 0.295138
v 0.158116 0.196565 0.268918
v 0.183405 0.194101 0.216957
v 0.230374 0.158617 0.197278
v 0.196280 0.215460 0.266317
v -0.341759 0.244815 0.032933
v 0.197491 0.223181 0.214999
v -0.319495 0.261248 0.118182
v 0.236258 0.234791 0.219627
v 0.195071 0.255041 0.214557
v 0.213255 0.164138 0.264238
v 0.270336 0.189413 0.261617
v -0.296049 0.134058 0.483434
v 0.217602 0.447220 0.199388
v -0.054997 0.482282 -0.344194
v 0.354202 0.076850 0.387347
v 0.343393 0.042018 0.484723
v 0.257321 0.055190 0.691149
v 0.289069 0.321818 0.528387
v 0.032786 0.182102 -0.569237
v 0.026893 0.161455 -0.605141
v 0.378465 0.106848 0.278619
v 0.380866 0.047438 0.530666
v 0.207828 0.026723 0.810593
v 0.235417 0.020081 0.809337
v 0.178075 0.126258 0.567805
v 0.302952 0.269083 0.291042
v 0.274878 0.224998 0.203477
v -0.295269 0.125867 0.454204
v -0.090070 0.526845 -0.135249
v 0.331981 0.025618 0.381472
v 0.237093 0.056198 0.794276
v 0.237623 0.053780 0.793687
v -0.079980 0.445380 -0.276982
v -0.106359 0.453148 -0.362484
v 0.019662 0.160411 -0.558712
v 0.165035 0.014640 -0.495757
v -0.384315 0.214156 0.021442
v 0.368704 0.096527 0.303444
v 0.252435 0.031635 0.715903
v 0.237514 0.051508 0.793891
v 0.177789 0.061938 0.554778
v -0.262235 0.237856 0.276353
v -0.233382 0.267640 0.329492
v 0.297158 0.266794 0.326820
v 0.266089 0.456059 0.154321
v -0.346979 0.019468 0.657246
v -0.056916 0.164583 -0.635708
v -0.054108 0.116314 -0.633377
v 0.341883 0.034373 0.123713
v 0.334721 0.050736 0.222588
v 0.164923 0.021306 0.810255
v 0.193800 0.058690 0.609775
v -0.096814 0.126495 0.271797
v 0.172451 0.304614 0.705715
v 0.201393 0.345198 0.627460
v 0.285667 0.274730 0.418493
v 0.251145 0.271971 0.207208
v -0.017024 0.166077 -0.605201
v 0.401485 0.020349 0.568945
v 0.241943 0.059157 0.677762
v 0.162180 0.023771 0.945180
v 0.197094 0.057616 0.729478
v 0.193201 0.050139 0.690165
v -0.022701 0.063202 0.291717
v 0.192534 0.235837 0.702954
v -0.306559 0.120761 0.544943
v 0.219939 0.296694 0.202052
v -0.120137 0.483141 -0.278923
v 0.199082 0.348500 0.688800
v 0.299127 0.225733 0.262839
v 0.219130 0.229326 0.263312
v 0.199952 0.314817 0.201225
v 0.197970 0.315681 0.201195
v 0.199981 0.315768 0.201217
v -0.012970 0.535921 -0.101024
v -0.093714 0.417429 -0.463343
v -0.072360 0.351591 -0.460711
v 0.053574 0.157177 -0.590176
v -0.377063 0.208974 -0.036004
v 0.400054 0.000000 0.059362
v 0.342252 0.026166 0.331013
v 0.235249 0.040952 0.769131
v 0.059603 0.064034 0.364301
v 0.215459 0.352121 0.560159
v 0.343432 0.022687 0.174782
v 0.399553 0.023330 0.495352
v 0.123118 0.070517 0.512544
v 0.026667 0.062279 0.303001
v 0.233084 0.001040 0.764874
v -0.295361 0.246754 0.166420
v 0.297058 0.335035 0.267200
v 0.049893 0.538042 -0.036924
v 0.028187 0.160405 -0.510657
v 0.372428 0.039053 0.290658
v 0.312194 0.020465 0.707735
v 0.167220 0.063651 0.810010
v 0.188258 0.059794 0.651688
v 0.177144 0.249476 0.705063
v 0.187054 0.332653 0.681921
v -0.032476 0.501019 -0.097124
v -0.087166 0.518460 -0.097965
v 0.344068 0.031546 0.452866
v -0.098137 0.126424 0.320810
v 0.193504 0.509767 0.117677
v 0.121780 0.068618 0.391953
v 0.290069 0.317079 0.416291
v 0.177029 0.290405 0.200652
v -0.105164 0.403888 -0.440980
v 0.347442 0.029491 0.260155
v -0.299423 0.070287 -0.062874
v 0.238812 0.048621 0.707342
v 0.156952 0.068826 0.742828
v 0.115499 0.063331 0.378515
v -0.364472 0.227528 -0.004100
v 0.260773 0.345495 0.490541
v 0.296726 0.258247 0.372011
v -0.235949 0.260640 0.287549
v 0.110294 0.512406 0.108070
v 0.055259 0.512189 0.002593
v -0.012946 0.536474 -0.037826
v 0.017155 0.098948 -0.491587
v -0.316737 0.057960 0.584511
v 0.387111 0.027718 0.383793
v 0.155854 0.059665 0.655720
v -0.003220 0.063090 0.363834
v 0.183896 0.332273 0.648329
v 0.194762 0.353564 0.607213
v 0.272556 0.263828 0.360286
v 0.169111 0.440749 0.198628
v 0.181472 0.479420 0.215500
v 0.164624 0.493835 0.195637
v -0.123776 0.441720 -0.225621
v -0.011196 0.157940 -0.468785
v 0.380462 0.047250 0.324772
v 0.122761 0.022748 0.949657
v 0.150443 0.074328 0.818395
v -0.095207 0.059392 0.288857
v -0.301875 0.048386 -0.129873
v -0.093788 0.159717 0.567883
v -0.137369 0.233918 0.703043
v -0.122747 0.466251 -0.201097
v -0.095576 0.438154 -0.288079
v -0.014551 0.156793 -0.530825
v -0.314958 0.054744 0.633867
v -0.342691 0.103866 0.636691
v -0.090954 0.077656 0.306136
v -0.102449 0.126537 0.397727
v 0.175931 0.347605 0.616296
v 0.139349 0.498778 0.218843
v 0.120233 0.470691 0.252304
v -0.058087 0.165010 -0.580142
v -0.004631 0.066582 0.456663
v 0.088344 0.248107 0.705175
v 0.251995 0.259992 0.260695
v -0.308450 0.029691 -0.171479
v 0.057757 0.513023 -0.030037
v -0.022300 0.500277 -0.031944
v -0.088257 0.416564 -0.338914
v 0.148858 0.045493 0.891140
v 0.165386 0.327745 0.197657
v 0.165604 0.422567 0.206148
v 0.177294 0.444128 0.255150
v 0.206031 0.516164 0.181462
v -0.054614 0.141270 -0.554454
v -0.340579 0.030012 0.715010
v -0.348569 0.000720 0.718293
v 0.404770 0.019367 0.282688
v -0.102856 0.060757 0.332666
v -0.103077 0.060150 0.400337
v 0.044598 0.299923 0.703628
v 0.080355 0.331546 0.678058
v 0.301443 0.325485 0.359101
v 0.205279 0.518054 0.156571
v -0.129468 0.491091 -0.107038
v -0.119924 0.455592 -0.139966
v 0.407175 0.023631 0.448303
v 0.285373 0.311912 0.296362
v 0.198075 0.279764 0.227663
v 0.149500 0.338859 0.204701
v 0.046301 0.537441 -0.006293
v -0.117329 0.409474 -0.280129
v -0.093381 0.390807 -0.352815
v -0.297192 0.121545 0.513943
v 0.199390 0.501604 0.145096
v -0.106259 0.403303 -0.356179
v 0.409418 0.019250 0.329077
v 0.084868 0.025597 0.941365
v 0.152679 0.072648 0.691530
v 0.271259 0.328164 0.358831
v -0.304074 0.033052 -0.092828
v 0.216003 0.290462 0.266410
v -0.327176 0.248260 -0.047277
v -0.335150 0.237553 -0.037115
v -0.228456 0.272199 0.365109
v -0.248027 0.300940 0.380607
v 0.217785 0.338583 0.490070
v 0.256812 0.346201 0.396983
v 0.287249 0.314789 0.380588
v 0.108535 0.463897 0.216386
v -0.128178 0.383647 -0.357104
v -0.063648 0.225882 -0.458686
v 0.293908 0.341575 0.328968
v 0.250519 0.363613 0.295484
v 0.220842 0.353491 0.261621
v -0.118135 0.385437 -0.461673
v -0.054832 0.107061 -0.503548
v -0.300236 0.073309 -0.120980
v 0.237226 0.001332 0.707789
v 0.125651 0.084223 0.751330
v -0.062381 0.069505 0.378060
v 0.004202 0.246749 0.704535
v 0.195390 0.254386 0.263743
v 0.186123 0.316254 0.265172
v -0.029432 0.169455 -0.510811
v -0.256206 0.264295 0.407041
v -0.302705 0.191436 0.538514
v -0.344598 0.105684 0.676445
v -0.269585 0.019299 0.715476
v 0.032072 0.024945 0.943327
v 0.225219 0.349928 0.285775
v 0.114152 0.506948 0.049851
v 0.062557 0.036673 0.893265
v 0.123157 0.045795 0.884974
v 0.123114 0.064160 0.579313
v 0.172262 0.352350 0.646986
v 0.238196 0.367017 0.356926
v 0.060389 0.507914 0.046022
v -0.086452 0.510769 -0.026815
v -0.098369 0.412040 -0.278559
v -0.024719 0.170194 -0.458707
v 0.116275 0.067777 0.799433
v 0.219585 0.340883 0.412824
v 0.191421 0.328519 0.240530
v -0.123766 0.336685 -0.448532
v -0.057146 0.095098 -0.492569
v 0.404803 0.000432 0.461387
v 0.102962 0.427229 0.235754
v -0.092618 0.364133 -0.342485
v 0.397237 0.000382 0.506750
v 0.394601 0.000389 0.507781
v 0.112704 0.065320 0.456281
v -0.223366 0.244796 0.261350
v -0.060274 0.333823 0.681818
v 0.283030 0.322139 0.328269
v -0.221931 0.320485 0.298829
v -0.009330 0.532121 -0.003294
v -0.046080 0.506321 -0.009000
v 0.393664 0.000389 0.508573
v -0.311448 0.121078 0.642024
v 0.113283 0.352694 0.617740
v 0.224554 0.350674 0.326215
v 0.180503 0.404033 0.222698
v 0.140231 0.428923 0.269696
v 0.117669 0.500581 0.179305
v 0.005796 0.518535 0.157864
v -0.111285 0.408046 -0.158968
v 0.022250 0.051599 -0.495529
v 0.118888 0.401804 0.209701
v 0.124103 0.438603 0.199649
v 0.118178 0.496010 0.199787
v 0.067462 0.508800 0.116619
v -0.016535 0.500193 0.002450
v 0.120296 0.069274 0.736154
v 0.074069 0.063769 0.511888
v 0.215156 0.395278 0.351351
v -0.123473 0.334175 -0.401881
v -0.066178 0.165740 -0.489032
v -0.016739 0.015561 -0.496904
v -0.320303 0.258901 0.038545
v 0.063891 0.000686 0.935202
v 0.083505 0.045149 0.865950
v -0.064795 0.068282 0.453707
v 0.143631 0.347221 0.567767
v -0.084583 0.510767 0.001167
v -0.126066 0.406165 -0.104290
v 0.078023 0.000566 -0.452855
v -0.319231 0.051707 0.676212
v -0.031121 0.025599 0.942195
v 0.122195 0.075200 0.692261
v 0.055378 0.065596 0.581477
v -0.090033 0.127323 0.562573
v 0.176101 0.401314 0.251104
v 0.046319 0.524410 0.052494
v -0.099511 0.059908 0.445368
v -0.111447 0.126697 0.523721
v 0.113117 0.355334 0.631097
v -0.127051 0.456933 -0.010819
v 0.121587 0.053296 0.841035
v -0.121604 0.248681 0.704942
v 0.113320 0.355792 0.628962
v 0.116224 0.356772 0.624598
v 0.218781 0.333482 0.362695
v 0.093018 0.265182 0.239497
v -0.062092 0.156442 -0.508905
v 0.075063 0.000428 0.258566
v -0.051036 0.041065 0.889447
v -0.107043 0.061257 0.482456
v 0.141552 0.350922 0.511148
v 0.114655 0.403081 0.258593
v 0.124138 0.297552 0.199040
v 0.062680 0.289797 0.198675
v -0.093227 0.475732 0.005491
v -0.089293 0.340632 -0.351912
v -0.119012 0.243620 -0.439014
v -0.330311 0.252889 -0.022889
v -0.298714 0.266855 0.030279
v -0.271421 0.250323 0.145747
v -0.050940 0.000766 0.935359
v 0.054189 0.058387 0.802354
v 0.120602 0.356021 0.511871
v 0.191303 0.350274 0.375596
v 0.217369 0.392998 0.271830
v 0.085136 0.434325 0.198151
v -0.115148 0.419709 -0.090299
v 0.030639 0.508197 0.106521
v -0.114639 0.459342 0.051988
v -0.069851 0.014686 -0.506700
v -0.112446 0.229824 0.652489
v 0.170640 0.345784 0.422720
v 0.040334 0.326776 0.207421
v -0.082492 0.347940 -0.266493
v -0.085789 0.330812 -0.292780
v -0.133727 0.289409 -0.391440
v -0.201830 0.251554 0.259816
v -0.248526 0.288893 0.407374
v -0.112626 0.367782 -0.160769
v 0.023506 0.047658 0.852517
v 0.035597 0.071042 0.691128
v -0.009672 0.501864 0.054696
v -0.083392 0.510148 0.055070
v -0.095274 0.235033 -0.323539
v -0.305414 0.026631 -0.230096
v -0.105898 0.126646 0.558964
v 0.047671 0.349548 0.572634
v 0.143691 0.346828 0.451846
v 0.209584 0.357362 0.352125
v -0.231685 0.332482 0.329378
v -0.087194 0.014867 -0.520099
v -0.313664 0.173516 0.584786
v -0.106108 0.128926 0.653095
v 0.010953 0.432287 0.198838
v -0.005149 0.324480 0.201518
v 0.059082 0.482441 0.198705
v 0.009067 0.516741 0.054491
v -0.118388 0.415687 -0.028731
v -0.126270 0.217845 -0.399272
v -0.022202 0.064040 0.581034
v -0.058763 0.064626 0.512038
v -0.108704 0.357365 0.620065
v 0.103753 0.319331 0.225975
v 0.087826 0.310275 0.236022
v -0.093952 0.156522 -0.508994
v -0.110871 0.060482 0.530713
v -0.135059 0.317018 0.701712
v -0.075560 0.351814 -0.209137
v -0.096456 0.222791 -0.351640
v -0.292503 0.036084 0.731766
v 0.051021 0.053207 0.834794
v -0.001235 0.064406 0.647086
v 0.037282 0.349292 0.614334
v -0.008806 0.348429 0.208892
v -0.092796 0.328496 -0.306486
v -0.294130 0.249739 0.016074
v 0.012299 0.330802 0.205109
v 0.003570 0.296489 0.199865
v -0.007349 0.529535 0.049908
v 0.006871 0.507965 0.107633
v -0.008517 0.513309 0.110580
v -0.129740 0.415828 0.006222
v -0.114891 0.356456 -0.117013
v -0.081917 0.310315 -0.196679
v -0.101038 0.319000 -0.215241
v -0.106001 0.351873 -0.234791
v -0.344474 0.188510 0.581620
v -0.072227 0.023407 0.952467
v 0.101025 0.355437 0.528891
v 0.095883 0.396991 0.325769
v 0.142891 0.389188 0.269420
v 0.074203 0.322013 0.216260
v -0.013465 0.374655 0.204224
v -0.120764 0.462036 0.100834
v -0.073667 0.349466 -0.166867
v -0.088987 0.328606 -0.250186
v -0.127158 0.341500 -0.325131
v -0.098407 0.202063 -0.317200
v -0.122377 0.204867 -0.460083
v -0.300941 0.049088 -0.239600
v 0.112415 0.321811 0.264879
v -0.012926 0.324979 0.213732
v -0.014165 0.365053 0.205015
v 0.051685 0.445400 0.197518
v 0.001469 0.485098 0.219481
v -0.007248 0.504594 0.101906
v -0.086644 0.508389 0.091909
v -0.122672 0.373967 -0.107298
v 0.027261 0.068932 0.734093
v -0.128302 0.231867 0.668010
v -0.311422 0.224850 0.584350
v 0.119907 0.349329 0.495049
v -0.012734 0.366872 0.204540
v -0.007596 0.462113 0.198006
v -0.094800 0.108611 -0.498678
v -0.112643 0.035629 -0.496433
v -0.027474 0.053067 0.840464
v -0.132044 0.142738 0.651130
v -0.134893 0.332420 0.680664
v 0.193569 0.374101 0.348994
v 0.060753 0.398475 0.214571
v 0.010861 0.318864 0.208543
v -0.014252 0.293003 0.225084
v 0.055806 0.438780 0.215095
v -0.131174 0.433109 0.051486
v -0.127141 0.373388 -0.025269
v -0.131036 0.225114 -0.320223
v -0.151182 0.278650 -0.357166
v -0.306785 0.201054 -0.071436
v 0.140667 0.358931 0.372368
v -0.032026 0.310486 0.207209
v 0.004480 0.486814 0.203421
v -0.044675 0.501447 0.094389
v -0.089858 0.363771 -0.109295
v -0.101864 0.351885 -0.149479
v 0.158934 0.000368 -0.043743
v 0.158252 0.000368 -0.043017
v -0.287673 0.051369 0.700759
v -0.063030 0.071635 0.659782
v -0.065414 0.071566 0.578829
v -0.122217 0.059624 0.595917
v -0.127657 0.091131 0.626434
v -0.123890 0.303410 0.705684
v 0.043921 0.351896 0.530113
v 0.091194 0.284912 0.267133
v 0.000757 0.501524 0.186875
v -0.124342 0.144313 -0.502845
v -0.123187 0.037152 -0.531435
v 0.155972 0.000375 -0.043722
v -0.055595 0.331598 0.676551
v -0.293772 0.055917 -0.196624
v 0.078694 0.325579 0.263425
v -0.012032 0.515310 0.213834
v -0.089344 0.374043 -0.077284
v -0.090084 0.279039 -0.353335
v -0.198736 0.251914 -0.386316
v -0.147279 0.202476 -0.455112
v -0.054552 0.069436 0.739363
v 0.091011 0.360193 0.477554
v -0.095537 0.315335 -0.161980
v -0.155162 0.239760 -0.396644
v -0.149761 0.204064 -0.397346
v -0.028405 0.058842 0.802407
v -0.106790 0.352281 0.646977
v -0.022131 0.319501 0.236758
v -0.040072 0.345416 0.217779
v 0.007470 0.482222 0.251957
v 0.068528 0.424064 0.244600
v 0.041380 0.435380 0.273608
v 0.003365 0.438042 0.213123
v -0.007635 0.426936 0.256399
v 0.033138 0.405347 0.205122
v -0.295606 0.073761 -0.172630
v -0.152748 0.329762 -0.300451
v -0.295226 0.253311 -0.038317
v -0.237155 0.239389 0.126029
v -0.022316 0.472787 0.208472
v 0.003821 0.520965 0.180685
v -0.053919 0.480202 0.121644
v -0.044922 0.507689 0.106083
v -0.125504 0.339060 -0.250803
v -0.316180 0.176631 0.658740
v -0.127332 0.103067 -0.533279
v 0.404420 0.000234 0.294048
v 0.089872 0.349903 0.458480
v -0.047802 0.504142 0.146500
v -0.080981 0.312120 -0.138762
v -0.113007 0.012650 0.948040
v -0.140360 0.245372 0.715533
v -0.017836 0.348295 0.535089
v -0.013181 0.429369 0.468360
v 0.088108 0.392136 0.273155
v -0.263593 0.255261 -0.030506
v -0.129705 0.405267 0.054621
v -0.064468 0.071490 0.692577
v -0.287123 0.258965 0.509345
v -0.105743 0.059629 0.568685
v -0.106029 0.061039 0.648140
v 0.118137 0.355212 0.495400
v -0.318174 0.110684 0.674227
v -0.002893 0.403659 0.229530
v -0.022323 0.290437 0.271377
v -0.131940 0.378267 0.172154
v -0.001267 0.390805 0.473472
v -0.182071 0.219193 -0.353139
v -0.154996 0.156877 -0.397769
v -0.306863 0.027621 -0.328608
v -0.320456 0.079375 -0.043526
v -0.009107 0.434346 0.399100
v 0.116677 0.348962 0.381657
v -0.030487 0.521731 0.181350
v -0.028987 0.523669 0.148203
v -0.063732 0.495323 0.114393
v -0.126850 0.205899 -0.521144
v -0.181315 0.347966 0.330585
v -0.314633 0.260868 0.577931
v -0.127361 0.000711 0.913703
v -0.146166 0.291084 0.727572
v -0.174089 0.284107 0.736343
v -0.251137 0.046275 0.734754
v 0.046998 0.422077 0.373347
v 0.085168 0.350640 0.386340
v -0.029780 0.421879 0.207765
v -0.034209 0.498760 0.186118
v -0.087307 0.483295 0.113716
v -0.128849 0.417978 0.141804
v -0.140163 0.303335 -0.203807
v -0.216922 0.198521 -0.403210
v 0.003835 0.395014 0.268726
v -0.067665 0.510863 0.115894
v -0.085581 0.509730 0.114312
v -0.078786 0.488399 0.146540
v -0.189585 0.313355 -0.251422
v -0.142721 0.346359 -0.287661
v -0.218680 0.236751 -0.407120
v -0.140791 0.145492 0.677881
v -0.156347 0.247567 0.738231
v -0.080975 0.280636 -0.115919
v -0.186693 0.244179 -0.325983
v -0.147633 0.018518 -0.530513
v -0.245021 0.320557 0.417973
v -0.303790 0.273543 0.541257
v 0.048873 0.395338 0.267970
v -0.148055 0.303371 -0.225329
v -0.064270 0.072543 0.798513
v -0.055707 0.350697 0.533765
v -0.104691 0.350808 0.492466
v -0.036137 0.439386 0.230326
v -0.270467 0.254736 0.016620
v -0.142161 0.027978 0.940156
v -0.065808 0.059118 0.843834
v 0.088913 0.394802 0.354075
v -0.004532 0.320571 0.264749
v -0.081439 0.508334 0.178925
v -0.119263 0.303784 -0.117268
v -0.152724 0.307769 -0.142374
v -0.228247 0.341435 0.364153
v -0.187655 0.303834 -0.294311
v -0.243723 0.301924 0.432910
v -0.079683 0.509792 0.149598
v -0.133525 0.307535 -0.065038
v -0.144462 0.200322 -0.262942
v -0.101394 0.249122 -0.205808
v -0.134712 0.241513 -0.217064
v -0.140912 0.228934 -0.223473
v -0.129721 0.225850 -0.214381
v -0.138202 0.223806 -0.223216
v -0.140165 0.258878 -0.235255
v -0.368593 0.000735 -0.049745
v 0.101221 0.366827 0.348242
v 0.054037 0.396227 0.360079
v -0.130059 0.324514 -0.132019
v -0.188946 0.184371 0.262570
v -0.130461 0.057044 0.904694
v -0.078971 0.350195 0.610180
v -0.013088 0.349386 0.466023
v -0.007979 0.370537 0.466500
v 0.049451 0.393350 0.375825
v -0.214075 0.319871 0.366820
v -0.138069 0.203065 -0.202882
v -0.152538 0.199390 -0.226885
v -0.269803 0.322523 0.412634
v -0.202445 0.250242 -0.350976
v -0.189409 0.150843 -0.402426
v -0.149786 0.188980 -0.520699
v -0.267392 0.055071 0.707601
v -0.161049 0.000210 0.936797
v -0.139836 0.331288 0.714866
v -0.018999 0.381468 0.425849
v 0.055325 0.366825 0.372392
v -0.037057 0.436924 0.280207
v -0.023177 0.475880 0.285273
v -0.097072 0.327518 0.139675
v -0.156629 0.297443 -0.171710
v -0.138927 0.197454 -0.219058
v -0.182599 0.306482 -0.318227
v -0.255682 0.250735 -0.386384
v -0.167312 0.014794 -0.515452
v -0.177911 0.245793 0.717343
v -0.178649 0.309181 0.718065
v -0.299970 0.072739 -0.237667
v -0.106769 0.191540 -0.170556
v -0.300002 0.108609 -0.071877
v -0.217150 0.250693 0.137621
v -0.165887 0.036752 0.914366
v -0.092635 0.075119 0.647084
v -0.125041 0.060684 0.654737
v -0.138113 0.151034 0.704407
v -0.144654 0.133174 0.719223
v -0.190960 0.354233 0.296435
v -0.152570 0.223138 -0.172071
v -0.185872 0.243980 -0.295192
v -0.155243 0.159916 -0.439505
v -0.184640 0.345016 0.382288
v -0.347530 0.206780 0.660914
v -0.191166 0.254573 0.702606
v -0.186774 0.338347 0.705196
v -0.040381 0.476284 0.319973
v -0.035425 0.491801 0.232230
v -0.138048 0.338008 0.630802
v -0.077744 0.358461 0.500757
v -0.006080 0.393419 0.391690
v 0.069324 0.398288 0.323983
v -0.025540 0.427078 0.329337
v -0.064370 0.491388 0.204272
v -0.171765 0.298311 -0.080401
v -0.167860 0.281835 -0.106691
v -0.157348 0.158412 -0.470469
v -0.124198 0.428055 0.177252
v -0.183934 0.200659 -0.221674
v -0.215959 0.233945 -0.328682
v -0.154031 0.065052 -0.513263
v -0.257627 0.291180 0.507860
v -0.211331 0.325961 0.677594
v -0.263871 0.317340 0.528264
v -0.246301 0.313188 0.531155
v -0.195696 0.161301 -0.436996
v -0.155111 0.154215 -0.510734
v -0.258423 0.268573 0.529368
v -0.204366 0.032174 0.713943
v -0.096819 0.374579 0.169500
v -0.250060 0.231195 -0.327670
v -0.181657 0.054215 -0.431218
v -0.181517 0.190419 -0.487385
v -0.154589 0.064623 0.810063
v -0.121510 0.069537 0.819102
v -0.191630 0.325748 0.678032
v -0.194109 0.035416 -0.455487
v -0.200735 0.124342 -0.442257
v -0.188612 0.173534 -0.517031
v -0.095133 0.070615 0.808038
v -0.069211 0.496058 0.282529
v -0.196796 0.226354 0.199582
v -0.123080 0.373785 0.136804
v -0.123080 0.373785 0.136819
v -0.123080 0.373785 0.136797
v -0.236526 0.229780 -0.308171
v -0.127298 0.159082 0.265617
v -0.194276 0.042162 -0.517626
v -0.113124 0.344548 0.572125
v -0.163101 0.280024 -0.077257
v -0.211597 0.250172 -0.239174
v -0.199923 0.033453 -0.443713
v -0.187446 0.162794 -0.489055
v -0.210675 0.151600 -0.464076
v -0.222833 0.181741 -0.508361
v -0.243615 0.150126 -0.498369
v -0.199852 0.143673 -0.515548
v -0.197934 0.148863 -0.489849
v -0.219903 0.152275 -0.484355
v -0.214061 0.133076 -0.491514
v -0.201560 0.138383 -0.499710
v -0.251044 0.100135 -0.472921
v -0.252657 0.099215 -0.502896
v -0.207470 0.100216 -0.507723
v -0.246427 0.143436 -0.489731
v -0.319679 0.101790 -0.064060
v -0.184249 0.350657 0.631071
v -0.112529 0.339496 0.529604
v -0.080673 0.345759 0.524695
v -0.083652 0.438642 0.342054
v -0.170226 0.293567 0.143239
v -0.165235 0.214657 -0.143569
v -0.220611 0.111080 -0.409017
v -0.189129 0.023858 -0.399941
v -0.098724 0.441546 0.173384
v -0.192513 0.243448 -0.250318
v -0.104986 0.060874 0.737948
v -0.212386 0.324197 0.700551
v -0.096015 0.468982 0.285843
v -0.319701 0.218325 -0.386822
v -0.260548 0.043462 -0.487141
v -0.205837 0.226958 0.677406
v -0.305929 0.031349 -0.292681
v -0.038809 0.399457 0.278375
v -0.085911 0.486121 0.228547
v -0.169828 0.229042 -0.130516
v -0.214554 0.040000 -0.473635
v -0.142845 0.064723 0.719269
v -0.016124 0.393306 0.313712
v -0.145855 0.265636 0.264475
v -0.100254 0.339267 0.145606
v -0.285096 0.246219 -0.336583
v -0.268402 0.021958 -0.517610
v -0.281042 0.320592 0.510428
v -0.197226 0.000739 0.691941
v -0.247020 0.318128 0.707085
v 0.018518 0.358333 0.371555
v -0.195185 0.285635 0.168963
v -0.257844 0.250039 -0.345658
v -0.290039 0.060421 -0.267220
v -0.167720 0.000807 0.816828
v -0.213144 0.321543 0.646241
v -0.082037 0.346552 0.474643
v -0.134362 0.305003 0.133590
v -0.230076 0.240445 0.020912
v -0.229663 0.229557 -0.197650
v -0.302595 0.210177 -0.400882
v -0.218778 0.357172 0.643991
v -0.042366 0.344837 0.454897
v -0.090894 0.444848 0.197603
v -0.188039 0.203073 -0.142748
v -0.319080 0.212513 -0.336322
v -0.219773 0.033578 -0.406099
v -0.312595 0.234427 0.661997
v -0.264307 0.091803 0.709455
v -0.118882 0.058297 0.805010
v -0.202090 0.326137 0.632985
v -0.143455 0.257857 -0.077511
v -0.257317 0.077237 -0.404130
v -0.012816 0.347917 0.369433
v -0.348852 0.015683 -0.331726
v -0.160971 0.225052 -0.106543
v -0.325048 0.242332 -0.058618
v -0.160465 0.028484 0.811439
v -0.109277 0.340808 0.471922
v -0.057873 0.354351 0.423904
v -0.030962 0.402464 0.328142
v -0.265380 0.024934 -0.453039
v -0.218501 0.354406 0.640316
v -0.131378 0.360461 0.549647
v -0.006362 0.395429 0.366038
v -0.140884 0.196751 -0.059955
v -0.323138 0.242917 -0.327165
v -0.148845 0.059134 0.773722
v -0.210566 0.229097 0.712384
v -0.098432 0.331866 0.193990
v -0.220794 0.354598 0.549135
v -0.241505 0.393160 0.540834
v -0.018396 0.385802 0.365906
v -0.020558 0.391501 0.366978
v -0.101357 0.334206 0.174122
v -0.195407 0.224008 0.138906
v -0.176357 0.181938 0.196438
v -0.088277 0.431318 0.280888
v -0.264504 0.014341 -0.453564
v -0.189545 0.048428 0.808286
v -0.260945 0.276597 0.693995
v -0.228569 0.351776 0.640921
v -0.228112 0.352619 0.640536
v -0.147863 0.391797 0.455431
v -0.098982 0.456488 0.237408
v -0.244922 0.373658 0.565018
v -0.322820 0.040707 -0.347200
v -0.252030 0.355708 0.642236
v -0.299116 0.073933 -0.302542
v -0.085860 0.403278 0.339243
v -0.100143 0.427457 0.323493
v -0.136600 0.324203 0.371423
v -0.217590 0.329289 0.406041
v -0.066706 0.338868 0.380543
v -0.214858 0.356148 0.595826
v -0.297895 0.077327 -0.399776
v -0.183217 0.137404 0.713467
v -0.074930 0.353305 0.367974
v -0.177022 0.195419 -0.077227
v -0.324673 0.242033 -0.167623
v -0.307175 0.201513 -0.320783
v -0.187098 0.183525 0.137473
v -0.063470 0.393931 0.363430
v -0.166674 0.280243 0.145934
v -0.201652 0.255594 -0.124646
v -0.336285 0.000556 -0.450072
v -0.185573 0.042499 0.768108
v -0.184328 0.060845 0.774481
v -0.308491 0.274116 0.685091
v -0.194098 0.220881 -0.074340
v -0.256244 0.339830 0.566420
v -0.087544 0.402210 0.287775
v -0.252402 0.227271 -0.077100
v -0.184891 0.048173 0.714414
v -0.205976 0.056714 0.679529
v -0.267960 0.220807 0.701163
v -0.190053 0.199477 0.023376
v -0.134634 0.365138 0.455246
v -0.089376 0.361412 0.226276
v -0.086099 0.296973 0.198647
v -0.127807 0.290739 0.202398
v -0.141926 0.251130 0.124094
v -0.146678 0.338696 0.394665
v -0.298842 0.200251 -0.227031
v -0.337197 0.015219 -0.452381
v -0.291901 0.195201 0.697583
v -0.279717 0.313946 0.666640
v -0.257446 0.347761 0.588586
v -0.107999 0.351640 0.368236
v -0.142502 0.187226 0.123988
v -0.189818 0.065615 0.681187
v -0.263881 0.226946 0.713569
v -0.292056 0.245683 -0.159465
v -0.288829 0.228463 0.708939
v -0.127623 0.388766 0.434780
v -0.127742 0.166450 0.220244
v -0.155872 0.224043 0.142458
v -0.168726 0.224461 0.186115
v -0.235553 0.392067 0.429019
v -0.114040 0.325019 0.413916
v -0.095268 0.351549 0.332414
v -0.087377 0.261998 0.233802
v -0.131800 0.233405 0.207981
v -0.168282 0.279556 0.173962
v -0.198863 0.254333 -0.030641
v -0.264366 0.348511 0.415724
v -0.186262 0.001131 0.751173
v -0.274069 0.186510 0.709271
v -0.289088 0.345180 0.552606
v -0.121850 0.358454 0.426168
v -0.268432 0.250932 -0.108935
v -0.324318 0.088904 -0.382589
v -0.325429 0.023071 -0.397016
v -0.242186 0.212095 -0.139624
v -0.323972 0.037531 -0.374338
v -0.200146 0.253472 0.018103
v -0.318324 0.210519 -0.054121
v -0.317082 0.100723 -0.325289
v -0.320457 0.085883 -0.344238
v -0.279108 0.351626 0.525875
v -0.099094 0.368738 0.267517
v -0.163541 0.272978 0.195674
v -0.205008 0.096054 0.712519
v -0.111357 0.228735 0.264519
v -0.230761 0.239492 -0.036298
v -0.101552 0.282410 0.265092
v -0.299544 0.106689 -0.316321
vn 0.6812 -0.4512 0.5765
vn 0.5415 0.8270 -0.1511
vn -0.2569 -0.4673 -0.8460
vn 0.9023 0.3958 0.1709
vn -0.1092 -0.2788 -0.9541
vn -0.4188 0.9002 0.1195
vn -0.1960 -0.8622 0.4671
vn 0.7989 -0.5976 -0.0685
vn 0.1366 0.8101 0.5701
vn -0.2689 0.7761 -0.5705
vn -0.5398 -0.8385 0.0751
vn 0.9913 0.1259 0.0397
vn 0.9819 0.1782 0.0640
vn 0.9822 0.1746 0.0693
vn 0.1356 -0.2121 0.9678
vn 0.1305 -0.2280 0.9649
vn 0.0609 -0.2361 0.9698
vn -0.8449 0.3697 -0.3866
vn -0.8366 0.4892 0.2465
vn -0.8172 0.5508 0.1697
vn -0.8258 0.5271 0.2003
vn -0.9984 -0.0174 -0.0539
vn -0.9982 -0.0014 -0.0604
vn -0.9991 0.0141 -0.0397
vn -0.0118 0.5106 -0.8597
vn 0.0209 0.4606 -0.8873
vn 0.0237 0.4562 -0.8896
vn 0.0272 0.4507 -0.8923
vn -0.5978 0.0041 0.8016
vn -0.1219 0.0872 0.9887
vn -0.1002 0.0844 0.9914
vn -0.0251 0.1369 0.9903
vn -0.0834 -0.0229 -0.9963
vn -0.1105 -0.0093 -0.9938
vn 0.0446 -0.0060 -0.9990
vn 0.7289 0.2919 0.6192
vn 0.7089 0.2116 0.6729
vn 0.7064 0.2033 0.6780
vn -0.8182 0.5183 -0.2490
vn 0.9773 0.2069 0.0456
vn -0.5475 -0.2721 0.7913
vn -0.8113 -0.5453 0.2108
vn -0.9935 -0.0193 -0.1117
vn -0.9894 -0.0343 -0.1413
vn -0.9945 -0.0153 -0.1039
vn -0.9206 0.0672 0.3846
vn -0.9927 -0.1201 0.0103
vn -0.9911 -0.1261 0.0429
vn -0.9924 -0.1064 -0.0611
vn -0.9350 0.0525 0.3506
vn -0.9358 0.0501 0.3491
vn -0.9362 0.0487 0.3482
vn -0.9358 0.0500 0.3490
vn -0.9370 0.0458 0.3463
vn -0.9935 -0.0193 -0.1118
vn -0.9841 -0.0492 -0.1707
vn 0.6946 -0.5826 -0.4221
vn -0.9902 -0.0989 -0.0991
vn 0.3647 -0.3706 0.8542
vn 0.3846 -0.4104 0.8268
vn 0.3611 -0.3636 0.8587
vn 0.0167 0.1086 0.9939
vn -0.9518 0.2789 0.1280
vn -0.0144 -0.1127 -0.9935
vn -0.0180 -0.1138 -0.9933
vn 0.0202 -0.0945 -0.9953
vn 0.8565 -0.4627 -0.2287
vn -0.1896 0.9737 -0.1260
vn 0.3419 -0.3261 0.8813
vn 0.2500 0.0383 0.9675
vn 0.2993 -0.1222 0.9463
vn 0.2747 -0.0388 0.9608
vn -0.6464 0.6938 0.3175
vn 0.0278 -0.7838 0.6204
vn 0.0198 -0.7632 0.6459
vn -0.0175 -0.6570 0.7537
vn -0.6848 0.6845 -0.2499
vn 0.2747 -0.0389 0.9607
vn 0.2993 -0.1223 0.9463
vn 0.3175 -0.1886 0.9293
vn 0.8809 -0.0698 -0.4682
vn 0.9445 -0.0683 -0.3213
vn 0.8680 -0.0602 -0.4929
vn -0.8461 0.1085 -0.5219
vn 0.9530 -0.0744 -0.2937
vn -0.7663 0.1518 0.6243
vn 0.8655 -0.1038 -0.4901
vn -0.3566 -0.0126 -0.9342
vn -0.0120 -0.0784 -0.9969
vn -0.2751 0.9412 0.1963
vn -0.4406 0.8640 -0.2437
vn -0.0471 -0.9043 0.4242
vn 0.2216 0.9468 0.2332
vn 0.0829 -0.0270 0.9962
vn 0.0159 0.0141 0.9998
vn 0.0227 -0.0035 0.9997
vn -0.0497 0.5250 0.8496
vn 0.1919 -0.0074 0.9814
vn 0.2018 0.9568 -0.2094
vn -0.0225 -0.6415 0.7668
vn 0.3282 -0.8276 -0.4554
vn 0.3312 -0.8132 -0.4786
vn 0.3295 -0.8215 -0.4654
vn 0.0077 -0.0809 -0.9967
vn -0.2817 -0.9060 0.3160
vn 0.3312 -0.8131 -0.4786
vn 0.3326 -0.8060 -0.4897
vn 0.0813 -0.0353 0.9961
vn 0.0759 -0.0419 0.9962
vn 0.0582 -0.0635 0.9963
vn -0.0460 0.0795 0.9958
vn 0.3213 0.9005 0.2929
vn 0.3189 0.8998 0.2978
vn 0.3201 0.9001 0.2955
vn 0.3185 0.8997 0.2985
vn 0.3070 -0.1529 0.9393
vn -0.9937 0.0532 -0.0981
vn 0.3415 -0.7428 -0.5759
vn 0.7052 -0.0376 0.7080
vn -0.7545 -0.0382 0.6551
vn -0.7925 -0.0508 0.6077
vn -0.7863 -0.0487 0.6159
vn 0.0131 0.0264 -0.9996
vn 0.0237 0.0189 -0.9995
vn 0.0276 0.0161 -0.9995
vn 0.0397 0.0076 -0.9992
vn 0.0146 -0.3536 0.9353
vn 0.0197 -0.2851 0.9583
vn 0.0222 -0.3073 0.9514
vn -0.7492 -0.0365 0.6614
vn 0.0601 -0.3872 0.9200
vn -0.3467 -0.0695 -0.9354
vn -0.3263 -0.0290 -0.9448
vn -0.3692 -0.1160 -0.9221
vn 0.5951 0.7350 0.3251
vn 0.4333 0.3921 0.8115
vn -0.1470 0.9884 0.0388
vn -0.1513 0.9782 0.1423
vn 0.0077 0.9970 0.0771
vn -0.1066 0.9650 0.2394
vn 0.0776 0.9969 0.0121
vn 0.2258 0.9740 0.0179
vn 0.4195 0.1438 0.8963
vn 0.9685 -0.1575 0.1929
vn 0.9683 -0.1678 0.1851
vn 0.9681 -0.1729 0.1812
vn 0.6866 -0.4315 0.5852
vn -0.2225 0.9650 0.1391
vn 0.9679 -0.1776 0.1775
vn 0.9569 0.2457 0.1550
vn 1.0000 -0.0000 -0.0000
vn -0.0036 0.8635 0.5044
vn 0.0024 0.9777 0.2099
vn -0.0088 0.8671 0.4981
vn -0.1126 -0.0316 0.9931
vn 0.2026 0.0187 -0.9791
vn 0.9254 0.0993 -0.3658
vn 0.9094 0.0893 -0.4062
vn 0.9224 0.0973 -0.3739
vn -0.2989 -0.0479 0.9531
vn -0.5520 -0.0137 -0.8337
vn -0.8442 0.5256 -0.1057
vn -0.8283 0.5417 -0.1433
vn -0.8219 0.5678 -0.0458
vn 0.9327 0.3493 0.0901
vn 0.9303 0.3581 0.0797
vn 0.9412 0.3289 0.0765
vn 0.8814 -0.3733 0.2893
vn 0.9158 -0.3092 0.2565
vn 0.9083 -0.3243 0.2643
vn 0.9917 0.1268 -0.0197
vn 0.1371 0.8425 0.5210
vn 0.0686 0.8725 0.4837
vn 0.2068 0.8638 0.4594
vn 0.9727 0.1952 0.1256
vn 0.2397 0.8488 0.4712
vn 0.1029 0.9793 0.1743
vn -0.0830 -0.9599 0.2678
vn 0.6587 0.7460 0.0979
vn 0.0516 0.9976 -0.0455
vn -0.0888 0.9949 -0.0489
vn -0.0402 0.9992 0.0064
vn 0.0163 0.0218 0.9996
vn -0.0050 0.0177 0.9998
vn -0.0106 0.0039 0.9999
vn -0.0889 0.9960 0.0022
vn -0.1062 0.9938 -0.0327
vn -0.0032 0.9999 -0.0155
vn 0.9814 -0.1891 -0.0319
vn 0.9892 -0.1019 -0.1054
vn 0.9827 -0.0508 -0.1781
vn 0.3971 0.1734 0.9012
vn 0.3980 0.1053 0.9113
vn 0.4917 0.2281 0.8404
vn 0.6724 0.7175 0.1821
vn 0.9773 -0.2102 -0.0255
vn 0.4791 0.0047 0.8778
vn -0.0689 0.0089 0.9976
vn 0.9832 -0.0059 -0.1826
vn 0.4932 0.0018 0.8699
vn 0.0181 -0.8001 0.5996
vn 0.4547 0.2577 0.8525
vn 0.7627 0.6468 0.0030
vn 0.7690 0.6387 0.0249
vn 0.8205 0.5716 0.0090
vn -0.3469 0.0517 0.9365
vn 0.3907 0.9186 0.0591
vn -0.2149 -0.0102 0.9766
vn -0.0441 0.0060 0.9990
vn -0.0529 0.0052 0.9986
vn 0.0068 -0.0226 0.9997
vn -0.0082 0.0503 0.9987
vn -0.0310 0.0300 0.9991
vn 0.5077 -0.8615 0.0099
vn 0.8472 -0.4990 -0.1824
vn 0.9949 -0.0130 -0.1005
vn 0.7370 -0.0049 0.6759
vn 0.7839 0.6203 0.0274
vn 0.0162 0.5509 0.8344
vn 0.5370 0.2012 0.8193
vn 0.1412 -0.0676 -0.9877
vn 0.9613 0.0295 0.2739
vn 0.9714 0.0138 0.2372
vn 0.9935 -0.0235 0.1111
vn -0.0001 0.1260 0.9920
vn 0.0464 0.1776 0.9830
vn 0.9997 0.0041 -0.0244
vn 0.9999 -0.0004 -0.0149
vn 0.9999 -0.0085 0.0094
vn -0.6881 0.0474 0.7240
vn -0.6460 0.0656 0.7605
vn -0.6417 0.0594 0.7647
vn 0.9944 -0.0052 -0.1058
vn 0.9993 -0.0235 0.0287
vn 0.9879 0.1511 0.0353
vn 0.7720 0.6338 0.0479
vn 0.9968 -0.0545 0.0592
vn -0.2150 -0.0102 0.9766
vn -0.0530 0.0051 0.9986
vn -0.2719 -0.0157 0.9622
vn 0.8464 0.5326 -0.0000
vn 0.4385 -0.0158 -0.8986
vn 0.4482 -0.0151 -0.8938
vn 0.4401 -0.0143 -0.8978
vn 0.5286 -0.0309 0.8483
vn -0.5769 0.0366 0.8160
vn 0.3449 -0.6174 -0.7070
vn 0.3766 -0.6237 -0.6849
vn 0.3171 -0.6111 -0.7252
vn 0.2051 -0.9754 0.0810
vn -0.1492 0.9873 0.0548
vn -0.0632 0.9966 0.0533
vn -0.2114 0.9758 0.0556
vn 0.9930 -0.0085 -0.1180
vn 0.9932 0.0456 -0.1068
vn 0.9931 0.0110 -0.1166
vn 0.0112 0.9992 0.0386
vn -0.0641 0.9979 0.0064
vn -0.0178 0.9995 0.0263
vn -0.1019 0.9947 -0.0098
vn 0.2238 0.0183 0.9745
vn -0.5624 0.0321 0.8263
vn 0.9994 -0.0037 0.0342
vn 0.6561 0.0076 0.7546
vn 0.9937 -0.0117 -0.1112
vn 0.8666 -0.0209 0.4985
vn 0.7724 -0.0132 0.6350
vn 0.8625 -0.0240 0.5055
vn -0.2736 0.9599 0.0604
vn 0.2079 0.9666 -0.1499
vn 0.2124 0.9633 -0.1639
vn 0.2137 0.9623 -0.1680
vn 0.8134 0.1878 0.5506
vn 0.9969 0.0575 0.0532
vn 0.9684 -0.2445 -0.0500
vn 0.9908 -0.0950 0.0964
vn 0.9878 -0.1350 0.0779
vn 0.3951 0.0310 0.9181
vn 0.3947 0.0377 0.9181
vn 0.3917 0.0866 0.9160
vn 0.2177 0.9592 -0.1806
vn 0.3171 -0.6111 -0.7253
vn 0.2806 -0.6020 -0.7476
vn 0.1677 -0.0155 0.9857
vn 0.9803 0.0463 -0.1922
vn 0.9873 0.0689 -0.1432
vn 0.9989 0.0013 0.0478
vn 0.6466 0.0331 -0.7621
vn 0.0548 -0.0094 0.9985
vn 0.0424 -0.0000 0.9991
vn 0.0665 -0.0274 0.9974
vn 0.2926 -0.9349 -0.2007
vn 0.8684 -0.0079 0.4957
vn -0.3029 0.9514 0.0564
vn 0.9873 0.0689 -0.1431
vn 0.1366 -0.0013 -0.9906
vn 0.1082 0.0073 -0.9941
vn 0.1117 0.1013 -0.9886
vn 0.7884 0.6151 -0.0052
vn 0.9822 0.0082 0.1875
vn 0.9864 0.0016 0.1644
vn 0.9420 0.0498 0.3318
vn 0.9567 -0.2837 -0.0654
vn -0.0290 -0.0339 0.9990
vn -0.0427 -0.0497 0.9979
vn -0.0634 -0.0439 0.9970
vn 0.1317 0.1481 -0.9802
vn 0.4690 -0.0257 -0.8828
vn 0.9950 -0.0216 0.0976
vn -0.9994 -0.0061 0.0352
vn -0.9966 -0.0464 0.0688
vn -0.9986 -0.0519 -0.0040
vn -0.5499 -0.1509 0.8215
vn -0.9982 -0.0201 0.0558
vn -0.9945 -0.0381 0.0973
vn -0.9995 0.0316 -0.0059
vn -0.0411 -0.9841 0.1730
vn 0.0029 -0.9983 0.0582
vn 0.0012 -0.9979 0.0643
vn 0.0041 -0.9933 0.1153
vn 0.9999 0.0133 0.0082
vn 0.9972 0.0301 0.0682
vn 0.9973 0.0139 0.0722
vn -0.2416 0.0496 0.9691
vn -0.2112 0.0185 0.9773
vn -0.3418 0.1551 0.9269
vn 0.9999 0.0106 0.0110
vn 0.9861 0.0030 0.1662
vn 0.9928 -0.0376 0.1141
vn 0.9973 0.0139 0.0723
vn 0.0010 -0.9997 0.0231
vn -0.9993 0.0357 -0.0068
vn 0.7866 0.6154 0.0496
vn 0.3948 0.0377 0.9180
vn 0.3971 -0.0163 0.9176
vn -0.0162 -0.0119 0.9998
vn 0.0625 0.0298 0.9976
vn -0.0011 0.0806 0.9967
vn 0.9954 0.0659 -0.0690
vn 0.9953 0.0201 -0.0949
vn 0.9948 -0.0172 -0.1007
vn 0.9532 -0.2802 -0.1136
vn 0.9510 -0.2844 -0.1215
vn 0.4777 -0.0309 -0.8780
vn 0.8531 0.5151 0.0835
vn 0.7023 0.7075 0.0784
vn 0.7844 0.6167 0.0665
vn 0.7088 0.6745 0.2065
vn -0.0589 -0.0453 0.9972
vn -0.9786 -0.0263 0.2040
vn -0.9858 -0.0236 0.1665
vn 0.0416 0.0216 0.9989
vn 0.0096 -0.0080 0.9999
vn 0.0559 0.9975 -0.0443
vn 0.0357 0.6130 0.7893
vn 0.0368 0.6127 0.7895
vn 0.0320 0.6141 0.7886
vn 0.1831 0.2053 -0.9614
vn 0.1117 0.1014 -0.9886
vn 0.1728 0.2022 -0.9640
vn 0.9416 0.3033 -0.1464
vn 0.2705 0.0298 0.9623
vn 0.2220 -0.0162 0.9749
vn 0.1064 -0.0328 0.9938
vn 0.9998 -0.0030 0.0189
vn 0.1518 0.0777 0.9854
vn 0.0946 0.1301 0.9870
vn 0.1439 0.0926 0.9852
vn 0.3035 0.9143 0.2683
vn 0.6473 -0.0453 0.7608
vn 0.9995 0.0005 -0.0322
vn 0.9999 0.0094 -0.0135
vn 0.9979 -0.0144 -0.0633
vn -0.0102 0.2569 -0.9664
vn -0.0047 0.2728 -0.9621
vn 0.0070 0.3062 -0.9519
vn 0.6971 0.6500 0.3026
vn 0.0461 -0.0034 0.9989
vn 0.0356 0.6130 0.7893
vn 0.0319 0.6141 0.7886
vn 0.0305 0.6145 0.7883
vn -0.5429 0.8383 -0.0500
vn 0.9933 -0.0039 -0.1159
vn 0.1081 -0.0236 0.9939
vn 0.8987 -0.0960 0.4279
vn -0.4737 0.4150 -0.7767
vn 0.9898 -0.0944 0.1067
vn -0.3797 0.1963 0.9041
vn 0.6313 0.5557 -0.5410
vn -0.3096 -0.1630 0.9368
vn -0.9655 -0.2434 0.0922
vn -0.1634 -0.1706 -0.9717
vn -0.4145 0.7896 -0.4524
vn 0.8463 -0.1532 0.5101
vn 0.8358 -0.1633 0.5241
vn 0.8469 -0.1527 0.5094
vn -0.6211 0.2240 0.7510
vn 0.2994 0.9533 0.0400
vn 0.3532 0.2588 0.8991
vn -0.1212 0.8196 -0.5599
vn -0.1466 0.8247 -0.5463
vn -0.1611 0.8273 -0.5382
vn 0.4494 0.6393 0.6239
vn 0.5153 0.7518 0.4114
vn -0.7062 0.3413 0.6203
vn 0.0159 -0.1785 -0.9838
vn -0.0213 0.9998 -0.0066
vn 0.0898 0.9959 -0.0121
vn -0.0229 0.9997 -0.0065
vn -0.1359 0.9907 -0.0008
vn -0.0214 0.9998 -0.0066
vn -0.0230 0.9997 -0.0065
vn -0.7663 0.4383 -0.4697
vn -0.7770 0.4245 -0.4648
vn -0.7563 0.4510 -0.4740
vn -0.7887 0.4087 -0.4592
vn -0.5584 0.1451 0.8168
vn 0.6701 0.5138 -0.5357
vn -0.4431 -0.0913 0.8918
vn 0.0526 -0.0356 -0.9980
vn 0.6025 0.2268 0.7652
vn 0.9126 0.1987 -0.3573
vn 0.6684 0.4366 0.6022
vn 0.7979 0.3886 -0.4609
vn 0.7445 0.5073 0.4340
vn 0.0521 0.9975 -0.0471
vn 0.9674 -0.2458 0.0611
vn -0.6818 0.5015 -0.5325
vn -0.8565 0.4280 0.2886
vn -0.9958 -0.0262 -0.0881
vn -0.0277 0.0133 -0.9995
vn 0.0031 -0.0664 -0.9978
vn 0.0008 0.0508 -0.9987
vn 0.0392 -0.0284 -0.9988
vn -0.0969 0.0345 0.9947
vn -0.0572 -0.0425 0.9975
vn -0.0774 -0.0035 0.9970
vn 0.9054 0.4214 0.0514
vn -0.1097 0.0596 0.9922
vn 0.9442 -0.1914 -0.2679
vn 0.0363 0.0919 -0.9951
vn -0.9632 0.2637 -0.0519
vn 0.0837 0.0298 -0.9960
vn 0.4863 -0.2822 0.8270
vn -0.1439 0.6399 0.7549
vn -0.7066 -0.2507 -0.6617
vn -0.5617 -0.4293 0.7072
vn -0.6285 -0.6801 0.3773
vn 0.7125 -0.2284 -0.6635
vn 0.8702 0.4237 -0.2515
vn 0.2647 -0.8016 0.5361
vn 0.8958 -0.3903 0.2128
vn -0.5685 0.7101 0.4155
vn 0.0777 0.1392 -0.9872
vn 0.6993 0.2327 -0.6759
vn -0.3206 -0.9189 -0.2297
vn -0.0660 -0.2517 -0.9655
vn -0.0646 -0.2594 -0.9636
vn -0.0691 -0.2353 -0.9695
vn -0.9503 0.3060 -0.0572
vn 0.9654 -0.2573 0.0416
vn 0.9607 -0.2775 0.0023
vn 0.9629 -0.2694 0.0184
vn 0.9570 -0.2894 -0.0212
vn 0.6946 -0.7107 -0.1114
vn -0.9789 0.1810 -0.0949
vn -0.9765 0.2056 -0.0644
vn -0.9751 0.2087 -0.0756
vn 0.6469 0.7569 0.0928
vn 0.0992 0.9950 -0.0142
vn 0.0495 0.9973 -0.0544
vn 0.1149 0.9934 -0.0014
vn 0.9384 -0.3456 -0.0070
vn 0.9447 -0.3276 -0.0176
vn 0.9503 -0.3100 -0.0279
vn 0.1618 0.9861 0.0370
vn 0.9270 -0.3750 0.0106
vn 0.3506 0.9245 -0.1493
vn 0.4112 0.9064 -0.0969
vn 0.3108 0.9329 -0.1822
vn -0.0453 0.1898 0.9808
vn 0.6284 0.7402 -0.2394
vn 0.4990 0.0030 0.8666
vn 0.9513 -0.1903 0.2425
vn 0.8338 -0.1560 -0.5295
vn 0.9848 0.0809 0.1540
vn 0.2400 -0.9698 0.0446
vn 0.9912 -0.1195 -0.0573
vn 0.4092 -0.0881 -0.9082
vn 0.8935 0.4490 -0.0003
vn 0.7932 0.6085 -0.0234
vn 0.7847 0.6194 -0.0245
vn 0.8919 0.4521 0.0096
vn 0.9945 0.0258 0.1010
vn 0.9952 0.0480 0.0857
vn 0.9851 -0.0259 0.1699
vn 0.5248 0.8499 0.0477
vn -0.0742 0.9890 -0.1276
vn 0.9871 0.0522 -0.1513
vn 0.9909 0.0386 -0.1291
vn 0.9950 0.0197 -0.0981
vn 0.7991 -0.2963 0.5231
vn 0.8020 -0.2949 0.5194
vn 0.7985 -0.2966 0.5239
vn -0.0265 -0.6868 0.7264
vn -0.0646 -0.6245 0.7784
vn -0.0544 -0.6417 0.7650
vn 0.7971 -0.2972 0.5257
vn 0.9448 0.0843 0.3166
vn -0.0134 -0.7069 0.7072
vn -0.0978 -0.0188 0.9950
vn -0.4895 -0.3717 0.7888
vn -0.3265 -0.1297 -0.9362
vn 0.8309 0.0939 0.5484
vn 0.7304 0.1388 0.6687
vn 0.8044 0.1070 0.5844
vn -0.3369 0.0985 -0.9364
vn 0.6802 0.1573 0.7159
vn -0.3116 -0.7861 -0.5338
vn -0.3217 -0.7650 -0.5579
vn -0.2692 -0.8598 -0.4338
vn -0.0419 -0.0576 0.9975
vn -0.0720 -0.1009 0.9923
vn -0.0901 -0.1271 0.9878
vn 0.4746 0.8718 0.1216
vn 0.4737 0.8722 0.1219
vn 0.4461 0.8854 0.1309
vn -0.6313 -0.6794 0.3739
vn 0.3159 -0.0672 0.9464
vn 0.3327 -0.0655 0.9408
vn 0.3109 -0.0677 0.9480
vn -0.0161 -0.0203 0.9997
vn -0.0719 -0.1009 0.9923
vn 0.5027 0.8571 0.1122
vn 0.7208 -0.6920 0.0390
vn 0.8940 -0.4472 0.0280
vn 0.4733 0.8733 -0.1154
vn 0.0056 0.3111 0.9504
vn 0.7229 -0.6824 -0.1083
vn -0.1412 0.0048 0.9900
vn -0.6097 0.1757 -0.7729
vn 0.9498 -0.0648 -0.3061
vn -0.6423 -0.0784 0.7624
vn 0.9956 0.0335 0.0879
vn -0.2250 0.0500 -0.9731
vn 0.4110 0.9082 -0.0790
vn 0.1468 0.8796 0.4524
vn 0.9786 -0.1905 -0.0777
vn 0.9663 -0.2383 -0.0975
vn 0.9942 -0.0784 -0.0741
vn 0.9923 -0.0195 -0.1221
vn 0.0100 -0.1392 -0.9902
vn -0.6412 0.7590 0.1128
vn -0.1316 -0.2824 0.9502
vn 0.9521 -0.2617 -0.1583
vn 0.9555 -0.2537 -0.1503
vn 0.9521 -0.2616 -0.1582
vn 0.0384 -0.1604 0.9863
vn -0.2502 -0.8861 -0.3901
vn 0.5938 0.1996 -0.7794
vn 0.9963 0.0115 -0.0846
vn 0.2094 -0.3712 -0.9046
vn 0.1183 -0.3159 -0.9414
vn 0.1923 -0.3611 -0.9125
vn 0.8256 -0.5359 -0.1765
vn 0.6531 0.1347 -0.7452
vn -0.9369 -0.2669 0.2260
vn -0.3095 -0.9365 0.1648
vn -0.1994 0.9799 0.0004
vn -0.1839 0.9763 -0.1144
vn -0.1598 0.9869 -0.0230
vn 0.8043 0.3729 0.4627
vn -0.4595 0.4187 -0.7833
vn 0.8644 -0.3735 0.3366
vn 0.8495 -0.0050 0.5276
vn 0.8930 0.0318 0.4489
vn 0.8338 -0.0169 0.5519
vn 0.2483 0.9685 0.0172
vn 0.2533 0.9667 0.0360
vn 0.2625 0.9623 0.0711
vn 0.8930 0.0319 0.4489
vn 0.8495 -0.0050 0.5275
vn 0.9118 0.0504 0.4076
vn 0.1924 -0.3611 -0.9125
vn 0.3240 -0.4362 -0.8395
vn 0.2096 -0.3713 -0.9045
vn 0.3384 -0.0649 0.9388
vn 0.0073 -0.6418 0.7669
vn 0.8895 0.1807 0.4197
vn 0.9922 0.0984 0.0768
vn -0.9526 -0.0348 -0.3023
vn -0.9807 -0.0040 -0.1953
vn -0.9401 -0.0451 -0.3378
vn 0.8135 0.3669 0.4513
vn 0.2678 0.9590 0.0924
vn -0.3580 0.0007 0.9337
vn -0.2740 0.0383 0.9610
vn -0.2990 0.0273 0.9539
vn -0.9947 0.0226 -0.1007
vn 0.9771 0.1365 -0.1631
vn 0.9896 -0.0858 0.1153
vn 0.9896 -0.1013 0.1023
vn 0.9901 -0.0858 0.1110
vn 0.9990 0.0325 0.0305
vn 0.9996 0.0145 -0.0229
vn 0.9951 0.0508 0.0853
vn 0.7674 0.2904 -0.5717
vn 0.2759 0.0334 0.9606
vn 0.7001 0.6822 -0.2109
vn 0.4175 -0.4065 0.8127
vn -0.8655 -0.2174 0.4513
vn 0.9990 0.0325 0.0306
vn 0.9847 0.0749 0.1574
vn -0.8580 -0.0492 0.5113
vn -0.8641 -0.0326 0.5023
vn -0.8284 0.0059 0.5601
vn 0.9864 -0.1395 0.0863
vn 0.2507 0.9581 0.1387
vn 0.5015 -0.8651 0.0100
vn -0.8797 -0.4588 -0.1252
vn -0.9200 -0.0286 0.3908
vn -0.4647 -0.0516 -0.8840
vn 0.9994 0.0308 0.0182
vn 0.9975 0.0075 0.0709
vn 0.9838 -0.0389 0.1750
vn -0.9353 -0.0389 0.3516
vn 0.4273 0.1245 -0.8955
vn -0.1160 0.9918 -0.0541
vn 0.3065 0.9446 0.1175
vn 0.3219 0.9424 0.0906
vn 0.2912 0.9458 0.1434
vn 0.4981 -0.8633 -0.0818
vn -0.8036 -0.1644 -0.5720
vn 0.8140 -0.3329 -0.4760
vn -0.7130 -0.7011 0.0056
vn 0.5899 0.6771 0.4400
vn -0.4919 0.8634 -0.1121
vn 0.1407 0.9822 -0.1246
vn 0.3064 0.9446 0.1175
vn 0.2912 0.9458 0.1435
vn 0.2805 0.9462 0.1613
vn 0.1565 0.4941 -0.8552
vn 0.1573 0.5117 -0.8447
vn 0.1535 0.4304 -0.8895
vn 0.9550 -0.2962 -0.0173
vn 0.9896 -0.1014 0.1022
vn 0.9823 -0.1843 -0.0338
vn 0.9185 0.3704 0.1388
vn -0.2235 0.9735 -0.0489
vn -0.2627 0.9561 -0.1300
vn -0.1895 0.9816 0.0218
vn 0.1523 0.4086 -0.8999
vn -0.3790 -0.0089 0.9254
vn 0.9721 -0.0619 0.2263
vn 0.0569 -0.8781 0.4751
vn 0.8622 -0.3571 -0.3592
vn 0.0364 0.1124 0.9930
vn -0.2733 0.9619 -0.0122
vn -0.2755 0.9612 -0.0114
vn -0.1381 0.9904 0.0062
vn -0.4226 0.9061 -0.0221
vn -0.1160 0.9918 -0.0540
vn -0.0726 0.9969 0.0291
vn 0.9929 -0.1130 -0.0363
vn 0.9355 0.2180 0.2781
vn 0.0263 -0.0010 -0.9997
vn -0.0025 0.0103 -0.9999
vn -0.0060 0.0139 -0.9999
vn 0.3646 0.9309 -0.0232
vn 0.7862 -0.0581 -0.6153
vn 0.0219 -0.0003 -0.9998
vn 0.8578 0.5140 -0.0040
vn 0.6759 0.6842 -0.2738
vn 0.9896 -0.0858 0.1154
vn 0.0220 0.0322 0.9992
vn 0.0041 0.0528 0.9986
vn 0.0323 0.0169 0.9993
vn 0.9686 0.2451 0.0412
vn 0.9546 0.2821 0.0951
vn 0.9800 0.1986 -0.0152
vn -0.2079 0.9781 -0.0126
vn 0.9845 -0.1752 -0.0128
vn -0.2677 0.3606 -0.8935
vn 0.9546 0.2822 0.0952
vn 0.9316 0.3295 0.1533
vn 0.8163 0.0680 -0.5736
vn 0.8222 0.0814 -0.5634
vn 0.8049 0.0607 -0.5903
vn 0.9438 0.3293 -0.0299
vn -0.9919 0.1266 -0.0119
vn -0.1374 0.9843 0.1107
vn 0.3241 -0.9416 0.0915
vn 0.2552 0.7172 -0.6484
vn 0.6336 0.7619 0.1341
vn 0.2716 -0.0088 0.9624
vn 0.3410 -0.0280 0.9397
vn 0.1094 0.0164 0.9939
vn 0.6417 0.3210 -0.6965
vn 0.9810 0.1609 -0.1080
vn 0.7807 0.4672 -0.4150
vn 0.0786 0.0180 0.9967
vn 0.1553 0.0799 -0.9846
vn 1.0000 0.0028 -0.0071
vn -0.0022 0.0833 0.9965
vn 0.1811 -0.9834 0.0140
vn 0.3199 0.9474 0.0029
vn 0.3350 0.9421 0.0130
vn 0.3151 0.9491 -0.0014
vn -0.9985 0.0059 -0.0535
vn 0.9749 0.0769 0.2088
vn -0.0559 0.3147 0.9476
vn 0.1305 0.9878 0.0846
vn 0.1550 0.1406 0.9779
vn 0.9722 0.1833 -0.1460
vn 0.3338 0.9426 0.0134
vn 0.0738 -0.0208 -0.9971
vn 0.9991 -0.0119 0.0404
vn 0.1585 -0.0102 0.9873
vn 0.9775 0.2108 -0.0011
vn 0.8398 -0.3663 0.4007
vn -0.0068 0.0827 0.9966
vn 0.7460 0.6626 0.0668
vn 0.7312 0.6805 0.0481
vn 0.7343 0.6768 0.0520
vn 0.7489 0.0753 -0.6583
vn 0.2305 0.9730 0.0132
vn -0.0897 0.9901 0.1079
vn -0.4326 0.8975 -0.0864
vn 0.4141 -0.8398 0.3512
vn -0.1349 0.9844 0.1132
vn 0.4260 0.8845 0.1901
vn 0.4238 0.8927 0.1534
vn 0.4246 0.8900 0.1661
vn 0.9773 0.1612 -0.1373
vn 0.9791 0.1556 -0.1308
vn 0.9774 0.1610 -0.1371
vn 0.8453 0.0712 -0.5295
vn 0.9304 0.3619 -0.0578
vn 0.9304 0.3620 -0.0573
vn 0.3482 0.0335 0.9368
vn 0.9349 0.3515 -0.0481
vn -0.3828 0.9203 -0.0803
vn -0.2843 0.9587 -0.0024
vn 0.9753 0.1673 -0.1442
vn 0.5906 -0.3767 0.7136
vn 0.9998 0.0130 0.0118
vn 0.9994 0.0015 0.0355
vn 0.9996 0.0058 0.0266
vn 0.4740 -0.8798 -0.0345
vn 0.3596 0.0816 0.9295
vn 0.9989 0.0147 -0.0446
vn 0.9993 0.0255 0.0265
vn 0.9987 0.0141 -0.0486
vn 0.9659 -0.0031 -0.2588
vn 0.5631 -0.8264 0.0035
vn 0.3410 -0.0280 0.9396
vn 0.3751 -0.0198 0.9268
vn -0.0495 0.0108 0.9987
vn 0.9998 0.0170 0.0036
vn 0.0322 0.0169 0.9993
vn -0.0829 -0.0186 0.9964
vn -0.0131 0.0134 0.9998
vn 0.6833 0.6715 0.2866
vn 0.7285 0.0847 -0.6798
vn 0.3096 -0.9508 -0.0086
vn 0.2895 -0.9570 -0.0164
vn 0.1764 -0.9825 -0.0591
vn 0.4270 0.8793 0.2107
vn -0.0130 0.0134 0.9998
vn 0.4290 -0.3710 -0.8236
vn 0.7882 -0.1051 0.6063
vn 0.8097 -0.1331 0.5715
vn 0.7243 -0.0320 0.6887
vn -0.9174 0.3884 -0.0871
vn -0.1732 0.9278 -0.3306
vn 0.9970 -0.0675 -0.0377
vn 0.7311 0.6805 0.0481
vn 0.7180 0.6953 0.0320
vn 0.4440 0.0194 -0.8958
vn 0.4911 0.0255 -0.8708
vn 0.4569 0.0175 -0.8894
vn 0.1561 -0.9855 -0.0666
vn 0.9948 0.0774 -0.0656
vn 0.9304 0.3619 -0.0577
vn 0.9304 0.3620 -0.0576
vn 0.9304 0.3619 -0.0583
vn 0.2929 0.6134 0.7334
vn 0.8764 0.1011 -0.4709
vn 0.9040 0.0879 -0.4185
vn 0.8344 0.1182 -0.5384
vn 0.9653 -0.1938 0.1750
vn 0.3760 0.0083 0.9266
vn 0.9978 -0.0304 -0.0588
vn 0.9983 0.0586 0.0049
vn 0.9953 0.0076 -0.0970
vn -0.0413 -0.0400 0.9983
vn 0.9987 0.0141 -0.0487
vn 0.9928 0.0032 -0.1201
vn 0.9220 0.3845 -0.0448
vn 0.0408 -0.9992 0.0009
vn 0.0061 -0.9998 0.0180
vn 0.0788 -0.9967 -0.0179
vn 0.4058 0.4096 -0.8170
vn 0.6289 -0.7771 0.0259
vn 0.3133 -0.9495 -0.0167
vn 0.9142 -0.3522 -0.2006
vn 0.9200 -0.3761 -0.1104
vn 0.9198 -0.3747 -0.1160
vn 0.9182 -0.3952 -0.0266
vn 0.9199 -0.3747 -0.1160
vn 0.2190 -0.0245 0.9754
vn 0.0582 0.2051 0.9770
vn 0.5840 0.7724 -0.2496
vn 0.5652 0.0692 0.8221
vn 0.2526 0.6049 0.7552
vn 0.9250 0.0764 -0.3722
vn 0.9040 0.0880 -0.4184
vn 0.8764 0.1011 -0.4708
vn 0.1981 -0.9771 -0.0772
vn 0.6407 0.7663 0.0488
vn 0.6666 0.7449 0.0272
vn 0.6773 0.7352 -0.0281
vn 0.7065 0.7075 -0.0157
vn -0.8142 -0.1975 -0.5459
vn 0.1702 -0.0910 0.9812
vn 0.9724 -0.1284 0.1950
vn 0.5279 -0.3336 0.7810
vn 0.9821 0.0055 -0.1884
vn 0.9818 0.0114 -0.1894
vn 0.9864 0.0281 -0.1618
vn -0.4808 -0.8235 0.3013
vn 0.0785 0.9968 0.0159
vn 0.4782 -0.0560 0.8765
vn 0.4866 -0.0595 0.8716
vn 0.4600 -0.0570 0.8861
vn 0.7597 0.4155 -0.5002
vn -0.2037 -0.7885 0.5803
vn -0.4370 0.6520 0.6197
vn -0.4479 0.8611 -0.2404
vn 0.9135 0.0924 0.3963
vn 0.9288 0.1401 0.3430
vn 0.8923 0.0379 0.4499
vn 0.4556 -0.0596 0.8882
vn 0.0908 -0.9955 -0.0259
vn 0.0831 -0.9961 -0.0294
vn 0.0780 -0.9964 -0.0317
vn 0.9938 0.1065 0.0307
vn 0.9978 0.0605 -0.0263
vn 0.9973 0.0490 0.0541
vn 1.0000 0.0057 -0.0025
vn 0.9189 0.3937 -0.0259
vn -0.1287 0.9917 0.0085
vn 0.8159 -0.0276 0.5775
vn 0.9990 -0.0165 0.0426
vn 0.9990 0.0448 -0.0066
vn 0.9935 0.1039 -0.0463
vn 0.9820 -0.0298 -0.1866
vn 0.5142 -0.3878 0.7650
vn 0.9977 0.0556 -0.0390
vn 0.2566 0.3056 0.9169
vn 0.9975 -0.0559 -0.0422
vn 0.9895 0.1445 0.0011
vn 0.9996 0.0298 0.0030
vn 0.9979 0.0627 0.0141
vn 0.7226 0.6901 0.0402
vn 0.4653 0.8843 0.0384
vn 0.9343 0.1663 0.3153
vn 0.2577 -0.0532 -0.9647
vn 0.2367 -0.0084 -0.9716
vn 0.9201 -0.0260 -0.3909
vn 0.9457 -0.0503 -0.3211
vn 0.9381 -0.0425 -0.3437
vn 0.4403 0.8976 0.0216
vn -0.4708 0.4994 0.7273
vn 0.9694 0.2340 -0.0739
vn 0.9967 -0.0463 0.0662
vn 0.9990 0.0447 -0.0066
vn -0.5432 0.2857 -0.7895
vn 0.9777 -0.0460 -0.2048
vn 0.9777 -0.0459 -0.2048
vn 0.9739 -0.0265 -0.2255
vn 0.1118 -0.0999 -0.9887
vn 0.9335 0.1992 -0.2982
vn 0.6997 -0.0068 0.7144
vn 0.7882 -0.1050 0.6064
vn -0.5066 0.7159 -0.4804
vn -0.4006 0.6995 -0.5918
vn -0.4574 0.7102 -0.5352
vn -0.0333 0.4990 -0.8659
vn 0.4058 0.9139 -0.0057
vn -0.1379 0.0101 0.9904
vn 0.9081 -0.0161 -0.4183
vn 0.9200 -0.0260 -0.3909
vn 0.0745 -0.9967 -0.0333
vn 0.5201 -0.8539 0.0216
vn -0.5656 0.7176 -0.4064
vn 0.9934 0.1103 0.0311
vn 0.3841 0.9094 0.1596
vn 0.3929 0.9028 0.1748
vn 0.3933 0.9048 0.1635
vn 0.7831 0.0019 0.6219
vn 0.9350 0.1618 0.3155
vn 0.1875 -0.9801 0.0646
vn 0.1418 -0.9887 0.0487
vn 0.1695 -0.9839 0.0561
vn 0.0070 -0.9997 -0.0232
vn 0.0227 -0.9995 -0.0205
vn 0.1929 -0.9812 0.0091
vn 0.3216 0.9468 -0.0085
vn 0.9853 -0.0000 -0.1707
vn 0.2022 0.3200 -0.9256
vn -0.4109 -0.8253 0.3873
vn 0.7221 0.6903 0.0459
vn -0.2980 0.0424 -0.9536
vn -0.3025 0.0429 -0.9522
vn -0.3023 0.0428 -0.9522
vn -0.1842 0.9777 -0.1010
vn -0.1913 0.9773 -0.0914
vn -0.1190 0.9751 -0.1872
vn 0.8622 0.3178 -0.3944
vn 0.8794 0.2716 -0.3910
vn 0.8843 0.2570 -0.3898
vn 0.8985 0.2106 -0.3853
vn 0.9881 0.0800 -0.1314
vn 0.9977 0.0649 -0.0213
vn 0.9775 0.2109 -0.0011
vn 0.9750 0.2221 -0.0036
vn 0.9998 0.0206 0.0034
vn 0.3341 0.9343 0.1247
vn 0.9855 -0.0579 -0.1596
vn 0.9978 -0.0305 -0.0588
vn 0.5441 0.7140 0.4407
vn -0.1594 0.7967 0.5830
vn 0.9664 0.0045 -0.2570
vn 0.5546 0.8318 0.0235
vn 0.5528 0.8332 0.0137
vn 0.5629 0.8233 0.0727
vn 0.2321 0.9721 0.0347
vn 0.1766 0.9843 0.0035
vn 0.2873 0.9556 0.0660
vn 0.3228 0.9464 -0.0082
vn 0.6863 -0.1320 0.7153
vn 0.5595 0.1376 0.8173
vn 0.5246 0.1672 0.8348
vn 0.5308 0.1620 0.8318
vn 0.1549 0.0095 0.9879
vn 0.0936 0.0593 0.9938
vn 0.1530 0.0111 0.9882
vn 0.9625 0.0499 0.2668
vn 0.5401 0.8403 -0.0477
vn 0.3178 0.9445 0.0836
vn 0.9233 -0.3820 0.0400
vn 0.9635 0.2676 -0.0051
vn 0.9667 0.2560 -0.0066
vn -0.1924 0.9787 -0.0716
vn 0.5740 0.7645 0.2935
vn -0.1492 0.1535 0.9768
vn 0.8852 0.4348 0.1654
vn 0.8074 -0.1043 0.5807
vn 0.9780 0.1387 0.1561
vn 0.9910 0.1070 0.0810
vn 0.9827 0.1274 0.1340
vn 0.0303 0.9925 0.1185
vn 0.9983 0.0569 0.0079
vn 0.9994 0.0298 0.0197
vn 0.9997 -0.0141 0.0210
vn 0.2187 -0.0432 0.9748
vn -0.7720 0.3581 -0.5252
vn 0.7535 0.0413 -0.6561
vn 1.0000 0.0056 -0.0025
vn 0.9985 -0.0489 0.0255
vn 0.9967 -0.0048 0.0809
vn 0.9097 -0.3017 0.2852
vn 0.4668 0.8355 0.2900
vn 0.3958 0.8173 0.4189
vn 0.4330 0.8288 0.3544
vn 0.1211 0.0348 -0.9920
vn 0.1093 -0.9933 -0.0375
vn 0.2993 0.9481 0.1077
vn 0.9588 -0.0608 -0.2775
vn 0.9643 -0.0545 -0.2592
vn 0.4474 0.4477 -0.7742
vn 0.9930 0.0755 0.0912
vn 0.9933 0.0734 0.0891
vn 0.9931 0.0744 0.0901
vn 0.8467 -0.1398 -0.5133
vn 0.3135 0.2345 0.9202
vn 0.9967 -0.0048 0.0810
vn 0.3957 0.8173 0.4189
vn 0.3421 0.7945 0.5017
vn 0.4330 0.8288 0.3545
vn 0.8819 0.4714 0.0094
vn 0.9088 0.4156 0.0355
vn 0.8353 0.5490 -0.0286
vn -0.0517 0.9983 0.0254
vn -0.0560 0.9980 0.0309
vn -0.0503 0.9980 0.0396
vn -0.0830 -0.8581 -0.5066
vn -0.9564 0.2450 -0.1590
vn 0.0968 -0.2951 -0.9506
vn 0.0932 -0.3248 -0.9412
vn 0.0912 -0.3410 -0.9356
vn 0.0449 -0.9990 0.0074
vn 0.6157 0.7871 0.0368
vn 0.5421 0.8402 0.0146
vn 0.5915 0.8059 0.0262
vn -0.3811 0.9199 0.0928
vn 0.9986 0.0045 0.0535
vn 0.5630 -0.8248 -0.0520
vn 0.9959 0.0609 -0.0667
vn 0.7171 0.6519 -0.2464
vn 0.0513 0.0964 -0.9940
vn 0.0861 0.0302 -0.9958
vn 0.0845 0.0091 -0.9964
vn 0.9964 -0.0417 0.0739
vn 0.9915 -0.1300 -0.0114
vn -0.3023 0.0428 -0.9523
vn -0.3113 0.0437 -0.9493
vn -0.2654 0.9641 0.0123
vn 0.9935 0.0721 0.0878
vn 0.0639 -0.9958 0.0650
vn 0.1070 -0.9834 0.1468
vn 0.0707 -0.9937 0.0873
vn 0.2012 -0.2806 -0.9385
vn 0.7826 0.6191 -0.0652
vn 0.0776 0.1293 -0.9886
vn 0.0955 0.1380 -0.9858
vn 0.0866 0.1337 -0.9872
vn -0.0506 0.9330 -0.3563
vn 0.8599 0.4618 0.2178
vn 0.9597 0.0272 -0.2796
vn 0.9664 0.0045 -0.2569
vn 0.9779 0.1387 0.1561
vn 0.9827 0.1275 0.1340
vn 0.9625 0.1857 0.1976
vn 0.4916 0.8703 0.0304
vn 0.6324 0.0951 -0.7688
vn 0.9985 -0.0177 -0.0521
vn 0.9972 -0.0742 0.0094
vn 0.6285 0.7706 -0.1057
vn -0.0740 -0.0954 -0.9927
vn -0.1429 -0.0956 -0.9851
vn -0.1630 -0.2028 -0.9656
vn -0.2251 0.1691 -0.9596
vn 0.4536 -0.0726 0.8883
vn 0.1229 0.0633 -0.9904
vn 0.3146 0.9014 0.2973
vn 0.6357 0.7649 0.1043
vn 0.0496 -0.0411 0.9979
vn 0.9229 0.3847 0.0161
vn 0.9140 0.4042 0.0345
vn 0.8814 0.4721 0.0130
vn 0.9911 0.1331 0.0073
vn -0.2111 0.0256 0.9771
vn 0.3663 0.5898 -0.7197
vn 0.3861 0.5695 -0.7257
vn 0.4097 0.5441 -0.7322
vn 0.0620 0.1216 -0.9906
vn 0.4456 0.0275 -0.8948
vn 0.9772 -0.2089 0.0379
vn 0.9750 -0.2195 0.0340
vn 0.9976 -0.0626 0.0296
vn 0.9893 0.1428 -0.0305
vn 0.0228 -0.9995 -0.0205
vn 0.2234 -0.9746 0.0145
vn 0.5272 -0.6117 -0.5898
vn -0.2160 -0.0365 -0.9757
vn -0.0364 0.9980 0.0520
vn 0.5851 0.7977 -0.1462
vn 0.9809 0.1943 0.0031
vn 0.9776 0.2099 -0.0152
vn 0.9816 0.1908 0.0091
vn 0.9828 0.1836 0.0185
vn 0.9816 0.1908 0.0092
vn 0.9824 0.1854 0.0206
vn 0.0868 -0.3754 -0.9228
vn 0.1569 -0.0144 -0.9875
vn 1.0000 -0.0065 0.0015
vn 1.0000 0.0067 -0.0028
vn 0.9984 -0.0097 -0.0555
vn 0.4254 0.5266 -0.7360
vn 0.9809 0.1943 0.0032
vn 0.4944 0.1916 0.8478
vn 0.1892 -0.1538 0.9698
vn 0.1442 -0.9889 -0.0371
vn 0.0861 -0.9962 -0.0104
vn 0.2815 -0.0271 -0.9592
vn 0.0710 -0.0910 0.9933
vn 0.1017 -0.0425 0.9939
vn 0.1006 -0.0442 0.9939
vn 0.5156 -0.8568 0.0012
vn 0.4994 -0.8663 -0.0019
vn 0.3549 -0.9345 -0.0278
vn -0.0760 -0.1399 -0.9872
vn -0.0719 -0.0368 -0.9967
vn -0.0045 0.0654 -0.9979
vn 0.9987 -0.0437 0.0262
vn -0.2612 0.9120 -0.3164
vn -0.3834 0.8672 -0.3176
vn -0.3900 0.8643 -0.3175
vn 0.6647 0.7463 0.0353
vn 0.6879 0.7251 0.0305
vn 0.7889 0.6145 0.0072
vn 0.9936 -0.0801 -0.0791
vn 0.1261 0.4387 -0.8897
vn 0.1171 0.4559 -0.8823
vn 0.1012 0.4853 -0.8685
vn 0.4864 0.8041 -0.3417
vn 0.1064 0.9908 -0.0832
vn 0.8408 0.5381 -0.0587
vn 0.4689 0.8823 0.0400
vn 0.9558 -0.2558 0.1447
vn 0.3413 -0.9395 -0.0277
vn 0.0369 0.2724 -0.9615
vn 0.0559 0.2376 -0.9698
vn -0.0056 0.3483 -0.9374
vn 0.9029 0.4298 0.0083
vn 0.5165 0.2029 -0.8319
vn 0.2346 0.9721 0.0053
vn 0.0909 0.9953 -0.0333
vn 0.2189 0.9756 -0.0183
vn 0.2400 0.9412 -0.2378
vn 0.7658 0.6411 -0.0507
vn 0.7739 0.6313 -0.0497
vn 0.7765 0.6284 -0.0475
vn 0.8752 -0.4832 0.0258
vn 0.9813 0.1505 -0.1198
vn 0.0055 1.0000 -0.0076
vn 0.0012 1.0000 -0.0034
vn 0.0007 1.0000 -0.0029
vn -0.0043 1.0000 0.0019
vn -0.8867 0.2057 0.4142
vn -0.7340 0.6790 -0.0147
vn 0.0561 0.3693 0.9276
vn -0.0131 0.2887 0.9573
vn 0.0133 0.3199 0.9474
vn 0.9041 0.1157 -0.4114
vn 0.8579 0.2487 -0.4497
vn 0.8757 0.1278 -0.4656
vn 0.8803 0.1315 -0.4559
vn -0.3565 -0.0042 -0.9343
vn 0.8624 0.5020 -0.0647
vn 0.0388 0.4478 -0.8933
vn 0.8781 0.0964 -0.4686
vn 0.7526 0.0389 0.6574
vn -0.0602 0.2317 0.9709
vn 0.8757 0.1277 -0.4657
vn 0.8803 0.1314 -0.4559
vn 0.8830 0.0231 -0.4688
vn 0.9073 -0.1292 -0.4002
vn 0.3302 0.5134 0.7921
vn 0.0415 0.4090 -0.9116
vn -0.6067 0.5909 -0.5318
vn 0.6437 -0.1262 0.7548
vn -0.7193 0.6047 0.3419
vn -0.4734 0.0494 0.8795
vn -0.4738 -0.0480 0.8793
vn -0.4719 0.0907 0.8770
vn -0.1194 0.1300 -0.9843
vn -0.1584 0.1325 -0.9784
vn -0.1623 0.0126 -0.9867
vn -0.9680 0.2186 -0.1233
vn -0.9821 0.1417 -0.1237
vn -0.9680 0.2187 -0.1233
vn -0.1142 0.0951 -0.9889
vn 0.6548 0.1577 0.7392
vn 0.9031 0.1675 -0.3955
vn 0.7719 -0.0506 0.6337
vn 0.7683 -0.1118 0.6302
vn 0.7720 0.0368 0.6345
vn -0.0570 0.2182 -0.9742
vn -0.1194 0.1301 -0.9843
vn -0.1142 0.0952 -0.9889
vn -0.4734 0.0495 0.8795
vn -0.4719 0.0908 0.8770
vn -0.4661 0.1761 0.8670
vn -0.1090 -0.2910 0.9505
vn 0.7869 -0.6152 0.0479
vn -0.9507 0.2848 -0.1224
vn 0.7720 0.0369 0.6345
vn 0.7662 0.1248 0.6304
vn -0.8920 -0.2209 0.3944
vn -0.8289 -0.1557 -0.5373
vn 0.3080 0.3009 -0.9026
vn 0.8891 -0.3524 -0.2923
vn -0.0565 0.2535 -0.9657
vn 0.2879 -0.4118 -0.8646
vn 0.8299 0.5560 0.0466
vn 0.0665 0.0946 -0.9933
vn 0.4023 0.9151 -0.0265
vn 0.4654 0.8788 -0.1054
vn 0.4700 0.8762 -0.1065
vn 0.5454 0.8147 -0.1970
vn 0.0217 0.0036 -0.9998
vn 0.8816 -0.0071 -0.4720
vn 0.9904 -0.0805 -0.1126
vn 0.1088 0.1634 -0.9805
vn -0.9200 0.3918 0.0110
vn 0.9794 0.1603 -0.1231
vn 0.3555 -0.0960 0.9297
vn 0.3687 -0.0986 0.9243
vn 0.3727 -0.0994 0.9226
vn 0.5088 -0.5856 0.6310
vn 0.9240 0.3732 -0.0838
vn 0.9849 0.1464 0.0923
vn 0.7406 0.6718 -0.0117
vn 0.5022 0.7609 0.4109
vn 0.0352 0.7014 -0.7119
vn -0.4822 0.8177 -0.3144
vn 0.1007 -0.0442 0.9939
vn 0.1256 -0.0044 0.9921
vn -0.0109 0.9990 -0.0427
vn 0.0017 0.9986 -0.0534
vn 0.0046 0.9984 -0.0559
vn -0.0305 0.3916 -0.9196
vn 0.9626 -0.0006 0.2708
vn 0.9580 -0.0033 0.2869
vn 0.9072 -0.0267 0.4198
vn 0.1395 0.4128 -0.9001
vn 0.8399 0.5377 -0.0736
vn 0.0167 0.9977 -0.0663
vn 0.8941 0.3813 -0.2348
vn 0.8818 0.4002 -0.2494
vn 0.8806 0.4020 -0.2508
vn 0.2561 0.9666 0.0106
vn 0.2905 0.9567 0.0182
vn 0.2347 0.9721 0.0054
vn -0.0611 0.9964 0.0584
vn 0.8783 -0.0371 0.4767
vn -0.2113 0.0136 -0.9773
vn 0.0412 -0.0494 -0.9979
vn 0.0059 0.0529 -0.9986
vn 0.1609 0.0613 0.9851
vn 0.1074 0.9926 -0.0568
vn 0.0949 0.9948 -0.0370
vn 0.1185 0.9902 -0.0743
vn 1.0000 -0.0064 0.0015
vn 0.9819 0.1891 0.0030
vn 0.3388 -0.9405 -0.0269
vn 0.9294 0.0613 -0.3639
vn 0.8729 0.4132 -0.2595
vn 0.0204 -0.9998 0.0082
vn 0.0417 -0.9989 -0.0205
vn 0.0328 -0.9994 -0.0116
vn 0.8674 0.4974 -0.0151
vn 0.2557 -0.2795 -0.9255
vn -0.3166 -0.5682 -0.7595
vn 0.8796 0.0580 -0.4722
vn 0.8868 0.0336 -0.4610
vn 0.8869 0.0289 -0.4611
vn -0.0045 0.0654 -0.9978
vn 0.3521 -0.0954 0.9311
vn 0.7034 -0.1142 -0.7015
vn 0.6052 0.0187 -0.7959
vn 0.6636 -0.0817 -0.7437
vn 0.8434 -0.1969 -0.5000
vn 0.3190 0.9454 -0.0671
vn 0.0454 0.4805 0.8758
vn 0.1311 0.5863 0.7994
vn 0.0685 0.5059 0.8599
vn -0.6224 0.7065 0.3369
vn -0.0057 0.6090 -0.7931
vn -0.0658 0.6698 -0.7396
vn -0.0540 0.6584 -0.7508
vn 0.8886 0.0082 -0.4586
vn 0.5647 -0.0192 -0.8251
vn 0.9921 -0.1248 -0.0132
vn 0.9901 -0.1376 -0.0286
vn 0.9777 -0.1893 -0.0914
vn 0.6340 -0.7713 0.0558
vn 0.6565 -0.7539 0.0246
vn 0.6416 -0.7655 0.0476
vn 0.9916 -0.0895 0.0931
vn 0.9962 -0.0841 -0.0234
vn 0.9967 -0.0771 -0.0239
vn 0.9927 -0.1194 0.0176
vn -0.9586 0.2821 -0.0394
vn -0.9519 0.2923 -0.0925
vn -0.9564 0.2905 -0.0285
vn -0.0799 0.6764 -0.7322
vn 0.0201 -0.9998 0.0026
vn -0.0138 -0.9998 0.0172
vn 0.0607 -0.9981 -0.0103
vn 0.1034 -0.9943 -0.0269
vn 0.4317 0.9018 -0.0177
vn -0.0833 -0.4873 0.8693
vn -0.1014 -0.5386 0.8365
vn -0.0448 -0.3749 0.9260
vn -0.4325 -0.1588 -0.8875
vn -0.1293 0.7722 -0.6220
vn -0.7687 0.6358 -0.0695
vn -0.1150 0.7149 -0.6897
vn 0.4920 -0.0018 -0.8706
vn 0.1296 0.9873 -0.0921
vn 0.9998 -0.0150 -0.0120
vn 1.0000 -0.0038 -0.0036
vn 1.0000 -0.0024 -0.0025
vn 0.1403 0.5936 0.7924
vn -0.0410 0.9985 0.0351
vn -0.8095 0.2194 -0.5445
vn -0.9231 0.1930 -0.3326
vn -0.0296 0.9996 0.0050
vn 0.3906 0.9195 -0.0441
vn 0.3939 0.9183 -0.0407
vn 0.3939 0.9182 -0.0407
vn -0.3390 0.8940 -0.2931
vn 0.8789 0.0585 -0.4733
vn 0.7574 0.0110 -0.6529
vn 0.9962 -0.0703 0.0518
vn 0.9901 -0.1376 -0.0285
vn 0.6723 -0.7399 0.0236
vn 0.0920 -0.9954 0.0267
vn -0.1096 0.2974 -0.9484
vn -0.0180 0.9940 -0.1078
vn -0.0142 0.9909 -0.1335
vn -0.0297 0.9941 -0.1042
vn 0.0091 0.0520 -0.9986
vn 0.0036 0.0894 -0.9960
vn 0.7078 0.0330 -0.7056
vn 0.9824 0.1311 -0.1332
vn 0.8404 -0.0304 0.5411
vn 0.9999 0.0166 0.0044
vn 0.9999 0.0139 -0.0013
vn 0.9997 0.0204 0.0122
vn 0.9916 -0.0895 0.0932
vn 0.9428 -0.0841 0.3226
vn 0.9983 0.0481 -0.0341
vn 0.9979 0.0647 -0.0045
vn 0.9983 0.0536 -0.0243
vn 0.2105 0.9681 -0.1361
vn 0.8463 -0.5327 -0.0064
vn 0.9108 -0.4125 0.0157
vn 0.9029 -0.4297 0.0126
vn 0.9776 0.2105 -0.0009
vn -0.0329 -0.3392 0.9401
vn -0.8965 0.1659 0.4107
vn -0.9137 -0.3935 0.1012
vn 0.9997 0.0204 0.0123
vn 0.9995 0.0235 0.0187
vn 0.2157 -0.0411 0.9756
vn -0.0994 0.9946 -0.0284
vn -0.1022 0.9944 -0.0278
vn -0.0973 0.9948 -0.0289
vn -0.1024 0.9944 -0.0278
vn -0.1030 0.9943 -0.0276
vn 0.7890 0.6144 0.0072
vn 0.8294 0.5586 -0.0036
vn -0.0157 0.9998 0.0101
vn -0.0155 0.9999 0.0034
vn -0.2583 0.6337 -0.7292
vn -0.0165 -0.0159 -0.9997
vn -0.0153 -0.0119 -0.9998
vn -0.0156 -0.0116 -0.9998
vn 0.6233 0.1281 -0.7714
vn -0.0497 -0.0259 -0.9984
vn 0.1665 -0.0875 -0.9822
vn 0.1390 -0.0798 -0.9871
vn 0.9746 -0.2235 0.0164
vn 0.9999 0.0086 0.0058
vn 0.9316 -0.0892 0.3523
vn 0.6050 -0.7963 -0.0007
vn 0.7599 -0.6501 0.0033
vn 0.9190 -0.3928 0.0347
vn 0.7349 0.6781 -0.0091
vn -0.0007 -1.0000 0.0006
vn -0.0006 -1.0000 0.0002
vn -0.0005 -1.0000 0.0001
vn 0.8857 0.4625 0.0394
vn 0.9848 0.1189 -0.1265
vn 0.1020 -0.9947 -0.0114
vn 0.6490 -0.1868 -0.7375
vn 0.1439 0.9860 -0.0843
vn 0.0523 0.9974 -0.0503
vn 0.0795 0.9948 -0.0639
vn 0.9894 -0.1448 0.0077
vn 0.1341 0.9908 -0.0181
vn 0.1068 0.9941 -0.0181
vn 0.1081 0.9940 -0.0181
vn 0.9982 0.0467 -0.0366
vn -0.9704 -0.0654 -0.2323
vn 0.0627 0.0022 0.9980
vn 0.9988 -0.0433 -0.0231
vn 0.9907 -0.1167 0.0700
vn 0.9998 -0.0208 -0.0003
vn 0.2709 0.9602 -0.0676
vn -0.0684 -0.8219 0.5655
vn -0.9861 0.0833 -0.1440
vn -0.8852 0.0557 -0.4620
vn 0.0056 -1.0000 0.0014
vn 0.0205 -0.9998 0.0082
vn 0.7337 -0.0698 0.6759
vn 0.7320 -0.1378 0.6672
vn 0.7322 -0.0620 0.6782
vn 0.0776 -0.0059 0.9970
vn 0.0444 0.0318 0.9985
vn 0.1029 -0.0346 0.9941
vn 0.1285 0.5970 0.7919
vn -0.9861 0.0832 -0.1440
vn -0.9854 0.0142 -0.1698
vn -0.9839 0.0075 -0.1785
vn 0.1897 -0.9818 -0.0117
vn 0.5905 -0.8070 0.0007
vn -0.9586 0.2820 -0.0394
vn -0.9823 0.1867 -0.0160
vn 0.1860 -0.9824 0.0149
vn 0.4526 0.0338 0.8911
vn 0.4218 0.1435 0.8953
vn 0.4973 0.0808 0.8638
vn 0.6082 -0.4001 0.6856
vn -0.0221 0.1756 0.9842
vn -0.9192 0.1564 -0.3614
vn 0.0335 0.6002 0.7992
vn 0.6666 0.5921 -0.4529
vn -0.0350 0.0445 -0.9984
vn -0.0777 -0.0177 -0.9968
vn -0.0498 -0.0259 -0.9984
vn 0.1389 -0.0798 -0.9871
vn 0.2554 0.9668 -0.0119
vn 0.9073 0.2093 -0.3646
vn 0.9176 0.2172 -0.3329
vn 0.9157 0.2388 -0.3231
vn -0.0128 0.0059 -0.9999
vn -0.0091 -0.0019 -1.0000
vn 0.5528 -0.0976 -0.8276
vn 0.2873 0.9552 -0.0715
vn 0.6206 -0.0317 0.7835
vn -0.5854 0.8099 -0.0376
vn 0.2657 0.9641 -0.0052
vn 0.8394 -0.5435 -0.0085
vn 0.8462 -0.5328 -0.0065
vn 0.9029 -0.4298 0.0126
vn 0.4412 0.8970 0.0251
vn 0.3808 0.9236 0.0435
vn 0.4562 0.8897 0.0205
vn 0.7145 0.6984 0.0416
vn -0.1725 0.5550 0.8138
vn 0.6194 -0.7824 0.0645
vn 0.6072 -0.7923 0.0603
vn 0.4706 -0.8823 0.0042
vn 0.9971 -0.0756 0.0107
vn 0.5234 0.8470 0.0927
vn 0.5814 0.8133 0.0227
vn 0.5167 0.8512 0.0923
vn 0.1714 0.9781 -0.1185
vn -0.8846 -0.0518 0.4634
vn -0.0084 0.9999 0.0090
vn 0.0817 -0.2369 -0.9681
vn 0.0150 -0.9998 -0.0089
vn 0.7258 -0.6699 -0.1562
vn 0.8859 0.1410 0.4419
vn 0.3522 0.9345 0.0519
vn 0.9989 0.0461 -0.0107
vn 0.9593 0.2789 -0.0450
vn 0.9719 0.2345 -0.0210
vn 0.9874 0.1580 -0.0039
vn 0.9958 -0.0889 0.0218
vn 0.3928 0.1583 0.9059
vn 0.0111 0.8393 -0.5436
vn 0.0600 0.9121 -0.4056
vn 0.0528 0.9028 -0.4269
vn 0.8537 -0.0460 -0.5188
vn -0.1444 0.9233 -0.3558
vn 0.9974 0.0717 0.0080
vn 0.9992 -0.0368 0.0140
vn 0.9997 -0.0178 -0.0142
vn 0.9996 0.0170 -0.0215
vn 0.0025 0.9990 -0.0447
vn -0.0437 0.0120 -0.9990
vn -0.1898 -0.4097 -0.8922
vn -0.2055 -0.4475 -0.8703
vn -0.2129 -0.4652 -0.8592
vn 0.9685 0.2480 0.0241
vn 0.9476 0.3095 0.0784
vn 0.9538 0.2934 0.0641
vn 0.8937 0.4481 0.0236
vn 0.8915 0.4524 0.0252
vn 0.8916 0.4521 0.0251
vn 0.4076 0.0151 0.9130
vn 0.4972 0.0808 0.8638
vn 0.0270 0.9994 -0.0228
vn 0.0007 -0.0305 -0.9995
vn 0.3643 -0.0808 -0.9278
vn 0.7827 0.6222 0.0143
vn -0.5171 0.8550 -0.0399
vn -0.5081 0.8609 -0.0254
vn -0.5325 0.8439 -0.0655
vn 0.3487 0.9265 -0.1411
vn 0.3206 0.9396 -0.1201
vn 0.3610 0.9204 -0.1503
vn 0.0270 0.4674 -0.8836
vn -0.0339 0.3186 -0.9473
vn -0.0316 0.3310 -0.9431
vn 0.0897 0.9918 -0.0911
vn 0.1401 0.9836 -0.1137
vn 0.1541 0.9874 -0.0346
vn 0.6939 0.0641 -0.7173
vn 0.5004 0.8657 0.0110
vn 0.4962 0.8682 0.0077
vn 0.4981 0.8671 0.0092
vn 0.4929 0.8700 0.0051
vn 0.7334 -0.0017 0.6798
vn 0.4139 -0.9040 0.1072
vn 0.3610 -0.9302 0.0666
vn 0.3179 -0.9475 0.0342
vn 0.6752 0.7356 -0.0547
vn 0.7838 0.6205 -0.0249
vn 0.2028 -0.9792 0.0070
vn 0.1357 0.9906 -0.0181
vn -0.0137 0.7940 -0.6078
vn 0.6593 -0.2098 -0.7220
vn 0.9847 -0.1735 0.0173
vn 0.9958 -0.0890 0.0218
vn 0.9804 -0.1947 0.0285
vn 0.0623 0.0740 0.9953
vn 0.0467 0.1031 0.9936
vn 0.0263 0.1400 0.9898
vn 0.3014 0.4163 0.8578
vn -0.0849 0.0050 0.9964
vn -0.0063 -0.0178 -0.9998
vn 0.1190 0.9921 -0.0395
vn 0.9654 0.1866 0.1820
vn 0.6790 0.6856 -0.2625
vn -0.6362 0.7275 0.2570
vn -0.6338 0.7295 0.2573
vn -0.6365 0.7272 0.2570
vn 0.6910 0.1253 -0.7119
vn 0.8574 0.0191 0.5144
vn -0.6388 0.7253 0.2568
vn 0.4507 0.8851 0.1158
vn -0.5034 -0.8633 -0.0368
vn 0.7289 -0.6491 0.2176
vn 0.5211 -0.0517 0.8519
vn -0.0151 0.0938 0.9955
vn 0.8289 -0.5586 0.0320
vn 0.9997 -0.0236 -0.0086
vn 0.1412 0.0519 -0.9886
vn 0.1094 0.0246 -0.9937
vn 0.1082 0.0236 -0.9938
vn 0.0805 -0.0001 -0.9968
vn -0.0524 -0.9985 -0.0187
vn -0.0128 -0.9997 -0.0211
vn -0.0688 -0.9976 -0.0053
vn 0.0563 -0.9981 0.0232
vn 0.0434 -0.9990 -0.0066
vn 0.0175 -0.9998 0.0065
vn 0.9638 0.2047 0.1709
vn 0.0210 0.9996 -0.0180
vn 0.0049 -0.9999 -0.0101
vn -0.0324 -0.9950 -0.0941
vn 0.8699 -0.0498 -0.4907
vn 0.9427 -0.0804 -0.3238
vn 0.9153 -0.0725 -0.3962
vn -0.3223 0.9225 0.2123
vn 0.8407 -0.0476 -0.5395
vn -0.9306 0.3635 -0.0426
vn -0.9526 0.3041 0.0061
vn -0.9331 0.3576 -0.0377
vn 0.0050 -0.0270 -0.9996
vn 0.1667 -0.0622 -0.9840
vn 0.1822 -0.0253 -0.9829
vn 0.0460 -0.9958 -0.0797
vn -0.9530 0.2711 0.1354
vn -0.9469 0.3121 0.0776
vn -0.9585 0.2719 0.0852
vn -0.3185 -0.3752 0.8705
vn -0.8999 0.4255 -0.0951
vn -0.0325 -0.0066 -0.9995
vn 0.1287 -0.0052 -0.9917
vn 0.8406 -0.0476 -0.5395
vn 0.8351 -0.0088 -0.5501
vn 0.8725 0.0436 -0.4867
vn 0.0137 -0.9974 -0.0709
vn -0.0238 -0.9991 0.0355
vn -0.2448 0.6934 0.6777
vn -0.2211 0.6243 0.7492
vn -0.2357 0.6669 0.7068
vn 0.9809 0.1918 0.0320
vn 0.9812 0.1900 0.0351
vn 0.9815 0.1873 0.0396
vn 0.9111 0.4043 0.0801
vn -0.0166 0.5993 -0.8004
vn 0.0570 0.1897 0.9802
vn 0.4374 0.0972 0.8940
vn -0.8041 0.5828 0.1171
vn 0.9818 0.1849 0.0436
vn -0.2588 0.7345 0.6273
vn -0.9207 0.2936 0.2571
vn -0.9497 0.2613 0.1727
vn 0.9992 -0.0030 0.0401
vn 0.9974 0.0176 0.0705
vn 0.9996 -0.0148 0.0228
vn 0.9577 -0.0301 0.2863
vn 0.9559 -0.0309 0.2920
vn 0.9170 -0.0447 0.3964
vn -0.9497 0.2613 0.1726
vn -0.5011 0.6949 0.5158
vn 0.9499 0.0354 0.3104
vn 0.8899 0.0705 -0.4507
vn 0.0049 -0.0270 -0.9996
vn -0.0287 0.0071 -0.9996
vn 0.0716 0.9958 0.0567
vn 0.4844 -0.0456 0.8737
vn 0.1005 -0.3277 -0.9394
vn 0.0666 0.0265 0.9974
vn 0.0371 0.0160 0.9992
vn 0.0160 0.0084 0.9998
vn 0.9995 -0.0326 -0.0036
vn 0.1350 0.9393 0.3153
vn -0.4408 0.5740 -0.6901
vn -0.4943 -0.0441 -0.8682
vn -0.6813 0.7262 0.0921
vn -0.6790 0.7245 0.1185
vn -0.6805 0.7256 0.1021
vn -0.0189 0.9050 -0.4250
vn 0.0309 0.1901 -0.9813
vn -0.0413 0.1221 -0.9917
vn -0.0279 0.3113 -0.9499
vn -0.0113 -0.9855 0.1690
vn -0.6779 0.7236 0.1295
vn 0.0159 0.0084 0.9998
vn 0.0371 0.0159 0.9992
vn -0.0156 -0.0028 0.9999
vn 0.9242 0.3817 0.0125
vn -0.9035 0.0848 -0.4200
vn -0.0351 0.0690 -0.9970
vn -0.0373 -0.8677 -0.4957
vn -0.9816 0.1900 0.0189
vn -0.9290 0.1362 0.3442
vn -0.0064 -0.0167 -0.9998
vn -0.0004 0.9993 -0.0372
vn -0.4346 -0.8646 0.2523
vn 0.9559 -0.0309 0.2921
vn 0.8733 -0.0563 0.4839
vn 0.9169 -0.0447 0.3965
vn 0.9394 -0.3429 0.0075
vn 0.0309 0.1902 -0.9813
vn 0.1008 0.3455 -0.9330
vn -0.0946 -0.2068 0.9738
vn -0.5966 -0.1269 -0.7924
vn 0.0832 -0.9959 -0.0361
vn 0.1387 -0.9902 -0.0147
vn 0.0572 -0.9984 0.0042
vn 0.0129 0.9998 -0.0120
vn -0.0019 1.0000 -0.0033
vn 0.0712 0.9975 0.0016
vn 0.1985 0.3413 -0.9187
vn 0.0728 0.9973 -0.0055
vn -0.5007 -0.1085 -0.8588
vn 0.0628 -0.0444 -0.9970
vn -0.0020 -0.0407 -0.9992
vn 0.0595 -0.0259 -0.9979
vn 0.5077 0.1990 -0.8383
vn 0.6113 -0.5130 -0.6026
vn 0.0284 -0.9974 -0.0665
vn 0.0183 0.6277 0.7782
vn 0.0092 0.6661 0.7459
vn 0.0110 0.6588 0.7522
vn 0.0014 -1.0000 -0.0023
vn 0.0022 -1.0000 -0.0000
vn -0.0004 -1.0000 0.0022
vn 0.9373 0.1317 -0.3226
vn -0.1691 0.9744 0.1479
vn -0.0754 0.9921 0.1006
vn -0.0551 0.9877 0.1464
vn 0.2058 0.9783 0.0236
vn -0.0163 -0.9805 0.1959
vn -0.7654 -0.0510 0.6415
vn -0.6895 -0.0470 0.7227
vn -0.7843 -0.0610 0.6174
vn -0.3240 0.9112 0.2545
vn 0.1501 0.2544 -0.9554
vn 0.0535 0.2283 -0.9721
vn 0.0440 0.2420 -0.9693
vn 0.0065 0.9963 0.0853
vn 0.1615 0.2739 -0.9481
vn 0.8469 0.5227 -0.0981
vn 0.1379 -0.9747 -0.1759
vn 0.0284 -0.9974 -0.0666
vn 0.0691 -0.9942 -0.0826
vn 0.9954 -0.0940 0.0206
vn 0.9964 -0.0491 0.0692
vn 0.9960 -0.0788 0.0419
vn 0.0526 0.0074 0.9986
vn 0.0035 0.0607 0.9981
vn 0.0101 0.0535 0.9985
vn -0.0419 0.1096 0.9931
vn 0.0101 0.0536 0.9985
vn 0.1613 -0.0153 -0.9868
vn -0.0015 -1.0000 -0.0079
vn 0.0690 -0.9942 -0.0826
vn -0.6895 -0.0470 0.7228
vn -0.7654 -0.0510 0.6416
vn -0.6788 -0.0444 0.7330
vn 0.0363 0.0992 -0.9944
vn -0.0013 -0.6493 -0.7605
vn -0.0006 -0.9989 0.0479
vn 0.1233 -0.9855 0.1166
vn 0.0572 -0.9984 0.0043
vn 0.3165 -0.9456 0.0747
vn -0.0935 0.9939 0.0590
vn 0.0209 0.0468 0.9987
vn -0.0005 -0.9988 0.0480
vn 0.3763 0.7516 0.5418
vn -0.0636 -0.0874 -0.9941
vn -0.0478 0.0007 -0.9989
vn -0.1230 0.0013 -0.9924
vn -0.1167 -0.0006 -0.9932
vn 0.7469 0.1093 -0.6558
vn 0.0183 0.6277 0.7783
vn 0.0192 0.6235 0.7816
vn 0.9953 -0.0964 0.0101
vn 0.6116 -0.1509 -0.7767
vn -0.0808 -0.0324 -0.9962
vn -0.0477 0.0007 -0.9989
vn -0.1166 -0.0006 -0.9932
vn 0.0232 0.0412 -0.9989
vn -0.6507 -0.0742 0.7557
vn 0.0167 0.9980 0.0604
vn 0.0301 0.9327 0.3593
vn -0.1102 -0.1641 -0.9803
vn -0.9899 -0.0463 0.1337
vn -0.9989 0.0249 0.0386
vn -0.9918 -0.0040 -0.1277
vn 0.9902 -0.1393 0.0095
vn -0.1233 -0.8574 0.4998
vn -0.0576 -0.8583 0.5100
vn -0.0175 -0.8624 0.5059
vn -0.1498 -0.6568 0.7391
vn -0.4334 0.9008 -0.0278
vn -0.0653 0.3191 -0.9455
vn -0.0854 -0.9889 0.1214
vn -0.0540 -0.9963 0.0663
vn -0.0006 -0.9988 0.0479
vn -0.0103 -0.8461 0.5329
vn 0.0327 -0.8460 0.5322
vn 0.0423 -0.8380 0.5440
vn 0.0303 0.7064 -0.7072
vn 0.5768 0.7688 -0.2763
vn 0.8945 0.4451 -0.0414
vn 0.5528 0.8282 -0.0923
vn 0.4578 0.8871 -0.0598
vn 0.4792 0.8751 -0.0670
vn 0.4008 0.9127 -0.0800
vn 0.5658 0.8188 -0.0969
vn 0.4254 0.0784 -0.9016
vn -0.0350 -0.0880 0.9955
vn 0.0714 0.0714 -0.9949
vn 0.0739 0.9454 -0.3174
vn 0.2628 -0.0136 -0.9647
vn 0.2573 -0.0118 -0.9663
vn 0.2269 -0.0022 -0.9739
vn -0.9989 0.0249 0.0385
vn -0.9939 0.0276 -0.1065
vn -0.9322 -0.3291 0.1506
vn 0.0107 -0.8552 0.5183
vn -0.0075 -0.8511 0.5249
vn -0.7810 -0.6235 -0.0347
vn 0.2376 0.8855 0.3994
vn 0.2220 0.8997 0.3757
vn 0.2278 0.8946 0.3845
vn 0.9991 -0.0356 0.0250
vn 0.0580 0.9968 0.0541
vn 0.0166 0.9980 0.0603
vn 0.2215 -0.0005 -0.9751
vn 0.2268 -0.0022 -0.9739
vn -0.1529 -0.9699 0.1894
vn -0.7501 0.6601 0.0404
vn -0.5437 0.8390 -0.0230
vn 0.4815 0.8764 0.0047
vn 0.4387 0.8986 0.0065
vn 0.4791 0.8778 0.0048
vn 0.9334 0.3518 0.0711
vn 0.9092 0.4031 0.1037
vn 0.9402 0.3332 0.0709
vn 0.1887 0.9661 -0.1764
vn 0.4826 0.8758 0.0046
vn 0.4936 0.7146 -0.4957
vn -0.9647 -0.0087 -0.2631
vn 0.2376 0.8854 0.3994
vn 0.2278 0.8946 0.3844
vn 0.2464 0.8769 0.4126
vn -0.6849 0.7286 0.0033
vn -0.7317 0.6801 0.0443
vn -0.7227 0.6902 0.0361
vn -0.9210 0.3890 0.0208
vn 0.0042 0.5536 0.8328
vn -0.0058 0.5690 0.8223
vn 0.0304 0.5122 0.8584
vn -0.0127 0.9841 0.1774
vn -0.0729 0.3621 -0.9293
vn 0.0439 0.2421 -0.9693
vn 0.5653 0.3662 -0.7392
vn 0.5008 0.3841 -0.7757
vn 0.5277 0.3664 -0.7663
vn -0.2108 0.0005 -0.9775
vn 0.5755 -0.0268 0.8174
vn 0.9989 -0.0472 -0.0016
vn 0.9967 -0.0807 0.0028
vn 0.1545 -0.0610 0.9861
vn 0.2043 -0.1028 0.9735
vn 0.1376 -0.0468 0.9894
vn 0.9833 0.1819 0.0042
vn 0.9836 0.1801 0.0039
vn 0.9877 0.1562 -0.0002
vn -0.9137 0.0367 -0.4047
vn -0.9222 0.0332 -0.3852
vn 0.8082 0.5678 0.1563
vn -0.8344 0.3381 0.4353
vn -0.0410 0.6742 -0.7374
vn -0.0346 -0.0529 0.9980
vn 0.9402 0.3331 0.0709
vn 0.9488 0.3109 0.0559
vn -0.0821 0.9965 0.0123
vn -0.0366 0.9988 0.0315
vn -0.0161 0.9991 0.0401
vn -0.5816 0.8018 0.1372
vn -0.5724 0.8151 0.0895
vn -0.5793 0.8056 0.1245
vn -0.7143 0.6849 -0.1436
vn 0.8853 -0.1513 0.4396
vn -0.0132 0.5803 0.8143
vn -0.0103 0.9695 -0.2449
vn 0.9510 0.3017 0.0679
vn 0.1426 0.1923 -0.9709
vn -0.9905 0.0969 0.0973
vn -0.9305 0.0366 0.3643
vn -0.8385 0.5393 -0.0775
vn -0.8849 0.0150 0.4656
vn -0.9222 -0.0317 0.3855
vn -0.9139 -0.0307 0.4048
vn -0.5816 0.8018 0.1373
vn -0.5874 0.7909 0.1716
vn -0.0123 0.9243 -0.3815
vn 0.9712 0.2360 -0.0331
vn -0.0383 0.9991 -0.0154
vn 0.0573 0.9939 -0.0939
vn -0.1442 0.9888 0.0396
vn -0.0072 0.9502 -0.3117
vn 0.1544 -0.0609 0.9861
vn 0.0718 0.0079 0.9974
vn -0.0013 -1.0000 0.0018
vn -0.0004 -1.0000 0.0023
vn 0.0023 -1.0000 0.0002
vn -0.6788 0.7343 -0.0018
vn 0.2826 0.9405 0.1887
vn -0.4112 0.2657 0.8720
vn 0.5224 0.3427 -0.7808
vn 0.4995 0.3630 -0.7866
vn 0.9911 -0.1300 -0.0284
vn 0.9522 0.3033 -0.0373
vn 0.9475 0.3178 -0.0354
vn 0.9482 0.3157 -0.0357
vn 0.5008 0.3842 -0.7757
vn -0.8814 -0.0024 0.4723
vn -0.7532 0.3854 0.5331
vn 0.4881 0.4104 0.7703
vn -0.0383 0.9991 -0.0153
vn -0.1443 0.9887 0.0396
vn -0.2183 0.9754 0.0290
vn -0.1264 0.9744 -0.1857
vn -0.0880 0.9838 -0.1562
vn -0.1327 0.9727 -0.1905
vn 0.9975 -0.0691 -0.0122
vn 0.1763 0.2476 -0.9527
vn 0.0306 0.7994 0.6000
vn -0.9992 0.0065 -0.0394
vn -0.9978 0.0439 -0.0498
vn -0.9979 0.0494 -0.0407
vn 0.0392 0.8975 -0.4392
vn -0.0797 -0.2950 0.9522
vn 0.5073 -0.8617 -0.0123
vn 0.9979 0.0652 0.0025
vn 0.9952 0.0975 0.0015
vn 0.9837 0.1800 0.0039
vn -0.0786 0.9966 0.0237
vn 0.0281 0.0578 0.9979
vn 0.1190 0.9884 0.0945
vn 0.0247 0.9991 0.0349
vn 0.0737 0.9951 0.0659
vn -0.0291 0.9996 0.0009
vn -0.9990 -0.0285 -0.0346
vn 0.4899 -0.3358 -0.8045
vn -0.0943 0.9955 0.0072
vn -0.2660 -0.7422 -0.6152
vn -0.3921 0.8034 0.4481
vn 0.2558 -0.0414 0.9658
vn -0.1969 0.9747 0.1054
vn -0.3107 0.9494 0.0455
vn -0.9980 -0.0467 -0.0418
vn -0.9982 -0.0202 -0.0567
vn 0.1140 0.9112 -0.3958
vn 0.2141 0.9768 0.0046
vn 0.3001 0.9537 -0.0183
vn 0.2913 0.9565 -0.0159
vn -0.8896 -0.2276 0.3959
vn -0.8354 0.0105 0.5495
vn 0.0024 -1.0000 -0.0027
vn 0.0120 -0.9999 -0.0004
vn -0.9635 0.2678 -0.0007
vn 0.1833 0.7827 -0.5948
vn -0.1969 0.0829 0.9769
vn 0.9938 -0.1101 -0.0171
vn 0.0184 0.9810 -0.1930
vn -0.0020 0.9560 -0.2933
vn 0.0279 0.9959 -0.0857
vn 0.6901 -0.0729 0.7200
vn 0.6631 -0.0506 0.7468
vn 0.6558 -0.0197 0.7546
vn 0.1120 0.9892 -0.0942
vn -0.1730 0.9597 -0.2214
vn -0.0211 0.9965 -0.0804
vn 0.0298 0.9982 -0.0527
vn -0.0114 0.9506 -0.3102
vn -0.3627 0.8846 -0.2932
vn -0.3350 0.8922 -0.3028
vn -0.3552 0.8867 -0.2958
vn 0.3621 0.5920 0.7200
vn -0.0537 0.1609 -0.9855
vn -0.1214 0.1131 -0.9861
vn -0.0783 0.1437 -0.9865
vn -0.2639 0.8094 -0.5246
vn 0.9525 0.3023 -0.0375
vn 0.9521 0.3034 -0.0373
vn -0.4250 0.8640 -0.2700
vn 0.0049 0.2013 -0.9795
vn -0.0537 0.1610 -0.9855
vn -0.0782 0.1438 -0.9865
vn 0.5747 -0.0467 0.8170
vn 0.6403 -0.0814 0.7638
vn -0.6049 -0.1790 0.7759
vn 0.2264 0.9230 -0.3111
vn 0.2970 0.9041 -0.3071
vn 0.2599 0.9147 -0.3094
vn -0.8613 0.0562 0.5049
vn 0.2073 0.9780 0.0247
vn 0.2084 0.9777 0.0250
vn 0.1191 0.9921 -0.0395
vn 0.0364 0.9635 -0.2653
vn 0.0660 0.9564 -0.2847
vn 0.0340 0.9640 -0.2637
vn -0.0465 -0.7194 0.6930
vn -0.0124 -0.7934 0.6085
vn -0.0265 0.9559 -0.2925
vn 0.5033 0.5911 -0.6303
vn 0.3315 0.8930 -0.3045
vn 0.2971 0.9041 -0.3071
vn -0.9972 -0.0584 -0.0471
vn -0.9230 0.3816 -0.0488
vn 0.0903 -0.5715 -0.8156
vn 0.0840 0.7076 -0.7016
vn -0.6917 -0.7113 0.1253
vn 0.0690 -0.9297 0.3618
vn 0.5740 0.3499 -0.7404
vn 0.1586 0.0041 0.9873
vn 0.0080 -0.8313 0.5558
vn -0.1319 -0.0165 0.9911
vn -0.0950 0.0040 0.9955
vn -0.0515 0.0280 0.9983
vn -0.0485 0.9986 0.0222
vn -0.0001 0.9990 0.0456
vn -0.0796 0.9968 0.0116
vn -0.3083 0.9329 -0.1859
vn -0.2796 0.7287 -0.6252
vn 0.3668 0.8287 -0.4227
vn 0.9745 0.2130 0.0712
vn 0.1890 -0.6135 0.7668
vn -0.7470 -0.1815 -0.6396
vn 0.0833 0.9960 -0.0320
vn 0.0711 0.9975 0.0039
vn 0.0538 0.9949 -0.0853
vn -0.9940 -0.1078 -0.0178
vn 0.0293 0.6231 0.7816
vn 0.0007 -0.9999 0.0131
vn -0.0033 -1.0000 0.0024
vn -0.0105 0.9977 -0.0669
vn -0.1115 0.9843 -0.1371
vn -0.0505 0.9942 -0.0948
vn -0.1257 0.7525 0.6465
vn 0.4000 -0.9072 -0.1304
vn 0.3849 -0.9135 -0.1320
vn 0.3115 -0.9400 -0.1395
vn 0.3166 0.4622 0.8283
vn -0.9412 0.1562 0.2996
vn 0.2132 0.9428 0.2561
vn 0.0082 0.9691 -0.2466
vn -0.0168 0.0470 0.9988
vn -0.2744 0.9559 -0.1052
vn -0.3174 0.9423 -0.1066
vn -0.1099 0.9891 -0.0980
vn 0.0834 0.9960 -0.0320
vn 0.1004 0.9844 -0.1443
vn -0.0378 0.9451 -0.3246
vn -0.0908 0.1948 -0.9766
vn 0.0278 0.9473 -0.3193
vn 0.1144 -0.7769 0.6192
vn -0.5841 0.8086 0.0712
vn -0.1163 0.8644 -0.4891
vn 0.1553 -0.6865 0.7104
vn 0.9989 -0.0459 -0.0129
vn 0.0652 0.9978 -0.0138
vn 0.1086 0.6960 -0.7098
vn 0.5080 -0.8534 -0.1170
vn 0.4015 0.6680 0.6266
vn 0.1341 0.9897 0.0492
vn 0.8593 0.2852 0.4245
vn 0.3669 0.9273 -0.0736
vn 0.9920 -0.1262 -0.0079
vn 0.7145 0.6351 0.2936
vn -0.2743 0.9559 -0.1052
vn -0.1098 0.9891 -0.0980
vn -0.0836 0.9918 -0.0966
vn 0.2810 0.9593 -0.0279
vn -0.0177 0.9399 -0.3409
vn 0.8253 0.3799 0.4178
vn 0.3713 0.9284 -0.0158
vn 0.7640 -0.5230 0.3778
vn 0.0728 0.0693 -0.9949
vn 0.3402 -0.0331 -0.9398
vn -0.5299 0.6370 -0.5599
vn 0.7623 0.0999 -0.6395
vn 0.4261 0.0765 0.9014
vn -0.5183 -0.0998 0.8493
vn -0.4961 -0.1370 0.8574
vn -0.5061 -0.1205 0.8540
vn 0.0091 -0.1625 -0.9867
vn 0.0185 -0.0799 -0.9966
vn 0.0179 -0.0857 -0.9962
vn 0.8905 0.1908 -0.4130
vn 0.1400 -0.0771 0.9871
vn 0.9972 0.0359 -0.0654
vn 0.9986 0.0449 -0.0279
vn 0.2946 0.9553 -0.0227
vn 0.9984 -0.0517 0.0248
vn -0.7332 -0.6662 0.1363
vn -0.0524 0.5838 -0.8102
vn -0.1118 0.9155 -0.3864
vn -0.0858 0.9210 -0.3799
vn -0.1498 0.9062 -0.3954
vn 0.1125 0.4463 -0.8878
vn 0.9093 0.2115 -0.3584
vn -0.2685 0.9099 0.3163
vn -0.9954 0.0525 -0.0798
vn -0.9937 0.0408 -0.1041
vn -0.9845 0.0065 -0.1751
vn -0.9741 -0.0181 -0.2253
vn -0.2198 -0.4818 -0.8483
vn 0.2892 -0.9572 0.0130
vn 0.9988 -0.0433 -0.0232
vn 0.5860 -0.8103 0.0024
vn -0.1525 0.8360 0.5271
vn -0.0703 -0.2286 -0.9710
vn 0.6206 0.2147 -0.7542
vn 0.3810 -0.6601 -0.6474
vn 0.6510 0.4850 -0.5840
vn -0.6029 0.7337 0.3133
vn -0.6511 0.6681 0.3600
vn -0.6654 0.6749 0.3191
vn -0.0767 0.0041 -0.9970
vn -0.6856 0.7264 0.0480
vn -0.9983 -0.0565 0.0135
vn -0.9990 -0.0338 0.0297
vn -0.9984 -0.0428 0.0377
vn 0.3287 0.0030 -0.9444
vn 0.4179 0.0084 -0.9085
vn 0.3466 0.0078 -0.9380
vn 0.4776 0.0201 -0.8784
vn 0.2980 -0.0458 0.9535
vn 0.0068 0.9994 -0.0349
vn 0.9186 -0.3406 -0.2006
vn 0.0091 0.0517 -0.9986
vn 0.0295 0.0207 -0.9994
vn -0.0152 0.0718 -0.9973
vn -0.0992 0.0821 -0.9917
vn -0.6927 0.7203 0.0370
vn -0.6862 0.7263 0.0398
vn -0.6135 0.7866 0.0697
vn 0.9985 -0.0437 -0.0336
vn 0.9958 -0.0768 -0.0506
vn 0.9710 -0.2387 0.0085
vn 0.9723 -0.2337 0.0037
vn 0.9698 -0.2438 -0.0025
vn -0.0608 -0.9981 0.0110
vn 0.9685 0.2480 0.0240
vn 0.9748 0.2230 0.0024
vn 0.9919 0.0711 0.1051
vn 0.9996 0.0242 0.0172
vn 0.0132 -0.5179 0.8553
vn -0.8408 0.5399 0.0391
vn -0.8241 0.5628 0.0643
vn -0.8810 0.4730 -0.0129
vn 0.0354 0.9939 0.1047
vn 0.0468 0.9894 0.1374
vn 0.1410 0.9869 0.0780
vn -0.4563 -0.8422 0.2874
vn 0.7427 0.6671 -0.0577
vn -0.7779 0.6284 -0.0033
vn 0.1597 -0.0953 0.9826
vn 0.9941 0.0806 0.0729
vn 0.3882 0.9204 -0.0463
vn 0.9989 0.0460 -0.0107
vn 0.6128 0.7901 0.0115
vn 0.5960 0.8029 -0.0157
vn 0.6438 0.7620 -0.0699
vn 0.3021 0.9473 -0.1063
vn 0.4798 -0.2928 -0.8271
vn -0.1086 0.8419 0.5286
vn -0.3703 0.9287 0.0171
vn -0.3792 0.9251 0.0199
vn -0.4170 0.9089 -0.0067
vn 0.8704 0.1532 -0.4678
vn 0.6489 0.7566 0.0807
vn 0.9987 -0.0414 0.0293
vn -0.0446 0.9981 -0.0415
vn 0.0428 0.9981 -0.0436
vn 0.9179 0.3300 0.2204
vn -0.8314 0.5477 -0.0942
vn 0.0270 0.4675 -0.8836
vn -0.0316 0.3311 -0.9431
vn -0.0141 0.3948 -0.9187
vn 0.0053 0.0198 -0.9998
vn -0.8801 0.4444 0.1670
vn 0.8205 -0.1187 0.5592
vn 0.0119 0.9997 0.0193
vn 0.0166 0.9997 0.0205
vn -0.0015 0.9999 0.0132
vn -0.9963 0.0847 0.0126
vn -0.0017 -1.0000 -0.0007
vn -0.4840 -0.1564 0.8610
vn 0.9046 0.4249 0.0355
vn 0.8720 0.4887 -0.0279
vn 0.9335 0.3577 0.0259
vn 0.9723 -0.2336 0.0037
vn 0.9971 -0.0726 0.0212
vn 0.6383 0.7692 -0.0286
vn 0.0939 0.6053 -0.7905
vn 0.0091 0.7934 -0.6087
vn 0.0330 0.9994 0.0053
vn 0.4188 0.8053 -0.4196
vn 0.7689 0.6331 -0.0890
vn -0.0518 0.9272 -0.3710
vn -0.8756 0.3862 0.2903
vn 0.0019 -0.9999 -0.0137
vn -0.0884 0.9960 0.0087
vn -0.0971 0.9947 0.0327
vn -0.0907 0.9958 0.0149
vn -0.5421 0.8363 -0.0820
vn 0.0262 -0.9995 0.0158
vn 0.0457 -0.9988 0.0193
vn 0.9306 0.3650 0.0269
vn 0.0178 0.3750 0.9269
vn 0.0156 0.3710 0.9285
vn 0.0169 0.3733 0.9275
vn -0.7777 -0.2034 0.5948
vn 0.8733 0.4864 -0.0281
vn 0.8725 0.4878 -0.0290
vn 0.8729 0.4870 -0.0285
vn 0.8720 0.4886 -0.0295
vn -0.0221 0.9414 0.3367
vn 0.0163 0.9947 -0.1013
vn 0.1457 -0.6794 0.7192
vn 0.1577 -0.6848 0.7115
vn 0.0606 -0.6368 0.7686
vn -0.5958 0.7454 0.2991
vn -0.0433 0.9978 -0.0504
vn 0.9578 0.2869 -0.0152
vn 0.9750 0.2121 -0.0666
vn 0.1245 0.5182 -0.8461
vn 0.9999 -0.0155 0.0007
vn -0.3583 0.5209 -0.7747
vn 0.2913 0.9565 -0.0160
vn 0.2034 0.9791 0.0074
vn -0.0563 0.9941 -0.0928
vn -0.0343 0.9989 -0.0314
vn -0.7578 0.6524 -0.0131
vn -0.7671 -0.1214 -0.6300
vn -0.7772 -0.1232 -0.6171
vn -0.7846 -0.1245 -0.6073
vn -0.5750 0.7602 0.3023
vn -0.9481 0.3158 0.0371
vn -0.8187 -0.0972 -0.5660
vn -0.7776 -0.0433 -0.6273
vn -0.8098 -0.0848 -0.5806
vn 0.7351 -0.0034 0.6780
vn 0.6211 0.1383 -0.7714
vn 0.6552 0.6293 0.4178
vn 0.6432 -0.1041 0.7586
vn 0.0080 -0.0287 -0.9996
vn 0.4299 0.8830 -0.1884
vn 0.0057 0.9941 -0.1079
vn 0.1458 -0.6794 0.7192
vn 0.2279 -0.7136 0.6624
vn 0.1577 -0.6848 0.7114
vn -0.7305 -0.1149 -0.6732
vn -0.3792 0.9251 0.0200
vn -0.4359 0.8997 0.0214
vn -0.0076 -1.0000 -0.0011
vn 0.4408 0.8976 0.0080
vn 0.9406 0.1675 -0.2953
vn 0.9233 -0.1540 -0.3519
vn 0.0063 0.1671 0.9859
vn -0.3134 0.7280 -0.6097
vn -0.2547 0.7554 -0.6038
vn -0.3642 0.7013 -0.6128
vn -0.0819 0.0325 -0.9961
vn -0.1888 0.8315 -0.5224
vn -0.8473 -0.3092 -0.4319
vn 0.2210 0.9147 -0.3384
vn 0.2056 0.9183 -0.3382
vn 0.1810 0.9301 -0.3197
vn -0.9975 -0.0682 0.0200
vn -0.9999 0.0089 0.0105
vn -0.7657 -0.0290 -0.6425
vn 0.3242 0.0198 -0.9458
vn 0.8992 0.4121 0.1471
vn 0.9288 0.3650 0.0640
vn 0.4382 -0.0333 -0.8982
vn 0.5497 0.0293 -0.8349
vn 0.5765 0.0453 -0.8159
vn -0.9756 0.2190 -0.0176
vn 0.6037 -0.1323 -0.7861
vn 0.1865 -0.9821 0.0251
vn 0.9894 -0.1281 0.0685
vn 0.0577 0.9982 -0.0176
vn -0.0574 0.9928 -0.1054
vn -0.8512 -0.3249 -0.4121
vn 0.0316 0.0214 -0.9993
vn 0.0037 -0.0162 -0.9999
vn 0.2263 0.8393 -0.4943
vn 0.7257 0.0643 -0.6850
vn -0.9706 0.2408 0.0029
vn -0.9788 0.2047 0.0040
vn 0.3547 0.6362 -0.6851
vn 0.3098 0.3036 -0.9010
vn 0.4058 0.4569 -0.7916
vn 0.3964 0.4414 -0.8050
vn 0.0140 0.3680 0.9297
vn -0.9550 0.2967 -0.0042
vn 0.3513 0.9157 -0.1950
vn 0.3737 0.9065 -0.1963
vn 0.2732 0.9432 -0.1893
vn 0.1880 0.5271 -0.8288
vn 0.1413 0.9804 0.1371
vn 0.8917 0.4519 0.0251
vn 0.8939 0.4476 0.0235
vn 0.8937 0.4480 0.0236
vn -0.9726 0.2317 -0.0170
vn -0.1793 -0.0532 0.9824
vn 0.9987 -0.0203 0.0459
vn 0.9987 -0.0414 0.0294
vn -0.0337 0.2771 -0.9603
vn -0.0634 0.3206 -0.9451
vn -0.9729 0.2313 0.0084
vn 0.8586 -0.1410 0.4930
vn 0.5145 -0.8574 0.0097
vn 0.4904 -0.8687 -0.0701
vn 0.4520 -0.8740 -0.1782
vn 0.4434 -0.8737 -0.2000
vn 0.2415 0.9523 -0.1867
vn 0.3512 0.9158 -0.1950
vn 0.2731 0.9432 -0.1893
vn 0.2350 0.9155 -0.3265
vn -0.6880 0.6583 0.3054
vn 0.9990 0.0397 0.0198
vn 0.4591 -0.8884 0.0045
vn 0.9998 -0.0214 -0.0053
vn 0.0121 0.9970 0.0761
vn 0.3120 0.7876 0.5314
vn 0.0153 0.9981 -0.0595
vn 0.0284 0.9985 -0.0468
vn 0.0145 0.9981 -0.0602
vn -0.2128 -0.8830 0.4183
vn -0.7592 0.6497 0.0396
vn 0.9509 -0.0268 -0.3083
vn 0.0417 -0.9930 0.1106
vn 0.8126 -0.2066 0.5449
vn 0.9981 -0.0565 0.0239
vn 0.9951 0.0737 -0.0654
vn 0.7928 -0.1327 0.5948
vn -0.0813 0.9966 -0.0107
vn 0.2983 0.2858 -0.9107
vn 0.6782 0.7188 -0.1527
vn -0.0867 0.9961 -0.0146
vn -0.0077 0.9884 -0.1514
vn -0.0633 0.9909 -0.1190
vn 0.0167 0.9994 0.0288
vn 0.0184 0.9996 0.0232
vn -0.0011 0.9945 0.1050
vn 0.1762 0.9341 -0.3104
vn 0.9070 0.4211 -0.0104
vn 0.0003 -0.0509 -0.9987
vn 0.8390 0.5291 -0.1270
vn 0.8534 0.4845 -0.1923
vn 0.8295 0.5507 -0.0930
vn -0.2953 -0.0260 0.9550
vn 0.9830 -0.1695 0.0701
vn 0.9641 -0.2223 0.1450
vn 0.9795 -0.1817 0.0873
vn 0.0814 0.1282 0.9884
vn 0.6304 0.7759 0.0250
vn 0.6141 0.7892 -0.0073
vn 0.6259 0.7798 0.0158
vn 0.9692 0.2303 -0.0873
vn -0.0670 0.9960 -0.0595
vn 0.6219 -0.7219 0.3034
vn -0.9440 0.2879 0.1613
vn -0.3686 0.9279 0.0562
vn 0.7929 -0.6023 0.0922
vn 0.0456 0.0324 0.9984
vn -0.3048 -0.9164 -0.2593
vn -0.4971 -0.8144 0.2995
vn 0.4112 -0.0477 -0.9103
vn 0.1054 0.5190 0.8482
vn 0.1496 0.9886 -0.0166
vn 0.2765 0.7663 0.5800
vn 0.9292 0.3664 -0.0490
vn 0.9277 0.3700 -0.0488
vn 0.9491 0.3149 -0.0085
vn 0.6935 0.6546 0.3008
vn -0.6948 0.0433 0.7179
vn 0.7673 -0.0120 0.6412
vn 0.0159 -0.6275 0.7785
vn -0.5934 -0.0532 0.8031
vn 0.8292 0.5587 0.0193
vn 0.1318 0.1481 -0.9802
vn 0.5970 0.8022 -0.0105
vn 0.4984 0.8665 -0.0270
vn 0.4272 0.9034 -0.0362
vn 0.8360 0.5396 0.1000
vn 0.0055 0.9916 0.1291
vn 0.0135 0.9998 -0.0135
vn -0.1204 0.9923 -0.0293
vn 0.0348 0.9957 -0.0854
vn -0.4259 0.6647 -0.6138
vn -0.3135 0.7280 -0.6097
vn 0.1109 0.9546 -0.2766
vn -0.8212 -0.1201 -0.5578
vn -0.5726 0.5673 -0.5918
vn 0.5402 -0.3590 0.7612
vn -0.2436 0.9244 0.2935
vn 0.1608 0.9869 -0.0114
vn -0.4243 0.9048 -0.0361
vn -0.9999 -0.0107 0.0087
vn -0.9975 -0.0681 0.0200
vn -0.0237 -0.1867 -0.9821
vn -0.0393 -0.0545 -0.9977
vn -0.0157 -0.0493 -0.9987
vn 0.8295 0.5508 -0.0930
vn 0.8082 0.5881 -0.0300
vn 0.5150 -0.8572 -0.0024
vn 0.7786 0.5953 0.1985
vn 0.2077 0.9667 0.1494
vn 0.2488 0.9485 0.1961
vn 0.2145 0.9640 0.1570
vn -0.0200 0.7998 0.5999
vn 0.2132 0.8742 0.4363
vn 0.1965 0.8601 0.4708
vn 0.2324 0.8889 0.3948
vn -0.0138 0.0633 0.9979
vn 0.0190 0.2180 0.9758
vn 0.0117 0.1570 0.9875
vn 0.0117 0.0636 0.9979
vn 0.9937 -0.0120 -0.1112
vn 0.5911 0.8064 0.0180
vn 0.6397 0.7673 0.0443
vn 0.7629 0.6434 0.0636
vn 0.7650 0.5613 -0.3158
vn 0.0003 0.9973 -0.0739
vn 0.2036 0.1451 -0.9682
vn 0.0441 0.5022 -0.8636
vn 0.0037 -0.0044 -1.0000
vn -0.0696 0.9970 0.0353
vn -0.1410 0.9871 -0.0755
vn -0.6149 -0.3413 0.7109
vn -0.5610 -0.0392 0.8269
vn 0.0556 0.9568 0.2853
vn 0.2173 0.9248 0.3124
vn 0.1553 0.9376 0.3110
vn 0.9690 0.2463 -0.0199
vn 0.9952 0.0860 -0.0471
vn 0.9874 0.1574 0.0144
vn 0.9905 0.1145 0.0762
vn 0.9928 0.0937 0.0743
vn 0.9468 -0.3208 -0.0261
vn 0.9722 -0.2305 0.0422
vn 0.9616 -0.2485 -0.1162
vn -0.1727 0.9685 0.1793
vn 0.9848 0.1709 0.0316
vn 0.7721 -0.1387 0.6202
vn 0.9983 0.0447 0.0383
vn -0.8662 0.2293 0.4440
vn 0.1884 0.0530 0.9807
vn 0.9765 -0.1376 -0.1659
vn 0.9857 -0.1352 -0.1010
vn 0.9872 -0.1426 -0.0717
vn 0.5845 0.8103 0.0426
vn 0.6200 0.7846 0.0007
vn 0.5528 0.8307 0.0659
vn 0.4452 0.8912 0.0867
vn 0.4431 0.8935 0.0726
vn 0.0795 -0.0124 0.9968
vn 0.1702 -0.0538 0.9839
vn 0.0829 -0.0140 0.9965
vn 0.9847 0.1164 0.1299
vn 0.2161 0.9294 0.2993
vn -0.1871 0.9714 0.1459
vn -0.1589 0.9660 0.2040
vn -0.1548 0.9648 0.2124
vn 0.5929 0.8040 0.0451
vn -0.4613 0.1704 0.8707
vn -0.2015 0.3342 -0.9207
vn -0.1756 0.2991 -0.9379
vn -0.2074 0.3423 -0.9164
vn -0.8992 -0.0496 -0.4348
vn -0.2412 0.3880 -0.8896
vn 0.9890 0.1465 0.0196
vn 0.9544 0.2977 -0.0223
vn 0.3951 0.1538 -0.9057
vn 0.1750 0.9781 0.1125
vn 0.2736 0.4161 -0.8672
vn -0.9944 0.0013 0.1054
vn -0.9917 0.0060 0.1285
vn -0.9932 0.0082 0.1163
vn 0.0071 0.0173 0.9998
vn 0.0847 -0.9964 -0.0056
vn 0.0831 -0.9965 -0.0052
vn 0.0851 -0.9964 -0.0055
vn 0.0379 -0.9993 0.0032
vn 0.0834 -0.9965 -0.0053
vn 0.1190 0.4299 -0.8950
vn 0.1185 0.4521 -0.8840
vn 0.0883 0.4402 -0.8936
vn 0.6666 0.7446 0.0347
vn 0.6866 0.7255 0.0470
vn 0.5746 0.8183 -0.0182
vn 0.9537 -0.2943 0.0613
vn 0.0051 0.6454 -0.7638
vn -0.0085 0.7579 -0.6523
vn -0.0093 0.7642 -0.6449
vn -0.0333 0.9989 0.0316
vn -0.1497 0.9711 -0.1860
vn -0.0999 0.9705 -0.2193
vn -0.1176 0.9711 -0.2076
vn -0.1033 0.9443 0.3125
vn -0.1548 0.9648 0.2125
vn -0.1589 0.9660 0.2041
vn 0.1879 0.8142 0.5493
vn -0.8058 0.5894 -0.0582
vn 0.2432 0.9698 -0.0154
vn 0.2449 0.9694 0.0153
vn 0.1512 0.9877 0.0387
vn -0.2227 0.9646 0.1413
vn 0.3737 0.0540 0.9260
vn 0.3077 0.0833 0.9478
vn 0.4684 0.0095 0.8834
vn 0.0113 -0.9999 0.0032
vn -0.0074 -1.0000 0.0016
vn -0.0120 -0.9999 0.0010
vn 0.0709 0.4225 -0.9036
vn 0.0931 0.4259 -0.9000
vn 0.2194 0.2037 -0.9541
vn -0.0226 0.9848 0.1720
vn 0.0121 0.9970 0.0762
vn 0.0054 0.9916 0.1291
vn -0.0923 0.9953 0.0302
vn -0.4055 0.9133 0.0374
vn -0.0393 -0.0544 -0.9977
vn -0.0032 0.0238 -0.9997
vn -0.0157 -0.0492 -0.9987
vn -0.0297 0.0740 -0.9968
vn -0.1004 0.1242 -0.9872
vn 0.4521 -0.8919 -0.0118
vn 0.2926 0.9562 -0.0050
vn 0.2450 0.9694 0.0153
vn 0.2433 0.9698 -0.0154
vn 0.9716 0.0648 0.2276
vn 0.9722 -0.2304 0.0422
vn 0.9861 -0.1600 -0.0443
vn 0.2473 0.8993 0.3608
vn -0.9968 -0.0088 0.0790
vn -0.2170 0.9685 0.1222
vn -0.0403 0.9992 0.0064
vn -0.0890 0.9960 0.0023
vn 0.1253 0.9920 -0.0164
vn 0.1771 0.0467 0.9831
vn 0.1518 0.0776 0.9854
vn 0.1885 0.0531 0.9806
vn -0.1601 0.2085 -0.9648
vn -0.1844 0.2688 -0.9454
vn -0.1418 0.1635 -0.9763
vn 0.9906 -0.1350 0.0217
vn -0.4876 0.0310 0.8725
vn 0.7380 0.1004 -0.6673
vn -0.1874 0.9803 -0.0626
vn 0.0781 0.7074 -0.7025
vn 0.0751 0.7108 -0.6993
vn 0.0714 0.7151 -0.6954
vn 0.1618 0.8311 0.5320
vn -0.0666 0.9973 0.0317
vn -0.0144 0.9998 -0.0141
vn -0.0824 -0.7785 0.6222
vn -0.2931 0.0976 0.9511
vn 0.1336 0.1355 0.9817
vn 0.9963 -0.0236 -0.0825
vn 0.2078 -0.0066 0.9782
vn 0.1939 0.0039 0.9810
vn 0.5331 0.1435 -0.8338
vn -0.0179 0.2346 -0.9719
vn 0.4870 0.6449 -0.5891
vn 0.5880 0.5961 -0.5467
vn 0.5705 0.6055 -0.5548
vn 0.0052 -0.0032 1.0000
vn 0.0472 -0.0206 0.9987
vn 0.0819 -0.0349 0.9960
vn -0.9999 0.0041 0.0133
vn -0.0319 0.0338 0.9989
vn 0.0117 0.1569 0.9875
vn -0.0592 0.0306 0.9978
vn 0.9710 0.2382 -0.0186
vn 0.1961 0.4174 0.8873
vn 0.6359 0.7350 0.2353
vn -0.0910 0.3643 -0.9268
vn -0.0407 0.4251 -0.9043
vn -0.0634 0.3981 -0.9152
vn 0.0817 0.7032 -0.7063
vn -0.0283 0.9868 0.1592
vn 0.9544 0.2978 -0.0223
vn 0.3822 -0.9102 -0.1596
vn 0.1064 0.1237 -0.9866
vn 0.1168 0.0982 -0.9883
vn 0.1228 0.0835 -0.9889
vn -1.0000 -0.0039 0.0057
vn -0.9988 0.0030 0.0498
vn 0.0154 0.9987 -0.0483
vn 0.0204 0.9993 -0.0307
vn 0.7468 0.0429 0.6637
vn 0.9971 0.0665 0.0375
vn 0.9982 0.0435 0.0422
vn 0.9976 0.0578 0.0393
vn 0.9959 0.0835 0.0341
vn -0.1387 -0.4197 0.8970
vn 0.0031 -0.1410 0.9900
vn 0.6991 0.7117 -0.0690
vn 0.6941 0.7128 -0.1006
vn 0.6810 0.7148 -0.1591
vn -0.0050 1.0000 0.0046
vn 0.0311 0.9967 0.0749
vn -0.0103 0.9979 -0.0641
vn -0.0273 0.9986 0.0446
vn -0.0058 0.9928 -0.1200
vn 0.9908 0.0946 0.0972
vn 0.9663 -0.2402 0.0921
vn 0.0310 -0.9994 0.0145
vn -0.9998 -0.0135 0.0112
vn -0.9889 0.1465 0.0251
vn -0.9878 0.1534 0.0255
vn 0.1452 0.9892 -0.0188
vn 0.4372 0.8960 0.0780
vn 0.9936 0.0364 0.1069
vn 0.5526 0.8333 -0.0167
vn 0.5994 0.7997 -0.0352
vn 0.6913 0.7188 -0.0739
vn 0.9336 0.0562 0.3540
vn 0.5287 0.8451 0.0800
vn 0.5363 0.8432 -0.0386
vn 0.6665 0.7447 0.0347
vn 0.5745 0.8183 -0.0182
vn -0.0898 0.9954 0.0324
vn -0.0868 0.9956 0.0349
vn -0.0939 0.9952 0.0289
vn 0.9071 -0.0365 0.4193
vn -0.1119 0.3381 -0.9344
vn 0.0130 0.0034 -0.9999
vn 0.5783 -0.0070 -0.8158
vn 0.2692 -0.0369 -0.9624
vn 0.2618 -0.0378 -0.9644
vn 0.3345 -0.0279 -0.9420
vn 0.9665 -0.2429 0.0825
vn 0.9663 -0.2402 0.0922
vn 0.9929 0.1188 0.0059
vn 0.9945 -0.1030 0.0207
vn -0.0111 0.0506 0.9987
vn 0.0314 0.0044 0.9995
vn 0.9992 0.0275 0.0274
vn 0.9731 0.2297 -0.0185
vn 0.9620 0.2726 -0.0144
vn 1.0000 -0.0077 0.0045
vn -0.9984 0.0093 -0.0562
vn -0.0168 0.0211 0.9996
vn -0.0444 0.0396 0.9982
vn -0.9972 0.0143 -0.0730
vn -0.9980 0.0124 0.0618
vn -0.0445 0.0395 0.9982
vn -0.2248 0.0356 0.9737
vn -0.1741 0.0606 0.9829
vn 0.9999 -0.0160 0.0053
vn -0.0282 -0.9996 0.0002
vn -0.0119 -0.9999 0.0010
vn 0.3547 0.9322 0.0714
vn -0.0248 0.9997 0.0019
vn -0.0280 0.9996 0.0012
vn -0.0197 0.9998 0.0013
vn -0.0355 -0.9994 -0.0001
vn 0.0093 0.0391 0.9992
vn -0.9998 0.0218 -0.0045
vn -0.9889 0.1464 0.0251
vn -0.9998 -0.0136 0.0112
vn 0.0017 -1.0000 0.0070
vn 0.0005 -1.0000 0.0007
vn 0.0001 -1.0000 0.0003
vn 0.0548 -0.0360 0.9978
vn -0.0479 0.9988 -0.0080
vn -0.0423 0.9991 -0.0046
vn -0.7837 0.6211 0.0074
vn -0.9959 0.0119 0.0892
vn -0.0379 -0.9993 0.0007
vn -0.9990 -0.0041 -0.0451
vn -0.9969 0.0166 0.0772
vn -0.9989 -0.0052 -0.0458
vn -0.9998 0.0156 0.0157
vn 0.0268 -0.9996 -0.0066
vn 0.0256 0.0605 0.9978
vn -0.1149 -0.0633 0.9914
vn 0.0015 -0.9926 0.1218
vn -0.0353 -0.9994 -0.0004
vn -0.1457 -0.9891 0.0206
vn -0.9930 -0.0519 0.1064
vn 0.0396 -0.9960 0.0806
vn 0.0068 -0.9997 0.0247
vn -0.0145 -0.8361 0.5485
vn -0.9947 -0.0493 0.0903
vn -0.1272 -0.0712 0.9893
vn -0.9994 0.0341 -0.0091
vn 0.0110 -0.9985 0.0527
vn -0.9984 0.0134 -0.0545
vn -0.0420 0.9948 -0.0928
vn -0.1115 0.9931 -0.0375
vn -0.1225 0.9921 -0.0286
vn -0.1971 0.9799 0.0321
vn -0.1595 0.1430 0.9768
vn 0.0488 -0.9940 0.0974
vn 0.4428 -0.8592 0.2563
vn -0.2300 -0.1069 0.9673
vn -0.0737 -0.0016 -0.9973
vn -0.0807 0.0066 -0.9967
vn -0.0782 0.0109 -0.9969
vn 0.0757 0.1118 0.9908
vn -0.0508 0.1287 0.9904
vn -0.0599 0.1909 0.9798
vn 0.6574 0.0395 -0.7525
vn -0.4053 0.8968 -0.1776
vn -0.1028 0.0109 -0.9946
vn 0.9990 0.0427 0.0157
vn 0.9985 0.0545 0.0081
vn 0.9971 0.0757 -0.0055
vn -0.4318 -0.0130 -0.9019
vn 0.5887 -0.0376 0.8075
vn -0.6863 0.7228 0.0803
vn 0.8979 -0.4379 -0.0447
vn 0.9993 0.0247 0.0273
vn -0.2352 0.4397 0.8668
vn 0.0616 -0.1448 0.9875
vn -0.7558 -0.6524 0.0558
vn -0.8514 -0.5245 -0.0015
vn -0.8068 -0.5901 0.0270
vn 0.7034 0.7079 -0.0647
vn 0.6991 0.7116 -0.0690
vn 0.6557 0.7068 -0.2654
vn 0.5754 -0.2676 0.7729
vn 0.4873 -0.8447 0.2214
vn 0.0153 0.9838 -0.1784
vn -0.4278 0.9031 -0.0387
vn 0.9068 0.4134 -0.0823
vn 0.9166 -0.3994 0.0159
vn 0.9400 -0.3263 -0.0994
vn 0.5881 0.5961 -0.5467
vn 0.6614 0.5519 -0.5079
vn 0.5706 0.6055 -0.5548
vn 0.9789 0.2043 -0.0086
vn 0.0421 -0.0087 0.9991
vn -0.7626 0.6317 -0.1394
vn -0.9805 0.0432 -0.1915
vn -0.9817 0.0461 -0.1846
vn -0.9829 0.0492 -0.1773
vn -0.0255 0.9997 0.0020
vn -0.0074 1.0000 0.0038
vn -0.9784 -0.0341 0.2037
vn -0.1970 0.8263 0.5277
vn -0.8760 0.4811 -0.0331
vn 0.6029 0.7191 0.3455
vn 0.0061 0.1665 0.9860
vn 0.0057 0.4186 -0.9082
vn -0.1027 0.9896 0.1009
vn -0.0742 0.3579 -0.9308
vn 0.4053 0.7621 -0.5048
vn -0.8746 0.4682 -0.1257
vn -0.0710 0.9686 -0.2382
vn -0.9962 0.0850 -0.0212
vn 0.1512 0.9877 0.0386
vn 0.2681 0.9616 -0.0591
vn 0.9661 0.2580 -0.0080
vn 0.9325 0.3571 0.0534
vn 0.9772 0.0723 0.1997
vn 0.3480 -0.1163 -0.9303
vn -0.1250 -0.9915 -0.0363
vn 0.0858 0.1707 0.9816
vn 0.0617 0.0680 0.9958
vn 0.0774 0.1347 0.9879
vn -0.0276 0.9935 -0.1103
vn -0.9941 0.0292 0.1046
vn -0.9785 -0.0341 0.2036
vn -0.9786 -0.0269 0.2040
vn -0.9786 -0.0343 0.2029
vn -0.7234 -0.6866 0.0723
vn -0.7558 -0.6525 0.0558
vn -0.8068 -0.5902 0.0271
vn 0.0255 0.9934 0.1119
vn 0.0801 0.9962 -0.0352
vn -0.8651 -0.5006 0.0324
vn -0.9970 -0.0536 -0.0556
vn 0.6104 0.5567 -0.5635
vn 0.5182 -0.0150 0.8552
vn 0.8532 0.5149 0.0835
vn 0.0410 0.5699 0.8207
vn 0.0241 0.9966 0.0786
vn 0.9425 0.0455 0.3310
vn 0.7430 0.6127 0.2693
vn -0.9948 0.0748 0.0688
vn 0.9219 0.1119 0.3709
vn -0.9622 0.2456 0.1179
vn 0.0886 -0.0682 0.9937
vn 0.1263 0.0099 0.9919
vn 0.0502 -0.0577 0.9971
vn 0.2289 0.0278 0.9730
vn 0.5994 0.7996 -0.0352
vn 0.7070 0.7026 -0.0809
vn 0.5662 0.8203 0.0808
vn -0.0653 0.3636 -0.9293
vn 0.6765 -0.0529 0.7346
vn 0.9983 -0.0496 0.0318
vn 0.1343 0.0552 -0.9894
vn 0.1169 0.0982 -0.9883
vn 0.8325 0.1244 -0.5399
vn -0.0624 0.3496 -0.9348
vn 0.9734 0.2245 -0.0458
vn 0.9980 -0.0437 0.0466
vn 0.9970 -0.0677 -0.0383
vn 0.9982 -0.0592 -0.0133
vn 0.9980 -0.0550 -0.0297
vn 0.0548 0.9985 -0.0018
vn 0.0086 0.0095 0.9999
vn 0.0089 0.0100 0.9999
vn 0.0074 0.0074 0.9999
vn 0.9872 -0.1426 -0.0716
vn 0.9929 -0.1170 -0.0190
vn 0.5130 0.8508 0.1138
vn 0.5283 0.8376 0.1391
vn -0.1138 0.0122 -0.9934
vn 0.5350 0.4183 0.7340
vn -0.0779 0.9969 -0.0105
vn -0.0473 0.9987 -0.0201
vn -0.0922 0.9953 0.0301
vn -0.1083 0.7255 0.6797
vn 0.2419 0.1213 -0.9627
vn 0.3387 -0.0273 -0.9405
vn 0.2125 -0.0609 0.9753
vn 0.2077 -0.0066 0.9782
vn -0.1319 0.7310 0.6695
vn -0.8596 0.0091 0.5109
vn 0.9963 -0.0394 -0.0757
vn 0.9963 -0.0491 -0.0707
vn -0.5441 0.8386 -0.0264
vn -0.9241 -0.0269 0.3813
vn -0.9840 0.0520 -0.1704
vn -0.0022 0.9997 0.0229
vn 0.0742 0.4060 -0.9109
vn 0.4166 0.1705 0.8929
vn 0.4270 0.2513 0.8686
vn 0.4253 0.1984 0.8830
vn 0.4253 0.1983 0.8831
vn 0.4361 0.1499 0.8873
vn 0.4261 0.1444 0.8931
vn 0.2914 0.5334 0.7940
vn 0.9416 0.3295 0.0688
vn 0.9146 0.4044 0.0066
vn 0.9070 0.4210 0.0002
vn -0.8815 0.4667 -0.0714
vn -0.8395 0.5431 -0.0139
vn -0.8585 0.5115 -0.0383
vn 0.0153 0.9838 -0.1783
vn 0.0548 0.9982 -0.0228
vn 0.9995 0.0175 0.0272
vn 0.9771 0.2101 -0.0342
vn 0.9992 0.0328 0.0206
vn 0.9086 0.4107 -0.0754
vn 0.9025 0.4257 -0.0648
vn 0.8959 0.4411 -0.0539
vn 0.6727 -0.7387 -0.0426
vn 0.1092 -0.0528 0.9926
vn 0.9590 -0.0165 -0.2828
vn 0.0764 -0.9963 0.0406
vn 0.0260 -0.9996 0.0143
vn 0.0124 -0.9999 0.0055
vn 0.9158 -0.3092 0.2564
vn 0.9321 -0.2733 0.2378
vn -0.9032 0.0375 -0.4277
vn -0.9470 -0.0110 0.3210
vn -0.9397 -0.0289 0.3408
vn -0.9174 -0.0750 0.3907
vn 0.0455 -0.9990 0.0002
vn 0.0644 0.9968 -0.0476
vn 0.0676 0.9965 -0.0492
vn 0.0625 0.9970 -0.0466
vn 0.0946 0.9791 -0.1803
vn 0.1274 0.9859 -0.1087
vn 0.1175 0.9845 -0.1306
vn 0.9930 -0.1170 -0.0190
vn 0.9945 -0.1040 -0.0121
vn -0.0536 -0.9880 -0.1446
vn 0.0758 0.1118 0.9908
vn 0.2119 0.1182 0.9701
vn 0.1197 0.1051 0.9872
vn 0.6788 0.6537 0.3344
vn -0.0166 0.9998 0.0144
vn 0.0645 0.9864 0.1510
vn 0.0328 0.9974 0.0645
vn -0.0356 0.9895 -0.1401
vn -0.0009 -1.0000 -0.0080
vn -0.9976 0.0538 0.0426
vn -0.6930 -0.2301 -0.6833
vn 0.1255 -0.0529 0.9907
vn -0.6516 0.0318 0.7579
vn -0.9948 0.0545 0.0860
vn -0.6889 0.7239 0.0372
vn 0.2023 0.9792 0.0156
vn 0.0518 0.9984 0.0245
vn 0.9981 0.0024 0.0616
vn 0.9995 0.0245 -0.0180
vn 0.9997 0.0233 -0.0025
vn -0.9978 0.0285 -0.0605
vn -0.0298 0.0048 0.9995
vn -0.0508 0.1286 0.9904
vn -0.0177 -0.0069 0.9998
vn -0.0147 0.0897 0.9959
vn -0.0112 0.0080 0.9999
vn -0.0011 0.0753 0.9972
vn -0.0010 0.0754 0.9972
vn 0.7733 0.6336 0.0248
vn -0.0319 0.9992 0.0258
vn -0.0136 -0.0298 0.9995
vn -0.0075 -0.0010 1.0000
vn -0.0529 -0.2175 0.9746
vn 0.0188 0.9998 0.0065
vn 0.0710 0.9962 -0.0510
vn 0.4307 0.6074 0.6674
vn -0.0000 -0.0051 1.0000
vn 0.6708 0.7411 -0.0274
vn 0.6717 0.7398 -0.0394
vn 0.6704 0.7414 -0.0309
vn 0.1218 0.9699 0.2106
vn -0.7678 0.6375 -0.0636
vn 0.5470 0.8272 0.1288
vn 0.0113 -0.0393 -0.9992
vn -0.0407 -0.0944 -0.9947
vn 0.0230 -0.0303 -0.9993
vn -0.8140 0.5806 0.0162
vn -0.8584 0.5115 -0.0382
vn -0.8395 0.5432 -0.0138
vn 0.5942 -0.7758 -0.2126
vn 0.3508 0.8918 -0.2857
vn 0.3532 0.8788 -0.3209
vn 0.3552 0.8628 -0.3598
vn 0.3564 0.8487 -0.3908
vn -0.9594 0.0248 0.2808
vn -0.2283 0.9736 0.0002
vn -0.2263 0.9738 0.0234
vn -0.2285 0.9735 -0.0030
vn -0.1811 0.9801 -0.0816
vn 0.9995 0.0289 -0.0140
vn 0.9973 -0.0241 0.0693
vn -0.1108 0.0882 -0.9899
vn -0.0063 0.1453 0.9894
vn 0.9928 0.0493 -0.1092
vn 0.9953 0.0623 -0.0737
vn 0.9957 0.0656 -0.0648
vn -0.0497 0.9985 0.0235
vn -0.9971 0.0405 -0.0641
vn -0.9969 0.0650 -0.0445
vn -0.9944 0.1052 -0.0121
vn 0.0125 -0.0202 -0.9997
vn -0.9996 -0.0275 0.0058
vn 0.9332 -0.0194 0.3589
vn -0.4948 0.8642 -0.0913
vn 0.8153 0.5778 -0.0377
vn 0.1022 0.2420 0.9649
vn -0.7933 0.0180 -0.6086
vn -0.8114 -0.0047 -0.5845
vn -0.7883 0.0241 -0.6149
vn -0.8276 0.5356 -0.1678
vn 0.3472 0.9014 0.2588
vn 0.0836 0.9754 -0.2039
vn -0.0962 0.9950 0.0270
vn 0.0149 -0.0351 -0.9993
vn 0.1704 0.9853 -0.0129
vn 0.8881 0.4576 -0.0419
vn 0.9985 -0.0495 0.0243
vn 0.0506 0.9801 0.1921
vn 0.6146 -0.7887 0.0154
vn 0.0997 0.0233 0.9947
vn -0.0050 -0.9899 0.1419
vn -0.9538 0.2407 0.1800
vn -0.9741 0.2209 -0.0486
vn -0.0080 -0.0151 -0.9999
vn -0.0136 -0.0106 -0.9999
vn 0.0128 0.0643 0.9979
vn 0.1100 0.2646 0.9581
vn 0.0613 0.1980 0.9783
vn 0.4012 0.4231 -0.8124
vn -0.0779 0.9969 -0.0104
vn -0.1617 0.9723 0.1685
vn 0.8635 -0.0122 -0.5043
vn 0.1535 0.9873 -0.0416
vn 0.0636 0.9945 -0.0833
vn 0.0986 0.9951 0.0072
vn 0.0307 -0.5296 0.8477
vn 0.0730 -0.4828 0.8727
vn 0.1127 -0.4366 0.8926
vn 0.9983 -0.0540 0.0213
vn 0.1234 0.0120 0.9923
vn 0.6996 0.7143 0.0162
vn 0.9928 0.0759 0.0922
vn -0.0002 -0.0687 0.9976
vn 0.3476 0.8171 -0.4599
vn 0.1695 0.9854 0.0141
vn 0.6739 0.7372 -0.0488
vn 0.6816 0.7294 -0.0585
vn 0.8318 0.5406 -0.1259
vn -0.0367 0.0685 0.9970
vn -0.0279 0.0162 0.9995
vn -0.0318 0.0302 0.9990
vn -0.0204 0.0232 0.9995
vn 0.2993 0.9529 0.0478
vn -0.0212 0.9929 0.1170
vn -0.0348 0.9988 0.0349
vn -0.0189 0.9913 0.1305
vn 0.0171 0.1016 0.9947
vn -0.6955 0.7145 -0.0760
vn -0.6875 0.7226 -0.0721
vn -0.6848 0.7253 -0.0707
vn -0.9160 0.2025 -0.3463
vn -0.9961 -0.0885 -0.0030
vn 0.2727 0.9618 0.0233
vn 0.1975 0.9803 -0.0050
vn 0.2488 0.9684 0.0143
vn 0.9615 0.2743 -0.0142
vn -0.5256 0.8506 0.0187
vn 0.0456 0.9988 -0.0195
vn 0.0058 -0.9900 0.1409
vn -0.0153 -0.9968 0.0783
vn -0.4939 0.8613 0.1193
vn 0.9915 0.0445 -0.1220
vn 0.9277 0.0324 -0.3718
vn 0.0426 0.9982 0.0426
vn 0.0629 0.9941 0.0887
vn 0.0551 0.9959 0.0711
vn -0.7001 0.7097 -0.0782
vn -0.9939 -0.0158 -0.1088
vn 0.5544 -0.1931 -0.8095
vn 0.9360 0.3386 0.0960
vn 0.3477 0.9376 0.0030
vn 0.2802 0.9598 -0.0160
vn -0.9894 0.0450 0.1384
vn -0.7697 0.0457 -0.6367
vn -0.2026 -0.9761 -0.0786
vn 0.9219 0.3766 -0.0909
vn 0.1579 0.8859 0.4362
vn 0.6708 0.7411 -0.0275
vn 0.9619 -0.0865 0.2595
vn 0.9187 0.3558 0.1715
vn 0.9564 0.2869 0.0549
vn 0.9430 0.3163 0.1036
vn 0.0939 -0.0847 0.9920
vn 0.0427 -0.0218 0.9989
vn 0.0556 -0.0377 0.9977
vn -0.7524 0.5864 0.3001
vn 0.1201 0.3637 0.9237
vn 0.0794 -0.0124 0.9968
vn 0.0828 -0.0140 0.9965
vn -0.0066 0.0266 0.9996
vn -0.1736 0.9848 -0.0002
vn -0.1131 0.9935 -0.0117
vn -0.1775 0.9841 0.0007
vn -0.1262 0.9919 -0.0115
vn 0.1447 0.9893 0.0191
vn 0.6535 -0.7076 0.2687
vn 0.0716 0.9967 0.0380
vn -0.9633 0.2649 -0.0429
vn -0.9801 0.1957 0.0343
vn -0.9752 0.2214 0.0060
vn 0.0425 -0.9991 0.0076
vn 0.9108 -0.3994 -0.1039
vn 0.0128 0.0642 0.9979
vn 0.0313 0.9995 0.0031
vn 0.0111 0.9993 -0.0351
vn -0.0221 0.9986 -0.0485
vn -0.0257 0.9981 0.0567
vn -0.5628 0.7960 0.2229
vn -0.9774 -0.2111 -0.0141
vn -0.9975 -0.0163 -0.0682
vn -0.9990 -0.0432 -0.0088
vn -0.9991 -0.0219 -0.0367
vn -0.4402 0.8973 0.0344
vn -0.9810 0.0817 -0.1760
vn -0.9649 0.1954 -0.1755
vn -0.9660 0.2169 -0.1409
vn -0.3013 0.0846 0.9498
vn -0.2776 0.0905 0.9564
vn -0.2424 0.0301 0.9697
vn 0.1217 0.2213 -0.9676
vn 0.9597 0.1188 -0.2546
vn 0.0489 0.2010 0.9784
vn 0.9107 0.3153 0.2667
vn -0.0449 0.9426 0.3310
vn 0.9916 0.0662 -0.1108
vn 0.0348 0.9956 -0.0875
vn 0.0155 0.9987 -0.0483
vn 0.5968 0.7781 0.1959
vn 0.3157 0.6673 0.6746
vn 0.3620 0.6770 0.6408
vn 0.3111 0.6663 0.6777
vn 0.9608 -0.2477 -0.1244
vn 0.9767 -0.2101 -0.0450
vn 0.9632 -0.2377 -0.1256
vn 0.0166 0.9881 -0.1526
vn 0.0118 0.9219 -0.3874
vn 0.0126 0.9250 -0.3799
vn 0.0048 -0.5569 0.8306
vn -0.0041 0.9374 0.3483
vn 0.0178 0.9292 0.3691
vn -0.0565 0.9336 0.3538
vn 0.5312 0.8471 -0.0159
vn 0.5016 0.8649 -0.0198
vn 0.3405 0.9401 0.0134
vn 0.0115 0.0053 0.9999
vn -0.0470 0.0412 0.9980
vn -0.0614 0.0479 0.9970
vn -0.0195 0.0334 0.9993
vn 0.6789 -0.7125 0.1771
vn 0.0277 0.3993 -0.9164
vn 0.0344 0.9991 0.0240
vn 0.0551 0.9960 0.0710
vn -0.9643 0.2585 0.0572
vn -0.9683 0.2499 -0.0018
vn -0.9623 0.2550 0.0945
vn -0.1400 0.0750 0.9873
vn -0.0612 0.9974 0.0376
vn -0.0000 0.0590 -0.9983
vn 0.4814 0.4992 0.7204
vn 0.2358 0.9716 0.0175
vn 0.1538 0.9878 0.0241
vn 0.2327 0.9724 0.0178
vn -0.0708 -0.0526 0.9961
vn -0.1145 0.8847 0.4519
vn -0.1058 0.8946 0.4341
vn -0.1034 0.8973 0.4292
vn -0.1590 0.9818 0.1039
vn -0.1591 0.9863 0.0431
vn -0.1557 0.9859 0.0613
vn 0.8094 0.1952 -0.5538
vn 0.7800 0.1398 -0.6100
vn 0.8076 0.1488 -0.5707
vn 0.7728 0.0296 -0.6340
vn -0.0064 0.0636 -0.9980
vn 0.9982 -0.0383 -0.0460
vn 0.1263 0.9916 0.0268
vn -0.0570 0.9975 0.0419
vn -0.2176 -0.0578 0.9743
vn 0.3387 0.8989 0.2778
vn 0.0077 0.9989 0.0465
vn 0.0115 0.9992 0.0392
vn -0.0227 0.9995 0.0207
vn -0.0101 0.8951 -0.4458
vn 0.9961 -0.0863 -0.0203
vn 1.0000 -0.0004 0.0092
vn 0.9947 -0.0387 0.0951
vn 0.4654 0.2085 -0.8602
vn 0.0095 0.0505 0.9987
vn 0.9711 0.0691 -0.2284
vn 0.9763 0.0813 -0.2007
vn 0.9656 0.0579 -0.2536
vn 0.9610 0.0496 -0.2721
vn 0.9688 0.2475 -0.0082
vn 0.0426 -0.0217 0.9989
vn 0.0071 0.0218 0.9997
vn 0.0556 -0.0376 0.9977
vn 0.0035 -0.0074 -1.0000
vn 0.0829 0.0413 -0.9957
vn 0.0107 -0.0030 -0.9999
vn 0.0443 -0.0015 -0.9990
vn -0.8141 0.3461 -0.4663
vn -0.8577 0.4949 0.1395
vn -0.9948 -0.0629 -0.0805
vn 0.2488 0.9685 0.0143
vn 0.1785 0.9839 -0.0121
vn 0.3836 0.1411 -0.9126
vn 0.1471 0.9848 -0.0925
vn -0.0559 -0.2320 0.9711
vn 0.9970 -0.0433 0.0635
vn 0.0007 -1.0000 0.0015
vn -0.0002 -1.0000 0.0006
vn -0.0004 0.9997 0.0258
vn -0.0100 0.9999 -0.0104
vn -0.0081 1.0000 -0.0036
vn 0.8642 0.5025 0.0256
vn -0.0920 0.9093 0.4059
vn 0.9801 0.1777 -0.0888
vn 0.0111 0.9993 -0.0352
vn 0.0786 0.9956 -0.0503
vn 0.0473 0.9965 0.0685
vn 0.0721 0.9971 -0.0255
vn -0.9649 0.1954 -0.1754
vn -0.9596 0.2550 -0.1188
vn -0.6881 0.7242 -0.0452
vn -0.8072 0.5900 -0.0201
vn -0.7836 0.6205 -0.0299
vn 0.0199 0.0097 -0.9998
vn -0.0440 -0.9961 -0.0771
vn 0.3289 0.9443 -0.0109
vn 0.3406 0.9401 0.0134
vn 0.0862 0.9957 -0.0331
vn 0.0067 -0.5532 0.8330
vn 0.6923 0.7163 -0.0873
vn 0.8066 0.0029 -0.5910
vn 0.7192 0.1702 -0.6736
vn 0.7578 0.1320 -0.6390
vn 0.2702 0.6559 0.7049
vn 0.1617 0.9868 0.0027
vn 0.2383 0.9705 0.0373
vn 0.3009 0.9484 0.0995
vn 0.0729 0.0115 -0.9973
vn 0.9922 0.0683 0.1038
vn -0.3113 0.9358 -0.1656
vn 0.3931 -0.0209 0.9193
vn 0.0407 0.9948 0.0931
vn 0.1661 0.9861 -0.0040
vn 0.2217 0.9747 -0.0270
vn -0.6434 0.3220 0.6946
vn -0.9825 0.1001 -0.1571
vn -0.7952 0.6049 -0.0409
vn 0.0167 0.0082 -0.9998
vn -0.9944 -0.1044 -0.0174
vn 0.6147 0.7286 0.3022
vn -0.0466 0.9378 -0.3441
vn 0.0331 0.9247 -0.3793
vn 0.9906 0.0995 0.0939
vn -0.1690 0.9840 -0.0560
vn -0.5794 0.8139 0.0434
vn 0.9612 -0.2485 -0.1200
vn 0.9766 -0.2101 -0.0450
vn -0.0368 0.9991 0.0227
vn 0.6830 0.6572 -0.3188
vn -0.0937 0.9953 -0.0229
vn -0.0585 0.9981 -0.0184
vn 0.0103 0.5300 0.8479
vn 0.0320 0.0180 -0.9993
vn 0.0119 0.0292 -0.9995
vn 0.0239 0.0226 -0.9995
vn 0.6340 0.7608 0.1387
vn 0.6245 0.7701 0.1301
vn 0.6054 0.7878 0.1133
vn 0.9820 -0.1889 0.0012
vn -0.8150 0.5789 0.0238
vn -0.8698 0.4895 0.0616
vn -0.8422 0.5390 0.0171
vn -0.6655 0.7446 -0.0512
vn 0.6345 0.7725 -0.0255
vn 0.6755 0.7365 0.0363
vn 0.6966 0.7144 0.0660
vn 0.0435 -0.6856 -0.7266
vn 0.0296 -0.7353 -0.6771
vn 0.0307 -0.7315 -0.6811
vn 0.5105 0.8585 -0.0490
vn 0.6614 -0.0151 0.7499
vn -0.2728 -0.1678 0.9473
vn 0.4063 0.0585 -0.9119
vn -0.0891 0.9905 0.1048
vn -0.0234 0.9930 0.1156
vn 0.0823 0.0018 -0.9966
vn 0.0058 0.6390 -0.7692
vn 0.9693 0.2452 -0.0155
vn 0.9780 0.2086 -0.0085
vn 0.4400 0.8980 -0.0063
vn 0.0060 -0.0316 0.9995
vn 0.0044 0.9511 0.3089
vn -0.3491 0.9302 -0.1134
vn 0.9994 0.0175 0.0298
vn 0.9689 0.2470 -0.0155
vn 0.9927 0.1202 0.0097
vn 0.6525 0.7416 0.1557
vn -0.8459 0.4639 0.2633
vn 0.9744 0.1770 0.1384
vn 0.9698 0.2278 0.0874
vn 0.9738 0.1883 0.1271
vn 0.6699 -0.1162 -0.7333
vn -0.7482 0.6525 0.1203
vn 0.9943 -0.0899 -0.0574
vn 0.9956 -0.0630 0.0688
vn 0.9934 -0.0528 0.1018
vn 0.9765 -0.2151 -0.0160
vn -0.8961 0.3962 0.2001
vn 0.9969 -0.0328 0.0722
vn -0.0336 0.9597 0.2790
vn -0.0705 0.9403 0.3330
vn 0.0145 -0.9999 0.0017
vn -0.1566 0.9870 -0.0366
vn -0.1283 -0.6552 0.7445
vn 0.1631 0.4448 0.8806
vn 0.6345 0.7702 -0.0643
vn -0.9719 -0.2167 -0.0915
vn 0.6968 0.7135 -0.0735
vn 0.5165 0.8023 0.2992
vn 0.5451 0.7233 -0.4239
vn 0.9810 0.1031 -0.1640
vn -0.9286 0.2736 0.2507
vn 0.4195 0.8659 0.2725
vn 0.0234 0.9969 0.0750
vn 0.0219 0.9978 0.0622
vn 0.0124 0.9951 -0.0979
vn -0.4531 0.4442 0.7729
vn -0.9658 -0.2591 -0.0006
vn -0.9926 0.1190 0.0254
vn 0.6412 0.7643 -0.0689
vn -0.1375 0.9901 -0.0282
vn -0.9946 -0.0839 -0.0606
vn 0.0435 -0.6856 -0.7267
vn 0.0449 -0.6802 -0.7317
vn -0.0005 -1.0000 0.0003
vn 0.0131 -0.9999 -0.0029
vn -0.0076 -0.3265 0.9452
vn 0.0238 -0.2834 0.9587
vn 0.0391 -0.2709 0.9618
vn -0.0337 0.9677 0.2498
vn -0.3279 0.9095 0.2554
vn -0.3148 0.9138 0.2569
vn -0.3186 0.9125 0.2564
vn -0.3147 0.9138 0.2569
vn -0.2845 0.9227 0.2600
vn -0.2304 0.9727 -0.0265
vn 0.9992 -0.0110 -0.0392
vn 0.9950 0.0262 0.0962
vn 0.9977 0.0213 0.0649
vn 0.5485 0.8071 -0.2184
vn 0.4760 0.8763 -0.0745
vn 0.5175 0.8418 -0.1535
vn 0.2404 0.8519 -0.4653
vn -0.0957 -0.0681 -0.9931
vn -0.1411 0.7037 0.6963
vn -0.0026 0.9583 0.2859
vn -0.0152 0.9495 0.3135
vn -0.0023 0.9612 0.2758
vn -0.0161 0.9986 -0.0507
vn -0.9652 0.2298 0.1247
vn -0.9643 0.2585 0.0573
vn -0.9623 0.2550 0.0946
vn 0.1152 0.9933 0.0018
vn -0.0008 -0.0320 -0.9995
vn 0.0626 0.0858 -0.9943
vn 0.9871 -0.0108 0.1598
vn -0.0029 -1.0000 0.0022
vn 0.0073 -1.0000 -0.0006
vn 0.0141 0.9693 0.2453
vn -0.9518 -0.3053 -0.0291
vn -0.0044 0.2073 0.9783
vn -0.0373 -0.0525 0.9979
vn 0.9747 0.1420 0.1724
vn 0.9744 0.1769 0.1384
vn 0.0407 0.9754 0.2166
vn 0.0441 0.9753 0.2165
vn 0.0649 0.9743 0.2158
vn -0.0213 0.9941 0.1060
vn -0.9658 -0.2454 -0.0838
vn -0.0065 -0.2111 -0.9774
vn -0.0008 -1.0000 -0.0005
vn -0.0174 -0.9998 0.0013
vn -0.0010 -1.0000 0.0006
vn 0.9943 -0.0900 -0.0574
vn 0.0008 -1.0000 -0.0001
vn 0.0005 -1.0000 0.0010
vn 0.0052 -1.0000 0.0010
vn -0.0009 -1.0000 -0.0010
vn -0.0769 0.9275 0.3659
vn 0.0150 -0.0375 0.9992
vn 0.0472 0.9981 -0.0393
vn 0.0225 0.9997 0.0127
vn 0.1192 0.9926 0.0244
vn 0.0198 0.1479 0.9888
vn 0.0302 0.0132 -0.9995
vn 0.5738 0.0671 0.8162
vn 0.0303 0.9838 -0.1765
vn -0.9857 -0.0821 -0.1470
vn -0.9952 -0.0889 -0.0414
vn -0.9827 -0.0808 -0.1667
vn -0.8458 0.5318 -0.0424
vn -0.9879 0.0417 -0.1493
vn -0.9873 -0.0812 -0.1367
vn -0.9855 -0.0650 -0.1566
vn -0.9985 0.0112 -0.0539
vn -0.9877 0.0775 -0.1357
vn -0.9867 0.0076 -0.1625
vn -0.0010 -1.0000 0.0033
vn -0.8869 -0.4597 -0.0468
vn -0.9232 0.3811 -0.0496
vn -0.9285 0.3695 -0.0363
vn -0.9378 0.3470 -0.0109
vn 0.0787 0.9848 -0.1550
vn 0.0820 0.9952 -0.0530
vn 0.0815 0.9941 -0.0723
vn 0.0045 0.9213 -0.3888
vn -0.7406 0.6720 0.0015
vn 0.0362 0.9992 -0.0147
vn 0.0601 0.0449 -0.9972
vn 0.8573 0.3636 -0.3645
vn -0.6729 -0.0142 0.7396
vn -0.0458 0.9681 0.2465
vn -0.0980 0.9804 0.1709
vn -0.0780 0.9664 0.2448
vn -0.9128 0.4081 -0.0153
vn 0.2281 0.9736 0.0095
vn -0.3242 0.9454 0.0330
vn 0.9624 0.2708 -0.0204
vn -0.8486 -0.0817 -0.5227
vn -0.8052 -0.1099 -0.5828
vn -0.8475 -0.0754 -0.5255
vn 0.0009 0.5751 -0.8181
vn 0.0012 0.5718 -0.8204
vn -0.0024 0.6150 -0.7885
vn 0.1314 -0.9912 -0.0182
vn 0.1356 -0.9906 -0.0184
vn 0.0662 -0.9977 -0.0174
vn 0.0839 0.9963 0.0197
vn 0.0220 0.9994 0.0260
vn -0.0205 0.9997 -0.0110
vn -0.0050 0.9996 -0.0269
vn 0.1574 0.9873 0.0225
vn -0.0157 -0.1619 0.9867
vn -0.0011 0.0513 0.9987
vn -0.0000 0.0667 0.9978
vn 0.1205 0.9925 -0.0181
vn -0.1982 0.9701 -0.1400
vn -0.9258 0.0283 -0.3768
vn -0.9476 0.0480 -0.3158
vn -0.9605 0.2416 0.1383
vn -0.9975 -0.0692 -0.0161
vn 0.0697 0.0896 -0.9935
vn 0.0382 -0.9992 0.0098
vn 0.4759 0.8763 -0.0744
vn 0.4388 0.8985 -0.0094
vn 0.9798 0.1995 0.0124
vn 0.9815 0.1904 0.0189
vn 0.9812 0.1920 0.0178
vn -0.5275 0.8214 0.2168
vn -0.0186 0.0062 0.9998
vn -0.0172 0.0245 0.9996
vn -0.0055 0.0100 0.9999
vn -0.0097 0.0301 0.9995
vn -0.0303 -0.0258 0.9992
vn 0.7557 0.6544 -0.0249
vn -0.3030 -0.0172 0.9528
vn -0.0031 -0.9989 -0.0457
vn -0.9776 0.0895 0.1904
vn 0.9511 0.1620 0.2629
vn 0.9835 0.0837 0.1604
vn 0.9824 0.0755 0.1709
vn -0.0333 -0.0133 0.9994
vn -0.0062 -0.1022 0.9947
vn 0.9304 0.3579 0.0790
vn 0.9303 0.3580 0.0795
vn 0.1663 0.9861 0.0019
vn -0.9781 0.1265 -0.1654
vn -0.1249 0.9320 0.3404
vn -0.0251 0.9812 0.1915
vn -0.9428 0.3334 0.0042
vn -0.0091 -0.9982 0.0594
vn 0.0413 0.0128 -0.9991
vn 0.9323 -0.3610 0.0208
vn 0.9879 -0.0416 0.1491
vn -0.6146 0.5000 0.6102
vn 0.1693 0.9844 0.0485
vn -0.7824 -0.0111 0.6227
vn -0.7823 -0.0112 0.6228
vn -0.7829 -0.0109 0.6220
vn -0.9977 0.0674 0.0009
vn 0.0186 -0.9994 -0.0293
vn -0.9813 -0.0664 -0.1805
vn -0.0621 0.0343 0.9975
vn -0.0014 -0.2752 0.9614
vn 0.0336 -0.9994 -0.0024
vn -0.0016 0.9801 0.1987
vn -0.0026 0.9810 0.1938
vn -0.0044 0.9775 0.2108
vn 0.1502 0.9886 -0.0076
vn 0.0705 0.9971 -0.0282
vn 0.6860 0.7223 -0.0882
vn 0.9462 0.1582 0.2822
vn 0.3979 -0.0973 0.9122
vn -0.0069 0.9930 0.1179
vn -0.8001 0.5998 -0.0120
vn -0.9717 -0.0464 -0.2316
vn -0.9579 -0.0723 -0.2780
vn -0.1108 0.9938 0.0054
vn -0.0593 -0.0502 0.9970
vn -0.0000 0.9821 0.1883
vn -0.5854 0.7820 -0.2139
vn -0.0084 0.9768 0.2139
vn 0.1318 0.9819 -0.1361
vn 0.7887 0.6137 0.0366
vn 0.0426 0.0691 -0.9967
vn -0.2096 -0.1783 0.9614
vn -0.0425 0.0128 0.9990
vn -0.9833 0.1516 -0.1011
vn -0.9967 0.0160 -0.0802
vn -0.9963 0.0849 -0.0133
vn -0.9781 0.1264 -0.1654
vn -0.0363 0.0575 0.9977
vn -0.0518 0.0108 0.9986
vn 0.0009 0.9712 0.2381
vn 0.0415 0.9991 0.0122
vn -0.0371 0.9633 -0.2658
vn 0.0567 0.8473 -0.5281
vn 0.0688 0.9976 0.0084
vn 0.1404 0.9842 0.1081
vn 0.0623 0.9112 -0.4072
vn 0.0507 0.1408 0.9887
vn 0.9823 0.1861 0.0220
vn 0.8874 0.0125 -0.4608
vn -0.6417 0.3397 0.6877
vn -0.8736 -0.4826 -0.0630
vn -0.1062 0.8147 0.5701
vn 0.0381 0.9972 -0.0637
vn 0.0029 0.9910 0.1341
vn 0.1181 0.9925 0.0311
vn -0.7833 -0.0106 0.6215
vn 0.0011 -0.2663 0.9639
vn 0.1550 0.9878 0.0140
vn -0.1801 0.9835 0.0147
vn 0.6959 0.4583 -0.5530
vn 0.1953 0.9773 0.0822
vn -0.0213 0.9993 0.0311
vn -0.9699 0.2423 0.0242
vn -0.7897 0.6112 0.0528
vn -0.9996 0.0226 0.0165
vn 0.0066 0.9974 0.0712
vn -0.0315 0.9986 -0.0414
vn -0.0067 0.9996 -0.0257
vn 0.9405 0.3337 -0.0644
vn 0.0935 -0.4697 0.8779
vn -0.3795 -0.1116 -0.9184
vn -0.0257 -0.7083 -0.7054
vn -0.7871 -0.0798 -0.6116
vn 0.7724 0.5107 0.3775
vn -0.7183 -0.5383 0.4408
vn -0.9269 0.1754 -0.3317
vn -0.9502 0.1545 -0.2706
vn -0.9138 0.1855 -0.3614
vn 0.0009 0.6693 0.7430
vn -0.0088 0.9768 0.2140
vn -0.0075 0.9999 -0.0072
vn 0.9834 0.0632 0.1702
vn 0.1317 0.8496 -0.5106
vn 0.0855 0.4536 -0.8871
vn -0.9980 -0.0203 -0.0591
vn -0.8257 -0.5623 -0.0444
vn -0.9075 -0.1749 -0.3819
vn -0.0298 0.9866 -0.1604
vn 0.0075 1.0000 -0.0048
vn 0.0414 -0.9991 0.0054
vn 0.0172 0.9998 -0.0130
vn 0.0129 0.9989 -0.0448
vn -0.0001 1.0000 -0.0037
vn 0.4178 0.1960 0.8872
vn 0.8157 0.0495 -0.5764
vn 0.8201 0.0347 -0.5712
vn 0.8203 0.0340 -0.5710
vn 0.1141 0.9700 0.2147
vn 0.0030 0.9910 0.1340
vn -0.0233 0.9930 0.1156
vn 0.0928 0.9947 0.0449
vn -0.5236 0.2304 0.8202
vn -0.9821 0.0639 -0.1770
vn -0.2564 0.9599 -0.1138
vn 0.0326 0.9993 -0.0187
vn 0.0693 0.9974 -0.0220
vn 0.9821 0.0628 0.1778
vn -0.0042 0.7784 -0.6277
vn 0.0132 0.8452 0.5343
vn -0.8148 -0.0483 -0.5777
vn -0.8150 -0.0489 -0.5773
vn -0.7950 0.0061 -0.6066
vn 0.1267 -0.5854 -0.8008
vn -0.3228 -0.2672 -0.9080
vn 0.1686 -0.0007 0.9857
vn 0.1791 -0.0023 0.9838
vn 0.0030 0.0244 0.9997
vn 0.0549 -0.3040 0.9511
vn -0.0069 -0.2341 0.9722
vn 0.0303 -0.2765 0.9605
vn 0.5928 0.1098 0.7978
vn 0.6795 0.0268 0.7332
vn 0.7137 -0.0098 0.7004
vn -0.9819 -0.1787 -0.0633
vn 0.4498 -0.8764 -0.1722
vn -0.9968 0.0767 -0.0213
vn -0.9952 0.0852 -0.0475
vn -0.9983 0.0311 0.0499
vn -0.8973 0.1968 -0.3952
vn -0.7169 0.0016 -0.6971
vn -0.9428 0.0192 -0.3327
vn 0.8786 -0.0555 -0.4743
vn -0.0006 -1.0000 -0.0002
vn -0.9551 0.2880 -0.0694
vn 0.9902 0.0098 0.1396
vn 0.9998 -0.0024 -0.0178
vn 0.0284 0.0749 -0.9968
vn 0.0219 0.9759 0.2172
vn -0.0151 0.3200 0.9473
vn -0.0066 0.9996 -0.0263
vn -0.7786 0.6276 -0.0000
vn -0.9931 -0.0959 -0.0677
vn -0.9960 0.0107 0.0887
vn 0.0235 0.0517 -0.9984
vn 0.9888 -0.0108 -0.1487
vn 0.9992 0.0001 -0.0396
vn 0.0413 -0.9988 0.0245
vn -0.0216 -0.0144 0.9997
vn -0.8343 -0.1139 -0.5393
vn 0.5555 0.1419 0.8193
vn -0.0041 0.0675 0.9977
vn -0.0530 0.0841 0.9950
vn -0.0691 0.0896 0.9936
vn -0.0893 0.3133 0.9454
vn -0.9929 0.1139 0.0357
vn -0.8295 0.5222 -0.1979
vn 0.0038 -0.9994 -0.0334
vn -0.9975 -0.0692 -0.0162
vn -0.9996 0.0226 0.0164
vn -0.9884 0.0717 -0.1340
vn -0.9776 -0.0286 0.2087
vn 0.1772 0.1431 -0.9737
vn 0.0698 0.0896 -0.9935
vn 0.0627 0.0858 -0.9943
vn 0.0900 0.9712 -0.2206
vn 0.0226 0.9827 0.1840
vn -0.0553 0.9981 0.0273
vn -0.0178 0.1795 0.9836
vn -0.0245 -0.0126 0.9996
vn -0.0226 -0.0170 0.9996
vn -0.0115 -0.0297 0.9995
vn -0.9976 0.0672 0.0169
vn -0.9927 -0.0996 -0.0674
vn -0.2626 -0.9619 -0.0754
vn 0.0113 0.0348 -0.9993
vn -0.3064 0.9371 -0.1672
vn -0.9826 0.1627 -0.0893
vn -0.0039 0.0254 0.9997
vn -0.9935 -0.0996 -0.0548
vn -0.5811 0.7975 0.1624
vn 0.0030 0.0783 -0.9969
vn 0.6105 -0.0457 -0.7907
vn 0.1151 -0.5277 0.8416
vn 0.1820 -0.4781 0.8592
vn 0.2403 -0.4312 0.8697
vn -0.0180 0.9998 -0.0045
vn -0.0093 0.9984 -0.0562
vn -0.0153 0.9998 0.0141
vn -0.2989 0.9517 0.0706
vn -0.1123 0.9936 0.0129
vn 0.8201 0.0346 -0.5712
vn 0.8265 0.0116 -0.5629
vn -0.5095 0.8578 0.0678
vn -0.9754 0.2078 0.0729
vn -0.9819 0.1560 0.1074
vn -0.9601 0.2737 -0.0579
vn 0.0859 0.8845 0.4586
vn 0.0953 0.8903 0.4453
vn 0.0733 0.8763 0.4761
vn -0.9945 0.1049 -0.0057
vn -0.9968 0.0767 -0.0212
vn -0.9935 0.1129 0.0117
vn 0.0035 0.9060 -0.4232
vn 0.0104 0.9606 0.2777
vn 0.0265 0.9588 0.2828
vn -0.6545 0.7540 0.0559
vn -0.0092 0.9984 -0.0562
vn 0.1030 0.7332 0.6722
vn 0.1412 -0.3976 0.9066
vn 0.4729 0.0309 0.8806
vn 0.5440 0.0010 0.8391
vn 0.4358 0.0499 0.8987
vn -0.3623 0.9164 0.1698
vn -0.9957 0.0882 0.0266
vn 0.0682 -0.0722 0.9951
vn 0.6178 -0.7796 -0.1032
vn 0.5301 0.8199 0.2163
vn 0.4028 0.8972 0.1812
vn 0.3518 0.9211 0.1666
vn 0.5594 0.7980 0.2242
vn -0.9964 0.0842 0.0034
vn 0.2145 -0.9757 0.0454
vn -0.9770 -0.2039 0.0620
vn -0.0812 0.9954 -0.0500
vn 0.0562 0.9984 0.0112
vn 0.0563 0.9984 0.0112
vn 0.0430 -0.0020 -0.9991
vn -0.0545 -0.0887 -0.9946
vn -0.0309 -0.0242 -0.9992
vn 0.0749 0.9957 0.0541
vn -0.6181 0.1067 0.7788
vn -0.9758 0.0435 0.2145
vn -0.5554 -0.0353 0.8309
vn -0.0055 0.9959 0.0902
vn -0.0298 0.8918 -0.4514
vn -0.9927 -0.0996 -0.0675
vn -0.9845 0.1668 0.0534
vn -0.5974 0.3277 0.7319
vn -0.6064 0.3368 0.7203
vn -0.5940 0.3243 0.7362
vn -0.8333 -0.3035 -0.4621
vn -0.7977 -0.2091 -0.5656
vn -0.8249 -0.2772 -0.4927
vn 0.8371 0.2972 -0.4593
vn -0.0236 0.9913 0.1293
vn -0.0021 0.9987 0.0517
vn -0.0568 -0.0531 0.9970
vn -0.0375 0.0150 0.9992
vn -0.0928 0.0965 0.9910
vn -0.8518 0.4995 0.1578
vn 0.1899 0.0016 -0.9818
vn 0.3081 0.0071 -0.9513
vn 0.2556 0.0236 -0.9665
vn -0.8234 0.0490 0.5654
vn 0.7926 0.1745 0.5842
vn 0.8024 0.1891 0.5660
vn 0.8100 0.2008 0.5510
vn 0.8100 0.2008 0.5509
vn 0.8024 0.1891 0.5659
vn 0.8257 0.2267 0.5165
vn 0.9283 0.2314 -0.2910
vn -0.0529 0.0841 0.9950
vn 0.0124 0.0618 0.9980
vn 0.0013 0.9953 0.0971
vn 0.0012 0.9955 0.0943
vn 0.0016 0.9943 0.1065
vn 0.0658 0.9861 -0.1523
vn 0.0454 0.2966 0.9539
vn 0.0294 0.2786 0.9599
vn 0.0641 0.2936 0.9538
vn -0.0035 0.6278 -0.7784
vn -0.1103 0.9844 0.1372
vn 0.1701 0.9841 0.0515
vn -0.7732 0.1089 -0.6247
vn -0.0397 -0.1850 -0.9819
vn -0.0700 -0.0800 -0.9943
vn -0.2564 0.9598 -0.1138
vn -0.3991 0.8964 -0.1928
vn -0.6214 0.1754 0.7636
vn 0.0877 0.9722 0.2173
vn 0.1376 0.9722 0.1894
vn 0.0025 0.2795 0.9601
vn 0.0022 0.2840 0.9588
vn 0.0023 0.2817 0.9595
vn 0.0055 0.6433 -0.7656
vn 0.9482 0.3176 0.0123
vn -0.3244 0.0018 0.9459
vn 0.2901 0.1443 0.9461
vn 0.1403 0.1764 0.9743
vn 0.2561 0.1520 0.9546
vn 0.7266 0.1674 0.6663
vn -0.8000 -0.1511 -0.5807
vn 0.0778 0.1884 0.9790
vn 0.7925 0.0989 0.6018
vn -0.0244 -0.2345 -0.9718
vn -0.3390 0.0212 -0.9405
vn 0.8528 0.0591 -0.5189
vn 0.1162 0.7551 0.6452
vn 0.0518 0.9975 -0.0485
vn -0.9865 0.1358 -0.0921
vn -0.6692 0.0263 -0.7426
vn 0.0113 0.9619 0.2733
vn 0.0383 -0.9992 0.0098
vn 0.0419 -0.9988 0.0251
vn 0.6792 -0.1640 0.7154
vn -0.0954 -0.9949 0.0335
vn 0.2543 0.9646 0.0698
vn -0.0163 -0.1703 0.9853
vn -0.0235 0.9909 0.1327
vn 0.9434 0.2931 -0.1556
vn 0.5725 0.1959 -0.7961
vn -0.6796 -0.2168 0.7008
vn 0.3510 -0.0040 0.9364
vn 0.9787 -0.1932 -0.0691
vn 0.9668 -0.1414 -0.2126
vn 0.9691 -0.1166 -0.2175
vn 0.9668 -0.1414 -0.2127
vn 0.9287 -0.0844 -0.3612
vn 0.0191 -0.9998 0.0010
vn 0.0082 -0.9999 -0.0066
vn 0.0116 -0.9999 -0.0041
vn -0.0022 -1.0000 0.0002
vn -0.0249 -0.9996 -0.0098
vn -0.0667 -0.9974 -0.0282
vn 0.1079 -0.1533 0.9823
vn -0.3215 0.0818 0.9434
vn -0.9737 0.1502 -0.1715
vn -0.5078 0.3068 0.8050
vn 0.3674 0.0249 0.9297
vn 0.4087 0.0730 0.9097
vn -0.0209 0.7038 -0.7101
vn 0.0931 0.8792 -0.4673
vn 0.0203 0.8822 -0.4704
vn 0.1000 0.8787 -0.4669
vn -0.9967 0.0347 -0.0735
vn -0.9984 -0.0222 -0.0525
vn -0.9983 -0.0008 -0.0574
vn -0.4924 -0.3252 -0.8073
vn -0.1489 -0.9857 0.0790
vn -0.2985 -0.9543 0.0146
vn -0.2362 -0.9708 0.0419
vn -0.0008 -1.0000 -0.0006
vn -0.0012 -1.0000 -0.0000
vn 0.0043 1.0000 -0.0072
vn 0.9158 0.0334 0.4003
vn 0.8555 -0.0193 0.5175
vn 0.8826 0.0025 0.4701
vn -0.0262 0.2602 0.9652
vn -0.0239 0.8062 0.5912
vn -0.0222 0.8034 0.5950
vn -0.0225 0.8038 0.5945
vn -0.0144 -0.9928 -0.1192
vn 0.1123 0.9746 0.1936
vn 0.1421 0.9432 0.3002
vn 0.0446 -0.1851 0.9817
vn 0.9935 0.1132 -0.0153
vn 0.9698 0.2297 0.0822
vn 0.9813 0.1869 0.0462
vn -0.9995 -0.0311 -0.0084
vn -0.0328 0.0895 -0.9954
vn -0.3034 0.0335 0.9523
vn -0.0925 -0.9904 0.1023
vn -0.1488 -0.9857 0.0791
vn -0.2361 -0.9708 0.0419
vn -0.0250 -0.9996 -0.0098
vn -0.1159 -0.9920 -0.0499
vn -0.5975 0.3278 0.7319
vn -0.5839 0.3142 0.7485
vn 0.0840 0.0679 -0.9941
vn -0.0542 0.0482 -0.9974
vn 0.0821 0.0548 -0.9951
vn 0.0614 0.0060 -0.9981
vn -0.5083 0.8600 -0.0455
vn -0.4896 0.8702 -0.0553
vn -0.4616 0.8828 -0.0877
vn -0.0021 -1.0000 -0.0004
vn 0.6343 0.7729 -0.0171
vn -0.9047 0.4261 -0.0013
vn 0.3898 0.9198 0.0457
vn 0.9753 -0.0418 0.2170
vn -0.1008 -0.0480 0.9937
vn -0.0748 0.0013 0.9972
vn -0.0865 -0.0207 0.9960
vn -0.0143 0.8697 0.4934
vn -0.0000 0.5187 -0.8550
vn 0.0142 -0.8513 -0.5245
vn -0.0000 0.8556 0.5177
vn 0.0097 0.8580 0.5136
vn 0.0457 0.6603 0.7496
vn 0.8598 0.0428 0.5089
vn 0.0847 0.3050 -0.9486
vn -0.2632 -0.9620 -0.0730
vn -0.2743 -0.9520 -0.1358
vn -0.2635 -0.9617 -0.0749
vn 0.5815 0.0043 0.8135
vn 0.9008 -0.0779 -0.4272
vn 0.0010 0.9961 0.0880
vn 0.6193 0.0891 0.7801
vn 0.5816 0.0045 0.8135
vn 0.5440 0.0011 0.8391
vn -0.8333 0.3065 0.4600
vn 0.5582 -0.7360 -0.3830
vn -0.4626 0.8865 0.0080
vn -0.6591 0.1612 0.7346
vn 0.4055 0.6087 0.6819
vn -0.6156 -0.1298 0.7773
vn 0.3639 0.7261 0.5834
vn -0.8104 0.5765 -0.1042
vn -0.8022 0.4594 -0.3813
vn 0.0672 0.8722 0.4845
vn 0.4789 0.7399 0.4724
vn -0.4950 0.8688 0.0107
vn -0.5003 0.8658 -0.0118
vn -0.4985 0.8631 -0.0807
vn 0.9972 0.0190 -0.0727
vn 0.9923 0.0263 -0.1211
vn 0.9965 0.0164 -0.0815
vn -0.0534 -0.1593 -0.9858
vn 0.0330 -0.0889 -0.9955
vn 0.0798 -0.0501 -0.9955
vn -0.2743 0.8966 0.3477
vn 0.0025 0.2794 0.9602
vn 0.0262 0.9993 0.0253
vn 0.0061 0.9994 -0.0342
vn 0.1081 0.9941 0.0077
vn 0.9340 0.0534 0.3533
vn 0.9158 0.0334 0.4002
vn -0.0243 0.8069 0.5902
vn 0.0335 0.9310 -0.3635
vn 0.0213 0.9276 -0.3730
vn 0.0003 0.9213 -0.3890
vn -0.0111 0.9175 -0.3975
vn -0.9991 0.0325 0.0284
vn -0.0120 0.6916 -0.7222
vn 0.7425 0.6589 -0.1205
vn 0.2945 -0.2968 -0.9084
vn -0.9993 -0.0370 0.0039
vn 0.2734 0.9593 0.0702
vn 0.2709 0.9602 0.0676
vn 0.2704 0.9604 0.0671
vn 0.2683 0.9611 0.0650
vn 0.0384 0.0362 0.9986
vn -0.1134 -0.2072 -0.9717
vn 0.5512 0.8241 -0.1302
vn 0.1175 0.9930 0.0073
vn 0.9908 -0.0172 -0.1342
vn 0.9030 -0.3938 -0.1717
vn 0.9278 -0.0028 0.3732
vn 0.9334 -0.0289 0.3577
vn 0.9414 -0.0046 0.3374
vn 0.5640 0.2172 -0.7967
vn 0.5329 0.7310 -0.4262
vn -0.0021 0.9971 0.0766
vn 0.2701 -0.0034 -0.9628
vn -0.0835 -0.1926 -0.9777
vn -0.8238 -0.5187 -0.2286
vn 0.7488 0.3439 0.5666
vn 0.2700 -0.8784 -0.3942
vn -0.0010 -0.9277 0.3732
vn -0.9414 0.2731 0.1981
vn -0.9688 -0.0056 -0.2477
vn -0.9702 0.0191 -0.2417
vn -0.9707 0.0352 -0.2377
vn -0.3549 0.1975 0.9138
vn -0.3543 0.1908 0.9155
vn -0.3524 0.1702 0.9202
vn 0.0325 0.2654 -0.9636
vn -0.2632 -0.9620 -0.0729
vn -0.2571 -0.9655 -0.0411
vn 0.8807 0.4305 0.1976
vn -0.1612 0.9841 0.0749
vn -0.8249 -0.2772 -0.4926
vn -0.8468 -0.3604 -0.3911
vn 0.0075 -0.9998 0.0209
vn 0.1216 0.9920 -0.0340
vn 0.1152 0.9406 0.3193
vn -0.0076 0.9958 -0.0908
vn 0.9420 0.3028 0.1448
vn 0.7721 -0.3693 -0.5171
vn 0.0790 -0.0219 -0.9966
vn 0.8433 0.3655 -0.3939
vn 0.8531 0.3629 -0.3749
vn 0.8149 0.4188 -0.4006
vn 0.2437 -0.1513 -0.9580
vn 0.1712 0.8707 -0.4611
vn -0.2666 -0.9165 0.2984
vn -0.5016 0.2009 -0.8414
vn -0.3305 0.9375 0.1087
vn -0.3378 0.9322 0.1300
vn -0.3619 0.9314 0.0376
vn -0.3391 0.9305 0.1388
vn -0.5558 0.8195 -0.1399
vn -0.5413 0.8236 -0.1696
vn -0.5845 0.8078 -0.0764
vn 0.1161 0.0070 0.9932
vn 0.9619 0.0643 -0.2657
vn 0.9748 0.0708 -0.2114
vn 0.0061 0.9994 -0.0343
vn -0.7537 0.6572 -0.0027
vn -0.6758 0.7363 -0.0325
vn -0.6829 0.7299 -0.0300
vn -0.3649 -0.0278 0.9306
vn -0.2981 -0.0136 0.9544
vn -0.0594 -0.0502 0.9970
vn 0.0318 0.9991 -0.0282
vn 0.5377 0.5149 0.6676
vn 0.0287 0.9996 -0.0022
vn 0.0239 0.9997 -0.0039
vn 0.0466 0.9989 0.0040
vn 0.8700 0.3427 -0.3544
vn 0.0749 -0.8337 0.5472
vn -0.6739 -0.1595 0.7215
vn 0.1341 0.5182 0.8447
vn 0.0094 0.8880 -0.4597
vn -0.7674 0.5991 -0.2284
vn -0.8049 0.5612 -0.1928
vn -0.8306 0.5315 -0.1659
vn -0.9956 0.0885 0.0304
vn -0.9749 0.2161 -0.0537
vn -0.9761 0.2156 -0.0283
vn -0.9771 0.2103 -0.0324
vn 0.0038 0.9857 -0.1685
vn -0.0938 -0.0407 -0.9948
vn -0.5578 0.8197 -0.1301
vn 0.8577 0.5113 -0.0542
vn 0.9568 0.0522 -0.2860
vn 0.9748 0.0708 -0.2115
vn 0.1503 -0.2446 -0.9579
vn -0.0023 -0.9995 -0.0330
vn 0.1150 -0.5278 0.8416
vn 0.0598 -0.5654 0.8227
vn 0.0060 0.9997 0.0237
vn -0.4374 -0.7803 0.4471
vn 0.0110 -0.3803 0.9248
vn -0.3646 0.9295 0.0560
vn -0.0892 0.0860 -0.9923
vn -0.1587 0.0611 -0.9854
vn -0.1904 0.0496 -0.9805
vn 0.9797 0.1700 -0.1061
vn -0.5283 -0.2854 -0.7996
vn 0.0891 0.9960 0.0021
vn -0.4948 0.8490 0.1856
vn -0.9988 -0.0440 -0.0232
vn -0.9984 -0.0222 -0.0524
vn 0.3954 0.9182 0.0223
vn -0.9938 0.1101 0.0139
vn -0.9901 0.1395 -0.0173
vn -0.9860 0.1664 0.0101
vn 0.0045 0.9335 0.3584
vn 0.9333 -0.0289 0.3578
vn 0.9277 -0.0028 0.3732
vn 0.8835 -0.0111 0.4683
vn -0.2337 0.9707 0.0560
vn 0.2341 0.9704 -0.0597
vn -0.0210 0.1644 0.9862
vn -0.0626 0.0953 -0.9935
vn -0.5590 0.1564 -0.8143
vn 0.9618 0.2070 0.1792
vn 0.9746 0.1688 0.1471
vn 0.9748 0.1681 0.1465
vn -0.9564 0.2888 -0.0428
vn -0.9204 -0.0661 0.3852
vn 0.0841 0.5759 -0.8132
vn -0.9836 0.1802 -0.0105
vn -0.1027 -0.9254 0.3647
vn 0.1089 0.9941 0.0016
vn -0.1136 -0.0724 0.9909
vn -0.1009 -0.0480 0.9937
vn 0.0257 0.8444 -0.5352
vn 0.6342 0.0765 -0.7694
vn 0.6784 0.1310 -0.7229
vn 0.6671 0.1850 -0.7216
vn -0.8307 0.5315 -0.1659
vn -0.8662 0.4841 -0.1242
vn -0.0590 0.8772 -0.4766
vn -0.0520 0.2312 0.9715
vn -0.0725 0.2140 0.9741
vn 0.0294 0.2786 0.9600
vn 0.0779 0.4718 0.8783
vn 0.0376 0.9974 -0.0615
vn -0.8051 0.5931 0.0027
vn -0.8104 0.5765 -0.1041
vn -0.3532 0.8724 0.3378
vn -0.0397 0.9923 -0.1170
vn 0.0602 0.8986 0.4347
vn 0.0448 0.9055 0.4219
vn 0.7411 0.0497 -0.6695
vn 0.1319 0.9619 -0.2393
vn -0.3878 0.0024 0.9218
vn 0.0542 0.9985 0.0067
vn 0.9016 0.3709 0.2224
vn -0.9710 0.0672 -0.2296
vn -0.9526 -0.1026 -0.2864
vn -0.0688 0.1523 -0.9859
vn 0.3975 0.0119 0.9175
vn -0.0178 -0.0214 0.9996
vn -0.3692 -0.1161 -0.9221
vn -0.3876 -0.1555 -0.9086
vn -0.3467 -0.0696 -0.9354
vn 0.3119 0.7250 -0.6140
vn 0.1266 -0.0321 -0.9914
vn 0.0804 0.9485 0.3065
vn 0.8638 0.4195 -0.2791
vn 0.9656 -0.0187 0.2593
vn 0.9215 0.0023 0.3885
vn 0.9680 -0.0046 0.2508
vn 0.8717 -0.4607 0.1669
vn 0.3857 0.6505 -0.6542
vn 0.7378 0.0432 0.6736
vn -0.1860 0.9758 0.1149
vn -0.8095 0.1234 0.5740
vn -0.8118 0.1201 0.5714
vn -0.8150 0.1155 0.5678
vn 0.1284 0.9897 0.0637
vn 0.8353 0.2583 -0.4854
vn -0.0268 0.9312 -0.3635
vn 0.4529 -0.8913 0.0201
vn -0.0639 0.9979 0.0089
vn -0.3636 0.7141 -0.5983
vn -0.1905 0.3212 0.9276
vn 0.3370 0.5036 0.7955
vn 0.3163 0.5466 0.7754
vn 0.2900 0.5970 0.7480
vn -0.8253 -0.3054 0.4751
vn -0.0189 0.0323 0.9993
vn 0.2555 0.1732 0.9512
vn 0.1395 0.9896 0.0348
vn -0.0110 0.0507 0.9987
vn 0.0176 -0.1362 0.9905
vn -0.3568 0.2222 0.9074
vn 0.8714 0.3569 -0.3365
vn 0.7649 -0.0186 0.6439
vn -0.5483 -0.8311 0.0931
vn -0.9072 0.0220 -0.4201
vn -0.3607 0.0025 0.9327
vn -0.4225 0.9059 -0.0289
vn -0.3727 0.9277 -0.0214
vn -0.4945 0.8687 -0.0276
vn -0.8979 -0.0612 -0.4360
vn -0.1511 -0.3218 0.9347
vn -0.2938 0.9511 0.0958
vn -0.3247 0.9443 0.0529
vn -0.9961 0.0851 -0.0232
vn -0.4856 0.8741 -0.0096
vn -0.4986 0.8631 -0.0807
vn -0.5030 0.8530 -0.1395
vn -0.0140 -0.9662 -0.2572
vn -0.0124 -0.9979 -0.0633
vn 0.0008 -1.0000 -0.0000
vn -0.9286 0.1742 0.3276
vn -0.0298 0.9994 -0.0178
vn 0.9708 0.1899 0.1466
vn 0.1396 0.9896 0.0348
vn 0.0479 0.9986 0.0211
vn -0.0221 0.9759 0.2169
vn -0.0685 0.9574 -0.2804
vn 0.8819 -0.4673 -0.0623
vn 0.0884 0.9804 0.1764
vn 0.1399 0.1238 -0.9824
vn 0.4666 0.0630 -0.8822
vn -0.9480 -0.3036 0.0957
vn -0.8174 0.1120 0.5650
vn -0.2560 0.9656 0.0449
vn -0.2583 0.9652 0.0408
vn -0.2605 0.9648 0.0368
vn -0.2583 0.9652 0.0407
vn -0.2631 0.9642 0.0322
vn -0.2606 0.9648 0.0367
vn 0.1828 0.9784 0.0963
vn -0.9157 0.3918 0.0892
vn -0.0685 0.9815 0.1789
vn -0.3248 0.9443 0.0529
vn -0.3305 0.9375 0.1086
vn -0.9372 -0.0602 0.3436
vn 0.3258 0.0692 0.9429
vn 0.1004 0.5979 0.7952
vn 0.6373 0.1662 -0.7524
vn 0.1344 0.9733 -0.1862
vn 0.2798 0.4122 -0.8671
vn 0.1406 0.1132 -0.9836
vn 0.0979 -0.0244 -0.9949
vn -0.9774 0.2036 0.0566
vn -0.0156 -0.0289 -0.9995
vn 0.8522 -0.0432 0.5214
vn 0.3160 0.9067 0.2793
vn 0.9907 -0.1123 -0.0766
vn 0.9863 -0.1504 -0.0682
vn 0.9912 -0.1076 -0.0776
vn -0.1012 0.3142 0.9439
vn -0.1158 0.3384 0.9339
vn -0.1194 0.3444 0.9312
vn -0.1769 -0.2672 0.9472
vn -0.5077 0.8611 -0.0276
vn 0.2617 0.6463 0.7168
vn 0.0120 0.5141 -0.8576
vn -0.2246 0.9282 -0.2968
vn -0.6002 0.7989 -0.0384
vn -0.0001 -1.0000 0.0004
vn -0.0007 -1.0000 0.0050
vn 0.0048 -1.0000 -0.0028
vn -0.0649 0.8385 -0.5410
vn -0.3953 0.9182 -0.0263
vn 0.9823 0.1406 0.1235
vn 0.9420 -0.3357 0.0008
vn -0.4894 0.8720 -0.0085
vn -0.9925 0.1196 -0.0256
vn -0.9771 0.2103 -0.0323
vn -0.9761 0.2156 -0.0282
vn -0.0069 0.4377 0.8991
vn -0.0393 0.8897 -0.4548
vn 0.2681 -0.9516 -0.1503
vn -0.8931 -0.0989 -0.4389
vn -0.8935 -0.1023 -0.4373
vn -0.8928 -0.0968 -0.4399
vn 0.1033 -0.0082 0.9946
vn -0.0278 -0.4587 -0.8881
vn -0.8925 -0.0940 -0.4412
vn -0.8211 -0.5048 0.2665
vn 0.3310 -0.0558 -0.9420
vn -0.8851 -0.0911 -0.4564
vn 0.0493 0.0242 0.9985
vn 0.6102 -0.5237 -0.5945
vn -0.8840 0.2277 0.4082
vn 0.6409 0.0734 -0.7641
vn -0.3874 0.6161 0.6858
vn 0.6651 -0.5428 -0.5129
vn -0.7014 -0.4004 -0.5897
vn -0.6686 -0.3853 -0.6361
vn -0.7574 -0.4252 -0.4955
vn 0.8913 -0.0035 -0.4535
vn 0.9062 0.0086 -0.4228
vn 0.9166 0.0175 -0.3995
vn 0.9062 0.0085 -0.4228
vn 0.8644 -0.0231 -0.5022
vn 0.4820 0.8701 -0.1030
vn 0.4814 0.8674 -0.1261
vn 0.4791 0.8759 -0.0563
vn -0.4885 -0.3987 0.7762
vn -0.5614 -0.2889 0.7754
vn -0.8707 0.4471 -0.2048
vn -0.8872 -0.2588 0.3820
vn -0.6596 0.7269 -0.1911
vn -0.6322 0.7148 -0.2992
vn -0.6501 0.7233 -0.2328
vn -0.4616 0.8827 -0.0877
vn -0.5579 0.8197 -0.1301
vn -0.5895 0.7954 -0.1411
vn -0.1327 0.1096 -0.9851
vn -0.1055 0.1170 -0.9875
vn -0.3160 0.0561 -0.9471
vn 0.0183 0.6882 0.7253
vn 0.5707 0.7326 -0.3710
vn 0.9404 -0.0834 0.3297
vn -0.7971 -0.4157 0.4380
vn 0.1351 -0.0061 -0.9908
vn 0.1352 0.0302 -0.9904
vn -0.7326 0.6806 0.0071
vn 0.8835 -0.0111 0.4684
vn 0.8144 -0.0489 0.5783
vn 0.9333 -0.0289 0.3579
vn -0.1341 0.3685 0.9199
vn 0.1513 0.9851 0.0820
vn 0.2192 0.9589 0.1801
vn -0.9414 0.3128 0.1260
vn -0.0777 0.9443 -0.3198
vn -0.0738 0.9490 -0.3066
vn -0.0937 0.9703 -0.2229
vn -0.1331 0.0098 0.9911
vn 0.1547 0.4482 0.8805
vn 0.0125 0.9980 0.0623
vn 0.1121 0.9928 0.0420
vn 0.0828 0.9965 -0.0124
vn -0.9768 0.0996 0.1896
vn -0.3297 0.0198 -0.9439
vn -0.3578 0.0058 -0.9338
vn -0.2435 0.0614 -0.9680
vn 0.9740 -0.0050 -0.2264
vn -0.8928 0.0789 -0.4435
vn 0.5156 0.8331 -0.2003
vn 0.5144 0.8337 -0.2009
vn -0.7844 -0.4367 -0.4404
vn -0.7015 -0.4004 -0.5896
vn 0.6709 0.2436 -0.7004
vn -0.1394 0.0397 0.9894
vn -0.1818 0.9807 0.0725
vn -0.1589 0.9682 -0.1932
vn 0.5127 -0.4381 0.7384
vn 0.8765 0.0538 -0.4784
vn -0.9745 -0.0139 0.2240
vn -0.7465 0.0125 0.6652
vn -0.8613 -0.0158 0.5079
vn -0.8157 -0.0022 0.5785
vn -0.0010 0.9736 0.2284
vn 0.0152 0.9986 -0.0513
vn -0.9859 0.1609 -0.0464
vn 0.5920 0.0957 -0.8003
vn 0.0667 0.7191 0.6917
vn 0.1215 0.9898 -0.0749
vn 0.9988 -0.0456 0.0177
vn 0.9782 -0.1449 -0.1485
vn 0.9979 -0.0431 -0.0480
vn -0.3528 0.9353 -0.0285
vn -0.3083 0.9513 -0.0002
vn -0.4948 0.8690 0.0033
vn -0.3997 -0.7019 0.5896
vn 0.8609 -0.0605 0.5051
vn -0.3538 -0.1363 -0.9254
vn 0.7479 -0.5041 0.4319
vn -0.8353 0.1502 -0.5289
vn -0.5856 0.6863 -0.4314
vn -0.0162 0.8153 -0.5787
vn -0.1525 -0.9882 -0.0111
vn -0.0067 -0.9958 0.0916
vn -0.3791 -0.5952 -0.7085
vn -0.8973 -0.2270 0.3786
vn 0.5815 0.2298 -0.7804
vn 0.7354 -0.4917 -0.4663
vn 0.0908 0.9808 0.1726
vn -0.3296 0.0198 -0.9439
vn -0.2434 0.0614 -0.9680
vn -0.2125 0.0759 -0.9742
vn -0.9997 -0.0160 -0.0159
vn -0.9982 -0.0482 0.0357
vn -0.9954 -0.0680 0.0676
vn -0.9986 0.0340 0.0412
vn -0.9817 0.1853 0.0452
vn 0.7696 0.5298 -0.3565
vn 0.0502 0.9584 0.2808
vn -0.6106 -0.0432 0.7907
vn -0.6616 -0.1074 0.7421
vn -0.5991 -0.0295 0.8002
vn -0.6191 0.1967 -0.7603
vn 0.1391 0.2177 0.9661
vn 0.2838 0.9589 -0.0037
vn 0.7896 0.6135 -0.0080
vn 0.7603 -0.0358 0.6486
vn 0.9090 0.0173 0.4164
vn 0.0088 0.9992 -0.0388
vn 0.8935 0.4401 -0.0898
vn -0.4356 0.1095 -0.8934
vn 0.5548 0.7920 -0.2549
vn 0.2843 0.9209 -0.2667
vn 0.2562 0.9430 -0.2124
vn 0.2915 0.9145 -0.2808
vn -0.8375 0.5179 -0.1742
vn -0.9892 -0.0039 -0.1462
vn -0.9902 0.0005 -0.1393
vn -0.9961 0.0073 -0.0878
vn -0.9977 0.0622 0.0270
vn -0.3360 0.0499 -0.9405
vn 0.1305 0.9690 0.2096
vn 0.0402 0.9459 0.3221
vn -0.9908 0.0383 0.1298
vn -0.9998 -0.0005 0.0174
vn -0.9869 0.0470 0.1546
vn 0.2595 0.9432 0.2073
vn 0.1739 0.9786 0.1095
vn 0.2193 0.9589 0.1802
vn 0.1739 0.9787 0.1095
vn -0.0059 0.7443 -0.6678
vn -0.9348 -0.0048 -0.3552
vn 0.4485 0.2661 0.8532
vn -0.1036 0.2182 0.9704
vn -0.9927 0.1120 0.0454
vn -0.3937 0.7522 0.5284
vn -0.0384 -0.0352 -0.9986
vn -0.0577 0.0017 -0.9983
vn -0.0119 -0.0784 -0.9969
vn 0.2718 0.0212 0.9621
vn -0.4500 0.8737 0.1847
vn 0.0280 0.9582 0.2848
vn -0.6554 -0.2821 0.7006
vn -0.3238 0.9339 0.1520
vn 0.2283 0.9706 0.0759
vn -0.2746 -0.0295 -0.9611
vn -0.2733 -0.1058 -0.9561
vn -0.2747 -0.0135 -0.9614
vn 0.9380 -0.2237 -0.2647
vn 0.9782 -0.1450 -0.1486
vn 0.9168 -0.2911 -0.2733
vn -0.5048 0.6987 0.5069
vn 0.1059 0.2315 0.9670
vn -0.3373 0.4228 0.8411
vn -0.2240 0.5746 -0.7872
vn -0.7387 0.0159 0.6738
vn 0.2947 0.9399 -0.1722
vn -0.3885 0.1363 -0.9113
vn 0.1629 -0.1322 0.9777
vn -0.9955 0.0902 0.0299
vn -0.1025 0.0661 -0.9925
vn -0.1044 0.0679 -0.9922
vn -0.0955 0.0593 -0.9937
vn 0.2915 0.9144 -0.2808
vn 0.3142 0.8916 -0.3260
vn 0.0301 0.9977 -0.0615
vn 0.0464 0.9983 0.0362
vn 0.0312 0.9980 -0.0550
vn -0.0207 0.9988 0.0451
vn -0.1145 0.9933 0.0159
vn -0.0135 0.9993 0.0343
vn 0.9413 0.3059 0.1431
vn 0.9601 0.1079 0.2581
vn -0.0317 -0.0017 0.9995
vn -0.0222 -0.0031 0.9997
vn -0.1237 0.0115 0.9923
vn -0.7495 0.6541 0.1018
vn 0.9988 -0.0443 0.0187
vn 0.8460 0.3342 0.4155
vn 0.6945 0.0167 -0.7193
vn -0.7058 0.7083 -0.0071
vn -0.9856 0.1442 0.0883
vn -0.9927 0.1120 0.0455
vn -0.0449 -0.9972 0.0598
vn -0.9648 -0.2629 -0.0067
vn -0.9660 -0.2584 -0.0065
vn -0.9192 -0.3936 -0.0117
vn -0.9164 -0.4001 -0.0120
vn -0.4281 0.9035 -0.0213
vn -0.4486 0.8916 -0.0623
vn -0.4809 0.8763 -0.0286
vn -0.0104 0.0140 0.9998
vn -0.0142 0.0113 0.9998
vn -0.0120 0.0129 0.9998
vn -0.0775 0.0162 -0.9969
vn -0.0837 0.0034 -0.9965
vn 0.0447 -0.0060 -0.9990
vn -0.8486 -0.1511 0.5069
vn -0.9054 -0.1863 0.3814
vn -0.8958 -0.1797 0.4065
vn -0.9275 0.0093 -0.3738
vn -0.9013 0.0049 -0.4331
vn -0.9288 0.0096 -0.3704
vn 0.0958 0.0239 -0.9951
vn 0.0648 -0.0154 -0.9978
vn 0.0594 -0.0177 -0.9981
vn 0.0027 -1.0000 -0.0046
vn -0.6297 0.3441 0.6964
vn -0.9954 -0.0680 0.0677
vn -0.9982 -0.0482 0.0358
vn -0.9780 -0.1282 0.1647
vn -0.0920 0.0560 -0.9942
vn -0.1025 0.0660 -0.9925
vn 0.3088 0.9506 -0.0318
vn 0.3111 0.9501 0.0237
vn 0.3216 0.9465 0.0269
vn -0.1090 0.9940 -0.0055
vn 0.8862 -0.0066 -0.4633
vn 0.1983 -0.0304 -0.9797
vn -0.9727 0.1030 0.2080
vn -0.8855 0.0025 -0.4646
vn -0.9274 0.0093 -0.3738
vn 0.0110 -0.9999 -0.0056
vn -0.9779 0.1979 -0.0674
vn -0.9785 0.1950 -0.0672
vn -0.9854 0.1578 -0.0646
vn 0.0873 0.9316 0.3529
vn -0.0379 0.9993 -0.0013
vn -0.0645 0.9979 -0.0071
vn 0.0500 0.9979 0.0416
vn -0.0180 0.9998 0.0020
vn 0.0133 0.9999 -0.0055
vn -0.0009 0.9733 0.2295
vn 0.4337 0.3642 0.8242
vn -0.1888 -0.0325 0.9815
vn -0.0020 0.2790 0.9603
vn 0.1545 0.8595 -0.4872
vn 0.6200 0.5185 0.5888
vn -0.8106 0.5819 -0.0660
vn -0.8107 0.5817 -0.0659
vn -0.7953 0.6045 -0.0460
vn 0.1458 0.4841 -0.8628
vn -0.5182 0.0596 0.8532
vn 0.0860 -0.1707 -0.9816
vn 0.0200 -0.2783 -0.9603
vn 0.0789 -0.1111 -0.9907
vn 0.6327 0.2983 0.7146
vn -0.9714 0.2373 0.0070
vn 0.0963 0.8562 0.5076
vn -0.0000 1.0000 -0.0000
vn -0.4108 -0.9116 0.0114
vn -0.4476 -0.8942 -0.0000
vn -0.4073 -0.9132 0.0125
vn 0.4511 0.8925 -0.0000
vn -0.0963 -0.9902 0.1014
vn -0.0121 -0.9995 0.0277
vn -0.0450 -0.9972 0.0599
vn 0.0178 -0.9998 0.0014
vn 0.0285 -0.9996 0.0014
vn -0.4146 -0.9099 0.0114
vn -0.4111 -0.9115 0.0125
vn -0.4292 0.6463 -0.6309
vn 0.0135 0.9871 -0.1593
vn -0.1287 0.9891 0.0717
vn -0.0165 0.9964 0.0837
vn -0.0543 0.9977 0.0401
vn -0.9711 -0.0068 -0.2386
vn -0.6676 0.7141 -0.2106
vn -0.3719 0.8421 -0.3906
vn -0.0431 0.9990 -0.0096
vn -0.1090 0.9933 -0.0381
vn -0.0997 0.9836 -0.1502
vn -0.1082 0.9930 -0.0479
vn -0.2228 -0.9748 -0.0114
vn -0.2196 -0.9754 -0.0169
vn -0.2112 -0.9771 -0.0260
vn -0.9876 0.1316 0.0851
vn 0.2478 0.9688 0.0067
vn -0.8318 -0.1418 0.5366
vn 0.0310 0.9982 -0.0506
vn 0.0802 0.9968 0.0058
vn 0.0749 0.9972 -0.0003
vn -0.9574 -0.0286 -0.2872
vn 0.1156 0.9922 0.0468
vn -0.8818 0.0535 0.4686
vn -0.8899 -0.4349 -0.1379
vn 0.0773 0.8583 -0.5073
vn -0.4770 0.8774 -0.0504
vn -0.1579 -0.0258 0.9871
vn -0.4696 0.5315 0.7050
vn 0.1096 -0.0172 -0.9938
vn -0.9986 -0.0313 0.0433
vn -1.0000 -0.0018 0.0025
vn -0.9922 -0.0448 0.1164
vn -0.7159 0.5625 -0.4137
vn -0.7232 0.5669 -0.3945
vn -0.7314 0.5718 -0.3717
vn 0.0959 0.0240 -0.9951
vn 0.1043 0.9764 -0.1893
vn 0.1235 0.9853 -0.1180
vn 0.0786 0.9569 -0.2797
vn 0.1285 -0.6127 -0.7798
vn -0.0720 -0.3638 0.9287
vn 0.2200 0.8438 -0.4896
vn 0.6034 -0.4459 -0.6611
vn 0.6303 -0.4090 -0.6599
vn 0.5826 -0.4728 -0.6611
vn -0.4613 -0.1991 0.8646
vn 0.1453 0.9888 -0.0332
vn -0.9909 -0.0519 -0.1242
vn -0.9986 -0.0313 0.0434
vn -0.9922 -0.0448 0.1165
vn -0.9805 0.0022 0.1964
vn -0.1897 0.2927 -0.9372
vn -0.3858 -0.9111 0.1453
vn 0.5591 -0.5015 -0.6602
vn -0.7415 0.5777 -0.3413
vn -0.3125 -0.0228 -0.9496
vn -0.2714 -0.1233 -0.9545
vn -0.3203 -0.0028 -0.9473
vn -0.9636 0.1000 0.2481
vn -0.2353 -0.8438 0.4823
vn 0.0830 -0.6877 0.7212
vn -0.3125 -0.0226 -0.9496
vn -0.3203 -0.0026 -0.9473
vn -0.3529 0.0866 -0.9316
vn 0.2234 0.7949 -0.5642
vn 0.2369 0.6099 0.7562
vn 0.6032 -0.2522 0.7567
vn -0.3633 0.7901 0.4937
vn 0.9852 -0.1634 0.0517
vn 0.9895 0.0598 0.1313
vn 0.9836 0.1437 0.1086
vn 0.9870 0.0715 0.1439
vn -0.5980 0.3447 0.7236
vn -0.3524 -0.6808 -0.6421
vn 0.1026 -0.2461 0.9638
vn -0.1079 0.2976 -0.9486
vn -0.4832 -0.0724 -0.8725
vn -0.9909 0.1249 0.0495
vn -0.9890 0.1396 0.0489
vn -0.9890 0.1394 0.0489
vn -0.1843 -0.1581 -0.9701
vn -0.1037 -0.0938 -0.9902
vn -0.2004 -0.1709 -0.9647
vn 0.9758 -0.0139 0.2184
vn 0.0457 0.0159 0.9988
vn -0.9937 -0.0979 0.0548
vn 0.9939 -0.0693 -0.0859
vn -0.1092 0.9928 -0.0493
vn -0.1665 0.9820 -0.0888
vn -0.1343 0.9887 -0.0667
vn 0.1506 -0.0982 0.9837
vn 0.2171 -0.1328 0.9671
vn 0.1023 -0.0730 0.9921
vn -0.3082 0.9513 -0.0002
vn -0.2859 0.9581 0.0188
vn -0.6396 0.5100 0.5751
vn -0.0075 0.0161 0.9998
vn -0.9977 0.0409 -0.0540
vn -0.9939 -0.0001 -0.1099
vn -0.0492 0.8203 0.5698
vn 0.0047 0.7696 0.6385
vn 0.0341 0.7386 0.6733
vn 0.9684 -0.0267 0.2478
vn -0.2699 -0.2263 -0.9359
vn -0.7305 0.6829 0.0078
vn 0.2541 0.9220 0.2922
vn 0.8301 0.5488 0.0984
vn -0.9281 0.2095 0.3079
vn -0.9280 0.2097 0.3079
vn -0.9300 0.2025 0.3066
vn 0.0029 0.9999 0.0137
vn 0.0351 0.9980 0.0535
vn 0.1238 0.9880 0.0925
vn -0.0041 0.1255 0.9921
vn 0.3856 0.9045 0.1824
vn -0.9075 -0.0475 -0.4174
vn 0.0725 -0.0367 -0.9967
vn 0.0225 0.9997 0.0064
vn 0.0934 0.9934 0.0659
vn 0.0947 0.9929 0.0720
vn -0.1052 0.0227 0.9942
vn 0.0054 -0.0213 0.9998
vn 0.0477 -0.0380 0.9981
vn 0.9911 0.0459 0.1249
vn 0.9972 0.0320 0.0672
vn 0.9985 0.0251 0.0479
vn -0.2741 0.0635 -0.9596
vn -0.0946 0.9938 -0.0585
vn -0.1190 0.9869 0.1086
vn -0.6596 0.7507 0.0375
vn -0.6041 0.7964 -0.0261
vn -0.6487 0.7606 0.0246
vn -0.0678 -0.9912 -0.1138
vn -0.0009 -1.0000 0.0015
vn -0.1434 0.0380 0.9889
vn -0.7398 0.0122 0.6727
vn -0.0586 0.9644 -0.2580
vn -0.8356 -0.3369 -0.4339
vn 0.9664 -0.1342 -0.2193
vn -0.4078 0.7630 0.5015
vn 0.0654 0.7030 0.7082
vn -0.7985 0.5160 0.3100
vn 0.1294 0.9857 0.1081
vn -0.9682 0.2401 -0.0703
vn -0.2091 0.9707 -0.1183
vn 0.0351 0.9980 0.0534
vn -0.6880 0.2973 0.6620
vn -0.9366 0.2198 0.2728
vn 0.0693 -0.2481 0.9663
vn -0.9489 0.2375 0.2080
vn -0.1853 0.9827 -0.0080
vn -0.9870 0.1534 0.0484
vn -0.2933 0.7200 -0.6290
vn -0.6859 0.7277 0.0014
vn 0.4044 0.8686 0.2865
vn -0.9260 0.2167 0.3093
vn -0.0839 0.4511 -0.8885
vn -0.4084 0.9127 0.0099
vn 0.9721 0.2297 0.0475
vn 0.9725 0.2276 0.0487
vn 0.9738 0.2263 0.0213
vn -0.1091 0.9940 -0.0055
vn -0.1468 0.9890 -0.0174
vn 0.0169 -0.0626 -0.9979
vn -0.1788 0.9761 0.1238
vn 0.9035 0.0242 0.4280
vn 0.9920 0.0445 0.1184
vn 0.9911 0.0460 0.1249
vn 0.6705 0.0991 0.7353
vn -0.1085 0.3800 0.9186
vn -0.0120 0.3987 0.9170
vn -0.1616 0.2534 -0.9538
vn 0.1264 0.9862 0.1067
vn -0.2897 -0.1870 0.9387
vn -0.2243 0.8225 -0.5227
vn -0.4536 0.8892 -0.0598
vn 0.9846 0.1698 -0.0429
vn 0.9519 0.2990 0.0668
vn 0.9650 0.2606 0.0282
vn -0.9472 0.3200 0.0209
vn -0.1931 0.9524 -0.2359
vn -0.1950 -0.2353 0.9522
vn -0.0692 0.9904 -0.1201
vn 0.0933 0.2074 0.9738
vn 0.0002 0.1472 0.9891
vn 0.2548 0.2544 0.9329
vn 0.0694 -0.0558 0.9960
vn -0.4084 0.9128 0.0099
vn -0.8849 0.1247 -0.4488
vn -0.4966 0.8679 -0.0068
vn -0.4500 0.8906 0.0651
vn -0.5085 0.8607 -0.0261
vn 0.3445 0.9385 0.0237
vn -0.7052 0.7090 -0.0018
vn -0.1855 0.9826 0.0135
vn -0.8762 0.4432 0.1895
vn -0.2032 -0.9790 -0.0191
vn 0.9703 0.2390 0.0362
vn -0.7010 0.7075 0.0901
vn -0.6596 0.7507 0.0376
vn -0.6488 0.7606 0.0246
vn -0.4698 0.3848 -0.7945
vn 0.0519 0.7854 -0.6168
vn 0.0883 0.9957 0.0262
vn 0.9933 0.0263 0.1122
vn -0.0619 0.8599 0.5067
vn -0.0560 0.8620 0.5038
vn -0.0583 0.8612 0.5049
vn 0.0107 0.9999 0.0061
vn -0.7872 0.5874 0.1879
vn -0.7952 0.5896 0.1412
vn -0.7941 0.5894 0.1486
vn -0.3625 0.8409 0.4019
vn -0.7124 0.6888 -0.1340
vn -0.5489 -0.1279 -0.8260
vn -0.6933 -0.0860 -0.7155
vn -0.6592 -0.0968 -0.7457
vn -0.5244 -0.1341 -0.8409
vn -0.7316 0.6802 0.0468
vn -0.0721 -0.0109 -0.9973
vn -0.1043 0.0001 -0.9945
vn 0.2018 -0.1027 0.9740
vn -0.0582 0.8612 0.5049
vn -0.0646 0.8589 0.5080
vn -0.4774 0.8735 -0.0955
vn 0.0069 -0.6350 0.7725
vn 0.9994 0.0026 -0.0343
vn -0.2387 0.8229 -0.5156
vn -0.7834 0.4584 0.4197
vn -0.9487 -0.0451 0.3129
vn -0.9967 0.0650 0.0477
vn -0.9874 0.1051 0.1183
vn -0.9890 0.1209 0.0850
vn -0.5247 0.8496 -0.0533
vn 0.9856 0.1511 -0.0757
vn 0.9846 0.1697 -0.0429
vn 0.9856 0.1511 -0.0756
vn 0.9873 0.1535 -0.0411
vn 0.7047 0.2355 0.6693
vn -0.1476 0.9544 0.2595
vn -0.0180 -0.0274 0.9995
vn 0.6291 0.7703 -0.1042
vn 0.0795 0.9776 0.1947
vn -0.1134 0.9917 -0.0599
vn -0.1361 0.9894 0.0512
vn -0.1417 0.9854 0.0943
vn -0.9520 0.3045 0.0305
vn -0.0692 0.9904 -0.1200
vn -0.0937 0.9703 -0.2228
vn -0.1478 0.9889 -0.0155
vn -0.9834 -0.1812 -0.0000
vn 0.4349 0.8925 -0.1193
vn 0.4339 0.8929 -0.1205
vn 0.4325 0.8933 -0.1222
vn -0.7061 0.4774 -0.5230
vn -0.9890 0.1209 0.0851
vn -0.8008 0.5905 0.1005
vn 0.9569 -0.2864 0.0474
vn 0.4363 0.8921 -0.1176
vn -0.9526 -0.1263 -0.2768
vn -0.9527 -0.1256 -0.2767
vn -0.9474 -0.1581 -0.2782
vn -0.4810 0.8763 -0.0285
vn -0.3089 0.9509 0.0193
vn -0.9785 -0.1417 0.1495
vn -0.9773 -0.1344 0.1639
vn -0.9753 -0.1251 0.1821
vn 0.0197 -0.4900 -0.8715
vn -0.1045 0.9930 -0.0546
vn -0.9951 -0.0848 0.0505
vn 0.0505 0.9980 -0.0383
vn -0.2068 0.1169 0.9714
vn 0.0292 0.9253 0.3782
vn 0.3020 0.9432 0.1384
vn 0.7842 0.1729 0.5960
vn -0.8457 -0.3894 0.3649
vn 0.5051 -0.0363 0.8623
vn 0.2531 -0.3288 0.9099
vn 0.1244 -0.1688 0.9778
vn 0.1859 -0.2453 0.9514
vn 0.1859 -0.2453 0.9515
vn 0.1243 -0.1688 0.9778
vn 0.1052 -0.1450 0.9838
vn -0.7505 -0.6607 -0.0159
vn -0.7484 -0.6631 -0.0164
vn -0.7649 -0.6440 -0.0120
vn -0.3207 0.5783 -0.7502
vn -0.4595 0.4691 0.7542
vn -0.0066 -0.2133 -0.9770
vn -0.1675 0.1211 0.9784
vn 0.8050 0.5653 0.1800
vn 0.8713 0.4824 0.0902
vn 0.8370 0.5291 0.1397
vn -0.0568 -0.0439 0.9974
vn -0.0186 0.9976 -0.0672
vn -0.0720 0.7814 0.6199
vn -0.8760 0.4807 -0.0384
vn -0.8865 0.4620 -0.0270
vn -0.9272 0.3742 0.0155
vn -0.7662 -0.6425 -0.0116
vn -0.8943 0.4475 0.0004
vn -0.9422 0.3346 0.0183
vn -0.9378 0.3467 0.0164
vn -0.9734 -0.1176 0.1965
vn 0.2945 0.9530 -0.0707
vn -0.0414 0.0969 0.9944
vn -0.0141 0.1360 0.9906
vn -0.0737 0.0499 0.9960
vn 0.1113 0.9851 -0.1312
vn 0.0730 0.9964 -0.0432
vn 0.0505 0.9980 -0.0384
vn -1.0000 -0.0070 -0.0013
vn 0.0016 -0.3086 0.9512
vn -0.5152 0.5716 0.6386
vn 0.8369 0.5292 0.1398
vn 0.7513 0.6153 0.2387
vn 0.1958 -0.0898 0.9765
vn 0.1961 -0.0904 0.9764
vn -0.1094 0.4242 -0.8989
vn -0.0362 0.2838 -0.9582
vn -0.0852 0.8926 0.4426
vn -0.1227 0.9206 0.3707
vn -0.1086 0.9108 0.3982
vn -0.0712 0.8807 0.4684
vn -0.9754 -0.0217 0.2195
vn -0.9585 -0.0388 0.2824
vn -0.9804 0.0622 0.1868
vn 0.9998 0.0047 -0.0175
vn 0.9988 0.0473 -0.0082
vn 0.1125 0.3617 0.9255
vn 0.0507 -0.1510 0.9872
vn -0.1594 0.7829 -0.6013
vn 0.9683 -0.2448 0.0491
vn -0.0523 0.4072 0.9118
vn -0.0350 0.9783 0.2043
vn 0.0016 0.9716 0.2364
vn 0.0332 0.9640 0.2637
vn 0.1961 -0.0906 0.9764
vn 0.1960 -0.0903 0.9764
vn -0.3664 -0.0053 0.9305
vn -0.1382 0.0668 0.9881
vn -0.9091 0.1876 0.3719
vn -0.9401 0.2385 0.2434
vn -0.9441 0.2482 0.2168
vn 0.0412 0.9982 0.0425
vn 0.6720 0.7405 0.0038
vn 0.6590 0.7521 -0.0028
vn 0.7414 0.6697 0.0415
vn -0.4145 0.3493 0.8403
vn -0.1235 0.9918 -0.0330
vn -0.0967 0.9936 -0.0579
vn -0.1030 0.9941 -0.0329
vn 0.1703 0.9854 0.0071
vn 0.0276 0.9996 -0.0066
vn 0.0571 0.9973 -0.0470
vn 0.0085 0.9999 -0.0066
vn 0.0028 0.9967 -0.0809
vn -0.7456 -0.0064 0.6663
vn 0.0209 0.1858 0.9824
vn 0.0457 0.5905 0.8057
vn -0.0280 0.6165 0.7868
vn 0.0220 0.5993 0.8002
vn -0.0482 0.6229 0.7808
vn -0.0460 0.9012 -0.4309
vn -0.8666 -0.3871 0.3148
vn -0.8735 -0.3742 0.3115
vn -0.9126 -0.2891 0.2891
vn -0.9917 0.0253 0.1260
vn -0.9944 0.0177 0.1043
vn -0.9993 -0.0252 -0.0268
vn -0.3821 0.6205 -0.6848
vn -0.6254 -0.0057 -0.7803
vn -0.5120 0.0982 -0.8533
vn -0.5318 0.0587 -0.8448
vn -0.4171 0.8721 0.2560
vn -0.1707 0.9770 -0.1275
vn 0.0764 0.9945 -0.0711
vn -0.0468 0.0784 0.9958
vn -0.0800 0.0419 0.9959
vn -0.0388 0.0872 0.9954
vn -0.7428 0.6290 -0.2295
vn -0.9996 0.0091 0.0283
vn -0.9994 0.0157 0.0311
vn -0.9946 0.0212 0.1015
vn -0.0000 -1.0000 0.0005
vn -0.9091 0.1876 0.3720
vn -0.8916 0.1662 0.4211
vn 0.0874 0.9951 -0.0453
vn -0.6086 0.0313 -0.7929
vn 0.1134 -0.0365 0.9929
vn -0.0917 0.9952 0.0346
vn -0.0133 0.9933 0.1150
vn -0.0479 0.9957 0.0797
vn 0.0261 0.9876 0.1547
vn 0.0446 0.9888 -0.1423
vn 0.0745 0.9514 0.2987
vn -0.9527 -0.1255 -0.2767
vn -0.9574 -0.0891 -0.2747
vn 0.9346 0.3490 0.0680
vn 0.9055 0.4227 0.0379
vn 0.9098 0.4132 0.0391
vn 0.8351 0.5501 -0.0058
vn 0.4759 -0.1232 0.8708
vn 0.7515 0.6581 0.0473
vn -0.9700 -0.2144 0.1147
vn -0.4613 0.8765 0.1377
vn 0.0968 0.9940 0.0518
vn 0.0257 0.9995 -0.0175
vn -0.0166 0.9990 -0.0424
vn -0.9817 -0.1907 0.0002
vn -0.9916 -0.1292 -0.0103
vn -0.9903 -0.1384 -0.0086
vn -0.6357 -0.0026 -0.7719
vn -0.0991 -0.0060 -0.9951
vn -0.0423 0.8008 0.5974
vn -0.5225 0.8133 -0.2562
vn -0.1947 -0.9808 -0.0114
vn -0.8918 -0.4517 -0.0271
vn -0.8788 -0.4760 -0.0324
vn -0.9366 -0.3504 -0.0056
vn 0.0806 0.9966 0.0164
vn -0.0542 0.9977 0.0401
vn -0.0164 0.9964 0.0837
vn -0.1299 0.9907 -0.0412
vn -0.0571 0.0447 -0.9974
vn 0.0051 -0.1355 -0.9908
vn -0.0482 0.0187 -0.9987
vn -0.9998 0.0188 0.0054
vn -0.9762 0.1313 0.1724
vn -0.0796 0.9372 -0.3397
vn -0.9182 -0.2748 0.2852
vn -0.8712 -0.4894 0.0387
vn -0.8894 0.4571 -0.0012
vn 0.4155 0.9094 0.0171
vn -0.5981 0.8007 -0.0332
vn -0.1879 0.9821 -0.0127
vn -0.8962 -0.3657 0.2513
vn -0.9924 0.0603 -0.1070
vn -0.9965 0.0454 -0.0704
vn -0.9986 0.0336 -0.0414
vn -0.1600 0.5297 0.8330
vn -0.1050 0.5527 0.8267
vn -0.1291 0.5429 0.8298
vn 0.0106 0.9996 -0.0249
vn -0.0134 0.1149 0.9933
vn 0.0685 0.1364 0.9883
vn 0.0655 0.1547 0.9858
vn 0.0688 0.1346 0.9885
vn -0.6223 0.7615 0.1813
vn -0.6248 0.7099 0.3250
vn -0.6239 0.7529 0.2096
vn -0.7761 0.0482 0.6287
vn -0.2318 0.1150 0.9659
vn -0.1895 0.1485 0.9706
vn -0.2091 0.1331 0.9688
vn 0.5076 0.8613 0.0252
vn 0.1859 0.9826 0.0016
vn 0.1549 0.9879 0.0094
vn -0.0399 0.9991 0.0135
vn 0.8296 0.5511 0.0902
vn -0.9440 0.0957 0.3159
vn -0.9507 0.1017 0.2930
vn -0.9379 0.0906 0.3348
vn -0.6238 0.6997 0.3482
vn -0.1424 0.1715 0.9748
vn -0.9405 -0.3398 -0.0034
vn 0.8307 0.5433 0.1213
vn -0.6382 -0.7699 -0.0007
vn -0.6762 -0.7367 -0.0034
vn -0.6753 -0.7376 -0.0033
vn -0.9996 0.0091 0.0284
vn -0.9845 -0.0003 0.1756
vn -0.9949 0.0233 0.0977
vn -0.1163 0.9890 -0.0917
vn -0.0055 -1.0000 0.0051
vn 0.0990 0.3129 -0.9446
vn -0.9739 -0.0202 -0.2259
vn -0.9736 -0.0730 -0.2164
vn -0.9682 -0.0234 -0.2489
vn 0.9782 0.2057 -0.0274
vn -0.9786 0.0944 -0.1828
vn 0.0119 -0.1548 -0.9879
vn -0.9457 -0.3217 -0.0460
vn -0.8329 0.5534 0.0021
vn 0.0041 0.9929 0.1190
vn 0.9787 0.2054 -0.0006
vn 0.9740 0.2262 0.0142
vn -0.6346 -0.7729 -0.0004
vn -0.4728 0.1962 -0.8591
vn 0.3917 0.1450 0.9086
vn -0.1834 0.5192 0.8347
vn -0.7544 0.5590 0.3442
vn 0.9189 0.0644 0.3892
vn -0.9991 -0.0134 -0.0393
vn 0.9483 0.2778 -0.1535
vn -0.8373 0.2882 0.4647
vn -0.7252 0.0412 0.6873
vn -0.9989 0.0460 0.0094
vn 0.1162 -0.1977 0.9733
vn -0.3696 0.4321 0.8226
vn -0.7552 0.6520 -0.0674
vn -0.7323 0.6794 -0.0456
vn -0.7892 0.6055 -0.1021
vn -0.9993 -0.0252 -0.0267
vn -0.9989 0.0459 0.0094
vn 0.8585 0.5101 -0.0532
vn -0.1319 -0.9913 -0.0016
vn -0.3873 0.0029 0.9220
vn -0.3762 0.0748 0.9235
vn -0.3607 0.1588 0.9191
vn -0.9272 0.3741 0.0156
vn -0.9632 0.2682 0.0161
vn -0.9130 0.0720 0.4015
vn -0.2194 0.3333 -0.9169
vn -0.2138 -0.9762 -0.0362
vn -0.2032 -0.9790 -0.0192
vn 0.9824 0.1860 0.0187
vn 0.9800 0.1970 0.0268
vn -0.4523 0.8918 -0.0078
vn -0.9789 -0.2045 -0.0020
vn -0.9816 -0.1907 0.0002
vn -0.9996 -0.0270 0.0131
vn -0.9933 -0.0758 0.0873
vn -0.9985 -0.0336 0.0431
vn -0.9611 0.2720 -0.0484
vn -0.2507 0.0997 0.9629
vn -0.2319 0.1150 0.9659
vn -0.0501 0.9984 0.0265
vn 0.0714 0.1183 0.9904
vn -0.4567 0.0051 0.8896
vn -0.9979 0.0161 0.0635
vn -0.9997 0.0209 -0.0105
vn 0.0037 -0.0228 0.9997
vn 0.0234 -0.0305 0.9993
vn -0.1614 -0.0173 0.9867
vn -0.5420 0.8404 0.0003
vn -0.8096 0.5736 -0.1246
vn -0.8928 0.4474 -0.0524
vn -0.8956 0.4115 -0.1692
vn -0.8944 0.4409 -0.0754
vn -0.4043 0.9127 -0.0589
vn -0.9981 0.0498 0.0365
vn -0.9981 0.0032 0.0620
vn -0.9699 0.2432 0.0134
vn -0.8845 0.4661 0.0193
vn -0.8928 0.4475 -0.0524
vn -0.4253 0.9047 0.0248
vn -0.1342 0.9847 -0.1111
vn -0.1162 0.9890 -0.0917
vn -0.0523 0.0100 0.9986
vn -0.0846 0.0203 0.9962
vn -0.9490 -0.0066 0.3153
vn 0.6851 0.6809 -0.2588
vn 0.7065 0.6191 -0.3429
vn 0.6849 0.6814 -0.2581
vn -0.7139 -0.6520 -0.2554
vn 0.8813 -0.3930 0.2624
vn -0.7196 -0.0958 -0.6877
vn -0.0400 0.9894 0.1394
vn 0.0968 0.9940 0.0519
vn -0.5521 -0.0644 0.8313
vn -0.6049 -0.2067 0.7690
vn -0.6161 -0.0666 0.7848
vn 0.5088 0.8121 -0.2858
vn -0.8864 0.1016 0.4515
vn 0.6585 0.7311 -0.1786
vn -0.2365 0.1105 0.9653
vn 0.2312 -0.9592 -0.1628
vn -0.4187 -0.4345 -0.7974
vn 0.0387 -0.2347 0.9713
vn -0.9715 0.0585 0.2299
vn 0.5839 0.3961 -0.7086
vn -0.6358 0.7005 0.3241
vn -0.9682 -0.0233 -0.2489
vn -0.9212 -0.0478 -0.3862
vn -0.9355 -0.0288 -0.3520
vn -0.0450 0.9988 -0.0185
vn 0.3119 0.9477 0.0675
vn 0.2831 0.9580 0.0452
vn 0.2910 0.9563 0.0279
vn -0.2979 0.3394 -0.8922
vn -0.9783 -0.1911 -0.0795
vn -0.9925 -0.0768 -0.0956
vn -0.9918 -0.0857 -0.0944
vn 0.6390 0.0673 0.7663
vn -0.9489 0.2772 -0.1506
vn 0.9307 0.2784 -0.2373
vn -0.7255 0.6844 -0.0727
vn -0.7249 0.6814 -0.1015
vn -0.7210 0.6896 -0.0674
vn -0.9705 0.2158 -0.1073
vn -0.9492 0.1747 -0.2619
vn -0.9734 0.1997 -0.1125
vn 0.0281 0.5035 -0.8635
vn -0.1846 0.8915 -0.4136
vn -0.0397 0.9734 0.2255
vn -0.0716 0.9640 0.2560
vn -0.1061 0.9769 0.1857
vn -0.1993 0.1824 0.9628
vn -0.0752 -0.0006 0.9972
vn -0.9553 0.1773 -0.2367
vn 0.0535 0.2626 -0.9634
vn 0.0598 0.2833 -0.9572
vn 0.0580 0.2774 -0.9590
vn -0.8258 0.5272 0.2003
vn -0.8172 0.5509 0.1697
vn -0.7949 0.5977 0.1048
vn -0.9775 0.1362 -0.1613
vn 0.0893 0.0535 -0.9946
vn 0.0157 0.9997 0.0163
vn 0.0144 0.9997 0.0180
vn -0.0492 0.9988 0.0047
vn 0.0031 0.3504 -0.9366
vn -0.9783 -0.2071 -0.0028
vn -0.3957 -0.0639 0.9161
vn -0.9249 0.2242 -0.3071
vn -0.9491 0.1747 -0.2619
vn -0.9983 -0.0046 -0.0574
vn -0.1386 0.9903 0.0080
vn -0.2761 0.9593 -0.0585
vn -0.3296 0.9441 -0.0080
vn -0.3193 0.9476 -0.0071
vn -0.3189 0.9478 -0.0070
vn -0.5883 -0.0222 0.8083
vn -0.9681 0.1578 0.1946
vn -0.2144 -0.0344 0.9761
vn -0.8157 0.5779 -0.0247
vn -0.8117 0.5833 -0.0295
vn -0.8079 0.5884 -0.0332
vn -0.9121 0.0739 -0.4033
vn -0.1268 -0.9907 -0.0490
vn -0.0730 -0.9969 -0.0281
vn -0.0807 -0.9963 -0.0311
vn 0.2800 0.8644 -0.4176
vn 0.4221 0.1244 0.8980
vn 0.4095 0.1359 0.9022
vn 0.3945 0.1493 0.9067
vn -0.9466 -0.1648 -0.2771
vn 0.9813 0.1925 0.0069
vn 0.9796 0.2010 0.0027
vn -0.6790 -0.7331 0.0401
vn 0.8331 -0.5531 0.0008
vn -0.7271 0.6732 -0.1346
vn -0.6488 0.0040 0.7609
vn -0.6161 -0.0666 0.7849
vn -0.6405 -0.0131 0.7679
vn -0.1337 -0.9897 -0.0517
vn -0.3447 0.9008 0.2640
vn -0.9638 0.0415 -0.2634
vn -0.0160 0.2458 0.9692
vn -0.0766 0.0820 0.9937
vn -0.0329 0.2010 0.9790
vn -0.9659 0.1942 0.1712
vn -0.9877 0.1488 0.0471
vn -0.9734 0.1730 0.1500
vn -0.9737 0.1409 0.1793
vn -0.8060 0.5908 -0.0357
vn 0.0526 0.2596 -0.9643
vn -0.0786 0.9953 0.0559
vn -0.0098 0.9629 0.2697
vn -0.0634 0.9698 0.2354
vn 0.0322 0.9991 -0.0278
vn -0.0000 1.0000 -0.0096
vn 0.0176 0.9997 -0.0196
vn -0.5216 0.8529 0.0208
vn -0.4016 0.9151 -0.0359
vn -0.4112 0.9109 -0.0344
vn -0.9959 0.0679 0.0603
vn -0.9967 0.0489 0.0645
vn -0.9939 0.0543 0.0955
vn -0.0290 0.8515 0.5236
vn -0.1202 0.9558 0.2682
vn -0.8030 -0.5956 -0.0215
vn 0.1614 -0.0043 -0.9869
vn 0.7248 0.0655 -0.6858
vn -0.9761 -0.1077 -0.1888
vn -0.9665 -0.1888 -0.1737
vn -0.9777 -0.0827 -0.1932
vn -0.2070 0.9626 -0.1749
vn 0.0175 0.0287 -0.9994
vn 0.0125 0.0238 -0.9996
vn 0.0033 0.0280 -0.9996
vn -0.7153 -0.6685 0.2034
vn 0.0493 0.9981 -0.0375
vn -0.4941 0.0996 0.8637
vn -0.9761 -0.1078 -0.1888
vn -0.9640 -0.2040 -0.1707
vn -0.9665 -0.1889 -0.1737
vn 0.3292 0.8422 -0.4269
vn -0.9206 0.2217 0.3214
vn -0.7383 0.6440 -0.2006
vn -0.7271 0.6732 -0.1347
vn -0.5520 -0.0643 0.8313
vn 0.5229 0.4779 -0.7058
vn -0.0686 0.1854 0.9803
vn -0.0606 0.1585 0.9855
vn -0.1070 0.0585 0.9925
vn -0.0190 -0.0114 -0.9998
vn -0.0324 -0.0083 -0.9994
vn 0.0167 -0.0060 -0.9998
vn -0.1022 0.0098 0.9947
vn 0.8721 0.4826 -0.0804
vn 0.8585 0.5100 -0.0532
vn -0.1298 0.9907 -0.0413
vn -0.9984 -0.0448 -0.0339
vn -0.9996 -0.0269 0.0131
vn -0.9985 -0.0336 0.0430
vn -0.6537 0.7451 -0.1324
vn -0.6151 0.7814 -0.1057
vn -0.6896 0.7066 -0.1585
vn 0.3693 0.9178 0.1454
vn 0.3119 0.9477 0.0676
vn 0.3286 0.9413 0.0766
vn 0.4360 0.1115 0.8930
vn -0.9720 0.2346 -0.0106
vn -0.9771 0.2127 -0.0094
vn -0.9996 0.0272 -0.0107
vn -0.9932 0.1157 0.0138
vn -0.8059 0.5910 -0.0340
vn -0.2689 -0.6315 0.7273
vn -0.0868 0.9936 0.0720
vn 0.9810 0.1937 0.0069
vn 0.9785 0.2056 0.0151
vn 0.9847 0.1739 0.0134
vn -0.5040 0.8632 0.0281
vn -0.9961 -0.0728 -0.0505
vn -0.0948 0.0740 0.9927
vn 0.8201 -0.1705 -0.5462
vn -0.4973 -0.0003 0.8676
vn -0.9926 0.0555 0.1083
vn 0.0143 -0.0571 0.9983
vn -0.1070 0.0584 0.9925
vn -0.0855 0.0668 0.9941
vn 0.7103 0.6953 0.1096
vn -0.1784 0.9837 0.0216
vn -0.0594 0.9982 -0.0086
vn -0.9960 -0.0895 -0.0040
vn -0.9990 -0.0431 0.0106
vn -0.8843 0.0458 -0.4646
vn -0.1426 0.1462 -0.9789
vn 0.0231 0.5041 -0.8634
vn 0.0612 -0.0091 -0.9981
vn 0.0478 -0.0139 -0.9988
vn -0.9996 0.0259 -0.0095
vn -0.3037 0.9503 -0.0678
vn -0.4675 -0.8838 -0.0191
vn -0.9371 0.0665 -0.3426
vn -0.0017 0.1266 0.9920
vn -0.0197 0.2161 0.9762
vn 0.0024 0.1440 0.9896
vn 0.9826 0.1857 0.0054
vn -0.9900 -0.0263 0.1387
vn -0.9922 -0.0809 0.0949
vn -0.9788 -0.1930 0.0687
vn -0.8314 0.5457 -0.1042
vn -0.6458 0.6239 0.4401
vn -0.6677 0.6398 0.3805
vn -0.6198 0.6043 0.5007
vn -0.6814 -0.7186 0.1393
vn 0.0447 -0.8523 -0.5211
vn -0.2824 0.9354 -0.2129
vn -0.2717 0.9087 -0.3168
vn -0.2712 0.9073 -0.3214
vn -0.3374 0.9412 0.0179
vn -0.2314 0.9728 -0.0058
vn -0.2484 0.9687 -0.0021
vn -0.7206 0.6691 -0.1819
vn -0.5556 0.8298 0.0516
vn -0.9818 0.1635 0.0971
vn -0.3658 0.9302 0.0289
vn -0.2659 0.9595 -0.0927
vn -0.3230 0.9461 -0.0245
vn -0.4394 -0.8980 0.0229
vn -0.9612 0.0281 -0.2745
vn -0.9406 0.0175 -0.3391
vn -0.0777 0.0252 -0.9967
vn -0.4626 0.3270 -0.8241
vn 0.0226 0.0292 -0.9993
vn 0.0124 0.0238 -0.9996
vn -0.8226 0.0290 0.5679
vn -0.8203 0.0287 0.5712
vn -0.8378 0.0216 0.5456
vn -0.7565 0.6469 -0.0957
vn -0.8269 0.5553 -0.0890
vn -0.7363 0.6697 -0.0973
vn -0.8556 0.5105 -0.0855
vn 0.2298 0.2256 -0.9467
vn -0.2646 0.8706 0.4148
vn -0.3059 0.8367 0.4542
vn -0.2667 0.8689 0.4169
vn -0.8883 0.3864 -0.2483
vn -0.8430 0.4471 -0.2992
vn -0.8615 0.4239 -0.2797
vn -0.2828 0.9588 0.0287
vn -0.1125 0.9936 0.0071
vn -0.1237 0.9923 0.0085
vn -0.1064 -0.9941 0.0228
vn -0.9785 0.2049 0.0235
vn -0.9714 0.2253 0.0752
vn -0.2465 0.8839 0.3974
vn -0.9286 0.0245 -0.3702
vn -0.8844 0.0458 -0.4646
vn -0.6882 0.6539 0.3144
vn -0.6678 0.6398 0.3805
vn -0.6459 0.6239 0.4400
vn -0.3488 0.9370 0.0205
vn 0.8370 0.5472 0.0029
vn 0.8846 0.4660 0.0201
vn 0.8904 0.4546 0.0221
vn -0.0728 0.9877 -0.1385
vn -0.0987 0.9753 -0.1978
vn -0.0685 0.9893 -0.1288
vn -0.5622 -0.0019 0.8270
vn -0.3303 0.9439 -0.0080
vn 0.0970 -0.6218 0.7772
vn -0.9992 -0.0045 -0.0404
vn -0.9774 -0.0199 -0.2106
vn -0.9946 -0.0590 -0.0853
vn -0.9910 -0.0018 -0.1335
vn -0.6521 0.4800 -0.5868
vn -0.5476 0.7973 -0.2539
vn -0.6133 0.0375 0.7890
vn -0.4974 -0.0003 0.8675
vn -0.6488 0.0040 0.7610
vn -0.4132 0.9073 -0.0776
vn -0.8174 0.2622 -0.5129
vn -0.1566 0.9490 0.2736
vn 0.0961 -0.0127 -0.9953
vn -0.9560 0.1400 0.2577
vn -0.5437 0.7691 0.3360
vn -0.9756 -0.2046 -0.0791
vn -0.9997 -0.0186 0.0155
vn -0.7943 0.5004 -0.3446
vn -0.2712 0.9072 -0.3215
vn -0.2718 0.9087 -0.3169
vn -0.2569 0.8688 -0.4232
vn -0.2828 0.9587 0.0287
vn -0.2973 0.9543 0.0305
vn -0.0151 0.9880 0.1537
vn 0.8391 0.5440 -0.0054
vn 0.9664 0.2570 0.0021
vn 0.9655 0.2605 -0.0023
vn 0.9690 0.2468 0.0085
vn -0.3993 0.9140 0.0722
vn 0.0094 0.1092 0.9940
vn 0.0057 0.0974 0.9952
vn -0.7091 -0.5824 -0.3975
vn -0.4733 0.8786 -0.0629
vn -0.5667 0.8239 0.0108
vn -0.1163 0.9923 0.0426
vn -0.8143 0.0629 -0.5770
vn -0.3625 -0.0221 -0.9317
vn -0.4524 -0.8905 -0.0483
vn -0.4501 -0.8917 -0.0477
vn -0.4305 -0.9016 -0.0418
vn -0.1149 0.9917 -0.0577
vn -0.2127 0.9766 -0.0317
vn -0.2469 0.9688 -0.0218
vn 0.0612 0.4446 0.8936
vn -0.3717 0.9198 -0.1257
vn -0.4045 0.8931 -0.1969
vn -0.3722 0.9245 -0.0825
vn -0.0511 0.9947 -0.0890
vn -0.8967 0.4180 -0.1457
vn -0.8669 0.4574 -0.1983
vn -0.8818 0.4388 -0.1731
vn -0.9840 0.1763 -0.0238
vn -0.9921 0.0614 -0.1090
vn -0.9921 0.0520 -0.1146
vn 0.0002 -1.0000 0.0002
vn 0.0005 -1.0000 0.0020
vn -0.9027 0.0422 0.4282
vn -0.9509 0.0332 -0.3077
vn -0.2285 0.9705 -0.0770
vn -0.3299 0.9436 -0.0274
vn -0.3089 0.9503 -0.0379
vn -0.9949 0.0937 -0.0381
vn -0.8963 0.4386 -0.0657
vn -0.9070 0.4182 -0.0490
vn -0.1641 0.0141 0.9863
vn -0.9329 0.1575 0.3238
vn 0.0301 0.0377 -0.9988
vn 0.0889 -0.0238 -0.9958
vn -0.9918 0.1270 0.0125
vn 0.0093 0.1089 0.9940
vn 0.0776 0.0321 0.9965
vn -0.9268 0.3326 0.1743
vn -0.9487 0.2946 0.1149
vn -0.9286 0.3299 0.1700
vn -0.4495 0.1671 -0.8775
vn -0.8973 0.4359 -0.0692
vn 0.1047 0.1159 -0.9877
vn -0.9982 0.0317 0.0505
vn -0.9992 -0.0045 -0.0403
vn -0.2221 0.3413 -0.9133
vn -0.2557 0.8967 0.3612
vn -0.2663 0.8963 0.3547
vn -0.9952 0.0044 0.0973
vn -0.9941 0.0108 0.1080
vn -0.9923 0.0194 0.1224
vn -0.9495 0.0243 -0.3127
vn -0.5713 0.8090 -0.1384
vn -0.5071 0.8394 -0.1955
vn -0.6011 0.7708 -0.2111
vn -0.7532 -0.0445 -0.6563
vn -0.7219 -0.0441 -0.6906
vn -0.7427 -0.0444 -0.6682
vn -0.9939 0.1084 0.0195
vn -0.9478 0.0228 -0.3180
vn -0.9743 0.2240 0.0223
vn -0.9124 -0.0537 -0.4057
vn -0.4278 -0.9029 -0.0410
vn -0.9989 0.0265 0.0377
vn -0.9907 0.0262 0.1336
vn 0.9898 0.1423 -0.0034
vn -0.9139 0.3511 0.2039
vn -0.0832 0.9937 0.0751
vn -0.5192 0.8510 -0.0788
vn -0.7625 -0.0447 -0.6454
vn -0.7460 0.6648 -0.0387
vn -0.8364 0.0209 0.5478
vn 0.6982 0.4006 0.5933
vn -0.1837 0.9827 0.0230
vn -0.9059 0.4039 -0.1273
vn -0.6227 0.7788 -0.0761
vn -0.9685 0.2445 0.0479
vn -0.9615 0.2687 0.0575
vn -0.9915 0.1293 0.0139
vn -0.3946 -0.1893 0.8991
vn -0.9980 0.0386 -0.0497
vn -0.9997 0.0145 -0.0220
vn -0.5680 0.7885 -0.2361
vn -0.9245 -0.1273 -0.3592
vn 0.8407 0.5415 -0.0074
vn -0.4059 0.2704 0.8730
vn -0.5502 0.8350 0.0079
vn -0.1163 -0.0189 -0.9930
vn -0.0638 0.0300 -0.9975
vn -0.0508 0.0357 -0.9981
vn -0.9756 -0.2049 -0.0792
vn -0.6851 -0.4042 -0.6060
vn -0.4330 0.8948 -0.1088
vn -0.5103 0.8375 -0.1953
vn -0.4762 0.8653 -0.1564
vn -0.3599 0.7117 -0.6033
vn -0.2075 0.9744 -0.0869
vn -0.3904 0.9184 -0.0636
vn -0.1326 0.9789 -0.1553
vn -0.0780 0.9939 -0.0782
vn 0.0069 0.9999 -0.0099
vn 0.0190 0.9994 0.0276
vn -0.9753 0.2209 -0.0069
vn -0.9393 0.3387 0.0551
vn -0.9212 0.3825 0.0711
vn -0.0079 -1.0000 0.0021
vn -0.9785 0.2058 -0.0145
vn -0.9234 0.3040 -0.2345
vn -0.0740 0.7069 0.7034
vn 0.9905 0.1374 -0.0041
vn -0.2025 0.9766 -0.0726
vn -0.1329 -0.0538 -0.9897
vn -0.7518 0.6582 0.0401
vn -0.7620 0.6475 0.0106
vn -0.7476 0.6641 -0.0059
vn -0.9903 -0.0233 -0.1372
vn -0.9930 0.0026 -0.1180
vn -0.9948 0.0008 -0.1023
vn -0.7394 -0.0538 -0.6711
vn -0.2538 0.9672 -0.0104
vn -0.3644 0.9311 -0.0195
vn -0.2429 0.9700 -0.0117
vn -0.4917 0.0069 -0.8707
vn -0.4063 0.0364 -0.9130
vn -0.4750 0.0278 -0.8795
vn -0.0624 0.9931 0.0992
vn -0.4312 -0.1928 -0.8814
vn -0.4009 0.9149 -0.0478
vn -0.4045 0.9135 -0.0440
vn -0.4074 0.9123 -0.0409
vn -0.6896 -0.0595 -0.7217
vn -0.4687 0.8652 -0.1780
vn -0.4550 0.8617 -0.2243
vn -0.4702 0.8655 -0.1726
vn -0.5730 0.8194 0.0145
vn -0.5816 0.8129 0.0297
vn -0.5918 0.8047 0.0480
vn 0.1279 0.3146 -0.9406
vn 0.5428 0.8344 -0.0960
vn -0.2484 -0.0182 0.9685
vn -0.3599 0.0393 0.9321
vn -0.2804 -0.0083 0.9598
vn -0.9921 -0.0208 -0.1234
vn -0.9947 -0.0096 -0.1026
vn -0.9977 -0.0447 -0.0510
vn -0.3235 0.0731 0.9434
vn -0.9978 -0.0646 -0.0160
vn -0.9985 -0.0353 -0.0420
vn -0.9986 -0.0500 -0.0146
vn 0.8387 -0.0272 0.5439
vn -0.1245 0.1741 -0.9768
vn -0.4831 0.8667 -0.1241
vn -0.0226 0.0079 0.9997
vn -0.0160 -0.0444 0.9989
vn -0.0503 0.0574 0.9971
vn -0.9584 0.2853 -0.0088
vn 0.9156 0.3922 -0.0883
vn -0.1279 -0.0737 -0.9891
vn -0.7855 0.6178 0.0352
vn -0.9096 0.2262 0.3486
vn -0.1315 0.0881 0.9874
vn -0.9993 -0.0342 -0.0171
vn -0.9986 -0.0499 -0.0146
vn -0.9991 0.0065 -0.0421
vn -0.5020 0.0885 -0.8603
vn -0.4750 0.0278 -0.8796
vn -0.5086 0.0711 -0.8581
vn -0.5186 0.3412 -0.7840
vn -0.9949 -0.0978 0.0235
vn -0.4107 0.9110 -0.0375
vn -0.3935 0.5756 0.7168
vn -0.9941 -0.1048 -0.0296
vn -0.7917 0.6109 0.0052
vn -0.1519 0.8022 -0.5774
vn -0.7092 0.7040 -0.0383
vn -0.7046 0.7086 -0.0375
vn -0.7975 0.5956 -0.0962
vn 0.8318 0.5550 -0.0091
vn 0.8287 0.5597 -0.0098
vn 0.8974 0.4412 0.0063
vn -0.3223 0.9462 -0.0280
vn -0.1124 0.9936 -0.0093
vn -0.1451 0.9894 -0.0026
vn -0.2805 -0.0083 0.9598
vn -0.3600 0.0393 0.9321
vn -0.3196 0.0522 0.9461
vn -0.9986 -0.0387 -0.0356
vn -0.2901 0.9570 0.0062
vn -0.9532 0.3024 -0.0028
vn 0.8997 0.4365 0.0069
vn -0.9943 0.0843 0.0658
vn -0.9736 0.2275 0.0185
vn -0.9718 0.2351 0.0192
vn -0.9991 0.0066 -0.0420
vn -0.9948 0.0008 -0.1022
vn -0.9978 0.0462 0.0474
vn -0.3977 0.0233 0.9172
vn -0.6258 0.0559 0.7780
vn -0.6689 0.0705 0.7400
vn 0.0764 0.0058 -0.9971
vn -0.5635 0.8261 -0.0019
vn -0.8991 -0.2200 -0.3784
vn -0.6218 -0.7832 -0.0012
vn -0.5300 -0.8480 0.0066
vn -0.5332 -0.8460 0.0063
vn -0.1801 0.9831 -0.0318
vn -0.2298 0.9732 0.0106
vn -0.2398 0.9706 0.0192
vn -0.2864 0.9562 0.0598
vn 0.0738 0.9969 0.0278
vn -0.7766 0.6268 -0.0637
vn -0.6643 0.5385 -0.5183
vn -0.3976 0.0233 0.9172
vn -0.2058 0.0459 0.9775
vn -0.1715 0.0223 0.9849
vn -0.3389 0.9406 -0.0220
vn -0.3572 0.0413 0.9331
vn -0.0575 0.4662 0.8828
vn -0.0433 0.4679 0.8827
vn -0.1312 0.4557 0.8804
vn -0.1584 0.9798 -0.1221
vn -0.6659 0.0715 0.7426
vn -0.5430 0.0707 -0.8367
vn -0.2815 -0.0036 0.9596
vn -0.4068 0.9135 -0.0012
vn -0.1799 0.0696 0.9812
vn -0.9626 -0.2681 0.0387
vn -0.9552 -0.2958 0.0122
vn -0.9664 -0.2564 0.0194
vn -0.2742 0.8976 0.3451
vn -0.8046 -0.0125 0.5936
vn 0.0416 0.4762 0.8783
vn -0.8835 0.3553 -0.3053
vn -0.9241 0.2794 -0.2606
vn -0.8968 0.3325 -0.2920
vn -0.9801 0.0373 0.1950
vn -0.2879 0.0104 0.9576
vn -0.7126 0.1423 -0.6870
vn -0.1636 0.8955 -0.4139
vn -0.7294 -0.0618 -0.6813
vn -0.2497 0.0259 0.9680
vn -0.9923 -0.1193 -0.0325
vn -0.6502 0.6642 0.3687
vn -0.1445 -0.0958 -0.9849
vn -0.3385 0.0240 -0.9407
vn -0.3412 0.2618 -0.9028
vn -0.1576 0.2659 0.9510
vn -0.4524 0.4109 -0.7915
vn -0.8110 0.5740 -0.1133
vn -0.9186 -0.3944 0.0229
vn -0.9101 -0.4140 0.0155
vn -0.9526 -0.2986 0.0577
vn -0.8549 0.3995 -0.3309
vn -0.6388 0.7334 -0.2325
vn -0.9256 -0.2734 -0.2619
vn -0.8681 0.1406 -0.4761
vn -0.9718 -0.2355 0.0141
vn -0.9713 -0.2351 -0.0367
vn -0.9718 -0.2355 0.0140
vn -0.4454 0.3317 0.8316
vn 0.0797 0.9910 0.1075
vn -0.9774 0.0311 0.2089
vn -0.2496 0.0258 0.9680
vn -0.1983 -0.0143 0.9800
vn -0.3277 0.9398 -0.0969
vn -0.9803 -0.1925 0.0443
vn -0.0074 -0.1705 0.9853
vn -0.3627 0.9318 -0.0125
vn -0.3677 0.9299 -0.0130
vn -0.2749 0.9615 -0.0036
vn -0.2193 0.9621 0.1619
vn -0.2732 0.9599 0.0629
vn -0.2242 0.9624 0.1533
vn 0.0657 0.7399 -0.6695
vn -0.3949 0.0444 0.9177
vn -0.4824 -0.0135 0.8758
vn -0.4979 0.0050 0.8672
vn -0.5030 0.0064 0.8643
vn -0.6482 0.7603 0.0432
vn -0.1098 0.0032 0.9939
vn -0.2346 0.9545 -0.1841
vn -0.9612 -0.2671 0.0687
vn -0.9114 -0.4079 -0.0544
vn -0.8970 -0.4375 -0.0630
vn -0.9723 -0.2337 -0.0061
vn 0.0005 -1.0000 0.0004
vn -0.9876 0.1104 -0.1113
vn -0.9997 -0.0263 -0.0024
vn -0.9997 -0.0257 -0.0026
vn -0.9997 -0.0245 -0.0032
vn -0.5074 0.8610 0.0354
vn -0.1534 -0.9882 0.0034
vn -0.1888 0.9582 0.2151
vn -0.1704 0.9853 -0.0095
vn -0.2426 0.9699 0.0200
vn -0.1303 0.9915 -0.0057
vn -0.2401 0.9707 0.0055
vn -0.5211 -0.0370 0.8527
vn -0.3001 -0.0455 0.9528
vn -0.6316 -0.7753 -0.0021
vn -0.6218 -0.7832 -0.0013
vn -0.9872 0.0554 -0.1497
vn -0.9945 0.0043 0.1044
vn -0.1668 0.4948 -0.8529
vn -0.4590 0.8748 -0.1552
vn -0.5327 0.0318 0.8457
vn -0.1014 0.0024 0.9948
vn -0.1714 0.0223 0.9849
vn -0.0820 -0.0023 0.9966
vn -0.9997 -0.0239 -0.0035
vn -0.9997 -0.0256 -0.0027
vn -0.9696 0.0934 -0.2262
vn -0.9852 -0.1712 -0.0072
vn -0.9114 -0.4078 -0.0544
vn -0.9723 -0.2336 -0.0061
vn -0.1158 0.9933 0.0059
vn -0.0500 0.9987 0.0037
vn -0.0967 0.9946 -0.0384
vn -0.1098 0.0032 0.9940
vn -0.0729 0.3856 0.9198
vn -0.9167 0.3995 0.0006
vn -0.5366 0.6659 0.5183
vn -0.2506 -0.0191 0.9679
vn -0.7574 0.5059 -0.4128
vn -0.2858 0.9582 0.0145
vn -0.3399 0.9403 -0.0160
vn -0.3888 0.9203 -0.0443
vn -0.3398 0.9403 -0.0160
vn -0.2412 0.9697 0.0391
vn -0.1352 0.9907 -0.0167
vn -0.0133 -0.9986 -0.0519
vn 0.0039 -1.0000 -0.0000
vn 0.0010 -1.0000 -0.0001
vn -0.2311 -0.0740 -0.9701
vn -0.9998 -0.0141 0.0155
vn -0.9143 -0.0952 0.3937
vn -0.9749 0.2174 -0.0478
vn -0.9678 0.2510 0.0193
vn -0.9686 0.2486 -0.0012
vn -0.7225 0.0743 -0.6874
vn -0.2668 0.9637 -0.0028
vn -0.0914 -0.0149 0.9957
vn -0.9271 0.3739 -0.0265
vn -0.5507 -0.0314 0.8341
vn -0.3708 -0.9287 -0.0067
vn -0.5246 -0.8502 -0.0436
vn -0.3408 -0.9401 0.0002
vn -0.0271 -0.9996 0.0070
vn -0.9939 0.1106 -0.0026
vn -0.9931 0.1174 -0.0021
vn -0.9944 -0.1047 0.0136
vn -0.9195 -0.0151 -0.3928
vn -0.9539 0.0296 0.2987
vn -0.5631 -0.0199 0.8262
vn -0.3381 -0.0099 -0.9411
vn -0.9858 -0.1676 -0.0079
vn -0.5638 -0.8242 -0.0534
vn -0.9866 0.0662 0.1489
vn -0.9975 0.0070 0.0709
vn -0.9931 0.0377 0.1115
vn -0.8901 -0.4546 -0.0333
vn -0.2701 0.0162 -0.9627
vn -0.9727 0.2124 -0.0931
vn -0.9825 0.1864 -0.0035
vn -0.9686 0.2486 -0.0011
vn -0.9678 0.2511 0.0192
vn -0.9399 0.3414 -0.0052
vn -0.9232 -0.0105 -0.3841
vn -0.8979 -0.0077 0.4401
vn -0.9992 -0.0196 0.0355
vn -0.1962 0.9787 -0.0610
vn -0.1890 0.5665 0.8021
vn -0.9851 0.1717 -0.0042
vn -0.9919 -0.1217 0.0363
vn -0.9923 -0.1185 0.0349
vn -0.5373 -0.0115 -0.8433
vn -0.6282 -0.0196 -0.7778
vn -0.5572 -0.0802 -0.8265
vn -0.8777 0.4744 -0.0675
vn -0.8607 0.5063 -0.0536
vn -0.9112 0.4089 -0.0498
vn -0.5308 -0.1234 -0.8385
vn -0.6578 -0.0468 -0.7517
vn -0.2632 0.9646 0.0146
vn -0.2486 0.9686 0.0070
vn -0.2541 0.9669 -0.0244
vn -0.6579 -0.0467 -0.7517
vn -0.6241 0.7813 0.0042
vn -0.6565 0.7530 0.0446
vn -0.6613 0.7484 0.0508
vn -0.6565 0.7530 0.0447
vn -0.6927 0.7152 0.0933
vn -0.9918 -0.1273 -0.0090
vn -0.3175 0.9454 -0.0740
vn -0.3847 0.9153 -0.1190
vn -0.3928 0.4414 -0.8068
vn -0.9813 0.0581 0.1833
vt 0.991557 0.686746
vt 0.991369 0.693404
vt 0.983683 0.688738
vt 0.985903 0.696128
vt 0.991161 0.661494
vt 0.985303 0.663221
vt 0.985644 0.656569
vt 0.994433 0.651186
vt 0.985730 0.652782
vt 0.987355 0.646347
vt 0.993029 0.673151
vt 0.984735 0.673685
vt 0.985216 0.667065
vt 0.994360 0.641872
vt 0.993458 0.663847
vt 0.983297 0.675831
vt 0.990507 0.675951
vt 0.990393 0.684173
vt 0.988895 0.639582
vt 0.983934 0.645506
vt 0.979945 0.638318
vt 0.983243 0.631898
vt 0.982763 0.685358
vt 0.438755 0.480276
vt 0.428952 0.475830
vt 0.435850 0.462386
vt 0.601123 0.683807
vt 0.611784 0.676111
vt 0.619949 0.687692
vt 0.620203 0.698421
vt 0.613571 0.721431
vt 0.862272 0.202985
vt 0.849530 0.220575
vt 0.834660 0.223951
vt 0.508550 0.578123
vt 0.508117 0.578209
vt 0.510522 0.575465
vt 0.499258 0.579168
vt 0.894333 0.111970
vt 0.891382 0.106811
vt 0.894835 0.112251
vt 0.899191 0.112508
vt 0.132626 0.314607
vt 0.119910 0.319371
vt 0.107282 0.308170
vt 0.534777 0.633367
vt 0.528125 0.623462
vt 0.547111 0.620349
vt 0.435312 0.983104
vt 0.431926 0.986544
vt 0.429578 0.979610
vt 0.070407 0.929502
vt 0.096294 0.941935
vt 0.077194 0.934050
vt 0.076694 0.934752
vt 0.035506 0.872199
vt 0.044169 0.885247
vt 0.042128 0.897431
vt 0.153034 0.933826
vt 0.168178 0.950595
vt 0.141768 0.932474
vt 0.158499 0.953028
vt 0.129535 0.952189
vt 0.170756 0.938281
vt 0.162600 0.940729
vt 0.161467 0.928735
vt 0.050963 0.871978
vt 0.159048 0.962610
vt 0.048980 0.904637
vt 0.044228 0.909169
vt 0.137652 0.973479
vt 0.137043 0.962180
vt 0.056442 0.888046
vt 0.180281 0.956613
vt 0.051426 0.896390
vt 0.172565 0.963292
vt 0.035937 0.920321
vt 0.057263 0.942000
vt 0.200568 0.969185
vt 0.200040 0.974510
vt 0.177135 0.973456
vt 0.203340 0.966994
vt 0.203672 0.961360
vt 0.181869 0.953971
vt 0.063243 0.932318
vt 0.045900 0.948686
vt 0.016338 0.960375
vt 0.021289 0.938463
vt 0.071465 0.947555
vt 0.161126 0.976947
vt 0.105280 0.076752
vt 0.089652 0.078214
vt 0.103897 0.073062
vt 0.783769 0.193335
vt 0.799860 0.183043
vt 0.807389 0.188543
vt 0.104866 0.066630
vt 0.992747 0.599598
vt 0.994759 0.606221
vt 0.985426 0.615301
vt 0.041441 0.063489
vt 0.034941 0.050712
vt 0.045252 0.052728
vt 0.049821 0.050723
vt 0.026296 0.038099
vt 0.028957 0.068747
vt 0.054061 0.068926
vt 0.064922 0.041698
vt 0.024388 0.022417
vt 0.056914 0.080407
vt 0.011720 0.084311
vt 0.063516 0.053967
vt 0.940366 0.466225
vt 0.935380 0.472130
vt 0.919893 0.466081
vt 0.951620 0.466917
vt 0.954099 0.444228
vt 0.955433 0.457680
vt 0.935858 0.445640
vt 0.939617 0.482219
vt 0.937399 0.497332
vt 0.954115 0.491681
vt 0.963374 0.457076
vt 0.567459 0.342471
vt 0.564372 0.358734
vt 0.555081 0.344883
vt 0.548908 0.359078
vt 0.828355 0.435787
vt 0.828647 0.435848
vt 0.829034 0.436247
vt 0.829750 0.436349
vt 0.182839 0.091907
vt 0.176926 0.056591
vt 0.191976 0.024011
vt 0.168387 0.061049
vt 0.979954 0.576961
vt 0.980417 0.549139
vt 0.982664 0.555589
vt 0.196873 0.040271
vt 0.186270 0.085879
vt 0.984455 0.555344
vt 0.818955 0.731857
vt 0.836985 0.728382
vt 0.822672 0.743630
vt 0.765321 0.711183
vt 0.757151 0.715392
vt 0.756733 0.705260
vt 0.249409 0.875965
vt 0.254834 0.867673
vt 0.253336 0.882900
vt 0.927705 0.526573
vt 0.932547 0.480695
vt 0.937792 0.524178
vt 0.920654 0.477620
vt 0.923230 0.491983
vt 0.914742 0.533787
vt 0.915436 0.487182
vt 0.979923 0.462074
vt 0.992630 0.461497
vt 0.994824 0.471615
vt 0.377043 0.851061
vt 0.370251 0.847720
vt 0.384801 0.801246
vt 0.315373 0.840639
vt 0.343235 0.837994
vt 0.354557 0.842373
vt 0.363160 0.813037
vt 0.570194 0.087488
vt 0.601057 0.097262
vt 0.592712 0.105197
vt 0.614682 0.099427
vt 0.621632 0.080706
vt 0.584221 0.111932
vt 0.573140 0.099464
vt 0.571240 0.075416
vt 0.589508 0.163780
vt 0.586962 0.121203
vt 0.579056 0.159393
vt 0.637296 0.105904
vt 0.628603 0.110396
vt 0.624315 0.090637
vt 0.611802 0.115562
vt 0.565360 0.114275
vt 0.632840 0.123016
vt 0.488272 0.474982
vt 0.452405 0.454959
vt 0.477109 0.443897
vt 0.630367 0.075002
vt 0.643562 0.111445
vt 0.650510 0.118517
vt 0.625179 0.172471
vt 0.642526 0.082834
vt 0.451094 0.445389
vt 0.427834 0.446314
vt 0.574953 0.156848
vt 0.553228 0.141527
vt 0.651219 0.084420
vt 0.603023 0.145284
vt 0.499731 0.471575
vt 0.440565 0.436336
vt 0.656998 0.113709
vt 0.655144 0.130156
vt 0.648687 0.152909
vt 0.400218 0.396614
vt 0.403367 0.392935
vt 0.410238 0.394552
vt 0.397733 0.381747
vt 0.447478 0.412614
vt 0.403964 0.426872
vt 0.404888 0.412497
vt 0.396445 0.401270
vt 0.399380 0.409493
vt 0.454186 0.418502
vt 0.552255 0.100179
vt 0.515428 0.466229
vt 0.490167 0.442034
vt 0.386041 0.380063
vt 0.392451 0.386583
vt 0.669379 0.107068
vt 0.665628 0.113977
vt 0.662029 0.077934
vt 0.388932 0.405569
vt 0.380052 0.392176
vt 0.401033 0.357494
vt 0.402632 0.366561
vt 0.380294 0.366245
vt 0.387946 0.417050
vt 0.387535 0.424092
vt 0.544101 0.127793
vt 0.624911 0.151868
vt 0.672058 0.120627
vt 0.405749 0.435782
vt 0.375081 0.355381
vt 0.421896 0.345011
vt 0.662190 0.139298
vt 0.629377 0.178659
vt 0.661478 0.154563
vt 0.683586 0.129073
vt 0.675578 0.148290
vt 0.845281 0.753242
vt 0.843548 0.759660
vt 0.815041 0.752111
vt 0.844978 0.843072
vt 0.827539 0.849451
vt 0.774378 0.562233
vt 0.695705 0.483600
vt 0.777296 0.477994
vt 0.700688 0.445953
vt 0.696560 0.411272
vt 0.695532 0.437416
vt 0.682521 0.441719
vt 0.751998 0.918017
vt 0.743339 0.929942
vt 0.736005 0.919461
vt 0.677182 0.408560
vt 0.682803 0.462203
vt 0.682681 0.533952
vt 0.823914 0.760000
vt 0.478904 0.429368
vt 0.437507 0.354390
vt 0.412605 0.337345
vt 0.401374 0.445047
vt 0.048027 0.951874
vt 0.057112 0.957132
vt 0.056015 0.969351
vt 0.055658 0.951687
vt 0.676227 0.125331
vt 0.502253 0.440083
vt 0.522207 0.456982
vt 0.659370 0.187558
vt 0.379669 0.404350
vt 0.674372 0.097780
vt 0.456686 0.401647
vt 0.440908 0.359805
vt 0.406173 0.321065
vt 0.406417 0.331803
vt 0.378029 0.334424
vt 0.387237 0.439866
vt 0.374010 0.474682
vt 0.368010 0.471639
vt 0.374365 0.466493
vt 0.650121 0.183318
vt 0.372723 0.345711
vt 0.718032 0.914282
vt 0.503171 0.014556
vt 0.492505 0.015592
vt 0.506779 0.006696
vt 0.508073 0.016597
vt 0.991366 0.567517
vt 0.986825 0.579463
vt 0.984366 0.569006
vt 0.531143 0.525131
vt 0.536910 0.519238
vt 0.544278 0.520081
vt 0.533485 0.514631
vt 0.528030 0.505277
vt 0.386887 0.975833
vt 0.382173 0.986279
vt 0.382884 0.972979
vt 0.371298 0.982174
vt 0.391483 0.979471
vt 0.398897 0.966261
vt 0.400361 0.974843
vt 0.558802 0.543243
vt 0.547476 0.542282
vt 0.547049 0.533574
vt 0.538434 0.549840
vt 0.934088 0.087091
vt 0.942637 0.080542
vt 0.950559 0.091036
vt 0.939738 0.097465
vt 0.956275 0.100731
vt 0.935133 0.103855
vt 0.956824 0.078922
vt 0.923881 0.084057
vt 0.939934 0.073371
vt 0.911331 0.107083
vt 0.920020 0.096921
vt 0.960223 0.113935
vt 0.917404 0.068200
vt 0.967195 0.064380
vt 0.936997 0.134780
vt 0.901213 0.108396
vt 0.904271 0.065366
vt 0.929670 0.055242
vt 0.749144 0.646939
vt 0.747319 0.636089
vt 0.759468 0.637721
vt 0.763446 0.627652
vt 0.767276 0.640389
vt 0.959307 0.045101
vt 0.850662 0.046594
vt 0.852700 0.036300
vt 0.858468 0.049136
vt 0.725883 0.644126
vt 0.737541 0.650759
vt 0.756372 0.651071
vt 0.945079 0.031248
vt 0.851627 0.069386
vt 0.866683 0.043548
vt 0.859761 0.073647
vt 0.899737 0.052919
vt 0.308164 0.130344
vt 0.313551 0.117116
vt 0.319021 0.131945
vt 0.320011 0.118507
vt 0.235808 0.164191
vt 0.240561 0.170790
vt 0.232098 0.180168
vt 0.266663 0.167861
vt 0.347291 0.092759
vt 0.340181 0.087098
vt 0.366600 0.090471
vt 0.640111 0.933104
vt 0.636166 0.924285
vt 0.645313 0.925207
vt 0.332787 0.077280
vt 0.314614 0.084142
vt 0.311211 0.074542
vt 0.658023 0.924334
vt 0.327000 0.086010
vt 0.651824 0.913785
vt 0.911557 0.251795
vt 0.901203 0.240106
vt 0.923224 0.241071
vt 0.749215 0.985802
vt 0.735100 0.974826
vt 0.748493 0.974018
vt 0.556125 0.980069
vt 0.555208 0.953331
vt 0.561090 0.974526
vt 0.575230 0.956021
vt 0.551446 0.986749
vt 0.543081 0.945137
vt 0.549873 0.948928
vt 0.586357 0.947429
vt 0.583525 0.941604
vt 0.545778 0.994959
vt 0.584372 0.979160
vt 0.872268 0.279655
vt 0.858750 0.307312
vt 0.853694 0.292406
vt 0.843620 0.260464
vt 0.851010 0.249507
vt 0.952546 0.412523
vt 0.960699 0.407421
vt 0.965391 0.421264
vt 0.824420 0.015433
vt 0.838410 0.036217
vt 0.826232 0.039295
vt 0.035232 0.969918
vt 0.014037 0.971215
vt 0.028051 0.959718
vt 0.030300 0.977978
vt 0.816556 0.015197
vt 0.235257 0.966235
vt 0.252293 0.968780
vt 0.238192 0.970849
vt 0.039183 0.970286
vt 0.042912 0.953258
vt 0.233543 0.961157
vt 0.258284 0.960162
vt 0.046884 0.961176
vt 0.838830 0.025127
vt 0.951438 0.386847
vt 0.965376 0.377182
vt 0.019934 0.979463
vt 0.573570 0.070345
vt 0.568622 0.073323
vt 0.568496 0.062778
vt 0.810012 0.005000
vt 0.943042 0.408348
vt 0.943225 0.414796
vt 0.048590 0.984970
vt 0.263371 0.972807
vt 0.228534 0.960440
vt 0.262972 0.961119
vt 0.550906 0.088181
vt 0.562276 0.066612
vt 0.555297 0.086856
vt 0.558100 0.066925
vt 0.544439 0.088065
vt 0.543135 0.083108
vt 0.221078 0.985621
vt 0.046293 0.994915
vt 0.127412 0.023162
vt 0.102458 0.019838
vt 0.122515 0.017687
vt 0.137893 0.008065
vt 0.137563 0.035244
vt 0.833548 0.012167
vt 0.846130 0.005384
vt 0.816252 0.005610
vt 0.828051 0.012748
vt 0.951001 0.367621
vt 0.972608 0.358398
vt 0.994802 0.371183
vt 0.849167 0.015297
vt 0.844432 0.264359
vt 0.591789 0.054593
vt 0.588514 0.037813
vt 0.603552 0.052606
vt 0.845781 0.025327
vt 0.940559 0.397421
vt 0.221653 0.973782
vt 0.600472 0.041188
vt 0.383957 0.036003
vt 0.390312 0.043607
vt 0.376114 0.038266
vt 0.371793 0.030431
vt 0.843262 0.270884
vt 0.824065 0.263211
vt 0.366632 0.027065
vt 0.375870 0.028758
vt 0.984126 0.375730
vt 0.371189 0.043477
vt 0.363772 0.036740
vt 0.675089 0.704421
vt 0.682860 0.707089
vt 0.677682 0.712527
vt 0.338267 0.041665
vt 0.358266 0.042137
vt 0.332912 0.049994
vt 0.825968 0.271741
vt 0.814758 0.276745
vt 0.360889 0.037712
vt 0.687002 0.697506
vt 0.828350 0.283714
vt 0.943847 0.378115
vt 0.939585 0.383705
vt 0.349655 0.046586
vt 0.342849 0.035732
vt 0.377387 0.020237
vt 0.377076 0.026088
vt 0.832082 0.006678
vt 0.356662 0.032367
vt 0.936297 0.379293
vt 0.538227 0.059676
vt 0.542832 0.063910
vt 0.535335 0.058923
vt 0.359943 0.011333
vt 0.352214 0.019863
vt 0.531183 0.049723
vt 0.353791 0.013843
vt 0.937470 0.410082
vt 0.820348 0.255660
vt 0.564912 0.047493
vt 0.667515 0.694068
vt 0.337467 0.039108
vt 0.210333 0.960087
vt 0.824476 0.240420
vt 0.815892 0.248895
vt 0.980897 0.348188
vt 0.527693 0.049648
vt 0.392361 0.051198
vt 0.851448 0.237932
vt 0.544472 0.926183
vt 0.537437 0.920594
vt 0.613310 0.918263
vt 0.934138 0.400289
vt 0.925249 0.412173
vt 0.808206 0.275738
vt 0.533041 0.049051
vt 0.546942 0.036437
vt 0.828962 0.224799
vt 0.842689 0.230178
vt 0.829444 0.231271
vt 0.575275 0.024127
vt 0.679352 0.684782
vt 0.698839 0.688866
vt 0.163178 0.495890
vt 0.169521 0.498767
vt 0.130189 0.515241
vt 0.551649 0.932223
vt 0.571439 0.931428
vt 0.585839 0.925940
vt 0.809541 0.248688
vt 0.841195 0.284425
vt 0.540626 0.936470
vt 0.586644 0.963598
vt 0.919391 0.345548
vt 0.534878 0.040769
vt 0.800754 0.280440
vt 0.721812 0.704563
vt 0.693065 0.676032
vt 0.832230 0.296012
vt 0.178062 0.488929
vt 0.585130 0.931759
vt 0.719659 0.692354
vt 0.813248 0.225885
vt 0.826266 0.215148
vt 0.515050 0.053644
vt 0.483241 0.046833
vt 0.510602 0.038352
vt 0.802650 0.252216
vt 0.798243 0.275344
vt 0.131953 0.505695
vt 0.583057 0.985281
vt 0.179616 0.494815
vt 0.170791 0.479220
vt 0.662790 0.676052
vt 0.834798 0.205206
vt 0.120850 0.525095
vt 0.118435 0.519012
vt 0.671795 0.673073
vt 0.815662 0.215134
vt 0.814021 0.206841
vt 0.594162 0.954451
vt 0.594645 0.972394
vt 0.533957 0.928793
vt 0.133381 0.495724
vt 0.114827 0.526260
vt 0.802498 0.288612
vt 0.104202 0.510541
vt 0.111481 0.519978
vt 0.587649 0.980055
vt 0.607491 0.950621
vt 0.697068 0.671798
vt 0.506589 0.021784
vt 0.807380 0.230760
vt 0.182109 0.480084
vt 0.679671 0.026813
vt 0.678094 0.017257
vt 0.709064 0.025101
vt 0.622752 0.948752
vt 0.815117 0.202932
vt 0.786922 0.253609
vt 0.782585 0.275773
vt 0.792475 0.302702
vt 0.827399 0.301840
vt 0.856739 0.320530
vt 0.119849 0.533446
vt 0.804671 0.194190
vt 0.666893 0.020607
vt 0.127339 0.499906
vt 0.797268 0.249277
vt 0.835094 0.314064
vt 0.703825 0.662682
vt 0.718207 0.674524
vt 0.687633 0.664372
vt 0.826219 0.193899
vt 0.782762 0.294712
vt 0.759542 0.981943
vt 0.765420 0.995000
vt 0.691029 0.071674
vt 0.708505 0.071114
vt 0.698777 0.086020
vt 0.925074 0.836947
vt 0.926719 0.837398
vt 0.923017 0.849113
vt 0.695483 0.041977
vt 0.707934 0.048448
vt 0.705738 0.058084
vt 0.689161 0.059277
vt 0.703533 0.090154
vt 0.697728 0.093484
vt 0.730284 0.049096
vt 0.771076 0.971132
vt 0.765341 0.979046
vt 0.759789 0.970633
vt 0.696257 0.095869
vt 0.688989 0.082725
vt 0.736033 0.055260
vt 0.611497 0.971681
vt 0.634303 0.919637
vt 0.819716 0.311511
vt 0.804850 0.209449
vt 0.797531 0.210185
vt 0.148111 0.175305
vt 0.131647 0.163243
vt 0.156455 0.167148
vt 0.847020 0.327225
vt 0.716456 0.035707
vt 0.107259 0.503069
vt 0.107442 0.534251
vt 0.676003 0.664515
vt 0.770172 0.297375
vt 0.680894 0.042246
vt 0.722456 0.043843
vt 0.726821 0.694579
vt 0.665679 0.028340
vt 0.686637 0.047169
vt 0.719581 0.075247
vt 0.715728 0.070445
vt 0.735857 0.060654
vt 0.122180 0.546686
vt 0.627442 0.942727
vt 0.127391 0.179184
vt 0.894340 0.699762
vt 0.890229 0.710106
vt 0.871548 0.700408
vt 0.112126 0.551001
vt 0.110734 0.565020
vt 0.637235 0.979846
vt 0.716756 0.651100
vt 0.707244 0.644729
vt 0.735568 0.987240
vt 0.909783 0.871274
vt 0.909552 0.855045
vt 0.916457 0.854531
vt 0.912511 0.838085
vt 0.112270 0.167654
vt 0.800719 0.317670
vt 0.096811 0.506810
vt 0.095208 0.539561
vt 0.633948 0.935585
vt 0.651543 0.658046
vt 0.903541 0.881898
vt 0.915548 0.884782
vt 0.904146 0.894113
vt 0.771956 0.960072
vt 0.108685 0.494637
vt 0.578638 0.994512
vt 0.724572 0.660994
vt 0.676629 0.887389
vt 0.663776 0.866655
vt 0.675131 0.873912
vt 0.812836 0.190264
vt 0.105239 0.558447
vt 0.907010 0.224841
vt 0.322282 0.187183
vt 0.340431 0.170113
vt 0.351846 0.192743
vt 0.920539 0.838948
vt 0.624008 0.968050
vt 0.661546 0.906148
vt 0.672223 0.900972
vt 0.113665 0.161255
vt 0.815872 0.329867
vt 0.820436 0.324193
vt 0.922123 0.872260
vt 0.752914 0.994823
vt 0.878091 0.690510
vt 0.100839 0.177207
vt 0.125503 0.204725
vt 0.923386 0.857780
vt 0.107487 0.577127
vt 0.890170 0.240541
vt 0.935021 0.252483
vt 0.919387 0.318227
vt 0.942328 0.252079
vt 0.289076 0.188058
vt 0.354430 0.172197
vt 0.376060 0.185614
vt 0.776692 0.313656
vt 0.784119 0.315146
vt 0.912990 0.932475
vt 0.898202 0.917072
vt 0.911666 0.922583
vt 0.888415 0.903645
vt 0.901200 0.904975
vt 0.700605 0.103430
vt 0.710607 0.645497
vt 0.341361 0.161629
vt 0.120411 0.185438
vt 0.927474 0.945914
vt 0.911018 0.946614
vt 0.747933 0.054019
vt 0.739687 0.042027
vt 0.099956 0.550461
vt 0.631240 0.975515
vt 0.310396 0.199656
vt 0.329798 0.196790
vt 0.890924 0.686557
vt 0.738193 0.024389
vt 0.100255 0.491777
vt 0.094569 0.564504
vt 0.100013 0.572602
vt 0.169268 0.177549
vt 0.924376 0.929051
vt 0.090548 0.508064
vt 0.093374 0.475357
vt 0.147518 0.198808
vt 0.920479 0.895080
vt 0.899430 0.686419
vt 0.674829 0.860964
vt 0.182612 0.160923
vt 0.869037 0.712202
vt 0.104015 0.587896
vt 0.110219 0.604010
vt 0.263097 0.161987
vt 0.275372 0.159878
vt 0.271398 0.167136
vt 0.300489 0.176460
vt 0.932392 0.868809
vt 0.937418 0.853608
vt 0.096526 0.476648
vt 0.894276 0.248809
vt 0.689420 0.876127
vt 0.312385 0.213667
vt 0.878520 0.675506
vt 0.869704 0.690170
vt 0.861474 0.713690
vt 0.665277 0.857982
vt 0.850724 0.698055
vt 0.087531 0.575971
vt 0.345685 0.216140
vt 0.369373 0.195448
vt 0.094787 0.585415
vt 0.969362 0.036352
vt 0.966213 0.019179
vt 0.984386 0.028824
vt 0.981609 0.014553
vt 0.962911 0.045471
vt 0.990570 0.045589
vt 0.955020 0.025612
vt 0.396101 0.226251
vt 0.378408 0.246419
vt 0.390917 0.219136
vt 0.371384 0.237327
vt 0.994925 0.005941
vt 0.963791 0.005113
vt 0.383411 0.213111
vt 0.363973 0.231291
vt 0.358435 0.261372
vt 0.362945 0.276988
vt 0.413695 0.213268
vt 0.947330 0.012698
vt 0.354013 0.302253
vt 0.349788 0.285864
vt 0.415557 0.200654
vt 0.342410 0.309814
vt 0.352494 0.247137
vt 0.371287 0.212236
vt 0.404810 0.197928
vt 0.342518 0.270187
vt 0.348470 0.236638
vt 0.339030 0.291867
vt 0.334411 0.310560
vt 0.374396 0.200982
vt 0.390695 0.199769
vt 0.351438 0.220496
vt 0.928182 0.883303
vt 0.907101 0.673334
vt 0.907529 0.686640
vt 0.751285 0.018284
vt 0.634171 0.947858
vt 0.284364 0.179472
vt 0.116290 0.199455
vt 0.819978 0.343431
vt 0.098241 0.199203
vt 0.075174 0.561247
vt 0.144480 0.207037
vt 0.877004 0.662461
vt 0.855770 0.715545
vt 0.743830 0.862930
vt 0.925278 0.906876
vt 0.668838 0.849277
vt 0.661298 0.842443
vt 0.404219 0.188825
vt 0.942642 0.854962
vt 0.341156 0.111713
vt 0.360248 0.095922
vt 0.333857 0.066517
vt 0.337231 0.076455
vt 0.896685 0.268787
vt 0.167424 0.205021
vt 0.908885 0.667751
vt 0.347134 0.108528
vt 0.361719 0.112724
vt 0.377277 0.085964
vt 0.375597 0.078320
vt 0.881484 0.266416
vt 0.692888 0.849096
vt 0.401768 0.185364
vt 0.099578 0.212061
vt 0.183108 0.156830
vt 0.841507 0.705269
vt 0.650245 0.983458
vt 0.339823 0.064277
vt 0.879805 0.255230
vt 0.331817 0.296760
vt 0.139358 0.221619
vt 0.939260 0.881526
vt 0.326910 0.112502
vt 0.380752 0.092597
vt 0.423775 0.170534
vt 0.396469 0.174701
vt 0.099233 0.598016
vt 0.309697 0.108810
vt 0.333094 0.114024
vt 0.372019 0.105505
vt 0.902652 0.311976
vt 0.749765 0.873342
vt 0.336299 0.270825
vt 0.892922 0.312814
vt 0.118761 0.220392
vt 0.187998 0.193227
vt 0.886617 0.656546
vt 0.397268 0.093877
vt 0.931181 0.328596
vt 0.746001 0.876753
vt 0.325548 0.227529
vt 0.005073 0.441626
vt 0.083087 0.596643
vt 0.352553 0.070600
vt 0.773790 0.564385
vt 0.757328 0.898120
vt 0.892297 0.648600
vt 0.909326 0.648921
vt 0.386051 0.109609
vt 0.281450 0.191176
vt 0.942350 0.904814
vt 0.926393 0.653015
vt 0.872544 0.637974
vt 0.379646 0.106879
vt 0.333047 0.052316
vt 0.947009 0.891134
vt 0.932490 0.657103
vt 0.422402 0.084936
vt 0.292092 0.203710
vt 0.334519 0.242000
vt 0.329196 0.265241
vt 0.326409 0.296978
vt 0.331526 0.283248
vt 0.142714 0.247858
vt 0.156539 0.214940
vt 0.899621 0.020905
vt 0.904322 0.029107
vt 0.878126 0.035196
vt 0.651779 0.975922
vt 0.374990 0.069790
vt 0.061525 0.598021
vt 0.909966 0.323055
vt 0.753622 0.891232
vt 0.311908 0.227413
vt 0.049288 0.593614
vt 0.764551 0.903584
vt 0.098859 0.241910
vt 0.929176 0.643764
vt 0.192087 0.335930
vt 0.141905 0.320116
vt 0.183647 0.320570
vt 0.369212 0.118699
vt 0.690662 0.834855
vt 0.670483 0.835398
vt 0.883484 0.639806
vt 0.715526 0.840689
vt 0.703316 0.836283
vt 0.312897 0.313689
vt 0.321952 0.282937
vt 0.227532 0.194898
vt 0.409531 0.073983
vt 0.379167 0.063542
vt 0.365127 0.059179
vt 0.140462 0.254929
vt 0.194391 0.205160
vt 0.656846 0.993441
vt 0.648951 0.990791
vt 0.853045 0.019227
vt 0.155973 0.251620
vt 0.589385 0.488732
vt 0.599769 0.498763
vt 0.591373 0.509030
vt 0.331831 0.120074
vt 0.337068 0.129270
vt 0.348237 0.130915
vt 0.938368 0.342912
vt 0.150838 0.244034
vt 0.691347 0.822502
vt 0.668977 0.824502
vt 0.302645 0.234332
vt 0.222985 0.203077
vt 0.570972 0.496655
vt 0.847451 0.799865
vt 0.857009 0.800373
vt 0.866840 0.819210
vt 0.849202 0.819129
vt 0.108232 0.738455
vt 0.096507 0.737602
vt 0.096025 0.732945
vt 0.083894 0.743666
vt 0.096271 0.722326
vt 0.346674 0.980827
vt 0.346855 0.972157
vt 0.352726 0.977858
vt 0.341191 0.975520
vt 0.351973 0.983298
vt 0.355373 0.983091
vt 0.889320 0.941600
vt 0.885870 0.939704
vt 0.900404 0.935080
vt 0.759661 0.343645
vt 0.752803 0.345187
vt 0.755126 0.335655
vt 0.108246 0.911329
vt 0.124590 0.910953
vt 0.110396 0.920356
vt 0.134153 0.914635
vt 0.133996 0.922625
vt 0.140882 0.920003
vt 0.144439 0.909937
vt 0.105379 0.902048
vt 0.115336 0.890170
vt 0.133261 0.936721
vt 0.142521 0.870390
vt 0.150022 0.899200
vt 0.122791 0.937494
vt 0.151848 0.914104
vt 0.952731 0.968084
vt 0.965727 0.930580
vt 0.977623 0.932254
vt 0.151388 0.879099
vt 0.102171 0.886069
vt 0.103127 0.893336
vt 0.181480 0.943769
vt 0.948228 0.954791
vt 0.955256 0.933615
vt 0.119413 0.874474
vt 0.127775 0.868702
vt 0.094106 0.903527
vt 0.098739 0.922276
vt 0.164292 0.877387
vt 0.089994 0.907539
vt 0.109332 0.871182
vt 0.099509 0.881396
vt 0.085074 0.897585
vt 0.939957 0.928091
vt 0.063794 0.926639
vt 0.943325 0.970246
vt 0.934617 0.961592
vt 0.961412 0.972058
vt 0.192028 0.927264
vt 0.706799 0.241095
vt 0.722241 0.247313
vt 0.722562 0.272372
vt 0.088744 0.870102
vt 0.930466 0.951233
vt 0.946652 0.981866
vt 0.712410 0.294423
vt 0.740816 0.300130
vt 0.738022 0.255901
vt 0.114358 0.864853
vt 0.679121 0.252810
vt 0.641659 0.250565
vt 0.959111 0.983127
vt 0.693227 0.310712
vt 0.969277 0.978262
vt 0.070970 0.883046
vt 0.919751 0.967818
vt 0.728488 0.294321
vt 0.101062 0.808320
vt 0.649869 0.257971
vt 0.733944 0.309693
vt 0.928445 0.988553
vt 0.945455 0.991894
vt 0.679255 0.290947
vt 0.720850 0.306005
vt 0.135278 0.822373
vt 0.926036 0.994946
vt 0.751544 0.305960
vt 0.064146 0.902494
vt 0.976242 0.987051
vt 0.888313 0.594004
vt 0.896133 0.578419
vt 0.910304 0.588238
vt 0.925270 0.600968
vt 0.915150 0.611852
vt 0.902379 0.598580
vt 0.713292 0.329135
vt 0.728023 0.323714
vt 0.734302 0.330472
vt 0.642568 0.048774
vt 0.659769 0.036450
vt 0.663162 0.058375
vt 0.882416 0.979039
vt 0.918159 0.978546
vt 0.688764 0.329070
vt 0.743088 0.333378
vt 0.905882 0.982443
vt 0.663121 0.290225
vt 0.753425 0.327018
vt 0.754161 0.309630
vt 0.122281 0.809809
vt 0.670523 0.326926
vt 0.642164 0.065420
vt 0.724572 0.336587
vt 0.683538 0.352553
vt 0.902908 0.987916
vt 0.920289 0.594520
vt 0.918401 0.588833
vt 0.943891 0.556393
vt 0.723568 0.347763
vt 0.624662 0.058631
vt 0.912072 0.625597
vt 0.927414 0.625668
vt 0.954799 0.595882
vt 0.942076 0.543134
vt 0.745830 0.347521
vt 0.958997 0.570670
vt 0.934849 0.538901
vt 0.763864 0.290123
vt 0.674446 0.066675
vt 0.633075 0.071513
vt 0.676455 0.342593
vt 0.762098 0.330455
vt 0.679246 0.068991
vt 0.931621 0.620516
vt 0.734346 0.350584
vt 0.626424 0.068062
vt 0.954772 0.566386
vt 0.683999 0.367297
vt 0.663297 0.070904
vt 0.663183 0.071097
vt 0.663764 0.071013
vt 0.662710 0.071385
vt 0.941543 0.530914
vt 0.724576 0.356230
vt 0.767912 0.336035
vt 0.646565 0.074553
vt 0.949245 0.611957
vt 0.940807 0.620376
vt 0.948458 0.562869
vt 0.957420 0.522491
vt 0.954989 0.534397
vt 0.947058 0.526086
vt 0.101771 0.798878
vt 0.599863 0.066781
vt 0.606830 0.076844
vt 0.126148 0.790318
vt 0.603557 0.644894
vt 0.599471 0.642336
vt 0.596500 0.612925
vt 0.691549 0.376141
vt 0.955558 0.624750
vt 0.948012 0.618776
vt 0.046275 0.736994
vt 0.025781 0.743476
vt 0.027876 0.735173
vt 0.042995 0.720970
vt 0.033500 0.725987
vt 0.952017 0.544808
vt 0.756700 0.357831
vt 0.705646 0.371862
vt 0.741543 0.363671
vt 0.064199 0.733690
vt 0.580523 0.405268
vt 0.571650 0.410883
vt 0.569867 0.402200
vt 0.106445 0.784581
vt 0.604281 0.596191
vt 0.580337 0.532408
vt 0.953875 0.604928
vt 0.963312 0.608972
vt 0.609496 0.550598
vt 0.598527 0.558878
vt 0.596015 0.535535
vt 0.910203 0.934299
vt 0.892729 0.920368
vt 0.965066 0.557469
vt 0.057792 0.709192
vt 0.580672 0.068372
vt 0.608728 0.530712
vt 0.060865 0.713098
vt 0.876667 0.963480
vt 0.067982 0.723395
vt 0.877321 0.934905
vt 0.359694 0.968763
vt 0.601150 0.375848
vt 0.586622 0.381991
vt 0.728054 0.381324
vt 0.354635 0.977892
vt 0.587553 0.620157
vt 0.590623 0.400117
vt 0.720310 0.394569
vt 0.564365 0.530329
vt 0.885382 0.948309
vt 0.606050 0.379202
vt 0.240922 0.108905
vt 0.156355 0.156073
vt 0.198551 0.104245
vt 0.580092 0.605984
vt 0.590635 0.525369
vt 0.353409 0.962040
vt 0.770381 0.371148
vt 0.084096 0.722063
vt 0.967296 0.630715
vt 0.570023 0.586200
vt 0.341442 0.964520
vt 0.988722 0.617182
vt 0.992806 0.613697
vt 0.994990 0.616546
vt 0.340963 0.981003
vt 0.877150 0.915716
vt 0.865570 0.922162
vt 0.992165 0.618432
vt 0.346827 0.986132
vt 0.738884 0.386903
vt 0.754119 0.369690
vt 0.878548 0.900456
vt 0.874998 0.903561
vt 0.619159 0.371830
vt 0.981726 0.623652
vt 0.993739 0.624542
vt 0.271176 0.068937
vt 0.271840 0.064594
vt 0.280989 0.079903
vt 0.564331 0.568347
vt 0.261217 0.031123
vt 0.267348 0.040961
vt 0.259874 0.057976
vt 0.274862 0.052532
vt 0.871743 0.949975
vt 0.899676 0.963739
vt 0.612188 0.358320
vt 0.726203 0.402012
vt 0.090058 0.712972
vt 0.869145 0.914117
vt 0.866398 0.911343
vt 0.862818 0.914736
vt 0.866691 0.915575
vt 0.984463 0.545791
vt 0.984677 0.539671
vt 0.986789 0.547421
vt 0.862202 0.921989
vt 0.413832 0.947141
vt 0.428264 0.938931
vt 0.419417 0.968614
vt 0.262955 0.067081
vt 0.100972 0.775413
vt 0.206034 0.074825
vt 0.194454 0.063183
vt 0.203234 0.067385
vt 0.984248 0.550281
vt 0.848875 0.951172
vt 0.410751 0.963847
vt 0.991419 0.637093
vt 0.284870 0.097820
vt 0.288362 0.091685
vt 0.299298 0.119135
vt 0.292973 0.091454
vt 0.605770 0.352273
vt 0.265966 0.081944
vt 0.274113 0.082242
vt 0.277843 0.092944
vt 0.979744 0.521112
vt 0.980205 0.542587
vt 0.607442 0.515528
vt 0.204772 0.076676
vt 0.407197 0.955844
vt 0.396930 0.946854
vt 0.400542 0.956877
vt 0.915190 0.636044
vt 0.932872 0.628246
vt 0.926295 0.640131
vt 0.203520 0.077945
vt 0.554667 0.559325
vt 0.901491 0.014520
vt 0.913666 0.019484
vt 0.907594 0.028705
vt 0.599707 0.346741
vt 0.208340 0.074458
vt 0.210473 0.086495
vt 0.208157 0.085531
vt 0.142182 0.315613
vt 0.382284 0.115488
vt 0.402811 0.114168
vt 0.412315 0.096160
vt 0.742558 0.842032
vt 0.256471 0.075144
vt 0.252086 0.067555
vt 0.215490 0.087321
vt 0.213937 0.080653
vt 0.370578 0.127227
vt 0.859646 0.826005
vt 0.858876 0.787207
vt 0.282059 0.100903
vt 0.601350 0.313980
vt 0.591830 0.338518
vt 0.294523 0.132312
vt 0.331134 0.136822
vt 0.849872 0.023562
vt 0.894762 0.058513
vt 0.262895 0.179013
vt 0.982501 0.510257
vt 0.988866 0.491500
vt 0.995000 0.497464
vt 0.424726 0.123910
vt 0.427260 0.075733
vt 0.741686 0.835395
vt 0.717513 0.831481
vt 0.779696 0.644394
vt 0.557517 0.519841
vt 0.239883 0.060168
vt 0.895629 0.007103
vt 0.913952 0.009229
vt 0.673871 0.806324
vt 0.680334 0.806798
vt 0.414414 0.981376
vt 0.918087 0.025419
vt 0.605836 0.310841
vt 0.750358 0.847792
vt 0.317910 0.269177
vt 0.750654 0.655757
vt 0.795101 0.642269
vt 0.789112 0.630304
vt 0.167271 0.231755
vt 0.860800 0.835715
vt 0.589808 0.308620
vt 0.005000 0.745657
vt 0.915310 0.633767
vt 0.430406 0.130362
vt 0.870476 0.067624
vt 0.119706 0.244576
vt 0.538764 0.560810
vt 0.382480 0.964098
vt 0.406018 0.062438
vt 0.753953 0.856956
vt 0.764880 0.659489
vt 0.781235 0.657650
vt 0.635053 0.227213
vt 0.631237 0.212610
vt 0.653599 0.228827
vt 0.646938 0.214242
vt 0.917465 0.034713
vt 0.494928 0.026822
vt 0.497640 0.030204
vt 0.490720 0.038919
vt 0.993526 0.532888
vt 0.356160 0.138036
vt 0.362672 0.132570
vt 0.697735 0.822942
vt 0.566149 0.494001
vt 0.525218 0.533657
vt 0.857336 0.854630
vt 0.850898 0.849050
vt 0.867278 0.827378
vt 0.221750 0.085689
vt 0.895734 0.625437
vt 0.667103 0.799631
vt 0.190766 0.266652
vt 0.422711 0.984509
vt 0.908710 0.044585
vt 0.915381 0.011754
vt 0.028326 0.752921
vt 0.430285 0.053859
vt 0.307287 0.257987
vt 0.252491 0.192809
vt 0.918324 0.031933
vt 0.484176 0.026800
vt 0.597970 0.294294
vt 0.585150 0.285961
vt 0.309577 0.140366
vt 0.348141 0.143578
vt 0.421419 0.107707
vt 0.885605 0.325952
vt 0.924053 0.343082
vt 0.758369 0.871420
vt 0.857462 0.090617
vt 0.882599 0.063681
vt 0.184453 0.246774
vt 0.851862 0.837304
vt 0.570924 0.242081
vt 0.846463 0.774452
vt 0.283034 0.148553
vt 0.427611 0.064384
vt 0.884040 0.362081
vt 0.756125 0.829682
vt 0.769384 0.831940
vt 0.880796 0.081152
vt 0.557338 0.499564
vt 0.368620 0.981603
vt 0.372770 0.971342
vt 0.986988 0.511259
vt 0.479630 0.042323
vt 0.789837 0.965410
vt 0.749265 0.826324
vt 0.741147 0.667873
vt 0.742086 0.657657
vt 0.758474 0.667200
vt 0.669870 0.224695
vt 0.404740 0.987900
vt 0.918626 0.010211
vt 0.383132 0.133146
vt 0.378149 0.141841
vt 0.685900 0.797004
vt 0.799573 0.618190
vt 0.812182 0.630549
vt 0.522478 0.495336
vt 0.244114 0.316213
vt 0.314788 0.147135
vt 0.702610 0.797953
vt 0.713953 0.797532
vt 0.868737 0.966004
vt 0.879765 0.975821
vt 0.863909 0.968906
vt 0.987862 0.515461
vt 0.982209 0.518593
vt 0.866456 0.858673
vt 0.877099 0.837669
vt 0.397983 0.134096
vt 0.408914 0.135865
vt 0.368271 0.390112
vt 0.372511 0.412368
vt 0.377042 0.456907
vt 0.390370 0.457534
vt 0.772880 0.439865
vt 0.735779 0.820422
vt 0.716723 0.817666
vt 0.801909 0.649249
vt 0.121046 0.260997
vt 0.165863 0.258303
vt 0.392984 0.993963
vt 0.852439 0.967400
vt 0.861265 0.982842
vt 0.843161 0.980909
vt 0.987964 0.522723
vt 0.121285 0.091045
vt 0.034730 0.089091
vt 0.069743 0.085112
vt 0.593213 0.272910
vt 0.371596 0.380793
vt 0.388341 0.451163
vt 0.069825 0.957817
vt 0.820332 0.907826
vt 0.327757 0.832943
vt 0.690168 0.797956
vt 0.697987 0.798286
vt 0.665516 0.212718
vt 0.656144 0.207051
vt 0.215818 0.269147
vt 0.519867 0.520649
vt 0.363963 0.971026
vt 0.853911 0.986107
vt 0.385555 0.138173
vt 0.408110 0.142371
vt 0.357027 0.393254
vt 0.051425 0.977192
vt 0.672276 0.415136
vt 0.660793 0.404183
vt 0.669380 0.461485
vt 0.680887 0.092350
vt 0.469976 0.399662
vt 0.419196 0.326704
vt 0.863827 0.987589
vt 0.850147 0.871707
vt 0.853473 0.861788
vt 0.872064 0.859288
vt 0.883040 0.857037
vt 0.879376 0.861938
vt 0.883823 0.870422
vt 0.890648 0.845127
vt 0.807783 0.959562
vt 0.361650 0.145335
vt 0.371400 0.371581
vt 0.378955 0.431548
vt 0.806690 0.799037
vt 0.807430 0.814704
vt 0.787686 0.802598
vt 0.669542 0.431965
vt 0.408761 0.317514
vt 0.417976 0.315487
vt 0.490914 0.477756
vt 0.863306 0.876803
vt 0.990259 0.555508
vt 0.479600 0.005915
vt 0.366281 0.168912
vt 0.812776 0.760825
vt 0.428821 0.320599
vt 0.757923 0.682244
vt 0.797772 0.664941
vt 0.248223 0.094083
vt 0.253806 0.082303
vt 0.236141 0.067564
vt 0.053962 0.612265
vt 0.355144 0.410878
vt 0.076808 0.962965
vt 0.785685 0.821798
vt 0.381052 0.785063
vt 0.482591 0.417130
vt 0.895677 0.340629
vt 0.299924 0.278527
vt 0.160950 0.284300
vt 0.509890 0.511298
vt 0.507389 0.518437
vt 0.827660 0.970248
vt 0.835147 0.966480
vt 0.840454 0.968708
vt 0.841432 0.966778
vt 0.368716 0.324995
vt 0.078601 0.971921
vt 0.808534 0.828658
vt 0.309380 0.863546
vt 0.311199 0.825569
vt 0.299987 0.822666
vt 0.509200 0.433657
vt 0.530022 0.462312
vt 0.769906 0.894292
vt 0.764534 0.670871
vt 0.143270 0.285094
vt 0.419618 0.139752
vt 0.670887 0.180258
vt 0.364931 0.789929
vt 0.474737 0.409654
vt 0.889762 0.402434
vt 0.898034 0.438624
vt 0.881580 0.407179
vt 0.883954 0.390170
vt 0.767772 0.814334
vt 0.736615 0.803962
vt 0.740178 0.797249
vt 0.719901 0.797362
vt 0.123772 0.289608
vt 0.828497 0.981263
vt 0.901331 0.827762
vt 0.364448 0.420635
vt 0.805057 0.776155
vt 0.808284 0.787032
vt 0.820799 0.881377
vt 0.415762 0.747742
vt 0.450563 0.376255
vt 0.905314 0.438399
vt 0.677195 0.204503
vt 0.298652 0.494732
vt 0.311432 0.442083
vt 0.316927 0.444027
vt 0.618895 0.176133
vt 0.638191 0.173596
vt 0.772051 0.803805
vt 0.779978 0.759637
vt 0.778183 0.855051
vt 0.787018 0.837315
vt 0.802067 0.922980
vt 0.370197 0.860761
vt 0.806933 0.841495
vt 0.787223 0.854193
vt 0.380497 0.858088
vt 0.776462 0.901484
vt 0.784451 0.899888
vt 0.811405 0.902030
vt 0.379561 0.872290
vt 0.748369 0.953395
vt 0.785335 0.869279
vt 0.806447 0.861092
vt 0.806041 0.902424
vt 0.807511 0.877313
vt 0.372355 0.870934
vt 0.837945 0.922456
vt 0.372640 0.878691
vt 0.772629 0.448610
vt 0.840951 0.873486
vt 0.830083 0.930363
vt 0.842546 0.913618
vt 0.819540 0.904196
vt 0.823375 0.947739
vt 0.834884 0.881179
vt 0.849578 0.895692
vt 0.838033 0.888684
vt 0.223420 0.025089
vt 0.216207 0.013914
vt 0.237201 0.031211
vt 0.858552 0.919269
vt 0.835549 0.950374
vt 0.846590 0.875015
vt 0.068986 0.040643
vt 0.056684 0.030697
vt 0.067437 0.023939
vt 0.061595 0.021705
vt 0.863854 0.900952
vt 0.855781 0.877267
vt 0.888021 0.023920
vt 0.871891 0.016208
vt 0.880201 0.010892
vt 0.076502 0.032464
vt 0.068825 0.026816
vt 0.863712 0.021952
vt 0.878229 0.030939
vt 0.226491 0.031207
vt 0.243274 0.015826
vt 0.224506 0.051934
vt 0.221700 0.035383
vt 0.593732 0.256096
vt 0.356398 0.359955
vt 0.359218 0.377713
vt 0.364922 0.453575
vt 0.786127 0.790710
vt 0.686790 0.094473
vt 0.540890 0.458635
vt 0.532720 0.452714
vt 0.886435 0.357585
vt 0.896288 0.461407
vt 0.808518 0.665062
vt 0.809725 0.608902
vt 0.884549 0.875443
vt 0.881719 0.885517
vt 0.868634 0.882012
vt 0.890723 0.897232
vt 0.580418 0.259793
vt 0.393346 0.144485
vt 0.370280 0.441859
vt 0.652805 0.195207
vt 0.935043 0.532154
vt 0.675430 0.172004
vt 0.235012 0.049506
vt 0.994870 0.459087
vt 0.981355 0.444076
vt 0.987522 0.433528
vt 0.095447 0.979388
vt 0.095144 0.960893
vt 0.645135 0.206847
vt 0.638140 0.199268
vt 0.292131 0.843185
vt 0.293229 0.843660
vt 0.281268 0.844186
vt 0.913588 0.478557
vt 0.743150 0.407138
vt 0.763399 0.395763
vt 0.750120 0.407465
vt 0.763931 0.386175
vt 0.827570 0.619364
vt 0.362710 0.445667
vt 0.298218 0.827733
vt 0.292344 0.842995
vt 0.291579 0.843111
vt 0.289849 0.835926
vt 0.335639 0.806329
vt 0.505662 0.424156
vt 0.463870 0.374228
vt 0.438054 0.341996
vt 0.434768 0.330054
vt 0.291872 0.086598
vt 0.282811 0.075678
vt 0.287133 0.066737
vt 0.765198 0.804447
vt 0.784387 0.680024
vt 0.676295 0.198318
vt 0.352897 0.322666
vt 0.352458 0.349193
vt 0.992527 0.414181
vt 0.904025 0.496881
vt 0.895404 0.473926
vt 0.682396 0.170601
vt 0.352207 0.806731
vt 0.248666 0.020882
vt 0.263897 0.019766
vt 0.253476 0.027896
vt 0.918294 0.453104
vt 0.900666 0.466243
vt 0.764660 0.701977
vt 0.692575 0.216761
vt 0.891274 0.872474
vt 0.038142 0.646307
vt 0.042870 0.628517
vt 0.418532 0.154890
vt 0.368363 0.332849
vt 0.981663 0.499005
vt 0.259117 0.876402
vt 0.789542 0.744324
vt 0.667103 0.446872
vt 0.522705 0.436643
vt 0.756981 0.802183
vt 0.165616 0.124591
vt 0.155825 0.116068
vt 0.156326 0.103594
vt 0.829967 0.987539
vt 0.217147 0.333683
vt 0.897677 0.524756
vt 0.385877 0.781579
vt 0.324179 0.801699
vt 0.650518 0.430690
vt 0.325501 0.073089
vt 0.307447 0.070424
vt 0.330844 0.068206
vt 0.912278 0.442855
vt 0.919925 0.440608
vt 0.912453 0.441190
vt 0.912061 0.442276
vt 0.911725 0.442677
vt 0.147445 0.111390
vt 0.139178 0.102348
vt 0.051513 0.986615
vt 0.512672 0.420644
vt 0.483146 0.393500
vt 0.450501 0.355699
vt 0.749964 0.800258
vt 0.829984 0.602960
vt 0.348323 0.434491
vt 0.788895 0.772532
vt 0.408192 0.747670
vt 0.317260 0.793249
vt 0.504405 0.412992
vt 0.112117 0.135059
vt 0.131241 0.115066
vt 0.147673 0.114967
vt 0.130722 0.307188
vt 0.156963 0.293591
vt 0.182489 0.280559
vt 0.346797 0.340305
vt 0.151513 0.083046
vt 0.280631 0.829211
vt 0.667623 0.552480
vt 0.668793 0.558994
vt 0.631590 0.462234
vt 0.691202 0.093230
vt 0.291934 0.051235
vt 0.897795 0.381842
vt 0.810837 0.677547
vt 0.129436 0.103277
vt 0.343792 0.385542
vt 0.239501 0.882947
vt 0.660070 0.525673
vt 0.771725 0.428367
vt 0.497625 0.404169
vt 0.477074 0.362060
vt 0.920630 0.432630
vt 0.904923 0.398755
vt 0.701971 0.752528
vt 0.796252 0.686825
vt 0.826968 0.672678
vt 0.110727 0.078929
vt 0.128045 0.056688
vt 0.129044 0.075851
vt 0.776532 0.747255
vt 0.393328 0.764590
vt 0.348921 0.787537
vt 0.665537 0.565641
vt 0.593584 0.476223
vt 0.528592 0.437559
vt 0.115261 0.122681
vt 0.297438 0.022673
vt 0.313701 0.051307
vt 0.309826 0.059494
vt 0.667184 0.750461
vt 0.689794 0.751930
vt 0.295630 0.485024
vt 0.295109 0.822871
vt 0.888591 0.552095
vt 0.898835 0.562258
vt 0.534766 0.447231
vt 0.113254 0.116194
vt 0.128551 0.108672
vt 0.881414 0.380530
vt 0.166320 0.089775
vt 0.338222 0.418026
vt 0.272009 0.843616
vt 0.643384 0.430594
vt 0.659725 0.470977
vt 0.247880 0.043394
vt 0.739312 0.771930
vt 0.782994 0.702905
vt 0.833955 0.642519
vt 0.841793 0.633468
vt 0.695049 0.212753
vt 0.692549 0.201191
vt 0.698141 0.194015
vt 0.336872 0.363505
vt 0.334036 0.776097
vt 0.101188 0.125761
vt 0.920765 0.386820
vt 0.905832 0.385494
vt 0.905730 0.370891
vt 0.910722 0.402675
vt 0.718957 0.771176
vt 0.221961 0.871759
vt 0.885254 0.466878
vt 0.889982 0.493758
vt 0.888896 0.522729
vt 0.880457 0.574203
vt 0.793064 0.426297
vt 0.456710 0.342094
vt 0.794000 0.706693
vt 0.693528 0.190529
vt 0.146253 0.090302
vt 0.269447 0.130275
vt 0.335747 0.344541
vt 0.824744 0.484217
vt 0.521089 0.421206
vt 0.497036 0.390837
vt 0.092471 0.029599
vt 0.086418 0.042037
vt 0.278610 0.119181
vt 0.012681 0.692729
vt 0.227452 0.881077
vt 0.359138 0.754814
vt 0.647276 0.440926
vt 0.462840 0.363667
vt 0.467117 0.349196
vt 0.456995 0.333348
vt 0.109494 0.107003
vt 0.277260 0.019304
vt 0.852631 0.613501
vt 0.436657 0.167935
vt 0.105186 0.987121
vt 0.795726 0.404836
vt 0.768975 0.381690
vt 0.775311 0.369220
vt 0.798578 0.353279
vt 0.784504 0.371860
vt 0.169081 0.295386
vt 0.240700 0.271608
vt 0.350392 0.320243
vt 0.885684 0.591702
vt 0.813054 0.439698
vt 0.928675 0.437869
vt 0.919285 0.367731
vt 0.815844 0.703887
vt 0.923890 0.427082
vt 0.718717 0.755322
vt 0.803647 0.712640
vt 0.709940 0.214459
vt 0.221429 0.282114
vt 0.137616 0.065937
vt 0.877441 0.589008
vt 0.669416 0.368069
vt 0.633141 0.434045
vt 0.631420 0.420903
vt 0.082250 0.056203
vt 0.391254 0.747050
vt 0.842476 0.458801
vt 0.106539 0.100944
vt 0.916764 0.466421
vt 0.102787 0.031173
vt 0.829713 0.682587
vt 0.137182 0.314765
vt 0.624324 0.188944
vt 0.082520 0.125490
vt 0.420280 0.023359
vt 0.433890 0.033785
vt 0.407827 0.033496
vt 0.782657 0.715160
vt 0.849758 0.606676
vt 0.246058 0.267682
vt 0.331133 0.429209
vt 0.290333 0.518464
vt 0.876794 0.549614
vt 0.792380 0.448224
vt 0.828816 0.438563
vt 0.516472 0.411358
vt 0.904055 0.475824
vt 0.093198 0.061234
vt 0.104406 0.041283
vt 0.921229 0.403126
vt 0.914156 0.356773
vt 0.007420 0.693345
vt 0.284371 0.812109
vt 0.435137 0.614068
vt 0.445471 0.615092
vt 0.439161 0.631660
vt 0.646455 0.392229
vt 0.658322 0.371955
vt 0.492039 0.365293
vt 0.981867 0.600739
vt 0.986799 0.587172
vt 0.987958 0.593439
vt 0.932003 0.379685
vt 0.152017 0.067686
vt 0.481597 0.338818
vt 0.279335 0.042763
vt 0.413013 0.020597
vt 0.932349 0.362122
vt 0.769057 0.741995
vt 0.837496 0.661724
vt 0.169190 0.083876
vt 0.158771 0.070373
vt 0.152658 0.050582
vt 0.287169 0.145512
vt 0.258123 0.662696
vt 0.211139 0.878488
vt 0.425843 0.625969
vt 0.880846 0.491879
vt 0.875247 0.529410
vt 0.425104 0.700141
vt 0.637206 0.451911
vt 0.639470 0.372388
vt 0.090668 0.133274
vt 0.491747 0.904881
vt 0.501593 0.889763
vt 0.490547 0.923711
vt 0.817803 0.714049
vt 0.295688 0.119668
vt 0.363777 0.462937
vt 0.366703 0.610550
vt 0.422015 0.609526
vt 0.411480 0.729882
vt 0.418542 0.710006
vt 0.217508 0.064966
vt 0.484955 0.922252
vt 0.743656 0.759562
vt 0.330614 0.346015
vt 0.296968 0.505873
vt 0.297821 0.505612
vt 0.530243 0.413485
vt 0.238244 0.054851
vt 0.088350 0.074832
vt 0.900547 0.366017
vt 0.713436 0.208459
vt 0.729019 0.214549
vt 0.705765 0.188931
vt 0.007470 0.311256
vt 0.005199 0.283256
vt 0.023029 0.288555
vt 0.297767 0.505910
vt 0.298278 0.505607
vt 0.876268 0.510226
vt 0.868939 0.554256
vt 0.869496 0.571439
vt 0.505963 0.356214
vt 0.220736 0.081144
vt 0.866125 0.493845
vt 0.496035 0.346283
vt 0.913748 0.344709
vt 0.758105 0.727587
vt 0.706928 0.217372
vt 0.742743 0.248857
vt 0.432589 0.703675
vt 0.391967 0.725258
vt 0.340815 0.751478
vt 0.844995 0.424331
vt 0.807505 0.377811
vt 0.813694 0.357581
vt 0.487028 0.349127
vt 0.028491 0.157626
vt 0.020518 0.171824
vt 0.022149 0.159485
vt 0.447310 0.059647
vt 0.449405 0.075310
vt 0.432346 0.044329
vt 0.794236 0.717301
vt 0.024550 0.302429
vt 0.084192 0.107965
vt 0.067724 0.099265
vt 0.301337 0.973246
vt 0.282288 0.979572
vt 0.297447 0.962460
vt 0.285285 0.960721
vt 0.327196 0.974135
vt 0.623389 0.309095
vt 0.628804 0.317225
vt 0.629189 0.335919
vt 0.705547 0.180612
vt 0.273550 0.333881
vt 0.088229 0.145206
vt 0.068157 0.155263
vt 0.043319 0.160551
vt 0.047126 0.149032
vt 0.328981 0.962128
vt 0.487191 0.966450
vt 0.761262 0.727281
vt 0.722853 0.197195
vt 0.437953 0.652644
vt 0.431960 0.665631
vt 0.414541 0.655878
vt 0.611521 0.470275
vt 0.406351 0.013410
vt 0.928632 0.395630
vt 0.853116 0.674428
vt 0.756924 0.270981
vt 0.704015 0.167061
vt 0.191779 0.875813
vt 0.633105 0.407658
vt 0.802828 0.380700
vt 0.802809 0.379892
vt 0.528893 0.387769
vt 0.515652 0.391430
vt 0.513223 0.367933
vt 0.071681 0.151007
vt 0.837669 0.707633
vt 0.824454 0.475235
vt 0.803125 0.380213
vt 0.803600 0.377803
vt 0.066125 0.126301
vt 0.299980 0.983537
vt 0.689228 0.156750
vt 0.685130 0.180438
vt 0.430716 0.636240
vt 0.416736 0.638461
vt 0.349266 0.735121
vt 0.522499 0.370436
vt 0.032416 0.146763
vt 0.039299 0.156396
vt 0.102362 0.157975
vt 0.098352 0.147840
vt 0.124055 0.132270
vt 0.761658 0.742298
vt 0.806422 0.732723
vt 0.847006 0.680619
vt 0.186619 0.866914
vt 0.826917 0.345473
vt 0.534581 0.391021
vt 0.083666 0.092774
vt 0.982513 0.577603
vt 0.741035 0.748043
vt 0.828209 0.715813
vt 0.042382 0.290022
vt 0.426535 0.685915
vt 0.398013 0.676642
vt 0.457331 0.027481
vt 0.623393 0.289785
vt 0.941304 0.760006
vt 0.940213 0.772345
vt 0.932418 0.764943
vt 0.034500 0.310172
vt 0.399600 0.625588
vt 0.419443 0.646328
vt 0.395993 0.690734
vt 0.650794 0.359180
vt 0.601345 0.438284
vt 0.091126 0.169497
vt 0.107333 0.164056
vt 0.748181 0.231859
vt 0.928866 0.789912
vt 0.156475 0.045874
vt 0.359101 0.689011
vt 0.625389 0.417601
vt 0.021463 0.111321
vt 0.042087 0.137383
vt 0.086164 0.165794
vt 0.933272 0.806241
vt 0.938414 0.832287
vt 0.928865 0.816652
vt 0.611242 0.325941
vt 0.610067 0.300960
vt 0.467365 0.066903
vt 0.469299 0.037551
vt 0.473825 0.050382
vt 0.379510 0.701790
vt 0.366472 0.718582
vt 0.821491 0.428944
vt 0.448160 0.015995
vt 0.458742 0.016829
vt 0.473990 0.010877
vt 0.100947 0.168579
vt 0.945170 0.813624
vt 0.920550 0.814735
vt 0.884801 0.824513
vt 0.924190 0.830818
vt 0.293274 0.987944
vt 0.330247 0.984688
vt 0.509385 0.168405
vt 0.500048 0.153976
vt 0.523548 0.157578
vt 0.927349 0.777261
vt 0.914806 0.810695
vt 0.904125 0.789048
vt 0.031798 0.323038
vt 0.052015 0.299353
vt 0.053195 0.280898
vt 0.478486 0.050977
vt 0.505105 0.054586
vt 0.529903 0.084384
vt 0.631497 0.383546
vt 0.480756 0.966901
vt 0.615780 0.295688
vt 0.794548 0.733592
vt 0.532508 0.157800
vt 0.241625 0.298126
vt 0.618761 0.398155
vt 0.614289 0.425017
vt 0.836545 0.460233
vt 0.699966 0.944187
vt 0.664117 0.991851
vt 0.659977 0.988157
vt 0.475200 0.944274
vt 0.756659 0.261212
vt 0.539903 0.065846
vt 0.850371 0.417794
vt 0.826603 0.357346
vt 0.490920 0.332513
vt 0.683399 0.921316
vt 0.685033 0.910486
vt 0.697499 0.928251
vt 0.761999 0.245042
vt 0.738874 0.210476
vt 0.732879 0.196569
vt 0.226811 0.301228
vt 0.480102 0.061159
vt 0.462756 0.058979
vt 0.985978 0.423315
vt 0.983792 0.386466
vt 0.989554 0.376518
vt 0.507259 0.184747
vt 0.534312 0.168379
vt 0.928334 0.767936
vt 0.524389 0.087096
vt 0.179037 0.874560
vt 0.832619 0.391547
vt 0.833803 0.377991
vt 0.821039 0.371530
vt 0.937570 0.749460
vt 0.917133 0.765786
vt 0.899210 0.791890
vt 0.894501 0.797130
vt 0.273893 0.567517
vt 0.404578 0.606082
vt 0.668673 0.330791
vt 0.922583 0.821376
vt 0.991824 0.406220
vt 0.611484 0.279743
vt 0.563020 0.016981
vt 0.583852 0.009344
vt 0.564371 0.024080
vt 0.543208 0.009527
vt 0.555843 0.014725
vt 0.543586 0.025162
vt 0.544579 0.031516
vt 0.534777 0.019516
vt 0.547345 0.032782
vt 0.609914 0.253119
vt 0.601510 0.267878
vt 0.849796 0.435250
vt 0.467837 0.029078
vt 0.541844 0.058607
vt 0.539991 0.026733
vt 0.761514 0.226876
vt 0.752274 0.216736
vt 0.761053 0.214329
vt 0.756929 0.204495
vt 0.742570 0.197252
vt 0.453836 0.061946
vt 0.472932 0.079649
vt 0.500915 0.337423
vt 0.475968 0.018670
vt 0.075779 0.192868
vt 0.921551 0.810183
vt 0.992861 0.543006
vt 0.994816 0.535863
vt 0.993167 0.548397
vt 0.701420 0.965166
vt 0.466653 0.964118
vt 0.467209 0.945836
vt 0.473141 0.964596
vt 0.525912 0.012484
vt 0.889065 0.783454
vt 0.489311 0.073715
vt 0.509532 0.087512
vt 0.398851 0.639129
vt 0.390424 0.647492
vt 0.518501 0.342616
vt 0.846302 0.045048
vt 0.840931 0.080337
vt 0.838564 0.040676
vt 0.959250 0.803142
vt 0.960199 0.808207
vt 0.952327 0.809486
vt 0.847686 0.059055
vt 0.848480 0.059910
vt 0.966869 0.808193
vt 0.991107 0.408959
vt 0.991628 0.547943
vt 0.990270 0.548393
vt 0.982615 0.553539
vt 0.591125 0.240748
vt 0.844024 0.744162
vt 0.390478 0.600106
vt 0.594807 0.444433
vt 0.604104 0.469111
vt 0.844551 0.445146
vt 0.841406 0.368312
vt 0.959757 0.512826
vt 0.954149 0.514772
vt 0.958734 0.510909
vt 0.993988 0.564608
vt 0.994174 0.566917
vt 0.994339 0.590725
vt 0.993528 0.579941
vt 0.992717 0.580643
vt 0.702178 0.928797
vt 0.707756 0.946536
vt 0.531207 0.181327
vt 0.761596 0.236409
vt 0.531983 0.323102
vt 0.016093 0.144284
vt 0.924556 0.802928
vt 0.994893 0.391071
vt 0.993001 0.407945
vt 0.610018 0.243466
vt 0.610938 0.245133
vt 0.607899 0.246323
vt 0.493874 0.177776
vt 0.773282 0.253172
vt 0.295428 0.818565
vt 0.312201 0.690789
vt 0.312305 0.690444
vt 0.373916 0.666233
vt 0.600069 0.415322
vt 0.604962 0.408798
vt 0.528531 0.331391
vt 0.080754 0.159814
vt 0.484419 0.176977
vt 0.548107 0.174650
vt 0.772696 0.241825
vt 0.051197 0.308562
vt 0.060575 0.301513
vt 0.064452 0.285081
vt 0.313043 0.691184
vt 0.312330 0.690653
vt 0.352169 0.714704
vt 0.581696 0.413357
vt 0.599412 0.424992
vt 0.829717 0.437472
vt 0.828962 0.436338
vt 0.918223 0.822530
vt 0.952769 0.812139
vt 0.954823 0.816479
vt 0.948923 0.815356
vt 0.208989 0.030169
vt 0.202877 0.040375
vt 0.718318 0.940546
vt 0.453901 0.961161
vt 0.470847 0.976236
vt 0.469976 0.971766
vt 0.475877 0.978218
vt 0.474503 0.981417
vt 0.166080 0.055600
vt 0.172007 0.053011
vt 0.433968 0.952408
vt 0.183725 0.035988
vt 0.773196 0.223586
vt 0.911722 0.754192
vt 0.050333 0.326743
vt 0.451744 0.082140
vt 0.381876 0.619468
vt 0.376091 0.592895
vt 0.377482 0.647258
vt 0.536063 0.384453
vt 0.527465 0.344198
vt 0.022526 0.134235
vt 0.071657 0.174757
vt 0.486292 0.187026
vt 0.926033 0.740191
vt 0.917395 0.750197
vt 0.878062 0.815609
vt 0.882286 0.803638
vt 0.509766 0.099894
vt 0.349077 0.691986
vt 0.848109 0.455937
vt 0.833906 0.483842
vt 0.952356 0.507001
vt 0.945676 0.498026
vt 0.015289 0.101065
vt 0.729695 0.948927
vt 0.760432 0.961653
vt 0.723696 0.957233
vt 0.708762 0.966942
vt 0.707005 0.974838
vt 0.718848 0.927995
vt 0.168783 0.026826
vt 0.157123 0.038843
vt 0.142842 0.020920
vt 0.942793 0.794285
vt 0.481971 0.978594
vt 0.935194 0.235561
vt 0.920257 0.217335
vt 0.931974 0.223657
vt 0.290078 0.336365
vt 0.758147 0.967483
vt 0.928714 0.796141
vt 0.615281 0.215005
vt 0.621783 0.199553
vt 0.634628 0.183483
vt 0.769175 0.192696
vt 0.773647 0.197985
vt 0.896864 0.757985
vt 0.864110 0.789946
vt 0.486172 0.094687
vt 0.854682 0.384726
vt 0.543684 0.367767
vt 0.826438 0.043550
vt 0.834392 0.052242
vt 0.780299 0.232796
vt 0.127029 0.949676
vt 0.109022 0.951452
vt 0.462327 0.200385
vt 0.541051 0.189653
vt 0.058451 0.266441
vt 0.513375 0.111039
vt 0.536828 0.149796
vt 0.167537 0.868938
vt 0.366713 0.679933
vt 0.972072 0.470663
vt 0.005540 0.142723
vt 0.725715 0.971202
vt 0.770435 0.732760
vt 0.468545 0.210364
vt 0.078299 0.298651
vt 0.080796 0.290001
vt 0.516793 0.268699
vt 0.555459 0.264338
vt 0.538848 0.269074
vt 0.959451 0.439146
vt 0.937813 0.786169
vt 0.943877 0.232508
vt 0.792830 0.243145
vt 0.164066 0.857065
vt 0.583958 0.417477
vt 0.856850 0.414026
vt 0.940545 0.429466
vt 0.488809 0.979878
vt 0.492262 0.975330
vt 0.610987 0.232935
vt 0.607617 0.233679
vt 0.594095 0.232459
vt 0.558828 0.232800
vt 0.900317 0.736954
vt 0.370395 0.605116
vt 0.538669 0.341962
vt 0.052659 0.208266
vt 0.722173 0.977073
vt 0.059531 0.263762
vt 0.060642 0.237937
vt 0.072946 0.267370
vt 0.600926 0.218382
vt 0.602203 0.232813
vt 0.584767 0.222708
vt 0.576399 0.227531
vt 0.570306 0.173324
vt 0.549271 0.170645
vt 0.572126 0.170255
vt 0.872810 0.776592
vt 0.060555 0.323359
vt 0.383813 0.633717
vt 0.576114 0.455875
vt 0.071613 0.206878
vt 0.063613 0.216672
vt 0.203478 0.021699
vt 0.942780 0.293196
vt 0.945477 0.277889
vt 0.952559 0.281521
vt 0.940425 0.245573
vt 0.953705 0.245692
vt 0.577415 0.216245
vt 0.082142 0.062364
vt 0.075739 0.081734
vt 0.526128 0.274476
vt 0.537940 0.275738
vt 0.864836 0.393444
vt 0.048290 0.229809
vt 0.062053 0.229779
vt 0.814790 0.072050
vt 0.950257 0.254686
vt 0.854527 0.765621
vt 0.781513 0.204948
vt 0.787139 0.186174
vt 0.043013 0.339159
vt 0.520062 0.118584
vt 0.288960 0.440785
vt 0.137136 0.545545
vt 0.369227 0.595010
vt 0.653913 0.024111
vt 0.635323 0.030917
vt 0.588310 0.022163
vt 0.049958 0.195474
vt 0.955750 0.260026
vt 0.787178 0.212756
vt 0.578693 0.425629
vt 0.547369 0.278027
vt 0.562673 0.330595
vt 0.957676 0.234282
vt 0.074846 0.316652
vt 0.083511 0.283934
vt 0.456001 0.984981
vt 0.453072 0.973982
vt 0.464168 0.978078
vt 0.583224 0.450252
vt 0.620559 0.044239
vt 0.616776 0.039548
vt 0.976253 0.226633
vt 0.977690 0.239849
vt 0.580413 0.183400
vt 0.592538 0.177322
vt 0.587270 0.188575
vt 0.592646 0.194744
vt 0.895159 0.750861
vt 0.812879 0.034142
vt 0.022761 0.242847
vt 0.025592 0.255373
vt 0.009384 0.253173
vt 0.482502 0.232879
vt 0.547886 0.205587
vt 0.540124 0.195712
vt 0.980973 0.608933
vt 0.987764 0.600123
vt 0.922378 0.033683
vt 0.929119 0.030278
vt 0.923379 0.036796
vt 0.928592 0.035638
vt 0.788764 0.180936
vt 0.992009 0.593104
vt 0.945046 0.014726
vt 0.932988 0.012977
vt 0.935445 0.007992
vt 0.926933 0.018673
vt 0.943909 0.028859
vt 0.934684 0.029907
vt 0.931504 0.033687
vt 0.103266 0.062781
vt 0.107350 0.056973
vt 0.927906 0.028535
vt 0.119909 0.045349
vt 0.119212 0.062077
vt 0.127534 0.050180
vt 0.075187 0.934238
vt 0.076583 0.934299
vt 0.433492 0.089095
vt 0.454638 0.092818
vt 0.546675 0.331642
vt 0.834304 0.080185
vt 0.088144 0.303506
vt 0.556859 0.424573
vt 0.562704 0.280909
vt 0.851933 0.441444
vt 0.613166 0.034002
vt 0.013117 0.198134
vt 0.015387 0.187781
vt 0.028973 0.198697
vt 0.805532 0.042633
vt 0.828545 0.109383
vt 0.839429 0.107636
vt 0.128056 0.041743
vt 0.151191 0.044020
vt 0.115843 0.030152
vt 0.120770 0.031211
vt 0.113135 0.041949
vt 0.443680 0.102131
vt 0.465115 0.989095
vt 0.525640 0.282644
vt 0.654585 0.019429
vt 0.595543 0.018120
vt 0.977562 0.449477
vt 0.554736 0.331387
vt 0.039952 0.237640
vt 0.487502 0.232885
vt 0.114714 0.038542
vt 0.064256 0.337831
vt 0.447252 0.200311
vt 0.108943 0.033825
vt 0.803457 0.074741
vt 0.795118 0.072833
vt 0.802986 0.068311
vt 0.092479 0.292381
vt 0.079583 0.276888
vt 0.496075 0.113050
vt 0.452762 0.965727
vt 0.467021 0.966681
vt 0.822906 0.515967
vt 0.847045 0.107519
vt 0.148906 0.034320
vt 0.794797 0.059975
vt 0.877268 0.759882
vt 0.367729 0.637487
vt 0.555951 0.288513
vt 0.524201 0.288852
vt 0.528484 0.578395
vt 0.531085 0.545685
vt 0.541243 0.581807
vt 0.863160 0.463013
vt 0.971297 0.430136
vt 0.213693 0.020894
vt 0.502012 0.994832
vt 0.559275 0.210523
vt 0.148690 0.993809
vt 0.123325 0.993765
vt 0.371306 0.268847
vt 0.378825 0.266377
vt 0.416227 0.288366
vt 0.559317 0.579226
vt 0.562826 0.599714
vt 0.552991 0.612022
vt 0.877629 0.390110
vt 0.566211 0.319739
vt 0.012915 0.233212
vt 0.569600 0.210552
vt 0.572369 0.203018
vt 0.577766 0.200826
vt 0.077408 0.330682
vt 0.548078 0.598426
vt 0.540452 0.319708
vt 0.469799 0.226618
vt 0.784178 0.058674
vt 0.426621 0.955627
vt 0.560927 0.435812
vt 0.523913 0.551967
vt 0.520002 0.552678
vt 0.493454 0.519098
vt 0.943162 0.139952
vt 0.923987 0.142416
vt 0.911668 0.129500
vt 0.453722 0.208925
vt 0.099796 0.959505
vt 0.479762 0.156561
vt 0.450359 0.161622
vt 0.462395 0.151879
vt 0.505299 0.127412
vt 0.159911 0.830273
vt 0.153502 0.862760
vt 0.145638 0.866878
vt 0.145953 0.859608
vt 0.867708 0.740709
vt 0.057223 0.353146
vt 0.452684 0.170371
vt 0.476101 0.169595
vt 0.446241 0.156042
vt 0.465019 0.101689
vt 0.149936 0.835110
vt 0.142664 0.833790
vt 0.365746 0.632206
vt 0.426041 0.205561
vt 0.446800 0.216210
vt 0.789675 0.037964
vt 0.795075 0.050739
vt 0.777657 0.074255
vt 0.043070 0.352159
vt 0.025240 0.374444
vt 0.073385 0.340111
vt 0.089916 0.273727
vt 0.453618 0.109246
vt 0.537080 0.599129
vt 0.562387 0.627242
vt 0.567982 0.630416
vt 0.493067 0.993467
vt 0.473574 0.214486
vt 0.473659 0.213859
vt 0.474362 0.213512
vt 0.049977 0.358324
vt 0.045898 0.363109
vt 0.919621 0.695636
vt 0.907998 0.690009
vt 0.922224 0.690352
vt 0.006512 0.214187
vt 0.849216 0.120538
vt 0.834675 0.124494
vt 0.685470 0.555485
vt 0.685055 0.540635
vt 0.690689 0.543990
vt 0.801058 0.007997
vt 0.803148 0.014275
vt 0.779906 0.032299
vt 0.490068 0.149517
vt 0.465902 0.141090
vt 0.455196 0.148840
vt 0.085886 0.263514
vt 0.078289 0.259928
vt 0.095776 0.282783
vt 0.097601 0.257259
vt 0.462026 0.118677
vt 0.093331 0.274144
vt 0.434130 0.977015
vt 0.427634 0.974507
vt 0.441293 0.970047
vt 0.429252 0.972626
vt 0.427309 0.968495
vt 0.425634 0.959164
vt 0.456627 0.141233
vt 0.454382 0.132606
vt 0.097328 0.276051
vt 0.461590 0.124257
vt 0.436222 0.984277
vt 0.457935 0.128307
vt 0.453870 0.129645
vt 0.437618 0.984840
vt 0.443885 0.972388
vt 0.315049 0.035877
vt 0.301407 0.021098
vt 0.311144 0.021121
vt 0.318011 0.052018
vt 0.313095 0.043231
vt 0.321136 0.038582
vt 0.441074 0.981833
vt 0.312611 0.016325
vt 0.314858 0.012189
vt 0.325468 0.018234
vt 0.322751 0.007934
vt 0.333197 0.040247
vt 0.329070 0.052132
vt 0.332679 0.030701
vt 0.342635 0.009793
vt 0.935667 0.687699
vt 0.953325 0.664082
vt 0.959980 0.672877
vt 0.500707 0.255266
vt 0.873650 0.740501
vt 0.934932 0.676708
vt 0.517500 0.154024
vt 0.501752 0.139940
vt 0.518482 0.147857
vt 0.525025 0.422706
vt 0.611691 0.055454
vt 0.029115 0.224575
vt 0.915118 0.161893
vt 0.929346 0.163925
vt 0.876429 0.726722
vt 0.900751 0.705392
vt 0.907282 0.715536
vt 0.565882 0.452594
vt 0.478255 0.287784
vt 0.482458 0.520332
vt 0.511158 0.552203
vt 0.064401 0.356807
vt 0.084935 0.347531
vt 0.524028 0.147175
vt 0.149651 0.784318
vt 0.467119 0.271728
vt 0.868432 0.093944
vt 0.864018 0.087713
vt 0.881343 0.084654
vt 0.889870 0.078998
vt 0.897606 0.082152
vt 0.897043 0.099681
vt 0.020386 0.226614
vt 0.903176 0.144140
vt 0.932627 0.671209
vt 0.553780 0.631089
vt 0.905376 0.191407
vt 0.929839 0.192552
vt 0.934338 0.202467
vt 0.910510 0.202155
vt 0.006289 0.047544
vt 0.006086 0.106225
vt 0.526227 0.154667
vt 0.405672 0.276491
vt 0.405851 0.272729
vt 0.415175 0.283235
vt 0.535966 0.613251
vt 0.553291 0.324267
vt 0.496747 0.243127
vt 0.753322 0.037361
vt 0.085832 0.340666
vt 0.947234 0.694342
vt 0.419204 0.276539
vt 0.520626 0.591777
vt 0.507634 0.612150
vt 0.879016 0.095231
vt 0.563542 0.316179
vt 0.778221 0.026164
vt 0.772949 0.035986
vt 0.027678 0.390581
vt 0.909169 0.177879
vt 0.923195 0.182740
vt 0.625715 0.636037
vt 0.083448 0.364732
vt 0.542746 0.437811
vt 0.497263 0.554896
vt 0.521195 0.574770
vt 0.586133 0.013976
vt 0.009124 0.040697
vt 0.015001 0.019883
vt 0.034328 0.404751
vt 0.123730 0.331940
vt 0.465711 0.533782
vt 0.519406 0.570929
vt 0.500852 0.618566
vt 0.539451 0.660572
vt 0.896764 0.150129
vt 0.889940 0.207347
vt 0.875287 0.205601
vt 0.876830 0.214227
vt 0.885609 0.219104
vt 0.512336 0.578738
vt 0.557798 0.646860
vt 0.699731 0.560422
vt 0.690027 0.560946
vt 0.919192 0.722601
vt 0.938491 0.713623
vt 0.956985 0.696984
vt 0.552681 0.657267
vt 0.898109 0.163726
vt 0.499933 0.267348
vt 0.945818 0.714586
vt 0.503719 0.628104
vt 0.880275 0.103633
vt 0.894633 0.115552
vt 0.894825 0.112571
vt 0.894538 0.112120
vt 0.648450 0.630782
vt 0.066300 0.359933
vt 0.372660 0.315717
vt 0.459007 0.469731
vt 0.514230 0.587752
vt 0.500130 0.596511
vt 0.636339 0.634359
vt 0.703317 0.554147
vt 0.841444 0.710684
vt 0.421814 0.301652
vt 0.407537 0.302010
vt 0.434203 0.285550
vt 0.463229 0.314507
vt 0.508424 0.578256
vt 0.509161 0.578438
vt 0.887997 0.140040
vt 0.073779 0.368773
vt 0.458323 0.487621
vt 0.532976 0.665022
vt 0.885190 0.127794
vt 0.903488 0.127169
vt 0.467089 0.466894
vt 0.481135 0.551076
vt 0.688986 0.153155
vt 0.699188 0.139040
vt 0.708467 0.144393
vt 0.053915 0.412845
vt 0.062850 0.415601
vt 0.527540 0.658331
vt 0.875401 0.110515
vt 0.403915 0.313533
vt 0.438510 0.294443
vt 0.467396 0.528581
vt 0.869125 0.182111
vt 0.125093 0.344205
vt 0.753422 0.022395
vt 0.128702 0.361636
vt 0.394808 0.960509
vt 0.207819 0.957049
vt 0.300732 0.874662
vt 0.874519 0.119099
vt 0.693377 0.133346
vt 0.761880 0.015603
vt 0.770876 0.021014
vt 0.884917 0.160734
vt 0.034392 0.425020
vt 0.043601 0.423219
vt 0.493113 0.603088
vt 0.540470 0.675742
vt 0.884639 0.243264
vt 0.736006 0.131786
vt 0.139644 0.334324
vt 0.765244 0.148157
vt 0.958996 0.738852
vt 0.452572 0.305346
vt 0.647737 0.643593
vt 0.716117 0.134394
vt 0.008333 0.410146
vt 0.436485 0.311739
vt 0.434758 0.304291
vt 0.482355 0.569674
vt 0.499017 0.659914
vt 0.790564 0.994868
vt 0.781168 0.993795
vt 0.791282 0.978116
vt 0.776609 0.990750
vt 0.781495 0.961752
vt 0.122976 0.368623
vt 0.087263 0.371211
vt 0.464199 0.557910
vt 0.864435 0.125887
vt 0.867705 0.167735
vt 0.786486 0.964084
vt 0.773662 0.954291
vt 0.778061 0.155094
vt 0.064440 0.457067
vt 0.942938 0.750440
vt 0.151187 0.803493
vt 0.952954 0.738813
vt 0.713197 0.116629
vt 0.070762 0.452027
vt 0.446745 0.525925
vt 0.453164 0.534131
vt 0.487635 0.628292
vt 0.542506 0.686897
vt 0.870235 0.139449
vt 0.850451 0.210750
vt 0.608305 0.668183
vt 0.083449 0.402798
vt 0.485549 0.615811
vt 0.545236 0.708070
vt 0.446198 0.540862
vt 0.627380 0.643281
vt 0.732303 0.116976
vt 0.684000 0.124886
vt 0.025564 0.434453
vt 0.116939 0.374498
vt 0.806389 0.993513
vt 0.136147 0.348790
vt 0.438127 0.504896
vt 0.477004 0.666951
vt 0.867867 0.153905
vt 0.266145 0.859029
vt 0.275009 0.876106
vt 0.269120 0.876524
vt 0.947692 0.761084
vt 0.952626 0.777441
vt 0.019552 0.440929
vt 0.620608 0.650322
vt 0.636601 0.677878
vt 0.814083 0.985404
vt 0.837269 0.208196
vt 0.835455 0.219656
vt 0.769944 0.139485
vt 0.519372 0.686911
vt 0.521416 0.696108
vt 0.822009 0.979204
vt 0.599849 0.652660
vt 0.581432 0.674436
vt 0.632431 0.660194
vt 0.845337 0.190340
vt 0.269461 0.892621
vt 0.298154 0.871034
vt 0.472001 0.663993
vt 0.478178 0.621560
vt 0.481198 0.680796
vt 0.840232 0.150946
vt 0.627168 0.709273
vt 0.780037 0.130407
vt 0.712667 0.092266
vt 0.033224 0.447031
vt 0.056530 0.449646
vt 0.450417 0.615545
vt 0.729073 0.090086
vt 0.114501 0.459498
vt 0.262321 0.864037
vt 0.426204 0.501975
vt 0.450134 0.593193
vt 0.467771 0.665604
vt 0.494666 0.691851
vt 0.641383 0.677779
vt 0.544978 0.733088
vt 0.525412 0.756495
vt 0.543228 0.725097
vt 0.538831 0.742224
vt 0.416100 0.538912
vt 0.465521 0.648261
vt 0.820807 0.970135
vt 0.576785 0.664473
vt 0.736174 0.105639
vt 0.547118 0.748619
vt 0.439102 0.334905
vt 0.843288 0.140328
vt 0.853073 0.145803
vt 0.647679 0.655475
vt 0.772772 0.112223
vt 0.450811 0.564175
vt 0.534866 0.751138
vt 0.462381 0.638541
vt 0.466088 0.638893
vt 0.459587 0.662799
vt 0.453008 0.642626
vt 0.824823 0.158005
vt 0.831446 0.189719
vt 0.648278 0.673993
vt 0.490271 0.697284
vt 0.629711 0.724448
vt 0.737030 0.096152
vt 0.106933 0.453379
vt 0.437938 0.563235
vt 0.433083 0.580170
vt 0.642293 0.698056
vt 0.552830 0.741471
vt 0.828169 0.127063
vt 0.768356 0.104864
vt 0.567930 0.742221
vt 0.415308 0.504300
vt 0.410587 0.493947
vt 0.407768 0.518616
vt 0.426967 0.552132
vt 0.488596 0.702932
vt 0.728877 0.081466
vt 0.710800 0.080438
vt 0.441264 0.637697
vt 0.655812 0.722643
vt 0.047651 0.454268
vt 0.122002 0.466675
vt 0.481763 0.805181
vt 0.533086 0.758143
vt 0.816082 0.115599
vt 0.522222 0.769245
vt 0.512705 0.774130
vt 0.820500 0.147169
vt 0.659889 0.693201
vt 0.424094 0.569604
vt 0.822422 0.137315
vt 0.775870 0.104741
vt 0.414288 0.569399
vt 0.400923 0.564782
vt 0.461924 0.675807
vt 0.453633 0.663508
vt 0.417659 0.812441
vt 0.407537 0.807857
vt 0.429683 0.806350
vt 0.451017 0.673291
vt 0.537178 0.762474
vt 0.411357 0.505113
vt 0.566570 0.905550
vt 0.534634 0.904770
vt 0.550490 0.895838
vt 0.786722 0.097688
vt 0.775828 0.089022
vt 0.415039 0.820567
vt 0.407696 0.550699
vt 0.589310 0.916615
vt 0.544355 0.830404
vt 0.589840 0.890882
vt 0.467060 0.686329
vt 0.400537 0.525372
vt 0.446172 0.683087
vt 0.406815 0.537396
vt 0.812459 0.111298
vt 0.733423 0.075006
vt 0.393445 0.508207
vt 0.399644 0.543477
vt 0.501933 0.786945
vt 0.524254 0.779251
vt 0.395810 0.832766
vt 0.402328 0.839939
vt 0.421052 0.815125
vt 0.511882 0.786046
vt 0.105774 0.777032
vt 0.146739 0.791448
vt 0.583308 0.896950
vt 0.470032 0.697746
vt 0.798745 0.162975
vt 0.802925 0.179515
vt 0.507214 0.796972
vt 0.382777 0.505317
vt 0.388879 0.547488
vt 0.829948 0.123483
vt 0.797262 0.130930
vt 0.797248 0.145561
vt 0.427235 0.827310
vt 0.440073 0.822262
vt 0.492408 0.801841
vt 0.588544 0.905755
vt 0.385822 0.555616
vt 0.782029 0.081900
vt 0.417278 0.842686
vt 0.383487 0.530012
vt 0.587345 0.870378
vt 0.389656 0.870845
vt 0.432007 0.834751
vt 0.590426 0.861724
vt 0.583584 0.852936
vt 0.816995 0.093464
vt 0.409160 0.848675
vt 0.204434 0.954736
vt 0.594718 0.882745
vt 0.529870 0.829151
vt 0.549429 0.820674
vt 0.825948 0.103769
vt 0.458315 0.704198
vt 0.518024 0.821053
vt 0.541184 0.815521
vt 0.523153 0.809135
vt 0.397583 0.870897
vt 0.112561 0.725469
vt 0.498721 0.812998
vt 0.821972 0.078734
vt 0.364112 0.927778
vt 0.487174 0.823395
vt 0.382840 0.545018
vt 0.565789 0.831688
vt 0.473049 0.830442
vt 0.508684 0.823247
vt 0.592619 0.848249
vt 0.605022 0.900497
vt 0.613793 0.883474
vt 0.470684 0.846259
vt 0.374231 0.554203
vt 0.607519 0.851910
vt 0.609664 0.864944
vt 0.600838 0.830310
vt 0.422495 0.855634
vt 0.429929 0.854369
vt 0.611140 0.875946
vt 0.393399 0.888944
vt 0.395771 0.589269
vt 0.583080 0.840097
vt 0.614642 0.892521
vt 0.558777 0.806673
vt 0.411726 0.898926
vt 0.620526 0.866628
vt 0.392897 0.921180
vt 0.403391 0.893871
vt 0.476381 0.858054
vt 0.380767 0.916447
vt 0.367998 0.560014
vt 0.679863 0.944073
vt 0.637962 0.890149
vt 0.645776 0.891651
vt 0.580760 0.819752
vt 0.492046 0.840196
vt 0.411865 0.927591
vt 0.434471 0.861062
vt 0.620233 0.849848
vt 0.539897 0.804775
vt 0.609599 0.841918
vt 0.382998 0.941936
vt 0.468979 0.861312
vt 0.462815 0.865053
vt 0.634377 0.876947
vt 0.632761 0.861818
vt 0.546491 0.797175
vt 0.583386 0.813665
vt 0.500240 0.853392
vt 0.503577 0.835967
vt 0.508360 0.838745
vt 0.511844 0.822627
vt 0.563315 0.797207
vt 0.388641 0.944122
vt 0.626104 0.834060
vt 0.629781 0.847308
vt 0.562284 0.789537
vt 0.403801 0.918367
vt 0.490639 0.861996
vt 0.483830 0.872153
vt 0.477226 0.887238
vt 0.660554 0.883464
vt 0.455170 0.934103
vt 0.613028 0.823773
vt 0.605206 0.796400
vt 0.554841 0.777482
vt 0.609401 0.817566
vt 0.404245 0.932256
vt 0.473247 0.894257
vt 0.107516 0.652012
vt 0.417227 0.923657
vt 0.652431 0.851646
vt 0.639896 0.856401
vt 0.614079 0.807279
vt 0.489806 0.881194
vt 0.449892 0.927282
vt 0.604954 0.784074
vt 0.631977 0.816083
vt 0.505965 0.885741
vt 0.641765 0.830014
vt 0.643099 0.744092
vt 0.635464 0.759388
vt 0.646529 0.727118
vt 0.124835 0.548040
vt 0.656534 0.736273
vt 0.646921 0.748744
vt 0.671425 0.728418
vt 0.632567 0.805818
vt 0.620890 0.781806
vt 0.098193 0.719480
vt 0.519544 0.931477
vt 0.460356 0.941164
vt 0.630703 0.777102
vt 0.639639 0.766513
vt 0.615754 0.792638
vt 0.649314 0.795145
vt 0.647329 0.762839
vt 0.632529 0.790435
vt 0.646198 0.808648
vt 0.637355 0.785003
vt 0.646542 0.790971
vt 0.993383 0.654104
s 0
f 3/1/1 1/2/1 2/3/1
f 2/3/2 1/2/2 4/4/2
f 4/5/3 1/6/3 3/7/3
f 8/8/4 5/9/4 6/10/4
f 7/11/5 6/12/5 5/13/5
f 7/14/6 8/8/6 6/10/6
f 5/13/7 8/15/7 7/11/7
f 12/16/8 9/17/8 10/18/8
f 11/19/9 10/20/9 9/21/9
f 9/21/10 12/22/10 11/19/10
f 12/16/11 10/18/11 11/23/11
s 1
f 1726/24/12 27/25/13 1792/26/14
f 30/27/15 31/28/16 32/29/17
s 0
f 1899/30/18 30/27/18 32/29/18
s 1
f 30/27/19 1899/30/20 33/31/21
f 1883/32/22 30/33/23 33/34/24
f 1845/35/25 35/36/26 1805/37/27
f 35/36/26 1851/38/28 1805/37/27
s 0
f 36/39/29 1817/40/29 37/41/29
s 1
f 37/41/30 1817/40/31 1828/42/32
f 41/43/33 1816/44/34 1770/45/35
f 44/46/36 43/47/37 1827/48/38
s 0
f 48/49/39 1757/50/39 1751/51/39
f 56/52/40 1630/53/40 57/54/40
f 57/54/41 1630/53/41 58/55/41
f 62/56/42 65/57/42 66/58/42
s 1
f 60/59/43 59/60/44 66/61/45
f 59/60/46 67/62/46 66/61/46
f 62/63/47 66/61/48 67/62/49
f 63/64/50 61/65/51 64/66/52
f 64/66/52 61/65/53 60/59/54
f 59/60/44 60/59/55 61/65/56
s 0
f 76/67/57 65/57/57 62/56/57
s 1
f 70/68/58 62/63/47 67/62/49
f 69/69/59 60/70/60 66/58/61
s 0
f 76/71/62 62/63/62 68/72/62
f 61/65/63 63/64/63 59/60/63
s 1
f 68/72/64 62/63/65 70/68/66
s 0
f 1649/73/67 65/57/67 76/67/67
f 59/60/68 63/64/68 73/74/68
s 1
f 66/58/61 65/57/69 69/69/59
f 65/57/70 1649/73/71 71/75/72
s 0
f 70/68/73 67/62/73 74/76/73
s 1
f 64/77/74 60/70/75 75/78/76
s 0
f 67/62/77 59/60/77 74/76/77
s 1
f 71/79/78 1649/80/79 72/81/80
f 71/79/81 73/74/82 69/82/83
s 0
f 1649/83/84 69/82/84 72/84/84
s 1
f 71/79/81 74/76/85 73/74/82
s 0
f 74/76/86 71/79/86 72/81/86
s 1
f 69/69/83 65/57/87 71/75/81
s 0
f 69/82/88 73/74/88 72/84/88
s 1
f 68/72/64 70/68/66 76/71/89
s 0
f 73/74/90 74/76/90 59/60/90
f 73/74/91 63/64/91 72/84/91
f 60/70/92 69/69/92 78/85/92
f 1648/86/93 72/87/93 63/88/93
s 1
f 1648/86/94 63/88/95 64/77/96
s 0
f 60/70/97 78/85/97 1773/89/97
s 1
f 1648/86/94 64/77/96 75/78/98
s 0
f 1688/90/99 74/76/99 72/81/99
s 1
f 75/78/76 60/70/75 1773/89/100
f 78/91/101 69/92/102 56/93/103
f 76/71/89 70/68/66 1688/90/104
f 82/94/105 1649/95/105 76/96/105
f 56/93/103 69/92/106 79/97/107
f 81/98/108 79/99/109 69/100/110
s 0
f 85/101/111 86/102/111 87/103/111
s 1
f 87/103/112 86/102/113 88/104/114
f 88/104/114 86/102/113 90/105/115
s 0
f 86/102/116 85/101/116 89/106/116
f 85/101/117 87/103/117 91/107/117
f 91/107/118 89/106/118 85/101/118
f 90/105/119 86/102/119 89/106/119
s 1
f 91/107/120 87/103/121 88/104/122
f 88/104/123 90/105/124 1624/108/125
f 1624/108/125 90/105/124 52/109/126
f 1624/110/127 52/111/128 89/106/129
f 91/107/120 88/104/122 92/112/130
f 89/106/129 91/107/131 1624/110/127
f 92/112/132 88/104/133 1624/108/134
s 0
f 97/113/135 96/114/135 104/115/135
f 96/114/136 97/113/136 98/116/136
s 1
f 101/117/137 95/118/138 97/113/139
f 97/113/139 95/118/138 98/116/140
f 100/119/141 97/113/139 104/115/142
s 0
f 96/114/143 98/116/143 99/120/143
s 1
f 101/117/137 97/113/139 100/119/141
f 96/114/144 99/120/145 104/115/146
f 102/121/147 99/120/147 105/122/147
f 98/116/140 95/118/138 1577/123/148
f 104/124/146 99/125/145 103/126/149
f 95/118/138 101/117/137 1577/123/148
s 0
f 103/126/150 99/125/150 102/127/150
s 1
f 109/128/151 111/129/152 110/130/153
f 110/130/153 111/129/152 112/131/154
s 0
f 1460/132/155 1556/133/155 1539/134/155
f 1563/135/156 1556/133/156 1460/132/156
s 1
f 1563/136/157 1460/137/158 1479/138/159
s 0
f 1539/134/160 1563/139/160 114/140/160
f 114/141/161 1563/136/161 1479/138/161
s 1
f 1429/142/162 1415/143/163 1493/144/164
f 1279/145/165 1218/146/166 1255/147/167
f 143/148/168 151/149/169 1160/150/170
s 0
f 1122/151/171 146/152/171 150/153/171
s 1
f 147/154/172 146/152/173 149/155/174
s 0
f 1122/151/175 148/156/175 149/155/175
s 1
f 152/157/176 149/155/174 148/156/177
s 0
f 146/158/178 147/159/178 151/160/178
f 149/155/179 146/152/179 1122/151/179
s 1
f 1061/161/180 1036/162/181 164/163/182
f 262/164/183 167/165/184 165/166/185
f 166/167/186 165/166/187 167/165/188
f 177/168/189 169/169/190 170/170/191
f 171/171/192 169/169/193 174/172/194
s 0
f 172/173/195 173/174/195 170/170/195
s 1
f 192/175/196 169/169/190 177/168/189
f 169/169/193 171/171/192 185/176/197
s 0
f 172/173/198 170/170/198 194/177/198
s 1
f 188/178/199 170/170/191 169/169/190
f 188/178/200 169/169/193 185/176/197
s 0
f 171/171/201 180/179/201 176/180/201
s 1
f 175/181/202 171/171/192 174/172/194
f 169/169/203 192/175/204 174/172/205
s 0
f 171/171/206 176/180/206 178/182/206
f 177/168/207 170/170/207 173/174/207
s 1
f 185/176/208 171/171/209 178/182/210
f 171/171/211 175/181/212 180/179/213
s 0
f 172/173/214 194/177/214 179/183/214
f 179/183/215 173/174/215 172/173/215
s 1
f 170/170/191 188/178/199 194/177/216
s 0
f 176/180/217 180/179/217 181/184/217
s 1
f 174/185/205 192/186/204 190/187/218
s 0
f 178/182/219 176/180/219 181/184/219
s 1
f 182/188/220 175/181/202 174/172/194
s 0
f 177/168/221 173/174/221 179/183/221
s 1
f 186/189/222 187/190/223 1159/191/224
f 226/192/225 175/181/212 182/188/226
f 189/193/227 192/186/228 212/194/229
f 181/184/230 180/179/231 186/189/232
f 194/177/216 193/195/233 214/196/234
f 187/190/223 186/189/222 204/197/235
f 190/187/218 192/186/204 189/193/236
f 179/183/237 194/177/216 214/196/234
f 185/176/238 178/182/239 236/198/240
f 180/179/213 175/181/212 226/192/225
f 190/187/218 182/199/241 174/185/205
f 189/193/242 212/194/243 168/200/244
s 0
f 191/201/245 205/202/245 221/203/245
s 1
f 180/179/231 226/192/246 186/189/232
f 198/204/247 197/205/248 200/206/249
s 0
f 197/205/250 196/207/250 200/206/250
s 1
f 196/207/251 197/205/252 198/204/253
f 199/208/254 211/209/255 195/210/256
f 200/206/257 195/210/258 224/211/259
f 224/211/259 195/210/258 201/212/260
s 0
f 199/208/261 232/213/261 211/209/261
s 1
f 186/189/232 226/192/246 204/197/262
f 212/214/229 192/175/228 214/196/263
s 0
f 214/196/264 192/175/264 177/168/264
s 1
f 195/210/256 200/206/265 199/208/254
f 191/201/266 221/203/267 187/190/268
s 0
f 226/215/269 182/199/269 260/216/269
s 1
f 209/217/270 196/207/271 210/218/272
f 193/195/233 194/177/216 188/178/199
s 0
f 191/201/273 208/219/273 207/220/273
s 1
f 187/190/223 204/197/235 230/221/274
f 223/222/275 213/223/276 210/218/277
f 217/224/278 218/225/279 222/226/280
f 224/211/281 210/218/272 196/207/271
f 198/204/247 200/206/282 224/211/283
s 0
f 201/212/284 195/210/284 203/227/284
s 1
f 203/227/285 195/210/256 227/228/286
f 214/196/263 220/229/287 212/214/229
s 0
f 177/168/288 179/183/288 214/196/288
s 1
f 178/182/289 181/184/290 1034/230/291
s 0
f 191/201/292 207/220/292 225/231/292
s 1
f 187/190/268 230/221/293 191/201/266
f 224/211/294 196/207/251 198/204/253
f 227/228/295 195/210/256 211/209/255
f 219/232/296 211/209/297 168/200/298
f 260/216/299 182/199/241 190/187/218
f 217/224/300 1033/233/301 249/234/302
f 223/222/275 210/218/277 224/211/303
f 205/202/304 206/235/305 221/203/306
f 168/200/298 211/209/297 232/213/307
f 219/232/308 168/200/244 212/194/243
f 187/190/223 1210/236/309 1159/191/224
f 255/237/310 229/238/311 237/239/312
s 0
f 229/240/313 247/241/313 259/242/313
s 1
f 998/243/314 1098/244/315 247/241/316
f 247/245/317 238/246/318 998/247/319
f 239/248/320 998/247/319 238/246/318
f 244/249/321 241/250/322 264/251/323
f 1083/252/324 244/253/325 242/254/326
f 242/255/327 244/249/321 264/251/323
f 264/251/323 241/250/322 239/248/328
f 270/256/329 264/251/330 239/248/328
f 238/246/318 247/245/317 999/257/331
f 997/258/332 247/241/316 1098/244/315
f 251/259/333 190/187/218 189/193/236
f 218/225/334 217/224/278 233/260/335
f 1033/233/336 234/261/337 249/234/338
f 222/226/339 218/225/340 196/207/341
f 224/211/303 201/212/342 203/227/343
f 220/262/344 219/232/308 212/194/243
f 163/263/345 188/264/346 268/265/347
f 163/263/345 193/266/348 188/264/346
f 221/203/306 206/235/305 255/237/349
f 225/231/350 1164/267/351 255/237/310
f 205/202/304 191/201/352 225/231/353
s 0
f 226/215/354 248/268/354 204/269/354
s 1
f 221/203/355 255/237/356 1035/270/357
f 206/235/305 205/202/304 225/231/353
f 251/259/333 260/216/299 190/187/218
f 189/193/358 168/200/359 251/259/360
s 0
f 213/223/361 223/222/361 253/271/361
s 1
f 206/235/305 225/231/353 255/237/349
f 247/241/362 997/258/363 259/242/364
f 270/256/329 239/248/328 238/246/365
f 257/272/366 191/201/367 230/221/368
s 0
f 232/213/369 199/208/369 1012/273/369
f 218/225/370 233/260/370 1215/274/370
s 1
f 252/275/371 235/276/372 258/277/373
f 1068/278/374 211/209/375 219/232/376
f 193/279/348 163/280/345 254/281/377
f 1034/230/291 236/198/378 178/182/289
f 221/203/379 1035/270/380 1070/282/381
f 229/238/311 255/237/310 1164/267/351
s 0
f 248/268/382 226/215/382 260/216/382
s 1
f 1215/274/383 199/208/254 200/206/265
f 1021/283/384 234/261/337 1033/233/336
s 0
f 217/224/385 222/226/385 1033/233/385
f 222/226/386 196/207/386 209/217/386
s 1
f 210/218/277 213/223/276 209/217/387
f 1083/252/324 242/254/326 1037/284/388
s 0
f 274/285/389 276/286/389 275/287/389
f 274/285/390 275/287/390 1002/288/390
f 1002/289/391 275/290/391 276/291/391
f 279/292/392 277/293/392 280/294/392
f 278/295/393 277/293/393 279/292/393
s 1
f 280/294/394 277/293/395 278/295/396
s 0
f 981/296/397 278/295/397 279/292/397
f 281/297/398 283/298/398 939/299/398
f 939/299/399 283/298/399 282/300/399
s 1
f 283/298/400 281/297/401 932/301/402
s 0
f 291/302/403 292/303/403 932/301/403
f 293/304/404 294/305/404 295/306/404
s 1
f 295/306/405 294/305/405 966/307/405
s 0
f 294/305/406 293/304/406 966/307/406
s 1
f 301/308/407 302/309/408 303/310/409
f 300/311/410 301/308/411 303/310/412
f 310/312/413 300/311/414 303/310/415
f 304/313/416 300/311/414 310/312/413
s 0
f 304/313/417 301/308/417 300/311/417
f 303/310/418 302/309/418 305/314/418
s 1
f 306/315/419 301/308/419 304/313/419
s 0
f 310/312/420 303/310/420 305/314/420
f 302/309/421 301/308/421 307/316/421
f 305/314/422 302/309/422 307/316/422
f 307/316/423 301/308/423 306/315/423
f 311/317/424 309/318/424 304/313/424
f 310/312/425 308/319/425 304/313/425
f 306/315/426 304/313/426 309/318/426
f 311/317/427 304/313/427 308/319/427
f 312/320/428 307/316/428 306/315/428
f 313/321/429 305/314/429 307/316/429
f 307/316/430 312/320/430 313/321/430
s 1
f 306/315/431 309/318/432 312/320/433
f 312/320/433 309/318/432 311/317/434
f 310/312/435 305/314/436 313/321/437
s 0
f 311/317/438 308/319/438 314/322/438
s 1
f 308/319/439 310/312/435 313/321/437
s 0
f 315/323/440 311/317/440 314/322/440
s 1
f 317/324/441 312/320/433 311/317/434
s 0
f 312/320/442 316/325/442 313/321/442
s 1
f 311/317/434 315/323/443 317/324/441
s 0
f 314/326/444 308/327/444 318/328/444
f 308/327/445 313/329/445 318/328/445
f 316/325/446 312/320/446 317/324/446
f 318/328/447 313/329/447 319/330/447
f 319/331/448 313/321/448 316/325/448
f 315/332/449 299/333/449 320/334/449
f 315/335/450 314/326/450 299/336/450
f 314/326/451 318/328/451 319/330/451
f 919/337/452 299/336/452 314/326/452
f 319/331/453 316/325/453 908/338/453
s 1
f 317/339/441 315/332/443 320/334/454
s 0
f 320/334/455 299/333/455 321/340/455
f 908/338/456 316/325/456 317/324/456
s 1
f 322/341/457 317/339/458 320/334/459
s 0
f 908/338/460 317/324/460 322/342/460
s 1
f 290/343/461 323/344/462 324/345/463
f 324/345/463 323/344/462 325/346/464
s 0
f 612/347/465 327/348/465 644/349/465
s 1
f 670/350/466 327/348/467 612/347/468
s 0
f 333/351/469 329/352/469 646/353/469
s 1
f 623/354/470 489/355/471 335/356/472
f 334/357/473 336/358/474 623/359/475
f 334/360/476 623/354/470 335/356/472
f 336/358/474 334/357/473 603/361/477
f 604/362/478 334/360/479 335/356/480
s 0
f 337/363/481 542/364/481 533/365/481
f 482/366/482 485/367/482 473/368/482
f 352/369/483 351/370/483 353/371/483
f 353/371/484 351/370/484 356/372/484
f 355/373/485 354/374/485 350/375/485
f 350/375/486 351/370/486 352/369/486
f 356/372/487 351/370/487 440/376/487
f 440/376/488 351/370/488 350/375/488
f 355/373/489 350/375/489 352/369/489
s 1
f 357/377/490 350/375/491 354/374/492
f 440/376/493 350/375/491 357/377/490
f 355/373/494 359/378/495 354/374/496
s 0
f 352/369/497 353/371/497 428/379/497
f 368/380/498 362/381/498 419/382/498
s 1
f 382/383/499 367/384/500 368/380/501
f 374/385/502 373/386/503 375/387/504
f 376/388/505 375/389/506 373/390/507
f 372/391/508 374/392/502 375/393/504
s 0
f 374/392/509 372/391/509 377/394/509
s 1
f 376/388/505 373/390/507 398/395/510
s 0
f 370/396/511 371/397/511 377/398/511
f 371/399/512 372/391/512 379/400/512
f 372/391/513 375/393/513 379/400/513
s 1
f 379/401/514 375/402/515 370/396/516
s 0
f 371/399/517 379/400/517 377/403/517
s 1
f 375/402/515 371/397/518 370/396/516
f 369/404/519 375/389/520 376/388/521
f 373/386/522 391/405/523 398/406/524
f 379/407/525 374/392/526 377/394/527
s 0
f 375/408/528 369/409/528 381/410/528
s 1
f 398/395/529 390/411/530 376/388/531
f 373/386/522 374/385/532 391/405/533
f 380/412/534 374/385/526 379/413/525
s 0
f 372/391/535 371/399/535 383/414/535
f 371/397/536 375/402/536 383/415/536
f 379/401/537 370/396/537 392/416/537
f 392/416/538 370/396/538 377/398/538
f 381/417/539 383/415/539 375/402/539
f 392/418/540 393/419/540 381/410/540
f 381/410/541 369/409/541 379/420/541
f 369/421/542 393/419/542 392/418/542
f 392/418/543 381/410/543 379/420/543
f 380/422/544 369/421/544 392/418/544
f 379/423/545 369/421/545 380/422/545
f 377/398/546 388/424/546 392/416/546
f 391/405/547 374/385/547 380/412/547
s 1
f 383/414/548 388/425/549 377/394/550
f 383/414/548 377/394/550 372/391/551
s 0
f 386/426/552 387/427/552 385/428/552
s 1
f 385/428/553 388/429/553 386/426/553
s 0
f 388/429/554 385/428/554 387/427/554
s 1
f 386/426/555 388/429/549 383/430/548
f 387/427/556 386/426/557 383/430/548
s 0
f 369/404/558 384/431/558 366/432/558
s 1
f 369/404/519 376/388/521 384/431/559
s 0
f 376/388/560 366/433/560 389/434/560
s 1
f 411/435/561 368/436/501 367/437/500
f 404/438/562 369/404/563 366/432/564
f 376/388/565 390/411/565 366/433/565
s 0
f 395/439/566 382/383/566 368/380/566
s 1
f 383/440/567 399/441/567 387/442/567
s 0
f 369/404/568 404/438/568 393/443/568
s 1
f 391/405/569 380/412/570 363/444/571
s 0
f 392/416/572 388/424/572 399/445/572
f 388/446/573 387/442/573 399/441/573
f 366/447/574 394/448/574 396/449/574
s 1
f 396/449/575 364/450/576 366/447/577
f 395/439/578 365/451/579 397/452/580
f 364/450/581 396/449/582 403/453/583
f 366/447/584 364/450/585 404/454/586
f 398/406/529 367/437/587 390/455/530
s 0
f 393/456/588 404/457/588 396/449/588
f 401/458/589 366/459/589 390/460/589
f 395/439/590 368/380/590 365/451/590
s 1
f 363/461/591 376/462/592 391/463/593
s 0
f 397/452/594 400/464/594 414/465/594
s 1
f 397/452/580 365/451/579 400/464/595
f 411/435/596 367/437/597 398/406/598
f 384/466/599 376/462/592 363/461/591
s 0
f 394/467/600 366/459/600 401/458/600
s 1
f 422/468/601 414/465/602 400/464/603
f 407/469/604 391/405/605 389/470/606
s 0
f 391/463/607 376/462/607 389/471/607
f 384/466/608 363/461/608 407/472/608
f 364/450/609 389/473/609 384/474/609
f 384/431/610 389/475/610 366/432/610
f 402/476/611 384/466/611 407/472/611
s 1
f 407/469/612 389/470/606 402/477/613
f 396/449/614 404/457/615 403/453/616
s 0
f 389/473/617 364/450/617 403/453/617
f 404/454/618 364/450/618 384/474/618
f 402/478/619 389/479/619 403/480/619
f 384/466/620 402/476/620 404/457/620
s 1
f 405/481/621 403/453/616 404/457/615
s 0
f 404/457/622 402/476/622 408/482/622
s 1
f 402/478/623 403/480/624 408/483/625
f 405/481/621 404/457/615 363/484/626
s 0
f 363/484/627 404/457/627 408/482/627
s 1
f 380/412/570 392/485/628 363/444/571
f 367/384/629 382/383/630 406/486/631
s 0
f 406/486/632 397/452/632 414/465/632
f 383/440/633 381/410/633 399/441/633
f 399/441/634 381/410/634 409/487/634
f 381/410/635 393/419/635 409/487/635
f 394/467/636 401/458/636 418/488/636
f 363/461/637 408/489/637 407/472/637
f 413/490/638 392/416/638 399/445/638
s 1
f 367/384/639 406/486/640 431/491/641
f 382/383/642 395/439/643 397/452/644
f 406/486/645 414/465/646 421/492/647
s 0
f 368/436/648 411/435/648 362/493/648
s 1
f 411/435/649 391/405/650 407/469/651
f 406/486/652 382/383/642 397/452/644
f 398/406/598 391/405/653 411/435/596
f 408/483/625 403/480/624 405/494/654
s 0
f 416/495/655 393/456/655 396/449/655
f 416/495/656 396/449/656 394/448/656
f 431/491/657 390/496/657 367/384/657
s 1
f 360/497/658 362/498/659 420/499/660
s 0
f 405/500/661 363/444/661 413/501/661
s 1
f 363/444/571 392/485/662 413/501/663
f 412/502/664 421/492/647 414/465/646
s 0
f 407/503/665 408/483/665 405/494/665
s 1
f 416/504/666 399/441/667 409/487/668
s 0
f 418/505/669 401/506/669 424/507/669
f 368/380/670 419/382/670 365/451/670
s 1
f 413/508/671 399/441/667 416/504/666
s 0
f 417/509/672 416/510/672 394/467/672
s 1
f 417/509/673 394/467/673 418/488/673
f 412/502/664 414/465/646 422/468/674
f 358/511/675 354/512/676 359/513/677
f 361/514/678 360/497/679 423/515/680
f 448/516/681 360/497/658 420/499/660
f 421/492/647 412/502/664 426/517/682
s 0
f 365/451/683 419/382/683 415/518/683
s 1
f 360/497/684 361/514/678 427/519/685
f 356/372/686 440/376/687 429/520/688
f 423/515/680 360/497/679 448/516/689
s 0
f 420/521/690 362/493/690 411/435/690
s 1
f 407/503/651 405/494/691 411/522/649
s 0
f 409/487/692 393/419/692 416/504/692
f 401/506/693 390/496/693 424/507/693
s 1
f 424/507/694 390/496/694 431/491/694
f 435/523/695 412/502/696 422/468/697
s 0
f 422/468/698 400/464/698 415/518/698
f 349/524/699 416/510/699 433/525/699
f 433/525/700 416/510/700 417/509/700
s 1
f 436/526/701 435/523/695 422/468/697
s 0
f 400/464/702 365/451/702 415/518/702
f 415/518/703 419/382/703 436/526/703
s 1
f 454/527/704 354/512/676 358/511/675
s 0
f 352/369/705 428/379/705 355/373/705
s 1
f 357/377/706 354/374/707 437/528/708
s 0
f 427/519/709 361/514/709 423/515/709
f 438/529/710 349/524/710 433/525/710
f 439/530/711 430/531/711 418/505/711
f 436/526/712 422/468/712 415/518/712
f 436/526/713 419/382/713 362/381/713
f 428/379/714 353/371/714 356/372/714
s 1
f 437/528/708 354/374/707 427/519/715
f 413/532/671 416/533/666 349/534/716
s 0
f 442/535/717 412/502/717 443/536/717
s 1
f 358/511/675 359/513/677 450/537/718
f 355/373/494 451/538/719 359/378/495
s 0
f 431/491/720 406/486/720 421/492/720
s 1
f 427/539/721 354/512/676 454/527/704
f 358/511/722 432/540/723 454/527/724
f 356/372/686 429/520/688 428/379/725
f 437/528/708 427/519/715 423/515/726
s 0
f 441/541/727 417/509/727 418/488/727
f 430/531/728 441/542/728 418/505/728
f 444/543/729 348/544/729 359/513/729
s 1
f 411/522/649 405/494/691 413/532/730
f 433/525/731 417/509/732 452/545/733
f 430/531/734 434/546/735 446/547/736
s 0
f 424/507/737 431/491/737 439/530/737
s 1
f 426/517/738 412/502/739 442/535/738
s 0
f 440/376/740 445/548/740 457/549/740
s 1
f 448/516/689 437/528/741 423/515/680
s 0
f 411/522/742 413/532/742 349/534/742
s 1
f 362/498/659 360/497/658 454/550/743
f 430/531/734 446/547/736 441/542/744
s 0
f 360/497/745 427/519/745 454/550/745
s 1
f 358/511/746 450/537/747 469/551/748
s 0
f 355/373/749 428/379/749 451/538/749
f 434/546/750 430/531/750 439/530/750
s 1
f 488/552/751 348/544/752 444/543/753
s 0
f 439/530/754 418/505/754 424/507/754
f 431/491/755 421/492/755 439/530/755
s 1
f 412/502/756 435/523/695 443/536/757
f 435/523/695 436/526/701 460/553/758
f 358/511/746 469/551/748 432/540/759
f 359/513/760 348/544/761 455/554/762
f 456/555/763 348/544/763 488/552/763
f 428/379/725 429/520/688 465/556/764
f 445/548/765 440/376/766 458/557/767
f 449/558/768 433/525/731 452/545/733
f 450/537/718 359/513/677 455/554/769
s 0
f 428/379/770 465/556/770 451/538/770
s 1
f 429/520/771 440/376/772 457/549/773
s 0
f 420/559/774 411/522/774 349/534/774
f 452/545/775 417/509/775 441/541/775
s 1
f 468/560/776 421/492/647 426/517/682
f 454/527/724 432/540/777 461/561/778
f 464/562/779 432/563/780 469/564/781
f 458/557/767 440/376/766 500/565/782
s 0
f 433/525/783 449/558/783 438/529/783
s 1
f 426/517/784 442/535/785 468/560/786
s 0
f 455/554/787 348/544/787 456/555/787
s 1
f 347/566/788 441/542/789 446/547/790
s 0
f 463/567/791 443/536/791 467/568/791
s 1
f 443/536/757 435/523/695 467/568/792
f 504/569/793 460/553/794 453/570/795
s 0
f 436/526/796 362/381/796 454/571/796
s 1
f 488/552/751 444/543/797 470/572/798
f 489/355/799 437/528/741 448/516/689
f 434/546/800 439/530/801 534/573/802
s 0
f 461/574/803 432/563/803 464/562/803
f 469/551/804 450/537/804 487/575/804
f 534/573/805 439/530/805 421/492/805
s 1
f 468/560/806 442/535/807 495/576/808
f 442/535/807 443/536/809 495/576/810
s 0
f 460/553/811 436/526/811 453/570/811
f 436/526/812 454/571/812 453/570/812
f 453/570/813 454/571/813 471/577/813
f 449/558/814 466/578/814 494/579/814
f 502/580/815 449/558/815 452/545/815
s 1
f 452/581/816 441/542/817 347/566/818
f 434/546/800 534/573/802 446/547/819
f 435/523/820 460/553/821 525/582/822
f 525/582/822 460/553/821 504/569/823
f 482/366/824 480/583/824 479/584/824
s 0
f 473/585/825 475/586/825 478/587/825
f 475/588/826 479/589/826 480/590/826
f 472/591/827 476/592/827 477/593/827
s 1
f 485/594/828 477/593/829 475/586/830
s 0
f 475/586/831 483/595/831 478/587/831
f 483/595/832 479/596/832 478/587/832
s 1
f 477/593/833 476/592/834 520/597/835
s 0
f 473/368/836 480/583/836 482/366/836
f 482/598/837 481/599/837 484/600/837
f 484/600/838 481/599/838 480/583/838
f 480/583/839 473/368/839 484/600/839
s 1
f 473/585/840 490/601/841 484/602/842
f 486/603/843 477/593/833 520/597/835
f 444/543/844 359/513/845 470/572/846
f 457/549/847 445/548/848 528/604/849
f 528/604/849 445/548/848 458/557/850
f 489/355/799 448/516/689 506/605/851
f 448/516/681 420/499/660 506/605/852
s 0
f 438/529/853 449/558/853 494/579/853
s 1
f 525/582/854 467/568/855 435/523/856
f 516/606/857 504/569/793 453/570/795
s 0
f 475/586/858 473/585/858 485/594/858
s 1
f 475/586/830 477/593/829 486/603/859
s 0
f 449/558/860 502/580/860 466/578/860
s 1
f 534/573/861 421/492/647 468/560/776
f 523/607/862 468/560/863 515/608/864
s 0
f 524/609/865 467/610/865 503/611/865
f 471/577/866 454/571/866 461/612/866
s 1
f 490/601/841 473/585/840 478/587/867
f 492/613/868 472/591/869 464/562/779
f 450/537/870 455/554/871 345/614/872
s 0
f 456/555/873 488/552/873 498/615/873
f 452/545/874 522/616/874 502/580/874
f 443/536/875 463/567/875 495/576/875
s 1
f 503/617/876 467/568/877 525/582/854
s 0
f 464/562/878 472/591/878 501/618/878
s 1
f 476/592/879 472/591/880 532/619/881
f 532/619/882 472/591/869 492/613/868
s 0
f 498/615/883 488/552/883 470/572/883
s 1
f 465/556/884 429/520/885 457/549/773
f 438/529/886 494/579/887 420/620/888
s 0
f 461/574/889 464/562/889 517/621/889
f 501/618/890 472/591/890 508/622/890
f 478/623/891 479/624/891 541/625/891
s 1
f 464/562/779 469/564/781 492/613/868
f 345/614/872 487/575/892 450/537/893
f 470/572/846 359/513/845 493/626/894
s 0
f 440/376/895 512/627/895 500/565/895
s 1
f 349/524/896 438/529/886 420/620/888
f 523/607/862 534/573/897 468/560/863
f 467/610/898 524/609/899 496/628/900
s 0
f 472/591/901 477/593/901 485/594/901
s 1
f 490/629/841 478/630/867 518/631/902
f 499/632/903 493/626/904 341/633/905
f 451/538/906 465/556/907 537/634/908
f 357/377/706 437/528/708 489/355/909
s 0
f 466/578/910 513/635/910 494/579/910
f 466/578/911 502/580/911 519/636/911
f 534/573/912 347/566/912 446/547/912
f 516/606/913 453/570/913 471/577/913
s 1
f 464/562/914 501/618/915 517/621/916
f 526/637/917 485/367/918 482/366/919
f 509/638/920 484/639/921 510/640/922
f 510/640/922 484/639/921 490/641/923
f 479/624/924 475/586/830 541/625/925
f 359/378/495 451/538/926 537/634/927
f 515/608/864 468/560/863 495/576/928
f 467/610/898 496/628/900 343/642/929
f 507/643/930 504/569/931 516/606/857
s 0
f 516/606/932 471/577/932 461/612/932
f 472/591/933 485/594/933 508/622/933
s 1
f 541/625/925 475/586/830 486/603/859
f 476/592/879 532/619/881 520/597/934
f 550/644/935 455/554/936 568/645/937
f 455/554/938 456/555/939 498/615/940
f 505/646/941 357/377/706 489/355/909
f 522/616/942 452/545/942 514/647/942
f 482/648/943 527/649/944 526/650/945
f 482/598/946 484/600/947 509/651/948
s 0
f 547/652/949 487/575/949 345/614/949
s 1
f 345/614/950 455/554/936 550/644/935
f 568/645/951 455/554/938 498/615/940
s 0
f 493/653/952 359/378/952 537/634/952
s 1
f 512/627/953 440/376/493 357/377/490
f 512/627/953 357/377/490 505/646/954
s 0
f 533/654/955 420/620/955 494/579/955
f 540/655/956 514/656/956 521/657/956
f 519/636/957 502/580/957 522/616/957
f 514/658/958 452/581/958 347/566/958
f 469/551/959 487/575/959 547/652/959
s 1
f 499/632/960 341/633/961 511/659/962
s 0
f 542/364/963 420/660/963 533/365/963
s 1
f 340/661/964 346/662/965 530/663/966
f 482/648/946 509/638/948 527/649/967
s 0
f 510/640/968 483/664/968 480/590/968
f 470/572/969 493/626/969 498/615/969
s 1
f 458/557/970 500/565/971 538/665/972
s 0
f 494/579/973 513/635/973 533/654/973
s 1
f 519/666/974 514/656/975 679/667/976
s 0
f 519/636/977 522/616/977 514/647/977
f 347/566/978 534/573/978 514/658/978
s 1
f 467/610/898 343/642/929 463/668/979
f 569/669/980 507/643/930 551/670/981
s 0
f 509/638/982 510/640/982 536/671/982
s 1
f 482/366/983 479/584/984 481/672/985
s 0
f 556/673/986 490/629/986 518/631/986
s 1
f 493/626/987 499/632/987 568/645/987
f 528/604/849 458/557/850 538/665/988
f 514/656/989 540/655/990 679/667/991
f 609/674/992 343/642/993 496/628/994
f 629/675/995 496/628/996 524/609/997
s 0
f 510/640/998 480/590/998 481/676/998
f 483/664/999 475/588/999 480/590/999
s 1
f 510/640/1000 490/641/1001 483/664/1002
f 342/677/1003 341/633/905 493/626/904
f 457/549/1004 528/604/1005 465/556/1006
s 0
f 420/660/1007 542/364/1007 506/678/1007
f 533/365/1008 344/679/1008 697/680/1008
f 697/680/1009 344/679/1009 513/681/1009
s 1
f 346/662/965 340/661/964 605/682/1010
s 0
f 463/683/1011 609/684/1011 346/662/1011
s 1
f 609/684/1012 530/663/1013 346/662/1014
f 557/685/1015 503/617/876 525/582/854
f 535/686/1016 504/569/931 507/643/930
f 517/687/1017 501/688/915 558/689/1018
f 485/690/918 526/650/917 508/691/1019
f 481/692/985 479/596/984 483/595/1020
f 513/635/1021 466/578/1022 539/693/1023
f 346/662/1024 495/694/1024 463/683/1024
f 338/695/1025 609/674/992 496/628/994
f 516/696/1026 461/697/1027 517/687/1028
f 527/649/1029 509/638/1029 536/671/1029
s 0
f 562/698/1030 520/597/1030 339/699/1030
s 1
f 339/699/1031 520/597/1032 532/619/881
f 499/632/1033 511/659/1034 545/700/1035
f 465/556/1006 528/604/1005 560/701/1036
s 0
f 560/701/1037 500/565/1037 512/627/1037
s 1
f 566/702/1038 340/661/964 544/703/1039
f 525/582/822 504/569/823 535/686/1040
f 507/643/930 516/606/857 551/670/981
f 481/676/1041 536/671/1042 510/640/1043
s 0
f 531/704/1044 490/629/1044 556/673/1044
s 1
f 562/698/1045 486/603/843 520/597/835
f 547/705/1046 532/619/882 492/613/868
s 0
f 345/614/1047 550/644/1047 547/652/1047
f 547/652/1048 550/644/1048 548/706/1048
f 568/645/1049 499/632/1049 545/700/1049
s 1
f 545/700/1050 511/659/1051 553/707/1052
f 511/659/962 341/633/961 563/708/1053
s 0
f 533/365/1054 513/681/1054 344/679/1054
s 1
f 340/661/964 530/663/966 544/703/1039
f 524/609/1055 503/611/1056 617/709/1057
f 516/696/1026 517/687/1028 551/710/1058
f 547/705/1059 492/613/868 469/564/781
f 550/644/1060 549/711/1061 631/712/1062
f 341/633/961 342/677/1063 563/708/1053
f 537/634/908 465/556/1064 560/701/1065
s 0
f 539/693/1066 466/578/1066 519/636/1066
f 463/668/1067 343/642/1067 609/674/1067
s 1
f 629/675/995 524/609/997 606/713/1068
f 557/685/1069 525/582/822 535/686/1040
f 558/689/1070 501/688/1071 508/691/1072
f 559/714/1073 508/691/1074 526/650/1075
f 490/629/1001 531/704/1076 483/715/1002
f 339/699/1077 532/619/882 547/705/1046
f 554/716/1078 521/657/1079 514/656/1080
f 503/611/1056 557/717/1081 617/709/1057
f 558/689/1082 508/691/1074 559/714/1073
f 526/650/945 527/649/944 559/714/1083
s 0
f 478/630/1084 541/718/1084 518/631/1084
s 1
f 572/719/1085 342/677/1003 648/720/1086
f 648/720/1086 342/677/1003 493/626/904
s 0
f 538/665/1087 500/565/1087 560/701/1087
s 1
f 514/721/1088 534/722/1089 561/723/1090
f 495/694/1091 346/662/1092 515/724/1093
s 0
f 551/710/1094 517/687/1094 558/689/1094
s 1
f 567/725/1095 481/676/1041 574/726/1096
f 607/727/1097 550/644/1060 631/712/1062
f 506/678/1098 542/364/1099 565/728/1100
f 540/655/1101 521/657/1102 573/729/1103
f 534/573/897 523/607/862 515/608/864
f 575/730/1104 544/703/1039 530/663/966
f 536/671/1042 481/676/1041 567/725/1095
f 615/731/1105 556/673/1106 552/732/1107
s 0
f 552/732/1108 556/673/1108 518/631/1108
f 541/718/1109 486/733/1109 518/631/1109
s 1
f 511/659/1051 563/708/1110 553/707/1052
f 528/604/1005 538/665/1111 560/701/1036
s 0
f 514/656/1112 561/734/1112 554/716/1112
s 1
f 515/724/1093 346/662/1092 605/682/1113
f 338/695/1114 496/628/1115 629/675/1116
s 0
f 607/735/1117 552/732/1117 518/631/1117
s 1
f 498/615/1118 493/626/1118 568/645/1118
f 568/645/1119 545/700/1120 659/736/1121
f 335/356/480 489/355/1122 604/362/478
f 614/737/1123 530/663/1124 546/738/1125
s 0
f 607/727/1126 548/706/1126 550/644/1126
s 1
f 563/708/1053 342/677/1063 618/739/1127
f 577/740/1128 578/741/1129 581/742/1130
f 581/742/1130 578/741/1129 580/743/1131
s 0
f 576/744/1132 577/740/1132 586/745/1132
f 577/740/1133 581/742/1133 586/745/1133
s 1
f 578/741/1134 577/740/1135 583/746/1136
f 576/747/1137 586/748/1138 585/749/1139
f 585/749/1139 586/748/1138 584/750/1140
s 0
f 586/745/1141 581/742/1141 582/751/1141
f 580/743/1142 578/741/1142 587/752/1142
f 581/742/1143 580/743/1143 582/751/1143
f 580/743/1144 587/752/1144 582/751/1144
s 1
f 587/752/1145 578/741/1145 583/746/1145
f 583/746/1136 577/740/1135 576/744/1146
f 585/749/1147 584/750/1148 589/753/1149
f 584/750/1148 590/754/1150 589/753/1149
f 591/755/1151 586/748/1151 582/756/1151
f 585/749/1152 583/757/1152 576/747/1152
f 587/752/1153 583/746/1153 592/758/1153
s 0
f 584/750/1154 586/748/1154 591/755/1154
f 582/756/1155 587/759/1155 593/760/1155
s 1
f 591/755/1156 582/756/1157 593/760/1158
f 592/761/1159 583/757/1160 585/749/1161
f 593/760/1162 587/759/1163 592/762/1164
f 592/761/1159 585/749/1161 589/753/1165
s 0
f 584/750/1166 591/755/1166 599/763/1166
f 596/764/1167 589/753/1167 590/754/1167
s 1
f 590/754/1168 584/750/1169 599/763/1170
f 595/765/1171 592/761/1172 589/753/1173
f 591/755/1174 593/760/1175 597/766/1176
s 0
f 599/763/1177 591/755/1177 597/766/1177
f 620/767/1178 596/764/1178 590/754/1178
s 1
f 598/768/1179 593/760/1162 592/762/1164
f 599/763/1180 620/767/1181 590/754/1168
s 0
f 597/766/1182 593/760/1182 598/768/1182
f 592/762/1183 595/769/1183 598/768/1183
f 596/764/1184 600/770/1184 601/771/1184
f 600/770/1185 596/764/1185 602/772/1185
s 1
f 595/765/1171 589/753/1173 601/771/1186
s 0
f 589/753/1187 596/764/1187 601/771/1187
f 602/772/1188 596/764/1188 620/767/1188
s 1
f 546/738/1189 530/663/1013 609/684/1012
f 559/714/1190 527/649/1191 571/773/1192
f 527/649/1191 536/671/1193 571/773/1192
f 574/774/1096 481/775/1041 615/731/1194
s 0
f 481/775/1195 483/715/1195 615/731/1195
f 483/715/1196 531/704/1196 615/731/1196
s 1
f 339/699/1077 547/705/1046 548/776/1197
s 0
f 659/736/1198 545/700/1198 553/707/1198
s 1
f 618/739/1127 342/677/1063 572/719/1199
f 537/634/1200 512/627/1201 564/777/1202
s 0
f 564/777/1203 512/627/1203 505/646/1203
s 1
f 489/355/799 506/605/851 604/362/1204
f 534/722/897 515/724/864 328/778/1205
f 605/682/1010 340/661/964 566/702/1038
f 575/730/1206 530/663/1124 614/737/1123
s 0
f 518/631/1207 486/733/1207 607/735/1207
f 623/354/1208 505/646/1208 489/355/1208
s 1
f 542/364/1099 337/363/1209 565/728/1100
f 561/723/1210 534/722/1089 328/778/1211
f 338/695/1212 611/779/1213 609/674/1214
f 611/779/1215 338/695/1114 629/675/1116
f 535/686/1216 507/643/1217 612/780/1218
f 531/704/1219 556/673/1106 615/731/1105
f 563/708/1110 659/736/1220 553/707/1052
f 609/674/1214 611/779/1213 622/781/1221
f 569/669/1222 551/670/1223 612/780/1224
f 949/782/1225 550/644/1226 568/645/1227
f 634/783/1228 629/675/995 606/713/1068
f 507/643/1217 569/669/1229 612/780/1218
f 571/773/1230 536/671/1042 567/725/1095
f 615/731/1194 552/732/1231 326/784/1232
s 0
f 607/735/1233 486/733/1233 562/785/1233
s 1
f 562/698/1234 339/699/1235 548/776/1236
f 521/657/1079 554/716/1237 610/786/1238
f 605/682/1113 328/778/1239 515/724/1093
f 566/702/1038 544/703/1039 575/730/1104
f 614/737/1240 600/770/1240 602/772/1240
f 612/787/1224 551/710/1223 558/689/1241
f 326/784/1242 552/732/1243 607/735/1244
f 659/736/1220 563/708/1110 618/739/1245
s 0
f 619/788/1246 561/734/1246 328/789/1246
f 601/771/1247 600/770/1247 640/790/1247
s 1
f 567/725/1248 574/726/1249 630/791/1250
f 615/731/1194 326/784/1232 574/774/1251
f 568/645/1227 659/736/1121 949/782/1225
f 560/701/1252 512/627/1201 537/634/1200
f 564/777/1253 505/646/1254 623/354/1255
s 0
f 329/352/1256 333/351/1256 330/792/1256
s 1
f 331/793/1257 333/351/1257 646/353/1257
f 334/357/1258 604/794/1259 625/795/1260
s 0
f 565/728/1261 337/363/1261 613/796/1261
s 1
f 606/713/1262 524/609/1263 641/797/1264
f 574/774/1249 326/784/1265 630/798/1250
s 0
f 330/792/1266 333/351/1266 332/799/1266
s 1
f 666/800/1267 333/351/1268 331/793/1269
f 329/352/1270 624/801/1271 646/353/1272
f 329/352/1273 655/802/1274 624/801/1275
f 329/352/1273 625/795/1276 655/802/1274
f 647/803/1277 565/728/1278 613/796/1279
s 0
f 679/667/1280 540/655/1280 573/729/1280
s 1
f 699/804/1281 554/716/1282 561/734/1283
f 699/804/1281 561/734/1283 619/788/1284
s 0
f 546/738/1285 600/770/1285 614/737/1285
s 1
f 620/767/1286 599/763/1287 597/766/1288
s 0
f 640/790/1289 595/765/1289 601/771/1289
f 621/805/1290 600/770/1290 546/738/1290
f 622/781/1291 611/779/1291 658/806/1291
s 1
f 641/797/1264 524/609/1263 617/709/1292
s 0
f 612/347/1293 557/717/1293 535/807/1293
s 1
f 548/808/1236 607/735/1294 562/785/1234
f 493/653/1295 537/634/1296 648/809/1297
f 625/795/1260 604/794/1259 626/810/1298
s 0
f 604/811/1299 506/678/1299 565/728/1299
f 598/768/1300 595/769/1300 640/812/1300
f 658/806/1301 611/779/1301 629/675/1301
s 1
f 629/675/995 634/783/1228 633/813/1302
f 558/689/1303 559/714/1190 612/787/1304
f 559/714/1190 571/773/1192 612/787/1305
s 0
f 612/787/1306 571/773/1306 635/814/1306
s 1
f 567/725/1248 630/791/1250 571/773/1307
f 603/361/1308 334/357/1308 637/815/1308
f 332/799/1309 333/351/1310 666/800/1267
f 646/353/1272 624/801/1271 638/816/1311
f 610/786/1312 554/716/1282 699/804/1281
s 0
f 640/790/1313 600/770/1313 621/805/1313
s 1
f 621/805/1314 546/738/1315 682/817/1316
f 546/738/1189 609/684/1012 682/817/1317
f 682/817/1317 609/684/1012 622/818/1318
s 0
f 557/717/1319 612/347/1319 644/349/1319
s 1
f 618/739/1127 572/719/1199 636/819/1320
s 0
f 336/358/1321 672/820/1321 623/359/1321
s 1
f 637/815/1322 672/820/1323 336/358/1324
f 625/795/1276 329/352/1325 632/821/1326
f 638/816/1327 687/822/1328 646/353/1329
s 0
f 604/811/1330 565/728/1330 647/803/1330
s 1
f 650/823/1331 337/363/1332 533/365/1333
f 521/657/1079 610/786/1238 665/824/1334
f 620/767/1286 597/766/1288 628/825/1335
s 0
f 597/766/1336 598/768/1336 628/825/1336
f 598/768/1337 640/812/1337 628/825/1337
s 1
f 637/815/1322 336/358/1338 603/361/1339
s 0
f 666/800/1340 331/793/1340 646/353/1340
s 1
f 337/363/1341 673/826/1342 613/796/1343
f 673/826/1344 337/363/1341 650/823/1345
f 573/729/1346 521/657/1102 665/824/1347
f 658/806/1348 629/675/995 669/827/1349
s 0
f 634/783/1350 606/713/1350 641/797/1350
s 1
f 617/709/1351 557/717/1352 643/828/1353
s 0
f 635/814/1354 571/773/1354 630/791/1354
s 1
f 630/798/1355 326/784/1356 662/829/1357
f 949/782/1358 549/711/1061 550/644/1060
f 537/634/1296 564/777/1359 648/809/1297
f 329/352/1325 330/792/1360 632/821/1326
f 667/830/1361 638/816/1311 624/801/1271
f 697/680/1362 513/681/1362 959/831/1362
s 0
f 573/729/1363 665/824/1363 934/832/1363
s 1
f 575/730/1206 614/737/1123 657/833/1364
f 631/712/1365 549/711/1366 1375/834/1367
f 659/736/1220 618/739/1245 653/835/1368
f 618/739/1127 636/819/1320 653/835/1369
f 572/719/1085 648/720/1086 636/819/1370
f 564/777/1253 623/354/1255 648/809/1371
f 639/836/1372 625/795/1373 626/810/1374
s 0
f 539/693/1375 519/636/1375 698/837/1375
s 1
f 691/838/1376 519/666/1377 679/667/1378
s 0
f 644/349/1379 327/348/1379 670/350/1379
f 671/839/1380 652/840/1380 662/829/1380
f 334/357/1381 625/795/1381 632/821/1381
s 1
f 654/841/1382 638/816/1383 667/830/1384
f 655/802/1385 625/795/1373 639/836/1372
s 0
f 328/778/1386 605/682/1386 660/842/1386
s 1
f 566/702/1038 575/730/1104 605/682/1010
f 669/827/1349 629/675/995 633/813/1302
f 612/787/468 635/814/1387 670/843/466
s 0
f 676/844/1388 662/829/1388 652/840/1388
s 1
f 928/845/1389 326/784/1390 607/735/1244
f 637/815/1391 334/357/1392 632/821/1393
f 649/846/1394 638/816/1395 654/841/1396
f 604/794/1259 647/847/1397 626/810/1298
f 670/843/466 635/814/1398 676/848/1399
f 662/829/1400 676/844/1399 635/849/1398
s 0
f 330/792/1401 332/799/1401 666/800/1401
s 1
f 667/830/1361 624/801/1271 951/850/1402
f 647/803/1403 613/796/1279 673/826/1404
f 539/693/1023 698/837/1405 513/635/1021
f 605/682/1406 575/730/1407 692/851/1408
s 0
f 602/772/1409 620/767/1409 651/852/1409
s 1
f 620/767/1410 628/825/1410 663/853/1410
s 0
f 640/812/1411 621/854/1411 681/855/1411
f 675/856/1412 633/813/1412 634/783/1412
f 664/857/1413 634/783/1413 641/797/1413
s 1
f 643/828/1353 557/717/1352 644/349/1414
f 635/849/1415 630/798/1416 662/829/1417
f 949/782/1225 659/736/1121 653/835/1418
f 687/822/1419 638/816/1420 649/846/1421
f 622/858/1318 658/859/1422 682/860/1317
f 641/797/1423 617/709/1351 643/828/1353
f 648/809/1371 623/354/1255 672/861/1424
f 696/862/1425 655/802/1385 639/836/1372
s 0
f 614/737/1426 602/772/1426 651/852/1426
f 628/825/1427 640/812/1427 681/855/1427
s 1
f 949/782/1225 653/835/1418 967/863/1428
f 690/864/1429 650/823/1430 533/365/1431
f 573/729/1432 656/865/1433 679/667/1434
f 575/730/1206 657/833/1364 661/866/1435
f 651/852/1436 620/767/1436 663/853/1436
f 549/711/1437 949/782/1438 909/867/1439
f 951/850/1440 624/801/1275 655/802/1274
f 698/868/1441 519/666/1442 691/838/1443
s 0
f 614/737/1444 651/852/1444 657/833/1444
f 663/853/1445 628/825/1445 681/855/1445
s 1
f 931/869/1446 658/806/1348 669/827/1349
s 0
f 676/844/1447 652/840/1447 685/870/1447
s 1
f 928/871/1389 607/872/1244 694/873/1448
s 0
f 330/792/1449 666/800/1449 677/874/1449
f 666/800/1450 646/353/1450 677/874/1450
s 1
f 656/865/1433 573/729/1432 934/832/1451
f 674/875/1452 699/804/1453 619/788/1454
f 619/788/1454 328/789/1455 674/875/1452
f 328/789/1455 660/876/1456 674/875/1452
f 575/730/1407 661/866/1457 692/851/1408
f 675/856/1458 634/783/1459 664/857/1460
s 0
f 652/840/1461 671/839/1461 689/877/1461
f 689/877/1462 671/839/1462 662/829/1462
s 1
f 646/353/1329 687/822/1328 677/874/1463
f 688/878/1464 699/804/1465 298/879/1466
f 621/854/1314 682/880/1316 707/881/1467
f 643/828/1353 644/349/1414 704/882/1468
f 662/829/1469 326/784/1470 689/877/1471
f 951/850/1472 655/802/1473 705/883/1474
f 917/884/1475 626/810/1476 706/885/1477
f 660/842/1478 605/682/1406 692/851/1479
f 669/827/1349 633/813/1302 701/886/1480
f 643/828/1353 704/882/1468 921/887/1481
s 0
f 653/888/1482 636/889/1482 648/809/1482
f 632/821/1483 330/792/1483 677/874/1483
s 1
f 639/836/1372 626/810/1374 696/862/1425
f 696/862/1484 626/810/1485 917/884/1486
f 321/340/1487 707/890/1488 682/860/1489
f 965/891/1490 664/857/1491 641/797/1492
f 670/892/1493 676/893/1494 685/894/1495
s 0
f 652/840/1496 689/877/1496 685/870/1496
s 1
f 672/820/1497 637/815/1498 323/344/1499
f 323/344/1499 637/815/1498 325/346/1500
f 637/815/1391 632/821/1393 686/895/1501
f 695/896/1502 686/895/1503 702/897/1504
s 0
f 706/885/1505 626/810/1505 647/847/1505
f 533/365/1506 697/680/1506 690/864/1506
s 1
f 959/831/1507 513/681/1021 698/898/1405
f 691/838/1376 679/667/1378 656/865/1508
f 675/856/1458 664/857/1460 912/899/1509
f 653/888/1510 648/809/1371 672/861/1424
f 972/900/1511 660/876/1512 692/901/1513
f 692/851/1514 661/866/1515 911/902/1516
s 0
f 314/326/1517 319/330/1517 919/337/1517
s 1
f 701/886/1518 633/813/1518 675/856/1518
f 947/903/1519 921/887/1481 704/882/1468
f 869/904/1520 670/892/1493 685/894/1495
s 0
f 710/905/1521 708/906/1521 709/907/1521
f 709/907/1522 892/908/1522 710/905/1522
s 1
f 714/909/1523 712/910/1524 713/911/1525
s 0
f 713/911/1526 712/910/1526 715/912/1526
f 712/910/1527 714/909/1527 715/912/1527
s 1
f 714/909/1523 713/911/1525 717/913/1528
s 0
f 722/914/1529 720/915/1529 723/916/1529
f 861/917/1530 720/915/1530 722/914/1530
f 855/918/1531 723/916/1531 864/919/1531
f 725/920/1532 724/921/1532 846/922/1532
f 840/923/1533 832/924/1533 817/925/1533
f 746/926/1534 744/927/1534 747/928/1534
f 742/929/1535 743/930/1535 744/927/1535
s 1
f 743/930/1536 742/929/1537 748/931/1538
f 748/931/1538 742/929/1537 749/932/1539
f 742/929/1540 744/927/1541 749/932/1542
f 746/926/1543 751/933/1544 750/934/1545
s 0
f 744/927/1546 743/930/1546 741/935/1546
f 741/935/1547 743/930/1547 748/931/1547
s 1
f 744/927/1541 759/936/1548 755/937/1549
f 740/938/1550 747/928/1551 744/927/1552
f 744/927/1541 746/926/1543 750/934/1545
s 0
f 741/935/1553 748/931/1553 752/939/1553
s 1
f 744/927/1552 741/935/1554 740/938/1550
f 752/939/1555 748/931/1556 749/932/1557
f 749/932/1542 744/927/1541 755/937/1549
f 760/940/1558 741/941/1559 752/942/1560
f 739/943/1561 755/937/1549 759/936/1548
f 759/936/1548 744/927/1541 750/934/1545
f 753/944/1562 750/934/1563 737/945/1564
s 0
f 750/934/1565 751/933/1565 737/945/1565
s 1
f 752/939/1555 749/932/1557 755/937/1566
f 772/946/1567 752/939/1560 755/937/1568
f 741/941/1569 766/947/1570 740/948/1550
f 766/947/1570 741/941/1569 760/940/1571
f 750/934/1545 765/949/1572 757/950/1573
f 765/949/1574 750/934/1575 753/944/1576
f 751/933/1577 746/926/1578 738/951/1579
s 0
f 747/928/1580 740/938/1580 762/952/1580
s 1
f 763/953/1581 755/937/1581 739/943/1581
f 759/936/1548 750/934/1545 757/950/1573
s 0
f 737/945/1582 751/933/1582 738/951/1582
f 762/952/1583 746/926/1583 747/928/1583
f 739/943/1584 759/936/1584 763/953/1584
s 1
f 738/951/1579 746/926/1578 775/954/1585
f 765/949/1574 753/944/1576 767/955/1586
f 764/956/1587 753/944/1562 768/957/1588
f 762/958/1589 740/948/1590 766/947/1591
f 746/926/1592 762/952/1593 783/959/1594
f 753/944/1562 737/945/1564 768/957/1595
s 0
f 768/957/1596 737/945/1596 738/951/1596
s 1
f 766/947/1597 769/960/1597 771/961/1597
f 769/960/1598 766/947/1570 760/940/1571
f 772/962/1567 760/940/1599 752/942/1560
f 780/963/1600 772/946/1567 755/937/1568
s 0
f 753/944/1601 764/956/1601 767/955/1601
f 775/954/1602 746/926/1602 783/959/1602
f 763/964/1603 759/965/1603 770/966/1603
s 1
f 767/955/1604 764/956/1605 779/967/1606
f 766/947/1591 776/968/1607 762/958/1589
s 0
f 775/954/1608 768/957/1608 738/951/1608
f 781/969/1609 760/940/1609 772/962/1609
f 780/963/1610 755/937/1610 763/953/1610
s 1
f 765/949/1611 767/955/1612 757/950/1613
s 0
f 781/969/1614 769/960/1614 760/940/1614
s 1
f 735/970/1615 763/964/1616 770/966/1617
f 736/971/1618 759/965/1548 757/972/1573
f 757/950/1613 767/955/1612 774/973/1619
f 779/967/1620 764/956/1621 768/957/1622
s 0
f 776/968/1623 766/947/1623 771/961/1623
f 763/964/1624 773/974/1624 780/975/1624
s 1
f 773/974/1625 763/964/1616 735/970/1615
s 0
f 736/971/1626 770/966/1626 759/965/1626
f 781/969/1627 772/962/1627 778/976/1627
f 774/973/1628 767/955/1628 779/967/1628
s 1
f 773/974/1625 735/970/1615 791/977/1629
s 0
f 778/976/1630 772/962/1630 780/978/1630
f 793/979/1631 779/967/1631 768/957/1631
s 1
f 762/958/1632 776/968/1633 783/980/1634
s 0
f 769/960/1635 783/980/1635 771/961/1635
s 1
f 735/970/1636 770/966/1617 782/981/1637
s 0
f 774/973/1638 779/967/1638 818/982/1638
f 780/975/1639 773/974/1639 785/983/1639
s 1
f 782/981/1640 770/966/1641 736/971/1642
f 783/980/1643 769/960/1644 781/969/1645
f 735/970/1636 782/981/1637 789/984/1646
f 783/980/1643 781/969/1645 787/985/1647
s 0
f 781/969/1648 778/976/1648 790/986/1648
s 1
f 773/974/1649 784/987/1650 785/983/1651
s 0
f 735/970/1652 786/988/1652 791/977/1652
f 786/988/1653 735/970/1653 789/984/1653
s 1
f 736/971/1642 789/984/1654 782/981/1640
f 795/989/1655 757/950/1656 774/973/1657
f 779/967/1658 793/979/1659 818/982/1660
s 0
f 776/968/1661 771/961/1661 783/980/1661
s 1
f 787/985/1662 790/986/1663 794/990/1664
f 781/969/1645 790/986/1665 787/985/1647
f 795/991/1666 736/971/1618 757/972/1573
f 775/954/1667 806/992/1668 768/957/1669
s 0
f 778/976/1670 780/978/1670 785/993/1670
s 1
f 778/994/1671 785/995/1672 796/996/1673
f 800/997/1674 794/998/1664 790/999/1663
f 790/999/1675 778/994/1671 796/996/1673
s 0
f 797/1000/1676 789/984/1676 788/1001/1676
s 1
f 788/1001/1677 789/984/1678 807/1002/1679
f 793/1003/1680 768/1004/1681 806/1005/1682
f 775/1006/1683 783/980/1684 799/1007/1685
f 783/980/1684 787/985/1686 799/1007/1687
s 0
f 804/1008/1688 786/988/1688 789/984/1688
s 1
f 789/984/1654 736/971/1642 798/1009/1689
f 807/1002/1690 789/984/1654 798/1009/1689
f 806/1010/1691 775/1006/1692 799/1007/1693
f 784/987/1650 801/1011/1694 785/983/1651
s 0
f 773/974/1695 791/977/1695 784/987/1695
s 1
f 798/1009/1689 736/971/1642 802/1012/1696
f 812/1013/1697 736/971/1698 795/991/1699
f 800/997/1674 790/999/1663 796/996/1700
s 0
f 774/973/1701 818/982/1701 734/1014/1701
s 1
f 802/1012/1702 736/971/1698 812/1013/1697
s 0
f 799/1007/1703 787/985/1703 794/990/1703
s 1
f 785/983/1651 801/1011/1694 821/1015/1704
f 804/1008/1705 789/984/1706 797/1000/1707
s 0
f 791/977/1708 786/988/1708 804/1008/1708
s 1
f 795/989/1709 774/973/1657 734/1014/1710
f 793/1003/1680 806/1005/1682 809/1016/1711
s 0
f 821/1015/1712 791/977/1712 804/1008/1712
f 788/1001/1713 807/1002/1713 805/1017/1713
s 1
f 804/1008/1714 797/1000/1715 814/1018/1716
f 799/1007/1693 733/1019/1717 806/1010/1691
f 823/1020/1718 800/997/1674 796/996/1700
s 0
f 820/1021/1719 796/996/1719 831/1022/1719
s 1
f 784/987/1650 791/977/1720 821/1015/1704
f 805/1017/1721 807/1002/1722 810/1023/1723
f 813/1024/1724 793/1003/1680 809/1016/1711
f 799/1025/1725 794/998/1726 733/1026/1727
s 0
f 794/998/1728 800/997/1728 848/1027/1728
f 796/996/1729 820/1021/1729 823/1020/1729
s 1
f 796/996/1673 785/995/1672 816/1028/1730
f 817/925/1731 808/1029/1732 802/1012/1733
f 860/1030/1734 848/1027/1735 800/997/1736
s 0
f 785/995/1737 821/1031/1737 816/1028/1737
s 1
f 801/1011/1694 784/987/1650 821/1015/1704
s 0
f 788/1001/1738 805/1017/1738 797/1000/1738
s 1
f 798/1009/1689 802/1012/1733 808/1029/1732
s 0
f 795/991/1739 734/1032/1739 812/1013/1739
s 1
f 809/1016/1740 806/1005/1741 733/1033/1742
s 0
f 797/1000/1743 805/1017/1743 810/1023/1743
s 1
f 809/1016/1740 733/1033/1742 828/1034/1744
f 821/1015/1745 804/1008/1745 815/1035/1745
s 0
f 802/1012/1746 812/1013/1746 822/1036/1746
s 1
f 814/1018/1716 815/1035/1747 804/1008/1714
s 0
f 823/1020/1748 820/1021/1748 831/1022/1748
s 1
f 797/1000/1749 810/1023/1750 814/1018/1751
f 807/1002/1752 798/1009/1753 810/1023/1723
s 0
f 828/1034/1754 733/1033/1754 732/1037/1754
s 1
f 819/1038/1755 794/998/1726 848/1027/1756
s 0
f 808/1029/1757 824/1039/1757 798/1009/1757
s 1
f 822/1036/1758 812/1013/1759 734/1032/1760
f 813/1024/1724 809/1016/1711 825/1040/1761
f 733/1026/1727 794/998/1726 819/1038/1755
f 853/1041/1762 800/997/1674 823/1020/1763
f 838/1042/1764 814/1018/1765 810/1023/1750
f 808/1029/1732 817/925/1731 832/924/1766
s 0
f 732/1037/1767 826/1043/1767 828/1034/1767
f 828/1034/1768 826/1043/1768 827/1044/1768
s 1
f 827/1045/1769 826/1043/1770 732/1037/1771
f 817/925/1772 802/1012/1773 822/1036/1774
f 828/1034/1775 827/1044/1775 829/1046/1775
f 829/1046/1776 827/1045/1769 732/1037/1771
s 0
f 821/1031/1777 815/1047/1777 816/1028/1777
s 1
f 843/1048/1778 810/1023/1723 798/1009/1753
f 822/1036/1779 734/1032/1780 836/1049/1781
f 828/1034/1782 829/1046/1783 729/1050/1784
s 0
f 729/1050/1785 829/1046/1785 732/1037/1785
s 1
f 819/1038/1786 837/1051/1787 731/1052/1788
s 0
f 823/1020/1789 831/1022/1789 849/1053/1789
s 1
f 831/1022/1790 796/996/1791 816/1028/1730
f 838/1054/1792 728/1055/1793 814/1056/1794
s 0
f 843/1048/1795 798/1009/1795 824/1039/1795
f 734/1014/1796 818/982/1796 834/1057/1796
s 1
f 833/1058/1797 813/1024/1724 841/1059/1798
f 836/1060/1799 734/1014/1800 834/1057/1801
f 793/1003/1680 813/1024/1724 833/1058/1797
f 732/1061/1802 733/1062/1803 729/1063/1804
f 838/1042/1805 810/1023/1723 835/1064/1806
f 835/1064/1806 810/1023/1723 843/1048/1778
f 813/1024/1724 825/1040/1761 841/1059/1798
s 0
f 825/1040/1807 809/1016/1807 828/1034/1807
s 1
f 839/1065/1808 730/1066/1808 837/1051/1808
f 730/1066/1809 731/1052/1809 837/1051/1809
s 0
f 860/1030/1810 800/997/1810 853/1041/1810
s 1
f 817/925/1772 822/1036/1811 840/923/1812
f 830/1067/1813 733/1068/1814 819/1069/1815
f 830/1067/1816 819/1069/1817 839/1070/1818
s 0
f 839/1070/1819 819/1069/1819 731/1071/1819
f 731/1052/1820 730/1066/1820 839/1065/1820
s 1
f 819/1038/1786 848/1027/1821 837/1051/1787
s 0
f 816/1028/1822 815/1047/1822 814/1056/1822
s 1
f 840/923/1812 822/1036/1811 836/1049/1823
s 0
f 831/1022/1824 816/1028/1824 850/1072/1824
f 851/1073/1825 808/1029/1825 832/924/1825
f 727/1074/1826 835/1064/1826 843/1048/1826
s 1
f 843/1048/1827 824/1039/1827 844/1075/1827
f 844/1075/1828 824/1039/1829 808/1029/1830
f 830/1067/1831 839/1070/1818 857/1076/1832
f 823/1020/1833 849/1053/1833 853/1041/1833
s 0
f 831/1022/1834 853/1041/1834 849/1053/1834
s 1
f 853/1041/1835 831/1022/1836 850/1072/1837
s 0
f 728/1077/1838 838/1078/1838 835/1079/1838
s 1
f 836/1060/1839 834/1057/1801 854/1080/1840
f 834/1057/1841 818/982/1842 793/979/1843
f 828/1081/1782 729/1063/1784 885/1082/1844
s 0
f 837/1051/1845 848/1027/1845 845/1083/1845
f 856/1084/1846 845/1083/1846 848/1027/1846
s 1
f 816/1028/1847 814/1056/1794 850/1072/1848
f 833/1085/1797 841/1086/1798 859/1087/1849
f 841/1059/1850 825/1040/1851 828/1034/1852
f 850/1072/1848 814/1056/1794 728/1055/1853
f 844/1075/1828 808/1029/1830 851/1073/1854
s 0
f 851/1073/1855 832/924/1855 840/923/1855
f 848/1088/1856 846/922/1856 856/1089/1856
s 1
f 853/1041/1857 850/1072/1858 866/1090/1859
f 855/1091/1860 857/1076/1861 839/1070/1862
f 858/1092/1863 793/1003/1680 833/1058/1797
f 858/1093/1863 833/1085/1797 859/1087/1849
s 0
f 861/1094/1864 857/1076/1864 855/1091/1864
f 846/922/1865 848/1088/1865 887/1095/1865
s 1
f 727/1074/1866 843/1048/1867 844/1075/1868
s 0
f 857/1076/1869 861/1094/1869 718/1096/1869
f 726/1097/1870 856/1089/1870 846/922/1870
f 726/1097/1871 846/922/1871 724/921/1871
s 1
f 885/1082/1872 729/1063/1804 869/904/1873
f 869/904/1873 729/1063/1804 733/1062/1874
s 0
f 723/916/1875 720/915/1875 718/1098/1875
f 837/1051/1876 845/1083/1876 856/1084/1876
s 1
f 863/1099/1877 728/1077/1878 862/1100/1879
f 728/1077/1878 835/1079/1880 862/1100/1879
f 727/1074/1866 844/1075/1868 719/1101/1881
s 0
f 723/916/1882 718/1098/1882 861/1102/1882
s 1
f 733/1062/1814 830/1103/1813 869/904/1883
f 864/919/1884 723/916/1884 861/1102/1884
s 0
f 839/1065/1885 837/1051/1885 856/1084/1885
f 860/1030/1886 853/1041/1886 866/1090/1886
s 1
f 850/1104/1858 728/1077/1887 863/1099/1888
f 862/1105/1889 835/1064/1890 727/1074/1866
s 0
f 840/923/1891 836/1049/1891 851/1073/1891
s 1
f 869/904/1892 830/1103/1893 881/1106/1894
s 0
f 726/1097/1895 724/921/1895 865/1107/1895
f 724/921/1896 725/920/1896 865/1107/1896
s 1
f 866/1108/1859 850/1104/1858 863/1099/1888
f 155/1109/1897 793/1110/1843 858/1111/1898
s 0
f 881/1106/1899 830/1103/1899 857/1112/1899
f 865/1107/1900 725/920/1900 846/922/1900
f 846/922/1901 887/1095/1901 865/1107/1901
s 1
f 862/1105/1889 727/1074/1866 719/1101/1881
f 859/1087/1849 841/1086/1798 873/1113/1902
f 718/1098/1903 720/915/1904 867/1114/1905
f 854/1115/1906 851/1073/1907 836/1049/1908
f 718/1096/1903 867/1116/1905 857/1076/1909
f 855/1117/1860 839/1065/1862 856/1084/1910
f 881/1106/1911 857/1112/1909 715/1118/1912
f 867/1114/1905 720/915/1904 872/1119/1913
f 720/1120/1914 861/1121/1915 855/1122/1916
s 0
f 864/1123/1917 861/917/1917 722/914/1917
s 1
f 722/914/1918 723/916/1919 855/918/1920
s 0
f 868/1124/1921 856/1089/1921 878/1125/1921
s 1
f 858/1093/1863 859/1087/1849 873/1113/1902
f 873/1113/1922 841/1086/1923 828/1081/1852
f 715/912/1912 857/1076/1909 867/1116/1905
f 720/1120/1914 855/1122/1916 864/1126/1924
f 716/1127/1925 722/914/1926 855/918/1927
f 884/1128/1928 851/1073/1907 888/1129/1929
f 851/1073/1907 854/1115/1906 888/1129/1929
s 0
f 864/1123/1930 722/914/1930 716/1127/1930
s 1
f 855/1130/1931 856/1089/1932 716/1131/1933
f 719/1101/1934 844/1075/1828 851/1073/1854
f 873/1113/1935 828/1081/1936 869/904/1937
f 878/1125/1938 856/1089/1939 726/1097/1940
f 860/1132/1734 866/1108/1941 863/1099/1942
f 872/1133/1913 720/1120/1904 716/1134/1943
s 0
f 720/1120/1944 864/1126/1944 716/1134/1944
s 1
f 868/1124/1945 716/1131/1933 856/1089/1946
f 862/1105/1889 719/1101/1881 851/1073/1947
s 0
f 828/1081/1948 885/1082/1948 869/904/1948
s 1
f 713/911/1949 715/912/1949 717/913/1949
s 0
f 871/1135/1950 870/1136/1950 872/1137/1950
f 879/1138/1951 881/1106/1951 715/1118/1951
f 715/1139/1952 714/1140/1952 889/1141/1952
f 872/1137/1953 870/1136/1953 717/1142/1953
f 883/1143/1954 726/1097/1954 865/1107/1954
s 1
f 848/1088/1735 860/1144/1734 887/1095/1955
f 887/1145/1955 860/1132/1734 863/1099/1942
f 863/1146/1956 862/1105/1957 884/1128/1958
f 872/1147/1959 717/913/1960 867/1116/1905
s 0
f 716/1131/1961 868/1124/1961 886/1148/1961
f 886/1148/1962 868/1124/1962 878/1125/1962
f 876/1149/1963 878/1125/1963 875/1150/1963
s 1
f 878/1125/1964 876/1149/1964 874/1151/1964
s 0
f 878/1125/1965 874/1151/1965 886/1148/1965
f 874/1152/1966 875/1153/1966 877/1154/1966
f 878/1125/1967 877/1155/1967 875/1150/1967
s 1
f 879/1156/1968 715/1157/1969 889/1158/1970
f 715/912/1912 867/1116/1905 717/913/1960
s 0
f 882/1159/1971 871/1135/1971 872/1137/1971
f 883/1143/1972 865/1107/1972 887/1095/1972
s 1
f 854/1080/1973 834/1057/1841 888/1160/1974
f 889/1141/1975 714/1140/1976 717/1142/1977
s 0
f 870/1136/1978 871/1135/1978 882/1159/1978
s 1
f 903/1161/1979 873/1162/1980 685/1163/1981
s 0
f 870/1136/1982 882/1159/1982 717/1142/1982
f 886/1164/1983 874/1152/1983 877/1154/1983
f 877/1155/1984 878/1125/1984 893/1165/1984
s 1
f 893/1165/1985 878/1125/1938 726/1097/1940
f 862/1105/1957 851/1073/1986 884/1128/1958
f 293/304/1987 881/1106/1988 879/1138/1989
f 879/1156/1990 889/1158/1970 711/1166/1991
f 716/1134/1943 886/1167/1992 872/1133/1913
s 0
f 876/1168/1993 886/1169/1993 893/1170/1993
f 893/1170/1994 886/1169/1994 877/1171/1994
s 1
f 887/1145/1955 863/1099/1942 914/1172/1995
f 685/894/1495 873/1113/1935 869/904/1520
s 0
f 892/1173/1996 891/1174/1996 710/1175/1996
f 875/1153/1997 874/1152/1997 893/1176/1997
f 874/1152/1998 876/1177/1998 893/1176/1998
s 1
f 894/1178/1999 858/1093/1863 873/1113/1902
f 717/1142/1977 882/1159/2000 889/1141/1975
s 0
f 872/1137/2001 710/1175/2001 891/1174/2001
s 1
f 895/1179/2002 873/1162/1980 903/1161/1979
s 0
f 879/1156/2003 896/1180/2003 897/1181/2003
s 1
f 898/1182/2004 896/1180/2004 291/302/2004
s 0
f 897/1181/2005 896/1180/2005 898/1182/2005
f 882/1159/2006 872/1137/2006 891/1174/2006
s 1
f 894/1183/1999 873/1184/1902 902/1185/2007
s 0
f 902/1186/2008 873/1162/2008 895/1179/2008
s 1
f 293/304/2009 879/1138/2010 897/1187/2011
s 0
f 899/1188/2012 901/1189/2012 900/1190/2012
s 1
f 872/1137/1913 886/1169/1992 710/1175/2013
f 886/1169/2014 876/1168/2014 710/1175/2014
s 0
f 726/1097/2015 883/1143/2015 893/1165/2015
f 914/1172/2016 863/1099/2016 884/1191/2016
f 689/877/2017 894/1183/2017 685/870/2017
f 685/870/2018 894/1183/2018 902/1185/2018
f 903/1161/2019 685/1163/2019 902/1192/2019
f 895/1179/2020 903/1161/2020 894/1193/2020
f 902/1186/2021 895/1179/2021 904/1194/2021
s 1
f 895/1179/2022 894/1193/2023 904/1194/2024
f 694/873/2025 607/872/2026 631/1195/2027
f 687/822/1419 649/846/1421 910/1196/2028
f 910/1196/2029 649/846/1394 654/841/1396
f 942/1197/2030 667/830/1384 930/1198/2031
f 655/802/1385 696/862/1425 705/883/2032
f 937/1199/2033 699/804/1465 688/878/1464
s 0
f 681/855/2034 621/854/2034 663/853/2034
f 912/899/2035 664/857/2035 965/891/2035
s 1
f 711/1166/2036 291/302/2037 896/1180/2038
s 0
f 896/1180/2039 879/1156/2039 711/1166/2039
f 882/1159/2040 890/1200/2040 899/1201/2040
f 891/1174/2041 892/1173/2041 882/1159/2041
s 1
f 903/1161/2042 902/1192/2043 933/1202/2044
f 902/1192/2043 904/1203/2045 933/1202/2044
f 689/877/1471 326/784/1470 928/845/2046
f 950/1204/2047 702/897/1504 686/895/1503
f 654/841/2048 667/830/1384 942/1197/2030
f 667/830/1361 951/850/1402 930/1198/2049
s 0
f 657/833/2050 651/852/2050 663/853/2050
s 1
f 322/341/457 320/334/459 321/340/2051
s 0
f 882/1159/2052 899/1201/2052 889/1141/2052
f 890/1200/2053 882/1159/2053 892/1173/2053
f 892/908/2054 709/907/2054 297/1205/2054
s 1
f 709/907/2055 708/906/2056 926/1206/2057
s 0
f 926/1206/2058 708/906/2058 710/905/2058
f 710/1175/2059 876/1168/2059 875/1207/2059
s 1
f 922/1208/2060 884/1191/2061 888/1209/2062
f 653/1210/2063 672/820/2064 290/343/2065
f 672/820/2064 323/344/2066 290/343/2065
s 0
f 929/1211/2067 686/895/2067 695/896/2067
s 1
f 621/854/1314 707/881/1467 663/853/2068
s 0
f 321/340/2069 299/333/2069 935/1212/2069
s 1
f 682/860/2070 658/859/1422 931/1213/2071
f 670/350/2072 869/1214/2073 644/349/1414
f 296/1215/2074 890/1216/2075 892/1217/2076
f 858/1111/1863 894/1193/1999 933/1202/2077
f 894/1193/1999 903/1161/2078 933/1202/2077
f 632/821/2079 677/874/2080 950/1204/2081
f 910/1196/2082 986/1218/2082 677/874/2082
f 951/850/2083 705/883/1474 915/1219/2084
f 988/1220/2085 688/878/1464 924/1221/2086
f 688/878/1464 298/879/1466 924/1221/2086
s 0
f 319/330/2087 908/1222/2087 919/337/2087
s 1
f 881/1106/2088 293/304/2089 938/1223/2090
f 295/306/2091 938/1223/2092 293/304/2093
s 0
f 897/1181/2094 898/1182/2094 291/302/2094
f 899/1201/2095 900/1224/2095 889/1141/2095
s 1
f 890/1225/2075 296/1226/2074 899/1188/2096
s 0
f 324/345/2097 325/346/2097 637/815/2097
f 686/895/2098 632/821/2098 950/1204/2098
f 910/1196/2099 654/841/2099 942/1197/2099
s 1
f 674/875/2100 660/876/1512 972/900/1511
f 692/901/2101 925/1227/2102 952/1228/2103
f 707/890/1488 321/340/1487 935/1212/2104
s 0
f 936/1229/2105 292/303/2105 291/302/2105
f 900/1190/2106 901/1189/2106 948/1230/2106
s 1
f 914/1172/2107 884/1191/2108 1003/1231/2109
f 677/874/2110 687/822/1419 910/1196/2028
s 0
f 942/1197/2111 986/1218/2111 910/1196/2111
s 1
f 960/1232/2112 699/804/1465 937/1199/2033
f 663/853/2068 976/1233/2113 657/833/2114
s 0
f 299/336/2115 919/337/2115 935/1234/2115
f 945/1235/2116 908/1222/2116 322/1236/2116
s 1
f 965/891/2117 641/797/2118 946/1237/2119
f 946/1237/2120 641/797/1423 643/828/1353
f 704/882/1468 644/349/1414 869/1214/2073
s 0
f 932/301/2121 292/303/2121 936/1229/2121
f 892/908/2122 297/1205/2122 941/1238/2122
s 1
f 887/1145/2123 914/1172/2124 1003/1231/2125
f 922/1208/2060 888/1209/2062 927/1239/2126
f 834/1057/1841 793/979/1843 1305/1240/2127
f 894/1183/2023 689/877/2128 904/1241/2024
f 929/1211/2129 695/896/2130 702/897/2131
f 950/1204/2081 677/874/2132 958/1242/2133
f 952/1228/2103 972/900/2134 692/901/2101
s 0
f 322/341/2135 321/340/2135 964/1243/2135
s 1
f 964/1243/2136 321/340/2136 682/860/2136
f 931/869/1446 669/827/1349 920/1244/2137
f 920/1244/2137 669/827/1349 701/886/1480
s 0
f 293/304/2138 897/1187/2138 291/1245/2138
f 291/302/2139 939/299/2139 966/1246/2139
s 1
f 936/1229/2140 291/302/2037 711/1166/2036
s 0
f 297/1205/2141 709/907/2141 941/1238/2141
s 1
f 155/1109/1897 858/1111/1898 933/1202/2142
f 705/883/2143 696/862/2144 285/1247/2145
f 696/862/1484 917/884/1486 285/1247/2146
f 699/804/1281 960/1232/2147 970/1248/2148
s 0
f 688/878/2149 988/1220/2149 937/1199/2149
s 1
f 919/337/2150 908/1222/2151 944/1249/2152
s 0
f 908/1222/2153 945/1235/2153 953/1250/2153
s 1
f 931/1251/2154 920/1252/2155 954/1253/2156
f 920/1252/2155 955/1254/2157 954/1253/2156
s 0
f 293/304/2158 291/1245/2158 966/307/2158
s 1
f 711/1166/1991 889/1158/1970 936/1229/2159
f 296/1255/2160 900/1190/2161 948/1230/2162
f 288/1256/2163 709/1257/2055 926/1258/2057
s 0
f 710/1259/2164 875/1153/2164 893/1176/2164
s 1
f 974/1260/2165 702/897/2131 289/1261/2166
s 0
f 673/826/2167 650/823/2167 690/864/2167
s 1
f 610/786/1312 699/804/1281 970/1248/2148
f 298/879/1466 699/804/1465 971/1262/2168
s 0
f 675/856/2169 912/899/2169 701/886/2169
s 1
f 869/904/1892 881/1106/2170 961/1263/2171
f 991/1264/2172 295/306/2091 966/307/2173
s 0
f 948/1265/2174 901/1266/2174 941/1238/2174
s 1
f 296/1226/2175 901/1189/2176 899/1188/2177
f 941/1238/2178 709/907/2055 288/1267/2163
s 0
f 933/1202/2179 904/1203/2179 963/1268/2179
s 1
f 904/1241/2180 689/877/2181 963/1269/2182
f 637/815/1391 686/895/1501 324/345/2183
s 0
f 971/1262/2184 699/804/2184 674/875/2184
f 925/1227/2185 692/901/2185 911/1270/2185
f 935/1234/2186 919/337/2186 944/1249/2186
s 1
f 957/1271/2187 921/887/1481 947/903/1519
f 938/1223/2092 295/306/2091 991/1264/2172
s 0
f 939/299/2188 291/302/2188 281/297/2188
s 1
f 936/1229/2159 889/1158/1970 296/1272/2189
f 296/1255/2190 889/1273/2191 900/1190/2192
f 286/1274/2193 901/1189/2176 296/1226/2175
f 1003/1231/2109 884/1191/2194 922/1208/2195
f 992/1275/2196 888/1160/1974 834/1057/1841
s 0
f 979/1276/2197 706/885/2197 647/847/2197
f 665/824/2198 610/786/2198 970/1248/2198
f 674/875/2199 972/900/2199 971/1262/2199
s 1
f 661/866/1515 983/1277/2200 911/902/1516
f 663/853/2068 707/881/1467 976/1233/2113
f 701/886/2201 912/899/2202 965/891/2203
f 947/903/1519 704/882/1468 961/1278/2204
f 281/297/401 291/302/2205 932/301/402
s 0
f 296/1255/2206 948/1230/2206 286/1279/2206
s 1
f 276/286/2207 288/1256/2208 287/1280/2209
f 962/1281/2210 922/1208/2060 982/1282/2211
f 982/1282/2211 922/1208/2060 927/1239/2126
f 992/1275/2196 834/1057/1841 1305/1240/2127
f 689/877/2181 928/845/2212 963/1269/2182
f 653/1210/2063 290/343/2065 967/1283/2213
s 0
f 290/343/2214 324/345/2214 967/1283/2214
s 1
f 968/1284/2215 929/1211/2129 702/897/2131
f 273/1285/2216 930/1198/2217 951/850/2218
f 647/803/1403 673/826/1404 1055/1286/2219
s 0
f 690/864/2220 697/680/2220 959/831/2220
s 1
f 959/831/1507 698/898/1405 1025/1287/2221
s 0
f 665/824/2222 970/1248/2222 969/1288/2222
s 1
f 661/866/2223 657/833/2114 983/1277/2224
s 0
f 322/341/2225 964/1243/2225 945/1289/2225
s 1
f 682/860/2070 931/1213/2071 954/1290/2226
f 946/1237/2120 643/828/1353 956/1291/2227
s 0
f 279/292/2228 938/1223/2228 991/1264/2228
f 973/1292/2229 941/1238/2229 901/1266/2229
s 1
f 927/1239/2126 888/1209/2230 992/1293/2231
s 0
f 1055/1286/2232 673/826/2232 690/864/2232
s 1
f 656/865/2233 934/832/2234 665/824/2235
f 944/1249/2152 908/1222/2151 953/1250/2236
f 704/882/1468 869/1214/2073 961/1278/2204
f 961/1263/2237 881/1106/2088 938/1223/2090
f 892/908/2238 941/1238/2239 973/1292/2240
f 926/1206/2241 710/905/2241 893/1294/2241
f 793/1110/1843 155/1109/1897 1305/1295/2127
s 0
f 987/1296/2242 915/1219/2242 705/883/2242
s 1
f 706/885/2243 285/1247/2244 917/884/2245
f 1055/1286/2219 979/1297/2246 647/803/1403
s 0
f 960/1232/2247 1008/1298/2247 272/1299/2247
s 1
f 1008/1298/2248 960/1232/2249 937/1199/2033
f 964/1243/2250 682/860/2070 1013/1300/2251
f 682/860/2070 954/1290/2226 1013/1300/2251
f 961/1263/2237 938/1223/2090 1029/1301/2252
f 280/294/394 278/295/396 981/296/2253
f 282/300/2254 284/1302/2255 939/299/2256
f 939/299/2256 284/1302/2255 932/1303/2257
f 296/1215/2258 892/1217/2259 973/1304/2260
f 274/285/2261 288/1256/2208 276/286/2207
f 288/1256/2163 926/1258/2057 893/1305/2262
s 0
f 1157/1306/2263 883/1143/2263 887/1095/2263
s 1
f 949/782/1438 967/863/2264 909/867/1439
f 1144/1307/2265 924/1221/2086 971/1262/2168
f 924/1221/2086 298/879/1466 971/1262/2168
f 983/1277/2224 657/833/2114 976/1233/2113
f 976/1308/2113 707/1309/1467 984/1310/2266
s 0
f 944/1249/2267 707/1309/2267 935/1234/2267
s 1
f 1013/1311/2268 954/1253/2269 955/1254/2270
s 0
f 279/292/2271 280/294/2271 938/1223/2271
f 932/301/2272 936/1229/2272 985/1312/2272
f 901/1189/2273 286/1274/2273 973/1313/2273
s 1
f 927/1239/2126 992/1293/2231 982/1282/2211
s 0
f 702/897/2274 950/1204/2274 289/1261/2274
f 950/1204/2275 994/1314/2275 1148/1315/2275
s 1
f 958/1242/2133 677/874/2132 986/1218/2276
f 930/1198/2031 986/1218/2277 942/1197/2030
s 0
f 986/1218/2278 951/850/2278 915/1219/2278
s 1
f 705/883/2143 285/1247/2145 987/1296/2279
f 691/838/2280 656/865/2233 665/824/2235
f 952/1228/2103 1000/1316/2281 972/900/2134
f 945/1235/2282 964/1317/2283 1065/1318/2284
f 1029/1301/2285 938/1223/2286 1066/1319/2287
f 287/1280/2209 288/1256/2208 893/1305/2288
s 0
f 883/1143/2289 1157/1306/2289 893/1165/2289
s 1
f 694/873/2025 631/1195/2027 1375/1320/2290
f 324/345/2291 686/895/2292 993/1321/2293
f 702/897/2131 974/1260/2165 968/1284/2215
s 0
f 273/1285/2294 951/850/2294 986/1218/2294
s 1
f 690/864/2295 959/831/2296 1025/1287/2297
s 0
f 960/1232/2298 272/1299/2298 970/1248/2298
s 1
f 971/1262/2299 159/1322/2300 1050/1323/2301
f 925/1227/2302 911/1270/2302 952/1228/2302
f 956/1291/2227 643/828/1353 921/887/1481
f 991/1324/2172 966/1325/2173 284/1326/2303
s 0
f 973/1304/2304 286/1327/2304 1030/1328/2304
f 1030/1329/2305 948/1265/2305 941/1238/2305
f 1002/1330/2306 941/1238/2306 288/1267/2306
f 288/1256/2307 274/285/2307 1002/288/2307
f 993/1321/2308 686/895/2308 929/1211/2308
f 950/1204/2309 995/1331/2309 994/1314/2309
f 958/1242/2310 1005/1332/2310 995/1331/2310
s 1
f 930/1198/2217 273/1285/2216 986/1218/2311
s 0
f 209/217/2312 213/223/2312 250/1333/2312
f 1006/1334/2313 250/1333/2313 213/223/2313
s 1
f 224/211/303 203/227/343 223/222/275
s 0
f 223/222/2314 203/227/2314 1006/1334/2314
s 1
f 996/1335/2315 214/1336/2316 254/281/2317
f 214/1336/2318 193/279/348 254/281/377
f 1034/230/2319 181/184/230 186/189/232
f 187/190/268 221/203/267 1210/236/2320
s 0
f 239/248/2321 241/250/2321 1100/1337/2321
s 1
f 166/167/186 164/163/182 1036/162/181
s 0
f 225/231/2322 207/220/2322 208/219/2322
f 208/219/2323 191/201/2323 257/272/2323
s 1
f 168/200/359 232/213/2324 251/259/360
f 158/1338/2325 971/1262/2326 160/1339/2327
s 0
f 1000/1316/2328 952/1228/2328 911/1270/2328
s 1
f 707/1309/1467 944/1249/2329 984/1310/2266
f 953/1250/2330 945/1235/2282 990/1340/2331
f 1001/1341/2332 920/1244/2137 701/886/1480
f 1028/1342/2333 701/886/2334 965/891/2203
s 0
f 981/296/2335 938/1223/2335 280/294/2335
f 284/1343/2336 283/298/2336 932/301/2336
f 283/1344/2337 985/1345/2337 1177/1346/2337
f 1030/1328/2338 286/1327/2338 948/1347/2338
f 941/1238/2339 1002/1330/2339 1030/1329/2339
s 1
f 1157/1348/2340 887/1349/2123 1003/1350/2125
f 1003/1231/2109 922/1208/2195 962/1281/2341
f 982/1282/2211 1004/1351/2342 962/1281/2343
f 933/1202/2344 963/1268/2345 155/1109/2346
f 993/1321/2347 967/1283/2348 324/345/2291
s 0
f 950/1204/2349 958/1242/2349 995/1331/2349
f 1114/1352/2350 209/217/2350 250/1333/2350
s 1
f 1006/1334/2351 203/227/2352 227/228/2353
s 0
f 220/262/2354 214/1336/2354 261/1353/2354
s 1
f 268/265/2355 188/264/2356 185/1354/2357
f 1047/1355/2358 244/253/2359 1083/252/2360
f 167/165/184 262/164/183 1007/1356/2361
f 196/207/341 218/225/340 200/206/2362
f 1144/1307/2363 971/1262/2326 158/1338/2325
f 160/1339/2364 971/1262/2299 1050/1323/2301
s 0
f 971/1262/2365 980/1357/2365 1077/1358/2365
f 971/1262/2366 972/900/2366 980/1357/2366
s 1
f 955/1254/2270 1113/1359/2367 1013/1311/2268
s 0
f 955/1254/2368 920/1252/2368 1001/1360/2368
s 1
f 1028/1342/2369 965/891/2117 946/1237/2119
f 947/903/1519 1014/1361/2370 957/1271/2187
f 279/292/2371 991/1264/2172 1041/1362/2372
s 0
f 939/299/2373 932/1303/2373 966/1246/2373
f 932/1303/2374 985/1363/2374 966/1246/2374
s 1
f 1177/1346/2375 985/1345/2376 1009/1364/2377
f 1043/1365/2378 994/1314/2379 995/1331/2380
f 1149/1366/2381 995/1331/2380 1005/1332/2382
f 250/1333/2383 1006/1334/2384 1010/1367/2385
s 0
f 1006/1334/2386 213/223/2386 253/271/2386
s 1
f 268/265/347 162/1368/2387 163/263/345
s 0
f 263/1369/2388 1037/1370/2388 242/255/2388
s 1
f 242/255/327 264/251/323 138/1371/2389
s 0
f 225/231/2390 208/219/2390 257/272/2390
s 1
f 257/272/366 230/221/368 1039/1372/2391
f 232/213/2392 1012/273/2393 1075/1373/2394
f 235/276/2395 252/275/2396 271/1374/2397
f 691/838/1443 969/1288/2398 698/868/1441
f 691/838/1443 665/824/2399 969/1288/2398
f 159/1322/2400 971/1262/2401 1077/1358/2402
s 0
f 283/1344/2403 284/1326/2403 985/1345/2403
s 1
f 985/1345/2376 936/1375/2404 1009/1364/2377
f 936/1376/2405 296/1377/2406 1030/1329/2407
s 0
f 1018/1378/2408 1015/1379/2408 1017/1380/2408
f 1017/1380/2409 1015/1379/2409 1016/1381/2409
s 1
f 1031/1382/2410 1015/1379/2411 1018/1378/2412
s 0
f 1016/1381/2413 1015/1379/2413 1031/1382/2413
s 1
f 1018/1378/2412 1030/1329/2414 1031/1382/2410
s 0
f 1019/1383/2415 893/1165/2415 1157/1306/2415
s 1
f 974/1260/2165 289/1261/2166 1032/1384/2416
s 0
f 1044/1385/2417 222/226/2417 209/217/2417
s 1
f 1006/1334/2351 227/228/2353 157/1386/2418
s 0
f 157/1386/2419 227/228/2419 211/209/2419
s 1
f 1024/1387/2420 1023/1388/2421 1054/1389/2422
f 262/164/183 165/166/185 1036/162/2423
f 165/166/187 166/167/186 1036/162/181
f 242/255/2424 1152/1390/2425 263/1369/2424
f 242/255/2426 138/1371/2427 1152/1390/2428
f 252/275/2429 915/1391/2430 987/1392/2431
f 285/1247/2432 706/885/2433 979/1276/2434
s 0
f 1144/1307/2435 988/1220/2435 924/1221/2435
s 1
f 990/1340/2331 945/1235/2282 1065/1318/2284
f 1232/1393/2436 961/1263/2437 1029/1301/2438
f 966/1325/2173 985/1345/2439 284/1326/2303
f 936/1376/2440 1030/1329/2441 1009/1394/2442
f 973/1304/2443 1030/1328/2444 296/1215/2445
f 276/291/2446 1019/1395/2446 1002/289/2446
s 0
f 287/1280/2447 893/1305/2447 1019/1396/2447
s 1
f 1020/1397/2448 929/1211/2449 968/1284/2450
s 0
f 222/226/2451 1044/1385/2451 1033/233/2451
s 1
f 261/1353/2452 214/1336/2453 996/1335/2454
f 1024/1387/2455 1022/1398/2456 1023/1388/2457
f 979/1399/2458 271/1374/2459 987/1392/2431
f 271/1374/2459 252/275/2429 987/1392/2431
s 0
f 972/900/2460 1000/1316/2460 980/1357/2460
s 1
f 1056/1400/2461 976/1308/2113 984/1310/2266
f 984/1310/2462 944/1249/2463 953/1250/2330
f 984/1310/2462 953/1250/2330 1051/1401/2464
f 953/1250/2330 990/1340/2331 1051/1401/2464
s 0
f 276/286/2465 287/1280/2465 1019/1396/2465
s 1
f 963/1268/2466 1042/1402/2467 155/1109/2468
f 1135/1403/2469 963/1268/2466 928/1404/2470
f 909/867/1439 967/863/2264 993/1405/2471
f 993/1321/2472 929/1211/2473 1020/1397/2474
s 0
f 1148/1315/2475 994/1314/2475 1043/1365/2475
s 1
f 1010/1367/2385 1006/1334/2476 1201/1406/2477
f 268/265/2355 185/1354/2357 1058/1407/2478
f 1054/1389/2422 1023/1388/2421 1046/1408/2479
f 1212/1409/2480 164/163/2481 166/167/2482
f 167/165/188 1007/1356/2483 166/167/186
f 225/231/2484 257/272/2485 1039/1372/2486
f 251/259/2487 232/213/2488 1074/1410/2489
f 1215/274/383 200/206/2362 218/225/340
f 690/864/2295 1025/1287/2297 1126/1411/2490
s 0
f 970/1248/2491 272/1299/2491 969/1288/2491
f 937/1199/2492 988/1220/2492 1144/1307/2492
s 1
f 983/1277/2224 976/1233/2113 1056/1412/2493
f 1175/1413/2494 701/886/2495 1028/1342/2496
s 0
f 938/1223/2497 981/296/2497 1066/1319/2497
s 1
f 1067/1414/2498 1041/1362/2372 1052/1415/2499
f 1041/1416/2372 991/1417/2172 284/1418/2303
s 0
f 284/1418/2500 282/1419/2500 1177/1346/2500
f 282/1419/2501 283/1344/2501 1177/1346/2501
s 1
f 1042/1402/2467 963/1268/2466 1135/1403/2469
s 0
f 1020/1397/2502 950/1204/2502 1148/1315/2502
s 1
f 1120/1420/2503 252/275/371 258/277/373
f 258/277/2504 235/276/2505 234/261/337
f 258/277/2504 234/261/337 1021/283/384
s 0
f 253/271/2506 223/222/2506 1006/1334/2506
s 1
f 211/209/375 1068/278/374 157/1386/2507
f 219/232/2508 220/262/2509 1068/278/2510
f 268/265/2511 1058/1407/2512 1194/1421/2513
f 1023/1388/2421 1045/1422/2514 1046/1408/2479
f 262/164/183 1083/1423/2360 1062/1424/2515
f 1062/1424/2515 1083/1423/2516 1037/1425/2517
f 1073/1426/2518 230/1427/274 204/269/235
s 0
f 698/868/2519 969/1288/2519 1025/1428/2519
s 1
f 1008/1298/2248 937/1199/2033 1144/1307/2248
s 0
f 156/1429/2520 1056/1400/2520 984/1310/2520
s 1
f 1113/1359/2521 955/1254/2522 1001/1360/2523
f 1027/1430/2524 701/886/2495 1175/1413/2494
f 981/296/2525 279/292/2371 1067/1414/2498
f 968/1284/2215 974/1260/2165 1032/1384/2526
s 0
f 1005/1332/2527 958/1242/2527 1057/1431/2527
s 1
f 209/217/2528 1114/1352/2529 1044/1385/2530
f 1035/270/2531 255/237/310 1161/1432/2532
f 1182/1433/2533 1212/1409/2534 166/167/186
f 1007/1356/2361 262/164/183 1062/1424/2515
s 0
f 232/213/2535 1117/1434/2535 1074/1410/2535
s 1
f 1112/1435/2536 969/1436/2537 272/1437/2538
f 272/1437/2538 1049/1438/2539 1112/1435/2536
s 0
f 1049/1439/2540 272/1299/2540 1008/1298/2540
s 1
f 158/1338/2541 1076/1440/2541 1203/1441/2541
f 1076/1440/2542 160/1339/2543 144/1442/2544
f 1001/1341/2332 701/886/1480 1133/1443/2545
f 701/886/1480 1027/1430/2546 1133/1443/2545
f 1052/1444/2499 1041/1416/2372 284/1418/2303
f 1030/1329/2547 1002/1330/2548 1019/1445/2549
f 1149/1366/2381 1005/1332/2382 1057/1431/2550
f 1201/1406/2477 1006/1334/2476 1115/1446/2551
s 0
f 1071/1447/2552 1022/1398/2552 1124/1448/2552
s 1
f 1072/1449/2553 1022/1398/2554 997/258/2555
f 164/163/182 1081/1450/2556 1061/161/180
s 0
f 1073/1426/2557 204/269/2557 248/268/2557
f 1117/1434/2558 232/213/2558 1075/1373/2558
s 1
f 1012/273/2559 199/208/2560 1155/1451/2561
f 233/260/2562 217/224/300 249/234/302
f 235/276/2395 271/1374/2397 234/261/2563
f 987/1296/2564 285/1247/2565 979/1276/2566
f 1055/1286/2567 690/864/2568 1126/1411/2569
s 0
f 969/1436/2570 1112/1435/2570 1048/1452/2570
s 1
f 1113/1359/2521 1001/1360/2523 1078/1453/2571
f 1028/1342/2572 946/1237/2120 956/1291/2227
f 1066/1319/2287 981/296/2525 1067/1414/2498
f 279/292/2371 1041/1362/2372 1067/1414/2498
s 0
f 1032/1384/2573 289/1261/2573 950/1204/2573
s 1
f 915/1391/2574 252/275/2575 1120/1420/2576
f 1006/1334/2384 157/1386/2577 1115/1446/2578
f 1069/1454/2579 162/1455/2387 161/1456/2580
f 185/176/2581 236/198/378 1116/1457/2582
s 0
f 221/203/2583 1070/282/2583 1079/1458/2583
s 1
f 1081/1459/2584 1223/1460/2585 1084/1461/2586
f 1060/1462/2587 1046/1408/2479 1045/1422/2514
f 244/253/2359 1047/1355/2358 1086/1463/2588
f 1090/1464/2589 262/164/183 1036/162/2423
f 1060/1462/2587 1085/1465/2590 1091/1466/2591
f 1090/1464/2592 1061/161/2593 1087/1467/2594
f 1061/1468/2595 1081/1459/2584 1084/1461/2586
f 1045/1422/2596 1023/1388/2597 1022/1398/2456
f 1083/1423/2360 262/164/183 1090/1464/2589
s 0
f 1061/1468/2598 1084/1461/2598 1087/1469/2598
s 1
f 1084/1461/2599 1060/1462/2600 1091/1466/2601
f 1085/1465/2590 1060/1462/2587 1045/1422/2514
f 1088/1470/2602 1045/1422/2596 1022/1398/2456
f 1090/1464/2589 1087/1467/2594 1089/1471/2603
f 1088/1470/2604 1022/1398/2605 1072/1449/2606
f 241/1472/2607 244/253/2608 1086/1463/2609
f 1061/161/2610 1090/1464/2589 1036/162/2423
f 1087/1469/2611 1084/1461/2599 1093/1473/2612
s 0
f 1072/1449/2613 997/258/2613 1098/244/2613
s 1
f 1093/1473/2612 1084/1461/2599 1091/1466/2601
f 1091/1466/2591 1085/1465/2590 1094/1474/2614
f 1085/1465/2615 1045/1422/2596 1088/1470/2602
f 1087/1469/2616 1093/1473/2617 1089/1475/2618
f 1093/1473/2617 1097/1476/2619 1089/1475/2618
f 1093/1473/2617 1091/1466/2591 1094/1474/2614
f 1094/1474/2620 1085/1465/2615 1088/1470/2602
f 1090/1464/2589 1089/1471/2603 1088/1477/2621
f 1083/1423/2360 1090/1464/2589 1088/1477/2621
f 1047/1355/2358 1096/1478/2622 1086/1463/2588
f 1083/1423/2360 1088/1477/2621 1047/1479/2358
f 1097/1476/2619 1093/1473/2617 1094/1474/2614
f 1099/1480/2623 998/247/319 239/248/320
f 1088/1470/2602 1089/1475/2624 1097/1476/2625
f 1097/1476/2625 1094/1474/2620 1088/1470/2602
f 1098/244/315 998/243/314 1099/1481/2626
f 1086/1463/2609 1096/1478/2627 1101/1482/2628
s 0
f 239/248/2629 1100/1337/2629 1099/1480/2629
s 1
f 241/1472/2607 1086/1463/2609 1101/1482/2628
f 1098/244/315 1099/1481/2626 1072/1449/2630
f 1102/1483/2631 1096/1478/2622 1047/1355/2358
f 1088/1470/2604 1072/1449/2606 1047/1484/2632
f 1100/1485/2633 241/1472/2607 1101/1482/2628
f 1072/1449/2630 1099/1481/2626 1100/1486/2634
f 1102/1483/2635 1047/1355/2636 1109/1487/2637
f 1109/1487/2637 1047/1355/2636 1072/1488/2638
s 0
f 1105/1489/2639 1101/1490/2639 1107/1491/2639
s 1
f 1096/1478/2627 154/1492/2640 1101/1482/2628
s 0
f 1103/1493/2641 1100/1485/2641 1101/1482/2641
s 1
f 154/1492/2642 1096/1478/2622 1102/1483/2631
f 1109/1487/2643 1072/1488/2644 1100/1494/2645
f 1166/1495/2646 1206/1496/2647 1105/1497/2648
s 0
f 1105/1497/2649 1206/1496/2649 1108/1498/2649
f 1110/1499/2650 1102/1483/2650 1109/1487/2650
s 1
f 1100/1494/2645 1103/1500/2651 1109/1487/2643
f 1311/1501/2652 1105/1502/2653 1108/1503/2654
s 0
f 1108/1504/2655 1166/1495/2655 153/1505/2655
f 1166/1495/2656 1105/1497/2656 153/1505/2656
f 154/1492/2657 1102/1483/2657 1110/1499/2657
f 1101/1506/2658 1105/1502/2658 1103/1507/2658
s 1
f 1103/1507/2659 1105/1502/2653 1311/1501/2652
s 0
f 153/1508/2660 1105/1489/2660 1107/1491/2660
f 1107/1491/2661 1101/1490/2661 154/1509/2661
s 1
f 1311/1510/2662 1108/1511/2663 153/1508/2664
f 158/1338/2665 160/1339/2543 1076/1440/2666
f 1050/1323/2667 144/1442/2544 160/1339/2543
s 0
f 1030/1329/2668 1018/1378/2668 1016/1381/2668
f 1018/1378/2669 1017/1380/2669 1016/1381/2669
s 1
f 1019/1445/2549 1031/1382/2670 1030/1329/2547
f 1003/1231/2109 962/1281/2341 1146/1512/2671
s 0
f 1044/1385/2672 1180/1513/2672 1033/233/2672
s 1
f 1114/1352/2673 250/1333/2383 1129/1514/2674
f 220/262/2675 261/1353/2676 1068/278/2677
f 1158/1515/2678 996/1335/2315 254/281/2317
f 1116/1457/2582 236/198/378 1034/230/291
f 259/242/364 997/258/363 1022/1398/2679
s 0
f 1124/1448/2680 1022/1398/2680 1024/1387/2680
s 1
f 1124/1448/2681 1024/1387/2682 1140/1516/2683
f 1060/1462/2600 1084/1461/2599 1046/1408/2684
f 1046/1408/2684 1084/1461/2599 1223/1460/2685
f 1164/267/351 225/231/350 136/1517/2686
s 0
f 1039/1518/2687 230/1427/2687 1168/1519/2687
f 979/1297/2688 1055/1286/2688 1169/1520/2688
f 1025/1521/2689 969/1436/2689 1048/1452/2689
s 1
f 911/902/1516 983/1277/2200 1056/1412/2690
s 0
f 156/1429/2691 984/1310/2691 1051/1401/2691
s 1
f 1128/1522/2692 1051/1401/2464 990/1340/2331
f 1065/1318/2693 964/1317/2250 1013/1523/2251
s 0
f 1119/1524/2694 1118/1525/2694 1177/1526/2694
f 1118/1525/2695 1119/1524/2695 1134/1527/2695
s 1
f 1009/1394/2442 1030/1329/2441 1016/1381/2696
f 1004/1351/2342 982/1282/2211 1147/1528/2697
f 982/1282/2211 992/1293/2231 1147/1528/2697
f 1020/1397/2474 968/1284/2698 1032/1384/2699
f 1184/1529/2700 1148/1315/2701 1043/1365/2378
f 1043/1365/2378 995/1331/2380 1184/1529/2700
s 0
f 1044/1385/2702 1129/1514/2702 1180/1513/2702
s 1
f 1129/1514/2674 250/1333/2383 1010/1367/2385
s 0
f 1121/1530/2703 157/1386/2703 1068/278/2703
f 1079/1458/2704 1070/282/2704 148/1531/2704
s 1
f 1123/1532/2705 148/156/2706 1122/151/2707
s 0
f 148/1531/2708 1070/282/2708 1035/270/2708
s 1
f 255/237/310 237/239/312 1162/1533/2709
f 136/1517/2710 225/231/2711 1039/1372/2712
f 1170/1534/2713 1311/1510/2714 153/1508/2715
f 1177/1526/2375 1009/1394/2377 1119/1524/2716
f 1009/1394/2377 1016/1381/2717 1119/1524/2716
s 0
f 1146/1512/2718 962/1281/2718 1004/1351/2718
s 1
f 1146/1512/2719 1004/1351/2342 1147/1528/2697
s 0
f 1115/1446/2720 157/1386/2720 1121/1530/2720
s 1
f 1158/1515/2721 261/1353/2452 996/1335/2454
f 1158/1535/2678 254/1536/2317 163/1537/2722
s 0
f 162/1368/2723 268/265/2723 1138/1538/2723
f 185/1354/2724 1116/1539/2724 1058/1407/2724
f 221/203/2725 1079/1458/2725 1210/236/2725
f 148/1531/2726 1123/1540/2726 1079/1458/2726
f 1079/1458/2727 1123/1540/2727 1130/1541/2727
f 1131/1542/2728 1130/1543/2728 1123/1544/2728
f 151/1545/2729 147/154/2729 152/157/2729
s 1
f 1164/1546/2730 1153/1547/2731 1197/1548/2732
f 1153/1547/2731 1164/1546/2730 136/1549/2733
f 1155/1451/2561 199/208/2734 1215/274/2735
f 158/1338/2325 1203/1441/2736 1144/1307/2363
f 1167/1550/2737 1065/1318/2693 1013/1523/2251
s 0
f 1177/1526/2738 1118/1525/2738 1134/1527/2738
s 1
f 995/1331/2380 1149/1366/2381 1184/1529/2700
f 986/1218/2276 915/1219/2739 958/1242/2133
f 1129/1514/2740 1044/1385/2530 1114/1352/2741
s 0
f 1068/278/2742 261/1353/2742 142/1551/2742
f 1138/1538/2743 268/265/2743 1194/1421/2743
f 1079/1552/2744 1130/1543/2744 1131/1553/2744
s 1
f 1131/1542/2745 1123/1544/2746 1139/1554/2747
f 1139/1554/2747 1123/1544/2746 1181/1555/2748
f 1007/1356/2483 1163/1556/2749 166/167/186
f 248/268/2750 260/216/2751 145/1557/2752
f 1075/1373/2753 1012/273/2393 1205/1558/2754
f 234/261/2563 271/1374/2397 1143/1559/2755
f 1143/1559/2755 271/1374/2397 1125/1560/2756
f 1109/1561/2643 1103/1562/2651 1170/1563/2757
s 0
f 1049/1439/2758 1008/1298/2758 1262/1564/2758
s 1
f 1174/1565/2759 156/1429/2760 1051/1401/2761
s 0
f 1078/1453/2762 1001/1360/2762 1133/1566/2762
s 1
f 956/1291/2227 921/887/1481 957/1271/2187
s 0
f 950/1204/2763 1020/1397/2763 1032/1384/2763
s 1
f 915/1391/2574 1120/1420/2576 958/1567/2764
f 1233/1568/2765 258/277/2766 1021/283/384
f 163/1537/2722 162/1569/2387 1158/1535/2678
s 0
f 1058/1407/2767 1116/1539/2767 1138/1538/2767
f 1034/230/2768 186/189/2768 1116/1457/2768
s 1
f 1079/1552/2769 1131/1553/2770 1181/1555/2748
f 1131/1553/2770 1139/1554/2747 1181/1555/2748
f 147/154/172 149/155/174 152/157/176
s 0
f 1150/1570/2771 1160/1571/2771 152/157/2771
f 237/239/2772 229/238/2772 1196/1572/2772
s 1
f 1140/1516/2683 1024/1387/2682 1054/1389/2773
f 166/167/186 1187/1573/2774 1182/1433/2533
f 271/1374/2459 979/1399/2458 1125/1560/2775
f 1107/1491/2776 154/1509/2777 1126/1574/2778
f 1126/1574/2779 1025/1575/2780 1156/1576/2781
f 1025/1521/2782 1166/1577/2782 1156/1578/2782
f 1191/1579/2783 1056/1400/2784 156/1429/2785
f 1013/1311/2786 1113/1359/2787 1132/1580/2788
f 1016/1381/2717 1031/1382/2789 1157/1581/2790
f 1031/1382/2670 1019/1445/2549 1157/1581/2790
f 993/1405/2791 1020/1582/2792 1179/1583/2793
f 1184/1529/2794 1149/1366/2795 1208/1584/2796
s 0
f 1137/1585/2797 1120/1420/2797 258/277/2797
s 1
f 1021/283/384 1033/233/336 1180/1513/2798
s 0
f 261/1353/2799 1158/1515/2799 142/1551/2799
s 1
f 146/158/2800 151/160/2801 150/1586/2802
f 151/149/2803 152/1587/2804 1160/150/170
f 255/237/310 1162/1533/2709 1161/1432/2532
s 0
f 1196/1588/2805 229/240/2805 259/242/2805
s 1
f 1140/1516/2806 1071/1447/2807 1124/1448/2808
f 1202/1589/2809 1152/1390/2428 138/1371/2427
f 1154/1590/2810 230/1427/2811 1073/1426/2812
f 145/1557/2813 260/216/2814 251/259/2815
f 1205/1558/2816 1012/273/2393 1155/1451/2817
s 0
f 1170/1534/2818 153/1508/2818 1107/1491/2818
s 1
f 1126/1574/2779 1156/1576/2781 1107/1491/2776
f 1166/1577/2819 1025/1521/2820 1048/1452/2821
s 0
f 1008/1298/2822 1144/1307/2822 1272/1591/2822
s 1
f 1066/1592/2287 1067/1593/2498 1192/1594/2823
f 1052/1444/2499 284/1418/2824 1134/1595/2825
s 0
f 284/1418/2826 1177/1346/2826 1134/1595/2826
s 1
f 1135/1596/2827 928/871/1389 694/873/1448
s 0
f 1148/1315/2828 1184/1529/2828 1208/1584/2828
f 1121/1530/2829 1068/278/2829 142/1551/2829
s 1
f 1194/1421/2513 1058/1407/2512 1138/1538/2830
s 0
f 1116/1457/2831 186/189/2831 1159/191/2831
f 1150/1570/2832 152/157/2832 1195/1597/2832
f 164/163/2833 1212/1409/2833 1204/1598/2833
s 1
f 1007/1356/2483 1062/1424/2834 1163/1556/2749
f 1163/1556/2749 1062/1424/2834 140/1599/2835
f 1236/1600/2836 263/1369/2837 1152/1390/2838
s 0
f 154/1601/2839 1110/1602/2839 1126/1603/2839
s 1
f 1166/1577/2819 1171/1604/2840 1206/1605/2841
f 1206/1605/2841 1171/1604/2840 1172/1606/2842
f 1172/1606/2843 1171/1607/2844 1173/1608/2845
f 1171/1604/2840 1166/1577/2819 1173/1608/2846
f 1173/1608/2846 1166/1577/2819 1048/1452/2821
f 1262/1564/2847 1008/1298/2847 1272/1591/2847
f 1232/1393/2848 1029/1301/2285 1066/1319/2287
f 1192/1594/2823 1052/1609/2499 1134/1610/2825
f 1157/1581/2790 1119/1524/2716 1016/1381/2717
f 161/1611/2849 162/1368/2850 1138/1538/2851
f 1054/1389/2852 1046/1408/2684 1223/1460/2685
f 1168/1519/2853 230/1427/2811 1154/1590/2810
s 0
f 1226/1612/2854 1073/1426/2854 145/1557/2854
s 1
f 1073/1426/2855 248/268/2750 145/1557/2752
f 1214/1613/2856 1117/1434/2857 1075/1373/2858
s 0
f 233/260/2859 1227/1614/2859 1215/274/2859
f 1206/1605/2860 1172/1606/2860 1048/1452/2860
s 1
f 1172/1606/2843 1173/1608/2846 1048/1452/2821
f 1144/1307/2363 1203/1441/2736 1283/1615/2861
f 1167/1550/2862 1013/1523/2863 1132/1616/2864
f 1078/1453/2865 1132/1580/2866 1113/1359/2867
s 0
f 909/867/2868 993/1405/2868 1179/1583/2868
s 1
f 1201/1406/2869 1115/1446/2870 1185/1617/2871
f 1115/1446/2870 1121/1530/2872 1185/1617/2871
f 1151/1618/2873 1071/1447/2807 1140/1516/2806
f 1081/1450/2874 164/163/2875 1186/1619/2876
f 1187/1573/2774 166/167/186 1163/1556/2749
s 0
f 1245/1620/2877 1062/1424/2877 1037/1425/2877
s 1
f 263/1369/2837 1236/1600/2836 1037/1370/2878
f 1236/1600/2836 1152/1390/2838 1202/1589/2879
f 1183/1621/2880 251/259/2487 1074/1410/2489
f 234/261/337 1143/1559/2881 249/234/338
f 1190/1622/2882 1125/1623/2883 979/1624/2884
f 1191/1579/2885 156/1429/2760 1174/1565/2759
f 990/1340/2331 1065/1318/2284 1128/1522/2692
f 1284/1625/2886 1027/1430/2887 1207/1626/2888
f 1176/1627/2889 1028/1342/2572 956/1291/2227
f 1146/1512/2719 1147/1528/2697 992/1293/2890
s 0
f 1120/1420/2891 1137/1585/2891 1193/1628/2891
f 1129/1514/2892 1010/1367/2892 1180/1513/2892
s 1
f 1010/1367/2893 1201/1406/2893 1180/1513/2893
f 150/153/2894 1123/1532/2705 1122/151/2707
f 1022/1398/2895 1071/1447/2896 1151/1618/2897
s 0
f 1054/1389/2898 1223/1460/2898 1140/1516/2898
f 1154/1590/2899 1073/1426/2899 1226/1612/2899
s 1
f 1183/1621/2900 145/1557/2813 251/259/2815
f 1169/1520/2901 1055/1286/2567 1126/1411/2569
f 1175/1413/2902 1028/1342/2572 1176/1627/2889
f 947/903/1519 961/1278/2204 1014/1361/2370
f 1067/1593/2498 1052/1609/2499 1192/1594/2823
f 1157/1348/2340 1003/1350/2125 1313/1629/2903
f 1208/1584/2796 1149/1366/2795 1057/1431/2904
f 1181/1555/2748 1123/1544/2746 1188/1630/2905
f 1195/1597/2906 152/157/176 148/156/177
s 0
f 148/1531/2907 1035/270/2907 1161/1432/2907
s 1
f 1223/1460/2908 259/242/364 1022/1398/2679
f 247/1631/317 229/1632/2909 999/1633/331
s 0
f 1198/1634/2910 136/1517/2910 1039/1372/2910
f 1039/1518/2911 1168/1519/2911 1154/1590/2911
s 1
f 1110/1602/2912 1109/1561/2643 1253/1635/2913
f 1112/1435/2914 1049/1438/2915 1230/1636/2916
s 0
f 1144/1307/2917 1283/1615/2917 1272/1591/2917
s 1
f 1056/1400/2784 1191/1579/2783 1255/147/167
f 1174/1565/2918 1051/1401/2464 1200/1637/2919
f 1200/1637/2919 1051/1401/2464 1128/1522/2692
f 1134/1610/2825 1119/1638/2716 1157/1348/2790
s 0
f 549/711/1367 909/867/1367 1375/834/1367
f 1137/1585/2920 258/277/2920 1233/1568/2920
s 1
f 1021/283/384 1180/1513/2798 1233/1568/2765
f 1222/1639/2921 1180/1513/2922 1201/1406/2923
f 1234/1640/2924 143/148/2925 1160/150/2926
s 0
f 1160/1571/2927 1150/1570/2927 1195/1597/2927
s 1
f 1196/1588/2928 259/242/364 1223/1460/2908
s 0
f 270/256/2929 1238/1641/2929 264/251/2929
s 1
f 270/256/329 238/246/365 1238/1641/2930
f 1252/1642/2931 1164/1546/2730 1197/1548/2732
s 0
f 1183/1621/2932 1074/1410/2932 141/1643/2932
f 141/1643/2933 1074/1410/2933 1117/1434/2933
s 1
f 1075/1373/2858 1205/1558/2934 1296/1644/2935
s 0
f 1143/1559/2936 233/260/2936 249/234/2936
s 1
f 1206/1605/2937 1048/1452/2938 1259/1645/2939
f 1228/1646/2940 1112/1435/2914 1230/1636/2916
s 0
f 144/1442/2941 1203/1441/2941 1076/1440/2941
s 1
f 980/1357/2942 1218/1647/2943 1077/1358/2944
s 0
f 1174/1565/2945 1200/1637/2945 1199/1648/2945
s 1
f 1273/1649/2946 1065/1318/2947 1167/1550/2948
f 1207/1626/2949 1027/1430/2949 1175/1413/2949
f 1146/1650/2719 992/1651/2890 1250/1652/2950
f 1148/1315/2951 1208/1584/2952 1020/1397/2953
f 1287/1653/2954 1223/1460/2585 1081/1459/2584
s 0
f 1186/1619/2955 164/163/2955 1340/1654/2955
s 1
f 1187/1573/2774 1224/1655/2956 1182/1433/2533
f 229/1632/2909 1164/1656/2957 1239/1657/2958
s 0
f 1039/1518/2959 1154/1590/2959 1225/1658/2959
s 1
f 1190/1622/2882 139/1659/2960 1125/1623/2883
s 0
f 1190/1660/2961 979/1661/2961 1169/1662/2961
s 1
f 1228/1646/2940 1259/1645/2939 1048/1452/2938
f 911/1270/2962 1056/1663/2963 1255/1664/2964
f 1128/1522/2965 1065/1318/2947 1273/1649/2946
f 1133/1443/2966 1027/1430/2887 1284/1625/2886
s 0
f 1193/1628/2967 958/1567/2967 1120/1420/2967
s 1
f 1158/1665/2678 162/1455/2387 1069/1454/2579
s 0
f 1079/1552/2968 1181/1555/2968 1210/1666/2968
s 1
f 1211/1667/2969 148/156/177 1161/1668/2970
f 1162/1533/2709 237/239/312 1196/1572/2971
f 1223/1460/2972 1022/1398/2895 1151/1618/2897
s 0
f 1340/1654/2973 164/163/2973 1204/1598/2973
s 1
f 1187/1573/2774 1163/1556/2749 1224/1655/2956
f 1198/1669/2974 1039/1518/2974 1225/1658/2974
s 0
f 141/1643/2975 1117/1434/2975 1214/1613/2975
s 1
f 1214/1613/2976 1075/1373/2858 1296/1644/2935
s 0
f 1205/1558/2977 1155/1451/2977 1215/274/2977
s 1
f 1125/1623/2978 1276/1670/2979 1143/1671/2980
f 1125/1623/2981 139/1659/2982 1276/1670/2983
s 0
f 1169/1662/2984 1126/1603/2984 1110/1602/2984
s 1
f 1230/1636/2916 1049/1438/2915 1262/1672/2985
f 159/1322/2986 1077/1358/2987 1218/1647/2988
f 1066/1592/2287 1192/1594/2823 1232/1673/2848
f 1146/1650/2989 1313/1629/2990 1003/1350/2991
f 1313/1629/2990 1146/1650/2989 1250/1652/2992
f 1222/1639/2921 1201/1406/2923 1275/1674/2993
s 0
f 1188/1630/2994 1123/1544/2994 150/1675/2994
f 1223/1460/2995 1151/1618/2995 1140/1516/2995
s 1
f 1245/1676/2996 1037/1370/2997 1236/1600/2998
f 138/1371/2427 1246/1677/2999 1202/1589/2809
f 1253/1635/2913 1109/1561/2643 1170/1563/2757
s 0
f 1253/1678/3000 1107/1491/3000 1156/1576/3000
s 1
f 1048/1452/2938 1112/1435/3001 1228/1646/2940
f 1203/1441/3002 144/1442/3003 1217/1679/3004
f 1219/1680/3005 1191/1579/2885 1174/1565/2759
s 0
f 1128/1522/3006 1273/1649/3006 1200/1637/3006
s 1
f 1273/1649/3007 1167/1550/3008 1240/1681/3009
f 1167/1550/3008 1231/1682/3010 1240/1681/3009
s 0
f 1132/1580/3011 1078/1453/3011 1241/1683/3011
s 1
f 1241/1683/3012 1078/1453/3013 1257/1684/3014
f 1078/1453/3015 1133/1566/3016 1281/1685/3017
f 1057/1431/3018 958/1242/3018 1208/1584/3018
s 0
f 1137/1585/3019 1233/1568/3019 1193/1628/3019
f 1180/1513/3020 1285/1686/3020 1233/1568/3020
f 1185/1617/3021 1121/1530/3021 142/1551/3021
f 1116/1457/3022 1159/191/3022 1210/236/3022
f 1161/1432/3023 1162/1533/3023 1196/1572/3023
s 1
f 1309/1687/3024 1212/1409/2534 1182/1433/3025
s 0
f 139/1659/3026 1190/1622/3026 1302/1688/3026
s 1
f 1261/1689/3027 1229/1690/3028 1248/1691/3029
f 1229/1690/3030 1260/1692/3031 1228/1646/3032
f 1320/1693/3033 144/1442/3034 1050/1323/3035
f 1176/1627/2889 956/1291/2227 957/1271/2187
f 1369/1694/3036 143/148/2925 1234/1640/2924
f 1234/1695/3037 1160/1571/3038 1258/1696/3039
f 148/156/177 1211/1667/2969 1195/1597/2906
f 1195/1597/3040 1211/1667/2969 1235/1697/3041
f 1211/1667/2969 1161/1668/2970 1287/1698/3042
f 1153/1547/2731 1269/1699/3043 1197/1548/2732
f 1227/1614/3044 233/260/3045 1271/1700/3046
s 0
f 1170/1534/3047 1107/1491/3047 1253/1678/3047
f 980/1357/3048 1000/1316/3048 1255/1664/3048
s 1
f 1000/1316/3049 911/1270/2962 1255/1664/3050
f 1219/1680/3051 1174/1565/3052 1256/1701/3053
f 1281/1685/3017 1133/1566/3016 1284/1702/3054
f 1242/1703/3055 1134/1610/2825 1157/1348/2790
f 1220/1704/3056 155/1109/2468 1042/1402/2467
s 0
f 958/1567/3057 1193/1628/3057 1266/1705/3057
s 1
f 1245/1620/3058 1309/1687/3059 1062/1424/3060
f 1239/1706/3061 1164/1546/2730 1252/1642/2931
f 1225/1658/3062 1154/1590/3063 1247/1707/3064
f 141/1643/3065 1214/1613/3066 1295/1708/3067
f 1108/1504/3068 1206/1709/3069 1277/1710/3070
s 0
f 1229/1690/3071 1228/1646/3071 1230/1636/3071
s 1
f 1042/1402/2467 1135/1403/2469 1356/1711/3072
f 1179/1583/2793 1020/1582/2792 1266/1712/3073
f 1275/1674/2993 1201/1406/2923 1185/1617/3074
s 0
f 1185/1617/3075 142/1551/3075 1158/1515/3075
f 1286/1713/3076 1369/1694/3076 1234/1640/3076
f 1258/1696/3077 1160/1571/3077 1195/1597/3077
s 1
f 1204/1598/3078 1251/1714/3079 1340/1654/3080
f 1251/1714/3079 1204/1598/3078 1309/1687/3059
s 0
f 1309/1687/3081 1182/1433/3081 1224/1655/3081
f 140/1599/3082 1062/1424/3082 1309/1687/3082
s 1
f 1202/1589/2879 1246/1677/3083 1267/1715/3084
f 1252/1642/2931 1197/1548/2732 1269/1699/3043
s 0
f 1227/1614/3085 1297/1716/3085 1215/274/3085
s 1
f 1227/1614/3044 1271/1700/3046 1288/1717/3086
f 1301/1718/3087 1271/1700/3088 233/260/3089
f 233/260/3089 1143/1559/3090 1301/1718/3087
f 1143/1671/2980 1276/1670/2979 1343/1719/3091
f 139/1659/3092 1302/1688/3093 1276/1670/3094
f 1303/1720/3095 1190/1660/3096 1169/1662/3097
f 1169/1662/3098 1110/1602/2912 1253/1635/2913
s 0
f 1166/1495/3099 1108/1504/3099 1277/1710/3099
f 1174/1565/3100 1199/1648/3100 1256/1701/3100
s 1
f 1231/1682/3010 1167/1550/3008 1280/1721/3101
f 1020/1397/3102 1208/1584/2952 1266/1722/3103
f 958/1242/3104 1266/1722/3104 1208/1584/3104
f 1180/1513/2922 1222/1639/2921 1285/1686/3105
f 161/1611/2849 1138/1538/2851 1307/1723/3106
f 1181/1555/2748 1188/1630/2905 1210/1666/3107
f 143/148/3108 1369/1694/3109 151/149/2801
f 264/251/323 1238/1641/2930 138/1371/2389
f 1270/1724/3110 1198/1725/3111 1225/1726/3112
s 0
f 1225/1726/3113 1247/1727/3113 1324/1728/3113
s 1
f 1247/1707/3064 1154/1590/3063 1226/1612/3114
s 0
f 1297/1716/3115 1205/1558/3115 1215/274/3115
s 1
f 1320/1693/3033 1217/1679/3004 144/1442/3116
f 159/1322/3117 1218/1647/3118 1050/1323/3119
f 1257/1684/3014 1078/1453/3120 1281/1685/3121
f 1284/1625/3122 1207/1626/3123 1304/1729/3124
f 1014/1361/2370 961/1278/2204 1329/1730/3125
f 1135/1596/2827 694/873/1448 1842/1731/3126
f 1161/1668/2970 1196/1732/3127 1287/1698/3128
f 1224/1655/2956 1163/1556/2749 1309/1687/3129
s 0
f 1269/1699/3130 1153/1547/3130 126/1733/3130
s 1
f 1296/1644/2935 1205/1558/2934 1297/1716/3131
s 0
f 1297/1716/3132 1227/1614/3132 1288/1717/3132
s 1
f 1206/1605/3069 1259/1645/3133 135/1734/3134
f 1261/1689/3027 1248/1691/3029 1249/1735/3135
f 1327/1736/3136 1199/1648/3137 1200/1637/3138
f 1167/1550/2862 1132/1616/2864 1280/1721/3139
f 1242/1703/3055 1232/1673/2848 1192/1594/2823
f 1192/1594/2823 1134/1610/2825 1242/1703/3055
f 1238/1641/2930 238/246/365 999/257/3140
s 0
f 1226/1612/3141 145/1557/3141 1183/1621/3141
f 1278/1737/3142 1259/1645/3142 1228/1646/3142
s 1
f 1050/1323/3119 1218/1647/3118 1326/1738/3143
f 1255/147/167 1191/1579/2783 1279/145/165
f 1199/1648/3137 1346/1739/3144 1256/1701/3145
s 0
f 1132/1580/3146 1241/1683/3146 1328/1740/3146
s 1
f 1328/1740/3147 1241/1683/3012 1257/1684/3014
f 1304/1729/3124 1207/1626/3123 1175/1413/3148
f 1176/1627/2889 957/1271/2187 1300/1741/3149
f 1250/1652/2950 992/1651/2890 1263/1742/3150
s 0
f 1258/1696/3151 1195/1597/3151 1235/1697/3151
f 1196/1732/3152 1223/1743/3152 1287/1698/3152
f 1309/1687/3153 1204/1598/3153 1212/1409/3153
s 1
f 138/1744/2389 1238/1745/2930 1380/1746/3154
f 1214/1613/3066 1296/1644/3155 1295/1708/3067
s 0
f 1166/1495/3156 1277/1710/3156 1290/1747/3156
s 1
f 1229/1690/3030 1261/1689/3157 1260/1692/3158
f 1218/1647/2943 980/1357/2942 1255/1664/3159
f 1220/1704/3056 1042/1402/2467 1356/1711/3072
s 0
f 1233/1568/3160 1285/1686/3160 1193/1628/3160
s 1
f 1186/1619/3161 1340/1654/3080 1363/1748/3162
f 1163/1556/2749 140/1599/2835 1309/1687/3129
f 1236/1600/2836 1202/1589/2879 1267/1715/3084
s 0
f 126/1733/3163 1153/1547/3163 1453/1749/3163
s 1
f 1301/1750/3164 1143/1671/3165 1343/1719/3166
f 1290/1751/3167 1156/1578/3168 1166/1577/3169
f 1277/1710/3070 1206/1709/3069 135/1752/3134
f 1278/1737/3170 1228/1646/3032 1260/1692/3031
f 1346/1739/3144 1199/1648/3137 1327/1736/3136
f 1327/1736/3171 1200/1637/3172 137/1753/3173
f 1304/1729/3124 1299/1754/3174 1284/1625/3122
f 1300/1741/3149 957/1271/2187 1014/1361/2370
f 1313/1629/3175 1242/1703/3176 1157/1348/3177
f 1305/1295/3178 155/1109/3179 1220/1704/3180
s 0
f 1266/1705/3181 1193/1628/3181 1285/1686/3181
f 1116/1457/3182 1210/236/3182 1307/1755/3182
f 1276/1670/3183 1302/1688/3183 1319/1756/3183
f 135/1757/3184 1278/1758/3184 1351/1759/3184
s 1
f 1279/145/3185 1191/1579/2885 1345/1760/3186
f 1280/1721/3139 1132/1616/2864 1328/1761/3187
f 1257/1684/3014 1281/1685/3121 1328/1740/3147
f 1232/1762/2436 1329/1730/3188 961/1278/2437
f 1185/1617/3189 1158/1515/2678 1335/1763/3190
f 1335/1764/3190 1158/1665/2678 1069/1454/2579
f 1308/1765/3191 1235/1697/3041 1211/1667/2969
f 1310/1766/3192 1239/1706/3061 1252/1642/2931
f 1342/1767/3193 136/1549/3193 1198/1725/3193
s 0
f 1247/1707/3194 1226/1612/3194 134/1768/3194
s 1
f 141/1643/3195 1295/1708/3196 1183/1621/3197
f 1253/1769/3198 1156/1578/3168 1290/1751/3167
s 0
f 1311/1770/3199 1290/1747/3199 1277/1710/3199
s 1
f 1277/1710/3200 135/1752/3201 1312/1771/3202
f 1278/1737/3203 1260/1692/3203 1351/1772/3203
s 0
f 1249/1735/3204 1248/1691/3204 1298/1773/3204
s 1
f 1345/1760/3186 1191/1579/2885 1219/1680/3005
f 1570/1774/3205 1179/1583/2793 1266/1712/3073
f 1222/1639/2921 1275/1674/2993 1285/1686/3105
f 1275/1674/3206 1335/1763/3207 1285/1686/3208
s 0
f 1307/1723/3209 1138/1538/3209 1116/1539/3209
s 1
f 1210/1666/3107 1188/1630/2905 1307/1775/3210
f 1286/1776/3211 1234/1777/3037 1322/1778/3212
f 138/1744/2427 133/1779/3213 1246/1780/2999
f 1295/1708/3067 1296/1644/3155 1331/1781/3214
s 0
f 129/1782/3215 1259/1783/3215 1278/1784/3215
f 1261/1689/3216 1249/1735/3216 1352/1785/3216
s 1
f 1313/1629/3175 1232/1673/3217 1242/1703/3176
f 1393/1786/3218 1250/1652/2950 1263/1742/3150
f 1297/1716/3131 1288/1717/3219 1296/1644/2935
f 1325/1787/3220 1271/1700/3220 1301/1718/3220
s 0
f 1169/1662/3221 1253/1635/3221 1290/1788/3221
f 135/1757/3222 1351/1759/3222 1332/1789/3222
f 1298/1773/3223 1336/1790/3223 1249/1735/3223
s 1
f 1248/1691/3224 1229/1690/3224 1230/1636/3224
f 1262/1564/3225 1272/1591/3226 1564/1791/3227
s 0
f 137/1753/3228 1200/1637/3228 1273/1649/3228
s 1
f 1273/1649/3007 1240/1681/3009 1274/1792/3229
f 1240/1681/3009 1231/1682/3010 1274/1792/3230
f 1329/1793/3231 1232/1673/3217 1313/1629/3175
f 1313/1629/2990 1250/1652/2992 1366/1794/3232
f 1305/1795/3233 1263/1742/3150 992/1651/2890
f 1305/1295/3234 1220/1704/3180 1334/1796/3235
f 1394/1797/3236 1188/1630/3237 150/1675/2802
f 1394/1797/3236 150/1675/2802 151/149/2801
f 1318/1798/3238 1369/1694/3239 1286/1713/3240
f 1321/1799/3241 1286/1776/3211 1322/1778/3212
f 1235/1697/3242 1308/1765/3243 1322/1800/3244
f 1308/1765/3245 1330/1801/3246 1322/1800/3244
f 1081/1450/2874 1186/1619/2876 1378/1802/3247
f 1267/1715/3084 1246/1677/3083 1268/1803/3248
f 1246/1780/3083 133/1779/3249 1383/1804/3250
f 1276/1670/3251 1319/1756/3252 1343/1719/3253
s 0
f 1302/1688/3254 1190/1622/3254 1303/1805/3254
s 1
f 1303/1720/3095 1169/1662/3097 1290/1788/3255
f 1230/1806/3256 1262/1807/3256 1353/1808/3256
f 1203/1441/3257 1217/1679/3258 1283/1615/3259
f 1320/1693/3033 1326/1738/3260 1217/1679/3004
f 1320/1693/3033 1050/1323/3035 1326/1738/3260
f 1345/1760/3261 1219/1680/3262 1256/1701/3263
f 1373/1809/3264 1346/1739/3144 1327/1736/3136
f 1175/1413/2902 1176/1627/2889 1304/1729/3265
f 1300/1741/3149 1014/1361/2370 1329/1730/3125
f 1263/1742/3150 1305/1795/3233 1393/1786/3218
f 1356/1711/3072 1135/1403/2469 1367/1810/3266
f 1275/1674/3206 1185/1617/3267 1335/1763/3207
f 161/1456/3268 1307/1811/3269 1394/1812/3236
f 1318/1813/3270 1286/1776/3211 1321/1799/3241
f 1322/1800/3212 1234/1695/3037 1258/1696/3039
s 0
f 1186/1619/3271 1323/1814/3271 123/1815/3271
s 1
f 1252/1642/2931 1269/1699/3043 1310/1766/3192
s 0
f 1153/1547/3272 136/1549/3272 1453/1749/3272
f 1290/1816/3273 1311/1510/3273 1170/1534/3273
s 1
f 1311/1770/3274 1277/1710/3275 1312/1771/3202
f 1353/1808/3276 1359/1817/3277 1230/1806/3278
f 1217/1679/3004 1326/1738/3260 1360/1818/3279
f 1250/1652/2950 1393/1786/3218 1366/1794/3280
f 1842/1731/3281 694/873/2025 1375/1320/2290
f 909/867/3282 1179/1583/3283 1570/1774/3284
f 1285/1686/3208 1335/1763/3207 1570/1819/3285
f 1335/1764/3286 1069/1454/3287 1338/1820/3288
f 1338/1820/3288 1069/1454/3287 1339/1821/3289
f 1069/1454/3287 161/1456/3268 1394/1812/3236
f 1258/1696/3039 1235/1697/3290 1322/1800/3212
f 1211/1667/2969 1287/1698/3042 1308/1765/3191
f 1269/1699/3043 126/1733/3291 1310/1766/3192
f 1247/1707/3292 134/1768/3293 1372/1822/3294
f 1288/1717/3086 1271/1700/3046 1325/1787/3295
f 1170/1534/2757 1103/1823/2651 1290/1816/3296
s 0
f 1103/1824/3297 1311/1770/3297 1312/1771/3297
f 1230/1636/3298 1359/1825/3298 1248/1691/3298
s 1
f 1328/1740/3299 1281/1685/3300 132/1826/3301
s 0
f 131/1827/3302 132/1826/3302 1281/1685/3302
s 1
f 131/1827/3303 1281/1685/3304 1337/1828/3305
f 1299/1829/3306 1304/1830/3307 1333/1831/3308
f 1335/1764/3286 1338/1820/3288 1339/1832/3289
f 1339/1821/3289 1069/1454/3287 1347/1833/3309
f 1347/1833/3309 1069/1454/3287 1394/1812/3236
s 0
f 1387/1834/3310 1322/1800/3310 1330/1801/3310
s 1
f 1330/1801/3311 1308/1765/3312 1362/1835/3313
f 1308/1765/3314 1287/1698/3315 1378/1836/3316
s 0
f 1198/1725/3317 1270/1724/3317 1342/1767/3317
f 134/1768/3318 1226/1612/3318 1410/1837/3318
f 1226/1612/3319 1183/1621/3319 1410/1837/3319
s 1
f 1290/1816/3296 1103/1823/2651 1312/1838/3320
s 0
f 1260/1692/3321 1261/1689/3321 1351/1772/3321
f 1352/1785/3322 1249/1735/3322 1336/1790/3322
s 1
f 1304/1729/3265 1176/1627/2889 1300/1741/3149
f 1335/1764/3286 1339/1832/3289 1394/1812/3236
f 1339/1832/3289 1347/1833/3309 1394/1812/3236
f 1370/1839/3323 1322/1800/3324 1387/1834/3325
s 0
f 1378/1802/3326 1186/1619/3326 123/1815/3326
f 1236/1600/3327 1267/1715/3327 1268/1803/3327
f 1183/1621/3328 1435/1840/3328 1410/1837/3328
s 1
f 1183/1621/3197 1295/1708/3196 1435/1840/3329
f 1336/1790/3330 1298/1773/3331 1358/1841/3332
f 1272/1591/3333 1283/1615/3334 1572/1842/3335
f 1280/1843/3336 1328/1740/3337 1355/1844/3338
f 1287/1845/3315 1081/1450/3339 1378/1802/3316
f 1323/1814/3340 1379/1846/3341 123/1815/3342
f 1379/1846/3341 1186/1619/3161 1363/1748/3162
f 1251/1714/3079 1309/1687/3059 1371/1847/3343
f 1550/1848/3344 1225/1726/3345 1324/1728/3346
f 1349/1849/3347 1247/1727/3292 1372/1850/3294
f 1331/1781/3214 1296/1644/3155 1391/1851/3348
f 1336/1852/3330 1358/1853/3332 1357/1854/3349
f 1357/1855/3349 1358/1856/3332 129/1857/3350
f 1345/1760/3261 1256/1701/3263 1361/1858/3351
f 1333/1831/3308 1365/1859/3352 1299/1829/3306
f 1334/1796/3353 1220/1704/3056 1367/1810/3266
f 1266/1705/3073 1285/1686/3208 1570/1819/3205
f 1323/1814/3340 1186/1619/3161 1379/1846/3341
f 133/1779/3213 138/1744/2427 1380/1746/3354
f 1343/1719/3253 1319/1756/3355 1350/1860/3356
f 1350/1860/3357 1319/1756/3358 1364/1861/3359
s 0
f 1319/1756/3360 1302/1688/3360 1303/1805/3360
s 1
f 130/1862/3361 1400/1863/3362 129/1864/3363
f 129/1864/3363 1400/1863/3362 1399/1865/3364
f 130/1862/3361 129/1864/3363 1412/1866/3365
f 1283/1615/3259 1217/1679/3258 1360/1818/3279
s 0
f 1382/1867/3366 1326/1868/3366 1218/1869/3366
s 1
f 1402/1870/3367 1281/1685/3017 1284/1702/3054
f 1367/1871/3368 1135/1596/2827 1842/1731/3126
s 0
f 1303/1805/3369 1290/1872/3369 1319/1756/3369
s 1
f 1332/1873/3370 1351/1874/3371 1381/1875/3372
f 129/1864/3363 1358/1876/3373 1412/1866/3365
s 0
f 1262/1807/3374 1564/1877/3374 1353/1808/3374
s 1
f 1382/1878/3375 1218/146/3376 1279/145/165
f 1361/1858/3377 1256/1701/3145 1346/1739/3144
f 1337/1828/3305 125/1879/3378 131/1827/3303
f 1387/1880/3325 1330/1881/3379 1408/1882/3380
f 1362/1835/3313 1308/1765/3312 1378/1836/3381
f 999/1633/331 229/1632/2909 1417/1883/3382
f 1301/1750/3164 1343/1719/3166 1350/1860/3383
s 0
f 135/1757/3384 1332/1789/3384 1312/1884/3384
s 1
f 1351/1772/3371 1261/1689/3385 1381/1885/3372
s 0
f 1298/1773/3386 1248/1691/3386 1359/1825/3386
s 1
f 1346/1739/3144 1373/1809/3264 1429/142/3387
f 137/1753/3388 1273/1649/3389 1374/1886/3390
f 1374/1886/3391 1274/1792/3230 1231/1682/3010
f 1374/1887/3392 1280/1843/3336 1355/1844/3338
f 1337/1828/3305 1281/1685/3304 1402/1870/3393
f 1402/1870/3367 1284/1702/3054 1541/1888/3394
f 1369/1694/3239 1318/1798/3238 1377/1889/3395
f 1363/1748/3162 1340/1654/3080 1251/1714/3079
f 133/1779/3213 1380/1746/3354 1384/1890/3396
f 1385/1891/3397 1324/1728/3398 1389/1892/3399
f 1397/1893/3400 1372/1822/3294 134/1768/3293
f 134/1768/3293 127/1894/3401 1397/1893/3400
s 0
f 1418/1895/3402 127/1894/3402 134/1768/3402
s 1
f 1312/1896/3403 1332/1873/3370 1381/1875/3372
s 0
f 1261/1689/3404 1352/1785/3404 1381/1885/3404
s 1
f 1572/1842/3405 1283/1615/3259 1360/1818/3279
f 1327/1736/3171 137/1753/3173 1386/1897/3406
f 1273/1649/3407 1274/1792/3407 1374/1886/3407
f 1231/1682/3010 1280/1721/3101 1374/1886/3391
f 1328/1740/3299 132/1826/3301 131/1827/3408
f 1329/1793/3409 1313/1629/2990 1366/1794/3232
f 1220/1704/3056 1356/1711/3072 1367/1810/3266
f 126/1733/3291 1388/1898/3410 1310/1766/3192
f 1324/1728/3398 1385/1891/3397 1550/1848/3411
f 1550/1848/3411 1385/1891/3397 1389/1899/3399
s 0
f 1349/1849/3412 1389/1899/3412 1390/1900/3412
s 1
f 1389/1892/3399 1324/1728/3398 1390/1900/3413
s 0
f 1390/1900/3414 1324/1728/3414 1247/1727/3414
f 1295/1708/3415 1331/1781/3415 1435/1840/3415
s 1
f 1411/1901/3416 1290/1872/3296 1312/1896/3320
s 0
f 1357/1855/3417 129/1857/3417 1278/1758/3417
s 1
f 1400/1863/3362 130/1862/3361 124/1902/3418
f 1328/1740/3419 131/1827/3420 1355/1844/3421
f 125/1879/3422 1337/1828/3305 1402/1870/3393
f 1514/1903/3423 1284/1702/3054 1299/1904/3424
f 1307/1775/3269 1188/1630/3237 1394/1797/3236
f 1370/1905/3323 1387/1880/3325 1426/1906/3425
f 1363/1748/3162 1251/1714/3079 1447/1907/3426
s 0
f 1550/1848/3427 1389/1899/3427 1349/1849/3427
f 1390/1900/3428 1247/1727/3428 1349/1849/3428
s 1
f 1434/1908/3429 1397/1893/3400 127/1894/3401
f 127/1894/3401 1418/1895/3430 1434/1908/3429
s 0
f 1296/1644/3431 1288/1717/3431 1391/1851/3431
s 1
f 1391/1851/3432 1288/1717/3086 1325/1787/3295
f 1364/1861/3359 1319/1756/3358 1411/1901/3433
s 0
f 1319/1756/3434 1290/1872/3434 1411/1901/3434
f 1398/1909/3435 1352/1910/3435 1336/1852/3435
f 1398/1909/3436 1336/1852/3436 1357/1854/3436
f 1400/1911/3437 1392/1912/3437 1399/1913/3437
s 1
f 1564/1791/3227 1272/1591/3226 1354/1914/3438
f 1382/1878/3439 1279/145/3185 1345/1760/3186
f 1346/1739/3144 1429/142/3387 116/1915/3440
f 137/1753/3388 1374/1886/3390 1413/1916/3441
f 1369/1694/3239 1377/1889/3395 1407/1917/3442
f 1349/1849/3347 1372/1850/3294 1409/1918/3443
f 1409/1919/3443 1372/1822/3294 1397/1893/3400
s 0
f 1418/1895/3444 134/1768/3444 1410/1837/3444
f 1350/1860/3445 1364/1861/3445 1325/1920/3445
f 135/1921/3446 1259/1783/3446 129/1782/3446
s 1
f 1360/1818/3279 1326/1738/3260 1414/1922/3447
s 0
f 1429/142/3448 1373/1809/3448 1401/1923/3448
s 1
f 1373/1809/3449 1327/1736/3171 1386/1897/3406
f 1365/1859/3352 1333/1831/3308 1403/1924/3450
f 1362/1925/3451 1378/1802/3452 1495/1926/3453
s 0
f 1435/1840/3454 1331/1781/3454 1391/1851/3454
f 1352/1910/3455 1398/1909/3455 1381/1875/3455
f 1357/1855/3456 1278/1758/3456 1449/1927/3456
f 1449/1927/3457 1278/1758/3457 135/1757/3457
s 1
f 1358/1841/3332 1298/1773/3331 1359/1825/3458
s 0
f 1414/1928/3459 1326/1868/3459 1382/1867/3459
f 1420/1929/3460 125/1930/3460 1421/1931/3460
s 1
f 1299/1829/3461 1365/1859/3462 1422/1932/3463
s 0
f 1321/1799/3464 1322/1778/3464 1395/1933/3464
s 1
f 1457/1934/3465 1387/1880/3325 1408/1882/3380
f 1495/1926/3453 1378/1802/3452 1427/1935/3466
f 1268/1936/3248 1246/1780/3083 1383/1804/3250
f 1380/1746/3154 1238/1745/2930 1439/1937/3467
s 0
f 1301/1750/3468 1350/1860/3468 1325/1920/3468
f 1478/1938/3469 1400/1911/3469 1508/1939/3469
s 1
f 1355/1844/3421 131/1827/3420 1425/1940/3470
s 0
f 1402/1941/3471 1421/1931/3471 125/1930/3471
f 1393/1786/3472 1305/1795/3472 1334/1942/3472
s 1
f 1378/1802/3452 123/1815/3473 1427/1935/3466
f 1427/1935/3466 123/1815/3473 1525/1943/3474
f 1447/1907/3426 1251/1714/3079 1371/1847/3343
f 1384/1890/3396 1380/1746/3354 1432/1944/3475
f 1417/1883/3382 229/1632/2909 1239/1657/2958
f 1364/1861/3476 1411/1901/3477 1476/1945/3478
s 0
f 1477/1946/3479 1312/1896/3479 1381/1875/3479
s 1
f 1392/1912/3480 1400/1911/3481 1450/1947/3482
s 0
f 1509/1948/3483 1400/1949/3483 1464/1950/3483
s 1
f 1382/1867/3484 1345/1951/3485 1465/1952/3486
s 0
f 1401/1923/3487 1373/1809/3487 1386/1897/3487
f 1386/1897/3488 137/1753/3488 1413/1916/3488
s 1
f 120/1953/3489 1329/1954/3409 1366/1955/3232
f 123/1815/3342 1379/1846/3341 1458/1956/3490
f 1379/1846/3341 1363/1748/3162 1446/1957/3491
f 1439/1937/3467 999/1633/3140 1417/1883/3492
s 0
f 1342/1767/3493 1270/1724/3493 122/1958/3493
f 135/1757/3494 129/1959/3494 1449/1927/3494
s 1
f 1449/1927/3495 1399/1960/3496 1392/1961/3497
s 0
f 1478/1938/3498 1508/1939/3498 1419/1962/3498
f 1400/1949/3499 1509/1948/3499 1508/1963/3499
s 1
f 1441/1964/3500 1464/1950/3501 1440/1965/3502
f 1464/1950/3503 1400/1949/3504 1419/1966/3505
f 1419/1967/3506 124/1902/3507 1490/1968/3508
f 116/1915/3440 1361/1858/3377 1346/1739/3144
s 0
f 1444/1969/3509 1386/1970/3509 1413/1971/3509
f 1402/1941/3510 121/1972/3510 1421/1931/3510
s 1
f 1541/1973/3511 1430/1974/3512 121/1972/3513
f 1284/1702/3054 1514/1903/3423 1541/1888/3394
f 1299/1829/3461 1422/1932/3463 1514/1975/3514
s 0
f 1422/1932/3515 1365/1859/3515 1445/1976/3515
s 1
f 1333/1831/3308 1304/1830/3307 1485/1977/3516
s 0
f 1393/1978/3517 1334/1979/3517 1416/1980/3517
s 1
f 1375/834/3518 909/867/3282 1570/1774/3284
f 1245/1676/2996 1236/1600/2998 1268/1803/3519
f 1396/1981/3520 133/1779/3249 1384/1890/3521
f 1411/1901/3416 1312/1896/3320 1477/1946/3522
f 1359/1817/3277 1353/1808/3276 1532/1982/3523
s 0
f 1382/1867/3524 1465/1952/3524 1443/1983/3524
s 1
f 1361/1858/3377 116/1915/3440 1428/1984/3525
s 0
f 1444/1969/3526 1413/1971/3526 1374/1985/3526
s 1
f 1425/1940/3470 131/1827/3420 125/1879/3527
f 1402/1941/3528 1541/1973/3511 121/1972/3513
f 1329/1730/3125 120/1986/3529 1300/1741/3149
f 1383/1804/3250 133/1779/3249 1396/1981/3520
f 1384/1890/3521 1432/1944/3530 1452/1987/3531
f 1432/1944/3475 1380/1746/3354 119/1988/3532
f 126/1733/3291 1529/1989/3533 1388/1898/3410
f 129/1959/3534 1399/1960/3496 1449/1927/3495
f 1400/1863/3535 124/1902/3507 1419/1967/3506
f 1490/1990/3536 1463/1991/3537 1419/1992/3538
s 0
f 1442/1993/3539 1359/1817/3539 1532/1982/3539
s 1
f 1345/1760/3261 1361/1858/3351 1428/1984/3540
f 1415/143/163 1429/142/162 1401/1923/3541
f 1374/1887/3392 1355/1844/3338 118/1994/3542
f 1365/1859/3543 1403/1924/3544 1445/1976/3545
f 1403/1924/3450 1333/1831/3308 1485/1977/3546
f 1416/1980/3547 1334/1979/3548 1367/1995/3549
s 0
f 1322/1778/3550 1370/1905/3550 1426/1906/3550
s 1
f 1426/1906/3425 1387/1880/3325 1457/1934/3465
f 1446/1957/3491 1363/1748/3162 1447/1907/3426
f 1371/1847/3343 1309/1687/3059 1245/1620/3058
f 1396/1981/3520 1384/1890/3521 1452/1987/3531
f 1439/1937/3467 1238/1745/2930 999/1633/3140
s 0
f 1550/1848/3551 1349/1849/3551 1448/1996/3551
s 1
f 1349/1849/3347 1409/1918/3443 1475/1997/3552
f 1325/1787/3295 1364/1998/3553 1391/1851/3432
f 1358/1999/3373 1359/2000/3554 1490/1990/3555
f 1490/1990/3555 1359/2000/3554 1442/2001/3556
f 1469/2002/3557 1355/1844/3421 1425/1940/3470
f 1425/1940/3470 125/1879/3527 1472/2003/3558
s 0
f 125/1879/3559 1420/2004/3559 1472/2003/3559
s 1
f 1304/1729/3265 1300/1741/3149 1485/2005/3560
f 1451/2006/3561 120/1953/3489 1366/1955/3232
s 0
f 1398/2007/3562 1357/1855/3562 1449/1927/3562
s 1
f 1441/2008/3500 1440/2009/3502 1500/2010/3563
f 1412/1866/3365 124/1902/3418 130/1862/3361
f 1360/1818/3279 1414/1922/3447 1572/1842/3405
s 0
f 1512/2011/3564 1374/1985/3564 1494/2012/3564
f 1421/1931/3565 121/1972/3565 1461/2013/3565
f 1393/1978/3566 1437/2014/3566 1451/2006/3566
f 1437/2014/3567 1393/1978/3567 1416/1980/3567
s 1
f 1474/2015/3568 1407/1917/3569 1377/1889/3570
f 1459/2016/3571 1349/1849/3572 1433/2017/3573
f 1349/1849/3574 1475/1997/3552 115/2018/3575
f 1400/1911/3576 1478/1938/3577 1450/1947/3482
s 0
f 1415/143/3578 1401/1923/3578 1386/1897/3578
f 1444/1969/3579 1374/1985/3579 1512/2011/3579
s 1
f 118/1994/3580 1355/1844/3421 1469/2002/3557
s 0
f 1420/1929/3581 1421/1931/3581 1482/2019/3581
s 1
f 1461/2013/3582 121/1972/3583 1483/2020/3584
f 1484/2021/3585 1541/1973/3586 1455/2022/3587
s 0
f 1366/1955/3588 1393/1978/3588 1451/2006/3588
s 1
f 1570/2023/3284 1335/1764/3286 1394/1812/3236
f 1377/2024/3589 1318/1813/3270 1395/1933/3590
s 0
f 1245/2025/3591 1268/1936/3591 1383/1804/3591
s 1
f 1433/2017/3573 1349/1849/3592 115/2018/3575
s 0
f 1381/1875/3593 1398/1909/3593 1477/1946/3593
s 1
f 1508/2026/3594 1464/1950/3503 1419/1966/3505
f 1441/2008/3595 1500/2010/3596 1479/2027/3597
f 124/1902/3418 1412/1866/3365 1490/1968/3555
s 0
f 1428/2028/3598 1414/1928/3598 1382/1867/3598
s 1
f 1465/2029/3599 1345/2030/3261 1428/2031/3540
s 0
f 1428/2028/3600 1382/1867/3600 1443/1983/3600
f 1428/2032/3601 1443/2033/3601 1466/2034/3601
s 1
f 1443/2033/3602 1467/2035/3603 1466/2034/3604
f 1467/2035/3603 1443/2033/3602 1465/2029/3605
f 1467/2035/3606 1465/2029/3599 1428/2031/3540
s 0
f 1428/2032/3607 1466/2034/3607 1492/2036/3607
f 1467/2035/3608 1428/2031/3608 1492/2037/3608
s 1
f 1414/1928/3609 1428/2028/3525 1519/2038/3610
f 1519/2038/3611 1428/2028/3525 116/2039/3440
f 121/1972/3612 1430/1974/3613 1483/2020/3614
f 1300/1741/3149 120/1986/3529 1485/2005/3560
f 1395/1933/3590 1318/1813/3270 1321/1799/3241
f 1270/1724/3110 1225/1726/3112 106/2040/3615
s 0
f 1435/1840/3616 1391/1851/3616 1364/1998/3616
f 1398/2007/3617 1449/1927/3617 1487/2041/3617
f 1460/132/3618 1539/134/3618 114/140/3618
s 1
f 1572/2042/3405 1414/2043/3447 1466/2034/3619
s 0
f 1466/2034/3620 1414/2043/3620 1492/2036/3620
s 1
f 1469/2002/3557 1425/1940/3470 1472/2003/3621
s 0
f 1481/2044/3622 1454/2045/3622 1470/2046/3622
s 1
f 1454/2045/3623 1472/2003/3624 1471/2047/3625
f 1472/2003/3626 1420/2004/3627 1482/2048/3628
s 0
f 1485/2049/3629 120/1953/3629 1533/2050/3629
s 1
f 1322/1778/3630 1426/1906/3425 1395/1933/3590
f 1458/1956/3490 1379/1846/3341 1446/1957/3491
f 122/1958/3631 1270/1724/3110 106/2040/3615
f 1364/1998/3632 1506/2051/3633 1435/1840/3634
s 0
f 1449/1927/3635 1531/2052/3635 1487/2041/3635
s 1
f 1419/1962/3636 1507/2053/3637 1478/1938/3638
s 0
f 1464/1950/3639 1508/2026/3639 1440/1965/3639
s 1
f 1509/1948/3640 1464/1950/3641 1488/2054/3642
f 1488/2054/3643 1464/1950/3644 1441/1964/3645
s 0
f 1460/2055/3646 1441/2056/3646 1489/2057/3646
s 1
f 1463/1991/3647 1490/1990/3536 1440/2058/3648
f 1412/1866/3365 1358/1876/3373 1490/1968/3555
f 1491/2059/3649 117/2060/3650 1518/2061/3651
s 0
f 117/2060/3652 1442/1993/3652 1518/2061/3652
s 1
f 1564/1877/3653 1532/1982/3654 1353/1808/3655
f 1272/1591/3333 1572/1842/3335 1354/1914/3656
f 1492/2036/3657 1414/2043/3609 1519/2062/3610
f 116/1915/3440 1429/142/3387 1493/144/3658
s 0
f 1386/1970/3659 1444/1969/3659 1512/2011/3659
s 1
f 1541/1973/3511 1484/2021/3585 1430/1974/3512
f 1430/1974/3613 1484/2021/3660 1513/2063/3661
f 120/1953/3662 1451/2006/3561 1533/2050/3663
s 0
f 1501/2064/3664 1451/2006/3664 1502/2065/3664
s 1
f 1503/2066/3665 1408/1882/3380 1549/2067/3666
f 1549/2067/3667 1408/1882/3668 1330/1881/3669
s 0
f 1448/1996/3670 1349/1849/3670 1459/2016/3670
f 1516/2068/3671 1397/1893/3671 1434/1908/3671
f 1488/2069/3672 1609/2070/3672 1517/2071/3672
s 1
f 1463/2072/3673 1460/2073/3674 1488/2074/3675
s 0
f 1488/2069/3676 1489/2075/3676 1609/2070/3676
f 1489/2075/3677 1488/2069/3677 114/2076/3677
s 1
f 1488/2074/3675 1460/2073/3674 114/2077/3678
s 0
f 1479/2027/3679 1499/2078/3679 1441/2008/3679
f 1460/2055/3680 1489/2057/3680 1499/2079/3680
f 1499/2079/3681 1489/2057/3681 114/2080/3681
s 1
f 1460/137/158 1499/2081/3682 1479/138/159
s 0
f 1518/2061/3683 1442/1993/3683 1532/1982/3683
s 1
f 116/2039/3440 1493/2082/3658 1519/2038/3611
s 0
f 1386/1897/3684 1480/2083/3684 1415/143/3684
s 1
f 1445/1976/3545 1403/1924/3544 1485/1977/3685
s 0
f 1451/2006/3686 1437/2014/3686 1502/2065/3686
s 1
f 1474/2084/3687 1377/2024/3589 1395/1933/3590
f 1380/1746/3688 1439/1937/3689 119/1988/3532
s 0
f 1504/2085/3690 1417/1883/3690 1496/2086/3690
s 1
f 1496/2086/3691 1417/1883/3382 1239/1657/2958
f 1239/1706/3061 1310/1766/3192 1388/1898/3410
f 1505/2087/3692 122/1958/3631 106/2040/3615
f 1225/1726/3345 1550/1848/3344 106/2040/3693
f 115/2018/3575 1475/1997/3552 1530/2088/3694
s 0
f 1409/2089/3695 1498/2090/3695 1585/2091/3695
f 1489/2057/3696 1441/2056/3696 1609/2092/3696
f 1609/2093/3697 1441/2094/3697 114/2095/3697
f 1441/2094/3698 1499/2096/3698 114/2095/3698
s 1
f 1442/2001/3699 117/2097/3700 1490/1990/3701
f 1490/1990/3701 117/2097/3702 1510/2098/3703
f 1512/2011/3704 1494/2012/3705 1540/2099/3706
f 1472/2003/3707 1454/2045/3708 1521/2100/3709
f 1394/1797/3236 151/149/2801 1369/1694/3109
f 1457/1934/3465 1408/1882/3380 1503/2066/3665
f 1506/2051/3633 1364/1998/3632 1638/2101/3710
s 0
f 1398/1909/3711 1487/2102/3711 1477/1946/3711
f 1531/2052/3712 1449/1927/3712 1392/1961/3712
f 1509/1948/3713 1488/2054/3713 1517/2103/3713
s 1
f 1609/2104/3714 114/2105/3715 1479/2027/3597
f 1479/2027/3597 1500/2010/3596 1609/2104/3714
s 0
f 1467/2106/3716 1492/2107/3716 1566/2108/3716
s 1
f 1566/2108/3717 1492/2107/3718 1519/2038/3719
f 1386/1970/3720 1512/2011/3721 1468/2109/3722
s 0
f 1374/1887/3723 118/1994/3723 1520/2110/3723
s 1
f 1469/2002/3724 1472/2003/3725 1521/2100/3726
f 1375/2111/3518 1570/2023/3284 1522/2112/3727
f 1522/2112/3727 1570/2023/3284 1523/2113/3728
f 1570/2023/3284 1394/1812/3236 1523/2113/3728
f 1362/1925/3451 1495/1926/3453 1544/2114/3729
f 119/1988/3730 1527/2115/3731 1583/2116/3732
s 0
f 126/1733/3733 1453/1749/3733 1529/1989/3733
s 1
f 1453/1749/3734 136/1549/3735 1342/1767/3736
s 0
f 112/131/3737 122/1958/3737 1505/2087/3737
s 1
f 1433/2017/3573 115/2018/3575 1530/2088/3694
f 1516/2068/3738 1434/1908/3429 1418/1895/3430
f 1418/1895/3430 1410/1837/3739 1516/2068/3738
f 1506/2051/3633 1638/2101/3710 1656/2117/3740
f 1392/1912/3741 1450/1947/3742 1531/2118/3743
f 1386/1970/3720 1468/2109/3722 1511/2119/3744
s 0
f 1494/2012/3745 1374/1985/3745 1520/2120/3745
f 1520/2110/3746 118/1994/3746 1469/2002/3746
s 1
f 108/2121/3747 1469/2002/3748 1521/2100/3749
f 1454/2045/3750 1481/2044/3751 1521/2100/3709
f 1454/2045/3752 1471/2047/3625 1470/2046/3753
f 1422/1932/3754 1445/1976/3755 1547/2122/3756
f 1547/2122/3756 1445/1976/3755 1548/2123/3757
f 1548/2123/3758 1445/1976/3759 1543/2124/3760
f 1375/2111/3518 1522/2112/3727 1535/2125/3761
f 1522/2112/3727 1523/2126/3728 1535/2125/3761
f 1535/2125/3761 1523/2113/3728 1394/1812/3236
s 0
f 1447/1907/3762 1371/1847/3762 1526/2127/3762
f 1692/2128/3763 1245/2025/3763 1383/1804/3763
f 1452/1987/3764 1383/1804/3764 1396/1981/3764
f 1527/2115/3765 119/1988/3765 1528/2129/3765
s 1
f 1439/1937/3766 1417/1883/3767 1504/2085/3768
f 112/131/154 111/129/152 122/1958/3769
s 0
f 111/129/3770 109/128/3770 122/1958/3770
f 122/1958/3771 109/128/3771 1536/2130/3771
f 109/128/3772 110/2131/3772 1536/2130/3772
s 1
f 110/130/153 112/131/154 1536/2130/3773
s 0
f 1536/2130/3774 112/131/3774 1505/2087/3774
f 1463/2132/3775 1440/1965/3775 1508/2026/3775
f 1441/2133/3776 1460/2134/3776 1463/2135/3776
s 1
f 1488/2074/3777 1441/2133/3778 1508/1963/3779
f 1609/2136/3714 1500/2137/3596 1563/139/3780
f 117/2097/3702 1554/2138/3781 1510/2098/3703
f 117/2060/3650 1491/2059/3649 1553/2139/3782
f 1532/1982/3783 1563/2140/3784 1500/2141/3785
s 0
f 1532/1982/3786 1500/2141/3786 1518/2061/3786
f 1532/1982/3787 1491/2142/3787 1563/2140/3787
f 1563/2140/3788 1491/2142/3788 1518/2143/3788
f 1518/2144/3789 1500/2145/3789 1556/133/3789
f 1555/2146/3790 117/2060/3790 1553/2139/3790
f 1491/2147/3791 1539/134/3791 1556/133/3791
f 1466/2034/3792 1467/2035/3792 1572/2042/3792
s 1
f 1480/2083/3793 1493/144/164 1415/143/163
s 0
f 1481/2044/3794 1470/2046/3794 1546/2148/3794
s 1
f 1461/2013/3582 1483/2020/3584 1560/2149/3795
s 0
f 1513/2063/3796 1484/2021/3796 1455/2022/3796
s 1
f 1514/1975/3797 1422/1932/3798 1542/2150/3799
f 1485/2049/3800 1533/2050/3801 1600/2151/3802
f 1533/2050/3803 1501/2064/3804 1502/2065/3805
f 1375/2111/3518 1535/2125/3761 1394/1812/3236
s 0
f 1474/2084/3806 113/2152/3806 1574/2153/3806
s 1
f 1395/1933/3590 1426/1906/3425 1503/2066/3665
f 1549/2067/3667 1330/1881/3669 1631/2154/3807
f 1330/1881/3808 1362/1925/3451 1631/2154/3809
s 0
f 1383/1804/3810 1452/1987/3810 1583/2116/3810
s 1
f 1432/1944/3811 119/1988/3812 1583/2116/3732
f 1453/1749/3734 1342/1767/3736 1505/2087/3813
f 122/1958/3814 1536/2130/3815 1342/1767/3816
f 1536/2130/3815 1505/2087/3817 1342/1767/3816
s 0
f 1498/2155/3818 1409/1919/3818 1596/2156/3818
f 1578/2157/3819 1411/1901/3819 1477/1946/3819
f 1538/2158/3820 1450/1947/3820 1478/1938/3820
f 1463/2135/3821 1508/1963/3821 1441/2133/3821
s 1
f 1511/2119/3744 1468/2109/3722 1580/2159/3822
f 1482/2019/3823 1421/1931/3824 1567/2160/3825
f 1567/2160/3825 1421/1931/3824 1620/2161/3826
f 1541/1973/3394 1514/2162/3423 1591/2163/3827
f 1533/2050/3803 1451/2006/3828 1501/2064/3804
s 0
f 1502/2065/3829 1437/2014/3829 1534/2164/3829
s 1
f 1426/1906/3425 1457/1934/3465 1503/2066/3665
f 1692/2165/3830 1371/1847/3343 1245/1620/3058
f 1452/1987/3531 1432/1944/3530 1583/2116/3831
s 0
f 1439/1937/3832 1528/2129/3832 119/1988/3832
s 1
f 1674/2166/3833 1575/2167/3834 1453/1749/3835
f 1585/2091/3836 1498/2090/3836 1545/2168/3836
s 0
f 1545/2168/3837 1498/2090/3837 1571/2169/3837
s 1
f 1364/1861/3476 1476/1945/3478 1638/2170/3838
f 1507/2171/3637 1419/2172/3636 1558/2173/3839
s 0
f 1563/135/3840 1518/2144/3840 1556/133/3840
f 1556/2174/3841 1500/2175/3841 1440/2058/3841
f 1554/2138/3842 117/2097/3842 1555/2176/3842
f 1490/1990/3843 1510/2098/3843 1440/2058/3843
f 1556/2174/3844 1440/2058/3844 1510/2098/3844
f 1553/2177/3845 1491/2147/3845 1557/2178/3845
s 1
f 1491/2147/3846 1556/133/3847 1557/2178/3848
f 1557/2178/3849 1555/2179/3850 1553/2177/3851
s 0
f 1556/2174/3852 1510/2098/3852 1558/2173/3852
s 1
f 1488/2074/3853 1508/1963/3779 1639/2180/3854
s 0
f 1539/2181/3855 1491/2142/3855 1532/1982/3855
f 1572/2182/3856 1467/2183/3856 1566/2184/3856
s 1
f 1472/2003/3626 1482/2048/3857 1471/2047/3858
f 1842/1731/3126 1416/2185/3859 1367/1871/3368
f 1446/1957/3491 1447/1907/3426 1526/2127/3860
f 1516/2068/3738 1410/1837/3739 1435/1840/3861
f 1578/2157/3862 1476/1945/3478 1411/1901/3477
f 1538/2158/3863 1531/2118/3743 1450/1947/3742
s 0
f 1510/2098/3864 1554/2138/3864 1558/2173/3864
s 1
f 1463/2186/3865 1558/2173/3839 1419/2172/3636
f 1517/2103/3866 1551/2187/3867 1509/1948/3868
s 0
f 1572/2188/3869 1598/2189/3869 1354/2190/3869
s 1
f 1519/2038/3719 1493/2082/3870 1566/2108/3717
f 1540/2099/3871 1494/2012/3871 1520/2120/3871
s 0
f 1521/2100/3872 1481/2044/3872 1546/2148/3872
s 1
f 1471/2047/3873 1630/2191/3874 1613/2192/3875
f 1471/2047/3873 1482/2048/3876 1630/2191/3874
f 1560/2149/3877 1483/2020/3878 1682/2193/3879
f 1591/2163/3827 1514/2162/3423 1669/2194/3880
f 1533/2050/3801 1502/2065/3881 1569/2195/3882
f 1362/1925/3451 1544/2114/3729 1631/2154/3883
f 1692/2128/3884 1383/1804/3885 1583/2116/3886
f 1529/1989/3887 1453/1749/3888 1388/1898/3889
f 1459/2016/3571 1433/2017/3573 1576/2196/3890
s 0
f 105/122/3891 1571/2169/3891 102/121/3891
s 1
f 1571/2197/3892 1498/2155/3893 1596/2156/3894
f 1551/2198/3867 1517/2071/3866 1552/2199/3895
s 0
f 1520/2110/3896 1469/2002/3896 108/2121/3896
f 108/2121/3897 1521/2100/3897 1573/2200/3897
f 1630/53/3898 1482/2201/3898 1567/2202/3898
f 123/1815/3899 1458/1956/3899 1525/1943/3899
s 1
f 1508/1963/3900 1509/1948/3901 1639/2180/3902
f 1580/2159/3822 1612/2203/3903 1511/2119/3744
f 1520/2120/3904 94/2204/3905 1540/2099/3906
s 0
f 1421/1931/3907 1461/2013/3907 1560/2149/3907
s 1
f 1483/2020/3614 1430/1974/3613 1682/2193/3908
f 1543/2124/3760 1445/1976/3759 1600/2205/3909
s 0
f 1445/1976/3910 1485/1977/3910 1600/2205/3910
s 1
f 1534/2164/3911 1569/2195/3912 1502/2065/3881
s 0
f 1534/2164/3913 1437/2014/3913 1626/2206/3913
s 1
f 1842/2207/3126 1437/2014/3914 1416/1980/3859
f 1407/1917/3569 1474/2015/3915 1574/2208/3916
f 1581/2209/3917 1495/1926/3453 1427/1935/3466
f 1427/1935/3466 1525/1943/3474 1581/2209/3917
f 1371/1847/3343 1692/2165/3830 1526/2127/3860
f 1530/2088/3694 1475/1997/3552 1409/1918/3443
s 0
f 1545/2168/3918 1571/2169/3918 1585/2091/3918
f 99/120/3919 98/116/3919 1590/2210/3919
f 1596/2156/3920 1397/1893/3920 1516/2068/3920
s 1
f 1578/2157/3921 1487/2102/3922 1531/2211/3923
s 0
f 1538/2158/3924 1478/1938/3924 1507/2053/3924
s 1
f 1587/2212/3925 1556/2174/3925 1558/2173/3925
f 1597/2213/3926 1564/1791/3227 1354/1914/3438
s 0
f 1580/2159/3927 1468/2109/3927 1589/2214/3927
s 1
f 1589/2214/3928 1468/2109/3722 1512/2011/3929
s 0
f 1546/2148/3930 1470/2046/3930 1471/2047/3930
s 1
f 1682/2193/3908 1430/1974/3613 1513/2063/3661
f 1592/2215/3931 1548/2123/3932 1699/2216/3933
f 1474/2084/3687 1395/1933/3590 113/2152/3934
f 1575/2217/3935 1674/2218/3936 1604/2219/3937
f 1576/2196/3890 1433/2017/3573 1530/2088/3694
f 1595/2220/3938 1577/123/148 101/117/137
f 1397/1893/3400 1596/2156/3939 1409/1919/3443
f 1435/1840/3634 1506/2051/3633 1656/2117/3940
f 1477/1946/3941 1487/2102/3922 1578/2157/3921
s 0
f 1463/2186/3942 1587/2212/3942 1558/2173/3942
s 1
f 1509/1948/3943 1551/2187/3944 1588/2221/3945
f 1572/2182/3946 1566/2184/3946 1565/2222/3946
s 0
f 108/2121/3947 1573/2200/3947 92/2223/3947
f 1421/1931/3948 1560/2149/3948 1620/2161/3948
s 1
f 1543/2124/3949 1699/2216/3933 1548/2123/3932
s 0
f 1603/2224/3950 1407/1917/3950 1574/2208/3950
s 1
f 1525/1943/3951 1446/1957/3491 1526/2127/3860
f 1504/2085/3768 1584/2225/3952 1439/1937/3953
s 0
f 1448/1996/3954 1459/2016/3954 1661/2226/3954
s 1
f 1607/2227/3955 100/119/3956 104/115/3957
f 1639/2180/3958 1509/1948/3901 1588/2221/3959
s 0
f 1539/2181/3960 1532/1982/3960 1610/2228/3960
s 1
f 1564/1877/3653 1597/2229/3961 1532/1982/3654
f 1610/2228/3962 1532/1982/3963 1597/2229/3961
s 0
f 1565/2230/3964 1566/2108/3964 1599/2231/3964
f 1566/2108/3965 1493/2082/3965 1617/2232/3965
s 1
f 1617/2232/3966 1493/2082/164 1480/2233/3967
s 0
f 1619/2234/3968 1567/2160/3968 1620/2161/3968
f 1591/2163/3969 1513/2063/3969 1455/2022/3969
s 1
f 1574/2153/3970 113/2152/3934 83/2235/3971
s 0
f 1528/2129/3972 1439/1937/3972 1584/2225/3972
s 1
f 1453/1749/3888 1239/1706/3061 1388/1898/3410
s 0
f 1585/2091/3973 1571/2169/3973 105/122/3973
f 98/116/3974 1577/123/3974 1590/2210/3974
s 1
f 1571/2197/3892 1596/2156/3894 1608/2236/3975
s 0
f 1538/2158/3976 1507/2053/3976 1629/2237/3976
s 1
f 1557/2238/3848 1556/2174/3847 1587/2212/3977
s 0
f 1639/2239/3978 1587/2240/3978 1463/2241/3978
f 1646/2242/3979 1598/2189/3979 1572/2188/3979
f 1566/2108/3980 1616/2243/3980 1599/2231/3980
f 1599/2244/3981 1617/2232/3981 1611/2245/3981
s 1
f 1624/2246/3982 108/2247/3983 92/2248/3984
f 1625/2249/3985 1513/2063/3985 1591/2163/3985
f 1621/2250/3986 1547/2122/3756 1548/2123/3757
f 1395/1933/3590 1503/2066/3665 1637/2251/3987
f 1495/1926/3453 1581/2209/3917 1544/2114/3729
s 0
f 1527/2115/3988 1528/2129/3988 1584/2225/3988
s 1
f 1239/1657/3989 1694/2252/3990 1496/2086/3991
s 0
f 1629/2237/3992 1507/2053/3992 1554/2253/3992
f 1507/2171/3993 1558/2173/3993 1554/2138/3993
f 1554/2253/3994 1555/2254/3994 1629/2237/3994
f 1463/2072/3995 1488/2074/3995 1639/2180/3995
s 1
f 1539/134/3996 1610/2255/3997 1563/139/3998
f 1354/2256/3438 1598/2257/3999 1597/2258/3926
s 0
f 1599/2231/4000 1616/2243/4000 1572/2188/4000
f 1566/2108/4001 1617/2232/4001 1616/2243/4001
f 1599/2259/4002 1572/2182/4002 1618/2260/4002
f 1616/2243/4003 1617/2232/4003 1646/2242/4003
f 1618/2260/4004 1572/2182/4004 1565/2222/4004
f 1565/2261/4005 1599/2244/4005 1611/2245/4005
s 1
f 92/112/4006 1573/2262/4007 1641/2263/4008
f 1546/2148/4009 1573/2200/4009 1521/2100/4009
f 1455/2022/4010 1541/1973/3394 1591/2163/3827
f 1458/1956/3490 1446/1957/3491 1525/1943/3951
f 1453/1749/3835 1575/2167/3834 1239/1706/3989
s 0
f 1623/2264/4011 1604/2219/4011 1605/2265/4011
s 1
f 1632/2266/4012 1459/2016/3571 1576/2196/3890
f 99/120/4013 1590/2210/4013 105/122/4013
s 0
f 1555/2254/4014 1615/2267/4014 1629/2237/4014
s 1
f 1555/2254/3850 1557/2268/3849 1615/2267/4015
f 1551/2198/3867 1552/2199/3895 1781/2269/4016
s 0
f 1552/2199/4017 1517/2071/4017 1609/2070/4017
f 1617/2232/4018 1599/2244/4018 1646/2242/4018
f 1599/2259/4019 1618/2260/4019 1646/2270/4019
f 1617/2232/4020 1480/2233/4020 1611/2245/4020
s 1
f 1480/2083/4021 1386/1897/4022 84/2271/4023
s 0
f 1520/2120/4024 108/2247/4024 1624/2246/4024
f 91/107/4025 92/112/4025 1641/2263/4025
s 1
f 1546/2148/4026 1471/2047/3873 1680/2272/4027
s 0
f 1613/2192/4028 81/2273/4028 82/94/4028
s 1
f 1514/1975/3797 1542/2150/3799 1669/2274/4029
f 1542/2150/4030 1422/1932/3798 1621/2250/4031
f 1422/1932/3754 1547/2122/3756 1621/2250/3986
f 1626/2206/4032 1437/2014/3914 1684/2275/4033
f 1375/2276/3518 1394/1797/3236 1655/2277/4034
s 0
f 1603/2278/4035 1574/2153/4035 83/2235/4035
f 1583/2116/4036 1527/2115/4036 1584/2225/4036
f 1674/2166/4037 1453/1749/4037 1505/2087/4037
s 1
f 1459/2016/3571 1632/2266/4038 1661/2226/4039
s 0
f 1585/2279/4040 105/2280/4040 1633/2281/4040
s 1
f 101/117/4041 100/119/4041 1595/2220/4041
s 0
f 1571/2197/4042 1608/2236/4042 102/127/4042
s 1
f 1435/1840/3861 1656/2117/4043 1516/2068/3738
s 0
f 1629/2237/4044 1578/2282/4044 1538/2158/4044
f 1578/2282/4045 1531/2118/4045 1538/2158/4045
f 1615/2267/4046 1557/2268/4046 1587/2240/4046
s 1
f 1609/2136/4047 1563/139/3998 1610/2255/3997
f 1597/2258/4048 1598/2257/4049 1640/2283/4050
f 1598/2257/4051 1646/2270/4052 1640/2283/4053
s 0
f 1572/2188/4054 1616/2243/4054 1646/2242/4054
f 1386/1970/4055 1511/2119/4055 1612/2203/4055
f 1573/2200/4056 1546/2148/4056 1642/2284/4056
s 1
f 1680/2272/4057 1471/2047/4058 1613/2192/3875
s 0
f 81/2273/4059 1613/2192/4059 1630/2191/4059
f 1693/2285/4060 1584/2225/4060 1504/2085/4060
s 1
f 1605/2265/4061 1604/2219/4061 1686/2286/4061
f 1607/2287/3955 104/124/3957 103/126/4062
s 0
f 1611/2288/4063 1618/2260/4063 1565/2222/4063
f 91/107/4064 1641/2263/4064 1624/110/4064
f 1625/2249/4065 1682/2193/4065 1513/2063/4065
s 1
f 1548/2123/3757 1614/2289/4066 1621/2250/3986
f 1543/2124/3949 1714/2290/4067 1699/2216/3933
s 0
f 1569/2195/4068 1534/2164/4068 1626/2206/4068
f 1603/2291/4069 83/2292/4069 1636/2293/4069
s 1
f 1503/2066/3665 1549/2067/3666 1637/2251/3987
f 1637/2251/3987 1549/2067/3666 1631/2154/4070
f 1622/2294/4071 1496/2086/4072 1694/2252/4073
f 1604/2219/4074 1674/2218/4075 1686/2286/4076
s 0
f 105/2280/4077 1590/2295/4077 1663/2296/4077
s 1
f 1611/2288/4078 1480/2297/4021 84/2298/4023
f 1641/2299/4008 1573/2300/4007 1658/2301/4079
s 0
f 1642/2302/4080 1658/2301/4080 1573/2300/4080
f 1546/2148/4081 1680/2272/4081 1642/2284/4081
s 1
f 1560/2149/3877 1682/2193/3879 1644/2303/4082
f 1600/2151/3802 1533/2050/3801 1569/2195/3882
f 1369/1694/4083 1407/1917/4084 1603/2224/4085
f 1595/2220/4086 100/119/4086 1607/2227/4086
s 0
f 1476/1945/4087 1578/2157/4087 1638/2170/4087
s 1
f 1551/2198/3944 1781/2269/4088 1588/2304/3945
s 0
f 1677/2305/4089 1634/2306/4089 1678/2307/4089
s 1
f 84/2298/4023 1618/2260/4090 1611/2288/4078
f 1788/2308/4091 1540/2099/4092 94/2204/4093
s 0
f 1647/2309/4094 93/2310/4094 94/2204/4094
f 1688/90/4095 70/68/4095 74/76/4095
f 69/100/4096 1649/2311/4096 1650/2312/4096
s 1
f 56/2313/4097 1651/2314/4098 81/2315/4099
f 81/2315/108 1651/2314/4100 79/2316/109
s 0
f 81/98/4101 69/100/4101 1650/2312/4101
s 1
f 81/2273/4099 1630/2191/4102 56/2317/4097
s 0
f 82/2318/4103 81/98/4103 1650/2312/4103
f 1649/2319/4104 1652/2320/4104 1650/2321/4104
f 1666/2322/4105 82/2323/4105 1650/2324/4105
f 1649/2319/4106 82/2323/4106 1666/2322/4106
f 1652/2320/4107 1649/2319/4107 1666/2322/4107
f 1666/2322/4108 1650/2324/4108 1651/2314/4108
f 1650/2324/4109 1652/2325/4109 1651/2314/4109
f 1651/2314/4110 1652/2325/4110 79/2316/4110
f 1652/2326/4111 1653/2327/4111 79/97/4111
s 1
f 1651/2314/4112 56/2313/4113 1653/2328/4114
f 56/93/4115 55/2329/4116 1648/2330/4117
f 55/2329/4118 56/93/4115 79/97/4119
f 55/2329/4120 72/2331/4121 1648/2330/4122
s 0
f 56/52/4123 57/54/4123 1654/2332/4123
s 1
f 57/2333/4124 58/55/4124 1654/2332/4124
s 0
f 1654/2332/4125 58/55/4125 78/85/4125
f 58/55/4126 1630/53/4126 78/85/4126
s 1
f 1619/2234/4127 1620/2161/4128 1644/2303/4129
f 1543/2334/4130 1600/2151/4131 1671/2335/4132
f 1671/2335/4133 1600/2151/4134 1569/2195/4135
f 1395/1933/3590 1637/2251/3987 113/2152/3934
s 0
f 1632/2266/4136 1576/2196/4136 1530/2088/4136
f 102/127/4137 1608/2236/4137 1676/2336/4137
f 1552/2199/4138 1609/2070/4138 1634/2337/4138
f 1654/2332/4139 78/85/4139 56/52/4139
s 1
f 1548/2123/3757 1592/2215/4140 1670/2338/4141
f 1842/2207/3126 1684/2275/4033 1437/2014/3914
f 1774/2339/4142 1692/2128/3884 1583/2116/3886
f 1604/2219/4143 1623/2264/4144 1575/2217/4145
f 1703/2340/4146 1686/2286/4076 1674/2218/4075
f 1674/2166/4147 1505/2087/3692 1706/2341/4148
s 0
f 1550/1848/4149 1448/1996/4149 106/2040/4149
s 1
f 1633/2281/4150 105/2280/4151 1662/2342/4152
s 0
f 105/2280/4153 1663/2296/4153 1662/2342/4153
f 1608/2236/4154 1596/2156/4154 1516/2068/4154
s 1
f 1657/2343/4155 1638/2344/4156 1709/2345/4157
s 0
f 1587/2240/4158 1639/2239/4158 1615/2267/4158
s 1
f 1639/2346/4159 1588/2304/4160 1781/2269/4161
s 0
f 1678/2347/4162 1634/2337/4162 1705/2348/4162
s 1
f 1613/2192/4163 82/94/4163 1680/2272/4163
f 1666/2349/4164 1688/2350/4165 72/2331/4121
f 1666/2322/4166 1651/2314/4167 1653/2328/4114
s 0
f 1653/2351/4168 1652/2352/4168 55/2329/4168
f 55/2329/4169 79/97/4169 1667/2353/4169
f 1670/2338/4170 1592/2215/4170 1699/2216/4170
f 1730/2354/4171 1543/2334/4171 1671/2335/4171
f 1673/2355/4172 1603/2291/4172 1636/2293/4172
f 1504/2085/4173 1496/2086/4173 1693/2285/4173
f 1605/2265/4174 1686/2286/4174 1685/2356/4174
s 1
f 1685/2356/4175 1686/2286/4176 1703/2340/4177
f 1505/2087/3692 106/2040/3615 1706/2341/4148
f 1409/1918/3443 1632/2266/4178 1530/2088/3694
s 0
f 1409/2357/4179 1585/2279/4179 1707/2358/4179
f 1577/123/4180 1595/2220/4180 1675/2359/4180
s 1
f 1664/2360/4181 1607/2287/3955 103/126/4062
s 0
f 1676/2336/4182 1608/2236/4182 1516/2068/4182
s 1
f 1638/2344/4156 1578/2282/4183 1709/2345/4157
f 1634/2306/4184 1677/2305/4185 1781/2361/4186
f 93/2310/4187 1647/2309/4188 1679/2362/4189
s 0
f 1680/2272/4190 82/94/4190 76/96/4190
s 1
f 72/2331/4121 55/2329/4120 1666/2349/4164
s 0
f 55/2329/4191 1652/2352/4191 1666/2349/4191
f 1681/2363/4192 1653/2351/4192 55/2329/4192
f 79/97/4193 1653/2327/4193 1667/2353/4193
f 78/85/4194 1630/53/4194 1567/2202/4194
s 1
f 1620/2161/4128 1560/2149/4195 1644/2303/4129
s 0
f 1542/2150/4196 1621/2250/4196 1683/2364/4196
s 1
f 1614/2289/4066 1548/2123/3757 1670/2338/4141
s 0
f 1544/2114/4197 1581/2209/4197 1525/1943/4197
s 1
f 1525/1943/3951 1526/2127/3860 1692/2165/3830
s 0
f 1575/2217/4198 1623/2264/4198 1685/2356/4198
f 1448/1996/4199 1661/2226/4199 106/2040/4199
f 1577/123/4200 1675/2359/4200 1590/2210/4200
s 1
f 1664/2360/4181 103/126/4062 1676/2336/4201
s 0
f 1676/2336/4202 103/126/4202 102/127/4202
s 1
f 1516/2068/3738 1656/2117/4043 1676/2336/4203
f 1639/2239/4204 1781/2361/4205 1615/2267/4206
f 1386/1970/4207 1612/2203/4208 84/2365/4209
s 0
f 1666/2366/4210 1653/2351/4210 1681/2363/4210
f 56/2367/4211 1648/2368/4211 1653/2369/4211
f 1591/2163/4212 1669/2194/4212 1625/2249/4212
f 1670/2338/4213 1699/2216/4213 1723/2370/4213
s 1
f 1714/2290/4214 1543/2124/4215 1730/2371/4216
s 0
f 1718/2372/4217 1626/2206/4217 1684/2275/4217
f 83/2292/4218 1660/2373/4218 1691/2374/4218
f 1544/2114/4219 1525/1943/4219 1631/2154/4219
f 1774/2339/4220 1583/2116/4220 1584/2225/4220
f 1693/2285/4221 1496/2086/4221 1622/2294/4221
s 1
f 1239/1706/3989 1575/2167/3834 1695/2375/4222
f 1709/2345/4157 1578/2282/4183 1629/2237/4223
f 1634/2337/4224 1609/2070/4224 1711/2376/4224
s 0
f 1618/2260/4225 84/2298/4225 1646/2270/4225
s 1
f 1697/2377/4226 1688/2350/4165 1666/2349/4164
f 1681/2363/4227 55/2329/4228 1667/2353/4229
s 0
f 1653/2369/4230 1648/2368/4230 1667/2378/4230
s 1
f 1644/2303/4231 1682/2193/4232 1698/2379/4233
f 1698/2379/4233 1682/2193/4232 1625/2249/4234
f 1569/2195/4135 1626/2206/4235 1671/2335/4133
s 0
f 1636/2293/4236 83/2292/4236 1691/2374/4236
s 1
f 113/2152/3934 1637/2251/3987 1737/2380/4237
f 1733/2381/4238 1702/2382/4239 1703/2340/4240
f 1764/2383/4241 1703/2384/4242 1706/2385/4243
f 1703/2386/4244 1674/2166/4147 1706/2341/4148
s 0
f 1707/2358/4245 1585/2279/4245 1633/2281/4245
f 1675/2359/4246 1595/2220/4246 1708/2387/4246
f 1609/2136/4247 1610/2255/4247 1711/2388/4247
s 1
f 1640/2389/4248 1610/2228/3962 1597/2229/3961
f 1612/2203/3903 1580/2159/3822 1589/2214/4249
s 0
f 1712/2390/4250 1647/2309/4250 94/2204/4250
s 1
f 1697/2391/4251 1680/2392/4252 76/71/4253
f 1773/89/4254 1648/86/94 75/78/98
s 0
f 1691/2393/4255 1660/2394/4255 1731/2395/4255
s 1
f 1637/2251/3987 1631/2154/4256 1737/2380/4237
s 0
f 1623/2264/4257 1605/2265/4257 1685/2356/4257
f 106/2396/4258 1661/2397/4258 1746/2398/4258
s 1
f 1707/2399/4259 1661/2226/4039 1632/2266/4038
f 1708/2400/4260 1607/2287/4261 1664/2360/4262
f 1710/2401/4263 1677/2305/4264 1678/2307/4265
s 0
f 94/2204/4266 1520/2120/4266 53/2402/4266
f 1713/2403/4267 1624/2246/4267 1641/2299/4267
f 52/2404/4268 1641/2299/4268 1658/2301/4268
f 1621/2250/4269 45/2405/4269 1683/2364/4269
s 1
f 1685/2356/4175 1703/2340/4177 1702/2382/4270
s 0
f 106/2396/4271 54/2406/4271 1706/2385/4271
f 1595/2220/4272 1607/2227/4272 1708/2387/4272
s 1
f 1656/2117/3740 1638/2101/3710 1657/2407/4273
f 1727/2408/4274 1540/2099/4092 1788/2308/4091
f 1520/2120/4275 1624/2246/4276 1713/2403/4277
f 1667/2353/4278 1666/2366/4279 1681/2363/4227
f 1667/2378/4280 1648/2368/4281 1716/2409/4282
f 1542/2150/4283 1683/2364/4284 1669/2274/4285
s 0
f 1660/2373/4286 83/2292/4286 1732/2410/4286
f 1785/2411/4287 1693/2285/4287 1622/2294/4287
s 1
f 1733/2412/4288 1720/2413/4289 1779/2414/4290
s 0
f 54/2406/4291 106/2396/4291 1746/2398/4291
s 1
f 1552/2199/4292 1634/2337/4184 1781/2269/4186
s 0
f 1678/2415/4293 1704/2416/4293 1710/2417/4293
f 1711/2376/4294 1705/2348/4294 1634/2337/4294
f 1646/2270/4295 84/2298/4295 1640/2283/4295
s 1
f 1715/2418/4296 1612/2203/3903 1589/2214/4297
f 1512/2011/3704 1540/2099/3706 1727/2408/4298
f 1679/2362/4299 1788/2308/4300 94/2204/4301
f 94/2204/4301 93/2310/4302 1679/2362/4299
f 1712/2390/4303 94/2204/4304 53/2402/4305
f 76/71/4253 1688/90/104 1697/2391/4251
f 78/85/4306 1567/2202/4307 1619/2419/4308
f 1621/2250/4309 1770/45/35 45/2405/4310
f 1614/2289/4066 1670/2338/4141 1770/45/4311
f 1729/2420/4312 1670/2421/4313 1735/2422/4314
f 1718/2372/4315 1671/2335/4316 1626/2206/4317
f 1718/2372/4318 1684/2275/4319 1745/2423/4320
f 1369/1694/4083 1603/2224/4085 1798/2424/4321
s 0
f 1673/2425/4322 1636/2426/4322 1691/2427/4322
s 1
f 84/2365/4323 1612/2203/4324 1715/2418/4325
f 53/2402/4326 1520/2120/4327 1713/2403/4277
f 1748/2428/4328 1625/2249/4329 1669/2194/4330
f 1683/2364/4284 1796/2429/4331 1669/2274/4285
s 0
f 1614/2289/4332 1770/45/4332 1621/2250/4332
s 1
f 1770/2430/4311 1670/2421/4141 1771/2431/4333
s 0
f 1670/2421/4334 1723/2432/4334 1735/2422/4334
s 1
f 1724/2433/4335 1671/2335/4316 1718/2372/4336
f 1603/2224/4085 1673/2425/4337 1798/2424/4321
f 1821/2434/4338 1691/2427/4339 1731/2435/4340
f 83/2235/3971 113/2152/3934 1732/2436/4341
f 1732/2436/4341 113/2152/3934 1737/2380/4237
f 1525/1943/3951 1737/2380/4342 1631/2154/4343
f 1525/1943/3951 1692/2165/3830 1737/2380/4342
f 1774/2339/4344 1584/2225/4345 1693/2285/4346
f 1632/2266/4178 1409/1918/3443 1707/2399/4347
s 0
f 1676/2336/4348 1656/2117/4348 1657/2407/4348
f 1640/2437/4349 84/2365/4349 1772/2438/4349
f 1772/2438/4350 84/2365/4350 1715/2418/4350
f 1697/2439/4351 1666/2440/4351 1716/2409/4351
f 1716/2409/4352 1648/2368/4352 1773/2441/4352
s 1
f 1669/2274/4353 1717/2442/4354 1748/2443/4355
s 0
f 51/2444/4356 1683/2364/4356 45/2405/4356
s 1
f 1714/2290/4214 1730/2371/4216 1750/2445/4357
f 1736/2446/4358 1671/2335/4359 1724/2433/4360
f 1746/2398/4361 46/2447/4361 54/2406/4361
s 0
f 1766/2448/4362 1661/2397/4362 1707/2449/4362
f 1711/2450/4363 1610/2228/4363 1640/2389/4363
f 1740/2451/4364 1741/2452/4364 1742/2453/4364
s 1
f 1742/2453/4365 1741/2452/4366 1589/2214/4367
s 0
f 1741/2452/4368 1740/2451/4368 1589/2214/4368
s 1
f 1589/2214/4369 1740/2451/4370 1727/2408/4371
f 1740/2451/4370 1742/2453/4372 1727/2408/4371
f 1727/2408/4298 1742/2453/4373 1512/2011/3704
f 1742/2453/4374 1589/2214/4375 1512/2011/4375
s 0
f 52/2404/4376 1713/2403/4376 1641/2299/4376
s 1
f 1666/2440/4377 1667/2378/4280 1716/2409/4282
f 1717/2442/4378 1728/2454/4379 1743/2455/4380
s 0
f 1670/2421/4381 1729/2420/4381 1771/2431/4381
f 1749/2456/4382 1729/2457/4382 1734/2458/4382
f 1736/2446/4383 1730/2354/4383 1671/2335/4383
s 1
f 1709/2345/4157 1828/2459/4384 1657/2343/4155
f 1782/2460/4385 1738/2461/4386 1705/2348/4387
f 1747/2462/4388 53/2463/4389 1713/2464/4390
s 0
f 1642/2465/4391 1680/2466/4391 1769/2467/4391
s 1
f 1698/2379/4392 1625/2249/4329 1748/2428/4328
f 1734/2468/4393 1729/2420/4312 1735/2422/4314
f 1699/2216/4394 1714/2290/4395 1723/2370/4396
s 0
f 1734/2468/4397 1735/2422/4397 50/2469/4397
s 1
f 1714/2290/4395 1750/2445/4398 1723/2370/4396
s 0
f 1723/2432/4399 1751/2470/4399 1735/2422/4399
f 50/2469/4400 1735/2422/4400 1751/2470/4400
f 1752/2471/4401 1730/2371/4401 1736/2472/4401
f 1723/2370/4402 1750/2445/4402 1751/2473/4402
f 1753/2474/4403 1750/2445/4403 1730/2371/4403
f 1730/2371/4404 1752/2471/4404 1753/2474/4404
s 1
f 1736/2446/4358 1724/2433/4360 1754/2475/4405
f 1745/2423/4406 1734/2468/4407 50/2469/4408
f 1754/2475/4405 1718/2372/4318 1745/2423/4320
f 1751/2473/4409 1750/2445/4410 1755/2476/4411
f 1724/2433/4360 1718/2372/4412 1754/2475/4405
f 1756/2477/4413 1755/2478/4414 1753/2479/4415
s 0
f 48/2480/4416 1753/2479/4416 1755/2478/4416
f 1758/2481/4417 1750/2482/4417 1753/2479/4417
f 1758/2481/4418 1753/2479/4418 48/2480/4418
s 1
f 50/2469/4419 49/2483/4420 1757/2484/4421
s 0
f 49/2483/4422 50/2469/4422 1751/2470/4422
s 1
f 1751/2473/4423 1755/2476/4414 1756/2485/4413
s 0
f 1754/2475/4424 1745/2423/4424 1758/2486/4424
s 1
f 1745/2423/4425 50/2469/4426 1758/2486/4427
s 0
f 48/49/4428 1755/2487/4428 1757/50/4428
f 48/49/4429 1751/51/4429 1756/2477/4429
s 1
f 50/2469/4419 1757/2484/4421 1755/2488/4430
f 1755/2488/4411 1750/2489/4410 1758/2486/4431
f 1753/2474/4432 1752/2471/4433 1736/2472/4434
f 50/2469/4426 1755/2488/4435 1758/2486/4427
s 0
f 1758/2490/4436 48/49/4436 1756/2477/4436
f 1758/2490/4437 1756/2477/4437 1762/2491/4437
s 1
f 1753/2492/4438 1736/2493/4439 1754/2494/4440
s 0
f 1751/2495/4441 1757/2496/4441 1762/2497/4441
f 1757/2498/4442 1758/2490/4442 1762/2491/4442
f 1758/2499/4443 1757/2500/4443 1761/2501/4443
f 1762/2491/4444 1756/2477/4444 1753/2479/4444
f 1758/2499/4445 1761/2501/4445 1754/2494/4445
s 1
f 1761/2501/4446 1757/2500/4447 49/2502/4448
s 0
f 1759/2503/4449 1751/2495/4449 1762/2497/4449
f 1753/2492/4450 1754/2494/4450 1762/2497/4450
f 49/2504/4451 1751/2495/4451 1759/2503/4451
f 1760/2505/4452 1762/2497/4452 1761/2501/4452
f 1761/2501/4453 1762/2497/4453 1754/2494/4453
s 1
f 1762/2497/4454 1760/2505/4455 1759/2503/4456
f 1760/2505/4457 1761/2501/4458 47/2506/4459
f 47/2506/4460 1761/2501/4446 49/2502/4448
s 0
f 1784/2507/4461 49/2508/4461 1759/2509/4461
f 1673/2425/4462 1691/2427/4462 1798/2424/4462
s 1
f 1785/2411/4463 1622/2294/4071 1694/2252/4073
f 1661/2397/4464 1766/2448/4465 1746/2398/4466
f 1772/2438/4467 1715/2418/4468 1589/2214/4469
f 1647/2309/4470 1712/2390/4303 1768/2510/4471
s 0
f 1658/2301/4472 1642/2302/4472 52/2404/4472
s 1
f 78/85/4306 1619/2419/4308 1773/89/4473
f 1619/2234/4474 1644/2303/4231 1773/2511/4475
f 1717/2442/4476 1669/2274/4477 1728/2454/4478
f 47/2512/4460 49/2508/4448 1784/2507/4479
f 1760/2513/4457 47/2514/4459 1778/2515/4480
f 1737/2516/4481 1692/2128/3884 1774/2339/4142
f 1764/2383/4241 1706/2385/4243 46/2447/4482
s 0
f 54/2406/4483 46/2447/4483 1706/2385/4483
s 1
f 1675/2517/4484 1663/2296/4485 1590/2295/4486
f 1786/2518/4487 1709/2345/4157 1629/2237/4223
f 1786/2518/4487 1615/2267/4488 1781/2361/4489
s 0
f 1776/2519/4490 1678/2415/4490 1738/2520/4490
f 1678/2347/4491 1705/2348/4491 1738/2461/4491
f 1769/2467/4492 1680/2466/4492 1697/2439/4492
s 1
f 1770/2521/4311 1771/2522/4333 1810/2523/4493
f 1778/2515/4494 47/2514/4495 1745/2423/4496
f 1239/1657/3989 1695/2524/4222 1694/2252/3990
f 1860/2525/4497 1575/2217/4498 1685/2356/4499
f 1832/2526/4500 1720/2413/4501 1775/2527/4502
f 1708/2400/4260 1664/2360/4262 1676/2336/4503
s 0
f 1776/2519/4504 1704/2416/4504 1678/2415/4504
s 1
f 1705/2348/4387 1711/2376/4505 1782/2460/4385
f 1789/2528/4506 51/2444/4507 1777/2529/4508
f 1684/2275/4033 1842/2207/3126 1790/2530/4509
f 1792/2531/4510 1394/1797/3236 1369/1694/3109
f 1860/2525/4497 1695/2532/4511 1575/2217/4498
f 1685/2356/4175 1702/2382/4270 1860/2525/4512
f 1800/2533/4513 1633/2534/4150 1662/2535/4152
s 0
f 1675/2536/4514 1708/2537/4514 1794/2538/4514
s 1
f 1786/2518/4487 1828/2459/4384 1709/2345/4157
f 1677/2305/4264 1710/2401/4263 1824/2539/4515
s 0
f 1767/2540/4516 1704/2416/4516 1776/2519/4516
s 1
f 1669/2274/4477 1796/2429/4517 1728/2454/4478
f 1729/2457/4518 1749/2456/4518 1771/2522/4518
f 1745/2541/4496 47/2512/4495 1784/2507/4519
f 1691/2427/4339 1821/2434/4338 1798/2424/4520
f 1746/2398/4466 1766/2448/4465 1765/2542/4521
f 1786/2518/4487 1629/2237/4223 1615/2267/4522
f 1807/2543/4523 1711/2544/4523 1640/2545/4523
f 1772/2546/4524 1807/2543/4524 1640/2545/4524
f 52/111/128 1783/2547/4525 89/106/129
s 0
f 52/111/4526 1642/2548/4526 1783/2547/4526
s 1
f 1644/2303/4231 1698/2379/4233 1773/2511/4475
f 1683/2364/4284 51/2444/4527 1796/2429/4331
f 1759/2549/4456 1760/2513/4455 1778/2515/4528
s 0
f 1732/2550/4529 1737/2551/4529 1813/2552/4529
f 42/2553/4530 46/2447/4530 1827/48/4530
f 46/2447/4531 1746/2398/4531 1827/48/4531
s 1
f 1663/2296/4485 1675/2517/4484 1662/2342/4532
s 0
f 1708/2400/4533 1676/2336/4533 1794/2554/4533
s 1
f 1679/2362/4189 1647/2309/4188 1801/2555/4534
f 1716/2409/4535 1773/2441/4536 1868/2556/4537
f 1796/2429/4538 51/2444/4527 1789/2528/4539
f 1745/2423/4320 1684/2275/4319 1790/2530/4540
s 0
f 1660/2394/4541 1732/2550/4541 1731/2395/4541
s 1
f 1785/2411/4542 1694/2252/3990 1695/2524/4222
f 1779/2414/4543 1720/2413/4501 1832/2526/4544
f 1827/48/38 43/47/37 42/2553/4545
s 0
f 1676/2336/4546 1657/2407/4546 1794/2554/4546
s 1
f 1781/2361/4186 1677/2305/4185 1824/2539/4515
s 0
f 90/105/4547 89/106/4547 1783/2547/4547
f 51/2444/4548 45/2405/4548 1804/2557/4548
s 1
f 45/2405/4310 1770/45/35 1816/44/34
f 1745/2541/4496 1784/2507/4519 1734/2458/4549
s 0
f 1784/2507/4550 1759/2509/4550 1778/2558/4550
f 1778/2515/4551 1745/2423/4551 1790/2530/4551
f 1737/2551/4552 1774/2559/4552 1813/2552/4552
s 1
f 1805/37/4553 1775/2527/4554 1720/2413/4555
s 0
f 1733/2412/4556 1703/2384/4556 1764/2383/4556
f 1764/2383/4557 46/2447/4557 40/2560/4557
f 43/47/4558 1834/2561/4558 42/2553/4558
s 1
f 1800/2533/4513 1662/2535/4152 1806/2562/4559
f 1657/2407/4560 1828/2563/32 1794/2554/4561
s 0
f 1704/2416/4562 1767/2540/4562 1710/2417/4562
s 1
f 1589/2214/4469 1727/2408/4563 1772/2438/4467
f 1801/2555/4564 1647/2309/4470 1768/2510/4471
s 0
f 1783/2564/4565 1642/2465/4565 1769/2467/4565
s 1
f 1808/2565/4566 1769/2467/4567 1697/2439/4568
f 1698/2379/4392 1748/2428/4328 1773/2511/4569
f 1748/2443/4355 1717/2442/4354 1803/2566/4570
f 1803/2566/4571 1717/2442/4378 1743/2455/4380
s 0
f 1848/2567/4572 1738/2520/4572 1782/2568/4572
s 1
f 1795/2569/4573 53/2463/4389 1747/2462/4388
f 1716/2409/4535 1868/2556/4537 1808/2565/4574
f 1809/2570/4575 1789/2528/4576 1777/2529/4577
f 1777/2529/4578 51/2444/4578 1804/2557/4578
s 0
f 1731/2395/4579 1732/2550/4579 1813/2552/4579
s 1
f 1774/2339/4344 1693/2285/4346 1785/2411/4580
s 0
f 1831/2571/4581 1785/2411/4581 1695/2524/4581
s 1
f 1851/38/4582 1793/2572/4583 1775/2527/4584
s 0
f 1720/2413/4585 1733/2412/4585 1814/2573/4585
s 1
f 1733/2412/4586 1764/2383/4587 1814/2573/4588
s 0
f 1766/2574/4589 1707/2358/4589 1633/2281/4589
f 1776/2519/4590 1738/2520/4590 1848/2567/4590
s 1
f 1819/2575/4591 1713/2576/4592 52/109/4593
f 52/109/4593 90/105/4594 1819/2575/4591
f 1917/2577/4595 1803/2566/4595 1743/2455/4595
f 1804/2557/4596 45/2405/4310 1859/2578/4597
s 0
f 1775/2527/4598 1793/2572/4598 1879/2579/4598
s 1
f 1775/2527/4599 1805/37/4600 1851/38/4582
s 0
f 1799/2580/4601 1720/2413/4601 1814/2573/4601
f 43/47/4602 1849/2581/4602 1834/2561/4602
f 44/46/4603 1827/48/4603 1881/2582/4603
f 1675/2536/4604 1794/2538/4604 1817/40/4604
f 1854/2583/4605 1767/2540/4605 1776/2519/4605
f 1772/2546/4606 1727/2584/4606 1807/2543/4606
s 1
f 1807/2543/4607 1727/2584/4274 1833/2585/4608
f 1838/2586/4609 1727/2584/4274 1788/2587/4091
f 1697/2439/4568 1716/2409/4610 1808/2565/4566
f 1720/2413/4555 1799/2580/4611 1805/37/4553
f 1805/37/4612 1799/2580/4613 1826/2588/4614
s 0
f 1799/2580/4615 1814/2573/4615 1826/2588/4615
f 1766/2448/4616 1633/2589/4616 1765/2542/4616
s 1
f 1794/2538/4561 1828/42/32 1817/40/31
s 0
f 38/2590/4617 1815/2591/4617 1747/2462/4617
f 1819/2575/4618 90/105/4618 1783/2547/4618
f 41/2592/4619 1771/2522/4619 1749/2456/4619
s 1
f 1825/2593/4620 1749/2456/4621 1734/2458/4622
s 0
f 1778/2558/4623 1790/2594/4623 1825/2593/4623
s 1
f 1806/2562/4624 1662/2535/4625 1817/40/4626
s 0
f 1662/2535/4627 1675/2536/4627 1817/40/4627
s 1
f 1824/2539/4628 1786/2518/4629 1781/2361/4630
s 0
f 1711/2544/4631 1807/2543/4631 1782/2568/4631
s 1
f 1727/2584/4274 1838/2586/4632 1833/2585/4608
f 45/2405/4310 1816/44/34 1859/2578/4597
f 41/2592/33 1770/2521/4311 1810/2523/4493
f 1814/2573/4588 1764/2383/4587 40/2560/4633
s 0
f 1746/2398/4634 1765/2542/4634 1822/2595/4634
s 1
f 1828/2459/4635 1786/2518/4629 1824/2539/4628
f 1841/2596/4636 1854/2583/4637 1776/2519/4638
f 1712/2390/4303 53/2402/4639 1795/2597/4640
f 1747/2462/4641 1713/2464/4642 38/2590/4643
s 0
f 1810/2523/4644 1771/2522/4644 41/2592/4644
s 1
f 1749/2456/4621 1825/2593/4620 41/2592/4645
s 0
f 1825/2593/4646 1790/2594/4646 1842/2598/4646
s 1
f 1774/2339/4344 1785/2411/4580 1831/2571/4647
s 0
f 1832/2526/4648 1775/2527/4648 1879/2579/4648
f 43/47/4649 44/46/4649 1835/2599/4649
f 1823/2600/4650 1806/2562/4650 1817/40/4650
f 1817/40/4651 36/39/4651 1837/2601/4651
f 1837/2601/4652 36/39/4652 1836/2602/4652
s 1
f 36/39/4653 37/2603/4653 1836/2602/4653
f 37/41/4654 1828/42/4655 1836/2602/4656
f 1836/2602/4657 1828/42/4658 1837/2601/4659
f 1747/2462/4660 1815/2591/4661 1885/2604/4662
s 0
f 1783/2564/4663 1769/2467/4663 1808/2565/4663
f 1809/2570/4664 39/2605/4664 1789/2528/4664
s 1
f 1375/1320/2290 1869/2606/4665 1842/1731/3281
f 1733/2412/4288 1779/2414/4290 1878/2607/4666
f 1858/2608/4667 1826/2588/4668 1814/2573/4669
s 0
f 40/2560/4670 46/2447/4670 1891/2609/4670
f 1891/2609/4671 46/2447/4671 42/2553/4671
f 1849/2581/4672 43/47/4672 1835/2599/4672
s 1
f 1765/2542/4673 1633/2589/4674 1822/2595/4675
f 1867/2610/4676 1747/2462/4660 1885/2604/4662
f 1885/2604/4677 1815/2591/4678 38/2590/4679
f 1713/2464/4642 1819/2611/4680 38/2590/4643
f 1868/2612/4681 1773/2511/4569 1748/2428/4328
f 1843/2613/4682 1821/2614/4683 1731/2395/4684
f 1731/2395/4685 1813/2552/4686 1831/2615/4687
f 1894/2616/4688 1702/2382/4239 1733/2381/4238
s 0
f 1851/38/4689 35/36/4689 1845/2617/4689
s 1
f 1845/35/4690 1805/37/4690 1846/2618/4690
f 1814/2573/4691 40/2560/4692 1858/2608/4667
f 1853/2619/4693 1710/2417/4694 1767/2540/4693
f 1679/2362/4695 1801/2555/4695 1788/2308/4695
s 0
f 1830/2620/4696 39/2605/4696 1809/2570/4696
s 1
f 1825/2593/4697 1734/2458/4698 1784/2507/4699
f 1784/2507/4699 1778/2558/4700 1825/2593/4697
f 1860/2525/4701 1702/2382/4702 1894/2616/4703
f 1926/2621/4704 1878/2607/4705 1779/2414/4543
f 1779/2414/4543 1832/2526/4544 1926/2621/4704
s 0
f 1845/2617/4706 1846/2618/4706 1851/38/4706
f 1851/38/4707 1846/2618/4707 1826/2588/4707
f 1846/2618/4708 1805/37/4708 1826/2588/4708
f 1898/2622/4709 44/46/4709 1881/2582/4709
f 1837/2601/4710 1828/42/4710 1866/2623/4710
s 1
f 1828/42/4711 1824/2624/4712 1866/2623/4713
s 0
f 1824/2624/4714 1710/2417/4714 1853/2619/4715
f 1807/2543/4716 1833/2585/4716 1883/32/4716
s 1
f 1813/2552/4686 1774/2559/4344 1831/2615/4687
f 1894/2625/4717 1733/2412/4288 1878/2607/4666
f 1844/2626/4718 1793/2572/4719 1851/38/4720
s 0
f 1851/38/4721 1826/2588/4721 1858/2608/4721
s 1
f 1827/48/4722 1746/2398/4723 1822/2595/4724
s 0
f 38/2627/4725 1862/2628/4725 1829/2629/4725
s 1
f 1896/2630/4726 39/2605/4727 1863/2631/4728
s 0
f 39/2605/4729 1830/2620/4729 1863/2631/4729
s 1
f 44/46/4730 1847/2632/4731 1835/2599/4732
f 1800/2533/4513 1806/2562/4559 1857/2633/4733
s 0
f 1853/2619/4734 1767/2540/4734 1854/2583/4734
s 1
f 1821/2614/4683 1843/2613/4682 1798/2634/4735
f 1831/2615/4736 1695/2532/4737 1871/2635/4738
f 1695/2532/4737 1860/2525/4739 1871/2635/4738
s 0
f 1832/2526/4740 1879/2579/4740 1895/2636/4740
s 1
f 1806/2562/4741 1823/2600/4742 1857/2633/4743
f 1782/2568/4744 1807/2543/4745 1882/2637/4746
s 0
f 1788/2308/4747 1801/2555/4747 1768/2510/4747
s 1
f 1804/2557/4748 1859/2578/4749 1915/2638/4750
s 0
f 1871/2635/4751 1843/2613/4751 1731/2395/4751
f 1891/2609/4752 1851/38/4752 1858/2608/4752
s 1
f 44/46/4730 1898/2622/4753 1847/2632/4731
f 1817/40/4754 1837/2601/4755 1866/2623/4756
f 1768/2510/4471 1712/2390/4303 1795/2597/4640
s 0
f 1783/2564/4757 1808/2565/4757 1873/2639/4757
s 1
f 1809/2570/4758 1777/2529/4759 1922/2640/4760
f 1375/2641/3518 1655/2642/4034 1869/2643/4761
f 1793/2572/4719 1844/2626/4762 1879/2579/4763
s 0
f 1823/2600/4764 1817/40/4764 1861/2644/4764
f 1848/2567/4765 1782/2568/4765 1882/2637/4765
s 1
f 1882/2637/4746 1807/2543/4745 1883/32/22
s 0
f 38/2627/4766 1873/2645/4766 1862/2628/4766
s 1
f 38/2646/4767 1819/2647/4768 1873/2639/4769
f 1873/2639/4769 1819/2647/4768 1783/2564/4770
f 1871/2635/4771 1731/2395/4685 1831/2615/4687
f 1824/2624/4712 1853/2619/4772 1866/2623/4713
f 1854/2583/4773 1841/2596/4636 1875/2648/4774
s 0
f 1917/2577/4775 1743/2455/4775 1876/2649/4775
s 1
f 1728/2454/4776 1796/2429/4777 1914/2650/4778
s 0
f 1834/2561/4779 1849/2581/4779 1874/2651/4779
s 1
f 1827/48/4722 1822/2595/4724 1913/2652/4780
s 0
f 1776/2519/4781 1848/2567/4781 1841/2596/4781
f 1838/2586/4782 1788/2587/4782 1795/2653/4782
s 1
f 1880/2654/4783 1829/2629/4784 1862/2628/4785
f 1863/2631/4786 1830/2620/4787 1809/2570/4788
f 1804/2557/4748 1915/2638/4750 1777/2529/4789
f 1816/44/34 41/43/33 1916/2655/4790
s 0
f 42/2553/4791 1834/2561/4791 1874/2651/4791
f 1788/2308/4792 1768/2510/4792 1795/2597/4792
s 1
f 1867/2610/4793 1795/2569/4573 1747/2462/4388
f 38/2627/4794 1829/2629/4795 1893/2656/4796
f 1876/2649/4797 1743/2455/4798 1728/2454/4799
f 1914/2650/4800 1796/2429/4538 1789/2528/4539
f 1842/2598/4801 1869/2657/4802 1825/2593/4803
f 1871/2635/4804 1860/2525/4701 1877/2658/4805
s 0
f 1891/2609/4806 42/2553/4806 1874/2651/4806
s 1
f 1823/2600/4742 1861/2644/4807 1857/2633/4743
s 0
f 1854/2583/4808 1875/2648/4808 1853/2619/4808
s 1
f 1885/2604/4677 38/2590/4679 1900/2659/4809
s 0
f 1880/2654/4810 1862/2628/4810 34/2660/4810
s 1
f 1748/2443/4355 1803/2566/4570 1868/2661/4811
f 1914/2650/4800 1789/2528/4539 1896/2630/4812
s 0
f 1798/2634/4813 1843/2613/4813 1910/2662/4813
s 1
f 1843/2613/4814 1870/2663/4815 1910/2662/4816
f 1844/2626/4817 1851/38/4818 1890/2664/4819
f 1835/2599/4732 1847/2632/4731 1902/2665/4820
f 1861/2644/4821 1817/40/4754 1866/2623/4756
f 1883/2666/4822 1833/2667/4823 1884/2668/4824
f 1838/2669/4825 1907/2670/4826 1833/2667/4827
s 0
f 1809/2570/4828 1921/2671/4828 1864/2672/4828
s 1
f 1879/2579/4829 1844/2626/4830 1872/2673/4831
s 0
f 1881/2582/4832 1827/48/4832 1913/2652/4832
s 1
f 1633/2534/4833 1800/2533/4834 1892/2674/4835
f 1861/2644/4836 1800/2533/4836 1857/2633/4836
f 1841/2596/4837 1848/2567/4838 1924/2675/4839
f 1907/2670/4826 1925/2676/4840 1833/2667/4827
s 0
f 1907/2670/4841 1838/2669/4841 1795/2677/4841
s 1
f 38/2627/4794 1893/2656/4796 1900/2678/4842
s 0
f 1862/2628/4843 1873/2645/4843 34/2660/4843
s 1
f 1920/2679/4844 1809/2570/4845 1864/2672/4846
f 1809/2570/4847 1922/2640/4760 1921/2671/4848
f 1922/2640/4760 1777/2529/4759 1915/2638/4849
f 1916/2680/4850 41/2592/4645 1825/2593/4620
f 1369/1694/4083 1798/2424/4321 1910/2681/4851
s 0
f 1891/2609/4852 1858/2608/4852 40/2560/4852
s 1
f 1924/2675/4853 1848/2567/4854 1882/2637/4855
f 1873/2639/4856 1808/2565/4574 1868/2556/4537
s 0
f 1876/2649/4857 1803/2566/4857 1917/2577/4857
s 1
f 1859/2578/4597 1816/44/34 1916/2655/4790
f 1825/2593/4803 1869/2657/4802 1888/2682/4858
s 0
f 1870/2663/4859 1843/2613/4859 1877/2658/4859
f 1851/38/4860 1891/2609/4860 1890/2664/4860
s 1
f 1893/2656/4861 1829/2629/4784 1880/2654/4783
f 1908/2683/4862 34/2660/4863 1873/2645/4856
f 1920/2679/4844 1864/2672/4846 1515/2684/4864
f 1915/2638/4750 1859/2578/4749 1916/2655/4865
s 0
f 1911/2685/4866 1879/2579/4866 1897/2686/4866
s 1
f 1872/2673/4867 1844/2626/4817 1890/2664/4819
s 0
f 1849/2581/4868 1835/2599/4868 1923/2687/4868
f 1913/2652/4869 1898/2622/4869 1881/2582/4869
f 1896/2630/4870 1789/2528/4870 39/2605/4870
f 1913/2652/4871 1822/2595/4871 1903/2688/4871
f 1904/2689/4872 1861/2644/4872 1866/2623/4872
f 1904/2689/4873 1866/2623/4873 1853/2619/4873
s 1
f 1905/2690/4874 1883/32/22 33/34/24
f 31/28/16 30/27/15 1906/2691/4875
f 1833/2667/4876 1925/2676/4876 1884/2668/4876
f 1923/2687/4877 1835/2599/4878 1902/2665/4879
f 1902/2665/4820 1847/2632/4731 1898/2622/4753
f 1882/2637/4880 1883/32/22 1905/2690/4881
f 1876/2649/4882 1728/2454/4776 1914/2650/4778
s 0
f 1515/2684/4883 1864/2672/4883 1887/2692/4883
s 1
f 1912/2693/4884 1874/2651/4885 1849/2581/4886
f 1822/2595/4887 1633/2589/4674 1892/2694/4888
f 1875/2648/4889 1841/2596/4837 1924/2675/4839
f 1369/1694/3109 1910/2681/4851 1792/2531/4510
s 0
f 1897/2686/4890 1879/2579/4890 1889/2695/4890
s 1
f 1907/2696/4891 1795/2569/4892 1867/2610/4793
f 1919/2697/4893 1880/2654/4894 1908/2683/4862
f 1873/2645/4856 1868/2698/4537 1908/2683/4862
f 1928/2699/4895 1868/2661/4811 1803/2566/4570
f 1920/2679/4896 1863/2631/4897 1809/2570/4788
f 1887/2692/4898 1864/2672/4899 1930/2700/4900
s 0
f 1843/2613/4901 1871/2635/4901 1877/2658/4901
s 1
f 1889/2695/4902 1879/2579/4903 1872/2673/4831
f 1892/2674/4835 1800/2533/4834 1861/2644/4904
f 30/2701/4905 1883/2666/4822 1884/2668/4824
s 0
f 1864/2672/4906 1921/2671/4906 1930/2700/4906
s 1
f 1915/2638/4849 1918/2702/4907 1922/2640/4760
f 1910/2662/4816 1870/2663/4815 1877/2658/4908
f 1832/2526/4909 1895/2636/4910 1812/2703/4911
s 0
f 1912/2693/4912 1849/2581/4912 1923/2687/4912
s 1
f 1909/2704/4913 1923/2687/4877 1902/2665/4879
f 1875/2648/4914 1924/2675/4915 28/2705/4916
f 1908/2683/4862 1880/2654/4894 34/2660/4863
f 1876/2649/4917 1928/2699/4895 1803/2566/4570
f 1922/2706/4760 1918/2707/4907 1850/2708/4918
f 1918/2709/4907 1915/2710/4849 1916/2680/4919
f 1877/2658/4805 1860/2525/4701 1894/2616/4703
f 1903/2688/4920 1822/2595/4887 1892/2694/4888
f 1853/2619/4921 1875/2648/4922 28/2705/4916
f 1908/2711/4923 1868/2661/4811 1928/2699/4895
f 1825/2593/4620 1888/2682/4924 1916/2680/4925
f 1926/2621/4926 1832/2526/4909 1812/2703/4911
s 0
f 31/28/4927 1925/2712/4927 1840/2713/4927
f 1895/2636/4928 1879/2579/4928 1812/2703/4928
s 1
f 1905/2714/4929 30/2701/4930 1884/2668/4931
s 0
f 1925/2712/4932 31/28/4932 1906/2691/4932
f 30/2715/4933 1905/2690/4933 1927/2716/4933
f 1867/2610/4934 1885/2604/4934 1900/2659/4934
s 1
f 1865/2717/4935 1893/2656/4861 1880/2654/4936
f 1878/2607/4705 1926/2621/4704 1726/24/12
f 1911/2685/4937 1897/2686/4938 1889/2695/4939
s 0
f 1886/2718/4940 1903/2688/4940 1855/2719/4940
f 1853/2619/4941 28/2705/4941 1904/2689/4941
s 1
f 1929/2720/4942 1905/2714/4929 1884/2668/4931
s 0
f 1884/2721/4943 1925/2712/4943 1906/2691/4943
f 30/27/4944 1927/2722/4944 1906/2691/4944
f 1927/2716/4945 1905/2690/4945 33/34/4945
s 1
f 32/29/17 31/28/16 1840/2713/4946
s 0
f 1925/2712/4947 1907/2696/4947 1901/2723/4947
f 1913/2652/4948 1903/2688/4948 1886/2718/4948
f 1855/2719/4949 1903/2688/4949 1892/2694/4949
s 1
f 1882/2637/4950 1905/2690/4951 1929/2724/4952
f 1892/2674/4835 1861/2644/4904 1904/2689/4953
f 1924/2675/4853 1882/2637/4950 1929/2724/4952
f 1899/30/4954 32/29/4955 1840/2713/4956
s 0
f 1900/2678/4957 1893/2656/4957 1865/2717/4957
s 1
f 1818/2725/4958 1888/2726/4959 1869/2643/4960
s 0
f 1812/2703/4961 1879/2579/4961 1911/2685/4961
f 1890/2664/4962 1891/2609/4962 1874/2651/4962
f 1888/2682/4963 1918/2709/4963 1916/2680/4963
s 1
f 1888/2726/4964 1818/2725/4965 1918/2707/4966
f 1668/2727/4967 1791/2728/4968 1909/2704/4969
s 0
f 1909/2704/4970 1913/2652/4970 1856/2729/4970
f 1856/2729/4971 1913/2652/4971 1886/2718/4971
s 1
f 28/2705/4972 1924/2675/4973 1696/2730/4974
f 1894/2625/4717 1878/2607/4666 1792/26/4975
f 1726/24/4976 1926/2621/4926 1812/2703/4911
f 1909/2704/4969 1791/2728/4968 1923/2687/4977
f 1902/2665/4978 1898/2622/4979 1913/2652/4980
f 33/31/4981 1899/30/4982 1744/2731/4983
f 1840/2713/4984 1925/2712/4984 1901/2723/4984
s 0
f 1900/2678/4985 1865/2717/4985 1839/2732/4985
s 1
f 1919/2697/4986 1908/2683/4987 1579/2733/4988
s 0
f 1579/2734/4989 1908/2711/4989 1928/2699/4989
s 1
f 1863/2631/4897 1920/2679/4896 1820/2735/4990
f 1726/24/12 1792/26/14 1878/2607/4705
f 1874/2651/4885 1912/2693/4884 1628/2736/4991
f 1912/2693/4992 1923/2687/4977 1791/2728/4993
s 0
f 1907/2696/4994 1867/2610/4994 1901/2723/4994
s 1
f 1635/2737/4995 1919/2697/4986 1579/2733/4988
f 1896/2630/4726 1863/2631/4728 1820/2735/4996
f 1763/2738/4997 1930/2700/4998 1921/2671/4999
s 0
f 29/2739/5000 1922/2706/5000 1850/2708/5000
s 1
f 1877/2658/4805 1894/2616/4703 1910/2662/5001
f 1726/24/4976 1812/2703/4911 1672/2740/5002
f 1872/2673/5003 1890/2664/5004 1602/2741/5005
f 1912/2693/4992 1791/2728/4993 1628/2736/5006
f 1791/2728/5007 1668/2727/5008 1627/2742/5009
s 0
f 1886/2718/5010 1855/2719/5010 1700/2743/5010
s 1
f 1901/2723/5011 25/2744/5012 1840/2713/5013
s 0
f 1901/2723/5014 1867/2610/5014 1900/2659/5014
s 1
f 1839/2732/5015 1865/2717/5016 1880/2654/4894
s 0
f 29/2745/5017 1687/2746/5017 1922/2747/5017
f 29/2745/5018 1852/2748/5018 1687/2746/5018
s 1
f 1918/2707/4966 1818/2725/4965 1850/2708/5019
f 1586/2749/5020 1889/2695/5021 1872/2673/5022
f 1721/2750/5023 1791/2728/5007 1627/2742/5009
s 0
f 1929/2720/5024 1884/2668/5024 1787/2751/5024
f 1787/2752/5025 1884/2721/5025 1906/2691/5025
s 1
f 1919/2697/5026 1635/2737/5027 1802/2753/5028
f 1852/2748/5029 29/2745/5030 1780/2754/5031
f 1910/2662/5001 1894/2616/4703 1792/2755/5032
f 1602/2741/5005 1890/2664/5004 1874/2651/5033
f 1909/2704/5034 1902/2665/4978 1913/2652/4980
f 1892/2674/4835 1904/2689/4953 1601/2756/5035
f 1904/2689/5036 28/2705/4972 26/2757/5037
f 1901/2723/5038 1900/2659/5039 1839/2758/5040
f 1880/2654/4894 1919/2697/4893 1839/2732/5015
f 1690/2759/5041 1919/2697/5042 1802/2753/5043
f 1872/2673/5044 1811/2760/5045 1586/2749/5046
s 0
f 1856/2729/5047 1886/2718/5047 1700/2743/5047
s 1
f 1601/2756/5048 1904/2689/5036 26/2757/5037
s 0
f 1687/2746/5049 1852/2748/5049 1797/2761/5049
f 1722/2762/5050 1725/2763/5050 1721/2750/5050
f 1721/2750/5051 1725/2763/5051 1791/2728/5051
s 1
f 1721/2750/5052 1645/2764/5053 1719/2765/5054
s 0
f 1696/2730/5055 1924/2675/5055 23/2766/5055
s 1
f 1787/2767/5056 1924/2675/5057 1929/2724/5058
s 0
f 1787/2752/5059 1906/2691/5059 1927/2722/5059
s 1
f 1901/2723/5038 1839/2758/5040 1739/2768/5060
s 0
f 1791/2728/5061 1725/2763/5061 1722/2762/5061
s 1
f 1721/2750/5062 1627/2742/5063 1645/2764/5064
s 0
f 1928/2699/5065 1876/2649/5065 1579/2734/5065
s 1
f 1852/2748/5029 1780/2754/5031 1797/2761/5066
f 29/2739/5067 1850/2708/5068 1818/2725/4965
f 1812/2703/4911 1911/2685/5069 1672/2740/5002
s 0
f 1791/2728/5070 1722/2762/5070 1719/2765/5070
s 1
f 1855/2719/5071 1892/2694/5072 1665/2769/5073
f 1927/2770/5074 33/31/5075 1744/2731/5076
f 22/2771/5077 1802/2753/5028 1635/2737/5027
f 1579/2734/5078 1876/2649/5079 1914/2650/4778
f 1896/2630/4812 1579/2734/4988 1914/2650/5080
f 1689/2772/5081 1887/2692/5082 1930/2700/5083
f 1701/2773/5084 1811/2760/5085 1497/2774/5086
f 26/2757/5037 28/2705/4972 1696/2730/4974
f 1744/2731/5087 1899/30/5088 1659/2775/5089
f 1659/2775/5089 1899/30/4954 1840/2713/4956
f 25/2744/5012 1901/2723/5011 1739/2768/5090
f 1921/2671/5091 1922/2640/5092 1763/2738/5093
f 1593/2776/5094 1780/2754/5031 29/2745/5030
f 1874/2651/5033 1628/2736/5095 1602/2741/5005
s 0
f 1719/2765/5096 1722/2762/5096 1721/2750/5096
s 1
f 1643/2777/5097 1892/2674/4835 1601/2756/5035
f 1659/2775/5098 25/2744/5099 1739/2768/5100
f 1690/2759/5041 1802/2753/5043 1562/2778/5101
f 1887/2692/5082 1689/2772/5081 1515/2684/5102
s 0
f 29/2745/5103 1818/2779/5103 1593/2776/5103
f 1672/2740/5104 1606/2780/5104 1317/2781/5104
s 1
f 1524/2782/5105 1911/2685/5069 1889/2695/5021
f 1524/2782/5105 1889/2695/5021 1586/2749/5020
f 1586/2749/5046 1811/2760/5045 1568/2783/5106
s 0
f 1811/2760/5107 1701/2773/5107 1568/2783/5107
s 1
f 1665/2769/5108 1892/2694/5072 1643/2784/5109
f 1601/2756/5048 26/2757/5037 1696/2730/4974
s 0
f 1659/2775/5110 1840/2713/5110 25/2744/5110
s 1
f 1462/2785/5111 1579/2733/4988 1561/2786/5112
f 1497/2774/5113 1811/2760/5045 1602/2741/5114
f 1811/2760/5045 1872/2673/5044 1602/2741/5114
f 1582/2787/5115 1628/2736/5006 1791/2728/4993
s 0
f 1668/2727/5116 1909/2704/5116 1856/2729/5116
f 1855/2719/5117 1665/2769/5117 1700/2743/5117
s 1
f 1744/2731/5076 1659/2775/5118 1787/2788/5119
f 1579/2734/4988 1896/2630/4812 1561/2789/5112
f 1922/2640/5092 1594/2790/5120 1763/2738/5093
f 1635/2737/4995 1579/2733/4988 1462/2785/5111
f 1561/2789/5121 1896/2630/4726 1820/2735/4996
s 0
f 1922/2747/5122 1687/2746/5122 1594/2791/5122
f 1486/2792/5123 1687/2746/5123 1797/2761/5123
s 1
f 1726/24/5124 1672/2740/5125 1317/2781/5126
f 1927/2770/5074 1744/2731/5076 1787/2788/5119
f 1423/2793/5127 1839/2732/5015 1919/2697/4893
f 1687/2746/5128 1537/2794/5129 1559/2795/5130
s 0
f 1486/2792/5131 1797/2761/5131 1780/2754/5131
s 1
f 1672/2740/5002 1911/2685/5069 1524/2782/5105
f 1344/2796/5132 1696/2730/5133 23/2766/5134
f 1739/2768/5100 1839/2758/5015 1423/2797/5127
s 0
f 1568/2783/5135 1701/2773/5135 1473/2798/5135
f 1627/2742/5136 1668/2727/5136 1856/2729/5136
s 1
f 1643/2777/5137 1601/2756/5138 1436/2799/5139
f 1562/2778/5140 1802/2753/5141 22/2771/5142
f 1473/2798/5143 1701/2773/5084 1497/2774/5086
f 1562/2778/5101 21/2800/5144 1690/2759/5041
f 1537/2794/5129 1687/2746/5128 1486/2792/5145
f 1780/2754/5146 1593/2776/5147 1818/2779/5148
s 0
f 1568/2783/5149 1473/2798/5149 1438/2801/5149
s 1
f 1602/2741/5150 1628/2736/5006 1038/2802/5151
s 0
f 1582/2787/5152 1791/2728/5152 1719/2765/5152
f 1627/2742/5153 1856/2729/5153 1424/2803/5153
s 1
f 23/2766/5154 1924/2675/5155 1787/2767/5056
f 1497/2774/5156 1602/2741/5157 1038/2802/5158
f 1719/2765/5159 20/2804/5160 1582/2787/5161
f 1719/2765/5159 1645/2764/5162 20/2804/5160
f 1659/2775/5098 1739/2768/5100 1423/2797/5127
s 0
f 1291/2805/5163 1561/2806/5163 1920/2807/5163
s 1
f 1606/2780/5164 1672/2740/5165 1524/2782/5166
f 1582/2787/5167 20/2804/5168 1314/2808/5169
f 1423/2793/5170 1919/2697/5171 1690/2759/5172
s 0
f 1687/2746/5173 1559/2795/5173 1594/2791/5173
s 1
f 1486/2792/5145 1780/2754/5174 1431/2809/5175
f 1456/2810/5176 1606/2780/5164 1524/2782/5166
f 1315/2811/5177 1628/2812/5006 1582/2813/5178
f 1601/2756/5179 1696/2730/5180 1344/2796/5181
f 1562/2778/5140 22/2771/5142 19/2814/5182
f 1406/2815/5183 22/2771/5184 1635/2737/5185
f 1561/2806/5186 1291/2805/5187 1404/2816/5188
s 0
f 1561/2789/5189 1820/2735/5189 1920/2679/5189
s 1
f 1689/2772/5190 1930/2700/4998 1763/2738/4997
s 0
f 1606/2780/5191 1456/2810/5191 1317/2781/5191
s 1
f 1348/2817/5192 1586/2749/5193 1568/2783/5194
f 1038/2818/5151 1628/2812/5006 1315/2811/5177
s 0
f 1582/2813/5195 1080/2819/5195 18/2820/5195
f 1856/2729/5196 1700/2743/5196 1424/2803/5196
f 1294/2821/5197 1700/2743/5197 1665/2769/5197
s 1
f 1376/2822/5198 1524/2782/5199 1586/2749/5200
s 0
f 1080/2823/5201 1582/2787/5201 1314/2808/5201
f 1627/2742/5202 1424/2803/5202 1314/2808/5202
f 1316/2824/5203 1586/2749/5203 1348/2817/5203
s 1
f 1438/2801/5204 1473/2798/5204 1497/2774/5204
s 0
f 1645/2764/5205 1627/2742/5205 1314/2808/5205
f 1424/2803/5206 1700/2743/5206 1294/2821/5206
s 1
f 1486/2792/5145 1431/2809/5175 1537/2794/5129
f 1869/2643/4960 1655/2642/5207 1818/2725/4958
f 1348/2817/5192 1568/2783/5194 1438/2801/5208
f 20/2804/5168 1645/2764/5209 1314/2808/5169
f 1436/2799/5210 1601/2756/5211 1344/2796/5212
f 1423/2793/5213 1690/2759/5172 1341/2825/5214
s 0
f 21/2800/5215 1562/2778/5215 19/2814/5215
s 1
f 1406/2815/5183 19/2814/5216 22/2771/5184
f 1462/2785/5217 1561/2786/5218 1405/2826/5219
f 1780/2754/5146 1818/2779/5148 1431/2809/5220
f 1264/2827/5221 27/25/5222 1317/2781/5126
f 27/25/5222 1726/24/5124 1317/2781/5126
s 0
f 1317/2781/5223 1456/2810/5223 1524/2782/5223
f 1244/2828/5224 1316/2824/5224 1348/2817/5224
s 1
f 1690/2759/5041 21/2800/5144 1341/2825/5225
f 1635/2737/4995 1462/2785/5111 1406/2815/5226
s 0
f 1920/2679/5227 1515/2684/5227 1763/2738/5227
f 1515/2684/5228 1689/2772/5228 1763/2738/5228
s 1
f 1559/2795/5229 1306/2829/5230 1594/2791/5231
f 1431/2809/5232 1818/2779/5233 1254/2830/5234
s 0
f 1317/2781/5235 1524/2782/5235 1264/2827/5235
s 1
f 1405/2831/5236 1561/2806/5237 1368/2832/5238
f 1368/2832/5239 1561/2806/5186 1404/2816/5188
f 1404/2816/5240 1291/2805/5241 1292/2833/5242
f 1237/2834/5243 1559/2795/5244 1537/2794/5245
f 1265/2835/5246 1792/2531/4510 27/2836/5247
f 1438/2801/5248 1497/2774/5156 1038/2802/5158
f 1282/2837/5249 1315/2811/5177 1582/2813/5178
f 1341/2825/5250 21/2800/5251 19/2814/5252
f 1237/2834/5243 1306/2829/5253 1559/2795/5244
f 1237/2834/5243 1537/2794/5254 1254/2830/5255
f 1293/2838/5256 1665/2769/5108 1643/2784/5109
s 0
f 1216/2839/5257 1344/2796/5257 23/2766/5257
s 1
f 23/2766/5154 1787/2767/5056 1341/2840/5258
f 1787/2788/5119 1659/2775/5118 1423/2797/5259
f 1289/2841/5260 1306/2829/5253 1237/2834/5243
f 27/25/5222 1264/2827/5261 1265/2842/5261
s 0
f 1376/2822/5262 1586/2749/5262 1316/2824/5262
s 1
f 1314/2808/5263 1424/2803/5264 1294/2821/5265
s 0
f 1294/2821/5266 1665/2769/5266 1293/2838/5266
s 1
f 1254/2830/5255 1537/2794/5254 1431/2809/5267
s 0
f 1244/2828/5268 1348/2817/5268 1243/2843/5268
s 1
f 1243/2843/5269 1348/2817/5270 1438/2801/5208
s 0
f 1294/2821/5271 1293/2838/5271 1080/2823/5271
f 1341/2825/5272 1787/2844/5272 1423/2793/5272
f 1264/2827/5273 1524/2782/5273 1376/2822/5273
s 1
f 1643/2777/5274 1436/2799/5275 1293/2845/5276
s 0
f 1436/2799/5277 1344/2796/5277 1142/2846/5277
s 1
f 1213/2847/5278 1292/2833/5279 1178/2848/5280
f 1291/2805/5281 1920/2807/5282 1594/2791/5283
f 1306/2829/5253 1289/2841/5260 1209/2849/5284
f 1315/2811/5177 1282/2837/5249 1165/2850/5285
s 0
f 1216/2839/5286 1142/2846/5286 1344/2796/5286
s 1
f 1216/2839/5287 23/2766/5287 1341/2840/5287
f 1594/2791/5231 1306/2829/5230 1209/2849/5288
f 1243/2843/5269 1438/2801/5208 1221/2851/5289
f 1293/2845/5276 1436/2799/5275 1142/2846/5290
f 1189/2852/5291 1462/2785/5217 1405/2826/5219
f 1314/2808/5263 1294/2821/5265 1080/2823/5292
f 1406/2815/5226 1462/2785/5111 1189/2852/5293
f 1104/2853/5294 1292/2833/5279 1213/2847/5278
f 1292/2833/5295 1291/2805/5281 1594/2791/5283
s 0
f 1145/2854/5296 1264/2827/5296 1376/2822/5296
s 1
f 1221/2851/5297 1438/2801/5248 1038/2802/5158
f 1038/2818/5151 1315/2811/5177 1165/2850/5285
s 0
f 1111/2855/5298 18/2820/5298 1080/2819/5298
s 1
f 1106/2856/5299 1405/2831/5236 1368/2832/5238
f 1404/2816/5240 1292/2833/5242 1104/2853/5300
f 1136/2857/5301 1213/2847/5278 1178/2848/5280
f 1265/2842/5302 1264/2827/5303 1145/2854/5304
s 0
f 1376/2822/5305 1316/2824/5305 1145/2854/5305
f 1145/2854/5306 1316/2824/5306 1244/2828/5306
s 1
f 1920/2679/5307 1763/2738/5093 1594/2790/5120
f 1237/2834/5243 1254/2830/5255 1289/2841/5260
s 0
f 1127/2858/5308 1111/2855/5308 1082/2859/5308
f 1111/2855/5309 1080/2819/5309 1082/2859/5309
s 1
f 1141/2860/5310 19/2814/5216 1406/2815/5183
s 0
f 977/2861/5311 1368/2832/5311 1104/2853/5311
f 1368/2832/5312 1404/2816/5312 1104/2853/5312
s 1
f 1594/2791/5313 1178/2848/5314 1292/2833/5315
f 1092/2862/5316 1818/2725/4958 1655/2642/5207
s 0
f 18/2820/5317 1111/2855/5317 1064/2863/5317
s 1
f 1142/2864/5318 1053/2865/5319 1080/2819/5320
s 0
f 1141/2860/5321 1216/2866/5321 1341/2825/5321
s 1
f 1341/2825/5250 19/2814/5252 1141/2860/5322
f 1293/2838/5323 1142/2867/5318 1080/2823/5320
f 1142/2864/5324 1216/2868/5325 1063/2869/5326
f 1063/2869/5326 1216/2868/5325 978/2870/5327
f 1095/2871/5328 1368/2832/5329 977/2861/5330
f 1104/2853/5294 1213/2847/5278 1136/2857/5301
f 1792/2531/4510 923/2872/5331 1394/1797/3236
f 1106/2856/5332 1368/2832/5329 1095/2871/5328
s 0
f 1209/2849/5333 1289/2841/5333 1026/2873/5333
f 1063/2869/5334 1053/2865/5334 1142/2864/5334
s 1
f 1189/2852/5291 1405/2826/5219 978/2874/5335
f 978/2875/5336 1405/2831/5236 1106/2856/5299
f 1178/2848/5314 1594/2791/5313 1011/2876/5337
f 1243/2843/5338 1040/2877/5339 1145/2854/5340
f 1082/2859/5341 1080/2819/5342 17/2878/5343
s 0
f 1178/2848/5344 1011/2876/5344 811/2879/5344
s 1
f 1026/2873/5345 1289/2841/5346 1254/2830/5234
f 1092/2880/5347 1254/2830/5234 1818/2779/5233
f 1582/2813/5348 18/2820/5349 1282/2837/5350
f 1141/2860/5351 1406/2815/5226 1189/2852/5293
s 0
f 1244/2828/5352 1243/2843/5352 1145/2854/5352
s 1
f 1127/2858/5353 1082/2859/5354 916/2881/5355
s 0
f 1594/2791/5356 1209/2849/5356 1026/2873/5356
s 1
f 907/2882/5357 1038/2818/5358 1165/2850/5359
f 918/2883/5360 18/2820/5361 1064/2863/5362
s 0
f 1216/2866/5363 1141/2860/5363 978/2874/5363
s 1
f 1141/2860/5364 1189/2852/5364 978/2874/5364
f 1136/2857/5365 975/2884/5366 1104/2853/5367
f 1136/2857/5368 1178/2848/5369 975/2884/5370
s 0
f 1221/2851/5371 1038/2802/5371 940/2885/5371
s 1
f 943/2886/5372 905/2887/5373 1127/2858/5374
s 0
f 1080/2819/5375 761/2888/5375 17/2878/5375
f 1059/2889/5376 1104/2853/5376 989/2890/5376
s 1
f 1254/2830/5234 1092/2880/5347 1026/2873/5345
f 1165/2850/5359 1282/2837/5377 907/2882/5357
f 1064/2863/5378 1111/2855/5379 906/2891/5380
f 1106/2856/5332 1095/2871/5328 16/2892/5381
s 0
f 16/2892/5382 1095/2871/5382 977/2861/5382
s 1
f 1011/2876/5337 1594/2791/5313 1026/2873/5383
f 1243/2843/5338 1221/2851/5384 1040/2877/5339
s 0
f 940/2885/5385 1038/2802/5385 907/2893/5385
s 1
f 1064/2863/5378 906/2891/5380 918/2883/5386
f 1111/2855/5387 1127/2858/5388 905/2887/5373
f 1082/2859/5341 17/2878/5343 847/2894/5389
f 907/2882/5390 1282/2837/5391 852/2895/5392
s 0
f 1111/2855/5393 905/2887/5393 906/2891/5393
s 1
f 1282/2837/5391 18/2820/5349 852/2895/5392
f 916/2881/5394 943/2886/5372 1127/2858/5374
f 1082/2859/5354 847/2894/5395 916/2881/5355
s 0
f 803/2896/5396 1053/2865/5396 1063/2869/5396
f 989/2890/5397 721/2897/5397 1059/2889/5397
s 1
f 1040/2877/5339 1221/2851/5384 940/2885/5398
s 0
f 906/2891/5399 905/2887/5399 880/2898/5399
s 1
f 16/2892/5400 977/2861/5401 684/2899/5402
f 977/2861/5403 1104/2853/5404 15/2900/5405
f 15/2900/5406 1104/2853/5407 1059/2889/5408
f 1104/2853/5409 975/2884/5410 627/2901/5411
f 975/2884/5370 1178/2848/5369 811/2879/5412
f 923/2872/5331 1792/2531/4510 1265/2835/5246
f 978/2875/5336 1106/2856/5299 842/2902/5413
f 1106/2856/5332 16/2892/5381 842/2902/5414
f 684/2899/5415 977/2861/5403 15/2900/5405
f 1145/2854/5340 1040/2877/5339 940/2885/5398
s 0
f 703/2903/5416 940/2885/5416 907/2893/5416
s 1
f 1265/2904/5302 703/2905/5417 923/2906/5418
f 1265/2842/5302 1145/2854/5304 703/2903/5417
f 847/2894/5419 17/2878/5420 761/2888/5421
f 792/2907/5422 1080/2819/5423 1053/2865/5424
s 0
f 989/2890/5425 1104/2853/5425 627/2901/5425
s 1
f 18/2820/5361 918/2883/5360 852/2895/5426
s 0
f 680/2908/5427 811/2879/5427 1011/2876/5427
s 1
f 543/2909/5428 989/2890/5429 913/2910/5430
f 880/2898/5431 905/2887/5432 745/2911/5433
f 905/2887/5432 943/2886/5434 745/2911/5433
f 756/2912/5435 1063/2869/5326 978/2870/5327
f 842/2902/5436 16/2892/5400 684/2899/5402
s 0
f 916/2881/5437 847/2894/5437 777/2913/5437
s 1
f 792/2907/5438 1053/2865/5439 803/2896/5440
f 15/2900/5406 1059/2889/5408 721/2897/5441
f 792/2907/5438 761/2888/5442 1080/2819/5423
f 756/2912/5443 803/2896/5444 1063/2869/5445
f 842/2902/5413 756/2914/5446 978/2875/5336
s 0
f 754/2915/5447 913/2910/5447 989/2890/5447
s 1
f 907/2882/5390 852/2895/5392 703/2905/5448
s 0
f 683/2916/5449 913/2910/5449 754/2915/5449
f 1145/2854/5450 940/2885/5450 703/2903/5450
s 1
f 918/2883/5386 906/2891/5380 616/2917/5451
f 668/2918/5452 880/2898/5453 745/2911/5454
s 0
f 745/2911/5455 943/2886/5455 777/2913/5455
f 943/2886/5456 916/2881/5456 777/2913/5456
s 1
f 758/2919/5457 803/2896/5444 756/2912/5443
f 852/2895/5458 918/2883/5459 616/2917/5460
s 0
f 906/2891/5461 880/2898/5461 616/2917/5461
s 1
f 792/2907/5438 803/2896/5440 700/2920/5462
s 0
f 491/2921/5463 975/2884/5463 680/2908/5463
f 693/2922/5464 1026/2873/5464 1092/2880/5464
f 754/2915/5465 989/2890/5465 627/2901/5465
s 1
f 975/2884/5410 491/2921/5466 627/2901/5411
f 975/2884/5370 811/2879/5412 680/2908/5467
s 0
f 680/2908/5468 1011/2876/5468 693/2922/5468
s 1
f 1011/2876/5337 1026/2873/5383 693/2922/5469
s 0
f 678/2923/5470 1092/2880/5470 1655/2924/5470
f 777/2913/5471 847/2894/5471 761/2888/5471
f 803/2896/5472 758/2919/5472 608/2925/5472
f 1092/2880/5473 678/2923/5473 693/2922/5473
s 1
f 756/2914/5474 842/2902/5436 684/2899/5402
f 721/2897/5475 989/2890/5476 543/2909/5477
f 1394/1797/3236 923/2872/5331 1655/2277/4034
f 703/2905/5478 852/2895/5458 616/2917/5460
s 0
f 758/2926/5479 756/2914/5479 684/2899/5479
f 616/2917/5480 880/2898/5480 668/2918/5480
f 745/2911/5481 777/2913/5481 462/2927/5481
s 1
f 668/2918/5452 745/2911/5454 645/2928/5482
f 462/2927/5483 645/2928/5484 745/2911/5454
s 0
f 594/2929/5485 608/2925/5485 758/2919/5485
f 642/2930/5486 684/2899/5486 15/2900/5486
f 627/2901/5487 555/2931/5487 588/2932/5487
s 1
f 627/2901/5411 491/2921/5488 555/2931/5489
f 15/2900/5406 721/2897/5441 642/2930/5490
s 0
f 627/2901/5491 588/2932/5491 570/2933/5491
f 703/2905/5492 579/2934/5492 923/2906/5492
s 1
f 683/2916/5493 754/2915/5494 245/2935/5495
f 579/2934/5496 703/2905/5497 616/2917/5498
s 0
f 529/2936/5499 777/2913/5499 761/2888/5499
s 1
f 761/2888/5442 792/2907/5438 529/2936/5500
f 243/2937/5501 608/2925/5502 594/2929/5503
s 0
f 594/2929/5504 758/2919/5504 425/2938/5504
s 1
f 529/2936/5500 792/2907/5438 700/2920/5462
f 700/2920/5462 803/2896/5440 474/2939/5505
s 0
f 758/2926/5506 684/2899/5506 425/2940/5506
s 1
f 543/2909/5477 642/2930/5507 721/2897/5475
f 754/2915/5508 627/2901/5509 13/2941/5510
f 1655/2277/4034 923/2872/5331 24/2942/5511
s 0
f 777/2913/5512 529/2936/5512 462/2927/5512
s 1
f 913/2910/5513 683/2916/5514 497/2943/5515
s 0
f 491/2921/5516 680/2908/5516 693/2922/5516
f 13/2941/5517 627/2901/5517 570/2933/5517
s 1
f 14/2944/5518 579/2934/5496 616/2917/5498
f 616/2917/5519 668/2918/5520 410/2945/5521
f 668/2918/5520 645/2928/5522 410/2945/5521
f 243/2937/5501 378/2946/5523 608/2925/5502
s 0
f 684/2899/5524 642/2930/5524 543/2909/5524
s 1
f 913/2910/5430 497/2943/5525 543/2909/5526
s 0
f 570/2933/5527 588/2932/5527 459/2947/5527
f 693/2922/5528 678/2923/5528 491/2921/5528
f 425/2940/5529 684/2899/5529 543/2909/5529
f 410/2945/5530 645/2928/5530 462/2927/5530
s 1
f 474/2939/5531 529/2936/5500 700/2920/5462
f 378/2946/5532 803/2896/5533 608/2925/5534
f 246/2948/5535 497/2943/5515 683/2916/5536
s 0
f 447/2949/5537 594/2929/5537 425/2938/5537
s 1
f 245/2935/5538 754/2915/5539 13/2941/5540
f 616/2917/5519 410/2945/5521 14/2944/5541
f 410/2945/5521 462/2927/5542 256/2950/5543
f 474/2939/5544 803/2896/5533 378/2946/5532
s 0
f 378/2946/5545 529/2936/5545 474/2939/5545
f 459/2947/5546 588/2932/5546 555/2931/5546
f 256/2950/5547 462/2927/5547 529/2936/5547
f 529/2936/5548 378/2946/5548 256/2950/5548
f 13/2941/5549 570/2933/5549 107/2951/5549
s 1
f 555/2931/5550 107/2951/5551 459/2947/5552
f 107/2951/5553 555/2931/5550 491/2921/5554
f 14/2944/5541 410/2945/5521 269/2952/5555
s 0
f 266/2953/5556 267/2954/5556 13/2955/5556
s 1
f 678/2956/5557 1655/2277/5558 24/2942/5511
s 0
f 107/2951/5559 570/2933/5559 459/2947/5559
f 243/2937/5560 594/2929/5560 447/2949/5560
f 266/2953/5561 13/2955/5561 265/2957/5561
s 1
f 266/2953/5562 265/2957/5563 240/2958/5564
s 0
f 543/2909/5565 497/2943/5565 245/2935/5565
s 1
f 246/2948/5566 683/2916/5493 245/2935/5495
s 0
f 265/2957/5567 13/2955/5567 107/2959/5567
f 491/2921/5568 678/2923/5568 107/2951/5568
s 1
f 378/2946/5523 243/2937/5501 184/2960/5569
f 267/2954/5570 228/2961/5571 13/2955/5572
f 923/2872/5331 579/2962/5573 24/2942/5511
f 410/2945/5521 256/2950/5543 269/2952/5555
f 107/2951/5574 678/2923/5575 24/2963/5576
s 0
f 425/2940/5577 543/2909/5577 228/2964/5577
f 543/2909/5578 245/2935/5578 228/2964/5578
s 1
f 256/2950/5579 378/2946/5523 184/2960/5569
s 0
f 497/2943/5580 246/2948/5580 245/2935/5580
s 1
f 245/2935/5538 13/2941/5540 228/2964/5581
f 228/2961/5571 267/2954/5570 216/2965/5582
f 216/2965/5583 267/2954/5584 215/2966/5585
s 0
f 243/2937/5586 447/2949/5586 231/2967/5586
f 447/2949/5587 425/2938/5587 228/2961/5587
s 1
f 267/2954/5588 266/2953/5562 240/2958/5564
s 0
f 579/2934/5589 14/2944/5589 24/2968/5589
s 1
f 240/2958/5590 265/2957/5591 183/2969/5592
s 0
f 243/2937/5593 231/2967/5593 184/2960/5593
f 231/2967/5594 447/2949/5594 202/2970/5594
s 1
f 267/2954/5584 240/2958/5595 215/2966/5585
f 128/2971/5596 14/2944/5541 269/2952/5555
s 0
f 256/2950/5597 184/2960/5597 128/2971/5597
f 184/2960/5598 231/2967/5598 202/2970/5598
s 1
f 24/2968/5576 14/2944/5599 128/2971/5600
f 269/2952/5555 256/2950/5543 128/2971/5596
f 216/2965/5601 77/2972/5602 228/2961/5603
f 77/2972/5604 216/2965/5605 215/2966/5606
f 215/2966/5606 240/2958/5590 183/2969/5592
f 77/2972/5604 215/2966/5606 183/2969/5592
f 447/2949/5607 228/2961/5603 202/2970/5608
f 265/2957/5609 107/2959/5610 183/2969/5611
f 202/2970/5612 228/2961/5603 77/2972/5602
f 128/2971/5613 184/2960/5614 80/2973/5615
f 184/2960/5616 202/2970/5617 80/2973/5615
f 24/2968/5576 128/2971/5600 80/2973/5618
f 80/2973/5619 77/2972/5620 183/2969/5611
f 107/2959/5574 24/2968/5576 80/2973/5618
f 107/2959/5610 80/2973/5619 183/2969/5611
s 0
f 202/2970/5621 77/2972/5621 80/2973/5621
f 2/2974/5622 4/5/5622 3/7/5622
