# Blender 4.3.2
# www.blender.org
o model
v 0.352002 0.697006 -0.374822
v 0.350992 0.703035 -0.373713
v 0.356012 0.701164 -0.353920
v 0.347100 0.693496 -0.351795
v -0.494071 0.300182 -0.128186
v -0.503016 0.356257 -0.052998
v -0.498006 0.321034 -0.059922
v -0.513165 0.295034 -0.049881
v -0.497427 0.321586 -0.042364
v -0.495988 0.319917 -0.025644
v -0.427063 0.413358 -0.171078
v -0.447759 0.413752 -0.176471
v -0.468399 0.404958 -0.109732
v -0.444457 0.417367 -0.090050
v -0.445116 0.415644 -0.069065
v -0.443710 0.043647 -0.079942
v -0.387531 0.437679 -0.520996
v -0.361555 0.512170 -0.270546
v -0.483314 0.216461 -0.408980
v -0.452662 0.011720 -0.247221
v -0.347704 0.546949 -0.616810
v -0.436570 0.099526 -0.526411
v -0.437205 0.093579 -0.527987
v -0.444002 0.094534 -0.553395
v -0.449526 0.099915 -0.589331
v -0.461354 0.099779 -0.590725
v -0.370742 0.463736 0.349898
v -0.474948 0.224404 -0.591402
v -0.452590 0.148593 -0.523805
v -0.384332 0.013780 -0.657886
v -0.324240 0.011889 -0.509367
v -0.438082 0.006319 -0.562773
v -0.271485 0.010514 -0.637109
v -0.479469 0.087922 -0.625755
v -0.353085 0.069853 -0.661138
v -0.337886 0.712710 -0.584605
v -0.500735 0.276796 0.336210
v -0.426212 0.018959 0.360199
v -0.364470 0.473518 -0.843931
v -0.330968 0.698511 -0.687199
v -0.398901 0.010456 0.263707
v -0.288800 0.012858 0.366709
v -0.514206 0.395846 0.374941
v -0.111463 0.015772 -0.621616
v -0.355819 0.696845 -0.774433
v -0.104333 0.048253 0.398816
v -0.283040 0.509624 -0.927358
v -0.275042 0.517748 -0.919319
v -0.037650 0.010974 -0.459275
v -0.365057 0.314067 0.668739
v 0.126243 0.031388 -0.584274
v 0.071657 0.014670 -0.484502
v -0.244515 0.886563 -0.695988
v -0.163841 0.567221 -0.871711
v -0.396990 0.102201 0.500966
v -0.257573 0.895063 -0.568810
v -0.121449 0.046619 0.616612
v -0.362862 0.327673 0.764850
v -0.507504 0.317585 -0.182465
v -0.405929 0.104600 0.551713
v 0.122821 0.011390 0.079356
v -0.211750 0.273100 -0.892328
v -0.185654 0.933044 -0.433568
v -0.372175 0.226724 0.796530
v 0.093932 0.005926 0.169952
v -0.187797 0.939161 0.009835
v -0.397520 0.084658 0.674179
v 0.192758 0.064690 -0.121600
v -0.148893 0.063730 0.698915
v -0.395587 0.212474 -0.458104
v -0.326980 0.284783 0.847608
v -0.088634 0.018021 0.648785
v -0.377073 0.200986 0.838144
v -0.002157 0.097785 -0.868809
v 0.021322 0.788610 -0.773205
v 0.010074 0.780228 -0.782210
v -0.072420 1.000912 0.011875
v 0.334375 0.072659 -0.414020
v 0.020123 0.553105 -0.851623
v -0.089895 0.970687 0.021281
v 0.016258 0.782209 -0.804114
v 0.017468 0.789229 -0.788621
v -0.070446 0.005814 0.705722
v 0.053595 0.801246 -0.724057
v 0.030069 0.844028 -0.705858
v -0.087733 0.268470 -0.931965
v -0.185716 0.953370 0.445567
v -0.305764 0.189786 0.844047
v 0.050049 0.814637 -0.530230
v 0.033178 0.773540 -0.635089
v -0.176634 0.079567 0.861195
v -0.303896 0.117014 0.865628
v 0.250067 0.056478 0.293425
v -0.085563 0.975838 0.418422
v 0.447038 0.008552 -0.054489
v -0.498222 0.301264 -0.163342
v -0.506710 0.295653 -0.165624
v -0.507270 0.300253 -0.158988
v -0.125122 0.673568 0.870977
v -0.124305 0.674204 0.871028
v 0.010673 0.096887 0.830843
v 0.190568 0.350615 -0.910736
v 0.193291 0.037916 0.676966
v 0.447135 0.010834 0.327982
v 0.383485 0.010370 0.253816
v 0.267390 0.004485 0.281775
v 0.379901 0.015544 0.378311
v 0.307189 0.717856 -0.873603
v -0.507688 0.266787 -0.176691
v 0.260111 0.845864 -0.439602
v 0.228134 0.738727 -0.511621
v 0.195803 0.017204 0.830901
v -0.002116 0.626757 0.907748
v 0.336142 0.116766 0.392326
v 0.381804 0.134854 -0.832006
v 0.389793 0.260365 -0.734186
v 0.214802 0.746130 0.668306
v -0.115118 0.248892 0.892759
v 0.452099 0.149481 -0.507479
v 0.488397 0.180362 -0.406803
v 0.478344 0.112670 -0.433966
v 0.453190 0.095926 -0.499699
v 0.477815 0.164450 -0.601743
v -0.122728 0.251801 0.882909
v 0.213688 0.099587 0.843217
v 0.122987 0.623117 0.942432
v -0.106913 0.261435 0.869199
v -0.149566 0.279896 0.877244
v -0.144866 0.423958 0.870102
v -0.135305 0.419620 0.880870
v -0.147097 0.319719 0.892555
v 0.517905 0.150499 -0.225304
v 0.248399 0.856800 0.061465
v 0.291357 0.722193 -0.444927
v -0.107958 0.416608 0.883228
v 0.331776 0.001178 0.637395
v 0.206053 0.005963 0.603987
v 0.281083 0.008965 0.554812
v 0.222154 0.043407 0.652012
v 0.356823 0.007629 0.480884
v 0.345604 0.047850 0.642846
v 0.341554 0.685883 -0.574064
v 0.327215 0.713073 -0.664495
v -0.505718 0.312110 -0.234816
v 0.167277 0.949915 0.404267
v 0.187989 0.143636 0.898171
v 0.510024 0.147590 0.038636
v 0.488301 0.212507 -0.567072
v 0.165684 0.931719 0.259114
v -0.055524 0.528365 0.875018
v 0.399675 0.617040 -0.672833
v 0.344896 0.511354 -0.695612
v 0.344644 0.506133 -0.693843
v 0.345945 0.508930 -0.695374
v 0.344917 0.511390 -0.695475
v 0.348114 0.510710 -0.695144
v 0.348527 0.548123 -0.714103
v 0.367074 0.455300 -0.673472
v 0.355181 0.542075 -0.639105
v 0.349855 0.480322 -0.728675
v 0.376992 0.446631 -0.572829
v 0.364096 0.561173 -0.789060
v 0.370251 0.442103 -0.816539
v 0.391255 0.416948 0.044758
v 0.471227 0.406689 -0.217874
v 0.454193 0.407159 -0.240417
v 0.452025 0.409881 -0.237344
v 0.455419 0.409020 -0.247749
v 0.137626 0.266532 0.876406
v -0.006857 0.208324 0.926492
v 0.021528 0.534734 0.870087
v 0.500490 0.327817 -0.272384
v 0.488500 0.409512 -0.360077
v 0.489852 0.409334 -0.570085
v 0.466642 0.405712 -0.172925
v 0.373813 0.632384 -0.349550
v 0.377409 0.649864 -0.425627
v 0.370946 0.629247 -0.357448
v 0.380433 0.628897 -0.371696
v 0.371946 0.628629 -0.354896
v 0.370425 0.641512 -0.347879
v 0.153850 0.278955 0.898108
v 0.201116 0.335052 0.929957
v 0.193823 0.333902 0.945840
v 0.162054 0.542100 0.945003
v 0.165961 0.462134 0.933059
v 0.408913 0.400816 0.340272
v -0.516964 0.356674 -0.054494
v -0.501904 0.342429 -0.084918
v 0.503364 0.379680 0.394749
v 0.511033 0.205540 0.387006
v -0.501727 0.351732 -0.053430
v 0.371085 0.413128 0.499548
v 0.335141 0.587663 0.212977
v -0.494636 0.329953 -0.049047
v 0.356070 0.481610 0.183015
v 0.373185 0.642097 0.365936
v 0.364645 0.466242 0.357246
v -0.520684 0.358461 -0.043832
v 0.372420 0.618055 -0.349927
v 0.347630 0.589201 0.132219
v 0.377255 0.417810 0.410246
v 0.338736 0.550122 -0.042252
v 0.378582 0.426098 0.189949
v 0.377261 0.519781 0.468491
v 0.346868 0.591573 -0.339191
v 0.355037 0.583348 -0.168122
v -0.503737 0.294010 -0.048760
v 0.482732 0.400860 0.318380
v 0.351259 0.587666 0.354039
v -0.511672 0.323801 -0.099862
v -0.504886 0.293407 -0.047312
v -0.498172 0.289068 -0.046508
v -0.519802 0.197581 -0.042761
v 0.366761 0.567410 0.778557
v 0.316211 0.480705 0.829308
v 0.342415 0.531062 0.819591
v 0.368209 0.407946 0.801743
v 0.287944 0.431122 0.884253
v -0.514014 0.345948 -0.025899
v -0.516528 0.266570 -0.026797
v -0.502297 0.266137 -0.029791
v -0.517135 0.263786 -0.086946
v 0.364829 0.298111 0.721041
v 0.366762 0.371126 0.656957
v -0.515009 0.307717 -0.010124
v 0.293976 0.523655 0.873395
v -0.497949 0.291736 -0.044676
v -0.494407 0.279702 -0.015388
v -0.515987 0.400760 -0.290156
v 0.362646 0.635208 0.810856
v -0.522765 0.209101 -0.285812
v 0.352805 0.481092 -0.298943
v 0.399185 0.189630 0.392418
v 0.365296 0.315464 0.656249
v 0.365333 0.314198 0.656192
v 0.365304 0.315276 0.656242
v 0.238542 0.526838 0.910745
v 0.370039 0.276158 0.548886
v 0.364718 0.313424 0.655627
v 0.254179 0.226329 0.902446
v 0.100860 0.495152 0.893779
v 0.121613 0.487143 0.912426
v 0.126115 0.397154 0.882400
v 0.142574 0.471945 0.904563
v 0.139307 0.395110 0.886457
v 0.150210 0.332377 0.874830
v 0.136695 0.322443 0.888816
v 0.116674 0.466810 0.884572
v 0.152587 0.493744 0.900263
v 0.148715 0.486052 0.868506
v 0.124795 0.427251 0.896871
v 0.122259 0.481537 0.919188
v 0.110011 0.421353 0.885739
v 0.095411 0.400298 0.887131
v 0.117411 0.521339 0.892621
v 0.147738 0.513526 0.910412
v 0.115436 0.344653 0.871546
v 0.061851 0.461194 0.874176
v 0.169437 0.464091 0.914841
v 0.112628 0.518751 0.865641
v 0.160236 0.326958 0.879141
v 0.507215 0.353449 0.268056
v -0.474517 0.405840 -0.152473
v -0.483043 0.413887 -0.142901
v -0.476479 0.410731 -0.207982
v 0.111478 0.339700 0.884457
v -0.452069 0.420474 -0.171155
v -0.443668 0.419377 -0.204849
v -0.481492 0.409600 -0.190044
v -0.448816 0.415593 -0.160263
v -0.468180 0.412444 -0.139660
v -0.436356 0.405274 -0.140627
v -0.429519 0.407241 -0.139229
v -0.444609 0.419279 -0.137027
v -0.432544 0.405795 -0.140639
v -0.425056 0.404542 -0.137989
v -0.423783 0.406279 -0.140221
v -0.442030 0.418347 -0.141615
v 0.072689 0.537786 0.885641
v 0.138651 0.560305 0.891612
v -0.420656 0.411931 -0.145309
v 0.216025 0.530802 0.946294
v -0.416795 0.403941 -0.119657
v 0.501861 0.379460 0.155293
v 0.113007 0.325447 0.881138
v 0.112784 0.323966 0.882086
v 0.380351 0.239199 0.338777
v -0.471784 0.405752 -0.180986
v -0.452036 0.419895 -0.201876
v -0.417513 0.404097 -0.166576
v 0.082052 0.547636 0.873814
v -0.467905 0.406327 -0.078095
v 0.347089 0.226460 0.820937
v 0.193817 0.194518 0.932663
v 0.062385 0.279182 0.890819
v 0.070001 0.539509 0.861264
v 0.323525 0.713331 0.771398
v 0.332112 0.713662 0.344133
v -0.446287 0.414711 -0.122167
v -0.487050 0.420349 -0.098352
v 0.369478 0.453230 -0.156719
v 0.506343 0.279597 -0.038003
v 0.514364 0.298239 -0.154348
v 0.499301 0.273782 -0.097765
v 0.503069 0.322104 -0.044795
v -0.466163 0.410642 -0.107832
v 0.421499 0.405562 -0.105338
v 0.437781 0.405463 -0.112492
v 0.520689 0.359555 -0.058711
v 0.496217 0.297010 -0.067545
v 0.511355 0.333758 -0.099459
v 0.509452 0.306710 -0.058917
v 0.497457 0.318977 -0.059861
v 0.497261 0.355945 -0.054861
v 0.518871 0.338880 -0.133593
v 0.496913 0.321689 -0.161988
v 0.499222 0.342500 -0.142265
v 0.497468 0.337994 -0.132294
v 0.497377 0.349635 -0.142329
v 0.516853 0.342759 -0.142030
v 0.495639 0.307025 -0.143481
v 0.497953 0.315731 -0.050297
v 0.519585 0.304196 -0.173246
v 0.499087 0.306663 -0.155893
v 0.496942 0.294299 -0.088332
v 0.502741 0.350347 -0.055042
v 0.496929 0.314779 -0.164081
v 0.519619 0.306282 -0.162425
v 0.500673 0.293159 -0.088982
v 0.520671 0.336410 0.003132
v 0.471886 0.408151 -0.137080
v 0.427822 0.406105 -0.141954
v 0.424007 0.405246 -0.140211
v 0.414672 0.415828 -0.166981
v 0.426961 0.405258 -0.138146
v 0.413314 0.416984 -0.122596
v 0.442893 0.412710 -0.137795
v 0.455790 0.406199 -0.140797
v 0.456826 0.419913 -0.143163
v 0.448087 0.417752 -0.126021
v 0.450536 0.420344 -0.111076
v 0.424893 0.407458 -0.077474
v 0.461253 0.408690 -0.056069
v 0.495252 0.421274 -0.008160
v 0.451554 0.418566 -0.072607
v 0.446539 0.413489 -0.075974
v 0.480049 0.410110 -0.076932
v 0.447425 0.421377 -0.079343
v 0.420082 0.403699 -0.084769
v -0.446709 0.416416 -0.211632
v 0.448039 0.413096 -0.103519
v -0.446740 0.412892 -0.198339
v 0.468345 0.404547 -0.106806
v 0.483317 0.414187 -0.115824
v 0.417105 0.422355 -0.029290
v 0.469615 0.405003 -0.113286
v 0.467330 0.405250 -0.137975
v 0.471214 0.404457 -0.162081
v 0.442807 0.406182 -0.109125
v 0.496973 0.291083 -0.094697
v 0.519837 0.303836 -0.054477
v 0.517502 0.353102 -0.032969
v 0.515340 0.393886 0.036396
v 0.427004 0.404332 -0.110124
v 0.432315 0.405669 -0.108344
v 0.512103 0.340761 -0.201087
v 0.522188 0.287426 -0.115915
v 0.503091 0.297100 -0.152905
v 0.501641 0.298586 -0.153968
v 0.501641 0.298514 -0.153903
v 0.500789 0.278888 -0.075214
v 0.466250 0.405757 -0.142813
v 0.488276 0.420692 -0.163857
v 0.496177 0.264091 -0.082864
v 0.423776 0.406293 -0.114774
v -0.416899 0.404289 -0.186347
v -0.520958 0.146511 0.019634
v 0.061761 0.535600 0.874975
v -0.449669 0.409465 -0.318188
v 0.418886 0.404376 -0.166768
v -0.449412 0.406280 -0.205190
v 0.500612 0.275917 0.336304
v -0.475244 0.405804 -0.064839
v 0.039996 0.537537 0.885916
v 0.044907 0.522762 0.871401
v 0.056526 0.551257 0.875151
v 0.374816 0.602006 0.501521
v 0.246977 0.854262 0.443784
v 0.275938 0.741977 0.258730
v 0.388674 0.441435 -0.502365
v -0.441535 0.406350 -0.078042
v 0.434198 0.406759 -0.171862
v 0.446799 0.411011 -0.173546
v 0.445597 0.410547 -0.200841
v 0.453192 0.417262 -0.205636
v 0.446979 0.408904 -0.219664
v 0.446689 0.419707 -0.214492
v 0.445421 0.406656 -0.202808
v 0.456266 0.410040 -0.198107
v 0.512127 0.264155 -0.171070
v 0.520876 0.263493 -0.088355
v -0.521115 0.383352 0.028090
v 0.147520 0.243597 0.923494
v 0.078790 0.551378 0.888124
v 0.346692 0.693193 0.327520
v -0.412945 0.409918 -0.206538
v 0.496925 0.304579 -0.187081
v -0.415555 0.401910 -0.093538
v -0.450938 0.410558 -0.062078
v 0.347406 0.694699 0.338784
v 0.367137 0.667223 0.307370
v 0.357854 0.700988 0.340226
v 0.306243 0.726470 0.448745
v 0.419945 0.404452 -0.204796
v 0.450247 0.409893 -0.231104
v -0.449028 0.415160 -0.099197
v 0.263456 0.642800 0.895564
v -0.495250 0.140425 -0.323634
v 0.380055 0.445875 -0.400799
v 0.014327 0.529160 0.860413
v 0.428333 0.416799 -0.201637
v 0.496565 0.295231 -0.186466
v -0.448816 0.422048 -0.076937
v 0.112898 0.270084 0.883958
v 0.005180 0.549468 0.877213
v 0.419826 0.414455 -0.263024
v 0.447114 0.410711 -0.247685
v 0.450911 0.407438 -0.247003
v 0.453620 0.406370 -0.249873
v 0.358157 0.221844 0.647755
v 0.123703 0.254199 0.875878
v 0.012854 0.519822 0.868783
v 0.485191 0.221223 -0.407105
v 0.514939 0.410069 -0.255532
v 0.499806 0.287592 -0.220292
v -0.421150 0.405274 -0.062361
v -0.395061 0.420694 0.045640
v -0.017855 0.526564 0.869147
v -0.026713 0.556308 0.894420
v 0.029477 0.558804 0.894546
v 0.492628 0.259313 -0.524626
v 0.517211 0.396350 -0.313298
v 0.498673 0.382816 0.082325
v 0.226345 0.291715 0.910599
v -0.021080 0.529097 0.863736
v -0.068448 0.543367 0.865029
v 0.286813 0.726705 0.042605
v 0.413808 0.417290 -0.206422
v 0.383969 0.151273 0.658460
v 0.353003 0.152565 0.566866
v -0.391296 0.430732 -0.144157
v 0.117678 0.272768 0.869594
v -0.058860 0.553223 0.879808
v 0.271431 0.860303 0.486612
v 0.330174 0.718656 0.259247
v 0.374760 0.167949 0.476562
v -0.069789 0.526819 0.890952
v 0.386393 0.607308 -0.846710
v 0.496228 0.214676 0.267750
v -0.033406 0.364939 0.883218
v -0.032242 0.364939 0.883196
v -0.048239 0.532995 0.881559
v -0.024485 0.522413 0.875756
v 0.378673 0.640460 0.458694
v -0.034115 0.365843 0.883775
v -0.054565 0.529765 0.867976
v 0.245959 0.851176 0.259848
v -0.459560 0.118627 -0.034492
v -0.063993 0.324839 0.881743
v 0.159099 0.960246 0.529109
v -0.445970 0.051589 -0.062247
v -0.489779 0.129341 -0.220885
v 0.369310 0.214720 0.427641
v 0.108841 0.239998 0.866894
v 0.388085 0.421941 -0.345124
v 0.513700 0.253605 -0.262675
v -0.464191 0.417615 0.029603
v 0.520131 0.151864 -0.058999
v -0.058416 0.531705 0.888734
v -0.442182 0.054503 -0.100731
v 0.087124 0.220913 0.883525
v -0.099028 0.264631 0.897817
v -0.392267 0.429514 -0.348470
v 0.286360 0.734015 -0.216650
v 0.354865 0.656545 -0.670249
v 0.353635 0.655750 -0.669916
v 0.353295 0.655735 -0.669909
v -0.040125 0.601365 0.941246
v 0.314919 0.733058 0.544137
v 0.362831 0.673450 -0.773884
v -0.441813 0.051559 -0.061756
v -0.071077 0.549429 0.877844
v -0.082366 0.538646 0.875584
v -0.379910 0.217460 -0.351680
v 0.428288 0.092523 0.359917
v 0.168754 0.933699 0.443468
v 0.172845 0.955013 0.420957
v 0.171022 0.960246 0.417256
v 0.502989 0.244481 0.152601
v -0.372650 0.461755 -0.040071
v 0.375325 0.105352 0.483320
v 0.161849 0.944003 0.258847
v -0.395171 0.137443 -0.331053
v 0.324676 0.724985 -0.478557
v -0.371659 0.462486 -0.041699
v -0.371695 0.462486 -0.041171
v -0.379321 0.428120 0.148088
v 0.324251 0.119865 0.765046
v -0.096026 0.529313 0.861159
v -0.460734 0.176140 0.034972
v 0.245132 0.849031 0.018027
v 0.342124 0.655557 -0.669120
v -0.454634 0.059307 -0.034205
v -0.425280 0.051870 -0.054091
v 0.351172 0.176881 0.375429
v 0.046225 0.182318 0.907978
v -0.156635 0.517531 0.881945
v 0.193022 0.858741 0.545205
v 0.378361 0.283900 -0.835635
v 0.495509 0.242440 0.080112
v 0.252786 0.157778 0.842723
v -0.104255 0.410407 0.894544
v -0.432268 0.050730 -0.046141
v 0.159420 0.942779 0.436614
v -0.385214 0.052587 -0.272299
v 0.129813 0.974523 0.450236
v 0.435362 0.345800 -0.318751
v 0.372714 0.090715 0.593285
v -0.132974 0.319004 0.888467
v -0.404477 0.059056 -0.304794
v -0.108921 0.402069 0.881638
v 0.298715 0.372831 -0.925500
v 0.385841 0.212313 -0.400362
v 0.387024 0.227623 -0.344029
v 0.506190 0.138484 -0.323197
v 0.204889 0.012806 0.480306
v -0.005277 0.213080 0.885017
v -0.119812 0.567401 0.922597
v 0.260419 0.723078 0.830910
v -0.383202 0.050133 -0.276357
v 0.209273 0.739205 0.737516
v 0.385656 0.226110 0.064599
v -0.115286 0.321799 0.879099
v -0.407469 0.051567 0.000907
v -0.453697 0.054394 -0.223085
v -0.373368 0.052434 -0.277460
v 0.483427 0.221406 -0.349441
v -0.363913 0.052024 -0.277266
v 0.313771 0.093931 0.656187
v -0.119306 0.504127 0.910944
v 0.343087 0.615245 -0.872436
v 0.303307 0.521036 -0.929330
v 0.467963 0.168342 0.341708
v -0.132262 0.465012 0.890803
v -0.096941 0.464407 0.878306
v -0.407225 0.025457 -0.282990
v 0.272401 0.723616 -0.723624
v 0.357331 0.061007 0.448302
v -0.113969 0.275070 0.870577
v -0.112206 0.321878 0.870698
v -0.109792 0.468333 0.881121
v 0.148849 0.724876 0.775021
v 0.319518 0.209200 -0.903999
v -0.419484 0.133848 0.127974
v -0.104114 0.264739 0.880306
v -0.113037 0.265562 0.876107
v 0.076977 0.934617 0.504207
v 0.277588 0.715343 -0.562645
v -0.370204 0.598594 -0.379779
v 0.428044 0.185384 0.035479
v -0.097169 0.234730 0.894464
v -0.131426 0.241263 0.905924
v -0.129989 0.257532 0.874668
v -0.444259 0.168694 0.104369
v -0.439790 0.127181 0.041928
v 0.387715 0.601121 -0.553641
v 0.491743 0.192914 -0.626945
v 0.004841 0.620839 0.916591
v 0.137822 0.632938 0.907645
v 0.071551 0.976050 0.258420
v 0.450578 0.101411 -0.557034
v 0.440342 0.097253 -0.545579
v 0.397282 0.209586 -0.423659
v 0.154783 0.111846 0.868770
v 0.053534 0.858636 0.560998
v 0.437971 0.210506 -0.574091
v 0.451883 0.100491 -0.574311
v -0.133381 0.227472 0.892000
v 0.273469 0.719137 0.619632
v -0.331536 0.045961 -0.288541
v -0.335363 0.047889 -0.272672
v 0.479097 0.117131 -0.588439
v 0.459692 0.099310 -0.588303
v 0.465538 0.153295 -0.422818
v -0.098083 0.222344 0.890011
v -0.369784 0.482832 -0.160172
v 0.393303 0.165881 -0.739075
v 0.452097 0.099730 -0.587929
v 0.451369 0.094783 -0.592152
v 0.456148 0.099925 -0.574071
v 0.457445 0.100007 -0.571783
v 0.478417 0.124632 -0.387285
v 0.403763 0.090723 -0.400915
v 0.468583 0.153897 -0.414183
v 0.457845 0.154257 -0.409342
v -0.143534 0.446771 0.870456
v 0.377236 0.272139 -0.583970
v 0.410555 0.207231 -0.524968
v 0.460052 0.098234 -0.576091
v -0.142079 0.467132 0.871151
v -0.000920 0.625917 0.906232
v 0.004163 0.632036 0.907850
v 0.407957 0.207919 -0.523813
v 0.409245 0.208006 -0.524862
v -0.406367 0.140184 0.129128
v -0.405229 0.145512 0.124116
v -0.151428 0.468468 0.869224
v 0.161290 0.949948 0.068535
v 0.153914 0.966763 0.020460
v 0.381180 0.155286 -0.659797
v 0.467406 0.142856 0.156339
v 0.262934 0.042517 0.437045
v -0.151182 0.244245 0.936767
v 0.001438 0.654964 0.906415
v 0.078367 0.983688 0.468250
v 0.167121 0.929951 0.017497
v -0.381810 0.232119 0.062309
v 0.237134 0.534397 -0.912182
v 0.476824 0.175843 0.116123
v -0.462912 0.033332 -0.074797
v -0.153514 0.173310 0.894400
v -0.298003 0.051463 -0.279808
v 0.032801 0.736054 0.755887
v -0.384399 0.196283 -0.413847
v -0.357019 0.488726 -0.059798
v 0.095934 0.377198 -0.930533
v 0.322889 0.146300 -0.885936
v 0.149284 0.724587 0.630711
v 0.083159 0.982763 0.511327
v 0.057002 0.980424 0.440342
v -0.334801 0.048808 -0.282413
v 0.459529 0.055969 -0.051636
v 0.198799 0.095465 0.637455
v 0.247934 0.855877 -0.211742
v 0.316933 0.718430 -0.803823
v 0.483312 0.074882 -0.485012
v -0.496413 0.206065 0.092704
v 0.220292 0.733718 0.557380
v 0.233091 0.898344 -0.506745
v 0.393996 0.099139 -0.421505
v -0.176626 0.323665 0.908682
v 0.052271 0.996771 0.469108
v 0.158307 0.944922 0.011706
v 0.163864 0.949372 -0.001958
v 0.382495 0.215461 -0.630469
v -0.066897 0.928485 0.505627
v 0.163202 0.958655 0.015598
v -0.425004 0.037515 0.120475
v 0.129827 0.733778 -0.744381
v 0.227653 0.106735 0.712730
v -0.174568 0.465400 0.944580
v 0.091536 0.702960 0.852572
v 0.037741 0.726394 0.647600
v 0.305664 0.049372 0.389976
v -0.202469 0.543650 0.942835
v -0.064819 0.676350 0.872433
v 0.052649 0.747536 0.562603
v 0.161560 0.954481 -0.000439
v 0.442997 0.126613 -0.004813
v 0.451104 0.088490 0.169737
v -0.382440 0.039179 0.119103
v 0.171155 0.959369 0.005406
v 0.098387 0.516099 -0.933930
v -0.369102 0.049044 -0.287583
v 0.415651 0.050274 -0.008871
v -0.439347 0.093250 -0.468962
v -0.181970 0.142016 0.878095
v -0.380355 0.096270 -0.421613
v -0.193045 0.336189 0.933150
v 0.158190 0.948863 -0.242216
v -0.165435 0.463032 0.913811
v -0.018745 0.985153 0.450965
v -0.263334 0.063997 -0.481094
v 0.427772 0.014223 0.145503
v 0.024913 0.012413 0.833832
v -0.165563 0.462938 0.928282
v -0.066533 0.859422 0.557491
v 0.190810 0.849699 -0.514069
v 0.436792 0.107415 0.115138
v -0.374007 0.458263 -0.380285
v 0.448098 0.076329 0.313232
v 0.348640 0.018973 0.124749
v 0.167050 0.938420 -0.443614
v 0.444157 0.001992 -0.487211
v 0.368646 0.010844 -0.505129
v 0.427804 0.004669 -0.607544
v 0.295597 0.005120 -0.456822
v 0.369147 0.006683 -0.491739
v 0.395893 0.011441 -0.461423
v 0.459590 0.029607 -0.634168
v 0.453751 0.039128 -0.457890
v -0.477988 0.224777 -0.347614
v 0.344876 0.010362 -0.554248
v 0.392579 0.141656 -0.321008
v -0.197642 0.229655 0.942818
v -0.132954 0.673222 0.871332
v -0.125882 0.673546 0.871013
v -0.023595 0.964040 0.459889
v 0.053644 0.843063 -0.613074
v -0.399006 0.064532 0.124522
v 0.464717 0.127304 -0.260555
v -0.284709 0.051319 -0.266819
v -0.072269 0.978302 0.515737
v 0.100336 0.741063 -0.583322
v 0.104103 0.760537 -0.678808
v -0.380756 0.061515 -0.408625
v 0.464161 0.064640 -0.609863
v -0.221273 0.338608 0.932319
v -0.225621 0.507938 0.909276
v -0.204046 0.464342 0.940136
v 0.059045 0.747469 -0.541095
v 0.365345 0.054822 -0.743015
v -0.239670 0.062201 -0.232239
v -0.078926 0.972301 0.265059
v 0.383611 0.034298 -0.403679
v 0.456973 0.049492 0.197613
v 0.250802 0.050395 0.164525
v -0.329997 0.056825 -0.281058
v 0.186904 0.002328 0.691309
v -0.326418 0.059715 -0.397093
v 0.156875 0.953302 -0.184587
v 0.168670 0.949685 -0.193235
v 0.275941 0.031627 -0.420869
v 0.432100 0.006613 -0.262116
v 0.391017 0.011290 -0.128845
v 0.430601 0.136800 0.128028
v -0.380975 0.043179 0.124155
v 0.339359 0.059866 0.123120
v 0.414792 0.143172 0.131404
v -0.402832 0.046380 0.139830
v 0.418260 0.117694 0.126903
v 0.418079 0.093768 0.127001
v 0.419691 0.116767 0.126520
v 0.419279 0.117932 0.126491
v 0.420928 0.116724 0.126715
v 0.418360 0.078640 0.132830
v 0.418471 0.091209 0.127952
v 0.418256 0.092767 0.127617
v 0.403234 0.052093 0.126031
v 0.212473 0.090320 0.457952
v -0.069674 0.723505 0.571742
v 0.101173 0.704828 -0.909597
v -0.487838 0.410231 -0.363947
v -0.117262 0.717985 0.840513
v -0.117090 0.997554 0.508901
v 0.195163 0.241148 -0.904574
v 0.290829 0.009548 -0.646858
v -0.184288 0.855056 0.560924
v 0.054048 0.975978 0.030766
v -0.245265 0.238832 0.911381
v -0.124255 0.641818 0.904060
v 0.033966 0.762451 -0.659711
v 0.165173 0.061838 0.431886
v -0.357714 0.582745 -0.131984
v 0.370878 0.072975 -0.658648
v 0.256243 0.036485 -0.585248
v 0.457580 0.053311 -0.240627
v 0.323784 0.047438 -0.002434
v 0.071146 0.010729 0.758241
v 0.070738 0.766359 -0.753617
v 0.101805 0.046623 0.663217
v -0.288966 0.021544 0.855019
v -0.307111 0.092752 0.808299
v -0.098130 0.970749 0.454828
v -0.101487 0.988084 0.468651
v 0.049669 0.975488 0.072914
v 0.107309 0.814762 -0.721461
v 0.094997 0.727659 -0.837754
v 0.396416 0.055682 -0.298746
v -0.185354 0.176955 0.848889
v 0.036127 0.815416 -0.663229
v 0.064094 0.825323 -0.528664
v 0.040539 0.782438 -0.594377
v 0.079601 0.786468 -0.760869
v 0.085610 0.845038 -0.749807
v 0.086798 0.798235 -0.764884
v -0.102483 0.011904 0.816780
v -0.290729 0.016443 0.705567
v -0.222588 0.831692 0.702376
v -0.216391 0.833430 0.711306
v -0.220357 0.833699 0.704260
v -0.222317 0.829361 0.705691
v -0.221562 0.825650 0.701557
v -0.229167 0.837190 0.686669
v -0.196186 0.825116 0.740018
v -0.178353 0.806798 0.769412
v -0.216785 0.802403 0.760818
v -0.197743 0.811434 0.733725
v -0.183882 0.825436 0.782948
v -0.199193 0.839808 0.741268
v -0.197044 0.840459 0.732799
v -0.149571 0.843223 0.726657
v -0.200720 0.846392 0.730272
v -0.207835 0.832758 0.738143
v -0.222872 0.827003 0.767476
v -0.236806 0.836717 0.773218
v -0.151085 0.781004 0.760137
v -0.225608 0.798778 0.711260
v -0.182662 0.804465 0.692726
v -0.160124 0.825519 0.716033
v -0.256342 0.834623 0.727450
v -0.236441 0.838340 0.720548
v -0.244594 0.823640 0.734732
v -0.240549 0.826128 0.744591
v -0.257631 0.067095 -0.591366
v -0.248368 0.819404 0.705343
v -0.177721 0.832988 0.701950
v -0.185202 0.833659 0.679119
v -0.249172 0.795091 0.702686
v -0.179631 0.836208 0.701641
v -0.179632 0.834560 0.699450
v -0.202788 0.838185 0.693317
v -0.230399 0.823103 0.705220
v -0.213551 0.820866 0.695905
v -0.254903 0.773318 0.757864
v -0.165873 0.767886 0.690186
v -0.239077 0.739882 0.765759
v -0.123562 0.731539 0.752954
v -0.229036 0.743457 0.695309
v 0.270351 0.014184 -0.052845
v -0.276684 0.527753 0.891951
v -0.086143 0.739328 0.676540
v 0.242591 0.043844 -0.841891
v -0.161583 0.012969 0.696176
v -0.165846 0.014557 0.854041
v -0.262333 0.207853 0.879127
v 0.018415 0.989973 0.016083
v 0.069716 0.786886 -0.812764
v 0.021711 0.891621 -0.549761
v 0.053057 0.820878 -0.537831
v -0.000519 0.345173 -0.931635
v 0.058636 0.283449 -0.895348
v 0.271121 0.074990 -0.470753
v -0.329974 0.050910 -0.007332
v 0.300658 0.011607 -0.103462
v -0.088517 0.085660 0.827977
v -0.092310 0.098652 0.825859
v -0.218793 0.202111 0.877454
v 0.021427 0.806406 -0.743263
v 0.058650 0.607127 -0.883790
v -0.458262 0.064131 -0.444771
v 0.143038 0.047021 0.575933
v -0.086585 0.084611 0.827969
v -0.090738 0.087837 0.827977
v -0.218321 0.194355 0.864189
v 0.013588 0.233400 -0.887524
v -0.485604 0.131672 -0.398802
v -0.459362 0.128791 -0.411541
v 0.146240 0.053427 0.270078
v -0.130558 0.396645 -0.926677
v 0.089547 0.000000 0.642985
v -0.263551 0.643522 0.896984
v -0.080177 0.977850 0.073536
v -0.038270 0.995515 0.019824
v 0.008880 0.441204 -0.882164
v 0.270840 0.092825 -0.879548
v -0.415743 0.005867 -0.039665
v 0.053822 0.976433 -0.213701
v 0.054697 0.161608 -0.902440
v -0.284044 0.092996 -0.467107
v -0.240465 0.223579 0.877819
v -0.065526 0.990302 0.022402
v 0.052934 0.818538 -0.701066
v 0.042479 0.804584 -0.719258
v -0.045033 0.985546 0.012053
v -0.261021 0.716406 0.842445
v -0.071348 0.972457 0.013174
v -0.055463 0.985041 0.010522
v 0.279902 0.006238 -0.252965
v 0.068278 0.015040 0.552923
v -0.189807 0.728185 0.571814
v -0.284704 0.004904 -0.226808
v 0.054980 0.920288 -0.518930
v 0.030527 0.214633 -0.863140
v 0.245179 0.048990 -0.687699
v 0.250193 0.083120 -0.630544
v -0.250312 0.103199 -0.435441
v 0.015722 0.852550 -0.791853
v -0.023456 0.586838 -0.878757
v -0.182163 0.939975 0.521911
v -0.206691 0.943567 0.501582
v -0.009290 0.891210 -0.682301
v -0.347391 0.585375 0.042765
v 0.033833 0.787062 -0.758356
v 0.012168 0.783750 -0.781009
v -0.030838 0.730272 -0.814772
v -0.494985 0.376577 0.076735
v -0.461475 0.141063 0.152757
v -0.252338 0.834401 0.524524
v -0.206416 0.942289 0.500433
v -0.208274 0.941648 0.499055
v -0.207076 0.938598 0.501252
v -0.078600 0.973107 0.001066
v 0.012870 0.789588 -0.761582
v -0.124725 0.097840 0.842406
v -0.220117 0.835148 0.541893
v -0.285620 0.882799 0.520923
v -0.060191 0.469972 -0.855929
v 0.105736 0.041960 0.135177
v 0.054539 0.952674 -0.444538
v 0.036572 0.759565 -0.754395
v 0.027946 0.210276 -0.875294
v -0.351539 0.027441 0.800630
v -0.285015 0.866493 0.456106
v -0.087142 0.969962 0.011402
v 0.246417 0.099332 -0.451959
v -0.368773 0.478543 0.118285
v -0.186700 0.936285 0.261075
v -0.102011 0.991085 0.023646
v -0.081442 0.966768 -0.248379
v 0.032753 0.774634 -0.749457
v 0.350728 0.060838 -0.279888
v -0.409089 0.134206 0.798663
v -0.309862 0.229084 0.864645
v -0.282766 0.479678 0.850171
v -0.098269 0.973236 0.014901
v -0.010484 0.737161 -0.710922
v -0.078827 0.713514 -0.863846
v -0.251047 0.747317 0.535564
v -0.065817 0.954557 -0.463760
v 0.050354 0.038394 -0.840056
v 0.031230 0.760060 -0.753689
v 0.019953 0.761989 -0.759534
v 0.020695 0.758275 -0.769779
v 0.020078 0.761322 -0.757761
v -0.141059 0.226782 -0.876792
v 0.248215 0.055403 -0.082287
v -0.320528 0.418873 0.847172
v -0.331011 0.454453 0.812944
v -0.325534 0.711465 0.773180
v -0.263132 0.831439 0.522497
v -0.142463 0.435906 -0.876255
v 0.362684 0.048180 -0.283905
v 0.090004 0.023946 0.387085
v 0.336035 0.049881 -0.273752
v 0.110306 0.009499 0.450309
v -0.248669 0.089123 0.674645
v -0.019244 0.007283 0.446080
v -0.297105 0.221703 0.837266
v -0.323627 0.285768 0.845090
v -0.328481 0.291109 0.846236
v 0.329061 0.056672 -0.277089
v 0.210654 0.001499 -0.837570
v -0.373462 0.226139 0.646498
v -0.299939 0.222707 0.838761
v -0.322714 0.599462 0.846945
v -0.326809 0.034909 0.119754
v -0.317366 0.054434 0.102268
v -0.302938 0.224702 0.839475
v -0.332176 0.276518 0.841106
v -0.359896 0.509125 0.803779
v 0.251855 0.051389 -0.242774
v -0.054738 0.015038 0.557260
v -0.379409 0.029260 0.676942
v -0.330384 0.300915 0.843937
v -0.080081 0.949683 -0.432334
v -0.189106 0.956434 0.048755
v 0.259870 0.061393 -0.213286
v -0.085449 0.098281 0.646858
v -0.045737 0.157382 -0.871139
v -0.191672 0.954494 -0.242644
v -0.079684 0.926453 -0.514625
v 0.221102 0.012454 -0.662408
v 0.055542 0.016038 0.329284
v -0.248928 0.099463 0.673223
v -0.253473 0.058731 0.596675
v -0.350838 0.240801 0.815161
v -0.351618 0.247941 0.816598
v -0.349600 0.275690 0.814930
v -0.352023 0.280135 0.819352
v -0.074952 0.722292 -0.736684
v -0.240032 0.068199 0.629812
v -0.400917 0.064800 0.599337
v -0.083563 0.976559 -0.193086
v 0.056274 0.001790 -0.823227
v 0.147125 0.008572 -0.761941
v -0.409910 0.207215 -0.545391
v -0.396023 0.013877 0.638313
v -0.355273 0.277258 0.816540
v 0.272099 0.056481 -0.346498
v 0.271327 0.066344 -0.269175
v -0.076132 0.013925 0.506189
v -0.075220 0.013867 0.506211
v -0.262156 0.007251 0.623196
v -0.333451 0.008551 0.559090
v -0.405859 0.005047 0.491471
v -0.076530 0.014012 0.505726
v -0.340591 0.058797 0.124541
v -0.262851 0.021391 -0.263699
v -0.273209 0.871827 0.063334
v -0.411879 0.116477 0.615105
v -0.192746 0.972910 -0.198048
v -0.411865 0.214303 -0.537353
v -0.493854 0.411423 -0.556505
v -0.374643 0.591068 0.800607
v -0.081091 0.018734 0.308311
v -0.104708 0.967059 -0.442099
v 0.258255 0.055880 -0.264649
v -0.453980 0.082970 0.174567
v -0.186338 0.950439 -0.185678
v -0.195418 0.957277 -0.197767
v -0.103526 0.954452 -0.448103
v -0.101808 0.959075 -0.443041
v -0.207028 0.369791 -0.892477
v -0.286413 0.039622 0.679271
v -0.208728 0.974971 -0.233007
v -0.209093 0.404744 -0.924224
v 0.112879 0.058158 -0.556229
v 0.112189 0.049232 -0.043971
v 0.100936 0.006773 -0.072018
v -0.400077 0.102960 0.554237
v -0.275871 0.859301 0.258726
v -0.252741 0.703965 -0.887095
v -0.377111 0.098735 0.551542
v -0.389264 0.097055 0.551285
v -0.385419 0.100802 0.553938
v -0.275252 0.861287 0.015403
v -0.184685 0.956572 -0.193689
v -0.165576 0.165988 -0.921503
v 0.118350 0.099893 -0.449662
v -0.392660 0.156030 0.550338
v -0.418516 0.188916 0.639736
v -0.206846 0.959838 -0.230852
v -0.226141 0.486257 -0.945215
v -0.336822 0.763379 0.523772
v -0.214176 0.940813 -0.221612
v -0.264691 0.872690 -0.189398
v -0.213976 0.942728 -0.214555
v -0.191792 0.933230 -0.243234
v 0.064981 0.003026 -0.671145
v 0.126684 0.059057 -0.222822
v -0.271968 0.006253 0.464688
v -0.205354 0.899770 -0.610516
v -0.249278 0.742188 -0.703712
v -0.204914 0.385713 -0.932191
v 0.056264 0.015436 -0.010928
v -0.419740 0.204874 -0.539992
v -0.188924 0.521318 -0.938581
v -0.192064 0.511530 -0.927241
v -0.219936 0.521972 -0.928923
v -0.102907 0.009538 0.363614
v -0.504789 0.259849 0.138668
v -0.124105 0.055595 0.499131
v -0.409878 0.064418 0.444319
v -0.325805 0.718524 0.556306
v -0.363619 0.567692 0.517119
v -0.330079 0.161484 -0.897802
v 0.108341 0.008718 -0.238890
v -0.072858 0.016718 -0.117838
v -0.091157 0.007217 -0.044205
v -0.023342 0.013559 0.233351
v 0.101164 0.016911 -0.426794
v 0.054294 0.041101 -0.658225
v -0.106061 0.009900 0.475728
v -0.320018 0.045324 0.431691
v -0.353335 0.522502 0.243999
v 0.007583 0.012404 0.055164
v -0.260810 0.507040 -0.929528
v -0.231171 0.533083 -0.908995
v -0.302882 0.499858 -0.945074
v -0.272078 0.093153 -0.882202
v -0.075417 0.039228 0.124459
v -0.205062 0.939117 -0.448267
v -0.234211 0.902025 -0.511332
v -0.274452 0.519919 -0.923731
v -0.276132 0.519300 -0.923584
v -0.133922 0.010203 -0.798902
v -0.053013 0.021765 -0.833229
v -0.477358 0.118253 -0.483260
v -0.423720 0.172656 0.461334
v -0.312705 0.375901 -0.923990
v -0.378069 0.622425 0.492927
v -0.276461 0.865703 -0.240925
v -0.298676 0.729559 -0.845398
v -0.364839 0.597169 0.134489
v -0.196186 0.005033 -0.824774
v -0.110010 0.011472 -0.736990
v -0.100932 0.010222 -0.746172
v 0.073694 0.007879 -0.608802
v 0.067015 0.057231 -0.399523
v 0.000496 0.012568 -0.173098
v -0.393075 0.009549 -0.155015
v -0.034550 0.017960 -0.691207
v -0.387665 0.158339 -0.788039
v -0.067787 0.012141 -0.716413
v -0.063756 0.012957 -0.556466
v -0.101958 0.013550 0.073584
v -0.327586 0.734054 0.037015
v -0.487128 0.218829 -0.527307
v -0.276544 0.754458 -0.611961
v -0.318709 0.534262 -0.916922
v -0.349151 0.275062 -0.890529
v -0.106412 0.006288 -0.721519
v -0.367875 0.436592 -0.578548
v -0.241720 0.057251 0.461035
v -0.368621 0.248731 0.503948
v -0.388831 0.586111 -0.570565
v -0.282144 0.859964 -0.445562
v -0.311796 0.728786 0.261060
v -0.459128 0.044596 0.193657
v -0.184319 0.047333 -0.850968
v -0.081924 0.000445 -0.669318
v -0.113869 0.012791 0.181480
v -0.319835 0.726488 0.438873
v -0.432837 0.007800 -0.437642
v -0.269582 0.042414 -0.849365
v -0.315877 0.732639 -0.213663
v -0.372089 0.427528 0.491334
v -0.372113 0.056470 -0.737606
v -0.094179 0.018982 -0.426115
v -0.350305 0.152843 0.398324
v -0.258420 0.717514 -0.533607
v -0.316078 0.724510 -0.753472
v -0.274218 0.004766 0.160578
v -0.236015 0.052806 -0.056159
v 0.064670 0.046145 -0.298259
v -0.369632 0.676543 0.391007
v -0.257879 0.805695 -0.581434
v -0.257879 0.804617 -0.581412
v -0.257879 0.804060 -0.581434
v -0.204505 0.003055 -0.665853
v -0.282840 0.007951 -0.046948
v -0.077266 0.036258 -0.000852
v -0.257879 0.802989 -0.581434
v -0.218263 0.047805 -0.803768
v -0.375281 0.282335 -0.808131
v -0.348470 0.674569 -0.768421
v -0.332677 0.695256 -0.746034
v -0.444421 0.097815 -0.533042
v -0.447410 0.099107 -0.540072
v -0.110926 0.052156 0.293922
v -0.131279 0.054364 0.195232
v -0.125610 0.054633 0.241887
v -0.124662 0.053745 0.277821
v -0.124527 0.053131 0.289780
v -0.123792 0.053283 0.294108
v -0.164453 0.059016 0.279019
v -0.511132 0.200885 0.382087
v -0.374456 0.234342 0.418996
v -0.240230 0.046974 -0.810205
v -0.066845 0.012095 -0.628657
v -0.347951 0.661330 -0.712834
v -0.220141 0.042236 -0.801187
v -0.131320 0.052941 0.269199
v -0.102345 0.061273 -0.602064
v -0.084662 0.002443 -0.265407
v -0.382661 0.633277 0.365759
v -0.252490 0.055450 0.334247
v -0.488317 0.173860 -0.422416
v -0.357577 0.659723 -0.789628
v -0.361708 0.637744 -0.870541
v -0.230555 0.044318 -0.808876
v -0.229470 0.054018 0.142418
v -0.500875 0.386883 0.158568
v -0.374605 0.215512 0.341465
v -0.368662 0.412299 -0.843611
v -0.431876 0.000265 0.154056
v -0.330065 0.728357 -0.431649
v -0.130301 0.054431 -0.080948
v -0.117459 0.058628 -0.193039
v -0.444100 0.080516 0.332639
v -0.207619 0.075438 -0.643046
v -0.133772 0.052106 -0.248784
v -0.360148 0.560874 -0.789028
v -0.355029 0.471514 -0.764043
v -0.214549 0.039181 -0.657931
v -0.378295 0.414801 0.410355
v -0.244235 0.047349 -0.699793
v -0.363716 0.457682 -0.831588
v -0.363767 0.456576 -0.831595
v -0.364439 0.455686 -0.833136
v -0.368310 0.499026 0.367276
v -0.368346 0.501059 0.367334
v -0.368295 0.503063 0.367414
v -0.327755 0.010209 0.248246
v -0.466302 0.165552 0.355590
v -0.377833 0.152655 -0.657817
v -0.259125 0.049445 0.198325
v -0.333721 0.734568 -0.511862
v -0.364842 0.415004 -0.826007
v -0.056179 0.055613 -0.390621
v -0.459373 0.049399 -0.601607
v -0.358074 0.462381 -0.657756
v -0.490144 0.180479 -0.621826
v -0.471966 0.126003 -0.595265
v -0.235563 0.058718 0.294289
v -0.498718 0.390849 0.313795
v -0.370675 0.663901 -0.567458
v -0.385628 0.261564 -0.713834
v -0.272570 0.014612 -0.440499
v -0.496480 0.211675 0.263594
v -0.391612 0.412230 0.341806
v -0.250375 0.059497 -0.162251
v -0.338978 0.102346 0.368453
v -0.351853 0.553636 -0.709269
v -0.373928 0.286089 -0.552651
v -0.385883 0.218221 -0.598898
v -0.225808 0.070207 -0.511227
v -0.362180 0.582002 0.347498
v -0.111194 0.097763 -0.451412
v -0.382063 0.656208 -0.425208
vn 0.9539 0.2007 -0.2230
vn 0.6554 -0.7549 0.0244
vn -0.9670 -0.1206 -0.2242
vn -0.6040 0.7645 0.2254
vn 0.0137 0.9998 -0.0163
vn 0.0365 0.9957 0.0854
vn 0.0208 0.9998 0.0022
vn -0.5069 0.7301 -0.4582
vn 0.5961 -0.2880 -0.7495
vn -0.9781 0.0510 0.2017
vn -0.6863 0.6964 0.2098
vn 0.0577 -0.9982 -0.0189
vn 0.0168 -0.9997 -0.0195
vn 0.0311 -0.9995 0.0057
vn -0.0169 -0.9998 0.0038
vn -0.6215 -0.6712 -0.4039
vn 0.0149 -0.9980 0.0607
vn 0.0119 -0.9989 0.0444
vn -0.0081 -0.9997 0.0241
vn -0.0361 -0.9992 0.0198
vn -0.0278 -0.9986 0.0452
vn -0.0166 -0.9993 0.0332
vn 0.5094 0.2889 0.8106
vn -0.7207 0.1352 0.6800
vn -0.7080 0.1399 0.6922
vn -0.7375 0.1203 0.6646
vn 0.7732 -0.6341 0.0014
vn 0.7879 -0.6140 0.0465
vn 0.7993 -0.5972 0.0676
vn 0.5041 -0.0302 -0.8631
vn -0.6048 -0.1526 0.7816
vn -0.3347 0.2070 -0.9193
vn -0.2214 0.9338 -0.2811
vn 0.1618 0.4457 0.8805
vn -0.3222 -0.8652 0.3842
vn -0.2475 -0.8872 0.3894
vn -0.3034 -0.8713 0.3857
vn 0.9671 -0.2544 -0.0064
vn 0.9572 -0.2890 -0.0153
vn 0.9005 -0.4316 -0.0528
vn -0.0123 -0.9994 0.0313
vn -0.0373 -0.9993 0.0012
vn -0.0253 -0.9996 0.0084
vn 0.0475 -0.9988 -0.0131
vn 0.0220 -0.9996 -0.0176
vn 0.0104 -0.9991 0.0418
vn -0.0189 -0.9996 0.0225
vn -0.0034 -0.9887 -0.1497
vn 0.9922 0.0312 -0.1210
vn 0.9940 0.0203 -0.1073
vn 0.9926 0.0286 -0.1178
vn 0.9896 0.0439 -0.1371
vn 0.5919 -0.8053 0.0336
vn 0.9411 -0.0041 -0.3380
vn 0.2722 0.9611 0.0477
vn 0.2950 0.9537 0.0589
vn 0.2527 0.9668 0.0382
vn 0.6583 -0.7527 0.0123
vn 0.5904 -0.8068 -0.0204
vn 0.6000 -0.7998 -0.0160
vn 0.8939 -0.4480 -0.0120
vn -0.8196 -0.4588 0.3431
vn 0.9838 -0.0986 0.1495
vn 0.2814 0.2254 0.9327
vn 0.2809 0.0787 0.9565
vn 0.2820 0.1726 0.9438
vn 0.7349 -0.0575 -0.6757
vn 0.7267 -0.0564 -0.6846
vn 0.6527 -0.0470 -0.7561
vn -0.8739 0.2447 0.4200
vn 0.0794 -0.1860 0.9793
vn 0.0783 -0.1385 0.9873
vn 0.0792 -0.1773 0.9810
vn -0.0410 -0.9968 -0.0688
vn -0.0051 -0.9976 -0.0686
vn -0.0311 -0.9982 -0.0517
vn -0.1991 -0.7394 0.6432
vn -0.0495 -0.9982 -0.0327
vn 0.8159 0.5699 -0.0979
vn 0.7902 0.6118 0.0357
vn 0.8066 0.5891 0.0492
vn 0.9988 -0.0218 -0.0446
vn 0.9990 -0.0249 -0.0375
vn 0.9964 0.0001 -0.0844
vn 0.9368 0.3481 0.0362
vn -0.9043 -0.3705 0.2121
vn 0.9892 0.0020 0.1465
vn -0.1373 -0.4204 -0.8969
vn -0.1447 -0.4224 -0.8948
vn -0.1376 -0.4204 -0.8968
vn -0.4833 -0.2366 -0.8429
vn 0.9869 -0.0924 -0.1322
vn 0.9870 -0.0911 -0.1325
vn 0.9873 -0.0861 -0.1339
vn 0.9874 -0.0826 -0.1348
vn -0.2393 -0.8341 0.4970
vn -0.1365 0.0384 0.9899
vn 0.1036 0.0023 -0.9946
vn -0.0206 0.3581 0.9335
vn 0.9213 0.2457 -0.3015
vn 0.9627 0.2028 -0.1790
vn 0.9909 0.1074 -0.0814
vn 0.9940 -0.0580 -0.0929
vn 0.2807 0.4314 0.8574
vn -0.1375 -0.4204 -0.8968
vn -0.1356 -0.4199 -0.8974
vn 0.9925 -0.0069 0.1224
vn 0.9808 -0.0098 0.1947
vn 0.9842 -0.0186 0.1762
vn 0.8813 0.4684 -0.0626
vn 0.9253 0.3576 -0.1265
vn 0.8972 0.4336 -0.0833
vn 0.9936 0.0643 -0.0924
vn 0.9587 -0.0218 0.2837
vn 0.9233 -0.0084 0.3841
vn 0.8807 -0.4737 -0.0080
vn 0.8919 -0.4520 -0.0128
vn 0.8847 -0.4660 -0.0097
vn 0.7313 -0.6819 -0.0177
vn 0.2991 -0.9486 -0.1030
vn 0.8524 0.5221 -0.0292
vn 0.7109 0.7029 -0.0209
vn 0.7082 0.7059 0.0064
vn 0.7134 0.7006 0.0102
vn 0.2443 0.9367 -0.2508
vn 0.1911 0.9480 -0.2545
vn 0.2334 0.9393 -0.2516
vn 0.8752 0.4133 0.2513
vn -0.0831 0.9930 0.0835
vn 0.4928 0.7941 -0.3558
vn 0.5764 -0.6877 -0.4414
vn 0.6022 -0.6606 -0.4483
vn 0.5703 -0.6938 -0.4397
vn -0.1890 0.8666 0.4618
vn 0.3069 0.9517 0.0074
vn 0.3108 0.9505 0.0038
vn 0.3125 0.9499 -0.0061
vn 0.9991 -0.0412 -0.0125
vn 0.9998 0.0151 -0.0112
vn 0.9996 -0.0065 0.0278
vn 0.9949 -0.0974 0.0247
vn 0.3304 -0.9122 0.2424
vn -0.8337 0.5455 0.0859
vn 0.8028 -0.2511 0.5408
vn -0.6142 0.7305 -0.2986
vn -0.2324 0.9021 0.3637
vn 0.3167 -0.0558 0.9469
vn 0.7584 0.3786 -0.5306
vn -0.2494 -0.0301 0.9679
vn -0.4060 -0.0180 0.9137
vn -0.4294 -0.0033 0.9031
vn 0.8962 0.1384 0.4215
vn 0.9391 0.1976 -0.2812
vn 0.0535 0.0392 -0.9978
vn -0.9441 -0.2561 -0.2076
vn -0.9329 -0.2929 -0.2095
vn -0.9285 -0.3061 -0.2101
vn -0.8418 -0.1197 0.5263
vn -0.8221 -0.1232 0.5559
vn -0.9156 -0.1028 0.3888
vn 0.2756 0.9553 -0.1073
vn 0.5088 0.0606 -0.8587
vn 0.4034 -0.0080 -0.9150
vn 0.4340 0.0114 -0.9008
vn 0.6822 0.7311 0.0026
vn 0.9867 0.1491 -0.0647
vn 0.9823 0.1702 -0.0779
vn 0.9686 0.2224 -0.1107
vn 0.9375 -0.3468 0.0299
vn 0.9933 0.1085 -0.0393
vn 0.0707 -0.9975 -0.0081
vn 0.9065 -0.4221 -0.0036
vn 0.9261 -0.3770 -0.0159
vn 0.9084 -0.4181 -0.0047
vn 0.9419 0.3357 0.0115
vn 0.9766 0.2111 0.0418
vn 0.9959 0.0883 0.0217
vn 0.9767 0.1493 0.1539
vn 0.7240 -0.6895 0.0224
vn 0.9589 0.2834 0.0136
vn 0.9632 0.2682 0.0159
vn 0.9473 0.3204 0.0020
vn 0.5317 0.8462 0.0350
vn 0.0459 0.9866 0.1567
vn 0.9288 -0.3702 -0.0178
vn 1.0000 -0.0029 -0.0030
vn 0.9996 -0.0290 -0.0047
vn 0.9959 0.0001 -0.0909
vn 0.2798 0.1755 0.9439
vn 0.9931 -0.0063 0.1167
vn 0.9988 -0.0205 0.0441
vn 0.9926 0.1139 0.0428
vn 0.9880 0.1523 0.0242
vn 0.9880 0.1524 0.0241
vn 0.9996 -0.0290 -0.0048
vn 0.9648 -0.0340 -0.2606
vn 0.9952 0.0604 -0.0775
vn 0.7261 0.2813 0.6274
vn 0.9987 0.0195 0.0473
vn 0.9995 -0.0247 0.0208
vn 0.9998 -0.0184 0.0125
vn 0.7349 -0.2617 0.6256
vn 0.7449 -0.1514 0.6498
vn 0.7013 -0.0298 0.7122
vn 0.9955 -0.0880 0.0341
vn 0.4198 -0.0435 0.9066
vn 0.4438 -0.0368 0.8954
vn 0.4772 -0.0273 0.8783
vn 0.6776 -0.0315 0.7347
vn 0.7154 -0.0094 0.6986
vn 0.5649 -0.0041 0.8251
vn 0.4929 -0.0228 0.8698
vn 0.8910 -0.0048 0.4540
vn 0.9981 0.0376 0.0483
vn 0.9985 -0.0165 0.0529
vn 0.4307 0.0237 -0.9022
vn 0.3496 0.9367 -0.0170
vn 0.3314 0.9424 -0.0464
vn 0.3317 0.9396 -0.0844
vn 0.3343 -0.0504 -0.9411
vn 0.9978 -0.0555 0.0374
vn 0.9982 -0.0270 0.0540
vn 0.5800 0.0533 -0.8129
vn -0.3736 0.0221 -0.9273
vn 0.5058 0.0117 0.8626
vn 0.9964 0.0851 -0.0039
vn 0.9934 0.0118 -0.1141
vn 0.9367 -0.3133 0.1561
vn 0.9638 -0.2331 0.1294
vn 0.6379 0.0533 -0.7683
vn 0.6646 0.0166 -0.7470
vn -0.3905 -0.0536 0.9191
vn -0.8401 0.0150 0.5422
vn 0.9799 -0.1981 0.0238
vn 0.6206 0.0941 -0.7785
vn 0.7257 0.0438 -0.6866
vn 0.7088 0.0525 -0.7035
vn -0.1823 -0.0959 0.9786
vn -0.9875 0.0747 -0.1390
vn -0.8670 0.0473 0.4961
vn 0.7071 -0.1905 0.6809
vn -0.8013 -0.0285 -0.5976
vn -0.8094 -0.0320 -0.5863
vn -0.7330 -0.0013 -0.6802
vn 0.3943 -0.0976 0.9138
vn -0.7203 0.0034 -0.6937
vn 0.5944 0.1054 -0.7972
vn -0.1976 0.0038 -0.9803
vn 0.3885 -0.8786 -0.2776
vn 0.9925 0.0046 -0.1221
vn -0.4623 0.0299 -0.8862
vn 0.4484 -0.3219 0.8339
vn 0.4783 -0.2641 0.8375
vn 0.4885 -0.2432 0.8380
vn -0.2844 0.7246 0.6278
vn -0.0281 0.9068 0.4207
vn 0.3622 0.0174 0.9319
vn -0.1686 0.1497 0.9743
vn -0.5841 -0.4593 -0.6692
vn 0.5165 -0.1819 0.8367
vn 0.2991 0.0964 -0.9494
vn -0.6258 0.1116 0.7720
vn -0.9916 -0.1287 -0.0119
vn -0.3426 0.4924 0.8001
vn -0.1221 -0.4766 0.8706
vn -0.8027 -0.2585 0.5375
vn -0.8485 0.1986 -0.4905
vn -0.6413 0.4841 0.5953
vn -0.9830 -0.0822 -0.1642
vn 0.0775 0.1867 -0.9794
vn 0.2088 -0.0803 0.9747
vn 0.5344 -0.0960 0.8398
vn 0.4844 -0.0573 0.8730
vn 0.4607 -0.0395 0.8867
vn 0.7132 -0.2781 0.6435
vn -0.8303 -0.3137 -0.4607
vn 0.5558 -0.1131 0.8236
vn -0.0536 -0.2872 0.9564
vn 0.9260 0.3253 -0.1917
vn -0.1455 0.0555 0.9878
vn -0.3257 -0.0117 0.9454
vn -0.2246 0.0604 0.9726
vn -0.4002 -0.0678 0.9139
vn -0.8393 0.5348 0.0975
vn 0.3978 0.0104 0.9174
vn 0.0260 0.0366 0.9990
vn 0.1350 0.0012 0.9908
vn 0.6863 -0.0149 0.7271
vn 0.9589 0.2834 0.0135
vn 0.9402 0.1763 0.2913
vn 0.9934 -0.0908 0.0695
vn 0.9814 -0.1750 0.0787
vn 0.3443 -0.0049 0.9388
vn 0.4707 0.7429 -0.4761
vn 0.2202 0.0320 0.9749
vn 0.1102 -0.0393 0.9931
vn 0.1903 0.0124 0.9816
vn 0.9359 0.1177 0.3321
vn 0.9242 0.1625 0.3457
vn 0.9045 0.2238 0.3631
vn -0.9329 -0.2930 -0.2095
vn -0.9149 -0.3438 -0.2115
vn 0.9969 0.0264 0.0745
vn 0.9962 0.0231 0.0835
vn 0.9998 -0.0036 -0.0182
vn 0.7792 0.6262 0.0285
vn 0.4511 0.1325 -0.8826
vn -0.2535 -0.8444 -0.4720
vn 0.0158 0.0156 0.9998
vn 0.0163 0.0139 0.9998
vn 0.0247 -0.0136 0.9996
vn 0.7528 0.1528 0.6402
vn -0.3845 0.0273 -0.9227
vn -0.3951 -0.0698 0.9160
vn -0.4604 -0.1305 0.8781
vn -0.4257 -0.0947 0.8999
vn 0.1854 0.7076 0.6818
vn 0.1250 -0.0673 -0.9899
vn -0.7021 -0.1273 0.7006
vn 0.9522 0.0314 0.3039
vn 0.3270 0.2475 -0.9121
vn 0.1938 -0.5493 -0.8129
vn 0.2636 -0.1010 -0.9593
vn 0.1196 0.4315 0.8942
vn -0.5128 -0.1694 0.8416
vn -0.0621 0.0969 0.9934
vn 0.8378 0.5433 -0.0540
vn 0.2623 0.6825 0.6821
vn -0.6168 -0.7656 0.1828
vn 0.4335 -0.2137 0.8754
vn -0.9234 -0.1005 0.3705
vn 0.9172 0.2686 -0.2943
vn -0.8636 -0.2456 -0.4402
vn 0.9089 0.4138 0.0523
vn -0.4330 0.0783 0.8980
vn 0.5579 0.1957 -0.8065
vn -0.8692 -0.1671 -0.4654
vn -0.4978 -0.1695 0.8505
vn -0.5513 -0.3724 -0.7466
vn 0.3074 -0.3029 0.9021
vn 0.1960 -0.2607 0.9453
vn 0.1810 -0.2802 0.9427
vn 0.2006 -0.5281 -0.8251
vn 0.9093 -0.1430 -0.3909
vn -0.3601 -0.5864 0.7256
vn -0.0989 -0.3670 0.9249
vn 0.1301 -0.2065 -0.9698
vn 0.6316 -0.0730 0.7719
vn -0.6238 0.0685 0.7786
vn -0.9040 0.1358 -0.4053
vn 0.8384 -0.0772 0.5396
vn -0.4920 0.0088 -0.8706
vn -0.9465 -0.0585 -0.3174
vn -0.9209 -0.0586 -0.3854
vn -0.9402 -0.0585 -0.3356
vn -0.8919 -0.0585 -0.4484
vn -0.3353 0.2066 0.9192
vn 0.9959 -0.0253 0.0867
vn 0.9695 -0.1967 0.1459
vn 0.9448 -0.2688 0.1875
vn 0.9705 -0.1935 0.1440
vn -0.9124 0.3352 0.2350
vn -0.4522 0.4939 -0.7427
vn -0.3579 -0.6721 0.6483
vn 0.9472 -0.0380 0.3183
vn 0.2107 -0.8470 0.4880
vn 0.6186 0.6399 0.4560
vn -0.3331 -0.9411 0.0586
vn 0.8855 0.4507 -0.1129
vn -0.3556 0.9326 0.0616
vn -0.9484 -0.3050 0.0866
vn 0.0129 -0.9120 -0.4100
vn -0.8948 -0.2280 0.3838
vn -0.2141 -0.6387 -0.7391
vn 0.9988 -0.0414 0.0259
vn 0.9991 -0.0404 -0.0123
vn 0.9977 -0.0392 -0.0546
vn 0.9476 -0.3191 -0.0150
vn 0.9988 0.0118 -0.0478
vn 0.9441 -0.1493 0.2940
vn 0.9433 -0.1814 0.2780
vn 0.9421 -0.2033 0.2668
vn 0.9074 0.2316 -0.3506
vn -0.4212 -0.5391 0.7293
vn 0.9980 -0.0420 0.0467
vn 0.8956 -0.3883 -0.2170
vn 0.9237 -0.0275 -0.3821
vn 0.7790 0.6261 0.0336
vn 0.5235 0.5814 0.6228
vn 0.9427 -0.0948 0.3200
vn -0.0189 0.9123 0.4091
vn 0.8702 -0.3344 -0.3619
vn -0.4995 0.5675 -0.6546
vn 0.7520 -0.6189 0.2269
vn -0.9834 0.1500 0.1019
vn 0.5353 -0.1171 0.8365
vn -0.1447 -0.1098 -0.9834
vn 0.3168 0.9483 -0.0177
vn -0.2899 -0.9570 0.0140
vn -0.2718 -0.9554 0.1151
vn -0.2792 -0.9572 0.0758
vn 0.9822 -0.1654 0.0885
vn 0.9782 0.1982 -0.0621
vn 0.9975 -0.0381 0.0597
vn -0.2905 0.1929 -0.9372
vn -0.6915 0.7171 -0.0874
vn 0.0356 -0.9251 -0.3781
vn 0.6903 0.7209 0.0621
vn -0.3119 0.8414 0.4414
vn 0.3565 -0.7923 -0.4951
vn -0.0805 0.9963 -0.0284
vn 0.4233 -0.9000 -0.1045
vn 0.4304 -0.1723 0.8860
vn 0.2799 -0.6323 0.7224
vn -0.0989 -0.5715 0.8146
vn -0.0467 -0.4930 0.8688
vn -0.0348 -0.4744 0.8796
vn -0.1498 -0.8832 0.4444
vn 0.4854 0.8018 0.3485
vn -0.4777 0.8753 -0.0750
vn -0.4702 0.8732 -0.1284
vn -0.5069 0.8416 -0.1863
vn 0.4045 -0.9100 0.0915
vn -0.4537 0.8869 -0.0870
vn 0.4798 -0.8630 0.1579
vn 0.1056 0.9905 0.0877
vn 0.0054 0.9995 0.0313
vn 0.0164 0.9998 -0.0096
vn 0.8155 -0.1396 -0.5617
vn 0.7266 -0.3117 -0.6123
vn 0.7932 -0.1895 -0.5788
vn 0.0025 -0.2498 0.9683
vn -0.3002 -0.9539 -0.0081
vn 0.8243 -0.1168 -0.5540
vn 0.8242 -0.1178 -0.5539
vn -0.0295 -0.5320 0.8462
vn 0.1289 0.9531 -0.2738
vn -0.1298 0.9903 -0.0496
vn -0.0482 0.9985 0.0245
vn -0.1247 0.9912 -0.0449
vn -0.8498 -0.1233 -0.5124
vn 0.3066 0.9305 0.2004
vn -0.1746 0.4033 0.8983
vn 0.1374 -0.9523 -0.2724
vn -0.5213 0.8521 0.0455
vn 0.3312 0.8952 -0.2982
vn 0.2603 -0.9653 0.0224
vn -0.5262 0.8503 -0.0108
vn -0.4963 0.8673 -0.0379
vn 0.9685 -0.2269 0.1023
vn 0.4564 -0.1895 -0.8694
vn 0.2965 0.3650 0.8825
vn -0.4239 -0.8905 -0.1652
vn -0.4067 -0.8944 -0.1860
vn -0.4130 -0.8931 -0.1784
vn 0.8335 -0.5414 -0.1103
vn 0.2278 0.6640 0.7122
vn -0.4203 0.8892 -0.1810
vn -0.0857 0.9850 -0.1498
vn -0.0369 0.9992 -0.0134
vn 0.0398 0.9992 0.0065
vn 0.0054 1.0000 -0.0018
vn 0.1490 0.9888 -0.0004
vn 0.2589 0.9659 0.0024
vn -0.4375 -0.8869 -0.1482
vn -0.1248 0.9912 -0.0449
vn -0.1998 0.9732 -0.1138
vn -0.1299 0.9903 -0.0496
vn -0.0487 0.9960 0.0755
vn 0.0548 0.9938 0.0970
vn 0.0286 0.9921 0.1222
vn 0.0563 0.9951 0.0812
vn 0.0086 0.9752 -0.2210
vn -0.2320 0.0645 0.9706
vn 0.5933 0.7712 -0.2309
vn -0.1517 -0.0464 -0.9873
vn -0.0004 0.6879 -0.7258
vn 0.0426 0.6655 -0.7452
vn 0.0798 0.6447 -0.7603
vn -0.0732 0.5976 -0.7984
vn 0.9412 -0.2998 0.1561
vn 0.9822 -0.1655 0.0885
vn 0.9975 -0.0382 0.0598
vn 0.0678 -0.0105 -0.9976
vn -0.6155 -0.6183 0.4888
vn -0.8272 0.1871 0.5298
vn 0.8872 -0.4614 -0.0058
vn 0.4027 -0.8090 -0.4282
vn -0.2541 0.7467 0.6147
vn 0.3125 0.9426 0.1173
vn 0.3042 0.9466 0.1067
vn 0.3311 0.9330 0.1411
vn -0.1344 0.9874 -0.0835
vn 0.1621 -0.7555 0.6348
vn 0.0876 -0.6665 0.7403
vn 0.1177 -0.7041 0.7003
vn 0.1773 -0.7720 0.6104
vn -0.2126 0.9724 -0.0960
vn 0.3412 0.9273 0.1542
vn -0.0124 -0.9967 -0.0802
vn -0.0251 -0.9977 -0.0635
vn -0.0411 -0.9983 -0.0422
vn -0.0554 -0.9982 -0.0233
vn -0.1557 0.9549 -0.2527
vn -0.0358 0.9992 0.0169
vn -0.1127 -0.5914 0.7985
vn 0.0413 -0.1729 -0.9841
vn -0.5450 -0.1024 -0.8322
vn -0.9159 0.3999 -0.0345
vn -0.6721 -0.5571 -0.4877
vn 0.5060 0.7963 0.3314
vn 0.1757 0.2857 -0.9421
vn -0.7762 -0.5791 0.2493
vn -0.8867 -0.1787 0.4264
vn 0.5431 -0.0347 -0.8389
vn 0.1403 0.6625 0.7358
vn 0.9131 0.2729 0.3030
vn 0.9116 0.3025 0.2783
vn 0.9072 0.3437 0.2426
vn 0.9071 0.3445 0.2419
vn 0.1136 -0.9051 0.4098
vn -0.1201 0.9319 -0.3421
vn 0.4617 -0.8514 0.2489
vn 0.4477 0.6150 -0.6491
vn 0.4440 0.6473 -0.6195
vn 0.4476 0.6158 -0.6484
vn -0.0330 0.6682 -0.7433
vn 0.3352 -0.8436 -0.4195
vn 0.7202 0.6847 0.1116
vn 0.0601 -0.7612 -0.6457
vn -0.1610 -0.7175 -0.6777
vn 0.4826 -0.8687 -0.1115
vn 0.5045 -0.8520 -0.1401
vn 0.5066 -0.8503 -0.1427
vn 0.5542 -0.8059 -0.2081
vn 0.2232 0.9747 0.0131
vn -0.6686 0.7431 0.0272
vn -0.2437 -0.4873 0.8385
vn 0.4696 0.6760 0.5679
vn 0.9549 0.2967 -0.0105
vn 0.8753 0.0258 0.4830
vn -0.6225 0.2400 -0.7449
vn 0.6978 0.6937 -0.1788
vn -0.0870 -0.3301 -0.9399
vn 0.4657 0.8721 0.1505
vn 0.9704 -0.1472 0.1916
vn 0.6280 -0.1259 0.7680
vn -0.0992 0.9542 -0.2824
vn -0.2975 -0.9541 -0.0345
vn 0.2132 0.8659 -0.4525
vn 0.9794 0.1957 -0.0505
vn -0.5542 -0.2394 0.7972
vn 0.8312 -0.4610 -0.3106
vn -0.0924 0.9952 0.0330
vn 0.0682 0.9877 0.1408
vn 0.9990 -0.0439 -0.0038
vn 0.9937 -0.0721 -0.0861
vn 0.9910 -0.1334 -0.0084
vn 0.1042 0.6302 -0.7694
vn 0.9960 0.0866 -0.0199
vn -0.1577 0.4433 -0.8824
vn -0.1492 -0.4170 0.8966
vn 0.8331 -0.5413 -0.1140
vn 0.9587 0.1191 -0.2584
vn -0.1562 -0.5707 0.8062
vn 0.8562 0.3160 -0.4088
vn 0.2231 0.9747 0.0131
vn 0.0841 0.9964 -0.0109
vn -0.6480 -0.5663 0.5093
vn -0.5484 0.8342 0.0580
vn 0.2901 -0.2416 0.9260
vn 0.9216 0.0825 -0.3791
vn -0.8916 -0.3009 0.3383
vn 0.6737 -0.6412 0.3675
vn -0.8979 -0.1911 0.3966
vn 0.9472 0.2935 -0.1289
vn 0.6985 -0.4855 -0.5256
vn -0.9657 0.2187 0.1400
vn 0.9894 -0.1093 0.0951
vn 0.9696 -0.1967 0.1459
vn 0.9705 -0.1934 0.1439
vn 0.1056 0.9905 0.0878
vn 0.0811 0.9916 0.1007
vn 0.7776 0.6251 -0.0676
vn 0.5495 0.8350 -0.0294
vn -0.0269 0.9991 0.0330
vn 0.0842 0.9964 -0.0109
vn 0.9841 -0.1245 -0.1270
vn 0.9859 -0.0446 -0.1610
vn 0.9811 0.0295 -0.1914
vn -0.1384 0.5323 -0.8352
vn 0.4506 0.5809 -0.6779
vn 0.1533 -0.6332 0.7587
vn -0.0475 0.9473 -0.3167
vn -0.5893 -0.8067 -0.0446
vn -0.1631 0.9866 -0.0100
vn -0.2154 0.9765 0.0095
vn -0.1458 0.9893 0.0100
vn -0.8463 0.5325 -0.0153
vn 0.7866 0.3617 -0.5004
vn 0.4971 0.8386 -0.2227
vn 0.9074 -0.3714 0.1968
vn -0.2975 0.2396 -0.9242
vn -0.4073 -0.0786 0.9099
vn 0.6173 0.7841 -0.0643
vn 0.4711 -0.8244 -0.3137
vn -0.2872 0.9528 0.0990
vn -0.0687 -0.7338 0.6759
vn -0.0634 -0.7068 0.7046
vn 0.0085 -0.7505 0.6608
vn 0.5871 0.8090 -0.0276
vn 0.7561 -0.6545 -0.0024
vn 0.5399 -0.7739 -0.3311
vn 0.0413 0.9983 -0.0407
vn -0.0269 0.9996 0.0051
vn 0.2156 0.9417 0.2583
vn -0.1944 -0.9804 -0.0315
vn -0.0526 0.1630 0.9852
vn 0.9829 -0.1813 0.0319
vn 0.1924 0.8723 0.4495
vn -0.4963 0.8055 -0.3237
vn -0.0687 -0.7339 0.6758
vn -0.0346 -0.7910 0.6108
vn 0.4950 0.1751 -0.8511
vn -0.0000 0.9847 -0.1744
vn -0.5053 -0.0664 -0.8604
vn -0.4546 -0.1422 -0.8793
vn -0.5391 -0.0112 -0.8421
vn -0.3951 -0.7073 0.5862
vn -0.0507 0.9681 0.2455
vn 0.4958 -0.3090 0.8116
vn -0.5731 0.0485 -0.8181
vn -0.5053 -0.0662 -0.8604
vn -0.5392 -0.0111 -0.8421
vn 0.0113 -0.6988 0.7152
vn 0.1572 -0.9525 -0.2610
vn 0.6218 0.0237 0.7828
vn 0.9278 0.3651 -0.0763
vn 0.9541 0.2992 -0.0143
vn 0.9643 0.2647 0.0047
vn 0.9680 0.2508 0.0076
vn 0.9440 0.0796 0.3203
vn 0.9681 0.1300 0.2141
vn 0.9557 0.1008 0.2765
vn 0.9343 0.3420 -0.1005
vn 0.0328 0.9993 0.0165
vn 0.1280 0.3717 -0.9195
vn 0.2001 -0.9729 0.1156
vn -0.0532 0.9666 -0.2509
vn -0.2197 -0.8737 -0.4341
vn -0.4652 -0.7413 -0.4838
vn -0.4042 0.8590 0.3142
vn -0.2433 -0.4288 0.8700
vn -0.8273 -0.2605 0.4978
vn -0.8101 -0.2707 0.5201
vn -0.8195 -0.2652 0.5080
vn 0.3195 -0.7985 -0.5103
vn 0.3794 -0.7820 -0.4945
vn 0.3065 -0.8016 -0.5134
vn 0.0894 0.9899 0.1102
vn 0.0077 0.9905 0.1376
vn -0.0319 0.9976 0.0613
vn -0.7005 0.3470 -0.6236
vn 0.2255 0.9628 0.1490
vn 0.8049 0.5929 -0.0241
vn 0.7996 0.5994 -0.0368
vn 0.8201 0.5720 0.0149
vn -0.0524 -0.9984 0.0193
vn 0.3200 -0.9474 0.0020
vn 0.1923 0.9407 0.2793
vn -0.0933 0.8730 -0.4788
vn -0.4995 0.1379 -0.8553
vn 0.2800 0.9587 0.0494
vn -0.0105 0.3648 0.9310
vn 0.3528 0.8123 -0.4644
vn -0.4201 -0.6158 0.6666
vn -0.0792 0.0519 0.9955
vn -0.4222 -0.0755 0.9034
vn 0.8292 0.5396 0.1459
vn -0.7787 0.5025 0.3758
vn -0.2531 -0.7095 0.6576
vn 0.2494 0.7097 -0.6589
vn 0.5183 -0.7814 -0.3476
vn -0.7651 -0.6391 0.0785
vn 0.8126 0.5828 -0.0006
vn 0.8124 0.5830 -0.0009
vn 0.8121 0.5835 -0.0002
vn 0.9138 0.3910 -0.1102
vn 0.2335 0.9723 -0.0106
vn 0.2280 0.9736 -0.0095
vn 0.1575 0.9875 0.0070
vn 0.3213 -0.6991 0.6388
vn -0.3200 -0.9150 -0.2455
vn 0.0939 0.7373 0.6690
vn 0.6449 0.6657 0.3753
vn -0.5578 0.8291 -0.0389
vn 0.4511 -0.4804 -0.7521
vn 0.0723 0.7514 0.6559
vn -0.2232 -0.0285 0.9744
vn -0.4059 -0.0180 0.9137
vn -0.2493 -0.0301 0.9680
vn 0.3112 -0.3110 -0.8980
vn 0.3463 0.4496 0.8234
vn 0.7526 0.6447 -0.1339
vn 0.7689 0.6393 0.0069
vn 0.2132 0.0966 0.9722
vn -0.0807 0.9936 0.0789
vn 0.5585 0.7974 0.2285
vn 0.4874 -0.8236 -0.2901
vn 0.3358 0.9419 -0.0041
vn 0.3445 -0.0049 0.9388
vn 0.5921 -0.0152 0.8057
vn 0.4742 0.0409 0.8794
vn -0.1256 -0.0137 0.9920
vn -0.8216 0.4469 0.3540
vn -0.1616 0.9023 -0.3996
vn -0.0064 -0.8544 0.5195
vn 0.1013 0.0891 -0.9909
vn 0.9404 0.2682 0.2092
vn 0.0371 -0.3243 0.9452
vn 0.9287 0.0566 0.3664
vn 0.9557 0.1008 0.2766
vn 0.9961 0.0019 -0.0884
vn 0.9731 -0.0394 -0.2268
vn 0.3648 0.9044 -0.2212
vn 0.7584 -0.5874 0.2825
vn -0.1090 -0.1762 0.9783
vn 0.4768 -0.7083 0.5206
vn 0.1207 0.9922 0.0325
vn 0.1117 0.9921 0.0568
vn 0.2792 0.0711 0.9576
vn 0.2203 0.0321 0.9749
vn 0.1903 0.0125 0.9816
vn 0.9985 -0.0448 0.0317
vn 0.5373 -0.4494 0.7137
vn 0.5308 -0.5154 0.6728
vn 0.5251 -0.5050 0.6850
vn 0.3175 -0.8721 -0.3723
vn -0.0294 0.6929 0.7204
vn -0.0455 0.4282 -0.9026
vn -0.2268 0.0256 -0.9736
vn -0.3202 -0.0174 -0.9472
vn -0.3404 -0.0268 -0.9399
vn -0.4085 -0.0594 -0.9108
vn -0.0675 0.5005 0.8631
vn -0.6388 -0.3872 -0.6648
vn 0.0106 -0.3715 0.9284
vn 0.1809 -0.2802 0.9427
vn 0.0370 -0.3244 0.9452
vn 0.9984 -0.0382 0.0407
vn 0.2725 -0.8089 -0.5210
vn 0.9157 -0.2445 0.3190
vn -0.4360 -0.8592 0.2676
vn 0.1161 0.9927 0.0312
vn 0.3412 0.9012 -0.2673
vn 0.9299 0.3673 -0.0179
vn -0.3091 -0.9315 0.1916
vn 0.2913 0.9415 -0.1697
vn -0.8582 0.2061 0.4702
vn 0.3515 -0.7191 0.5995
vn -0.1117 -0.3252 -0.9390
vn 0.1051 0.4832 0.8692
vn 0.2974 -0.9361 -0.1878
vn -0.6214 0.0752 0.7799
vn -0.6380 -0.7676 0.0613
vn 0.3130 0.9492 -0.0325
vn 0.1378 -0.7478 0.6495
vn 0.2433 -0.9649 -0.0993
vn -0.0505 0.3889 -0.9199
vn -0.0121 0.0259 0.9996
vn -0.0169 0.0236 0.9996
vn -0.0192 0.0225 0.9996
vn 0.5898 0.5515 0.5900
vn 0.6049 0.5790 0.5466
vn 0.5880 0.5484 0.5945
vn 0.7888 0.6138 -0.0332
vn 0.7670 0.6388 -0.0612
vn 0.8069 0.5883 0.0530
vn 0.3226 0.9464 -0.0140
vn 0.8151 0.5790 0.0179
vn 0.8585 0.5124 0.0218
vn 0.8832 0.4683 0.0242
vn -0.0073 0.9923 0.1240
vn -0.0272 0.9826 0.1835
vn 0.0063 0.9965 0.0832
vn -0.2167 -0.2240 -0.9502
vn -0.8336 -0.2565 0.4892
vn -0.6594 -0.7466 0.0878
vn -0.1216 -0.9922 -0.0260
vn -0.0025 0.8490 0.5283
vn -0.0934 0.9010 -0.4236
vn -0.0069 0.9967 0.0814
vn 0.9869 -0.0585 -0.1501
vn 0.9879 -0.1338 -0.0787
vn -0.1394 0.9569 0.2548
vn -0.9969 -0.0474 -0.0623
vn -0.9964 -0.0028 -0.0850
vn -0.9967 -0.0572 -0.0572
vn 0.9751 0.1888 0.1161
vn -0.9276 -0.3736 -0.0045
vn -0.6630 0.7455 0.0689
vn 0.4092 -0.1770 0.8951
vn -0.2174 -0.3754 -0.9010
vn -0.2040 -0.9478 -0.2449
vn -0.4630 -0.3256 0.8244
vn 0.0301 -0.5321 0.8461
vn 0.6659 0.6491 0.3678
vn 0.6731 0.6493 0.3539
vn 0.6306 0.6458 0.4305
vn 0.7961 -0.6051 0.0025
vn 0.0217 0.9991 0.0366
vn -0.0690 0.9832 0.1691
vn -0.9942 0.0316 -0.1024
vn 0.9859 -0.0447 -0.1610
vn 0.9841 -0.1246 -0.1269
vn 0.9790 -0.1745 -0.1050
vn 0.0212 -0.2074 0.9780
vn 0.9327 0.1478 0.3291
vn -0.2777 0.5553 -0.7839
vn -0.2604 0.5431 -0.7983
vn -0.2788 0.5561 -0.7830
vn 0.1669 -0.9256 0.3397
vn -0.0881 0.8810 0.4649
vn 0.0272 -0.0003 0.9996
vn -0.1372 -0.6648 0.7343
vn -0.0390 -0.6024 0.7972
vn -0.0359 -0.6003 0.7990
vn 0.4511 0.3502 -0.8209
vn 0.9576 0.2854 -0.0393
vn 0.9014 0.4230 -0.0925
vn 0.8564 0.4886 -0.1667
vn 0.8159 0.5698 -0.0979
vn 0.2676 0.9308 -0.2489
vn -0.2264 0.9578 -0.1768
vn 0.6673 -0.5937 -0.4497
vn 0.9107 0.4119 -0.0318
vn 0.9734 -0.0942 -0.2090
vn 0.0691 -0.7205 -0.6900
vn -0.0271 0.5245 -0.8510
vn -0.0601 0.4865 -0.8716
vn -0.0013 0.5530 -0.8332
vn -0.0271 0.5244 -0.8510
vn -0.1048 0.4325 -0.8955
vn 0.1250 0.3304 0.9355
vn -0.0254 -0.8240 0.5660
vn -0.0225 -0.8330 0.5529
vn -0.0358 -0.6003 0.7990
vn 0.0229 -0.5580 0.8295
vn 0.6208 0.6443 0.4466
vn 0.7922 0.3479 -0.5014
vn 0.5346 -0.1448 -0.8326
vn 0.9987 -0.0503 0.0045
vn 0.9959 -0.0787 -0.0447
vn 0.9969 -0.0789 0.0068
vn 0.0058 0.0484 0.9988
vn 0.5109 -0.5706 0.6430
vn -0.7406 0.4743 0.4760
vn -0.7405 0.4727 0.4778
vn -0.7406 0.4741 0.4762
vn 0.2707 0.3101 0.9113
vn 0.9033 0.4146 -0.1102
vn 0.9535 0.3015 0.0026
vn 0.9395 -0.0227 -0.3419
vn 0.9975 -0.0634 -0.0318
vn 0.9992 -0.0252 0.0307
vn 0.9593 -0.2805 0.0334
vn -0.5757 0.0882 0.8129
vn 0.2934 -0.3774 0.8783
vn 0.0976 0.2033 0.9742
vn 0.0904 0.1627 0.9825
vn 0.0186 0.0753 0.9970
vn 0.0338 0.9823 -0.1841
vn 0.8999 0.4360 -0.0088
vn 0.8965 0.4428 -0.0123
vn 0.9063 0.4227 -0.0021
vn 0.8389 0.5251 0.1432
vn 0.7097 0.6985 -0.0912
vn 0.2690 0.9630 0.0164
vn 0.9989 0.0404 -0.0244
vn 0.9984 0.0556 0.0107
vn 0.3133 0.9495 0.0181
vn 0.8961 0.4376 0.0734
vn 0.5161 -0.4354 0.7376
vn 0.0186 -0.0510 0.9985
vn 0.3357 -0.2891 0.8965
vn 0.3578 -0.2701 0.8939
vn -0.0340 0.0338 0.9989
vn 0.0274 0.0728 0.9970
vn 0.0009 0.0560 0.9984
vn 0.5752 0.5262 0.6263
vn 0.5880 0.5484 0.5946
vn -0.0767 0.0065 0.9970
vn 0.1717 0.7475 0.6417
vn -0.3073 -0.8836 0.3532
vn 0.5660 0.2286 -0.7921
vn -0.9784 -0.0961 -0.1829
vn 0.3614 -0.9020 0.2360
vn -0.2777 0.5554 -0.7839
vn -0.2938 0.5666 -0.7698
vn 0.8936 -0.4487 -0.0135
vn 0.9949 0.0853 0.0542
vn 0.9978 0.0664 0.0075
vn 0.9935 0.0978 0.0576
vn 0.1854 -0.1303 0.9740
vn -0.1299 -0.9690 -0.2103
vn 0.4246 -0.7785 0.4622
vn 0.4570 -0.7229 0.5182
vn 0.4342 -0.7631 0.4787
vn 0.9691 -0.0670 0.2373
vn 0.2087 -0.7124 0.6701
vn 0.8371 0.5433 -0.0636
vn -0.1695 -0.9850 0.0313
vn 0.9998 0.0087 -0.0169
vn -0.7406 0.4743 0.4759
vn 0.1724 0.9561 0.2368
vn 0.6524 0.4859 0.5816
vn 0.9784 -0.1890 0.0834
vn -0.7800 -0.5717 -0.2544
vn -0.0009 -0.4824 0.8760
vn 0.0312 -0.8907 0.4536
vn 0.0244 -0.9120 0.4095
vn 0.0119 -0.9177 0.3972
vn 0.0234 -0.9140 0.4049
vn 0.5569 0.8298 0.0361
vn -0.4980 0.8179 0.2883
vn 0.5545 -0.7093 -0.4353
vn 0.6281 0.6360 -0.4483
vn 0.9986 0.0497 -0.0172
vn 0.9986 0.0494 -0.0172
vn 0.9983 0.0547 -0.0178
vn 0.8342 0.5490 -0.0519
vn 0.6572 0.7343 0.1703
vn 0.0034 0.3813 0.9244
vn -0.0039 0.9858 0.1676
vn -0.4365 0.8927 0.1121
vn 0.9987 0.0504 0.0068
vn 0.9896 -0.0315 -0.1404
vn 0.9966 0.0701 -0.0440
vn 0.9895 -0.0112 -0.1441
vn 0.2404 0.2913 0.9259
vn 0.3280 -0.7598 -0.5613
vn 0.4610 -0.7153 0.5252
vn -0.2721 -0.9409 -0.2016
vn 0.6401 0.7618 -0.0998
vn 0.7249 0.6866 0.0562
vn 0.0857 0.0321 0.9958
vn -0.0607 -0.3039 -0.9508
vn -0.0476 0.8801 -0.4724
vn 0.1681 0.9142 0.3688
vn 0.5822 0.8127 -0.0207
vn 0.4883 0.8685 -0.0855
vn 0.5663 0.8235 -0.0322
vn 0.7241 0.2146 0.6555
vn -0.0464 0.6858 0.7264
vn -0.0456 0.4991 0.8654
vn 0.9725 0.1643 0.1651
vn -0.8005 -0.3802 0.4632
vn 0.2804 -0.4694 -0.8373
vn 0.8349 0.5436 -0.0859
vn 0.6919 0.7194 0.0611
vn -0.5709 0.6907 -0.4438
vn -0.3097 0.7535 0.5799
vn -0.2569 0.7334 0.6294
vn -0.3277 0.7595 0.5619
vn -0.4159 0.3411 0.8430
vn 0.2406 0.9464 -0.2153
vn 0.7069 0.6956 -0.1286
vn 0.7110 0.7029 -0.0210
vn 0.9332 -0.0257 0.3585
vn 0.0686 0.0076 0.9976
vn 0.0414 -0.0044 0.9991
vn -0.0124 -0.0282 0.9995
vn 0.6065 0.0646 0.7925
vn 0.3315 0.1312 0.9343
vn 0.3091 0.1089 0.9448
vn 0.2820 0.0820 0.9559
vn 0.2592 -0.9605 -0.1012
vn 0.9702 0.0346 0.2397
vn 0.9833 -0.1818 -0.0009
vn 0.9357 -0.3527 0.0050
vn 0.9434 -0.3309 -0.0217
vn 0.0234 -0.7829 -0.6217
vn -0.0376 -0.8065 -0.5900
vn -0.1257 -0.8333 -0.5384
vn 0.0033 -0.9267 0.3758
vn 0.9814 -0.0194 0.1909
vn 0.0558 -0.1438 0.9880
vn -0.1744 0.8333 -0.5246
vn 0.3230 -0.8007 0.5045
vn 0.2773 -0.7217 0.6342
vn 0.2902 -0.7600 0.5815
vn 0.2434 0.9633 -0.1129
vn 0.9903 0.0894 0.1064
vn 0.9426 -0.2767 0.1869
vn 0.9484 -0.3064 0.0819
vn 0.9249 -0.3715 0.0809
vn 0.6747 0.7051 -0.2182
vn 0.7308 0.6767 0.0894
vn 0.2819 0.3849 0.8789
vn 0.7679 -0.6035 -0.2147
vn 0.5057 0.0117 0.8626
vn 0.1122 -0.4141 0.9033
vn 0.9097 0.4153 0.0016
vn 0.7664 0.6323 -0.1134
vn 0.2473 0.2318 0.9408
vn 0.1723 0.1641 0.9713
vn 0.1586 0.1456 0.9765
vn -0.5012 -0.8636 0.0538
vn 0.9984 0.0545 -0.0178
vn 0.9526 0.3040 0.0106
vn 0.9496 0.3091 -0.0515
vn 0.9244 -0.3617 0.1209
vn 0.8585 0.5123 0.0218
vn 0.9256 0.3774 0.0287
vn 0.0400 0.9964 0.0754
vn 0.9983 0.0297 -0.0509
vn -0.0613 -0.0497 0.9969
vn 0.5838 -0.5003 0.6394
vn 0.0838 -0.7554 -0.6499
vn 0.3945 -0.8618 0.3188
vn 0.3247 -0.8415 0.4317
vn 0.9991 -0.0081 -0.0424
vn 0.1546 -0.1067 -0.9822
vn 0.2552 -0.0432 -0.9659
vn 0.2154 -0.0687 -0.9741
vn 0.5251 -0.5049 0.6850
vn 0.5791 -0.3830 0.7197
vn 0.5889 0.1585 0.7925
vn -0.9145 0.3608 0.1830
vn 0.6754 -0.7161 -0.1762
vn 0.6398 -0.7601 -0.1141
vn 0.6966 -0.6838 -0.2172
vn 0.0774 -0.6132 0.7861
vn 0.0865 0.1110 0.9900
vn -0.3039 0.0493 0.9514
vn -0.6819 0.7314 -0.0043
vn 0.6954 -0.7185 -0.0125
vn 0.7238 0.6853 -0.0801
vn 0.4660 0.8791 -0.1000
vn -0.2584 0.2501 0.9331
vn 0.0199 0.6260 0.7796
vn 0.0256 0.6276 0.7781
vn 0.0253 0.6278 0.7779
vn 0.8910 0.2950 0.3451
vn 0.5400 0.7848 0.3043
vn 0.4271 0.6166 0.6614
vn 0.5933 0.5393 0.5976
vn 0.6257 0.5203 0.5812
vn -0.1843 -0.9211 0.3429
vn 0.6377 0.5129 0.5747
vn -0.1713 -0.6997 -0.6936
vn 0.9513 0.3063 -0.0356
vn 0.5263 0.8110 -0.2556
vn 0.0930 -0.9941 0.0560
vn 0.0959 -0.9898 0.1052
vn 0.1002 -0.9779 0.1837
vn 0.4541 -0.5905 0.6672
vn 0.0936 0.8815 0.4629
vn 0.7751 0.0136 -0.6317
vn 0.8764 0.3556 0.3247
vn 0.2207 0.1297 0.9667
vn 0.6288 -0.7716 -0.0963
vn -0.6214 -0.2628 -0.7381
vn 0.8521 0.5007 0.1524
vn 0.6366 -0.6650 0.3905
vn 0.2553 -0.0432 -0.9659
vn 0.3322 0.0074 -0.9432
vn 0.9373 -0.3393 -0.0797
vn 0.9045 -0.4265 -0.0051
vn 0.9267 -0.3721 -0.0523
vn 0.5270 -0.6661 0.5279
vn 0.9444 -0.3285 -0.0126
vn -0.1670 0.0266 0.9856
vn -0.7293 -0.4236 0.5373
vn -0.2398 0.7261 0.6444
vn -0.3251 0.8092 -0.4894
vn 0.9546 0.2783 -0.1060
vn 0.4388 0.8774 0.1942
vn 0.7487 0.0081 -0.6629
vn 0.7591 0.0035 -0.6509
vn 0.8179 -0.0239 -0.5748
vn 0.8448 0.5343 0.0287
vn 0.9953 -0.0146 -0.0957
vn 0.9981 -0.0409 -0.0461
vn 0.9512 -0.0659 -0.3013
vn 0.8776 0.1109 0.4664
vn 0.0132 0.6311 0.7756
vn -0.0942 0.9711 0.2193
vn -0.0386 0.9809 0.1905
vn 0.0380 0.9880 0.1498
vn -0.9248 0.3801 0.0146
vn 0.9565 0.2912 0.0189
vn -0.0643 -0.9979 0.0012
vn 0.1942 -0.2112 -0.9579
vn 0.9450 -0.2962 0.1390
vn 0.1545 -0.9873 -0.0375
vn -0.9535 -0.1207 0.2762
vn 0.2820 0.1728 0.9437
vn 0.2779 0.3287 0.9026
vn 0.2814 0.2256 0.9327
vn -0.9137 -0.0180 0.4060
vn 0.1586 0.1455 0.9766
vn 0.1722 0.1641 0.9713
vn 0.0952 0.1188 0.9883
vn 0.3344 0.9424 0.0111
vn 0.3343 0.9423 0.0197
vn 0.1361 0.9907 -0.0027
vn -0.1376 0.9890 -0.0542
vn 0.9422 -0.3306 -0.0537
vn 0.9446 -0.3236 -0.0545
vn 0.3658 0.1660 0.9158
vn 0.3315 0.1313 0.9343
vn 0.9121 -0.4098 -0.0128
vn 0.8534 -0.5210 0.0162
vn -0.2363 0.0096 0.9716
vn -0.2462 0.0129 0.9691
vn -0.1722 -0.0114 0.9850
vn -0.1611 -0.0150 0.9868
vn -0.0295 -0.6445 0.7641
vn -0.0108 0.0265 0.9996
vn 0.2674 0.9607 0.0746
vn 0.3897 0.9206 0.0253
vn 0.8976 -0.0072 0.4408
vn -0.1188 0.1063 0.9872
vn -0.4359 -0.2993 0.8488
vn -0.4455 0.0203 -0.8950
vn -0.4700 0.0164 -0.8825
vn -0.3800 -0.0012 -0.9250
vn 0.1438 0.9896 -0.0096
vn 0.8514 0.5093 -0.1254
vn 0.7867 0.5919 -0.1754
vn 0.8487 -0.0399 -0.5273
vn 0.0453 0.0637 -0.9969
vn 0.0805 0.0347 -0.9962
vn 0.1097 0.0105 -0.9939
vn 0.8114 -0.3521 0.4665
vn 0.8265 -0.3215 0.4622
vn 0.8094 -0.3562 0.4670
vn -0.0149 -0.9992 -0.0362
vn -0.4468 -0.8672 0.2200
vn -0.8129 0.2312 0.5345
vn -0.7770 0.1162 -0.6187
vn -0.7775 0.1164 -0.6180
vn -0.7796 0.1169 -0.6153
vn -0.7853 0.1184 -0.6077
vn 0.9791 0.1299 0.1565
vn 0.9536 0.0216 -0.3002
vn -0.5809 -0.2122 0.7858
vn -0.5535 -0.2290 0.8008
vn -0.6175 -0.1886 0.7636
vn -0.2635 0.0426 -0.9637
vn 0.6727 0.7127 -0.1987
vn 0.9576 0.2854 -0.0394
vn 0.1177 0.9930 0.0087
vn 0.1458 0.9885 0.0411
vn 0.0755 0.9970 -0.0194
vn 0.3046 -0.9524 -0.0102
vn 0.3146 -0.9492 0.0054
vn 0.3272 -0.9449 0.0129
vn -0.0377 0.2609 -0.9646
vn -0.4889 0.7992 0.3498
vn 0.3471 -0.4458 -0.8251
vn 0.3717 -0.3522 -0.8590
vn 0.3578 -0.4076 -0.8402
vn -0.8297 0.5550 -0.0595
vn -0.1864 0.9807 -0.0592
vn 0.8278 0.0065 -0.5610
vn -0.3941 -0.0124 -0.9190
vn 0.4243 0.9055 0.0093
vn 0.1224 0.0193 0.9923
vn 0.1479 0.0048 0.9890
vn 0.0871 0.0392 0.9954
vn 0.9451 -0.0697 -0.3193
vn 0.3578 -0.4075 -0.8402
vn 0.3717 -0.3521 -0.8590
vn 0.3787 -0.3218 -0.8678
vn 0.9565 0.0906 -0.2773
vn 0.3009 -0.0878 0.9496
vn -0.3455 0.6000 0.7216
vn -0.0213 -0.1327 0.9909
vn 0.3489 0.9077 -0.2330
vn 0.1835 -0.0044 0.9830
vn -0.9971 0.0359 0.0675
vn 0.6289 -0.0440 -0.7762
vn 0.1387 0.9892 0.0464
vn 0.1459 0.9885 0.0411
vn 0.1098 0.0105 -0.9939
vn 0.0805 0.0347 -0.9961
vn 0.1419 -0.0163 -0.9898
vn 0.9455 -0.3133 -0.0887
vn 0.8772 -0.1305 -0.4620
vn 0.6092 -0.4975 -0.6176
vn -0.1782 -0.9475 -0.2654
vn 0.1143 0.9876 0.1079
vn -0.0513 -0.9957 -0.0776
vn -0.0343 -0.9981 -0.0512
vn 0.0726 -0.9957 -0.0573
vn 0.0813 -0.9954 -0.0516
vn 0.9524 -0.2751 -0.1315
vn 0.3477 -0.2259 0.9100
vn 0.2469 0.9640 0.0985
vn -0.0830 -0.7678 -0.6353
vn -0.1074 -0.7510 -0.6516
vn -0.1632 -0.7088 -0.6863
vn 0.7509 0.5774 0.3207
vn 0.6594 -0.5792 0.4792
vn 0.2417 0.7655 0.5964
vn -0.0837 0.9852 0.1496
vn -0.1633 0.9823 0.0915
vn -0.0378 0.9862 0.1611
vn 0.0340 0.5912 0.8058
vn 0.0265 0.5932 0.8046
vn 0.0914 0.5779 0.8110
vn 0.9654 0.2604 -0.0145
vn 0.9646 0.2476 -0.0907
vn 0.3322 0.3880 0.8597
vn 0.4607 0.8485 0.2604
vn -0.4521 0.8883 -0.0815
vn 0.1037 -0.9603 0.2588
vn 0.0296 0.0315 -0.9991
vn 0.0440 0.0364 -0.9984
vn -0.0041 0.0200 -0.9998
vn -0.7432 -0.5204 0.4205
vn 0.0029 -0.8198 -0.5727
vn -0.6163 0.4474 -0.6480
vn 0.4788 -0.2973 0.8260
vn 0.3115 0.4023 0.8609
vn -0.9166 -0.0654 -0.3945
vn 0.9996 0.0287 0.0057
vn -0.0344 -0.9981 -0.0511
vn -0.0513 -0.9957 -0.0775
vn -0.1370 -0.9841 0.1132
vn 0.4665 -0.3882 0.7948
vn -0.0850 -0.5273 0.8454
vn -0.0931 -0.5513 0.8291
vn -0.0471 -0.4502 0.8917
vn -0.0809 -0.2971 -0.9514
vn 0.1029 0.4979 0.8611
vn 0.1090 0.4941 0.8625
vn 0.1092 0.4940 0.8626
vn 0.1231 0.4852 0.8657
vn 0.5179 0.1593 0.8405
vn 0.5043 0.1663 0.8474
vn 0.5922 0.1190 0.7969
vn -0.5098 0.0451 -0.8591
vn -0.5159 0.0434 -0.8556
vn -0.4733 0.0551 -0.8792
vn -0.2664 0.0388 0.9631
vn 0.1089 0.9940 0.0100
vn 0.5141 0.0259 -0.8574
vn 0.5312 0.0858 -0.8429
vn 0.5263 0.1747 -0.8321
vn 0.1281 0.9900 0.0583
vn -0.0505 -0.9972 0.0549
vn -0.0869 -0.9962 0.0095
vn 0.0425 -0.9975 0.0564
vn -0.7263 0.6785 -0.1101
vn 0.0595 0.0548 0.9967
vn 0.4778 -0.0076 -0.8784
vn 0.9977 0.0284 0.0621
vn -0.1373 -0.0381 0.9898
vn -0.6421 -0.1720 0.7471
vn -0.5810 -0.2122 0.7858
vn -0.1199 0.8737 0.4714
vn -0.1210 0.8708 0.4765
vn -0.1220 0.8681 0.4812
vn -0.2448 -0.9680 -0.0549
vn -0.0870 -0.9962 0.0095
vn -0.1123 -0.9935 0.0211
vn -0.9320 0.3564 -0.0652
vn 0.0570 0.9960 -0.0683
vn 0.6142 0.7748 -0.1496
vn 0.3854 -0.5509 -0.7403
vn 0.3138 0.6975 0.6442
vn -0.5891 -0.7198 -0.3671
vn 0.5432 0.7104 0.4475
vn -0.1547 0.0853 0.9843
vn 0.7713 -0.3289 -0.5449
vn 0.7038 0.2997 0.6441
vn -0.0231 -0.6213 0.7833
vn -0.0497 -0.4976 0.8660
vn -0.3214 -0.2993 0.8984
vn 0.5310 0.3775 0.7586
vn 0.5923 0.1190 0.7969
vn 0.6147 0.1060 0.7816
vn 0.5180 0.1593 0.8404
vn 0.0731 0.7531 0.6538
vn 0.0423 0.9896 -0.1375
vn -0.2650 0.9641 0.0169
vn -0.0353 0.9973 -0.0647
vn 0.7295 0.6728 0.1234
vn 0.7093 0.6827 -0.1755
vn 0.7272 0.6839 -0.0580
vn 0.7197 0.6939 0.0236
vn 0.6633 0.6048 -0.4408
vn 0.6001 -0.7998 -0.0160
vn 0.6763 -0.7363 0.0215
vn -0.1122 -0.9935 0.0212
vn 0.0015 -0.6494 0.7605
vn 0.9353 -0.3432 0.0859
vn -0.0455 0.9814 -0.1863
vn -0.4222 -0.9046 -0.0591
vn 0.4248 0.9029 0.0654
vn -0.6487 -0.7567 -0.0811
vn -0.0468 -0.9954 -0.0840
vn 0.8956 0.0370 -0.4434
vn -0.0061 0.9630 0.2693
vn -0.0265 0.6969 0.7166
vn 0.4243 0.5975 -0.6804
vn 0.0510 -0.9953 -0.0820
vn 0.0454 -0.9981 -0.0412
vn 0.0311 -0.9955 -0.0895
vn 0.4479 0.2498 0.8585
vn 0.0699 -0.9973 0.0240
vn -0.2452 -0.9694 -0.0100
vn -0.0399 -0.9962 -0.0773
vn -0.1763 -0.9841 -0.0221
vn 0.6058 0.6965 0.3846
vn -0.4432 -0.6667 -0.5993
vn 0.0496 -0.9985 -0.0218
vn -0.6097 -0.6896 -0.3908
vn 0.2015 0.9793 0.0181
vn 0.2045 0.9787 0.0173
vn 0.2198 0.9755 0.0132
vn 0.2046 0.9787 0.0173
vn 0.2260 0.9741 0.0115
vn 0.5116 0.8580 0.0471
vn 0.1734 0.9848 -0.0002
vn -0.4154 0.6252 -0.6608
vn 0.1520 -0.2637 -0.9526
vn 0.0037 0.9389 0.3442
vn 0.6663 -0.7225 -0.1846
vn -0.2890 -0.3370 0.8961
vn 0.0482 -0.0551 0.9973
vn 0.5379 -0.4996 -0.6790
vn 0.7441 -0.0304 -0.6674
vn -0.2603 0.2760 0.9252
vn -0.4461 0.0624 -0.8928
vn -0.5097 0.0451 -0.8591
vn 0.1240 0.9061 -0.4044
vn -0.6793 0.0510 -0.7321
vn 0.3557 0.2995 0.8853
vn -0.1241 0.8620 0.4915
vn 0.9892 0.1226 0.0803
vn 0.6126 0.7891 0.0461
vn 0.4572 -0.5299 -0.7143
vn 0.2642 -0.0787 -0.9612
vn 0.1308 0.9643 -0.2302
vn 0.0290 0.9964 0.0797
vn -0.3457 0.9360 0.0660
vn 0.2503 0.9682 -0.0027
vn -0.5078 0.8567 0.0904
vn 0.4465 0.8862 0.1235
vn -0.8696 -0.3653 0.3322
vn 0.3872 -0.9217 0.0222
vn 0.3656 -0.9297 0.0455
vn 0.9472 -0.3207 0.0022
vn 0.0802 -0.2257 0.9709
vn -0.5491 0.3183 -0.7727
vn -0.6579 0.5822 -0.4777
vn -0.3576 -0.5446 -0.7586
vn -0.9230 0.3303 -0.1976
vn -0.1688 -0.0055 0.9856
vn -0.1673 -0.0049 0.9859
vn -0.1653 -0.0042 0.9862
vn -0.2310 -0.2671 0.9356
vn -0.2800 0.0167 0.9598
vn -0.2491 0.2784 0.9276
vn -0.0650 0.9314 0.3583
vn -0.0260 0.9408 0.3378
vn -0.0789 0.9782 -0.1922
vn -0.0668 -0.9534 0.2943
vn 0.0454 0.9973 -0.0572
vn 0.0900 0.9935 -0.0698
vn 0.6430 0.2878 -0.7098
vn -0.1051 0.5462 -0.8310
vn 0.6739 -0.0091 -0.7387
vn 0.9875 0.0287 0.1548
vn 0.9949 0.0039 0.1006
vn 0.9885 -0.0875 0.1237
vn 0.9969 -0.0149 0.0770
vn 0.9964 0.0258 0.0813
vn -0.2224 0.4220 -0.8789
vn 0.6221 -0.5160 0.5889
vn 0.9182 0.3576 -0.1702
vn -0.4235 0.2978 -0.8555
vn -0.3795 0.3257 -0.8660
vn -0.4454 0.2833 -0.8493
vn 0.9071 -0.0371 -0.4192
vn 0.1007 0.0902 0.9908
vn 0.0963 0.1039 0.9899
vn 0.0985 0.0973 0.9904
vn 0.1199 0.9444 -0.3062
vn -0.0182 -0.0048 0.9998
vn 0.0011 0.0626 0.9980
vn -0.0041 0.9728 0.2314
vn 0.4118 -0.4423 0.7967
vn 0.9903 0.1382 -0.0170
vn 0.5733 0.7788 -0.2546
vn -0.0253 -0.8079 -0.5888
vn -0.9858 0.1516 0.0721
vn -0.9312 0.3634 0.0289
vn -0.9655 0.2552 0.0516
vn -0.1647 -0.0039 0.9863
vn 0.1065 -0.4968 -0.8613
vn 0.1924 -0.9804 -0.0425
vn -0.4562 0.2761 -0.8460
vn -0.9898 0.1194 0.0782
vn -0.1549 0.2010 0.9673
vn 0.0185 -0.6137 0.7893
vn -0.0380 -0.6569 0.7531
vn -0.0380 -0.6568 0.7531
vn -0.0231 -0.6213 0.7832
vn -0.0087 -0.6556 0.7550
vn -0.0497 -0.4977 0.8659
vn 0.8935 0.3537 0.2766
vn 0.6622 -0.1503 0.7341
vn 0.1940 -0.5082 -0.8391
vn 0.7397 0.4233 -0.5231
vn 0.8844 -0.0269 0.4659
vn 0.0149 0.0365 -0.9992
vn -0.2068 0.9774 0.0440
vn 0.1055 0.9752 -0.1948
vn 0.9646 0.2476 -0.0908
vn 0.9502 0.2482 -0.1884
vn 0.2134 0.9499 -0.2284
vn 0.1950 0.9494 -0.2461
vn 0.1739 0.9557 -0.2376
vn 0.0078 -0.5794 -0.8150
vn 0.0265 -0.5347 -0.8446
vn 0.0737 -0.4133 -0.9076
vn 0.0110 0.1662 -0.9860
vn -0.0236 0.1241 -0.9920
vn -0.0010 0.1516 -0.9884
vn 0.2888 -0.1635 0.9433
vn -0.0122 -0.9791 0.2032
vn 0.0071 -0.9729 0.2311
vn -0.0186 -0.9809 0.1938
vn -0.0128 -0.9127 0.4084
vn -0.0107 -0.9157 0.4017
vn 0.0169 -0.9504 0.3107
vn 0.3254 -0.9082 0.2633
vn 0.6816 0.6786 -0.2735
vn 0.6216 0.4344 0.6519
vn 0.0238 -0.0255 -0.9994
vn 0.0231 -0.0265 -0.9994
vn 0.0235 -0.0259 -0.9994
vn 0.0243 -0.0249 -0.9994
vn -0.1050 -0.1427 -0.9842
vn -0.0643 -0.2102 -0.9756
vn -0.0745 -0.0891 -0.9932
vn 0.9557 -0.0327 -0.2924
vn 0.8966 -0.0181 0.4425
vn 0.0270 0.1855 -0.9823
vn 0.6097 -0.5893 -0.5301
vn -0.3009 -0.5901 0.7491
vn 0.1999 -0.5119 -0.8355
vn 0.7840 0.4146 0.4621
vn -0.1944 0.3310 -0.9234
vn 0.5461 0.1293 0.8277
vn 0.7749 0.1465 0.6149
vn 0.0662 0.9963 -0.0541
vn 0.9795 -0.1970 -0.0425
vn 0.9776 -0.2057 -0.0436
vn 0.9780 -0.2040 -0.0434
vn -0.0055 0.8717 -0.4900
vn -0.0901 -0.5303 0.8430
vn 0.0856 0.9890 -0.1203
vn 0.7464 -0.6627 -0.0601
vn 0.9652 -0.2603 0.0263
vn 0.9773 -0.2118 0.0025
vn 0.8331 -0.5443 -0.0985
vn 0.2014 0.1061 0.9738
vn -0.5230 -0.1885 -0.8312
vn -0.0397 -0.9859 0.1628
vn 0.0656 0.0381 0.9971
vn 0.0610 0.0889 0.9942
vn 0.0638 -0.1919 0.9793
vn 0.0181 -0.1970 0.9802
vn 0.0725 -0.1909 0.9789
vn -0.0309 -0.3764 -0.9260
vn -0.9428 0.3333 0.0098
vn -0.9455 0.3253 0.0122
vn -0.9534 0.3010 0.0193
vn 0.8011 -0.5983 0.0191
vn 0.9815 0.1896 0.0250
vn 0.2887 0.0902 -0.9532
vn 0.1789 0.1253 -0.9759
vn 0.2120 0.1229 -0.9695
vn 0.8780 -0.4738 0.0680
vn 0.0212 -0.1523 0.9881
vn -0.0045 -0.0974 0.9952
vn -0.0828 -0.0038 0.9966
vn -0.0807 -0.4018 0.9121
vn 0.0264 0.5932 0.8046
vn -0.0086 0.6008 0.7993
vn -0.0109 0.6004 0.7996
vn 0.6746 0.5758 0.4619
vn -0.3197 -0.3997 0.8591
vn 0.5959 -0.7009 -0.3920
vn 0.7490 0.6597 -0.0609
vn 0.7420 0.6703 -0.0076
vn 0.1813 -0.9674 0.1770
vn -0.0188 0.0150 -0.9997
vn 0.6922 -0.2506 0.6768
vn 0.6882 -0.2821 0.6685
vn 0.6910 -0.2605 0.6743
vn 0.7748 0.4796 -0.4119
vn -0.0152 -0.9930 -0.1171
vn -0.3963 -0.8726 -0.2856
vn 0.8737 0.1643 0.4579
vn 0.8655 0.2343 0.4428
vn 0.8757 0.1368 0.4632
vn 0.8533 -0.4940 -0.1669
vn -0.1583 0.4693 0.8687
vn -0.0154 0.8682 -0.4959
vn -0.0092 0.8874 -0.4608
vn 0.0117 0.9419 -0.3357
vn 0.1438 0.0150 0.9895
vn 0.1532 0.3021 0.9409
vn 0.7060 -0.1403 -0.6942
vn 0.9716 0.2362 -0.0133
vn 0.7409 -0.3143 -0.5936
vn 0.0041 0.6282 0.7781
vn 0.2941 0.0439 -0.9548
vn 0.2754 0.0715 -0.9587
vn 0.1563 0.0508 -0.9864
vn 0.8822 0.4533 0.1273
vn 0.8257 0.5556 0.0972
vn 0.8580 0.4989 0.1226
vn 0.7933 -0.3862 0.4706
vn 0.0261 0.9975 -0.0654
vn -0.0179 0.9450 0.3266
vn -0.1669 -0.3923 0.9046
vn 0.0494 0.1631 -0.9854
vn -0.0014 0.3896 0.9210
vn 0.0319 0.3829 0.9232
vn 0.0080 0.3878 0.9217
vn -0.9567 0.2901 0.0225
vn -0.1184 0.9927 -0.0228
vn -0.0047 0.7799 -0.6259
vn -0.0770 -0.0032 0.9970
vn -0.7849 0.1471 -0.6019
vn 0.7773 0.0267 -0.6286
vn 0.9814 -0.1920 0.0074
vn 0.9773 -0.2116 0.0072
vn 0.9886 -0.1386 0.0591
vn -0.2085 -0.0565 0.9764
vn 0.8776 0.0761 0.4734
vn 0.8757 0.1367 0.4632
vn -0.1478 0.9890 -0.0085
vn -0.5639 0.8249 0.0393
vn 0.0520 0.9962 -0.0691
vn 0.0754 0.9970 -0.0194
vn 0.0437 0.9989 -0.0143
vn 0.6740 -0.0090 -0.7387
vn 0.6772 -0.0040 -0.7358
vn 0.6750 -0.0024 -0.7378
vn 0.4577 0.8460 0.2735
vn 0.4442 0.8551 0.2673
vn 0.3690 0.9000 0.2320
vn 0.4442 0.8552 0.2673
vn 0.3351 0.9171 0.2159
vn -0.1667 -0.0291 0.9856
vn 0.5983 0.1677 0.7836
vn -0.9049 -0.4218 -0.0568
vn 0.9901 -0.1061 0.0919
vn 0.0120 0.6322 0.7747
vn 0.0142 0.6196 0.7848
vn -0.0023 0.6066 0.7950
vn 0.9805 0.1967 0.0012
vn -0.9083 -0.4175 0.0258
vn 0.7101 0.7041 0.0030
vn 0.7294 0.6803 -0.0720
vn 0.9916 0.1092 0.0692
vn 0.9953 0.0968 0.0017
vn 0.9939 0.0983 0.0504
vn 0.8628 -0.5042 -0.0361
vn 0.8588 -0.3433 -0.3803
vn 0.9062 -0.2949 -0.3032
vn 0.8658 -0.3369 -0.3700
vn 0.9803 -0.1929 -0.0419
vn 0.9881 -0.0841 0.1291
vn -0.0055 0.9835 0.1806
vn -0.0134 -0.0772 -0.9969
vn 0.3586 -0.9308 0.0713
vn 0.1191 0.9428 0.3115
vn 0.7050 0.7092 0.0065
vn 0.7101 0.7041 0.0029
vn -0.0616 -0.9980 -0.0138
vn 0.0603 0.9976 0.0353
vn -0.1374 -0.9863 0.0916
vn -0.0638 -0.9970 0.0446
vn -0.0049 -0.9999 0.0120
vn 0.0388 0.9985 -0.0378
vn -0.1393 -0.9852 0.1003
vn 0.3919 -0.8969 -0.2049
vn -0.0451 -0.9983 0.0364
vn -0.0454 -0.9983 0.0359
vn -0.5016 -0.8313 -0.2396
vn 0.0608 -0.9979 -0.0229
vn -0.1178 -0.9495 -0.2907
vn 0.9799 -0.1454 -0.1364
vn 0.5103 -0.6102 0.6059
vn 0.0670 -0.9931 0.0967
vn -0.0769 0.8810 -0.4668
vn -0.0221 -0.8605 0.5090
vn 0.0624 -0.9148 0.3990
vn 0.0327 -0.8979 0.4389
vn 0.9867 -0.1573 0.0412
vn 0.6479 -0.7591 0.0625
vn -0.0048 -0.9999 0.0116
vn 0.9953 0.0968 0.0016
vn 0.9978 0.0549 -0.0359
vn 0.9938 -0.0732 0.0842
vn -0.3088 -0.8349 0.4556
vn 0.1022 0.0855 0.9911
vn -0.9428 0.1607 -0.2922
vn 0.2104 0.0967 0.9728
vn 0.1123 -0.2215 0.9687
vn -0.0241 -0.3967 -0.9176
vn 0.0515 -0.1530 0.9869
vn 0.0513 -0.1447 0.9881
vn 0.0250 -0.0383 -0.9990
vn 0.0426 -0.7462 -0.6643
vn -0.0792 0.9968 0.0060
vn 0.6737 0.6890 0.2674
vn 0.0664 0.9941 -0.0859
vn 0.3192 0.9322 0.1707
vn -0.2850 -0.9410 -0.1826
vn 0.8580 0.4988 0.1226
vn 0.8877 0.4429 0.1254
vn 0.8589 -0.5082 0.0634
vn 0.9282 -0.1545 0.3385
vn 0.6903 -0.1192 0.7136
vn 0.7183 -0.0687 0.6924
vn 0.6384 -0.2018 0.7428
vn -0.0366 0.7162 0.6970
vn 0.0018 -0.7213 -0.6926
vn 0.0255 -0.7205 -0.6930
vn 0.0425 -0.7197 -0.6930
vn 0.0491 -0.7193 -0.6930
vn -0.3000 0.8284 -0.4730
vn 0.0165 0.9518 -0.3062
vn 0.1681 0.9857 0.0123
vn 0.2967 0.9540 0.0419
vn 0.1569 0.0123 -0.9875
vn 0.2941 0.0438 -0.9548
vn 0.1562 0.0508 -0.9864
vn 0.9551 0.2395 -0.1746
vn 0.9544 0.2447 -0.1709
vn 0.9549 0.2412 -0.1733
vn 0.7092 0.6510 -0.2705
vn 0.0579 0.9919 0.1131
vn 0.1889 -0.9816 0.0285
vn 0.7474 0.0280 0.6637
vn 0.0177 -0.1344 -0.9908
vn 0.6938 0.0107 -0.7201
vn -0.5372 -0.0353 0.8427
vn -0.4316 -0.0067 0.9020
vn -0.4522 -0.0121 0.8918
vn 0.8767 0.1009 -0.4704
vn -0.7958 0.5991 -0.0885
vn 0.0067 0.6304 0.7763
vn 0.0129 0.0883 0.9960
vn -0.0069 0.0996 0.9950
vn -0.5810 -0.7669 0.2727
vn 0.0520 0.9962 -0.0692
vn 0.1788 0.1253 -0.9759
vn 0.1515 0.1357 -0.9791
vn 0.0704 0.1880 -0.9796
vn 0.9971 0.0313 0.0693
vn 0.9971 0.0024 0.0760
vn 0.9895 0.1380 0.0439
vn -0.6483 -0.4014 -0.6470
vn 0.0035 -0.9966 0.0828
vn 0.0044 -0.9970 0.0773
vn -0.0096 -0.9941 0.1082
vn -0.1479 -0.0307 0.9885
vn -0.0701 -0.8208 0.5668
vn 0.6950 -0.2242 0.6832
vn 0.9333 -0.3264 -0.1495
vn 0.9957 -0.0840 0.0381
vn -0.0106 -0.9157 0.4017
vn 0.0192 -0.9528 0.3030
vn 0.0223 0.9773 0.2105
vn 0.0010 0.6005 0.7996
vn 0.4964 -0.5621 -0.6615
vn 0.4931 -0.6577 -0.5694
vn 0.4929 -0.6619 -0.5647
vn 0.4896 -0.6913 -0.5313
vn 0.9755 -0.2193 -0.0168
vn 0.9858 -0.1680 0.0022
vn 0.9881 -0.1510 0.0278
vn 0.0146 -0.9751 -0.2211
vn 0.0101 -0.9747 -0.2233
vn -0.5887 -0.8004 -0.1131
vn 0.1454 -0.5227 -0.8400
vn 0.2310 0.9717 -0.0499
vn 0.2589 0.9646 -0.0503
vn 0.2450 0.9674 -0.0646
vn 0.0237 0.2899 0.9568
vn 0.4382 -0.2106 -0.8739
vn 0.6855 -0.2846 -0.6701
vn 0.6057 -0.3569 -0.7111
vn 0.6918 -0.2808 -0.6653
vn 0.4372 -0.4720 0.7656
vn 0.2669 -0.7748 -0.5730
vn 0.2354 0.8416 -0.4861
vn -0.0511 0.0044 0.9987
vn 0.9842 0.1734 0.0353
vn -0.4640 0.5898 0.6609
vn -0.1547 0.1573 -0.9754
vn -0.1472 0.1526 -0.9773
vn -0.1477 0.1529 -0.9771
vn -0.7827 0.0034 -0.6224
vn -0.1581 0.1595 -0.9745
vn 0.5883 -0.2177 0.7788
vn 0.4521 -0.2767 0.8480
vn 0.5016 -0.2567 0.8262
vn 0.4138 -0.2548 0.8740
vn 0.3425 0.1443 0.9284
vn 0.1556 -0.0104 -0.9878
vn -0.5126 0.3707 -0.7745
vn -0.1108 -0.0145 0.9937
vn -0.1363 -0.0004 0.9907
vn -0.1353 -0.0009 0.9908
vn -0.7902 0.2142 0.5742
vn -0.8047 0.2018 0.5583
vn -0.7884 0.2157 0.5761
vn -0.9833 -0.0582 -0.1723
vn -0.9796 -0.0815 0.1836
vn 0.6553 -0.1731 -0.7352
vn 0.7379 -0.1952 -0.6461
vn 0.7413 0.2371 0.6279
vn 0.1255 -0.0150 -0.9920
vn 0.5016 -0.2567 0.8261
vn 0.6465 -0.1881 0.7394
vn 0.5884 -0.2177 0.7788
vn 0.4008 0.2450 0.8828
vn -0.4382 0.8076 0.3948
vn 0.3727 -0.8448 -0.3840
vn 0.3688 -0.8441 -0.3892
vn 0.3776 -0.8457 -0.3772
vn 0.7580 -0.2222 -0.6132
vn -0.8085 0.1985 0.5540
vn -0.2321 0.3216 0.9180
vn -0.1150 0.2586 0.9591
vn -0.1168 0.2334 0.9653
vn 0.3828 -0.8465 -0.3700
vn 0.2236 -0.9727 0.0612
vn 0.7856 0.2097 -0.5821
vn -0.1149 0.2586 0.9591
vn -0.0348 0.0871 0.9956
vn 0.4397 -0.4776 -0.7607
vn -0.0016 0.9993 0.0376
vn 0.0550 -0.9925 -0.1093
vn 0.0237 -0.9844 -0.1745
vn 0.0549 -0.9984 -0.0104
vn -0.2277 0.4095 -0.8835
vn 0.0103 -0.9995 0.0285
vn 0.1412 0.9755 0.1686
vn 0.0314 0.9904 -0.1349
vn 0.0467 0.9904 -0.1301
vn 0.0851 0.9943 -0.0640
vn 0.0592 0.9981 -0.0173
vn -0.4320 0.3854 -0.8154
vn -0.0418 0.0303 0.9987
vn -0.0213 -0.6448 0.7640
vn 0.0899 0.9097 -0.4053
vn -0.8463 0.0504 0.5302
vn 0.1194 -0.1851 0.9754
vn -0.1349 0.9908 -0.0067
vn 0.0860 -0.3799 -0.9210
vn -0.0220 0.9691 0.2458
vn 0.4035 0.9116 -0.0782
vn 0.1376 0.1247 -0.9826
vn -0.0188 -0.2171 -0.9760
vn 0.1186 -0.7703 0.6266
vn -0.1040 -0.3835 0.9177
vn -0.5559 -0.0406 0.8303
vn -0.0539 -0.0175 0.9984
vn 0.0152 0.0008 0.9999
vn -0.0965 -0.0289 0.9949
vn 0.3483 0.9362 0.0471
vn -0.7993 -0.6009 0.0061
vn 0.1156 -0.9560 0.2697
vn 0.8875 -0.4568 -0.0596
vn -0.0166 -0.9994 0.0296
vn -0.9666 -0.2138 0.1411
vn -0.0072 0.9528 -0.3034
vn -0.0627 0.0153 -0.9979
vn 0.4899 -0.6911 -0.5314
vn 0.9881 -0.1510 0.0279
vn -0.9480 -0.3180 0.0096
vn 0.8143 -0.3795 -0.4392
vn 0.0091 -0.9989 0.0470
vn 0.0017 -0.1091 0.9940
vn -0.4547 -0.7580 0.4676
vn 0.1805 -0.9825 0.0452
vn -0.0269 0.3944 0.9185
vn 0.2964 0.9550 0.0145
vn 0.1253 0.0995 -0.9871
vn 0.0880 0.1334 -0.9871
vn 0.8193 0.4061 -0.4048
vn 0.8169 0.4311 -0.3832
vn 0.8214 0.3548 -0.4465
vn 0.4413 0.4719 -0.7632
vn 0.1390 -0.8001 -0.5835
vn -0.5647 -0.8241 0.0433
vn 0.9931 0.0689 0.0951
vn -0.0311 -0.9802 -0.1956
vn -0.2897 0.4723 0.8324
vn -0.3759 0.2760 -0.8846
vn -0.7914 -0.4674 0.3940
vn 0.2637 0.0532 0.9631
vn 0.6026 -0.2523 0.7571
vn -0.0279 -0.9990 0.0342
vn -0.8162 -0.3712 0.4427
vn -0.0700 -0.0758 0.9947
vn -0.0212 -0.6448 0.7641
vn 0.0185 -0.6137 0.7894
vn 0.0402 -0.5959 0.8020
vn -0.2041 0.6161 0.7607
vn -0.2756 0.1232 0.9533
vn -0.2373 0.2165 0.9470
vn -0.2766 0.1207 0.9534
vn 0.0067 0.6303 0.7763
vn -0.0190 0.6158 0.7877
vn -0.0333 0.5995 0.7997
vn -0.0190 0.6159 0.7876
vn -0.9459 0.0694 -0.3168
vn -0.3255 -0.3402 0.8822
vn 0.8157 0.5720 0.0865
vn -0.8986 0.1499 0.4124
vn 0.9669 0.1002 -0.2348
vn 0.9834 0.0777 -0.1637
vn 0.9548 0.1128 -0.2750
vn -0.0172 -0.3135 -0.9494
vn -0.4258 -0.1255 0.8960
vn 0.1635 0.0169 -0.9864
vn 0.9216 0.1400 -0.3620
vn 0.4617 0.5905 -0.6620
vn 0.0320 -0.7630 0.6456
vn 0.0710 -0.7113 0.6993
vn -0.0026 -0.8041 0.5944
vn 0.6154 -0.7871 0.0419
vn 0.6001 -0.7993 0.0326
vn 0.6681 -0.7435 0.0293
vn -0.0229 0.2837 0.9586
vn -0.0182 0.2838 0.9587
vn -0.0083 0.2841 0.9588
vn -0.0466 -0.7849 0.6179
vn 0.0205 -0.8197 0.5724
vn 0.0499 -0.8331 0.5509
vn 0.8715 0.0337 -0.4892
vn -0.1049 -0.7494 0.6537
vn 0.5201 0.2008 -0.8301
vn -0.6977 0.0805 -0.7119
vn 0.0029 -0.7434 0.6688
vn -0.9386 -0.1121 -0.3262
vn 0.9378 -0.0115 0.3469
vn 0.6223 0.7446 -0.2414
vn -0.1575 0.9647 0.2109
vn -0.7089 -0.6610 -0.2458
vn -0.8855 -0.3873 0.2567
vn -0.9234 -0.2760 0.2667
vn -0.8632 -0.4381 0.2507
vn 0.7972 0.6031 -0.0286
vn 0.7538 -0.2448 -0.6098
vn -0.9384 -0.2150 0.2705
vn 0.3906 0.9050 0.1686
vn 0.0741 0.4615 0.8840
vn 0.0914 0.4282 0.8991
vn 0.0798 0.4507 0.8891
vn 0.1175 0.4498 0.8854
vn 0.1027 0.4566 0.8837
vn 0.0851 0.4644 0.8815
vn 0.6396 0.0977 0.7625
vn -0.7415 -0.0019 -0.6709
vn -0.6055 -0.6629 -0.4404
vn -0.6282 -0.6369 -0.4470
vn -0.4890 -0.7738 -0.4025
vn -0.4546 0.7618 -0.4615
vn 0.7174 0.0880 0.6911
vn -0.3981 -0.6852 -0.6100
vn 0.5090 -0.4068 0.7585
vn -0.5094 0.6453 -0.5693
vn -0.1266 -0.0286 -0.9915
vn 0.0689 0.4714 0.8792
vn -0.6087 0.7878 -0.0939
vn 0.5217 0.2810 -0.8055
vn 0.5291 0.2657 -0.8059
vn 0.5688 0.1745 -0.8038
vn 0.1533 0.4138 -0.8974
vn 0.8231 -0.3119 0.4745
vn -0.4597 -0.7969 -0.3920
vn 0.2676 0.6169 -0.7402
vn 0.4280 0.8280 -0.3622
vn 0.2237 0.5401 0.8113
vn 0.7378 0.3403 -0.5829
vn 0.7300 0.6513 -0.2071
vn 0.7539 0.6317 -0.1804
vn 0.7157 0.6621 -0.2225
vn -0.9180 0.3724 0.1362
vn 0.4665 0.3857 -0.7960
vn 0.2769 -0.0711 -0.9583
vn -0.1802 -0.6294 -0.7559
vn -0.0361 -0.2191 0.9750
vn 0.2248 -0.9627 0.1507
vn -0.3023 0.8697 0.3901
vn 0.0789 0.4672 0.8806
vn 0.9457 -0.3250 -0.0035
vn 0.9754 -0.1224 -0.1833
vn -0.1848 0.9828 -0.0035
vn -0.1738 0.9844 0.0291
vn -0.1964 0.9798 -0.0385
vn 0.0140 0.9464 0.3228
vn -0.8092 0.3224 0.4912
vn -0.7966 0.3241 -0.5104
vn -0.2091 0.9748 -0.0780
vn 0.7813 0.1268 -0.6111
vn -0.9890 -0.0070 0.1476
vn -0.9673 -0.1044 0.2312
vn -0.9735 -0.0829 0.2130
vn -0.7461 -0.5697 0.3446
vn -0.7257 -0.6426 0.2458
vn -0.7379 -0.6315 0.2381
vn 0.8194 0.0915 0.5658
vn -0.7257 -0.6426 0.2457
vn -0.6994 -0.6877 0.1947
vn -0.7379 -0.6316 0.2380
vn -0.9621 0.2728 0.0077
vn -0.6423 -0.0749 0.7628
vn -0.6857 -0.6911 0.2284
vn 0.7156 0.6621 -0.2225
vn 0.6849 0.6831 -0.2535
vn 0.7300 0.6513 -0.2072
vn -0.3570 0.9299 -0.0882
vn -0.6483 0.3336 -0.6844
vn 0.8230 0.5571 0.1110
vn 0.2733 0.9600 -0.0613
vn 0.3413 0.9399 -0.0138
vn 0.3176 0.9477 -0.0306
vn 0.3413 0.9398 -0.0138
vn 0.3808 0.9246 0.0146
vn -0.2135 -0.1720 0.9617
vn -0.9920 0.0192 0.1246
vn 0.9617 0.2274 0.1530
vn -0.7738 -0.4965 -0.3934
vn -0.6884 0.2475 0.6818
vn -0.2823 -0.7665 0.5768
vn -0.2995 -0.7624 0.5737
vn -0.2897 -0.7648 0.5755
vn -0.1722 0.9827 -0.0686
vn -0.8410 -0.4735 0.2616
vn -0.1621 -0.9614 0.2226
vn 0.0521 0.9683 -0.2441
vn 0.0726 0.9728 -0.2201
vn 0.0532 0.9686 -0.2428
vn -0.1840 -0.2719 -0.9446
vn -0.7762 0.4841 0.4039
vn -0.8084 -0.0497 0.5866
vn -0.2735 -0.7686 0.5784
vn 0.2465 0.9689 0.0200
vn 0.1675 -0.9771 -0.1316
vn -0.5479 0.4874 -0.6799
vn 0.5535 -0.4713 0.6867
vn -0.0856 0.9773 0.1935
vn -0.4426 0.1078 -0.8902
vn -0.5444 0.6646 0.5119
vn 0.0313 0.9629 -0.2682
vn 0.4459 -0.6241 0.6417
vn -0.2783 -0.1827 0.9430
vn 0.4717 -0.1336 0.8716
vn 0.4289 -0.0495 0.9020
vn 0.4595 -0.1087 0.8815
vn 0.1965 -0.9611 -0.1942
vn -0.1831 -0.6110 -0.7702
vn -0.1176 0.4014 0.9083
vn -0.0293 0.1095 -0.9936
vn 0.4918 0.2998 0.8175
vn 0.4403 0.3379 0.8318
vn 0.3666 0.3878 0.8457
vn 0.2405 -0.5457 0.8028
vn -0.4160 0.3545 -0.8375
vn 0.1355 0.0635 0.9887
vn 0.4933 -0.1794 0.8511
vn -0.1439 0.9891 -0.0299
vn -0.3124 -0.4235 -0.8503
vn 0.3144 0.4201 0.8512
vn 0.3074 -0.8125 -0.4954
vn -0.7782 -0.3196 -0.5406
vn 0.0136 -0.4487 0.8936
vn -0.1482 0.0007 -0.9890
vn -0.3382 -0.8629 -0.3756
vn -0.3450 0.7836 -0.5167
vn 0.0562 -0.8918 0.4489
vn -0.3437 0.9377 0.0513
vn -0.4241 0.9055 -0.0145
vn -0.3383 0.9410 0.0109
vn 0.4262 -0.9012 0.0789
vn 0.1131 0.8910 0.4397
vn 0.1063 0.9295 0.3532
vn 0.1675 0.4081 0.8974
vn -0.8044 0.5714 0.1625
vn -0.7885 0.5977 0.1450
vn -0.8130 0.5561 0.1724
vn -0.6983 0.0830 -0.7110
vn -0.7258 0.0221 -0.6876
vn -0.7183 0.0249 -0.6952
vn -0.0210 -0.8242 0.5659
vn -0.0878 -0.9951 -0.0460
vn -0.2007 0.9796 0.0058
vn 0.5530 0.4947 0.6704
vn 0.8389 -0.3663 -0.4026
vn -0.7726 0.6218 0.1283
vn 0.0153 0.0008 0.9999
vn 0.0326 0.0054 0.9995
vn 0.8081 0.0282 -0.5884
vn 0.8169 0.4312 -0.3832
vn 0.8193 0.4062 -0.4047
vn 0.8082 0.4856 -0.3333
vn -0.0427 -0.9988 0.0233
vn -0.0940 -0.9953 0.0222
vn -0.0262 -0.9996 0.0094
vn -0.4142 -0.5174 0.7488
vn -0.4148 -0.5181 0.7480
vn -0.4248 -0.5300 0.7339
vn -0.4148 -0.5180 0.7480
vn -0.4142 -0.5173 0.7489
vn -0.4047 -0.5060 0.7617
vn -0.0900 0.9957 0.0202
vn 0.9546 -0.1919 -0.2276
vn 0.9531 -0.2122 -0.2159
vn 0.9552 -0.1833 -0.2326
vn 0.9981 -0.0375 0.0488
vn -0.7683 0.0171 -0.6399
vn 0.9706 0.0282 -0.2391
vn 0.4895 -0.8698 0.0622
vn 0.6153 -0.7872 0.0420
vn -0.3106 0.0301 0.9500
vn -0.2757 0.1231 0.9533
vn -0.2767 0.1206 0.9534
vn -0.2838 0.9030 -0.3225
vn -0.0345 0.9571 0.2878
vn 0.0612 0.9631 0.2620
vn -0.0121 0.9644 0.2641
vn 0.1079 0.9760 0.1894
vn 0.0973 0.9939 -0.0510
vn 0.2450 0.9674 -0.0647
vn 0.2418 0.9689 -0.0518
vn 0.8549 0.1924 -0.4819
vn 0.9554 0.2368 -0.1764
vn 0.8980 0.4200 0.1308
vn -0.8599 -0.3130 0.4032
vn -0.1587 -0.7998 0.5789
vn 0.9506 -0.2585 -0.1720
vn 0.6161 0.0851 -0.7830
vn 0.2853 -0.3205 -0.9033
vn -0.0119 -0.0058 -0.9999
vn -0.5083 0.6250 0.5924
vn 0.8335 -0.3893 0.3920
vn -0.0453 0.1478 0.9880
vn -0.0397 0.0970 0.9945
vn -0.7507 -0.4650 -0.4693
vn 0.0544 0.9674 0.2471
vn 0.0467 0.4721 -0.8803
vn -0.0788 -0.1296 0.9884
vn -0.6050 0.7608 0.2348
vn 0.9560 -0.1620 -0.2446
vn 0.1080 -0.3118 -0.9440
vn -0.9917 0.0018 0.1283
vn -0.9924 0.0274 0.1197
vn -0.9924 0.0229 0.1212
vn -0.0333 -0.1060 0.9938
vn 0.2133 0.2176 0.9525
vn -0.0134 -0.9971 -0.0752
vn 0.2283 -0.0988 -0.9686
vn -0.1069 -0.7631 0.6374
vn 0.8236 0.5019 -0.2641
vn -0.6916 -0.6947 -0.1978
vn 0.0654 0.7022 -0.7090
vn -0.0365 0.9976 -0.0589
vn -0.2010 0.9773 0.0672
vn 0.7937 -0.5851 -0.1663
vn -0.9117 -0.0563 -0.4070
vn -0.3316 0.6643 0.6698
vn -0.3245 0.6547 0.6827
vn -0.3254 0.6560 0.6810
vn 0.6328 -0.2121 -0.7447
vn 0.6370 -0.2070 -0.7426
vn 0.5885 -0.2627 -0.7646
vn -0.1040 -0.1300 0.9860
vn -0.1039 -0.1300 0.9861
vn -0.1236 -0.1260 0.9843
vn -0.7528 0.0194 0.6580
vn 0.4527 -0.1452 0.8798
vn 0.0943 0.8609 -0.5000
vn 0.0143 0.0952 0.9954
vn -0.0360 0.2588 0.9652
vn 0.1590 0.9837 -0.0843
vn 0.0434 0.9958 -0.0805
vn -0.0251 0.0328 -0.9991
vn -0.1936 0.0209 -0.9809
vn -0.1405 0.0301 -0.9896
vn -0.1880 0.0228 -0.9819
vn 0.6772 -0.1560 -0.7191
vn 0.9775 0.1454 0.1529
vn 0.2396 -0.2553 0.9367
vn 0.3192 -0.1910 0.9282
vn 0.2508 -0.2466 0.9361
vn 0.3360 -0.1769 0.9251
vn -0.0258 0.9995 0.0184
vn -0.0411 0.9908 -0.1287
vn 0.9414 -0.3339 -0.0468
vn -0.0705 -0.9957 0.0600
vn 0.0092 -0.9992 0.0390
vn -0.0335 -0.9994 0.0107
vn 0.9694 -0.2439 0.0286
vn -0.0802 -0.9962 0.0350
vn -0.6029 0.3246 0.7288
vn -0.6850 -0.6952 0.2180
vn -0.0242 0.9963 -0.0820
vn -0.1673 0.9679 0.1877
vn 0.0136 0.6514 -0.7586
vn 0.0889 0.1028 -0.9907
vn 0.3928 0.7626 0.5139
vn -0.9176 0.3492 -0.1899
vn 0.0025 -0.9993 0.0362
vn -0.0120 -0.9966 -0.0819
vn 0.0401 -0.9981 -0.0478
vn -0.0335 -0.9994 0.0106
vn -0.0512 -0.0376 0.9980
vn 0.0259 0.0844 0.9961
vn 0.1163 0.8891 -0.4428
vn 0.1277 0.8991 -0.4188
vn 0.1065 0.9093 -0.4023
vn 0.0808 0.8732 -0.4807
vn 0.2285 -0.1595 -0.9604
vn 0.7090 0.6842 -0.1706
vn 0.7051 0.6880 -0.1720
vn 0.7110 0.6823 -0.1700
vn 0.7137 0.6798 -0.1690
vn 0.8421 -0.4192 0.3395
vn -0.6204 -0.0076 -0.7842
vn -0.0820 0.0418 -0.9958
vn -0.1588 0.0617 0.9854
vn 0.2804 -0.9467 0.1587
vn 0.0086 -0.9975 0.0702
vn 0.0923 -0.5993 -0.7952
vn 0.1479 -0.8240 0.5470
vn 0.1276 -0.6509 0.7484
vn -0.1718 0.1679 -0.9707
vn -0.1693 0.2772 -0.9458
vn -0.1772 0.2801 -0.9435
vn -0.6792 0.1037 -0.7266
vn -0.0392 0.0683 -0.9969
vn -0.2331 -0.9645 0.1244
vn 0.0581 0.9863 0.1547
vn -0.0441 0.9923 0.1157
vn -0.0486 0.9932 0.1056
vn 0.0831 -0.9652 -0.2480
vn 0.0058 -0.4676 -0.8839
vn -0.2069 -0.5103 0.8347
vn -0.2295 -0.4968 0.8370
vn -0.2455 -0.4869 0.8383
vn -0.2699 -0.4714 0.8396
vn 0.2651 0.3595 -0.8947
vn 0.2239 0.3415 -0.9128
vn 0.2359 0.3300 -0.9140
vn -0.1393 0.3694 0.9188
vn 0.0889 0.1029 -0.9907
vn -0.7351 -0.2635 0.6246
vn 0.4348 0.7256 -0.5333
vn -0.3148 0.6415 0.6996
vn 0.6933 -0.7198 0.0344
vn 0.6863 -0.7263 0.0381
vn 0.0441 0.0024 -0.9990
vn 0.0667 -0.0258 -0.9974
vn -0.0013 0.0587 -0.9983
vn 0.0049 0.9926 0.1216
vn 0.5244 -0.5198 0.6744
vn 0.5206 0.7475 0.4125
vn 0.4242 0.7616 0.4899
vn 0.5039 0.7509 0.4269
vn 0.2239 0.3414 -0.9129
vn 0.1981 0.3433 -0.9181
vn 0.2106 0.3228 -0.9227
vn 0.6064 0.1384 -0.7831
vn -0.9958 -0.0230 0.0882
vn -0.1693 0.2773 -0.9458
vn -0.1635 0.3235 -0.9320
vn -0.1696 0.3341 -0.9272
vn -0.6257 -0.7801 0.0011
vn -0.7339 -0.6774 -0.0497
vn -0.6983 -0.7151 -0.0322
vn -0.1501 -0.9803 -0.1283
vn -0.1485 -0.9882 -0.0377
vn -0.3227 -0.9430 -0.0813
vn 0.2444 -0.7586 -0.6040
vn -0.1949 0.9808 0.0092
vn -0.0136 -0.9185 0.3952
vn 0.3398 0.4591 0.8208
vn -0.8121 0.0600 -0.5805
vn 0.0632 -0.9975 0.0322
vn 0.1034 -0.9873 0.1206
vn 0.0913 -0.9914 0.0938
vn -0.0243 -0.9995 -0.0189
vn -0.4352 0.6359 0.6374
vn 0.8254 -0.5432 0.1538
vn 0.3402 -0.2821 -0.8970
vn 0.0405 -0.4371 -0.8985
vn 0.1390 -0.9700 0.1996
vn 0.0913 -0.9914 0.0939
vn -0.9915 -0.0026 0.1297
vn -0.6132 0.0252 0.7895
vn -0.6675 -0.0118 0.7445
vn -0.5995 0.0396 0.7994
vn -0.6830 -0.0252 0.7300
vn -0.4308 0.7715 0.4681
vn -0.5526 -0.6199 0.5572
vn -0.6055 0.7879 -0.1124
vn -0.5202 0.8528 -0.0455
vn -0.6487 0.7439 -0.1606
vn 0.3599 -0.9315 -0.0523
vn 0.9392 -0.0946 0.3301
vn 0.2993 -0.0863 0.9503
vn -0.6282 0.7532 -0.1951
vn 0.6321 -0.2739 -0.7249
vn 0.6463 -0.2623 -0.7166
vn 0.6429 -0.2651 -0.7186
vn 0.5913 0.7282 0.3467
vn -0.0082 -0.7940 -0.6079
vn -0.0406 -0.0794 -0.9960
vn -0.0899 -0.9945 0.0540
vn -0.0456 -0.6187 -0.7843
vn -0.0095 -0.9941 0.1083
vn -0.3486 0.2022 0.9152
vn -0.4070 0.1608 0.8992
vn -0.3096 0.2286 0.9230
vn -0.4591 0.0958 0.8832
vn -0.4445 0.0272 0.8953
vn -0.4255 -0.0497 0.9036
vn 0.1330 -0.2319 -0.9636
vn 0.4169 -0.1334 -0.8991
vn -0.5839 0.3509 0.7321
vn 0.4292 0.1542 -0.8899
vn 0.4747 -0.0131 -0.8800
vn 0.4177 0.1898 -0.8885
vn -0.6282 0.7531 -0.1953
vn 0.6517 -0.2578 -0.7133
vn -0.6583 0.7503 -0.0609
vn -0.6608 0.7486 -0.0549
vn -0.6609 0.7480 -0.0614
vn -0.2011 0.9632 0.1784
vn 0.0615 -0.9826 -0.1753
vn -0.5131 0.8573 -0.0421
vn -0.0287 -0.4517 0.8917
vn 0.0022 -0.4775 0.8786
vn 0.0035 -0.4786 0.8780
vn -0.7414 -0.1417 -0.6559
vn 0.0191 -0.4913 0.8708
vn -0.0319 0.0964 -0.9948
vn 0.6987 0.4172 -0.5811
vn -0.7413 0.0867 0.6656
vn -0.8607 0.4856 -0.1528
vn -0.7514 0.6432 -0.1474
vn -0.8122 0.5605 -0.1619
vn 0.1413 0.4424 -0.8856
vn -0.2182 0.0949 -0.9713
vn -0.8607 -0.4078 -0.3049
vn -0.0101 -0.3958 0.9183
vn -0.1394 0.9897 0.0326
vn 0.3155 -0.7719 -0.5520
vn -0.8580 -0.0089 0.5135
vn 0.6639 0.6612 0.3494
vn 0.0855 -0.4349 -0.8964
vn -0.9416 -0.1380 -0.3071
vn 0.1262 0.9920 0.0083
vn -0.1772 0.2802 -0.9435
vn 0.0800 0.1509 -0.9853
vn -0.0820 0.0419 -0.9958
vn -0.8716 -0.3726 0.3187
vn 0.2234 -0.3437 -0.9121
vn 0.0166 0.2578 0.9661
vn -0.0574 -0.5102 0.8581
vn 0.8362 0.5169 -0.1831
vn -0.6153 -0.7883 0.0055
vn 0.3362 0.7081 0.6210
vn -0.0348 0.2833 0.9584
vn -0.6861 0.4358 0.5826
vn -0.6652 0.4620 0.5866
vn -0.6885 0.4326 0.5821
vn -0.2899 0.9352 0.2033
vn -0.3436 0.9377 0.0513
vn -0.2970 0.9505 0.0914
vn -0.4826 0.1031 0.8697
vn -0.3976 -0.1463 0.9058
vn 0.4090 0.2153 -0.8868
vn -0.7608 0.6295 -0.1578
vn -0.7513 0.6433 -0.1474
vn 0.0814 0.0307 -0.9962
vn -0.5815 0.7972 -0.1623
vn -0.2930 0.3379 -0.8944
vn 0.0262 -0.4842 -0.8746
vn 0.0097 -0.9990 0.0433
vn -0.6999 0.4175 0.5795
vn 0.0817 0.9920 -0.0967
vn 0.1517 0.9857 -0.0737
vn 0.0124 0.9928 -0.1188
vn -0.2307 0.9107 0.3426
vn -0.1792 0.9287 0.3248
vn -0.2182 0.9154 0.3383
vn 0.1178 -0.0408 -0.9922
vn -0.9377 -0.3001 -0.1749
vn -0.2106 0.4313 0.8773
vn 0.8316 -0.5394 0.1321
vn 0.5743 -0.7996 -0.1757
vn -0.6351 -0.1812 -0.7508
vn -0.3203 -0.9440 0.0789
vn 0.2774 -0.9481 -0.1557
vn -0.1106 -0.0413 0.9930
vn -0.5789 -0.4919 0.6503
vn -0.0783 0.9875 -0.1366
vn -0.7081 0.6829 -0.1796
vn 0.6684 -0.0700 -0.7405
vn 0.2013 0.0666 -0.9773
vn 0.2125 0.0683 -0.9748
vn 0.2019 0.0541 -0.9779
vn -0.0521 0.7425 -0.6678
vn -0.0523 0.6891 -0.7227
vn -0.0516 0.7820 -0.6211
vn -0.0099 0.9986 0.0521
vn -0.7168 0.1072 0.6890
vn -0.4040 -0.9123 -0.0665
vn -0.9704 -0.2249 -0.0882
vn -0.5492 -0.2142 0.8077
vn -0.6971 0.0026 0.7170
vn -0.6646 0.0453 0.7458
vn -0.6789 0.0159 0.7341
vn -0.4399 0.3191 -0.8395
vn -0.2599 0.1382 -0.9557
vn -0.0163 0.8554 -0.5177
vn -0.0506 0.8887 -0.4558
vn 0.7335 0.3723 -0.5687
vn -0.6969 0.0337 0.7164
vn -0.7211 0.0551 0.6906
vn -0.7211 0.0550 0.6906
vn 0.7568 -0.2540 0.6022
vn 0.0641 0.6785 0.7318
vn -0.7359 -0.2715 -0.6202
vn -0.7187 0.6808 -0.1413
vn 0.1146 0.3241 -0.9391
vn -0.0037 -0.5773 -0.8165
vn 0.0098 -0.6130 -0.7900
vn -0.0218 -0.4668 -0.8841
vn -0.8718 -0.4897 -0.0110
vn -0.8786 -0.4775 -0.0080
vn -0.8552 -0.5180 -0.0182
vn 0.6154 -0.7871 0.0420
vn 0.1177 -0.3521 -0.9285
vn 0.1154 -0.2886 -0.9505
vn 0.1185 -0.3785 -0.9180
vn -0.6679 -0.0393 -0.7432
vn 0.8098 0.0493 0.5847
vn 0.9949 -0.0989 -0.0173
vn 0.1283 -0.1809 -0.9751
vn 0.9688 0.2472 -0.0195
vn 0.0234 -0.9350 -0.3538
vn 0.1925 0.9535 -0.2318
vn 0.1015 0.9793 -0.1751
vn 0.1614 0.9637 -0.2126
vn 0.0708 0.9853 -0.1557
vn 0.1613 0.9637 -0.2126
vn 0.4668 0.0543 -0.8827
vn -0.5567 -0.6781 0.4799
vn -0.4320 0.2046 -0.8784
vn 0.0497 -0.9987 0.0110
vn -0.0030 -0.9974 0.0725
vn 0.0151 -0.9981 0.0601
vn -0.9799 0.0342 -0.1967
vn -0.1321 -0.9908 0.0302
vn -0.1404 -0.9249 0.3533
vn -0.1464 -0.9083 0.3919
vn -0.1233 -0.9610 0.2477
vn -0.3383 0.9410 0.0110
vn -0.0367 0.0491 0.9981
vn -0.6636 0.7481 -0.0053
vn 0.0582 0.9862 0.1547
vn 0.0050 0.9926 0.1216
vn 0.1450 0.9696 0.1971
vn 0.5527 -0.2704 0.7883
vn 0.1508 0.8028 0.5769
vn -0.0263 -0.1659 -0.9858
vn -0.0235 -0.1845 -0.9825
vn -0.0289 -0.1483 -0.9885
vn -0.2378 0.2779 -0.9307
vn -0.0752 0.1614 -0.9840
vn 0.0083 -0.4474 -0.8943
vn -0.0038 -0.5772 -0.8166
vn 0.2111 -0.6776 -0.7045
vn 0.2437 0.2925 -0.9247
vn 0.0576 -0.9983 0.0093
vn 0.2578 0.9649 -0.0501
vn -0.5503 0.7882 0.2754
vn -0.9995 -0.0320 0.0083
vn -0.1736 0.9844 0.0287
vn -0.3186 0.9475 0.0250
vn -0.2176 0.9760 -0.0112
vn -0.0711 0.9969 -0.0335
vn 0.0113 0.7262 -0.6874
vn -0.9226 0.3570 -0.1459
vn -0.7732 0.6042 -0.1928
vn 0.1958 -0.9173 0.3467
vn 0.7138 -0.6374 -0.2903
vn -0.7180 -0.0898 0.6902
vn 0.5537 -0.8209 -0.1399
vn 0.2723 0.7624 0.5870
vn -0.3790 -0.8444 0.3786
vn -0.2149 0.1197 0.9693
vn -0.1642 0.9864 0.0104
vn -0.9743 -0.0060 -0.2254
vn -0.0087 -0.9271 -0.3746
vn 0.0114 -0.9254 -0.3788
vn -0.1329 -0.9291 -0.3451
vn 0.4081 -0.9123 -0.0337
vn 0.4533 -0.8913 -0.0067
vn 0.4416 -0.8971 -0.0138
vn -0.5594 0.3147 0.7668
vn -0.4963 -0.3459 -0.7963
vn -0.4997 -0.3379 -0.7976
vn -0.4779 -0.3879 -0.7881
vn -0.5472 0.1511 0.8232
vn -0.4630 0.0467 0.8851
vn -0.5132 0.1075 0.8515
vn -0.6817 0.3929 0.6172
vn -0.5518 -0.1542 0.8196
vn -0.6646 0.0454 0.7458
vn -0.6732 -0.0756 0.7356
vn -0.3284 -0.1140 -0.9376
vn -0.5050 0.8621 0.0418
vn -0.6652 -0.7382 -0.1120
vn -0.8513 -0.5243 -0.0198
vn 0.0716 -0.9931 0.0932
vn 0.0436 -0.9969 0.0657
vn -0.0157 -0.9979 0.0624
vn -0.7038 0.0082 0.7103
vn -0.7480 0.4868 -0.4512
vn -0.6533 0.7570 -0.0095
vn -0.7030 0.7107 -0.0255
vn -0.2569 0.9003 0.3513
vn -0.0222 0.9180 0.3960
vn 0.9604 -0.2758 0.0403
vn 0.8816 -0.1437 0.4495
vn -0.0695 0.9963 0.0510
vn -0.1145 -0.9739 0.1961
vn 0.2684 0.9542 -0.1322
vn 0.2830 0.9535 -0.1040
vn 0.2759 0.9539 -0.1177
vn 0.2884 0.9529 -0.0933
vn -0.9104 0.2176 0.3520
vn -0.7689 -0.0476 0.6376
vn 0.3959 -0.9174 -0.0409
vn 0.1188 -0.3894 -0.9134
vn 0.1177 -0.3522 -0.9285
vn -0.0246 -0.9791 -0.2020
vn -0.1321 -0.9908 0.0301
vn -0.1490 -0.9886 0.0190
vn -0.9331 -0.2948 0.2059
vn -0.8962 -0.4228 0.1346
vn -0.9118 -0.3780 0.1605
vn -0.0173 -0.9999 -0.0011
vn 0.3598 0.7429 -0.5645
vn -0.2935 -0.1007 -0.9506
vn -0.9614 0.0422 -0.2718
vn 0.9898 -0.0858 0.1133
vn -0.4185 -0.0045 0.9082
vn -0.2087 0.0201 -0.9778
vn 0.7979 -0.6028 -0.0099
vn 0.8043 -0.5942 -0.0076
vn 0.8541 -0.5129 0.0866
vn 0.0463 -0.8594 0.5092
vn 0.1369 -0.9845 -0.1096
vn -0.8761 -0.4703 0.1058
vn 0.7702 0.0175 -0.6376
vn -0.5179 -0.2922 -0.8040
vn -0.4963 -0.3458 -0.7963
vn -0.2609 -0.0431 -0.9644
vn 0.0443 -0.9980 0.0448
vn -0.0132 -0.9965 0.0821
vn 0.0217 -0.9988 0.0446
vn -0.0120 -0.9966 -0.0820
vn 0.0533 -0.9963 -0.0676
vn 0.0092 -0.9971 -0.0760
vn -0.2715 -0.9580 0.0921
vn -0.0543 0.9887 -0.1395
vn -0.6923 0.7141 -0.1035
vn -0.0337 0.9554 -0.2933
vn 0.0217 0.9343 -0.3558
vn -0.0157 0.9508 -0.3094
vn -0.7292 0.6834 -0.0336
vn -0.7178 0.6950 -0.0407
vn -0.6773 0.7329 -0.0645
vn 0.1215 0.1683 -0.9782
vn -0.0522 0.6016 -0.7971
vn -0.0523 0.6891 -0.7228
vn 0.2504 -0.8440 -0.4743
vn -0.2915 0.9560 0.0315
vn 0.3828 0.1953 0.9030
vn -0.0798 0.9715 -0.2233
vn -0.1409 0.9850 -0.1001
vn -0.0933 0.9917 -0.0885
vn 0.0391 0.9992 -0.0123
vn 0.0281 0.9987 -0.0424
vn 0.0418 0.4740 -0.8795
vn 0.0228 -0.9995 0.0220
vn -0.1587 -0.1384 -0.9776
vn -0.7614 -0.0370 0.6472
vn 0.6237 0.2192 -0.7503
vn -0.7439 0.1495 0.6514
vn -0.7555 0.0954 0.6482
vn -0.7662 0.0314 0.6419
vn -0.8157 -0.5656 0.1217
vn 0.7656 0.0644 -0.6401
vn 0.7667 -0.0451 0.6404
vn 0.2721 -0.0033 0.9623
vn -0.0284 -0.9980 0.0566
vn 0.5806 -0.7332 -0.3540
vn 0.4018 0.7801 -0.4795
vn -0.4444 0.5171 0.7315
vn -0.4384 0.4969 0.7489
vn -0.4206 0.4408 0.7930
vn 0.0282 -0.9665 0.2552
vn -0.4858 -0.3332 0.8081
vn 0.5973 0.1027 -0.7954
vn -0.7417 -0.0452 0.6692
vn -0.7689 -0.0477 0.6376
vn -0.7303 -0.0153 0.6829
vn -0.7304 -0.0153 0.6829
vn -0.7637 0.0323 0.6448
vn -0.9662 0.2535 -0.0463
vn -0.9640 0.2649 -0.0245
vn -0.9601 0.2795 -0.0087
vn -0.9910 -0.1313 0.0249
vn -0.0084 0.9887 0.1496
vn -0.0313 -0.1318 -0.9908
vn 0.0025 -0.9312 0.3646
vn -0.2115 -0.7753 -0.5951
vn -0.2671 -0.6597 -0.7024
vn -0.2212 -0.7574 -0.6143
vn -0.2671 -0.6597 -0.7025
vn -0.2762 -0.6372 -0.7195
vn -0.2213 -0.7574 -0.6144
vn 0.0242 -0.9729 -0.2301
vn -0.4006 -0.7988 0.4488
vn 0.9976 0.0157 -0.0676
vn 0.1049 -0.4401 -0.8918
vn 0.0462 -0.4136 -0.9093
vn 0.0710 -0.4250 -0.9024
vn 0.0148 -0.3987 -0.9170
vn -0.8477 -0.2539 0.4657
vn 0.2551 0.7042 0.6626
vn 0.1003 -0.7545 -0.6486
vn 0.2200 0.4446 -0.8683
vn 0.0185 -0.9104 0.4132
vn -0.0040 -0.9284 0.3714
vn 0.0553 -0.8759 0.4792
vn 0.1432 0.9809 0.1314
vn -0.7219 0.2308 0.6524
vn -0.7543 -0.0966 0.6494
vn -0.1218 0.0759 0.9896
vn 0.4030 0.4312 -0.8073
vn 0.4113 0.4266 -0.8055
vn 0.3737 0.4470 -0.8127
vn 0.2265 -0.9696 0.0928
vn 0.2129 -0.9749 0.0658
vn 0.2180 -0.9730 0.0759
vn 0.2080 0.9627 -0.1733
vn 0.0061 -0.6110 0.7916
vn -0.3296 0.2576 -0.9083
vn -0.0156 -0.9953 0.0952
vn -0.0646 -0.9967 0.0489
vn -0.6793 0.0446 0.7325
vn -0.2948 0.9205 0.2566
vn 0.0813 -0.8476 0.5244
vn 0.0339 -0.9994 0.0036
vn -0.7254 -0.0203 0.6880
vn -0.5859 -0.1213 0.8013
vn -0.2481 0.9683 -0.0277
vn 0.1502 0.8839 -0.4428
vn 0.0111 -0.9927 0.1202
vn -0.7042 0.2714 0.6561
vn -0.4210 -0.8857 0.1956
vn -0.0644 -0.9967 0.0487
vn 0.0052 -0.9989 0.0462
vn -0.6864 0.2896 -0.6671
vn -0.7691 0.0468 0.6374
vn -0.1258 0.7738 0.6208
vn -0.2795 -0.2408 -0.9295
vn 0.1140 0.9661 0.2317
vn 0.1911 0.1786 0.9652
vn -0.8919 -0.4252 -0.1540
vn -0.8761 -0.4323 -0.2137
vn -0.8702 -0.4342 -0.2327
vn 0.2038 -0.9767 -0.0667
vn 0.0867 -0.9962 0.0082
vn 0.5974 -0.1065 -0.7948
vn -0.4010 0.3835 0.8320
vn -0.0135 0.9241 -0.3819
vn 0.8578 -0.5070 0.0842
vn 0.8541 -0.5129 0.0867
vn -0.8702 -0.4342 -0.2328
vn -0.8760 -0.4323 -0.2137
vn -0.8326 -0.4417 -0.3343
vn 0.9077 0.4167 0.0496
vn 0.7358 0.5110 -0.4444
vn -0.0360 -0.9992 0.0198
vn -0.0024 -0.9997 0.0228
vn -0.9685 0.2459 -0.0406
vn -0.5556 -0.8298 -0.0520
vn 0.9610 0.2764 0.0043
vn -0.0068 -0.0965 -0.9953
vn 0.0988 -0.9133 -0.3952
vn -0.0086 -0.9271 -0.3746
vn -0.0133 -0.9983 0.0570
vn -0.0104 -0.9986 -0.0510
vn -0.0523 -0.9247 -0.3770
vn 0.8391 0.4847 0.2469
vn -0.6394 0.6945 -0.3297
vn -0.7008 0.6933 -0.1679
vn -0.9827 0.1665 -0.0808
vn -0.9853 0.1689 0.0258
vn -0.9848 0.1675 -0.0450
vn -0.0276 0.0566 -0.9980
vn -0.0284 0.0552 -0.9981
vn -0.0270 0.0575 -0.9980
vn -0.2162 0.9761 -0.0224
vn -0.0838 0.9954 0.0468
vn -0.0891 0.9947 0.0514
vn -0.6662 0.7424 -0.0708
vn 0.0273 -0.9995 0.0184
vn -0.0014 0.5869 0.8097
vn 0.4517 0.8275 0.3334
vn -0.1572 0.9852 -0.0681
vn -0.0934 0.9917 -0.0885
vn -0.1511 0.9863 -0.0664
vn -0.0151 -0.7538 -0.6569
vn -0.9548 -0.2952 -0.0343
vn -0.9246 -0.3688 -0.0957
vn -0.9431 -0.3270 -0.0606
vn -0.5184 0.7896 0.3284
vn -0.9241 0.3412 0.1723
vn 0.1986 -0.2535 0.9467
vn -0.0334 0.1390 0.9897
vn -0.0307 0.1255 0.9916
vn -0.0519 0.2335 0.9710
vn -0.5198 -0.2838 0.8058
vn 0.0246 0.8806 -0.4732
vn 0.9977 0.0267 0.0624
vn 0.9920 0.0901 0.0889
vn 0.9826 0.1615 0.0916
vn 0.0036 -0.5071 0.8619
vn -0.7849 -0.1177 0.6084
vn 0.6746 0.6879 -0.2678
vn -0.7517 -0.3397 0.5653
vn -0.1468 0.8822 -0.4474
vn -0.4812 -0.8442 0.2360
vn 0.3531 0.9008 -0.2526
vn -0.0583 0.9903 -0.1263
vn -0.0290 0.0544 -0.9981
vn -0.0844 -0.4275 -0.9001
vn -0.7095 -0.6969 0.1042
vn -0.3623 -0.8956 0.2583
vn -0.2719 -0.9386 0.2123
vn -0.1982 -0.9648 0.1729
vn -0.9766 -0.1438 0.1599
vn -0.9821 -0.1826 0.0458
vn -0.9822 -0.1781 0.0598
vn 0.2530 -0.7556 0.6042
vn 0.4430 0.4084 -0.7981
vn 0.4113 0.4265 -0.8055
vn -0.2207 -0.9726 0.0734
vn -0.1922 -0.9758 0.1047
vn -0.1985 -0.9800 0.0175
vn -0.1835 -0.9829 0.0141
vn 0.1771 0.4412 -0.8798
vn -0.1111 0.1589 -0.9810
vn 0.7046 0.4857 0.5174
vn -0.0197 0.0699 0.9974
vn -0.1424 0.8687 0.4745
vn 0.2423 -0.0742 -0.9674
vn 0.0659 -0.9978 -0.0014
vn -0.0614 -0.5340 0.8433
vn -0.1384 0.9846 0.1065
vn -0.1384 0.9848 0.1046
vn -0.1385 0.9829 0.1218
vn -0.9821 -0.1827 0.0457
vn -0.9795 -0.2009 -0.0111
vn -0.9953 0.0970 -0.0061
vn -0.9961 0.0847 -0.0230
vn -0.9983 0.0316 -0.0491
vn -0.9148 0.3897 -0.1066
vn -0.9211 0.3478 -0.1751
vn -0.9212 0.3008 -0.2469
vn -0.6915 0.7219 0.0260
vn -0.6775 0.7354 0.0161
vn -0.7048 0.7085 0.0356
vn 0.1670 -0.7992 -0.5774
vn -0.9728 0.1634 -0.1640
vn -0.4669 0.0271 -0.8839
vn 0.2590 -0.3954 0.8812
vn 0.2216 -0.0047 -0.9751
vn 0.2235 0.0127 -0.9746
vn 0.0054 -0.9868 -0.1620
vn 0.0900 -0.7993 0.5941
vn -0.9982 0.0059 0.0597
vn -0.9971 -0.0491 0.0578
vn -0.9971 0.0587 0.0484
vn -0.7053 -0.6814 -0.1956
vn -0.1383 0.9863 0.0902
vn -0.8977 -0.4184 -0.1384
vn -0.6286 -0.5909 0.5057
vn -0.5491 -0.1844 -0.8152
vn 0.8766 -0.4363 -0.2029
vn -0.7389 0.5625 0.3710
vn -0.2237 -0.2762 -0.9347
vn 0.7695 -0.6216 0.1468
vn 0.8052 -0.5912 0.0454
vn 0.7942 -0.6024 0.0799
vn 0.8130 -0.5820 0.0186
vn -0.7957 -0.1812 -0.5779
vn 0.0355 -0.4534 -0.8906
vn 0.3560 -0.8843 -0.3020
vn 0.7903 -0.5858 0.1797
vn 0.5009 0.8572 0.1201
vn -0.3855 -0.8594 0.3357
vn 0.3812 0.8612 -0.3362
vn -0.9825 0.0945 0.1605
vn -0.8891 0.1227 0.4410
vn -0.7260 0.0139 0.6876
vn -0.9385 0.3450 0.0119
vn -0.3136 0.3444 0.8849
vn -0.2421 0.8496 -0.4686
vn -0.7325 0.6263 0.2669
vn 0.0718 0.9621 -0.2631
vn -0.1345 0.8952 -0.4250
vn -0.1403 0.8895 -0.4349
vn -0.1450 0.8848 -0.4428
vn 0.9322 -0.3575 0.0559
vn 0.9528 -0.3003 0.0436
vn 0.9373 -0.3443 0.0531
vn -0.6647 0.7470 0.0073
vn -0.2443 0.7389 0.6279
vn -0.2589 0.4378 -0.8610
vn -0.1357 0.8375 -0.5293
vn -0.1368 0.8378 -0.5285
vn -0.1450 0.8403 -0.5224
vn 0.7586 -0.1028 0.6434
vn 0.9781 -0.1069 0.1785
vn 0.9188 -0.3866 -0.0793
vn 0.9840 0.1738 -0.0382
vn 0.9372 -0.1732 -0.3027
vn -0.0469 0.0357 0.9983
vn -0.4880 -0.1590 -0.8582
vn -0.8795 -0.0624 0.4718
vn 0.9789 0.1799 -0.0966
vn -0.3506 -0.8880 0.2974
vn 0.2074 -0.0116 -0.9782
vn 0.0020 -0.9849 -0.1731
vn 0.6368 -0.7685 0.0625
vn -0.9599 0.0074 -0.2803
vn -0.6375 0.7705 0.0062
vn -0.6423 0.7614 0.0878
vn -0.6394 0.7682 0.0312
vn -0.7781 0.6212 0.0935
vn -0.0889 0.9947 0.0514
vn -0.0837 0.9954 0.0468
vn -0.0067 0.9980 0.0628
vn -0.0069 -0.9999 0.0127
vn -0.0158 -0.9999 0.0022
vn 0.9591 -0.2802 0.0393
vn -0.0671 -0.9932 -0.0950
vn -0.0014 -0.9994 -0.0354
vn -0.0542 -0.9947 -0.0875
vn 0.0622 -0.9932 0.0988
vn -0.9976 -0.0138 0.0677
vn -0.9974 -0.0394 0.0610
vn -0.9902 0.1335 0.0415
vn -0.9888 0.0466 -0.1420
vn -0.8921 0.4512 0.0256
vn -0.9147 0.4031 0.0275
vn -0.9248 0.3803 0.0135
vn -0.4676 0.5630 -0.6815
vn -0.9995 0.0065 -0.0322
vn 0.1404 -0.9329 0.3318
vn -0.1488 0.8809 -0.4493
vn -0.0449 -0.1546 -0.9870
vn -0.0524 -0.2352 -0.9705
vn -0.0370 -0.2515 -0.9671
vn 0.2032 -0.9780 0.0469
vn 0.6454 -0.5327 0.5475
vn -0.0248 -0.9980 0.0580
vn -0.1372 -0.8573 -0.4962
vn -0.1496 -0.8644 -0.4800
vn -0.1622 -0.8712 -0.4633
vn -0.1862 -0.9800 -0.0707
vn 0.0204 0.8619 -0.5066
vn 0.4116 0.1668 -0.8960
vn -0.1261 0.8345 -0.5364
vn -0.1451 0.2013 -0.9687
vn -0.0701 0.1228 -0.9900
vn -0.0941 0.1481 -0.9845
vn 0.0937 0.0296 -0.9952
vn 0.0848 -0.0167 -0.9963
vn 0.0608 -0.1371 -0.9887
vn -0.0177 -0.9994 0.0295
vn -0.0113 -0.9996 0.0267
vn -0.0115 -0.9996 0.0257
vn -0.0396 -0.6730 0.7386
vn 0.9251 0.0386 0.3779
vn -0.1552 0.7091 -0.6878
vn 0.8750 -0.4456 0.1893
vn 0.7389 -0.6394 0.2125
vn -0.1832 -0.9682 -0.1705
vn -0.0455 -0.9985 -0.0304
vn -0.9983 -0.0536 -0.0214
vn -0.9994 0.0346 0.0085
vn 0.4151 -0.9096 -0.0175
vn -0.0097 -0.9999 0.0044
vn -0.1776 -0.8791 -0.4424
vn -0.9313 -0.3643 -0.0068
vn -0.9386 -0.3396 -0.0606
vn -0.9424 -0.3158 -0.1101
vn -0.1438 0.9872 -0.0687
vn -0.0134 -0.9993 0.0339
vn -0.1283 -0.7273 -0.6743
vn -0.1983 -0.6570 -0.7274
vn -0.1623 -0.6945 -0.7009
vn -0.9308 0.3654 0.0081
vn -0.9285 0.3691 -0.0412
vn -0.9429 0.3325 0.0181
vn -0.0087 0.9985 0.0532
vn 0.0518 -0.1802 -0.9823
vn 0.0608 -0.1372 -0.9887
vn 0.0848 -0.0168 -0.9963
vn -0.0402 -0.9947 0.0941
vn -0.0684 -0.9976 0.0116
vn 0.9437 0.1806 0.2773
vn 0.0201 -0.9877 0.1548
vn -0.9303 -0.1701 0.3251
vn -0.6535 -0.7519 0.0876
vn 0.0029 0.8629 -0.5053
vn 0.0061 0.8701 -0.4929
vn 0.0323 0.9222 -0.3855
vn 0.0063 0.6091 -0.7931
vn 0.0286 0.5834 -0.8117
vn 0.0510 0.5819 -0.8117
vn -0.0195 -0.8868 0.4617
vn -0.0203 -0.8882 0.4589
vn -0.0161 -0.8809 0.4730
vn -0.0150 -0.8789 0.4768
vn 0.0988 0.6363 -0.7651
vn 0.0936 0.6522 -0.7522
vn -0.9409 0.3342 0.0557
vn -0.6466 -0.7550 -0.1095
vn -0.2877 0.8740 0.3916
vn -0.3642 0.8540 0.3715
vn -0.3407 0.8608 0.3780
vn 0.1821 0.5952 -0.7827
vn 0.0144 -0.3722 0.9280
vn 0.7105 -0.2509 -0.6574
vn -0.1832 -0.6047 0.7751
vn -0.0311 -0.1652 -0.9858
vn 0.9982 -0.0487 0.0336
vn 0.1127 -0.9913 -0.0682
vn 0.1063 -0.9930 -0.0508
vn 0.1008 -0.9939 -0.0439
vn 0.8073 0.5619 0.1802
vn 0.1414 -0.9655 0.2185
vn -0.9169 0.2648 -0.2985
vn 0.1394 0.7929 -0.5932
vn -0.0449 -0.3952 0.9175
vn -0.0361 -0.3471 0.9371
vn -0.0434 -0.3873 0.9209
vn -0.9915 -0.1298 -0.0058
vn -0.8850 0.4649 0.0249
vn -0.3643 0.8540 0.3715
vn -0.3827 0.8482 0.3662
vn -0.3408 0.8608 0.3781
vn 0.0328 0.4389 -0.8979
vn -0.0941 0.1480 -0.9845
vn -0.0700 0.1228 -0.9900
vn -0.0122 0.0619 -0.9980
vn 0.9887 -0.1220 0.0870
vn -0.2363 -0.6141 -0.7530
vn -0.9564 -0.2841 -0.0679
vn -0.9718 0.0998 -0.2135
vn -0.9797 0.1665 -0.1117
vn -0.9761 0.1223 -0.1797
vn -0.9761 0.1223 -0.1798
vn -0.9558 0.0471 -0.2903
vn -0.9718 0.0998 -0.2136
vn 0.1214 -0.0945 0.9881
vn 0.0327 0.4389 -0.8980
vn 0.0286 0.5833 -0.8117
vn -0.0111 0.4006 -0.9162
vn 0.1552 0.6674 -0.7284
vn -0.8778 -0.0119 -0.4789
vn -0.0524 -0.2354 -0.9705
vn -0.0293 -0.3204 -0.9468
vn -0.0370 -0.2516 -0.9671
vn 0.0884 -0.9960 -0.0137
vn -0.9894 -0.1335 0.0577
vn -0.9647 -0.2617 0.0287
vn -0.9854 -0.1624 0.0513
vn -0.9433 -0.2881 -0.1648
vn -0.9424 -0.3157 -0.1101
vn -0.9386 -0.3396 -0.0607
vn -0.6236 0.7817 -0.0046
vn -0.6164 0.7874 -0.0099
vn -0.6094 0.7928 -0.0149
vn 0.0911 0.1857 -0.9784
vn 0.0888 0.3689 -0.9252
vn 0.0911 0.1939 -0.9768
vn 0.5409 0.7220 -0.4314
vn 0.0207 -0.5215 -0.8530
vn 0.1508 -0.9791 -0.1364
vn 0.1030 -0.9938 -0.0429
vn 0.3101 -0.9500 -0.0356
vn -0.0282 -0.9987 0.0435
vn -0.0171 -0.9998 0.0094
vn 0.0114 -0.9997 0.0195
vn 0.8574 -0.5121 -0.0499
vn 0.0912 0.1379 -0.9862
vn 0.0911 0.1938 -0.9768
vn -0.8683 -0.1835 -0.4608
vn -0.9640 -0.1406 -0.2256
vn -0.9352 -0.0326 -0.3527
vn 0.3742 -0.2851 -0.8824
vn -0.0169 -0.3094 -0.9508
vn 0.1317 0.9488 0.2873
vn 0.1763 0.9450 0.2756
vn 0.2741 0.9293 0.2476
vn 0.3509 0.9094 0.2231
vn 0.0317 0.9941 -0.1040
vn -0.0329 -0.3294 0.9436
vn -0.0488 -0.9633 -0.2641
vn -0.6314 0.7737 -0.0521
vn -0.4166 0.4948 -0.7626
vn -0.0253 -0.9883 -0.1505
vn -0.9220 -0.1447 0.3591
vn 0.1841 -0.9762 -0.1148
vn 0.0267 -0.9996 -0.0110
vn 0.0500 -0.9983 -0.0308
vn 0.1278 -0.9857 -0.1101
vn -0.9991 0.0011 0.0429
vn -0.6020 0.7982 -0.0202
vn -0.6094 0.7927 -0.0149
vn 0.0117 -0.5288 -0.8487
vn -0.9603 -0.2780 0.0249
vn -0.0852 -0.9929 0.0832
vn 0.0526 -0.7023 -0.7099
vn -0.8752 0.4837 -0.0117
vn -0.3081 0.2796 -0.9094
vn -0.5708 -0.6100 -0.5496
vn -0.6232 -0.5379 -0.5676
vn -0.6258 -0.5341 -0.5684
vn 0.4715 0.8732 -0.1235
vn 0.1715 -0.9670 -0.1887
vn -0.0564 -0.9983 0.0143
vn 0.7768 -0.0838 -0.6242
vn -0.0544 -0.8914 -0.4500
vn -0.9495 0.3000 0.0914
vn -0.9422 0.3314 0.0488
vn 0.0108 -0.5429 -0.8397
vn -0.7156 0.6942 -0.0776
vn -0.9691 0.0309 -0.2448
vn 0.3654 -0.9296 0.0471
vn 0.1845 -0.9815 -0.0503
vn 0.2868 -0.9579 -0.0136
vn 0.5429 -0.5826 -0.6048
vn -0.0839 -0.8153 0.5730
vn -0.9650 -0.2618 -0.0159
vn -0.6905 0.7228 -0.0278
vn 0.1845 -0.9816 -0.0503
vn 0.1897 -0.9815 -0.0265
vn 0.2867 -0.9579 -0.0136
vn 0.2489 -0.9685 0.0090
vn -0.9269 0.0773 0.3674
vn -0.8268 -0.3459 -0.4437
vn -0.7636 0.6312 0.1358
vn -0.7207 0.6927 0.0269
vn -0.7559 0.6447 0.1137
vn 0.0912 0.9957 0.0170
vn 0.0347 0.9261 -0.3756
vn 0.3137 -0.9447 -0.0962
vn -0.7914 0.5646 0.2343
vn -0.3877 0.6480 -0.6555
vn -0.6961 -0.4139 -0.5866
vn -0.0140 0.5205 0.8537
vn 0.1065 -0.8039 -0.5851
vn -0.0305 -0.9532 -0.3009
vn -0.9979 0.0055 0.0638
vn -0.8243 0.5628 0.0612
vn -0.4419 0.4567 0.7721
vn -0.7804 -0.0848 0.6196
vn -0.7869 -0.0781 0.6121
vn -0.7974 -0.0668 0.5997
vn 1.0000 -0.0000 -0.0000
vn -0.8404 -0.0171 0.5416
vn -0.8564 0.0043 0.5163
vn -0.7975 -0.0668 0.5997
vn -0.7464 -0.6518 -0.1347
vn -0.9998 0.0194 -0.0071
vn -0.9640 -0.1406 -0.2255
vn -1.0000 0.0039 -0.0040
vn -0.9997 -0.0000 0.0241
vn -1.0000 0.0037 -0.0029
vn -0.0000 -0.0000 -1.0000
vn -0.8531 -0.0000 0.5217
vn -0.8028 0.5840 -0.1199
vn -0.8039 0.5828 -0.1186
vn -0.8037 0.5830 -0.1188
vn 0.0585 -0.9969 0.0520
vn -0.0839 -0.9963 0.0184
vn -0.0176 -0.9994 0.0296
vn 0.0176 -0.9955 0.0929
vn -0.6450 0.0375 -0.7633
vn -1.0000 0.0039 -0.0043
vn -0.9385 0.1731 0.2987
vn -0.7181 0.0135 -0.6958
vn -0.7156 0.0129 -0.6984
vn -0.6996 0.0094 -0.7145
vn 0.8502 -0.5107 -0.1279
vn 0.8490 -0.5134 -0.1246
vn 0.8497 -0.5119 -0.1264
vn -0.6516 0.5120 0.5597
vn -0.8039 0.5828 -0.1187
vn -0.8054 0.5811 -0.1167
vn -0.0169 -0.9554 0.2947
vn -0.0178 -0.9545 0.2978
vn -0.0125 -0.9600 0.2797
vn 0.9043 0.4199 -0.0772
vn 0.9556 0.2940 -0.0179
vn 0.8716 0.4787 -0.1059
vn -0.2980 -0.9538 0.0387
vn -0.3149 -0.9481 0.0437
vn -0.1231 -0.9923 -0.0125
vn -0.9039 -0.4140 0.1072
vn 0.8531 0.5078 -0.1203
vn -0.0890 -0.9958 -0.0223
vn -0.1029 0.9937 0.0435
vn -0.0526 -0.9980 -0.0338
vn -0.0444 -0.9990 0.0096
vn -0.0252 -0.9974 -0.0682
vn 0.0138 0.9986 0.0511
vn -0.0380 0.9979 0.0517
vn 0.1173 0.9919 0.0496
vn 0.0137 0.3131 -0.9496
vn -0.0864 -0.9950 0.0498
vn 0.9675 0.1865 -0.1708
vn -0.0711 -0.9970 0.0321
vn -0.1689 -0.9848 0.0396
vn -0.1524 -0.9838 0.0945
vn 0.7379 0.3115 -0.5988
vn -0.6733 0.5737 0.4664
vn -0.8391 -0.3826 0.3867
vn 0.0115 -0.9997 0.0195
vn 0.1501 -0.9887 0.0013
vn 0.0079 -0.9994 -0.0344
vn -0.2016 -0.3417 -0.9179
vn 0.1717 -0.9574 0.2322
vn -0.8418 0.5393 0.0224
vn -0.8731 0.4855 0.0450
vn -0.8460 0.5325 0.0253
vn -0.8731 0.4854 0.0450
vn -0.8831 0.4662 0.0529
vn -0.6859 0.0065 -0.7276
vn -0.8118 0.0033 -0.5839
vn -0.6967 -0.7159 -0.0454
vn 0.2930 0.4014 -0.8677
vn 0.1326 0.9899 0.0493
vn -0.1314 -0.8944 -0.4275
vn 0.1311 0.9911 0.0233
vn -0.9539 -0.2851 0.0934
vn -0.2617 0.0366 0.9645
vn -0.2677 0.0311 0.9630
vn -0.2636 0.0349 0.9640
vn -0.9358 0.3472 0.0613
vn -0.1706 0.9824 0.0760
vn -0.3350 0.9348 0.1176
vn -0.2530 0.9626 0.0970
vn -0.9416 -0.3294 -0.0697
vn 0.8507 -0.5095 -0.1293
vn -0.8636 -0.1554 0.4797
vn -0.5571 -0.3186 -0.7669
vn 0.0052 -0.9941 -0.1087
vn -0.0178 -0.9967 -0.0789
vn -0.0220 -0.9982 -0.0563
vn 0.0153 -0.9954 0.0951
vn 0.5661 -0.8237 0.0344
vn -0.8772 -0.4780 0.0443
vn -0.0475 -0.9695 -0.2403
vn 0.8020 -0.2825 0.5264
vn -0.7303 -0.6636 0.1626
vn 0.1400 0.9884 -0.0588
vn 0.8140 -0.5808 0.0085
vn -0.3691 -0.8501 0.3756
vn 0.3811 -0.8649 -0.3267
vn 0.3913 -0.9129 0.1164
vn -0.9789 0.0191 -0.2035
vn -0.9334 0.2462 0.2612
vn -0.8677 0.4871 0.0986
vn 0.2270 0.3597 -0.9050
vn 0.0475 -0.8033 -0.5936
vn 0.0563 -0.8182 -0.5721
vn 0.0123 -0.7386 -0.6741
vn 0.0044 -0.7228 -0.6910
vn 0.1458 0.9752 0.1667
vn -0.0071 -0.9015 0.4326
vn -0.0297 -0.9077 0.4185
vn 0.0295 -0.8901 0.4549
vn 0.0550 -0.8810 0.4699
vn -0.0053 0.8335 0.5525
vn 0.0445 -0.5796 0.8137
vn 0.0684 -0.5186 0.8523
vn 0.0050 -0.6720 0.7406
vn 0.2007 -0.9795 -0.0187
vn -0.0637 -0.9941 0.0876
vn -0.8232 0.4901 -0.2865
vn -0.2434 0.1477 -0.9586
vn 0.1055 -0.9944 0.0072
vn 0.0365 -0.9993 0.0047
vn -0.0650 -0.9942 0.0853
vn -0.9448 -0.2943 0.1443
vn -0.0263 -0.9447 0.3268
vn -0.0048 -0.6933 0.7207
vn -0.7916 -0.1343 -0.5961
vn -0.8874 -0.0310 0.4600
vn -0.8619 0.4887 -0.1352
vn -0.9537 0.2826 -0.1034
vn -0.9193 0.3766 -0.1141
vn -0.9964 -0.0792 0.0311
vn -0.9907 -0.1167 0.0697
vn 0.1392 0.9700 0.1995
vn -0.8604 -0.4790 -0.1740
vn -0.0966 0.9937 0.0570
vn -0.9398 -0.0169 -0.3414
vn -0.9213 -0.2859 0.2634
vn -0.9341 -0.2877 0.2114
vn -0.9172 -0.2853 0.2782
vn 0.5306 0.6517 -0.5421
vn -0.2382 -0.4333 0.8692
vn -0.2566 0.4245 -0.8683
vn -0.7120 -0.7021 -0.0057
vn -0.9655 -0.2529 0.0614
vn -0.9977 0.0504 -0.0447
vn -0.9984 0.0307 0.0481
vn -0.9994 0.0310 -0.0124
vn -0.9486 0.2106 -0.2360
vn -0.0869 -0.9936 0.0726
vn -0.0423 -0.9990 0.0151
vn -0.0444 -0.9990 0.0097
vn -0.9993 -0.0174 0.0345
vn -0.1242 0.9922 -0.0114
vn -0.0310 -0.9983 0.0486
vn -0.0006 -0.9971 0.0763
vn -0.0070 -0.9988 0.0493
vn -0.2811 -0.0396 -0.9589
vn -0.2673 -0.0281 -0.9632
vn -0.2727 -0.0326 -0.9616
vn -0.9973 -0.0178 0.0715
vn -0.9808 0.1777 -0.0802
vn -0.9362 -0.0131 -0.3511
vn -0.8229 -0.3136 0.4738
vn -0.0375 -0.9963 0.0772
vn -0.9978 0.0373 0.0542
vn -0.6885 -0.4363 0.5794
vn -0.0220 -0.9997 0.0068
vn -0.2841 -0.1777 0.9422
vn -0.2748 -0.2145 0.9373
vn -0.2585 -0.2747 0.9261
vn -0.1068 -0.9866 0.1233
vn -0.0067 -0.9994 0.0341
vn -0.3766 -0.2971 0.8775
vn -0.9834 0.1608 0.0843
vn -0.0237 -0.9991 -0.0358
vn -0.2385 0.0879 -0.9672
vn -0.9963 0.0738 0.0436
vn -0.9939 -0.0269 0.1073
vn -0.9919 0.0161 0.1260
vn 0.9972 -0.0681 0.0299
vn 0.0109 -0.9994 0.0314
vn -0.9350 0.3478 0.0695
vn -0.0115 0.9997 -0.0195
vn 0.2640 0.9645 0.0048
vn -0.9646 0.2574 0.0568
vn -0.9584 0.2855 0.0053
vn -0.9480 0.3181 -0.0116
vn 0.1978 0.9802 -0.0024
vn -0.2580 -0.9661 -0.0055
vn -0.3808 -0.2880 0.8787
vn -0.9398 0.2356 0.2475
vn -0.7222 -0.6831 -0.1083
vn -0.0068 -0.9907 -0.1360
vn -0.0255 0.4023 0.9151
vn -0.2617 0.0367 0.9645
vn -0.2635 0.0349 0.9640
vn -0.2573 0.0408 0.9655
vn -0.8580 0.4966 -0.1316
vn -0.9354 0.1820 0.3033
vn -0.9584 0.1409 0.2482
vn -0.9919 0.0440 0.1188
vn -0.8596 0.5108 0.0096
vn -0.9714 0.2292 -0.0616
vn -0.9977 0.0505 -0.0447
vn -0.9925 0.0884 0.0849
vn -0.9775 0.0528 0.2043
vn -0.9288 0.0729 0.3635
vn -0.9801 0.0638 0.1879
vn -0.9995 0.0146 0.0270
vn -0.9914 0.0440 0.1229
vn -0.9990 0.0437 0.0009
vn -0.9971 0.0757 -0.0004
vn -0.9986 0.0521 0.0045
vn -0.5090 0.2356 -0.8279
vn -0.7155 0.0687 0.6952
vn 0.0044 -0.9979 0.0646
vn -0.3432 -0.5340 0.7727
vn -0.2144 0.6094 0.7633
vn -0.2583 -0.0207 -0.9658
vn -0.2683 0.0100 -0.9633
vn 0.1746 -0.1537 -0.9726
vn -0.9771 -0.2129 -0.0058
vn -0.0465 -0.9849 0.1670
vn -0.0368 -0.9990 0.0238
vn -0.0205 -0.9919 -0.1257
vn -0.9999 -0.0107 -0.0065
vn -0.9996 -0.0253 0.0109
vn -0.9980 0.0052 -0.0632
vn -0.9914 0.0440 0.1230
vn -0.9771 0.0680 0.2016
vn -0.9801 0.0638 0.1880
vn -0.8580 0.4965 -0.1316
vn -0.8440 0.5174 -0.1411
vn -0.9983 0.0397 0.0421
vn -0.2837 0.1897 0.9400
vn -0.8292 0.5588 0.0078
vn 0.0353 -0.9993 0.0130
vn -0.9990 -0.0309 0.0334
vn -0.9996 -0.0295 0.0053
vn -0.4721 0.5571 0.6832
vn -0.9819 0.1880 -0.0227
vn -0.8982 0.4397 -0.0017
vn -0.9987 0.0484 0.0160
vn 0.0550 -0.9427 0.3289
vn 0.1067 -0.9649 0.2400
vn 0.0719 -0.9511 0.3004
vn -0.0087 0.0677 0.9977
vn 0.0010 0.0876 0.9962
vn -0.0443 -0.0056 0.9990
vn 0.0577 0.3970 -0.9160
vn 0.0436 -0.9990 0.0091
vn -0.1290 -0.9709 0.2020
vn -0.0101 -0.9988 -0.0474
vn -0.1353 0.9907 -0.0109
vn -0.6916 -0.7221 -0.0153
vn -0.6592 -0.7520 0.0003
vn -0.6651 -0.7467 -0.0025
vn 0.5683 0.7858 -0.2441
vn -0.2931 -0.6129 -0.7338
vn 0.7878 -0.6108 0.0797
vn -0.0756 0.6407 -0.7641
vn -0.9889 0.1398 0.0505
vn -0.9381 -0.2881 0.1924
vn -0.0033 -0.9979 -0.0651
vn -0.1121 -0.9922 -0.0548
vn -0.0112 -0.9991 -0.0412
vn -0.9022 -0.4289 0.0463
vn -0.9105 -0.4112 0.0430
vn -0.9122 -0.4072 0.0443
vn -0.8203 -0.0760 0.5669
vn -0.0687 -0.9845 0.1613
vn 0.9551 -0.2942 -0.0336
vn 0.0188 -0.9963 0.0834
vn -0.2476 -0.3122 0.9172
vn 0.0011 0.0876 0.9962
vn 0.0496 0.1863 0.9812
vn -0.9998 0.0169 -0.0109
vn -0.9820 -0.1836 -0.0443
vn -0.9985 -0.0546 -0.0041
vn -0.9937 0.0702 -0.0875
vn -0.9935 0.1113 -0.0257
vn -0.9482 -0.2622 0.1796
vn -0.9925 -0.1161 0.0394
vn -0.0224 -0.8902 0.4551
vn -0.9927 0.1203 0.0030
vn -0.9819 0.1881 -0.0227
vn -0.9846 -0.0536 -0.1664
vn -0.9294 -0.3687 -0.0141
vn -0.9644 -0.2638 0.0197
vn -0.1649 0.1423 -0.9760
vn -0.0766 0.0988 -0.9922
vn -0.1178 0.1192 -0.9859
vn -0.6154 -0.7879 -0.0205
vn 0.9357 0.3459 0.0690
vn -0.7700 0.6380 0.0071
vn 0.0607 0.8026 -0.5934
vn -0.9033 -0.3635 0.2278
vn 0.3823 0.5049 0.7739
vn -0.6389 -0.4001 0.6570
vn 0.9627 0.0258 -0.2692
vn 0.6085 0.6011 -0.5181
vn -0.7835 -0.0942 -0.6142
vn 0.3606 0.0279 -0.9323
vn 0.9364 0.0974 -0.3371
vn 0.9444 0.0875 -0.3170
vn 0.9396 0.0934 -0.3291
vn 0.9397 0.0934 -0.3291
vn 0.9444 0.0874 -0.3169
vn 0.9827 0.0227 -0.1836
vn -0.9502 -0.0040 -0.3117
vn -0.9839 0.0319 -0.1758
vn -0.9682 0.0125 -0.2499
vn -0.9992 -0.0369 -0.0121
vn -0.9794 -0.0633 -0.1916
vn -0.9968 -0.0448 -0.0661
vn 0.5361 0.4474 -0.7158
vn -0.9974 0.0721 -0.0068
vn -0.9457 -0.0076 -0.3250
vn -0.9501 -0.0040 -0.3119
vn -0.9681 0.0125 -0.2501
vn -0.9772 -0.2120 0.0077
vn -0.9643 -0.2639 0.0197
vn -0.8088 0.5866 0.0419
vn 0.8827 -0.4680 -0.0433
vn 0.2818 -0.9586 0.0410
vn 0.2562 -0.9659 0.0380
vn 0.2250 -0.9738 0.0343
vn 0.2378 -0.9508 0.1989
vn 0.0135 -0.9998 -0.0170
vn 0.0177 -0.9997 -0.0172
vn 0.0586 -0.9981 -0.0189
vn 0.0626 -0.9979 -0.0191
vn 0.5325 0.8448 -0.0522
vn 0.5358 0.8429 -0.0497
vn 0.5783 0.8070 -0.1192
vn 0.5358 0.8429 -0.0498
vn 0.5838 0.8021 -0.1260
vn 0.0436 -0.9990 0.0090
vn 0.4716 -0.8097 -0.3494
vn -0.0353 -0.9993 0.0113
vn -0.0080 -0.9999 -0.0066
vn -0.0110 -0.9999 -0.0115
vn 0.6865 -0.7269 0.0182
vn 0.6414 -0.7671 0.0116
vn 0.6936 -0.7201 0.0193
vn -0.9649 -0.2094 0.1585
vn -0.9984 -0.0408 -0.0385
vn -0.8088 0.5866 0.0420
vn -0.8500 0.5268 0.0022
vn -0.8293 0.5588 0.0078
vn 0.6126 0.7900 0.0241
vn 0.2124 -0.9766 0.0328
vn -0.8709 0.4895 -0.0433
vn -0.2474 0.9006 -0.3575
vn -0.3982 -0.9121 0.0975
vn -0.0217 0.9439 -0.3296
vn -0.9844 0.1639 0.0641
vn -0.9968 -0.0448 -0.0660
vn -0.9978 -0.0362 0.0561
vn -0.9992 -0.0369 -0.0120
vn -0.8898 -0.4274 -0.1596
vn -0.5390 0.8247 0.1716
vn -0.0177 -0.9994 -0.0283
vn 0.0843 0.9951 0.0513
vn -0.8187 -0.5695 0.0741
vn -0.0776 -0.9393 0.3343
vn -0.9695 0.1540 -0.1908
vn 0.5130 0.8583 -0.0130
vn -0.9107 -0.4106 0.0450
vn -0.9284 0.3668 0.0599
vn -0.9227 0.3478 0.1662
vn -0.9376 0.3442 0.0490
vn -0.1194 -0.9187 0.3765
vn -0.3591 0.9329 0.0274
vn -0.3648 0.9306 0.0289
vn -0.3729 0.9272 0.0342
vn -0.5475 -0.8368 -0.0079
vn -0.5145 -0.8494 -0.1177
vn -0.5429 -0.8394 -0.0246
vn -0.8305 0.5566 0.0207
vn -0.8975 -0.4384 0.0475
vn -0.9107 -0.4107 0.0450
vn 0.6099 -0.7925 0.0071
vn 0.0060 -0.9912 -0.1323
vn -0.0120 -0.9996 -0.0265
vn 0.8497 0.1420 -0.5078
vn -0.1649 0.1424 -0.9760
vn -0.1179 0.1192 -0.9859
vn -0.2011 0.1600 -0.9664
vn 0.2076 0.9356 0.2857
vn 0.7534 0.5364 0.3804
vn 0.1444 -0.6980 -0.7014
vn 0.0756 -0.7532 -0.6535
vn 0.0970 -0.7369 -0.6690
vn -0.9945 0.0302 -0.1005
vn -0.1747 -0.9775 -0.1182
vn -0.8977 0.2326 -0.3743
vn 0.9819 -0.1864 0.0324
vn 0.9693 -0.2458 0.0105
vn 0.9726 -0.2320 0.0156
vn -0.7012 -0.7127 -0.0201
vn -0.9985 -0.0332 0.0427
vn -0.9748 0.2229 0.0012
vn -0.7759 -0.0753 -0.6263
vn -0.0769 -0.9924 -0.0957
vn -0.0172 0.9284 0.3712
vn 0.1035 -0.3474 0.9320
vn -0.0920 -0.8553 -0.5099
vn -0.9930 -0.0847 -0.0819
vn -0.3277 0.9445 -0.0228
vn -0.1901 0.9815 -0.0224
vn -0.2477 0.9688 0.0137
vn -0.0583 -0.9982 -0.0146
vn -0.0614 -0.9981 -0.0104
vn -0.0422 -0.9991 0.0100
vn -0.9909 -0.1083 -0.0796
vn -0.9931 0.0171 0.1160
vn -0.4141 -0.9094 0.0382
vn -0.8827 -0.4377 0.1712
vn -0.9114 0.1724 -0.3738
vn -0.3023 0.9532 0.0007
vn -0.9809 -0.1943 0.0097
vn -0.9644 -0.2639 0.0197
vn 0.9854 -0.0666 -0.1569
vn -0.2414 0.9702 -0.0188
vn 0.9881 -0.1462 0.0470
vn 0.1023 -0.9929 -0.0613
vn 0.0518 -0.9926 -0.1101
vn -0.4704 -0.8546 0.2200
vn 0.4457 -0.2915 0.8464
vn -0.9349 -0.3538 0.0293
vn -0.9398 -0.3413 0.0188
vn -0.8737 -0.4853 0.0332
vn -0.9864 0.1129 -0.1196
vn -0.9793 0.0590 -0.1939
vn -0.9923 0.0981 -0.0758
vn -0.2332 0.9722 -0.0206
vn -0.2103 0.9735 -0.0902
vn -0.2273 0.9738 -0.0044
vn -0.4235 -0.0769 0.9026
vn 0.0076 -0.6689 -0.7433
vn -0.0251 -0.9997 -0.0074
vn 0.0132 -0.9995 -0.0293
vn 0.1158 -0.1621 -0.9800
vn 0.0460 -0.9641 0.2616
vn 0.0383 -0.9623 0.2692
vn 0.0865 -0.9715 0.2209
vn 0.0755 -0.7532 -0.6534
vn 0.0482 -0.7728 -0.6328
vn -0.9531 0.3026 0.0112
vn -0.9758 0.2185 0.0041
vn 0.0416 -0.6666 0.7443
vn -0.0471 -0.9956 0.0809
vn -0.2075 -0.3015 0.9306
vn 0.0123 -0.9998 0.0125
vn -0.9968 0.0627 0.0499
vn -0.9954 0.0823 0.0484
vn -0.8269 0.1716 0.5355
vn -0.5675 -0.8199 0.0749
vn 0.0104 -0.9156 0.4019
vn 0.0550 -0.9427 0.3290
vn -0.9926 -0.1054 0.0604
vn -0.9732 -0.2293 0.0168
vn -0.9407 -0.1148 -0.3191
vn -0.2258 0.9525 -0.2046
vn -0.2431 0.9440 -0.2230
vn -0.2328 0.9491 -0.2120
vn -0.3198 0.9473 0.0182
vn -0.2477 0.9687 0.0137
vn -0.0250 -0.9997 -0.0074
vn 0.1267 -0.9569 -0.2612
vn 0.2819 0.2220 0.9334
vn -0.0561 0.9947 0.0857
vn -0.3380 0.7111 -0.6165
vn -0.0950 -0.9672 0.2355
vn 0.6642 -0.1957 0.7215
vn -0.5691 0.1069 -0.8153
vn 0.7260 0.3475 0.5935
vn -0.6102 -0.5254 0.5930
vn -0.0472 -0.9974 0.0543
vn -0.0421 -0.9991 0.0101
vn -0.2760 0.7139 0.6435
vn 0.7452 0.3347 0.5767
vn -0.1402 -0.4487 -0.8826
vn -0.4396 -0.3521 -0.8263
vn -0.8372 -0.5469 0.0072
vn -0.9785 0.0156 0.2056
vn -0.9988 0.0122 0.0465
vn -0.0198 -0.9995 -0.0255
vn -0.9348 -0.3539 0.0293
vn -0.8864 -0.4627 0.0148
vn 0.2339 0.3349 0.9128
vn 0.2364 0.3384 0.9108
vn 0.2717 0.3871 0.8811
vn 0.3689 0.7106 0.5991
vn 0.5321 0.3063 -0.7894
vn -0.0667 -0.7727 0.6312
vn 0.8255 0.5613 0.0585
vn 0.6000 -0.6835 0.4158
vn 0.4196 -0.1334 0.8979
vn -0.1079 0.7693 -0.6298
vn -0.0053 -0.9501 0.3118
vn 0.0530 -0.9986 -0.0023
vn -0.0042 0.8834 0.4687
vn -0.4142 -0.3144 -0.8542
vn -0.8961 -0.1944 -0.3990
vn -0.0946 -0.9634 0.2510
vn -0.2333 -0.1019 -0.9670
vn -0.2424 -0.0972 -0.9653
vn -0.2489 -0.0938 -0.9640
vn -0.9934 0.0029 0.1144
vn 0.2220 0.3185 0.9216
vn -0.1461 -0.9113 0.3849
vn 0.8656 -0.4936 -0.0837
vn 0.0023 -0.6698 -0.7425
vn -0.2146 0.9575 -0.1927
vn -0.9986 0.0310 0.0433
vn -0.9954 0.0584 -0.0765
vn -0.9994 0.0109 0.0322
vn -0.2310 -0.9094 0.3458
vn 0.0117 -0.9155 -0.4022
vn 0.0167 -0.9345 -0.3555
vn 0.0131 -0.9208 -0.3899
vn -0.6604 0.5606 0.4997
vn -0.2423 -0.0972 -0.9653
vn -0.2604 -0.0879 -0.9615
vn -0.3647 0.9289 -0.0636
vn -0.4367 0.8881 -0.1433
vn -0.9986 0.0309 0.0433
vn -0.1997 0.9798 0.0123
vn -0.2176 0.9758 0.0214
vn -0.9947 -0.0447 0.0924
vn -0.1187 0.0168 0.9928
vn 0.0163 0.3544 0.9349
vn -0.9933 0.1113 0.0309
vn -0.9723 -0.1148 0.2038
vn -0.9727 -0.0568 0.2251
vn -0.9689 -0.1648 0.1846
vn 0.0538 0.5196 0.8527
vn 0.1554 -0.1813 -0.9711
vn 0.0519 -0.6457 0.7619
vn -0.9575 -0.2447 0.1525
vn 0.0186 -0.9411 -0.3378
vn -0.5418 -0.8374 0.0728
vn -0.0181 -0.9957 -0.0912
vn -0.0252 -0.9922 -0.1220
vn -0.0164 -0.9978 -0.0636
vn -0.0272 -0.9923 -0.1206
vn -0.0127 -0.9953 -0.0956
vn -0.0147 -0.9954 -0.0949
vn -0.0222 0.9992 0.0338
vn -0.0074 0.9998 0.0187
vn -0.0713 0.9965 0.0444
vn -0.9524 -0.0747 -0.2957
vn -0.0366 -0.9958 0.0835
vn 0.8567 -0.5157 0.0136
vn -0.1664 -0.8982 0.4068
vn -0.1462 -0.9113 0.3850
vn -0.0466 -0.9848 0.1671
vn -0.1136 0.9885 -0.0995
vn 0.2758 -0.1831 -0.9436
vn -0.1474 -0.0064 0.9891
vn -0.6769 -0.0211 -0.7358
vn -0.9994 0.0109 0.0323
vn 0.2798 0.7493 -0.6002
vn -0.0679 -0.9879 0.1398
vn 0.6039 -0.6847 -0.4080
vn 0.0554 -0.7007 -0.7113
vn 0.1277 -0.7184 -0.6838
vn 0.0071 -0.6865 -0.7271
vn -0.1136 0.9885 -0.0996
vn -0.0713 0.9965 0.0443
vn -0.1223 0.9813 -0.1487
vn -0.9401 -0.2813 -0.1926
vn -0.9251 -0.2322 -0.3005
vn -0.9412 -0.2669 -0.2071
vn -0.0411 -0.9894 0.1391
vn -0.9834 0.0014 -0.1812
vn -0.9885 -0.0284 -0.1488
vn -0.9887 -0.0366 -0.1451
vn -0.2367 -0.9685 -0.0770
vn 0.3296 -0.0920 0.9396
vn -0.3199 -0.6120 -0.7233
vn -0.2753 0.6916 -0.6678
vn 0.4086 -0.7515 -0.5181
vn 0.8447 -0.0895 0.5277
vn -0.9409 -0.2973 -0.1622
vn 0.1094 0.9887 -0.1024
vn -0.3216 -0.7684 -0.5532
vn -0.2106 -0.8148 -0.5402
vn -0.2999 -0.7785 -0.5513
vn -0.6545 0.4896 -0.5761
vn -0.9240 -0.1193 0.3633
vn 0.1133 -0.3632 -0.9248
vn -0.5902 0.3200 0.7412
vn -0.6070 0.3581 0.7095
vn -0.5994 0.3407 0.7243
vn 0.3597 0.9327 -0.0266
vn -0.0129 -0.9953 -0.0955
vn -0.0150 -0.9954 -0.0947
vn -0.0814 -0.8119 -0.5780
vn 0.1300 -0.9876 -0.0880
vn 0.0542 0.9472 -0.3161
vn 0.0633 0.9236 -0.3780
vn 0.0653 0.9178 -0.3916
vn 0.6871 -0.7130 -0.1396
vn 0.1710 -0.5770 0.7986
vn -0.0679 -0.6608 -0.7475
vn 0.0520 0.9522 -0.3011
vn 0.1268 0.9868 0.1004
vn -0.0419 -0.9969 -0.0664
vn -0.4612 -0.4562 -0.7611
vn -0.3684 0.8454 0.3867
vn -0.5352 0.4060 -0.7407
vn -0.8970 -0.3950 0.1984
vn -0.8604 -0.4506 0.2380
vn -0.8791 -0.4236 0.2187
vn -0.1552 0.4760 0.8656
vn -0.5144 0.8574 0.0151
vn -0.1766 0.9355 -0.3059
vn -0.9845 -0.0081 -0.1750
vn -0.9743 0.0414 -0.2216
vn 0.0231 0.8101 0.5858
vn -0.1296 -0.0404 0.9907
vn 0.6387 -0.4550 -0.6206
vn 0.1649 -0.8991 -0.4055
vn 0.2462 -0.7704 0.5880
vn 0.0840 0.1816 -0.9798
vn -0.9981 0.0101 -0.0606
vn -0.1298 -0.4560 -0.8804
vn -0.3423 -0.9249 0.1655
vn 0.5633 -0.5531 0.6138
vn -0.1032 -0.9889 -0.1073
vn -0.0941 -0.9911 -0.0946
vn -0.1089 -0.9873 -0.1153
vn 0.0481 0.9987 -0.0162
vn -0.3217 -0.7684 -0.5532
vn -0.3000 -0.7785 -0.5513
vn -0.3975 -0.7288 -0.5576
vn -0.1170 -0.9850 -0.1267
vn -0.3547 0.0043 0.9350
vn -0.9361 -0.3061 -0.1733
vn -0.3625 0.0568 0.9303
vn -0.2571 0.0269 0.9660
vn -0.2503 0.0071 0.9681
vn -0.6145 0.7556 0.2270
vn -0.8430 0.5380 0.0023
vn -0.8435 0.5371 0.0012
vn -0.8431 0.5377 0.0020
vn -0.5833 0.3053 0.7527
vn -0.0088 -1.0000 -0.0027
vn -0.1534 0.0198 0.9880
vn -0.9786 0.2059 0.0021
vn -0.6596 0.7489 -0.0633
vn -0.7335 0.6775 -0.0547
vn -0.6519 0.7555 -0.0641
vn -0.6383 0.7685 -0.0437
vn -0.7563 0.6522 -0.0518
vn -0.9923 0.1235 0.0055
vn -0.4504 0.8874 0.0981
vn -0.2681 0.9500 0.1603
vn -0.2907 0.9436 0.1586
vn -0.3516 0.9235 0.1537
vn -0.2907 0.9436 0.1587
vn -0.4187 0.8961 0.1473
vn -0.3516 0.9234 0.1537
vn 0.0864 0.9688 -0.2323
vn -0.2228 -0.8719 0.4361
vn -0.6014 -0.0461 0.7976
vn -0.1014 0.0065 0.9948
vn 0.0480 0.0902 0.9948
vn -0.0163 0.0544 0.9984
vn -0.9485 0.3039 0.0890
vn 0.2682 0.9468 -0.1777
vn 0.0010 0.9986 0.0524
vn 0.6471 0.6721 -0.3599
vn 0.9467 0.1003 -0.3060
vn -0.8242 -0.4983 0.2690
vn -0.9259 0.3768 0.0278
vn -0.9196 0.3911 0.0373
vn -0.9513 0.3072 -0.0259
vn -0.7475 -0.1295 -0.6515
vn -0.6987 0.6539 0.2901
vn -0.5405 -0.6237 -0.5646
vn -0.6339 -0.5198 0.5727
vn -0.6812 -0.5456 0.4881
vn -0.6240 -0.5143 0.5883
vn -0.6802 -0.3440 -0.6473
vn -0.7882 -0.3649 -0.4956
vn 0.0539 -0.9957 -0.0757
vn -0.9137 -0.3656 0.1777
vn -0.9190 0.3921 0.0412
vn -0.5722 -0.4841 0.6620
vn -0.5992 0.8001 0.0304
vn -0.5855 0.8101 0.0312
vn -0.7305 0.6826 0.0216
vn -0.5124 0.8057 -0.2971
vn -0.5374 0.7558 -0.3741
vn -0.0889 -0.9689 0.2311
vn 0.6741 -0.7360 -0.0620
vn -0.9031 -0.4143 0.1130
vn -0.9346 -0.3445 0.0883
vn -0.9160 -0.3877 0.1036
vn -0.8460 0.2546 -0.4684
vn -0.2143 -0.4104 0.8864
vn -0.1699 -0.4062 0.8979
vn -0.1940 -0.4086 0.8919
vn -0.9553 0.2934 -0.0357
vn -0.8931 -0.4335 0.1199
vn -0.9159 -0.3877 0.1036
vn -0.1104 -0.3992 0.9102
vn -0.9121 -0.0777 -0.4026
vn -0.1551 -0.0240 0.9876
vn -0.4807 -0.0217 -0.8766
vn -0.4629 -0.0136 -0.8863
vn -0.5966 -0.0774 -0.7988
vn -0.6128 -0.0856 -0.7856
vn -0.2589 0.0264 0.9655
vn -0.2413 -0.0119 0.9704
vn -0.0374 -0.9937 -0.1052
vn -0.0120 0.9903 -0.1385
vn -0.8437 0.5368 0.0008
vn -0.5862 0.6792 0.4416
vn 0.4080 -0.9083 -0.0926
vn 0.4232 -0.8943 -0.1454
vn 0.4496 -0.8576 -0.2497
vn 0.8095 0.5800 0.0913
vn 0.7750 0.6168 0.1375
vn 0.7869 0.6048 0.1221
vn 0.3833 0.9219 0.0557
vn -0.9897 -0.0021 -0.1429
vn -0.2597 0.9631 0.0709
vn -0.9487 0.0521 0.3118
vn -0.0729 0.0325 -0.9968
vn -0.2737 -0.9455 0.1766
vn -0.3328 -0.9371 0.1053
vn -0.3609 -0.9300 0.0697
vn -0.1379 -0.7425 -0.6555
vn 0.3904 -0.9200 -0.0359
vn 0.4462 0.8758 -0.1839
vn -0.1799 0.9785 -0.1013
vn -0.7191 -0.6059 0.3405
vn 0.8951 -0.1981 -0.3995
vn -0.4459 -0.7110 -0.5438
vn -0.3316 0.9434 -0.0041
vn 0.0465 0.3130 -0.9486
vn -0.0163 -0.9893 0.1452
vn -0.8811 -0.4570 0.1217
vn -0.7470 0.6645 0.0203
vn -0.5992 0.8000 0.0304
vn -0.0354 0.9982 -0.0491
vn -0.0534 0.9940 -0.0952
vn -0.0433 0.9967 -0.0693
vn 0.1542 0.9435 0.2932
vn -0.4040 -0.9147 0.0129
vn -0.1533 0.0198 0.9880
vn -0.0659 0.0139 0.9977
vn -0.0010 0.9992 0.0389
vn 0.2349 0.6309 0.7394
vn -0.1869 -0.9186 0.3481
vn -0.2298 -0.8954 0.3813
vn -0.1742 -0.9249 0.3381
vn 0.6616 -0.7492 0.0305
vn -0.0641 0.9849 -0.1606
vn -0.1619 0.9838 -0.0775
vn -0.1535 0.9845 -0.0847
vn -0.1050 -0.9534 0.2827
vn -0.0641 0.9849 -0.1607
vn -0.1535 0.9845 -0.0848
vn -0.0118 0.9790 -0.2037
vn -0.0413 0.0441 -0.9982
vn 0.1986 0.9776 -0.0693
vn 0.8226 0.5640 0.0721
vn 0.1029 -0.9505 0.2931
vn -0.0128 0.9403 -0.3400
vn -0.4169 -0.1363 0.8987
vn 0.5106 0.3189 0.7985
vn 0.9167 -0.3992 -0.0192
vn -0.3018 0.9514 -0.0615
vn 0.3779 0.6898 0.6175
vn 0.1316 0.8883 -0.4400
vn -0.8423 -0.4535 -0.2914
vn 0.0315 0.9983 0.0496
vn 0.8930 -0.3856 -0.2320
vn 0.5955 -0.7451 0.3003
vn 0.1228 0.9478 -0.2944
vn -0.5008 0.0326 -0.8649
vn 0.4350 -0.8977 0.0695
vn -0.0003 0.9612 -0.2759
vn 0.2212 0.7981 0.5604
vn 0.3120 -0.9473 0.0726
vn -0.1469 -0.5877 -0.7956
vn -0.2960 0.9322 -0.2083
vn 0.2976 0.1952 -0.9345
vn 0.1269 0.9805 0.1497
vn -0.5355 0.8253 0.1789
vn 0.0393 0.9981 0.0471
vn 0.0202 0.9991 0.0385
vn 0.0342 0.9965 0.0759
vn -0.3594 -0.9315 -0.0554
vn -0.3492 -0.9363 -0.0367
vn -0.3529 -0.9346 -0.0435
vn -0.3492 -0.9363 -0.0366
vn -0.3413 -0.9397 -0.0223
vn -0.7228 -0.6762 0.1423
vn -0.1020 0.2188 -0.9704
vn 0.6872 -0.6578 -0.3083
vn -0.9156 -0.4018 0.0127
vn 0.0009 0.9998 -0.0176
vn 0.0657 0.9978 0.0031
vn 0.0676 0.9977 0.0023
vn 0.9046 -0.3494 0.2442
vn -0.1055 0.9864 -0.1257
vn 0.5522 -0.7807 -0.2925
vn -0.5559 0.7834 0.2780
vn -0.0049 0.7032 -0.7110
vn -0.0504 0.9943 -0.0943
vn -0.2338 -0.3690 0.8995
vn -0.2322 -0.5766 -0.7833
vn -0.3530 -0.1603 0.9218
vn -0.0719 0.3156 0.9462
vn 0.1351 -0.0119 0.9908
vn -0.2398 0.9163 -0.3208
vn 0.3604 0.5284 -0.7687
vn -0.3996 -0.3456 -0.8490
vn 0.3410 0.0537 0.9385
vn 0.0951 -0.7130 -0.6947
vn 0.8626 0.4479 0.2351
vn -0.3126 0.9486 0.0497
vn -0.3251 0.9449 0.0395
vn -0.2951 0.9525 0.0752
vn 0.1545 -0.9858 -0.0656
vn -0.3127 0.9486 0.0497
vn -0.2861 0.9546 0.0830
vn -0.3170 -0.9173 -0.2409
vn -0.4580 0.6671 -0.5875
vn 0.3427 -0.9384 -0.0445
vn 0.3735 -0.9265 -0.0463
vn 0.3917 -0.9189 -0.0473
vn 0.5248 0.8422 0.1241
vn -0.0245 -0.9876 0.1548
vn 0.4973 -0.8660 -0.0531
vn 0.0518 0.9788 0.1983
vn -0.4160 0.4788 -0.7731
vn 0.3259 0.6108 0.7216
vn 0.5289 -0.7043 0.4735
vn -0.4430 -0.5525 0.7060
vn 0.9235 -0.3792 0.0579
vn 0.0308 -0.9813 -0.1901
vn -0.2985 -0.9542 -0.0186
vn -0.3071 -0.9516 0.0100
vn -0.3196 -0.9460 0.0538
vn -0.3283 -0.9407 0.0854
vn -0.2871 0.9531 0.0962
vn 0.2737 0.9616 -0.0217
vn 0.2737 0.9615 -0.0261
vn 0.2571 0.9664 -0.0075
vn -0.2178 -0.9133 -0.3443
vn 0.1052 0.9867 0.1241
vn 0.1676 0.9832 0.0728
vn -0.8319 -0.5549 0.0059
vn -0.8059 -0.5920 -0.0075
vn -0.7944 -0.6073 -0.0131
vn -0.8384 -0.5449 0.0094
vn -0.6669 0.5851 0.4614
vn 0.2919 -0.9480 0.1267
vn -0.1085 0.8678 0.4849
vn -0.7118 -0.2316 -0.6630
vn 0.0432 0.9838 0.1739
vn 0.1796 0.9614 -0.2083
vn -0.0141 0.4686 0.8833
vn -0.2983 0.8327 0.4665
vn -0.1291 -0.8683 -0.4790
vn 0.6892 0.7017 0.1806
vn 0.8292 -0.5436 -0.1299
vn 0.5786 -0.8135 0.0579
vn 0.1987 0.6831 -0.7028
vn 0.3465 -0.6704 -0.6561
vn 0.1592 -0.9656 -0.2058
vn 0.4729 0.8676 0.1536
vn -0.3748 -0.7355 0.5644
vn -0.3005 0.9535 -0.0239
vn -0.3428 0.9387 -0.0366
vn -0.2793 0.9601 -0.0175
vn -0.2200 0.8746 -0.4320
vn 0.0156 0.9917 -0.1278
vn 0.1242 0.9835 -0.1315
vn -0.4355 0.8841 0.1693
vn -0.9234 -0.3837 -0.0022
vn -0.9220 -0.3871 -0.0071
vn -0.9246 -0.3809 0.0018
vn 0.9107 0.3832 -0.1545
vn 0.6816 0.7304 -0.0440
vn 0.6573 0.7521 -0.0468
vn 0.6609 0.7490 -0.0464
vn -0.9266 -0.3761 0.0088
vn -0.9235 -0.3837 -0.0022
vn -0.9978 -0.0356 -0.0558
vn -0.9853 -0.1230 -0.1189
vn -0.9968 -0.0388 -0.0705
vn -0.3974 0.0858 -0.9136
vn -0.8102 -0.5702 -0.1363
vn 0.6878 0.7246 -0.0433
vn -0.2357 0.9718 -0.0046
vn -0.9395 0.2392 0.2452
vn -0.9292 0.2885 0.2309
vn -0.9419 0.2257 0.2489
vn -0.9973 -0.0582 -0.0442
vn -0.9953 -0.0149 -0.0954
vn -0.9502 -0.1807 0.2541
vn 0.8100 -0.0974 -0.5783
vn 0.8107 -0.5851 0.0189
vn -0.1238 0.6338 0.7635
vn -0.5147 0.8503 0.1101
vn -0.6590 0.7510 0.0422
vn -0.5527 0.8281 0.0934
vn 0.0708 0.9912 -0.1119
vn 0.2532 0.3553 -0.8998
vn -0.9326 0.1450 0.3304
vn -0.9283 0.1570 0.3371
vn -0.9647 0.0274 0.2620
vn -0.7602 -0.6286 0.1641
vn 0.9993 -0.0115 0.0351
vn -0.1133 0.7535 -0.6476
vn 0.0206 0.9987 -0.0464
vn 0.9230 -0.1704 -0.3452
vn 0.4072 0.6763 -0.6138
vn -0.0011 0.8432 0.5376
vn -0.4636 -0.8690 0.1730
vn -0.9764 -0.0610 0.2074
vn 0.4104 0.4928 -0.7673
vn -0.2684 -0.9213 0.2814
vn -0.5492 -0.8191 0.1657
vn 0.6768 0.7335 -0.0628
vn -0.6235 0.7733 0.1154
vn -0.9961 0.0619 -0.0634
vn -0.9961 0.0620 -0.0635
vn -0.9957 0.0629 -0.0675
vn -0.9978 -0.0355 -0.0558
vn -0.0174 -0.8650 -0.5015
vn 0.0178 -0.8626 -0.5056
vn -0.0005 -0.8639 -0.5036
vn -0.6611 0.7054 -0.2557
vn 0.8454 0.1315 0.5176
vn -0.0173 -0.8650 -0.5015
vn -0.0005 -0.8640 -0.5036
vn -0.0347 -0.8657 -0.4993
vn 0.0740 -0.3433 -0.9363
vn -0.8881 0.4094 0.2091
vn -0.3515 0.9281 0.1228
vn -0.9099 0.3976 0.1179
vn -0.9447 0.2075 0.2539
vn -0.9419 0.2256 0.2490
vn -0.4620 -0.3280 -0.8240
vn -0.6843 0.7286 0.0288
vn -0.8183 -0.5675 -0.0916
vn 0.8433 0.5342 0.0591
vn -0.6850 -0.4547 -0.5692
vn -0.9952 -0.0937 0.0265
vn -0.7959 0.0144 -0.6052
vn -0.9263 -0.3240 -0.1925
vn -0.9188 0.2175 0.3294
vn -0.9587 0.1242 0.2558
vn -0.9307 0.1934 0.3106
vn -0.9697 0.0890 0.2274
vn 0.8783 0.1985 -0.4349
vn -0.9139 -0.2303 0.3343
vn -0.0388 -0.8526 0.5212
vn 0.8376 0.4841 -0.2531
vn 0.4647 0.0481 0.8842
vn -0.4273 -0.5950 -0.6807
vn 0.1294 0.1893 -0.9734
vn 0.1391 0.2210 -0.9653
vn 0.1314 0.1958 -0.9718
vn -0.8609 0.3590 -0.3605
vn -0.9691 0.0398 0.2436
vn -0.9527 -0.2896 0.0923
vn -0.0697 -0.9163 0.3945
vn 0.1095 0.1251 -0.9861
vn 0.8745 0.4250 0.2339
vn -0.9902 0.1396 -0.0103
vn -0.9986 0.0499 0.0145
vn -0.9968 0.0794 0.0064
vn -0.9848 0.1727 -0.0196
vn 0.0920 0.9412 -0.3252
vn 0.9897 0.0946 0.1073
vn -0.4139 -0.8762 0.2469
vn -0.9913 -0.1298 -0.0222
vn -0.9954 -0.0928 -0.0243
vn -0.9971 -0.0747 -0.0172
vn -0.8542 0.5135 -0.0817
vn -0.9911 -0.1310 -0.0231
vn -0.8604 -0.0312 -0.5087
vn 0.9925 -0.0435 0.1139
vn -0.9597 -0.1921 -0.2050
vn -1.0000 0.0038 0.0016
vn -0.9925 0.0665 -0.1023
vn 0.8143 -0.4631 -0.3500
vn -0.5298 0.7607 0.3750
vn 0.9021 0.1930 -0.3861
vn -0.8475 -0.5307 0.0089
vn -0.7582 -0.6484 0.0695
vn -0.8074 -0.5887 0.0379
vn -0.0147 -0.3575 0.9338
vn -0.9682 0.2189 0.1210
vn -0.8662 -0.4997 -0.0061
vn 0.3507 -0.7555 0.5534
vn 0.1916 0.7905 0.5817
vn -0.9981 0.0105 0.0607
vt 0.005082 0.095263
vt 0.006621 0.100280
vt 0.005119 0.100225
vt 0.007911 0.094667
vt 0.010341 0.097703
vt 0.011840 0.097597
vt 0.011883 0.103357
vt 0.009119 0.102512
vt 0.656008 0.027010
vt 0.645791 0.037284
vt 0.640961 0.031146
vt 0.039038 0.890779
vt 0.035842 0.893842
vt 0.030406 0.885517
vt 0.293169 0.192317
vt 0.290071 0.194488
vt 0.279835 0.182794
vt 0.025251 0.566410
vt 0.031482 0.558138
vt 0.024714 0.569111
vt 0.027366 0.569492
vt 0.676870 0.762692
vt 0.693407 0.776726
vt 0.660990 0.810937
vt 0.683974 0.808521
vt 0.693199 0.745718
vt 0.738413 0.388323
vt 0.731277 0.400777
vt 0.707464 0.418533
vt 0.627082 0.338075
vt 0.589967 0.335135
vt 0.611608 0.314691
vt 0.053180 0.307196
vt 0.052382 0.304403
vt 0.055181 0.308887
vt 0.142858 0.005563
vt 0.165448 0.029187
vt 0.145918 0.020838
vt 0.158285 0.010169
vt 0.161328 0.011396
vt 0.283547 0.770039
vt 0.313122 0.764872
vt 0.333152 0.772140
vt 0.697702 0.982791
vt 0.694412 0.980186
vt 0.700910 0.971655
vt 0.892881 0.492704
vt 0.874370 0.490198
vt 0.894621 0.479423
vt 0.420752 0.108013
vt 0.387681 0.096314
vt 0.380865 0.083635
vt 0.415226 0.121597
vt 0.824124 0.195617
vt 0.817424 0.190326
vt 0.854061 0.160535
vt 0.839496 0.145481
vt 0.813675 0.168126
vt 0.510960 0.402383
vt 0.481881 0.405093
vt 0.490418 0.376821
vt 0.471699 0.386105
vt 0.484040 0.438200
vt 0.491596 0.821824
vt 0.495464 0.786973
vt 0.521306 0.799644
vt 0.515715 0.821330
vt 0.094016 0.059819
vt 0.121055 0.066758
vt 0.067249 0.065844
vt 0.078243 0.046769
vt 0.072379 0.134490
vt 0.067295 0.106626
vt 0.141684 0.148711
vt 0.119579 0.053963
vt 0.095938 0.042584
vt 0.140434 0.138729
vt 0.966159 0.984012
vt 0.968410 0.983509
vt 0.968371 0.985646
vt 0.064407 0.109061
vt 0.070048 0.137528
vt 0.068902 0.150742
vt 0.464581 0.942405
vt 0.459736 0.974313
vt 0.461891 0.944337
vt 0.461271 0.975872
vt 0.476506 0.932189
vt 0.467099 0.091380
vt 0.476632 0.086428
vt 0.480665 0.088830
vt 0.287296 0.601780
vt 0.272218 0.592946
vt 0.277768 0.581954
vt 0.270911 0.610064
vt 0.257357 0.607552
vt 0.243300 0.601078
vt 0.673594 0.100554
vt 0.681929 0.122934
vt 0.668514 0.140928
vt 0.733642 0.525994
vt 0.731045 0.539822
vt 0.695783 0.517456
vt 0.275561 0.533985
vt 0.273827 0.553977
vt 0.212626 0.553069
vt 0.991800 0.314877
vt 0.992481 0.315010
vt 0.992068 0.322120
vt 0.970715 0.668352
vt 0.969943 0.668882
vt 0.961263 0.662115
vt 0.960614 0.678487
vt 0.970711 0.669127
vt 0.971108 0.668775
vt 0.026135 0.940585
vt 0.025812 0.941919
vt 0.025781 0.941942
vt 0.018165 0.956948
vt 0.026748 0.941965
vt 0.992524 0.314795
vt 0.971330 0.669193
vt 0.052241 0.992047
vt 0.052067 0.991210
vt 0.065025 0.994932
vt 0.007111 0.943882
vt 0.038918 0.941613
vt 0.044070 0.994303
vt 0.980888 0.670268
vt 0.980125 0.311549
vt 0.976750 0.693694
vt 0.963619 0.702431
vt 0.970034 0.328663
vt 0.941929 0.648278
vt 0.965195 0.635745
vt 0.397323 0.780829
vt 0.360032 0.779680
vt 0.418106 0.761488
vt 0.388126 0.764180
vt 0.345902 0.773627
vt 0.980498 0.293807
vt 0.672718 0.200426
vt 0.636153 0.188221
vt 0.654348 0.162792
vt 0.016488 0.477816
vt 0.022597 0.481932
vt 0.019331 0.482870
vt 0.021012 0.479717
vt 0.022717 0.479806
vt 0.023491 0.473144
vt 0.023297 0.481445
vt 0.047204 0.396601
vt 0.042204 0.391422
vt 0.049225 0.382221
vt 0.017230 0.360864
vt 0.938948 0.168726
vt 0.914189 0.194422
vt 0.887328 0.165374
vt 0.927219 0.125227
vt 0.073894 0.531618
vt 0.071678 0.513119
vt 0.076821 0.531069
vt 0.462658 0.744741
vt 0.465694 0.743270
vt 0.465404 0.744885
vt 0.076921 0.529097
vt 0.473687 0.755517
vt 0.047419 0.101805
vt 0.042166 0.100544
vt 0.046373 0.100266
vt 0.029141 0.101412
vt 0.047245 0.097647
vt 0.079962 0.531799
vt 0.342025 0.357415
vt 0.340829 0.357619
vt 0.343520 0.355745
vt 0.966572 0.777616
vt 0.959857 0.754629
vt 0.972813 0.723012
vt 0.969683 0.703227
vt 0.952145 0.752025
vt 0.790185 0.977007
vt 0.770551 0.981133
vt 0.794855 0.941620
vt 0.978301 0.755459
vt 0.794186 0.974888
vt 0.763323 0.639369
vt 0.739433 0.623045
vt 0.743107 0.603367
vt 0.705731 0.632114
vt 0.592924 0.745580
vt 0.517367 0.754767
vt 0.647428 0.743247
vt 0.607991 0.772340
vt 0.612951 0.747701
vt 0.549861 0.759871
vt 0.656889 0.773614
vt 0.650133 0.729366
vt 0.470151 0.746091
vt 0.666650 0.784995
vt 0.611068 0.786200
vt 0.763105 0.531500
vt 0.735732 0.581802
vt 0.129781 0.255095
vt 0.069068 0.283487
vt 0.116948 0.235157
vt 0.700329 0.585958
vt 0.197361 0.503756
vt 0.205970 0.476824
vt 0.221555 0.498848
vt 0.195235 0.450179
vt 0.522883 0.786498
vt 0.074976 0.267783
vt 0.321529 0.464700
vt 0.295019 0.478449
vt 0.303994 0.456472
vt 0.278742 0.442974
vt 0.262452 0.498902
vt 0.294365 0.446381
vt 0.311806 0.442093
vt 0.284146 0.510158
vt 0.313041 0.520028
vt 0.282387 0.423035
vt 0.209403 0.454852
vt 0.686159 0.612730
vt 0.244080 0.527705
vt 0.266511 0.511712
vt 0.266776 0.512117
vt 0.266799 0.511836
vt 0.340972 0.514665
vt 0.075756 0.702078
vt 0.486173 0.783502
vt 0.266502 0.512360
vt 0.266672 0.512105
vt 0.037570 0.664442
vt 0.038023 0.704211
vt 0.034588 0.685339
vt 0.041786 0.676509
vt 0.043592 0.525897
vt 0.058370 0.506467
vt 0.053244 0.527533
vt 0.299454 0.972967
vt 0.323747 0.968641
vt 0.341795 0.968684
vt 0.304233 0.969773
vt 0.062278 0.489166
vt 0.341223 0.974424
vt 0.780287 0.049300
vt 0.822739 0.039422
vt 0.789098 0.055224
vt 0.063473 0.549011
vt 0.050199 0.534458
vt 0.057367 0.545041
vt 0.037113 0.521820
vt 0.040952 0.533167
vt 0.044316 0.661246
vt 0.985458 0.655023
vt 0.983930 0.656350
vt 0.977089 0.654309
vt 0.984572 0.664689
vt 0.988796 0.660814
vt 0.969878 0.663814
vt 0.971003 0.650771
vt 0.965922 0.658477
vt 0.036578 0.653261
vt 0.979679 0.667051
vt 0.054036 0.544581
vt 0.964252 0.659557
vt 0.045509 0.648719
vt 0.039972 0.542548
vt 0.341312 0.007994
vt 0.355270 0.015008
vt 0.332565 0.008331
vt 0.059736 0.551316
vt 0.604752 0.917448
vt 0.617463 0.908372
vt 0.656080 0.903906
vt 0.053103 0.036110
vt 0.059037 0.032532
vt 0.070988 0.037686
vt 0.476155 0.141176
vt 0.470483 0.144444
vt 0.453495 0.142278
vt 0.630799 0.896322
vt 0.614611 0.895141
vt 0.053910 0.026447
vt 0.649227 0.894667
vt 0.063186 0.025544
vt 0.034663 0.640144
vt 0.034055 0.647515
vt 0.462147 0.130418
vt 0.428638 0.012588
vt 0.435791 0.010454
vt 0.431920 0.017919
vt 0.616642 0.943794
vt 0.624496 0.924280
vt 0.677445 0.909333
vt 0.722000 0.568417
vt 0.669027 0.931803
vt 0.074173 0.036202
vt 0.811604 0.990956
vt 0.448258 0.744630
vt 0.459888 0.793163
vt 0.434772 0.797992
vt 0.574730 0.791800
vt 0.339494 0.977952
vt 0.792261 0.054067
vt 0.778633 0.068745
vt 0.328765 0.438242
vt 0.361649 0.034299
vt 0.350543 0.029267
vt 0.367732 0.969463
vt 0.360451 0.007460
vt 0.759917 0.045100
vt 0.773170 0.074930
vt 0.770253 0.068307
vt 0.768623 0.038416
vt 0.769668 0.039806
vt 0.769633 0.039878
vt 0.357909 0.018046
vt 0.504386 0.132547
vt 0.035623 0.633645
vt 0.047878 0.626902
vt 0.039949 0.638117
vt 0.049395 0.636954
vt 0.419595 0.021233
vt 0.605903 0.906047
vt 0.978880 0.696398
vt 0.340598 0.357330
vt 0.093032 0.039339
vt 0.077512 0.037728
vt 0.077497 0.038102
vt 0.947213 0.452704
vt 0.917593 0.452682
vt 0.939265 0.451993
vt 0.928532 0.449517
vt 0.338270 0.360473
vt 0.938233 0.454354
vt 0.770602 0.989541
vt 0.954879 0.547655
vt 0.950205 0.581826
vt 0.928510 0.593514
vt 0.951996 0.516554
vt 0.970981 0.592602
vt 0.100488 0.904784
vt 0.101237 0.899855
vt 0.149431 0.917989
vt 0.149152 0.926415
vt 0.068704 0.908900
vt 0.668205 0.905815
vt 0.435655 0.028802
vt 0.421632 0.024058
vt 0.325550 0.350799
vt 0.923501 0.470152
vt 0.889322 0.464023
vt 0.901602 0.463236
vt 0.912277 0.475929
vt 0.899888 0.476991
vt 0.894629 0.469011
vt 0.892477 0.461839
vt 0.889189 0.465698
vt 0.067678 0.915949
vt 0.054134 0.910987
vt 0.061278 0.905817
vt 0.054019 0.919117
vt 0.064097 0.903860
vt 0.070522 0.788455
vt 0.066505 0.780833
vt 0.074953 0.785263
vt 0.881976 0.878756
vt 0.895560 0.832042
vt 0.877772 0.910907
vt 0.084987 0.310487
vt 0.083637 0.302468
vt 0.091560 0.286952
vt 0.082431 0.299165
vt 0.498803 0.025093
vt 0.497963 0.019766
vt 0.500420 0.022397
vt 0.082389 0.308003
vt 0.072486 0.304186
vt 0.081276 0.306028
vt 0.076485 0.788656
vt 0.445159 0.974878
vt 0.439019 0.969109
vt 0.441945 0.966909
vt 0.095033 0.923796
vt 0.060157 0.903073
vt 0.059119 0.789211
vt 0.068771 0.789575
vt 0.438803 0.977280
vt 0.446794 0.954771
vt 0.452744 0.938252
vt 0.454925 0.947552
vt 0.050053 0.890955
vt 0.913824 0.833389
vt 0.887461 0.901054
vt 0.420452 0.985527
vt 0.433809 0.983657
vt 0.058248 0.787541
vt 0.503332 0.027526
vt 0.050683 0.793888
vt 0.037631 0.782521
vt 0.050466 0.785855
vt 0.047260 0.796961
vt 0.045011 0.906519
vt 0.052419 0.911538
vt 0.045068 0.908731
vt 0.042362 0.914415
vt 0.042224 0.910582
vt 0.222194 0.107978
vt 0.280539 0.124877
vt 0.256665 0.120934
vt 0.006908 0.957791
vt 0.005121 0.964479
vt 0.006294 0.957767
vt 0.457368 0.941061
vt 0.455069 0.949821
vt 0.031490 0.600162
vt 0.028595 0.605170
vt 0.023256 0.602166
vt 0.012034 0.914072
vt 0.012658 0.922279
vt 0.011791 0.921762
vt 0.863104 0.031291
vt 0.861382 0.025473
vt 0.865505 0.029233
vt 0.853451 0.020980
vt 0.860821 0.024396
vt 0.021323 0.921343
vt 0.020023 0.908125
vt 0.023462 0.038079
vt 0.023974 0.038358
vt 0.023094 0.042466
vt 0.021879 0.916889
vt 0.865793 0.021806
vt 0.027552 0.042162
vt 0.031829 0.044331
vt 0.024915 0.045975
vt 0.030294 0.047491
vt 0.017561 0.049494
vt 0.022890 0.039508
vt 0.017988 0.040401
vt 0.015701 0.043057
vt 0.208217 0.124021
vt 0.220585 0.124499
vt 0.076157 0.075545
vt 0.070272 0.076012
vt 0.070987 0.074894
vt 0.939016 0.023525
vt 0.942849 0.026718
vt 0.931115 0.024723
vt 0.077948 0.086296
vt 0.221803 0.123960
vt 0.937874 0.020418
vt 0.225499 0.120805
vt 0.087581 0.074559
vt 0.073398 0.070742
vt 0.068795 0.076249
vt 0.937491 0.017050
vt 0.940573 0.012213
vt 0.938848 0.017258
vt 0.677326 0.986814
vt 0.664700 0.988924
vt 0.679260 0.976971
vt 0.244949 0.120948
vt 0.240485 0.124469
vt 0.235654 0.120799
vt 0.931460 0.015387
vt 0.683179 0.977943
vt 0.686022 0.989994
vt 0.935833 0.006531
vt 0.931453 0.012759
vt 0.012917 0.106351
vt 0.010728 0.112586
vt 0.006943 0.113976
vt 0.315617 0.017398
vt 0.319771 0.020207
vt 0.319134 0.024301
vt 0.314108 0.027007
vt 0.308374 0.024814
vt 0.309864 0.020118
vt 0.006855 0.972199
vt 0.008399 0.971009
vt 0.008658 0.979333
vt 0.313811 0.019554
vt 0.664388 0.980539
vt 0.672769 0.969777
vt 0.667238 0.961267
vt 0.670800 0.957536
vt 0.668828 0.957195
vt 0.022770 0.603564
vt 0.017542 0.600144
vt 0.315140 0.025791
vt 0.670882 0.973346
vt 0.315841 0.032872
vt 0.013893 0.963255
vt 0.009352 0.972643
vt 0.030837 0.043318
vt 0.495555 0.032458
vt 0.502341 0.011527
vt 0.050129 0.902799
vt 0.047416 0.922444
vt 0.006428 0.108476
vt 0.678052 0.971920
vt 0.675129 0.970302
vt 0.673737 0.970586
vt 0.005107 0.969151
vt 0.008456 0.106447
vt 0.005825 0.106187
vt 0.005081 0.107190
vt 0.007884 0.105000
vt 0.674274 0.960727
vt 0.019950 0.924294
vt 0.031452 0.925386
vt 0.500297 0.039743
vt 0.490700 0.037406
vt 0.047232 0.799710
vt 0.037615 0.815331
vt 0.047377 0.799087
vt 0.455292 0.978181
vt 0.450872 0.978583
vt 0.451745 0.978188
vt 0.047406 0.799093
vt 0.017694 0.266027
vt 0.017037 0.260500
vt 0.034381 0.264511
vt 0.555914 0.035303
vt 0.548805 0.034931
vt 0.563352 0.028486
vt 0.006924 0.966824
vt 0.040333 0.913713
vt 0.681376 0.970744
vt 0.020743 0.050237
vt 0.022660 0.925640
vt 0.024954 0.927332
vt 0.023401 0.926859
vt 0.023669 0.604446
vt 0.067361 0.300314
vt 0.014670 0.266152
vt 0.008144 0.259259
vt 0.014498 0.268777
vt 0.464966 0.990820
vt 0.454483 0.962339
vt 0.455038 0.980445
vt 0.986253 0.193429
vt 0.977174 0.181438
vt 0.985911 0.188729
vt 0.028104 0.258696
vt 0.007916 0.956075
vt 0.005564 0.948231
vt 0.554942 0.023205
vt 0.553556 0.018371
vt 0.555370 0.011963
vt 0.024338 0.178854
vt 0.019240 0.170475
vt 0.019737 0.166784
vt 0.254916 0.125289
vt 0.064658 0.298377
vt 0.014581 0.171669
vt 0.949767 0.160815
vt 0.959802 0.158252
vt 0.951331 0.162961
vt 0.965278 0.172298
vt 0.958902 0.167201
vt 0.941476 0.162654
vt 0.942201 0.161690
vt 0.023027 0.607290
vt 0.029898 0.608045
vt 0.250431 0.125204
vt 0.246017 0.124871
vt 0.027126 0.269158
vt 0.013378 0.956481
vt 0.556596 0.016380
vt 0.956493 0.164583
vt 0.880209 0.457435
vt 0.878927 0.460353
vt 0.034083 0.939496
vt 0.196790 0.103153
vt 0.099684 0.076949
vt 0.863464 0.032793
vt 0.857465 0.027444
vt 0.857451 0.028198
vt 0.669132 0.946087
vt 0.990996 0.181902
vt 0.872574 0.461554
vt 0.024940 0.165776
vt 0.971110 0.172008
vt 0.005566 0.925484
vt 0.563265 0.019985
vt 0.941030 0.155770
vt 0.089096 0.870995
vt 0.086930 0.899666
vt 0.042947 0.616453
vt 0.944080 0.451321
vt 0.036295 0.637906
vt 0.028850 0.180487
vt 0.024540 0.195032
vt 0.027538 0.174218
vt 0.574805 0.194493
vt 0.625371 0.216889
vt 0.662494 0.245843
vt 0.518881 0.362702
vt 0.852006 0.022849
vt 0.676433 0.951176
vt 0.674066 0.959211
vt 0.673370 0.948730
vt 0.974522 0.820949
vt 0.976477 0.823027
vt 0.962933 0.826623
vt 0.980808 0.826778
vt 0.059431 0.306507
vt 0.214007 0.091138
vt 0.960503 0.451854
vt 0.033000 0.177151
vt 0.950783 0.449079
vt 0.808582 0.020360
vt 0.803531 0.015933
vt 0.815462 0.018988
vt 0.802026 0.017816
vt 0.812107 0.025017
vt 0.802104 0.012518
vt 0.818599 0.029103
vt 0.816243 0.037251
vt 0.820672 0.035662
vt 0.029584 0.626067
vt 0.029282 0.631250
vt 0.977894 0.415878
vt 0.312699 0.411465
vt 0.504896 0.355902
vt 0.991436 0.907630
vt 0.992746 0.898778
vt 0.994387 0.904981
vt 0.984676 0.907704
vt 0.974519 0.898699
vt 0.969757 0.822400
vt 0.976304 0.904349
vt 0.980993 0.563911
vt 0.986237 0.558375
vt 0.987451 0.560054
vt 0.973393 0.912792
vt 0.971675 0.911761
vt 0.974142 0.912169
vt 0.993314 0.557892
vt 0.988674 0.557178
vt 0.992105 0.556835
vt 0.991005 0.555259
vt 0.983909 0.552109
vt 0.990355 0.552091
vt 0.990486 0.554795
vt 0.184933 0.152368
vt 0.636482 0.241334
vt 0.629862 0.245115
vt 0.618004 0.230778
vt 0.763892 0.022431
vt 0.754349 0.021196
vt 0.760797 0.015408
vt 0.973389 0.905641
vt 0.978561 0.912112
vt 0.992347 0.560845
vt 0.994845 0.895488
vt 0.970215 0.895883
vt 0.982189 0.888077
vt 0.043310 0.397062
vt 0.038017 0.394020
vt 0.092548 0.017438
vt 0.970180 0.778212
vt 0.979049 0.765387
vt 0.985930 0.772157
vt 0.627972 0.249721
vt 0.120914 0.211862
vt 0.118019 0.197310
vt 0.126050 0.214806
vt 0.131271 0.216659
vt 0.625823 0.250421
vt 0.127466 0.208493
vt 0.616513 0.252425
vt 0.985712 0.775002
vt 0.962730 0.823695
vt 0.966506 0.822579
vt 0.974250 0.564403
vt 0.425084 0.990208
vt 0.945886 0.526161
vt 0.985627 0.777542
vt 0.991877 0.775837
vt 0.773749 0.035728
vt 0.770319 0.024830
vt 0.771547 0.014760
vt 0.766415 0.014905
vt 0.035090 0.873054
vt 0.027455 0.870287
vt 0.025584 0.867507
vt 0.057767 0.300491
vt 0.033551 0.289699
vt 0.020125 0.616021
vt 0.022158 0.612123
vt 0.818956 0.015137
vt 0.815964 0.016120
vt 0.026946 0.161437
vt 0.017510 0.623375
vt 0.977469 0.485935
vt 0.960185 0.458237
vt 0.417088 0.799716
vt 0.769478 0.014040
vt 0.977108 0.915732
vt 0.031113 0.869074
vt 0.020923 0.477879
vt 0.020191 0.873098
vt 0.680469 0.659103
vt 0.313031 0.551616
vt 0.334171 0.536736
vt 0.682591 0.941260
vt 0.017059 0.402760
vt 0.025856 0.395025
vt 0.027881 0.034589
vt 0.022348 0.035567
vt 0.038153 0.023211
vt 0.019195 0.025966
vt 0.015037 0.005251
vt 0.052238 0.005000
vt 0.015153 0.617864
vt 0.965735 0.480437
vt 0.893300 0.117776
vt 0.971822 0.915728
vt 0.979322 0.198110
vt 0.980635 0.201447
vt 0.973083 0.200209
vt 0.020930 0.478174
vt 0.835205 0.793868
vt 0.835251 0.793010
vt 0.838017 0.789343
vt 0.032323 0.486778
vt 0.022253 0.482932
vt 0.023336 0.863613
vt 0.823972 0.796927
vt 0.835965 0.789473
vt 0.832939 0.798389
vt 0.834252 0.797587
vt 0.834478 0.798040
vt 0.835546 0.796656
vt 0.838367 0.810096
vt 0.836412 0.798470
vt 0.984488 0.888497
vt 0.767117 0.504635
vt 0.688043 0.640096
vt 0.037580 0.396911
vt 0.819988 0.016132
vt 0.149839 0.131993
vt 0.164297 0.115892
vt 0.177104 0.118930
vt 0.915216 0.731397
vt 0.893651 0.743368
vt 0.880127 0.726783
vt 0.155782 0.238156
vt 0.879906 0.185877
vt 0.863868 0.204926
vt 0.832601 0.212956
vt 0.039352 0.874225
vt 0.966028 0.195760
vt 0.970538 0.202384
vt 0.978265 0.213950
vt 0.983517 0.201558
vt 0.845379 0.798582
vt 0.876051 0.807907
vt 0.905556 0.817989
vt 0.978272 0.888857
vt 0.982669 0.860477
vt 0.986427 0.877413
vt 0.836256 0.855996
vt 0.839489 0.836337
vt 0.854907 0.851993
vt 0.849907 0.855706
vt 0.031430 0.394958
vt 0.031474 0.036540
vt 0.846269 0.449226
vt 0.845138 0.456890
vt 0.821519 0.420774
vt 0.119829 0.070709
vt 0.450183 0.094276
vt 0.020188 0.319401
vt 0.025105 0.315191
vt 0.025014 0.318430
vt 0.021955 0.300112
vt 0.023856 0.297020
vt 0.029357 0.305390
vt 0.017163 0.282849
vt 0.031050 0.304068
vt 0.041844 0.304819
vt 0.020542 0.305967
vt 0.016517 0.314739
vt 0.594162 0.168353
vt 0.629405 0.099015
vt 0.660885 0.082306
vt 0.011202 0.487240
vt 0.974755 0.539657
vt 0.890061 0.810245
vt 0.855513 0.868659
vt 0.976390 0.118456
vt 0.018816 0.442204
vt 0.027296 0.451782
vt 0.011898 0.448059
vt 0.027847 0.443873
vt 0.031617 0.439594
vt 0.025737 0.145502
vt 0.028718 0.143090
vt 0.827816 0.412020
vt 0.198248 0.233219
vt 0.199195 0.240238
vt 0.683168 0.568069
vt 0.668507 0.591622
vt 0.048383 0.399883
vt 0.024722 0.335116
vt 0.045528 0.303861
vt 0.031929 0.307973
vt 0.938218 0.111650
vt 0.882101 0.123123
vt 0.051316 0.399088
vt 0.054016 0.042265
vt 0.519260 0.096340
vt 0.500937 0.103027
vt 0.489461 0.109188
vt 0.489576 0.109539
vt 0.918426 0.808509
vt 0.692717 0.189499
vt 0.493772 0.340459
vt 0.313980 0.326850
vt 0.441423 0.327751
vt 0.924252 0.715640
vt 0.939255 0.198773
vt 0.489809 0.109110
vt 0.489504 0.108970
vt 0.890180 0.704977
vt 0.024480 0.221151
vt 0.018770 0.215285
vt 0.023565 0.212698
vt 0.030150 0.933533
vt 0.027474 0.932150
vt 0.036114 0.931411
vt 0.031367 0.929849
vt 0.029793 0.938287
vt 0.988676 0.137516
vt 0.034921 0.041945
vt 0.025329 0.931584
vt 0.012091 0.213391
vt 0.014661 0.215805
vt 0.016143 0.440153
vt 0.007736 0.442483
vt 0.134069 0.067943
vt 0.692962 0.537156
vt 0.720052 0.963116
vt 0.732656 0.972934
vt 0.717831 0.973336
vt 0.015051 0.930713
vt 0.566567 0.291212
vt 0.530656 0.319524
vt 0.571924 0.257835
vt 0.828740 0.820021
vt 0.021129 0.226507
vt 0.117528 0.100499
vt 0.130973 0.101672
vt 0.094498 0.106385
vt 0.157011 0.102752
vt 0.733820 0.981214
vt 0.720969 0.984992
vt 0.704460 0.188418
vt 0.684429 0.215748
vt 0.690525 0.181323
vt 0.661129 0.114794
vt 0.662179 0.115505
vt 0.662661 0.115545
vt 0.663219 0.118581
vt 0.903587 0.661949
vt 0.229874 0.559714
vt 0.299559 0.933656
vt 0.292853 0.939089
vt 0.307682 0.916340
vt 0.282715 0.937229
vt 0.113353 0.116341
vt 0.536695 0.337943
vt 0.662231 0.115671
vt 0.869379 0.180936
vt 0.112277 0.089457
vt 0.754708 0.990486
vt 0.006032 0.213231
vt 0.023035 0.207733
vt 0.295692 0.941412
vt 0.034288 0.439518
vt 0.033723 0.443750
vt 0.236907 0.975382
vt 0.234603 0.972109
vt 0.235652 0.969714
vt 0.283449 0.923723
vt 0.041988 0.923202
vt 0.799459 0.803050
vt 0.964969 0.615699
vt 0.955842 0.456537
vt 0.920848 0.525731
vt 0.955655 0.508411
vt 0.943206 0.520259
vt 0.669610 0.630225
vt 0.648383 0.603196
vt 0.251598 0.560677
vt 0.239900 0.573794
vt 0.265959 0.571551
vt 0.240816 0.969630
vt 0.262899 0.919884
vt 0.526213 0.117778
vt 0.283086 0.920979
vt 0.232569 0.993845
vt 0.213291 0.993997
vt 0.217826 0.981334
vt 0.896128 0.986691
vt 0.883208 0.989491
vt 0.854584 0.963610
vt 0.572233 0.922590
vt 0.609910 0.951488
vt 0.556074 0.950134
vt 0.138141 0.275811
vt 0.145309 0.285160
vt 0.106640 0.269468
vt 0.066777 0.895553
vt 0.032283 0.358882
vt 0.882927 0.798340
vt 0.169403 0.254241
vt 0.541459 0.290205
vt 0.888507 0.973146
vt 0.636025 0.046079
vt 0.554813 0.044192
vt 0.590022 0.040596
vt 0.540092 0.253514
vt 0.483492 0.225033
vt 0.548395 0.222214
vt 0.862880 0.906607
vt 0.831597 0.886187
vt 0.131427 0.261701
vt 0.250452 0.974156
vt 0.235033 0.991736
vt 0.235213 0.983071
vt 0.687620 0.493549
vt 0.092424 0.302083
vt 0.112560 0.284200
vt 0.125136 0.295263
vt 0.255685 0.987217
vt 0.242944 0.994485
vt 0.343315 0.404479
vt 0.508690 0.315618
vt 0.711536 0.167630
vt 0.693175 0.185835
vt 0.550711 0.045872
vt 0.695977 0.093758
vt 0.155923 0.068439
vt 0.858677 0.691428
vt 0.911118 0.817629
vt 0.698503 0.184896
vt 0.699889 0.184722
vt 0.892955 0.973646
vt 0.551599 0.047217
vt 0.137029 0.978983
vt 0.100023 0.972688
vt 0.096186 0.952900
vt 0.843474 0.945144
vt 0.817069 0.942035
vt 0.864878 0.932392
vt 0.511919 0.937267
vt 0.485278 0.931191
vt 0.494537 0.927805
vt 0.041200 0.493689
vt 0.056429 0.490069
vt 0.040909 0.495874
vt 0.484206 0.087143
vt 0.898252 0.975886
vt 0.644843 0.143485
vt 0.102168 0.955870
vt 0.304877 0.573791
vt 0.064006 0.373583
vt 0.305713 0.905551
vt 0.683641 0.148754
vt 0.210320 0.836062
vt 0.248456 0.840960
vt 0.304231 0.870853
vt 0.560915 0.804413
vt 0.813817 0.875214
vt 0.024573 0.962744
vt 0.021221 0.959938
vt 0.037734 0.947028
vt 0.842869 0.711432
vt 0.851884 0.735146
vt 0.864233 0.747042
vt 0.590105 0.049722
vt 0.498690 0.196701
vt 0.862128 0.113661
vt 0.806473 0.825608
vt 0.104933 0.327764
vt 0.977549 0.985723
vt 0.982052 0.988943
vt 0.984164 0.991464
vt 0.475588 0.943431
vt 0.482359 0.944075
vt 0.036711 0.514983
vt 0.859390 0.817532
vt 0.859726 0.792838
vt 0.365208 0.124358
vt 0.322553 0.122572
vt 0.323269 0.099406
vt 0.421165 0.204544
vt 0.434376 0.202502
vt 0.672904 0.524659
vt 0.651390 0.628629
vt 0.228486 0.589332
vt 0.023501 0.980349
vt 0.042034 0.948667
vt 0.034850 0.970864
vt 0.323542 0.911593
vt 0.321550 0.910942
vt 0.516528 0.334124
vt 0.875473 0.778760
vt 0.426327 0.729443
vt 0.695536 0.076627
vt 0.284347 0.849958
vt 0.549901 0.038427
vt 0.541299 0.068677
vt 0.500031 0.042564
vt 0.645239 0.587260
vt 0.248827 0.631817
vt 0.527252 0.094736
vt 0.970592 0.983699
vt 0.030339 0.528927
vt 0.478512 0.084044
vt 0.333712 0.901554
vt 0.019012 0.965323
vt 0.022567 0.965884
vt 0.018441 0.978714
vt 0.318755 0.906247
vt 0.369367 0.114447
vt 0.583344 0.164798
vt 0.700214 0.113570
vt 0.995000 0.110651
vt 0.839972 0.935100
vt 0.977693 0.973652
vt 0.972406 0.979107
vt 0.458884 0.938476
vt 0.458577 0.936363
vt 0.862996 0.763631
vt 0.984258 0.990304
vt 0.984180 0.980289
vt 0.025966 0.733637
vt 0.021791 0.731188
vt 0.029650 0.731705
vt 0.031137 0.724862
vt 0.018775 0.729667
vt 0.962630 0.991091
vt 0.481939 0.065353
vt 0.206506 0.586310
vt 0.874489 0.927683
vt 0.879557 0.920720
vt 0.880473 0.923228
vt 0.352795 0.986759
vt 0.352292 0.985648
vt 0.359973 0.984514
vt 0.365262 0.973180
vt 0.881558 0.939039
vt 0.014246 0.725588
vt 0.010124 0.730482
vt 0.544850 0.099522
vt 0.542438 0.106046
vt 0.505172 0.295188
vt 0.447073 0.176398
vt 0.987652 0.781661
vt 0.987568 0.786832
vt 0.985291 0.784615
vt 0.079729 0.957105
vt 0.542247 0.097709
vt 0.535072 0.101576
vt 0.030353 0.737638
vt 0.451080 0.917656
vt 0.016007 0.980541
vt 0.057891 0.139472
vt 0.065975 0.163481
vt 0.350453 0.985283
vt 0.350356 0.983907
vt 0.351146 0.984507
vt 0.560351 0.967683
vt 0.545517 0.978841
vt 0.543652 0.951232
vt 0.169087 0.265356
vt 0.537938 0.094914
vt 0.037906 0.736345
vt 0.023135 0.489028
vt 0.024908 0.515481
vt 0.057721 0.145720
vt 0.727184 0.153597
vt 0.305664 0.884793
vt 0.338367 0.869584
vt 0.126891 0.049154
vt 0.130302 0.049572
vt 0.134449 0.050306
vt 0.051211 0.063260
vt 0.024623 0.051437
vt 0.033764 0.050149
vt 0.786328 0.852302
vt 0.823932 0.361382
vt 0.811648 0.378663
vt 0.346415 0.982271
vt 0.348894 0.989934
vt 0.986306 0.805791
vt 0.991357 0.797984
vt 0.035090 0.048255
vt 0.044227 0.044580
vt 0.034502 0.045376
vt 0.114940 0.991929
vt 0.109662 0.981222
vt 0.136467 0.994635
vt 0.119736 0.983397
vt 0.152443 0.065778
vt 0.138719 0.046985
vt 0.146856 0.045508
vt 0.105822 0.994907
vt 0.184022 0.260213
vt 0.222387 0.278837
vt 0.983129 0.973850
vt 0.986914 0.978481
vt 0.059316 0.879994
vt 0.053312 0.870384
vt 0.083003 0.893271
vt 0.278777 0.904229
vt 0.298902 0.892850
vt 0.311501 0.899136
vt 0.845925 0.770254
vt 0.562770 0.914885
vt 0.545794 0.948158
vt 0.556360 0.922583
vt 0.672754 0.168380
vt 0.343969 0.976875
vt 0.347047 0.983428
vt 0.922996 0.022577
vt 0.924690 0.021641
vt 0.925642 0.023019
vt 0.138609 0.057933
vt 0.138680 0.053402
vt 0.351739 0.985220
vt 0.045054 0.159934
vt 0.051447 0.151228
vt 0.058522 0.149985
vt 0.051726 0.142201
vt 0.801075 0.385992
vt 0.532337 0.488481
vt 0.635466 0.502507
vt 0.638151 0.555562
vt 0.479559 0.039340
vt 0.471631 0.071308
vt 0.472126 0.060808
vt 0.126803 0.954609
vt 0.126164 0.953624
vt 0.146490 0.931566
vt 0.461944 0.057856
vt 0.459648 0.071415
vt 0.126696 0.954236
vt 0.462125 0.058111
vt 0.073332 0.225489
vt 0.072256 0.210032
vt 0.092105 0.169253
vt 0.092030 0.168121
vt 0.914872 0.016783
vt 0.915685 0.015398
vt 0.923168 0.015070
vt 0.567620 0.958439
vt 0.590299 0.953824
vt 0.023246 0.518694
vt 0.055108 0.876043
vt 0.053545 0.883490
vt 0.041490 0.880878
vt 0.311904 0.899387
vt 0.319050 0.898083
vt 0.314246 0.893049
vt 0.805804 0.377531
vt 0.317514 0.894685
vt 0.317987 0.893122
vt 0.317934 0.893606
vt 0.802541 0.380504
vt 0.799788 0.383502
vt 0.824613 0.733969
vt 0.276715 0.120864
vt 0.924291 0.024909
vt 0.980543 0.783455
vt 0.565700 0.956573
vt 0.812453 0.893171
vt 0.662054 0.537019
vt 0.866757 0.929148
vt 0.044768 0.557057
vt 0.053816 0.549032
vt 0.052094 0.554033
vt 0.875327 0.920616
vt 0.051241 0.871795
vt 0.047067 0.858263
vt 0.527919 0.370392
vt 0.440946 0.040012
vt 0.455242 0.021998
vt 0.445038 0.056807
vt 0.367256 0.096731
vt 0.294319 0.838130
vt 0.218422 0.865281
vt 0.534425 0.830840
vt 0.548363 0.818708
vt 0.913158 0.025687
vt 0.925770 0.025248
vt 0.967697 0.780943
vt 0.563293 0.953993
vt 0.862484 0.929972
vt 0.893222 0.947381
vt 0.768421 0.357315
vt 0.354815 0.893955
vt 0.677304 0.494848
vt 0.229160 0.623737
vt 0.412156 0.024414
vt 0.428646 0.044867
vt 0.248043 0.655027
vt 0.301469 0.600065
vt 0.227673 0.289346
vt 0.232910 0.262506
vt 0.055244 0.551415
vt 0.057861 0.564931
vt 0.052647 0.578583
vt 0.145456 0.064245
vt 0.582366 0.490071
vt 0.436466 0.047854
vt 0.436797 0.157322
vt 0.693950 0.162852
vt 0.249903 0.812017
vt 0.265101 0.792381
vt 0.140471 0.021536
vt 0.634848 0.639523
vt 0.079594 0.329740
vt 0.180118 0.297363
vt 0.073140 0.105759
vt 0.431217 0.053582
vt 0.297929 0.802153
vt 0.195353 0.836368
vt 0.580311 0.974290
vt 0.596535 0.955042
vt 0.116859 0.040131
vt 0.115320 0.044369
vt 0.943693 0.540893
vt 0.553239 0.919430
vt 0.549707 0.916548
vt 0.551193 0.915519
vt 0.559613 0.916315
vt 0.556408 0.915782
vt 0.730505 0.114097
vt 0.115510 0.346965
vt 0.135521 0.315727
vt 0.474753 0.331577
vt 0.979514 0.816723
vt 0.648150 0.543547
vt 0.453253 0.418400
vt 0.463576 0.432137
vt 0.507832 0.366458
vt 0.474983 0.363390
vt 0.099240 0.350862
vt 0.499325 0.271330
vt 0.473914 0.319364
vt 0.553576 0.915965
vt 0.515666 0.171433
vt 0.561059 0.188655
vt 0.558286 0.190938
vt 0.560368 0.197513
vt 0.174214 0.316062
vt 0.539653 0.262595
vt 0.471183 0.300672
vt 0.561177 0.193290
vt 0.559641 0.190722
vt 0.598695 0.961349
vt 0.617038 0.950691
vt 0.610732 0.973211
vt 0.787195 0.876813
vt 0.826199 0.213220
vt 0.805493 0.202169
vt 0.669573 0.485507
vt 0.514270 0.437947
vt 0.063669 0.859895
vt 0.063063 0.856115
vt 0.039606 0.841563
vt 0.250780 0.887088
vt 0.440585 0.033873
vt 0.438381 0.024560
vt 0.080242 0.991776
vt 0.211579 0.614047
vt 0.407787 0.195346
vt 0.382399 0.194461
vt 0.371005 0.168102
vt 0.739089 0.020957
vt 0.768118 0.027243
vt 0.748410 0.036746
vt 0.458433 0.372022
vt 0.820334 0.760874
vt 0.509349 0.341959
vt 0.532829 0.371535
vt 0.560778 0.185516
vt 0.563848 0.187398
vt 0.518767 0.169365
vt 0.038656 0.611801
vt 0.057029 0.585365
vt 0.805855 0.947192
vt 0.797447 0.910623
vt 0.808497 0.949139
vt 0.033543 0.579922
vt 0.034112 0.612098
vt 0.362631 0.062012
vt 0.564482 0.182550
vt 0.560919 0.184118
vt 0.747033 0.077775
vt 0.468195 0.821378
vt 0.618806 0.976094
vt 0.622895 0.949583
vt 0.074962 0.046020
vt 0.063948 0.862625
vt 0.527625 0.532493
vt 0.545503 0.519434
vt 0.567857 0.178136
vt 0.458887 0.147897
vt 0.504982 0.164826
vt 0.764186 0.881839
vt 0.773870 0.857415
vt 0.659666 0.506276
vt 0.131491 0.343986
vt 0.574952 0.574088
vt 0.223488 0.805798
vt 0.568233 0.891979
vt 0.686305 0.042184
vt 0.705235 0.066502
vt 0.690163 0.074175
vt 0.965641 0.973912
vt 0.958376 0.993480
vt 0.951478 0.966416
vt 0.946062 0.974253
vt 0.687656 0.071723
vt 0.678520 0.076759
vt 0.660011 0.979023
vt 0.642034 0.975240
vt 0.652809 0.968106
vt 0.977515 0.970675
vt 0.663884 0.053943
vt 0.926981 0.956117
vt 0.942478 0.974008
vt 0.717133 0.066227
vt 0.630951 0.970634
vt 0.637694 0.949831
vt 0.933022 0.976203
vt 0.662621 0.944542
vt 0.693735 0.031550
vt 0.702758 0.032267
vt 0.638282 0.056463
vt 0.656955 0.030580
vt 0.804470 0.910691
vt 0.033564 0.553492
vt 0.816626 0.949118
vt 0.831955 0.965217
vt 0.853781 0.959685
vt 0.543203 0.499851
vt 0.542781 0.499172
vt 0.541118 0.497838
vt 0.542317 0.500804
vt 0.542857 0.499914
vt 0.325252 0.062881
vt 0.733173 0.166183
vt 0.582009 0.038243
vt 0.569944 0.019665
vt 0.593601 0.030840
vt 0.729518 0.074868
vt 0.727005 0.046069
vt 0.714932 0.027859
vt 0.181948 0.123653
vt 0.972376 0.528793
vt 0.971766 0.562957
vt 0.965431 0.546452
vt 0.970028 0.507644
vt 0.965683 0.489040
vt 0.988455 0.509657
vt 0.693134 0.940404
vt 0.708500 0.915497
vt 0.705832 0.946187
vt 0.381252 0.155735
vt 0.752655 0.056517
vt 0.743930 0.072541
vt 0.568051 0.030111
vt 0.568060 0.011597
vt 0.048805 0.678611
vt 0.062319 0.632708
vt 0.058704 0.656250
vt 0.064218 0.656959
vt 0.064323 0.693316
vt 0.042269 0.694125
vt 0.412449 0.227071
vt 0.503996 0.242005
vt 0.435682 0.237517
vt 0.235767 0.887629
vt 0.465902 0.269557
vt 0.339869 0.814466
vt 0.567060 0.826151
vt 0.527784 0.849661
vt 0.163341 0.335355
vt 0.813529 0.957996
vt 0.278480 0.093363
vt 0.394468 0.937064
vt 0.370627 0.918794
vt 0.395268 0.927399
vt 0.052923 0.987038
vt 0.033741 0.983619
vt 0.067768 0.951220
vt 0.043766 0.954881
vt 0.219347 0.300810
vt 0.504505 0.569519
vt 0.438173 0.302563
vt 0.462963 0.842201
vt 0.505962 0.847390
vt 0.083030 0.965045
vt 0.073898 0.995000
vt 0.797449 0.972393
vt 0.871802 0.622221
vt 0.893818 0.588796
vt 0.912600 0.601697
vt 0.553093 0.041675
vt 0.552816 0.847768
vt 0.652696 0.531211
vt 0.655968 0.523418
vt 0.637797 0.502880
vt 0.894207 0.033578
vt 0.876581 0.030191
vt 0.876652 0.027470
vt 0.839938 0.025804
vt 0.860345 0.036538
vt 0.840078 0.031402
vt 0.440162 0.414896
vt 0.831489 0.006426
vt 0.872433 0.023408
vt 0.868493 0.016158
vt 0.872384 0.023618
vt 0.398508 0.025247
vt 0.401356 0.044341
vt 0.394031 0.031684
vt 0.839641 0.025492
vt 0.839638 0.025646
vt 0.872468 0.023953
vt 0.867138 0.048229
vt 0.872525 0.024588
vt 0.872214 0.023738
vt 0.392919 0.021238
vt 0.393104 0.021018
vt 0.018003 0.752892
vt 0.024158 0.766268
vt 0.017786 0.755274
vt 0.868251 0.015056
vt 0.643724 0.532625
vt 0.643351 0.532958
vt 0.017481 0.755475
vt 0.033791 0.740787
vt 0.393169 0.020648
vt 0.401402 0.010934
vt 0.839972 0.035714
vt 0.829424 0.041340
vt 0.005230 0.749971
vt 0.017239 0.755608
vt 0.057005 0.944770
vt 0.450191 0.433549
vt 0.048523 0.929652
vt 0.415650 0.427268
vt 0.407016 0.438893
vt 0.433015 0.442424
vt 0.891362 0.625189
vt 0.792866 0.773874
vt 0.575871 0.156723
vt 0.053810 0.928565
vt 0.064040 0.586240
vt 0.492285 0.250066
vt 0.444459 0.321547
vt 0.242834 0.773734
vt 0.067334 0.084544
vt 0.065231 0.097703
vt 0.049695 0.100246
vt 0.653689 0.703028
vt 0.682022 0.694639
vt 0.693139 0.703683
vt 0.409920 0.235676
vt 0.381719 0.197280
vt 0.387783 0.198382
vt 0.079100 0.854409
vt 0.701059 0.954208
vt 0.442931 0.943909
vt 0.058755 0.091543
vt 0.791406 0.165075
vt 0.091871 0.971054
vt 0.358678 0.809504
vt 0.466868 0.858146
vt 0.524441 0.401170
vt 0.117791 0.372404
vt 0.202759 0.322360
vt 0.396859 0.125864
vt 0.373045 0.111921
vt 0.956584 0.522698
vt 0.536686 0.391668
vt 0.957941 0.527815
vt 0.343167 0.197397
vt 0.340152 0.177094
vt 0.515284 0.939051
vt 0.538909 0.952000
vt 0.512270 0.959209
vt 0.551237 0.853740
vt 0.431325 0.930259
vt 0.784259 0.900109
vt 0.424424 0.264838
vt 0.872430 0.474217
vt 0.887141 0.470512
vt 0.779963 0.173907
vt 0.254740 0.290015
vt 0.959621 0.008171
vt 0.994428 0.006557
vt 0.988707 0.018163
vt 0.225290 0.900844
vt 0.469928 0.524915
vt 0.474980 0.494326
vt 0.053514 0.092550
vt 0.500414 0.947867
vt 0.020918 0.080588
vt 0.018727 0.057448
vt 0.034587 0.066479
vt 0.496034 0.964883
vt 0.479832 0.947306
vt 0.475144 0.955182
vt 0.024372 0.081314
vt 0.028946 0.094947
vt 0.042425 0.080968
vt 0.534530 0.967372
vt 0.525080 0.957264
vt 0.966623 0.232565
vt 0.987947 0.229093
vt 0.982570 0.248988
vt 0.781859 0.194364
vt 0.701618 0.656957
vt 0.714724 0.675274
vt 0.960542 0.025253
vt 0.975358 0.489889
vt 0.973274 0.490672
vt 0.969548 0.488058
vt 0.467625 0.023352
vt 0.467400 0.025684
vt 0.465627 0.024951
vt 0.976271 0.491412
vt 0.466424 0.023682
vt 0.466085 0.023177
vt 0.465596 0.018477
vt 0.666061 0.021042
vt 0.658712 0.028272
vt 0.658368 0.015489
vt 0.463969 0.028533
vt 0.478578 0.035161
vt 0.467405 0.040190
vt 0.467969 0.046328
vt 0.445186 0.624169
vt 0.448229 0.615027
vt 0.450359 0.611223
vt 0.886900 0.047513
vt 0.876785 0.042102
vt 0.885189 0.037104
vt 0.438357 0.626306
vt 0.309007 0.032979
vt 0.302746 0.026315
vt 0.311317 0.030013
vt 0.437049 0.615063
vt 0.918925 0.958923
vt 0.921404 0.949830
vt 0.924769 0.947473
vt 0.297017 0.029305
vt 0.296840 0.031183
vt 0.918663 0.937609
vt 0.297198 0.033358
vt 0.292897 0.032403
vt 0.282792 0.030510
vt 0.287191 0.021790
vt 0.292533 0.020528
vt 0.293475 0.013944
vt 0.300843 0.023561
vt 0.455616 0.627071
vt 0.448528 0.628408
vt 0.462905 0.039572
vt 0.458794 0.048761
vt 0.458563 0.053737
vt 0.465917 0.622408
vt 0.441667 0.635039
vt 0.877894 0.051253
vt 0.888866 0.036095
vt 0.872477 0.045621
vt 0.289368 0.011905
vt 0.892382 0.036836
vt 0.894218 0.054317
vt 0.901616 0.046158
vt 0.898209 0.035637
vt 0.600403 0.985592
vt 0.587391 0.977706
vt 0.590408 0.967236
vt 0.609590 0.981531
vt 0.596072 0.963619
vt 0.608068 0.976582
vt 0.590611 0.994489
vt 0.585332 0.984905
vt 0.596618 0.007110
vt 0.598445 0.019946
vt 0.595235 0.012559
vt 0.484212 0.605213
vt 0.601655 0.008557
vt 0.443833 0.631636
vt 0.912870 0.054148
vt 0.908792 0.061110
vt 0.905156 0.054483
vt 0.913749 0.057788
vt 0.477476 0.629595
vt 0.615526 0.008240
vt 0.604976 0.011884
vt 0.912734 0.045328
vt 0.911799 0.049622
vt 0.614646 0.021571
vt 0.672020 0.019915
vt 0.666754 0.026913
vt 0.622880 0.984355
vt 0.474032 0.028943
vt 0.027001 0.984869
vt 0.028093 0.983744
vt 0.034807 0.994889
vt 0.035684 0.989192
vt 0.595798 0.033647
vt 0.628934 0.986678
vt 0.470791 0.018051
vt 0.471657 0.011507
vt 0.024489 0.993265
vt 0.023611 0.993379
vt 0.667260 0.027513
vt 0.036682 0.989254
vt 0.046443 0.989547
vt 0.036654 0.989628
vt 0.030205 0.993394
vt 0.973673 0.614408
vt 0.985316 0.610836
vt 0.992540 0.619171
vt 0.474907 0.028405
vt 0.024565 0.993861
vt 0.916397 0.062191
vt 0.471834 0.026247
vt 0.992155 0.608372
vt 0.991467 0.613538
vt 0.472129 0.020927
vt 0.472414 0.020141
vt 0.977930 0.489406
vt 0.481412 0.025568
vt 0.473670 0.021758
vt 0.982498 0.487153
vt 0.982169 0.495259
vt 0.976945 0.494556
vt 0.980584 0.606764
vt 0.972020 0.608581
vt 0.975911 0.606768
vt 0.980194 0.624619
vt 0.977007 0.619829
vt 0.984035 0.622306
vt 0.984654 0.626955
vt 0.991317 0.626850
vt 0.475380 0.023869
vt 0.489661 0.631761
vt 0.483917 0.628672
vt 0.482392 0.619414
vt 0.420820 0.592583
vt 0.498592 0.636434
vt 0.499980 0.613858
vt 0.429041 0.564526
vt 0.458848 0.561744
vt 0.017618 0.092789
vt 0.323554 0.792572
vt 0.140767 0.358905
vt 0.368963 0.036854
vt 0.391848 0.325068
vt 0.538607 0.932163
vt 0.802547 0.488830
vt 0.842662 0.472988
vt 0.833360 0.506310
vt 0.396262 0.224566
vt 0.376416 0.217991
vt 0.279096 0.062080
vt 0.859403 0.487773
vt 0.867792 0.474250
vt 0.234880 0.754746
vt 0.262718 0.752624
vt 0.181146 0.833524
vt 0.064013 0.061660
vt 0.678783 0.967446
vt 0.696338 0.965306
vt 0.520045 0.142679
vt 0.031333 0.535001
vt 0.035744 0.550682
vt 0.017573 0.519605
vt 0.019615 0.548716
vt 0.101538 0.039394
vt 0.095261 0.019386
vt 0.114236 0.024395
vt 0.008500 0.535807
vt 0.005069 0.536095
vt 0.005409 0.555921
vt 0.037455 0.534170
vt 0.033781 0.534521
vt 0.250968 0.726284
vt 0.391265 0.830765
vt 0.425358 0.821244
vt 0.404096 0.859536
vt 0.383758 0.908001
vt 0.404792 0.919590
vt 0.737737 0.670699
vt 0.736188 0.656669
vt 0.204254 0.302079
vt 0.202571 0.304771
vt 0.451607 0.060353
vt 0.457392 0.069284
vt 0.437827 0.061463
vt 0.037581 0.093845
vt 0.048207 0.078162
vt 0.118805 0.026990
vt 0.116761 0.023878
vt 0.879485 0.503615
vt 0.539184 0.878877
vt 0.202040 0.304973
vt 0.203643 0.304711
vt 0.627601 0.042346
vt 0.595674 0.037197
vt 0.616610 0.028916
vt 0.985880 0.029866
vt 0.620170 0.026138
vt 0.429771 0.057453
vt 0.618767 0.016754
vt 0.625847 0.013931
vt 0.912132 0.634395
vt 0.041440 0.071963
vt 0.974355 0.216850
vt 0.203079 0.305142
vt 0.434004 0.272809
vt 0.094538 0.099551
vt 0.609152 0.347348
vt 0.671221 0.326284
vt 0.666339 0.357030
vt 0.282906 0.731153
vt 0.828153 0.519286
vt 0.792724 0.502641
vt 0.993029 0.043211
vt 0.993027 0.039412
vt 0.717416 0.916056
vt 0.705782 0.884570
vt 0.763947 0.908549
vt 0.757816 0.894860
vt 0.674891 0.728499
vt 0.387567 0.159307
vt 0.408452 0.141613
vt 0.422973 0.063717
vt 0.900146 0.662572
vt 0.689353 0.969486
vt 0.699064 0.969136
vt 0.595366 0.379883
vt 0.544225 0.332827
vt 0.336605 0.153428
vt 0.908785 0.490407
vt 0.910388 0.479693
vt 0.799409 0.127590
vt 0.769181 0.166369
vt 0.764246 0.217695
vt 0.745085 0.220450
vt 0.551520 0.414598
vt 0.243044 0.930346
vt 0.366442 0.136923
vt 0.338136 0.133899
vt 0.137465 0.019426
vt 0.839213 0.496653
vt 0.864667 0.513394
vt 0.885309 0.496385
vt 0.712123 0.985590
vt 0.777284 0.905973
vt 0.193519 0.353834
vt 0.699776 0.967206
vt 0.894876 0.493801
vt 0.900853 0.489730
vt 0.968135 0.249794
vt 0.713078 0.977530
vt 0.714172 0.972884
vt 0.706313 0.972793
vt 0.703158 0.966596
vt 0.234384 0.042550
vt 0.237635 0.045101
vt 0.231130 0.047369
vt 0.708973 0.908462
vt 0.713083 0.910261
vt 0.710374 0.913204
vt 0.231775 0.040726
vt 0.227337 0.044057
vt 0.228002 0.014414
vt 0.689992 0.992091
vt 0.690133 0.987568
vt 0.695576 0.992960
vt 0.711391 0.709625
vt 0.892513 0.009539
vt 0.889292 0.013237
vt 0.890258 0.008462
vt 0.230410 0.044917
vt 0.326648 0.161827
vt 0.159114 0.006539
vt 0.988958 0.264451
vt 0.960086 0.266531
vt 0.811124 0.037241
vt 0.782761 0.045722
vt 0.779913 0.042468
vt 0.733140 0.692132
vt 0.273794 0.035044
vt 0.390131 0.849305
vt 0.502765 0.881200
vt 0.779817 0.685709
vt 0.536192 0.013024
vt 0.543688 0.015593
vt 0.545918 0.036369
vt 0.160952 0.010460
vt 0.306977 0.746577
vt 0.353465 0.833826
vt 0.444216 0.919121
vt 0.366460 0.070903
vt 0.413786 0.046374
vt 0.189972 0.891429
vt 0.133793 0.430986
vt 0.162469 0.441394
vt 0.154073 0.444967
vt 0.530988 0.005390
vt 0.535087 0.011712
vt 0.534893 0.012219
vt 0.525196 0.022784
vt 0.535403 0.012649
vt 0.535778 0.011812
vt 0.154015 0.445969
vt 0.153082 0.446343
vt 0.901786 0.033296
vt 0.889941 0.028338
vt 0.887323 0.024770
vt 0.242782 0.700855
vt 0.405818 0.888198
vt 0.862179 0.137964
vt 0.856992 0.127348
vt 0.834546 0.125512
vt 0.047930 0.197308
vt 0.071032 0.225186
vt 0.025056 0.199502
vt 0.417297 0.293772
vt 0.040453 0.222575
vt 0.034758 0.238187
vt 0.027019 0.219774
vt 0.034141 0.234122
vt 0.120228 0.443676
vt 0.152808 0.447224
vt 0.145431 0.461569
vt 0.162080 0.447184
vt 0.897990 0.009244
vt 0.900221 0.011048
vt 0.894851 0.011327
vt 0.894678 0.019355
vt 0.678004 0.016782
vt 0.674789 0.007977
vt 0.680144 0.011667
vt 0.689841 0.971901
vt 0.820749 0.088097
vt 0.788915 0.084428
vt 0.787125 0.082288
vt 0.055144 0.640385
vt 0.054969 0.645601
vt 0.053047 0.632699
vt 0.521559 0.888675
vt 0.879580 0.021232
vt 0.882881 0.019059
vt 0.966806 0.214338
vt 0.963671 0.214178
vt 0.051053 0.619649
vt 0.054405 0.619674
vt 0.052315 0.623322
vt 0.055161 0.635559
vt 0.359264 0.783032
vt 0.765492 0.966201
vt 0.762666 0.970534
vt 0.760152 0.966743
vt 0.229629 0.758257
vt 0.759087 0.989394
vt 0.717822 0.956644
vt 0.764895 0.952724
vt 0.228144 0.757658
vt 0.218117 0.749215
vt 0.806156 0.022761
vt 0.846679 0.121333
vt 0.439890 0.102726
vt 0.447303 0.116916
vt 0.431829 0.526958
vt 0.911685 0.694930
vt 0.897693 0.682377
vt 0.409595 0.299459
vt 0.024549 0.248586
vt 0.052332 0.640189
vt 0.789520 0.115413
vt 0.749923 0.116321
vt 0.765969 0.094401
vt 0.784749 0.952193
vt 0.760751 0.704454
vt 0.409397 0.484147
vt 0.864618 0.651285
vt 0.886603 0.016553
vt 0.969952 0.209645
vt 0.165129 0.006834
vt 0.053389 0.250845
vt 0.053385 0.253981
vt 0.051248 0.252112
vt 0.405544 0.892049
vt 0.779307 0.510990
vt 0.820154 0.546899
vt 0.437559 0.135545
vt 0.207606 0.899946
vt 0.194131 0.913197
vt 0.611094 0.382714
vt 0.761738 0.078128
vt 0.758628 0.071773
vt 0.755239 0.040098
vt 0.036185 0.250917
vt 0.334594 0.734853
vt 0.300962 0.727153
vt 0.202781 0.372770
vt 0.222682 0.924138
vt 0.890127 0.015638
vt 0.304516 0.144794
vt 0.308822 0.132732
vt 0.061431 0.618366
vt 0.774768 0.080140
vt 0.774817 0.083181
vt 0.050436 0.617460
vt 0.047163 0.616312
vt 0.051303 0.599145
vt 0.962262 0.195744
vt 0.766959 0.079720
vt 0.749393 0.103285
vt 0.047703 0.663110
vt 0.423725 0.899175
vt 0.785997 0.125313
vt 0.060949 0.628689
vt 0.058512 0.621783
vt 0.058356 0.626915
vt 0.767159 0.079120
vt 0.771346 0.080002
vt 0.846753 0.125164
vt 0.824758 0.124307
vt 0.552447 0.455256
vt 0.739460 0.726518
vt 0.784146 0.558745
vt 0.765521 0.568566
vt 0.039705 0.182149
vt 0.131895 0.502905
vt 0.854076 0.123611
vt 0.062682 0.268037
vt 0.052515 0.263785
vt 0.049745 0.258088
vt 0.129347 0.552353
vt 0.715459 0.919290
vt 0.659998 0.393896
vt 0.931121 0.356902
vt 0.938685 0.348456
vt 0.960614 0.354437
vt 0.973995 0.340461
vt 0.975491 0.337988
vt 0.984387 0.346113
vt 0.776196 0.039625
vt 0.718475 0.205896
vt 0.910941 0.696427
vt 0.711525 0.946767
vt 0.726961 0.322600
vt 0.702087 0.343758
vt 0.698985 0.318610
vt 0.706404 0.727067
vt 0.066510 0.263674
vt 0.397406 0.047624
vt 0.398018 0.046432
vt 0.066510 0.230327
vt 0.081112 0.236163
vt 0.078659 0.238305
vt 0.194795 0.901233
vt 0.208144 0.928766
vt 0.682748 0.011150
vt 0.683147 0.008335
vt 0.698187 0.028775
vt 0.776036 0.037146
vt 0.581432 0.402175
vt 0.586309 0.416763
vt 0.564836 0.447907
vt 0.395576 0.047934
vt 0.103081 0.488529
vt 0.079549 0.528610
vt 0.671243 0.028670
vt 0.068505 0.276483
vt 0.104898 0.239857
vt 0.418973 0.042394
vt 0.066892 0.264985
vt 0.131820 0.171014
vt 0.179110 0.189484
vt 0.128614 0.178259
vt 0.410890 0.172956
vt 0.429752 0.168256
vt 0.916425 0.977829
vt 0.855931 0.959119
vt 0.872605 0.954847
vt 0.118617 0.160598
vt 0.130952 0.171197
vt 0.125367 0.168810
vt 0.085139 0.237438
vt 0.115484 0.230976
vt 0.082548 0.234944
vt 0.463365 0.870205
vt 0.495630 0.892064
vt 0.784323 0.017063
vt 0.395789 0.043716
vt 0.395892 0.041786
vt 0.439933 0.896605
vt 0.466292 0.888350
vt 0.736400 0.166563
vt 0.759399 0.151904
vt 0.870621 0.949445
vt 0.879683 0.691692
vt 0.112230 0.859774
vt 0.153464 0.913257
vt 0.115077 0.890548
vt 0.367723 0.790921
vt 0.779807 0.131963
vt 0.795750 0.653092
vt 0.818651 0.618786
vt 0.851796 0.626860
vt 0.228629 0.053943
vt 0.184306 0.072862
vt 0.207566 0.039796
vt 0.358885 0.536534
vt 0.916247 0.710003
vt 0.603139 0.408316
vt 0.653786 0.418626
vt 0.833939 0.558927
vt 0.849806 0.573475
vt 0.820573 0.549782
vt 0.070752 0.246002
vt 0.029406 0.460404
vt 0.030680 0.446105
vt 0.029945 0.461205
vt 0.035787 0.482741
vt 0.020076 0.463420
vt 0.062184 0.250024
vt 0.063338 0.250470
vt 0.017749 0.461238
vt 0.018572 0.462536
vt 0.597794 0.442479
vt 0.815727 0.567416
vt 0.840580 0.570949
vt 0.799207 0.353559
vt 0.790636 0.352105
vt 0.783526 0.286689
vt 0.810130 0.352526
vt 0.034914 0.459921
vt 0.390957 0.034935
vt 0.048702 0.314609
vt 0.071564 0.473432
vt 0.720989 0.949301
vt 0.771957 0.943101
vt 0.307206 0.125206
vt 0.835981 0.657813
vt 0.701359 0.392318
vt 0.720092 0.372045
vt 0.261212 0.069312
vt 0.242829 0.055915
vt 0.276161 0.076874
vt 0.249266 0.045077
vt 0.811262 0.248068
vt 0.785794 0.285752
vt 0.767882 0.258902
vt 0.793617 0.218728
vt 0.818240 0.212342
vt 0.803874 0.306346
vt 0.419693 0.181668
vt 0.778966 0.346419
vt 0.770100 0.315272
vt 0.777520 0.305892
vt 0.751157 0.312409
vt 0.412536 0.205426
vt 0.132486 0.195430
vt 0.890546 0.701681
vt 0.800307 0.100377
vt 0.547231 0.930339
vt 0.504169 0.924098
vt 0.241104 0.034970
vt 0.759492 0.719037
vt 0.759306 0.718898
vt 0.785985 0.572243
vt 0.762644 0.280104
vt 0.891988 0.951110
vt 0.034961 0.447597
vt 0.035368 0.448390
vt 0.767929 0.934134
vt 0.686160 0.426215
vt 0.709082 0.441267
vt 0.684131 0.461889
vt 0.762765 0.728408
vt 0.759830 0.719045
vt 0.759644 0.718766
vt 0.601067 0.285731
vt 0.081956 0.311539
vt 0.047722 0.315645
vt 0.389905 0.887151
vt 0.276042 0.071881
vt 0.273960 0.065389
vt 0.738520 0.303309
vt 0.747004 0.314459
vt 0.840141 0.581306
vt 0.177250 0.064327
vt 0.167931 0.045139
vt 0.184358 0.051776
vt 0.748388 0.308893
vt 0.320480 0.200829
vt 0.366123 0.210634
vt 0.349520 0.214302
vt 0.772316 0.218432
vt 0.762265 0.250856
vt 0.629076 0.283369
vt 0.087391 0.431143
vt 0.107245 0.096778
vt 0.157486 0.071412
vt 0.157832 0.073932
vt 0.771842 0.939388
vt 0.741790 0.377105
vt 0.616695 0.431792
vt 0.061743 0.777109
vt 0.056764 0.768584
vt 0.075119 0.747113
vt 0.951051 0.423152
vt 0.973674 0.366446
vt 0.780993 0.118173
vt 0.748993 0.122675
vt 0.301544 0.125850
vt 0.666066 0.441284
vt 0.184957 0.223496
vt 0.227229 0.214407
vt 0.200074 0.229652
vt 0.201700 0.214771
vt 0.180662 0.202982
vt 0.140772 0.214143
vt 0.047909 0.318157
vt 0.174062 0.069640
vt 0.299774 0.127291
vt 0.300705 0.129093
vt 0.294937 0.129188
vt 0.815196 0.602262
vt 0.780158 0.652936
vt 0.231847 0.955721
vt 0.238607 0.959387
vt 0.238553 0.964635
vt 0.158264 0.904455
vt 0.186557 0.057535
vt 0.301714 0.128221
vt 0.677132 0.409920
vt 0.673107 0.414193
vt 0.981158 0.411244
vt 0.786316 0.697471
vt 0.038267 0.417848
vt 0.040149 0.417120
vt 0.047555 0.430544
vt 0.169488 0.228321
vt 0.808180 0.121807
vt 0.204015 0.235481
vt 0.202750 0.233902
vt 0.213332 0.232108
vt 0.043376 0.414729
vt 0.044727 0.413106
vt 0.006639 0.823003
vt 0.011497 0.821457
vt 0.011019 0.822897
vt 0.167484 0.097564
vt 0.176786 0.071334
vt 0.663164 0.401289
vt 0.240415 0.030290
vt 0.263076 0.033346
vt 0.264643 0.047256
vt 0.469093 0.911439
vt 0.041300 0.414976
vt 0.205917 0.236954
vt 0.915623 0.940730
vt 0.104303 0.414256
vt 0.175355 0.073506
vt 0.782774 0.949885
vt 0.168544 0.925397
vt 0.169965 0.913709
vt 0.170781 0.921124
vt 0.666028 0.400834
vt 0.293126 0.701974
vt 0.626564 0.422584
vt 0.059230 0.379877
vt 0.062319 0.420640
vt 0.059555 0.438834
vt 0.047901 0.411491
vt 0.780331 0.943308
vt 0.158620 0.927304
vt 0.155987 0.918369
vt 0.158148 0.920951
vt 0.182412 0.081948
vt 0.187989 0.081442
vt 0.190189 0.090774
vt 0.195555 0.098244
vt 0.147101 0.943459
vt 0.180145 0.082610
vt 0.167867 0.917020
vt 0.960492 0.255164
vt 0.953876 0.268647
vt 0.938927 0.244161
vt 0.327840 0.223123
vt 0.051574 0.410145
vt 0.011032 0.850299
vt 0.005000 0.822786
vt 0.224779 0.244106
vt 0.036149 0.324575
vt 0.141690 0.892430
vt 0.186998 0.076086
vt 0.658845 0.423105
vt 0.267886 0.201161
vt 0.269991 0.213304
vt 0.033534 0.719485
vt 0.268440 0.042480
vt 0.832763 0.676693
vt 0.839997 0.673039
vt 0.266805 0.976855
vt 0.270588 0.976255
vt 0.843276 0.671122
vt 0.199890 0.975940
vt 0.326287 0.715842
vt 0.009675 0.790063
vt 0.035657 0.789416
vt 0.037337 0.796517
vt 0.329750 0.705945
vt 0.028079 0.799238
vt 0.215892 0.976478
vt 0.043361 0.797619
vt 0.272185 0.693680
vt 0.845747 0.089660
vt 0.778616 0.118568
vt 0.158417 0.949779
vt 0.655487 0.668857
vt 0.673199 0.672653
vt 0.614822 0.694527
vt 0.767104 0.332298
vt 0.312499 0.212440
vt 0.343713 0.238996
vt 0.593228 0.263811
vt 0.092128 0.869498
vt 0.211668 0.943408
vt 0.674297 0.407888
vt 0.242674 0.006790
vt 0.476366 0.927141
vt 0.615847 0.459407
vt 0.753401 0.750349
vt 0.787994 0.597031
vt 0.577183 0.319851
vt 0.827381 0.677294
vt 0.335876 0.927275
vt 0.288967 0.236482
vt 0.746581 0.760441
vt 0.302660 0.253226
vt 0.320420 0.257604
vt 0.186451 0.806368
vt 0.114554 0.831258
vt 0.186568 0.779186
vt 0.705921 0.401321
vt 0.349602 0.260159
vt 0.776380 0.727592
vt 0.213531 0.774980
vt 0.596187 0.613633
vt 0.585218 0.625430
vt 0.567858 0.619277
vt 0.625059 0.265357
vt 0.099586 0.723333
vt 0.050612 0.687394
vt 0.756565 0.649861
vt 0.166433 0.439359
vt 0.188411 0.431056
vt 0.150989 0.512320
vt 0.750804 0.411246
vt 0.739688 0.435639
vt 0.575557 0.263470
vt 0.572929 0.242322
vt 0.622846 0.629706
vt 0.273976 0.025274
vt 0.278943 0.032277
vt 0.365291 0.252973
vt 0.823222 0.689770
vt 0.819266 0.691368
vt 0.820898 0.687719
vt 0.973436 0.598821
vt 0.967337 0.608587
vt 0.965596 0.607093
vt 0.966387 0.608211
vt 0.809581 0.694306
vt 0.925029 0.601974
vt 0.959440 0.604610
vt 0.276285 0.019318
vt 0.272789 0.014527
vt 0.278364 0.019403
vt 0.984656 0.576694
vt 0.293517 0.691586
vt 0.922534 0.227343
vt 0.924600 0.210713
vt 0.691839 0.241036
vt 0.076259 0.843265
vt 0.092093 0.787082
vt 0.117287 0.750329
vt 0.070722 0.402551
vt 0.069023 0.334942
vt 0.095610 0.402436
vt 0.984973 0.646012
vt 0.038484 0.433838
vt 0.028227 0.436168
vt 0.026856 0.431655
vt 0.839155 0.120642
vt 0.705718 0.254780
vt 0.594472 0.652110
vt 0.618635 0.669568
vt 0.017637 0.424594
vt 0.017555 0.435917
vt 0.279615 0.005016
vt 0.285165 0.667154
vt 0.903477 0.226666
vt 0.202736 0.970333
vt 0.693423 0.425651
vt 0.959421 0.185617
vt 0.032047 0.257419
vt 0.044925 0.256239
vt 0.039542 0.263251
vt 0.643301 0.271537
vt 0.183209 0.401537
vt 0.216013 0.417088
vt 0.264347 0.672871
vt 0.470041 0.963556
vt 0.501539 0.968477
vt 0.504139 0.971750
vt 0.502554 0.975284
vt 0.509356 0.974067
vt 0.506901 0.976639
vt 0.901460 0.225245
vt 0.331603 0.258955
vt 0.782685 0.680636
vt 0.486990 0.983254
vt 0.521989 0.962076
vt 0.066464 0.285632
vt 0.025112 0.285310
vt 0.047373 0.263414
vt 0.216018 0.742937
vt 0.937763 0.209043
vt 0.914774 0.246559
vt 0.765903 0.416000
vt 0.595844 0.470968
vt 0.153869 0.392180
vt 0.501414 0.986520
vt 0.727778 0.450612
vt 0.248542 0.224299
vt 0.139183 0.978818
vt 0.947961 0.187638
vt 0.651583 0.451985
vt 0.213590 0.396570
vt 0.939496 0.863657
vt 0.953953 0.830583
vt 0.953773 0.866234
vt 0.102338 0.746269
vt 0.941142 0.852613
vt 0.978515 0.828873
vt 0.978222 0.871241
vt 0.575112 0.665369
vt 0.099823 0.736973
vt 0.080943 0.746324
vt 0.227315 0.223438
vt 0.066753 0.426355
vt 0.598485 0.239760
vt 0.552320 0.221318
vt 0.151071 0.430636
vt 0.268477 0.257690
vt 0.152993 0.734596
vt 0.215453 0.187214
vt 0.586206 0.645486
vt 0.586323 0.645930
vt 0.586220 0.646010
vt 0.205409 0.375422
vt 0.585939 0.646330
vt 0.333155 0.447691
vt 0.367219 0.462585
vt 0.383129 0.498243
vt 0.739143 0.457065
vt 0.816742 0.759114
vt 0.744992 0.646666
vt 0.748001 0.653102
vt 0.756946 0.661063
vt 0.763339 0.670078
vt 0.823353 0.238356
vt 0.811656 0.265960
vt 0.816088 0.238408
vt 0.633322 0.452356
vt 0.642195 0.455813
vt 0.631543 0.472272
vt 0.621128 0.470353
vt 0.645812 0.470865
vt 0.673107 0.464780
vt 0.643186 0.474354
vt 0.698669 0.252399
vt 0.685996 0.269425
vt 0.673063 0.246688
vt 0.645125 0.456133
vt 0.765981 0.776966
vt 0.766130 0.776016
vt 0.770566 0.799323
vt 0.713583 0.013793
vt 0.711649 0.016263
vt 0.710562 0.015818
vt 0.646255 0.456391
vt 0.701896 0.020385
vt 0.705834 0.014184
vt 0.708507 0.013550
vt 0.710983 0.019835
vt 0.712711 0.018470
vt 0.712105 0.045730
vt 0.762492 0.785465
vt 0.660459 0.251043
vt 0.215587 0.711859
vt 0.208999 0.694397
vt 0.221510 0.681510
vt 0.616141 0.704331
vt 0.598490 0.700455
vt 0.621166 0.709218
vt 0.294996 0.634276
vt 0.386213 0.496344
vt 0.401000 0.484073
vt 0.405247 0.454048
vt 0.512877 0.442474
vt 0.239504 0.692544
vt 0.171654 0.689348
vt 0.530865 0.664609
vt 0.478989 0.645617
vt 0.544598 0.626818
vt 0.613698 0.711149
vt 0.610588 0.712603
vt 0.596253 0.708979
vt 0.737367 0.654185
vt 0.623057 0.704801
vt 0.231603 0.257973
vt 0.634583 0.445998
vt 0.898766 0.266964
vt 0.882513 0.258519
vt 0.916813 0.248753
vt 0.608853 0.706246
vt 0.133938 0.425878
vt 0.138164 0.424014
vt 0.372076 0.497104
vt 0.851865 0.253723
vt 0.859277 0.252145
vt 0.859832 0.264357
vt 0.610378 0.719803
vt 0.608634 0.712126
vt 0.861289 0.224185
vt 0.817315 0.273629
vt 0.846474 0.291237
vt 0.955525 0.899530
vt 0.828923 0.247674
vt 0.766864 0.401017
vt 0.638628 0.477119
vt 0.645836 0.488427
vt 0.552740 0.669479
vt 0.989975 0.361245
vt 0.983679 0.358535
vt 0.992109 0.331450
vt 0.993394 0.403158
vt 0.986199 0.402620
vt 0.576782 0.688916
vt 0.175730 0.374887
vt 0.923570 0.274076
vt 0.249159 0.400091
vt 0.897555 0.892653
vt 0.917324 0.900016
vt 0.888539 0.909964
vt 0.367068 0.502343
vt 0.987411 0.361599
vt 0.960830 0.908464
vt 0.264420 0.277381
vt 0.939434 0.275039
vt 0.320685 0.382056
vt 0.315119 0.408047
vt 0.301251 0.391067
vt 0.326516 0.566368
vt 0.362817 0.498694
vt 0.623172 0.496768
vt 0.673055 0.282219
vt 0.157025 0.711148
vt 0.415882 0.632228
vt 0.883148 0.303018
vt 0.873171 0.291325
vt 0.287516 0.331262
vt 0.312682 0.276381
vt 0.901416 0.298321
vt 0.319302 0.310542
vt 0.368796 0.281475
vt 0.916183 0.304863
vt 0.120680 0.398773
vt 0.752790 0.460335
vt 0.267557 0.382448
vt 0.265330 0.395057
vt 0.653949 0.500376
vt 0.560982 0.697275
vt 0.296808 0.621598
vt 0.324256 0.621184
vt 0.327837 0.631414
vt 0.310613 0.593458
vt 0.816436 0.283609
vt 0.282183 0.276224
vt 0.260195 0.395561
vt 0.261216 0.394954
vt 0.261161 0.394785
vt 0.310192 0.322411
vt 0.251222 0.397585
vt 0.260382 0.395262
vt 0.214061 0.343128
vt 0.709177 0.787344
vt 0.860715 0.335418
vt 0.858028 0.349726
vt 0.841519 0.330543
vt 0.850441 0.291379
vt 0.936899 0.311436
vt 0.229715 0.649394
vt 0.154332 0.667772
vt 0.909742 0.862737
vt 0.932595 0.865787
vt 0.276712 0.303948
vt 0.170474 0.644372
vt 0.207500 0.620864
vt 0.200430 0.649559
vt 0.290149 0.369707
vt 0.523919 0.688321
vt 0.648138 0.834564
vt 0.105073 0.697582
vt 0.259468 0.364184
vt 0.318969 0.182572
vt 0.298419 0.170226
vt 0.327686 0.168126
vt 0.815848 0.316134
vt 0.937237 0.893035
vt 0.046571 0.834072
vt 0.072782 0.818802
vt 0.074143 0.849286
vt 0.135642 0.382852
vt 0.294384 0.304100
vt 0.704463 0.730982
vt 0.294239 0.149922
vt 0.075012 0.803913
vt 0.297461 0.613027
vt 0.852398 0.575857
vt 0.871322 0.536562
vt 0.880207 0.550207
vt 0.871487 0.326519
vt 0.145386 0.611034
vt 0.945390 0.817422
vt 0.946958 0.788880
vt 0.973308 0.810691
vt 0.252251 0.340614
vt 0.923092 0.829876
vt 0.102743 0.390204
vt 0.279745 0.349215
vt 0.141854 0.681809
vt 0.328760 0.643767
vt 0.382144 0.658497
vt 0.258827 0.127519
vt 0.240838 0.955372
vt 0.267399 0.957241
vt 0.282705 0.979052
vt 0.938375 0.851367
vt 0.935976 0.833081
vt 0.022039 0.644779
vt 0.032114 0.663106
vt 0.019841 0.646814
vt 0.005149 0.665661
vt 0.012871 0.652182
vt 0.032871 0.635824
vt 0.029763 0.644087
vt 0.023813 0.634139
vt 0.963731 0.815488
vt 0.942200 0.835675
vt 0.964087 0.815460
vt 0.964434 0.815169
vt 0.964119 0.815378
vt 0.246016 0.155106
vt 0.267830 0.196258
vt 0.674981 0.835447
vt 0.586976 0.080188
vt 0.547326 0.130641
vt 0.548964 0.113790
vt 0.706493 0.226519
vt 0.909757 0.852529
vt 0.007365 0.573606
vt 0.007039 0.571253
vt 0.026162 0.572120
vt 0.025583 0.564214
vt 0.024376 0.570910
vt 0.624704 0.804207
vt 0.348669 0.665314
vt 0.024923 0.565263
vt 0.561010 0.127048
vt 0.597202 0.092266
vt 0.594156 0.138160
vt 0.888379 0.330454
vt 0.176141 0.589191
vt 0.031471 0.588976
vt 0.896146 0.554470
vt 0.849490 0.988538
vt 0.824879 0.971471
vt 0.850900 0.964063
vt 0.894291 0.338698
vt 0.241808 0.211605
vt 0.531813 0.978431
vt 0.557389 0.988127
vt 0.522317 0.993334
vt 0.063183 0.792108
vt 0.074887 0.791933
vt 0.040590 0.820259
vt 0.584527 0.888518
vt 0.553140 0.880204
vt 0.622444 0.839749
vt 0.518188 0.971403
vt 0.519416 0.969297
vt 0.515439 0.973838
vt 0.516906 0.973395
vt 0.866178 0.985962
vt 0.741806 0.798631
vt 0.730337 0.751476
vt 0.759717 0.788694
vt 0.528232 0.965774
vt 0.514726 0.987435
vt 0.904823 0.536055
vt 0.882588 0.518937
vt 0.830381 0.984983
vt 0.876842 0.518092
vt 0.131021 0.592503
vt 0.287987 0.197275
vt 0.281062 0.958705
vt 0.206402 0.172397
vt 0.116623 0.631021
vt 0.867894 0.988441
vt 0.811903 0.338381
vt 0.770926 0.399782
vt 0.764714 0.355802
vt 0.777477 0.388073
vt 0.715791 0.792448
vt 0.731676 0.783892
vt 0.293608 0.975599
vt 0.376554 0.687055
vt 0.444587 0.683494
vt 0.402548 0.670685
vt 0.732042 0.781336
vt 0.827906 0.986300
vt 0.733739 0.780640
vt 0.808505 0.405196
vt 0.506466 0.698776
vt 0.659363 0.853554
vt 0.105662 0.375914
vt 0.805455 0.298576
vt 0.909727 0.097547
vt 0.910446 0.107323
vt 0.889974 0.089994
vt 0.905587 0.348680
vt 0.936016 0.336832
vt 0.242037 0.128996
vt 0.056299 0.487621
vt 0.039376 0.487944
vt 0.047564 0.466726
vt 0.641510 0.861209
vt 0.582902 0.157823
vt 0.903911 0.063505
vt 0.935958 0.067620
vt 0.846144 0.084319
vt 0.830642 0.058676
vt 0.843627 0.059634
vt 0.682158 0.863072
vt 0.673823 0.865783
vt 0.157897 0.064767
vt 0.144282 0.024117
vt 0.161090 0.046686
vt 0.942293 0.755483
vt 0.912902 0.544622
vt 0.037613 0.458268
vt 0.939479 0.549170
vt 0.420548 0.699330
vt 0.259469 0.327933
vt 0.292201 0.953762
vt 0.342396 0.323805
vt 0.871751 0.357697
vt 0.875272 0.343550
vt 0.957337 0.757680
vt 0.619506 0.152213
vt 0.901346 0.517691
vt 0.036719 0.765514
vt 0.036753 0.772473
vt 0.020023 0.779807
vt 0.039621 0.774506
vt 0.025700 0.771623
vt 0.039576 0.774179
vt 0.047254 0.772947
vt 0.059541 0.779796
vt 0.051217 0.767627
vt 0.728859 0.822985
vt 0.064474 0.485802
vt 0.163736 0.032027
vt 0.472444 0.709203
vt 0.578528 0.844906
vt 0.754490 0.377751
vt 0.838155 0.040422
vt 0.824462 0.055485
vt 0.538253 0.122838
vt 0.166996 0.032813
vt 0.673930 0.898146
vt 0.700247 0.910799
vt 0.703013 0.890844
vt 0.685241 0.902889
vt 0.870817 0.338155
vt 0.036909 0.741765
vt 0.768279 0.431332
vt 0.818603 0.432237
vt 0.494713 0.727454
vt 0.864404 0.039040
vt 0.265541 0.317520
vt 0.916112 0.538640
vt 0.862665 0.339973
vt 0.524204 0.737653
vt 0.309725 0.953524
vt 0.871312 0.346372
vt 0.106082 0.599279
vt 0.194346 0.146041
vt 0.716017 0.881049
vt 0.737001 0.835262
vt 0.513673 0.134732
vt 0.174034 0.023048
vt 0.444436 0.709218
vt 0.030359 0.683429
vt 0.035985 0.708397
vt 0.019491 0.691498
vt 0.568319 0.848351
vt 0.560394 0.855694
vt 0.005538 0.686554
vt 0.025094 0.919887
vt 0.018669 0.876522
vt 0.615687 0.163819
vt 0.863186 0.109407
vt 0.872689 0.076353
vt 0.847911 0.095215
vt 0.041449 0.430279
vt 0.534146 0.122183
vt 0.602378 0.899386
vt 0.580040 0.910061
vt 0.600244 0.898333
vt 0.759677 0.832782
vt 0.578835 0.843080
vt 0.264995 0.324522
vt 0.967922 0.915861
vt 0.968131 0.899626
vt 0.969864 0.904369
vt 0.033817 0.913701
vt 0.035534 0.903319
vt 0.576253 0.921355
vt 0.572628 0.889689
vt 0.527486 0.121116
vt 0.818745 0.081680
vt 0.966410 0.914835
vt 0.037844 0.906229
vt 0.065749 0.363214
vt 0.049325 0.362943
vt 0.043137 0.348724
vt 0.017301 0.717496
vt 0.190305 0.058203
vt 0.193783 0.028042
vt 0.201793 0.034087
vt 0.599996 0.905226
vt 0.602819 0.883451
vt 0.597778 0.894271
vt 0.590424 0.929312
vt 0.066287 0.332761
vt 0.043870 0.336760
vt 0.615691 0.890213
vt 0.181716 0.027191
vt 0.181490 0.025548
vt 0.183573 0.025166
vt 0.794105 0.080358
vt 0.807414 0.051112
vt 0.177701 0.025341
vt 0.041748 0.427885
vt 0.191327 0.025820
vt 0.036715 0.902964
vt 0.041834 0.890013
vt 0.050384 0.887487
vt 0.040994 0.891246
vt 0.965000 0.931072
vt 0.038506 0.895553
vt 0.038134 0.902268
vt 0.206779 0.026023
vt 0.221201 0.021602
vt 0.985731 0.923233
vt 0.994877 0.941246
vt 0.976833 0.925943
vt 0.979560 0.948236
vt 0.975474 0.926137
vt 0.048119 0.325793
vt 0.039735 0.333807
vt 0.370808 0.960455
vt 0.417753 0.958750
vt 0.437329 0.963137
vt 0.784321 0.067529
vt 0.929140 0.953611
vt 0.958481 0.941097
vt 0.947684 0.960105
vt 0.048059 0.887257
vt 0.198332 0.026214
vt 0.196069 0.026252
vt 0.198294 0.025425
vt 0.037496 0.882741
vt 0.943731 0.029084
vt 0.911996 0.041460
vt 0.904449 0.027671
vt 0.622122 0.875185
vt 0.644641 0.875107
vt 0.695089 0.930261
vt 0.892563 0.058237
vt 0.849287 0.073796
vt 0.757564 0.456027
vt 0.638393 0.889893
vt 0.484475 0.733315
vt 0.882997 0.060371
vt 0.819235 0.450177
vt 0.369505 0.978832
vt 0.410768 0.969138
vt 0.410946 0.968740
vt 0.411003 0.968767
vt 0.411416 0.968538
vt 0.943227 0.032014
vt 0.887028 0.051998
vt 0.862121 0.062365
vt 0.851684 0.061853
vt 0.939563 0.037532
vt 0.017449 0.832294
vt 0.019829 0.826966
vt 0.024755 0.826627
vt 0.024177 0.826329
vt 0.044569 0.838974
vt 0.035788 0.836708
vt 0.039935 0.836624
vt 0.872515 0.056654
vt 0.439326 0.723217
vt 0.987825 0.968871
vt 0.950495 0.027621
vt 0.020272 0.824103
vt 0.020190 0.821998
vt 0.022136 0.817562
vt 0.031368 0.830254
vt 0.015121 0.847293
vt 0.882453 0.057769
vt 0.039394 0.828845
vt 0.044923 0.838490
vt 0.065349 0.319823
vt 0.434434 0.975669
vt 0.929136 0.930932
vt 0.957912 0.932768
vt 0.884018 0.936958
vt 0.949291 0.058692
vt 0.029990 0.802938
vt 0.914747 0.383033
vt 0.934370 0.377974
vt 0.931347 0.425526
vt 0.738779 0.894750
vt 0.755674 0.891729
vt 0.772765 0.830405
vt 0.079871 0.315325
vt 0.963799 0.284646
vt 0.941536 0.271907
vt 0.980479 0.269374
vt 0.018531 0.125732
vt 0.041902 0.116018
vt 0.045491 0.131160
vt 0.920853 0.585295
vt 0.920784 0.591408
vt 0.918265 0.584059
vt 0.914624 0.586634
vt 0.015921 0.116067
vt 0.016620 0.118723
vt 0.942240 0.550531
vt 0.902077 0.917181
vt 0.897204 0.916521
vt 0.887481 0.448166
vt 0.907325 0.449947
vt 0.854101 0.458219
vt 0.942119 0.345256
vt 0.939426 0.442253
vt 0.919039 0.440561
vt 0.912997 0.581404
vt 0.921021 0.597893
vt 0.895629 0.925716
vt 0.382820 0.023516
vt 0.385365 0.045626
vt 0.379795 0.047709
vt 0.861650 0.576610
vt 0.915484 0.590528
vt 0.919155 0.597452
vt 0.915277 0.598337
vt 0.471410 0.743237
vt 0.012952 0.138181
vt 0.014548 0.132264
vt 0.016047 0.145712
vt 0.007034 0.803681
vt 0.012738 0.803549
vt 0.009858 0.811806
vt 0.811398 0.465361
vt 0.012050 0.141808
vt 0.012952 0.811376
vt 0.853919 0.446316
vt 0.877068 0.431185
vt 0.876402 0.436764
vt 0.879771 0.442336
vt 0.879747 0.440885
vt 0.878502 0.439016
vt 0.005521 0.141477
vt 0.007785 0.133592
vt 0.009833 0.135914
vt 0.751908 0.473164
vt 0.013035 0.114110
vt 0.035478 0.344035
vt 0.041074 0.339293
vt 0.039061 0.348551
vt 0.990097 0.690827
vt 0.981147 0.698048
vt 0.981609 0.693981
vt 0.038997 0.350478
vt 0.928599 0.977770
vt 0.933717 0.982932
vt 0.921708 0.982697
vt 0.990177 0.684726
vt 0.986148 0.685900
vt 0.969671 0.679848
vt 0.019711 0.676637
vt 0.023118 0.675349
vt 0.027790 0.677991
vt 0.483543 0.019387
vt 0.490732 0.023661
vt 0.485197 0.024149
vt 0.005319 0.798921
vt 0.638278 0.016601
vt 0.633634 0.031265
vt 0.631161 0.029728
vt 0.010976 0.134726
vt 0.382287 0.051391
vt 0.379788 0.055969
vt 0.375432 0.059293
vt 0.371917 0.053880
vt 0.043329 0.356767
vt 0.031907 0.349463
vt 0.015067 0.151423
vt 0.887344 0.923719
vt 0.931054 0.631125
vt 0.016064 0.351579
vt 0.024170 0.344812
vt 0.005080 0.787492
vt 0.929286 0.977451
vt 0.919482 0.962169
vt 0.920009 0.977895
vt 0.563278 0.975966
vt 0.568716 0.973709
vt 0.573256 0.980004
vt 0.925332 0.962159
vt 0.028829 0.339693
vt 0.572816 0.976572
vt 0.571810 0.991337
vt 0.575745 0.980998
vt 0.582915 0.980427
vt 0.648769 0.023359
vt 0.640420 0.020712
vt 0.649307 0.016089
vt 0.010799 0.123982
vt 0.010273 0.130797
vt 0.008919 0.125915
vt 0.580684 0.976720
vt 0.652095 0.022234
vt 0.652720 0.021787
vt 0.649787 0.023034
vt 0.016626 0.344158
vt 0.017370 0.344199
vt 0.014390 0.343981
vt 0.014288 0.342811
vt 0.015094 0.343502
vt 0.010859 0.120219
vt 0.013046 0.341720
vt 0.010079 0.343364
vt 0.009706 0.344217
vt 0.007799 0.123867
vt 0.005138 0.121947
vt 0.007818 0.124448
vt 0.991002 0.681822
vt 0.938465 0.982666
vt 0.994889 0.686283
vt 0.574812 0.994242
vt 0.576655 0.987060
vt 0.017247 0.589882
vt 0.016295 0.597215
vt 0.006179 0.597845
vt 0.032309 0.673993
vt 0.031018 0.674257
vt 0.569202 0.994410
vt 0.021788 0.592430
vt 0.020686 0.588361
vt 0.641842 0.009146
vt 0.639479 0.008445
vt 0.637082 0.007555
vt 0.007773 0.813373
vt 0.492653 0.028749
vt 0.491751 0.030901
vt 0.486909 0.016394
vt 0.492979 0.020504
vt 0.025493 0.668813
vt 0.034326 0.668367
vt 0.640529 0.042721
vt 0.638306 0.049699
vt 0.639238 0.040019
vt 0.490449 0.032581
vt 0.484214 0.032537
vt 0.489015 0.034375
vt 0.483535 0.030325
vt 0.643403 0.043583
vt 0.642763 0.015825
vt 0.634348 0.005578
vt 0.631862 0.012768
vt 0.005046 0.820186
vt 0.006004 0.127560
vt 0.927032 0.596751
vt 0.031340 0.593764
vt 0.031088 0.597546
vt 0.020279 0.594638
vt 0.637130 0.041068
vt 0.632336 0.035540
vt 0.632482 0.037948
vt 0.012569 0.591523
vt 0.646672 0.013176
vt 0.631564 0.005487
vt 0.862949 0.426006
vt 0.903516 0.429152
vt 0.891028 0.371576
vt 0.012119 0.580807
vt 0.974844 0.297339
vt 0.962559 0.346088
vt 0.372951 0.027690
vt 0.371536 0.019478
vt 0.380741 0.020910
vt 0.860550 0.421516
vt 0.886651 0.439513
vt 0.881755 0.432921
vt 0.885701 0.421528
vt 0.792152 0.476599
vt 0.503150 0.039835
vt 0.519508 0.028981
vt 0.515123 0.037286
vt 0.537932 0.035197
vt 0.048421 0.404921
vt 0.035581 0.415674
vt 0.036116 0.409090
vt 0.030618 0.417006
vt 0.838248 0.364998
vt 0.848685 0.398453
vt 0.826991 0.370032
vt 0.516403 0.027842
vt 0.511038 0.014439
vt 0.517841 0.022788
vt 0.951672 0.062800
vt 0.935901 0.063879
vt 0.931668 0.056912
vt 0.046003 0.872339
vt 0.033726 0.866639
vt 0.032161 0.857391
vt 0.039514 0.849876
vt 0.927936 0.056932
vt 0.033206 0.416602
vt 0.373660 0.029487
vt 0.931737 0.056768
vt 0.035337 0.416204
vt 0.035296 0.430310
vt 0.929523 0.056599
vt 0.918604 0.052938
vt 0.059350 0.118761
vt 0.052350 0.138921
vt 0.049570 0.125285
vt 0.764115 0.486478
vt 0.781397 0.481410
vt 0.780488 0.489942
vt 0.371681 0.044308
vt 0.029727 0.428593
vt 0.473891 0.976582
vt 0.474920 0.979040
vt 0.467713 0.982007
vt 0.375478 0.030408
vt 0.012623 0.414936
vt 0.477267 0.976961
vt 0.467722 0.969592
vt 0.032796 0.849479
vt 0.025417 0.859201
vt 0.797973 0.484637
vt 0.807143 0.483554
vt 0.024012 0.854383
vt 0.026546 0.850284
vt 0.956092 0.055229
vt 0.960664 0.058592
vt 0.958085 0.053183
vt 0.051574 0.110752
vt 0.057177 0.107945
vt 0.059331 0.110940
vt 0.048022 0.119527
vt 0.045286 0.114170
vt 0.047831 0.113838
vt 0.046619 0.118672
vt 0.867583 0.387115
vt 0.848947 0.370952
vt 0.016543 0.849768
vt 0.018945 0.855357
vt 0.050408 0.110585
vt 0.051387 0.109192
vt 0.027221 0.107088
vt 0.869042 0.407082
vt 0.954891 0.084338
vt 0.980887 0.031508
vt 0.860842 0.396662
vt 0.973032 0.116881
vt 0.947324 0.071697
vt 0.326065 0.024007
vt 0.327738 0.022210
vt 0.348267 0.032207
vt 0.318919 0.028541
vt 0.332564 0.015039
vt 0.323560 0.032533
vt 0.332262 0.033742
vt 0.323870 0.014024
vt 0.949959 0.080185
vt 0.862868 0.402653
vt 0.861104 0.403162
vt 0.855957 0.405958
vt 0.861901 0.401508
vt 0.320940 0.033645
s 0
f 3/1/1 1/2/1 2/3/1
f 1/2/2 3/1/2 4/4/2
f 2/5/3 1/6/3 4/7/3
f 2/5/4 4/7/4 3/8/4
s 1
f 291/9/5 289/10/6 264/11/7
s 0
f 547/12/8 675/13/8 557/14/8
f 1004/15/9 1048/16/9 28/17/9
f 22/18/10 25/19/10 23/20/10
f 23/20/11 25/19/11 24/21/11
s 1
f 32/22/12 30/23/13 31/24/14
f 31/24/14 30/23/13 33/25/15
f 1193/26/16 30/23/16 32/22/16
f 1063/27/17 52/28/18 1090/29/19
f 995/30/20 989/31/21 996/32/22
s 0
f 952/33/23 951/34/23 966/35/23
s 1
f 889/36/24 897/37/25 75/38/26
f 897/37/27 82/39/28 76/40/29
s 0
f 897/37/30 889/36/30 82/39/30
f 866/41/31 79/42/31 890/43/31
f 84/44/32 875/45/32 85/46/32
f 84/47/33 782/48/33 778/49/33
f 92/50/34 91/51/34 906/52/34
s 1
f 774/53/35 91/51/36 92/50/37
f 643/54/38 95/55/39 768/56/40
f 735/57/41 95/55/42 736/58/43
f 106/59/44 105/60/45 107/61/46
f 107/61/46 105/60/45 104/62/47
f 693/63/48 105/60/45 106/59/44
f 115/64/49 520/65/50 116/66/51
f 598/67/52 115/64/49 116/66/51
s 0
f 119/68/53 123/69/53 120/70/53
f 119/68/54 120/70/54 121/71/54
s 1
f 584/72/55 120/73/56 578/74/57
f 593/75/58 121/71/59 122/76/60
s 0
f 578/74/61 120/73/61 123/77/61
f 127/78/62 566/79/62 560/80/62
f 131/81/63 130/82/63 555/83/63
s 1
f 530/84/64 130/85/65 131/86/66
f 129/87/67 130/85/68 128/88/69
s 0
f 556/89/70 135/90/70 523/91/70
s 1
f 139/92/71 136/93/72 141/94/73
f 136/93/74 137/95/75 138/96/76
s 0
f 137/95/77 136/93/77 139/92/77
s 1
f 140/97/78 136/93/74 138/96/76
f 491/98/79 143/99/80 142/100/81
f 444/101/82 285/102/83 521/103/84
s 0
f 431/104/85 450/105/85 474/106/85
f 154/107/86 152/108/86 160/109/86
f 152/110/87 153/111/87 160/112/87
s 1
f 158/113/88 153/111/89 154/114/90
s 0
f 154/114/91 153/111/91 155/115/91
s 1
f 153/116/92 152/117/93 155/118/94
f 155/118/94 152/117/93 159/119/95
s 0
f 159/119/96 152/117/96 156/120/96
f 152/108/97 154/107/97 156/121/97
f 154/114/98 155/115/98 156/122/98
f 156/123/99 155/124/99 158/125/99
s 1
f 155/118/100 159/119/101 158/126/102
s 0
f 157/127/103 159/119/103 156/120/103
f 156/123/104 158/125/104 157/128/104
s 1
f 158/113/88 154/114/105 157/129/106
f 154/107/107 160/109/108 157/130/109
f 160/112/110 153/111/111 158/113/112
f 159/131/101 161/132/113 158/113/102
f 162/133/114 157/130/109 160/109/108
f 163/134/115 162/135/114 160/112/108
f 159/136/116 162/137/117 577/138/118
s 0
f 151/139/119 577/138/119 459/140/119
f 162/133/120 159/141/120 157/130/120
s 1
f 163/134/121 160/112/110 158/113/112
f 389/142/122 468/143/123 149/144/124
f 398/145/125 168/146/126 428/147/127
s 0
f 167/148/128 166/149/128 168/146/128
f 166/149/129 165/150/129 429/151/129
f 165/150/130 166/149/130 167/148/130
s 1
f 432/152/131 169/153/132 404/154/133
s 0
f 404/154/134 169/153/134 170/155/134
s 1
f 174/156/135 391/157/136 173/158/137
f 442/159/138 174/156/139 173/158/140
s 0
f 200/160/141 177/161/141 176/162/141
f 179/163/142 176/164/142 178/165/142
f 177/161/143 178/166/143 176/162/143
f 178/165/144 206/167/144 179/163/144
f 176/168/145 179/169/145 180/170/145
f 177/171/146 200/172/146 179/169/146
f 200/160/147 176/162/147 181/173/147
f 176/174/148 180/175/148 181/176/148
s 1
f 404/177/149 184/178/150 186/179/151
s 0
f 185/180/152 184/178/152 183/181/152
f 260/182/153 185/183/153 183/184/153
f 404/177/154 186/179/154 183/185/154
s 1
f 183/184/155 186/186/156 260/182/157
f 186/179/158 184/178/159 185/180/160
s 0
f 202/187/161 190/188/161 187/189/161
s 1
f 190/188/162 191/190/163 187/189/164
s 0
f 201/191/165 207/192/165 206/167/165
s 1
f 210/193/166 196/194/167 194/195/168
s 0
f 207/192/169 201/191/169 203/196/169
s 1
f 198/197/170 196/194/167 210/193/166
s 0
f 210/193/171 194/195/171 201/191/171
s 1
f 206/167/172 197/198/173 201/191/174
f 196/194/175 203/196/176 201/191/177
f 201/191/177 194/195/178 196/194/175
s 0
f 197/198/179 206/167/179 200/199/179
s 1
f 198/197/180 202/200/181 204/201/182
s 0
f 204/202/183 202/187/183 187/189/183
f 187/189/184 209/203/184 204/202/184
s 1
f 210/193/185 201/191/174 197/198/173
f 465/204/186 202/205/187 197/206/188
s 0
f 209/203/189 187/189/189 383/207/189
s 1
f 202/208/187 205/209/190 193/210/191
f 205/209/190 202/208/187 465/211/186
f 207/192/192 203/196/176 302/212/193
f 302/212/194 198/197/180 204/201/182
f 203/196/176 196/194/175 302/212/193
f 202/205/195 198/213/196 197/206/188
f 207/192/192 302/212/193 206/167/197
s 0
f 219/214/198 218/215/198 216/216/198
s 1
f 215/217/199 218/215/200 225/218/201
f 216/216/202 217/219/203 227/220/204
f 215/217/199 225/218/201 193/210/191
f 218/215/200 224/221/205 225/218/201
f 216/216/206 218/215/207 217/219/208
f 294/222/209 218/215/210 219/214/211
f 217/219/208 218/215/207 231/223/212
s 0
f 219/214/213 216/216/213 227/220/213
s 1
f 231/223/214 218/215/200 215/217/199
f 215/217/199 193/210/191 388/224/215
s 0
f 197/198/216 198/197/216 210/193/216
s 1
f 285/102/217 204/202/218 209/203/219
f 288/225/220 187/189/164 191/190/163
f 239/226/221 225/218/201 235/227/222
s 0
f 236/228/223 235/227/223 237/229/223
f 235/227/224 225/218/224 237/229/224
s 1
f 241/230/225 294/222/209 219/214/211
s 0
f 197/231/226 200/160/226 181/173/226
s 1
f 233/232/227 206/167/197 302/212/193
f 239/226/221 235/227/228 240/233/229
s 0
f 235/227/230 236/234/230 240/233/230
f 240/233/231 236/228/231 431/104/231
f 236/228/232 237/229/232 431/104/232
f 237/229/233 225/218/233 431/104/233
s 1
f 225/218/201 224/221/205 431/104/234
f 245/235/235 248/236/236 244/237/237
s 0
f 248/236/238 245/235/238 252/238/238
f 251/239/239 246/240/239 245/241/239
f 250/242/240 246/243/240 248/244/240
f 246/243/241 250/242/241 245/245/241
s 1
f 246/240/242 251/239/243 247/246/244
s 0
f 250/242/245 248/244/245 262/247/245
s 1
f 248/248/246 246/249/242 247/250/244
f 245/241/235 244/251/237 249/252/247
s 0
f 249/252/248 244/251/248 254/253/248
f 251/239/249 245/241/249 249/252/249
f 247/246/250 251/239/250 250/254/250
f 251/239/251 249/252/251 242/255/251
s 1
f 252/238/252 245/235/253 253/256/254
s 0
f 253/257/255 243/258/255 242/259/255
f 242/259/256 243/258/256 250/260/256
f 243/258/257 245/261/257 250/260/257
f 242/259/258 245/262/258 256/263/258
f 245/262/259 243/264/259 256/263/259
s 1
f 253/256/254 245/235/253 257/265/260
s 0
f 245/262/261 242/259/261 257/266/261
f 249/252/262 254/253/262 252/267/262
f 243/264/263 253/268/263 256/263/263
f 253/256/264 257/265/264 256/269/264
f 257/266/265 242/259/265 250/260/265
f 252/267/266 253/270/266 242/255/266
s 1
f 244/271/267 267/272/267 252/273/267
s 0
f 252/267/268 254/253/268 255/274/268
f 281/275/269 251/276/269 262/277/269
f 254/278/270 244/279/270 258/280/270
f 255/281/271 254/282/271 242/283/271
s 1
f 254/284/272 251/276/273 242/285/274
s 0
f 244/279/275 252/286/275 258/280/275
f 249/252/276 252/267/276 242/255/276
s 1
f 251/276/273 254/284/272 258/287/277
s 0
f 255/288/278 258/280/278 252/286/278
f 251/289/279 257/265/279 250/290/279
f 258/287/280 262/277/280 251/276/280
s 1
f 259/291/281 255/281/282 242/283/283
s 0
f 261/292/284 242/293/284 256/294/284
s 1
f 238/295/285 260/296/286 404/297/287
f 227/220/204 217/219/203 231/223/288
f 302/212/193 196/194/175 198/197/289
s 0
f 263/298/290 209/203/290 383/207/290
s 1
f 239/226/221 240/233/229 431/104/291
f 224/221/205 218/215/200 294/222/292
f 404/297/287 445/299/293 238/295/285
s 0
f 256/269/294 257/265/294 251/289/294
s 1
f 191/190/295 190/188/296 202/187/297
f 224/221/205 294/222/292 431/104/234
f 267/300/298 258/280/299 255/288/300
f 260/182/157 186/186/301 281/301/302
f 177/302/303 420/303/304 391/304/305
s 0
f 302/212/306 204/201/306 164/305/306
s 1
f 193/210/191 225/218/201 239/226/221
s 0
f 247/306/307 250/242/307 262/247/307
f 247/250/308 262/307/308 258/308/308
s 1
f 238/309/285 241/230/225 219/214/211
f 288/225/309 383/207/310 187/189/311
s 0
f 182/310/312 262/311/312 252/273/312
f 262/247/313 248/244/313 252/312/313
s 1
f 252/273/314 267/272/315 182/310/316
s 0
f 247/250/317 258/308/317 248/248/317
f 244/271/318 248/313/318 267/272/318
f 248/248/319 258/308/319 182/314/319
s 1
f 258/308/299 267/315/298 286/316/320
s 0
f 267/317/321 248/248/321 286/318/321
f 286/318/322 248/248/322 287/319/322
f 248/248/323 182/314/323 287/319/323
f 182/314/324 258/308/324 286/316/324
s 1
f 287/320/325 182/310/316 267/272/315
f 296/321/326 255/281/282 259/291/281
s 0
f 280/322/327 242/323/327 297/324/327
f 242/323/328 261/325/328 297/324/328
f 256/294/329 405/326/329 261/292/329
f 281/275/330 256/327/330 251/276/330
s 1
f 281/328/331 186/179/158 185/180/160
s 0
f 181/176/332 180/175/332 178/329/332
f 179/169/333 200/172/333 180/170/333
f 285/102/334 209/203/334 263/298/334
f 260/296/335 281/275/335 404/297/335
f 182/330/336 286/331/336 255/288/336
f 286/331/337 287/332/337 255/288/337
s 1
f 287/332/325 267/300/315 255/288/338
s 0
f 292/333/339 261/334/339 280/335/339
s 1
f 261/334/340 405/336/341 280/335/342
s 0
f 206/167/343 178/165/343 200/199/343
f 178/329/344 180/175/344 200/337/344
f 261/334/345 292/333/345 297/338/345
f 283/339/346 185/183/346 260/182/346
f 184/340/347 260/341/347 238/342/347
f 184/340/348 295/343/348 283/344/348
f 283/344/349 260/341/349 184/340/349
f 183/345/350 184/346/350 238/347/350
f 238/347/351 283/348/351 295/349/351
f 238/347/352 295/349/352 183/345/352
s 1
f 404/297/353 281/275/354 182/350/355
f 281/275/354 262/277/356 182/350/355
s 0
f 256/294/357 281/351/357 292/352/357
s 1
f 193/210/191 205/209/190 465/211/186
s 0
f 181/176/358 178/329/358 177/353/358
s 1
f 364/354/359 313/355/360 363/356/361
s 0
f 331/357/362 363/358/362 306/359/362
f 363/356/363 313/355/363 306/360/363
f 364/354/364 306/359/364 362/361/364
f 312/362/365 315/363/365 314/364/365
f 310/365/366 315/363/366 312/362/366
f 312/362/367 314/364/367 313/366/367
f 320/367/368 367/368/368 321/369/368
f 310/370/369 367/371/369 364/372/369
f 312/373/370 316/374/370 367/375/370
f 316/374/371 321/376/371 367/375/371
f 318/377/372 316/378/372 319/379/372
s 1
f 320/380/373 328/381/373 318/382/373
s 0
f 320/367/374 321/369/374 319/383/374
s 1
f 322/384/375 320/385/376 319/386/377
s 0
f 367/387/378 310/365/378 312/362/378
f 314/364/379 315/363/379 323/388/379
s 1
f 317/389/380 367/368/381 320/367/382
s 0
f 317/389/383 320/367/383 318/390/383
f 318/382/384 328/381/384 316/374/384
s 1
f 320/385/376 322/384/375 328/391/385
s 0
f 312/392/386 313/393/386 326/394/386
f 331/395/387 323/388/387 315/363/387
f 364/372/388 435/396/388 345/397/388
f 367/398/389 328/391/389 324/399/389
s 1
f 328/400/390 367/368/381 317/389/380
s 0
f 319/379/391 321/401/391 318/377/391
f 321/376/392 316/374/392 328/381/392
f 322/402/393 316/403/393 329/404/393
s 1
f 316/403/394 322/402/394 325/405/394
s 0
f 323/406/395 327/407/395 314/408/395
f 323/409/396 313/410/396 310/365/396
f 327/407/397 315/363/397 310/365/397
f 345/411/398 435/412/398 374/413/398
s 1
f 330/414/399 311/415/400 326/416/401
f 326/394/402 311/417/403 361/418/404
s 0
f 314/408/405 327/407/405 310/365/405
f 374/419/406 359/420/406 332/421/406
f 335/422/407 333/423/407 334/424/407
f 376/425/408 336/426/408 337/427/408
f 336/426/409 335/428/409 334/429/409
f 333/423/410 335/422/410 340/430/410
f 340/430/411 335/422/411 337/431/411
f 336/432/412 333/433/412 338/434/412
f 340/430/413 337/431/413 338/435/413
f 337/427/414 336/426/414 338/436/414
s 1
f 339/437/415 338/434/416 333/433/417
s 0
f 338/434/418 332/438/418 341/439/418
f 332/438/419 340/440/419 341/439/419
s 1
f 376/441/420 340/442/421 338/434/422
s 0
f 341/443/423 340/442/423 342/444/423
s 1
f 340/442/421 376/441/420 342/444/424
s 0
f 338/434/425 341/439/425 376/441/425
s 1
f 356/445/426 345/411/427 349/446/428
f 344/447/429 347/448/430 346/449/431
s 0
f 347/450/432 343/451/432 348/452/432
f 347/448/433 344/447/433 356/453/433
s 1
f 349/446/434 345/411/435 346/454/431
s 0
f 346/455/436 347/450/436 348/452/436
s 1
f 344/456/429 346/454/431 345/411/435
s 0
f 356/453/437 344/447/437 343/457/437
s 1
f 348/458/438 343/457/439 344/447/440
s 0
f 347/448/441 356/453/441 349/459/441
f 349/460/442 346/455/442 348/452/442
f 343/461/443 347/462/443 349/460/443
f 352/463/444 348/464/444 350/465/444
f 355/466/445 354/467/445 348/468/445
f 348/452/446 352/469/446 349/460/446
f 352/463/447 343/470/447 376/471/447
s 1
f 376/472/420 343/461/448 349/460/449
s 0
f 342/473/450 349/460/450 352/469/450
s 1
f 349/460/449 342/473/424 376/472/420
s 0
f 352/474/451 376/475/451 337/476/451
f 352/477/452 354/478/452 355/479/452
s 1
f 354/480/453 352/481/454 341/482/455
f 352/483/456 360/484/456 341/485/456
s 0
f 342/486/457 352/477/457 355/479/457
f 343/470/458 352/463/458 350/465/458
f 348/464/459 354/487/459 350/465/459
s 1
f 309/488/460 357/489/461 339/490/462
f 357/489/461 358/491/463 339/490/462
f 358/492/463 357/493/461 359/420/464
f 357/494/465 354/480/453 341/482/455
f 344/456/466 345/411/467 348/468/468
f 350/465/469 354/487/470 360/495/471
f 354/480/470 357/494/472 360/496/471
f 357/497/461 309/498/460 360/484/473
s 0
f 339/437/474 358/499/474 332/438/474
f 341/482/475 342/486/475 357/494/475
f 357/494/476 342/486/476 355/479/476
s 1
f 318/377/477 321/401/478 317/500/479
s 0
f 325/501/480 319/379/480 316/378/480
s 1
f 312/392/481 326/394/482 361/418/483
s 0
f 313/410/484 314/408/484 310/365/484
f 315/363/485 327/407/485 363/502/485
f 327/407/486 323/406/486 363/502/486
f 323/409/487 310/365/487 363/503/487
f 309/498/488 341/485/488 360/484/488
f 352/474/489 337/476/489 308/504/489
s 1
f 308/505/490 350/465/491 365/506/492
f 350/465/469 360/495/471 366/507/493
f 366/508/494 360/484/495 352/483/496
f 352/474/496 308/504/497 366/509/494
f 350/465/469 366/507/493 365/506/498
f 376/510/499 308/504/490 365/511/492
f 308/504/500 376/510/501 366/509/502
f 366/509/502 376/510/501 309/512/503
f 366/507/493 309/488/504 365/506/498
f 309/488/460 339/490/462 336/513/505
f 332/438/506 338/434/416 339/437/415
s 0
f 333/423/507 340/430/507 339/514/507
f 339/514/508 340/430/508 374/515/508
f 332/421/509 359/420/509 357/493/509
f 317/500/510 324/516/510 322/517/510
f 322/384/511 324/399/511 328/391/511
f 329/404/512 328/400/512 317/389/512
f 369/518/513 368/519/513 370/520/513
f 370/520/514 368/519/514 325/405/514
f 325/521/515 369/522/515 371/523/515
s 1
f 369/518/516 370/520/516 371/524/516
f 371/524/517 370/520/518 322/402/519
f 370/520/518 325/405/520 322/402/519
s 0
f 325/525/521 329/526/521 312/527/521
f 326/528/522 313/529/522 368/530/522
f 313/531/523 311/415/523 330/414/523
s 1
f 313/355/524 364/354/525 362/361/526
s 0
f 313/410/527 323/409/527 306/532/527
f 363/502/528 331/395/528 315/363/528
f 308/505/529 337/533/529 350/465/529
f 376/441/530 341/439/530 309/534/530
f 339/514/531 374/515/531 373/535/531
s 1
f 374/515/532 332/536/533 373/535/534
f 332/536/533 358/537/535 373/535/534
f 358/492/463 359/420/464 373/538/536
s 0
f 345/411/537 374/413/537 348/468/537
f 328/381/538 329/539/538 321/376/538
f 317/389/539 322/402/539 329/404/539
f 325/525/540 371/540/540 401/541/540
f 371/540/541 322/542/541 401/541/541
f 401/543/542 322/384/542 369/522/542
f 322/384/543 368/544/543 369/522/543
f 325/521/544 304/545/544 369/522/544
f 325/546/545 368/547/545 304/548/545
f 329/526/546 316/549/546 312/527/546
f 312/392/547 361/418/547 368/544/547
f 361/550/548 330/414/548 368/551/548
s 1
f 330/414/399 326/416/401 368/551/549
f 313/531/550 330/414/550 361/550/550
f 305/552/551 361/553/404 311/554/403
s 0
f 362/555/552 372/556/552 375/557/552
f 343/470/553 350/465/553 337/533/553
s 1
f 365/506/554 309/488/460 336/513/505
f 374/413/555 340/558/555 355/466/555
f 364/372/556 367/371/557 435/396/558
f 317/500/479 321/401/478 324/516/559
s 0
f 324/559/560 321/376/560 329/539/560
f 369/522/561 304/545/561 401/543/561
f 311/560/562 375/557/562 372/556/562
f 362/561/563 303/562/563 372/563/563
f 375/564/564 311/565/564 303/562/564
f 362/561/565 306/566/565 323/567/565
f 331/357/566 306/359/566 364/354/566
s 1
f 339/568/462 373/538/567 175/569/568
s 0
f 340/558/569 332/570/569 355/466/569
f 332/570/570 357/571/570 355/466/570
f 329/526/571 325/525/571 401/541/571
f 322/384/572 319/386/572 312/392/572
f 319/572/573 325/525/573 312/527/573
f 368/530/574 313/529/574 305/552/574
f 305/573/575 313/531/575 361/550/575
s 1
f 305/552/551 311/554/403 372/574/576
s 0
f 311/565/577 313/575/577 303/562/577
f 303/576/578 313/355/578 372/577/578
s 1
f 310/365/579 364/578/580 363/503/581
f 356/445/582 164/579/583 345/411/427
s 0
f 356/453/584 343/457/584 337/580/584
s 1
f 376/425/585 365/581/585 334/582/585
f 365/581/554 336/583/505 334/582/586
f 336/513/505 339/490/462 175/584/568
f 175/569/587 373/538/536 359/420/464
f 368/547/588 401/585/589 304/548/590
s 0
f 372/577/591 313/355/591 402/586/591
s 1
f 313/355/524 362/361/526 402/586/592
s 0
f 362/555/593 375/557/593 402/587/593
f 402/588/594 375/564/594 303/562/594
f 336/426/595 376/425/595 335/428/595
s 1
f 381/589/596 334/424/597 333/423/598
f 355/466/599 348/468/599 374/413/599
s 0
f 322/384/600 312/392/600 368/544/600
f 305/552/601 372/574/601 402/590/601
f 331/591/602 303/562/602 362/561/602
f 404/592/603 183/345/603 445/593/603
s 1
f 259/594/281 242/323/283 280/322/604
s 0
f 405/326/605 256/294/605 292/352/605
f 292/333/606 280/335/606 379/595/606
f 280/322/607 297/324/607 379/596/607
s 1
f 292/597/608 281/598/609 387/599/610
s 0
f 448/600/611 390/601/611 414/602/611
f 177/353/612 197/603/612 181/176/612
f 177/302/613 179/163/613 206/167/613
f 376/425/614 334/582/614 381/604/614
s 1
f 381/605/596 333/606/598 393/607/615
s 0
f 333/606/616 336/513/616 175/584/616
f 175/608/617 359/609/617 335/610/617
f 335/610/618 359/609/618 374/611/618
f 329/539/619 401/612/619 324/559/619
f 345/411/620 164/579/620 364/613/620
f 405/614/621 292/333/621 379/595/621
s 1
f 292/597/622 387/599/610 297/615/623
s 0
f 405/614/624 379/595/624 387/616/624
f 385/617/625 379/618/625 171/619/625
s 1
f 387/620/626 379/618/627 385/617/628
s 0
f 386/621/629 385/617/629 171/619/629
f 171/619/630 379/618/630 297/622/630
f 386/621/631 387/623/631 441/624/631
s 1
f 441/624/632 387/623/633 385/625/634
f 386/626/635 280/322/635 385/627/635
s 0
f 405/614/636 387/616/636 281/628/636
s 1
f 219/214/211 227/220/204 418/629/637
f 389/142/638 390/601/639 468/143/640
s 0
f 412/630/641 197/603/641 177/353/641
s 1
f 206/167/642 233/232/643 420/303/644
s 0
f 335/428/645 376/425/645 381/604/645
s 1
f 393/607/615 333/606/598 175/584/646
s 0
f 394/631/647 374/632/647 175/633/647
f 400/634/648 374/632/648 394/631/648
f 374/632/649 400/634/649 335/635/649
f 394/636/650 175/608/650 335/610/650
f 335/635/651 400/634/651 393/637/651
f 175/638/652 400/639/652 399/640/652
f 399/641/653 400/642/653 395/643/653
s 1
f 397/644/654 396/645/655 398/646/656
f 398/646/657 396/645/658 395/647/659
f 165/648/660 397/649/661 399/650/662
s 0
f 395/647/663 396/645/663 399/650/663
s 1
f 164/579/583 356/445/582 302/651/664
f 193/210/191 465/211/186 388/224/215
f 299/652/665 406/653/666 456/654/667
f 393/655/615 175/656/646 399/657/662
s 0
f 400/642/668 394/658/668 395/643/668
f 395/643/669 394/658/669 393/637/669
s 1
f 400/634/670 422/659/670 393/637/670
s 0
f 396/645/671 397/644/671 422/660/671
f 165/648/672 399/650/672 396/645/672
f 400/639/673 175/638/673 165/648/673
f 401/661/674 367/662/674 408/663/674
f 323/567/675 331/591/675 362/561/675
f 169/153/676 182/664/676 453/665/676
s 1
f 182/330/677 255/288/282 296/666/326
f 280/322/604 386/626/678 259/594/281
s 0
f 197/667/679 412/668/679 406/669/679
f 456/654/680 406/653/680 413/670/680
f 406/671/681 412/672/681 413/673/681
f 299/674/682 413/673/682 412/672/682
f 456/654/683 413/670/683 411/675/683
f 299/674/684 412/672/684 411/676/684
s 1
f 412/677/685 456/654/686 411/675/687
s 0
f 197/667/688 406/669/688 411/678/688
s 1
f 414/602/689 456/654/690 448/600/691
s 0
f 381/679/692 393/680/692 394/636/692
f 395/643/693 393/637/693 422/659/693
f 400/639/694 396/645/694 422/660/694
f 396/645/695 400/639/695 165/648/695
f 165/648/696 175/638/696 374/681/696
s 1
f 367/398/697 324/399/697 408/682/697
f 368/530/698 305/552/698 402/590/698
f 295/343/699 184/340/700 404/683/701
f 219/214/211 418/629/637 238/309/285
s 0
f 411/678/702 413/684/702 197/667/702
f 197/206/703 413/673/703 299/674/703
s 1
f 406/669/666 299/685/665 411/678/704
s 0
f 337/686/705 335/687/705 449/688/705
f 381/679/706 394/636/706 335/610/706
s 1
f 415/689/707 393/655/615 399/657/662
s 0
f 422/690/708 397/691/708 416/692/708
f 423/693/709 172/694/709 324/559/709
s 1
f 444/101/710 204/202/218 285/102/217
f 445/593/711 183/345/712 295/349/713
s 0
f 259/594/714 171/695/714 433/696/714
f 433/697/715 171/619/715 421/698/715
f 171/619/716 297/622/716 421/698/716
s 1
f 297/615/623 387/599/610 426/699/717
s 0
f 386/621/718 171/619/718 387/623/718
f 259/594/719 386/626/719 441/700/719
s 1
f 441/701/720 280/702/342 405/614/341
f 227/220/204 231/223/288 418/629/637
f 177/302/721 206/167/642 420/303/722
f 577/138/723 391/304/305 161/703/724
s 0
f 393/655/725 415/689/725 335/687/725
f 335/687/726 415/689/726 422/704/726
f 415/705/727 395/643/727 422/659/727
f 422/690/728 416/692/728 398/706/728
s 1
f 167/148/729 416/707/730 165/150/660
f 416/692/730 397/691/661 165/708/660
f 474/709/731 191/190/732 202/187/733
f 474/106/734 202/208/187 193/210/191
f 509/710/735 294/222/736 522/711/737
f 241/712/225 238/295/285 445/299/293
s 0
f 182/713/738 170/155/738 425/714/738
f 169/153/739 453/665/739 170/155/739
f 425/715/740 432/716/740 296/717/740
s 1
f 432/716/741 482/718/742 296/717/743
f 482/718/742 170/719/744 296/717/743
s 0
f 296/717/745 170/719/745 182/720/745
f 171/695/746 259/594/746 426/721/746
s 1
f 385/722/747 280/702/748 441/701/749
f 442/159/138 173/158/140 434/723/750
f 395/643/659 415/705/751 398/724/657
f 399/725/662 397/726/661 415/727/707
s 0
f 168/146/752 398/145/752 167/148/752
f 167/148/753 398/145/753 429/728/753
s 1
f 416/729/730 167/730/729 427/731/754
s 0
f 427/732/755 167/733/755 429/151/755
f 429/734/756 398/706/756 416/692/756
f 429/151/757 165/150/757 427/732/757
f 427/735/758 165/736/758 430/737/758
s 1
f 165/736/759 168/738/759 430/737/759
s 0
f 168/738/760 429/739/760 430/737/760
f 429/739/761 428/740/761 435/741/761
f 435/741/762 428/740/762 168/742/762
f 166/149/763 429/151/763 168/146/763
f 401/661/764 408/663/764 423/743/764
f 402/588/765 303/562/765 401/585/765
s 1
f 164/744/766 204/202/218 444/101/710
s 0
f 191/190/767 474/709/767 234/745/767
f 453/665/768 182/664/768 425/746/768
s 1
f 426/747/769 387/623/769 171/619/769
f 126/748/770 185/749/771 283/750/772
f 231/751/773 298/752/774 540/753/775
f 414/754/776 465/204/777 197/206/778
f 173/158/137 391/157/136 420/755/779
f 233/756/780 302/757/781 420/755/782
f 422/690/783 398/706/784 449/758/785
s 0
f 398/759/786 415/727/786 449/760/786
s 1
f 427/761/787 397/726/654 398/762/656
s 0
f 429/739/788 416/729/788 428/740/788
f 416/729/789 427/731/789 428/740/789
f 427/735/790 430/737/790 435/741/790
f 430/737/791 429/739/791 435/741/791
f 435/741/792 168/742/792 165/763/792
s 1
f 367/371/557 401/764/793 172/765/794
s 0
f 324/766/795 172/767/795 408/663/795
s 1
f 436/768/796 408/663/797 172/767/798
s 0
f 477/769/799 172/770/799 423/771/799
s 1
f 477/769/800 423/771/800 436/772/800
s 0
f 182/664/801 169/153/801 432/152/801
f 425/714/802 170/155/802 432/773/802
f 432/773/803 170/155/803 453/665/803
f 453/774/804 425/715/804 296/717/804
f 426/721/805 259/594/805 441/700/805
f 405/614/806 281/628/806 441/701/806
s 1
f 283/775/807 238/776/808 580/777/809
f 231/223/214 215/217/199 388/224/215
f 577/138/723 177/302/303 391/304/305
s 0
f 337/580/810 449/778/810 356/453/810
s 1
f 449/688/785 335/687/811 422/704/783
f 415/727/707 397/726/661 427/761/812
f 423/743/813 408/663/797 436/768/796
f 401/585/814 368/547/815 402/588/816
s 0
f 556/89/817 259/291/817 458/779/817
f 426/780/818 433/781/818 421/782/818
s 1
f 426/783/819 421/784/820 439/785/821
s 0
f 421/784/822 297/786/822 439/785/822
f 439/785/823 297/786/823 446/787/823
f 447/788/824 446/787/824 297/786/824
s 1
f 439/785/825 433/781/826 440/789/827
f 433/781/828 426/780/828 441/790/828
f 468/143/640 390/601/639 133/791/829
f 151/792/830 459/793/831 491/98/832
f 427/794/833 398/145/125 428/147/127
s 0
f 374/681/834 435/795/834 165/648/834
s 1
f 435/396/558 367/371/557 172/765/794
s 0
f 401/764/835 436/796/835 172/765/835
f 477/769/836 436/772/836 401/797/836
f 303/562/837 331/591/837 147/798/837
f 191/190/838 234/745/838 288/225/838
s 1
f 446/799/839 454/800/840 426/801/841
f 446/799/842 467/802/843 454/800/840
f 467/802/844 446/799/844 447/803/844
f 454/804/845 447/805/846 426/699/717
f 447/805/846 297/615/623 426/699/717
f 440/789/847 433/781/826 441/790/848
f 283/775/807 580/777/809 126/806/849
s 0
f 389/807/850 455/808/850 414/754/850
f 423/693/851 324/559/851 401/612/851
s 1
f 460/809/852 263/298/853 383/207/854
f 554/810/855 383/207/310 288/225/309
f 522/711/737 294/222/736 241/230/856
f 182/664/857 432/152/858 475/811/859
s 0
f 259/812/860 433/781/860 458/813/860
f 446/787/823 464/814/823 439/785/823
s 1
f 414/602/861 390/601/639 389/142/638
f 448/600/862 133/791/829 390/601/639
f 161/703/724 159/136/863 577/138/723
f 442/159/138 148/815/864 174/156/139
f 548/816/865 434/723/750 173/158/140
f 431/104/234 294/222/292 509/710/866
s 0
f 475/811/867 432/152/867 453/817/867
f 453/774/868 296/717/868 538/818/868
s 1
f 483/819/869 296/321/326 470/820/870
s 0
f 461/821/871 462/822/871 259/291/871
f 464/814/872 458/813/872 433/781/872
s 1
f 298/752/873 231/751/874 388/823/875
f 414/754/776 197/206/778 299/674/876
f 389/142/122 149/144/124 497/824/877
f 456/825/690 505/826/878 448/827/691
f 158/113/102 608/828/879 163/134/880
f 391/157/136 174/156/135 161/829/881
s 0
f 449/760/882 415/727/882 427/761/882
s 1
f 285/102/83 263/298/853 460/809/852
f 474/106/734 193/210/191 239/226/221
f 259/291/883 462/822/883 470/820/883
f 462/822/884 461/830/884 470/820/884
s 0
f 470/820/885 461/830/885 466/831/885
f 461/821/886 259/291/886 466/831/886
s 1
f 466/831/887 259/291/888 556/89/889
f 418/832/890 231/751/773 540/753/891
f 466/831/887 556/89/889 470/820/892
s 0
f 433/781/893 439/785/893 464/814/893
f 464/833/894 463/834/894 467/835/894
s 1
f 463/836/895 150/837/895 454/838/895
s 0
f 150/837/896 480/839/896 454/838/896
f 150/837/897 463/836/897 458/840/897
s 1
f 426/783/898 439/785/821 440/789/899
f 459/140/900 577/138/118 162/137/117
f 158/113/102 161/132/113 608/828/879
f 479/841/901 401/585/902 303/562/903
f 239/226/221 431/104/291 474/106/734
s 0
f 475/842/904 453/774/904 538/818/904
f 467/843/905 150/837/905 458/840/905
s 1
f 458/844/906 463/834/907 480/845/908
s 0
f 464/846/909 446/799/909 440/847/909
f 446/799/910 426/801/910 440/847/910
s 1
f 456/825/686 412/630/685 505/826/911
s 0
f 427/848/912 356/453/912 449/778/912
s 1
f 285/102/83 460/809/852 500/849/913
s 0
f 182/850/914 475/851/914 404/852/914
s 1
f 296/321/326 259/291/281 470/820/870
s 0
f 464/853/915 467/843/915 458/840/915
f 455/854/916 471/855/916 490/856/916
s 1
f 443/857/917 435/741/558 172/770/794
s 0
f 234/745/918 474/709/918 288/225/918
f 464/833/919 440/858/919 463/834/919
s 1
f 440/859/920 441/860/921 539/861/922
f 539/861/922 441/860/921 281/862/923
s 0
f 299/652/924 456/654/924 414/602/924
f 482/863/925 404/852/925 475/851/925
s 1
f 432/864/131 404/852/133 482/863/926
s 0
f 527/865/927 455/866/927 389/142/927
s 1
f 145/867/928 497/824/929 149/144/930
f 505/826/911 412/630/685 177/353/931
s 0
f 151/792/932 491/98/932 486/868/932
f 487/869/933 486/868/933 488/870/933
f 513/871/934 488/870/934 491/98/934
f 488/870/935 486/868/935 491/98/935
s 1
f 520/872/936 163/134/880 608/828/879
f 474/106/937 450/105/938 457/873/939
s 0
f 458/874/940 454/875/940 551/876/940
f 440/877/941 551/876/941 454/875/941
s 1
f 480/845/908 463/834/907 440/858/942
s 0
f 489/878/943 281/862/943 185/749/943
f 527/879/944 471/855/944 455/854/944
s 1
f 133/791/945 149/144/124 468/143/123
s 0
f 151/792/946 486/868/946 513/871/946
f 486/868/947 487/880/947 513/871/947
f 487/880/948 488/870/948 513/871/948
s 1
f 442/159/138 434/723/750 148/815/864
s 0
f 173/158/949 420/755/949 476/881/949
s 1
f 356/453/950 427/848/951 302/882/952
s 0
f 443/857/953 172/770/953 477/769/953
f 475/851/954 538/883/954 482/863/954
f 458/844/955 480/845/955 493/884/955
f 480/839/956 150/837/956 467/843/956
f 463/834/957 454/885/957 467/835/957
f 454/875/958 458/874/958 493/886/958
f 493/887/959 480/888/959 447/803/959
f 480/888/960 467/802/960 447/803/960
s 1
f 494/889/961 493/890/961 447/891/961
f 493/892/962 551/876/963 440/877/964
s 0
f 454/838/965 480/839/965 440/893/965
f 435/741/966 443/857/966 476/894/966
s 1
f 497/824/877 527/865/967 389/142/968
f 162/135/114 163/134/115 459/895/969
f 364/354/970 164/896/971 147/897/972
s 0
f 543/898/973 571/899/973 164/896/973
s 1
f 516/900/974 496/901/975 554/810/976
s 0
f 450/105/977 451/902/977 457/873/977
f 457/873/978 451/902/978 502/903/978
s 1
f 450/105/979 529/904/980 502/903/981
f 458/905/982 494/889/983 447/891/984
f 493/892/985 440/877/920 539/906/922
s 0
f 331/357/986 364/354/986 147/897/986
f 296/321/987 483/819/987 538/907/987
f 493/892/988 539/906/988 454/908/988
s 1
f 454/909/989 539/910/990 518/911/991
s 0
f 527/912/992 499/913/992 503/914/992
s 1
f 479/841/901 303/562/903 147/798/993
f 383/207/994 554/810/995 460/809/996
s 0
f 502/903/997 451/902/997 450/105/997
s 1
f 619/915/998 149/916/124 133/917/945
f 521/103/84 285/102/83 500/849/913
s 0
f 554/810/999 288/225/999 516/900/999
f 146/918/1000 585/919/1000 241/920/1000
s 1
f 241/921/1001 445/593/711 295/349/713
s 0
f 517/922/1002 404/154/1002 170/155/1002
s 1
f 298/752/873 388/823/875 490/923/1003
f 465/204/777 414/754/776 490/924/1004
f 471/855/1005 519/925/1006 490/856/1007
s 0
f 527/912/1008 503/914/1008 145/926/1008
s 1
f 619/927/1009 145/928/928 149/929/930
f 448/930/862 485/931/1010 512/932/1011
s 0
f 491/98/1012 142/100/1012 513/871/1012
s 1
f 420/755/782 302/757/1013 476/881/1014
s 0
f 427/735/1015 435/741/1015 476/894/1015
s 1
f 401/797/902 479/933/901 132/934/1016
f 147/897/972 164/896/971 571/899/1017
s 0
f 241/920/1018 295/935/1018 146/918/1018
s 1
f 494/889/983 458/905/982 551/936/1019
f 447/937/1020 454/909/989 510/938/1021
f 454/909/989 518/911/991 510/938/1021
f 477/769/1022 401/797/902 132/934/1016
f 543/939/1023 164/744/1024 521/103/1025
f 509/940/735 522/941/1026 125/942/1027
s 0
f 470/820/1028 556/89/1028 523/91/1028
f 556/943/1029 458/944/1029 447/937/1029
s 1
f 494/889/1030 510/938/1031 493/890/1032
s 0
f 489/878/1033 539/861/1033 281/862/1033
f 238/309/1034 418/629/1034 580/945/1034
f 568/946/1035 519/925/1035 471/855/1035
f 503/947/1036 525/948/1036 145/867/1036
f 498/949/1037 145/928/1037 619/927/1037
s 1
f 491/98/79 646/950/1038 143/99/80
f 302/882/952 427/848/951 476/951/1039
s 0
f 556/943/1040 447/937/1040 510/938/1040
s 1
f 580/952/1041 418/832/1042 540/753/1043
s 0
f 490/923/1044 388/823/1044 465/953/1044
f 525/948/1045 497/824/1045 145/867/1045
s 1
f 498/954/1046 499/955/1047 497/824/1048
s 0
f 527/912/1049 145/926/1049 498/956/1049
s 1
f 497/824/1048 499/955/1047 527/865/1050
s 0
f 498/954/1051 497/824/1051 525/948/1051
f 499/957/1052 498/949/1052 619/927/1052
f 151/792/1053 513/871/1053 142/100/1053
s 1
f 148/958/1054 434/959/1055 534/960/1056
f 522/941/737 241/920/856 585/919/1057
s 0
f 170/961/1058 482/962/1058 572/963/1058
s 1
f 523/964/1059 483/965/1059 544/966/1059
s 0
f 544/967/1060 483/968/1060 561/969/1060
s 1
f 470/820/870 532/970/1061 483/819/869
f 510/938/1031 494/889/1030 551/936/1062
s 0
f 498/956/1063 525/971/1063 527/912/1063
f 577/972/1064 151/792/1064 142/100/1064
f 148/958/1065 534/960/1065 584/973/1065
s 1
f 164/744/1066 444/101/1067 521/103/1025
f 516/900/1068 288/225/1069 474/709/1070
s 0
f 450/105/1071 550/974/1071 529/904/1071
s 1
f 431/104/234 509/710/866 550/974/1072
f 295/975/699 404/154/701 517/922/1073
s 0
f 470/820/1074 523/91/1074 532/970/1074
s 1
f 518/976/1075 551/876/963 493/892/962
s 0
f 493/890/1076 510/938/1076 518/911/1076
f 414/754/1077 455/808/1077 490/924/1077
f 142/100/1078 143/99/1078 569/977/1078
s 1
f 564/978/1079 533/979/1080 552/980/1081
f 520/65/1082 608/981/1082 116/66/1082
f 477/769/1022 536/982/1083 443/857/1084
s 0
f 532/983/1085 523/984/1085 544/985/1085
f 556/943/1086 510/938/1086 551/936/1086
s 1
f 663/986/1087 580/952/1041 540/753/1043
f 563/987/1088 540/753/1089 542/988/1090
s 0
f 503/989/1091 499/957/1091 619/927/1091
s 1
f 645/990/1092 512/932/1011 485/931/1010
s 0
f 548/816/1093 535/991/1093 434/723/1093
f 443/857/1094 528/992/1094 476/894/1094
f 136/93/1095 140/97/1095 141/94/1095
f 509/940/1096 125/942/1096 661/993/1096
s 1
f 483/994/1097 566/995/1097 127/996/1097
f 131/997/1098 483/965/1099 530/998/1100
s 0
f 483/968/1101 532/999/1101 561/969/1101
s 1
f 490/923/1102 519/1000/1103 649/1001/1104
f 525/1002/1105 503/1003/1106 581/1004/1107
s 0
f 485/931/1108 505/1005/1108 134/1006/1108
s 1
f 500/849/1109 460/809/996 630/1007/1110
f 114/1008/1111 496/901/975 516/900/1112
f 559/1009/1113 529/904/980 141/94/1114
f 530/998/1115 483/965/1116 523/964/1117
f 555/1010/1118 530/1011/1115 523/1012/1117
s 0
f 556/1013/1119 551/876/1119 562/1014/1119
s 1
f 489/878/1120 185/749/771 126/748/770
s 0
f 640/1015/1121 471/855/1121 527/879/1121
s 1
f 448/930/691 505/1005/878 485/931/1122
f 520/872/1123 459/895/969 163/134/115
f 502/903/981 529/904/980 559/1009/1113
s 0
f 450/105/1124 431/104/1124 550/974/1124
s 1
f 483/965/1125 131/997/1125 128/88/1125
f 544/985/1126 530/1011/1127 555/1010/1128
s 0
f 540/753/1129 298/752/1129 590/1016/1129
s 1
f 177/302/931 577/138/1130 505/1017/911
f 646/950/1038 491/98/79 108/1018/1131
f 552/980/1081 533/979/1080 553/1019/1132
f 161/1020/1133 174/1021/1134 608/1022/1135
f 692/1023/1136 554/810/1137 496/901/1138
f 537/1024/1139 138/96/76 137/95/75
s 0
f 483/819/1140 127/1025/1140 538/907/1140
f 567/1026/1141 483/994/1141 560/80/1141
s 1
f 561/969/1142 532/999/1143 556/1027/1144
f 135/90/1145 556/89/1144 532/1028/1143
s 0
f 551/876/1146 523/1029/1146 562/1014/1146
f 523/1030/1147 135/1031/1147 562/1032/1147
s 1
f 555/1033/1148 523/1029/1149 551/876/1150
f 532/983/1151 544/985/1126 555/1010/1128
s 0
f 527/1034/1152 525/1002/1152 581/1004/1152
s 1
f 133/791/1153 448/600/862 512/1035/1011
f 558/1036/1154 143/99/1155 646/950/1156
f 147/798/1157 670/1037/1158 479/841/1159
s 0
f 572/963/1160 482/962/1160 538/1038/1160
f 567/1026/1161 573/1039/1161 483/994/1161
s 1
f 560/80/1162 566/79/1163 567/1026/1164
s 0
f 573/1039/1165 567/1026/1165 124/1040/1165
f 530/84/1166 544/1041/1166 561/1042/1166
f 562/1032/1167 135/1031/1167 532/983/1167
s 1
f 532/983/1151 555/1010/1128 562/1032/1168
f 117/1043/1169 540/753/1169 590/1016/1169
f 108/1018/1131 491/98/79 459/793/831
f 173/158/1170 476/881/1171 535/991/1172
f 477/769/1022 132/934/1016 536/982/1083
f 474/106/937 457/873/939 559/1009/1173
f 567/1044/1174 566/995/1175 572/1045/1176
f 566/995/1177 483/994/1177 572/1045/1177
s 0
f 483/994/1178 573/1039/1178 572/1045/1178
f 124/1046/1179 567/1047/1179 574/1048/1179
f 574/1048/1180 567/1047/1180 128/1049/1180
f 567/1047/1181 127/1050/1181 128/1049/1181
f 127/78/1182 560/80/1182 128/1051/1182
f 128/88/1183 131/997/1183 129/87/1183
s 1
f 128/88/69 130/85/68 530/84/1184
f 558/1036/1154 569/977/1185 143/99/1186
f 608/1022/1187 174/1021/1188 148/1052/1189
f 521/103/1190 500/849/1109 630/1007/1110
s 0
f 114/1053/1191 474/106/1191 559/1009/1191
f 589/1054/1192 124/1055/1192 118/1056/1192
f 560/80/1193 483/994/1193 128/1051/1193
s 1
f 542/988/1090 540/753/1089 117/1043/1194
f 588/1057/1195 602/1058/1196 583/1059/1197
f 602/1058/1196 122/1060/1198 583/1059/1197
f 516/900/1068 474/709/1070 114/1008/1199
f 537/1024/1139 140/97/78 138/96/76
s 0
f 125/942/1200 522/941/1200 585/919/1200
f 170/961/1201 572/963/1201 624/1061/1201
s 1
f 124/1062/1202 127/1050/1203 572/1063/1204
s 0
f 127/1050/1205 567/1047/1205 572/1063/1205
f 624/1061/1206 589/1054/1206 118/1056/1206
f 124/1064/1207 572/1065/1207 538/907/1207
s 1
f 590/1016/1208 298/752/1209 490/923/1210
f 568/946/1211 586/1066/1212 519/925/1213
f 134/1006/1214 110/1067/1215 645/990/1092
s 0
f 569/977/1216 577/972/1216 142/100/1216
f 119/68/1217 121/71/1217 123/69/1217
f 588/1068/1218 583/1069/1218 582/1070/1218
s 1
f 534/960/1056 434/959/1055 535/1071/1219
f 528/992/1220 443/857/1221 536/982/1222
s 0
f 118/1072/1223 124/1064/1223 596/1073/1223
s 1
f 127/1074/1203 124/1046/1202 574/1048/1224
s 0
f 530/84/1225 561/1042/1225 128/88/1225
f 561/1042/1226 652/1075/1226 128/88/1226
f 556/1076/1227 562/1032/1227 555/1010/1227
f 129/1077/1228 131/81/1228 518/1078/1228
f 121/71/1229 593/75/1229 123/69/1229
s 1
f 602/1079/1230 588/1080/1231 601/1081/1232
s 0
f 121/1082/1233 120/1083/1233 604/1084/1233
s 1
f 146/918/1234 295/935/1235 517/1085/1236
s 0
f 124/1064/1237 538/907/1237 596/1073/1237
s 1
f 538/907/1238 127/1025/1239 589/1086/1240
f 589/1087/1240 127/1074/1239 574/1048/1241
f 652/1088/1242 561/969/1243 129/1089/1244
f 607/1090/1245 129/1077/1246 518/1078/1247
s 0
f 131/81/1248 555/83/1248 518/1078/1248
s 1
f 569/977/1185 558/1036/1154 715/1091/1249
f 459/1092/1250 552/980/1251 108/1093/1252
s 0
f 122/1060/1253 601/1081/1253 588/1080/1253
s 1
f 599/1094/1254 588/1095/1255 582/1096/1256
s 0
f 604/1097/1257 120/1098/1257 595/1099/1257
s 1
f 548/816/1258 173/158/1170 535/991/1172
s 0
f 535/1100/1259 476/894/1259 528/992/1259
f 141/94/1260 140/97/1260 559/1009/1260
f 561/969/1261 556/1027/1261 129/1089/1261
s 1
f 518/976/1262 555/1033/1263 551/876/1150
f 489/1101/1264 126/806/1265 579/1102/1266
f 122/1060/1267 588/1080/1268 594/1103/1269
s 0
f 599/1094/1270 582/1096/1270 123/69/1270
f 601/1081/1271 582/1104/1271 602/1079/1271
f 647/1105/1272 583/1069/1272 122/1106/1272
f 605/1107/1273 603/1108/1273 604/1097/1273
f 605/1107/1274 606/1109/1274 603/1108/1274
f 595/1110/1275 603/1111/1275 584/1112/1275
f 603/1111/1276 606/1113/1276 584/1112/1276
f 584/1114/1277 606/1115/1277 120/1116/1277
f 603/1111/1278 595/1110/1278 120/1117/1278
f 550/974/1279 141/94/1279 529/904/1279
s 1
f 170/1118/1280 632/1119/1281 517/1085/1236
s 0
f 572/1045/1282 118/1120/1282 596/1121/1282
f 589/1087/1283 574/1048/1283 128/1049/1283
s 1
f 129/1122/1284 618/1123/1285 652/1124/1286
s 0
f 762/1125/1287 489/1126/1287 113/1127/1287
s 1
f 563/987/1288 542/988/1289 639/1128/1290
f 619/915/998 133/917/945 620/1129/1291
f 133/917/1292 512/1130/1293 627/1131/1294
s 0
f 505/1132/1295 577/972/1295 569/977/1295
s 1
f 593/1133/58 122/1060/1296 594/1103/1297
f 594/1103/1298 588/1080/1255 599/1134/1254
s 0
f 594/1135/1299 599/1136/1299 600/1137/1299
f 123/69/1300 582/1096/1300 600/1138/1300
f 600/1138/1301 582/1096/1301 610/1139/1301
f 610/1140/1302 582/1104/1302 601/1081/1302
f 601/1081/1303 122/1060/1303 610/1140/1303
s 1
f 610/1140/1304 122/1060/1304 602/1058/1304
s 0
f 556/1141/1305 555/1142/1305 611/1143/1305
s 1
f 611/1143/1306 555/1142/1306 130/1144/1306
s 0
f 126/806/1307 580/777/1307 613/1145/1307
s 1
f 762/1146/1308 580/1147/1041 663/1148/1087
f 485/931/1010 134/1006/1214 645/990/1092
s 0
f 608/1022/1309 148/1052/1309 656/1149/1309
s 1
f 148/1052/1310 609/1150/1311 587/1151/1312
s 0
f 609/1152/1313 148/958/1313 614/1153/1313
f 148/958/1314 584/973/1314 614/1153/1314
s 1
f 584/973/1315 656/1154/1316 614/1153/1317
f 614/1155/1317 656/1149/1316 587/1151/1312
s 0
f 587/1151/1318 609/1150/1318 578/1156/1318
f 609/1152/1319 614/1153/1319 615/1157/1319
s 1
f 614/1155/1317 587/1151/1312 615/1158/1320
s 0
f 587/1151/1321 578/1156/1321 615/1158/1321
s 1
f 578/1159/1322 656/1160/1323 615/1161/1324
f 656/1160/1325 584/72/1326 615/1161/1324
s 0
f 584/72/1327 609/1162/1327 615/1161/1327
s 1
f 609/1162/1328 584/72/55 578/74/57
s 0
f 600/1163/1329 599/1164/1329 593/1165/1329
f 599/1094/1330 123/69/1330 593/75/1330
f 647/1105/1331 582/1070/1331 583/1069/1331
f 595/1099/1332 605/1107/1332 604/1097/1332
f 595/1166/1333 584/1167/1333 121/1082/1333
f 596/1073/1334 538/907/1334 589/1086/1334
f 556/1027/1335 130/1168/1335 129/1089/1335
f 611/1143/1336 130/1144/1336 607/1090/1336
f 607/1169/1337 130/1170/1337 556/1171/1337
s 1
f 611/1143/1338 607/1090/1339 518/1078/1247
s 0
f 113/1127/1340 612/1172/1340 762/1125/1340
f 113/1127/1341 489/1126/1341 625/1173/1341
f 489/1126/1342 579/1174/1342 625/1173/1342
s 1
f 579/1102/1266 126/806/1265 612/1175/1343
s 0
f 613/1176/1344 625/1173/1344 579/1174/1344
f 579/1174/1345 612/1177/1345 113/1178/1345
f 613/1176/1346 579/1174/1346 113/1178/1346
f 625/1179/1347 126/806/1347 113/1180/1347
s 1
f 540/753/1348 563/987/1288 634/1181/1349
f 542/988/1289 117/1043/1350 639/1128/1290
f 581/1004/1107 503/1003/1106 619/1182/1351
f 148/1052/1310 587/1151/1312 656/1149/1316
f 594/1135/1352 600/1137/1352 610/1183/1352
s 0
f 647/1105/1353 602/1184/1353 582/1070/1353
f 605/1185/1354 595/1166/1354 121/1082/1354
s 1
f 132/934/1355 479/933/1159 712/1186/1356
f 460/809/996 554/810/995 622/1187/1357
f 550/974/1358 139/92/71 141/94/73
f 572/963/1359 596/1188/1359 624/1061/1359
s 0
f 624/1189/1360 118/1190/1360 573/1191/1360
f 118/1120/1361 572/1045/1361 573/1039/1361
f 124/1055/1362 589/1054/1362 573/1192/1362
s 1
f 129/1122/1363 607/1169/1364 618/1123/1365
s 0
f 611/1193/1366 518/1194/1366 618/1123/1366
f 612/1175/1367 126/806/1367 625/1179/1367
f 126/806/1368 613/1145/1368 113/1180/1368
s 1
f 540/753/1369 634/1181/1349 663/986/1370
s 0
f 527/879/1371 709/1195/1371 640/1015/1371
f 626/1196/1372 683/1197/1372 527/1198/1372
s 1
f 641/1199/1373 527/1034/1374 581/1004/1107
s 0
f 620/1129/1375 133/917/1375 627/1131/1375
f 552/980/1376 553/1019/1376 629/1200/1376
s 1
f 552/980/1251 459/1092/1250 520/1201/1377
f 598/67/1378 116/66/1379 621/1202/1380
f 656/1203/1381 116/66/1379 608/981/1382
s 0
f 600/1163/1383 593/1165/1383 718/1204/1383
f 610/1183/1384 602/1205/1384 718/1204/1384
f 718/1206/1385 602/1184/1385 647/1105/1385
s 1
f 606/1207/1386 605/1185/1387 121/1082/1388
f 712/1186/1356 479/933/1159 670/1208/1158
f 457/873/939 502/903/1389 559/1009/1173
f 517/1085/1236 632/1119/1281 146/918/1234
f 706/1209/1390 170/961/1391 624/1061/1392
s 0
f 624/1061/1393 596/1188/1393 589/1054/1393
f 762/1210/1394 612/1175/1394 625/1179/1394
f 625/1173/1395 613/1176/1395 580/1211/1395
s 1
f 590/1016/1208 490/923/1210 649/1001/1396
s 0
f 718/1204/1397 593/1165/1397 594/1135/1397
f 594/1135/1398 610/1183/1398 718/1204/1398
f 630/1007/1399 571/1212/1399 543/939/1399
f 623/1213/1400 140/97/1400 537/1024/1400
s 1
f 537/1024/1401 137/95/1402 139/92/1403
f 607/1169/1364 556/1171/1404 618/1123/1365
s 0
f 556/1171/1405 611/1193/1405 618/1123/1405
f 709/1214/1406 626/1196/1406 640/1215/1406
s 1
f 604/1084/1407 606/1207/1386 121/1082/1388
f 751/1216/1408 537/1024/1401 139/92/1403
s 0
f 139/92/1409 550/974/1409 644/1217/1409
s 1
f 678/1218/1410 585/919/1411 146/918/1412
f 170/1118/1413 706/1219/1414 632/1119/1415
s 0
f 589/1220/1416 128/1221/1416 652/1222/1416
f 123/69/1417 600/1138/1417 718/1223/1417
f 543/939/1418 521/103/1418 630/1007/1418
f 589/1220/1419 652/1222/1419 573/1191/1419
f 652/1124/1420 618/1123/1420 518/1194/1420
f 625/1224/1421 580/1147/1421 762/1146/1421
f 640/1215/1422 626/1196/1422 641/1225/1422
s 1
f 641/1225/1373 626/1196/1423 527/1198/1374
f 110/1067/1424 134/1006/1214 650/1226/1425
f 505/1132/1426 569/977/1427 111/1227/1428
f 533/979/1429 102/1228/1430 637/1229/1431
f 534/1230/1432 120/1116/1433 606/1115/1434
s 0
f 496/901/1435 114/1008/1435 665/1231/1435
s 1
f 550/1232/1436 509/940/1437 661/993/1438
f 125/942/1439 585/919/1440 101/1233/1441
s 0
f 539/861/1442 489/878/1442 666/1234/1442
s 1
f 640/1215/1443 641/1225/1443 653/1235/1443
s 0
f 650/1226/1444 134/1006/1444 505/1005/1444
s 1
f 674/1236/1445 553/1019/1446 533/979/1447
f 674/1236/1445 533/979/1447 637/1229/1448
f 533/979/1449 564/978/1450 102/1228/1451
s 0
f 564/978/1452 552/980/1452 638/1237/1452
f 651/1238/1453 584/1167/1453 534/1239/1453
s 1
f 534/1230/1432 606/1115/1434 651/1240/1454
s 0
f 651/1240/1455 606/1115/1455 604/1241/1455
f 670/1242/1456 147/897/1456 571/899/1456
s 1
f 460/809/996 622/1187/1357 630/1007/1110
s 0
f 559/1009/1457 140/97/1457 623/1213/1457
f 624/1189/1458 573/1191/1458 652/1222/1458
f 654/1243/1459 620/1244/1459 658/1245/1459
f 620/1129/1460 627/1131/1460 658/1246/1460
f 658/1246/1461 627/1131/1461 673/1247/1461
s 1
f 715/1091/1249 558/1036/1154 660/1248/1462
f 103/1249/1463 125/942/1464 112/1250/1465
s 0
f 639/1128/1466 117/1043/1466 590/1016/1466
f 568/946/1467 471/855/1467 714/1251/1467
s 1
f 111/1227/1428 569/977/1427 715/1091/1468
s 0
f 718/1206/1469 647/1105/1469 702/1252/1469
s 1
f 671/1253/1470 554/810/995 692/1023/1471
s 0
f 727/1254/1472 104/62/1472 685/1255/1472
f 665/1256/1473 107/61/1473 496/1257/1473
f 623/1213/1474 537/1024/1474 751/1216/1474
s 1
f 644/1258/1475 550/1232/1436 661/993/1438
f 519/925/1103 586/1066/1476 668/1259/1477
f 657/1260/1478 568/946/1479 714/1251/1480
s 0
f 654/1243/1481 673/1247/1481 627/1131/1481
s 1
f 654/1243/1482 658/1245/1483 669/1261/1484
s 0
f 733/1262/1485 673/1263/1485 655/1264/1485
f 655/1264/1486 627/1265/1486 733/1262/1486
s 1
f 552/980/1487 629/1200/1488 108/1093/1489
f 621/1202/1380 116/66/1379 656/1203/1381
s 0
f 125/942/1490 103/1249/1490 661/993/1490
s 1
f 112/1250/1491 125/942/1492 686/1266/1493
f 146/918/1234 632/1119/1281 678/1218/1494
f 519/925/1103 668/1259/1477 649/1267/1104
f 586/1066/1495 568/946/1211 688/1268/1496
f 657/1260/1497 688/1268/1496 568/946/1211
s 0
f 654/1269/1498 627/1265/1498 655/1264/1498
f 655/1264/1499 673/1263/1499 669/1270/1499
f 673/1247/1500 654/1243/1500 669/1261/1500
s 1
f 627/1265/1294 512/932/1293 733/1262/1501
f 512/932/1293 645/990/1502 733/1262/1501
s 0
f 121/1271/1503 651/1272/1503 122/1273/1503
s 1
f 528/992/1220 536/982/1222 705/1274/1504
f 643/54/1505 670/1275/1506 676/1276/1507
f 670/1277/1508 571/1212/1508 630/1007/1508
f 685/1255/1509 105/60/45 693/63/48
s 0
f 728/1278/1510 693/63/1510 106/59/1510
s 1
f 687/1279/1511 518/1194/1512 662/1280/1513
s 0
f 518/1194/1514 539/1281/1514 662/1280/1514
f 666/1282/1515 489/1126/1515 762/1125/1515
s 1
f 653/1283/1516 641/1284/1517 683/1197/1518
f 646/950/1156 660/1248/1462 558/1036/1154
s 0
f 651/1238/1519 121/1082/1519 584/1167/1519
f 120/1117/1520 534/1285/1520 603/1111/1520
f 535/1100/1521 528/992/1521 705/1274/1521
f 670/1275/1522 643/54/1522 768/56/1522
f 114/1053/1523 559/1009/1523 665/1286/1523
f 714/1251/1524 471/855/1524 640/1015/1524
s 1
f 505/1287/1525 111/1288/1526 689/1289/1527
f 715/1290/1528 660/1291/1529 716/1292/1530
f 496/1257/1138 107/61/1531 692/1293/1136
f 664/1294/1532 634/1181/1349 563/987/1288
s 0
f 640/1015/1533 653/1295/1533 714/1251/1533
f 683/1197/1534 626/1196/1534 653/1283/1534
f 653/1283/1535 626/1196/1535 709/1214/1535
s 1
f 709/1195/1536 527/879/1537 683/1296/1538
f 669/1297/1484 658/1298/1483 732/1299/1539
s 0
f 658/1298/1540 673/1263/1540 732/1299/1540
f 629/1200/1541 553/1019/1541 674/1236/1541
s 1
f 125/942/1492 101/1233/1542 686/1266/1493
s 0
f 687/1300/1543 652/1222/1543 680/1301/1543
f 624/1189/1544 652/1222/1544 687/1300/1544
s 1
f 687/1302/1545 680/1303/1546 682/1304/1547
s 0
f 680/1305/1548 624/1189/1548 662/1306/1548
s 1
f 624/1189/1549 687/1300/1511 662/1306/1550
f 641/1199/1373 581/1004/1107 94/1307/1551
s 0
f 654/1308/1552 655/1309/1552 732/1299/1552
s 1
f 779/1310/1553 646/950/1554 108/1018/1555
f 552/980/1251 520/1201/1556 638/1237/1557
f 520/65/1556 115/64/1558 638/1311/1557
f 647/1312/1559 122/1273/1560 604/1313/1561
f 122/1273/1562 651/1272/1563 604/1313/1561
s 0
f 603/1108/1564 534/1314/1564 604/1097/1564
s 1
f 554/810/995 671/1253/1470 622/1187/1357
s 0
f 107/61/1565 104/62/1565 692/1293/1565
f 751/1216/1566 139/92/1566 644/1217/1566
s 1
f 682/1315/1547 518/1194/1567 687/1279/1545
f 755/1316/1568 667/1317/1569 663/1148/1570
f 664/1294/1532 563/987/1288 639/1128/1290
s 0
f 620/1318/1571 654/1308/1571 732/1299/1571
s 1
f 655/1309/1572 669/1297/1572 732/1299/1572
f 694/1319/1573 681/1320/1574 645/990/1502
f 604/1321/1575 534/1322/1576 705/1274/1577
s 0
f 690/1323/1578 670/1277/1578 630/1007/1578
s 1
f 104/62/47 105/60/45 685/1255/1509
f 644/1258/1579 661/993/1580 103/1249/1581
f 103/1249/1463 112/1250/1465 730/1324/1582
f 652/1124/1583 518/1194/1567 682/1315/1547
f 634/1325/1349 755/1316/1584 663/1148/1370
f 564/978/1450 757/1326/1585 102/1228/1451
f 536/982/1586 132/934/1355 712/1186/1356
s 0
f 760/1327/1587 619/915/1587 620/1129/1587
s 1
f 645/990/1502 110/1067/1588 694/1319/1589
s 0
f 697/1328/1590 695/1329/1590 699/1330/1590
f 699/1331/1591 695/1332/1591 704/1333/1591
s 1
f 695/1332/1592 696/1334/1593 704/1333/1594
s 0
f 697/1328/1595 696/1335/1595 700/1336/1595
s 1
f 696/1337/1593 695/1338/1592 700/1339/1596
s 0
f 699/1331/1597 704/1333/1597 700/1340/1597
s 1
f 700/1336/1598 704/1341/1594 697/1328/1599
s 0
f 699/1330/1600 696/1335/1600 697/1328/1600
s 1
f 698/1342/1601 704/1333/1594 696/1334/1593
f 696/1334/1602 699/1343/1602 698/1342/1602
s 0
f 695/1329/1603 697/1328/1603 702/1344/1603
s 1
f 702/1345/1604 726/1346/1604 695/1338/1604
s 0
f 698/1342/1605 699/1343/1605 700/1347/1605
f 700/1339/1606 695/1338/1606 698/1348/1606
s 1
f 698/1348/1607 695/1338/1608 726/1346/1609
s 0
f 702/1344/1610 701/1349/1610 718/1350/1610
f 702/1344/1611 697/1328/1611 701/1349/1611
s 1
f 704/1341/1594 698/1351/1601 758/1352/1612
f 705/1274/1577 534/1322/1613 535/1100/1614
s 0
f 712/1186/1615 670/1208/1615 768/1353/1615
f 106/59/1616 107/61/1616 665/1256/1616
s 1
f 706/1354/1390 624/1189/1392 680/1305/1617
s 0
f 682/1304/1618 680/1303/1618 662/1355/1618
f 666/1356/1619 662/1355/1619 539/1357/1619
f 100/1358/1620 99/1359/1620 663/1148/1620
f 99/1359/1621 707/1360/1621 663/1148/1621
f 707/1360/1622 99/1359/1622 708/1361/1622
f 99/1362/1623 100/1358/1623 708/1361/1623
s 1
f 708/1361/1624 100/1358/1624 667/1317/1624
s 0
f 100/1358/1625 663/1148/1625 667/1317/1625
s 1
f 94/1307/1551 581/1004/1107 725/1363/1626
s 0
f 110/1067/1627 650/1226/1627 694/1319/1627
s 1
f 111/1227/1428 715/1091/1468 722/1364/1628
s 0
f 715/1365/1629 90/1366/1629 722/1367/1629
f 716/1292/1630 722/1368/1630 90/1369/1630
s 1
f 715/1290/1528 716/1292/1631 710/1370/1632
f 598/67/1633 621/1202/1633 115/64/1633
s 0
f 578/74/1634 123/77/1634 718/1371/1634
s 1
f 702/1345/1635 647/1312/1636 604/1313/1637
f 663/1148/1087 707/1360/1638 762/1146/1308
f 707/1360/1639 708/1361/1640 762/1146/1641
f 708/1361/1640 667/1317/1642 762/1146/1641
s 0
f 714/1372/1643 653/1373/1643 709/1374/1643
s 1
f 683/1375/1518 641/1376/1517 94/1377/1644
f 777/1378/1645 619/1379/1351 760/1380/1646
f 650/1381/1647 505/1287/1648 689/1289/1649
f 722/1368/1650 763/1382/1651 784/1383/1652
s 0
f 90/1366/1653 784/1384/1653 763/1385/1653
f 763/1382/1654 722/1368/1654 716/1292/1654
f 665/1286/1655 559/1009/1655 623/1213/1655
f 721/1386/1656 706/1387/1656 680/1388/1656
f 680/1388/1657 719/1389/1657 720/1390/1657
f 666/1391/1658 706/1387/1658 721/1386/1658
s 1
f 706/1392/1659 666/1393/1660 719/1394/1661
s 0
f 720/1390/1662 721/1386/1662 680/1388/1662
f 720/1395/1663 666/1282/1663 762/1125/1663
s 1
f 762/1146/1664 667/1317/1569 755/1316/1568
f 752/1396/1665 586/1066/1476 688/1268/1666
s 0
f 784/1384/1667 90/1366/1667 715/1365/1667
s 1
f 660/1248/1462 646/950/1156 779/1310/1668
f 108/1093/1489 629/1200/1669 753/1397/1670
s 0
f 656/1203/1671 578/1398/1671 766/1399/1671
s 1
f 692/1293/1672 104/62/1673 727/1254/1674
s 0
f 665/1286/1675 623/1213/1675 751/1216/1675
s 1
f 112/1250/1676 770/1400/1677 730/1324/1678
s 0
f 666/1356/1679 721/1401/1679 662/1355/1679
s 1
f 581/1004/1107 619/1182/1351 777/1402/1645
f 733/1262/1501 645/990/1502 681/1320/1574
f 697/1328/1599 704/1341/1594 758/1352/1612
f 698/1403/1607 726/1404/1609 734/1405/1680
f 643/54/1505 676/1276/1507 95/55/1681
s 0
f 676/1406/1682 670/1407/1682 685/1408/1682
f 670/1407/1683 690/1409/1683 685/1408/1683
s 1
f 585/919/1684 906/1410/1685 101/1233/1441
f 755/1316/1584 634/1325/1349 829/1411/1686
f 657/1260/1497 759/1412/1687 688/1268/1496
f 638/1311/1688 115/64/1689 867/1413/1690
f 115/64/1689 723/1414/1691 867/1413/1690
f 723/1414/1692 115/64/1693 766/1399/1694
f 693/1415/48 769/1416/1695 676/1406/1696
s 0
f 682/1304/1697 662/1355/1697 720/1417/1697
f 721/1401/1698 720/1417/1698 662/1355/1698
s 1
f 829/1418/1686 634/1419/1349 664/1420/1532
f 732/1299/1699 673/1263/1700 733/1262/1701
s 0
f 784/1384/1702 715/1365/1702 710/1421/1702
s 1
f 621/1202/1380 766/1399/1694 115/64/1693
s 0
f 578/1398/1703 718/1422/1703 766/1399/1703
s 1
f 737/1423/1704 622/1187/1705 671/1253/1706
f 685/1408/1509 693/1415/48 676/1406/1696
s 0
f 740/1424/1707 739/1425/1707 630/1007/1707
f 740/1424/1708 630/1007/1708 622/1187/1708
f 622/1426/1709 737/1427/1709 740/1428/1709
f 742/1429/1710 739/1430/1710 743/1431/1710
s 1
f 671/1432/1711 692/1293/1672 727/1254/1674
s 0
f 630/1433/1712 739/1430/1712 742/1429/1712
s 1
f 742/1434/1713 740/1428/1714 737/1427/1715
s 0
f 743/1435/1716 740/1428/1716 742/1434/1716
s 1
f 744/1436/1717 742/1434/1713 737/1427/1715
f 690/1437/1718 630/1438/1719 737/1439/1720
s 0
f 630/1433/1721 742/1429/1721 745/1440/1721
f 742/1429/1722 744/1441/1722 745/1440/1722
s 1
f 744/1436/1723 737/1427/1723 746/1442/1723
s 0
f 630/1443/1724 745/1444/1724 737/1427/1724
s 1
f 745/1444/1725 744/1445/1726 737/1427/1727
f 743/1446/1728 749/1447/1729 737/1439/1730
s 0
f 747/1448/1731 740/1449/1731 748/1450/1731
f 740/1428/1732 743/1435/1732 748/1451/1732
s 1
f 743/1452/1733 737/1423/1704 748/1453/1734
f 737/1423/1704 671/1253/1706 748/1453/1734
s 0
f 748/1450/1735 749/1454/1735 747/1448/1735
f 739/1455/1736 740/1449/1736 747/1448/1736
s 1
f 737/1439/1737 749/1447/1738 690/1437/1739
s 0
f 749/1447/1740 748/1456/1740 690/1437/1740
f 748/1456/1741 671/1457/1741 690/1437/1741
s 1
f 690/1458/1742 671/1459/1743 743/1431/1744
s 0
f 671/1460/1745 747/1448/1745 743/1461/1745
s 1
f 747/1448/1746 749/1454/1729 743/1461/1728
f 685/1408/1747 690/1409/1748 750/1462/1749
f 743/1431/1744 739/1430/1750 690/1458/1742
s 0
f 747/1448/1751 671/1460/1751 739/1455/1751
f 750/1463/1752 727/1254/1752 685/1255/1752
s 1
f 750/1462/1749 690/1409/1753 739/1464/1754
s 0
f 671/1432/1755 727/1254/1755 739/1465/1755
f 727/1254/1756 750/1463/1756 728/1466/1756
s 1
f 739/1465/1757 727/1254/1758 728/1466/1759
s 0
f 728/1466/1760 750/1463/1760 693/1467/1760
s 1
f 770/1400/1677 112/1250/1676 686/1266/1761
s 0
f 833/1468/1762 829/1418/1762 664/1420/1762
s 1
f 639/1128/1290 590/1016/1763 752/1469/1764
f 620/1318/1765 732/1299/1699 760/1470/1766
s 0
f 716/1292/1767 90/1369/1767 710/1370/1767
s 1
f 750/1462/1749 739/1464/1754 693/1471/1768
f 585/919/1411 678/1218/1410 906/1410/1769
f 680/1301/1770 652/1222/1770 719/1472/1770
s 0
f 719/1394/1771 666/1393/1771 720/1473/1771
s 1
f 891/1474/1772 657/1260/1478 714/1251/1480
s 0
f 94/1377/1773 714/1372/1773 683/1375/1773
s 1
f 637/1229/1431 102/1228/1430 843/1475/1774
f 590/1016/1208 649/1001/1396 752/1469/1775
f 668/1259/1477 586/1066/1476 752/1396/1665
s 0
f 756/1476/1776 714/1477/1776 94/1478/1776
s 1
f 753/1397/1670 629/1200/1669 674/1236/1777
f 564/978/1450 638/1237/1778 757/1326/1585
f 665/1479/1779 751/1480/1779 764/1481/1779
f 761/1482/1780 678/1483/1494 632/1484/1281
f 761/1482/1781 706/1392/1659 719/1394/1661
f 720/1485/1782 652/1124/1783 682/1315/1784
f 664/1294/1532 639/1128/1290 752/1469/1764
f 777/1378/1645 760/1380/1646 838/1486/1785
s 0
f 758/1487/1786 698/1403/1786 734/1405/1786
f 776/1488/1787 756/1476/1787 94/1478/1787
s 1
f 735/57/1788 768/56/40 95/55/39
f 736/58/43 95/55/42 846/1489/1789
s 0
f 769/1416/1790 693/1415/1790 739/1490/1790
f 108/1093/1791 753/1397/1791 779/1491/1791
s 1
f 843/1475/1792 102/1228/1451 757/1326/1585
f 867/1413/1690 723/1414/1691 834/1492/1793
f 656/1203/1381 766/1399/1794 621/1202/1380
s 0
f 93/1493/1795 728/1278/1795 106/59/1795
s 1
f 853/1494/1796 644/1258/1579 103/1249/1581
f 770/1400/1677 686/1266/1761 788/1495/1797
s 0
f 91/51/1798 773/1496/1798 836/1497/1798
f 632/1484/1799 706/1392/1799 761/1482/1799
f 775/1498/1800 683/1375/1800 714/1372/1800
s 1
f 709/1195/1536 683/1296/1538 775/1499/1801
s 0
f 776/1500/1802 714/1372/1802 709/1374/1802
s 1
f 111/1288/1526 722/1501/1803 689/1289/1527
f 689/1289/1527 722/1501/1803 783/1502/1804
f 660/1503/1805 839/1504/1806 778/1505/1807
s 0
f 718/1422/1808 701/1506/1808 766/1399/1808
f 697/1328/1809 758/1352/1809 701/1349/1809
f 758/1487/1810 734/1405/1810 767/1507/1810
s 1
f 780/1508/1811 604/1321/1575 705/1274/1577
s 0
f 536/982/1812 712/1186/1812 705/1274/1812
f 773/1496/1813 91/51/1813 774/53/1813
f 761/1482/1814 719/1394/1814 652/1509/1814
f 775/1498/1815 714/1372/1815 776/1500/1815
f 782/48/1816 763/1510/1816 716/1511/1816
s 1
f 726/1346/1817 702/1345/1635 604/1313/1637
f 846/1489/1789 95/55/42 831/1512/1818
s 0
f 106/59/1819 665/1256/1819 93/1493/1819
s 1
f 788/1495/1820 686/1266/1493 101/1233/1542
f 906/1410/1821 678/1218/1822 92/1513/1823
s 0
f 92/1514/1824 678/1515/1824 781/1516/1824
s 1
f 720/1395/1825 762/1125/1826 832/1517/1827
f 762/1146/1828 877/1518/1829 863/1519/1830
f 877/1518/1831 762/1146/1664 755/1316/1568
f 649/1267/1104 668/1259/1477 752/1396/1665
s 0
f 776/1488/1832 94/1478/1832 775/1520/1832
s 1
f 581/1004/1107 777/1402/1645 725/1363/1626
s 0
f 660/1503/1833 778/1505/1833 771/1521/1833
s 1
f 787/1522/1834 716/1523/1530 660/1524/1529
s 0
f 771/1521/1835 716/1525/1835 786/1526/1835
s 1
f 786/1526/1836 716/1525/1837 787/1527/1838
s 0
f 787/1522/1839 660/1524/1839 785/1528/1839
f 785/1528/1840 660/1524/1840 786/1529/1840
f 660/1524/1841 771/1530/1841 786/1529/1841
s 1
f 786/1531/1836 787/1532/1838 839/1504/1842
s 0
f 889/1533/1843 786/1534/1843 839/1535/1843
s 1
f 95/55/1844 676/1276/1845 769/1536/1846
f 764/1481/1847 644/1537/1848 853/1538/1849
f 88/1539/1850 92/1514/1851 781/1516/1852
f 793/1540/1853 791/1541/1854 813/1542/1855
f 792/1543/1856 791/1544/1856 794/1545/1856
f 794/1546/1857 791/1541/1854 793/1540/1853
s 0
f 790/1547/1858 792/1543/1858 794/1545/1858
f 793/1548/1859 813/1549/1859 792/1543/1859
s 1
f 811/1550/1860 802/1551/1860 810/1552/1860
s 0
f 804/1553/1861 810/1554/1861 799/1555/1861
f 810/1554/1862 802/1556/1862 799/1555/1862
f 799/1557/1863 797/1558/1863 808/1559/1863
f 798/1560/1864 797/1561/1864 799/1562/1864
f 808/1559/1865 797/1558/1865 802/1563/1865
s 1
f 800/1564/1866 796/1565/1867 797/1566/1868
s 0
f 800/1567/1869 808/1559/1869 802/1563/1869
f 797/1568/1870 796/1569/1870 802/1570/1870
s 1
f 796/1565/1867 800/1564/1866 801/1571/1871
s 0
f 800/1564/1872 802/1572/1872 801/1571/1872
s 1
f 803/1573/1873 802/1570/1874 796/1569/1875
f 802/1572/1876 804/1574/1877 805/1575/1878
s 0
f 807/1576/1879 798/1577/1879 801/1571/1879
f 798/1577/1880 806/1578/1880 801/1571/1880
s 1
f 806/1578/1881 807/1579/1882 805/1580/1883
s 0
f 805/1575/1884 807/1576/1884 801/1571/1884
f 806/1578/1885 796/1565/1885 801/1571/1885
f 808/1559/1886 796/1581/1886 811/1582/1886
f 796/1583/1887 799/1555/1887 811/1584/1887
f 811/1584/1888 799/1555/1888 803/1585/1888
f 799/1555/1889 802/1556/1889 803/1585/1889
s 1
f 796/1581/1875 808/1559/1890 803/1586/1873
s 0
f 802/1572/1891 805/1575/1891 801/1571/1891
s 1
f 809/1587/1892 799/1557/1893 808/1559/1894
s 0
f 797/1561/1895 798/1560/1895 807/1588/1895
f 798/1560/1896 799/1562/1896 796/1589/1896
s 1
f 805/1580/1883 796/1565/1897 806/1578/1881
s 0
f 797/1561/1898 807/1588/1898 800/1590/1898
f 807/1579/1899 806/1578/1899 815/1591/1899
f 798/1560/1900 796/1589/1900 805/1592/1900
f 806/1578/1901 798/1577/1901 815/1591/1901
s 1
f 815/1593/1902 798/1560/1903 809/1594/1904
s 0
f 798/1560/1905 805/1592/1905 809/1594/1905
s 1
f 799/1595/1893 809/1594/1892 805/1592/1906
s 0
f 813/1596/1907 804/1597/1907 799/1598/1907
f 813/1596/1908 799/1598/1908 814/1599/1908
f 799/1598/1909 805/1600/1909 814/1599/1909
f 814/1599/1910 805/1600/1910 815/1601/1910
f 804/1597/1911 813/1596/1911 815/1602/1911
s 1
f 805/1603/1878 804/1597/1877 815/1602/1912
s 0
f 813/1604/1913 807/1605/1913 815/1606/1913
f 827/1607/1914 803/1586/1914 808/1559/1914
s 1
f 812/1608/1915 807/1605/1916 813/1604/1917
s 0
f 809/1587/1918 808/1559/1918 810/1609/1918
s 1
f 810/1609/1919 808/1559/1919 811/1582/1919
s 0
f 812/1610/1920 795/1611/1920 817/1612/1920
s 1
f 795/1611/1921 812/1610/1915 813/1613/1917
s 0
f 819/1614/1922 803/1586/1922 827/1607/1922
s 1
f 820/1615/1923 807/1605/1924 814/1616/1925
f 807/1605/1926 812/1608/1927 814/1616/1928
s 0
f 813/1617/1929 814/1618/1929 809/1594/1929
s 1
f 812/1610/1930 809/1594/1931 814/1618/1932
s 0
f 826/1619/1933 807/1605/1933 820/1615/1933
f 811/1550/1934 803/1620/1934 818/1621/1934
s 1
f 812/1610/1930 817/1612/1935 809/1594/1931
f 809/1594/1936 817/1612/1937 815/1593/1938
s 0
f 817/1622/1939 814/1599/1939 815/1601/1939
s 1
f 818/1623/1940 810/1554/1940 804/1553/1940
s 0
f 804/1624/1941 802/1625/1941 819/1626/1941
s 1
f 819/1626/1942 802/1625/1943 818/1627/1944
f 802/1551/1945 811/1550/1946 818/1621/1944
s 0
f 800/1628/1947 807/1605/1947 826/1619/1947
s 1
f 820/1629/1923 814/1599/1925 817/1622/1948
s 0
f 824/1630/1949 813/1549/1949 809/1631/1949
f 821/1632/1950 818/1633/1950 804/1624/1950
f 818/1621/1951 803/1620/1951 822/1634/1951
s 1
f 822/1635/1952 803/1636/1953 821/1637/1954
s 0
f 803/1636/1955 819/1626/1955 821/1637/1955
f 819/1626/1956 818/1627/1956 821/1637/1956
f 821/1632/1957 804/1624/1957 823/1638/1957
s 1
f 823/1638/1958 804/1624/1959 819/1626/1960
s 0
f 820/1639/1961 795/1640/1961 819/1641/1961
f 790/1547/1962 793/1548/1962 792/1543/1962
f 810/1554/1963 818/1623/1963 822/1642/1963
s 1
f 822/1643/1952 821/1632/1954 823/1638/1964
s 0
f 795/1611/1965 813/1613/1965 791/1644/1965
f 791/1544/1966 792/1543/1966 823/1645/1966
f 792/1543/1967 813/1549/1967 823/1645/1967
f 813/1549/1968 824/1630/1968 823/1645/1968
f 795/1640/1969 791/1646/1969 823/1647/1969
f 823/1645/1970 824/1630/1970 790/1648/1970
f 824/1630/1971 793/1649/1971 790/1648/1971
s 1
f 819/1641/1960 795/1640/1972 823/1647/1958
s 0
f 793/1540/1973 824/1650/1973 794/1546/1973
f 822/1642/1974 823/1651/1974 810/1554/1974
s 1
f 823/1645/1975 790/1648/1976 794/1652/1977
s 0
f 794/1546/1978 824/1650/1978 817/1653/1978
f 817/1653/1979 795/1654/1979 825/1655/1979
f 795/1640/1980 820/1639/1980 825/1656/1980
f 820/1639/1981 817/1657/1981 824/1658/1981
s 1
f 824/1659/1982 809/1660/1983 825/1661/1984
s 0
f 794/1546/1985 817/1653/1985 825/1655/1985
f 824/1658/1986 825/1656/1986 820/1639/1986
f 823/1662/1987 825/1661/1987 810/1663/1987
s 1
f 823/1645/1975 794/1652/1977 825/1664/1988
s 0
f 820/1665/1989 809/1666/1989 810/1667/1989
f 810/1663/1990 825/1661/1990 819/1641/1990
s 1
f 825/1661/1984 809/1660/1983 819/1641/1991
s 0
f 819/1641/1992 809/1660/1992 820/1639/1992
f 819/1614/1993 827/1607/1993 810/1667/1993
f 800/1567/1994 826/1668/1994 808/1559/1994
f 820/1665/1995 810/1667/1995 827/1607/1995
f 820/1665/1996 827/1607/1996 826/1669/1996
f 826/1669/1997 827/1607/1997 830/1670/1997
f 808/1559/1998 826/1668/1998 830/1671/1998
s 1
f 828/1672/1999 808/1559/2000 830/1671/2001
s 0
f 808/1559/2002 828/1672/2002 827/1607/2002
s 1
f 827/1607/2003 828/1672/2004 829/1411/1686
s 0
f 891/1474/2005 759/1412/2005 657/1260/2005
s 1
f 778/1673/2006 787/1522/2007 785/1528/2008
f 851/1674/2009 637/1229/2010 843/1475/2011
f 831/1512/2012 95/55/1844 769/1536/1846
s 0
f 853/1494/2013 103/1249/2013 772/1675/2013
s 1
f 87/1676/2014 94/1307/1551 725/1363/1626
s 0
f 782/48/2015 716/1511/2015 778/49/2015
f 716/1525/2016 771/1521/2016 778/1505/2016
s 1
f 787/1532/2007 778/1505/2006 839/1504/2017
f 652/1509/2018 720/1677/1782 761/1482/2019
s 0
f 778/1673/2020 785/1528/2020 786/1529/2020
s 1
f 839/1504/2021 660/1503/2022 779/1678/2023
f 836/1679/2024 789/1680/2025 835/1681/2026
f 837/1682/2027 678/1483/2028 761/1482/2029
f 678/1483/2030 837/1682/2031 88/1683/2032
f 864/1684/2033 725/1363/1626 777/1402/1645
f 710/1685/2034 90/1686/2035 782/48/2036
s 0
f 782/48/2037 90/1686/2037 763/1510/2037
s 1
f 851/1674/2009 674/1236/2038 637/1229/2010
s 0
f 857/1687/2039 842/1688/2039 866/41/2039
s 1
f 751/1480/2040 644/1537/1848 764/1481/2041
f 761/1689/2042 720/1395/2043 832/1517/2044
s 0
f 756/1476/2045 776/1488/2045 87/1690/2045
s 1
f 864/1691/2046 777/1378/2047 865/1692/2048
f 777/1378/2047 838/1486/2049 865/1692/2048
f 869/1693/2050 733/1262/2051 681/1320/2052
s 0
f 89/1694/2053 722/1695/2053 840/1696/2053
s 1
f 722/1695/1650 784/1697/1652 840/1696/2054
s 0
f 710/1698/2055 840/1699/2055 841/1700/2055
f 841/1701/2056 840/1696/2056 784/1697/2056
f 841/1701/2057 784/1697/2057 783/1702/2057
f 784/1697/2058 710/1703/2058 783/1702/2058
f 783/1704/2059 722/1695/2059 841/1705/2059
f 86/1706/2060 842/1688/2060 857/1687/2060
s 1
f 843/1707/1792 757/1708/1585 870/1709/2061
f 734/1405/2062 78/1710/2062 844/1711/2062
s 0
f 862/1712/2063 853/1538/2063 772/1713/2063
s 1
f 101/1233/1542 848/1714/2064 847/1715/2065
s 0
f 781/1716/2066 678/1717/2066 849/1718/2066
s 1
f 755/1316/1584 829/1411/1686 877/1518/2067
s 0
f 776/1488/2068 709/1719/2068 87/1690/2068
s 1
f 709/1719/2069 775/1720/2069 87/1690/2069
f 783/1721/2070 710/1698/2070 89/1722/2070
f 782/48/2036 85/1723/2071 710/1685/2034
s 0
f 701/1506/2072 758/1724/2072 766/1399/2072
s 1
f 767/1507/2073 734/1405/2074 844/1711/2075
f 788/1495/1820 101/1233/1542 854/1725/2076
f 101/1233/1542 847/1715/2065 854/1725/2076
s 0
f 847/1715/2077 848/1714/2077 855/1726/2077
f 848/1714/2078 101/1233/2078 906/1410/2078
f 678/1727/2079 88/1728/2079 856/1729/2079
f 88/1539/2080 781/1516/2080 856/1730/2080
f 678/1727/2081 856/1729/2081 849/1731/2081
f 781/1716/2082 849/1718/2082 872/1732/2082
f 837/1733/2083 761/1734/2083 849/1731/2083
s 1
f 833/1468/2084 664/1420/1532 752/1735/1764
f 87/1690/2014 775/1720/2085 94/1736/1551
f 710/1698/2086 841/1700/2086 89/1722/2086
s 0
f 841/1705/2087 722/1695/2087 89/1694/2087
s 1
f 889/1533/2088 850/1737/2089 786/1534/2090
f 768/1353/2091 705/1274/2092 712/1186/2093
f 854/1725/2076 847/1738/2094 788/1495/1820
f 847/1738/2095 855/1726/2096 788/1495/1820
s 0
f 855/1726/2097 848/1714/2097 788/1495/2097
f 906/1410/2098 788/1495/2098 848/1714/2098
f 849/1731/2099 856/1729/2099 837/1733/2099
s 1
f 752/1396/1665 688/1268/1666 882/1739/2100
s 0
f 714/1477/2101 756/1476/2101 891/1740/2101
s 1
f 869/1741/2050 694/1742/2102 911/1743/2103
s 0
f 861/1744/2104 842/1688/2104 86/1706/2104
s 1
f 857/1687/2105 866/41/2106 843/1475/2107
f 705/1274/2092 768/1353/2091 780/1508/2108
s 0
f 836/1679/2109 69/1745/2109 91/1746/2109
s 1
f 837/1747/2110 856/1730/2111 872/1748/2112
f 856/1730/2111 781/1516/2113 872/1748/2112
f 877/1518/2067 829/1411/1686 828/1672/2004
f 904/1749/2114 760/1750/1766 985/1751/2115
f 869/1693/2050 760/1470/1766 732/1299/1699
s 0
f 726/1752/2116 604/1321/2116 780/1508/2116
s 1
f 764/1481/2117 860/1753/2118 665/1479/2119
s 0
f 69/1745/2120 836/1679/2120 835/1681/2120
s 1
f 773/1496/2121 789/1754/2025 836/1497/2024
s 0
f 914/1755/2122 773/1496/2122 774/53/2122
f 872/1732/2123 849/1718/2123 761/1756/2123
s 1
f 882/1757/2124 833/1468/2084 752/1735/1764
f 873/1758/2125 864/1691/2046 865/1692/2048
s 0
f 838/1486/2126 879/1759/2126 865/1692/2126
s 1
f 985/1760/2115 760/1761/1766 869/1741/2050
f 869/1693/2050 681/1320/2052 694/1319/2102
f 884/1762/2127 650/1381/1647 689/1289/1649
s 0
f 85/1763/2128 778/49/2128 786/1764/2128
f 851/1674/2129 779/1491/2129 753/1397/2129
s 1
f 735/57/41 736/58/43 880/1765/2130
f 938/1766/2131 739/1767/1757 728/1768/1759
f 93/1493/2132 665/1256/2133 860/1769/2118
s 0
f 832/1517/2134 762/1125/2134 863/1770/2134
s 1
f 688/1268/1666 759/1412/2135 882/1739/2100
f 725/1363/1626 864/1684/2033 87/1676/2014
f 694/1771/2136 650/1381/2137 911/1772/2138
f 911/1772/2138 650/1381/2137 884/1762/2139
s 0
f 783/1721/2140 89/1722/2140 840/1773/2140
s 1
f 840/1774/2141 710/1685/2142 85/1723/2143
f 893/1775/2144 840/1774/2141 85/1723/2143
s 0
f 874/1776/2145 782/48/2145 84/47/2145
f 84/44/2146 85/46/2146 786/1777/2146
s 1
f 866/41/2106 851/1674/2147 843/1475/2107
s 0
f 734/1405/2148 726/1404/2148 78/1710/2148
f 726/1752/2149 780/1508/2149 944/1778/2149
s 1
f 770/1400/1677 788/1495/1797 83/1779/2150
s 0
f 838/1486/2151 760/1380/2151 876/1780/2151
s 1
f 733/1262/2051 869/1693/2050 732/1299/1699
s 0
f 875/1781/2152 778/49/2152 874/1782/2152
f 778/49/2153 875/1781/2153 84/47/2153
s 1
f 889/1533/2154 839/1535/2155 81/1783/2156
f 851/1674/2009 753/1397/2157 674/1236/2038
f 890/43/2158 851/1674/2147 866/41/2106
f 757/1708/1585 638/1311/1778 870/1709/2061
s 0
f 739/1767/2159 938/1766/2159 769/1536/2159
s 1
f 80/1784/2160 760/1380/2161 878/1785/2162
s 0
f 879/1759/2163 838/1486/2163 876/1780/2163
f 760/1380/2164 873/1786/2164 865/1787/2164
s 1
f 760/1380/2165 865/1787/2166 876/1780/2167
f 876/1788/2167 865/1789/2166 77/1790/2168
f 865/1791/2169 879/1792/2170 77/1793/2171
s 0
f 879/1794/2172 878/1795/2172 760/1796/2172
s 1
f 884/1762/2173 689/1289/1527 783/1502/1804
s 0
f 875/1797/2174 874/1798/2174 850/1799/2174
f 874/1798/2175 84/44/2175 850/1799/2175
s 1
f 850/1799/2089 84/44/2176 786/1777/2090
f 736/58/43 846/1489/1789 880/1765/2130
f 947/1800/2177 853/1538/1849 862/1712/2178
f 873/1786/2179 760/1380/2180 80/1784/2181
f 904/1801/2182 80/1802/2160 878/1803/2162
s 0
f 878/1795/2183 879/1794/2183 873/1804/2183
s 1
f 873/1804/2184 876/1788/2185 77/1790/2186
f 879/1792/2187 760/1750/2188 904/1749/2189
s 0
f 783/1502/2190 840/1805/2190 884/1762/2190
f 889/36/2191 81/1806/2191 82/39/2191
s 1
f 839/1535/2192 779/1807/2193 897/1808/2194
f 726/1809/2195 944/1810/2196 923/1811/2197
f 862/1712/2198 881/1812/2199 947/1800/2200
s 0
f 830/1670/2201 827/1607/2201 829/1411/2201
s 1
f 87/1676/2014 864/1684/2033 968/1813/2202
s 0
f 879/1794/2203 876/1788/2203 873/1804/2203
f 874/1782/2204 778/49/2204 85/1763/2204
f 885/1814/2205 843/1707/2205 870/1709/2205
s 1
f 834/1492/2206 723/1414/2207 886/1815/2208
f 881/1812/2199 862/1712/2198 72/1816/2209
s 0
f 892/1817/2210 891/1818/2210 756/1819/2210
s 1
f 896/1820/2211 76/40/29 82/39/28
s 0
f 890/43/2212 79/42/2212 909/1821/2212
f 843/1707/2213 885/1814/2213 937/1822/2213
s 1
f 723/1414/2207 766/1399/2214 886/1815/2215
f 767/1507/2073 844/1711/2075 887/1823/2216
f 761/1756/2217 939/1824/2218 925/1825/2219
f 761/1689/2217 832/1517/2220 939/1826/2218
s 0
f 908/1827/2221 891/1828/2221 903/1829/2221
f 891/1830/2222 892/1831/2222 901/1832/2222
s 1
f 892/1817/2223 87/1833/2224 902/1834/2225
s 0
f 87/1833/2226 901/1832/2226 902/1834/2226
f 901/1832/2227 892/1831/2227 903/1835/2227
f 903/1829/2228 892/1836/2228 908/1827/2228
s 1
f 908/1827/2229 892/1836/2223 902/1837/2225
f 901/1832/2230 903/1835/2231 902/1834/2232
f 864/1838/2233 873/1839/2184 77/1840/2186
f 77/1793/2171 879/1792/2187 904/1749/2189
s 0
f 937/1841/2234 86/1706/2234 857/1687/2234
f 638/1311/2235 867/1413/2235 74/1842/2235
f 780/1843/2236 768/56/2236 923/1844/2236
f 780/1845/2237 735/57/2237 880/1765/2237
s 1
f 730/1324/2238 770/1400/1677 83/1779/2150
f 900/1846/2239 882/1847/2240 891/1848/2241
f 882/1739/2242 759/1412/2243 942/1849/2244
s 0
f 891/1848/2245 882/1847/2245 907/1850/2245
f 882/1847/2246 942/1851/2246 907/1850/2246
f 891/1848/2247 907/1850/2247 759/1852/2247
s 1
f 759/1852/2248 907/1850/2249 900/1853/2250
f 908/1827/2229 902/1837/2225 915/1854/2251
f 902/1837/2232 903/1855/2231 915/1854/2252
f 915/1854/2253 903/1855/2254 87/1856/2255
s 0
f 903/1855/2256 891/1857/2256 87/1856/2256
f 891/1830/2257 901/1832/2257 87/1833/2257
s 1
f 892/1817/2223 756/1819/2258 87/1833/2224
f 878/1858/2259 873/1859/2260 916/1860/2261
s 0
f 904/1801/2262 916/1860/2262 920/1861/2262
s 1
f 916/1860/2261 873/1859/2260 920/1861/2263
f 920/1862/2264 873/1863/2179 80/1864/2181
s 0
f 875/45/2265 850/1865/2265 85/46/2265
s 1
f 889/1866/24 75/1867/26 895/1868/2266
f 82/1869/2267 81/1870/2268 905/1871/2269
f 866/41/2270 842/1688/2270 861/1744/2270
s 0
f 766/1399/2271 758/1724/2271 887/1872/2271
s 1
f 758/1487/2272 767/1507/2272 887/1823/2272
f 880/1765/2130 846/1489/1789 831/1512/1818
s 0
f 862/1712/2273 772/1713/2273 72/1816/2273
s 1
f 882/1757/2124 829/1418/2274 833/1468/2084
s 0
f 907/1850/2275 942/1851/2275 900/1853/2275
f 77/1840/2276 904/1873/2276 878/1874/2276
f 782/48/2277 874/1776/2277 85/1723/2277
f 905/1875/2278 889/1533/2278 895/1876/2278
f 912/1877/2279 922/1878/2279 895/1879/2279
f 75/1880/2280 82/1869/2280 905/1871/2280
s 1
f 81/1783/2281 839/1535/2192 897/1808/2194
f 929/1881/2282 851/1674/2283 890/43/2158
s 0
f 885/1882/2284 857/1883/2284 913/1884/2284
f 857/1687/2285 843/1475/2285 913/1885/2285
f 843/1886/2286 937/1887/2286 913/1884/2286
f 870/1888/2287 913/1884/2287 937/1887/2287
f 885/1889/2288 870/1890/2288 857/1687/2288
s 1
f 726/1809/2195 923/1811/2197 78/1891/2289
s 0
f 780/1845/2290 923/1892/2290 735/57/2290
s 1
f 92/50/1851 88/1893/1850 73/1894/2291
f 863/1519/2292 877/1518/2293 941/1895/2294
f 877/1518/2295 828/1672/2296 941/1895/2297
f 882/1757/2240 900/1896/2239 930/1897/2298
f 942/1849/2244 759/1412/2243 908/1898/2299
f 908/1899/2300 759/1852/2248 900/1853/2250
f 76/1900/2301 905/1871/2269 81/1870/2302
s 0
f 937/1901/2303 885/1902/2303 971/1903/2303
f 885/1882/2304 913/1884/2304 971/1904/2304
f 913/1884/2305 870/1888/2305 971/1904/2305
f 638/1311/2306 74/1842/2306 870/1709/2306
s 1
f 964/1905/2307 881/1812/2199 72/1816/2209
f 1006/1906/2308 863/1519/2292 941/1895/2294
f 830/1907/2309 829/1418/2310 882/1757/2311
f 864/1838/2312 77/1840/2313 920/1861/2314
f 77/1840/2315 878/1874/2315 916/1908/2315
s 0
f 850/1737/2316 889/1533/2316 922/1909/2316
f 889/1533/2317 905/1875/2317 922/1909/2317
s 1
f 905/1910/2318 76/40/29 896/1820/2211
s 0
f 82/1911/2319 75/1912/2319 896/1913/2319
f 861/1744/2320 86/1706/2320 937/1841/2320
f 78/1710/2321 917/1914/2321 887/1823/2321
f 906/1915/2322 91/1746/2322 948/1916/2322
f 924/1917/2323 914/1755/2323 774/53/2323
f 926/1918/2324 832/1517/2324 962/1919/2324
s 1
f 869/1741/2050 911/1743/2103 921/1920/2325
s 0
f 905/1921/2326 896/1922/2326 897/1923/2326
f 896/1913/2327 75/1912/2327 897/1924/2327
s 1
f 54/1925/2328 909/1821/2329 943/1926/2330
f 943/1926/2331 866/41/2332 861/1744/2333
s 0
f 844/1711/2334 78/1710/2334 887/1823/2334
f 831/1512/2335 769/1536/2335 938/1766/2335
s 1
f 83/1779/2336 788/1495/2336 72/1927/2336
s 0
f 788/1495/2337 906/1410/2337 72/1927/2337
f 73/1894/2338 924/1917/2338 92/50/2338
s 1
f 832/1517/2339 863/1770/2340 957/1928/2341
s 0
f 77/1840/2342 927/1929/2342 920/1861/2342
f 77/1840/2343 916/1908/2343 927/1929/2343
s 1
f 921/1920/2325 985/1760/2115 869/1741/2050
f 884/1762/2139 973/1930/2344 931/1931/2345
s 0
f 850/1932/2346 922/1878/2346 912/1877/2346
s 1
f 912/1933/2347 895/1868/2266 935/1934/2348
f 935/1934/2349 895/1868/2266 75/1867/26
s 0
f 933/1935/2350 922/1936/2350 928/1937/2350
f 922/1909/2351 905/1875/2351 928/1938/2351
f 936/1939/2352 928/1940/2352 905/1921/2352
s 1
f 76/1900/2301 81/1870/2302 897/1941/2353
s 0
f 929/1881/2354 779/1491/2354 851/1674/2354
s 1
f 867/1413/2355 834/1492/2356 932/1942/2357
f 831/1512/2358 938/1766/2359 963/1943/2360
f 728/1278/1759 93/1493/2132 860/1769/2118
f 947/1800/2177 764/1481/2361 853/1538/1849
f 72/1927/2362 772/1675/2363 103/1249/2364
s 0
f 850/1932/2365 912/1877/2365 928/1937/2365
f 935/1944/2366 75/1880/2366 905/1871/2366
f 895/1879/2367 922/1878/2367 933/1945/2367
f 905/1871/2368 895/1879/2368 933/1945/2368
f 935/1944/2369 905/1871/2369 934/1946/2369
f 934/1947/2370 933/1948/2370 936/1939/2370
s 1
f 936/1939/2371 933/1948/2372 935/1934/2373
f 933/1948/2372 912/1933/2374 935/1934/2375
s 0
f 905/1871/2376 933/1945/2376 934/1946/2376
f 735/57/2377 923/1892/2377 944/1949/2377
f 944/1950/2378 780/1845/2378 880/1765/2378
s 1
f 910/1951/2379 728/1278/1759 860/1769/2118
f 949/1952/2380 947/1800/2381 881/1812/2199
f 881/1812/2199 964/1905/2307 949/1952/2380
s 0
f 970/1953/2382 72/1954/2382 906/1915/2382
s 1
f 789/1754/2025 773/1496/2121 914/1755/2383
f 872/1732/2384 761/1756/2385 925/1825/2386
f 828/1672/2296 830/1671/2387 941/1895/2297
s 0
f 900/1846/2388 891/1848/2388 908/1955/2388
s 1
f 919/1956/2389 915/1854/2253 87/1856/2255
f 80/1802/2390 904/1801/2391 927/1929/2392
s 0
f 904/1801/2393 920/1861/2393 927/1929/2393
s 1
f 928/1937/2394 912/1877/2394 933/1935/2394
f 890/43/2395 909/1821/2396 54/1925/2397
s 0
f 909/1821/2398 79/42/2398 866/41/2398
f 857/1687/2399 870/1890/2399 937/1841/2399
s 1
f 74/1842/2400 867/1413/2401 932/1942/2357
s 0
f 923/1844/2402 768/56/2402 946/1957/2402
f 946/1957/2403 768/56/2403 735/57/2403
f 970/1953/2404 906/1915/2404 948/1916/2404
f 948/1916/2405 91/1746/2405 69/1745/2405
f 88/1958/2406 837/1959/2406 872/1960/2406
f 919/1956/2407 87/1856/2407 968/1961/2407
s 1
f 916/1962/2408 904/1749/2409 985/1751/2410
f 921/1920/2325 911/1743/2103 967/1963/2411
f 884/1762/2139 840/1805/2412 973/1930/2344
s 0
f 85/1964/2413 850/1965/2413 928/1966/2413
s 1
f 928/1940/2414 936/1939/2414 935/1934/2414
s 0
f 935/1967/2415 934/1968/2415 897/1969/2415
f 934/1947/2416 936/1939/2416 897/1923/2416
f 905/1921/2417 897/1923/2417 936/1939/2417
f 78/1891/2418 923/1811/2418 946/1970/2418
f 946/1957/2419 735/57/2419 944/1949/2419
s 1
f 938/1766/2131 728/1768/1759 910/1971/2379
f 774/53/35 92/50/37 924/1917/2420
s 0
f 930/1897/2421 900/1896/2421 942/1972/2421
s 1
f 916/1962/2408 985/1751/2410 968/1973/2422
f 884/1762/2139 931/1931/2345 911/1772/2138
s 0
f 861/1744/2423 937/1841/2423 943/1926/2423
s 1
f 991/1974/2424 917/1975/2425 78/1976/2426
f 860/1753/2427 764/1481/2428 945/1977/2429
s 0
f 88/1958/2430 872/1960/2430 950/1978/2430
s 1
f 71/1979/2431 951/1980/2432 925/1825/2433
f 925/1981/2434 951/1982/2435 961/1983/2436
s 0
f 940/1984/2437 939/1826/2437 926/1918/2437
f 940/1984/2438 926/1918/2438 962/1919/2438
s 1
f 957/1928/2341 863/1770/2439 1006/1985/2440
s 0
f 927/1986/2441 916/1987/2441 968/1988/2441
f 928/1966/2442 935/1967/2442 897/1969/2442
f 78/1891/2443 946/1970/2443 953/1989/2443
s 1
f 880/1765/2444 831/1512/2358 963/1943/2360
f 945/1990/2445 975/1991/2446 65/1992/2447
f 952/1993/2448 925/1825/2219 939/1824/2218
s 0
f 832/1517/2449 926/1918/2449 939/1826/2449
s 1
f 1023/1994/2450 919/1956/2389 1001/1995/2451
f 968/1988/2452 864/1996/2312 920/1862/2314
s 0
f 927/1986/2453 968/1988/2453 80/1864/2453
f 910/1951/2454 945/1990/2454 65/1992/2454
f 925/1997/2455 88/1958/2455 950/1978/2455
f 950/1978/2456 872/1960/2456 955/1998/2456
s 1
f 872/1732/2384 925/1825/2386 956/1999/2457
f 925/1997/2458 950/1978/2459 956/2000/2460
f 950/1978/2459 955/1998/2461 956/2000/2460
s 0
f 956/2001/2462 955/2002/2462 88/2003/2462
s 1
f 71/1979/2463 925/1825/2219 952/1993/2448
f 945/1990/2429 910/1951/2464 860/1769/2427
f 103/1249/2364 730/1324/2465 72/1927/2466
s 0
f 72/1927/2467 730/1324/2467 83/1779/2467
s 1
f 789/1754/2025 914/1755/2468 965/2004/2469
f 965/2004/2470 914/1755/2471 67/2005/2472
s 0
f 955/2006/2473 872/2007/2473 960/2008/2473
f 872/2009/2474 956/2001/2474 960/2010/2474
f 956/2001/2475 88/2003/2475 960/2010/2475
f 88/2003/2476 925/2011/2476 960/2010/2476
f 966/2012/2477 961/1983/2477 939/2013/2477
s 1
f 961/1983/2436 951/1982/2435 939/2013/2478
s 0
f 951/1982/2479 952/2014/2479 939/2013/2479
s 1
f 954/2015/2480 834/1492/2481 974/2016/2482
s 0
f 886/1815/2483 766/1399/2483 887/1872/2483
f 78/1891/2484 953/1989/2484 991/2017/2484
s 1
f 67/2005/2472 914/1755/2471 924/1917/2485
s 0
f 961/2018/2486 966/2019/2486 71/1979/2486
s 1
f 966/2019/2487 951/1980/2432 71/1979/2488
s 0
f 968/1988/2489 920/1862/2489 80/1864/2489
s 1
f 986/2020/2490 954/2015/2491 987/2021/2492
f 938/1766/2493 1020/2022/2494 68/2023/2495
f 955/2006/2496 960/2008/2496 925/2024/2496
f 1056/2025/2497 830/1907/2309 882/1757/2311
f 1001/2026/2451 919/2027/2389 968/2028/2498
f 779/1491/2499 929/1881/2500 897/2029/2501
f 938/1766/2502 969/2030/2503 963/1943/2504
f 1024/2031/2505 929/2032/2282 890/2033/2158
f 909/1821/2506 866/41/2507 943/1926/2331
s 0
f 944/2034/2508 880/2035/2508 991/2036/2508
s 1
f 941/1895/2297 830/1671/2387 1056/2037/2509
s 0
f 942/1972/2510 908/2038/2510 930/1897/2510
s 1
f 972/2039/2511 921/1920/2325 63/2040/2512
f 1044/2041/2513 840/1774/2514 893/1775/2515
s 0
f 893/1775/2516 85/1723/2516 53/2042/2516
s 1
f 987/2021/2492 954/2015/2491 974/2016/2517
f 1020/2022/2494 938/1766/2131 910/1971/2379
s 0
f 948/1916/2518 976/2043/2518 970/1953/2518
f 925/1981/2519 961/1983/2519 979/2044/2519
f 979/2045/2520 961/2046/2520 978/2047/2520
s 1
f 978/2047/2521 925/2048/2522 980/2049/2523
s 0
f 980/2050/2524 925/1981/2524 981/2051/2524
f 925/1981/2525 979/2044/2525 981/2051/2525
f 979/2045/2526 978/2047/2526 981/2052/2526
f 978/2047/2527 980/2049/2527 990/2053/2527
s 1
f 65/1992/2447 975/1991/2446 1062/2054/2528
s 0
f 945/1977/2529 764/1481/2529 947/1800/2529
f 983/2055/2530 976/2043/2530 69/2056/2530
s 1
f 984/2057/2531 989/2058/2532 948/2059/2533
s 0
f 948/2059/2534 67/2060/2534 984/2057/2534
f 978/2047/2535 961/2046/2535 64/2061/2535
f 978/2047/2536 990/2053/2536 981/2052/2536
s 1
f 961/2018/2537 71/1979/2538 981/2062/2539
f 71/1979/2463 952/1993/2448 981/2062/2540
f 952/33/2448 966/35/2541 981/2063/2540
f 915/1854/2542 1023/1994/2543 1110/2064/2544
s 0
f 66/2065/2545 968/1973/2545 1012/2066/2545
s 1
f 985/1760/2115 921/1920/2325 972/2039/2511
f 911/1772/2103 931/1931/2546 967/2067/2411
f 1024/2031/2547 890/2033/2395 54/2068/2397
s 0
f 1019/2069/2548 917/1975/2548 1031/2070/2548
s 1
f 992/2071/2549 953/2072/2550 963/2073/2551
f 953/2072/2552 946/2074/2553 963/2073/2554
s 0
f 945/1977/2555 947/1800/2555 949/1952/2555
f 69/2075/2556 976/2076/2556 977/2077/2556
f 977/2077/2557 976/2076/2557 948/2059/2557
s 1
f 69/2075/2558 789/2078/2559 948/2079/2560
f 67/2060/2561 948/2059/2560 789/2080/2559
s 0
f 965/2004/2562 67/2005/2562 989/2081/2562
f 67/2082/2563 789/2083/2563 1016/2084/2563
f 1016/2084/2564 789/2083/2564 965/2085/2564
f 67/2082/2565 1016/2084/2565 989/2058/2565
s 1
f 965/2004/2566 989/2081/2567 995/2086/2568
s 0
f 73/2087/2569 88/2003/2569 955/2002/2569
s 1
f 925/2048/2522 978/2047/2521 64/2061/2570
f 832/1517/2339 957/1928/2341 962/1919/2571
s 0
f 908/2038/2572 1036/2088/2572 930/1897/2572
s 1
f 915/1854/2253 919/1956/2389 1023/1994/2450
f 1030/2089/2573 937/1901/2574 971/1903/2575
f 917/2090/2576 1019/2091/2577 887/1872/2578
s 0
f 991/2036/2579 953/2072/2579 944/2034/2579
s 1
f 944/2034/2580 953/2072/2580 992/2071/2580
s 0
f 963/2073/2581 946/2074/2581 944/2092/2581
s 1
f 993/2093/2582 949/1952/2380 994/2094/2583
f 994/2094/2583 949/1952/2380 964/1905/2307
s 0
f 57/2095/2584 72/1954/2584 970/1953/2584
f 789/2078/2585 69/2075/2585 977/2077/2585
s 1
f 965/2085/2566 995/2096/2568 1016/2084/2586
s 0
f 955/2006/2587 925/2024/2587 64/2097/2587
s 1
f 961/2046/2537 981/2098/2539 64/2061/2588
f 981/2098/2539 990/2099/2589 64/2061/2588
f 968/1973/2422 985/1751/2410 1011/2100/2590
s 0
f 973/2101/2591 840/2102/2591 1044/2103/2591
s 1
f 949/1952/2380 993/2093/2582 1065/2104/2592
s 0
f 1065/2104/2593 993/2093/2593 998/2105/2593
f 998/2105/2594 993/2106/2594 964/1905/2594
s 1
f 993/2106/2595 994/2094/2583 964/1905/2307
f 997/2107/2596 996/32/22 989/31/21
s 0
f 939/2108/2597 980/2109/2597 981/2063/2597
s 1
f 966/35/2541 939/2108/2598 981/2063/2540
s 0
f 882/1757/2599 930/1897/2599 1056/2025/2599
f 870/1709/2600 74/1842/2600 971/2110/2600
f 963/2073/2601 944/2092/2601 1009/2111/2601
f 944/2092/2602 992/2112/2602 1009/2111/2602
s 1
f 991/1974/2603 880/2113/2604 1009/2114/2605
f 998/2105/2606 964/1905/2307 1065/2104/2607
s 0
f 69/2056/2608 835/2115/2608 983/2055/2608
s 1
f 989/2058/2532 1016/2084/2609 948/2059/2533
f 1003/2116/2610 985/2117/2115 972/2118/2511
f 834/1492/2481 886/1815/2611 974/2016/2612
f 1009/2114/2613 880/2113/2614 963/2119/2615
s 0
f 1020/2120/2616 910/2121/2616 61/2122/2616
s 1
f 835/2123/2617 977/2077/2617 983/2124/2617
f 995/30/2618 996/32/22 1043/2125/2619
f 1115/2126/2620 915/1854/2542 1110/2064/2544
s 0
f 66/2127/2621 1012/2128/2621 1011/2129/2621
f 1003/2130/2622 968/1973/2622 1011/2100/2622
s 1
f 63/2040/2512 921/1920/2325 967/1963/2411
s 0
f 932/1942/2623 834/1492/2623 954/2015/2623
s 1
f 1091/2131/2624 917/1975/2425 991/1974/2625
f 969/2030/2626 938/1766/2493 68/2023/2495
f 1062/2054/2528 975/1991/2446 1007/2132/2627
s 0
f 977/2077/2628 835/2123/2628 789/2078/2628
f 939/1826/2629 940/1984/2629 962/1919/2629
s 1
f 962/1919/2571 957/1928/2341 1006/1985/2440
f 968/2133/2498 66/2134/2630 1028/2135/2631
f 1012/2066/2632 968/1973/2633 1003/2130/2634
f 928/1966/2635 53/2136/2636 85/1964/2637
f 928/1966/2638 897/1969/2639 982/2137/2640
f 992/2138/2641 963/1943/2504 969/2030/2503
f 1042/2139/2642 68/2023/2495 1020/2022/2494
f 964/1905/2307 72/1816/2209 1065/2104/2607
s 0
f 1056/2025/2643 930/1897/2643 1036/2088/2643
f 967/2067/2644 931/1931/2644 1008/2140/2644
s 1
f 973/2101/2645 1044/2103/2646 1075/2141/2647
s 0
f 1031/2070/2648 917/1975/2648 1091/2131/2648
s 1
f 1002/2142/2649 1081/2143/2650 60/2144/2651
s 0
f 1081/2143/2652 1002/2142/2652 1032/2145/2652
f 1033/2146/2653 924/2147/2653 73/2087/2653
s 1
f 990/2148/2654 980/2109/2654 939/2108/2654
f 1029/2149/2655 985/2117/2656 1003/2116/2657
s 0
f 1008/2150/2658 1014/2151/2658 967/2152/2658
s 1
f 897/2153/2501 929/2032/2500 1085/2154/2659
f 1015/2155/2660 1046/2156/2661 1018/2157/2662
s 0
f 57/2095/2663 970/1953/2663 983/2055/2663
s 1
f 1006/1985/2440 58/2158/2664 962/1919/2571
s 0
f 1017/2159/2665 1003/2116/2665 972/2118/2665
s 1
f 1013/2160/2666 1014/2151/2666 1008/2150/2666
f 931/1931/2345 973/1930/2344 1014/2151/2667
s 0
f 1014/2151/2668 973/1930/2668 967/2152/2668
f 967/2161/2669 973/2101/2669 1013/2162/2669
s 1
f 893/1775/2515 53/2042/2670 1044/2041/2513
f 1045/2163/2671 53/2136/2636 928/1966/2635
s 0
f 932/1942/2672 954/2015/2672 986/2020/2672
f 57/2164/2673 1065/2104/2673 72/1816/2673
s 1
f 996/32/22 997/2107/2596 1043/2125/2619
f 60/2165/2674 1022/2166/2675 1002/2167/2676
f 1002/2142/2677 67/2168/2678 1033/2146/2679
f 931/1931/2680 1014/2151/2680 1013/2160/2680
f 1030/2089/2573 62/2169/2681 937/1901/2682
f 969/2030/2626 68/2023/2495 1042/2139/2642
f 1025/2170/2683 1027/2171/2684 55/2172/2685
f 1027/2173/2684 1025/2174/2683 1002/2167/2676
f 1027/2173/2684 1002/2167/2676 1022/2166/2675
f 55/2172/2685 1027/2171/2684 60/2144/2686
s 0
f 60/2175/2687 1027/2176/2687 1026/2177/2687
f 1011/2129/2688 985/2117/2688 1038/2178/2688
s 1
f 1003/2116/2689 1011/2179/2689 1029/2149/2689
f 1038/2178/2690 985/2117/2656 1029/2149/2655
s 0
f 967/1963/2691 1013/2180/2691 63/2040/2691
f 1046/2181/2692 1035/2182/2692 1049/2183/2692
s 1
f 986/2020/2490 987/2021/2492 1041/2184/2693
f 1026/2185/2694 1027/2173/2694 1022/2166/2694
f 1026/2186/2695 1025/2170/2696 55/2172/2697
f 1033/2146/2679 67/2168/2698 924/2147/2699
f 955/2006/2700 64/2097/2701 58/2187/2702
f 908/1827/2703 915/1854/2704 1036/2188/2705
f 1038/2178/2706 66/2127/2707 1011/2129/2708
s 0
f 1029/2149/2709 1011/2179/2709 1012/2189/2709
s 1
f 1003/2130/2634 1040/2190/2710 1012/2066/2632
s 0
f 1040/2191/2711 1017/2192/2711 972/2193/2711
f 63/2040/2712 1013/2180/2712 1008/2194/2712
s 1
f 943/1926/2330 937/1841/2713 1015/2195/2714
f 1052/2196/2715 1007/2132/2627 975/1991/2446
s 0
f 970/1953/2716 976/2043/2716 983/2055/2716
s 1
f 1055/2197/2717 984/2198/2718 67/2199/2719
s 0
f 1002/2167/2720 1025/2174/2720 67/2199/2720
s 1
f 1025/2174/2696 1026/2200/2695 67/2199/2721
f 60/2144/2651 1081/2143/2650 55/2172/2722
s 0
f 1040/2190/2723 1003/2130/2723 1034/2201/2723
f 1037/2202/2724 1017/2203/2724 1034/2204/2724
f 1037/2205/2725 1034/2206/2725 1003/2207/2725
f 1003/2207/2726 1017/2208/2726 1038/2178/2726
f 1038/2209/2727 1017/2203/2727 1037/2202/2727
s 1
f 1037/2205/2728 1003/2207/2729 1039/2210/2730
f 1039/2210/2730 1003/2207/2729 1038/2178/2731
s 0
f 1017/2192/2732 1040/2191/2732 1034/2211/2732
s 1
f 943/1926/2330 1015/2195/2714 54/1925/2328
f 74/2212/2400 932/2213/2357 1079/2214/2733
s 0
f 1020/2120/2734 61/2122/2734 1047/2215/2734
f 977/2077/2735 948/2059/2735 1016/2084/2735
f 1026/2200/2736 1022/2216/2736 67/2199/2736
s 1
f 1055/2217/2737 1022/2218/2675 60/2175/2674
f 60/2175/2738 1026/2177/2738 1055/2217/2738
s 0
f 1055/2219/2739 1026/2186/2739 55/2172/2739
f 990/2148/2740 939/2108/2740 64/2220/2740
f 64/2221/2741 939/1826/2741 962/1919/2741
s 1
f 1110/2064/2544 1023/1994/2543 1001/1995/2742
s 0
f 1029/2149/2743 1012/2189/2743 1038/2178/2743
f 1040/2222/2744 1039/2210/2744 1012/2189/2744
f 1012/2189/2745 1039/2210/2745 1038/2178/2745
f 1039/2210/2746 1040/2222/2746 1037/2205/2746
s 1
f 1013/2162/2747 973/2101/2748 1074/2223/2749
f 1042/2224/2750 1020/2120/2751 1059/2225/2752
f 1028/2135/2753 66/2134/2707 1038/2226/2706
s 0
f 1074/2223/2754 63/2040/2754 1008/2194/2754
f 1035/2182/2755 1051/2227/2755 1049/2183/2755
s 1
f 1051/2228/2756 54/2068/2757 1049/2229/2758
s 0
f 1018/2157/2759 1046/2156/2759 1050/2230/2759
f 1046/2156/2760 1049/2231/2760 1050/2230/2760
f 1050/2232/2761 1049/2229/2761 54/2068/2761
s 1
f 1070/2233/2762 1015/2155/2660 1018/2157/2662
s 0
f 1050/2234/2763 54/1925/2763 1015/2195/2763
s 1
f 1018/2235/2764 1050/2236/2764 1051/2237/2764
s 0
f 1050/2234/2765 1015/2195/2765 1070/2238/2765
f 1035/2239/2766 1018/2235/2766 1051/2237/2766
s 1
f 1018/2157/2662 1035/2240/2767 1070/2233/2762
s 0
f 1050/2236/2768 1070/2241/2768 1051/2237/2768
s 1
f 937/1841/2713 62/2242/2769 1015/2195/2714
s 0
f 1058/2243/2770 1030/2089/2770 971/1903/2770
f 992/2138/2771 969/2030/2771 1009/2244/2771
f 1002/2142/2772 1033/2146/2772 1032/2145/2772
s 1
f 1033/2146/2773 73/2087/2774 955/2002/2775
s 0
f 1038/2209/2776 1037/2202/2776 1084/2245/2776
s 1
f 982/2246/2777 897/2247/2778 1124/2248/2779
f 1042/2249/2642 1091/2131/2780 991/1974/2781
f 1020/2120/2751 1021/2250/2782 1059/2225/2752
f 1047/2215/2783 61/2122/2784 1068/2251/2785
f 1052/2196/2786 975/1991/2446 945/1990/2445
f 1055/2252/2717 997/2107/2787 989/31/2788
f 67/2199/2719 1022/2216/2789 1055/2197/2717
f 64/2221/2701 962/1919/2790 58/2158/2702
f 1056/2037/2791 1006/1906/2792 941/1895/2793
f 1001/2026/2451 968/2028/2498 1028/2253/2631
s 0
f 1037/2202/2794 1040/2191/2794 1084/2245/2794
f 1040/2191/2795 972/2193/2795 63/2254/2795
f 931/2255/2796 1013/2162/2796 1074/2223/2796
s 1
f 1074/2223/2749 973/2101/2748 1075/2141/2797
f 1035/2182/2798 1046/2181/2799 1082/2256/2800
f 887/1872/2578 1019/2091/2577 1064/2257/2801
s 0
f 1021/2250/2802 1020/2120/2802 1047/2215/2802
s 1
f 65/1992/2447 1062/2054/2528 1114/2258/2803
f 945/1977/2804 949/1952/2805 46/2259/2806
s 0
f 1054/2260/2807 57/2095/2807 983/2055/2807
s 1
f 989/31/2788 984/2261/2718 1055/2252/2717
f 1085/2154/2659 929/2032/2500 1024/2031/2808
s 0
f 1070/2262/2809 1024/2031/2809 54/2068/2809
s 1
f 54/2068/2757 1051/2228/2756 1070/2262/2810
f 1030/2089/2811 1058/2243/2812 62/2169/2813
f 971/2110/2814 74/1842/2815 1058/2263/2816
f 987/2021/2492 974/2016/2517 1041/2184/2693
f 1059/2225/2817 1021/2250/2818 1092/2264/2819
s 0
f 945/1977/2820 46/2259/2820 1052/2265/2820
f 977/2077/2821 1016/2084/2821 995/2096/2821
f 1074/2223/2822 1008/2194/2822 931/2255/2822
s 1
f 886/1815/2611 887/1872/2823 974/2016/2612
s 0
f 1019/2069/2824 1031/2070/2824 1091/2131/2824
s 1
f 1060/2266/2825 1092/2264/2819 1061/2267/2826
f 1092/2264/2819 1021/2250/2818 1061/2267/2826
f 58/2268/2702 1006/2269/2827 50/2270/2828
s 0
f 1063/27/2829 1090/29/2829 51/2271/2829
s 1
f 1068/2251/2785 61/2122/2784 1098/2272/2830
f 949/1952/2805 1065/2104/2831 46/2259/2806
f 57/2164/2832 1054/2273/2833 1065/2104/2834
f 50/2270/2828 955/2274/2700 58/2268/2702
f 1044/2275/2646 56/2276/2835 1075/2277/2647
f 1042/2249/2642 991/1974/2781 1009/2114/2836
f 969/2030/2626 1042/2139/2642 1009/2244/2836
f 1043/2125/2837 997/2107/2838 1066/2278/2839
f 1099/2279/2840 1028/2135/2841 1118/2280/2842
f 897/2153/2778 1085/2154/2843 1124/2281/2779
f 1072/2282/2844 1058/2283/2845 74/2284/2846
f 52/28/18 49/2285/2847 1090/29/19
f 1090/29/19 49/2285/2847 1097/2286/2848
s 0
f 51/2271/2849 1019/2069/2849 1091/2131/2849
s 1
f 1061/2267/2826 1021/2250/2818 1047/2215/2850
s 0
f 55/2287/2851 1081/2288/2851 1055/2252/2851
f 1032/2145/2852 1033/2146/2852 1081/2143/2852
s 1
f 56/2276/2835 1044/2275/2646 53/2289/2670
f 928/1966/2853 982/2137/2854 1045/2163/2855
f 1035/2182/2856 1069/2290/2857 1070/2291/2858
f 1073/2292/2859 1098/2272/2860 61/2122/2861
f 1073/2292/2859 61/2122/2861 910/2121/2862
f 1069/2293/2857 47/2294/2863 48/2295/2864
f 1118/2280/2842 1028/2135/2841 1038/2226/2865
s 0
f 1069/2296/2866 48/2297/2866 1077/2298/2866
s 1
f 1077/2298/2867 48/2297/2868 1076/2299/2869
f 48/2295/2864 47/2294/2863 1102/2300/2870
s 0
f 1102/2301/2871 47/2302/2871 1077/2298/2871
f 47/2303/2872 1071/2304/2872 1077/2305/2872
f 1069/2296/2873 1077/2298/2873 1071/2306/2873
s 1
f 47/2303/2863 1069/2290/2857 1035/2182/2856
f 1071/2304/2874 1035/2182/2798 1082/2256/2800
f 1046/2307/2661 1015/2195/2660 62/2242/2875
f 1079/2214/2876 1078/2308/2877 1087/2309/2878
s 0
f 1063/27/2879 51/2271/2879 1091/2131/2879
f 1054/2310/2880 983/2124/2880 977/2077/2880
s 1
f 915/1854/2704 1115/2126/2881 1036/2188/2705
f 1099/2311/2840 1110/2312/2544 1001/2026/2742
f 1099/2311/2840 1001/2026/2742 1028/2253/2841
s 0
f 1035/2182/2882 1071/2304/2882 47/2303/2882
s 1
f 887/1872/2883 1064/2257/2884 974/2016/2885
f 50/2270/2828 1006/2269/2827 1057/2313/2886
f 1083/2314/2887 1006/2315/2792 1056/2316/2791
f 48/2297/2888 1070/2317/2889 1076/2299/2890
f 1070/2318/2858 1069/2319/2857 1076/2320/2891
f 62/2169/2892 1058/2243/2893 1103/2321/2894
f 1062/2054/2528 1007/2132/2627 1114/2258/2803
s 0
f 977/2077/2895 995/2096/2895 1106/2322/2895
s 1
f 1066/2278/2839 997/2107/2838 1055/2252/2896
s 0
f 1115/2126/2897 1056/2316/2897 1036/2188/2897
s 1
f 1101/2323/2898 56/2276/2899 53/2289/2900
f 53/2289/2901 1045/2324/2902 1101/2323/2903
s 0
f 1077/2298/2904 1076/2299/2904 1102/2301/2904
s 1
f 1076/2320/2905 1069/2319/2906 1102/2325/2907
s 0
f 1069/2319/2908 1071/2326/2908 1102/2325/2908
f 1082/2256/2909 1102/2327/2909 1071/2304/2909
s 1
f 1046/2307/2910 62/2242/2911 1082/2328/2912
f 1087/2309/2878 1078/2308/2877 1088/2329/2913
f 986/2020/2914 1041/2184/2915 932/1942/2916
f 46/2259/2917 1065/2104/2918 1054/2273/2919
f 1084/2245/2920 1040/2191/2921 1109/2330/2922
f 1070/2262/2923 48/2295/2924 1102/2300/2925
s 0
f 1064/2331/2926 1019/2069/2926 51/2271/2926
s 1
f 49/2285/2847 52/28/18 1063/27/17
f 1072/2332/2927 74/2212/2400 1079/2214/2733
f 1078/2333/2877 1096/2334/2928 1089/2335/2929
s 0
f 1007/2132/2930 1052/2196/2930 1114/2258/2930
s 1
f 1054/2310/2931 977/2077/2932 1106/2322/2933
s 0
f 1106/2336/2934 995/30/2934 1043/2125/2934
s 1
f 1024/2031/2935 1070/2262/2923 1102/2300/2936
f 1058/2283/2937 1095/2337/2938 1103/2338/2939
s 0
f 1043/2125/2940 1066/2278/2940 1106/2336/2940
s 1
f 62/2242/2911 1103/2339/2941 1082/2328/2912
f 1132/2340/2942 1104/2341/2943 1088/2342/2944
f 1104/2343/2943 1089/2344/2945 1088/2345/2944
s 0
f 1089/2346/2946 1087/2309/2946 1088/2329/2946
s 1
f 1064/2257/2884 1041/2184/2947 974/2016/2885
f 1134/2347/2948 1047/2215/2783 1068/2251/2785
f 1033/2146/2773 955/2002/2775 1081/2143/2949
s 0
f 1085/2154/2950 1024/2031/2950 1162/2348/2950
f 1132/2340/2951 1088/2342/2951 1113/2349/2951
f 1113/2349/2952 1088/2342/2952 1078/2350/2952
s 1
f 1078/2350/2877 1089/2344/2929 1104/2343/2953
f 1132/2351/2954 1087/2352/2955 1104/2353/2956
f 955/2274/2700 50/2270/2828 1107/2354/2957
f 1040/2191/2921 63/2254/2958 1109/2330/2959
s 0
f 1079/2214/2960 1087/2309/2960 1112/2355/2960
s 1
f 1104/2353/2956 1087/2352/2955 1096/2334/2928
f 1087/2352/2955 1089/2335/2929 1096/2334/2928
f 1078/2308/2877 1079/2214/2876 1096/2356/2928
f 932/1942/2916 1041/2184/2915 1064/2257/2961
f 49/2285/2847 1063/27/17 1121/2357/2962
s 0
f 910/1951/2963 65/1992/2963 1073/2358/2963
s 1
f 1083/2314/2887 1056/2316/2791 1115/2126/2964
s 0
f 1024/2031/2965 1102/2300/2965 1162/2348/2965
s 1
f 1058/2283/2966 1072/2282/2967 1120/2359/2968
s 0
f 1113/2349/2969 1078/2350/2969 1104/2343/2969
s 1
f 1096/2360/2928 1113/2349/2970 1104/2343/2956
f 1090/29/19 1097/2286/2848 1152/2361/2971
f 1097/2286/2848 49/2285/2847 1121/2357/2962
f 1127/2362/2972 1042/2224/2972 1059/2225/2972
s 0
f 65/1992/2973 1114/2258/2973 1073/2358/2973
s 1
f 1084/2245/2974 1109/2330/2975 1118/2363/2842
f 1117/2364/2976 1072/2332/2927 1079/2214/2733
s 0
f 1074/2223/2977 1075/2141/2977 1109/2365/2977
s 1
f 1103/2338/2939 1095/2337/2938 1137/2366/2978
f 1113/2367/2979 1079/2368/2980 1094/2369/2981
s 0
f 51/2271/2982 1090/29/2982 1064/2331/2982
f 1061/2267/2983 1047/2215/2983 1134/2347/2983
s 1
f 1006/2269/2827 1083/2370/2984 1057/2313/2886
s 0
f 1096/2371/2985 1079/2368/2985 1113/2367/2985
s 1
f 1079/2368/2986 932/2372/2987 1094/2369/2988
f 932/2372/2987 1064/2373/2989 1094/2369/2988
f 1118/2363/2842 1038/2209/2865 1084/2245/2974
s 0
f 1123/2374/2990 1075/2277/2990 56/2276/2990
s 1
f 1095/2337/2938 1058/2283/2937 1120/2359/2991
f 1115/2375/2992 1099/2311/2993 1128/2376/2994
s 0
f 1115/2375/2995 1110/2312/2995 1099/2311/2995
s 1
f 1045/2324/2855 982/2246/2854 1124/2248/2996
s 0
f 1042/2224/2997 1127/2362/2997 1091/2377/2997
s 1
f 1083/2314/2998 1115/2126/2992 1128/2378/2994
s 0
f 1122/2379/2999 1081/2288/2999 1107/2380/2999
s 1
f 1120/2359/2968 1072/2282/2967 1117/2381/3000
s 0
f 1117/2364/3001 1079/2214/3001 1112/2355/3001
f 1059/2225/3002 1157/2382/3002 1127/2362/3002
s 1
f 1068/2251/2785 1098/2272/3003 1134/2347/2948
f 1119/2383/3004 50/2270/2828 1057/2313/2886
s 0
f 1081/2143/3005 955/2002/3005 1107/2384/3005
s 1
f 1107/2354/2957 50/2270/2828 1119/2383/3004
s 0
f 1074/2223/3006 1109/2365/3006 63/2040/3006
s 1
f 56/2276/3007 1101/2323/3008 1129/2385/3009
s 0
f 1129/2385/3010 1130/2386/3010 1131/2387/3010
s 1
f 1131/2387/3011 1130/2386/3012 1101/2323/3008
f 1130/2386/3012 1129/2385/3013 1101/2323/3008
s 0
f 1123/2374/3014 1101/2323/3014 1045/2324/3014
s 1
f 1200/2388/3015 1137/2366/2978 1095/2337/3016
f 56/2276/3017 1129/2385/3018 1135/2389/3019
s 0
f 1129/2385/3020 1131/2387/3020 1135/2389/3020
s 1
f 1131/2387/3011 1101/2323/3008 1135/2389/3021
f 1085/2154/3022 1162/2348/3023 1124/2281/3024
s 0
f 1117/2390/3025 1112/2391/3025 1136/2392/3025
s 1
f 44/2393/3026 1097/2286/2848 1121/2357/2962
f 1059/2225/3027 1092/2264/2819 1157/2382/3028
s 0
f 1081/2288/3029 1122/2379/3029 1055/2252/3029
s 1
f 56/2276/3030 1135/2389/3019 1123/2374/3030
s 0
f 1135/2389/3031 1101/2323/3031 1123/2374/3031
s 1
f 1162/2348/3032 1102/2300/3033 1103/2394/3034
f 1138/2395/3035 1124/2281/3036 1139/2396/3037
s 0
f 1139/2396/3038 1124/2281/3038 45/2397/3038
s 1
f 1124/2281/3024 1162/2348/3039 1161/2398/3040
f 1152/2399/3041 1132/2400/3042 1113/2401/3043
f 1152/2361/2971 1097/2286/2848 44/2393/3026
f 1114/2258/3044 1144/2402/3045 1145/2403/3046
f 1144/2404/3047 1143/2405/3048 1142/2406/3049
s 0
f 1143/2405/3050 1114/2258/3050 46/2407/3050
s 1
f 1114/2258/3044 1145/2403/3046 46/2407/3051
f 1144/2404/3047 1142/2406/3049 1145/2408/3052
s 0
f 1143/2405/3053 46/2407/3053 1142/2406/3053
s 1
f 1142/2409/3054 46/2410/3055 1197/2411/3056
f 1146/2412/3057 46/2407/3058 1145/2403/3059
s 0
f 1147/2413/3060 1142/2414/3060 1197/2415/3060
f 1142/2416/3061 1147/2417/3061 1146/2418/3061
f 1147/2419/3062 46/2407/3062 1146/2412/3062
s 1
f 1148/2420/3063 1155/2421/3064 1142/2416/3065
s 0
f 1155/2421/3066 1145/2422/3066 1142/2416/3066
f 1145/2423/3067 1155/2424/3067 1052/2425/3067
f 1148/2426/3068 1052/2265/3068 46/2259/3068
s 1
f 1106/2336/3069 1066/2278/3070 1159/2427/3071
s 0
f 1066/2278/3072 1055/2252/3072 1122/2379/3072
f 1150/2428/3073 1149/2429/3073 1166/2430/3073
s 1
f 1124/2248/3074 1138/2431/3075 40/2432/3076
f 40/2432/3076 1138/2431/3077 1161/2433/3078
f 1102/2434/3033 1082/2328/3079 1103/2339/3034
s 0
f 1154/2435/3080 1136/2392/3080 1112/2391/3080
f 1151/2436/3081 1087/2437/3081 1132/2438/3081
s 1
f 1142/2416/3082 1146/2418/3082 1148/2420/3082
f 1146/2418/3057 1145/2423/3059 1148/2420/3083
s 0
f 1145/2423/3084 1052/2425/3084 1148/2420/3084
f 1148/2426/3085 46/2259/3085 1147/2413/3085
f 1122/2439/3086 1107/2354/3086 1166/2430/3086
s 1
f 43/2440/3087 1149/2429/3088 1150/2428/3089
f 1169/2441/3090 1118/2442/2842 1109/2443/2975
f 1123/2374/3091 1045/2324/3092 1124/2248/3093
s 0
f 45/2444/3094 1138/2445/3094 1153/2446/3094
s 1
f 1138/2395/3035 1139/2396/3037 1153/2447/3095
s 0
f 1138/2431/3096 45/2448/3096 1161/2433/3096
f 1112/2391/3097 1087/2437/3097 1151/2436/3097
s 1
f 1091/2377/3098 1127/2362/3099 1192/2449/3100
f 1157/2382/3028 1092/2264/2819 1060/2266/3101
s 0
f 1157/2382/3102 1060/2266/3102 1061/2267/3102
f 1114/2258/3103 1052/2196/3103 1155/2450/3103
f 1148/2426/3104 1147/2413/3104 1197/2415/3104
f 42/2451/3105 1159/2452/3105 1066/2453/3105
f 1107/2354/3106 1150/2428/3106 1166/2430/3106
f 1139/2454/3107 45/2444/3107 40/2432/3107
f 1139/2454/3108 40/2432/3108 1161/2433/3108
f 1117/2381/3109 1154/2455/3109 1151/2456/3109
f 1163/2457/3110 1117/2390/3110 1136/2392/3110
s 1
f 1152/2458/3111 1113/2459/2979 1094/2460/2981
s 0
f 1144/2402/3112 1114/2258/3112 1155/2450/3112
f 45/2444/3113 1153/2446/3113 40/2432/3113
f 1161/2461/3114 1153/2446/3114 1139/2462/3114
f 45/2397/3115 1124/2281/3115 1161/2398/3115
s 1
f 1064/2331/3116 1090/29/3117 1152/2361/3118
f 1064/2463/3116 1152/2458/3118 1177/2464/3119
s 0
f 1152/2458/3120 1094/2460/3120 1177/2464/3120
s 1
f 1156/2465/3121 1177/2464/3122 1094/2460/3123
f 1156/2466/3121 1094/2369/3123 1064/2373/3124
s 0
f 1064/2463/3125 1177/2464/3125 44/2467/3125
s 1
f 1063/27/3126 1091/2131/3127 1192/2468/3128
s 0
f 1143/2405/3129 1144/2404/3129 1155/2469/3129
s 1
f 1155/2469/3064 1148/2470/3063 1143/2405/3130
s 0
f 1109/2443/3131 1075/2277/3131 1190/2471/3131
f 1123/2374/3132 1190/2471/3132 1075/2277/3132
s 1
f 1151/2472/3133 1136/2473/3134 1179/2474/3135
s 0
f 1132/2475/3136 1177/2476/3136 1151/2472/3136
s 1
f 1132/2400/3042 1152/2399/3041 44/2467/3137
f 1121/2357/3138 1063/27/3126 1192/2468/3128
s 0
f 1143/2405/3139 1073/2358/3139 1114/2258/3139
f 1119/2383/3140 1057/2313/3140 1083/2370/3140
s 1
f 36/2477/3141 1124/2248/3142 40/2432/3143
f 1188/2478/3144 1095/2337/3016 1120/2359/3145
s 0
f 1154/2435/3146 1112/2391/3146 1151/2436/3146
f 1205/2479/3147 42/2451/3147 1066/2453/3147
s 1
f 1123/2374/3091 1124/2248/3093 36/2477/3148
f 1167/2480/3149 1103/2338/2939 1137/2366/2978
f 1200/2388/3015 1095/2337/3016 1188/2478/3144
f 35/2481/3150 1188/2482/3151 1120/2483/3152
s 0
f 1117/2390/3153 1163/2457/3153 1154/2484/3153
f 1136/2473/3154 1151/2472/3154 1163/2485/3154
f 1064/2373/3155 44/2486/3155 1156/2466/3155
f 1061/2267/3156 1174/2487/3156 1157/2382/3156
f 1066/2453/3157 1122/2488/3157 1205/2479/3157
s 1
f 1161/2489/3158 1162/2490/3159 1175/2491/3160
s 0
f 1179/2492/3161 1136/2493/3161 1154/2484/3161
s 1
f 1073/2358/3162 1143/2405/3130 1164/2494/3163
f 46/2410/3164 1054/2495/2931 1106/2336/2933
f 1107/2354/2957 1119/2383/3004 1178/2496/3165
s 0
f 1099/2497/3166 1118/2442/3166 1169/2441/3166
s 1
f 42/2451/3167 41/2498/3168 1186/2499/3169
f 1149/2429/3170 43/2440/3171 1166/2430/3172
f 1107/2354/2957 1178/2496/3165 1150/2428/3173
f 1161/2489/3158 1175/2491/3160 1108/2500/3174
f 1162/2490/3175 1103/2338/2939 1167/2480/3149
s 0
f 1061/2267/3176 1134/2347/3176 1170/2501/3176
s 1
f 42/2451/3167 38/2502/3177 41/2498/3168
f 1175/2491/3160 1162/2490/3159 1167/2480/3178
s 0
f 1098/2272/3179 1073/2292/3179 1126/2503/3179
s 1
f 1126/2503/3180 1073/2292/3162 1164/2504/3163
f 42/2451/3181 1205/2479/3182 1172/2505/3183
f 1179/2506/3135 1120/2359/3184 1117/2381/3185
s 0
f 1132/2400/3186 44/2467/3186 1177/2464/3186
f 44/2393/3187 1121/2357/3187 1156/2507/3187
s 1
f 1192/2449/3100 1127/2362/3099 1174/2487/3188
s 0
f 1127/2362/3189 1157/2382/3189 1174/2487/3189
s 1
f 1176/2508/3190 1175/2491/3191 39/2509/3192
s 0
f 1175/2491/3193 1167/2480/3193 39/2509/3193
s 1
f 1148/2470/3063 1197/2510/3194 1164/2494/3163
f 1169/2441/3090 1109/2443/2975 1190/2471/3195
s 0
f 1153/2446/3196 1161/2461/3196 1199/2511/3196
f 1163/2485/3197 1151/2472/3197 1177/2476/3197
s 1
f 1197/2411/3056 46/2410/3164 1159/2427/3071
f 1083/2512/3198 1128/2513/3199 1158/2514/3200
s 0
f 1154/2484/3201 1163/2457/3201 1179/2492/3201
f 1179/2492/3202 1163/2457/3202 1177/2515/3202
f 1177/2464/3203 1156/2465/3203 1173/2516/3203
f 1174/2487/3204 1061/2267/3204 1171/2517/3204
f 1061/2267/3205 1170/2501/3205 1171/2517/3205
s 1
f 1098/2272/3003 1126/2503/3206 1134/2347/2948
s 0
f 38/2502/3207 42/2451/3207 1172/2505/3207
s 1
f 43/2440/3208 1150/2428/3209 1178/2496/3210
f 36/2477/3141 40/2432/3143 1153/2446/3211
f 1182/2518/3212 1181/2519/3213 39/2509/3192
f 1181/2519/3213 1180/2520/3214 39/2509/3192
f 1180/2520/3214 1176/2508/3190 39/2509/3192
f 1164/2494/3163 1143/2405/3130 1148/2470/3063
f 1128/2513/3199 1099/2497/3215 1158/2514/3200
f 1199/2521/3216 1161/2489/3217 1108/2500/3174
f 1176/2508/3190 1180/2520/3214 1191/2522/3218
f 1180/2520/3214 1181/2523/3219 1191/2522/3218
f 1181/2523/3219 1182/2518/3220 1191/2522/3218
f 1191/2522/3221 1182/2518/3222 39/2509/3223
f 1207/2524/3224 1167/2480/3225 1137/2366/3226
s 0
f 35/2525/3227 30/23/3227 1193/26/3227
s 1
f 1117/2381/3185 1151/2456/3133 1179/2506/3135
s 0
f 1121/2526/3228 1192/2527/3228 1211/2528/3228
s 1
f 46/2410/3164 1106/2336/2933 1159/2427/3071
f 42/2451/3167 1186/2499/3169 1125/2529/3229
s 0
f 1205/2479/3230 1122/2488/3230 1187/2530/3230
f 1187/2531/3231 1122/2439/3231 1166/2430/3231
s 1
f 43/2440/3171 1203/2532/3232 1166/2430/3172
s 0
f 35/2481/3233 34/2533/3233 1195/2534/3233
f 33/25/3234 30/23/3234 35/2525/3234
f 1156/2465/3235 1121/2526/3235 1211/2528/3235
s 1
f 724/2535/3236 1171/2517/3237 1170/2501/3238
f 1198/2536/3239 1202/2537/3240 37/2538/3241
f 39/2509/3242 1167/2480/3243 1191/2522/3244
f 36/2477/3141 1153/2446/3245 1199/2511/3246
f 1206/2539/3247 1175/2491/3191 1176/2508/3190
f 1126/2503/3206 1170/2501/3238 1134/2347/2948
s 0
f 1198/2536/3248 37/2538/3248 1203/2532/3248
s 1
f 1158/2514/3200 1099/2497/3215 1212/2540/3249
f 31/24/14 33/25/15 1201/2541/3250
f 1119/2383/3004 1083/2370/3251 1158/2542/3252
s 0
f 1123/2374/3253 36/2477/3253 1199/2511/3253
s 1
f 1194/2543/3254 1176/2508/3190 1191/2522/3218
s 0
f 1137/2366/3255 1200/2388/3255 1207/2524/3255
s 1
f 1188/2544/3144 1208/2545/3256 1200/2546/3015
f 1209/2547/3257 1156/2465/3258 1211/2528/3259
f 37/2538/3260 1166/2430/3261 1203/2532/3262
s 0
f 35/2481/3263 1195/2534/3263 1208/2548/3263
s 1
f 1116/2549/3264 32/2550/12 31/2551/14
f 1120/2359/3184 1179/2506/3135 35/2552/3265
f 724/2535/3236 1170/2501/3238 1204/2553/3266
s 0
f 1203/2532/3267 43/2440/3267 1178/2496/3267
s 1
f 1119/2383/3004 1158/2542/3252 1178/2496/3165
f 1108/2500/3268 1175/2491/3269 1206/2539/3270
s 0
f 1194/2543/3271 1191/2522/3271 1167/2480/3271
f 34/2554/3272 35/2525/3272 1193/26/3272
f 42/2451/3273 1125/2529/3273 1159/2452/3273
f 1190/2471/3274 1123/2374/3274 1199/2511/3274
s 1
f 1208/2545/3256 1207/2555/3275 1200/2546/3015
f 1188/2482/3151 35/2481/3150 1208/2548/3276
f 1173/2516/3277 1156/2465/3278 1209/2547/3279
f 1193/2556/3280 32/2550/3281 1116/2549/3282
s 0
f 1179/2492/3283 1177/2515/3283 1173/2557/3283
s 1
f 1174/2487/3284 1171/2517/3237 724/2535/3236
s 0
f 1159/2558/3285 1125/2559/3285 1189/2560/3285
s 1
f 1168/2561/3286 41/2498/3168 38/2502/3177
f 1172/2505/3183 1205/2479/3182 1187/2530/3287
f 1166/2430/3288 37/2538/3260 1187/2531/3289
f 1202/2537/3240 1198/2536/3239 1165/2562/3290
f 1210/2563/3291 1067/2564/3292 27/2565/3293
f 1167/2480/3225 1207/2524/3224 1105/2566/3294
s 0
f 37/2538/3295 1202/2537/3295 1187/2531/3295
f 1195/2534/3296 34/2533/3296 1080/2567/3296
f 35/2552/3297 1179/2506/3297 1173/2568/3297
s 1
f 1206/2539/3247 1194/2543/3254 21/2569/3298
f 1194/2543/3299 1167/2480/3225 1105/2566/3294
f 1204/2553/3266 1170/2501/3238 1126/2503/3206
f 1158/2542/3252 27/2570/3300 1178/2496/3165
f 1210/2571/3291 1158/2514/3301 1086/2572/3302
f 1105/2573/3303 1208/2545/3304 28/17/3305
s 0
f 1195/2574/3306 29/2575/3306 1160/2576/3306
f 1196/2577/3307 1195/2534/3307 1080/2567/3307
f 1080/2567/3308 29/2578/3308 1196/2577/3308
f 26/2579/3309 29/2580/3309 25/2581/3309
f 29/2580/3310 1195/2582/3310 25/2581/3310
f 1195/2582/3311 1196/2583/3311 25/2581/3311
f 25/2584/3312 1196/2585/3312 34/2586/3312
f 1196/2585/3313 29/2580/3313 34/2586/3313
f 29/2580/3314 26/2579/3314 34/2586/3314
f 1210/2563/3315 1185/2587/3315 1158/2588/3315
f 1185/2587/3316 1184/2589/3316 1158/2588/3316
s 1
f 1158/2588/3317 1184/2589/3318 27/2565/3319
f 27/2565/3320 1184/2589/3321 1183/2590/3322
f 1184/2591/3323 1185/2587/3324 1210/2563/3325
f 1005/2592/3326 28/17/3327 1100/2593/3328
s 0
f 816/2594/3329 33/25/3329 35/2525/3329
s 1
f 27/2565/3293 1183/2590/3330 1210/2563/3291
f 1183/2590/3331 1184/2591/3332 1210/2563/3333
f 1158/2514/3301 1212/2540/3334 1086/2572/3335
f 1099/2497/3215 1169/2441/3336 1212/2540/3249
s 0
f 1126/2595/3337 1000/2596/3337 724/2597/3337
s 1
f 1197/2411/3338 1159/2427/3339 1164/2598/3340
f 1206/2539/3247 1176/2508/3190 1194/2543/3254
s 0
f 34/2533/3341 26/2599/3341 1080/2567/3341
s 1
f 26/2600/3342 25/2601/3343 1141/2602/3344
f 25/19/3343 22/18/3345 1141/2603/3344
f 1140/2604/3346 23/20/3347 1141/2602/3348
f 23/20/3349 24/21/3350 1141/2602/3348
f 1116/2605/3351 31/24/14 1201/2541/3250
f 1067/2606/3292 1210/2571/3291 1086/2572/3302
f 22/18/3352 1140/2607/3352 1141/2603/3352
f 883/2608/3353 1133/2609/3354 1093/2610/3355
f 1133/2609/3356 1000/2596/3357 1126/2595/3358
f 1168/2561/3286 1186/2499/3169 41/2498/3168
s 0
f 1172/2505/3359 1111/2611/3359 38/2502/3359
s 1
f 1053/2612/3360 1202/2537/3240 1165/2562/3290
f 1169/2441/3361 1190/2471/3362 1212/2540/3363
f 21/2569/3298 1194/2543/3299 1105/2566/3294
s 0
f 1080/2613/3364 24/21/3364 25/19/3364
s 1
f 1159/2558/3339 1189/2560/3365 1164/2614/3340
f 1186/2499/3169 1168/2561/3286 1125/2529/3229
f 1212/2540/3363 1190/2471/3362 1199/2511/3366
s 0
f 1100/2615/3367 1208/2616/3367 1195/2617/3367
f 1080/2613/3368 26/2600/3368 1141/2602/3368
f 1141/2602/3369 24/21/3369 1080/2613/3369
f 1111/2611/3370 1172/2505/3370 1010/2618/3370
s 1
f 1100/2593/3371 19/2619/3372 1005/2592/3373
s 0
f 1080/2620/3374 25/2621/3374 852/2622/3374
f 25/2623/3375 34/2624/3375 852/2625/3375
s 1
f 1192/2626/3100 1174/2627/3188 731/2628/3376
s 0
f 1126/2503/3377 724/2535/3377 1204/2553/3377
f 1168/2561/3378 38/2502/3378 1111/2611/3378
f 1080/2620/3379 1140/2629/3379 22/2630/3379
f 22/2631/3380 23/2632/3380 852/2622/3380
s 1
f 23/2632/3347 1140/2629/3346 1080/2620/3381
f 1193/2556/3280 1116/2549/3282 852/2625/3382
f 1203/2532/3383 1178/2496/3384 27/2570/3385
s 0
f 1100/2615/3386 1195/2617/3386 1048/2633/3386
s 1
f 70/2634/3387 1195/2635/3388 1160/2636/3389
f 1080/2620/3390 22/2630/3391 677/2637/3392
f 677/2638/3393 22/2631/3393 852/2622/3393
f 34/2624/3394 1193/2556/3280 852/2625/3395
f 1000/2596/3357 1133/2609/3356 883/2608/3396
f 1164/2614/3163 1189/2560/3397 999/2639/3398
s 0
f 959/2640/3399 1189/2560/3399 1125/2559/3399
s 1
f 1105/2573/3400 28/17/3401 1005/2592/3402
s 0
f 988/2641/3403 1208/2616/3403 1100/2615/3403
f 23/2632/3404 1080/2620/3404 852/2622/3404
s 1
f 959/2640/3405 1125/2559/3406 958/2642/3407
f 898/2643/3408 1053/2612/3360 1165/2562/3290
s 0
f 28/17/3409 988/2644/3409 1100/2593/3409
f 1160/2576/3410 29/2575/3410 1080/2645/3410
s 1
f 1201/2541/3411 33/25/3412 816/2594/3413
f 1206/2539/3270 21/2569/3414 1108/2500/3268
f 754/2646/3415 1005/2592/3373 19/2619/3372
f 1203/2532/3383 27/2570/3385 508/2647/3416
s 0
f 1108/2500/3417 21/2569/3417 1105/2566/3417
f 28/17/3418 1208/2545/3418 1004/15/3418
f 988/2644/3419 28/17/3419 1048/16/3419
f 1048/2633/3420 1004/2648/3420 1100/2615/3420
f 1192/2527/3421 888/2649/3421 1211/2528/3421
s 1
f 648/2650/3422 1202/2651/3240 1053/2652/3360
f 1165/2562/3423 1198/2536/3424 1203/2532/3425
f 1100/2653/3426 1004/2654/3427 70/2634/3428
s 0
f 1160/2576/3429 1080/2645/3429 858/2655/3429
s 1
f 918/2656/3430 1067/2606/3292 1086/2572/3302
s 0
f 765/2657/3431 894/2658/3431 1086/2572/3431
f 70/2634/3432 1004/2654/3432 988/2659/3432
f 1208/2616/3433 988/2641/3433 1004/2660/3433
s 1
f 1048/2661/3434 1195/2635/3388 70/2634/3387
f 648/2650/3422 1053/2652/3360 898/2662/3408
f 1212/2540/3334 570/2663/3435 1086/2572/3436
s 0
f 1208/2545/3437 1105/2573/3437 1207/2555/3437
s 1
f 70/2634/3387 988/2659/3438 1048/2661/3434
f 816/2594/3413 684/2664/3439 1201/2541/3411
f 816/2665/3440 35/2552/3441 1173/2568/3277
s 0
f 816/2666/3442 1209/2547/3442 888/2649/3442
f 1133/2667/3443 1126/2668/3443 845/2669/3443
s 1
f 899/2670/3444 1187/2530/3445 1202/2671/3446
f 918/2656/3447 1086/2572/3448 894/2658/3449
f 17/2672/3450 1105/2573/3451 1005/2592/3452
s 0
f 852/2673/3453 1116/2674/3453 717/2675/3453
s 1
f 1173/2516/3277 1209/2547/3279 816/2666/3440
s 0
f 888/2676/3454 1192/2626/3454 731/2628/3454
s 1
f 883/2608/3353 1093/2610/3355 20/2677/3455
f 868/2678/3456 1093/2679/3355 1133/2667/3354
s 0
f 635/2680/3457 859/2681/3457 1160/2682/3457
s 1
f 888/2683/3458 871/2684/3459 816/2594/3460
f 1125/2685/3461 1168/2686/3462 958/2687/3407
f 27/2565/3385 1067/2564/3463 918/2688/3464
s 0
f 1116/2605/3465 1201/2541/3465 731/2628/3465
s 1
f 1164/2614/3163 999/2639/3398 959/2689/3466
f 717/2675/3467 1116/2674/3467 731/2690/3467
f 1164/2614/3163 959/2689/3466 845/2691/3468
f 894/2658/3449 765/2657/3469 636/2692/3470
s 0
f 17/2693/3471 1199/2521/3471 1108/2500/3471
s 1
f 858/2655/3472 1080/2645/3390 677/2694/3392
f 888/2649/3473 1209/2547/3474 1211/2528/3259
f 1126/2503/3180 1164/2504/3163 845/2695/3468
f 1010/2618/3475 1172/2505/3476 899/2670/3444
f 1172/2505/3476 1187/2530/3445 899/2670/3444
s 0
f 17/2693/3477 1108/2500/3477 1105/2566/3477
s 1
f 1111/2611/3478 999/2696/3479 741/2697/3480
f 508/2647/3481 1165/2562/3423 1203/2532/3482
f 27/2565/3385 918/2688/3464 508/2698/3416
f 20/2677/3483 1093/2610/3355 868/2699/3456
f 1189/2560/3397 741/2700/3484 999/2639/3398
s 0
f 711/2701/3485 738/2702/3485 959/2703/3485
f 1189/2560/3486 959/2640/3486 741/2700/3486
f 741/2704/3487 959/2703/3487 738/2702/3487
s 1
f 959/2703/3466 999/2705/3398 711/2701/3488
s 0
f 672/2706/3489 741/2707/3489 1168/2708/3489
f 741/2707/3490 738/2709/3490 1168/2708/3490
f 741/2707/3491 672/2706/3491 711/2701/3491
f 711/2701/3492 672/2706/3492 738/2702/3492
s 1
f 19/2710/3493 1100/2653/3426 70/2634/3494
s 0
f 677/2711/3495 852/2673/3495 717/2675/3495
f 684/2664/3496 731/2628/3496 1201/2541/3496
f 958/2687/3497 1168/2686/3497 738/2712/3497
f 1111/2611/3498 1010/2618/3498 999/2696/3498
f 1086/2572/3499 570/2663/3499 765/2657/3499
s 1
f 570/2663/3500 18/2713/3501 765/2657/3469
f 729/2714/3502 731/2628/3376 1174/2627/3188
f 899/2715/3503 1202/2651/3446 648/2650/3504
f 679/2716/3505 1160/2682/3506 859/2681/3507
s 0
f 679/2716/3508 859/2681/3508 858/2717/3508
s 1
f 724/2597/3509 1000/2596/3509 713/2718/3509
s 0
f 958/2687/3510 738/2712/3510 672/2719/3510
f 816/2594/3511 871/2684/3511 684/2664/3511
f 731/2628/3512 684/2664/3512 888/2676/3512
f 679/2720/3513 684/2664/3513 871/2684/3513
f 684/2664/3514 679/2720/3514 888/2676/3514
s 1
f 871/2684/3459 888/2683/3458 677/2721/3515
s 0
f 888/2683/3516 679/2722/3516 677/2721/3516
f 871/2684/3517 677/2721/3517 717/2723/3517
f 679/2720/3518 871/2684/3518 717/2723/3518
s 1
f 1168/2561/3519 1111/2611/3519 659/2724/3519
f 999/2705/3398 1010/2725/3520 711/2701/3488
f 628/2726/3521 648/2650/3522 438/2727/3523
f 18/2713/3501 570/2663/3500 691/2728/3524
f 70/2729/3525 1160/2682/3506 679/2716/3505
f 1174/2487/3284 724/2535/3236 633/2730/3526
s 0
f 845/2691/3527 959/2689/3527 958/2731/3527
f 672/2732/3528 1168/2561/3528 659/2724/3528
s 1
f 659/2724/3529 1111/2611/3478 741/2697/3480
f 1212/2540/3530 1199/2511/3531 17/2733/3532
s 0
f 858/2655/3533 677/2694/3533 679/2734/3533
s 1
f 883/2608/3534 20/2677/3535 1000/2596/3536
s 0
f 741/2697/3537 711/2735/3537 659/2724/3537
s 1
f 648/2650/3538 898/2662/3539 438/2727/3523
f 438/2736/3540 898/2643/3541 1165/2562/3423
f 918/2656/3447 894/2658/3449 636/2692/3470
f 570/2663/3500 1212/2540/3542 691/2728/3524
f 1005/2592/3452 754/2646/3543 484/2737/3544
f 754/2738/3415 19/2710/3372 703/2739/3545
s 0
f 1174/2740/3546 713/2718/3546 1000/2596/3546
f 958/2687/3547 672/2719/3547 659/2741/3547
s 1
f 597/2742/3548 636/2692/3470 765/2657/3469
f 70/2743/3549 679/2744/3550 635/2745/3551
s 0
f 633/2746/3552 729/2714/3552 1000/2747/3552
f 729/2714/3553 1174/2627/3553 1000/2747/3553
s 1
f 868/2678/3554 1133/2667/3554 845/2669/3554
f 765/2657/3469 18/2713/3501 597/2742/3548
f 495/2748/3555 70/2743/3549 635/2745/3551
f 1000/2749/3536 20/2750/3535 557/14/3556
s 0
f 868/2699/3557 631/2751/3557 20/2677/3557
s 1
f 845/2669/3558 958/2752/3559 545/2753/3560
f 958/2752/3559 659/2754/3561 545/2753/3560
f 438/2736/3540 1165/2562/3423 508/2647/3481
f 17/2672/3450 1005/2592/3452 484/2737/3544
f 731/2690/3562 642/2755/3563 717/2675/3562
f 713/2718/3564 1174/2740/3565 633/2756/3566
s 0
f 617/2757/3567 711/2758/3567 616/2759/3567
s 1
f 70/2634/3494 495/2760/3568 19/2710/3493
s 0
f 642/2761/3569 731/2628/3569 729/2714/3569
s 1
f 729/2762/3570 633/2730/3571 724/2535/3572
f 592/2763/3573 713/2764/3564 633/2765/3566
s 0
f 633/2766/3574 1000/2749/3574 591/2767/3574
f 659/2768/3575 711/2758/3575 617/2757/3575
f 616/2759/3576 711/2758/3576 1010/2769/3576
s 1
f 1212/2540/3542 17/2733/3577 691/2728/3524
s 0
f 724/2597/3578 713/2718/3578 729/2770/3578
s 1
f 495/2760/3568 703/2739/3579 19/2710/3493
s 0
f 504/2771/3580 859/2681/3580 635/2680/3580
s 1
f 729/2772/3581 713/2764/3582 592/2763/3583
f 592/2773/3584 633/2766/3585 591/2767/3586
f 659/2774/3587 1010/2775/3588 899/2776/3589
s 0
f 858/2717/3590 859/2681/3590 504/2771/3590
s 1
f 504/2777/3591 635/2745/3592 679/2744/3593
f 717/2778/3594 675/2779/3594 531/2780/3594
s 0
f 659/2768/3595 617/2757/3595 565/2781/3595
f 616/2759/3596 899/2782/3596 617/2757/3596
f 616/2759/3597 565/2783/3597 899/2782/3597
f 616/2759/3598 1010/2769/3598 565/2783/3598
f 1010/2784/3599 659/2768/3599 565/2781/3599
s 1
f 659/2774/3587 899/2776/3589 576/2785/3600
s 0
f 576/2785/3601 899/2776/3601 565/2786/3601
s 1
f 575/2787/3602 617/2757/3603 899/2782/3604
s 0
f 591/2788/3605 642/2789/3605 729/2790/3605
s 1
f 729/2790/3606 717/2778/3606 591/2788/3606
s 0
f 1000/2749/3607 557/14/3607 675/13/3607
s 1
f 495/2791/3608 1160/2792/3609 858/2717/3610
s 0
f 591/2788/3611 717/2778/3611 592/2793/3611
s 1
f 717/2675/3612 642/2755/3613 592/2794/3613
f 591/2767/3614 1000/2749/3614 675/13/3614
s 0
f 549/2795/3615 717/2778/3615 729/2790/3615
s 1
f 675/13/3616 642/2796/3617 591/2767/3618
s 0
f 675/2779/3619 717/2778/3619 549/2795/3619
s 1
f 549/2797/3620 729/2798/3620 526/2799/3620
f 526/2800/3621 729/2772/3581 592/2763/3583
f 642/2796/3617 675/13/3616 549/2801/3622
s 0
f 592/2802/3623 642/2796/3623 549/2801/3623
f 547/12/3624 549/2797/3624 526/2799/3624
f 557/2803/3625 20/2804/3625 531/2780/3625
f 531/2805/3626 20/2806/3626 526/2807/3626
f 546/2808/3627 541/2809/3627 20/2806/3627
s 1
f 576/2785/3628 565/2786/3629 575/2810/3630
s 0
f 565/2786/3631 617/2811/3631 575/2810/3631
f 918/2812/3632 636/2813/3632 597/2814/3632
f 635/2815/3633 1160/2792/3633 495/2791/3633
s 1
f 717/2816/3634 531/2817/3635 504/2818/3591
s 0
f 549/2797/3636 547/12/3636 592/2819/3636
f 592/2819/3637 547/12/3637 557/14/3637
f 557/2803/3638 531/2780/3638 541/2820/3638
f 531/2780/3639 547/2821/3639 541/2820/3639
f 547/2821/3640 526/2822/3640 541/2820/3640
f 592/2819/3641 557/14/3641 541/2823/3641
f 631/2824/3642 546/2825/3642 20/2826/3642
f 648/2827/3643 628/2828/3643 575/2787/3643
s 1
f 679/2720/3593 717/2723/3634 504/2829/3591
s 0
f 675/2779/3644 547/2821/3644 531/2780/3644
f 20/2806/3645 541/2809/3645 526/2807/3645
s 1
f 526/2800/3646 592/2763/3647 546/2808/3648
s 0
f 592/2763/3649 541/2809/3649 546/2808/3649
s 1
f 575/2787/3650 899/2782/3651 648/2827/3652
f 526/2800/3646 546/2808/3648 531/2817/3653
s 0
f 868/2678/3654 845/2669/3654 524/2830/3654
s 1
f 659/2754/3587 576/2831/3600 545/2753/3655
f 628/2726/3656 438/2727/3657 511/2832/3658
s 0
f 575/2787/3659 628/2828/3659 511/2833/3659
s 1
f 17/2733/3660 484/2834/3661 691/2728/3662
f 858/2717/3610 504/2771/3663 495/2791/3608
f 515/2835/3664 845/2669/3558 545/2753/3560
f 511/2832/3658 438/2727/3657 478/2836/3665
f 508/2837/3416 918/2812/3464 501/2838/3666
f 918/2812/3667 507/2839/3668 501/2838/3669
s 0
f 501/2838/3670 507/2840/3670 506/2841/3670
s 1
f 507/2839/3668 918/2812/3667 506/2841/3671
s 0
f 918/2812/3672 597/2814/3672 506/2841/3672
f 16/2842/3673 546/2825/3673 631/2824/3673
s 1
f 508/2837/3674 501/2838/3675 597/2814/3676
f 501/2838/3677 506/2841/3678 597/2814/3679
s 0
f 524/2830/3680 845/2669/3680 16/2843/3680
f 16/2843/3681 845/2669/3681 515/2835/3681
f 514/2844/3682 545/2753/3682 469/2845/3682
s 1
f 754/2738/3683 703/2739/3684 495/2760/3685
s 0
f 481/2846/3686 546/2825/3686 16/2842/3686
f 514/2847/3687 524/2848/3687 472/2849/3687
f 472/2849/3688 524/2848/3688 492/2850/3688
f 524/2851/3689 16/2852/3689 492/2853/3689
f 515/2835/3690 545/2753/3690 868/2854/3690
f 469/2845/3691 545/2753/3691 576/2831/3691
s 1
f 452/2855/3692 597/2742/3693 18/2713/3694
s 0
f 504/2818/3695 531/2817/3695 473/2856/3695
f 16/2842/3696 515/2857/3696 481/2846/3696
f 515/2858/3697 524/2859/3697 514/2860/3697
s 1
f 514/2847/3698 631/2861/3699 868/2862/3700
s 0
f 524/2863/3701 515/2835/3701 868/2854/3701
f 473/2856/3702 531/2817/3702 546/2808/3702
f 481/2864/3703 515/2865/3703 492/2853/3703
s 1
f 575/2810/3630 511/2866/3704 576/2785/3628
f 597/2814/3693 452/2867/3692 508/2837/3705
f 868/2854/3700 545/2753/3706 514/2844/3698
f 438/2868/3707 508/2869/3708 452/2870/3709
s 0
f 492/2853/3710 16/2852/3710 631/2861/3710
f 631/2861/3711 514/2847/3711 472/2849/3711
f 492/2850/3712 515/2858/3712 514/2860/3712
f 481/2864/3713 492/2853/3713 631/2861/3713
s 1
f 546/2825/3714 481/2846/3715 469/2871/3716
s 0
f 469/2872/3717 481/2864/3717 631/2861/3717
s 1
f 631/2861/3718 472/2849/3719 469/2872/3720
f 18/2713/3694 691/2728/3721 452/2855/3692
f 473/2873/3722 546/2874/3714 469/2875/3723
f 472/2849/3719 492/2850/3724 469/2872/3720
s 0
f 469/2872/3725 492/2850/3725 514/2860/3725
s 1
f 484/2876/3726 754/2738/3683 495/2760/3685
f 380/2877/3727 484/2876/3728 495/2760/3729
f 504/2878/3730 380/2877/3727 495/2760/3729
f 576/2785/3731 511/2866/3658 378/2879/3732
s 0
f 419/2880/3733 504/2881/3733 473/2882/3733
f 437/2883/3734 478/2884/3734 438/2885/3734
s 1
f 452/2855/3735 691/2728/3662 484/2834/3661
s 0
f 424/2886/3736 293/2887/3736 410/2888/3736
s 1
f 293/2887/3737 15/2889/3738 410/2888/3739
f 424/2890/3740 478/2884/3741 15/2891/3742
s 0
f 15/2891/3743 478/2884/3743 437/2883/3743
f 478/2892/3744 424/2886/3744 410/2888/3744
f 15/2893/3745 438/2868/3745 14/2894/3745
f 407/2895/3746 452/2896/3746 380/2897/3746
f 380/2898/3747 504/2881/3747 419/2880/3747
s 1
f 576/2899/3748 378/2900/3749 469/2875/3750
s 0
f 410/2888/3751 15/2889/3751 437/2901/3751
s 1
f 15/2889/3738 293/2887/3737 417/2902/3752
s 0
f 14/2894/3753 438/2868/3753 409/2903/3753
f 478/2904/3754 410/2905/3754 384/2906/3754
f 438/2907/3755 15/2889/3755 392/2908/3755
s 1
f 417/2902/3756 14/2909/3756 392/2908/3756
s 0
f 14/2909/3757 409/2910/3757 392/2908/3757
f 452/2855/3758 484/2834/3758 380/2911/3758
f 384/2912/3759 410/2913/3759 437/2883/3759
f 384/2912/3760 437/2883/3760 438/2885/3760
f 15/2889/3761 417/2902/3761 392/2908/3761
s 1
f 409/2903/3762 438/2868/3763 452/2870/3709
f 384/2912/3764 438/2885/3765 392/2914/3766
s 0
f 377/2915/3767 407/2916/3767 353/2917/3767
s 1
f 378/2900/3749 473/2873/3768 469/2875/3750
f 511/2832/3658 478/2836/3769 403/2918/3770
f 384/2912/3764 392/2914/3766 293/2919/3771
s 0
f 353/2917/3772 407/2916/3772 269/2920/3772
s 1
f 230/2921/3773 407/2922/3774 351/2923/3775
s 0
f 351/2924/3776 380/2897/3776 269/2925/3776
s 1
f 269/2925/3777 380/2897/3778 230/2921/3779
f 230/2921/3773 351/2923/3775 290/2926/3780
f 269/2925/3781 230/2921/3782 290/2926/3783
s 0
f 407/2927/3784 382/2928/3784 269/2929/3784
f 380/2897/3785 351/2924/3785 407/2895/3785
s 1
f 511/2832/3658 403/2918/3770 378/2930/3732
f 424/2890/3740 15/2891/3742 14/2931/3786
s 0
f 417/2932/3787 424/2933/3787 307/2934/3787
f 307/2935/3788 424/2936/3788 14/2937/3788
f 417/2932/3789 307/2934/3789 13/2938/3789
f 307/2939/3790 300/2940/3790 301/2941/3790
f 275/2942/3791 14/2937/3791 300/2943/3791
f 14/2937/3792 452/2944/3792 300/2943/3792
f 291/2945/3793 11/2946/3793 271/2947/3793
f 377/2948/3794 12/2949/3794 11/2950/3794
f 11/2951/3795 407/2916/3795 377/2915/3795
s 1
f 289/2952/6 291/2953/5 377/2954/3796
s 0
f 351/2955/3797 269/2929/3797 382/2928/3797
f 293/2956/3798 424/2957/3798 384/2906/3798
f 424/2957/3799 417/2958/3799 301/2959/3799
f 301/2960/3800 300/2961/3800 13/2938/3800
f 300/2961/3801 417/2932/3801 13/2938/3801
f 293/2919/3802 392/2914/3802 409/2962/3802
f 409/2903/3803 452/2870/3803 417/2963/3803
f 452/2964/3804 14/2909/3804 417/2902/3804
f 300/2961/3805 452/2965/3805 284/2966/3805
f 452/2967/3806 407/2916/3806 11/2951/3806
f 13/2968/3807 307/2939/3807 409/2969/3807
f 307/2939/3808 293/2970/3808 409/2969/3808
f 452/2971/3809 11/2972/3809 282/2973/3809
s 1
f 284/2974/3810 13/2968/3811 409/2969/3812
f 409/2975/3813 417/2932/3814 284/2966/3815
f 417/2932/3816 300/2961/3817 284/2966/3815
s 0
f 291/2976/3818 282/2973/3818 11/2972/3818
f 452/2971/3819 282/2973/3819 279/2977/3819
f 278/2978/3820 282/2973/3820 284/2979/3820
f 284/2979/3821 282/2973/3821 291/2976/3821
s 1
f 291/9/5 264/11/7 273/2980/3822
f 264/11/7 13/2981/3811 273/2980/3822
f 13/2981/3811 284/2982/3810 273/2980/3822
f 273/2983/3822 284/2984/3810 277/2985/3823
f 284/2979/3810 291/2976/3824 277/2986/3823
s 0
f 278/2987/3825 277/2988/3825 291/9/3825
s 1
f 276/2989/3826 291/9/5 273/2980/3822
s 0
f 277/2990/3827 278/2991/3827 452/2965/3827
f 278/2991/3828 284/2966/3828 452/2965/3828
s 1
f 274/2992/3829 278/2993/3829 276/2994/3829
f 278/2987/3830 291/9/5 276/2989/3826
s 0
f 275/2995/3831 273/2983/3831 277/2985/3831
f 278/2993/3832 274/2992/3832 282/2996/3832
f 276/2994/3833 277/2990/3833 274/2992/3833
f 277/2990/3834 452/2965/3834 274/2992/3834
f 274/2992/3835 452/2965/3835 275/2997/3835
f 452/2965/3836 279/2998/3836 275/2997/3836
f 275/2995/3837 277/2985/3837 276/2999/3837
f 274/2992/3838 275/2997/3838 282/2996/3838
f 275/2995/3839 276/2999/3839 282/3000/3839
f 276/2999/3840 273/3001/3840 282/3000/3840
f 273/3002/3841 275/2942/3841 300/2943/3841
s 1
f 307/2935/3842 14/2937/3843 275/2942/3844
s 0
f 300/2940/3845 307/2939/3845 272/3003/3845
s 1
f 307/2935/3846 275/2942/3844 272/3004/3847
f 279/2977/3848 282/2973/3848 300/3005/3848
s 0
f 282/2973/3849 273/3006/3849 300/3005/3849
s 1
f 264/3007/3850 271/3008/3851 300/3009/3852
s 0
f 275/3010/3853 279/3011/3853 11/2946/3853
f 279/3011/3854 271/2947/3854 11/2946/3854
s 1
f 271/3012/3851 279/2977/3855 300/3005/3852
s 0
f 272/3013/3856 271/3008/3856 265/3014/3856
f 265/3014/3857 271/3008/3857 264/3007/3857
f 290/3015/3858 289/2952/3858 353/3016/3858
f 289/2952/3859 382/3017/3859 353/3016/3859
f 382/3018/3860 377/2915/3860 353/2917/3860
f 353/3019/3861 269/3020/3861 12/2949/3861
f 269/3020/3862 11/2950/3862 12/2949/3862
s 1
f 377/2948/3863 291/3021/3864 12/2949/3865
f 12/2949/3865 291/3021/3864 271/3022/3866
f 275/3010/3844 268/3023/3867 272/3024/3847
f 268/3023/3868 275/3010/3869 11/2946/3870
s 0
f 271/3025/3871 272/3026/3871 268/3027/3871
s 1
f 269/3020/3872 290/3028/3873 11/2950/3870
f 12/3029/3874 290/3028/3875 353/3030/3876
f 11/2950/3870 290/3028/3873 268/3031/3868
f 290/3028/3875 12/3029/3874 268/3031/3877
f 289/10/3878 271/3025/3878 268/3027/3878
s 0
f 271/3025/3879 289/10/3879 12/3032/3879
f 289/2952/3880 290/3015/3880 270/3033/3880
f 351/3034/3881 382/3017/3881 289/2952/3881
s 1
f 289/2952/6 377/2954/3796 266/3035/3882
s 0
f 377/2915/3883 382/3018/3883 266/3036/3883
f 266/3037/3884 382/2928/3884 407/2927/3884
f 384/2906/3885 424/2957/3885 301/2959/3885
f 417/2902/3886 293/2887/3886 301/3038/3886
f 301/3039/3887 13/3040/3887 272/3013/3887
f 272/3013/3888 13/3040/3888 264/3041/3888
f 289/10/3889 268/3027/3889 264/11/3889
f 268/3027/3890 12/3042/3890 270/3043/3890
f 12/3042/3891 289/3044/3891 270/3043/3891
f 351/3034/3892 289/2952/3892 266/3035/3892
f 301/2941/3893 293/2970/3893 307/2939/3893
f 264/3007/3894 300/3009/3894 272/3045/3894
s 1
f 270/3033/3895 290/3015/3896 266/3046/3897
s 0
f 290/3047/3898 351/3034/3898 266/3035/3898
f 266/3048/3899 407/2922/3899 230/2921/3899
f 301/3039/3900 272/3013/3900 265/3014/3900
f 264/11/3901 268/3027/3901 270/3043/3901
s 1
f 473/2873/3902 214/3049/3903 232/3050/3904
s 0
f 384/2906/3905 301/2959/3905 478/2904/3905
s 1
f 265/3014/3906 264/3007/3907 270/3051/3908
f 419/2880/3909 473/2882/3910 232/3052/3904
f 214/3049/3911 473/2873/3912 378/2900/3913
s 0
f 380/2898/3914 419/2880/3914 230/3053/3914
f 228/3054/3915 229/3055/3915 226/3056/3915
s 1
f 270/3051/3908 301/3039/3916 265/3014/3906
f 270/3057/3895 266/3048/3897 230/2921/3917
f 229/3058/3918 228/3059/3919 223/3060/3920
f 378/2930/3913 403/2918/3921 226/3061/3922
s 0
f 223/3062/3923 222/3063/3923 8/3064/3923
f 214/3065/3924 8/3064/3924 222/3063/3924
f 223/3066/3925 228/3067/3925 221/3068/3925
f 228/3067/3926 8/3069/3926 221/3068/3926
s 1
f 478/3070/3927 301/3071/3928 403/3072/3929
s 0
f 301/3071/3930 270/3057/3930 230/2921/3930
f 221/3073/3931 226/3074/3931 229/3075/3931
s 1
f 211/3076/3932 223/3077/3933 213/3078/3934
s 0
f 211/3079/3935 9/3080/3935 220/3081/3935
f 226/3082/3936 211/3079/3936 220/3081/3936
s 1
f 229/3075/3937 222/3063/3937 221/3073/3937
s 0
f 222/3063/3938 223/3062/3938 221/3073/3938
f 214/3065/3939 222/3063/3939 229/3075/3939
f 213/3078/3940 223/3077/3940 8/3083/3940
f 8/3069/3941 228/3067/3941 212/3084/3941
f 226/3056/3942 208/3085/3942 228/3054/3942
s 1
f 211/3076/3932 213/3078/3934 228/3086/3943
s 0
f 212/3084/3944 228/3067/3944 213/3087/3944
f 8/3069/3945 212/3084/3945 226/3088/3945
f 212/3084/3946 213/3087/3946 226/3088/3946
f 213/3078/3947 208/3089/3947 226/3090/3947
f 211/3091/3948 226/3092/3948 195/3093/3948
s 1
f 378/2930/3913 226/3061/3922 214/3094/3911
f 226/3061/3922 221/3095/3949 214/3094/3911
f 221/3095/3950 8/3096/3951 214/3094/3952
f 211/3097/3953 228/3054/3954 208/3085/3955
s 0
f 226/3088/3956 10/3098/3956 8/3069/3956
f 9/3099/3957 195/3100/3957 226/3101/3957
s 1
f 211/3097/3958 208/3085/3959 8/3102/3960
s 0
f 208/3089/3961 213/3078/3961 8/3083/3961
f 8/3069/3962 10/3098/3962 211/3103/3962
f 10/3104/3963 9/3099/3963 211/3105/3963
f 9/3099/3964 10/3104/3964 195/3100/3964
s 1
f 214/3049/3965 229/3058/3918 223/3060/3966
s 0
f 10/3106/3967 226/3082/3967 220/3081/3967
s 1
f 301/3071/3928 230/2921/3968 403/3072/3929
f 10/3106/3969 220/3081/3969 199/3107/3969
s 0
f 220/3081/3970 9/3080/3970 199/3107/3970
f 9/3108/3971 226/3061/3971 199/3109/3971
s 1
f 226/3061/3922 403/2918/3921 199/3109/3972
s 0
f 232/3052/3973 230/3053/3973 419/2880/3973
f 6/3110/3974 195/3111/3974 10/3106/3974
s 1
f 211/3076/3975 7/3112/3976 189/3113/3977
f 195/3114/3978 189/3113/3977 7/3112/3976
s 0
f 192/3115/3979 195/3116/3979 7/3117/3979
f 195/3093/3980 192/3118/3980 211/3091/3980
f 192/3118/3981 199/3119/3981 211/3091/3981
f 7/3117/3982 211/3091/3982 188/3120/3982
s 1
f 192/3118/3983 6/3121/3983 199/3119/3983
s 0
f 199/3107/3984 6/3110/3984 10/3106/3984
s 1
f 192/3115/3985 7/3117/3986 188/3120/3987
s 0
f 188/3120/3988 211/3091/3988 199/3119/3988
f 144/3122/3989 230/3123/3989 232/3050/3989
f 195/3111/3990 6/3110/3990 189/3124/3990
f 189/3124/3991 6/3110/3991 188/3125/3991
s 1
f 192/3115/3985 188/3120/3987 6/3126/3992
s 0
f 189/3127/3993 188/3120/3993 199/3119/3993
s 1
f 232/3050/3994 214/3049/3995 223/3060/3996
f 232/3050/3994 223/3060/3996 144/3122/3997
s 0
f 199/3119/3998 403/3128/3998 189/3127/3998
f 109/3129/3999 144/3122/3999 223/3060/3999
f 59/3130/4000 189/3113/4000 403/3131/4000
s 1
f 230/3123/4001 144/3122/4002 59/3132/4003
s 0
f 211/3076/4004 189/3113/4004 59/3130/4004
s 1
f 403/3131/4005 230/3133/4001 59/3130/4003
s 0
f 5/3134/4006 223/3077/4006 211/3076/4006
f 97/3135/4007 98/3136/4007 223/3137/4007
f 97/3135/4008 223/3137/4008 59/3138/4008
s 1
f 144/3122/4002 109/3129/4009 59/3132/4003
s 0
f 109/3139/4010 223/3137/4010 98/3136/4010
f 98/3140/4011 59/3138/4011 5/3141/4011
f 59/3138/4012 223/3137/4012 5/3141/4012
f 5/3142/4013 109/3139/4013 98/3136/4013
s 1
f 96/3143/4014 5/3134/4015 211/3076/4016
s 0
f 97/3144/4017 109/3129/4017 96/3145/4017
f 109/3129/4018 5/3146/4018 96/3145/4018
s 1
f 96/3143/4014 211/3076/4016 59/3130/4019
s 0
f 96/3145/4020 98/3147/4020 97/3144/4020
f 98/3140/4021 96/3148/4021 59/3138/4021
s 1
f 59/3132/4003 109/3129/4009 97/3144/4022
