# Blender 4.3.2
# www.blender.org
o model
v -0.391152 0.108914 -0.780145
v -0.432725 0.149406 -0.710711
v -0.391668 0.009119 -0.448315
v -0.424281 0.202312 -0.579716
v -0.313786 0.124039 -0.750729
v -0.267811 0.180206 -0.595997
v -0.279163 0.122099 -0.693136
v -0.288687 0.103642 -0.611050
v -0.265226 0.056200 -0.684979
v -0.325605 0.136117 -0.525133
v -0.361793 0.214615 -0.711671
v -0.312733 0.315501 -0.620393
v -0.394351 0.322451 -0.024786
v -0.242026 0.278311 0.036413
v -0.238011 0.270824 0.128722
v -0.450596 0.097254 -0.002807
v -0.242310 0.165518 0.209420
v -0.276306 0.090309 0.061884
v -0.257211 0.099541 0.139249
v -0.257311 0.068691 0.021342
v -0.319867 0.071346 0.145124
v -0.403142 0.008644 -0.130555
v -0.411998 0.109937 -0.277120
v -0.407419 0.064138 -0.242054
v -0.420531 0.094718 -0.464061
v -0.270578 0.108525 -0.411196
v -0.276161 0.135780 -0.438230
v -0.300212 0.113114 -0.460947
v -0.272637 0.116491 -0.418504
v -0.291915 0.125518 -0.415575
v -0.270692 0.109147 -0.451866
v -0.222178 0.182398 -0.362997
v -0.404511 0.257510 0.013782
v -0.231625 0.250597 -0.152345
v -0.222959 0.187826 -0.106401
v -0.469256 0.249905 0.038579
v -0.464653 0.186980 -0.030093
v -0.424064 0.267160 -0.198926
v -0.471444 0.105597 -0.105359
v -0.418535 0.115366 -0.063989
v -0.416617 0.211762 -0.005102
v -0.297894 0.223408 0.022933
v -0.224302 0.241319 0.037294
v -0.088989 0.307782 -0.704670
v -0.256726 0.457087 0.037569
v -0.258915 0.386338 -0.533598
v -0.160155 0.324788 -0.775449
v -0.211804 0.396101 -0.924841
v -0.157676 0.312038 -0.874726
v -0.453267 0.099035 -0.779952
v -0.252229 0.622000 0.002498
v -0.268530 0.488213 -0.944848
v 0.138715 0.396029 -0.674594
v 0.137852 0.373285 -0.667209
v 0.059777 0.377475 -0.706206
v 0.213805 0.337260 -0.788526
v 0.208249 0.311221 -0.712255
v 0.208065 0.412520 -0.725819
v -0.264504 0.667751 -0.926658
v -0.214458 0.594697 0.181072
v -0.102890 0.859466 -0.212573
v -0.087512 0.836393 -0.200315
v 0.251946 0.343576 0.219783
v -0.149275 0.748946 0.335220
v 0.096335 0.827257 -0.224520
v 0.079494 0.834010 -0.020248
v 0.153799 0.512003 0.296814
v 0.250170 0.554170 -0.001342
v 0.264611 0.680423 0.087086
v 0.227261 0.687192 0.079519
v 0.161903 0.724824 0.305793
v 0.202374 0.783341 0.073560
v 0.181540 0.774673 0.207079
v -0.425115 0.173231 -0.778948
v 0.145125 0.744943 0.344241
v 0.134374 0.801964 0.146846
v 0.264243 0.675504 0.034618
v 0.258320 0.562613 0.098855
v 0.254080 0.560389 0.240814
v 0.128574 0.708413 0.325127
v -0.464533 0.041842 -0.713510
v 0.204378 0.790480 -0.158558
v 0.113412 0.706641 -0.182681
v 0.267791 0.703614 -0.184432
v 0.260813 0.705492 -0.360094
v -0.408945 0.078113 -0.736163
v 0.257930 0.694847 -0.171596
v 0.225663 0.575807 0.198584
v 0.129086 0.789912 -0.172683
v 0.255408 0.630161 -0.124005
v -0.393231 0.026315 -0.719986
v 0.131368 0.553328 0.323245
v 0.129954 0.806086 -0.301074
v 0.131087 0.794307 0.029899
v -0.465702 0.230025 -0.741589
v 0.062606 0.858473 -0.028065
v 0.089768 0.825933 -0.015247
v 0.080650 0.847528 -0.040094
v 0.094532 0.856187 -0.051643
v 0.099356 0.857703 -0.215485
v 0.021935 0.888829 -0.200857
v 0.035531 0.882440 -0.191514
v 0.062583 0.910697 -0.151865
v 0.052581 0.847042 -0.219981
v 0.064930 0.885610 -0.161711
v 0.046611 0.925451 -0.059206
v 0.080883 0.832964 -0.172142
v -0.001742 0.872732 -0.015760
v -0.036452 0.979903 -0.090799
v 0.051732 0.981621 -0.215985
v 0.030404 0.912610 -0.201093
v 0.063529 0.819908 -0.047331
v 0.257550 0.456630 -0.170805
v 0.076215 0.824956 -0.018699
v 0.084073 0.823251 -0.038999
v 0.056046 0.875851 -0.027363
v 0.076447 0.823299 -0.224707
v 0.095578 0.840144 -0.264157
v 0.169261 0.557118 0.318522
v 0.047137 0.826877 -0.045198
v 0.096490 0.826971 -0.041609
v 0.217630 0.524877 0.221521
v 0.199658 0.428611 -0.014764
v -0.052155 0.888189 -0.211822
v 0.257451 0.456272 0.037249
v 0.267831 0.554483 -0.358075
v -0.451504 0.018348 -0.601516
v -0.129838 0.708758 0.330260
v 0.254616 0.335696 0.043092
v -0.439054 0.292262 -0.693039
v -0.069794 0.893669 -0.114298
v -0.063540 0.832407 -0.058534
v 0.238598 0.370594 -0.048275
v 0.237180 0.420087 -0.149054
v 0.262594 0.436552 -0.342563
v -0.392455 0.005041 -0.648637
v 0.240850 0.321567 -0.330811
v -0.155846 0.715305 0.319697
v -0.130331 0.799118 0.160104
v 0.203475 0.792823 -0.324424
v -0.318398 0.071742 -0.764746
v 0.089381 0.567139 -0.356194
v 0.265764 0.441101 -0.186156
v -0.445946 0.011181 -0.474925
v 0.193963 0.379165 0.239271
v 0.093487 0.687087 -0.354754
v -0.313851 0.161545 -0.782838
v 0.208693 0.427656 -0.166494
v -0.137739 0.542726 0.340412
v 0.213488 0.379962 -0.345531
v 0.212149 0.518731 -0.174388
v 0.185840 0.525489 -0.888031
v 0.267467 0.527431 -0.370823
v 0.111700 0.521343 -0.827930
v 0.004430 0.518355 -0.717910
v 0.201867 0.515389 -0.871482
v 0.187081 0.515873 -0.721608
v 0.233766 0.635819 -0.647992
v 0.265007 0.644494 -0.402761
v 0.226913 0.667269 -0.382234
v 0.218482 0.530521 -0.673528
v 0.268240 0.673564 -0.918669
v 0.265223 0.634069 -0.567068
v -0.087403 0.513928 -0.815844
v -0.374056 0.040481 -0.625230
v -0.073542 0.524859 -0.884777
v -0.241425 0.087959 -0.746031
v -0.215522 0.516888 -0.874183
v 0.076836 0.523194 -0.886631
v 0.079926 0.528666 -0.880228
v 0.080066 0.530541 -0.880068
v 0.261243 0.632874 -0.729240
v -0.196977 0.514698 -0.719988
v 0.080042 0.555628 -0.891039
v 0.192753 0.518275 -0.465655
v -0.465078 0.290467 -0.613001
v 0.260789 0.631298 -0.883602
v 0.079874 0.532423 -0.880278
v 0.079199 0.628687 -0.902421
v -0.030240 0.517130 -0.464523
v 0.225703 0.434918 -0.366114
v 0.198459 0.323389 -0.034086
v -0.234915 0.625642 -0.538038
v 0.259064 0.526306 -0.750381
v 0.151057 0.513311 0.330852
v 0.210407 0.512125 -0.395972
v 0.048591 0.518597 -0.563846
v -0.075153 0.627213 -0.902085
v 0.130145 0.514766 0.310073
v -0.220288 0.697544 0.077297
v -0.201764 0.785979 0.075372
v -0.105725 0.514809 -0.554922
v -0.091247 0.854124 -0.020295
v -0.393530 0.006913 -0.553791
v -0.242072 0.151201 -0.769692
v -0.106701 0.828335 -0.044345
v -0.074958 0.824589 -0.198050
v 0.198386 0.317673 -0.166077
v -0.093429 0.824652 -0.047658
v -0.053972 0.827272 -0.227198
v -0.055701 0.832731 -0.280920
v -0.098721 0.850142 -0.234656
v -0.083726 0.826225 -0.239552
v -0.233904 0.631129 -0.842532
v 0.225740 0.655412 -0.889149
v -0.316750 0.004014 -0.604124
v -0.366226 0.241218 -0.745858
v -0.227073 0.531694 -0.686202
v -0.085694 0.688454 -0.359552
v -0.225182 0.667374 -0.379999
v 0.260835 0.529147 -0.920563
v -0.247768 0.559204 0.239064
v 0.224059 0.300524 -0.177376
v -0.325879 0.290098 -0.694108
v -0.164167 0.543757 0.325465
v -0.127799 0.516606 0.313197
v -0.439824 0.074971 -0.627730
v -0.431411 0.207059 -0.635644
v -0.120533 0.814891 -0.297587
v 0.260415 0.527751 -0.573897
v -0.213418 0.657057 -0.890582
v 0.269551 0.448772 -0.628443
v 0.154225 0.302433 0.062937
v -0.262335 0.046288 -0.614239
v -0.315037 0.009275 -0.690177
v 0.166371 0.288039 -0.385917
v -0.229262 0.520151 0.225715
v -0.267937 0.667332 -0.389648
v -0.257440 0.706206 -0.361351
v 0.179099 0.302882 0.254699
v 0.146381 0.295564 -0.186372
v -0.402134 0.006094 -0.394536
v 0.255925 0.367953 -0.674778
v 0.209490 0.298582 -0.685526
v -0.200249 0.792244 -0.323995
v -0.127801 0.799014 0.031085
v -0.262480 0.529981 -0.370733
v -0.244351 0.022150 -0.713868
v 0.132454 0.390351 0.265549
v 0.192520 0.389556 -0.652565
v 0.187013 0.239415 0.125518
v -0.217981 0.521278 -0.415608
v 0.266764 0.461158 -0.934615
v -0.260691 0.630073 -0.733617
v -0.259672 0.693270 0.061159
v 0.158232 0.295075 0.200463
v -0.208839 0.564695 -0.356687
v -0.076462 0.564699 -0.360454
v 0.218394 0.420219 -0.657886
v 0.304603 0.122158 -0.454845
v 0.272626 0.108674 -0.409034
v 0.275761 0.127479 -0.462220
v 0.270133 0.108465 -0.390155
v 0.273816 0.114482 -0.434454
v 0.299928 0.122141 -0.291500
v -0.241628 0.280807 -0.230595
v 0.414769 0.175676 -0.349560
v 0.396166 0.131663 -0.301463
v 0.388795 0.214420 -0.288060
v 0.408198 0.177260 -0.250852
v 0.420373 0.168905 -0.275934
v 0.425010 0.228097 -0.323094
v 0.474392 0.216914 -0.345761
v 0.469947 0.108329 -0.359793
v -0.252255 0.216792 -0.678074
v 0.474035 0.246467 0.036230
v 0.469306 0.178785 -0.031294
v 0.474243 0.217112 -0.190702
v 0.409235 0.255721 0.015795
v 0.422108 0.263063 -0.190164
v 0.454057 0.109563 -0.077640
v -0.381218 0.105409 -0.554397
v 0.400178 0.125793 -0.129455
v 0.467066 0.111437 -0.184808
v 0.413158 0.112745 -0.396127
v 0.427474 0.102464 -0.475877
v 0.419879 0.132720 -0.258256
v 0.420384 0.130695 -0.284153
v 0.421144 0.068204 -0.246161
v 0.426009 0.252322 -0.348151
v 0.423736 0.111407 -0.315075
v -0.394346 0.315180 -0.620527
v 0.471995 0.202700 -0.520947
v 0.420194 0.118891 -0.054782
v 0.418404 0.184058 -0.206392
v 0.436767 0.259151 -0.524235
v 0.406403 0.044062 -0.470923
v 0.412875 0.209840 -0.005319
v 0.473905 0.106081 -0.503885
v 0.389033 0.103555 -0.216670
v 0.417044 0.047344 -0.403249
v 0.236815 0.031125 -0.033989
v 0.454913 0.015298 -0.445035
v 0.317962 0.005968 -0.643224
v 0.462171 0.035389 -0.712719
v 0.455488 0.100686 -0.781928
v 0.316982 0.023862 -0.718437
v 0.386695 0.104284 -0.781592
v 0.276114 0.204488 -0.623214
v 0.425178 0.174202 -0.686599
v 0.427357 0.087570 -0.658650
v 0.454101 0.179014 -0.720072
v 0.241412 0.282089 -0.605422
v 0.313507 0.328496 -0.540475
v 0.315429 0.333535 -0.407307
v 0.329948 0.333865 -0.335362
v 0.317129 0.329459 -0.038508
v 0.316873 0.271113 0.129178
v -0.344833 0.268591 -0.611177
v 0.264277 0.074867 0.025426
v 0.290010 0.162304 0.030904
v 0.310292 0.120555 0.107423
v 0.287720 0.075882 0.126761
v 0.258264 0.200507 0.048931
v -0.396356 0.326598 -0.537040
v 0.296582 0.168763 0.151117
v 0.395575 0.016824 0.115043
v 0.418517 0.005417 0.055847
v 0.468727 0.024106 0.086855
v 0.285552 0.014696 0.123132
v 0.393713 0.000702 0.007152
v 0.395188 0.087296 0.207525
v 0.406719 0.009409 -0.041669
v 0.425765 0.170588 0.096482
v 0.446190 0.158089 0.015350
v 0.412588 0.087982 0.078578
v 0.452631 0.174296 0.142028
v 0.380000 0.088928 0.162419
v 0.391953 0.184260 0.139787
v 0.357641 0.085826 -0.008478
v 0.457866 0.060907 0.034359
v -0.458843 0.307322 -0.501896
v 0.391577 0.178774 0.208044
v 0.450068 0.013655 -0.112842
v 0.318527 0.003657 0.069729
v 0.406086 0.003725 -0.161971
v 0.381154 0.003381 -0.084650
v 0.362134 0.169696 -0.008255
v 0.463794 0.075643 0.186428
v 0.406362 0.009254 -0.328693
v 0.308274 0.087819 0.205911
v 0.394133 0.007721 -0.240749
v 0.317714 0.005133 -0.048711
v 0.242276 0.080846 0.174403
v 0.316973 0.223736 0.182585
v -0.240439 0.269551 -0.719688
v 0.398691 0.004548 -0.384121
v 0.320120 0.008112 -0.220485
v 0.317126 0.004794 -0.139202
v 0.355059 0.036231 0.050745
v 0.467458 0.173462 0.187243
v 0.452894 0.019226 -0.267606
v -0.393162 0.329642 -0.468309
v 0.313863 0.167503 0.208635
v 0.245203 0.184966 0.206150
v 0.445733 0.234885 0.168903
v 0.236654 0.226269 0.154282
v 0.355535 0.223278 0.073519
v 0.316686 0.307129 0.067286
v 0.465317 0.295683 -0.004624
v 0.445202 0.279471 0.113134
v 0.396325 0.306865 0.064755
v 0.242870 0.288365 0.101878
v 0.353072 0.270173 -0.002658
v 0.240625 0.279474 0.040152
v 0.353387 0.273145 -0.252419
v 0.395292 0.323087 -0.029639
v -0.241741 0.268759 -0.640884
v 0.463193 0.302800 0.037035
v -0.463760 0.296797 -0.363168
v 0.242414 0.321556 -0.038672
v 0.393997 0.328484 -0.141409
v 0.311605 0.332289 -0.154315
v -0.314881 0.331658 -0.508530
v 0.244263 0.282175 -0.238262
v 0.373905 0.331505 -0.237344
v 0.464619 0.325402 -0.137453
v -0.395300 0.326517 -0.364218
v 0.313180 0.323731 -0.284567
v 0.242949 0.327460 -0.186089
v 0.395142 0.325159 -0.289797
v 0.464301 0.324077 -0.267738
v 0.459121 0.290334 -0.401701
v 0.373020 0.330642 -0.335680
v 0.372955 0.330642 -0.335680
v 0.372927 0.330642 -0.335673
v 0.374111 0.331328 -0.336770
v -0.241433 0.320938 -0.617120
v 0.394647 0.329338 -0.376054
v 0.464001 0.325842 -0.366270
v -0.461629 0.325103 -0.260521
v 0.396251 0.326856 -0.498411
v 0.467393 0.327866 -0.497014
v 0.392365 0.316062 -0.615881
v -0.311860 0.328092 -0.260083
v 0.242687 0.327243 -0.419444
v 0.355390 0.269503 -0.603311
v 0.463511 0.286942 -0.625031
v 0.316132 0.306511 -0.654259
v 0.393910 0.285120 -0.697756
v 0.242931 0.267667 -0.721967
v -0.460302 0.323899 -0.138287
v 0.363841 0.224945 -0.686667
v 0.464321 0.283143 -0.705691
v 0.315818 0.245244 -0.743192
v 0.392415 0.196970 -0.770227
v 0.247240 0.245669 -0.676844
v 0.314849 0.180268 -0.781393
v 0.467304 0.193090 -0.755773
v 0.392403 0.172977 -0.750235
v -0.359054 0.274589 -0.303816
v 0.451036 0.189893 -0.577496
v 0.291333 0.175344 -0.739995
v 0.430928 0.160107 -0.601431
v 0.287680 0.102285 -0.621281
v 0.347162 0.212982 -0.591441
v -0.241598 0.282058 -0.502815
v 0.284249 0.138089 -0.698404
v 0.314758 0.101414 -0.778856
v 0.244049 0.167796 -0.753944
v -0.322380 0.330838 -0.356936
v -0.395201 0.325927 -0.267688
v 0.395889 0.026289 -0.721168
v 0.243819 0.105355 -0.748990
v 0.360872 0.101828 -0.558049
v 0.265711 0.116845 -0.568202
v 0.325110 0.062956 -0.727403
v 0.392789 0.003443 -0.644620
v 0.401223 0.006025 -0.568888
v 0.313717 0.004062 -0.583041
v 0.334670 0.147985 -0.525015
v 0.242386 0.025508 -0.718295
v 0.444173 0.074206 -0.580351
v 0.255243 0.087572 -0.700028
v 0.403906 0.005098 -0.497224
v 0.384452 0.078413 -0.731520
v 0.237459 0.023281 -0.637589
v 0.456776 0.025390 -0.553547
v 0.286790 0.002625 -0.537422
v 0.391556 0.005300 -0.440920
v 0.467919 0.023601 -0.638008
v 0.304229 0.039893 -0.620544
v 0.249181 0.003570 0.036627
v 0.318847 0.009231 -0.389538
v 0.315991 0.007110 0.018863
v 0.303739 0.000000 -0.269276
v -0.461825 0.317050 0.010802
v 0.316692 0.004296 -0.322761
v 0.317793 0.006158 -0.461293
v 0.240079 0.028943 -0.223220
v 0.248719 0.006315 -0.353024
v 0.421385 0.038723 -0.661772
v 0.249778 0.003039 -0.123358
v -0.393898 0.327334 -0.138970
v 0.474817 0.035181 -0.330394
v 0.416558 0.046244 -0.160504
v 0.239122 0.036230 -0.518021
v 0.419945 0.042656 -0.104057
v -0.462715 0.283994 0.079569
v 0.244125 0.002266 -0.463126
v 0.433664 0.255139 -0.212013
v -0.313142 0.331373 -0.134462
v 0.404414 0.246139 -0.182498
v 0.419273 0.112609 -0.335967
v 0.400441 0.255923 -0.368257
v 0.288331 0.225664 0.022737
v 0.420814 0.205644 -0.508771
v -0.241341 0.326588 -0.357439
v 0.421753 0.052342 -0.302567
v 0.400031 0.095789 -0.353167
v 0.317883 0.100284 -0.336558
v 0.300503 0.049274 -0.245496
v 0.417079 0.192710 -0.468457
v 0.279159 0.037124 -0.152743
v 0.228562 0.203417 -0.511499
v 0.292353 0.187416 -0.073659
v 0.270756 0.179072 -0.329959
v 0.291755 0.043242 -0.300486
v 0.300798 0.231735 -0.202831
v 0.345577 0.165003 -0.517889
v 0.236082 0.250523 -0.152848
v 0.223301 0.251411 -0.372300
v -0.462772 0.230242 0.139108
v 0.299413 0.249187 -0.340825
v 0.270342 0.047794 -0.401931
v 0.269747 0.109243 -0.079612
v -0.241097 0.325776 -0.139460
v 0.271260 0.108726 -0.314993
v 0.287439 0.131682 -0.176786
v -0.318229 0.326772 -0.029044
v 0.187355 0.181861 -0.371015
v 0.238197 0.175021 -0.199024
v 0.282828 0.069288 -0.475300
v 0.227975 0.249380 0.033560
v 0.240596 0.246842 -0.523762
v 0.281718 0.130204 -0.276051
v 0.275055 0.109991 -0.298016
v 0.282983 0.108541 -0.254262
v 0.267033 0.108499 -0.241539
v 0.272650 0.108330 -0.450046
v -0.355896 0.267143 -0.003901
v 0.107144 0.649882 -0.933095
v 0.274318 0.108868 -0.253527
v -0.205643 0.385346 0.233959
v -0.259252 0.526409 -0.882772
v 0.198325 0.525698 -0.941081
v -0.358810 0.272972 0.128732
v -0.268425 0.512341 -0.584320
v -0.134038 0.389212 0.269026
v -0.148810 0.514217 0.288431
v -0.201081 0.791669 -0.175485
v 0.055416 0.421013 -0.865818
v 0.078328 0.419749 -0.712914
v 0.215423 0.113650 -0.073085
v -0.260331 0.630489 -0.563283
v 0.274301 0.182756 -0.473832
v -0.098776 0.630141 -0.926224
v 0.269636 0.109353 -0.492151
v -0.393371 0.306618 0.059154
v 0.121257 0.107618 -0.519297
v 0.150348 0.331743 0.204246
v -0.251051 0.328519 0.211369
v -0.195219 0.527912 -0.935778
v 0.036194 0.421591 -0.757880
v 0.144057 0.333224 -0.679172
v 0.162843 0.163571 -0.520147
v -0.241461 0.320687 -0.027590
v 0.141860 0.323511 -0.772792
v -0.254680 0.561470 0.094971
v -0.112472 0.781349 -0.177402
v 0.087746 0.525059 -0.929061
v 0.181580 0.262666 -0.663051
v 0.184600 0.192660 -0.072025
v -0.264623 0.684249 -0.181979
v -0.266654 0.442504 -0.366775
v 0.077595 0.302644 0.238390
v -0.262194 0.526066 -0.741477
v 0.160166 0.305448 -0.862712
v -0.202824 0.789842 -0.166595
v -0.238680 0.429125 -0.908142
v 0.119413 0.215355 0.214650
v -0.056685 0.526263 -0.930507
v 0.142807 0.336978 0.266847
v 0.174994 0.181983 -0.663484
v -0.389645 0.199102 0.130354
v -0.445634 0.232558 0.176678
v -0.257107 0.439032 -0.186402
v -0.254127 0.426979 -0.649419
v 0.084921 0.301070 -0.838877
v -0.315492 0.306525 0.069213
v -0.002092 0.145621 0.375117
v 0.002784 0.213625 0.957400
v 0.038765 0.244414 0.838565
v -0.007358 0.168983 0.837344
v -0.317070 0.225570 0.179779
v -0.047665 0.183186 0.771747
v 0.023845 0.160032 0.774098
v -0.042490 0.256790 0.783266
v 0.015624 0.144650 0.664014
v 0.057314 0.252608 0.771290
v 0.065484 0.183906 0.696194
v -0.241686 0.310543 0.062864
v 0.033681 0.284967 0.694555
v -0.380556 0.111290 0.172547
v -0.066735 0.198038 0.669020
v 0.082507 0.151343 0.658635
v -0.000583 0.115670 0.666565
v 0.061924 0.255287 0.655321
v 0.061867 0.130775 0.571465
v 0.059560 0.302316 0.675369
v -0.070586 0.134816 0.653407
v 0.098325 0.213089 0.568097
v -0.056371 0.274244 0.675462
v -0.034887 0.125807 0.565676
v -0.392022 0.162212 0.214244
v -0.097068 0.212038 0.571585
v -0.057062 0.137787 0.542198
v 0.084364 0.269318 0.547300
v 0.053999 0.303720 0.570298
v -0.039243 0.303656 0.550061
v 0.084127 0.130123 0.543727
v -0.463466 0.124812 0.205936
v 0.082130 0.137401 0.465101
v -0.095587 0.265515 0.546926
v -0.078462 0.133756 0.461715
v 0.035984 0.251557 0.467326
v 0.025587 0.174417 0.466778
v 0.081510 0.300184 0.461353
v 0.028436 0.182318 0.391173
v 0.034740 0.238926 0.376358
v -0.046939 0.310818 0.462239
v -0.030354 0.181480 0.439053
v 0.050839 0.276310 0.338176
v 0.009462 0.289197 0.370377
v -0.001632 0.164630 0.319058
v -0.233206 0.213457 0.160866
v -0.030798 0.256341 0.472469
v -0.029518 0.240812 0.401674
v -0.042689 0.257447 0.338946
v 0.054514 0.134965 0.332421
v 0.074900 0.154315 0.260237
v -0.048729 0.135663 0.334043
v -0.249854 0.601556 -0.123438
v -0.425794 0.209330 0.023719
v 0.126532 0.155051 -0.056202
v -0.166423 0.335332 0.266507
v -0.254255 0.438633 -0.475504
v -0.322986 0.215718 0.106321
v 0.067617 0.371229 -0.928916
v 0.063685 0.322694 -0.781626
v 0.208952 0.373174 -0.917449
v 0.059710 0.321025 -0.684201
v -0.226828 0.328917 -0.809704
v 0.036015 0.289402 -0.713633
v -0.068423 0.143794 0.260214
v -0.254059 0.350409 -0.451303
v -0.257801 0.206416 0.056093
v 0.075848 0.243639 0.232291
v -0.068619 0.310288 0.258080
v 0.204045 0.421105 -0.902101
v 0.110199 0.109490 -0.067170
v -0.252626 0.336453 0.051113
v -0.238883 0.364585 -0.382182
v -0.394471 0.079373 0.197008
v -0.007706 0.331638 -0.771225
v -0.011702 0.319584 -0.894485
v -0.313736 0.173044 0.208462
v 0.080482 0.429884 -0.909930
v -0.085802 0.327622 -0.902745
v -0.097617 0.425978 -0.913598
v 0.005060 0.420018 -0.872249
v -0.039094 0.421927 -0.880296
v -0.046379 0.404406 -0.919375
v -0.021425 0.420279 -0.763435
v -0.002398 0.395343 -0.691512
v -0.040655 0.418787 -0.672554
v -0.088358 0.382753 -0.709994
v -0.126878 0.417062 -0.705521
v 0.120448 0.109725 -0.295036
v -0.389374 0.039863 0.096336
v 0.160037 0.163194 0.167981
v -0.192370 0.405087 -0.594635
v -0.194156 0.414651 -0.409323
v -0.211992 0.387263 -0.344311
v -0.198639 0.384502 -0.457131
v -0.224514 0.385864 -0.781975
v -0.143119 0.155934 -0.632610
v 0.017545 0.172021 0.244874
v -0.432432 0.144432 0.131575
v -0.175156 0.302451 0.256341
v 0.141296 0.306019 -0.668014
v -0.087727 0.330612 -0.770649
v -0.012978 0.306778 -0.711052
v -0.342722 0.121424 -0.033235
v -0.244179 0.442789 -0.168444
v -0.422522 0.171206 0.036388
v -0.441377 0.066130 0.089804
v -0.171986 0.383128 -0.669517
v 0.042537 0.156992 0.161647
v -0.066142 0.238735 0.224203
v -0.249593 0.388419 -0.156780
v -0.298394 0.158978 0.097982
v -0.315330 0.088227 0.202697
v -0.193757 0.316674 -0.684381
v -0.212233 0.512936 -0.185477
v -0.192521 0.409617 -0.641225
v -0.173131 0.282550 -0.669012
v -0.152336 0.314563 0.198458
v -0.202695 0.430055 -0.022552
v -0.303067 0.134121 0.018110
v -0.214923 0.331979 -0.164420
v -0.217125 0.298727 -0.172245
v -0.231282 0.310849 -0.342363
v -0.133013 0.271326 0.236435
v -0.241281 0.313785 -0.673506
v -0.201169 0.325531 -0.038698
v -0.465862 0.022198 0.094723
v -0.085862 0.203557 0.205443
v -0.393137 0.007350 0.087893
v -0.313481 0.011372 0.111308
v -0.346980 0.041460 0.022199
v 0.004561 0.156250 -0.103574
v -0.242440 0.065829 0.175350
v 0.118774 0.156091 -0.297114
v -0.161848 0.165846 0.162293
v -0.153546 0.303350 0.063636
v -0.123208 0.153657 -0.527927
v -0.077584 0.155721 0.155457
v -0.152475 0.292657 -0.180310
v -0.180569 0.262769 0.124714
v -0.173565 0.191290 -0.668613
v -0.105026 0.154879 -0.298531
v -0.117991 0.108118 -0.515599
v -0.128533 0.149978 -0.050036
v -0.122060 0.108520 -0.276928
v -0.172594 0.192219 0.059678
v -0.173194 0.193099 0.058494
v -0.173194 0.193099 0.058061
v -0.179524 0.190013 -0.070694
v -0.172647 0.193907 0.001024
v -0.170912 0.182915 -0.508287
v -0.416594 0.011166 -0.055858
v -0.276915 0.180609 -0.204064
v -0.131260 0.107737 -0.068701
v -0.403765 0.198545 -0.086079
v -0.228543 0.199348 -0.513065
v -0.235475 0.015551 0.074277
v -0.315191 0.003369 0.034953
v -0.224894 0.250807 -0.371099
v -0.291219 0.182012 -0.332824
v -0.261557 0.240167 -0.235641
v -0.299843 0.189947 -0.486640
v -0.415085 0.177003 -0.191066
v -0.284279 0.189445 -0.075857
v -0.225492 0.246770 -0.522661
v -0.395286 0.004949 0.002813
v -0.266275 0.108070 -0.076475
v -0.345383 0.041760 -0.180299
v -0.377442 0.260321 -0.348504
v -0.235273 0.020655 0.000855
v -0.279830 0.044151 -0.450472
v -0.289316 0.045973 -0.392147
v -0.427951 0.106176 -0.513090
v -0.438052 0.260664 -0.527043
v -0.470118 0.202376 -0.517401
v -0.461402 0.194028 -0.203919
v -0.268798 0.108372 -0.392930
v -0.408012 0.088590 -0.384470
v -0.419352 0.205657 -0.507271
v -0.271636 0.101718 -0.487223
v -0.270076 0.113171 -0.187323
v -0.410270 0.040607 -0.129845
v -0.408522 0.116245 -0.168881
v -0.337009 0.099343 -0.335614
v -0.396120 0.249513 -0.215891
v -0.241508 0.006585 -0.102090
v -0.410965 0.198244 -0.471344
v -0.315593 0.003820 -0.320783
v -0.249118 0.004902 -0.342694
v -0.314895 0.006253 -0.239618
v -0.241776 0.005759 -0.432145
v -0.242611 0.006863 -0.262285
v -0.315505 0.005530 -0.054358
v -0.316619 0.008922 -0.382275
v -0.414928 0.007652 -0.277897
v -0.315768 0.004538 -0.485506
v -0.413505 0.239773 -0.360369
v -0.470278 0.108944 -0.350819
v -0.396467 0.004028 -0.232284
v -0.270845 0.038547 -0.288899
v -0.304781 0.112118 -0.217491
v -0.394037 0.173899 -0.249561
v -0.422030 0.039889 -0.411653
v -0.293725 0.119038 -0.294147
v -0.293475 0.106550 -0.249384
v -0.271847 0.108869 -0.257941
v -0.275868 0.116097 -0.266286
v -0.276683 0.128733 -0.269977
v -0.272826 0.109285 -0.299244
v -0.272765 0.108533 -0.312547
v -0.417372 0.134154 -0.262337
v -0.407121 0.045576 -0.294749
v -0.417051 0.132345 -0.282906
v -0.417669 0.137103 -0.308258
v -0.417316 0.167115 -0.277330
v -0.462025 0.216945 -0.345946
v -0.417438 0.180811 -0.278160
v -0.416020 0.187208 -0.256772
v -0.413030 0.229953 -0.316678
v -0.417713 0.189663 -0.327105
v -0.462986 0.031390 -0.203711
v -0.420194 0.112777 -0.325178
v -0.408630 0.108378 -0.215792
v -0.276060 0.043855 -0.120641
v -0.235427 0.026786 -0.214209
v -0.314862 0.037925 -0.256851
v -0.317430 0.004683 -0.133808
v -0.405795 0.008480 -0.339436
v -0.235148 0.024254 -0.547982
v -0.242635 0.003983 -0.636889
vn 0.9594 -0.2768 0.0534
vn 0.9594 -0.2769 0.0535
vn 0.9610 -0.2719 0.0504
vn 0.9612 0.2233 0.1617
vn 0.9404 0.3285 0.0876
vn 0.9466 0.3051 0.1046
vn 0.9089 0.4164 0.0212
vn 0.1873 0.1401 -0.9723
vn 0.9580 -0.2812 0.0562
vn -0.4956 0.0027 0.8685
vn 0.7893 -0.0511 0.6119
vn 0.2823 -0.2000 0.9383
vn 0.8689 0.4185 -0.2644
vn 0.8905 0.4002 -0.2165
vn 0.8877 0.4028 -0.2230
vn 0.4172 -0.8793 0.2297
vn 0.3668 -0.9075 0.2048
vn 0.3299 -0.9254 0.1865
vn 0.6345 -0.7672 0.0937
vn -0.9910 -0.0946 0.0946
vn -0.9818 -0.1881 0.0255
vn -0.9908 -0.1288 0.0415
vn 0.2086 -0.7939 0.5712
vn 0.3955 0.9016 -0.1754
vn 0.2647 0.9276 -0.2636
vn 0.3155 0.9204 -0.2307
vn -0.9805 -0.1855 0.0651
vn 0.9142 -0.3099 -0.2611
vn 0.9472 -0.3018 -0.1085
vn 0.9228 -0.3369 -0.1867
vn -0.1437 -0.1885 0.9715
vn 0.9930 0.1131 -0.0328
vn 0.0481 0.9988 0.0085
vn 0.0835 0.9955 0.0455
vn 0.0423 0.9982 -0.0431
vn -0.4503 -0.6021 0.6593
vn -0.5462 -0.6189 0.5645
vn -0.4236 -0.5958 0.6824
vn -0.5752 -0.6219 0.5313
vn 0.9998 0.0170 0.0051
vn 0.9995 -0.0281 0.0135
vn 0.9982 0.0602 -0.0030
vn -0.9998 -0.0109 -0.0191
vn -0.9985 -0.0504 -0.0207
vn -0.9961 0.0882 -0.0030
vn 0.9951 0.0982 -0.0102
vn 0.9713 -0.2161 -0.0991
vn -0.0961 0.9939 0.0539
vn 0.3087 -0.5003 0.8089
vn 0.1727 0.7203 0.6719
vn -0.0665 -0.7899 0.6096
vn -0.9933 0.0806 -0.0826
vn -0.5947 -0.6582 -0.4617
vn 0.9978 0.0630 0.0187
vn 0.9987 0.0478 0.0187
vn 1.0000 0.0010 -0.0059
vn 0.9943 -0.1021 0.0307
vn 0.8403 0.5410 -0.0359
vn -0.8615 0.5077 0.0092
vn -0.8820 0.4666 0.0664
vn -0.8397 0.5426 0.0214
vn -0.3045 -0.9354 -0.1800
vn 0.5564 -0.7571 0.3423
vn 0.0169 -0.4695 0.8827
vn 0.9502 0.1967 0.2417
vn 0.9390 0.2572 0.2284
vn 0.9417 0.1340 0.3085
vn 0.9561 0.0637 0.2860
vn 0.9844 -0.0959 0.1474
vn -0.0060 0.7303 0.6831
vn 0.8658 0.5003 -0.0099
vn 0.8725 0.4881 0.0215
vn 0.8685 0.4957 0.0023
vn -0.4105 0.7321 0.5436
vn -0.1968 0.0098 0.9804
vn 0.9986 -0.0525 0.0085
vn 0.9993 -0.0363 -0.0088
vn 0.9963 -0.0811 -0.0298
vn 0.8736 0.4861 0.0225
vn 0.9996 -0.0280 0.0088
vn 0.9998 0.0155 0.0100
vn 0.9993 -0.0267 0.0262
vn 0.8576 0.5115 -0.0540
vn 0.7765 0.4549 0.4360
vn 0.0404 0.9606 0.2748
vn 0.2592 0.9398 0.2228
vn 0.2024 0.9566 0.2097
vn 0.9993 -0.0384 0.0008
vn 0.9999 0.0092 0.0051
vn 0.3793 0.9176 0.1188
vn 0.9982 0.0459 -0.0392
vn 0.9998 0.0168 -0.0142
vn 0.9999 -0.0033 -0.0137
vn 0.8305 0.5563 -0.0270
vn 0.0226 0.8174 0.5756
vn 0.1194 0.1506 -0.9814
vn 0.1261 0.1597 -0.9791
vn 0.0844 0.1031 -0.9911
vn 0.0089 -0.1208 0.9926
vn 0.9997 -0.0227 -0.0029
vn 0.1194 0.1506 -0.9813
vn 0.1778 0.2300 -0.9568
vn 0.9313 0.2151 0.2939
vn 0.9319 0.1297 0.3388
vn 0.0046 0.9612 0.2759
vn 0.0042 0.9610 0.2764
vn 0.0042 0.9610 0.2765
vn 0.9937 -0.1120 -0.0074
vn 0.5248 0.8064 0.2727
vn 0.1752 0.9569 0.2315
vn 0.1674 0.9855 -0.0258
vn 0.0251 0.9996 -0.0106
vn 0.0964 0.9950 -0.0272
vn 0.0251 0.9996 -0.0105
vn -0.0035 0.9998 -0.0217
vn 0.6057 0.7927 0.0690
vn 0.6591 0.7517 0.0245
vn 0.6206 0.7820 0.0570
vn -0.2140 0.9764 0.0275
vn -0.2176 0.9747 0.0503
vn -0.2101 0.9777 0.0034
vn 0.4856 0.6399 0.5955
vn -0.5956 -0.1069 -0.7961
vn -0.7880 -0.6121 0.0661
vn -0.3500 -0.9368 -0.0012
vn 0.9922 0.0943 0.0810
vn 0.9802 0.1125 0.1629
vn 0.9966 -0.0828 0.0018
vn -0.5801 0.8095 -0.0903
vn 0.9951 -0.0984 -0.0010
vn -0.6368 -0.3525 0.6857
vn 0.6489 0.3298 -0.6856
vn 0.5211 0.8459 -0.1135
vn 0.5574 0.8294 -0.0360
vn 0.4880 0.8547 -0.1772
vn 0.9858 0.0272 0.1656
vn 0.9726 0.2143 0.0905
vn 0.9737 0.2014 0.1064
vn 0.9561 0.2816 0.0806
vn 0.9517 0.3013 0.0589
vn 0.1064 0.5724 0.8130
vn 0.0984 0.5776 0.8104
vn 0.0803 0.5890 0.8041
vn 0.5211 0.8459 -0.1136
vn 0.4879 0.8547 -0.1773
vn 0.4427 0.8594 -0.2560
vn 0.9348 0.3540 -0.0289
vn -0.2817 -0.6800 0.6769
vn 0.6141 -0.0195 0.7890
vn 0.7733 0.4027 -0.4898
vn 0.1911 -0.9681 0.1619
vn 0.4033 0.9026 0.1505
vn 0.1352 0.5534 0.8219
vn -0.7984 0.1498 0.5832
vn -0.1365 0.2148 0.9671
vn 0.9312 0.3548 -0.0833
vn 0.4861 0.6778 -0.5516
vn -0.4576 -0.0319 0.8886
vn 0.8503 0.3376 -0.4037
vn 0.7898 -0.6117 0.0458
vn -0.1869 -0.9711 0.1482
vn 0.8703 -0.4180 -0.2606
vn 0.8447 -0.4462 -0.2956
vn 0.8584 -0.4315 -0.2773
vn -0.1849 -0.0703 -0.9802
vn 0.9987 -0.0468 -0.0189
vn 0.2033 -0.0080 0.9791
vn -0.0322 -0.1378 0.9899
vn 0.0700 0.9961 -0.0545
vn -0.1506 0.4389 -0.8858
vn -0.3144 0.4182 -0.8522
vn -0.1772 0.4365 -0.8821
vn -0.1280 0.9885 -0.0810
vn -0.0940 0.9896 -0.1090
vn -0.0707 0.9893 -0.1279
vn -0.0302 0.9866 -0.1606
vn -0.8165 0.5770 -0.0187
vn 0.4197 0.8655 0.2734
vn 0.1885 -0.9329 -0.3069
vn -0.8052 0.5750 -0.1449
vn 0.4588 0.8238 -0.3328
vn 0.8701 -0.2176 0.4423
vn 0.9566 0.1499 0.2498
vn 0.8703 -0.4179 -0.2605
vn 0.9112 -0.3633 -0.1944
vn -0.2397 0.9477 0.2108
vn -0.2176 0.9747 0.0504
vn -0.2140 0.9764 0.0276
vn 0.7354 0.6387 0.2261
vn -0.2400 0.8836 0.4020
vn 0.2454 0.9683 -0.0463
vn 0.9999 0.0099 0.0091
vn 0.0476 0.0350 0.9983
vn 0.0456 0.1239 0.9912
vn 0.0198 -0.0118 0.9997
vn 0.0401 0.2337 -0.9715
vn -0.4045 -0.9115 0.0745
vn 0.6954 0.6303 0.3452
vn 0.9996 -0.0227 0.0161
vn 0.9997 -0.0158 0.0204
vn -0.3396 -0.7681 -0.5429
vn -0.9616 -0.1245 0.2446
vn -0.2699 0.9574 -0.1026
vn 0.4919 -0.8703 0.0262
vn 0.4327 -0.9015 -0.0013
vn 0.4453 -0.8954 0.0044
vn 0.4857 0.8598 0.1577
vn -0.9203 0.3298 0.2103
vn 0.0017 0.0055 -1.0000
vn -0.0198 -0.0037 -0.9998
vn -0.0115 -0.0139 -0.9998
vn 0.8410 -0.2264 0.4914
vn -0.7351 -0.0215 0.6776
vn -0.6745 -0.0686 0.7351
vn -0.6718 -0.1425 0.7269
vn -0.6727 -0.1264 0.7290
vn 0.0216 0.3387 -0.9407
vn 0.2033 -0.3049 0.9304
vn -0.0723 0.4444 -0.8929
vn 0.1466 -0.0620 -0.9872
vn 0.4496 -0.2825 -0.8474
vn -0.2251 0.6891 0.6888
vn -0.0048 0.0122 -0.9999
vn -0.0041 -0.0606 -0.9982
vn 0.0486 -0.0221 -0.9986
vn 0.0740 -0.0034 -0.9973
vn -0.2010 0.2655 0.9429
vn 0.6399 -0.0501 0.7668
vn 0.6093 -0.0302 0.7923
vn 0.6496 -0.0565 0.7582
vn -0.6745 -0.0384 0.7373
vn -0.6727 -0.1263 0.7290
vn -0.6378 0.4222 -0.6442
vn 0.1134 0.9700 -0.2150
vn 0.0565 0.1667 -0.9844
vn -0.0662 0.0292 -0.9974
vn -0.0383 0.0998 -0.9943
vn 0.7343 0.0117 -0.6787
vn 0.6816 -0.0514 -0.7300
vn 0.7545 0.0384 -0.6551
vn 0.4655 -0.8822 0.0714
vn 0.6496 -0.0566 0.7582
vn 0.6752 -0.0740 0.7339
vn -0.1240 -0.6263 0.7696
vn 0.0247 -0.9938 -0.1088
vn 0.2140 0.9690 0.1235
vn 0.9824 -0.1590 0.0982
vn 0.9837 -0.1358 0.1176
vn 0.9830 -0.1496 0.1062
vn -0.9508 0.1980 0.2383
vn -0.9497 0.1389 0.2807
vn -0.9600 0.0880 0.2660
vn -0.9569 -0.2428 -0.1594
vn 0.4932 -0.1625 0.8546
vn 0.7546 0.0384 -0.6551
vn 0.7968 0.1003 -0.5958
vn -0.4005 -0.0846 0.9124
vn -0.9525 0.1937 0.2350
vn -0.9701 0.0844 0.2278
vn 0.1394 0.2384 -0.9611
vn 0.8417 0.5379 0.0467
vn 0.0101 0.9262 0.3769
vn -0.0024 0.9164 0.4002
vn -0.0239 0.9399 0.3407
vn 0.9807 -0.1770 0.0831
vn 0.9830 -0.1496 0.1061
vn 0.5121 -0.8582 0.0359
vn -0.1435 0.9883 -0.0520
vn -0.6878 0.4490 0.5704
vn -0.9358 0.3479 0.0571
vn 0.0150 0.6676 -0.7443
vn 0.0362 0.7511 -0.6592
vn 0.0327 0.7378 -0.6742
vn 0.2200 -0.1403 -0.9654
vn 0.3494 0.0572 0.9352
vn 0.3686 0.0840 0.9258
vn 0.3648 0.0868 0.9270
vn -0.9379 0.0570 0.3423
vn -0.9700 0.0844 0.2278
vn -0.1546 0.9421 -0.2976
vn 0.6016 -0.7987 0.0110
vn 0.0607 0.0717 0.9956
vn 0.0539 0.2120 0.9758
vn -0.0119 0.9398 0.3416
vn -0.4684 -0.0629 0.8813
vn -0.0682 0.9923 0.1030
vn -0.0600 0.9929 0.1028
vn -0.0654 0.9925 0.1030
vn -0.0650 0.9979 -0.0021
vn 0.9916 0.1245 0.0358
vn 0.9950 0.0994 0.0074
vn 0.9882 0.1453 0.0493
vn 0.0246 0.9997 0.0095
vn 0.0481 0.9982 -0.0369
vn 0.0147 0.9991 -0.0390
vn -0.0131 0.9999 0.0002
vn 0.9905 -0.1204 0.0660
vn 0.9997 -0.0079 -0.0213
vn 0.9989 -0.0474 -0.0032
vn 0.5641 0.2283 0.7935
vn 0.5326 0.8449 0.0509
vn -0.3719 0.9274 -0.0397
vn -0.3823 0.9235 -0.0317
vn -0.4148 0.9099 -0.0064
vn 0.9985 0.0505 -0.0197
vn 0.0069 0.9998 0.0200
vn -0.0193 0.9989 0.0427
vn 0.0069 0.9998 0.0199
vn 0.9896 -0.1431 -0.0145
vn -0.4239 0.9057 0.0009
vn 0.0012 1.0000 -0.0030
vn -0.0009 0.8051 0.5931
vn -0.0125 -0.0162 -0.9998
vn -0.0373 0.1956 0.9800
vn -0.0380 0.2207 0.9746
vn -0.0386 0.2394 0.9702
vn -0.9820 0.1761 0.0690
vn -0.9888 0.1476 0.0217
vn -0.9849 0.1621 0.0608
vn -0.0057 1.0000 0.0002
vn 0.0345 0.9978 0.0567
vn 0.4550 0.8895 -0.0421
vn 0.4939 0.8695 0.0025
vn 0.4677 0.8835 -0.0278
vn -0.0080 0.8834 -0.4686
vn 0.0614 0.8773 0.4760
vn 0.9988 0.0353 -0.0346
vn -0.9924 0.1188 -0.0337
vn -0.9908 0.1351 0.0042
vn 0.9941 0.1021 -0.0371
vn -0.6388 0.2026 0.7423
vn -0.9588 -0.2838 0.0089
vn 0.9999 -0.0160 -0.0021
vn 0.9952 -0.0833 0.0506
vn -0.9933 0.1091 -0.0385
vn -0.0508 0.0839 0.9952
vn 0.0133 0.1454 0.9893
vn 0.0099 0.1337 0.9910
vn 0.8964 0.0018 -0.4433
vn 0.8877 0.0205 -0.4599
vn 0.9109 -0.0331 -0.4113
vn 0.0799 0.0789 -0.9937
vn 0.0300 -0.0130 -0.9995
vn -0.0381 0.2206 0.9746
vn -0.0344 0.1077 0.9936
vn 0.8796 0.0368 -0.4742
vn 0.9548 -0.1307 -0.2668
vn -0.9222 0.0774 0.3789
vn -0.9994 -0.0142 -0.0313
vn 0.9979 0.0210 0.0609
vn 0.0494 0.1503 0.9874
vn 0.0138 0.1477 0.9889
vn 0.0087 0.1551 0.9879
vn -0.3941 -0.0394 0.9182
vn 0.9061 -0.4024 0.1302
vn 0.0876 0.1360 0.9868
vn 0.0675 0.1149 0.9911
vn 0.9924 0.1227 -0.0115
vn -0.0375 -0.0849 -0.9957
vn 0.9627 0.2619 0.0675
vn 0.5375 -0.1334 -0.8327
vn 0.5059 -0.3989 -0.7648
vn -0.0460 0.0912 0.9948
vn -0.0971 0.0384 0.9945
vn 0.0205 -0.4463 -0.8946
vn -0.4047 0.9142 -0.0204
vn 0.0038 0.0284 -0.9996
vn 0.0088 0.0640 -0.9979
vn 0.0074 0.0608 -0.9981
vn 0.7659 -0.0463 0.6414
vn 0.0148 0.9982 0.0576
vn 0.0774 0.9947 0.0682
vn 0.0028 0.9999 -0.0122
vn 0.0629 0.1674 0.9839
vn 0.9542 -0.0905 -0.2851
vn 0.3279 0.0421 0.9438
vn -0.0079 -0.9980 -0.0619
vn 0.7656 -0.6428 0.0274
vn 0.4398 -0.8980 0.0066
vn 0.3357 -0.9412 -0.0387
vn 0.3290 -0.9436 -0.0363
vn -0.0120 0.9398 0.3416
vn -0.1604 0.9570 0.2416
vn -0.2095 0.3462 0.9145
vn 0.0024 0.3815 -0.9244
vn 0.0028 0.3797 -0.9251
vn -0.0007 0.3953 -0.9185
vn 0.0261 -0.0139 -0.9996
vn 0.0023 -0.0787 -0.9969
vn 0.0105 -0.0332 -0.9994
vn 0.4321 -0.9017 0.0144
vn 0.5039 -0.8625 0.0461
vn 0.0170 0.2058 0.9785
vn -0.0778 0.9916 0.1033
vn 0.7476 0.3537 0.5621
vn 0.0126 0.6577 -0.7532
vn 0.0150 0.6676 -0.7444
vn 0.8996 -0.3311 0.2849
vn -0.5599 -0.6849 -0.4662
vn 0.2723 0.2279 -0.9349
vn -0.4049 0.8125 -0.4195
vn -0.4428 0.7930 -0.4184
vn -0.2584 0.8669 -0.4263
vn 0.0049 1.0000 -0.0030
vn 0.9745 -0.2242 -0.0008
vn 0.9991 -0.0139 0.0396
vn 0.3992 -0.9167 0.0160
vn 0.4399 -0.8980 0.0066
vn 0.3291 -0.9436 -0.0363
vn -0.4151 -0.8833 -0.2182
vn 0.0179 0.3896 -0.9208
vn -0.8286 0.2135 -0.5175
vn -0.0518 -0.7299 0.6816
vn -0.2621 0.9645 -0.0326
vn 0.8404 0.5389 -0.0586
vn 0.8913 0.4425 0.0987
vn -0.7109 -0.2430 0.6600
vn -0.6904 -0.2551 0.6770
vn -0.8300 -0.1584 0.5348
vn 0.3983 0.6626 0.6343
vn -0.4925 -0.0056 0.8703
vn -0.2482 0.8832 0.3980
vn -0.1944 0.9803 -0.0362
vn -0.8241 0.5663 -0.0104
vn -0.1272 0.8835 -0.4508
vn -0.1382 0.8837 -0.4471
vn 0.0053 -0.3383 0.9410
vn -0.0042 -0.4214 0.9068
vn 0.0008 -0.3780 0.9258
vn -0.3202 0.7462 0.5837
vn -0.1240 0.9915 -0.0398
vn -0.1588 0.9870 -0.0235
vn -0.1324 0.9905 -0.0359
vn -0.9751 0.1991 0.0980
vn 0.8110 -0.5843 0.0305
vn -0.0042 -0.4215 0.9068
vn -0.0045 -0.4247 0.9053
vn 0.9958 0.0915 0.0006
vn 0.2750 0.9609 0.0334
vn -0.0605 -0.9717 0.2282
vn -0.0724 -0.9692 0.2352
vn -0.0737 -0.9690 0.2360
vn -0.0844 -0.9665 0.2423
vn -0.0737 -0.9689 0.2360
vn 0.6184 -0.7850 -0.0364
vn 0.0257 0.9018 -0.4313
vn 0.0175 0.8655 -0.5006
vn -0.0010 0.7664 -0.6423
vn 0.0262 0.9939 -0.1069
vn -0.0240 -0.0421 0.9988
vn -0.0235 -0.1657 0.9859
vn 0.0246 0.0114 0.9996
vn 0.3921 0.1083 0.9135
vn -0.4117 0.8869 0.2096
vn 0.0152 0.9997 -0.0188
vn 0.0036 0.9998 -0.0201
vn 0.1957 0.9807 0.0012
vn 0.9673 -0.2426 -0.0736
vn 0.3248 0.9458 0.0074
vn 0.2014 -0.9795 0.0029
vn 0.0868 -0.9956 0.0356
vn 0.0586 -0.9973 0.0435
vn -0.1092 0.9929 -0.0467
vn -0.0015 0.3991 -0.9169
vn 0.3868 -0.9221 0.0132
vn 0.0769 0.9966 -0.0299
vn 0.8834 0.4685 0.0089
vn 0.8845 0.4665 0.0063
vn 0.8863 0.4631 0.0020
vn 0.0105 -0.3341 0.9425
vn 0.0090 -0.3368 0.9415
vn 0.0123 -0.3307 0.9437
vn 0.0004 0.0506 0.9987
vn -0.0005 0.0459 0.9989
vn 0.9126 0.0340 0.4074
vn 0.5971 -0.8001 0.0575
vn 0.7243 -0.6892 -0.0194
vn 0.7142 -0.6997 -0.0178
vn 0.8269 -0.5612 -0.0367
vn -0.7974 0.6034 0.0115
vn -0.0018 0.7617 -0.6479
vn -0.0010 0.7664 -0.6424
vn -0.2186 0.1246 0.9678
vn -0.8093 0.5874 0.0014
vn -0.1436 0.9883 -0.0520
vn -0.2299 0.9682 -0.0989
vn -0.1944 0.9802 -0.0362
vn 0.2035 0.9791 0.0021
vn 0.4032 0.1053 0.9090
vn 0.6288 -0.2911 0.7210
vn 0.9941 0.0908 -0.0601
vn -0.9984 -0.0560 -0.0099
vn -0.9970 -0.0773 0.0024
vn -0.9977 -0.0604 -0.0303
vn -0.5334 -0.7551 0.3811
vn -0.6280 -0.0513 0.7765
vn -0.6164 -0.0600 0.7851
vn -0.5170 -0.0469 0.8547
vn -0.3866 0.1009 0.9167
vn 0.0276 0.0568 -0.9980
vn 0.0040 0.8502 -0.5265
vn -0.1662 0.9286 0.3317
vn 0.5215 -0.8525 -0.0350
vn 0.5042 -0.8627 -0.0395
vn 0.5070 -0.8611 -0.0388
vn 0.9966 -0.0813 -0.0147
vn 0.8845 0.4664 0.0063
vn 0.8876 0.4606 -0.0012
vn 0.9945 0.0683 -0.0793
vn -0.5574 -0.4926 0.6684
vn -0.3457 0.8976 0.2737
vn 0.5054 0.8627 0.0162
vn 0.9962 0.0866 0.0016
vn 0.5786 0.8153 -0.0241
vn -0.7658 -0.6392 0.0708
vn -0.7895 -0.6050 0.1038
vn -0.7267 -0.6867 0.0213
vn -0.9321 -0.3602 -0.0380
vn -0.8397 -0.1502 0.5219
vn 0.0352 0.0236 -0.9991
vn 0.0879 0.0086 -0.9961
vn 0.9949 0.0972 -0.0283
vn 0.9612 0.2746 0.0276
vn 0.9648 0.2620 0.0236
vn -0.1100 -0.9589 -0.2616
vn 0.8143 0.0370 0.5793
vn -0.8867 0.0851 -0.4545
vn -0.0982 0.9712 0.2173
vn 0.6824 -0.0603 -0.7285
vn 0.5685 0.1806 -0.8026
vn 0.5708 0.1784 -0.8015
vn 0.5734 0.1758 -0.8002
vn 1.0000 -0.0041 -0.0002
vn 0.9995 -0.0319 0.0056
vn 0.9987 -0.0475 0.0187
vn 0.9920 -0.1261 0.0004
vn 0.9959 -0.0848 0.0316
vn 0.9966 -0.0810 0.0114
vn 0.1791 0.9757 -0.1261
vn 0.6601 0.7481 0.0679
vn -0.1530 -0.6186 0.7706
vn 0.9876 -0.1543 0.0295
vn 0.8197 -0.4322 0.3758
vn 0.9955 -0.0637 0.0704
vn -0.2465 -0.9680 -0.0469
vn 0.9749 0.2182 -0.0446
vn 0.6043 -0.1787 0.7765
vn -0.9969 -0.0478 -0.0621
vn -0.9999 0.0014 -0.0127
vn -0.9989 -0.0255 -0.0404
vn -0.9987 0.0408 0.0293
vn -0.9989 -0.0254 -0.0403
vn 0.5871 0.8067 0.0672
vn 0.9710 0.0319 0.2368
vn 0.9739 0.0334 0.2243
vn 0.9844 0.0398 0.1716
vn 0.1588 0.1915 -0.9686
vn -0.5091 0.8607 -0.0016
vn -0.8342 -0.2961 0.4651
vn -0.9992 0.0238 -0.0335
vn -0.9980 0.0205 -0.0599
vn -0.9996 -0.0002 -0.0283
vn 0.9074 0.1744 0.3823
vn -0.0939 -0.9927 0.0758
vn 0.9445 0.0986 -0.3134
vn 0.9331 -0.3193 -0.1654
vn -0.8523 0.3595 -0.3801
vn -0.8378 0.4545 -0.3027
vn -0.8455 0.4149 -0.3362
vn 0.9486 0.3071 -0.0761
vn 0.7382 0.1162 0.6645
vn -0.8210 0.5140 -0.2485
vn -0.9959 -0.0143 -0.0894
vn -0.9870 -0.1609 -0.0066
vn -0.9954 -0.0737 -0.0619
vn 0.5774 0.1718 -0.7982
vn -0.9959 -0.0142 -0.0894
vn -0.9974 0.0247 -0.0671
vn 0.7842 0.5929 0.1832
vn 0.4007 -0.4710 0.7859
vn 0.4329 -0.4035 0.8061
vn 0.4173 -0.4373 0.7966
vn 0.3697 -0.1164 0.9218
vn -0.9973 -0.0728 -0.0137
vn -0.9989 -0.0256 -0.0403
vn 0.6863 0.0424 0.7260
vn 0.9786 0.1930 0.0714
vn 0.0927 -0.9955 0.0192
vn 0.9381 0.2378 -0.2517
vn 0.8485 0.5264 -0.0543
vn 0.5285 0.1589 0.8339
vn 0.3560 0.8675 0.3475
vn 0.9292 -0.3462 -0.1293
vn 0.8872 -0.2224 -0.4043
vn 0.9997 0.0171 -0.0151
vn -0.0859 -0.9962 0.0132
vn 0.1699 -0.9731 0.1559
vn -0.1809 -0.9762 -0.1197
vn -0.1534 -0.9840 -0.0908
vn -0.2108 -0.9657 -0.1514
vn 0.4881 -0.8560 0.1704
vn 0.9953 0.0921 -0.0286
vn 0.3613 -0.5583 -0.7468
vn 0.4358 0.6383 0.6345
vn 0.7219 -0.1008 0.6846
vn 0.2368 0.2604 0.9360
vn -0.0111 -0.6142 -0.7890
vn -0.0206 -0.6144 -0.7887
vn 0.0469 -0.6469 -0.7611
vn 0.9978 0.0036 -0.0668
vn 0.2253 0.9718 -0.0693
vn -0.0230 -0.9866 -0.1617
vn 0.5009 0.8435 0.1937
vn -0.1601 0.9825 0.0954
vn 0.1663 -0.9860 0.0126
vn 0.1845 -0.9827 0.0144
vn 0.0341 -0.9994 -0.0032
vn 0.0167 0.9958 -0.0895
vn -0.0229 0.9996 -0.0191
vn 0.0199 0.9983 -0.0548
vn -0.8975 0.2410 0.3694
vn -0.7904 -0.6010 -0.1184
vn -0.8409 0.5069 0.1895
vn 0.3375 -0.1575 0.9281
vn 0.2196 -0.4789 -0.8500
vn -0.4051 0.0951 -0.9093
vn -0.4441 0.1442 -0.8843
vn -0.4016 0.0908 -0.9113
vn 0.2330 -0.8982 0.3727
vn 0.1400 -0.9450 0.2955
vn 0.0949 -0.9783 0.1840
vn 0.0573 -0.7940 0.6052
vn 0.0513 -0.7942 0.6054
vn 0.0347 -0.7818 0.6226
vn 0.1400 -0.9450 0.2956
vn 0.2331 -0.8982 0.3728
vn 0.2598 -0.8523 0.4540
vn -0.0651 -0.7548 0.6527
vn -0.0087 -0.9948 0.1018
vn -0.1005 -0.7318 0.6740
vn -0.0190 -0.9814 0.1912
vn -0.1006 -0.7318 0.6741
vn -0.2511 -0.6902 0.6786
vn 0.9404 -0.2083 0.2688
vn -0.2942 0.6509 -0.6998
vn 0.8620 -0.0278 -0.5062
vn 0.7449 0.2132 0.6322
vn 0.0020 0.2307 0.9730
vn 0.7037 -0.4719 0.5311
vn -0.0853 -0.9877 0.1307
vn 0.2491 0.8600 -0.4453
vn 0.2610 0.8625 -0.4335
vn 0.2467 0.8595 -0.4477
vn 0.3333 -0.9395 -0.0788
vn 0.3259 -0.0821 -0.9418
vn 0.3188 -0.0891 -0.9436
vn 0.3891 -0.0184 -0.9210
vn 0.0625 -0.9970 0.0448
vn 0.1137 -0.9933 -0.0221
vn 0.1716 -0.9850 0.0158
vn -0.0001 -0.9997 -0.0244
vn -0.0054 -0.0193 0.9998
vn 0.0084 -0.0053 1.0000
vn -0.0242 -0.0248 0.9994
vn 0.2716 -0.8924 0.3604
vn 0.0256 -0.9987 -0.0440
vn 0.0620 -0.9980 0.0104
vn -0.0264 -0.0323 0.9991
vn 0.2803 -0.0049 0.9599
vn 0.2760 -0.0081 0.9611
vn 0.2949 0.0062 0.9555
vn -0.9366 -0.0025 0.3504
vn 0.2468 -0.1574 -0.9562
vn 0.3259 -0.0822 -0.9418
vn 0.3393 -0.9405 0.0175
vn -0.0975 -0.9949 -0.0259
vn 0.2760 -0.0082 0.9611
vn 0.2632 -0.0179 0.9646
vn -0.4051 0.0950 -0.9093
vn -0.4016 0.0907 -0.9113
vn -0.3434 0.0209 -0.9389
vn 0.2367 0.8572 -0.4574
vn 0.0933 -0.9954 -0.0224
vn 0.0239 -0.9985 -0.0498
vn 0.1317 -0.9908 0.0295
vn -0.0413 -0.9975 -0.0580
vn -0.0211 -0.9987 0.0468
vn -0.0332 -0.7655 -0.6425
vn 0.0822 -0.7658 -0.6378
vn -0.0255 -0.7659 -0.6425
vn 0.5647 -0.8252 -0.0134
vn 0.5895 -0.8076 -0.0152
vn 0.6202 -0.7843 -0.0169
vn 0.0066 -0.9995 0.0320
vn 0.0600 -0.9853 -0.1598
vn -0.1860 -0.9807 0.0601
vn 0.0164 0.9987 0.0483
vn 0.1187 0.9907 0.0659
vn 0.1454 0.9887 0.0350
vn 0.3133 0.9485 0.0468
vn 0.0610 -0.9981 -0.0035
vn 0.0121 0.5078 0.8614
vn 0.0169 0.4546 0.8905
vn 0.0092 0.4199 0.9075
vn 0.5203 0.8434 -0.1344
vn 0.2575 0.8176 -0.5150
vn -0.3014 0.8727 0.3841
vn 0.1921 -0.9813 -0.0115
vn -0.0730 -0.9972 0.0185
vn 0.1285 0.8839 0.4498
vn -0.0559 0.8331 -0.5504
vn 0.5687 -0.8225 -0.0105
vn -0.0440 -0.0310 0.9985
vn 0.0419 0.5441 0.8380
vn 0.2751 -0.0023 -0.9614
vn 0.2699 0.3619 0.8923
vn 0.4871 -0.2591 -0.8340
vn -0.0444 0.7906 0.6107
vn -0.1190 0.7467 0.6544
vn 0.0205 0.7709 0.6366
vn -0.6887 0.2447 -0.6825
vn -0.7062 0.1584 -0.6901
vn -0.6929 0.2263 -0.6846
vn -0.3939 -0.2579 0.8822
vn 0.0730 0.4159 0.9065
vn 0.2639 -0.7608 -0.5929
vn 0.1839 -0.8246 -0.5349
vn 0.1967 -0.8121 -0.5494
vn -0.2100 -0.7796 -0.5900
vn -0.1727 -0.7395 -0.6507
vn -0.2163 -0.7861 -0.5790
vn -0.1778 0.7142 0.6770
vn 0.8533 0.4089 0.3236
vn 0.8580 0.4015 0.3204
vn 0.8594 0.3993 0.3194
vn -0.1874 -0.1417 -0.9720
vn -0.1984 0.7505 0.6304
vn 0.1839 -0.8247 -0.5349
vn 0.1807 -0.8349 -0.5198
vn 0.1745 -0.8323 -0.5261
vn -0.9887 -0.0176 0.1489
vn -0.1265 0.6471 0.7518
vn 0.0684 0.8590 0.5073
vn -0.2100 -0.7797 -0.5899
vn -0.2588 -0.8263 -0.5003
vn 0.0160 0.8642 0.5029
vn 0.0177 0.8642 0.5028
vn 0.0732 0.9422 0.3269
vn -0.6614 -0.6707 -0.3357
vn 0.8450 0.4216 0.3290
vn 0.0098 0.9784 0.2065
vn 0.0008 0.9967 0.0808
vn 0.0749 0.9907 0.1139
vn -0.9931 0.1158 0.0194
vn 0.9963 0.0766 0.0377
vn -0.2992 0.9459 -0.1254
vn -0.3942 0.8995 0.1882
vn -0.0940 0.8791 0.4672
vn 0.1587 0.9571 0.2424
vn -0.0994 0.9945 0.0328
vn -0.0350 0.9993 0.0141
vn 0.0509 0.9984 0.0242
vn 0.4023 0.9056 -0.1342
vn 0.0457 -0.9989 -0.0035
vn -0.0858 -0.9963 -0.0026
vn -0.0865 -0.9962 -0.0108
vn -0.0765 0.9970 0.0138
vn 0.2218 -0.9751 0.0097
vn 0.0428 0.9990 0.0136
vn 0.0111 0.9986 -0.0509
vn 0.2914 0.9339 0.2074
vn -0.9997 0.0184 -0.0129
vn -0.9998 0.0147 -0.0122
vn -0.9997 -0.0240 -0.0002
vn -0.9997 -0.0241 -0.0002
vn -0.9997 -0.0253 -0.0033
vn -0.0411 0.9980 -0.0488
vn 0.0112 0.9995 -0.0284
vn 0.0412 0.9991 -0.0118
vn -0.0000 0.9993 0.0372
vn 0.0016 0.9998 0.0205
vn 0.0278 0.9995 0.0161
vn 0.0744 0.9970 -0.0195
vn -0.2981 0.9136 0.2766
vn -0.0646 -0.8111 -0.5813
vn -0.0560 -0.6823 -0.7289
vn -0.0648 -0.8149 -0.5760
vn 0.0746 0.9970 -0.0196
vn 0.2310 0.9367 0.2631
vn 0.0402 0.9991 0.0094
vn 0.0604 0.9980 -0.0190
vn -0.0567 -0.9982 0.0209
vn -0.0652 -0.8140 -0.5773
vn -0.0648 -0.8088 -0.5845
vn -0.0651 -0.8126 -0.5791
vn 0.9954 -0.0952 -0.0131
vn 0.9999 0.0120 -0.0026
vn 0.9990 -0.0442 -0.0086
vn 0.9886 -0.1497 0.0153
vn 0.9990 -0.0443 -0.0086
vn 0.9990 -0.0428 0.0149
vn -0.3574 0.9315 0.0679
vn -0.0820 0.9965 -0.0154
vn 0.0378 0.9989 0.0267
vn 0.9904 -0.1381 0.0020
vn -1.0000 -0.0060 0.0072
vn 0.0362 -0.9993 0.0072
vn -0.0007 0.9992 -0.0403
vn 0.9866 -0.1615 0.0220
vn -1.0000 -0.0038 0.0078
vn 0.0224 0.9787 -0.2042
vn -0.1098 -0.9940 0.0011
vn 0.0148 0.9630 -0.2690
vn 0.0601 0.9341 -0.3519
vn -0.3346 0.9238 -0.1862
vn -0.3885 0.9078 -0.1580
vn -0.3881 0.8995 -0.2008
vn 0.3248 0.8922 -0.3138
vn 0.3288 0.8966 -0.2966
vn 0.3256 0.8931 -0.3105
vn -0.4097 0.8943 -0.1797
vn 0.9866 -0.1620 0.0219
vn 0.3210 0.8879 -0.3295
vn -0.3776 0.9183 -0.1186
vn -0.1113 -0.8857 0.4508
vn -0.1135 -0.8840 0.4535
vn -0.1064 -0.8893 0.4448
vn -0.0148 0.8234 -0.5672
vn -0.0903 0.8203 -0.5648
vn 0.0101 0.8234 -0.5673
vn 0.0228 0.9986 -0.0468
vn 0.2325 -0.8477 0.4767
vn 0.1929 -0.7990 0.5695
vn 0.1840 -0.8258 0.5331
vn 0.0394 0.5892 -0.8070
vn -0.0026 0.5470 -0.8372
vn 0.0047 0.6350 -0.7725
vn -0.1179 -0.8807 0.4588
vn -0.0199 0.5069 -0.8618
vn 0.0877 0.8202 -0.5653
vn -0.0690 0.6342 -0.7700
vn 0.1378 0.2407 -0.9608
vn 0.1900 0.4820 -0.8553
vn 0.1945 0.3715 -0.9078
vn 0.1835 -0.7591 0.6246
vn 0.1929 -0.7990 0.5696
vn -0.9916 -0.1251 0.0337
vn -0.9846 -0.1748 0.0088
vn -0.9954 -0.0765 0.0577
vn -0.0942 0.5056 -0.8576
vn 0.2372 -0.6972 0.6765
vn 0.0524 0.0522 -0.9973
vn 0.0211 0.0794 -0.9966
vn -0.0367 -0.0321 -0.9988
vn 0.1377 0.2406 -0.9608
vn 0.9996 0.0283 0.0087
vn 0.8032 -0.5924 0.0625
vn -0.0613 -0.6879 0.7232
vn -0.0734 -0.6914 0.7187
vn -0.0811 -0.6936 0.7158
vn -0.0978 -0.6982 0.7092
vn -0.9936 -0.1126 -0.0081
vn -0.9963 -0.0360 0.0776
vn -0.3894 0.2769 -0.8785
vn -0.3996 0.5209 0.7543
vn 0.0859 0.1755 -0.9807
vn 0.7199 0.2294 0.6551
vn -0.4000 0.8757 -0.2707
vn 0.1981 0.8006 -0.5655
vn 0.0860 0.1755 -0.9807
vn -0.5968 0.6267 0.5010
vn -0.3892 -0.0292 -0.9207
vn -0.3700 -0.0504 -0.9277
vn -0.3722 -0.0481 -0.9269
vn -0.0082 -0.6147 -0.7887
vn 0.7550 -0.4489 0.4781
vn -0.3721 -0.0481 -0.9269
vn -0.3493 -0.0728 -0.9342
vn -0.9351 0.2954 -0.1956
vn 0.0474 -0.6543 -0.7547
vn 0.0185 0.6187 -0.7854
vn -0.2384 0.0371 0.9705
vn -0.2645 0.0559 0.9628
vn -0.2551 0.0491 0.9657
vn -0.9287 -0.1118 -0.3537
vn -0.2934 0.0767 0.9529
vn 0.8923 0.2273 0.3902
vn -0.0083 -0.6147 -0.7887
vn -0.0151 -0.6148 -0.7886
vn -0.0668 0.2308 0.9707
vn 0.0006 0.2634 0.9647
vn -0.0341 0.2468 0.9685
vn -0.0664 0.2795 0.9578
vn 0.1294 -0.9557 -0.2644
vn -0.0322 -0.9724 -0.2309
vn -0.0147 -0.9693 -0.2453
vn -0.0330 -0.9987 0.0377
vn 0.0120 -0.9999 -0.0049
vn -0.1238 -0.9920 -0.0252
vn 0.9657 -0.1323 0.2235
vn 0.9731 -0.0670 -0.2204
vn 0.9714 -0.0827 -0.2227
vn 0.9745 -0.0524 -0.2182
vn -0.3822 -0.3256 -0.8648
vn -0.8414 0.4749 0.2579
vn 0.1841 -0.7060 -0.6839
vn 0.1195 -0.9603 -0.2523
vn 0.4459 -0.2097 -0.8702
vn 0.1027 0.9693 -0.2234
vn 0.9826 -0.0780 -0.1684
vn -0.1229 0.2026 0.9715
vn 0.6893 -0.4092 -0.5979
vn -0.0619 -0.9966 -0.0536
vn 0.9714 -0.0828 -0.2227
vn 0.9686 -0.1040 -0.2258
vn -0.1806 -0.6382 0.7484
vn -0.1795 -0.6226 0.7616
vn -0.1797 -0.6259 0.7589
vn -0.0171 -0.9996 -0.0206
vn 0.2205 -0.9499 -0.2217
vn 0.2465 -0.0385 0.9684
vn -0.0219 -0.9727 -0.2311
vn 0.1438 -0.9895 -0.0159
vn 0.1548 -0.9740 -0.1656
vn -0.4233 -0.2255 -0.8775
vn -0.8228 -0.5375 0.1847
vn 0.2669 -0.9633 0.0295
vn 0.3072 -0.9516 0.0112
vn 0.2588 -0.9659 0.0041
vn 0.2482 0.7731 0.5837
vn -0.2029 -0.9775 -0.0571
vn -0.2128 -0.9763 -0.0399
vn -0.1788 -0.6130 0.7696
vn -0.6326 -0.6886 0.3545
vn 0.2153 -0.9764 0.0168
vn -0.9981 -0.0056 -0.0611
vn -0.7126 0.1161 -0.6919
vn 0.2003 -0.9797 -0.0108
vn 0.1040 -0.9944 0.0212
vn 0.0643 -0.9979 -0.0035
vn 0.0147 -0.9994 0.0310
vn -0.9699 -0.2297 0.0802
vn -0.4141 -0.9042 0.1048
vn -0.1434 -0.7557 -0.6391
vn -0.4120 -0.8708 -0.2684
vn -0.0104 -0.9999 -0.0073
vn 0.1256 0.9642 -0.2334
vn -0.2935 -0.9381 0.1839
vn -0.2926 -0.9381 0.1852
vn -0.2522 -0.9373 0.2405
vn -0.2740 -0.9472 0.1666
vn 0.4140 0.8679 0.2746
vn 0.2471 0.9647 0.0911
vn 0.3484 0.9113 0.2193
vn -0.2748 0.9495 0.1512
vn -0.2500 -0.9670 -0.0487
vn -0.0453 -0.9333 -0.3562
vn 0.3020 0.9532 0.0152
vn 0.0541 -0.9980 0.0327
vn -0.2530 -0.9328 0.2565
vn -0.0331 -0.9682 -0.2479
vn -0.0076 -0.9898 -0.1421
vn 0.1918 -0.9814 -0.0115
vn 0.3068 0.9508 0.0433
vn 0.5696 -0.8219 -0.0100
vn -0.1766 -0.8833 0.4343
vn 0.9987 -0.0502 0.0125
vn 0.1060 -0.9937 0.0350
vn 0.0281 -0.9992 -0.0279
vn 0.2005 -0.7807 0.5919
vn -0.6311 -0.6841 -0.3657
vn -0.0727 0.9972 0.0188
vn 0.1453 0.9888 0.0350
vn -0.3230 -0.9358 0.1416
vn 0.2516 0.9666 -0.0489
vn -0.5466 -0.8317 0.0977
vn 0.1942 0.9495 -0.2463
vn 0.2903 -0.9346 -0.2053
vn 0.0419 -0.7792 0.6253
vn 0.1948 0.4115 -0.8904
vn 0.1283 -0.0454 0.9907
vn 0.1140 -0.0573 0.9918
vn 0.1369 -0.0383 0.9898
vn 0.9377 -0.0079 -0.3472
vn -0.4140 0.1211 -0.9022
vn -0.0880 0.9952 -0.0429
vn -0.2155 0.9711 -0.1022
vn -0.0728 0.9960 -0.0522
vn -0.9212 -0.3889 -0.0114
vn -0.0280 0.9996 -0.0038
vn -0.0635 0.9980 0.0070
vn -0.0374 0.9993 -0.0014
vn -0.9226 -0.2583 -0.2866
vn -0.9828 0.1808 -0.0374
vn -0.9878 0.1459 -0.0547
vn -0.9736 0.2279 -0.0137
vn 0.9534 0.0239 0.3008
vn -0.1008 -0.9943 -0.0357
vn 0.1367 -0.9350 -0.3273
vn 0.0962 -0.5847 0.8056
vn 0.3321 0.9418 0.0526
vn 0.0931 0.9952 -0.0309
vn 0.3195 0.9427 -0.0960
vn -0.9317 0.3422 -0.1217
vn 0.2764 0.6977 0.6610
vn -0.1627 0.9772 0.1368
vn -0.1632 0.9779 0.1306
vn -0.1635 0.9783 0.1271
vn -0.4766 -0.2948 -0.8282
vn 0.9509 -0.2208 0.2169
vn 0.9897 0.1027 0.0995
vn 0.9839 0.1695 0.0564
vn 0.9815 0.1859 0.0457
vn 0.3846 -0.5020 0.7747
vn -0.0353 -0.9294 0.3673
vn -0.0626 0.9980 0.0061
vn -0.9526 0.3032 0.0249
vn -0.2374 -0.1735 -0.9558
vn -0.9962 -0.0751 0.0443
vn -0.2600 -0.5236 0.8113
vn -0.7904 0.5930 0.1535
vn -0.0052 0.9991 0.0427
vn 0.9741 -0.0777 -0.2125
vn 0.7101 -0.0995 -0.6971
vn 0.7379 -0.1786 -0.6509
vn 0.7488 -0.2158 -0.6267
vn 0.1507 -0.9512 0.2691
vn 0.1056 -0.0643 0.9923
vn -0.1263 0.9906 0.0533
vn 0.0626 0.9913 0.1159
vn 0.0446 0.9946 0.0941
vn -0.0650 0.7892 -0.6107
vn 0.7488 -0.2159 -0.6266
vn 0.7379 -0.1787 -0.6508
vn 0.7656 -0.2874 -0.5755
vn -0.1643 -0.7821 -0.6010
vn -0.2001 0.9306 0.3065
vn -0.1077 0.9939 -0.0232
vn -0.1288 0.6839 0.7181
vn 0.9903 0.0764 0.1162
vn 0.9897 0.1027 0.0996
vn -0.0781 0.2982 0.9513
vn -0.0331 -0.2353 -0.9714
vn 0.0012 -0.0574 -0.9984
vn -0.0063 -0.0964 -0.9953
vn 0.0074 -0.9644 0.2643
vn -0.3350 0.9409 -0.0499
vn -0.2652 0.9642 0.0011
vn -0.9108 -0.0715 -0.4066
vn -0.0382 -0.2617 -0.9644
vn -0.0313 0.9982 0.0514
vn -0.1170 0.9919 -0.0503
vn -0.1637 0.9785 0.1254
vn 0.0041 -0.7181 0.6960
vn 0.0282 -0.7488 0.6622
vn 0.0425 -0.7662 0.6412
vn -0.0703 0.9946 -0.0765
vn -0.0690 -0.7147 0.6960
vn 0.0154 -0.9525 -0.3042
vn 0.5293 0.1299 -0.8384
vn 0.3251 -0.1958 -0.9252
vn -0.3912 0.2545 0.8844
vn -0.4129 0.3019 0.8593
vn -0.3943 0.2612 0.8811
vn -0.0202 0.9954 -0.0937
vn 0.0930 0.9952 -0.0309
vn 0.0245 -0.5423 -0.8398
vn 0.0398 0.9989 -0.0256
vn 0.0059 -0.6985 -0.7156
vn 0.0174 0.9987 -0.0487
vn -0.0070 0.9997 -0.0236
vn -0.0100 0.9997 -0.0205
vn -0.0475 0.9132 -0.4048
vn -0.4581 0.4544 -0.7640
vn 0.0754 -0.8036 0.5904
vn 0.0425 -0.7662 0.6411
vn -0.3911 0.2544 0.8845
vn -0.3687 0.2073 0.9062
vn 0.0787 -0.8307 -0.5512
vn -0.0462 0.8984 -0.4367
vn -0.9846 0.0432 -0.1693
vn 0.1023 -0.1857 0.9773
vn -0.9209 0.3854 0.0580
vn -0.0392 -0.3846 -0.9222
vn -0.0451 -0.3813 -0.9234
vn -0.0361 -0.3864 -0.9216
vn -0.1801 -0.9353 -0.3046
vn -0.0101 0.9997 -0.0205
vn -0.0345 0.9994 0.0046
vn -0.1610 -0.0286 0.9865
vn 0.9462 -0.2853 0.1527
vn -0.0346 -0.9994 0.0031
vn -0.1755 -0.9845 0.0060
vn -0.0504 -0.9987 0.0019
vn -0.4449 -0.3242 -0.8349
vn -0.4042 -0.1920 -0.8943
vn -0.1121 -0.9238 0.3661
vn -0.9909 0.1094 -0.0785
vn -0.9991 -0.0014 -0.0435
vn -0.9938 0.0860 -0.0712
vn -0.2035 -0.1793 0.9625
vn -0.7501 -0.1285 0.6487
vn 0.0180 -0.8775 0.4792
vn 0.9739 -0.0996 -0.2038
vn 0.9753 -0.1208 -0.1847
vn 0.9755 -0.1250 -0.1809
vn -0.4598 0.8809 0.1125
vn 0.8161 0.3131 0.4857
vn 0.0897 0.1716 0.9811
vn 0.0378 -0.6534 0.7561
vn -0.0736 -0.6202 0.7810
vn 0.0478 -0.5108 0.8584
vn -0.9467 0.2917 -0.1363
vn -0.8956 0.4091 -0.1749
vn -0.9651 0.2343 -0.1173
vn -0.3212 0.4539 -0.8312
vn -0.9914 -0.0563 -0.1184
vn -0.9717 -0.1230 -0.2014
vn -0.9930 -0.0480 -0.1080
vn -0.6270 -0.0237 0.7787
vn 0.2115 0.0889 -0.9733
vn -0.6692 0.7290 -0.1439
vn 0.9937 -0.1120 0.0067
vn 0.9695 -0.2411 -0.0449
vn 0.9950 -0.0967 0.0245
vn 0.9696 0.2070 0.1304
vn -0.9701 -0.2419 -0.0222
vn -0.9394 -0.3259 0.1066
vn -0.9512 -0.3011 0.0676
vn -0.9394 -0.3259 0.1067
vn -0.9086 -0.3742 0.1856
vn -0.6853 -0.4485 -0.5737
vn -0.7099 -0.4031 -0.5775
vn -0.7184 -0.3864 -0.5785
vn -0.7257 -0.3714 -0.5792
vn -0.0983 -0.6092 0.7869
vn -0.4658 0.2420 -0.8511
vn 0.9780 -0.2016 -0.0529
vn -0.9993 0.0374 -0.0009
vn 0.9732 -0.0918 -0.2108
vn 0.4803 0.6358 0.6042
vn -0.0227 -0.3940 -0.9188
vn 0.1462 -0.9892 0.0084
vn 0.0137 -0.3282 0.9445
vn 0.0506 0.9748 0.2173
vn 0.0042 0.9907 -0.1359
vn -0.7361 0.0418 0.6756
vn -0.4164 0.8559 -0.3066
vn -0.0425 -0.9975 -0.0566
vn -0.0024 -1.0000 -0.0056
vn 0.0073 -0.9996 -0.0264
vn 0.9772 0.2119 -0.0171
vn -0.6885 -0.7249 -0.0223
vn -0.9985 -0.0348 0.0426
vn 0.2205 -0.9754 -0.0026
vn -0.8740 0.4483 -0.1876
vn -0.9813 0.1665 -0.0963
vn -0.4662 -0.3823 0.7979
vn 0.1158 0.9933 0.0045
vn -0.9997 0.0225 0.0054
vn -0.2841 -0.7933 0.5385
vn 0.9974 -0.0075 -0.0716
vn 0.8824 0.3399 0.3252
vn 0.9949 0.0971 -0.0283
vn 0.9648 0.2619 0.0236
vn 0.9959 0.0845 -0.0322
vn -0.2275 -0.9738 -0.0074
vn -0.0348 -0.9994 0.0031
vn 0.0042 -1.0000 -0.0087
vn 0.2020 0.9792 -0.0208
vn 0.0162 0.9993 0.0349
vn 0.0775 0.9969 0.0167
vn -0.9995 -0.0298 -0.0069
vn 0.3834 -0.9234 -0.0169
vn 0.7641 -0.6451 -0.0098
vn -0.0006 0.0452 0.9990
vn 0.0003 0.0502 0.9987
vn -0.0563 -0.9837 -0.1705
vn -0.0085 -0.9999 -0.0104
vn -0.0415 -0.9991 -0.0020
vn 0.9843 0.0192 0.1752
vn -0.9291 0.3681 -0.0366
vn -0.9694 0.2455 -0.0070
vn -0.9174 0.3957 -0.0434
vn 0.8302 -0.2185 0.5129
vn 0.7910 0.1745 0.5864
vn 0.6895 -0.1393 0.7108
vn -0.0573 -0.0286 -0.9979
vn -0.0017 -0.0250 -0.9997
vn 0.0303 0.0613 -0.9977
vn -0.9897 0.0077 0.1432
vn -0.9938 0.1057 0.0355
vn 0.2868 0.2697 -0.9192
vn 0.2914 0.2350 -0.9273
vn 0.2888 0.2551 -0.9228
vn 0.7808 -0.6229 -0.0481
vn -0.9992 -0.0109 0.0394
vn -0.9975 -0.0704 -0.0019
vn -0.9998 -0.0094 0.0197
vn -0.1080 -0.0153 -0.9940
vn -0.0590 -0.0103 -0.9982
vn 0.9949 0.1002 -0.0115
vn 0.7013 -0.6795 -0.2157
vn 0.8733 0.4869 0.0171
vn 0.2414 0.9699 -0.0328
vn 0.0218 0.1496 -0.9885
vn 0.0006 -0.9988 -0.0483
vn -0.0009 -0.9936 0.1127
vn -0.5164 0.8561 -0.0201
vn 0.2935 0.2180 -0.9308
vn 0.0378 0.9351 0.3522
vn 0.0918 0.9049 0.4156
vn 0.0559 0.9258 0.3738
vn -0.4159 0.3177 0.8521
vn -0.0792 -0.9633 -0.2564
vn 0.8331 -0.5518 -0.0379
vn 0.7096 -0.7040 -0.0303
vn 0.0285 0.9862 -0.1630
vn -0.8766 -0.4778 -0.0563
vn 0.1715 -0.9586 0.2275
vn 0.2321 -0.9434 0.2368
vn 0.1296 -0.9562 0.2623
vn 0.0036 -1.0000 0.0024
vn 0.0043 -1.0000 -0.0087
vn -0.3314 -0.1078 0.9373
vn -0.4377 -0.0076 0.8991
vn 0.0954 0.9953 0.0155
vn -0.9931 0.1144 -0.0248
vn -0.3501 -0.0977 0.9316
vn 0.3589 -0.2577 0.8971
vn -0.8684 0.1437 -0.4747
vn 0.3469 0.7856 0.5124
vn 0.4043 -0.5006 -0.7655
vn -0.8530 0.5218 0.0083
vn -0.8489 0.5284 0.0122
vn -0.8593 0.5114 0.0024
vn -0.8473 0.5307 0.0195
vn -0.8522 0.5231 0.0115
vn -0.8606 0.5093 -0.0029
vn -0.8389 0.5433 0.0329
vn -0.9999 0.0052 0.0098
vn 0.1116 -0.9429 -0.3138
vn 0.6226 -0.6103 -0.4898
vn 0.6364 -0.1762 0.7510
vn -0.9648 0.2624 -0.0173
vn 0.3449 0.2066 -0.9156
vn 0.9057 -0.0897 0.4144
vn 0.3841 -0.0664 0.9209
vn 0.4218 -0.0442 0.9056
vn 0.3864 -0.0651 0.9200
vn -0.9866 -0.1633 -0.0026
vn -0.9995 -0.0299 -0.0069
vn -0.9847 -0.1740 0.0119
vn 0.0459 0.1412 -0.9889
vn -0.0058 -1.0000 0.0024
vn 0.9945 0.1045 -0.0083
vn -0.9979 -0.0619 -0.0182
vn -0.9902 -0.1255 0.0608
vn -0.8630 0.5052 -0.0012
vn 0.1796 -0.1483 -0.9725
vn -0.6691 -0.0419 0.7420
vn -0.0071 0.9546 0.2978
vn 0.0378 0.9352 0.3522
vn 0.0559 0.9259 0.3737
vn 0.0645 -0.2634 0.9625
vn 0.1295 -0.9562 0.2623
vn 0.0539 -0.9587 0.2791
vn 0.1714 -0.9586 0.2275
vn 0.3040 -0.4061 -0.8618
vn 0.0136 -0.0684 0.9976
vn -0.9999 0.0102 -0.0023
vn -0.9987 0.0356 -0.0356
vn -0.9998 -0.0045 0.0168
vn -0.0290 -0.9386 0.3437
vn -0.0012 -1.0000 0.0046
vn -0.0044 -1.0000 0.0018
vn -0.5867 0.0029 0.8098
vn -0.9999 -0.0040 0.0097
vn -0.9945 -0.0922 0.0496
vn 0.5254 -0.8502 -0.0340
vn 0.9988 -0.0047 -0.0486
vn -0.0835 -0.9964 -0.0133
vn 0.0123 -0.9998 -0.0166
vn 0.0691 -0.9970 0.0361
vn 0.0818 -0.9955 0.0479
vn 0.8459 -0.5192 0.1216
vn 0.8441 -0.5184 0.1369
vn 0.8425 -0.5176 0.1496
vn 0.8397 -0.5162 0.1686
vn 0.8630 -0.2997 0.4067
vn 0.8412 -0.2903 0.4561
vn 0.8562 -0.2967 0.4230
vn -0.9465 -0.2681 0.1796
vn 0.0405 0.9845 0.1707
vn -0.0193 0.9693 0.2453
vn 0.0111 0.9792 0.2028
vn -0.3075 -0.9514 -0.0171
vn -0.3094 -0.9483 0.0712
vn -0.3094 -0.9474 0.0813
vn -0.8539 -0.0214 0.5200
vn 0.0585 0.9880 0.1428
vn 0.5895 -0.8049 0.0684
vn 0.8756 -0.3052 0.3745
vn -0.3094 -0.9483 0.0713
vn -0.3089 -0.9385 0.1542
vn -0.5447 -0.8384 -0.0201
vn 0.9414 0.2936 -0.1661
vn 0.6833 -0.3368 -0.6478
vn 0.8670 0.2795 0.4126
vn -0.9808 0.0893 0.1731
vn -0.9844 0.0746 0.1596
vn -0.9896 0.0484 0.1353
vn 0.0596 0.9866 0.1521
vn 0.0791 0.0437 0.9959
vn 0.0824 0.0416 0.9957
vn 0.0755 0.0465 0.9961
vn -0.9735 0.1157 0.1974
vn -0.1964 0.8804 0.4317
vn 0.0754 0.0467 0.9961
vn 0.4013 -0.9082 0.1193
vn -0.9369 -0.1759 0.3021
vn 0.0861 0.0395 0.9955
vn -0.2378 -0.2192 0.9463
vn 0.0289 0.8071 -0.5897
vn 0.0580 -0.9912 -0.1193
vn -0.2625 -0.9649 -0.0077
vn 0.0943 -0.3864 0.9175
vn 0.9061 -0.4062 -0.1187
vn -0.7906 -0.5520 -0.2650
vn 0.9613 0.1185 0.2488
vn -0.8965 0.1570 -0.4144
vn -0.9385 0.0414 0.3428
vn 0.8971 0.4398 -0.0416
vn 0.4190 -0.2216 -0.8805
vn 0.2529 -0.2059 -0.9453
vn 0.2996 -0.2109 -0.9305
vn 0.2227 -0.2025 -0.9536
vn 0.0745 -0.8580 -0.5082
vn -0.2308 0.9538 0.1922
vn -0.0036 0.9999 0.0136
vn -0.0122 -0.0256 0.9996
vn -0.8445 0.5354 0.0102
vn -0.7280 -0.5528 0.4055
vn 0.7910 0.3751 0.4832
vn -0.4725 0.0923 -0.8765
vn 0.9995 0.0006 -0.0305
vn 0.9994 -0.0008 -0.0335
vn 0.9996 0.0019 -0.0278
vn 0.1620 0.6432 -0.7483
vn 0.9996 0.0020 -0.0277
vn 0.9997 0.0032 -0.0251
vn -0.0254 -0.0446 0.9987
vn 0.0009 -0.9989 -0.0460
vn -0.0548 -0.9964 0.0645
vn -0.0274 -0.9996 0.0101
vn 0.0246 -0.9954 -0.0928
vn 0.0009 -0.9989 -0.0461
vn 0.9942 -0.1037 0.0266
vn 0.9476 -0.3192 0.0096
vn 0.9923 -0.1231 0.0126
vn 0.9837 -0.1796 0.0115
vn -0.0525 -0.0586 -0.9969
vn -0.0205 0.0140 -0.9997
vn -0.0194 0.0313 -0.9993
vn -0.9219 -0.2877 0.2595
vn -0.0194 0.0314 -0.9993
vn 0.0193 0.0747 -0.9970
vn -0.1011 -0.0481 -0.9937
vn -0.2929 -0.8833 0.3660
vn 0.9218 -0.1910 -0.3375
vn 0.2684 0.9617 0.0549
vn 0.0800 0.9390 0.3345
vn 0.7840 -0.6149 -0.0852
vn 0.7761 -0.6296 -0.0366
vn 0.7903 -0.5970 -0.1380
vn 0.2806 -0.6277 -0.7261
vn -0.0569 -0.1642 -0.9848
vn -0.8905 0.1598 -0.4260
vn 0.3723 -0.0636 -0.9259
vn -0.5612 0.8195 0.1160
vn -0.6393 0.3103 -0.7036
vn 0.7940 -0.5777 -0.1894
vn 0.9476 -0.3193 0.0096
vn 0.9066 -0.4209 -0.0298
vn 0.9173 -0.3981 -0.0030
vn -0.0900 -0.2095 -0.9737
vn 0.4406 0.8709 0.2176
vn -0.2542 -0.0459 0.9661
vn -0.9998 0.0024 -0.0186
vn 0.0931 0.9365 0.3381
vn -0.8902 -0.4291 -0.1528
vn -0.9074 -0.3875 -0.1628
vn -0.9074 -0.3874 -0.1628
vn -0.9144 -0.3687 -0.1671
vn -0.9549 0.1678 0.2450
vn -0.5433 0.8377 0.0553
vn 0.0171 0.4374 0.8991
vn -0.9021 -0.4246 0.0768
vn 0.9624 0.0166 0.2711
vn 0.9634 0.0191 0.2676
vn 0.9613 0.0138 0.2752
vn -0.1699 0.8201 -0.5465
vn 0.0245 -0.9864 -0.1624
vn 0.0477 -0.9784 -0.2009
vn -0.0084 -0.9942 -0.1073
vn 0.3330 -0.0544 0.9414
vn 0.9642 0.0214 0.2642
vn 0.0711 -0.9683 -0.2395
vn 0.0002 0.0161 0.9999
vn 0.0108 -0.0411 0.9991
vn -0.0012 0.0241 0.9997
vn -0.0979 0.1993 -0.9750
vn -0.2733 -0.9561 0.1056
vn 0.2666 -0.9616 0.0646
vn 0.0210 0.0497 -0.9985
vn -0.0058 -1.0000 0.0023
vn 0.2184 0.0722 0.9732
vn -0.1572 0.8029 0.5750
vn -0.9998 -0.0045 0.0169
vn -0.9981 -0.0315 0.0522
vn -0.2342 -0.5035 -0.8317
vn 0.9673 0.0952 0.2351
vn -0.2250 0.2945 -0.9288
vn 0.9511 -0.3031 0.0601
vn 0.9987 -0.0249 -0.0456
vn -0.1805 -0.5868 -0.7894
vn 0.0643 -0.2553 0.9647
vn 0.0645 -0.2633 0.9625
vn 0.3128 -0.1068 0.9438
vn -0.2362 -0.8604 -0.4517
vn -0.1783 -0.8531 -0.4903
vn -0.2526 -0.8617 -0.4402
vn 0.1367 -0.9857 0.0991
vn -0.9556 0.0124 0.2944
vn -0.9600 0.0242 0.2788
vn -0.9645 0.0373 0.2614
vn -0.6504 -0.6900 0.3178
vn 0.2580 -0.9574 0.1294
vn 0.0210 -0.9985 0.0500
vn 0.1368 -0.9889 0.0579
vn 0.0693 -0.9902 -0.1213
vn 0.0497 -0.9965 -0.0675
vn 0.0462 -0.9973 -0.0563
vn 0.0872 0.9572 0.2760
vn -0.0799 -0.9962 0.0355
vn -0.1243 -0.9845 0.1233
vn -0.0729 -0.9965 -0.0417
vn -0.0251 0.4348 -0.9002
vn 0.1059 -0.2551 -0.9611
vn 0.1607 -0.2963 -0.9415
vn 0.0638 -0.2832 -0.9569
vn -0.0130 -0.1054 0.9943
vn 0.0133 -0.0546 0.9984
vn -0.9954 0.0484 0.0826
vn -0.9989 -0.0461 -0.0092
vn -0.9925 -0.0031 0.1221
vn 0.1220 -0.0944 -0.9880
vn -0.4635 -0.8092 -0.3611
vn 0.0241 -0.9986 0.0476
vn -0.0784 -0.9951 0.0601
vn -0.0460 -0.9941 0.0987
vn 0.0072 0.9926 0.1209
vn 0.0071 0.9930 0.1180
vn 0.0071 0.9929 0.1189
vn 0.0611 -0.7816 -0.6208
vn -0.8867 -0.4316 -0.1659
vn 0.5335 -0.8444 -0.0491
vn -0.9994 -0.0060 0.0329
vn -0.9999 0.0130 0.0105
vn 0.0072 0.9926 0.1210
vn -0.0023 -0.6109 -0.7917
vn 0.0001 -0.6117 -0.7911
vn 0.0040 -0.6340 -0.7733
vn 0.0795 0.3059 -0.9487
vn 0.0752 0.2965 -0.9521
vn 0.0821 0.3116 -0.9467
vn 0.0218 0.1497 -0.9885
vn -0.0117 0.2432 -0.9699
vn 0.0458 0.1413 -0.9889
vn 0.0148 -0.0841 -0.9963
vn 0.4401 -0.8563 -0.2704
vn -0.1093 -0.9889 0.1003
vn 0.0733 0.2925 -0.9534
vn -0.0107 -0.5315 -0.8470
vn 0.0001 -0.6116 -0.7911
vn -0.0104 -0.5346 -0.8450
vn -0.1640 -0.1276 -0.9782
vn 0.0804 -0.2502 -0.9648
vn -0.9694 0.2454 -0.0070
vn -0.9291 0.3680 -0.0366
vn -0.9768 0.2141 0.0003
vn 0.0255 -0.9987 -0.0447
vn -0.0185 -0.9976 -0.0660
vn -0.0431 -0.9984 -0.0375
vn 0.1080 -0.9837 -0.1435
vn 0.2591 -0.9647 -0.0468
vn 0.1640 -0.9810 -0.1041
vn 0.0049 -0.9931 -0.1168
vn -0.9225 0.3860 -0.0011
vn -0.0053 0.8014 -0.5982
vn -0.1771 -0.3431 -0.9225
vn 0.1488 0.8246 -0.5457
vn 0.0624 0.7894 -0.6107
vn 0.1390 0.8211 -0.5535
vn 0.2031 0.8416 -0.5005
vn 0.9858 -0.0751 -0.1501
vn 0.0158 -0.9999 -0.0032
vn -0.4093 0.9054 0.1130
vn -0.3601 0.9290 0.0852
vn -0.3851 0.9175 0.0992
vn 0.4372 0.3188 -0.8410
vn -0.4146 0.9026 0.1159
vn -0.4094 0.9053 0.1130
vn -0.3851 0.9175 0.0993
vn 0.9587 0.2234 -0.1762
vn -0.2834 0.3059 0.9089
vn 0.0088 -0.0825 -0.9966
vn 0.0557 0.1017 -0.9933
vn 0.0514 0.0848 -0.9951
vn 0.5649 0.8144 0.1329
vn 0.1983 0.9341 -0.2967
vn -0.5855 0.8100 -0.0336
vn 0.3953 0.9136 0.0947
vn 0.0406 -0.9977 -0.0540
vn 0.6640 0.7184 0.2074
vn 0.0208 0.7972 0.6033
vn -0.0568 -0.6822 0.7290
vn 0.0042 -0.1003 -0.9949
vn -0.0973 0.9728 -0.2101
vn 0.0395 -0.9402 -0.3385
vn 0.0091 -0.9245 -0.3811
vn -0.0132 -0.9340 -0.3570
vn -0.9182 -0.3836 -0.0993
vn 0.9843 -0.1758 0.0186
vn -0.8721 0.4882 -0.0336
vn -0.9967 -0.0545 -0.0603
vn -0.2158 -0.9201 -0.3269
vn -0.1215 -0.9912 -0.0524
vn 0.0422 -0.5733 -0.8183
vn -0.5375 -0.7142 -0.4483
vn 0.7903 -0.6124 0.0217
vn -0.9435 -0.3172 -0.0963
vn -0.4800 -0.2544 -0.8396
vn 0.7336 0.6792 -0.0219
vn -0.9517 0.0028 0.3070
vn 0.0547 -0.9945 0.0897
vn 0.0479 -0.9918 0.1184
vn 0.0108 -0.9631 0.2690
vn 0.0048 -0.9562 0.2928
vn 0.9395 0.0440 0.3398
vn 0.0610 -0.0674 0.9959
vn -0.9998 -0.0196 -0.0030
vn 0.7863 -0.5532 0.2752
vn -0.9776 0.0537 0.2036
vn -0.9925 -0.0030 0.1221
vn 0.4094 0.3498 0.8426
vn -0.2488 -0.0011 -0.9685
vn -0.7156 -0.6981 0.0244
vn 0.5094 0.0114 0.8605
vn -0.5676 0.8187 -0.0872
vn 0.0461 -0.9966 -0.0684
vn -0.5306 0.8383 0.1253
vn -0.9993 -0.0355 0.0137
vn -0.9993 -0.0354 0.0151
vn -0.9993 -0.0362 -0.0033
vn -0.7960 0.5895 -0.1375
vn 0.0637 -0.2832 -0.9569
vn -0.0507 -0.3531 -0.9342
vn -0.0004 -0.2964 -0.9551
vn -0.9656 -0.0810 0.2469
vn -0.0846 0.9944 0.0637
vn 0.0971 -0.9411 -0.3238
vn 0.0081 -0.9450 -0.3268
vn -0.0048 -0.6688 0.7434
vn -0.0026 -0.6379 0.7701
vn -0.0021 -0.6828 0.7306
vn -0.0778 -0.5888 0.8045
vn -0.0026 -0.6378 0.7702
vn -0.0096 -0.5293 0.8484
vn -0.0003 -0.2964 -0.9551
vn -0.9906 -0.1217 -0.0617
vn 0.1105 -0.3867 -0.9156
vn 0.0995 -0.4280 -0.8983
vn 0.0525 -0.5712 -0.8191
vn -0.0434 -0.4462 0.8939
vn -0.9976 -0.0021 -0.0686
vn 0.0087 -0.0178 0.9998
vn 0.8271 -0.0796 -0.5564
vn -0.3264 -0.8632 -0.3852
vn -0.3041 -0.9519 -0.0385
vn -0.3063 -0.9511 -0.0401
vn -0.3393 -0.9399 -0.0382
vn -0.9493 -0.2514 -0.1888
vn -0.0439 -0.4287 0.9024
vn -0.1016 -0.4661 0.8789
vn 0.0614 0.9979 -0.0217
vn 0.0353 0.9918 -0.1229
vn 0.0510 0.9968 -0.0622
vn -0.1714 -0.5994 0.7819
vn -0.0004 -1.0000 0.0052
vn 0.0512 -0.9983 0.0286
vn 0.0232 -0.9996 0.0127
vn 0.0627 0.9979 -0.0165
vn -0.3105 -0.9491 -0.0520
vn -0.1918 0.6431 -0.7413
vn -0.8865 0.1967 0.4189
vn -0.3258 -0.0804 -0.9420
vn -0.0173 0.0127 0.9998
vn -0.1206 0.0975 0.9879
vn -0.0242 -0.0423 0.9988
vn 0.6258 -0.7796 0.0225
vn -0.0734 -0.9906 -0.1154
vn -0.9373 0.3461 -0.0418
vn 0.9003 -0.3277 0.2864
vn -0.9285 0.2416 0.2819
vn -0.0338 -0.4367 -0.8990
vn -0.9989 -0.0346 0.0320
vn -0.5097 0.4278 0.7464
vn 0.0120 -0.9999 -0.0064
vn -0.9678 -0.1602 0.1942
vn -0.9938 -0.0311 0.1071
vn -0.9764 -0.1288 0.1732
vn 0.0146 -0.0112 -0.9998
vn 0.0150 -0.0318 -0.9994
vn 0.0166 0.0027 -0.9999
vn -0.4130 -0.9099 0.0380
vn -0.5824 0.3444 0.7363
vn -0.3926 -0.9195 -0.0166
vn 0.5194 0.0409 0.8535
vn -0.9678 -0.1603 0.1942
vn -0.9764 -0.1289 0.1733
vn -0.9393 -0.2390 0.2462
vn 0.0287 -0.2482 -0.9683
vn 0.0240 -0.0126 -0.9996
vn 0.0436 -0.0442 -0.9981
vn -0.0078 0.0387 -0.9992
vn -0.1084 -0.9858 -0.1279
vn 0.0109 -0.1037 -0.9945
vn 0.0017 -1.0000 0.0011
vn -0.8248 -0.0050 -0.5654
vn -0.7617 -0.0978 -0.6405
vn -0.8116 -0.0263 -0.5836
vn -0.9526 0.2356 -0.1925
vn 0.2946 0.7949 -0.5305
vn 0.0155 -0.8872 0.4611
vn 0.0232 -0.9077 0.4189
vn 0.0199 -0.8992 0.4371
vn -0.8624 0.0650 -0.5020
vn -0.8117 -0.0263 -0.5835
vn -0.1767 0.2082 -0.9620
vn -0.2298 0.1776 -0.9569
vn -0.1543 0.2208 -0.9630
vn -0.0213 0.7028 -0.7111
vn -0.1027 0.2490 -0.9630
vn 0.5859 -0.8080 0.0619
vn -0.8924 -0.4506 0.0230
vn -0.8787 -0.4768 0.0223
vn -0.7782 -0.6277 0.0180
vn 0.0565 0.0336 0.9978
vn 0.1290 0.0582 0.9899
vn -0.9360 -0.3480 0.0531
vn -0.1043 -0.4601 -0.8817
vn 0.0149 -0.8853 0.4648
vn -0.7782 -0.6278 0.0179
vn -0.8787 -0.4769 0.0223
vn -0.7619 -0.6475 0.0173
vn -0.0237 0.0644 -0.9976
vn 0.0146 -0.0044 -0.9999
vn -0.4162 -0.9092 -0.0073
vn -0.1666 -0.4869 -0.8574
vn -0.0293 -0.7246 0.6886
vn -0.0089 -0.7172 -0.6968
vn -0.3134 -0.1170 -0.9424
vn -0.2093 -0.5234 0.8260
vn -0.0904 -0.9956 0.0244
vn -0.9092 -0.0426 0.4142
vn -0.9163 -0.0383 0.3986
vn -0.9195 -0.0364 0.3914
vn -0.0364 -0.9990 0.0246
vn -0.5159 -0.8561 0.0314
vn 0.0123 -0.9999 0.0036
vn 0.0304 -0.9993 -0.0213
vn -0.0312 -0.7247 0.6884
vn -0.9256 -0.0325 0.3772
vn -0.5261 -0.8497 0.0349
vn 0.9926 0.0923 -0.0792
vn -0.8555 0.5166 -0.0353
vn -0.8514 0.5237 -0.0288
vn -0.8543 0.5187 -0.0333
vn -0.8543 0.5188 -0.0333
vn -0.8502 0.5258 -0.0268
vn -0.1146 -0.9918 0.0561
vn 0.1066 -0.9943 0.0014
vn -0.9841 -0.1679 0.0573
vn -0.9900 -0.1337 0.0445
vn -0.9999 -0.0158 0.0004
vn -0.6619 0.7495 0.0125
vn -0.8174 -0.5579 0.1433
vn 0.9410 -0.3380 0.0166
vn 0.9468 -0.3206 0.0291
vn 0.9429 -0.3317 0.0317
vn -0.9999 0.0052 -0.0099
vn 0.8272 -0.5618 -0.0000
vn 0.9018 0.4318 0.0147
vn 0.9038 0.4277 0.0135
vn 0.9021 0.4313 0.0146
vn 0.9232 0.3844 -0.0000
vn -0.7690 -0.6339 -0.0824
vn -0.7759 -0.6260 -0.0781
vn -0.7827 -0.6177 -0.0768
vn -0.5330 -0.8454 -0.0353
vn -0.6898 -0.7229 0.0404
vn -0.7647 -0.6416 -0.0597
vn -0.6950 -0.7188 0.0180
vn 0.9882 -0.1252 -0.0880
vn -0.9999 -0.0157 0.0004
vn -0.9999 0.0050 -0.0099
vn -0.9999 0.0047 -0.0100
vn 0.9468 -0.3205 0.0292
vn 0.9903 -0.1044 0.0916
vn 0.9880 -0.1283 0.0865
vn -0.5069 -0.2789 -0.8157
vn -0.0364 0.9992 -0.0169
vn -0.0716 0.9972 -0.0215
vn -0.0487 0.9986 -0.0185
vn -0.8838 -0.4677 -0.0098
vn 0.2655 0.9592 0.0971
vn -0.6397 -0.7618 0.1027
vn 0.8764 -0.2748 -0.3956
vn 0.8611 -0.2175 -0.4596
vn 0.9142 -0.3099 -0.2613
vn 0.0404 -0.9990 0.0185
vn 0.0196 -0.9995 0.0262
vn -0.0081 -1.0000 0.0049
vn -0.9236 0.3270 -0.2000
vn 0.1349 0.1905 -0.9724
vn -0.0900 0.9957 -0.0238
vn 0.0542 -0.9962 0.0687
vn 0.6546 0.7190 0.2335
vn 0.3968 0.1235 0.9096
vn -0.1713 -0.1807 -0.9685
vn -0.2392 -0.1484 -0.9596
vn -0.2421 -0.1470 -0.9591
vn -0.5675 -0.3145 0.7610
vn -0.5541 -0.3063 0.7741
vn -0.5831 -0.3240 0.7450
vn -0.9457 -0.2830 0.1600
vn 0.0155 -0.9449 0.3270
vn -0.0409 -0.9723 0.2302
vn -0.0241 -0.9655 0.2594
vn 0.9228 -0.3370 -0.1868
vn -0.0008 0.9999 0.0110
vn 0.9998 0.0161 -0.0142
vn 0.9959 -0.0743 -0.0506
vn 0.9985 -0.0412 -0.0373
vn -0.5831 -0.3240 0.7449
vn -0.5899 -0.3282 0.7377
vn 0.0104 -0.6512 0.7588
vn 0.0461 0.9989 0.0011
vn 0.9992 0.0391 -0.0050
vn -0.0409 -0.9723 0.2301
vn -0.0876 -0.9853 0.1469
vn -0.9793 0.1915 0.0663
vn 0.0727 -0.9972 -0.0155
vn -0.3341 -0.1006 -0.9372
vn -0.9992 -0.0244 0.0318
vn -0.9908 -0.1287 0.0415
vn -0.9805 -0.1854 0.0651
vn 0.0400 -0.9992 0.0053
vn 0.8914 -0.4220 0.1654
vn -0.9701 0.2388 -0.0438
vn 0.0602 0.9963 -0.0616
vn -0.0620 0.2665 0.9619
vn 0.9844 0.0786 0.1576
vn -0.4819 -0.4049 0.7771
vn -0.1518 -0.8564 -0.4935
vn -0.9872 -0.1129 0.1124
vn 0.4085 0.6721 0.6176
vn 0.6197 0.5755 -0.5336
vn -0.9814 -0.1672 0.0942
vn -0.0523 0.3756 0.9253
vn 0.7076 0.3059 0.6369
vn 0.2156 0.9312 -0.2940
vn 0.1586 0.3588 0.9198
vn 0.9902 -0.1393 -0.0049
vn 0.6017 -0.2075 -0.7713
vn -0.9747 -0.2152 -0.0603
vn -0.9949 0.1006 -0.0111
vn -0.8789 0.4579 -0.1340
vn 0.2860 -0.0607 -0.9563
vn -0.8887 -0.3996 -0.2250
vn 0.1930 0.0407 -0.9804
vn 0.0002 -0.9989 -0.0460
vn 0.0072 -0.1988 -0.9800
vn 0.0086 -0.1941 -0.9809
vn 0.0146 -0.1746 -0.9845
vn 0.0146 -0.1745 -0.9845
vn 0.0155 -0.1715 -0.9851
vn -0.3657 -0.9297 -0.0438
vn -0.4208 -0.8981 -0.1279
vn -0.3215 -0.9466 -0.0223
vn 0.6455 -0.2030 0.7363
vn -0.6450 -0.1589 0.7475
vn 0.1752 -0.9845 0.0085
vn 0.1987 -0.9795 0.0326
vn 0.2847 -0.9507 0.1226
vn -0.9951 -0.0261 -0.0952
vn -0.9993 0.0046 -0.0358
vn -0.9974 -0.0135 -0.0707
vn -0.0186 -0.9202 0.3910
vn -0.3847 -0.9100 -0.1544
vn 0.1646 0.0591 -0.9846
vn 0.0048 -0.9984 0.0563
vn 0.0623 0.9978 -0.0233
vn 0.0656 0.9976 -0.0204
vn 0.0627 0.9978 -0.0230
vn -0.1456 -0.7403 -0.6563
vn -0.0212 -0.9998 -0.0047
vn -0.0105 -0.9995 0.0283
vn 0.1385 -0.9903 0.0088
vn 0.0405 -0.9990 0.0185
vn 0.0401 -0.9992 0.0053
vn 0.2465 -0.0598 -0.9673
vn -0.0383 -0.9804 -0.1933
vn -0.9736 -0.2279 0.0085
vn -0.9203 -0.3907 0.0179
vn -0.9560 -0.2934 0.0075
vn 0.0822 0.0106 0.9966
vn 0.0205 -0.9994 0.0265
vn 0.0649 -0.9979 0.0005
vn -0.0040 -0.9999 -0.0134
vn -0.0107 -0.9998 -0.0169
vn 0.0054 -0.9997 -0.0226
vn 0.0200 -0.9991 -0.0362
vn -0.0194 -0.9995 -0.0253
vn 0.0429 -0.9989 -0.0184
vn 0.9476 -0.3194 0.0032
vn 0.0080 -0.9992 -0.0403
vn -0.1283 0.3511 0.9275
vn -0.0922 0.4253 -0.9004
vn -0.3778 0.9102 0.1697
vn 0.6893 -0.7228 0.0497
vn 0.1422 0.9897 -0.0144
vn 0.3630 0.9318 -0.0013
vn 0.2129 0.9757 0.0527
vn 0.9915 -0.1238 -0.0397
vn 0.0583 0.9979 -0.0268
vn -0.9275 -0.2023 0.3145
vn -0.0811 -0.9967 0.0044
vn 0.9821 -0.1725 -0.0753
vn 0.0701 -0.9969 -0.0362
vn 0.0310 -0.9994 -0.0183
vn 0.0205 -0.9997 -0.0135
vn 0.0825 0.9923 0.0925
vn 0.9962 -0.0849 -0.0199
vn -0.9968 0.0749 0.0286
vn -0.9964 0.0743 0.0407
vn -0.9964 0.0819 0.0226
vn -0.1111 -0.9280 0.3557
vn 0.5022 0.8629 0.0569
vn 0.1656 -0.9860 0.0212
vn -0.0437 -0.9990 0.0008
vn -0.4503 0.3528 -0.8202
vn 0.9524 0.2863 -0.1044
vn 0.0385 -0.9990 -0.0237
vn -0.8350 -0.2032 -0.5113
vn 0.6830 -0.7025 -0.1998
vn 0.1547 0.7825 0.6031
vn -0.2542 0.9312 0.2612
vn 0.3872 0.9093 -0.1522
vn -0.9936 -0.0857 -0.0740
vn -0.9930 -0.0981 -0.0657
vn -0.9560 -0.2933 0.0075
vn -0.0832 -0.9033 0.4210
vn -0.9737 -0.2279 0.0084
vn 0.7060 0.2440 0.6649
vn -0.2983 -0.1463 -0.9432
vn -0.9997 0.0223 -0.0015
vn -0.7616 0.3300 0.5578
vn -0.7511 0.3864 0.5353
vn -0.7610 0.3333 0.5566
vn 0.5885 -0.5308 -0.6098
vn -0.6369 0.1296 0.7600
vn -0.7610 0.3332 0.5566
vn -0.7698 0.2654 0.5805
vn 0.9999 0.0075 0.0079
vn 1.0000 0.0089 -0.0001
vn 0.9996 0.0105 0.0268
vn 0.8613 0.1643 0.4808
vn 0.8525 0.5084 0.1214
vn -0.5937 -0.2602 -0.7615
vn -0.9703 0.1033 -0.2188
vn -0.9949 -0.1010 -0.0021
vn -0.9802 -0.1941 -0.0384
vn -0.9925 -0.1187 0.0280
vn -0.9802 -0.1941 -0.0383
vn -0.9757 -0.2190 0.0040
vn 0.9718 -0.2332 0.0357
vn 0.9943 -0.1034 -0.0261
vn 0.9904 -0.1383 0.0084
vn 0.9827 0.1571 -0.0976
vn 0.9990 -0.0354 -0.0266
vn -0.2981 -0.3011 -0.9058
vn 0.9904 -0.1382 0.0084
vn -0.9770 0.0132 0.2129
vn -0.9761 0.0675 0.2068
vn -0.9954 0.0078 -0.0960
vn -0.6657 0.7455 -0.0330
vn -0.9699 0.0538 0.2375
vn 1.0000 0.0002 -0.0079
vn -0.5620 -0.7815 0.2710
vn -0.8761 0.4821 0.0004
vn -0.4831 -0.3672 0.7948
vn 0.1741 -0.9465 0.2716
vn -0.3824 0.8625 -0.3315
vn -0.9679 0.2272 -0.1072
vn 0.1825 0.9827 0.0299
vn -0.9741 0.1870 0.1271
vn -0.9804 0.0658 0.1859
vn -0.9581 0.2844 0.0330
vn 0.4760 0.8685 0.1381
vn 0.9660 -0.2533 -0.0512
vn -0.7541 0.2453 -0.6092
vn -0.5151 0.5036 0.6935
vn 0.3726 -0.0353 -0.9273
vn -0.5539 -0.4277 -0.7143
vn 0.1625 0.2565 0.9528
vn -0.4672 -0.4287 0.7733
vn 0.9249 0.3785 0.0356
vn -0.1278 -0.0207 -0.9916
vn -0.2524 -0.8008 0.5431
vn 0.9994 0.0246 -0.0234
vn 0.3161 -0.9358 0.1562
vn 0.1020 -0.9935 -0.0507
vn -0.9932 -0.0855 0.0795
vn -0.9652 -0.0742 0.2508
vn -0.5446 -0.7459 -0.3835
vn 0.8734 -0.3216 0.3658
vn 0.5271 -0.6137 -0.5878
vn 0.5267 -0.6133 -0.5886
vn 0.5281 -0.6145 -0.5860
vn 0.5260 -0.6127 -0.5898
vn -0.4268 -0.7062 -0.5650
vn 0.0024 -0.4684 -0.8835
vn 0.3599 -0.2898 -0.8869
vn 0.3759 -0.3689 0.8501
vn 0.9413 0.1328 0.3105
vn -0.1809 -0.4347 -0.8822
vn 0.0028 -0.6074 -0.7944
vn 0.5290 -0.4527 0.7178
vn 0.3630 0.9318 -0.0012
vn 0.5063 0.8605 0.0564
vn -0.0050 0.9998 0.0170
vn 0.0078 1.0000 0.0014
vn 0.0538 0.9970 -0.0554
vn -0.0050 0.9998 0.0171
vn -0.0577 0.9950 0.0819
vn 0.0077 1.0000 0.0014
vn -0.1084 -0.4605 0.8810
vn -0.9684 0.1857 0.1666
vn 0.0202 -0.4832 0.8753
vn 0.0110 -0.4925 0.8702
vn -0.0072 -0.5106 0.8598
vn -0.1690 0.9855 0.0126
vn -0.0901 0.9958 0.0150
vn -0.1193 0.9926 0.0215
vn -0.2095 -0.9226 0.3238
vn -0.3188 -0.9325 -0.1697
vn -0.0484 -0.9984 0.0293
vn 0.1220 -0.9232 0.3643
vn 0.0314 -0.4717 0.8812
vn -0.1746 -0.6779 -0.7142
vn 0.1659 -0.9798 0.1120
vn 0.0337 -0.9993 0.0139
vn 0.1016 0.9944 0.0289
vn 0.1216 -0.5463 -0.8287
vn 0.0941 -0.9723 0.2138
vn 0.1901 -0.9789 -0.0753
vn 0.8496 0.4943 -0.1842
vn 0.9227 0.3005 0.2414
vn -0.3624 -0.9308 0.0477
vn -0.3600 -0.9327 0.0209
vn -0.3769 -0.9248 0.0518
vn 0.0749 -0.9970 -0.0201
vn -0.3389 -0.9407 -0.0152
vn 0.0302 0.9991 -0.0297
vn -0.1689 0.9855 0.0126
vn -0.2015 -0.9791 -0.0275
vn 0.0769 -0.9968 0.0203
vn -0.1257 -0.9919 -0.0166
vn 0.1646 -0.9864 0.0043
vn 0.1645 -0.9864 0.0044
vn 0.9401 -0.3407 -0.0104
vn 0.1475 -0.9890 0.0074
vn 0.0588 -0.9930 0.1028
vn 0.0910 0.9859 -0.1403
vn -0.0734 0.9947 -0.0717
vn -0.0961 -0.9941 0.0497
vn 0.2268 0.9702 0.0857
vn 0.4362 0.8995 0.0253
vn 0.2732 0.9612 0.0375
vn -0.2349 -0.9720 0.0082
vn 0.2570 -0.8581 0.4446
vn -0.0132 -0.6029 0.7977
vn 0.0301 -0.6588 0.7517
vn 0.0081 -0.6310 0.7757
vn -0.0431 -0.5617 0.8262
vn 0.1212 0.9905 0.0653
vn 0.1953 0.9783 0.0685
vn -0.3678 0.9180 0.1480
vn 0.0251 -0.7648 0.6437
vn -0.0446 -0.7986 0.6002
vn 0.0064 -0.7653 0.6437
vn 0.2988 0.8898 -0.3448
vn 0.3440 0.8921 -0.2928
vn 0.2851 0.8883 -0.3600
vn 0.9078 0.3825 -0.1722
vn 0.2476 -0.3136 0.9167
vn 0.4884 0.8441 -0.2213
vn 0.3298 -0.9254 0.1865
vn 0.2880 -0.9432 0.1658
vn 0.2731 0.9613 0.0375
vn -0.0245 0.9997 0.0046
vn 0.1211 0.9905 0.0653
vn -0.1476 0.9890 0.0083
vn -0.2255 0.9738 0.0278
vn -0.1655 0.9861 0.0128
vn 0.2270 0.8781 -0.4212
vn 0.2850 0.8883 -0.3601
vn 0.8154 0.5739 0.0760
vn -0.0608 0.9981 -0.0133
vn -0.1475 0.9890 0.0083
vn 0.9893 -0.0484 0.1377
vn -0.9874 0.1458 -0.0618
vn 0.0441 -0.8526 -0.5208
vn -0.4106 -0.8759 -0.2535
vn -0.0445 -0.8027 0.5947
vn -0.0957 -0.6116 -0.7854
vn -0.8285 -0.2886 -0.4800
vn -0.9474 0.2628 0.1826
vn -0.1183 -0.8294 0.5460
vn 0.1647 -0.5679 -0.8065
vn 0.0042 -0.1176 0.9931
vn -0.0205 -0.0674 0.9975
vn 0.0301 -0.0684 0.9972
vn 0.4567 -0.1821 -0.8708
vn 0.3543 -0.1132 -0.9282
vn 0.4127 -0.1522 -0.8980
vn 0.8076 -0.5748 0.1316
vn -0.3875 -0.2268 0.8935
vn -0.1181 -0.8294 0.5460
vn 0.0647 0.7040 0.7072
vn -0.9817 -0.1304 -0.1389
vn -0.0309 -0.2027 0.9787
vn 0.0042 -0.1176 0.9930
vn 0.0100 -0.1600 0.9871
vn -0.0260 0.2589 0.9655
vn 0.5032 -0.2141 -0.8372
vn -0.8770 0.0821 0.4734
vn 0.9973 0.0621 -0.0383
vn 0.9999 0.0060 -0.0146
vn 0.9977 0.0553 -0.0389
vn -0.3188 0.2845 -0.9041
vn -0.1526 0.7285 -0.6678
vn -0.1540 0.7278 -0.6682
vn -0.1514 0.7291 -0.6675
vn 0.2545 -0.8481 -0.4646
vn 0.2533 -0.8479 -0.4658
vn 0.2586 -0.8490 -0.4608
vn 0.5705 0.5063 0.6467
vn -0.3179 -0.4177 0.8511
vn -0.3657 -0.6801 0.6354
vn 0.2583 0.4756 0.8409
vn 0.2585 0.4848 0.8356
vn 0.2584 0.4797 0.8385
vn 0.6110 0.1957 -0.7671
vn 0.0302 -0.0684 0.9972
vn -0.0015 0.4792 0.8777
vn 0.0014 0.4765 0.8792
vn 0.0027 0.4754 0.8798
vn -0.1495 0.7300 -0.6669
vn -0.1525 0.7285 -0.6678
vn 0.2585 0.4847 0.8356
vn 0.2585 0.4886 0.8333
vn 0.9996 0.0107 -0.0259
vn -0.9889 -0.0327 0.1450
vn 0.0177 0.7398 0.6725
vn 0.0147 0.8218 0.5696
vn -0.0454 0.8069 0.5889
vn -0.0073 -0.2035 0.9791
vn -0.2773 0.8138 -0.5107
vn 0.0088 0.8618 0.5072
vn -0.7455 0.5904 0.3093
vn 0.0045 0.4737 0.8807
vn 0.0027 0.4753 0.8798
vn 0.0015 0.4765 0.8792
vn 0.0242 0.7424 0.6696
vn -0.0231 0.8780 0.4781
vn 0.3977 0.7332 -0.5516
vn -0.3243 -0.4395 -0.8376
vn -0.3581 -0.4737 -0.8046
vn -0.3932 -0.4904 -0.7778
vn 0.9999 -0.0117 0.0014
vn -0.0115 0.9851 0.1719
vn -0.0445 0.9928 0.1112
vn 0.0523 0.9929 0.1065
vn -0.2603 0.2929 0.9200
vn -0.2666 -0.3766 -0.8872
vn -0.3243 -0.4395 -0.8377
vn 0.0119 0.9926 0.1211
vn -0.1856 0.9702 0.1560
vn -0.1229 0.8783 0.4621
vn 0.2493 -0.8469 -0.4696
vn 0.9999 -0.0157 0.0019
vn 0.9999 -0.0102 -0.0006
vn -0.8862 0.2522 0.3887
vn 0.0126 0.9998 0.0182
vn 0.0791 0.9966 0.0237
vn -0.0080 0.9826 0.1854
vn -0.0369 0.9935 0.1078
vn -0.3683 0.9230 0.1111
vn -0.1845 0.8278 0.5298
vn -0.2318 0.7222 0.6517
vn -0.1816 -0.9108 -0.3707
vn -0.0482 0.9987 0.0188
vn -0.1650 0.8898 0.4256
vn -0.2479 -0.3255 -0.9125
vn 1.0000 -0.0063 -0.0001
vn -0.0178 0.9930 0.1169
vn 0.0491 0.9988 0.0037
vn 0.1008 -0.9949 -0.0091
vn -0.0501 -0.9986 -0.0184
vn 0.0693 -0.9975 -0.0163
vn -0.5396 -0.6247 -0.5645
vn -0.0522 0.9983 0.0270
vn -0.0670 -0.9977 -0.0088
vn -0.0251 0.9997 -0.0001
vn -0.1787 -0.9836 -0.0242
vn -0.0122 0.9999 -0.0090
vn 1.0000 -0.0052 -0.0002
vn 0.0441 0.9989 0.0155
vn -0.9994 0.0356 -0.0045
vn -0.9999 0.0063 -0.0099
vn -0.9967 0.0811 0.0045
vn -0.0203 0.9998 -0.0008
vn -0.2117 -0.9773 0.0077
vn -0.0671 -0.9977 -0.0088
vn -0.0533 0.9984 0.0162
vn 0.0234 0.9983 -0.0527
vn -0.9981 0.0608 0.0080
vn -0.0391 0.9992 -0.0078
vn -0.0021 0.9950 -0.0997
vn -0.9993 0.0347 0.0112
vn 1.0000 -0.0075 0.0038
vn 0.0780 -0.9963 0.0366
vn 0.9999 -0.0127 0.0117
vn -0.3880 0.9161 -0.1008
vn -0.3899 0.8898 -0.2373
vn -0.3979 0.9138 -0.0815
vn -0.3448 0.9385 0.0209
vn -0.0128 0.9654 -0.2605
vn 0.9997 -0.0193 0.0163
vn -0.0128 0.9654 -0.2606
vn -0.0475 0.8929 -0.4478
vn 0.0413 0.9179 -0.3947
vn -0.0234 0.9945 -0.1024
vn 0.0612 -0.9960 0.0654
vn 0.0292 -0.9950 0.0958
vn -0.3880 0.9161 -0.1007
vn -0.3447 0.9385 0.0209
vn -0.3400 0.9399 -0.0302
vn -0.1791 -0.9838 0.0109
vn -0.0672 -0.9977 -0.0088
vn -0.1882 -0.9820 0.0141
vn 0.3486 0.7689 0.5359
vn 0.7853 -0.0369 -0.6180
vn -0.0035 0.9793 -0.2025
vn -0.0035 0.9793 -0.2026
vn 0.0796 0.9380 -0.3374
vn -0.2537 0.9004 0.3533
vn -0.3349 0.9378 -0.0912
vn 0.3272 -0.2226 0.9184
vn 0.9974 -0.0624 -0.0370
vn -0.3422 0.9330 -0.1118
vn -0.0932 -0.9956 -0.0016
vn -0.0543 -0.9979 -0.0356
vn -0.6559 0.7434 0.1310
vn 0.2414 0.8058 0.5408
vn 0.2465 0.4910 -0.8356
vn -0.0643 -0.7370 0.6728
vn -0.3386 0.9338 -0.1159
vn 0.9997 -0.0207 0.0163
vn -0.4739 0.0194 0.8803
vn -0.0702 -0.9975 -0.0103
vn -0.0164 -0.9996 -0.0250
vn -0.3866 -0.9212 0.0444
vn -0.9955 0.0674 0.0667
vn -0.9975 0.0652 0.0271
vn -0.9887 0.0709 0.1321
vn -0.9277 0.3733 -0.0046
vn 0.1137 0.3492 0.9301
vn 0.5244 0.8488 0.0671
vn -0.9976 0.0617 -0.0300
vn 0.1094 0.4239 -0.8991
vn 0.1380 0.4284 -0.8930
vn 0.2192 0.3772 -0.8998
vn 0.0316 -0.9895 -0.1412
vn 0.0014 -0.9878 -0.1560
vn 0.0487 -0.7338 0.6776
vn -0.0101 -0.7205 0.6933
vn 0.0023 -0.7236 0.6902
vn -0.7387 -0.1570 0.6555
vn -0.0285 0.9964 0.0794
vn -0.0422 0.9964 0.0729
vn -0.0380 0.9965 0.0749
vn -0.0253 0.7365 -0.6760
vn 0.0990 -0.9680 -0.2307
vn 0.0015 -0.9878 -0.1560
vn 0.1316 -0.8824 0.4517
vn -0.3369 0.9374 -0.0885
vn -0.0107 0.4991 -0.8665
vn 0.1379 0.4284 -0.8930
vn -0.2815 0.7974 -0.5337
vn -0.0162 0.9999 -0.0046
vn -0.0289 0.9996 0.0051
vn -0.0315 -0.7150 0.6984
vn 0.0022 -0.7236 0.6902
vn 0.2781 0.8533 -0.4411
vn 0.2134 -0.2635 -0.9408
vn 0.2932 -0.3786 -0.8779
vn 0.1985 -0.2853 -0.9376
vn -0.0744 -0.7661 -0.6384
vn -0.0017 -0.7666 -0.6421
vn 0.0080 -0.7664 -0.6424
vn 0.0421 0.9982 -0.0437
vn -0.0526 0.9986 0.0074
vn -0.1524 -0.9804 -0.1253
vn -0.3891 -0.6983 0.6008
vn 0.2978 -0.4298 -0.8524
vn -0.7756 -0.6313 -0.0017
vn -0.8219 -0.5695 -0.0051
vn -0.8552 -0.5183 -0.0077
vn 0.0934 -0.1570 -0.9832
vn 0.0787 -0.7624 -0.6423
vn -0.0139 0.9962 0.0863
vn -0.4542 -0.8773 -0.1548
vn -0.9376 -0.2152 -0.2732
vn -0.0445 0.4681 -0.8826
vn -0.2367 -0.9699 -0.0576
vn -0.8580 -0.5136 -0.0079
vn -0.0161 0.9999 -0.0047
vn -0.0995 0.5740 -0.8128
vn -0.1046 0.6392 -0.7619
vn -0.5964 0.6416 -0.4823
vn -0.2106 -0.8691 0.4476
vn -0.1634 -0.8574 0.4881
vn -0.2046 -0.8678 0.4529
vn -0.8045 0.5391 -0.2495
vn -0.1739 -0.9442 -0.2797
vn 0.0144 -0.0529 -0.9985
vn -0.0213 0.0074 -0.9997
vn -0.2789 -0.9347 -0.2204
vn -0.2448 0.2525 -0.9361
vn -0.3798 0.8331 0.4021
vn -0.2488 -0.8761 0.4130
vn -0.0043 -0.5887 -0.8084
vn -0.1273 -0.5818 -0.8033
vn -0.0383 -0.5877 -0.8082
vn -0.2168 -0.7214 -0.6577
vn 0.0144 -0.0528 -0.9985
vn -0.0056 0.0157 -0.9999
vn 0.0910 -0.5878 -0.8039
vn -0.2859 -0.0727 0.9555
vn -0.4972 0.2001 -0.8443
vn 0.2921 0.1429 0.9456
vn -0.9798 -0.0354 -0.1966
vt 0.388081 0.716266
vt 0.402851 0.707536
vt 0.405279 0.725668
vt 0.385266 0.727742
vt 0.417624 0.741985
vt 0.379156 0.695007
vt 0.417825 0.699408
vt 0.524772 0.607581
vt 0.540027 0.600041
vt 0.572880 0.606417
vt 0.790072 0.428730
vt 0.799201 0.420225
vt 0.802711 0.436303
vt 0.770715 0.421890
vt 0.805955 0.394005
vt 0.063587 0.804505
vt 0.053463 0.797206
vt 0.063744 0.798365
vt 0.951647 0.332299
vt 0.953957 0.337258
vt 0.947612 0.342517
vt 0.051275 0.785860
vt 0.059857 0.806749
vt 0.050486 0.804747
vt 0.956253 0.345918
vt 0.678106 0.865434
vt 0.673460 0.894273
vt 0.662716 0.865828
vt 0.921856 0.186342
vt 0.947466 0.171744
vt 0.967135 0.176158
vt 0.994860 0.173079
vt 0.991829 0.207628
vt 0.824553 0.053297
vt 0.800904 0.047318
vt 0.827879 0.033774
vt 0.776455 0.053752
vt 0.062905 0.252372
vt 0.083539 0.275377
vt 0.058850 0.305443
vt 0.010407 0.262119
vt 0.019025 0.238642
vt 0.030523 0.308631
vt 0.042222 0.293611
vt 0.050209 0.245298
vt 0.794440 0.059683
vt 0.904807 0.175660
vt 0.919499 0.155956
vt 0.334255 0.085276
vt 0.370200 0.080311
vt 0.341454 0.100673
vt 0.761348 0.184610
vt 0.722680 0.163255
vt 0.757708 0.163093
vt 0.070145 0.475608
vt 0.045724 0.459185
vt 0.077035 0.455286
vt 0.534323 0.903880
vt 0.535394 0.914832
vt 0.514168 0.946274
vt 0.632167 0.119384
vt 0.606212 0.055822
vt 0.635147 0.114719
vt 0.596087 0.062775
vt 0.594680 0.064641
vt 0.600722 0.360793
vt 0.639319 0.365270
vt 0.614773 0.370793
vt 0.638489 0.302650
vt 0.630568 0.294857
vt 0.683978 0.280681
vt 0.556749 0.325873
vt 0.542515 0.301575
vt 0.619598 0.301922
vt 0.636815 0.347353
vt 0.585311 0.294608
vt 0.594186 0.348776
vt 0.553550 0.337825
vt 0.541413 0.342416
vt 0.493973 0.349418
vt 0.566286 0.371361
vt 0.492316 0.316298
vt 0.510187 0.365179
vt 0.543917 0.379563
vt 0.570031 0.276813
vt 0.560770 0.407049
vt 0.452921 0.851688
vt 0.492854 0.871724
vt 0.443669 0.888491
vt 0.915496 0.085601
vt 0.915220 0.040652
vt 0.939689 0.078664
vt 0.913938 0.036230
vt 0.884507 0.035895
vt 0.477074 0.301830
vt 0.464213 0.318565
vt 0.873854 0.071907
vt 0.530684 0.079108
vt 0.593875 0.069559
vt 0.548724 0.130588
vt 0.680802 0.264214
vt 0.610505 0.225764
vt 0.826061 0.058285
vt 0.898809 0.089124
vt 0.528507 0.281070
vt 0.942588 0.776799
vt 0.944526 0.690650
vt 0.957851 0.758009
vt 0.964960 0.755298
vt 0.957122 0.709910
vt 0.967323 0.323149
vt 0.962117 0.315146
vt 0.970604 0.314117
vt 0.962653 0.321670
vt 0.066306 0.068179
vt 0.019585 0.063469
vt 0.019952 0.060138
vt 0.074636 0.085695
vt 0.024025 0.071449
vt 0.071287 0.088303
vt 0.023937 0.056575
vt 0.970336 0.387797
vt 0.984708 0.384853
vt 0.967119 0.391225
vt 0.982504 0.390818
vt 0.101546 0.730021
vt 0.095681 0.759169
vt 0.067959 0.753792
vt 0.070171 0.760023
vt 0.065206 0.780944
vt 0.099014 0.776084
vt 0.497895 0.033327
vt 0.475505 0.026082
vt 0.474486 0.006414
vt 0.060662 0.737229
vt 0.097106 0.780891
vt 0.967470 0.276899
vt 0.980798 0.257843
vt 0.978305 0.270911
vt 0.950979 0.246374
vt 0.965821 0.258332
vt 0.075317 0.083140
vt 0.082696 0.802717
vt 0.079381 0.804898
vt 0.955826 0.316342
vt 0.942691 0.339204
vt 0.932570 0.319843
vt 0.497295 0.005000
vt 0.969569 0.308040
vt 0.969956 0.311494
vt 0.986094 0.277580
vt 0.055142 0.779179
vt 0.094176 0.031648
vt 0.101240 0.799847
vt 0.977661 0.310607
vt 0.976483 0.313691
vt 0.980405 0.304278
vt 0.979523 0.307697
vt 0.977636 0.307817
vt 0.510522 0.110775
vt 0.573281 0.119107
vt 0.936242 0.299392
vt 0.939689 0.293443
vt 0.951553 0.305204
vt 0.974400 0.306902
vt 0.056405 0.088770
vt 0.962990 0.604783
vt 0.977006 0.594282
vt 0.976451 0.605947
vt 0.982316 0.599121
vt 0.991356 0.606156
vt 0.422987 0.796880
vt 0.429930 0.786823
vt 0.425798 0.810119
vt 0.434329 0.792407
vt 0.967937 0.763511
vt 0.956569 0.764936
vt 0.058713 0.788170
vt 0.515065 0.415559
vt 0.649677 0.345198
vt 0.991192 0.599012
vt 0.972899 0.571438
vt 0.961567 0.596069
vt 0.576416 0.436380
vt 0.615660 0.414273
vt 0.053426 0.711940
vt 0.087926 0.707499
vt 0.549915 0.427542
vt 0.976063 0.403153
vt 0.976070 0.409322
vt 0.972167 0.428251
vt 0.400566 0.872698
vt 0.596284 0.075037
vt 0.957316 0.306900
vt 0.949084 0.398996
vt 0.963073 0.386324
vt 0.973719 0.399814
vt 0.991915 0.298367
vt 0.410614 0.844956
vt 0.499897 0.407937
vt 0.647965 0.359103
vt 0.938909 0.279590
vt 0.509565 0.049062
vt 0.515531 0.019214
vt 0.538301 0.136221
vt 0.526376 0.166558
vt 0.274261 0.134522
vt 0.244222 0.113770
vt 0.270635 0.071683
vt 0.102592 0.685636
vt 0.546611 0.446246
vt 0.561711 0.456763
vt 0.296887 0.134101
vt 0.278835 0.066532
vt 0.944246 0.293234
vt 0.513844 0.435966
vt 0.523218 0.078099
vt 0.482416 0.132503
vt 0.558328 0.212533
vt 0.060943 0.690373
vt 0.384678 0.791623
vt 0.491367 0.111859
vt 0.632428 0.405313
vt 0.226137 0.074272
vt 0.414952 0.783323
vt 0.389518 0.778750
vt 0.709192 0.334298
vt 0.546189 0.013954
vt 0.384378 0.432447
vt 0.409526 0.397455
vt 0.410231 0.448129
vt 0.811500 0.873172
vt 0.823566 0.908670
vt 0.799533 0.902494
vt 0.769231 0.889663
vt 0.866836 0.913568
vt 0.859390 0.780524
vt 0.867603 0.823779
vt 0.898204 0.764390
vt 0.883753 0.785632
vt 0.870954 0.782877
vt 0.845375 0.773424
vt 0.818112 0.859675
vt 0.890710 0.816425
vt 0.484454 0.444860
vt 0.440706 0.436634
vt 0.508373 0.453392
vt 0.872999 0.863409
vt 0.815064 0.722145
vt 0.807091 0.709588
vt 0.873179 0.737039
vt 0.463828 0.414765
vt 0.419604 0.404644
vt 0.440057 0.457919
vt 0.038946 0.712609
vt 0.023621 0.680820
vt 0.055557 0.730908
vt 0.476593 0.458615
vt 0.855922 0.906652
vt 0.862001 0.692744
vt 0.477145 0.460048
vt 0.505689 0.466080
vt 0.826669 0.914453
vt 0.814024 0.932404
vt 0.922447 0.816267
vt 0.889937 0.748204
vt 0.807120 0.747493
vt 0.383791 0.367299
vt 0.842580 0.843998
vt 0.902184 0.860463
vt 0.880284 0.900863
vt 0.828813 0.668435
vt 0.832599 0.939640
vt 0.826541 0.940427
vt 0.562343 0.014698
vt 0.562952 0.009917
vt 0.563268 0.010572
vt 0.594275 0.005862
vt 0.476622 0.458976
vt 0.562623 0.009489
vt 0.555898 0.009141
vt 0.036230 0.715209
vt 0.011669 0.717685
vt 0.035254 0.715583
vt 0.537566 0.005012
vt 0.940045 0.826456
vt 0.918663 0.758663
vt 0.374876 0.463804
vt 0.501544 0.098272
vt 0.846399 0.939881
vt 0.366772 0.832095
vt 0.359310 0.861985
vt 0.424248 0.914255
vt 0.878490 0.654136
vt 0.435971 0.517000
vt 0.408953 0.484522
vt 0.528704 0.472510
vt 0.653380 0.362514
vt 0.702060 0.346686
vt 0.592516 0.459180
vt 0.523850 0.014205
vt 0.055790 0.691944
vt 0.051632 0.692621
vt 0.444349 0.824231
vt 0.324392 0.817118
vt 0.631866 0.426934
vt 0.384923 0.778636
vt 0.036915 0.687801
vt 0.027714 0.679470
vt 0.046444 0.691629
vt 0.367078 0.794040
vt 0.533168 0.006574
vt 0.034747 0.691779
vt 0.036912 0.690742
vt 0.040716 0.698843
vt 0.892949 0.680470
vt 0.368601 0.334570
vt 0.914654 0.902107
vt 0.446086 0.359011
vt 0.584422 0.068013
vt 0.534439 0.056646
vt 0.416069 0.087218
vt 0.653230 0.400997
vt 0.226132 0.113281
vt 0.226556 0.068597
vt 0.588679 0.195377
vt 0.615946 0.027105
vt 0.031994 0.675331
vt 0.272591 0.144369
vt 0.491485 0.961618
vt 0.498670 0.957844
vt 0.517109 0.969468
vt 0.535043 0.952853
vt 0.446487 0.544484
vt 0.932921 0.900388
vt 0.915058 0.824819
vt 0.508265 0.956921
vt 0.919922 0.634407
vt 0.388333 0.306615
vt 0.284398 0.897825
vt 0.303263 0.882891
vt 0.405904 0.915864
vt 0.360683 0.342082
vt 0.416330 0.074606
vt 0.457355 0.143562
vt 0.511048 0.180706
vt 0.954031 0.697942
vt 0.942351 0.660159
vt 0.951745 0.634124
vt 0.344982 0.798017
vt 0.532408 0.490965
vt 0.492435 0.523161
vt 0.616338 0.467052
vt 0.934073 0.625657
vt 0.526164 0.173302
vt 0.628390 0.149216
vt 0.501695 0.200054
vt 0.391089 0.091825
vt 0.964934 0.715931
vt 0.352613 0.308090
vt 0.164871 0.668235
vt 0.217701 0.637539
vt 0.164343 0.689881
vt 0.360130 0.463963
vt 0.647157 0.416781
vt 0.345569 0.409817
vt 0.337984 0.366918
vt 0.215337 0.082386
vt 0.214952 0.105939
vt 0.179418 0.095885
vt 0.302902 0.879483
vt 0.422978 0.537496
vt 0.449251 0.556458
vt 0.031969 0.510318
vt 0.024578 0.439954
vt 0.037015 0.443563
vt 0.575222 0.500998
vt 0.445297 0.592677
vt 0.437771 0.580056
vt 0.640257 0.446140
vt 0.968692 0.620138
vt 0.964274 0.663070
vt 0.147094 0.126534
vt 0.082195 0.080364
vt 0.214691 0.161554
vt 0.640120 0.437105
vt 0.326335 0.853842
vt 0.149870 0.072372
vt 0.108761 0.091676
vt 0.103362 0.052942
vt 0.043285 0.406828
vt 0.033767 0.390646
vt 0.049413 0.402588
vt 0.029514 0.411452
vt 0.020138 0.398797
vt 0.036375 0.412805
vt 0.032480 0.332479
vt 0.074271 0.340638
vt 0.062512 0.352908
vt 0.087522 0.446561
vt 0.079886 0.433656
vt 0.084032 0.425396
vt 0.931355 0.357762
vt 0.901402 0.312881
vt 0.930180 0.316252
vt 0.118996 0.790127
vt 0.103439 0.823371
vt 0.116371 0.771583
vt 0.104148 0.767776
vt 0.446266 0.040986
vt 0.387164 0.078938
vt 0.391404 0.060936
vt 0.137594 0.767879
vt 0.126918 0.795314
vt 0.938332 0.265485
vt 0.909982 0.267858
vt 0.945893 0.234216
vt 0.066684 0.375796
vt 0.083400 0.347126
vt 0.396027 0.018476
vt 0.374723 0.056128
vt 0.758799 0.934156
vt 0.746104 0.930283
vt 0.756119 0.879876
vt 0.143302 0.875510
vt 0.130641 0.860499
vt 0.161799 0.869902
vt 0.891352 0.271916
vt 0.079077 0.412091
vt 0.094358 0.418661
vt 0.412701 0.960531
vt 0.406544 0.977240
vt 0.401643 0.974611
vt 0.402587 0.983919
vt 0.077661 0.423127
vt 0.937686 0.519760
vt 0.953358 0.501926
vt 0.957907 0.511402
vt 0.395934 0.966921
vt 0.404876 0.948143
vt 0.102540 0.835705
vt 0.082032 0.822340
vt 0.092895 0.825217
vt 0.947859 0.529246
vt 0.078326 0.394731
vt 0.071422 0.427496
vt 0.855196 0.277719
vt 0.877964 0.285403
vt 0.886039 0.303165
vt 0.397819 0.941825
vt 0.408448 0.933407
vt 0.138315 0.790062
vt 0.868126 0.298754
vt 0.853983 0.287991
vt 0.032902 0.187399
vt 0.041047 0.177062
vt 0.018415 0.210961
vt 0.359831 0.048232
vt 0.057173 0.430882
vt 0.091933 0.302814
vt 0.082107 0.252175
vt 0.096608 0.243656
vt 0.084695 0.826829
vt 0.152286 0.856464
vt 0.427840 0.947585
vt 0.915266 0.363807
vt 0.790412 0.958464
vt 0.808324 0.956133
vt 0.829399 0.980180
vt 0.827031 0.970025
vt 0.417279 0.922368
vt 0.011872 0.138794
vt 0.754512 0.943743
vt 0.434765 0.954496
vt 0.747227 0.977304
vt 0.720739 0.969274
vt 0.759659 0.959819
vt 0.913790 0.483622
vt 0.882857 0.492851
vt 0.895023 0.471014
vt 0.766772 0.625764
vt 0.787385 0.627085
vt 0.782025 0.632309
vt 0.781121 0.637981
vt 0.804474 0.623838
vt 0.794002 0.653988
vt 0.819769 0.653805
vt 0.794695 0.676637
vt 0.184192 0.403779
vt 0.178548 0.478253
vt 0.150508 0.505403
vt 0.238195 0.434824
vt 0.232421 0.472522
vt 0.212848 0.441342
vt 0.299357 0.642390
vt 0.311781 0.654483
vt 0.293401 0.649011
vt 0.295955 0.633151
vt 0.284044 0.653548
vt 0.315385 0.622943
vt 0.235927 0.304527
vt 0.212713 0.303087
vt 0.225881 0.290725
vt 0.215036 0.334065
vt 0.195670 0.331771
vt 0.185323 0.293033
vt 0.200828 0.282784
vt 0.174714 0.318461
vt 0.161240 0.300743
vt 0.271560 0.367995
vt 0.259639 0.367774
vt 0.263933 0.358712
vt 0.267731 0.344696
vt 0.250575 0.371634
vt 0.233513 0.345667
vt 0.236986 0.387248
vt 0.226489 0.275849
vt 0.236344 0.266715
vt 0.286408 0.368997
vt 0.289686 0.331198
vt 0.236128 0.253265
vt 0.252423 0.238818
vt 0.256395 0.256709
vt 0.185439 0.352409
vt 0.166300 0.337501
vt 0.264890 0.317087
vt 0.266684 0.630793
vt 0.205478 0.268784
vt 0.207221 0.360989
vt 0.335644 0.647398
vt 0.572668 0.724851
vt 0.609840 0.708021
vt 0.601888 0.733126
vt 0.260146 0.219454
vt 0.228923 0.231725
vt 0.187493 0.270509
vt 0.277389 0.222552
vt 0.214390 0.252818
vt 0.273956 0.271813
vt 0.292801 0.218023
vt 0.593130 0.700744
vt 0.157605 0.351071
vt 0.258821 0.410791
vt 0.282042 0.607731
vt 0.575685 0.742545
vt 0.239178 0.214193
vt 0.148118 0.328951
vt 0.191513 0.375353
vt 0.220258 0.615994
vt 0.219229 0.634902
vt 0.182904 0.627146
vt 0.262114 0.652249
vt 0.150274 0.619493
vt 0.142640 0.598121
vt 0.164703 0.634652
vt 0.250131 0.592640
vt 0.244800 0.626373
vt 0.183819 0.586514
vt 0.241087 0.644247
vt 0.149717 0.574067
vt 0.179186 0.575471
vt 0.239615 0.606759
vt 0.187497 0.608109
vt 0.279508 0.583991
vt 0.223050 0.595621
vt 0.201025 0.593992
vt 0.224905 0.567724
vt 0.202307 0.568556
vt 0.243154 0.566717
vt 0.225823 0.532235
vt 0.205966 0.537970
vt 0.286331 0.513893
vt 0.261235 0.515337
vt 0.246622 0.527432
vt 0.187209 0.541581
vt 0.208629 0.511743
vt 0.222978 0.499660
vt 0.204193 0.497373
vt 0.186438 0.508281
vt 0.219126 0.476090
vt 0.220245 0.476296
vt 0.219565 0.477088
vt 0.217773 0.476071
vt 0.219406 0.477122
vt 0.221846 0.486930
vt 0.208267 0.471693
vt 0.251001 0.470727
vt 0.187596 0.482059
vt 0.292607 0.416712
vt 0.191671 0.442436
vt 0.261052 0.416418
vt 0.210232 0.408447
vt 0.151417 0.408181
vt 0.245471 0.408140
vt 0.838650 0.551020
vt 0.817451 0.540608
vt 0.837553 0.527642
vt 0.818051 0.513083
vt 0.851829 0.572320
vt 0.869012 0.547513
vt 0.874030 0.557990
vt 0.881819 0.585995
vt 0.862835 0.529672
vt 0.834651 0.511444
vt 0.804907 0.482028
vt 0.817560 0.474970
vt 0.861516 0.504832
vt 0.902236 0.568806
vt 0.879129 0.517519
vt 0.845184 0.487864
vt 0.839181 0.472300
vt 0.896678 0.504457
vt 0.902138 0.542123
vt 0.893218 0.532851
vt 0.768097 0.682634
vt 0.773075 0.688864
vt 0.762448 0.673265
vt 0.870959 0.481018
vt 0.804760 0.705836
vt 0.829410 0.456353
vt 0.767364 0.659550
vt 0.906647 0.522967
vt 0.764319 0.698816
vt 0.763835 0.713984
vt 0.774502 0.735480
vt 0.755265 0.652800
vt 0.777373 0.768642
vt 0.741144 0.755252
vt 0.747861 0.736826
vt 0.880332 0.460317
vt 0.707610 0.763310
vt 0.715389 0.740012
vt 0.682595 0.752265
vt 0.736337 0.620081
vt 0.757879 0.636142
vt 0.907218 0.455701
vt 0.858687 0.458814
vt 0.875044 0.442701
vt 0.697365 0.729667
vt 0.686331 0.714759
vt 0.893328 0.440306
vt 0.658858 0.744916
vt 0.729990 0.687137
vt 0.913321 0.438093
vt 0.721880 0.713694
vt 0.668906 0.766024
vt 0.241447 0.200760
vt 0.317835 0.671574
vt 0.635283 0.753834
vt 0.621884 0.734161
vt 0.641815 0.736483
vt 0.657245 0.718013
vt 0.184788 0.244513
vt 0.632243 0.713292
vt 0.905381 0.426158
vt 0.146187 0.252335
vt 0.220148 0.202958
vt 0.664964 0.700635
vt 0.208732 0.228594
vt 0.128850 0.320534
vt 0.593477 0.752630
vt 0.908773 0.369735
vt 0.629480 0.691548
vt 0.688999 0.696672
vt 0.153875 0.210613
vt 0.585038 0.685303
vt 0.449467 0.904253
vt 0.172858 0.716005
vt 0.125439 0.709440
vt 0.108624 0.733872
vt 0.776274 0.937611
vt 0.776065 0.966166
vt 0.147058 0.196443
vt 0.132633 0.227262
vt 0.104372 0.179196
vt 0.134317 0.886790
vt 0.778262 0.969451
vt 0.799323 0.946866
vt 0.922337 0.537002
vt 0.076487 0.807117
vt 0.115710 0.836533
vt 0.229063 0.850590
vt 0.650055 0.682334
vt 0.151169 0.672566
vt 0.462385 0.941930
vt 0.936394 0.372321
vt 0.921068 0.382818
vt 0.114051 0.252881
vt 0.122780 0.249455
vt 0.145628 0.239259
vt 0.689599 0.662271
vt 0.138974 0.649702
vt 0.155840 0.661114
vt 0.936498 0.423992
vt 0.917395 0.390988
vt 0.934103 0.392499
vt 0.097571 0.656399
vt 0.910444 0.503409
vt 0.934216 0.504107
vt 0.082879 0.829191
vt 0.794101 0.941608
vt 0.085443 0.873827
vt 0.081463 0.835648
vt 0.073423 0.855349
vt 0.209383 0.184322
vt 0.185964 0.178885
vt 0.195781 0.210295
vt 0.990589 0.092896
vt 0.994137 0.041625
vt 0.995000 0.103926
vt 0.214037 0.176847
vt 0.101561 0.171708
vt 0.220378 0.155910
vt 0.100103 0.902034
vt 0.108454 0.686079
vt 0.984335 0.091997
vt 0.949865 0.082190
vt 0.972721 0.066085
vt 0.939362 0.070480
vt 0.158486 0.166595
vt 0.137639 0.167403
vt 0.969054 0.526465
vt 0.973735 0.560344
vt 0.049614 0.119499
vt 0.032929 0.114668
vt 0.055894 0.098842
vt 0.118203 0.912358
vt 0.983525 0.050146
vt 0.962929 0.584549
vt 0.945120 0.561105
vt 0.085016 0.163310
vt 0.077878 0.149116
vt 0.016537 0.080006
vt 0.026614 0.077132
vt 0.954301 0.039583
vt 0.934656 0.032002
vt 0.934969 0.883557
vt 0.931611 0.866633
vt 0.944822 0.861058
vt 0.923479 0.847473
vt 0.924043 0.555507
vt 0.024782 0.374187
vt 0.078182 0.047336
vt 0.068231 0.045182
vt 0.071263 0.039892
vt 0.077218 0.043730
vt 0.072856 0.032445
vt 0.082412 0.037936
vt 0.057188 0.046223
vt 0.050480 0.031212
vt 0.055258 0.047359
vt 0.120503 0.132665
vt 0.111657 0.121048
vt 0.052964 0.418979
vt 0.040695 0.414540
vt 0.020108 0.417540
vt 0.009596 0.415791
vt 0.942223 0.849330
vt 0.937648 0.842965
vt 0.040289 0.042520
vt 0.043599 0.047039
vt 0.034149 0.042477
vt 0.029868 0.043605
vt 0.932202 0.832210
vt 0.922258 0.831241
vt 0.068273 0.029606
vt 0.967143 0.040418
vt 0.052352 0.049358
vt 0.045929 0.033406
vt 0.046461 0.029141
vt 0.047908 0.042550
vt 0.708619 0.384505
vt 0.056596 0.408503
vt 0.071884 0.030497
vt 0.182309 0.068092
vt 0.993502 0.354439
vt 0.950902 0.366794
vt 0.938740 0.349059
vt 0.096398 0.095035
vt 0.186816 0.158092
vt 0.311336 0.366123
vt 0.950079 0.859471
vt 0.964808 0.857221
vt 0.334616 0.287603
vt 0.390774 0.194400
vt 0.400428 0.169922
vt 0.404318 0.180817
vt 0.367952 0.170303
vt 0.351955 0.177838
vt 0.422760 0.201326
vt 0.426355 0.195255
vt 0.380342 0.503970
vt 0.326091 0.467821
vt 0.330448 0.449481
vt 0.117826 0.045789
vt 0.048596 0.507210
vt 0.143592 0.768286
vt 0.177194 0.716057
vt 0.179438 0.752039
vt 0.148690 0.044732
vt 0.057505 0.513567
vt 0.081257 0.496482
vt 0.968814 0.857842
vt 0.339007 0.493914
vt 0.448881 0.155258
vt 0.458879 0.167102
vt 0.411708 0.158462
vt 0.503564 0.179623
vt 0.505397 0.191820
vt 0.094458 0.159894
vt 0.095631 0.036410
vt 0.027537 0.426313
vt 0.040861 0.434549
vt 0.445636 0.221041
vt 0.470591 0.827122
vt 0.456946 0.757644
vt 0.472248 0.789431
vt 0.308542 0.461008
vt 0.284797 0.378918
vt 0.092272 0.475677
vt 0.035974 0.213721
vt 0.086060 0.214770
vt 0.052640 0.233358
vt 0.162817 0.106359
vt 0.214812 0.667806
vt 0.322825 0.409802
vt 0.462374 0.223761
vt 0.172093 0.076856
vt 0.410463 0.172296
vt 0.994729 0.021604
vt 0.939237 0.401677
vt 0.050430 0.809178
vt 0.064229 0.835095
vt 0.024487 0.848246
vt 0.635315 0.477286
vt 0.654070 0.464582
vt 0.665943 0.445764
vt 0.947611 0.779025
vt 0.990831 0.804072
vt 0.957860 0.834471
vt 0.198606 0.728532
vt 0.233457 0.694150
vt 0.083881 0.232159
vt 0.054606 0.438394
vt 0.982580 0.884144
vt 0.955765 0.595094
vt 0.938298 0.610539
vt 0.204786 0.060309
vt 0.103590 0.498037
vt 0.473786 0.205563
vt 0.083672 0.901118
vt 0.114809 0.481767
vt 0.162997 0.083365
vt 0.201485 0.772086
vt 0.229860 0.719814
vt 0.079554 0.447938
vt 0.308720 0.055017
vt 0.334230 0.023659
vt 0.372377 0.067653
vt 0.123994 0.459738
vt 0.800240 0.362163
vt 0.814143 0.335123
vt 0.813426 0.382041
vt 0.617409 0.951924
vt 0.639298 0.960241
vt 0.607493 0.966444
vt 0.631642 0.976531
vt 0.760063 0.368025
vt 0.783005 0.341472
vt 0.806793 0.326229
vt 0.592683 0.945285
vt 0.801377 0.299998
vt 0.781739 0.307350
vt 0.614680 0.989919
vt 0.755177 0.329695
vt 0.588309 0.979033
vt 0.804860 0.267707
vt 0.819587 0.266291
vt 0.751532 0.346500
vt 0.569933 0.962707
vt 0.764165 0.305170
vt 0.781050 0.283998
vt 0.760434 0.275020
vt 0.805409 0.254587
vt 0.742284 0.313700
vt 0.576449 0.987720
vt 0.730471 0.287259
vt 0.565964 0.989764
vt 0.775273 0.254011
vt 0.969643 0.928011
vt 0.964465 0.902227
vt 0.992762 0.908462
vt 0.993994 0.926912
vt 0.993160 0.949237
vt 0.786905 0.228312
vt 0.773370 0.236073
vt 0.723768 0.277721
vt 0.994016 0.980491
vt 0.957647 0.955531
vt 0.965541 0.978975
vt 0.737609 0.243548
vt 0.956590 0.909159
vt 0.749594 0.212297
vt 0.956473 0.987480
vt 0.725688 0.231921
vt 0.948436 0.941439
vt 0.702733 0.255992
vt 0.700786 0.212428
vt 0.707651 0.197623
vt 0.715280 0.221409
vt 0.736783 0.206115
vt 0.933323 0.903147
vt 0.697019 0.242409
vt 0.691978 0.222574
vt 0.677742 0.211948
vt 0.931504 0.956800
vt 0.754919 0.184691
vt 0.495361 0.859953
vt 0.527405 0.868827
vt 0.516468 0.879249
vt 0.495804 0.877814
vt 0.707406 0.176946
vt 0.533706 0.882804
vt 0.518832 0.903902
vt 0.527231 0.911050
vt 0.662745 0.199878
vt 0.504788 0.894529
vt 0.473778 0.902276
vt 0.501374 0.913108
vt 0.471707 0.914562
vt 0.455945 0.902071
vt 0.661044 0.180768
vt 0.463656 0.933253
vt 0.686520 0.158591
vt 0.624555 0.179079
vt 0.717341 0.394807
vt 0.100085 0.452570
vt 0.169660 0.959013
vt 0.183622 0.979854
vt 0.143217 0.928809
vt 0.335534 0.523088
vt 0.187695 0.039598
vt 0.881994 0.591656
vt 0.963865 0.619622
vt 0.944921 0.626593
vt 0.509445 0.937610
vt 0.034713 0.908644
vt 0.678154 0.159267
vt 0.760363 0.145096
vt 0.667116 0.459326
vt 0.137608 0.482537
vt 0.130214 0.469476
vt 0.783872 0.180312
vt 0.544296 0.814518
vt 0.703125 0.146320
vt 0.323497 0.145806
vt 0.360839 0.091337
vt 0.372314 0.088337
vt 0.644272 0.174121
vt 0.716876 0.410793
vt 0.169267 0.942312
vt 0.197098 0.946386
vt 0.311686 0.132339
vt 0.795455 0.164134
vt 0.772503 0.130389
vt 0.805883 0.144645
vt 0.691293 0.943415
vt 0.685389 0.963352
vt 0.641016 0.926355
vt 0.680336 0.971642
vt 0.587500 0.511776
vt 0.210096 0.804617
vt 0.172995 0.821986
vt 0.313692 0.577550
vt 0.040043 0.539642
vt 0.285285 0.592632
vt 0.638639 0.955054
vt 0.672900 0.987021
vt 0.657535 0.924288
vt 0.296357 0.157920
vt 0.302204 0.118724
vt 0.696522 0.897904
vt 0.318920 0.257661
vt 0.287467 0.174760
vt 0.293662 0.162416
vt 0.671523 0.924384
vt 0.537696 0.987923
vt 0.587853 0.856287
vt 0.584152 0.915094
vt 0.610484 0.920711
vt 0.603220 0.935603
vt 0.562309 0.955882
vt 0.618046 0.947746
vt 0.283742 0.163976
vt 0.227917 0.147666
vt 0.213918 0.125403
vt 0.264950 0.144822
vt 0.204161 0.131802
vt 0.463033 0.202044
vt 0.436450 0.142825
vt 0.179909 0.134572
vt 0.267673 0.049251
vt 0.253268 0.036248
vt 0.275196 0.044192
vt 0.325716 0.230137
vt 0.348141 0.215099
vt 0.304774 0.263042
vt 0.357971 0.130271
vt 0.293760 0.052849
vt 0.303087 0.073907
vt 0.821825 0.151311
vt 0.139267 0.948150
vt 0.106092 0.936105
vt 0.078609 0.920928
vt 0.939812 0.490598
vt 0.974770 0.495122
vt 0.928074 0.498806
vt 0.095992 0.922271
vt 0.320675 0.032210
vt 0.385094 0.109405
vt 0.192599 0.969500
vt 0.475557 0.229630
vt 0.431541 0.576262
vt 0.465907 0.233204
vt 0.483326 0.215945
vt 0.258853 0.751858
vt 0.918881 0.483159
vt 0.905767 0.499666
vt 0.084604 0.934357
vt 0.309531 0.306430
vt 0.946179 0.836163
vt 0.930035 0.781269
vt 0.470677 0.960330
vt 0.495941 0.945658
vt 0.308116 0.094085
vt 0.811876 0.173467
vt 0.655676 0.495309
vt 0.687616 0.500212
vt 0.478643 0.980677
vt 0.151040 0.912397
vt 0.459869 0.263651
vt 0.694031 0.486727
vt 0.018568 0.895232
vt 0.146059 0.471731
vt 0.118833 0.094841
vt 0.030964 0.922340
vt 0.712006 0.500375
vt 0.705850 0.509566
vt 0.699835 0.430662
vt 0.221031 0.829910
vt 0.318034 0.311711
vt 0.263858 0.733162
vt 0.302522 0.941608
vt 0.283855 0.934739
vt 0.193496 0.987022
vt 0.801575 0.205933
vt 0.150894 0.076943
vt 0.065792 0.942272
vt 0.085903 0.951266
vt 0.459145 0.375086
vt 0.878880 0.601683
vt 0.721499 0.520059
vt 0.510522 0.723362
vt 0.265606 0.782258
vt 0.238679 0.802402
vt 0.224454 0.777553
vt 0.545188 0.864221
vt 0.456436 0.836714
vt 0.023109 0.950065
vt 0.376574 0.751060
vt 0.373917 0.786546
vt 0.281508 0.793372
vt 0.459024 0.851303
vt 0.615882 0.536172
vt 0.316288 0.023428
vt 0.839667 0.130800
vt 0.300782 0.101590
vt 0.287591 0.087395
vt 0.360264 0.791789
vt 0.233415 0.928227
vt 0.005000 0.954771
vt 0.808897 0.207236
vt 0.580044 0.567758
vt 0.274572 0.928508
vt 0.374932 0.964385
vt 0.546789 0.829863
vt 0.865497 0.342762
vt 0.795673 0.214414
vt 0.671571 0.514811
vt 0.694231 0.524916
vt 0.874510 0.336180
vt 0.554277 0.740084
vt 0.562352 0.799652
vt 0.614032 0.582855
vt 0.832062 0.788100
vt 0.840320 0.829519
vt 0.815774 0.812288
vt 0.879985 0.211046
vt 0.842281 0.266117
vt 0.869789 0.209310
vt 0.803879 0.825348
vt 0.738517 0.818062
vt 0.833562 0.765732
vt 0.780928 0.768531
vt 0.769105 0.789543
vt 0.653592 0.552868
vt 0.608475 0.812858
vt 0.143316 0.881416
vt 0.208730 0.870445
vt 0.211063 0.883243
vt 0.803139 0.785564
vt 0.803184 0.785751
vt 0.788210 0.786930
vt 0.803353 0.785590
vt 0.803538 0.785354
vt 0.582380 0.824497
vt 0.665581 0.833775
vt 0.267133 0.834422
vt 0.260962 0.856540
vt 0.893029 0.198941
vt 0.283541 0.938127
vt 0.386996 0.976629
vt 0.287597 0.952254
vt 0.926304 0.221968
vt 0.900415 0.188477
vt 0.281047 0.971540
vt 0.305744 0.973251
vt 0.157887 0.907091
vt 0.082853 0.308023
vt 0.106300 0.311461
vt 0.112252 0.322938
vt 0.132662 0.906741
vt 0.746163 0.914257
vt 0.713353 0.891232
vt 0.940571 0.234329
vt 0.931931 0.212605
vt 0.875921 0.164004
vt 0.293286 0.832197
vt 0.957250 0.148052
vt 0.664803 0.836912
vt 0.908396 0.185311
vt 0.308911 0.841440
vt 0.982052 0.142870
vt 0.951562 0.237999
vt 0.930445 0.132975
vt 0.935141 0.345044
vt 0.938976 0.343646
vt 0.900169 0.159625
vt 0.173889 0.910333
vt 0.052775 0.323970
vt 0.632513 0.875129
vt 0.949266 0.113688
vt 0.683183 0.138976
vt 0.698416 0.136312
vt 0.683765 0.152503
vt 0.036091 0.793540
vt 0.039821 0.811447
vt 0.034983 0.816548
vt 0.074125 0.805578
vt 0.955393 0.326092
vt 0.039315 0.814634
vt 0.652724 0.904192
vt 0.952234 0.329558
vt 0.300970 0.875032
vt 0.927000 0.914043
vt 0.929349 0.939637
vt 0.896698 0.919903
vt 0.679314 0.149602
vt 0.006680 0.292562
vt 0.878727 0.086769
vt 0.879797 0.119875
vt 0.835418 0.091516
vt 0.892703 0.092583
vt 0.274029 0.901579
vt 0.913590 0.975727
vt 0.910310 0.987932
vt 0.861430 0.956127
vt 0.851178 0.969293
vt 0.932160 0.470352
vt 0.916301 0.463597
vt 0.933489 0.451015
vt 0.208038 0.994993
vt 0.203562 0.984812
vt 0.226545 0.979256
vt 0.276915 0.913696
vt 0.850426 0.041172
vt 0.850725 0.062106
vt 0.862948 0.975613
vt 0.862612 0.118096
vt 0.181761 0.913860
vt 0.907371 0.123498
vt 0.212528 0.965426
vt 0.112051 0.409871
vt 0.089100 0.441855
vt 0.114548 0.392779
vt 0.864914 0.986152
vt 0.199420 0.961788
vt 0.209067 0.964208
vt 0.717552 0.631902
vt 0.699249 0.617377
vt 0.719402 0.606404
vt 0.671025 0.115433
vt 0.666221 0.095818
vt 0.681419 0.096430
vt 0.693022 0.117098
vt 0.692965 0.587251
vt 0.707096 0.098996
vt 0.721494 0.122841
vt 0.642464 0.124322
vt 0.652813 0.116972
vt 0.684058 0.598062
vt 0.810548 0.953581
vt 0.817212 0.945586
vt 0.659114 0.132293
vt 0.470785 0.059505
vt 0.453600 0.036586
vt 0.471704 0.031317
vt 0.856024 0.941258
vt 0.685439 0.073656
vt 0.050373 0.952612
vt 0.088944 0.955834
vt 0.103525 0.985679
vt 0.928884 0.091278
vt 0.833957 0.069519
vt 0.944216 0.466930
vt 0.672248 0.071334
vt 0.657462 0.067315
vt 0.613197 0.863398
vt 0.609363 0.877627
vt 0.672796 0.630861
vt 0.115098 0.411338
vt 0.113273 0.411696
vt 0.115811 0.417248
vt 0.120451 0.406318
vt 0.122651 0.410797
vt 0.121075 0.412118
vt 0.203392 0.962784
vt 0.200458 0.959787
vt 0.201339 0.958785
vt 0.207630 0.958510
vt 0.228186 0.951683
vt 0.208486 0.954035
vt 0.115540 0.946652
vt 0.099666 0.961627
vt 0.037811 0.753500
vt 0.055445 0.738717
vt 0.041486 0.763594
vt 0.045805 0.737621
vt 0.130814 0.363934
vt 0.111652 0.341821
vt 0.123412 0.344919
vt 0.030978 0.755406
vt 0.038560 0.764115
vt 0.008758 0.782993
vt 0.014824 0.762876
vt 0.098713 0.342412
vt 0.115025 0.361873
vt 0.131787 0.347018
vt 0.124946 0.341476
vt 0.125343 0.329841
vt 0.013057 0.747933
vt 0.127505 0.334924
vt 0.050791 0.780406
vt 0.049201 0.771341
vt 0.048803 0.775801
vt 0.056002 0.770203
vt 0.637375 0.902933
vt 0.862123 0.933566
vt 0.044165 0.782567
vt 0.038460 0.742284
vt 0.037517 0.975916
vt 0.071644 0.989925
vt 0.611664 0.882656
vt 0.034186 0.773074
vt 0.937621 0.094428
vt 0.593782 0.882439
vt 0.606959 0.899684
vt 0.620742 0.898762
vt 0.063121 0.752831
vt 0.590432 0.912442
vt 0.634260 0.909889
vt 0.943685 0.080198
vt 0.973390 0.460527
vt 0.965280 0.471100
vt 0.970440 0.432621
vt 0.978292 0.447153
vt 0.938323 0.428466
vt 0.958276 0.416721
vt 0.916869 0.426561
vt 0.208389 0.944331
vt 0.061804 0.945791
vt 0.147889 0.361609
vt 0.135846 0.338183
vt 0.141856 0.339843
vt 0.107782 0.401633
vt 0.094779 0.380343
vt 0.438806 0.057008
vt 0.087152 0.364857
vt 0.136681 0.406799
vt 0.947505 0.403859
vt 0.262497 0.974603
vt 0.138845 0.391163
vt 0.278348 0.954015
vt 0.252508 0.935603
vt 0.914653 0.450755
vt 0.276616 0.995000
vt 0.861364 0.155615
vt 0.656563 0.611251
vt 0.707122 0.641336
vt 0.848621 0.119712
vt 0.736830 0.101452
vt 0.653632 0.645293
vt 0.149743 0.405563
vt 0.744782 0.120388
vt 0.740767 0.130271
vt 0.778997 0.127488
vt 0.665416 0.584382
vt 0.679753 0.652551
vt 0.440671 0.073900
vt 0.418705 0.066815
vt 0.167835 0.393453
vt 0.635305 0.618497
vt 0.172075 0.373250
vt 0.630856 0.659420
vt 0.624539 0.633771
vt 0.726761 0.382450
vt 0.730138 0.357342
vt 0.752872 0.374793
vt 0.743711 0.346619
vt 0.740328 0.316917
vt 0.748295 0.394475
vt 0.725735 0.403949
vt 0.191859 0.387493
vt 0.603254 0.647186
vt 0.493174 0.092679
vt 0.589534 0.628048
vt 0.747514 0.425157
vt 0.972513 0.102749
vt 0.608473 0.672629
vt 0.502210 0.044982
vt 0.783575 0.387663
vt 0.241704 0.397319
vt 0.724851 0.436580
vt 0.807142 0.424894
vt 0.743354 0.452882
vt 0.512519 0.086727
vt 0.582008 0.586144
vt 0.756596 0.465608
vt 0.540657 0.580228
vt 0.559361 0.596173
vt 0.556389 0.573733
vt 0.568255 0.539217
vt 0.703058 0.438803
vt 0.819766 0.466029
vt 0.566189 0.664459
vt 0.063256 0.378164
vt 0.056131 0.400639
vt 0.035606 0.386951
vt 0.727061 0.461398
vt 0.534051 0.575792
vt 0.705687 0.463051
vt 0.782624 0.459311
vt 0.780110 0.495722
vt 0.759915 0.483734
vt 0.546610 0.649588
vt 0.732733 0.476824
vt 0.041385 0.349761
vt 0.545809 0.622110
vt 0.768404 0.500258
vt 0.729548 0.500158
vt 0.540752 0.671127
vt 0.020515 0.347031
vt 0.699349 0.486360
vt 0.749165 0.509827
vt 0.506870 0.576477
vt 0.512981 0.627036
vt 0.780487 0.518311
vt 0.513761 0.649575
vt 0.764310 0.532185
vt 0.732085 0.524168
vt 0.804073 0.488472
vt 0.793140 0.543968
vt 0.811725 0.556079
vt 0.779398 0.555044
vt 0.747428 0.543383
vt 0.487232 0.654629
vt 0.485011 0.627959
vt 0.472051 0.641867
vt 0.470559 0.607576
vt 0.762639 0.569551
vt 0.462074 0.629660
vt 0.816974 0.591070
vt 0.727780 0.546667
vt 0.749885 0.581542
vt 0.383055 0.597336
vt 0.406324 0.584007
vt 0.780878 0.597150
vt 0.793045 0.581767
vt 0.060997 0.674528
vt 0.030532 0.672561
vt 0.092225 0.654327
vt 0.012672 0.596401
vt 0.005157 0.576608
vt 0.029224 0.573546
vt 0.422207 0.623596
vt 0.767333 0.607630
vt 0.357631 0.608487
vt 0.035902 0.591085
vt 0.023826 0.552991
vt 0.065994 0.561672
vt 0.061534 0.583412
vt 0.088042 0.537030
vt 0.385985 0.617886
vt 0.057562 0.533142
vt 0.036895 0.639770
vt 0.014215 0.610628
vt 0.095166 0.523945
vt 0.041068 0.610231
vt 0.094542 0.553146
vt 0.117385 0.527475
vt 0.079144 0.579168
vt 0.112255 0.623040
vt 0.125156 0.647263
vt 0.074678 0.597180
vt 0.103563 0.593392
vt 0.361906 0.725409
vt 0.361600 0.704449
vt 0.099910 0.572936
vt 0.115017 0.551213
vt 0.357752 0.636839
vt 0.349301 0.713825
vt 0.764644 0.117938
vt 0.725803 0.080745
vt 0.699083 0.078070
vt 0.398997 0.672848
vt 0.140188 0.613687
vt 0.165997 0.642329
vt 0.126851 0.494376
vt 0.423257 0.683989
vt 0.707216 0.064799
vt 0.642473 0.049197
vt 0.391405 0.660258
vt 0.415687 0.660578
vt 0.397901 0.647353
vt 0.805775 0.110556
vt 0.829082 0.136877
vt 0.796435 0.130044
vt 0.759262 0.103010
vt 0.448371 0.678021
vt 0.135177 0.558156
vt 0.120131 0.579412
vt 0.828401 0.103218
vt 0.441470 0.629570
vt 0.513766 0.710849
vt 0.476764 0.760867
vt 0.572616 0.742493
vt 0.784311 0.105210
vt 0.750485 0.082749
vt 0.739910 0.067540
vt 0.769208 0.084084
vt 0.414988 0.642025
vt 0.811621 0.079158
vt 0.774825 0.062787
vt 0.140017 0.585015
vt 0.796328 0.088485
vt 0.823646 0.060712
vt 0.792974 0.074123
vt 0.358967 0.626323
s 1
f 7/1/1 6/2/2 8/3/3
f 7/1/4 8/3/5 9/4/6
f 9/4/6 8/3/5 224/5/7
s 0
f 224/5/8 8/3/8 6/2/8
s 1
f 265/6/9 6/2/2 7/1/1
s 0
f 265/6/10 7/1/10 9/4/10
f 10/7/11 224/5/11 6/2/11
f 545/8/12 649/9/12 640/10/12
s 1
f 19/11/13 18/12/14 662/13/15
f 19/11/16 21/14/17 20/15/18
s 0
f 30/16/19 28/17/19 27/18/19
s 1
f 29/19/20 27/20/21 31/21/22
s 0
f 27/18/23 28/17/23 730/22/23
s 1
f 29/23/24 31/24/25 30/16/26
f 27/20/21 730/25/27 31/21/22
f 703/26/28 710/27/29 711/28/30
s 0
f 33/29/31 42/30/31 43/31/31
s 1
f 35/32/32 34/33/32 43/31/32
f 33/29/33 43/31/34 34/33/35
f 40/34/36 37/35/37 39/36/38
f 36/37/39 37/35/37 40/34/36
f 41/38/40 40/39/41 713/40/42
f 37/41/43 36/42/44 726/43/45
f 41/38/40 713/40/42 38/44/46
s 0
f 41/38/47 38/44/47 33/45/47
f 38/44/48 36/42/48 33/45/48
f 36/37/49 40/34/49 41/46/49
f 33/29/50 36/47/50 42/30/50
f 42/30/51 36/47/51 41/48/51
f 646/49/52 48/50/52 613/51/52
f 613/52/53 48/53/53 49/54/53
s 1
f 56/55/54 58/56/55 57/57/56
s 0
f 193/58/57 199/59/57 62/60/57
f 61/61/58 193/62/58 62/63/58
s 1
f 193/62/59 61/61/60 196/64/61
s 0
f 196/64/62 61/61/62 199/65/62
s 1
f 79/66/63 67/67/63 122/68/63
s 0
f 80/69/64 75/70/64 128/71/64
s 1
f 70/72/65 72/73/66 71/74/67
f 70/72/65 71/74/67 119/75/68
s 0
f 73/76/69 71/74/69 72/73/69
s 1
f 70/72/70 88/77/70 69/78/70
f 77/79/71 87/80/72 72/73/73
s 0
f 79/66/74 69/78/74 88/77/74
f 70/72/75 69/78/75 72/73/75
s 1
f 69/78/76 78/81/77 77/79/78
f 82/82/79 72/73/73 87/80/72
f 90/83/80 77/79/78 68/84/81
f 69/78/76 79/66/82 78/81/77
f 72/73/73 69/78/83 77/79/71
s 0
f 70/72/84 119/75/84 88/77/84
s 1
f 75/70/85 73/76/86 76/85/87
f 77/79/78 90/83/80 87/80/88
f 68/84/81 78/81/77 125/86/89
f 77/79/78 78/81/77 68/84/81
f 73/76/86 72/73/90 76/85/87
f 85/87/91 84/88/92 126/89/93
s 0
f 140/90/94 84/91/94 85/92/94
f 87/93/95 84/91/95 83/94/95
s 1
f 89/95/96 87/80/97 83/96/98
s 0
f 89/97/99 83/94/99 84/91/99
s 1
f 126/98/93 84/99/92 143/100/100
f 89/95/101 82/82/102 87/80/97
f 71/74/67 73/76/103 75/70/104
f 64/101/105 75/70/85 139/102/106
f 75/70/85 76/85/87 139/102/107
f 125/86/89 78/81/77 79/66/82
s 0
f 94/103/108 89/97/108 93/104/108
s 1
f 71/74/67 75/70/104 119/75/68
s 0
f 89/97/109 84/91/109 140/90/109
f 119/75/110 79/66/110 88/77/110
s 1
f 72/73/111 82/82/112 94/105/113
f 82/82/114 89/95/115 94/105/113
f 94/106/116 93/107/117 121/108/118
f 112/109/119 121/108/120 117/110/121
s 0
f 99/111/122 96/112/122 97/113/122
f 96/112/123 99/111/123 98/114/123
f 107/115/124 121/116/124 98/117/124
f 65/118/125 121/116/125 107/115/125
s 1
f 99/119/126 121/116/127 100/120/128
s 0
f 107/115/129 98/117/129 99/121/129
s 1
f 121/116/127 65/118/130 100/120/128
s 0
f 102/122/131 103/123/131 101/124/131
f 105/125/132 101/124/132 103/123/132
s 1
f 109/126/133 106/127/134 103/128/135
f 103/128/136 106/127/137 105/129/138
f 107/130/139 105/129/138 116/131/140
f 108/132/141 106/133/142 109/134/143
f 116/131/140 105/129/138 106/127/137
f 109/126/144 103/128/145 111/135/146
f 107/130/139 116/131/140 96/136/147
s 0
f 104/137/148 103/138/148 102/139/148
f 110/140/149 111/141/149 104/137/149
f 111/141/150 103/138/150 104/137/150
f 117/142/151 65/118/151 107/115/151
s 1
f 120/143/152 112/144/152 107/130/152
f 116/145/153 106/146/142 108/147/141
f 108/132/154 109/134/154 131/148/154
s 0
f 114/149/155 66/150/155 96/112/155
s 1
f 96/112/147 116/145/140 114/149/156
s 0
f 102/139/157 105/151/157 104/137/157
f 97/113/158 96/112/158 66/150/158
f 105/129/159 107/130/159 104/152/159
f 107/115/160 112/153/160 117/142/160
s 1
f 90/83/80 68/84/81 125/86/89
s 0
f 107/130/161 96/136/161 108/154/161
s 1
f 114/149/162 112/155/163 98/156/164
s 0
f 98/157/165 121/158/165 115/159/165
s 1
f 126/98/93 143/100/100 135/160/166
s 0
f 143/100/167 84/99/167 151/161/167
f 128/71/168 75/70/168 64/101/168
s 1
f 76/85/169 72/73/111 94/105/113
f 96/162/170 98/163/171 112/164/172
f 115/159/173 112/155/174 97/165/175
f 112/155/174 114/149/176 97/165/175
s 0
f 107/166/177 99/119/177 100/120/177
f 104/167/178 65/168/178 118/169/178
f 118/169/179 65/168/179 117/170/179
f 100/171/180 118/169/180 117/170/180
f 118/172/181 100/173/181 93/174/181
f 93/174/182 100/173/182 65/175/182
s 1
f 121/108/127 99/176/126 97/177/183
f 114/149/184 98/156/164 66/150/185
f 115/159/186 121/158/187 112/155/188
s 0
f 107/130/189 108/154/189 120/143/189
f 104/152/190 107/130/190 100/178/190
s 1
f 117/110/191 121/108/191 93/107/191
f 90/83/80 125/86/89 113/179/192
f 128/71/193 92/180/194 80/69/195
s 0
f 100/171/196 117/170/196 104/181/196
f 65/168/197 104/167/197 93/182/197
f 104/167/198 117/183/198 93/182/198
s 1
f 129/184/199 125/86/89 63/185/200
s 0
f 66/150/201 98/156/201 97/113/201
f 98/157/202 115/159/202 97/165/202
f 124/186/203 131/187/203 111/135/203
s 1
f 87/80/88 90/83/80 113/179/192
f 113/179/204 125/86/205 123/188/206
f 121/108/118 97/177/207 94/106/116
s 0
f 101/189/208 111/190/208 110/191/208
s 1
f 142/192/209 85/87/210 126/89/211
s 0
f 151/161/212 84/99/212 87/193/212
s 1
f 125/86/89 79/66/82 63/185/200
s 0
f 80/69/213 92/180/213 75/70/213
s 1
f 114/149/214 116/145/215 120/194/216
s 0
f 120/194/217 116/145/217 112/164/217
f 116/145/218 108/147/218 112/164/218
s 1
f 108/147/219 96/162/170 112/164/172
f 124/195/220 111/196/220 101/124/220
s 0
f 101/189/221 110/191/221 102/197/221
f 94/198/222 97/165/222 114/149/222
s 1
f 85/87/210 142/192/209 146/199/223
f 113/179/224 151/200/225 87/80/226
s 0
f 102/197/227 110/191/227 124/195/227
s 1
f 119/75/228 75/70/229 185/201/230
f 94/198/231 114/149/214 120/194/232
s 0
f 131/187/233 109/126/233 111/135/233
f 105/125/234 102/197/234 124/195/234
s 1
f 124/202/235 110/140/236 104/137/237
f 123/188/238 125/86/239 129/184/240
s 0
f 67/67/241 79/66/241 185/201/241
s 1
f 119/75/228 185/201/242 79/66/243
s 0
f 120/203/244 108/132/244 132/204/244
f 101/124/245 105/125/245 124/195/245
f 89/97/246 140/90/246 93/104/246
s 1
f 135/160/247 134/205/248 213/206/249
f 190/207/250 60/208/251 138/209/252
s 0
f 132/210/253 131/187/253 124/186/253
f 133/211/254 123/188/254 182/212/254
s 1
f 123/188/238 129/184/255 182/212/256
s 0
f 79/66/257 122/68/257 63/185/257
s 1
f 191/213/258 138/209/252 64/214/259
f 124/202/235 104/137/237 200/215/260
s 0
f 123/188/261 133/211/261 148/216/261
s 1
f 94/217/262 120/203/263 132/204/264
f 137/218/265 135/160/247 213/206/266
f 113/179/204 123/188/206 148/216/267
f 76/85/169 94/105/113 236/219/268
s 0
f 132/204/269 108/132/269 131/148/269
f 197/220/270 132/210/270 124/186/270
s 1
f 201/221/271 118/172/272 93/174/273
s 0
f 150/222/274 135/160/274 137/218/274
s 1
f 122/68/275 145/223/276 63/185/277
f 215/224/278 64/214/279 138/209/252
s 0
f 104/225/280 118/172/280 200/226/280
f 134/205/281 135/160/281 143/100/281
s 1
f 92/180/194 149/227/282 185/201/283
f 94/217/262 132/204/264 236/228/284
s 0
f 75/70/285 92/180/285 185/201/285
s 1
f 200/226/286 118/172/287 201/221/288
f 138/209/252 60/208/251 215/224/278
f 76/85/169 236/219/268 139/102/289
f 204/229/290 208/230/291 168/231/292
f 157/232/293 156/233/294 154/234/295
f 157/232/293 154/234/295 155/235/296
f 162/236/297 159/237/298 163/238/299
s 0
f 153/239/300 159/240/300 160/241/300
f 159/237/301 162/236/301 160/242/301
s 1
f 156/233/302 157/232/303 161/243/304
f 220/244/305 163/238/299 159/237/298
f 154/245/295 168/231/306 164/246/307
f 168/231/308 154/245/295 156/247/294
f 172/248/309 162/236/297 163/238/299
f 161/249/304 157/250/303 175/251/310
f 155/252/296 164/246/307 173/253/311
f 154/245/295 164/246/307 155/252/296
s 0
f 168/231/312 156/247/312 166/254/312
f 169/255/313 166/256/313 152/257/313
s 1
f 171/258/314 166/254/315 156/247/316
f 156/233/317 161/243/318 205/259/319
f 187/260/320 175/251/321 157/250/293
f 168/231/322 208/230/323 173/253/324
s 0
f 166/254/325 170/261/325 152/262/325
f 152/263/326 170/264/326 156/233/326
s 1
f 220/265/305 159/240/298 153/239/327
f 186/266/328 158/267/329 161/249/318
f 208/230/291 204/229/290 183/268/330
s 0
f 156/233/331 205/259/331 152/263/331
f 158/269/332 160/242/332 205/259/332
s 1
f 184/270/333 172/248/309 220/244/305
f 161/243/318 158/269/329 205/259/319
f 162/236/297 172/248/309 177/271/334
f 160/241/335 158/267/329 186/266/328
f 157/250/293 155/272/296 187/260/320
f 152/263/336 174/273/337 169/274/338
f 169/275/339 171/276/340 170/277/341
s 0
f 171/276/342 156/278/342 170/277/342
f 170/261/343 166/254/343 178/279/343
s 1
f 166/254/344 171/258/314 178/279/345
f 171/276/340 169/275/339 178/280/346
s 0
f 178/280/347 169/275/347 174/281/347
f 169/255/348 170/282/348 179/283/348
f 170/282/349 178/284/349 179/283/349
f 178/280/350 174/281/350 179/285/350
s 1
f 166/256/351 169/255/352 179/283/353
s 0
f 153/239/354 160/241/354 186/266/354
f 222/286/355 153/239/355 181/287/355
s 1
f 164/246/307 168/231/306 173/253/311
f 166/254/351 221/288/356 168/231/357
f 220/244/305 172/248/309 163/238/299
f 220/265/305 153/239/327 222/286/358
f 148/216/359 151/200/225 113/179/224
s 0
f 67/67/360 185/201/360 145/223/360
f 181/289/361 126/98/361 135/160/361
f 135/160/362 150/222/362 181/289/362
s 1
f 179/290/363 174/273/337 152/263/336
f 152/263/336 205/259/364 179/290/363
s 0
f 209/291/365 85/87/365 146/199/365
f 205/259/366 160/242/366 162/236/366
s 1
f 248/292/367 126/89/368 181/293/369
s 0
f 145/223/370 122/68/370 67/67/370
s 1
f 149/227/282 92/180/194 128/71/193
f 186/266/371 161/249/372 175/251/321
f 187/260/320 155/272/296 192/294/373
f 166/254/351 179/295/353 188/296/374
s 0
f 148/216/375 133/211/375 198/297/375
f 128/71/376 64/101/376 149/227/376
s 1
f 188/296/374 221/288/356 166/254/351
f 177/271/334 172/248/309 184/270/333
s 0
f 189/298/377 185/201/377 216/299/377
s 1
f 190/207/250 138/209/252 191/213/258
s 0
f 133/211/378 182/212/378 198/297/378
s 1
f 182/212/379 129/184/380 223/300/381
f 236/228/382 132/204/264 199/301/383
s 0
f 62/302/384 124/186/384 61/303/384
s 1
f 140/304/385 85/87/386 229/305/387
f 229/305/388 85/87/389 209/291/390
f 129/184/380 230/306/391 223/300/381
f 129/184/380 63/185/392 230/306/391
s 0
f 197/220/393 124/186/393 62/302/393
s 1
f 200/226/286 201/221/288 203/307/394
s 0
f 203/308/395 201/309/395 202/310/395
s 1
f 219/311/396 201/221/397 93/174/273
s 0
f 199/301/398 193/312/398 236/228/398
s 1
f 197/313/399 62/314/399 200/315/399
f 124/186/235 200/315/260 202/310/400
f 61/303/401 124/186/402 202/310/403
f 186/266/371 175/251/321 180/316/404
f 180/316/404 175/251/321 187/260/320
s 0
f 183/268/405 204/229/405 210/317/405
s 1
f 177/271/334 184/270/333 211/318/406
f 198/297/407 182/212/408 223/300/409
s 0
f 202/310/410 200/315/410 62/314/410
f 248/292/411 142/192/411 126/89/411
s 1
f 192/319/373 155/252/296 173/253/311
f 142/192/209 209/291/390 146/199/223
s 0
f 134/205/412 143/100/412 213/206/412
f 185/201/413 149/227/413 216/299/413
f 199/65/414 132/320/414 197/321/414
f 202/310/415 62/314/415 203/308/415
s 1
f 187/260/320 192/294/373 180/316/404
s 0
f 150/222/416 137/218/416 233/322/416
s 1
f 185/201/417 189/298/418 239/323/419
s 0
f 212/324/420 60/208/420 190/207/420
f 149/325/421 64/214/421 215/224/421
f 60/208/422 212/324/422 215/224/422
s 1
f 139/102/289 236/219/268 191/326/423
f 236/327/424 193/62/59 196/64/61
f 202/310/403 201/309/425 219/328/426
f 188/296/427 179/295/428 221/288/429
s 0
f 245/329/430 212/324/430 190/207/430
s 1
f 197/330/431 200/331/432 219/332/433
s 0
f 199/59/434 61/333/434 219/332/434
s 1
f 219/328/426 61/303/401 202/310/403
s 0
f 210/317/435 204/229/435 221/288/435
s 1
f 179/295/436 205/334/437 221/288/429
f 243/335/438 220/244/305 222/336/358
s 0
f 196/64/439 199/65/439 197/321/439
s 1
f 200/331/440 203/337/441 219/332/442
f 203/337/441 62/60/443 219/332/444
s 0
f 199/59/445 219/332/445 62/60/445
s 1
f 93/174/446 140/304/447 219/311/448
f 209/291/390 142/192/209 248/292/367
f 186/266/371 180/316/404 242/338/449
f 192/319/373 173/253/311 242/339/449
f 143/340/450 151/341/451 665/342/452
f 230/306/453 63/185/277 145/223/276
f 191/326/454 64/101/454 139/102/454
f 162/236/297 177/271/334 211/318/406
f 228/343/455 210/317/456 221/288/457
s 0
f 240/344/458 181/289/458 150/222/458
f 150/222/459 233/322/459 240/344/459
s 1
f 226/345/460 213/206/461 231/346/462
f 196/347/463 197/348/431 219/349/433
f 140/304/385 229/305/387 235/350/464
f 231/351/465 198/297/407 223/300/409
s 0
f 231/351/466 223/300/466 226/352/466
s 1
f 226/352/467 223/300/468 241/353/469
f 239/323/470 189/298/471 216/299/472
f 181/287/473 153/239/473 237/354/474
s 0
f 221/288/475 204/229/475 168/231/475
f 222/355/476 181/356/476 240/357/476
s 1
f 137/218/477 213/206/478 234/358/479
f 196/347/61 219/349/480 236/359/424
f 140/304/447 235/350/481 219/311/482
f 248/292/367 229/305/388 209/291/390
s 0
f 210/317/483 228/343/483 237/360/483
f 184/270/484 220/244/484 211/318/484
s 1
f 236/361/485 530/362/486 191/363/487
f 228/343/455 221/288/457 59/364/488
f 230/306/453 145/223/276 543/365/489
s 0
f 185/201/490 543/365/490 145/223/490
s 1
f 208/230/291 183/268/330 242/339/491
f 244/366/492 515/367/493 228/343/494
s 0
f 215/224/495 212/324/495 510/368/495
s 1
f 510/368/496 227/369/497 504/370/498
s 0
f 190/207/499 191/213/499 245/329/499
s 1
f 535/371/500 248/292/367 181/293/369
s 0
f 153/239/501 186/266/501 237/354/501
f 502/372/502 205/334/502 162/373/502
s 1
f 243/374/503 222/375/504 249/376/505
s 0
f 533/377/506 544/378/506 532/379/506
s 1
f 241/353/469 223/300/507 246/380/508
f 183/268/330 210/317/509 242/339/491
s 0
f 227/369/510 510/368/510 212/324/510
f 219/349/511 235/381/511 530/382/511
s 1
f 180/316/404 192/294/373 242/338/449
f 242/339/512 173/253/324 208/230/323
f 243/335/438 211/318/513 220/244/305
s 0
f 491/383/514 544/384/514 533/385/514
s 1
f 521/386/515 223/300/516 230/306/517
s 0
f 236/359/518 219/349/518 530/382/518
s 1
f 543/365/519 185/201/417 239/323/419
f 229/305/388 248/292/367 247/387/520
s 0
f 502/388/521 162/389/521 211/390/521
s 1
f 533/377/522 532/379/523 226/352/524
s 0
f 250/391/525 253/392/525 252/393/525
f 251/394/526 485/395/526 250/391/526
f 253/392/527 250/391/527 485/395/527
f 251/394/528 250/391/528 254/396/528
f 271/397/529 458/398/529 273/399/529
s 1
f 259/400/530 261/401/531 258/402/532
f 289/403/533 263/404/534 264/405/535
f 267/406/536 268/407/537 266/408/538
s 0
f 269/409/539 266/408/539 268/407/539
s 1
f 269/410/540 268/411/540 270/412/540
s 0
f 266/408/541 288/413/541 271/414/541
s 1
f 268/407/537 267/406/536 271/414/542
s 0
f 266/408/543 271/414/543 267/406/543
s 1
f 274/415/544 268/416/537 271/417/542
f 264/405/535 263/404/534 268/416/537
f 264/405/535 268/416/537 274/415/544
s 0
f 271/397/545 273/399/545 274/418/545
s 1
f 458/398/546 456/419/546 273/399/546
s 0
f 273/399/547 456/419/547 274/418/547
s 1
f 269/410/548 270/412/549 284/420/550
f 285/421/551 284/420/552 270/412/549
s 0
f 280/422/553 263/423/553 286/424/553
s 1
f 275/425/554 291/426/555 276/427/556
s 0
f 285/421/557 270/412/557 268/411/557
f 268/416/558 263/404/558 285/428/558
f 258/402/559 277/429/559 260/430/559
s 1
f 285/431/560 261/432/561 277/433/562
s 0
f 261/432/563 260/434/563 277/433/563
f 277/429/564 258/402/564 278/435/564
f 279/436/565 258/437/565 260/438/565
f 285/431/566 290/439/566 260/440/566
s 1
f 285/431/567 277/433/568 290/439/569
s 0
f 469/441/570 258/442/570 279/443/570
f 260/438/571 290/444/571 279/436/571
s 1
f 290/445/569 277/429/568 281/446/572
f 281/446/573 277/429/574 278/435/575
f 278/435/576 258/402/532 261/401/531
f 281/447/577 261/448/561 262/449/578
s 0
f 260/440/579 261/450/579 259/451/579
s 1
f 271/414/580 288/413/581 284/452/582
s 0
f 281/447/583 259/453/583 258/454/583
s 1
f 288/455/584 269/456/548 284/457/585
s 0
f 262/449/586 259/453/586 281/447/586
f 463/458/587 284/420/587 285/421/587
f 264/459/588 274/418/588 290/445/588
f 260/440/589 259/451/589 285/431/589
s 1
f 261/401/561 281/446/577 278/435/575
s 0
f 263/460/590 283/461/590 286/462/590
s 1
f 261/448/561 285/428/560 262/449/578
s 0
f 281/463/591 258/442/591 469/441/591
f 262/449/592 285/428/592 263/404/592
s 1
f 276/427/593 291/426/593 287/464/593
s 0
f 461/465/594 285/431/594 259/451/594
s 1
f 283/466/595 263/404/534 289/403/533
s 0
f 264/467/596 275/468/596 289/469/596
f 275/468/597 276/470/597 289/469/597
s 1
f 281/446/598 264/459/599 290/445/600
s 0
f 259/451/601 262/471/601 461/465/601
f 463/472/602 269/456/602 288/455/602
f 290/445/603 274/418/603 456/419/603
f 262/473/604 263/423/604 280/422/604
f 461/465/605 463/474/605 285/431/605
s 1
f 465/475/606 484/476/606 257/477/606
f 297/478/607 298/479/608 423/480/609
s 0
f 301/481/610 300/482/610 414/483/610
f 412/484/611 302/485/611 416/486/611
f 414/483/612 300/482/612 302/485/612
f 302/485/613 403/487/613 416/486/613
f 416/486/614 403/487/614 299/488/614
s 1
f 398/489/615 383/490/616 366/491/617
f 304/492/618 305/493/619 392/494/620
s 0
f 311/495/621 310/496/621 312/497/621
f 311/495/622 312/497/622 314/498/622
f 313/499/623 312/497/623 310/496/623
f 310/496/624 311/495/624 314/498/624
f 312/497/625 313/499/625 314/498/625
s 1
f 310/496/626 314/498/627 338/500/628
f 319/501/629 317/502/630 318/503/631
f 317/502/632 339/504/633 322/505/634
f 317/502/635 319/501/636 339/504/637
f 320/506/638 317/502/632 322/505/634
f 318/503/631 317/502/630 335/507/639
f 320/506/638 322/505/634 341/508/640
f 317/502/630 320/506/641 335/507/639
f 320/506/638 341/508/642 344/509/643
s 0
f 325/510/644 324/511/644 326/512/644
f 331/513/645 326/512/645 327/514/645
f 327/514/646 326/512/646 324/511/646
f 326/512/647 331/513/647 325/510/647
f 328/515/648 327/514/648 329/516/648
f 331/513/649 327/514/649 328/515/649
f 327/514/650 324/511/650 325/510/650
s 1
f 328/515/651 339/504/652 319/501/653
s 0
f 321/517/654 323/518/654 318/503/654
s 1
f 338/519/655 331/513/656 330/520/657
f 337/521/658 336/522/659 334/523/660
f 321/517/661 318/503/631 335/507/639
f 322/505/662 333/524/663 354/525/664
s 0
f 350/526/665 331/513/665 328/515/665
s 1
f 334/523/660 318/503/666 323/518/667
f 334/523/660 323/518/667 337/521/658
f 341/508/668 322/505/662 354/525/664
f 339/504/669 333/524/670 322/505/671
s 0
f 314/498/672 313/499/672 316/527/672
s 1
f 325/510/673 331/513/656 338/519/674
s 0
f 318/503/675 334/523/675 319/501/675
s 1
f 445/528/676 321/517/661 335/507/639
f 333/524/677 339/504/669 351/529/678
f 310/496/679 338/500/680 330/530/681
f 328/515/651 319/501/653 350/526/682
f 342/531/683 448/532/684 340/533/685
f 342/534/683 336/522/659 349/535/686
f 443/536/687 335/507/639 320/506/641
f 330/520/688 331/513/689 350/526/690
f 352/537/691 319/501/692 334/523/693
f 336/522/659 337/521/658 349/535/686
f 337/521/658 323/518/667 343/538/694
f 323/518/695 321/517/661 343/538/696
f 350/526/697 319/501/698 458/539/699
f 458/539/699 319/501/698 455/540/700
f 342/531/683 446/541/701 448/532/684
f 333/524/702 345/542/703 354/525/704
f 327/514/705 325/510/705 358/543/705
s 0
f 358/543/706 325/510/706 338/519/706
f 314/498/707 316/527/707 358/544/707
s 1
f 352/545/708 342/531/683 340/533/685
f 348/546/709 342/534/683 349/535/686
s 0
f 329/516/710 327/514/710 358/543/710
f 338/500/711 314/498/711 358/544/711
s 1
f 319/501/692 352/537/691 455/540/712
f 334/523/660 336/522/659 352/537/708
f 341/508/668 354/525/664 355/547/713
f 321/517/661 445/528/676 343/538/696
f 345/542/703 333/524/702 356/548/714
s 0
f 339/504/715 328/515/715 351/529/715
f 333/524/716 351/529/716 356/548/716
f 351/529/717 328/515/717 329/516/717
s 1
f 308/549/718 345/550/719 356/551/720
f 316/527/721 313/499/722 344/552/723
s 0
f 344/509/724 341/508/724 355/547/724
s 1
f 354/525/704 345/542/703 355/547/725
f 329/553/726 358/554/727 351/555/728
f 358/544/729 316/527/730 365/556/731
f 357/557/732 345/550/719 308/549/718
f 369/558/733 356/551/734 351/555/735
s 0
f 357/557/736 316/527/736 344/552/736
s 1
f 345/550/719 357/557/732 355/559/737
f 358/554/738 364/560/739 360/561/740
s 0
f 357/557/741 344/552/741 355/559/741
s 1
f 357/557/732 308/549/718 363/562/742
f 308/549/718 356/551/720 361/563/743
f 358/544/744 365/556/731 364/564/745
f 363/562/746 308/549/718 359/565/747
f 362/566/748 359/565/747 308/549/718
f 351/555/728 358/554/738 360/561/740
s 0
f 316/527/749 357/557/749 365/556/749
s 1
f 362/566/748 308/549/718 361/563/743
f 361/563/750 356/551/734 369/558/733
f 359/565/751 362/566/748 307/567/752
f 362/566/748 367/568/753 307/567/752
s 0
f 365/556/754 357/557/754 363/562/754
f 369/558/755 351/555/755 360/561/755
f 363/562/756 359/565/756 365/556/756
f 365/556/757 359/565/757 307/567/757
f 371/569/758 365/556/758 307/567/758
s 1
f 369/558/759 367/568/753 362/566/748
f 361/563/743 369/558/759 362/566/748
f 371/569/760 307/567/752 373/570/761
f 372/571/762 307/567/752 367/568/753
f 307/567/752 372/571/762 373/570/761
s 0
f 367/568/763 369/558/763 360/561/763
s 1
f 366/572/617 364/564/764 375/573/765
f 364/564/764 365/556/766 375/573/765
f 380/574/767 371/569/760 373/570/761
f 383/490/616 360/561/768 364/560/764
f 377/575/769 372/571/762 367/568/753
f 373/570/761 372/571/762 376/576/770
f 364/560/764 366/491/617 383/490/616
s 0
f 377/575/771 367/568/771 360/561/771
s 1
f 365/556/772 371/569/773 375/573/774
f 375/573/775 371/569/773 380/574/776
f 373/570/761 376/576/770 379/577/777
f 379/577/777 376/576/770 381/578/778
f 372/571/762 377/575/769 382/579/779
f 384/580/780 385/581/781 386/582/782
f 386/582/782 385/581/781 305/493/783
f 385/581/781 384/580/780 305/493/783
s 0
f 305/493/784 384/580/784 387/583/784
s 1
f 384/584/785 386/582/786 306/585/787
f 386/582/782 305/493/783 306/585/788
s 0
f 306/585/789 379/577/789 389/586/789
s 1
f 379/577/777 381/578/778 389/586/790
f 382/579/779 376/576/770 372/571/762
f 305/493/619 387/583/791 389/586/790
s 0
f 389/586/792 387/583/792 306/585/792
s 1
f 387/583/793 384/584/794 306/585/795
f 376/576/770 382/579/779 381/578/778
f 382/579/796 377/575/797 360/561/798
f 383/490/799 382/579/796 360/561/800
s 0
f 373/570/801 379/577/801 305/493/801
f 379/577/802 306/585/802 305/493/802
s 1
f 373/570/761 305/493/619 396/587/803
f 373/570/761 396/587/803 380/574/767
f 389/586/790 381/578/778 390/588/804
f 381/578/778 382/579/779 390/588/804
f 390/588/805 382/579/796 383/490/799
f 375/573/775 380/574/776 396/587/806
f 305/493/619 389/586/790 392/494/620
f 397/589/807 366/572/617 375/573/765
f 392/494/620 389/586/790 393/590/808
f 389/586/790 390/588/804 393/590/808
f 396/587/803 305/493/619 304/492/618
f 390/588/805 383/490/799 393/590/809
f 375/573/775 396/587/806 303/591/810
f 394/592/811 304/492/618 392/494/620
f 366/491/617 397/593/807 398/489/615
f 397/589/807 375/573/765 303/591/812
f 304/492/618 394/592/811 399/594/813
f 399/595/813 394/596/811 400/597/814
f 394/592/811 392/494/620 393/590/808
f 304/492/815 399/594/816 396/587/817
f 394/592/818 393/590/819 398/489/820
f 396/587/817 399/594/816 303/591/821
f 393/590/809 383/490/799 398/489/822
f 394/596/818 398/598/820 400/597/823
f 303/599/821 399/595/816 401/600/824
f 407/601/825 397/602/826 303/599/827
f 399/595/828 400/597/829 405/603/830
s 0
f 400/597/831 398/598/831 404/604/831
s 1
f 397/605/832 403/606/833 398/598/834
f 406/607/835 405/603/836 400/597/837
f 403/608/838 397/602/826 407/601/825
f 408/609/839 405/603/836 406/607/835
f 399/595/828 405/603/830 401/600/840
f 406/607/835 400/597/837 404/604/841
f 406/607/842 404/604/843 409/610/844
f 409/610/845 398/598/834 403/606/846
f 407/601/847 303/599/848 401/600/849
f 405/603/836 408/609/839 401/600/850
f 409/610/845 403/606/846 410/611/851
f 408/609/852 298/479/853 419/612/854
f 408/609/852 406/607/855 298/479/853
s 0
f 404/604/856 398/598/856 409/610/856
f 414/483/857 302/485/857 412/484/857
s 1
f 403/608/858 407/601/859 413/613/860
f 407/601/859 420/614/861 413/613/860
s 0
f 415/615/862 299/488/862 418/616/862
s 1
f 407/601/847 401/600/849 420/614/863
s 0
f 401/600/864 408/609/864 420/614/864
f 416/486/865 299/488/865 426/617/865
s 1
f 298/479/853 406/607/855 296/618/866
s 0
f 302/485/867 300/482/867 301/481/867
f 299/488/868 403/487/868 413/619/868
f 403/606/869 302/620/869 410/611/869
s 1
f 296/618/870 406/607/842 409/610/844
s 0
f 431/621/871 416/486/871 426/617/871
s 1
f 419/612/872 424/622/873 408/609/874
f 298/479/608 297/478/607 419/612/875
s 0
f 434/623/876 418/616/876 299/488/876
s 1
f 408/609/877 424/622/873 420/614/878
s 0
f 299/488/879 413/619/879 434/623/879
s 1
f 298/479/608 296/618/880 423/480/609
f 414/483/881 412/484/881 301/481/881
f 427/624/882 413/619/883 424/625/884
s 0
f 299/488/885 415/615/885 426/617/885
s 1
f 413/613/883 420/614/886 424/622/884
s 0
f 416/486/887 431/621/887 425/626/887
s 1
f 419/627/888 297/628/607 432/629/889
f 295/630/890 409/610/891 410/611/892
s 0
f 412/484/893 416/486/893 425/626/893
s 1
f 428/631/894 294/632/895 297/628/896
f 428/631/897 429/633/898 294/632/899
s 0
f 302/485/900 301/481/900 452/634/900
s 1
f 433/635/901 301/481/902 412/484/903
s 0
f 424/625/904 419/627/904 432/629/904
f 434/623/905 415/615/905 418/616/905
s 1
f 423/480/609 296/618/880 295/630/906
f 428/636/894 297/478/896 423/480/907
s 0
f 410/611/908 302/620/908 436/637/908
f 415/615/909 434/623/909 426/617/909
f 409/610/910 295/630/910 296/618/910
s 1
f 295/630/890 410/611/892 436/637/911
s 0
f 436/637/912 302/620/912 452/638/912
s 1
f 430/639/913 294/632/899 429/633/898
f 301/481/914 433/635/901 452/634/915
f 431/621/916 426/617/917 425/626/918
f 430/639/913 429/633/898 439/640/919
f 441/641/920 428/636/894 423/480/907
s 0
f 412/484/921 425/626/921 433/635/921
s 1
f 432/629/922 297/628/896 294/632/895
f 439/640/919 429/633/898 435/642/923
f 295/630/924 441/641/920 423/480/907
s 0
f 434/623/925 413/619/925 427/624/925
f 442/643/926 426/617/926 434/623/926
s 1
f 441/641/927 429/644/928 428/636/929
s 0
f 437/645/930 427/624/930 424/625/930
s 1
f 437/645/931 294/632/899 430/639/913
f 437/645/931 432/629/932 294/632/899
f 352/537/708 336/522/659 342/534/683
f 442/643/933 425/626/918 426/617/917
f 335/507/639 443/536/687 445/528/676
s 0
f 320/506/934 344/509/934 443/536/934
s 1
f 435/642/923 429/633/928 438/646/935
s 0
f 424/625/936 432/629/936 437/645/936
s 1
f 342/534/683 348/546/709 446/647/701
f 344/552/723 313/499/722 350/648/937
f 293/649/938 347/650/939 440/651/940
f 449/652/941 435/642/923 440/651/940
s 0
f 344/509/942 292/653/942 443/536/942
f 313/499/943 310/496/943 350/648/943
s 1
f 350/648/690 310/496/944 330/530/688
f 439/640/919 435/642/923 449/652/941
f 340/533/685 448/532/684 347/650/939
f 440/651/940 347/650/939 449/652/941
f 440/651/940 435/642/923 293/649/938
s 0
f 434/623/945 427/624/945 442/643/945
s 1
f 449/652/941 347/650/939 444/654/946
f 337/521/658 343/538/694 349/535/686
f 340/533/685 347/650/939 293/649/938
f 347/650/939 448/532/684 444/654/946
f 429/644/928 441/641/927 438/655/935
s 0
f 292/653/947 344/509/947 350/656/947
s 1
f 437/645/931 430/639/913 439/640/919
f 450/657/948 446/647/949 348/546/950
f 292/653/951 343/538/696 445/528/676
f 436/637/952 452/638/953 295/630/954
s 0
f 437/645/955 442/643/955 427/624/955
s 1
f 348/546/709 349/535/686 450/657/956
s 0
f 445/528/957 443/536/957 292/653/957
s 1
f 293/649/938 435/642/923 438/646/935
f 441/641/958 295/630/954 452/638/953
f 460/658/959 449/652/941 444/654/946
f 343/538/696 292/653/951 453/659/960
f 450/657/961 349/535/686 453/659/962
f 349/535/686 343/538/694 453/659/962
f 352/545/963 340/533/685 293/649/938
f 458/398/699 455/660/700 456/419/964
f 455/661/712 352/545/691 438/646/965
s 0
f 433/635/966 425/626/966 452/634/966
s 1
f 460/658/959 439/640/919 449/652/941
s 0
f 352/545/967 293/649/967 438/646/967
s 1
f 455/662/968 438/655/935 441/641/927
f 451/663/969 448/532/684 446/541/701
f 451/663/969 444/654/946 448/532/684
s 0
f 452/634/970 425/626/970 442/643/970
f 439/640/971 460/658/971 457/664/971
s 1
f 292/653/972 350/656/697 458/665/973
f 446/541/949 450/666/948 451/663/974
f 455/662/975 441/641/958 452/638/953
s 0
f 439/640/976 457/664/976 437/645/976
s 1
f 460/658/959 444/654/946 451/663/969
s 0
f 461/465/977 262/471/977 484/667/977
f 463/668/978 288/413/978 476/669/978
f 466/670/979 288/413/979 266/408/979
f 262/473/980 257/477/980 484/476/980
s 1
f 257/671/981 264/467/982 280/422/983
s 0
f 464/672/984 257/477/984 262/473/984
f 262/473/985 264/467/985 464/672/985
s 1
f 442/643/986 437/645/987 457/664/988
s 0
f 453/659/989 292/653/989 450/657/989
s 1
f 484/673/990 465/674/991 495/675/992
s 0
f 262/473/993 280/422/993 264/467/993
s 1
f 257/671/994 280/422/995 286/424/996
f 291/426/555 275/425/554 470/676/997
f 264/467/599 281/677/598 464/672/998
s 0
f 275/468/999 264/467/999 470/678/999
f 472/679/1000 279/436/1000 290/444/1000
s 1
f 456/680/964 455/681/700 469/441/1001
f 455/681/975 287/464/1002 291/426/1003
f 287/464/1002 455/681/975 452/682/953
s 0
f 485/683/1004 451/663/1004 450/666/1004
f 284/684/1005 463/668/1005 476/669/1005
s 1
f 463/474/1006 461/465/1007 479/685/1008
s 0
f 289/403/1009 276/686/1009 467/687/1009
f 467/688/1010 286/462/1010 465/674/1010
s 1
f 473/689/1011 465/674/1012 257/690/1013
f 287/691/1002 452/634/953 442/643/986
f 458/692/1014 271/693/580 284/684/582
s 0
f 476/669/1015 288/413/1015 466/670/1015
s 1
f 495/675/992 465/674/991 286/462/1016
f 257/694/994 286/695/996 473/696/1017
s 0
f 283/466/1018 289/403/1018 467/687/1018
f 460/658/1019 451/663/1019 457/664/1019
f 474/697/1020 458/692/1020 284/684/1020
s 1
f 442/643/986 457/664/988 287/691/1002
s 0
f 457/664/1021 451/663/1021 485/683/1021
s 1
f 456/698/1022 469/699/1022 472/679/1022
s 0
f 464/700/1023 281/463/1023 469/441/1023
s 1
f 257/671/1024 464/701/1025 470/678/1026
s 0
f 279/436/1027 472/679/1027 469/699/1027
s 1
f 257/671/981 470/678/1028 264/467/982
f 478/702/1029 455/681/1030 291/426/1031
s 0
f 469/441/1032 455/681/1032 478/702/1032
s 1
f 470/703/1033 464/700/1034 469/441/1035
s 0
f 470/703/1036 469/441/1036 471/704/1036
f 472/705/1037 450/657/1037 456/706/1037
s 1
f 474/707/1038 292/653/972 458/665/973
s 0
f 466/670/1039 266/408/1039 269/409/1039
s 1
f 467/688/1040 465/674/1012 473/689/1041
s 0
f 286/695/1042 467/687/1042 276/686/1042
s 1
f 495/675/1043 286/462/1044 283/461/1045
s 0
f 467/708/1046 475/709/1046 283/710/1046
s 1
f 472/705/1047 478/711/1029 450/657/1048
s 0
f 473/696/1049 286/695/1049 276/686/1049
s 1
f 475/712/1050 495/675/1043 283/461/1045
f 450/657/1048 478/711/1029 485/713/1051
f 291/426/1031 485/714/1051 478/702/1029
f 450/657/1052 292/653/972 474/707/1038
f 479/685/1008 461/465/1007 484/667/1053
f 291/426/1054 470/676/1055 485/714/1056
f 456/706/1057 450/657/1052 474/707/1038
s 0
f 474/697/1058 284/684/1058 486/715/1058
f 475/709/1059 467/708/1059 473/716/1059
f 276/717/1060 480/718/1060 473/716/1060
f 276/717/1061 287/719/1061 480/718/1061
s 1
f 491/383/1062 477/720/1063 484/673/1064
f 457/664/988 485/683/1065 287/691/1066
s 0
f 469/441/1067 478/702/1067 471/704/1067
s 1
f 482/721/1068 484/673/990 495/675/992
s 0
f 290/444/1069 456/722/1069 474/723/1069
s 1
f 463/472/1070 481/724/1071 269/456/1072
s 0
f 481/724/1073 463/472/1073 479/725/1073
s 1
f 492/726/1074 481/724/1074 479/725/1074
f 470/676/1055 471/727/1075 485/714/1076
f 491/383/1077 484/673/1064 482/721/1078
s 0
f 475/709/1079 473/716/1079 516/728/1079
f 473/716/1080 480/718/1080 516/728/1080
f 486/729/1081 489/730/1081 474/723/1081
f 466/731/1082 269/456/1082 494/732/1082
f 484/733/1083 477/734/1083 479/725/1083
s 1
f 480/718/1084 287/719/1085 493/735/1086
s 0
f 485/736/1087 493/735/1087 287/719/1087
s 1
f 269/456/1088 481/724/1071 494/732/1089
s 0
f 486/715/1090 284/684/1090 476/669/1090
f 476/669/1091 466/670/1091 486/715/1091
s 1
f 253/737/1092 471/738/1093 488/739/1094
s 0
f 488/739/1095 471/738/1095 478/740/1095
f 489/730/1096 290/444/1096 474/723/1096
f 499/741/1097 290/444/1097 489/730/1097
s 1
f 494/732/1098 481/724/1099 492/726/1100
s 0
f 472/679/1101 290/444/1101 499/741/1101
f 485/395/1102 471/742/1102 253/392/1102
f 488/743/1103 255/744/1103 496/745/1103
s 1
f 497/746/1104 496/745/1105 498/747/1106
s 0
f 255/748/1107 497/746/1107 498/747/1107
f 255/744/1108 498/749/1108 472/750/1108
f 503/751/1109 472/750/1109 498/749/1109
s 1
f 486/752/1110 466/731/1111 514/753/1112
f 475/712/1113 482/721/1114 495/675/1115
s 0
f 250/391/1116 493/754/1116 500/755/1116
s 1
f 500/756/1117 493/757/1118 485/395/1119
s 0
f 488/739/1120 478/740/1120 255/758/1120
f 255/758/1121 478/740/1121 497/759/1121
f 477/734/1122 492/726/1122 479/725/1122
s 1
f 254/760/1123 252/761/1124 251/762/1125
s 0
f 251/762/1126 252/761/1126 253/763/1126
s 1
f 497/759/1127 478/740/1128 503/764/1129
f 478/740/1130 472/765/1131 503/764/1129
f 496/745/1132 255/744/1133 499/766/1134
f 255/744/1133 472/750/1135 499/766/1134
f 466/731/1111 494/732/1136 514/753/1112
s 0
f 480/718/1137 518/767/1137 516/728/1137
s 1
f 518/768/1138 252/761/1124 254/760/1123
f 485/395/1119 251/394/1139 500/756/1117
f 488/743/1140 496/745/1105 497/746/1104
s 0
f 498/747/1141 496/745/1141 499/766/1141
s 1
f 480/718/1084 493/735/1086 518/767/1142
s 0
f 251/769/1143 253/770/1143 500/771/1143
s 1
f 216/299/472 509/772/1144 239/323/470
s 0
f 59/364/1145 221/288/1145 502/372/1145
f 221/288/1146 205/334/1146 502/372/1146
f 493/754/1147 250/391/1147 518/773/1147
f 254/396/1148 250/391/1148 500/755/1148
s 1
f 498/747/1149 499/766/1150 503/774/1151
s 0
f 223/300/1152 521/386/1152 246/380/1152
s 1
f 521/386/515 230/306/517 543/365/1153
f 228/343/494 59/364/1154 244/366/492
f 234/358/1155 213/206/461 226/345/460
f 491/383/1156 482/721/1114 475/712/1113
f 514/753/1157 494/732/1098 492/726/1100
s 0
f 215/224/1158 509/775/1158 149/325/1158
f 235/776/1159 511/777/1159 530/778/1159
s 1
f 237/360/1160 228/343/494 515/367/493
s 0
f 518/773/1161 250/391/1161 252/393/1161
s 1
f 518/768/1138 254/760/1123 500/771/1162
s 0
f 533/779/1163 514/753/1163 492/726/1163
s 1
f 533/377/1164 226/352/1165 241/353/1166
f 500/771/1167 253/770/1168 518/768/1169
f 492/780/1170 477/720/1171 491/383/1172
f 508/781/1173 237/360/1160 515/367/493
s 0
f 488/739/1174 497/782/1174 503/783/1174
f 499/741/1175 489/730/1175 486/729/1175
s 1
f 237/360/474 535/784/1176 181/785/1177
f 513/786/1178 524/787/1179 512/788/1180
s 0
f 524/787/1181 609/789/1181 512/788/1181
s 1
f 513/790/1182 609/789/1183 55/791/1184
s 0
f 509/772/1185 216/299/1185 149/227/1185
f 504/370/1186 227/369/1186 212/324/1186
f 210/317/1187 237/360/1187 242/339/1187
s 1
f 502/372/1188 517/792/1189 59/364/1190
f 52/793/1191 505/794/1192 59/364/1154
f 502/388/1193 211/390/1194 506/795/1195
s 0
f 249/376/1196 58/56/1196 620/796/1196
s 1
f 212/797/1197 245/798/1198 529/799/1199
f 502/388/1188 506/795/1200 531/800/1201
f 620/796/1202 58/56/55 56/55/54
s 0
f 611/801/1203 56/55/1203 538/802/1203
f 524/787/1204 55/791/1204 609/789/1204
s 1
f 503/783/1151 499/803/1150 488/739/1094
f 492/780/1170 491/383/1172 533/385/1205
f 244/366/492 59/364/1154 505/794/1192
f 59/364/1190 517/792/1189 523/804/1206
f 524/805/1179 513/806/1178 636/807/1207
s 0
f 58/808/1208 249/809/1208 636/807/1208
f 491/383/1209 475/712/1209 526/810/1209
s 1
f 515/367/493 244/366/492 508/781/1173
f 506/795/1195 211/390/1194 243/811/1210
f 58/56/1211 513/812/1212 53/813/1213
s 0
f 53/814/1214 513/790/1214 55/791/1214
s 1
f 636/807/1207 513/806/1178 58/808/1215
f 233/322/1216 137/218/477 234/358/479
s 0
f 544/815/1217 491/816/1217 526/817/1217
s 1
f 186/266/371 242/338/449 237/354/1218
s 0
f 52/793/1219 540/818/1219 548/819/1219
s 1
f 538/802/1220 56/55/1221 528/820/1222
f 253/821/1092 520/822/1223 518/823/1224
f 504/370/498 212/324/1225 522/824/1226
s 0
f 191/363/1227 530/362/1227 539/825/1227
s 1
f 244/366/492 505/794/1192 537/826/1228
s 0
f 525/827/1229 53/814/1229 55/791/1229
s 1
f 215/224/1230 606/828/1230 509/775/1230
s 0
f 606/828/1231 215/224/1231 510/368/1231
s 1
f 229/305/388 247/387/520 535/371/500
s 0
f 635/829/1232 55/791/1232 524/787/1232
f 526/830/1233 475/709/1233 516/728/1233
s 1
f 245/798/1234 191/363/1235 539/825/1236
f 235/776/1237 534/831/1238 511/777/1239
f 235/832/1237 229/833/1240 534/834/1238
f 237/360/1160 508/781/1173 535/784/1241
s 0
f 56/55/1242 57/57/1242 528/820/1242
f 249/809/1243 222/355/1243 240/357/1243
f 641/835/1244 246/380/1244 541/836/1244
s 1
f 508/781/1173 244/366/492 537/826/1228
f 505/794/1192 52/793/1245 508/781/1173
s 0
f 518/767/1246 526/830/1246 516/728/1246
f 241/353/1247 246/380/1247 641/835/1247
s 1
f 541/836/1248 246/380/1249 536/837/1250
f 548/819/1251 508/781/1252 52/793/1253
f 52/793/1254 59/364/1190 523/804/1206
f 520/838/1223 253/839/1092 639/840/1255
f 537/826/1228 505/794/1192 508/781/1173
f 620/796/1202 56/55/54 611/801/1256
f 51/841/1257 245/798/1198 534/842/1258
f 534/842/1259 245/798/1234 539/825/1236
s 0
f 526/843/1260 518/823/1260 520/822/1260
s 1
f 606/828/1261 510/368/496 504/370/498
f 245/798/1198 51/841/1257 529/799/1199
f 240/844/1262 58/56/1263 53/813/1264
f 639/845/1255 253/737/1092 488/739/1094
f 486/729/1110 514/846/1112 621/847/1265
f 517/848/1189 502/388/1188 531/800/1201
f 528/820/1266 549/849/1267 538/802/1268
s 0
f 53/850/1269 249/809/1269 240/357/1269
s 1
f 530/778/1270 511/777/1270 534/831/1270
f 534/834/1271 229/833/1272 535/851/1273
f 247/387/520 248/292/367 535/371/500
f 549/849/1267 528/820/1266 610/852/1274
f 499/741/1150 486/729/1275 621/847/1276
f 535/784/1241 508/781/1173 548/819/1251
f 488/739/1094 499/803/1150 639/845/1255
f 606/828/1261 504/370/498 650/853/1277
f 522/824/1226 650/853/1277 504/370/498
f 51/841/1257 45/854/1278 529/799/1199
f 534/842/1258 603/855/1279 51/841/1257
f 243/374/503 249/376/505 620/796/1280
f 234/856/1281 57/57/56 58/56/55
s 0
f 638/857/1282 548/858/1282 540/859/1282
s 1
f 610/852/1283 528/820/1284 612/860/1285
f 552/861/1286 554/862/1287 553/863/1288
f 553/864/1288 554/865/1287 560/866/1289
f 560/866/1290 554/865/1291 557/867/1292
s 0
f 554/862/1293 552/861/1293 558/868/1293
s 1
f 558/868/1294 552/861/1295 553/863/1296
f 554/862/1297 556/869/1298 557/870/1299
s 0
f 554/862/1300 558/868/1300 556/869/1300
s 1
f 558/871/1294 553/864/1296 560/866/1301
s 0
f 561/872/1302 557/870/1302 559/873/1302
s 1
f 560/866/1290 557/867/1292 561/874/1303
f 557/870/1299 556/869/1304 559/873/1305
s 0
f 559/873/1306 556/869/1306 565/875/1306
f 563/876/1307 560/866/1307 561/874/1307
f 568/877/1308 561/872/1308 559/873/1308
f 563/878/1309 561/872/1309 568/877/1309
s 1
f 573/879/1310 556/869/1311 558/868/1312
f 558/871/1294 560/866/1301 573/880/1313
f 559/873/1314 567/881/1315 566/882/1316
f 565/875/1317 556/869/1311 573/879/1310
s 0
f 560/866/1318 563/876/1318 573/880/1318
s 1
f 568/877/1319 559/873/1314 566/882/1316
s 0
f 566/882/1320 567/881/1320 569/883/1320
f 566/882/1321 570/884/1321 568/877/1321
s 1
f 565/875/1322 567/881/1315 559/873/1314
s 0
f 571/885/1323 567/881/1323 565/875/1323
f 573/880/1324 563/876/1324 568/886/1324
f 567/881/1325 574/887/1325 569/883/1325
s 1
f 567/881/1326 571/885/1326 574/887/1326
s 0
f 573/880/1327 568/886/1327 570/888/1327
f 572/889/1328 566/882/1328 569/883/1328
f 576/890/1329 574/891/1329 571/892/1329
f 572/889/1330 570/884/1330 566/882/1330
f 571/892/1331 565/893/1331 573/894/1331
f 576/890/1332 571/892/1332 573/894/1332
f 579/895/1333 570/884/1333 572/889/1333
s 1
f 572/889/1334 569/883/1335 578/896/1336
f 578/896/1336 569/883/1335 577/897/1337
s 0
f 577/897/1338 569/883/1338 574/887/1338
f 573/894/1339 570/898/1339 580/899/1339
f 580/899/1340 570/898/1340 579/900/1340
f 578/896/1341 577/897/1341 581/901/1341
f 580/899/1342 576/890/1342 573/894/1342
s 1
f 577/902/1343 574/891/1343 576/890/1343
s 0
f 578/896/1344 579/895/1344 572/889/1344
f 577/902/1345 576/890/1345 580/899/1345
s 1
f 588/903/1346 578/896/1347 581/901/1348
s 0
f 579/900/1349 578/904/1349 580/899/1349
s 1
f 588/903/1346 581/901/1350 583/905/1351
s 0
f 577/902/1352 580/899/1352 584/906/1352
s 1
f 581/901/1353 577/897/1354 585/907/1355
f 583/905/1356 581/901/1357 585/907/1355
f 589/908/1358 590/909/1359 587/910/1360
f 587/910/1360 590/909/1359 586/911/1361
f 588/903/1362 583/905/1363 587/910/1364
s 0
f 577/902/1365 584/906/1365 585/912/1365
s 1
f 587/910/1366 583/905/1363 585/907/1367
f 587/910/1364 586/911/1368 588/903/1362
s 0
f 592/913/1369 551/914/1369 587/910/1369
f 590/909/1370 589/908/1370 595/915/1370
f 580/899/1371 578/904/1371 591/916/1371
f 578/896/1372 588/903/1372 591/917/1372
s 1
f 589/908/1373 587/910/1374 551/914/1375
s 0
f 587/910/1376 585/907/1376 592/913/1376
s 1
f 588/903/1362 586/911/1368 591/917/1377
s 0
f 585/912/1378 584/906/1378 591/916/1378
f 585/918/1379 591/919/1379 597/920/1379
f 591/916/1380 584/906/1380 580/899/1380
f 585/918/1381 597/920/1381 592/921/1381
s 1
f 595/915/1382 589/908/1373 551/914/1375
f 590/909/1383 595/915/1384 593/922/1385
f 597/920/1386 591/919/1377 586/923/1368
s 0
f 594/924/1387 586/923/1387 593/925/1387
f 593/922/1388 595/915/1388 600/926/1388
f 592/921/1389 597/920/1389 598/927/1389
f 597/920/1390 586/923/1390 594/924/1390
s 1
f 586/911/1361 590/909/1383 593/922/1385
f 551/914/1391 592/913/1392 595/915/1393
f 595/928/1393 592/921/1392 599/929/1394
s 0
f 599/929/1395 592/921/1395 598/927/1395
f 599/929/1396 597/920/1396 594/924/1396
f 602/930/1397 600/931/1397 595/928/1397
f 599/929/1398 598/927/1398 597/920/1398
s 1
f 601/932/1399 593/922/1400 600/926/1401
s 0
f 594/924/1402 593/925/1402 599/929/1402
s 1
f 615/933/1403 600/931/1404 602/930/1405
s 0
f 602/930/1406 595/928/1406 599/929/1406
s 1
f 536/934/1407 593/922/1400 601/932/1399
f 600/926/1404 615/935/1403 601/932/1408
f 239/323/1409 606/936/1410 543/365/1411
s 0
f 539/825/1412 530/362/1412 534/842/1412
f 528/820/1413 57/57/1413 525/937/1413
s 1
f 607/938/1414 535/939/1414 548/940/1414
f 523/804/1206 517/792/1189 542/941/1415
f 212/797/1197 529/799/1199 45/854/1278
f 542/942/1415 517/848/1189 531/800/1201
f 499/741/1150 621/847/1276 639/943/1416
s 0
f 514/846/1417 533/944/1417 605/945/1417
f 599/929/1418 593/925/1418 619/946/1418
s 1
f 534/834/1271 535/851/1419 547/947/1420
s 0
f 611/801/1421 538/802/1421 549/849/1421
f 58/56/1422 240/844/1422 234/856/1422
f 233/322/1423 234/358/1423 240/344/1423
f 533/377/1424 241/353/1424 641/835/1424
f 618/948/1425 536/934/1425 601/932/1425
f 49/54/1426 48/53/1426 629/949/1426
s 1
f 514/846/1112 605/945/1427 621/847/1428
f 541/836/1248 536/837/1250 618/950/1429
f 625/951/1430 610/852/1431 614/952/1432
f 612/860/1285 528/820/1284 525/937/1433
f 599/929/1434 615/933/1435 602/930/1436
s 0
f 48/50/1437 638/857/1437 540/859/1437
s 1
f 49/54/1438 629/949/1439 47/953/1440
f 544/815/1441 526/817/1442 647/954/1443
s 0
f 619/955/1444 593/922/1444 536/934/1444
s 1
f 613/52/1445 49/54/1446 47/953/1447
s 0
f 630/956/1448 48/957/1448 540/958/1448
s 1
f 618/948/1449 601/932/1450 648/959/1451
s 0
f 246/380/1452 521/386/1452 668/960/1452
s 1
f 239/323/1409 509/772/1453 606/936/1410
f 607/938/1454 46/961/1455 616/962/1456
s 0
f 48/957/1457 630/956/1457 629/963/1457
f 57/57/1458 234/856/1458 525/937/1458
s 1
f 47/953/1440 629/949/1439 652/964/1459
f 652/964/1459 626/965/1460 625/966/1461
f 542/942/1462 531/800/1463 506/795/1464
s 0
f 611/967/1465 549/968/1465 609/969/1465
f 549/968/1466 610/970/1466 609/969/1466
f 605/971/1467 533/377/1467 641/835/1467
s 1
f 622/972/1468 522/973/1469 212/797/1197
f 542/941/1462 506/974/1464 523/804/1470
f 628/975/1471 243/374/1472 620/796/1473
f 611/801/1474 628/975/1475 620/796/1476
f 626/965/1460 652/964/1459 629/949/1439
f 523/804/1477 506/974/1478 52/793/1479
s 0
f 243/976/1480 52/793/1480 506/974/1480
f 609/969/1481 610/970/1481 626/977/1481
s 1
f 626/977/1460 610/970/1482 625/978/1461
f 628/979/1475 611/967/1474 609/969/1483
f 52/793/1484 243/976/1485 540/818/1486
s 0
f 629/963/1487 630/956/1487 633/980/1487
f 633/980/1488 626/981/1488 629/963/1488
s 1
f 609/969/1489 513/982/1490 628/979/1491
f 636/983/1492 630/984/1493 632/985/1494
f 628/979/1495 513/982/1496 512/986/1497
f 540/987/1486 243/988/1472 628/989/1471
f 628/989/1495 512/990/1497 631/991/1498
s 0
f 633/980/1499 636/983/1499 632/985/1499
f 630/992/1500 540/987/1500 628/989/1500
f 609/969/1501 626/977/1501 633/993/1501
s 1
f 631/991/1502 512/990/1503 609/969/1504
f 631/991/1498 630/992/1493 628/989/1495
f 609/969/1504 633/993/1505 631/991/1502
f 632/985/1494 630/984/1493 631/994/1498
s 0
f 633/980/1506 632/985/1506 634/995/1506
s 1
f 632/985/1494 631/994/1498 634/995/1507
f 634/996/1507 631/997/1498 524/998/1179
f 524/998/1508 631/997/1509 633/980/1510
s 0
f 54/999/1511 525/827/1511 55/791/1511
s 1
f 524/805/1179 636/807/1207 634/1000/1507
f 635/1001/1512 524/998/1513 633/980/1514
s 0
f 633/980/1515 634/995/1515 635/1001/1515
s 1
f 249/809/1516 53/850/1516 54/999/1516
f 636/807/1517 249/809/1518 54/999/1519
s 0
f 635/1002/1520 634/1003/1520 636/1004/1520
f 55/791/1521 635/829/1521 54/999/1521
f 636/983/1522 633/980/1522 637/1005/1522
f 630/956/1523 638/1006/1523 633/980/1523
s 1
f 630/984/1493 636/983/1492 638/1007/1524
s 0
f 637/1005/1525 633/980/1525 638/1006/1525
f 54/999/1526 635/829/1526 658/1008/1526
f 635/1002/1527 636/1004/1527 637/1009/1527
s 1
f 636/807/1517 54/999/1519 658/1008/1528
s 0
f 658/1010/1529 635/1002/1529 637/1009/1529
s 1
f 652/964/1530 625/966/1531 653/1011/1532
f 622/972/1468 212/797/1197 45/854/1278
s 0
f 642/1012/1533 645/1013/1533 644/1014/1533
f 645/1015/1534 642/1016/1534 643/1017/1534
f 644/1014/1535 643/1018/1535 642/1012/1535
s 1
f 548/940/1536 46/961/1455 607/938/1454
s 0
f 666/1019/1537 548/858/1537 638/857/1537
f 651/1020/1538 234/358/1538 226/345/1538
f 601/932/1539 615/935/1539 648/959/1539
f 535/851/1540 643/1018/1540 644/1014/1540
f 612/860/1541 614/952/1541 610/852/1541
f 623/1021/1542 535/939/1542 607/938/1542
f 54/999/1543 53/850/1543 234/1022/1543
f 226/352/1544 532/379/1544 651/1023/1544
s 1
f 615/933/1435 599/929/1434 619/946/1545
f 521/386/1546 543/365/1547 668/960/1548
f 543/365/1547 606/936/1549 668/960/1548
s 0
f 651/1024/1550 525/827/1550 54/999/1550
f 53/850/1551 525/1025/1551 234/1022/1551
s 1
f 51/841/1257 655/1026/1552 45/854/1278
s 0
f 645/1015/1553 643/1017/1553 623/1027/1553
s 1
f 623/1021/1554 607/938/1454 616/962/1555
s 0
f 637/1009/1556 638/857/1556 658/1010/1556
f 54/999/1557 234/1022/1557 651/1024/1557
f 547/947/1558 535/851/1558 644/1014/1558
f 643/1017/1559 535/1028/1559 623/1027/1559
s 1
f 644/1014/1560 645/1013/1560 623/1029/1560
f 666/1030/1561 638/1007/1524 636/983/1492
s 0
f 658/1010/1562 638/857/1562 48/50/1562
s 1
f 639/840/1563 684/1031/1564 520/838/1565
s 0
f 520/838/1566 684/1031/1566 526/1032/1566
s 1
f 648/1033/1567 615/933/1568 660/1034/1569
s 0
f 664/1035/1570 646/49/1570 613/51/1570
s 1
f 655/1026/1552 51/841/1257 603/855/1279
s 0
f 48/50/1571 646/49/1571 658/1010/1571
s 1
f 47/953/1572 652/964/1530 44/1036/1573
f 641/835/1574 541/836/1575 659/1037/1576
f 678/1038/1577 541/836/1578 618/950/1579
f 618/1039/1449 648/1033/1451 660/1034/1580
f 616/962/1456 46/961/1455 675/1040/1581
f 652/964/1530 653/1011/1532 44/1036/1573
f 525/827/1582 651/1024/1583 612/1041/1584
f 678/1038/1577 618/950/1579 660/1042/1585
s 0
f 619/946/1586 660/1034/1586 615/933/1586
f 534/834/1587 547/947/1587 665/1043/1587
f 151/200/1588 148/216/1588 198/297/1588
s 1
f 675/1040/1581 46/961/1455 548/940/1536
f 614/952/1432 653/1044/1589 625/951/1430
f 650/853/1590 522/824/1591 686/1045/1592
f 655/1026/1552 603/855/1279 534/842/1258
s 0
f 547/947/1593 644/1014/1593 661/1046/1593
s 1
f 660/1042/1585 619/1047/1594 674/1048/1595
f 619/1049/1596 536/837/1597 246/380/1598
s 0
f 653/1044/1599 614/952/1599 612/860/1599
s 1
f 605/971/1600 641/835/1601 659/1037/1602
f 619/1049/1596 246/380/1598 668/960/1603
f 522/973/1591 622/972/1604 686/1050/1592
f 666/1030/1605 636/983/1605 658/1051/1605
s 0
f 646/49/1606 664/1035/1606 658/1010/1606
f 534/842/1607 665/1052/1607 655/1026/1607
s 1
f 231/1053/1608 213/1054/1609 143/340/1610
s 0
f 644/1055/1611 623/1021/1611 616/962/1611
s 1
f 613/52/1445 47/953/1447 664/1056/1612
s 0
f 639/943/1613 621/847/1613 605/945/1613
f 606/828/1614 650/853/1614 668/1057/1614
s 1
f 673/1058/1615 644/1014/1615 616/1059/1615
f 612/1041/1584 651/1024/1583 667/1060/1616
f 684/1061/1564 639/943/1563 605/945/1617
s 0
f 674/1048/1618 619/1047/1618 668/1062/1618
s 1
f 684/1063/1619 647/954/1443 526/817/1442
f 659/1037/1576 541/836/1578 678/1038/1577
f 671/1064/1620 676/1065/1621 669/1066/1622
f 667/1067/1623 532/1068/1624 544/815/1625
f 674/1048/1595 678/1038/1577 660/1042/1585
s 0
f 655/1026/1626 669/1066/1626 45/854/1626
f 547/947/1627 661/1046/1627 665/1043/1627
s 1
f 676/1065/1628 686/1050/1592 622/972/1604
s 0
f 672/1069/1629 665/1043/1629 661/1046/1629
s 1
f 671/1064/1630 669/1066/1631 655/1026/1632
s 0
f 665/1052/1633 151/1070/1633 655/1026/1633
s 1
f 151/1070/1634 198/1071/1635 689/1072/1636
f 47/953/1447 44/1036/1637 664/1056/1612
f 667/1067/1623 651/1073/1638 532/1068/1624
f 682/1074/1639 605/971/1600 659/1037/1602
f 622/972/1640 45/854/1641 669/1066/1642
s 0
f 644/1014/1643 673/1058/1643 661/1046/1643
f 548/858/1644 666/1019/1644 658/1075/1644
s 1
f 44/1036/1645 653/1011/1646 612/1076/1647
f 676/1065/1648 622/972/1640 669/1066/1649
f 664/1035/1650 675/1077/1651 548/1078/1652
s 0
f 689/1072/1653 198/1071/1653 231/1079/1653
s 1
f 548/1078/1652 658/1010/1654 664/1035/1650
s 0
f 650/853/1655 686/1045/1655 668/1057/1655
s 1
f 616/962/1656 675/1040/1657 673/1080/1658
f 689/1081/1659 665/1043/452 672/1069/1660
s 0
f 661/1046/1661 673/1058/1661 672/1069/1661
s 1
f 667/1082/1616 664/1056/1662 612/1076/1584
f 684/1083/1619 605/971/1600 682/1074/1639
f 44/1036/1645 612/1076/1647 664/1056/1663
f 673/1080/1664 675/1040/1665 672/1084/1666
f 689/1085/1659 143/340/450 665/342/452
f 689/1072/1636 655/1026/1667 151/1070/1634
f 667/1067/1623 544/815/1625 691/1086/1668
s 0
f 672/1087/1669 675/1088/1669 667/1082/1669
s 1
f 675/1088/1670 664/1056/1662 667/1082/1616
f 678/1038/1577 688/1089/1671 659/1037/1576
f 143/340/450 689/1085/1659 231/1053/1608
s 0
f 691/1086/1672 544/815/1672 647/954/1672
f 671/1064/1673 655/1026/1673 689/1072/1673
s 1
f 685/1090/1674 678/1038/1577 674/1048/1595
s 0
f 667/1082/1675 689/1091/1675 672/1087/1675
s 1
f 674/1048/1676 668/1062/1677 685/1090/1678
f 682/1074/1639 659/1037/1602 688/1089/1679
f 686/1050/1592 676/1065/1628 671/1064/1680
f 684/1063/1619 692/1092/1681 687/1093/1682
f 684/1083/1619 682/1074/1639 692/1094/1681
f 688/1089/1671 678/1038/1577 685/1090/1683
f 685/1095/1678 668/1096/1677 690/1097/1684
f 682/1074/1639 688/1089/1679 692/1094/1681
f 686/1050/1592 671/1064/1680 689/1072/1685
s 0
f 687/1098/1686 692/1099/1686 693/1100/1686
s 1
f 668/1096/1687 686/1101/1688 690/1097/1689
f 687/1093/1682 647/954/1443 684/1063/1619
f 690/1097/1690 686/1101/1688 689/1102/1691
f 688/1103/1679 685/1095/1692 694/1104/1693
f 685/1095/1694 690/1097/1695 699/1105/1696
f 692/1094/1681 688/1089/1679 694/1106/1693
s 0
f 689/1102/1697 667/1107/1697 690/1097/1697
f 691/1086/1698 647/954/1698 687/1093/1698
s 1
f 693/1108/1699 692/1109/1700 695/1110/1701
f 690/1097/1695 667/1107/1702 699/1105/1696
s 0
f 697/1111/1703 698/1112/1703 700/1113/1703
s 1
f 700/1113/1704 698/1112/1705 685/1095/1706
f 698/1112/1705 697/1114/1707 685/1095/1706
f 697/1114/1708 696/1115/1709 685/1095/1710
s 0
f 691/1086/1711 687/1093/1711 701/1116/1711
s 1
f 685/1095/1710 696/1115/1709 694/1104/1712
f 696/1115/1709 697/1111/1713 694/1104/1712
f 697/1111/1713 700/1113/1714 694/1104/1712
s 0
f 700/1113/1715 685/1095/1715 699/1105/1715
s 1
f 699/1117/1716 667/1067/1717 691/1086/1718
f 692/1109/1719 694/1118/1720 704/1119/1721
s 0
f 687/1098/1722 693/1100/1722 701/1120/1722
s 1
f 695/1110/1701 692/1109/1719 704/1119/1721
f 699/1121/1723 701/1122/1724 35/1123/1725
s 0
f 699/1117/1726 691/1086/1726 701/1116/1726
f 32/1124/1727 701/1120/1727 706/1125/1727
s 1
f 700/1113/1714 699/1105/1728 694/1104/1712
f 34/1126/1729 35/1123/1730 703/1127/1731
f 727/1128/1732 693/1108/1733 695/1110/1734
f 705/1129/1735 41/1130/1735 33/1131/1735
s 0
f 701/1120/1736 693/1100/1736 706/1125/1736
s 1
f 35/1123/1725 701/1122/1724 703/1127/1737
f 693/1108/1733 727/1128/1732 730/1132/1738
s 0
f 703/26/1739 701/1133/1739 32/1134/1739
f 710/1135/1740 32/1124/1740 709/1136/1740
s 1
f 693/1100/1741 730/1137/1742 706/1125/1743
f 704/1119/1744 694/1118/1745 699/1138/1746
s 0
f 705/1129/1747 33/1131/1747 713/40/1747
s 1
f 42/30/1748 41/48/1749 714/1139/1750
f 34/1140/1729 703/26/1731 711/28/1751
s 0
f 703/26/1752 32/1134/1752 710/27/1752
s 1
f 32/1124/1753 706/1125/1754 715/1141/1755
f 704/1119/1744 699/1138/1756 35/1142/1757
s 0
f 717/1143/1758 43/31/1758 42/30/1758
s 1
f 735/1144/1759 33/29/33 34/33/35
f 709/1136/1760 32/1124/1753 715/1141/1755
f 714/1139/1750 41/48/1761 705/1145/1762
s 0
f 705/1129/1763 713/40/1763 40/39/1763
f 31/21/1764 727/1146/1764 26/1147/1764
s 1
f 706/1125/1743 730/1137/1742 712/1148/1765
f 727/1146/1766 31/21/1767 730/25/1768
f 727/1128/1732 695/1110/1734 760/1149/1769
s 0
f 35/32/1770 43/31/1770 717/1143/1770
f 713/40/1771 33/1131/1771 735/1150/1771
s 1
f 735/1151/1759 34/1140/35 711/28/1772
s 0
f 40/1152/1773 714/1139/1773 705/1145/1773
f 722/1153/1774 721/1154/1774 30/1155/1774
f 721/1156/1775 26/1157/1775 30/1158/1775
f 30/16/1776 27/18/1776 727/1159/1776
s 1
f 727/1160/1777 27/20/21 29/19/20
s 0
f 29/1161/1778 30/1158/1778 26/1157/1778
f 719/1162/1779 711/28/1779 710/27/1779
s 1
f 727/1160/1777 29/19/20 26/1163/1780
s 0
f 704/1119/1781 35/1142/1781 717/1164/1781
f 730/22/1782 28/17/1782 721/1156/1782
s 1
f 30/16/26 31/24/25 28/17/1783
s 0
f 710/1165/1784 709/1166/1784 719/1167/1784
f 26/1157/1785 721/1156/1785 31/24/1785
f 722/1153/1786 30/1155/1786 727/1168/1786
f 717/1143/1787 42/30/1787 714/1139/1787
s 1
f 39/1169/1788 37/41/43 726/43/45
s 0
f 726/43/1789 36/42/1789 38/44/1789
f 28/17/1790 31/24/1790 721/1156/1790
f 725/1170/1791 723/1171/1791 748/1172/1791
f 729/1173/1792 723/1171/1792 725/1170/1792
f 731/1174/1793 704/1119/1793 717/1164/1793
s 1
f 715/1175/1794 706/1176/1795 724/1177/1796
f 724/1177/1797 706/1176/1795 725/1178/1798
f 748/1179/1799 25/1180/1800 728/1181/1801
s 0
f 722/1182/1802 727/1183/1802 734/1184/1802
f 751/1185/1803 704/1119/1803 731/1174/1803
s 1
f 40/34/1804 39/36/1805 733/1186/1806
f 40/34/1807 733/1186/1808 732/1187/1809
s 0
f 725/1178/1810 706/1176/1810 729/1188/1810
s 1
f 748/1172/1799 723/1171/1811 25/1189/1800
s 0
f 723/1171/1812 712/1148/1812 730/1137/1812
s 1
f 760/1149/1769 695/1110/1734 756/1190/1813
f 715/1175/1814 724/1177/1815 719/1167/1816
s 0
f 706/1125/1817 712/1148/1817 737/1191/1817
s 1
f 695/1110/1734 704/1119/1818 751/1185/1819
f 734/1184/1820 727/1183/1821 760/1192/1822
f 756/1193/1813 695/1194/1734 751/1195/1819
s 0
f 726/43/1823 38/44/1823 713/40/1823
f 729/1188/1824 706/1176/1824 737/1196/1824
s 1
f 760/1192/1825 756/1197/1826 759/1198/1827
s 0
f 714/1139/1828 40/1152/1828 717/1143/1828
s 1
f 742/1199/1829 740/1200/1830 738/1201/1831
f 739/1202/1832 738/1203/1831 744/1204/1833
f 741/1205/1834 739/1202/1832 744/1204/1833
f 745/1206/1835 738/1201/1831 740/1200/1830
f 746/1207/1836 741/1205/1834 744/1204/1833
s 0
f 779/1208/1837 775/1209/1837 741/1205/1837
s 1
f 738/1203/1831 739/1202/1832 742/1210/1829
f 745/1206/1835 740/1200/1830 749/1211/1838
s 0
f 713/40/1839 735/1150/1839 726/43/1839
f 737/1191/1840 712/1148/1840 723/1171/1840
f 724/1177/1841 766/1212/1841 747/1213/1841
f 739/1202/1842 741/1205/1842 775/1209/1842
s 1
f 775/1209/1843 722/1153/1844 750/1214/1845
s 0
f 774/1215/1846 731/1216/1846 717/1217/1846
s 1
f 709/1166/1847 715/1175/1814 719/1167/1816
s 0
f 719/1167/1848 724/1177/1848 729/1218/1848
s 1
f 744/1204/1833 738/1203/1831 232/1219/1849
s 0
f 742/1210/1850 739/1202/1850 775/1209/1850
s 1
f 748/1220/1851 773/1221/1852 39/1222/1853
f 735/1151/1759 711/28/1772 719/1162/1854
s 0
f 747/1223/1855 723/1171/1855 729/1173/1855
s 1
f 766/1224/1856 725/1170/1857 748/1172/1858
s 0
f 748/1179/1859 728/1181/1859 772/1225/1859
s 1
f 722/1153/1844 775/1209/1843 779/1208/1860
f 779/1208/1861 741/1205/1834 746/1207/1836
f 232/1219/1849 738/1203/1831 778/1226/1862
f 738/1203/1831 745/1227/1835 778/1226/1862
s 0
f 726/1228/1863 735/1151/1863 752/1229/1863
f 747/1213/1864 729/1218/1864 724/1177/1864
s 1
f 749/1211/1838 740/1200/1830 777/1230/1865
s 0
f 758/1231/1866 757/1232/1866 751/1195/1866
s 1
f 754/1233/1867 758/1231/1867 755/1234/1867
s 0
f 755/1234/1868 756/1235/1868 757/1236/1868
f 755/1234/1869 757/1236/1869 754/1233/1869
f 754/1237/1870 757/1238/1870 759/1198/1870
s 1
f 757/1238/1871 758/1239/1872 759/1198/1873
s 0
f 758/1239/1874 754/1240/1874 760/1192/1874
s 1
f 759/1198/1873 758/1239/1872 760/1192/1875
s 0
f 760/1192/1876 754/1240/1876 750/1241/1876
f 750/1241/1877 754/1240/1877 759/1242/1877
s 1
f 732/1243/1809 733/1244/1808 773/1221/1878
f 752/1245/1879 769/1246/1880 765/1247/1881
s 0
f 767/1248/1882 769/1246/1882 752/1245/1882
f 24/1249/1883 752/1250/1883 761/1251/1883
s 1
f 752/1245/1879 765/1247/1884 761/1252/1885
f 765/1247/1886 767/1253/1887 761/1252/1888
s 0
f 767/1253/1889 726/1254/1889 761/1252/1889
f 761/1252/1890 726/1254/1890 773/1255/1890
f 726/1256/1891 752/1250/1891 773/1257/1891
f 773/1257/1892 752/1250/1892 24/1249/1892
s 1
f 24/1249/1893 761/1251/1894 23/1258/1895
f 23/1258/1895 761/1251/1896 763/1259/1897
f 761/1251/1898 772/1260/1899 763/1259/1900
f 772/1261/1901 761/1252/1901 773/1255/1901
f 764/1262/1902 763/1259/1900 772/1260/1899
s 0
f 769/1246/1903 23/1263/1903 763/1264/1903
s 1
f 763/1264/1904 764/1265/1902 765/1247/1886
f 764/1266/1905 23/1263/1895 769/1246/1906
s 0
f 769/1246/1907 763/1264/1907 765/1247/1907
f 769/1267/1908 735/1151/1908 719/1162/1908
f 719/1167/1909 729/1218/1909 737/1268/1909
s 1
f 770/1269/1910 765/1247/1886 764/1265/1902
s 0
f 767/1248/1911 752/1245/1911 768/1270/1911
f 766/1212/1912 724/1177/1912 725/1178/1912
s 1
f 766/1271/1856 748/1220/1858 726/1272/45
f 748/1220/1858 39/1222/1788 726/1272/45
s 0
f 752/1229/1913 735/1151/1913 768/1273/1913
f 726/1254/1914 767/1253/1914 768/1274/1914
f 747/1223/1915 719/1275/1915 737/1191/1915
f 737/1191/1916 723/1171/1916 747/1223/1916
f 726/1276/1917 768/1273/1917 770/1277/1917
f 735/1151/1918 769/1267/1918 767/1278/1918
s 1
f 770/1279/1919 764/1266/1905 769/1246/1906
s 0
f 768/1273/1920 735/1151/1920 770/1277/1920
s 1
f 770/1269/1910 767/1253/1887 765/1247/1886
s 0
f 726/1276/1921 770/1277/1921 766/1280/1921
f 735/1151/1922 767/1278/1922 770/1277/1922
f 769/1267/1923 719/1162/1923 770/1281/1923
f 747/1223/1924 770/1282/1924 719/1275/1924
f 772/1225/1925 766/1283/1925 770/1284/1925
f 770/1285/1926 747/1286/1926 734/1287/1926
f 747/1286/1927 766/1283/1927 734/1287/1927
s 1
f 734/1287/1928 766/1283/1928 728/1181/1928
s 0
f 728/1181/1929 766/1283/1929 772/1225/1929
f 772/1288/1930 770/1285/1930 734/1287/1930
f 728/1181/1931 722/1289/1931 734/1287/1931
f 756/1290/1932 750/1241/1932 759/1242/1932
s 1
f 733/1244/1806 39/1222/1805 773/1221/1933
f 748/1220/1851 772/1291/1934 773/1221/1852
f 762/1292/1935 23/1258/1895 764/1293/1905
f 24/1249/1893 23/1258/1895 762/1292/1935
f 762/1292/1935 764/1293/1905 772/1294/1936
s 0
f 751/1195/1937 757/1232/1937 756/1193/1937
f 755/1234/1938 758/1231/1938 751/1195/1938
s 1
f 731/1295/1939 718/1296/1940 751/1195/1941
f 718/1297/1940 731/1216/1939 774/1215/1942
s 0
f 718/1296/1943 732/1298/1943 773/1257/1943
f 773/1257/1944 751/1195/1944 718/1296/1944
s 1
f 734/1184/1945 760/1192/1945 750/1241/1945
s 0
f 750/1299/1946 756/1235/1946 755/1234/1946
f 755/1234/1947 751/1195/1947 750/1299/1947
f 772/1288/1948 734/1287/1948 762/1300/1948
f 762/1301/1949 734/1184/1949 750/1241/1949
f 776/1302/1950 750/1299/1950 751/1195/1950
s 1
f 722/1153/1951 779/1208/1860 721/1154/1952
f 750/1241/1953 753/1303/1954 762/1301/1955
f 750/1241/1956 722/1304/1957 753/1303/1958
s 0
f 722/1289/1959 728/1181/1959 753/1305/1959
f 753/1305/1960 728/1181/1960 25/1180/1960
s 1
f 776/1302/1961 773/1257/1962 24/1249/1963
f 762/1301/1964 753/1303/1965 771/1306/1966
s 0
f 24/1249/1967 762/1292/1967 776/1302/1967
s 1
f 25/1189/1800 723/1171/1811 721/1307/1968
f 22/1308/1969 749/1211/1838 777/1230/1865
s 0
f 775/1309/1970 740/1200/1970 742/1199/1970
s 1
f 751/1195/1971 773/1257/1962 776/1302/1961
f 746/1207/1836 744/1204/1833 232/1219/1849
s 0
f 753/1310/1972 25/1189/1972 721/1307/1972
s 1
f 206/1311/1973 779/1208/1861 746/1207/1836
f 777/1230/1865 743/1312/1974 22/1308/1969
f 775/1313/1843 750/1299/1845 776/1302/1975
s 0
f 723/1171/1976 730/1137/1976 721/1307/1976
s 1
f 780/1314/1977 779/1208/1861 206/1311/1973
f 777/1230/1865 740/1200/1830 775/1309/1978
s 0
f 779/1208/1979 780/1314/1979 224/1315/1979
f 224/1315/1980 780/1314/1980 167/1316/1980
s 1
f 749/1211/1981 771/1317/1982 745/1206/1983
f 775/1309/1978 736/1318/1984 777/1230/1865
f 771/1317/1982 749/1211/1981 22/1308/1985
f 775/1319/1843 776/1320/1975 718/1297/1986
f 718/1321/1986 776/1302/1975 762/1292/1987
f 22/1308/1969 743/1312/1974 702/1322/1988
f 718/1321/1986 762/1292/1964 771/1323/1966
f 736/1318/1984 743/1312/1974 777/1230/1865
f 743/1312/1974 708/1324/1989 716/1325/1990
f 702/1322/1988 743/1312/1974 716/1325/1990
f 708/1326/1989 743/1327/1974 720/1328/1991
f 743/1327/1974 736/1329/1984 720/1328/1992
s 0
f 720/1328/1993 736/1329/1993 775/1330/1993
s 1
f 707/1331/1994 708/1326/1989 720/1328/1991
f 680/1332/1995 708/1326/1989 707/1331/1994
f 775/1319/1843 718/1297/1986 774/1215/1996
f 718/1321/1986 771/1323/1966 732/1333/1997
f 771/1317/1982 22/1308/1985 702/1322/1988
f 716/1325/1990 708/1324/1989 679/1334/1998
f 720/1335/1999 775/1319/2000 774/1215/2001
f 677/1336/2002 771/1317/1982 702/1322/1988
s 0
f 680/1332/2003 707/1331/2003 683/1337/2003
s 1
f 717/1143/2004 40/1152/2005 732/1338/2006
f 708/1324/1989 680/1339/1995 679/1334/1998
f 774/1215/2007 717/1217/2004 732/1340/2006
f 720/1328/1999 681/1341/2008 707/1331/2009
s 0
f 681/1342/2010 732/1333/2010 771/1323/2010
s 1
f 679/1334/1998 677/1336/2002 716/1325/1990
f 663/1343/2011 680/1332/2012 683/1337/2013
f 707/1331/2014 681/1341/2015 21/14/2016
f 702/1322/1988 716/1325/1990 677/1336/2002
f 662/13/15 18/12/14 670/1344/2017
s 0
f 663/1343/2018 683/1337/2018 17/1345/2018
f 18/12/2019 19/11/2019 20/15/2019
s 1
f 20/15/2020 21/14/17 681/1341/2021
f 720/1335/1999 774/1215/2001 681/1346/2008
f 774/1215/2022 732/1340/2023 681/1346/2024
f 771/1317/2025 677/1336/2026 640/10/2027
f 683/1337/2028 707/1331/2014 21/14/2029
s 0
f 670/1344/2030 18/12/2030 20/15/2030
s 1
f 681/1347/2031 771/1317/2032 640/10/2027
s 0
f 17/1345/2033 683/1337/2033 596/1348/2033
f 649/9/2034 656/1349/2034 657/1350/2034
f 640/10/2035 16/1351/2035 654/1352/2035
f 657/1350/2036 16/1351/2036 640/10/2036
s 1
f 680/1332/2012 663/1343/2011 624/1353/2037
s 0
f 617/1354/2038 19/11/2038 662/13/2038
f 681/1347/2039 640/10/2039 654/1352/2039
f 16/1351/2040 657/1350/2040 656/1349/2040
s 1
f 624/1355/2037 679/1334/2041 680/1339/2012
s 0
f 20/1356/2042 681/1357/2042 654/1358/2042
s 1
f 663/1343/2043 17/1345/2044 627/1359/2045
f 596/1348/2046 683/1337/2047 21/14/2048
s 0
f 670/1344/2049 617/1354/2049 662/13/2049
f 617/1354/2050 670/1344/2050 20/15/2050
s 1
f 677/1336/2051 679/1334/2041 624/1355/2037
s 0
f 627/1359/2052 17/1345/2052 596/1348/2052
f 656/1349/2053 649/9/2053 604/1360/2053
s 1
f 624/1353/2054 663/1343/2055 575/1361/2056
s 0
f 21/14/2057 19/11/2057 608/1362/2057
s 1
f 596/1348/2046 21/14/2048 608/1362/2058
s 0
f 16/1351/2059 656/1349/2059 604/1360/2059
s 1
f 596/1348/2060 14/1363/2061 15/1364/2062
s 0
f 654/1352/2063 16/1351/2063 604/1360/2063
s 1
f 640/10/2064 677/1336/2065 582/1365/2066
f 608/1362/2067 14/1363/2068 596/1348/2069
s 0
f 608/1362/2070 19/11/2070 617/1354/2070
f 649/9/2071 657/1350/2071 640/10/2071
s 1
f 624/1355/2072 582/1365/2072 677/1336/2072
f 627/1359/2073 596/1348/2074 555/1366/2075
s 0
f 20/1356/2076 654/1358/2076 617/1367/2076
s 1
f 575/1361/2056 663/1343/2055 627/1359/2077
f 627/1359/2078 555/1366/2079 575/1361/2080
f 564/1368/2081 640/10/2082 582/1365/2066
f 555/1366/2075 596/1348/2083 15/1364/2084
f 562/1369/2085 15/1364/2062 14/1363/2061
s 0
f 545/8/2086 640/10/2086 564/1368/2086
s 1
f 555/1366/2087 15/1364/2088 507/1370/2089
f 624/1355/2054 575/1371/2056 582/1365/2090
s 0
f 617/1367/2091 654/1358/2091 608/1372/2091
s 1
f 15/1364/2088 562/1369/2092 507/1370/2089
s 0
f 604/1360/2093 649/9/2093 545/8/2093
s 1
f 546/1373/2094 575/1361/2095 555/1366/2096
f 546/1373/2097 555/1366/2087 507/1370/2089
f 507/1370/2089 562/1369/2092 550/1374/2098
s 0
f 608/1375/2099 654/1352/2099 604/1360/2099
s 1
f 483/1376/2100 564/1368/2101 582/1365/2102
f 527/1377/2103 562/1369/2085 14/1363/2061
f 550/1374/2104 562/1369/2105 527/1377/2106
s 0
f 546/1378/2107 582/1365/2107 575/1371/2107
s 1
f 545/8/2108 564/1368/2101 483/1376/2109
f 490/1379/2110 550/1374/2104 527/1377/2106
s 0
f 608/1375/2111 604/1360/2111 545/8/2111
s 1
f 507/1370/2089 550/1374/2098 519/1380/2112
f 501/1381/2113 14/1363/2068 608/1362/2067
f 487/1382/2114 527/1377/2103 256/1383/2115
f 256/1383/2115 527/1377/2103 14/1363/2061
s 0
f 483/1376/2116 582/1365/2116 546/1378/2116
s 1
f 490/1379/2110 527/1377/2106 462/1384/2117
f 462/1384/2117 527/1377/2106 487/1382/2118
f 519/1380/2119 550/1374/2104 13/1385/2120
f 550/1374/2104 490/1379/2110 13/1385/2120
s 0
f 483/1376/2121 546/1378/2121 507/1386/2121
s 1
f 507/1386/2089 459/1387/2122 483/1376/2123
f 507/1386/2089 519/1388/2112 459/1387/2122
s 0
f 501/1389/2124 608/1375/2124 483/1376/2124
s 1
f 454/1390/2125 13/1385/2120 490/1379/2110
f 454/1390/2125 490/1379/2110 462/1384/2117
f 459/1387/2122 519/1388/2112 447/1391/2126
f 608/1375/2127 545/8/2108 483/1376/2109
f 487/1382/2114 256/1383/2115 468/1392/2128
f 519/1380/2119 13/1385/2120 447/1393/2129
f 462/1384/2117 487/1382/2118 468/1392/2130
f 14/1363/2131 501/1381/2132 256/1383/2133
s 0
f 501/1389/2134 483/1376/2134 459/1387/2134
s 1
f 13/1385/2120 454/1390/2125 402/1394/2135
f 13/1385/2120 402/1394/2135 447/1393/2129
f 411/1395/2136 256/1396/2133 501/1389/2132
f 454/1390/2125 462/1384/2117 422/1397/2137
f 411/1395/2136 501/1389/2132 459/1387/2138
f 422/1397/2137 462/1384/2117 395/1398/2139
f 468/1399/2128 256/1400/2115 417/1401/2140
f 422/1402/2137 395/1403/2139 421/1404/2141
f 459/1387/2142 447/1391/2143 402/1405/2144
f 391/1406/2145 454/1390/2125 422/1397/2137
f 462/1384/2117 468/1392/2130 395/1398/2139
f 370/1407/2146 411/1395/2147 459/1387/2138
f 402/1394/2135 454/1390/2125 391/1406/2145
f 422/1402/2137 421/1404/2141 378/1408/2148
f 468/1409/2130 374/1410/2149 395/1403/2139
f 459/1387/2142 402/1405/2144 370/1407/2150
f 378/1408/2148 421/1404/2141 353/1411/2151
f 421/1404/2141 395/1403/2139 374/1410/2149
f 374/1410/2149 468/1409/2130 388/1412/2152
f 402/1405/2144 391/1413/2153 370/1407/2150
f 417/1414/2140 388/1412/2154 468/1409/2128
f 256/1400/2133 411/1415/2136 417/1401/2155
f 378/1408/2148 391/1416/2145 422/1402/2137
f 421/1404/2141 374/1410/2149 353/1411/2151
f 417/1414/2140 368/1417/2156 388/1412/2154
f 370/1418/2157 391/1416/2158 378/1408/2159
f 370/1418/2157 378/1408/2159 353/1411/2160
f 374/1410/2149 388/1412/2152 12/1419/2161
f 368/1417/2156 346/1420/2162 388/1412/2154
f 12/1419/2163 388/1412/2164 346/1420/2165
f 353/1411/2151 374/1410/2149 315/1421/2166
f 309/1422/2167 417/1401/2155 411/1415/2136
f 309/1422/2167 368/1423/2168 417/1401/2155
f 370/1418/2169 353/1411/2170 332/1424/2171
f 315/1421/2166 374/1410/2149 12/1419/2161
f 309/1422/2172 411/1415/2173 176/1425/2174
s 0
f 167/1426/2175 5/1427/2175 9/4/2175
f 265/6/2176 9/4/2176 5/1427/2176
s 1
f 176/1425/2174 411/1415/2147 370/1418/2146
f 315/1421/2166 12/1419/2161 282/1428/2177
f 282/1428/2178 12/1419/2163 214/1429/2179
f 12/1419/2163 346/1420/2165 214/1429/2179
s 0
f 10/7/2180 6/2/2180 265/6/2180
s 1
f 353/1411/2170 315/1421/2181 332/1424/2171
s 0
f 11/1430/2182 5/1427/2182 195/1431/2182
f 238/1432/2183 167/1316/2183 780/1314/2183
s 1
f 332/1424/2171 315/1421/2181 176/1425/2184
f 194/1433/2185 746/1207/1836 3/1434/2186
s 0
f 224/5/2187 167/1426/2187 9/4/2187
f 10/7/2188 265/6/2188 4/1435/2188
f 265/6/2189 5/1427/2189 11/1430/2189
f 11/1436/2190 195/1437/2190 368/1423/2190
s 1
f 315/1421/2181 282/1428/2191 176/1425/2184
f 346/1420/2162 368/1417/2156 195/1438/2192
f 746/1207/1836 232/1219/1849 3/1434/2186
s 0
f 272/1439/2193 10/7/2193 4/1435/2193
s 1
f 778/1226/1862 745/1227/1835 144/1440/2194
f 206/1311/2195 746/1207/1836 194/1433/2185
f 144/1440/2196 745/1227/1983 771/1441/1982
f 218/1442/2197 217/1443/2198 4/1435/2199
s 0
f 370/1418/2200 332/1424/2200 176/1425/2200
f 5/1427/2201 167/1426/2201 195/1431/2201
s 1
f 224/1315/2202 721/1154/1952 779/1208/1860
f 217/1443/2198 218/1442/2197 2/1444/2203
f 147/1445/2204 346/1446/2205 195/1447/2206
f 780/1314/2207 206/1311/2195 225/1448/2208
f 272/1439/2209 165/1449/2210 10/7/2211
s 0
f 217/1443/2212 272/1439/2212 4/1435/2212
s 1
f 4/1435/2213 265/6/2214 11/1430/2215
s 0
f 214/1429/2216 346/1420/2216 207/1450/2216
s 1
f 238/1432/2217 780/1314/2207 225/1448/2218
f 144/1440/2194 194/1433/2185 3/1434/2186
s 0
f 368/1423/2219 309/1422/2219 11/1436/2219
s 1
f 144/1440/2194 232/1219/1849 778/1226/1862
f 232/1219/1849 144/1440/2194 3/1434/2186
f 176/1425/2184 282/1428/2191 130/1451/2220
f 207/1452/2221 346/1446/2222 147/1445/2204
s 0
f 282/1428/2223 214/1429/2223 207/1450/2223
s 1
f 81/1453/2224 753/1454/1965 721/1455/2225
f 224/5/2226 10/7/2227 165/1449/2210
s 0
f 282/1428/2228 207/1450/2228 130/1451/2228
s 1
f 771/1456/1966 753/1454/1965 81/1453/2224
f 195/1447/2229 167/1316/2230 141/1457/2231
f 238/1432/2232 225/1448/2233 141/1457/2234
f 165/1449/2235 721/1455/2225 224/5/2236
f 206/1311/2195 194/1433/2185 136/1458/2237
s 0
f 165/1449/2238 272/1439/2238 217/1443/2238
s 1
f 167/1316/2230 238/1432/2239 141/1457/2231
f 144/1440/2240 771/1441/2241 127/1459/2242
f 147/1445/2243 195/1447/2229 141/1457/2231
f 225/1448/2208 206/1311/2195 136/1458/2237
f 91/1460/2244 141/1457/2234 225/1448/2233
f 218/1442/2245 4/1435/2213 11/1430/2215
s 0
f 217/1443/2246 86/1461/2246 165/1449/2246
f 86/1461/2247 217/1443/2247 2/1444/2247
s 1
f 74/1462/2248 207/1452/2221 147/1445/2204
f 127/1459/2249 194/1433/2185 144/1440/2194
f 771/1441/2241 81/1463/2250 127/1459/2242
f 165/1449/2235 81/1453/2251 721/1455/2225
f 207/1450/2221 95/1464/2252 130/1451/2253
f 136/1458/2237 194/1433/2185 127/1459/2249
s 0
f 218/1442/2254 11/1430/2254 2/1444/2254
s 1
f 11/1436/2255 309/1422/2256 176/1425/2257
s 0
f 176/1425/2258 130/1451/2258 95/1464/2258
s 1
f 225/1448/2208 136/1458/2237 91/1460/2259
f 1/1465/2260 74/1462/2261 147/1445/2243
f 91/1460/2259 136/1458/2237 81/1463/2262
f 81/1463/2262 136/1458/2237 127/1459/2249
f 147/1445/2243 141/1457/2231 1/1465/2260
s 0
f 86/1461/2263 2/1444/2263 11/1430/2263
f 81/1453/2264 165/1449/2264 86/1461/2264
s 1
f 95/1466/2252 207/1452/2221 74/1462/2248
f 11/1436/2255 176/1425/2257 95/1464/2265
f 1/1465/2266 141/1457/2267 91/1460/2268
s 0
f 91/1460/2269 81/1463/2269 50/1467/2269
s 1
f 74/1462/2261 1/1465/2270 50/1467/2271
f 91/1460/2268 50/1467/2272 1/1465/2266
s 0
f 86/1461/2273 11/1430/2273 95/1468/2273
f 74/1462/2274 50/1467/2274 95/1466/2274
f 81/1453/2275 86/1461/2275 95/1468/2275
f 95/1466/2276 50/1467/2276 81/1463/2276
