# Blender 4.3.2
# www.blender.org
o model
v 0.267062 0.335340 0.308487
v -0.948736 0.000132 -0.947671
v 0.260769 0.323345 0.307890
v 0.251859 0.306718 0.310094
v 0.195425 0.125041 0.752864
v 0.206900 0.078390 0.757147
v 0.188896 0.075522 0.743525
v 0.278857 0.135989 0.793442
v 0.283201 0.078194 0.800557
v 0.257143 0.091731 0.801047
v 0.518206 0.859473 -0.339879
v 0.573257 0.838320 -0.351358
v 0.538739 0.822589 -0.283109
v 0.506709 0.824466 -0.311564
v 0.499765 0.851913 -0.349444
v 0.502746 0.906868 -0.333437
v 0.306810 0.701784 -0.279305
v 0.538991 0.704425 -0.282432
v 0.515381 0.784174 -0.314040
v -0.948473 0.060960 -0.950444
v 0.479196 0.621726 -0.244692
v 0.513472 0.703412 -0.329159
v 0.479622 0.722157 -0.359775
v 0.445702 0.598819 -0.289401
v -0.948032 0.060531 -0.859825
v -0.948236 0.060621 -0.866168
v -0.948590 0.060113 -0.865625
v 0.439536 0.660783 -0.315394
v 0.478444 0.776623 -0.358076
v 0.468300 0.727705 -0.332990
v 0.451951 0.819892 -0.333149
v 0.462710 0.661987 -0.348209
v -0.948318 0.058682 -0.731712
v 0.481292 0.629487 -0.314846
v 0.415583 0.781837 -0.368910
v 0.378607 0.610193 -0.305888
v 0.400109 0.674752 -0.323624
v 0.338950 0.795248 -0.316569
v 0.373316 0.664448 -0.346981
v 0.384279 0.746800 -0.335028
v 0.405496 0.699765 -0.372182
v 0.344858 0.751353 -0.347351
v 0.334307 0.658804 -0.309192
v 0.351706 0.630926 -0.250658
v -0.948590 0.060642 -0.865212
v -0.948236 0.060621 -0.864394
v -0.829156 0.208918 -0.553057
v -0.542303 0.126077 -0.777198
v -0.848748 0.375193 -0.217394
v -0.629009 0.310493 -0.072627
v -0.870048 0.342619 0.076590
v -0.839352 0.247528 -0.097550
v -0.830922 0.359979 -0.120513
v -0.601083 0.507340 -0.003611
v -0.609674 0.458234 -0.006285
v -0.838479 0.220078 0.368745
v -0.641912 0.404783 -0.006106
v -0.641469 0.402997 0.038302
v -0.613973 0.307316 0.105955
v -0.635225 0.352288 0.071093
v 0.039262 0.087594 -0.668390
v -0.628886 0.301427 0.149829
v -0.622040 0.372414 0.203595
v -0.637299 0.376742 0.233120
v -0.617855 0.331677 0.266922
v 0.198888 0.088178 -0.658542
v 0.005735 0.274069 -0.672580
v -0.619258 0.401119 0.295690
v 0.042895 0.156279 -0.650265
v -0.615153 0.471134 0.234779
v 0.202574 0.156185 -0.661898
v -0.781740 0.200582 0.664403
v -0.449882 0.761555 -0.158261
v -0.251735 0.774962 -0.231714
v -0.241275 0.779983 -0.235141
v -0.158495 0.550490 -0.125871
v -0.034741 0.698338 -0.121376
v 0.224086 0.166546 -0.711576
v 0.223583 0.140155 -0.755157
v 0.222007 0.168614 -0.714098
v -0.613547 0.476952 0.297453
v -0.438539 0.761411 -0.132828
v -0.196039 0.564183 0.065479
v -0.596322 0.536894 0.264102
v -0.638689 0.379858 0.396380
v -0.754474 0.234501 0.475610
v -0.583548 0.744347 -0.623302
v -0.093047 0.744337 -0.319725
v -0.354352 0.745185 -0.251049
v -0.511500 0.765689 -0.162737
v -0.404064 0.745155 -0.301028
v -0.368403 0.820203 -0.289262
v -0.032960 0.711713 -0.362886
v -0.606699 0.766760 -0.163797
v -0.487831 0.796615 -0.232699
v -0.064826 0.767505 -0.642626
v -0.011960 0.692124 -0.625629
v -0.016141 0.705734 -0.611621
v -0.015107 0.873566 -0.455192
v -0.013172 0.884148 -0.619738
v -0.032654 0.887125 -0.193153
v -0.032655 0.887476 -0.625449
v -0.014394 0.886385 -0.195235
v -0.948455 0.000119 -0.297304
v -0.035730 0.723640 -0.199615
v -0.059035 0.727964 -0.376325
v -0.021292 0.678310 -0.186491
v -0.016730 0.706640 -0.211601
v -0.510364 0.873825 -0.287326
v -0.524974 0.799134 -0.260825
v -0.504410 0.811034 -0.252418
v -0.537084 0.803875 -0.289697
v -0.543564 0.795347 -0.228035
v -0.552995 0.746910 -0.300219
v -0.476343 0.750306 -0.296873
v -0.490014 0.793464 -0.299332
v -0.529797 0.763964 -0.435271
v -0.224510 0.811197 -0.434332
v -0.253917 0.748193 -0.467351
v -0.250789 0.813523 -0.469664
v -0.331363 0.927665 -0.477096
v -0.355905 0.929033 -0.398991
v -0.425970 0.929662 -0.395921
v -0.402375 0.930358 -0.498865
v -0.474859 0.910008 -0.404157
v -0.496063 0.891615 -0.486551
v -0.279942 0.848064 -0.508925
v -0.454426 0.889344 -0.351447
v -0.347125 0.894031 -0.545404
v -0.337087 0.904641 -0.354495
v -0.444860 0.928556 -0.470004
v -0.282583 0.894918 -0.411352
v -0.451573 0.894647 -0.529778
v -0.385304 0.831897 -0.316876
v -0.465903 0.839667 -0.342786
v -0.259502 0.825314 -0.426478
v -0.310080 0.829123 -0.547607
v -0.460521 0.819705 -0.324746
v -0.303859 0.832593 -0.347474
v -0.503465 0.830274 -0.498488
v -0.369683 0.829957 -0.566714
v -0.517804 0.769297 -0.388405
v -0.507432 0.830060 -0.382087
v -0.286121 0.769066 -0.542708
v -0.470766 0.769155 -0.330022
v -0.535262 0.816345 -0.464248
v -0.544330 0.811595 -0.421153
v -0.475612 0.829286 -0.544101
v -0.414707 0.801774 -0.574993
v -0.534413 0.744922 -0.417480
v -0.294472 0.819879 -0.337557
v -0.529970 0.774181 -0.439680
v -0.530003 0.773391 -0.456459
v -0.499676 0.769620 -0.535334
v -0.358209 0.758433 -0.313187
v -0.089518 0.766154 -0.625558
v -0.527132 0.800670 -0.253647
v -0.523659 0.963347 -0.253708
v -0.524280 0.803093 -0.249011
v -0.586352 0.745485 -0.445986
v -0.530732 0.746905 -0.470143
v -0.281623 0.743963 -0.541141
v -0.032083 0.737453 -0.365394
v -0.201095 0.744609 -0.471928
v -0.249355 0.757959 -0.416594
v -0.550140 0.748215 -0.232314
v -0.588233 0.763195 -0.192075
v -0.103812 0.744215 -0.623616
v -0.059670 0.729759 -0.325374
v -0.402378 0.745993 -0.607735
v -0.041651 0.673342 -0.426648
v -0.369197 0.755100 -0.571026
v -0.027119 0.674127 -0.686803
v -0.009903 0.692813 -0.194942
v -0.039622 0.696324 -0.626577
v -0.202012 0.744709 -0.422859
v -0.487239 0.744480 -0.547115
v -0.588129 0.765869 -0.626126
v -0.058515 0.731189 -0.600212
v -0.047711 0.674003 -0.668571
v -0.606643 0.764830 -0.265086
v -0.652307 0.697435 -0.252943
v -0.045965 0.694265 -0.700846
v -0.016272 0.695672 -0.660781
v -0.047544 0.707358 -0.592567
v -0.035096 0.727091 -0.606812
v -0.046629 0.704951 -0.376032
v -0.033057 0.698181 -0.196215
v -0.047623 0.707402 -0.331817
v -0.055342 0.714364 -0.193189
v -0.066749 0.765048 -0.163725
v -0.064441 0.765570 -0.388821
v -0.471915 0.742945 -0.210270
v -0.301230 0.755477 -0.333949
v -0.026458 0.675334 -0.127031
v -0.509664 0.699291 -0.118541
v -0.612793 0.765750 -0.373719
v -0.543723 0.060500 -0.950210
v -0.394990 0.745716 -0.252116
v -0.444346 0.697286 -0.113199
v -0.257642 0.588373 0.122749
v 0.228652 0.320085 -0.689230
v -0.412385 0.599020 0.161551
v -0.654663 0.405737 0.513764
v -0.667543 0.228424 0.679260
v -0.002233 0.552997 -0.478220
v -0.294342 0.551739 0.192794
v 0.428214 0.217128 -0.697154
v 0.311632 0.348005 -0.691313
v -0.594063 0.553826 0.525098
v -0.027890 0.432276 -0.265905
v -0.022830 0.404087 -0.284173
v 0.240466 0.521344 -0.572657
v -0.630410 0.469285 0.739039
v -0.310303 0.554744 0.307857
v -0.309280 0.555462 0.366557
v -0.278690 0.555069 0.491473
v -0.302117 0.595140 0.438358
v 0.638317 0.194499 -0.682799
v -0.071190 0.495976 0.245829
v 0.649391 0.194480 -0.765444
v -0.112802 0.408563 0.045304
v -0.294758 0.593175 0.491167
v -0.305806 0.553045 0.475902
v -0.549942 0.548414 0.754785
v -0.540482 0.223207 0.817007
v 0.244072 0.518644 -0.330638
v -0.068755 0.403525 0.297242
v -0.127827 0.486852 0.500374
v -0.066782 0.500006 0.565311
v -0.534456 0.558471 0.688071
v -0.558021 0.549995 0.710183
v 0.503382 0.554295 -0.590952
v 0.264994 0.405546 -0.302752
v 0.690684 0.074267 -0.660400
v 0.353363 0.492808 -0.409098
v -0.076055 0.489944 0.541225
v -0.071600 0.405017 0.520034
v 0.028969 0.298631 -0.174500
v -0.066133 0.406044 0.564606
v -0.360902 0.060645 0.943583
v 0.702590 0.073869 -0.575710
v 0.253269 0.400613 -0.253436
v 0.241598 0.292882 -0.232288
v 0.242112 0.162427 -0.253271
v 0.018519 0.164473 -0.252890
v 0.067134 0.171278 -0.253372
v 0.033174 0.276849 -0.210657
v 0.035985 0.159260 -0.213234
v 0.019276 0.065106 -0.252005
v 0.061716 0.094257 -0.251839
v 0.013524 0.074607 -0.131036
v -0.133733 0.267161 0.580151
v -0.157923 0.250593 0.590517
v -0.163642 0.246284 0.600573
v -0.166684 0.261806 0.584844
v -0.163578 0.285696 0.559076
v 0.084655 0.179638 0.411844
v 0.070600 0.162929 0.419306
v -0.028318 0.231667 0.639381
v -0.162615 0.246946 0.639775
v -0.007956 0.225039 0.431385
v -0.087362 0.244687 0.440371
v -0.002884 0.239053 0.499388
v -0.002806 0.269665 0.453244
v -0.149259 0.329550 0.494819
v -0.199041 0.154677 0.369447
v -0.192677 0.549007 0.759613
v 0.077718 0.390807 -0.199726
v 0.128827 0.368952 -0.189791
v 0.101615 0.395030 -0.174519
v 0.147371 0.402915 -0.195182
v 0.113819 0.333553 -0.161816
v 0.187095 0.118433 -0.208332
v 0.168670 0.135028 -0.142133
v 0.067482 0.168721 -0.127629
v 0.083673 0.297295 -0.119372
v 0.153569 0.296790 -0.130895
v 0.184326 0.285776 -0.176472
v 0.129243 0.173057 -0.119415
v 0.177302 0.185971 -0.156796
v 0.182355 0.089389 -0.156051
v 0.179628 0.307908 -0.218211
v 0.095667 0.119157 -0.115334
v 0.181349 0.163726 -0.217703
v 0.034918 0.168781 -0.172724
v -0.013464 0.101547 -0.162623
v 0.289394 0.313148 -0.254039
v -0.113673 0.473995 0.738785
v 0.682661 0.456930 -0.628787
v -0.473915 0.292637 0.756543
v 0.701638 0.393160 -0.555113
v 0.323233 0.372279 -0.231625
v 0.323328 0.077156 -0.226507
v -0.224501 0.336580 0.291255
v -0.147987 0.373962 0.680798
v 0.428736 0.642356 -0.522584
v 0.409586 0.763986 -0.485573
v 0.428965 0.838105 -0.517905
v 0.426687 0.750663 -0.388751
v 0.318750 0.072380 -0.187768
v -0.198052 0.166393 0.064170
v -0.071539 0.305351 0.071383
v -0.178353 0.321530 0.294343
v 0.044668 0.158702 0.368561
v -0.017866 0.255517 0.607087
v -0.032741 0.255727 0.605980
v 0.570290 0.540437 -0.567975
v 0.015889 0.191577 0.301812
v 0.429916 0.556972 -0.352552
v -0.222748 0.162300 0.268530
v -0.067027 0.159755 0.302162
v -0.078328 0.155884 0.366774
v -0.145255 0.292114 0.282487
v -0.112792 0.336106 0.367398
v -0.117603 0.315346 0.291050
v -0.155635 0.333545 0.379046
v -0.130917 0.269788 0.382301
v -0.117828 0.253353 0.315567
v -0.099779 0.253491 0.370419
v -0.075048 0.317755 0.305740
v -0.076989 0.313328 0.372551
v -0.057114 0.235747 0.363801
v 0.004625 0.277960 0.341768
v -0.065994 0.234490 0.317621
v -0.061166 0.216146 0.293949
v -0.086384 0.216218 0.373359
v -0.204672 0.225150 0.815312
v 0.419575 0.610834 -0.479504
v -0.174913 0.134054 0.444494
v 0.306684 0.155173 0.441001
v 0.740432 0.400161 -0.559515
v 0.317248 0.154353 0.520868
v 0.804793 0.071331 -0.547859
v 0.530028 0.450836 -0.239604
v -0.069874 0.071240 0.381049
v -0.289446 0.254972 0.780508
v 0.716533 0.213618 -0.580675
v 0.424289 0.612272 -0.437383
v 0.407759 0.581341 -0.450332
v 0.529293 0.559784 -0.506885
v -0.226008 0.261879 0.156555
v -0.827196 0.381165 -0.407331
v 0.147082 0.156751 0.652416
v 0.151490 0.130988 -0.021805
v 0.036798 0.058256 0.392749
v 0.039800 0.058350 0.030637
v 0.569839 0.581885 -0.521616
v 0.522615 0.615620 -0.503930
v 0.526023 0.682809 -0.510724
v 0.503366 0.675761 -0.491711
v 0.511912 0.734104 -0.498725
v 0.499586 0.683665 -0.526595
v 0.490967 0.610596 -0.514972
v 0.502666 0.569700 -0.493189
v 0.523133 0.601225 -0.447682
v 0.640015 0.662528 -0.532751
v 0.580253 0.739420 -0.471939
v 0.566769 0.808388 -0.395778
v 0.591547 0.746259 -0.337945
v -0.276926 0.000042 0.156221
v 0.664957 0.717331 -0.540109
v 0.545978 0.764037 -0.379063
v 0.610245 0.811176 -0.507886
v 0.699989 0.638325 -0.479828
v 0.586593 0.692527 -0.347829
v 0.590010 0.681111 -0.443316
v 0.656710 0.656297 -0.363009
v 0.547970 0.692192 -0.427829
v 0.542022 0.781518 -0.447760
v 0.585732 0.771152 -0.526792
v -0.846285 0.062679 -0.588490
v 0.545938 0.732983 -0.469778
v 0.580175 0.653860 -0.402717
v 0.574491 0.681999 -0.499481
v 0.626196 0.601639 -0.440901
v -0.843884 0.063442 -0.508798
v 0.637126 0.597838 -0.458820
v 0.599512 0.624914 -0.457844
v 0.483376 0.611308 -0.424209
v 0.465232 0.607779 -0.392230
v 0.515585 0.577387 -0.463161
v 0.498982 0.566854 -0.408602
v 0.486450 0.731244 -0.425926
v 0.532722 0.555155 -0.403986
v 0.504615 0.671987 -0.382801
v 0.525138 0.678076 -0.401821
v 0.403779 0.840416 -0.487238
v 0.430903 0.826116 -0.475151
v 0.425304 1.118895 -0.476844
v 0.422549 0.993813 -0.479959
v 0.428887 0.901602 -0.481386
v 0.425230 0.902588 -0.476732
v 0.416407 0.852844 -0.479670
v 0.449257 0.919908 -0.458940
v 0.489997 0.838096 -0.397310
v 0.519719 0.801385 -0.348977
v 0.509651 0.819336 -0.372861
v 0.516283 0.843592 -0.414765
v 0.494074 0.799158 -0.385378
v 0.493497 0.816779 -0.355817
v 0.494650 0.803630 -0.383008
v 0.495121 0.769641 -0.396387
v 0.493489 0.840799 -0.391919
v 0.442861 0.839299 -0.384148
v 0.517649 0.748976 -0.391750
v 0.463388 0.738262 -0.376103
v 0.485575 0.840292 -0.417644
v 0.496089 0.833795 -0.419824
v 0.491009 0.841944 -0.417201
v 0.488356 1.151153 -0.480335
v 0.493360 0.844106 -0.499215
v 0.484072 0.973393 -0.481893
v 0.490477 0.832205 -0.477091
v 0.490690 1.119557 -0.476080
v 0.485855 1.139633 -0.478985
v 0.555716 1.147655 -0.392164
v 0.539697 1.203319 -0.420905
v 0.559198 1.093345 -0.435049
v 0.520733 1.132999 -0.444800
v 0.519718 1.105195 -0.432113
v 0.527742 1.203096 -0.478552
v 0.495870 1.176813 -0.437981
v 0.531889 1.121472 -0.495539
v 0.492893 1.148607 -0.421353
v 0.487598 1.150186 -0.420371
v 0.490642 1.134036 -0.421854
v 0.483742 0.905905 -0.421118
v 0.480915 0.909988 -0.425220
v 0.453153 0.830825 -0.443186
v 0.463221 0.928848 -0.450276
v 0.456969 1.301868 -0.451399
v 0.469875 1.189658 -0.454188
v 0.443730 1.173262 -0.464305
v 0.447227 1.191632 -0.441938
v 0.461790 1.006687 -0.446080
v 0.448757 0.927109 -0.457018
v 0.460380 0.923828 -0.460314
v 0.467717 0.825959 -0.452859
v 0.519715 0.841724 -0.488683
v 0.507658 0.761002 -0.482300
v 0.523901 0.740830 -0.412666
v 0.463785 0.838307 -0.504761
v 0.529282 0.744852 -0.494866
v 0.489379 0.678248 -0.403162
v 0.520317 0.616491 -0.410168
v 0.487996 0.610164 -0.396536
v 0.511097 0.587457 -0.381782
v 0.476475 0.554077 -0.362425
v 0.506965 0.548246 -0.302695
v -0.180562 0.056859 0.723111
v -0.078924 0.071696 0.716023
v 0.134269 0.135692 0.077222
v 0.134673 0.068700 0.311328
v 0.048853 0.059840 0.342865
v 0.641237 0.488477 -0.484828
v 0.230258 0.071583 0.317718
v 0.602320 0.556802 -0.487301
v 0.535653 0.555951 -0.334409
v 0.401013 0.052692 0.368310
v 0.768221 0.074826 -0.537605
v 0.380823 0.122228 0.375010
v -0.064736 0.108763 0.713984
v 0.022048 0.068068 0.716071
v 0.322006 0.130538 0.341986
v 0.329799 0.081390 0.359838
v 0.035936 0.062328 0.943412
v 0.332935 0.086595 0.234925
v 0.223404 0.158988 0.684284
v 0.107516 0.111703 0.716368
v 0.702727 0.393271 -0.358550
v 0.657082 0.456055 -0.289982
v 0.449192 0.153863 0.565191
v 0.104849 0.064093 0.717043
v 0.149900 0.066830 0.731730
v 0.703210 0.245146 -0.361429
v 0.693720 0.360155 -0.363475
v 0.744479 0.209412 -0.469371
v 0.652391 0.350974 -0.215413
v 0.691269 0.349480 -0.254349
v 0.646189 0.372278 -0.231835
v 0.651753 0.381779 -0.208348
v 0.701544 0.382208 -0.251521
v 0.695908 0.376472 -0.292984
v 0.685178 0.460471 -0.275727
v 0.643091 0.345349 -0.233594
v 0.638296 0.456779 -0.240270
v 0.693089 0.323619 -0.256969
v 0.653006 0.329675 -0.220847
v -0.719370 0.169784 -0.274826
v 0.145449 0.111383 0.731802
v -0.545681 0.215021 -0.784868
v 0.576874 0.171854 -0.412091
v 0.568243 0.289094 -0.229194
v 0.576611 0.219367 -0.547291
v 0.309071 0.219482 -0.488625
v 0.306534 0.219444 -0.547757
v 0.577927 0.219797 -0.229472
v 0.577176 0.219587 -0.397366
v -0.705023 0.069658 -0.591968
v 0.405865 0.064280 0.117133
v 0.472207 0.135106 0.508338
v 0.425014 0.114465 0.066835
v 0.420824 0.114277 0.088851
v 0.552153 0.081114 0.518195
v 0.506226 0.088013 0.521713
v 0.243848 0.196693 0.728381
v 0.548633 0.077739 0.585213
v 0.533095 0.067325 0.195787
v 0.459746 0.142692 0.213998
v 0.544456 0.132595 0.202822
v 0.238301 0.086445 0.732844
v 0.302504 0.074449 0.735593
v 0.231401 0.167884 0.754982
v 0.481623 0.130929 0.065216
v 0.620840 0.193935 0.060157
v 0.623039 0.176496 0.056973
v 0.645684 0.181270 0.058040
v 0.643392 0.192889 0.057265
v 0.443823 0.148070 0.734477
v 0.570815 0.218245 0.193317
v 0.547942 0.258277 0.080967
v 0.548599 0.257091 0.148945
v 0.472047 0.253209 0.150573
v 0.467543 0.229058 0.074130
v 0.562638 0.227103 0.060553
v 0.468343 0.253646 0.088604
v 0.520361 0.209043 0.027455
v 0.554194 0.223008 0.151791
v 0.448890 0.227472 0.155049
v 0.569861 0.221485 0.152558
v 0.889492 0.119081 0.088940
v 0.892081 0.115887 0.129113
v 0.836440 0.090621 0.134626
v 0.839199 0.113144 0.064339
v 0.784580 0.060412 0.060181
v 0.503743 0.108087 0.727112
v 0.748513 0.140300 0.139412
v 0.890289 0.114493 0.067331
v 0.864046 0.111970 0.021814
v 0.852803 0.132107 0.020682
v 0.774004 0.138657 0.013343
v 0.669761 0.225309 0.045082
v 0.774046 0.222247 0.047330
v 0.753940 0.239096 0.092823
v 0.790353 0.208591 0.189141
v 0.877468 0.142765 0.156429
v 0.901333 0.169241 0.170257
v 0.885120 0.148867 0.044746
v 0.932260 0.213529 0.155912
v 0.851410 0.230470 0.106507
v 0.932763 0.213901 0.050013
v 0.880954 0.218998 0.170039
v 0.869505 0.221914 0.037038
v 0.904081 0.172672 0.045090
v 0.851911 0.223387 0.180535
v 0.779888 0.232101 0.105824
v 0.850163 0.152146 0.176305
v 0.776683 0.155998 0.175395
v 0.773600 0.210796 0.169472
v 0.759627 0.234615 0.140179
v 0.674377 0.221844 0.172704
v 0.782103 0.170104 0.023282
v 0.851052 0.145698 0.041647
v 0.710874 0.153116 0.171677
v 0.715465 0.087529 0.205728
v 0.585427 0.087918 0.206357
v 0.582683 0.150055 0.207453
v 0.659422 0.092700 0.207441
v 0.579371 0.088716 0.161963
v 0.594414 0.150068 0.161123
v 0.645834 0.086094 0.165585
v 0.655328 0.149655 0.207272
v 0.720909 0.148581 0.206471
v 0.719087 0.090635 0.160934
v 0.719423 0.147717 0.161660
v 0.701156 0.241753 0.105789
v 0.672630 0.154313 0.173830
v 0.874620 0.123279 0.183026
v -0.843121 0.093433 -0.563279
v -0.844424 0.094601 -0.533926
v -0.948417 0.060759 -0.297053
v 0.858331 0.143136 0.211950
v 0.771575 0.131354 0.199330
v 0.853011 0.113518 0.195109
v 0.661708 0.154875 0.146483
v 0.774730 0.150107 0.050254
v 0.931572 0.000068 -0.131289
v 0.838648 0.067201 0.053747
v 0.324089 0.060677 0.943410
v 0.705613 0.059178 0.943495
v 0.931649 0.000074 0.436890
v 0.931407 0.000171 0.937260
v -0.597789 0.063640 -0.793842
v 0.945950 0.060539 0.943594
v -0.668808 0.065388 -0.711111
v 0.371650 0.000041 0.937237
v 0.455417 0.000063 0.290023
v 0.948832 0.060232 -0.297212
v -0.846008 0.063217 -0.428372
v -0.847763 0.095676 -0.406844
v -0.849746 0.063057 -0.269583
v 0.705566 0.065404 0.732404
v -0.535712 0.063931 -0.797392
v 0.502386 0.078250 0.731436
v 0.706928 0.072384 0.373848
v -0.597963 0.066826 -0.722461
v -0.715603 0.167123 -0.510161
v -0.715768 0.070285 -0.509949
v -0.847152 0.064221 -0.345382
v 0.947027 0.062203 0.368366
v -0.706525 0.165707 -0.591656
v -0.844882 0.092333 -0.370794
v 0.383319 0.082187 0.731103
v -0.716523 0.068226 -0.278756
v 0.773946 0.071414 0.017253
v 0.324422 0.076067 0.783550
v -0.580818 0.127552 -0.768292
v -0.830065 0.279137 -0.536041
v 0.876777 0.111320 0.151164
v 0.653748 0.219506 0.156631
v 0.683608 0.164751 0.039301
v 0.827717 0.063354 0.189110
v 0.825860 0.118561 0.142525
v 0.781626 0.064340 0.193822
v 0.780819 0.141237 0.158830
v -0.648624 0.165427 -0.721548
v -0.843727 0.329441 -0.589689
v -0.846997 0.355103 -0.425878
v 0.792320 0.056377 0.153726
v 0.831623 0.114055 0.105048
v 0.812066 0.074937 0.069562
v 0.788815 0.078310 0.135362
v 0.753140 0.143542 0.079363
v 0.778254 0.124249 0.062655
v 0.645368 0.199654 0.172796
v 0.618297 0.177247 0.163544
v 0.650340 0.218644 0.065118
v 0.666083 0.156857 0.054444
v 0.648149 0.088960 0.004982
v 0.581241 0.090566 0.005064
v 0.585201 0.085929 0.052136
v 0.580570 0.150006 0.006020
v 0.590083 0.149113 0.052845
v -0.843962 0.344146 -0.561628
v 0.720385 0.091313 0.006374
v 0.719007 0.087104 0.052277
v 0.655344 0.090020 0.052256
v 0.655310 0.151106 0.004685
v 0.723374 0.152186 0.023347
v -0.717128 0.143393 -0.430302
v 0.709285 0.143426 0.054088
v 0.747703 0.064840 0.146158
v -0.849685 0.062370 -0.197427
v 0.461066 0.167851 0.025824
v 0.554673 0.158393 0.030652
v 0.429145 0.217640 0.068511
v 0.415014 0.182080 0.043062
v 0.403283 0.216578 0.154549
v 0.748107 0.063681 0.071124
v 0.563722 0.175669 0.162970
v 0.571615 0.194692 0.169698
v 0.574034 0.198311 0.054643
v -0.210700 0.000108 -0.947748
v 0.569492 0.201068 0.167631
v 0.551836 0.152435 0.056391
v -0.834986 0.090504 -0.242598
v 0.328484 0.080410 0.736221
v 0.651960 0.058073 0.147711
v 0.512843 0.201579 0.200448
v 0.653321 0.154645 0.068674
v 0.716337 0.050873 0.369939
v 0.417989 0.177758 0.172740
v 0.443840 0.145369 0.057356
v 0.631772 0.182134 0.053668
v 0.631724 0.176699 0.053494
v -0.535615 0.068493 -0.722229
v -0.718349 0.069397 -0.345405
v 0.930907 0.000005 -0.471551
v 0.380578 0.120767 0.731648
v 0.464107 0.201057 0.201664
v 0.539161 0.126067 0.057112
v 0.600389 0.169651 0.053890
v 0.497727 0.080968 0.672257
v -0.850432 0.341688 -0.514281
v -0.831526 0.252441 -0.372488
v 0.465766 0.136623 0.016371
v 0.460193 0.157928 0.188743
v 0.552248 0.149759 0.073867
v 0.221064 0.069047 0.782400
v 0.304655 0.296818 0.729239
v 0.318263 0.313215 0.725780
v 0.308231 0.408824 0.738294
v 0.302338 0.394789 0.727199
v 0.272491 0.359665 0.727766
v 0.307659 0.318662 0.735186
v 0.250877 0.263800 0.753430
v 0.241518 0.272826 0.740860
v 0.303005 0.210384 0.756253
v 0.233332 0.428764 0.760111
v 0.239834 0.258794 0.758708
v 0.242312 0.315095 0.726862
v 0.232828 0.465141 0.637691
v 0.233805 0.464598 0.645414
v 0.222338 0.433348 0.730089
v 0.233588 0.448475 0.513100
v 0.233538 0.464831 0.478422
v 0.233250 0.463670 0.349992
v 0.225359 0.430933 0.264946
v 0.312761 0.465198 0.367867
v 0.318940 0.426859 0.262416
v 0.313030 0.462617 0.354150
v 0.313032 0.463328 0.469976
v 0.312180 0.465129 0.440506
v 0.330017 0.468398 0.766287
v 0.312969 0.461817 0.519272
v 0.312403 0.448676 0.559015
v 0.312900 0.463312 0.544289
v 0.311800 0.465113 0.545677
v 0.313233 0.465168 0.512609
v 0.312628 0.464769 0.477706
v 0.313534 0.465381 0.494996
v 0.296342 0.465831 0.646048
v 0.328595 0.475358 0.601069
v 0.328208 0.465219 0.455519
v 0.313116 0.465406 0.574721
v -0.592533 0.217116 -0.783516
v 0.312119 0.465297 0.426593
v 0.311618 0.465603 0.608514
v 0.296257 0.465462 0.486826
v 0.313812 0.465251 0.412078
v -0.686432 0.166947 -0.677464
v 0.313587 0.465031 0.544883
v 0.313414 0.448455 0.492214
v 0.312901 0.463620 0.497596
v 0.312944 0.463281 0.499018
v 0.313520 0.465209 0.498078
v 0.313378 0.465147 0.530023
v 0.313548 0.465151 0.547821
v 0.312900 0.463077 0.547752
v 0.313023 0.463569 0.545463
v 0.313203 0.447085 0.616486
v -0.845611 0.378835 -0.565613
v 0.312815 0.462512 0.604736
v 0.312948 0.465334 0.610387
v 0.311444 0.465480 0.604456
v 0.312752 0.462543 0.612070
v 0.312821 0.465094 0.608178
v 0.312152 0.463137 0.605224
v 0.313896 0.448887 0.660117
v 0.312741 0.465334 0.630028
v 0.311565 0.448082 0.467385
v 0.312227 0.460806 0.636177
v 0.312726 0.465229 0.639541
v 0.312287 0.465513 0.655309
v 0.312891 0.465626 0.671016
v 0.313134 0.463650 0.661882
v 0.313396 0.464663 0.648495
v 0.313175 0.465538 0.661405
v 0.294726 0.447114 0.305029
v 0.311930 0.465155 0.477349
v 0.313196 0.465201 0.392156
v 0.312795 0.464943 0.415543
v 0.312477 0.460453 0.428670
v 0.310545 0.465067 0.441981
v 0.312358 0.461698 0.446888
v 0.313213 0.465072 0.452771
v 0.312006 0.447413 0.643556
v 0.312465 0.464508 0.452363
v 0.312722 0.457415 0.413113
v 0.313582 0.447832 0.398802
v 0.311752 0.459371 0.401565
v 0.312430 0.465172 0.405245
v 0.312737 0.463215 0.413596
v 0.326048 0.435497 0.315521
v 0.311423 0.465442 0.395142
v 0.311279 0.447632 0.402988
v 0.312958 0.461531 0.377222
v 0.311115 0.460700 0.373520
v 0.296084 0.465639 0.371703
v 0.329433 0.471782 0.261802
v 0.313239 0.448138 0.367050
v 0.238598 0.300146 0.283093
v 0.229416 0.211336 0.265364
v 0.227634 0.133092 0.308125
v 0.243539 0.127379 0.260424
v 0.243063 0.277749 0.269324
v 0.306544 0.403029 0.273809
v 0.266840 0.242955 0.272324
v 0.264270 0.251516 0.273150
v 0.315972 0.139570 0.273548
v 0.304598 0.199290 0.271413
v 0.303815 0.194075 0.266759
v 0.272016 0.246404 0.271941
v 0.245895 0.205412 0.268694
v 0.242366 0.204170 0.313538
v 0.240334 0.203557 0.274099
v 0.241293 0.219434 0.307558
v 0.276354 0.354533 0.311857
v 0.273648 0.358310 0.310696
v 0.267531 0.359755 0.306690
v 0.231862 0.429526 0.313409
v 0.306534 0.303480 0.313363
v 0.303747 0.312641 0.310844
v 0.309900 0.304323 0.290606
v 0.344038 0.091384 0.320679
v 0.318292 0.387379 0.312700
v 0.326668 0.128029 0.317467
v 0.308105 0.187713 0.305747
v 0.318604 0.185123 0.315212
v 0.303481 0.190652 0.312275
v 0.300583 0.130620 0.312116
v 0.305097 0.295630 0.309062
v 0.272835 0.245017 0.306982
v 0.268363 0.251285 0.308557
v 0.242555 0.279414 0.309620
v 0.269317 0.247029 0.312639
v 0.246658 0.210959 0.308921
v 0.243294 0.194658 0.308928
v 0.242544 0.215708 0.270448
v 0.301132 0.125785 0.290238
v -0.597814 0.170659 -0.722101
v 0.276046 0.348751 0.271159
v 0.242540 0.311381 0.267477
v 0.243284 0.304039 0.268345
v 0.271620 0.353117 0.268094
v 0.304422 0.323939 0.271111
v 0.276988 0.354280 0.267875
v 0.320388 0.299634 0.266524
v 0.303902 0.291063 0.271738
v 0.268326 0.248595 0.268254
v 0.269658 0.251329 0.271045
v 0.241102 0.396154 0.306333
v 0.231239 0.331425 0.314066
v 0.243434 0.427809 0.264253
v 0.243576 0.396802 0.269897
v 0.272435 0.358777 0.269020
v 0.272716 0.355367 0.273369
v 0.303428 0.399340 0.267113
v 0.311001 0.447931 0.366547
v 0.304077 0.431208 0.305560
v 0.312951 0.451886 0.350174
v 0.313782 0.447284 0.339701
v 0.306283 0.465119 0.318529
v -0.850988 0.374721 -0.252111
v 0.312814 0.449635 0.348402
v 0.312847 0.464897 0.344449
v 0.311686 0.465464 0.367627
v 0.312924 0.448529 0.328083
v 0.312813 0.452327 0.348479
v 0.295156 0.477323 0.291685
v 0.265337 0.469104 0.263962
v 0.248847 0.439967 0.298072
v 0.247683 0.434519 0.485279
v 0.232929 0.462031 0.365795
v 0.248869 0.465506 0.304438
v 0.233370 0.447607 0.423902
v 0.232661 0.464947 0.418502
v 0.222377 0.464747 0.459875
v 0.215528 0.447692 0.322195
v 0.214758 0.475251 0.292370
v 0.233036 0.464900 0.435771
v 0.234013 0.462479 0.500022
v 0.233192 0.464581 0.505574
v 0.232349 0.465034 0.511004
v 0.233229 0.465183 0.500303
v 0.232424 0.447554 0.507510
v 0.233141 0.447411 0.477233
v -0.535908 0.167080 -0.722033
v 0.233789 0.447728 0.570473
v 0.234134 0.465065 0.519013
v 0.232287 0.448505 0.588690
v 0.232704 0.465022 0.558349
v 0.215700 0.465695 0.590595
v 0.232946 0.464954 0.578540
v 0.232903 0.464915 0.565039
v 0.248119 0.471501 0.463580
v 0.232919 0.460916 0.573624
v 0.232603 0.464977 0.607094
v 0.233135 0.465083 0.602838
v 0.233094 0.447523 0.636559
v 0.244482 0.446943 0.632759
v 0.216135 0.478642 0.769241
v 0.233129 0.455341 0.627726
v 0.232450 0.462942 0.632094
v 0.233145 0.461475 0.607563
v 0.233162 0.457384 0.623882
v 0.232752 0.460918 0.626585
v 0.233725 0.465207 0.629844
v 0.251454 0.472252 0.744578
v 0.233111 0.464963 0.655934
v 0.232981 0.461152 0.650051
v 0.232225 0.464556 0.703298
v 0.233551 0.447768 0.712336
v 0.225100 0.464547 0.714301
v 0.234401 0.447254 0.664988
v 0.233496 0.461531 0.660252
v 0.239500 0.245813 0.745498
v 0.239456 0.295276 0.725294
v 0.266276 0.245076 0.726600
v 0.268165 0.248138 0.725817
v 0.231880 0.290094 0.726394
v 0.234187 0.447656 0.670691
v 0.233601 0.458338 0.672094
v 0.233136 0.448242 0.662539
v 0.233515 0.464766 0.663817
v 0.234387 0.450022 0.664761
v 0.232841 0.447268 0.671718
v 0.232608 0.465300 0.671315
v 0.249778 0.456326 0.780985
v 0.271344 0.354805 0.727372
v 0.273978 0.351821 0.731746
v 0.243802 0.399393 0.730988
v 0.234043 0.450885 0.678849
v 0.233598 0.464936 0.687922
v 0.246937 0.433810 0.726634
v 0.300999 0.475534 0.718942
v 0.293667 0.468606 0.769414
v 0.299461 0.435722 0.727637
v 0.312968 0.463174 0.680996
v 0.328384 0.433725 0.710825
v 0.305538 0.425490 0.760275
v 0.320006 0.426948 0.760286
v 0.307990 0.318881 0.759028
v 0.276541 0.358646 0.757156
v 0.274791 0.360087 0.752626
v 0.280645 0.362228 0.755596
v 0.302563 0.343556 0.755063
v 0.306645 0.327112 0.757284
v 0.325673 0.161690 0.768369
v -0.363723 0.060375 -0.950134
v 0.310249 0.168820 0.753439
v 0.317990 0.152954 0.730849
v 0.435531 0.153010 0.695717
v 0.555452 0.147469 0.143442
v 0.497523 0.118247 0.139117
v 0.558097 0.151279 0.175814
v 0.448320 0.142992 0.161226
v 0.542828 0.129268 0.162088
v 0.420481 0.108128 0.176796
v 0.440082 0.127000 0.154323
v 0.459870 0.116849 0.193556
v 0.532143 0.079901 0.140686
v 0.648253 0.057188 0.068070
v 0.216603 0.148961 0.776847
v 0.307996 0.199548 0.744553
v 0.556301 0.076534 0.657677
v 0.475367 0.067447 0.193157
v 0.496303 0.060268 0.152650
v 0.564507 0.058815 0.146966
v -0.696711 0.331046 -0.509936
v -0.718939 0.170679 -0.345726
v 0.549252 0.081818 0.122971
v 0.386150 0.182371 0.699975
v 0.383654 0.141426 0.710341
v 0.514960 0.115858 0.683062
v 0.560631 0.068639 0.074286
v 0.276102 0.242583 0.728057
v 0.266925 0.243723 0.730731
v 0.246308 0.204919 0.729997
v 0.360388 0.132783 0.688088
v 0.436770 0.133533 0.664995
v 0.456822 0.153850 0.659828
v -0.566283 0.152948 -0.732135
v 0.422412 0.114992 0.129267
v 0.472257 0.102396 0.101129
v 0.547541 0.127379 0.099557
v 0.536712 0.081401 0.071056
v 0.478804 0.111003 0.069692
v 0.474003 0.082621 0.063323
v 0.453250 0.112346 0.019284
v 0.533934 0.064314 0.022365
v 0.543063 0.135816 0.017161
v 0.501338 0.057209 0.061612
v 0.243024 0.209421 0.726129
v 0.277486 0.163435 0.726988
v 0.304247 0.139460 0.732943
v 0.280543 0.150120 0.725978
v 0.459538 0.155615 0.587406
v -0.572856 0.202236 -0.720370
v 0.507892 0.092637 0.578371
v -0.832537 0.245157 -0.401472
v 0.221893 0.089184 0.732202
v 0.703902 0.076080 -0.332832
v 0.716068 0.297447 -0.300676
v 0.710571 0.295407 -0.315402
v 0.697503 0.295401 -0.307909
v 0.729761 0.147480 -0.315464
v 0.739291 0.136134 -0.272882
v 0.715530 0.299827 -0.274735
v 0.710287 0.140299 -0.288477
v 0.701886 0.157230 -0.265405
v 0.703469 0.148147 -0.304393
v 0.651352 0.166259 -0.219957
v 0.707872 0.074813 -0.266806
v 0.607194 0.166425 -0.219486
v 0.719561 0.213753 -0.331395
v 0.756354 0.124327 -0.332972
v 0.810350 0.210662 -0.333188
v 0.805367 0.071565 -0.334460
v 0.811858 0.217275 -0.362802
v 0.818445 0.249653 -0.373532
v 0.779633 0.217703 -0.371035
v 0.742827 0.072624 -0.303903
v 0.699820 0.164674 -0.344102
v 0.755424 0.211389 -0.379363
v 0.398705 0.141243 0.688005
v -0.847976 0.344164 -0.362625
v 0.229794 0.149485 0.727744
v 0.546090 0.084300 0.446214
v 0.503179 0.077182 0.369425
v 0.652956 0.072697 -0.220823
v 0.567741 0.289942 -0.190546
v 0.476849 0.064921 0.021868
v 0.603749 0.308763 -0.189608
v 0.745548 0.210318 -0.535406
v 0.808231 0.069672 -0.298509
v 0.453264 0.161579 0.680459
v 0.407440 0.077042 0.261333
v 0.604717 0.074504 -0.219160
v 0.609251 0.081792 -0.189858
v 0.580478 0.179189 -0.190179
v -0.831196 0.243330 -0.249396
v 0.227204 0.130221 0.691544
v 0.501582 0.085950 0.427100
v 0.340899 0.153580 0.662058
v 0.577962 0.124335 -0.448639
v 0.331405 0.288288 -0.228111
v 0.483804 0.134489 0.370226
v -0.695458 0.332024 -0.432016
v 0.248418 0.144640 0.021061
v 0.247094 0.098569 0.070335
v 0.332342 0.146384 0.066518
v 0.152155 0.147814 0.159429
v 0.254981 0.107067 0.105169
v 0.232381 0.059836 0.157746
v 0.246751 0.140916 0.203970
v 0.326418 0.176383 0.131172
v 0.246383 0.139103 0.141622
v 0.332582 0.162106 0.218154
v 0.310985 0.163155 0.221428
v 0.328846 0.163861 0.143490
v 0.246179 0.090297 0.218091
v 0.151979 0.160786 0.224851
v 0.200753 0.159956 0.170443
v 0.198229 0.073541 0.168151
v 0.246164 0.088648 0.138042
v 0.009437 0.182876 0.249261
v -0.085812 0.290921 0.158581
v -0.137485 0.281839 0.154757
v -0.163862 0.281697 0.257411
v -0.002312 0.246082 0.240456
v -0.083576 0.295009 0.250517
v -0.096317 0.257797 0.236820
v -0.131912 0.260393 0.241157
v -0.115154 0.319614 0.249302
v -0.055131 0.201729 0.252802
v -0.072923 0.152372 0.182418
v -0.197898 0.215361 0.164913
v -0.213317 0.191614 0.152438
v -0.199475 0.142694 0.219897
v -0.219138 0.143632 0.181261
v -0.183245 0.281170 0.147431
v -0.108806 0.215362 0.145984
v -0.218295 0.127429 0.144214
v -0.097193 0.085174 0.171444
v -0.097842 0.144668 0.153705
v -0.100878 0.084294 0.085630
v -0.124504 0.123743 0.124660
v -0.176113 0.164722 -0.721865
v -0.062740 0.198775 0.158660
v -0.830056 0.380965 -0.532269
v -0.098326 0.142802 0.101614
v -0.056394 0.232973 0.234885
v -0.138283 0.346757 0.235673
v -0.150709 0.248940 0.199289
v -0.068424 0.157730 0.237099
v -0.110789 0.334978 0.178181
v -0.066029 0.231763 0.181614
v -0.089121 0.237803 0.205235
v -0.832291 0.236739 -0.221346
v -0.199581 0.252471 0.217203
v -0.071196 0.326664 0.214137
v -0.006547 0.282997 0.195983
v -0.040687 0.147945 0.223590
v 0.035494 0.208876 0.184735
v 0.039694 0.144677 0.240764
v -0.042216 0.151430 0.180890
v -0.011031 0.124028 0.247433
v 0.049098 0.161637 0.179628
v 0.008887 0.083459 0.171380
v 0.330279 0.082220 0.112225
v 0.226873 0.148206 0.244082
v 0.118627 0.133912 0.250707
v 0.118808 0.158565 0.174464
v 0.150947 0.118886 0.257145
v -0.593599 0.303775 -0.724657
v 0.330798 0.121316 0.094168
v 0.332688 0.165325 0.062193
v 0.194780 0.170974 0.025300
v 0.184373 0.133633 0.088309
v 0.228416 0.151778 0.074219
v 0.218306 0.092498 0.084668
v 0.195762 0.156644 0.236388
v -0.002824 0.143212 0.152550
v 0.025020 0.075457 0.233846
v 0.152456 0.164686 0.049674
v 0.250490 0.090440 -0.001381
v 0.404493 0.072249 -0.032484
v -0.714875 0.068462 -0.195356
v -0.948467 0.000060 0.173320
v 0.181189 0.095268 0.264025
v 0.580079 0.118010 -0.259432
v 0.794667 0.261218 -0.414995
v 0.819760 0.249365 -0.533433
v 0.806568 0.070861 -0.358036
v 0.949983 0.060616 -0.677584
v 0.467828 0.132822 0.398200
v 0.579613 0.072797 -0.191158
v 0.589850 0.307685 -0.220464
v 0.781666 0.215343 -0.539556
v 0.146174 0.155330 0.729432
v -0.687334 0.376388 -0.570909
v 0.456518 0.156899 0.437198
v 0.147965 0.060719 0.183066
v 0.318985 0.164045 -0.005932
v 0.684431 0.456595 -0.299290
v 0.794577 0.261358 -0.487595
v 0.226454 0.106119 0.249318
v 0.120771 0.086463 0.158288
v 0.193933 0.089521 0.081364
v 0.195586 0.106907 -0.024260
v 0.229281 0.067068 -0.002669
v 0.769302 0.074841 -0.369701
v 0.930833 0.000187 -0.947902
v -0.718655 0.167448 -0.191806
v -0.867964 0.059766 -0.039394
v 0.243225 0.128939 0.313072
v 0.140233 0.061536 0.225301
v 0.225474 0.150917 -0.014745
v 0.576928 0.079942 -0.547113
v 0.697819 0.308208 -0.365846
v -0.361407 0.069789 -0.723209
v 0.263933 0.114014 0.348605
v 0.229913 0.059350 0.057159
v 0.330852 0.078558 0.084497
v 0.330719 0.219533 -0.229573
v 0.302734 0.352043 -0.215270
v -0.844736 0.340048 -0.401822
v 0.456691 0.152893 0.525915
v 0.298821 0.125762 0.261141
v 0.200956 0.100328 0.251555
v 0.647433 0.483671 -0.270828
v 0.648675 0.485885 -0.414188
v 0.580479 0.489825 -0.298034
v 0.589648 0.493851 -0.390205
v 0.618667 0.576170 -0.347940
v 0.624482 0.490935 -0.345434
v 0.579655 0.580445 -0.297890
v 0.586136 0.550511 -0.386196
v 0.567675 0.580463 -0.392617
v 0.578669 0.522377 -0.314971
v 0.622590 0.546725 -0.416443
v 0.522115 0.582593 -0.349155
v 0.722691 0.269150 -0.385918
v -0.538800 0.301249 -0.724728
v -0.044174 0.051012 0.720453
v 0.146214 0.152293 0.668775
v 0.306529 0.111560 0.322056
v 0.222476 0.140486 0.367702
v 0.536109 0.493256 -0.333918
v -0.829996 0.341059 -0.225615
v 0.723673 0.307655 -0.371081
v 0.728754 0.399039 -0.357981
v 0.740702 0.303304 -0.357533
v 0.323444 0.153635 0.568412
v 0.292019 0.144376 0.390496
v 0.149187 0.088884 0.079973
v 0.336978 0.131181 -0.008808
v -0.174646 0.072774 -0.722609
v 0.530448 0.379910 -0.208517
v 0.815251 0.224720 -0.543677
v -0.686459 0.384854 -0.679144
v 0.196984 0.061899 0.030960
v 0.165350 0.059275 0.049403
v 0.623247 0.546741 -0.486457
v 0.765052 0.087523 -0.465280
v -0.869668 0.063979 -0.019597
v 0.022414 0.115532 0.717290
v 0.398550 0.080931 0.367177
v 0.380422 0.056980 0.383982
v 0.374009 0.080858 0.369606
v 0.370369 0.067375 0.367563
v 0.325088 0.061849 0.365672
v 0.322516 0.086559 0.325922
v 0.299918 0.118794 0.387579
v 0.301753 0.062512 0.315093
v -0.836785 0.330017 -0.344642
v 0.322385 0.058799 0.212456
v 0.302402 0.058132 0.255772
v 0.247229 0.070778 0.259473
v 0.328508 0.286834 -0.190489
v 0.301819 0.297714 -0.189221
v -0.685032 0.075763 -0.119843
v 0.730885 0.294178 -0.546978
v 0.729530 0.268019 -0.507274
v -0.077943 0.146044 0.724918
v 0.424766 0.126941 0.425691
v 0.292610 0.078092 0.259680
v 0.134074 0.140043 0.304442
v 0.198018 0.060416 0.010465
v 0.308006 0.077645 -0.547282
v 0.307207 0.093945 -0.485652
v 0.710822 0.294444 -0.353834
v 0.949183 0.060019 -0.950048
v -0.686586 0.379600 -0.531107
v 0.141537 0.176071 0.659313
v 0.243872 0.117612 0.368502
v 0.227313 0.193468 0.402046
v 0.172249 0.063308 0.001266
v 0.533463 0.548720 -0.359359
v 0.447288 0.145419 0.414661
v 0.207654 0.060206 0.225515
v 0.117691 0.168950 0.022764
v 0.331334 0.082748 -0.019349
v 0.574475 0.078447 -0.122974
v 0.505568 0.488975 -0.287695
v 0.579114 0.551019 -0.494789
v -0.116636 0.171205 0.738549
v -0.327253 0.382688 0.729127
v -0.195627 0.300060 0.753591
v -0.177455 0.309041 0.733256
v -0.142262 0.077724 0.752060
v -0.826614 0.380842 -0.369600
v -0.174950 0.427572 0.744265
v -0.239073 0.484507 0.724810
v -0.243727 0.294786 0.769847
v -0.200703 0.074739 0.753791
v -0.122861 0.075724 0.762063
v -0.115331 0.467749 0.759742
v 0.021822 0.154697 0.710600
v 0.119886 0.149816 0.721175
v 0.302786 0.177946 0.433938
v 0.298722 0.056561 0.381589
v 0.495048 0.596952 -0.497330
v 0.724083 0.388656 -0.543286
v 0.808275 0.205960 -0.576502
v -0.296342 0.476079 0.732463
v -0.240323 0.484014 0.756045
v 0.248786 0.057871 0.379995
v -0.696314 0.332800 -0.345751
v 0.229108 0.074856 0.359499
v 0.222898 0.058972 0.258769
v 0.238829 0.058762 0.316369
v -0.836530 0.327310 -0.194235
v 0.164719 0.058130 0.347286
v 0.144115 0.077924 0.374802
v 0.136802 0.059479 0.394189
v 0.120416 0.088135 0.380947
v 0.142324 0.108106 0.396523
v 0.088334 0.072032 0.394908
v 0.134161 0.104390 0.388706
v 0.141661 0.118191 0.389187
v -0.199891 0.074097 0.384723
v -0.107135 0.161644 0.374872
v -0.185058 0.121200 0.372477
v 0.051930 0.059662 0.204182
v 0.119676 0.064873 0.053640
v -0.009976 0.114610 0.072811
v 0.439969 0.729989 -0.432689
v -0.265501 0.294607 0.748707
v 0.109401 0.178218 0.654980
v -0.203892 0.074110 0.152437
v -0.113845 0.239011 0.112960
v -0.196890 0.137326 0.109754
v 0.321951 0.074467 -0.057884
v -0.836737 0.330023 -0.275594
v 0.559012 0.653033 -0.451804
v 0.535708 0.656541 -0.483914
v 0.523491 0.669587 -0.454314
v 0.505837 0.632395 -0.462068
v 0.494816 0.604580 -0.484147
v -0.254673 0.227271 0.820253
v -0.128089 0.160277 0.684405
v -0.113404 0.399761 0.701855
v -0.114399 0.163678 0.709591
v 0.223137 0.171179 0.643031
v 0.010992 0.134397 0.296081
v -0.199096 0.185580 0.256849
v -0.217537 0.243504 0.219932
v -0.185934 0.317163 0.256808
v 0.028058 0.151136 0.063930
v 0.114575 0.120288 -0.015972
v 0.344719 0.082025 -0.120752
v 0.531241 0.454899 -0.266542
v -0.647749 0.386977 -0.722745
v 0.430911 0.832760 -0.416360
v 0.410549 1.054037 -0.410028
v 0.424155 1.154599 -0.418168
v 0.389371 1.196456 -0.415290
v 0.401091 1.130482 -0.422341
v 0.370393 1.096148 -0.440494
v 0.358736 1.148268 -0.495661
v 0.407688 1.126927 -0.457181
v 0.416728 1.160265 -0.453074
v -0.690451 0.372953 -0.267911
v 0.426508 1.143024 -0.422824
v 0.441353 1.024814 -0.410665
v 0.411638 1.065827 -0.433218
v 0.405498 0.975698 -0.437662
v 0.423125 0.980089 -0.404822
v 0.422862 0.841831 -0.417192
v 0.596441 0.579880 -0.545171
v -0.115014 0.471564 0.711908
v 0.141801 0.179971 0.402466
v 0.125752 0.110940 0.394151
v -0.158907 0.348068 0.198522
v 0.447173 0.550825 -0.310838
v 0.429092 0.566104 -0.381590
v 0.488955 0.672219 -0.480078
v -0.095273 0.070403 0.733512
v -0.341391 0.357355 0.747567
v -0.395947 0.380549 0.734610
v -0.828981 0.064889 0.039519
v -0.066088 0.112842 0.392972
v 0.439767 0.488664 -0.286989
v -0.621028 0.068607 -0.033554
v 0.588114 0.494390 -0.528904
v 0.655181 0.457470 -0.440712
v -0.280755 0.388710 -0.722678
v -0.143185 0.450684 0.757462
v 0.226828 0.137511 0.405612
v -0.183583 0.180070 0.410928
v 0.655782 0.474294 -0.609718
v -0.200705 0.077317 0.837815
v -0.265300 0.219414 0.725841
v -0.413212 0.217718 0.731985
v -0.128431 0.377949 0.686085
v -0.085450 0.176185 0.657851
v -0.194090 0.261904 0.280112
v -0.021805 0.167969 0.078990
v -0.506555 0.481704 0.757899
v -0.177873 0.289279 0.082372
v 0.572247 0.078493 -0.233161
v 0.310864 0.219574 -0.299080
v -0.867968 0.061273 0.156662
v 0.449722 0.568257 -0.526854
v 0.492274 0.553837 -0.535269
v 0.557044 0.582148 -0.590955
v 0.810669 0.070799 -0.574447
v -0.262639 0.238359 0.753163
v -0.453953 0.275583 0.782486
v -0.122904 0.151368 0.657553
v 0.221870 0.131223 0.425215
v -0.198757 0.229273 0.302115
v -0.194147 0.151512 0.305204
v -0.174523 0.287465 0.166822
v 0.129594 0.067201 0.001449
v 0.324703 0.080051 -0.228932
v 0.308425 0.347121 -0.234895
v 0.409160 0.607800 -0.385633
v 0.683451 0.455381 -0.575448
v -0.690797 0.351638 -0.136119
v -0.311173 0.307863 0.743777
v 0.000814 0.169394 0.656241
v 0.024599 0.230781 0.629723
v 0.030277 0.237890 0.629483
v 0.023152 0.284307 0.649147
v 0.002012 0.236012 0.651317
v -0.014707 0.262232 0.629862
v -0.033848 0.231891 0.657274
v -0.071189 0.281171 0.656266
v 0.109269 0.157374 0.557396
v -0.214695 0.264204 0.101085
v 0.305008 0.162973 -0.318918
v 0.702830 0.248726 -0.543632
v -0.473080 0.238683 0.772872
v -0.286874 0.286647 0.783067
v -0.162621 0.182229 0.675834
v 0.081596 0.183535 0.631992
v 0.144617 0.140042 0.414694
v -0.225471 0.210773 0.268436
v -0.680522 0.185401 -0.120599
v -0.014861 0.083839 0.040361
v 0.018441 0.084397 -0.007272
v 0.306592 0.215998 -0.236448
v 0.700497 0.299267 -0.550361
v 0.766277 0.122394 -0.577658
v 0.096489 0.000000 -0.201507
v -0.229457 0.126458 0.805123
v -0.135278 0.368626 0.523798
v 0.101916 0.154225 0.640136
v -0.065840 0.276813 0.616663
v -0.035239 0.252284 0.621722
v -0.060197 0.250554 0.639711
v -0.017810 0.254575 0.569031
v -0.044859 0.258333 0.594929
v -0.173388 0.133466 0.669308
v -0.215215 0.135320 0.662671
v -0.180689 0.263173 0.312736
v -0.221795 0.335375 0.166823
v 0.308366 0.075381 -0.314306
v -0.690628 0.378972 -0.369530
v 0.428619 0.566206 -0.408920
v 0.514006 0.585398 -0.547339
v -0.704886 0.331002 -0.195321
v -0.869629 0.320037 -0.040578
v -0.256401 0.123673 0.819520
v -0.870271 0.070507 0.084259
v -0.206217 0.521230 0.754414
v -0.119549 0.478276 0.565319
v -0.126560 0.391061 0.538337
v -0.059144 0.288084 0.607136
v -0.132236 0.246512 0.629547
v -0.102372 0.277138 0.606136
v -0.078885 0.252499 0.610910
v -0.041658 0.281327 0.590920
v -0.028726 0.244657 0.623894
v -0.013949 0.242624 0.601912
v 0.075833 0.185740 0.527564
v -0.002405 0.093057 0.313698
v 0.136790 0.131988 0.378869
v 0.034859 0.209342 0.341453
v 0.047267 0.161543 0.320022
v -0.033133 0.155261 0.308904
v 0.020905 0.083901 0.375231
v -0.024232 0.172725 0.382202
v -0.042752 0.144174 0.354057
v -0.175518 0.068404 -0.809662
v 0.014587 0.167584 0.389620
v -0.009137 0.120382 0.383755
v -0.659842 0.398922 -0.653435
v -0.688702 0.383271 -0.404088
v -0.071038 0.184566 0.384980
v -0.180521 0.261697 0.366518
v -0.226236 0.353407 0.221151
v -0.225355 0.195576 0.093427
v -0.206467 0.074709 -0.033006
v 0.030454 0.199340 0.046535
v -0.061801 0.152964 0.052111
v -0.052726 0.231103 0.064850
v -0.029513 0.130680 -0.012117
v -0.067954 0.209245 0.076888
v -0.832302 0.079250 0.081050
v -0.083386 0.146714 0.024036
v 0.035159 0.157774 0.002929
v -0.002350 0.274623 0.015727
v -0.069435 0.164685 -0.006731
v -0.206354 0.216871 0.063122
v -0.211254 0.140471 0.018976
v 0.001466 0.184759 -0.014773
v 0.292535 0.329698 -0.227700
v 0.438948 0.614689 -0.392676
v 0.423585 0.679014 -0.378966
v 0.439040 0.679935 -0.400682
v 0.414690 0.638828 -0.409971
v 0.431889 0.730391 -0.403508
v 0.413286 0.730393 -0.398573
v 0.404656 0.830933 -0.417496
v 0.363124 0.816237 -0.461764
v 0.380238 0.809553 -0.435831
v 0.380443 0.838171 -0.456320
v 0.389368 0.858831 -0.440475
v 0.294632 0.763977 -0.526066
v 0.254340 0.797835 -0.489375
v 0.283902 0.804075 -0.463113
v 0.265825 0.857680 -0.452411
v 0.284916 0.776368 -0.603917
v 0.362969 0.866057 -0.507934
v 0.365403 0.825959 -0.543773
v 0.312134 0.762547 -0.578941
v 0.363723 0.943055 -0.553792
v 0.311979 0.921783 -0.478341
v 0.375058 0.874777 -0.646776
v -0.948613 0.060630 0.368917
v 0.349999 0.868399 -0.461125
v 0.348350 0.797057 -0.496849
v 0.357698 0.902127 -0.471420
v 0.366494 0.807933 -0.622840
v 0.377740 0.796219 -0.568685
v 0.408263 0.885171 -0.588364
v 0.402148 0.891840 -0.539513
v 0.388779 0.844713 -0.508928
v 0.369435 0.840830 -0.485584
v 0.404134 0.846972 -0.539883
v 0.446672 0.915756 -0.538678
v 0.481881 0.929777 -0.553421
v 0.538533 0.883289 -0.557276
v 0.561033 0.967015 -0.672515
v 0.537482 0.885015 -0.569559
v 0.540704 0.884390 -0.571981
v 0.544582 0.953288 -0.655174
v 0.470885 0.895615 -0.608274
v 0.472321 0.892200 -0.612572
v 0.543193 0.957618 -0.656594
v 0.551630 0.969657 -0.664323
v 0.472419 0.985129 -0.552963
v 0.476313 0.981921 -0.549773
v 0.406350 0.982777 -0.639283
v 0.476322 0.887830 -0.604708
v 0.583311 0.960439 -0.498547
v 0.588538 0.867586 -0.557429
v 0.438312 0.892511 -0.674870
v 0.468782 1.046195 -0.569122
v 0.533223 0.839088 -0.643109
v 0.482960 0.984423 -0.544171
v 0.435658 1.027789 -0.565519
v 0.568572 0.889129 -0.512075
v 0.555882 0.955581 -0.489232
v 0.501511 1.018292 -0.512143
v 0.396043 0.944722 -0.634288
v 0.496220 0.841594 -0.627946
v 0.538669 0.841924 -0.573096
v 0.495066 0.912513 -0.510137
v 0.464387 0.951568 -0.519016
v 0.433836 0.950540 -0.547983
v -0.654591 0.405567 -0.690372
v 0.447959 0.868769 -0.646281
v 0.437505 0.903910 -0.574131
v 0.468967 0.885284 -0.545754
v 0.461871 0.909429 -0.516202
v 0.465252 0.847950 -0.529112
v 0.496982 0.728494 -0.469909
v 0.444570 0.720916 -0.478735
v 0.401632 0.762411 -0.416806
v 0.495386 0.740704 -0.523177
v 0.432305 0.731263 -0.504025
v 0.465185 0.760366 -0.527311
v 0.415097 0.742073 -0.516961
v 0.423092 0.734252 -0.496707
v 0.427824 0.679156 -0.492133
v 0.418047 0.697938 -0.523317
v 0.435706 0.572010 -0.498644
v 0.411401 0.652984 -0.501766
v 0.407717 0.594865 -0.502934
v 0.602442 0.492820 -0.560359
v -0.060716 0.207916 -0.018033
v 0.248537 0.350170 -0.257910
v -0.689142 0.378966 -0.219098
v 0.399892 0.492036 -0.340931
v 0.397471 0.563077 -0.342389
v -0.843031 0.304469 -0.015367
v -0.195448 0.347961 0.340304
v -0.191731 0.325857 0.146349
v 0.199069 0.190255 -0.152940
v 0.198361 0.073137 -0.143280
v 0.210446 0.074159 -0.159165
v 0.178017 0.070396 -0.193732
v 0.306595 0.085503 -0.293043
v 0.305637 0.075762 -0.234198
v 0.291491 0.074266 -0.226667
v 0.330804 0.077263 -0.250403
v 0.253781 0.376343 -0.260780
v 0.412411 0.549590 -0.403035
v -0.613537 0.402395 -0.700601
v -0.404785 0.372271 0.755080
v -0.869331 0.330498 -0.012709
v -0.832869 0.078040 -0.015744
v 0.525271 0.553799 -0.560272
v -0.870816 0.061307 0.105313
v 0.696049 0.374107 -0.589756
v 0.700261 0.350691 -0.495539
v -0.220161 0.133452 0.376963
v -0.208322 0.297599 0.395292
v 0.405155 0.555799 -0.491746
v 0.702287 0.166113 -0.565065
v -0.261429 0.075373 0.744119
v -0.479015 0.482431 0.728521
v -0.143831 0.376133 0.501846
v -0.111716 0.074759 -0.093968
v 0.300661 0.076646 -0.218306
v 0.308775 0.308782 -0.219659
v 0.094723 0.075853 -0.118969
v 0.303640 0.381978 -0.206044
v 0.314474 0.455707 -0.244594
v 0.373062 0.558933 -0.369835
v 0.455345 0.000012 -0.609828
v -0.192887 0.357498 0.665946
v -0.232032 0.353651 0.662116
v -0.225323 0.255177 0.302423
v -0.233133 0.315903 0.402202
v -0.198316 0.217261 0.375670
v -0.229041 0.353630 0.467667
v -0.228254 0.249442 0.361922
v -0.682824 0.396925 -0.145463
v -0.233514 0.248451 0.470376
v -0.154979 0.350805 0.447422
v -0.119858 0.301399 0.410594
v -0.150952 0.277574 0.411435
v -0.114279 0.342796 0.458110
v -0.093553 0.319463 0.499945
v -0.071090 0.323458 0.475488
v -0.021577 0.232027 0.503162
v -0.093826 0.257710 0.488565
v -0.048888 0.268431 0.503516
v -0.115937 0.289650 0.504436
v -0.078334 0.308976 0.423228
v -0.028103 0.205128 0.483533
v -0.054197 0.212573 0.452638
v -0.177082 0.228476 0.443053
v -0.156377 0.205698 0.436857
v -0.164678 0.224541 0.414927
v -0.177191 0.180483 0.445151
v 0.075693 0.182954 0.646886
v 0.094645 0.165986 0.638439
v -0.079598 0.245240 0.573556
v -0.040619 0.245168 0.588020
v 0.037621 0.060747 -0.950269
v -0.153774 0.272032 0.637459
v -0.129219 0.286112 0.612984
v 0.026747 0.242451 0.552669
v 0.112923 0.153607 0.440927
v -0.086063 0.175679 0.414106
v -0.018312 0.180136 0.641314
v -0.145955 0.279918 0.636926
v -0.107073 0.273896 0.574709
v -0.152678 0.162206 0.438545
v -0.034319 0.182250 0.643192
v -0.130206 0.300566 0.578522
v -0.131018 0.271288 0.584024
v -0.156364 0.181790 0.640905
v -0.201601 0.284758 0.652621
v -0.138459 0.259671 0.584684
v -0.113678 0.283855 0.549650
v -0.023486 0.243438 0.532491
v 0.014568 0.282967 0.526887
v -0.156219 0.153694 0.641743
v 0.044751 0.211154 0.530032
v -0.624484 0.067363 0.107536
v -0.069457 0.281659 0.556637
v -0.165681 0.295654 0.633759
v -0.144365 0.261507 0.572103
v -0.199166 0.232505 0.657104
v -0.147827 0.252934 0.566054
v -0.157472 0.260939 0.536127
v 0.028447 0.230598 0.516011
v -0.093928 0.246447 0.530444
v 0.017037 0.284198 0.505748
v -0.188955 0.284209 0.500304
v -0.200671 0.231954 0.506128
v 0.115549 0.152130 0.521890
v 0.040249 0.177641 0.409795
v 0.089616 0.182448 0.436972
v 0.062825 0.185174 0.474886
v 0.112686 0.154489 0.504650
v -0.156394 0.153860 0.526599
v 0.103531 0.154139 0.576687
v 0.035154 0.179805 0.426202
v 0.031194 0.179816 0.440935
v 0.101715 0.154707 0.522552
v -0.154843 0.153328 0.569246
v 0.099978 0.153322 0.536099
v -0.836502 0.271616 -0.125535
v -0.841895 0.098390 -0.122123
v -0.028685 0.150229 0.522191
v -0.640917 0.076207 -0.081148
v -0.600881 0.070294 0.173837
v -0.019916 0.154430 0.521540
v -0.015431 0.231145 0.516945
v -0.023846 0.154893 0.505953
v -0.030892 0.231396 0.521281
v -0.151158 0.246525 0.465339
v -0.091148 0.280782 0.504809
v -0.129147 0.286933 0.512522
v -0.128414 0.306587 0.506425
v -0.189695 0.326951 0.092474
v -0.080773 0.256815 0.001442
v -0.098563 0.258356 0.065106
v -0.073681 0.326185 0.008967
v -0.093699 0.240612 0.027245
v -0.121379 0.296066 0.082872
v -0.136740 0.245305 0.036817
v -0.115325 0.337373 0.058328
v -0.115162 0.329825 0.001466
v -0.159085 0.355036 0.024054
v -0.198497 0.188412 -0.020124
v 0.298325 0.067628 -0.222529
v 0.032199 0.119212 -0.164558
v 0.081374 0.338272 -0.194524
v 0.372752 0.491448 -0.319172
v -0.126013 0.286024 -0.017021
v -0.167861 0.255105 0.055957
v 0.038195 0.073265 -0.052661
v 0.032846 0.078058 -0.186148
v 0.069711 0.068696 -0.225044
v 0.289950 0.064599 -0.254572
v 0.153099 0.169014 -0.253173
v 0.159092 0.084885 -0.252456
v 0.248138 0.078333 -0.223396
v 0.218086 0.065450 -0.254078
v 0.218552 0.115981 -0.218078
v 0.240402 0.160269 -0.223641
v -0.172173 0.309880 -0.723360
v 0.237759 0.337722 -0.224442
v 0.224007 0.314170 -0.230613
v 0.243498 0.328475 -0.254500
v 0.375322 0.557676 -0.418049
v 0.456806 0.556085 -0.563440
v 0.564241 0.495675 -0.586917
v -0.438296 0.362822 0.749145
v -0.517509 0.473133 0.730279
v -0.199278 0.347496 0.037184
v -0.164962 0.267980 -0.007387
v -0.869165 0.322285 0.106322
v -0.013581 0.232621 -0.162929
v 0.112928 0.335508 -0.213485
v 0.342830 0.468549 -0.265920
v 0.501389 0.497067 -0.597655
v 0.143631 0.313676 -0.254401
v 0.375092 0.547692 -0.482972
v -0.170439 0.127368 -0.787789
v -0.495146 0.216851 0.744107
v -0.457087 0.330932 0.736738
v -0.224894 0.333773 0.080864
v -0.197267 0.235985 0.014132
v 0.618758 0.479891 -0.650263
v -0.629413 0.067496 0.150150
v -0.865533 0.307192 0.153869
v 0.675513 0.376029 -0.669531
v 0.693865 0.324238 -0.505604
v -0.128985 0.379243 0.245526
v 0.107276 0.324584 -0.253510
v 0.342725 0.490815 -0.345626
v 0.690692 0.165525 -0.661268
v 0.062187 0.306490 -0.253608
v -0.258692 0.068641 0.845788
v -0.569560 0.438638 0.759084
v -0.107859 0.404150 0.296279
v -0.219637 0.245103 0.024487
v 0.444412 0.550362 -0.595202
v -0.365459 0.071314 0.753229
v -0.497693 0.221945 0.818919
v -0.545045 0.518585 0.757526
v -0.613434 0.645932 -0.697194
v -0.180275 0.549873 0.710477
v -0.090714 0.497099 0.519169
v 0.293315 0.483446 -0.319307
v 0.530316 0.458697 -0.656678
v -0.601053 0.073573 -0.094456
v -0.610060 0.090895 0.048590
v -0.494838 0.074714 0.760236
v -0.188040 0.547999 0.739680
v -0.109094 0.403964 0.498951
v -0.108875 0.470820 0.499835
v -0.112801 0.400108 0.565213
v -0.206519 0.302913 -0.023997
v 0.014310 0.259155 -0.128250
v 0.397367 0.566000 -0.520611
v 0.698775 0.383782 -0.666010
v -0.498723 0.306770 0.759334
v -0.128899 0.553462 0.546040
v -0.111759 0.459197 0.300541
v -0.027280 0.076986 -0.108831
v 0.341849 0.554145 -0.479729
v 0.690437 0.351603 -0.657117
v -0.118044 0.068841 -0.804609
v -0.570746 0.427526 0.733945
v -0.199642 0.561756 0.687433
v 0.395964 0.562449 -0.562450
v 0.647698 0.380611 -0.708076
v 0.687280 0.324819 -0.663520
v -0.833775 0.101577 -0.099848
v -0.654482 0.342427 -0.075141
v -0.497454 0.312194 0.738163
v -0.518946 0.565026 0.662911
v -0.225060 0.205395 -0.033519
v 0.015805 0.374059 -0.253761
v 0.108066 0.346751 -0.224118
v -0.856152 0.087060 0.186221
v 0.335712 0.547394 -0.417076
v -0.844358 0.085754 0.246620
v -0.042670 0.111044 -0.143336
v 0.654850 0.166734 -0.693504
v -0.553437 0.302025 0.758984
v -0.244462 0.553592 0.662917
v -0.164720 0.223595 -0.791837
v 0.371313 0.554891 -0.534673
v 0.443184 0.492137 -0.611649
v 0.649797 0.362298 -0.696035
v -0.218856 0.555943 0.662003
v -0.064442 0.497871 0.509360
v -0.614234 0.126284 -0.000456
v 0.111990 0.369172 -0.254018
v -0.811123 0.341951 0.036916
v -0.116730 0.484424 0.297002
v -0.367953 0.576378 0.588948
v -0.284947 0.592186 0.594267
v -0.454754 0.554356 0.590667
v -0.276212 0.553834 0.590523
v -0.451325 0.592033 0.594082
v -0.122585 0.560211 0.508840
v 0.108286 0.437127 -0.298594
v 0.295110 0.442176 -0.299840
v 0.369809 0.494958 -0.536676
v 0.657197 0.342688 -0.687598
v -0.568023 0.309882 0.738946
v -0.659302 0.399369 -0.163229
v -0.659566 0.366831 -0.113203
v 0.318296 0.491133 -0.485633
v 0.345181 0.470250 -0.647948
v 0.525122 0.455203 -0.671921
v 0.648890 0.135894 -0.761932
v 0.649305 0.129633 -0.763524
v 0.658631 0.168447 -0.714394
v 0.657682 0.130293 -0.765636
v 0.651832 0.081017 -0.698702
v 0.651176 0.168363 -0.716239
v 0.655247 0.168182 -0.714627
v 0.649471 0.168764 -0.708953
v 0.648466 0.189118 -0.708664
v -0.443059 0.586360 0.484979
v -0.187118 0.556240 0.563178
v 0.000680 0.399960 -0.255141
v 0.309775 0.489505 -0.416931
v 0.386147 0.494051 -0.571797
v -0.854368 0.339282 0.249405
v -0.859922 0.064086 0.341208
v -0.497434 0.131818 0.808315
v -0.113486 0.398833 0.232382
v 0.000598 0.381734 -0.137811
v -0.065349 0.400030 -0.700417
v 0.530086 0.379421 -0.705958
v -0.832174 0.353019 -0.140631
v -0.607112 0.443333 0.756432
v 0.244011 0.528965 -0.297603
v -0.843282 0.305259 0.082842
v -0.870123 0.067170 0.366286
v -0.069962 0.405039 0.248423
v 0.096943 0.505624 -0.299559
v 0.638377 0.313882 -0.685353
v 0.605713 0.195029 -0.695064
v -0.183201 0.559697 0.505393
v -0.111340 0.381633 -0.094540
v 0.010956 0.411320 -0.299032
v 0.342166 0.490683 -0.561022
v -0.116888 0.072726 -0.722715
v -0.150219 0.126739 -0.721384
v -0.131178 0.565072 0.296294
v -0.659839 0.629288 -0.652180
v -0.019231 0.355447 -0.159999
v -0.655648 0.297944 -0.095807
v -0.546680 0.063807 0.839722
v -0.222239 0.352100 -0.033437
v 0.653926 0.217349 -0.775125
v 0.653329 0.069291 -0.777929
v -0.459776 0.556550 0.485195
v -0.111190 0.073790 -0.033482
v 0.651281 0.214419 -0.699941
v -0.546761 0.060604 0.943371
v -0.633455 0.473890 0.758393
v -0.448450 0.584586 0.360728
v -0.070845 0.491131 0.286375
v -0.128514 0.545920 0.270108
v -0.111346 0.478796 0.042366
v 0.031753 0.526234 -0.330817
v 0.307029 0.455352 -0.662386
v 0.314195 0.372866 -0.686787
v -0.124085 0.219678 -0.794544
v -0.496372 0.068985 0.843686
v -0.436171 0.553364 0.490362
v 0.072847 0.517761 -0.341095
v 0.290196 0.447550 -0.575465
v -0.409252 0.000112 0.937271
v -0.281675 0.560553 0.437093
v -0.042494 0.356711 -0.144339
v 0.222343 0.521939 -0.364776
v -0.553199 0.557594 0.564030
v 0.221886 0.523226 -0.498787
v 0.293493 0.482932 -0.594819
v -0.629476 0.478512 0.710639
v -0.293838 0.594136 0.360705
v -0.238394 0.553130 0.415746
v -0.110838 0.478776 0.234173
v -0.004096 0.395132 -0.326749
v -0.125755 0.564510 0.239787
v -0.026359 0.375260 -0.107450
v 0.009386 0.530072 -0.297018
v 0.668705 0.059682 -0.950089
v -0.867799 0.060585 0.271803
v 0.305000 0.381689 -0.707238
v -0.549076 0.066612 0.752715
v 0.131039 0.522160 -0.361001
v 0.453507 0.224884 -0.774147
v -0.593427 0.565438 0.565391
v -0.438267 0.566708 0.319970
v -0.299173 0.594629 0.319302
v -0.069768 0.404680 0.036624
v -0.129028 0.385879 -0.032321
v -0.106422 0.402112 -0.023993
v -0.018698 0.627335 -0.293365
v -0.006796 0.505123 -0.329078
v -0.144324 0.210676 -0.721228
v -0.626964 0.481940 0.567106
v -0.497126 0.552832 0.310767
v -0.657644 0.103854 -0.093773
v -0.623160 0.277856 -0.034610
v -0.313924 0.556299 0.236745
v -0.181879 0.561108 0.296017
v -0.031797 0.430597 -0.198295
v 0.115344 0.524097 -0.414065
v -0.556096 0.561673 0.506757
v -0.425860 0.555706 0.329010
v -0.288229 0.551874 0.335155
v 0.103723 0.579575 -0.529522
v 0.022299 0.605735 -0.541418
v 0.024960 0.551720 -0.484300
v 0.022374 0.609044 -0.477152
v 0.058535 0.559788 -0.513860
v 0.103655 0.596499 -0.495130
v 0.072455 0.570910 -0.481349
v 0.085055 0.532422 -0.476027
v 0.061393 0.560954 -0.382046
v 0.123313 0.525578 -0.520716
v 0.084367 0.526665 -0.538128
v 0.246227 0.314939 -0.681528
v -0.629362 0.074028 0.760339
v -0.630277 0.080536 0.738645
v -0.286737 0.587049 0.215636
v -0.238874 0.553840 0.284545
v -0.017529 0.417603 -0.189835
v 0.249057 0.529282 -0.605326
v -0.647055 0.640131 -0.689674
v -0.609625 0.375662 0.696646
v -0.622801 0.401198 0.566323
v -0.650907 0.491858 0.554773
v -0.453360 0.550798 0.307455
v -0.178825 0.561064 0.237048
v -0.080047 0.487140 0.022996
v -0.073129 0.495187 -0.007293
v -0.031738 0.591274 -0.197294
v -0.067065 0.404573 -0.009811
v 0.311567 0.325662 -0.693859
v -0.605209 0.066285 0.754266
v -0.618494 0.158587 0.691091
v -0.607595 0.181325 0.687722
v -0.608180 0.142477 0.696046
v -0.615989 0.084584 0.688232
v -0.623378 0.331327 0.697219
v -0.621675 0.330472 0.697211
v -0.623841 0.332609 0.697284
v -0.096276 0.405227 -0.123176
v -0.040821 0.404133 -0.122951
v 0.097542 0.556852 -0.357521
v 0.115342 0.586705 -0.386888
v 0.072350 0.565520 -0.401491
v 0.080553 0.542411 -0.401312
v 0.026093 0.607921 -0.353581
v 0.052230 0.622265 -0.378694
v 0.026356 0.609662 -0.410634
v 0.025883 0.556256 -0.366494
v 0.026181 0.565542 -0.408751
v -0.006058 0.600858 -0.350186
v 0.000199 0.537223 -0.389686
v -0.005427 0.610124 -0.407741
v -0.037728 0.071763 -0.722012
v -0.642408 0.257523 0.700861
v 0.295475 0.442986 -0.603726
v -0.624563 0.380801 0.708793
v -0.288123 0.548060 0.234865
v -0.299564 0.552532 0.231164
v -0.172173 0.553324 0.100118
v -0.071627 0.511747 0.039216
v -0.128242 0.548140 0.015139
v -0.001718 0.546063 -0.522494
v -0.607485 0.182940 0.427808
v -0.022393 0.596000 -0.274172
v 0.033348 0.523510 -0.572693
v 0.271218 0.191813 -0.687914
v 0.221329 0.209696 -0.695777
v -0.563512 0.556035 0.298589
v -0.444468 0.580074 0.277705
v -0.436012 0.547516 0.273416
v -0.313625 0.559608 0.158614
v -0.015403 0.623509 -0.148286
v -0.016448 0.402502 -0.150554
v -0.008173 0.620838 -0.507253
v -0.629806 0.183919 0.692007
v -0.651238 0.406379 0.557718
v 0.276118 0.406884 -0.604726
v 0.247242 0.346436 -0.647976
v -0.670012 0.195425 0.697300
v -0.749967 0.230860 0.679669
v -0.643490 0.260851 0.442136
v -0.635515 0.397419 -0.118844
v -0.512037 0.545394 0.651425
v -0.310389 0.581665 0.200947
v -0.095006 0.480912 -0.021427
v -0.017171 0.596152 -0.183853
v 0.242463 0.213942 -0.710838
v -0.622390 0.109707 0.693727
v -0.663934 0.232426 0.460127
v -0.614528 0.481282 0.500238
v -0.460315 0.554053 0.185573
v -0.446890 0.581021 0.165222
v -0.179653 0.559763 0.039734
v 0.252024 0.404285 -0.653164
v 0.244133 0.213393 -0.762357
v -0.630786 0.068224 0.707314
v -0.633491 0.077083 0.688250
v -0.088610 0.475281 -0.125516
v -0.623340 0.088813 0.694810
v -0.624485 0.095801 0.689530
v -0.760006 0.200763 0.702486
v -0.434097 0.553332 0.161800
v -0.295130 0.596885 0.162510
v -0.001672 0.518741 -0.567508
v 0.104462 0.435272 -0.602890
v 0.230246 0.323302 -0.677081
v 0.238959 0.153904 -0.688537
v -0.623861 0.380628 -0.096811
v -0.622622 0.080373 0.694146
v -0.612141 0.078175 0.694698
v -0.616381 0.088366 0.697057
v -0.780349 0.252318 0.702365
v -0.545619 0.561887 0.288822
v 0.007520 0.530349 -0.604274
v 0.232660 0.326798 -0.652810
v -0.654090 0.497302 0.507559
v -0.190960 0.595602 0.108586
v 0.249427 0.374084 -0.643037
v -0.666083 0.095478 0.698345
v -0.633282 0.534189 0.292978
v -0.520423 0.564103 0.142041
v -0.257063 0.594071 0.167536
v -0.122481 0.559040 -0.015191
v 0.220686 0.372537 -0.652179
v -0.630559 0.192436 0.425832
v -0.195181 0.564694 0.120321
v -0.185530 0.587983 0.087163
v -0.754915 0.100262 0.694066
v -0.263694 0.557014 0.146538
v -0.264986 0.555049 0.143921
v 0.013175 0.438751 -0.603730
v 0.200435 0.292102 -0.676596
v -0.550292 0.557927 0.240500
v -0.608475 0.294774 -0.003193
v -0.258085 0.588084 0.093864
v -0.022071 0.648854 -0.398653
v -0.648588 0.701795 -0.121090
v -0.138048 0.699181 -0.699193
v 0.217502 0.172500 -0.700096
v 0.325364 0.060109 -0.949612
v -0.607061 0.120045 0.090318
v -0.614197 0.327530 0.426825
v -0.210680 0.568797 0.099787
v -0.048054 0.674413 -0.147662
v -0.092573 0.752483 -0.197147
v -0.159033 0.774495 -0.262799
v -0.165338 0.775739 -0.262665
v -0.166709 0.768628 -0.259699
v -0.168766 0.776196 -0.241814
v -0.154592 0.770361 -0.238016
v -0.182856 0.752027 -0.236446
v -0.166946 0.763047 -0.255191
v -0.167834 0.776552 -0.243396
v -0.147254 0.775291 -0.250439
v -0.146039 0.764220 -0.252242
v -0.142035 0.750631 -0.274361
v -0.181020 0.746299 -0.269204
v -0.442790 0.673487 -0.127821
v -0.764720 0.062600 0.687624
v -0.624925 0.382968 0.502566
v -0.402610 0.595552 0.047786
v -0.239143 0.553222 0.103770
v -0.047033 0.639180 -0.122623
v -0.138226 0.752251 -0.228386
v -0.448276 0.593897 -0.075414
v -0.135820 0.765757 -0.654257
v -0.024872 0.639509 -0.686647
v 0.219865 0.212388 -0.777108
v -0.117487 0.304740 -0.724651
v -0.600357 0.558696 0.237604
v -0.258470 0.568274 0.111382
v -0.258823 0.565795 0.075504
v -0.225583 0.747539 -0.259745
v -0.261356 0.770864 -0.260085
v -0.259474 0.765200 -0.252893
v -0.445382 0.720690 -0.089896
v -0.462113 0.556198 -0.125192
v -0.651634 0.700656 -0.372809
v -0.017635 0.629581 -0.657363
v 0.218403 0.171644 -0.708881
v -0.856408 0.384330 0.012349
v -0.865303 0.378044 0.063618
v -0.649505 0.488070 0.251161
v -0.275439 0.602641 0.032039
v -0.257956 0.593640 0.071663
v -0.267739 0.744287 -0.265655
v -0.442134 0.644664 -0.126280
v -0.862113 0.333301 0.190115
v 0.327228 0.070522 -0.778516
v -0.603026 0.071014 0.332484
v -0.609020 0.374591 0.364958
v -0.431100 0.591532 0.020284
v -0.241543 0.745284 -0.202420
v -0.259668 0.780475 -0.237285
v -0.049677 0.650176 -0.178980
v -0.241705 0.778465 -0.239190
v -0.251644 0.777269 -0.233351
v -0.182087 0.563118 -0.015514
v -0.135300 0.765575 -0.161855
v -0.250211 0.766683 -0.227687
v -0.254124 0.776338 -0.233141
v -0.252401 0.776041 -0.232482
v -0.263255 0.765460 -0.226594
v -0.428003 0.637840 -0.071194
v -0.426986 0.737091 -0.119357
v -0.272015 0.552082 0.024851
v -0.207389 0.569759 -0.125351
v -0.429433 0.662917 -0.083899
v -0.428425 0.615621 -0.087077
v -0.223103 0.546588 -0.125355
v -0.116485 0.165352 -0.722356
v -0.428349 0.699981 -0.099518
v -0.135640 0.699154 -0.117698
v -0.299509 0.758376 -0.155711
v -0.320873 0.677681 -0.083798
v -0.319129 0.636963 -0.089174
v -0.025938 0.640438 -0.160159
v -0.322257 0.729237 -0.116068
v -0.321790 0.708181 -0.095713
v -0.307013 0.594593 -0.076522
v -0.311125 0.755827 -0.128464
v -0.283958 0.587101 0.018493
v -0.085914 0.650712 -0.143801
v -0.296469 0.691844 -0.072186
v -0.627356 0.069119 0.267881
v -0.273386 0.563566 -0.125683
v -0.305777 0.590520 -0.105576
v -0.303214 0.685858 -0.112055
v -0.304107 0.646453 -0.126068
v -0.319406 0.670914 -0.133862
v -0.386920 0.652043 -0.142527
v -0.004141 0.402100 -0.592728
v 0.041146 0.293035 -0.679059
v 0.225944 0.084534 -0.693800
v -0.771097 0.261240 0.443698
v -0.856931 0.338595 0.339220
v -0.653033 0.699178 -0.500461
v 0.035939 0.325776 -0.652388
v -0.037118 0.383290 -0.723238
v -0.608317 0.324317 0.332498
v 0.219486 0.077598 -0.771143
v -0.550103 0.558605 0.041015
v -0.610656 0.768006 -0.645571
v -0.510867 0.765456 -0.654613
v -0.851577 0.294561 0.225173
v -0.844380 0.086854 0.397458
v -0.698508 0.232969 0.425784
v -0.311730 0.674882 -0.697920
v -0.864441 0.365486 0.400644
v -0.650395 0.407273 0.292170
v -0.509422 0.549814 -0.125673
v -0.781356 0.109141 0.658265
v -0.548043 0.562466 -0.125479
v -0.638592 0.673339 -0.143366
v 0.041288 0.158729 -0.673893
v -0.037623 0.165062 -0.721342
v -0.948304 0.000200 0.937102
v -0.625975 0.648742 -0.661187
v -0.625465 0.649415 -0.150202
v -0.061749 0.643582 -0.697408
v -0.837731 0.379217 0.362887
v -0.041538 0.403889 -0.702910
v -0.554726 0.557417 -0.011497
v -0.052801 0.649277 -0.664437
v -0.780726 0.205125 0.449959
v -0.633088 0.646304 -0.126064
v -0.656813 0.699849 -0.658679
v -0.510640 0.696896 -0.699062
v 0.023579 0.321365 -0.687601
v -0.779200 0.075765 0.702847
v -0.861503 0.328017 0.424459
v -0.597845 0.561550 -0.012733
v -0.635578 0.674433 -0.371023
v -0.594433 0.556579 0.030402
v -0.648849 0.486567 -0.010978
v -0.778615 0.359664 0.040386
v -0.650324 0.675292 -0.693136
v 0.008802 0.166506 -0.669464
v 0.037855 0.070322 -0.755992
v -0.645199 0.500055 0.030322
v 0.002345 0.395802 -0.649627
v -0.780795 0.107857 0.469311
v -0.857210 0.378863 0.243167
v -0.651695 0.404295 0.245869
v 0.002923 0.379168 -0.681217
v -0.767663 0.191885 0.424065
v -0.605976 0.371984 0.175678
v -0.839197 0.334001 0.394588
v -0.860525 0.351743 0.364018
v -0.614071 0.479389 0.041243
v -0.016031 0.405807 -0.668993
v -0.628862 0.697533 -0.699392
v -0.293070 0.674272 -0.678790
v -0.618820 0.482147 -0.021402
v -0.948114 0.060470 0.943053
v -0.606381 0.094565 0.251808
v -0.612411 0.404134 0.226667
v -0.648208 0.636640 -0.372469
v -0.865917 0.335807 0.272158
v -0.613040 0.346007 0.027505
v -0.659527 0.628942 -0.166488
v 0.030322 0.085867 -0.754242
v -0.608322 0.141861 0.165017
v 0.007470 0.070751 -0.673838
v -0.649879 0.631263 -0.130779
v -0.628334 0.674763 -0.672188
v -0.616835 0.486380 -0.122869
v -0.350007 0.635023 -0.698672
v -0.606382 0.075657 0.210731
v -0.848802 0.380919 0.201580
v -0.774305 0.067549 0.424176
v -0.846648 0.095402 0.365408
v -0.624291 0.383776 0.041363
v -0.864024 0.061526 0.422224
v -0.604031 0.375130 -0.094400
v -0.432945 0.649588 -0.671010
v -0.620336 0.467172 0.013088
v -0.618932 0.402589 -0.020361
vn 0.8831 -0.4660 0.0544
vn -0.5944 -0.0727 0.8009
vn 0.0851 0.1281 0.9881
vn 0.0988 -0.9795 -0.1758
vn 0.4001 0.8279 0.3932
vn 0.1754 -0.0762 0.9815
vn 0.0265 0.2782 -0.9601
vn -0.1649 -0.8128 -0.5587
vn 0.9375 0.3233 -0.1290
vn -0.6495 0.1657 0.7421
vn -0.9835 0.0007 0.1808
vn 0.7971 0.0928 -0.5966
vn 0.8749 0.0691 -0.4793
vn 0.8063 0.0714 -0.5872
vn 0.7311 0.0823 -0.6772
vn 0.7971 0.0929 -0.5966
vn 0.8062 0.0714 -0.5873
vn -0.4788 0.6267 0.6148
vn 0.7966 -0.4292 -0.4257
vn 0.7315 -0.6798 -0.0534
vn 0.8004 -0.5980 -0.0422
vn 0.7306 -0.6808 -0.0535
vn -0.4974 0.2759 0.8225
vn -0.4857 0.3046 0.8194
vn -0.4419 0.4009 0.8025
vn -0.4974 0.2758 0.8225
vn -0.5359 0.1692 0.8272
vn -0.4857 0.3045 0.8194
vn 0.6817 0.0375 -0.7307
vn 0.6231 -0.7792 -0.0676
vn -0.3160 -0.0544 0.9472
vn 0.5722 -0.3629 -0.7355
vn 0.5593 -0.3370 -0.7574
vn 0.5862 -0.3924 -0.7088
vn 0.5289 0.6430 -0.5539
vn 0.5415 -0.3029 -0.7842
vn 0.1851 0.5732 -0.7982
vn 0.1647 0.0258 -0.9860
vn 0.1651 0.0262 -0.9859
vn 0.1592 0.0198 -0.9870
vn 0.1725 0.0344 -0.9844
vn 0.2319 -0.2461 -0.9411
vn -0.2206 -0.9436 0.2468
vn -0.0856 -0.8592 0.5044
vn 0.0421 0.8843 0.4649
vn 0.0934 0.8499 0.5187
vn 0.0819 0.8581 0.5069
vn 0.0222 -0.6752 -0.7373
vn 0.0641 -0.6802 -0.7302
vn 0.0484 -0.6209 -0.7824
vn -0.0955 0.2913 0.9519
vn -0.0263 0.1126 0.9933
vn -0.0399 0.2236 0.9739
vn -0.0056 0.0816 0.9967
vn -0.0249 -0.0027 0.9997
vn -0.2540 0.7801 -0.5718
vn 0.0221 -0.6752 -0.7373
vn 0.0038 -0.6090 -0.7932
vn -0.0289 -0.6873 -0.7258
vn 0.0934 0.8498 0.5187
vn 0.1600 0.7958 0.5841
vn 0.0038 -0.6089 -0.7932
vn 0.1839 -0.1950 0.9634
vn -0.3210 0.0771 -0.9439
vn -0.4377 0.4760 -0.7628
vn -0.0269 -0.5643 -0.8251
vn -0.0289 -0.6872 -0.7259
vn -0.8034 -0.5939 -0.0440
vn -0.7316 -0.6738 -0.1034
vn -0.7817 -0.6204 -0.0631
vn -0.6683 -0.1753 -0.7229
vn -0.4902 -0.1642 -0.8560
vn -0.5911 -0.1969 -0.7822
vn -0.5442 -0.5396 -0.6424
vn 0.4982 0.2035 0.8429
vn 0.5825 0.2504 0.7733
vn 0.4999 0.2044 0.8416
vn -0.8438 -0.5366 -0.0047
vn -0.9060 0.1544 -0.3941
vn -0.7460 -0.1794 -0.6413
vn 0.4998 0.2044 0.8416
vn 0.4649 0.1853 0.8657
vn 0.4981 0.2035 0.8429
vn 0.4812 0.5731 0.6634
vn -0.6684 -0.1753 -0.7229
vn -0.7461 -0.1793 -0.6412
vn -0.8190 -0.1364 -0.5573
vn -0.4948 -0.4762 -0.7269
vn -0.0620 0.2131 0.9751
vn -0.0404 0.0821 0.9958
vn -0.0379 0.1376 0.9898
vn -0.0218 -0.0012 0.9998
vn -0.0404 0.0820 0.9958
vn -0.0342 -0.0170 0.9993
vn -0.9973 -0.0046 -0.0735
vn -0.9931 -0.0867 -0.0787
vn -0.9991 0.0064 -0.0430
vn -0.9911 -0.0776 0.1083
vn -0.9851 -0.0630 0.1603
vn -0.9923 -0.0537 0.1116
vn -0.8267 0.1738 -0.5351
vn -0.0894 0.0782 0.9929
vn -0.1683 0.0631 0.9837
vn -0.2391 0.1300 0.9622
vn 0.7526 0.5870 0.2985
vn 0.7644 0.5641 0.3124
vn 0.0485 0.8595 0.5088
vn 0.5658 -0.8077 0.1655
vn 0.5766 -0.8015 0.1587
vn 0.4660 -0.8559 0.2242
vn -0.0347 0.5609 0.8271
vn -0.0226 0.5590 0.8289
vn -0.0495 0.5705 0.8198
vn -0.3238 0.2948 -0.8990
vn 0.9109 0.3888 0.1386
vn 0.8957 0.4319 0.1056
vn 0.9150 0.3634 0.1750
vn 0.9999 -0.0109 -0.0008
vn 0.9978 -0.0668 0.0034
vn 0.9999 -0.0162 -0.0019
vn 0.9997 -0.0212 0.0104
vn 0.9999 -0.0118 0.0060
vn 0.0406 0.9992 0.0008
vn 0.0441 0.9990 0.0007
vn 0.1655 0.9862 -0.0045
vn 0.1697 0.9855 -0.0047
vn 0.8990 0.4379 -0.0050
vn 0.9540 0.2999 0.0005
vn 0.9000 0.4359 -0.0049
vn 0.7712 -0.6366 -0.0036
vn 0.7857 -0.6186 -0.0028
vn 0.7850 -0.6195 -0.0028
vn -1.0000 0.0062 -0.0048
vn -0.9998 0.0121 0.0178
vn -0.9991 -0.0376 -0.0195
vn 0.8803 0.4744 -0.0065
vn 0.8799 0.4752 -0.0061
vn 0.8798 0.4753 -0.0060
vn 0.8801 0.4748 -0.0063
vn 0.8796 0.4757 -0.0058
vn 0.9561 0.2929 0.0007
vn 0.9895 0.1443 0.0061
vn 0.9856 0.1690 0.0001
vn 0.9891 0.1472 0.0032
vn -0.7439 -0.0895 -0.6622
vn -0.5280 0.3738 0.7625
vn -0.5309 0.3835 0.7557
vn -0.5322 0.3883 0.7523
vn -0.2257 -0.1265 -0.9659
vn 0.1805 0.9799 0.0852
vn 0.1105 0.9871 0.1157
vn 0.2280 0.9716 0.0639
vn 0.9540 0.2096 0.2142
vn 0.1804 0.9799 0.0852
vn 0.0488 0.9887 0.1419
vn 0.0210 0.9998 0.0035
vn 0.0394 0.9992 -0.0051
vn 0.0025 1.0000 -0.0005
vn -0.0051 1.0000 0.0056
vn 0.4401 0.8785 0.1860
vn 0.4355 0.8920 0.1212
vn 0.4410 0.8744 0.2026
vn -0.0447 0.9990 -0.0035
vn 0.7126 0.6034 -0.3578
vn 0.7161 0.6031 -0.3514
vn 0.7579 0.5958 -0.2656
vn 0.4434 0.8517 0.2794
vn -0.4643 0.8849 0.0377
vn -0.3839 0.9196 0.0841
vn -0.5134 0.8581 0.0078
vn 0.1761 0.8664 -0.4672
vn -0.0544 0.7988 0.5992
vn -0.0830 0.7642 0.6396
vn -0.0222 0.8340 0.5513
vn 0.0286 0.8816 0.4712
vn -0.0544 0.7988 0.5991
vn -0.0221 0.8340 0.5513
vn -0.3966 0.7920 0.4642
vn -0.5776 0.8156 -0.0334
vn -0.7648 0.4412 0.4694
vn 0.6577 0.6045 -0.4494
vn -0.6935 0.2762 0.6653
vn -0.9025 0.4068 0.1415
vn -0.3843 0.8209 -0.4225
vn -0.3322 0.8359 -0.4369
vn -0.3985 0.8163 -0.4183
vn -0.2781 0.2270 0.9333
vn 0.9309 0.3385 -0.1374
vn -0.0398 0.4797 0.8766
vn -0.0977 0.7249 -0.6819
vn 0.6290 0.3820 -0.6771
vn -0.4462 0.7990 -0.4031
vn 0.7728 -0.5362 -0.3395
vn -0.9914 0.1262 -0.0336
vn 0.8641 0.1848 0.4681
vn 0.6991 0.3813 0.6049
vn -0.7691 0.0791 0.6342
vn -0.7632 0.0878 0.6402
vn -0.7716 0.0754 0.6316
vn 0.3075 0.1174 -0.9443
vn 0.3015 0.2037 -0.9315
vn 0.3050 0.1009 -0.9470
vn 0.7915 0.2711 -0.5478
vn -0.2285 -0.8622 0.4522
vn -0.7768 0.0675 0.6261
vn -0.6877 0.2178 -0.6925
vn -0.1687 0.3674 -0.9146
vn -0.1413 0.2612 -0.9549
vn -0.1759 0.3304 -0.9273
vn 0.4065 0.8989 -0.1634
vn 0.4359 0.8867 -0.1541
vn 0.3713 0.9120 -0.1741
vn 0.3391 0.2449 0.9083
vn -0.1840 0.9299 0.3185
vn -0.4124 0.9109 -0.0124
vn -0.1687 0.3675 -0.9146
vn -0.1814 0.4284 -0.8852
vn -0.7350 0.4986 -0.4596
vn -0.7808 0.3935 -0.4853
vn -0.7753 0.4080 -0.4822
vn 0.9238 0.1434 -0.3551
vn 0.9240 0.0661 -0.3766
vn 0.9174 -0.0198 -0.3976
vn 0.9174 -0.0199 -0.3976
vn 0.9240 0.0660 -0.3766
vn 0.9121 -0.0580 -0.4059
vn -0.7173 0.5324 -0.4495
vn 0.0109 0.9998 -0.0152
vn 0.0490 0.9954 0.0818
vn 0.0606 0.9950 -0.0798
vn -0.9455 0.1304 0.2985
vn -0.9588 0.0826 0.2719
vn -0.9548 0.0979 0.2805
vn 0.9417 0.2497 0.2257
vn 0.9345 0.2231 0.2776
vn 0.9263 0.1963 0.3215
vn 0.3171 0.0228 -0.9481
vn 0.6433 0.7060 0.2962
vn -0.8195 0.5624 -0.1104
vn -0.9217 -0.1756 -0.3460
vn -0.1605 0.5054 -0.8478
vn 0.7008 0.5213 -0.4869
vn 0.3315 0.9250 -0.1857
vn 0.4064 0.8989 -0.1634
vn 0.3713 0.9121 -0.1741
vn -0.7612 -0.2123 0.6128
vn 0.0364 0.9992 -0.0189
vn 0.0162 0.9998 -0.0144
vn 0.0205 0.9997 -0.0145
vn -0.9009 0.3921 0.1859
vn -0.9726 0.0131 0.2320
vn 0.9062 0.1606 0.3911
vn 0.9999 -0.0026 -0.0109
vn 0.9919 0.0394 -0.1206
vn 0.9999 0.0158 -0.0027
vn -0.5172 -0.8549 0.0413
vn -0.7961 0.2394 -0.5559
vn -0.8363 0.5475 0.0294
vn 0.2451 0.7023 0.6684
vn -0.1058 0.0109 0.9943
vn -0.1370 -0.0420 0.9897
vn -0.1251 -0.0218 0.9919
vn -0.4830 -0.6876 0.5421
vn 0.0353 0.1720 -0.9845
vn -0.7298 0.5899 -0.3456
vn 0.9984 -0.0055 -0.0568
vn -0.8559 0.0185 0.5167
vn -0.9563 0.0203 -0.2918
vn 0.9024 0.1563 0.4015
vn 0.9344 0.2230 0.2776
vn 0.9955 0.0203 -0.0923
vn 0.8225 0.5019 -0.2676
vn -0.1880 -0.9818 -0.0254
vn -0.0884 -0.0310 -0.9956
vn 0.9094 0.1912 0.3693
vn -0.9582 0.2791 -0.0621
vn -0.9754 0.2195 -0.0199
vn -0.9793 0.2022 -0.0077
vn -0.6977 0.7114 -0.0845
vn 0.3172 0.0228 -0.9481
vn 0.3152 0.0471 -0.9479
vn 0.3451 0.1736 0.9224
vn 0.2771 0.0912 0.9565
vn 0.2824 0.0974 0.9543
vn 0.9567 0.2887 -0.0370
vn 0.9531 0.2993 -0.0454
vn 0.9588 0.2822 -0.0320
vn 0.6927 0.7190 -0.0567
vn -0.5357 0.4007 0.7433
vn 0.3023 0.8983 -0.3188
vn -0.4975 0.8559 -0.1413
vn 0.9955 0.0203 -0.0924
vn 0.9745 0.0813 -0.2093
vn 0.9919 0.0394 -0.1207
vn -0.0409 0.9990 0.0198
vn -0.0407 0.9990 0.0173
vn -0.2544 0.9667 0.0269
vn -0.1542 -0.0716 0.9854
vn 0.0083 0.9356 0.3531
vn -0.4812 -0.0233 0.8763
vn -0.4361 0.0438 -0.8988
vn -0.5129 0.2246 -0.8286
vn -0.4577 0.1236 -0.8805
vn 0.0122 0.9996 0.0248
vn -0.3367 0.9415 0.0128
vn 0.1601 0.9861 -0.0443
vn 0.9311 0.0211 -0.3641
vn -0.9998 0.0188 -0.0000
vn 0.2527 0.1976 0.9471
vn 0.2843 0.1810 0.9415
vn 0.2189 0.2150 0.9518
vn 0.0117 0.9998 -0.0151
vn -0.9793 0.2021 -0.0077
vn -0.9754 0.2195 -0.0198
vn -0.9901 0.1346 0.0390
vn 0.0504 0.9985 -0.0213
vn 0.2231 0.9636 -0.1475
vn 0.3059 0.9499 -0.0640
vn 0.2273 0.9632 -0.1434
vn 0.8463 -0.0591 0.5294
vn 0.2258 0.0309 0.9737
vn 0.2823 0.0974 0.9544
vn -0.1398 0.4781 -0.8671
vn -0.0045 1.0000 -0.0067
vn -0.9950 0.0639 0.0772
vn -0.0464 -0.0146 0.9988
vn 0.1135 0.0041 0.9935
vn 0.1002 0.0026 0.9950
vn -0.1606 0.9839 0.0784
vn -0.1765 0.9809 0.0813
vn -0.3678 0.9228 0.1149
vn 0.9462 0.3231 0.0170
vn -0.3989 0.0517 -0.9155
vn 0.0006 0.1289 0.9917
vn -0.0011 0.0898 0.9960
vn -0.0012 0.0890 0.9960
vn 0.9575 -0.0028 0.2885
vn 0.7709 -0.6369 -0.0037
vn 0.7851 -0.6194 -0.0028
vn -0.1766 0.9809 0.0814
vn -0.3924 0.9121 0.1191
vn 0.1905 0.2292 0.9546
vn 0.0037 0.6586 -0.7525
vn 0.0852 -0.1019 0.9911
vn 0.9956 0.0940 0.0008
vn 0.9951 0.0986 0.0013
vn 0.9794 0.2014 0.0131
vn -0.8558 -0.1997 -0.4773
vn 0.7357 0.0437 -0.6759
vn 0.3228 -0.0012 -0.9465
vn 0.9853 0.1710 -0.0002
vn 0.9856 0.1691 0.0001
vn 0.9946 0.1028 -0.0168
vn 0.9613 0.2743 -0.0258
vn -0.4974 0.2216 -0.8387
vn 0.0556 0.9978 0.0350
vn 0.2622 0.0287 -0.9646
vn 0.2861 0.0312 -0.9577
vn 0.0534 0.0066 -0.9986
vn -0.0000 1.0000 -0.0085
vn 0.0122 0.9996 0.0247
vn 0.0110 0.9998 -0.0152
vn 0.0203 0.9990 0.0395
vn 0.0755 0.9939 0.0806
vn 0.0203 0.9987 0.0465
vn -0.2379 0.3136 0.9193
vn 0.0675 0.9944 -0.0813
vn 0.0951 0.9933 -0.0653
vn 0.0714 0.9974 0.0042
vn -0.0285 0.9996 -0.0069
vn -0.0133 0.9998 -0.0121
vn -0.0041 0.9999 -0.0114
vn 0.0027 1.0000 -0.0051
vn 0.0716 0.9850 0.1573
vn 0.6518 0.5677 -0.5030
vn 0.0060 -1.0000 -0.0000
vn 0.0066 -1.0000 -0.0001
vn 0.0133 -0.9999 0.0082
vn 0.3808 -0.9246 -0.0132
vn 0.3652 -0.9308 -0.0117
vn 0.3651 -0.9309 -0.0117
vn 0.0037 1.0000 -0.0003
vn -0.5531 0.3274 -0.7661
vn 0.0667 0.5929 -0.8025
vn 0.0309 0.5772 -0.8160
vn 0.0641 0.5568 -0.8281
vn 0.0194 0.6252 -0.7802
vn -0.0319 0.7327 0.6798
vn 0.0778 0.9555 -0.2846
vn -0.8352 0.5499 -0.0003
vn -0.8341 0.5516 0.0088
vn -0.8310 0.5563 0.0026
vn -0.0027 0.9934 -0.1147
vn -0.0067 0.9720 -0.2351
vn -0.0049 0.9795 -0.2016
vn 0.7585 0.3102 -0.5731
vn -0.9922 0.1005 0.0733
vn 0.0350 0.0046 -0.9994
vn 0.9431 -0.2987 -0.1458
vn 0.7650 0.3869 0.5149
vn 0.8503 0.5256 0.0275
vn -0.3134 -0.4179 -0.8527
vn 0.1469 0.9858 0.0815
vn 0.8310 -0.5547 -0.0422
vn -0.9835 0.1803 0.0143
vn 0.8166 0.5771 0.0030
vn 0.4525 -0.8917 -0.0118
vn 0.5717 0.8204 -0.0123
vn 0.5769 0.8167 -0.0128
vn 0.5890 0.8081 -0.0086
vn -0.5788 -0.3023 0.7574
vn -0.9832 0.1821 0.0142
vn -0.8205 -0.0277 -0.5709
vn -0.4046 0.1023 0.9088
vn -0.8373 -0.3243 -0.4402
vn 0.6826 0.7304 -0.0237
vn 0.4435 -0.8935 0.0699
vn 0.4223 -0.9035 0.0730
vn 0.4209 -0.9041 0.0732
vn 0.4451 -0.8928 0.0696
vn 0.4224 -0.9035 0.0730
vn 0.4436 -0.8935 0.0698
vn 0.9787 0.2052 0.0082
vn 0.1310 0.9632 -0.2346
vn 0.2229 0.9636 -0.1477
vn 0.2272 0.9632 -0.1434
vn -0.0586 -0.0160 0.9982
vn -0.8133 -0.0077 0.5818
vn -0.9944 -0.1056 -0.0092
vn 0.6826 0.7304 -0.0236
vn 0.5869 0.8096 -0.0080
vn 0.5889 0.8081 -0.0086
vn 0.9768 0.2137 0.0105
vn 0.9787 0.2053 0.0082
vn -0.9008 0.4026 0.1625
vn -0.0135 0.5532 0.8329
vn -0.0031 0.5507 0.8347
vn -0.0042 0.5523 0.8336
vn -0.8387 0.5445 0.0057
vn 0.9776 0.2099 0.0141
vn 0.6359 0.4898 -0.5964
vn 0.9848 0.1720 -0.0244
vn 0.0528 0.9986 0.0056
vn 0.0639 0.9956 0.0687
vn 0.2823 0.9517 0.1206
vn 0.2503 0.9610 0.1175
vn 0.1073 0.9882 0.1093
vn -0.0175 0.4512 0.8922
vn 0.0007 0.1302 0.9915
vn 0.9827 0.1850 0.0031
vn 0.9832 0.1824 0.0023
vn 0.9852 0.1716 -0.0011
vn 0.6318 -0.0086 0.7751
vn 0.9998 0.0155 -0.0120
vn 0.9996 0.0188 -0.0194
vn 0.9999 0.0133 -0.0069
vn 0.8428 0.5334 -0.0724
vn 0.8377 0.5447 -0.0392
vn 0.8299 0.5578 -0.0044
vn -0.8285 -0.0227 -0.5596
vn -0.8139 -0.0144 -0.5808
vn -0.7902 0.0010 -0.6129
vn -0.8263 -0.0074 -0.5632
vn 0.9155 0.0071 -0.4023
vn 0.9356 -0.0138 -0.3528
vn 0.9653 -0.0676 -0.2521
vn -0.0000 0.0018 1.0000
vn 0.0052 0.0076 1.0000
vn 0.0090 0.0068 0.9999
vn 0.9654 -0.0676 -0.2520
vn 0.9783 -0.0986 -0.1822
vn -0.8690 -0.0518 -0.4921
vn -0.0036 -0.0020 1.0000
vn 0.7039 -0.4328 -0.5633
vn 0.8016 0.4653 0.3754
vn -0.6530 -0.6795 -0.3345
vn 0.5542 0.6031 0.5737
vn -0.5817 -0.0436 0.8122
vn 0.4225 -0.0875 0.9021
vn -0.1711 0.9853 -0.0029
vn 0.0998 -0.2089 -0.9728
vn 0.1522 -0.3764 0.9139
vn -0.4838 0.6596 0.5751
vn -0.4245 0.7360 0.5273
vn -0.4355 0.7432 0.5079
vn 0.3453 0.4277 -0.8354
vn -0.7271 0.0174 0.6864
vn -0.5190 -0.1199 -0.8463
vn 0.6094 0.0260 0.7924
vn 0.6215 -0.0496 0.7819
vn 0.6086 0.0302 0.7929
vn 0.8334 0.0499 0.5504
vn -0.1346 0.0421 0.9900
vn -0.1284 -0.0474 0.9906
vn -0.1349 0.0465 0.9898
vn 0.1628 0.0594 0.9849
vn 0.5866 0.1307 0.7993
vn 0.6094 0.0261 0.7924
vn 0.6086 0.0303 0.7929
vn 0.9524 0.2217 0.2095
vn 0.9576 0.1864 0.2198
vn 0.9555 0.2015 0.2154
vn 0.9981 -0.0035 -0.0617
vn 0.9909 -0.0910 0.0991
vn 0.9954 -0.0721 0.0638
vn 0.5748 0.7725 0.2699
vn 0.6706 0.6840 0.2872
vn 0.5969 0.7540 0.2741
vn 0.9576 0.1863 0.2198
vn 0.9597 0.1683 0.2249
vn 0.1193 0.7115 0.6925
vn 0.9943 0.0115 -0.1058
vn 0.9844 -0.1339 0.1143
vn 0.9954 -0.0722 0.0638
vn 0.8606 -0.4743 -0.1855
vn -0.1413 0.1619 0.9766
vn -0.7885 0.0409 0.6137
vn -0.7086 0.0440 0.7042
vn -0.7375 0.0249 0.6749
vn 0.5372 0.8016 0.2624
vn 0.3709 -0.1618 0.9145
vn 0.3635 -0.1102 0.9250
vn 0.3858 -0.1448 0.9111
vn 0.3032 -0.8645 0.4009
vn -0.5094 -0.2401 -0.8264
vn 0.0253 0.9758 -0.2174
vn -0.0097 0.9804 -0.1968
vn 0.0632 0.9620 -0.2656
vn -0.0907 0.9891 -0.1160
vn -0.0098 0.9804 -0.1967
vn 0.0769 -0.9645 0.2526
vn 0.2514 0.1463 0.9568
vn -0.1531 -0.9879 -0.0266
vn -0.0139 0.3603 -0.9327
vn -0.0727 -0.6767 -0.7326
vn 0.5281 0.8462 0.0714
vn 0.4787 0.8750 0.0719
vn 0.4569 0.8866 0.0720
vn 0.4186 -0.3353 -0.8440
vn 0.5134 -0.3172 -0.7974
vn 0.4036 -0.3378 -0.8503
vn 0.0367 0.9637 -0.2644
vn -0.0008 0.2195 0.9756
vn -0.4169 -0.8982 0.1394
vn -0.3668 -0.9221 0.1230
vn -0.3856 -0.9145 0.1225
vn 0.4194 0.9049 0.0721
vn 0.2867 -0.1430 0.9473
vn 0.3234 -0.3490 -0.8796
vn -0.1312 -0.0638 -0.9893
vn 0.5380 0.4107 -0.7362
vn -0.3553 -0.9286 0.1069
vn -0.3067 -0.7840 0.5396
vn 0.4674 0.3868 0.7949
vn -0.3695 -0.9243 0.0962
vn -0.1496 0.0218 0.9885
vn 0.0272 -0.9994 0.0198
vn 0.0484 -0.9986 -0.0201
vn 0.0111 -0.9987 0.0500
vn 0.0217 -0.7766 0.6296
vn 0.6741 -0.1137 0.7299
vn 0.8370 0.0854 0.5404
vn -0.8931 0.4418 0.0849
vn 0.0192 0.9966 0.0798
vn 0.0723 0.9974 0.0005
vn 0.0596 0.9981 0.0135
vn 0.6432 -0.0022 0.7657
vn 0.6278 0.0235 0.7780
vn 0.6390 0.0199 0.7689
vn 0.4945 0.3246 -0.8063
vn 0.6279 0.0235 0.7780
vn 0.5891 0.0244 0.8077
vn 0.5890 0.0244 0.8078
vn 0.5750 0.0179 0.8179
vn -0.9802 0.1345 0.1455
vn -0.9899 0.0678 0.1246
vn -0.9939 0.0101 0.1100
vn -0.9799 0.1335 0.1484
vn 0.5004 -0.1933 -0.8440
vn 0.4604 -0.1723 -0.8709
vn 0.3598 -0.0379 -0.9322
vn 0.3598 -0.0379 -0.9323
vn 0.4603 -0.1722 -0.8709
vn 0.3320 -0.0187 -0.9431
vn 0.9772 0.2023 -0.0638
vn 0.9847 0.1733 0.0174
vn 0.9705 0.2167 -0.1056
vn 0.9590 0.2345 -0.1590
vn 0.9139 -0.2070 0.3493
vn 0.6323 0.4241 0.6483
vn -0.6833 -0.0707 0.7267
vn -0.4676 0.4952 0.7323
vn 0.4552 0.6588 0.5990
vn -0.8663 0.4700 0.1695
vn -0.5225 0.8330 -0.1819
vn 0.6407 0.1127 0.7595
vn -0.8416 -0.3540 0.4078
vn -0.8570 -0.3055 0.4150
vn -0.8395 -0.3603 0.4068
vn -0.9979 -0.0628 0.0165
vn -0.9975 -0.0568 0.0430
vn -0.9979 -0.0621 0.0194
vn 0.6923 0.6092 -0.3868
vn 0.1131 -0.1898 0.9753
vn -0.8143 -0.4254 0.3949
vn -0.6560 0.6111 -0.4430
vn -0.8558 0.1549 -0.4936
vn -0.9973 -0.0710 -0.0208
vn 0.0995 0.3745 -0.9219
vn -0.8550 -0.4533 -0.2520
vn -0.8645 -0.4310 -0.2586
vn -0.8975 -0.3371 -0.2843
vn -0.1941 -0.0432 -0.9800
vn 0.3596 0.9331 -0.0103
vn -0.7886 -0.0870 -0.6087
vn 0.5375 -0.3478 -0.7682
vn -0.2942 -0.7434 0.6007
vn -0.2501 -0.7438 0.6199
vn -0.2916 -0.7434 0.6019
vn -0.4900 -0.1983 -0.8489
vn -0.8644 -0.4312 -0.2586
vn -0.8549 -0.4534 -0.2520
vn -0.8194 -0.5258 -0.2285
vn -0.3704 -0.7384 0.5635
vn -0.7626 -0.6430 0.0701
vn -0.7813 -0.6220 0.0525
vn -0.7222 -0.6836 0.1056
vn 0.2607 -0.7316 -0.6300
vn 0.5866 -0.7391 0.3310
vn 0.5535 -0.7565 0.3484
vn 0.5221 -0.7713 0.3639
vn 0.5221 -0.7714 0.3639
vn 0.5534 -0.7565 0.3484
vn 0.3992 -0.8167 0.4167
vn -0.6965 -0.7063 0.1266
vn -0.4874 -0.6457 -0.5878
vn -0.4856 -0.6473 -0.5876
vn -0.4898 -0.6436 -0.5881
vn -0.4828 -0.6496 -0.5873
vn 0.0240 0.0692 -0.9973
vn -0.0094 -0.9793 0.2020
vn 0.0643 -0.5577 0.8275
vn -0.0106 0.9950 0.0997
vn -0.2892 0.3241 0.9007
vn 0.2977 -0.4303 -0.8522
vn 0.4086 0.8525 0.3259
vn 0.2061 0.9760 -0.0702
vn 0.8925 -0.4078 0.1929
vn 0.6789 0.2900 0.6746
vn 0.1034 0.0225 -0.9944
vn -0.7609 0.0006 0.6488
vn 0.7863 -0.0000 0.6179
vn -0.4788 0.0227 0.8776
vn -0.5319 0.0249 0.8465
vn -0.5379 0.0296 0.8425
vn -0.5104 0.0398 0.8590
vn -0.1649 0.0768 0.9833
vn -0.9177 -0.0570 -0.3932
vn 0.8059 -0.2255 -0.5474
vn -0.6235 0.0646 0.7791
vn -0.4048 0.7766 -0.4827
vn -0.4469 -0.2595 0.8561
vn 0.7951 -0.0563 -0.6038
vn -0.1794 -0.8388 -0.5140
vn -0.2281 -0.8266 -0.5145
vn -0.1649 -0.8421 -0.5135
vn 0.3808 0.7773 0.5008
vn 0.3536 0.7924 0.4971
vn 0.3402 0.7995 0.4951
vn -0.1795 -0.8388 -0.5140
vn -0.2449 -0.8218 -0.5145
vn 0.7936 -0.2763 -0.5422
vn 0.1240 0.4522 -0.8833
vn -0.5285 0.7552 -0.3876
vn -0.5382 -0.7285 0.4238
vn 0.9993 0.0363 -0.0021
vn -0.9990 0.0035 -0.0440
vn -0.9981 -0.0341 0.0516
vn -0.9975 -0.0373 0.0597
vn 0.9630 0.0184 -0.2688
vn 0.4826 0.3024 0.8220
vn 0.8795 -0.1386 0.4552
vn -0.9864 -0.0718 0.1478
vn 0.2697 0.1308 0.9540
vn -0.8115 -0.0998 0.5758
vn -0.4123 -0.7585 -0.5046
vn 0.5340 0.0568 0.8436
vn 0.5029 0.0493 0.8630
vn 0.4127 0.7584 0.5045
vn -0.0266 0.9776 -0.2090
vn 0.9884 -0.1437 0.0495
vn 0.6826 0.7265 -0.0789
vn -0.7944 0.5608 0.2333
vn -0.2955 0.9526 0.0721
vn -0.1140 0.9919 0.0561
vn -0.1967 0.9784 0.0636
vn -0.1139 0.9919 0.0561
vn -0.0700 0.9962 0.0519
vn -0.1966 0.9784 0.0636
vn 0.0678 0.3438 -0.9366
vn 0.9917 -0.0012 0.1286
vn -0.7935 0.0245 -0.6080
vn -0.7171 -0.0088 0.6969
vn -0.5436 -0.0088 0.8393
vn -0.6380 -0.0029 0.7700
vn -0.5466 0.0205 -0.8372
vn -0.5417 -0.0089 0.8405
vn 0.9590 0.0329 -0.2815
vn 0.9954 0.0024 -0.0961
vn 0.9776 0.0319 -0.2079
vn -0.9724 -0.2256 0.0594
vn 0.9935 -0.1093 -0.0304
vn 0.9612 -0.1917 -0.1986
vn 0.6544 0.4940 -0.5725
vn 0.8373 -0.0405 -0.5452
vn -0.1284 -0.6196 0.7743
vn 0.7178 0.6962 -0.0004
vn -0.2948 -0.9104 -0.2902
vn -0.4921 0.2834 0.8231
vn -0.5454 0.8310 0.1099
vn 0.9769 0.0052 0.2136
vn -0.8084 0.0803 -0.5831
vn -0.6469 -0.1542 0.7468
vn -0.8463 -0.4538 -0.2789
vn -0.8967 -0.1507 -0.4162
vn -0.1337 0.1598 -0.9781
vn 0.6436 0.2729 0.7150
vn -0.9563 0.2922 -0.0074
vn 0.9849 -0.1525 -0.0823
vn -0.9695 0.2225 0.1030
vn 0.9872 -0.1540 0.0420
vn -0.9828 -0.1838 -0.0154
vn -0.5009 -0.0149 -0.8654
vn 0.2319 -0.0024 -0.9727
vn 0.1858 0.0122 0.9825
vn 0.4702 0.0091 0.8825
vn 0.1116 0.0013 -0.9938
vn -0.4449 0.0043 0.8956
vn -0.8200 0.0074 0.5723
vn -0.0963 0.0499 0.9941
vn -0.2732 -0.1220 -0.9542
vn -0.8778 -0.1424 0.4574
vn 0.8775 0.1420 -0.4581
vn 0.8788 0.2238 -0.4215
vn 0.8782 0.1555 -0.4523
vn -0.9927 0.0642 0.1025
vn -0.9925 0.0944 0.0776
vn -0.9895 0.0134 0.1437
vn 0.4773 0.0258 0.8783
vn 0.4773 0.0250 0.8784
vn 0.4777 0.0331 0.8779
vn 0.3718 -0.0203 -0.9281
vn 0.3267 0.0610 -0.9432
vn 0.3493 0.0209 -0.9368
vn 0.4769 0.0179 0.8788
vn -0.9895 0.0133 0.1438
vn -0.9859 -0.0152 0.1666
vn 0.3917 -0.0580 -0.9183
vn 0.9504 0.0369 -0.3088
vn 0.9119 0.0544 -0.4067
vn 0.9141 0.0535 -0.4020
vn -0.2816 -0.0341 -0.9589
vn -0.4280 -0.0539 0.9022
vn 0.9572 0.0331 -0.2875
vn 0.7214 -0.0240 0.6921
vn 0.8750 0.2861 -0.3907
vn 0.8782 0.1556 -0.4523
vn 0.8217 -0.1644 -0.5456
vn -0.7640 0.1243 0.6331
vn -0.8010 0.0492 0.5967
vn -0.0083 0.6941 -0.7198
vn -0.9969 -0.0538 -0.0576
vn 0.3488 -0.8560 0.3815
vn 0.5177 -0.0263 -0.8551
vn -0.1903 0.2032 -0.9605
vn 0.5743 0.1049 0.8119
vn -0.8235 0.0637 0.5638
vn -0.1781 0.9803 0.0854
vn -0.3671 0.9299 -0.0241
vn -0.2200 0.9713 0.0909
vn 0.9758 0.0681 -0.2079
vn 0.1806 0.3986 0.8992
vn -0.3228 0.0098 0.9464
vn -0.0553 0.2360 -0.9702
vn 0.5015 0.7872 0.3590
vn -0.0981 0.9631 0.2506
vn -0.2200 0.9713 0.0908
vn -0.3673 0.9298 -0.0237
vn -0.3406 0.9402 -0.0086
vn 0.0522 0.9940 0.0960
vn -0.1384 0.9793 -0.1475
vn -0.4274 0.9031 -0.0427
vn 0.4990 -0.0060 0.8666
vn -0.0568 0.9921 -0.1114
vn -0.0588 0.9916 -0.1152
vn -0.0635 0.9902 -0.1241
vn -0.0550 0.9926 -0.1080
vn -0.0964 0.9535 0.2856
vn 0.2948 0.2212 -0.9296
vn 0.3603 0.2173 -0.9072
vn 0.3791 0.2159 -0.8998
vn -0.7207 -0.0091 0.6932
vn 0.1555 0.1421 -0.9776
vn -0.1044 0.8815 0.4606
vn 0.1393 -0.9777 0.1570
vn 0.1887 -0.9678 0.1667
vn 0.1041 -0.9835 0.1478
vn 0.2642 0.0671 0.9621
vn -0.7560 -0.5116 0.4084
vn -0.5156 0.1565 -0.8424
vn 0.9627 0.0644 0.2627
vn 0.6909 -0.0863 0.7178
vn 0.6844 -0.0312 0.7285
vn 0.6916 -0.0939 0.7162
vn 0.0361 -0.1695 -0.9849
vn 0.6956 -0.1497 0.7026
vn -0.3944 0.0362 -0.9182
vn -0.3736 -0.0823 -0.9239
vn -0.3917 0.0190 -0.9199
vn 0.0378 0.1313 -0.9906
vn -0.7871 0.0756 0.6122
vn 0.9019 0.1194 0.4151
vn 0.9232 0.0753 0.3769
vn 0.8713 0.1725 0.4594
vn -0.5608 -0.0330 0.8273
vn 0.8713 0.1725 0.4595
vn 0.8392 0.2198 0.4975
vn 0.5893 -0.1510 0.7937
vn -0.7236 -0.3494 0.5953
vn -0.4087 0.1472 -0.9007
vn 0.1086 -0.0779 -0.9910
vn -0.0147 0.1858 0.9825
vn 0.0298 0.2570 0.9659
vn -0.0181 0.1000 0.9948
vn 0.1486 -0.9867 0.0660
vn -0.1478 -0.7715 -0.6189
vn 0.1586 -0.9855 0.0598
vn 0.0393 0.0842 0.9957
vn -0.0562 0.0913 0.9942
vn 0.9639 0.2116 0.1616
vn -0.6472 0.7361 -0.1984
vn 0.1789 0.9815 -0.0682
vn 0.2034 0.9791 -0.0017
vn 0.3599 0.9318 0.0463
vn 0.3964 -0.8799 0.2620
vn 0.1134 -0.9861 0.1210
vn 0.5792 0.5967 0.5554
vn 0.5780 0.6267 0.5227
vn 0.5788 0.6095 0.5418
vn 0.5774 0.6351 0.5130
vn 0.1727 -0.9624 0.2094
vn 0.0907 -0.9635 0.2517
vn 0.0717 -0.9629 0.2602
vn 0.3995 -0.0645 0.9145
vn 0.5267 0.7115 0.4651
vn 0.5662 0.3840 0.7294
vn 0.5807 0.3730 0.7237
vn 0.6125 0.3477 0.7099
vn -0.0001 -1.0000 0.0013
vn 0.0003 -1.0000 0.0007
vn -0.0000 -1.0000 0.0009
vn 0.0006 -1.0000 0.0004
vn -0.0003 -1.0000 0.0015
vn -1.0000 -0.0053 0.0054
vn -0.9998 0.0186 -0.0027
vn -0.9999 -0.0123 0.0072
vn -0.9945 -0.0984 -0.0371
vn -0.9999 -0.0008 0.0105
vn -0.9991 -0.0431 -0.0065
vn -0.1192 0.4158 0.9016
vn 0.0368 0.9962 -0.0786
vn 0.0682 0.9977 0.0049
vn 0.0114 0.9911 -0.1329
vn -0.1980 -0.1315 0.9713
vn 0.6281 0.7778 -0.0206
vn 0.6428 0.7659 0.0097
vn 0.6121 0.7891 -0.0517
vn 0.1198 0.9907 -0.0644
vn 0.1345 0.9901 -0.0408
vn 0.1068 0.9906 -0.0852
vn 0.0295 -0.6200 0.7840
vn -0.0214 0.1875 -0.9820
vn 0.0365 0.2296 -0.9726
vn 0.0208 0.2183 -0.9757
vn -0.0350 0.0416 0.9985
vn -0.0470 0.0566 0.9973
vn -0.0484 0.0584 0.9971
vn 0.0619 -0.5989 0.7985
vn -0.1544 0.1291 0.9795
vn 0.0406 -0.9988 -0.0283
vn 0.0457 -0.9983 -0.0350
vn 0.0418 -0.9987 -0.0299
vn 0.1141 0.1571 -0.9810
vn 0.0707 0.1706 -0.9828
vn 0.0452 0.1850 -0.9817
vn 0.0083 0.1806 -0.9835
vn 0.1156 -0.3396 -0.9334
vn -0.1309 -0.0917 -0.9871
vn -0.1115 0.5068 -0.8548
vn -0.0539 0.9984 0.0146
vn -0.0564 0.9982 0.0180
vn -0.0532 0.9985 0.0137
vn -0.0504 0.9987 0.0101
vn 0.9421 0.3259 0.0792
vn 0.9869 0.1615 -0.0067
vn 0.9737 0.2263 0.0267
vn -0.0436 0.8994 -0.4350
vn 0.9420 0.3260 0.0792
vn 0.9737 0.2264 0.0268
vn 0.9239 0.3687 0.1021
vn 0.0168 0.0859 0.9962
vn 0.0331 0.1301 0.9909
vn 0.0213 0.0981 0.9949
vn 0.0365 0.1392 0.9896
vn -0.1116 0.5071 -0.8547
vn -0.3939 0.5948 -0.7008
vn 0.0976 -0.9944 0.0404
vn 0.1866 -0.2012 0.9616
vn 0.9073 0.3887 0.1602
vn -0.0390 0.9992 0.0110
vn 0.0120 0.9997 -0.0226
vn 0.0264 0.9996 -0.0073
vn 0.0020 0.1434 0.9897
vn 0.0221 0.0510 0.9985
vn 0.0210 0.0072 0.9998
vn 0.0239 -0.9988 0.0416
vn 0.0878 -0.0579 -0.9945
vn 0.0699 -0.0345 -0.9970
vn 0.0823 -0.0507 -0.9953
vn 0.0606 -0.0223 -0.9979
vn -0.3765 0.7627 -0.5259
vn 0.6374 0.7705 -0.0036
vn 0.8204 -0.5718 0.0022
vn 0.7859 -0.6183 0.0067
vn 0.8016 -0.5979 0.0010
vn 0.8208 -0.5712 0.0019
vn 0.1197 0.9928 0.0095
vn 0.1234 0.9923 0.0111
vn 0.1129 0.9936 0.0066
vn 0.7748 -0.6321 0.0025
vn 0.1215 0.9882 0.0937
vn 0.2242 0.9719 0.0712
vn 0.1769 0.9842 -0.0084
vn 0.3861 0.9224 -0.0130
vn 0.1071 0.9942 0.0040
vn 0.7391 -0.6734 0.0138
vn 0.0064 0.9904 -0.1384
vn 0.0076 0.9976 -0.0684
vn 0.0076 0.9976 -0.0685
vn -0.0143 0.9862 -0.1647
vn 0.1743 -0.0716 -0.9821
vn 0.1983 -0.0210 -0.9799
vn 0.1501 -0.0560 -0.9871
vn 0.2973 0.1259 0.9464
vn 0.2752 0.1169 0.9542
vn 0.3284 0.1386 0.9343
vn 0.1007 -0.1106 0.9888
vn 0.0615 -0.1589 0.9854
vn -0.0249 -0.2467 0.9688
vn 0.0016 0.0742 0.9972
vn 0.0343 0.0158 0.9993
vn 0.0178 0.0453 0.9988
vn -0.0167 0.1065 0.9942
vn 0.1080 0.7959 0.5957
vn -0.0013 0.9787 0.2053
vn 0.0146 0.9837 0.1793
vn 0.0710 0.9938 0.0855
vn 0.3560 0.1498 0.9224
vn 0.1473 -0.0622 0.9871
vn 0.0615 -0.1588 0.9854
vn 0.1008 -0.1105 0.9888
vn 0.8302 0.5547 0.0550
vn -0.0966 0.4045 -0.9094
vn 0.1633 -0.0989 -0.9816
vn 0.2187 -0.1116 -0.9694
vn -0.1855 0.9394 0.2884
vn -0.1936 0.9376 0.2889
vn -0.1949 0.9373 0.2890
vn -0.9297 0.3670 0.0310
vn 0.1054 -0.0820 -0.9910
vn 0.0100 -0.8681 0.4963
vn 0.0051 -0.8324 0.5541
vn 0.0066 -0.8439 0.5365
vn -0.9899 -0.0461 0.1342
vn -0.0029 -0.9992 0.0403
vn -0.0031 -0.9935 0.1134
vn -0.0258 -0.9861 0.1640
vn -0.0387 -0.9992 -0.0127
vn -0.9439 0.2282 -0.2389
vn 0.0061 -0.0057 1.0000
vn 0.0024 -0.0175 0.9998
vn -0.0049 -0.0093 0.9999
vn 0.0093 0.0036 0.9999
vn 0.0577 -0.9963 -0.0644
vn -0.0848 -0.9796 0.1822
vn 0.0206 -0.0049 0.9998
vn 0.0120 -0.0132 0.9998
vn 0.9979 -0.0560 0.0313
vn 0.9991 -0.0413 0.0126
vn 0.9932 -0.0895 0.0741
vn 0.0031 -0.0391 -0.9992
vn 0.0534 -0.0267 -0.9982
vn 0.0288 -0.0465 -0.9985
vn -0.0169 0.9994 0.0313
vn 0.0055 1.0000 0.0017
vn -0.0241 0.9950 0.0969
vn 0.9994 -0.0055 -0.0330
vn 0.9979 -0.0559 0.0313
vn 0.5054 0.8622 -0.0334
vn 0.0285 0.9909 0.1319
vn 0.0377 0.9922 0.1184
vn -0.0112 0.9921 0.1247
vn -0.0642 0.0131 -0.9979
vn -0.0338 -0.0232 -0.9992
vn 0.1376 -0.0621 0.9885
vn -0.1937 0.9376 0.2889
vn -0.2182 0.9317 0.2903
vn -0.0412 0.9621 0.2697
vn 0.0177 0.9518 -0.3061
vn 0.0348 0.9421 -0.3335
vn 0.0093 0.9562 -0.2926
vn -0.0475 -0.7516 0.6579
vn 0.0066 -0.8439 0.5364
vn 0.0111 -0.8762 0.4818
vn 0.0189 0.9076 -0.4194
vn 0.0244 0.1005 -0.9946
vn 0.0806 0.0125 -0.9967
vn 0.0575 0.0488 -0.9972
vn 0.0968 -0.9942 -0.0477
vn 0.0296 -0.9990 -0.0323
vn 0.0246 -0.9983 -0.0523
vn -0.7595 0.0275 0.6499
vn -0.0139 0.9669 -0.2547
vn -0.0277 -0.6499 -0.7596
vn 0.2292 -0.7202 0.6548
vn 0.2553 -0.6906 0.6767
vn 0.2972 -0.6386 0.7098
vn -0.6164 0.0291 0.7869
vn 0.1131 -0.0392 -0.9928
vn -0.9605 -0.0204 -0.2776
vn -0.0610 -0.4851 0.8723
vn 0.0586 -0.1110 0.9921
vn 0.0349 -0.0767 0.9964
vn 0.0574 -0.1092 0.9924
vn 0.2760 0.8579 -0.4335
vn 0.5832 -0.4782 0.6567
vn 0.8716 0.0305 0.4893
vn 0.9722 -0.2343 0.0011
vn 0.9721 -0.2347 0.0011
vn 0.9705 -0.2411 0.0002
vn 0.9708 -0.2399 0.0004
vn -0.0000 -0.1043 0.9945
vn -0.0000 -0.1045 0.9945
vn -0.0005 -0.1017 0.9948
vn -0.0000 -1.0000 0.0002
vn 0.0002 -1.0000 -0.0000
vn 0.0002 -1.0000 -0.0001
vn 0.0001 -0.1061 0.9944
vn -0.0057 1.0000 0.0029
vn 0.0322 0.9993 0.0165
vn 0.0236 0.9991 0.0351
vn -0.0000 -1.0000 -0.0000
vn 0.0592 0.9979 0.0263
vn 0.9635 -0.2675 0.0027
vn 0.9599 -0.2802 -0.0007
vn 0.0516 0.9977 0.0436
vn -0.0005 0.9960 0.0898
vn 0.0029 0.9951 0.0983
vn 0.0001 -1.0000 -0.0001
vn 0.0002 -1.0000 0.0002
vn -0.0000 -1.0000 -0.0001
vn 0.0526 0.9986 0.0053
vn -0.0006 -0.1017 0.9948
vn -0.0191 0.9966 0.0802
vn 0.0651 0.9976 0.0227
vn 0.0595 0.9982 -0.0018
vn 0.0033 0.9999 0.0109
vn 0.0243 0.9958 0.0885
vn 0.3334 -0.6655 -0.6679
vn 0.3613 -0.9319 0.0323
vn 0.4435 -0.8962 0.0075
vn 0.4952 -0.8687 -0.0087
vn 0.2438 -0.0830 -0.9663
vn 0.0967 0.9952 -0.0130
vn 0.0644 0.9976 0.0246
vn 0.0577 0.9980 0.0241
vn -0.5262 0.8493 0.0421
vn -0.8139 -0.3376 -0.4728
vn 0.0541 0.9597 0.2757
vn -0.0152 -0.9988 -0.0471
vn -0.0662 -0.9948 -0.0776
vn 0.0968 -0.1661 0.9813
vn 0.7805 0.4092 -0.4727
vn 0.8550 -0.1262 0.5030
vn -0.0469 0.9215 0.3856
vn 0.5352 -0.7783 0.3283
vn 0.7781 -0.4453 0.4431
vn 0.9566 -0.2015 0.2105
vn 0.1899 -0.7612 0.6201
vn 0.5859 0.3234 -0.7431
vn 0.1880 0.9237 -0.3339
vn -0.1860 0.9823 0.0202
vn -0.1183 0.9916 0.0526
vn 0.0251 -0.0759 0.9968
vn -0.1603 0.9667 0.1993
vn 0.5122 -0.8017 -0.3080
vn 0.5038 -0.7906 -0.3481
vn 0.5091 -0.7976 -0.3234
vn 0.1957 0.9789 -0.0590
vn 0.1201 0.9928 0.0004
vn 0.1750 0.9841 -0.0314
vn 0.4556 -0.2052 0.8662
vn -0.2468 0.0165 0.9689
vn -0.9536 -0.2997 0.0290
vn -0.0294 0.5444 -0.8383
vn 0.2708 -0.7326 -0.6245
vn 0.2039 0.3371 -0.9191
vn 0.0164 0.9930 -0.1169
vn 0.5220 -0.8142 -0.2541
vn -0.9645 -0.1256 -0.2323
vn -0.9627 -0.1182 -0.2435
vn -0.9636 -0.1218 -0.2381
vn 0.1099 0.5155 0.8498
vn 0.1251 0.5363 0.8347
vn 0.0817 0.4762 0.8755
vn -0.0292 -0.0225 0.9993
vn 0.0210 0.0073 0.9998
vn 0.0111 0.1834 -0.9830
vn -0.0152 0.1723 -0.9849
vn -0.0008 0.1784 -0.9840
vn 0.2070 0.9687 -0.1372
vn 0.0848 0.9963 -0.0149
vn -0.9636 -0.1217 -0.2382
vn -0.9619 -0.1155 -0.2477
vn 0.0550 0.4378 0.8974
vn 0.7950 -0.5860 -0.1566
vn 0.0994 0.7908 0.6040
vn 0.1665 0.7735 -0.6115
vn 0.1838 0.8015 -0.5691
vn 0.1811 0.7973 -0.5757
vn 0.2027 -0.9717 0.1214
vn 0.2499 -0.9585 0.1374
vn 0.2542 -0.9633 0.0869
vn -0.9933 -0.1006 0.0562
vn -0.9897 -0.0548 0.1320
vn -0.9857 -0.0344 0.1651
vn -0.9696 0.0150 0.2441
vn -0.9857 -0.0344 0.1652
vn 0.1703 -0.7415 0.6490
vn 0.1486 -0.6208 -0.7698
vn -0.1731 0.3248 -0.9298
vn -0.9904 -0.1358 0.0268
vn 0.2959 0.9551 -0.0138
vn 0.3287 0.9413 0.0762
vn 0.3145 0.9486 0.0363
vn 0.2726 0.9593 -0.0734
vn 0.1811 0.7973 -0.5758
vn 0.1551 0.7543 -0.6379
vn -0.2910 -0.0658 0.9545
vn -0.1091 -0.8770 0.4680
vn -0.1313 -0.9908 0.0321
vn -0.9164 -0.1698 0.3625
vn 0.0543 0.9969 0.0566
vn -0.1370 0.9901 0.0318
vn -0.2823 0.9593 0.0094
vn -0.1526 0.9878 0.0295
vn 0.3384 -0.9402 0.0390
vn -0.0711 -0.1110 0.9913
vn 0.0589 -0.5306 0.8456
vn 0.0569 -0.4390 0.8967
vn 0.0218 -0.4779 0.8781
vn -0.9965 -0.0126 0.0826
vn -0.9907 0.0247 0.1338
vn -0.9876 0.0383 0.1524
vn -0.9771 0.0733 0.1999
vn 0.0080 -0.9985 -0.0535
vn -0.0240 -0.9951 -0.0960
vn 0.0092 -0.9997 -0.0239
vn 0.0033 -0.0004 -1.0000
vn -0.0008 0.0161 -0.9999
vn -0.0089 0.0071 -0.9999
vn -0.0056 -0.0161 0.9999
vn -0.0011 -0.0111 0.9999
vn -0.0065 -0.0223 0.9997
vn -0.0031 -0.0044 -1.0000
vn 0.0012 -0.9998 0.0222
vn -0.0143 0.9997 0.0220
vn 0.0048 -0.9989 -0.0464
vn 0.0342 -0.9953 -0.0902
vn 0.9981 -0.0559 0.0248
vn -0.0065 -0.0224 0.9997
vn -0.0063 -0.0279 0.9996
vn 0.0195 -0.0070 -0.9998
vn 0.2525 0.2483 -0.9352
vn -0.0018 -0.0324 0.9995
vn 0.0195 0.5855 0.8105
vn 0.8848 0.1384 0.4450
vn -0.1918 0.9564 -0.2202
vn -0.6336 -0.0713 -0.7704
vn -0.6949 -0.0698 -0.7157
vn -0.6907 -0.0614 -0.7205
vn 0.0849 -0.9678 -0.2369
vn 0.1851 0.9419 -0.2805
vn 0.1667 0.9329 -0.3192
vn 0.1240 0.9061 -0.4044
vn 0.0457 0.1208 0.9916
vn 0.3152 -0.9489 0.0163
vn 0.2275 -0.9707 0.0769
vn -0.3218 0.9468 0.0031
vn -0.1527 0.9878 0.0295
vn -0.2824 0.9593 0.0094
vn -0.0327 0.6162 0.7869
vn -0.0224 0.6369 0.7706
vn -0.0606 0.5578 0.8278
vn 0.0484 -0.0302 -0.9984
vn 0.1667 0.9329 -0.3193
vn 0.1061 0.8925 -0.4385
vn 0.1240 0.9061 -0.4045
vn -0.4844 0.1199 -0.8666
vn 0.1279 0.0632 0.9898
vn 0.2272 0.0843 0.9702
vn 0.1300 0.0869 0.9877
vn 0.0544 0.9969 0.0566
vn 0.0940 0.9941 0.0533
vn -0.7383 0.6728 0.0489
vn -0.8292 0.5034 -0.2430
vn -0.9366 -0.3502 0.0098
vn -0.0003 -0.3333 0.9428
vn 0.0218 -0.4779 0.8782
vn -0.0035 -0.3409 0.9401
vn 0.0451 0.9944 0.0960
vn -0.9626 0.1601 -0.2187
vn -0.0838 0.6171 -0.7824
vn -0.0711 0.6226 -0.7793
vn -0.0913 0.6138 -0.7842
vn -0.2313 -0.7269 -0.6466
vn -0.0818 -0.9693 -0.2320
vn -0.0700 -0.9607 -0.2686
vn -0.0712 -0.9616 -0.2651
vn 0.0002 -0.1386 -0.9904
vn -0.2438 0.9683 -0.0544
vn -0.2786 0.9593 -0.0454
vn -0.2641 0.9632 -0.0492
vn -0.2313 0.9712 -0.0575
vn -0.1075 0.6065 -0.7878
vn -0.0839 0.6171 -0.7824
vn -0.0914 0.6138 -0.7842
vn 0.0678 0.2309 -0.9706
vn 0.0725 0.2280 -0.9710
vn 0.0617 0.2642 -0.9625
vn -0.7121 -0.0606 -0.6995
vn -0.0713 0.5342 0.8424
vn 0.4760 0.3039 -0.8252
vn 0.5085 0.2934 -0.8096
vn 0.4659 0.3071 -0.8298
vn -0.7370 -0.0717 -0.6721
vn 0.0115 0.0303 0.9995
vn 0.9984 0.0531 -0.0191
vn -0.1063 0.7919 0.6014
vn -0.1410 0.7613 0.6329
vn -0.0539 0.8328 0.5509
vn 0.4760 0.3040 -0.8253
vn 0.3869 0.3299 -0.8611
vn -0.9597 0.1781 0.2176
vn -0.9828 0.1210 0.1398
vn -0.9923 0.0848 0.0906
vn -0.0084 0.9682 0.2502
vn -0.0238 0.9764 0.2145
vn -0.0694 0.9958 0.0598
vn -0.0008 0.9919 -0.1274
vn 0.0113 -0.5757 0.8176
vn -0.6714 0.0165 0.7410
vn 0.8704 0.3874 -0.3039
vn -0.9989 0.0375 0.0264
vn 0.9271 -0.2492 0.2800
vn 0.0030 0.8704 0.4923
vn -0.1233 0.3998 0.9083
vn -0.1031 0.3898 0.9151
vn -0.1317 0.4040 0.9052
vn -0.0858 -0.9685 -0.2337
vn -0.0837 -0.9705 -0.2260
vn 0.0898 0.0865 0.9922
vn 0.0245 0.0232 0.9994
vn 0.1291 0.9916 0.0061
vn 0.0319 0.9991 -0.0275
vn 0.0079 -0.5708 0.8210
vn 0.7374 0.0269 -0.6749
vn 0.0490 -0.8257 -0.5619
vn 0.8979 -0.4356 -0.0629
vn 0.9001 -0.4356 -0.0016
vn 0.8991 -0.4363 -0.0337
vn 0.1291 0.1445 -0.9811
vn -0.1486 -0.5786 0.8020
vn 0.0974 -0.4087 0.9074
vn 0.0079 -0.0320 0.9995
vn 0.0558 0.2454 -0.9678
vn 0.6211 0.0705 -0.7805
vn -0.4217 0.1569 0.8931
vn 0.0677 0.2309 -0.9706
vn 0.0558 0.2453 -0.9678
vn 0.0520 0.1908 -0.9802
vn 0.8197 0.0064 -0.5728
vn 0.0747 0.0510 -0.9959
vn 0.0089 0.0266 -0.9996
vn 0.1164 0.0947 -0.9887
vn 0.0274 0.1316 0.9909
vn 0.0562 0.1735 0.9832
vn 0.0159 0.1149 0.9933
vn -0.0006 0.9960 0.0898
vn -0.0239 0.9957 0.0893
vn 0.4523 -0.2610 -0.8528
vn 0.0150 0.4881 0.8726
vn 0.4719 -0.1373 -0.8709
vn -0.0459 0.9048 -0.4233
vn 0.5539 0.8325 -0.0124
vn 0.9951 -0.0570 -0.0810
vn 0.0851 0.9956 0.0390
vn -0.9516 -0.0057 0.3074
vn -0.7543 -0.6565 -0.0046
vn -0.7797 -0.6260 0.0127
vn -0.7619 -0.6477 0.0005
vn -0.4363 -0.6027 -0.6681
vn -0.3722 0.0329 -0.9275
vn -0.0039 0.0192 0.9998
vn -0.0196 0.0266 0.9995
vn -0.0258 0.2248 0.9741
vn 0.5333 0.2946 0.7930
vn 0.1968 -0.2827 0.9388
vn 0.1156 -0.3233 0.9392
vn 0.1505 -0.3223 0.9346
vn -0.7901 -0.6126 0.0201
vn -0.0074 -0.0238 -0.9997
vn -0.2012 0.8693 -0.4516
vn 0.9565 -0.2917 0.0018
vn -0.0082 0.0389 0.9992
vn 0.1005 -0.4954 -0.8628
vn -0.0157 0.0021 -0.9999
vn 0.6254 0.6701 -0.3999
vn -0.1475 0.4117 0.8993
vn -0.1316 0.4042 0.9051
vn 0.1972 0.9750 -0.1026
vn 0.0077 0.9713 0.2378
vn -0.3584 -0.9335 0.0075
vn 0.9963 0.0006 0.0856
vn 0.0631 -0.3288 0.9423
vn 0.0270 -0.2891 0.9569
vn -0.0157 0.9982 0.0574
vn -0.0191 0.9966 0.0801
vn -0.0673 0.9971 -0.0358
vn -0.2723 0.2690 -0.9238
vn 0.2353 -0.1382 0.9620
vn 0.2420 -0.1302 0.9615
vn 0.2314 -0.1428 0.9623
vn 0.0802 -0.2722 -0.9589
vn 0.1563 -0.1692 -0.9731
vn 0.1784 -0.1379 -0.9742
vn 0.5767 -0.3200 0.7517
vn 0.2999 -0.2888 0.9092
vn -0.4960 0.3814 -0.7801
vn 0.8246 -0.5208 0.2209
vn -0.4744 0.1862 0.8604
vn -0.4919 0.1910 0.8494
vn -0.6065 0.2216 0.7635
vn -0.6615 0.2358 0.7119
vn -0.0292 0.0086 -0.9995
vn -0.0336 0.0123 -0.9994
vn -0.1405 0.1036 -0.9846
vn -0.3496 0.1391 0.9265
vn -0.7121 0.6442 -0.2791
vn 0.5438 -0.4353 -0.7175
vn 0.6943 -0.7196 -0.0030
vn 0.5487 -0.6253 0.5549
vn -0.5864 0.6627 0.4657
vn -0.2224 -0.1044 0.9693
vn 0.6880 0.6548 -0.3129
vn -0.2059 -0.2857 -0.9359
vn 0.1865 0.2953 -0.9370
vn -0.4572 -0.6285 0.6292
vn 0.2840 0.3248 0.9022
vn -0.2424 -0.0173 0.9700
vn -0.9390 0.0002 0.3439
vn -0.9635 -0.0574 -0.2617
vn 0.7185 -0.1695 -0.6745
vn 0.7289 -0.1684 -0.6636
vn 0.7243 -0.1689 -0.6684
vn 0.9998 -0.0178 0.0029
vn 0.9932 -0.0949 0.0681
vn -0.9993 -0.0298 -0.0235
vn -1.0000 -0.0013 -0.0051
vn -0.9958 0.0702 0.0582
vn 0.3506 -0.4279 0.8331
vn 0.0735 -0.9968 0.0314
vn 0.0295 -0.9995 0.0138
vn -0.1314 -0.9903 -0.0448
vn -0.0076 -1.0000 0.0026
vn 0.0089 -0.9999 -0.0060
vn -0.0171 -0.9999 -0.0002
vn -0.9000 0.4359 -0.0005
vn 0.4089 -0.9107 0.0582
vn 0.3955 -0.9163 0.0628
vn 0.5697 -0.8212 -0.0328
vn -0.0239 -0.9997 -0.0006
vn -0.0208 -0.9998 0.0023
vn -0.0109 -0.9999 0.0003
vn -0.0308 -0.9994 -0.0187
vn -0.0112 -0.9998 0.0138
vn -0.0114 -0.9999 0.0073
vn 0.4236 0.1440 -0.8943
vn 0.9997 0.0239 -0.0103
vn 0.9989 0.0412 -0.0207
vn 0.9988 0.0430 -0.0248
vn -0.5460 -0.0413 0.8368
vn 0.1133 -0.3289 0.9375
vn 1.0000 -0.0078 0.0041
vn -0.0240 -0.9997 -0.0085
vn 0.9604 -0.2779 0.0182
vn -0.0388 -0.9992 -0.0041
vn 0.5403 -0.8415 0.0004
vn -0.0324 -0.9994 -0.0074
vn 0.0127 -0.9999 0.0090
vn -0.1341 -0.9909 -0.0134
vn -0.9965 0.0824 -0.0168
vn 0.0097 -0.9999 0.0096
vn -0.9104 0.2739 0.3100
vn -0.7587 0.2164 0.6144
vn -0.7838 -0.5971 -0.1707
vn -0.4058 -0.1978 -0.8923
vn 0.9362 -0.3504 0.0269
vn 0.9756 -0.2046 -0.0797
vn 0.9878 -0.1544 -0.0219
vn 0.9989 -0.0456 -0.0045
vn 0.4856 0.8419 -0.2354
vn 0.9878 -0.1543 -0.0219
vn 0.9990 -0.0456 -0.0044
vn 0.9995 -0.0278 0.0152
vn 0.9999 0.0147 0.0034
vn 0.9998 -0.0196 -0.0107
vn 0.9996 0.0263 0.0115
vn 0.6748 0.7380 -0.0030
vn 0.8068 0.5879 -0.0589
vn 0.7009 0.7132 0.0063
vn 0.9997 -0.0196 -0.0107
vn 0.9995 -0.0288 -0.0147
vn -0.9991 0.0420 0.0080
vn -0.9993 0.0365 0.0025
vn -0.9989 0.0459 0.0064
vn -0.9388 0.3436 0.0234
vn 0.9303 -0.3664 -0.0160
vn 0.9980 -0.0570 0.0261
vn 0.7679 0.6405 0.0080
vn 0.7297 0.6837 0.0088
vn 1.0000 0.0021 -0.0001
vn 0.6201 -0.7815 -0.0691
vn -0.1327 -0.9900 -0.0480
vn 0.0029 -1.0000 0.0073
vn -0.0105 -0.9999 0.0046
vn -0.8427 -0.5375 0.0298
vn -0.9099 0.4048 -0.0908
vn 0.9515 0.2818 -0.1235
vn -0.3978 -0.2628 -0.8790
vn -0.7283 0.5526 -0.4052
vn 0.6361 -0.7083 0.3061
vn 0.9941 -0.0981 -0.0466
vn 0.9993 -0.0363 -0.0060
vn 0.5625 -0.8248 0.0572
vn 0.1909 0.7979 -0.5718
vn 0.2820 0.7692 -0.5735
vn 0.1794 0.8009 -0.5713
vn -0.9688 -0.2394 0.0642
vn -0.9624 -0.2647 0.0614
vn -0.9565 -0.2858 0.0591
vn -0.7217 0.3940 0.5692
vn -0.9976 0.0688 0.0068
vn -0.9905 0.1371 -0.0095
vn 0.9998 -0.0087 0.0160
vn 0.9993 -0.0233 0.0279
vn 0.4689 -0.4962 -0.7306
vn 0.7942 0.6059 -0.0458
vn 0.8812 -0.2671 0.3900
vn 0.0790 -0.9906 0.1115
vn -0.0060 -0.9995 0.0326
vn 0.1193 -0.9811 0.1525
vn 0.1909 0.7978 -0.5719
vn 0.2967 0.7638 -0.5733
vn 0.2820 0.7691 -0.5735
vn 0.7567 0.3985 0.5183
vn 0.1111 0.1441 0.9833
vn 0.4446 -0.8590 -0.2537
vn -0.3789 -0.9244 0.0441
vn -0.9511 -0.3044 -0.0527
vn -0.9974 0.0674 -0.0265
vn -0.5367 0.7622 0.3620
vn -0.0775 -0.9944 -0.0718
vn -0.9978 0.0644 0.0126
vn -0.9992 0.0181 0.0349
vn -0.3735 -0.8181 0.4373
vn 0.7126 0.6987 -0.0636
vn 0.9980 0.0364 -0.0515
vn 0.9984 0.0549 0.0112
vn 0.9996 0.0256 -0.0154
vn 0.5231 -0.8522 -0.0086
vn 0.4654 -0.8842 -0.0408
vn 0.4001 -0.9134 -0.0754
vn -0.0262 -0.9996 0.0107
vn -0.0369 -0.9993 -0.0005
vn 0.3839 -0.9224 -0.0422
vn 0.9955 -0.0532 -0.0778
vn 0.9959 -0.0345 -0.0837
vn 0.9975 -0.0237 0.0660
vn -0.9718 -0.2264 0.0656
vn -0.0738 0.9972 0.0077
vn 0.0056 1.0000 -0.0065
vn 0.0057 1.0000 -0.0066
vn 0.9999 -0.0049 -0.0125
vn 0.9960 0.0809 0.0370
vn 0.9989 0.0472 0.0014
vn 0.9980 0.0363 -0.0515
vn 0.6053 -0.7956 0.0252
vn -0.9956 0.0926 -0.0150
vn -0.9992 0.0402 -0.0071
vn -0.9991 0.0373 0.0194
vn -0.4982 0.8666 0.0283
vn -0.4930 0.8696 0.0290
vn -0.5969 0.8021 0.0157
vn -0.0147 0.6640 0.7475
vn -0.5054 -0.8610 0.0570
vn -0.6623 -0.7039 -0.2569
vn 0.9997 -0.0158 0.0188
vn 0.9976 0.0689 0.0035
vn 0.9987 -0.0001 0.0505
vn 0.9859 0.1218 0.1146
vn 0.0221 -0.9997 -0.0121
vn 0.0087 -0.9999 0.0061
vn 0.0035 -1.0000 0.0053
vn -0.0868 -0.9959 -0.0241
vn 0.2244 0.9693 0.1006
vn 0.4162 -0.7960 -0.4396
vn 0.0102 -0.9999 -0.0020
vn 0.0093 0.9991 0.0420
vn 0.8264 0.5291 0.1927
vn -0.4515 -0.8804 0.1452
vn -0.4543 -0.8788 0.1460
vn -0.4484 -0.8821 0.1444
vn 0.8941 -0.4029 0.1957
vn 0.3784 -0.9216 -0.0866
vn 0.9677 0.0225 0.2510
vn 0.9701 0.0233 0.2415
vn 0.9872 0.0348 0.1556
vn 0.9919 0.0367 0.1220
vn 0.9761 -0.1287 0.1749
vn -0.9990 0.0340 -0.0284
vn -0.9990 0.0429 0.0112
vn -0.9995 0.0299 -0.0080
vn -0.9992 0.0408 -0.0041
vn -0.9970 -0.0222 0.0746
vn -0.3727 0.8862 -0.2753
vn 0.2976 -0.9356 0.1900
vn -0.1148 -0.9928 -0.0337
vn -0.1332 -0.9905 -0.0352
vn 0.6484 -0.7443 -0.1599
vn 0.9743 -0.2248 -0.0125
vn 0.9993 0.0368 -0.0029
vn -0.9764 0.1240 -0.1767
vn -0.9903 0.1098 -0.0853
vn -0.9956 0.0917 -0.0210
vn -0.9981 0.0612 0.0071
vn -0.1848 -0.9809 -0.0598
vn -0.1332 -0.9905 -0.0353
vn -0.3929 0.8212 -0.4138
vn -0.9988 0.0494 -0.0059
vn -0.4736 0.6347 0.6107
vn 0.9984 0.0566 0.0026
vn 0.9986 0.0124 0.0508
vn 0.0453 0.8313 0.5540
vn -0.4163 -0.7635 -0.4938
vn 0.9987 -0.0000 0.0505
vn 0.6919 0.7220 -0.0036
vn 0.9963 -0.0864 0.0034
vn 0.9716 0.1031 0.2130
vn -0.0608 -0.9980 -0.0189
vn 0.0306 -0.9994 -0.0128
vn -0.0138 -0.9999 -0.0098
vn 0.0307 -0.9994 -0.0128
vn -0.0073 -1.0000 0.0027
vn 0.9209 -0.3046 0.2432
vn -0.0127 -0.9999 -0.0070
vn -0.0940 -0.9954 0.0197
vn 0.8438 -0.0467 0.5346
vn 0.9833 -0.1185 0.1384
vn 0.9619 0.1104 -0.2502
vn 0.9268 0.2199 -0.3046
vn 0.9404 0.1831 -0.2867
vn -0.9989 0.0464 -0.0087
vn -0.9997 -0.0021 -0.0242
vn -0.9994 0.0276 0.0222
vn -0.9976 0.0296 -0.0619
vn -0.9961 0.0172 0.0865
vn -0.9926 -0.0652 0.1021
vn -0.9948 0.0496 0.0887
vn -0.9974 0.0071 0.0715
vn -0.9950 0.0927 0.0373
vn 0.9801 0.0112 -0.1983
vn 0.9619 0.1103 -0.2501
vn 0.9404 0.1831 -0.2866
vn -0.0880 -0.9953 -0.0416
vn 0.1786 -0.9839 -0.0046
vn 0.1940 -0.9810 -0.0055
vn -0.9986 0.0490 0.0221
vn -0.9994 0.0276 0.0223
vn -0.9967 -0.0441 0.0685
vn -0.9986 0.0489 0.0221
vn -0.8604 0.4222 -0.2853
vn -0.9942 0.0515 0.0942
vn 0.7690 0.4838 0.4178
vn -0.0052 1.0000 -0.0041
vn -0.9936 0.0522 0.1004
vn -0.8535 -0.2043 -0.4793
vn -0.8338 0.4549 0.3129
vn -0.3302 -0.8725 0.3601
vn -0.3113 -0.9097 0.2748
vn -0.3092 -0.9130 0.2659
vn -0.3011 -0.9249 0.2321
vn -0.3092 -0.9131 0.2659
vn 0.7452 -0.2238 -0.6282
vn -0.8367 0.0112 0.5476
vn -0.9905 0.1366 0.0139
vn -0.9900 0.1406 0.0141
vn -0.9999 0.0152 0.0066
vn 0.0626 -0.9979 -0.0145
vn 0.9900 0.1120 -0.0853
vn 0.9829 0.1748 -0.0586
vn 0.9924 0.1111 -0.0526
vn 0.9995 0.0290 -0.0105
vn 0.9976 0.0542 -0.0438
vn 0.9693 -0.2277 -0.0927
vn 0.9784 -0.1800 -0.1017
vn 0.9866 -0.1473 -0.0696
vn -0.6869 -0.4751 0.5500
vn 0.0231 -0.0892 0.9957
vn 0.0551 -0.0405 0.9977
vn 0.0645 -0.0767 0.9950
vn 0.6448 0.4528 -0.6159
vn 0.6527 0.4565 -0.6047
vn 0.7397 0.4947 -0.4563
vn -0.3997 -0.2006 -0.8944
vn 0.0931 0.0533 0.9942
vn 0.0808 -0.0041 0.9967
vn 0.0842 0.0496 0.9952
vn 0.7397 0.4947 -0.4562
vn 0.7432 0.4961 -0.4490
vn -0.5901 -0.3643 -0.7205
vn -0.2079 0.0981 -0.9732
vn 0.8442 -0.4416 -0.3039
vn 0.9198 -0.0854 -0.3830
vn 0.9869 -0.0123 -0.1609
vn 0.9781 -0.0270 -0.2062
vn 0.9991 0.0205 -0.0384
vn 0.9993 0.0244 -0.0294
vn 0.9990 0.0216 -0.0389
vn 0.6965 -0.4431 0.5645
vn -0.4356 0.3308 0.8371
vn 0.1161 -0.1229 -0.9856
vn -0.3712 0.1882 0.9093
vn -0.2546 0.1128 0.9605
vn -0.4302 0.2376 0.8709
vn -0.3713 0.1882 0.9092
vn -0.4415 0.2451 0.8631
vn 0.4661 0.3051 -0.8304
vn 0.5454 0.3831 -0.7455
vn 0.4706 0.3095 -0.8263
vn 0.5455 0.3831 -0.7454
vn 0.5661 0.4040 -0.7186
vn 0.4706 0.3095 -0.8262
vn 0.8158 0.4903 -0.3066
vn -0.4850 0.2612 0.8346
vn 0.3950 -0.2161 -0.8929
vn 0.8598 0.5093 0.0365
vn -0.6955 -0.4122 0.5885
vn 0.6023 0.3768 0.7038
vn -0.8059 -0.5752 -0.1405
vn 0.6361 0.6196 -0.4599
vn 0.8369 0.5465 0.0298
vn -0.1883 0.0076 0.9821
vn -0.1992 0.0106 0.9799
vn -0.0608 0.0123 0.9981
vn 0.9978 -0.0510 -0.0419
vn 0.9729 0.0272 -0.2298
vn 0.9783 0.0233 -0.2057
vn 0.8085 0.4878 0.3293
vn -0.1884 0.0076 0.9821
vn -0.1959 -0.0150 0.9805
vn -0.1933 -0.0076 0.9811
vn 0.6624 0.4211 -0.6196
vn -0.1980 0.0098 0.9802
vn -0.0318 0.0124 0.9994
vn -0.8066 0.0405 -0.5897
vn -0.9321 0.0835 -0.3525
vn -0.9679 0.0082 -0.2513
vn -0.9478 0.0552 -0.3141
vn -0.1991 0.0106 0.9799
vn -0.5136 0.0787 0.8544
vn 0.9060 0.4018 -0.1329
vn 0.9082 0.3976 -0.1306
vn 0.9158 0.3825 -0.1225
vn -0.9675 -0.0179 -0.2523
vn -0.8892 -0.0837 0.4498
vn -0.7992 0.5933 -0.0962
vn 0.7669 -0.6341 -0.0991
vn -0.0967 0.1045 -0.9898
vn -0.1522 0.1373 -0.9788
vn -0.1439 0.1433 -0.9792
vn 0.6655 -0.4487 0.5965
vn 0.6672 -0.4494 0.5940
vn 0.6753 -0.4528 0.5822
vn 0.6753 -0.4528 0.5821
vn 0.6758 -0.4530 0.5814
vn -0.6673 0.4322 0.6065
vn -0.2788 -0.1418 0.9498
vn -0.2516 -0.1184 0.9605
vn -0.1681 -0.0471 0.9847
vn 0.8929 0.3994 0.2078
vn -0.1488 -0.0308 0.9884
vn -0.1680 -0.0471 0.9847
vn -0.2516 -0.1184 0.9606
vn -0.0779 -0.0537 0.9955
vn -0.0036 0.0344 -0.9994
vn -0.0328 0.0591 -0.9977
vn -0.3405 -0.9239 0.1747
vn -0.0354 -0.0296 -0.9989
vn -0.0566 -0.0133 -0.9983
vn 0.0954 -0.0511 -0.9941
vn 0.0992 -0.0965 -0.9904
vn -0.4471 0.2989 0.8431
vn 0.9878 -0.0106 -0.1556
vn 0.2887 0.2726 -0.9178
vn 0.3671 0.3265 -0.8710
vn 0.3618 0.3233 -0.8744
vn 0.4188 0.4884 0.7656
vn 0.4760 0.5568 0.6808
vn 0.4655 0.5442 0.6980
vn 0.2806 0.2614 -0.9235
vn -0.7926 -0.6064 0.0634
vn 0.4156 0.4846 0.7697
vn 0.4187 0.4883 0.7656
vn 0.4654 0.5441 0.6980
vn -0.7153 -0.5980 0.3615
vn 0.8466 -0.5322 0.0043
vn -0.6887 -0.6175 -0.3799
vn 0.9437 -0.0054 0.3307
vn 0.8914 -0.0261 0.4525
vn 0.8956 -0.0247 0.4441
vn -0.3047 -0.0094 0.9524
vn -0.2423 -0.0236 0.9699
vn -0.2976 -0.0110 0.9546
vn 0.9841 0.0101 0.1771
vn 0.1876 -0.0391 -0.9815
vn -0.2511 0.0514 -0.9666
vn -0.5065 -0.4155 0.7555
vn 0.4185 0.3148 0.8519
vn 0.8279 0.5517 -0.1012
vn 0.5392 0.5155 0.6659
vn -0.7767 -0.6136 -0.1426
vn -0.6746 -0.0414 0.7370
vn 0.9978 -0.0511 -0.0419
vn 0.9867 -0.1472 -0.0696
vn 0.3060 -0.0502 -0.9507
vn -0.9654 -0.0189 -0.2602
vn -0.9158 0.1871 -0.3553
vn -0.7054 -0.1148 0.6995
vn -0.9583 0.0160 0.2854
vn -0.9182 0.0111 0.3959
vn -0.9567 0.0157 0.2907
vn 0.2850 0.0342 0.9579
vn -0.9983 -0.0410 -0.0412
vn 0.1636 -0.0995 -0.9815
vn -0.7303 0.6284 0.2678
vn -0.8177 0.5709 -0.0736
vn 0.1610 -0.2388 0.9576
vn 0.3905 -0.2300 -0.8914
vn -0.4070 -0.4669 0.7851
vn 0.6625 0.6405 0.3884
vn 0.5719 0.6531 0.4964
vn -0.6683 -0.1009 0.7370
vn -0.7371 -0.6470 -0.1950
vn -0.4999 -0.3778 -0.7793
vn 0.6502 0.5299 -0.5445
vn -0.3510 -0.0542 -0.9348
vn -0.2414 -0.0353 -0.9698
vn -0.3199 -0.0488 -0.9462
vn -0.2338 -0.0340 -0.9717
vn -0.9513 -0.0083 0.3082
vn -0.9879 0.1551 -0.0076
vn -0.3020 0.0011 -0.9533
vn -0.6475 0.6455 -0.4051
vn -0.6463 0.6454 -0.4071
vn -0.6807 0.6462 -0.3451
vn 0.4763 -0.4604 0.7491
vn -0.7057 0.6445 -0.2943
vn 0.7379 -0.6397 0.2150
vn -0.1461 0.1088 0.9833
vn 0.5299 -0.3818 -0.7573
vn -0.5731 0.4016 -0.7144
vn 0.3536 0.3285 0.8758
vn -0.7388 -0.6316 -0.2352
vn 0.2768 0.2482 -0.9283
vn -0.0943 -0.0626 -0.9936
vn 0.8798 0.4225 -0.2177
vn 0.3639 0.0017 0.9314
vn 0.4941 0.4914 -0.7172
vn 0.9438 -0.0054 0.3306
vn 0.9501 -0.0023 0.3119
vn -0.2373 -0.0248 0.9711
vn 0.5295 0.0428 0.8472
vn 0.7998 -0.5922 0.0979
vn 0.4536 -0.0401 -0.8903
vn 0.3668 -0.0199 -0.9301
vn 0.3735 -0.0215 -0.9274
vn 0.8469 0.3819 0.3699
vn 0.3205 0.1432 0.9364
vn -0.1068 -0.0562 -0.9927
vn 0.3736 -0.0215 -0.9274
vn 0.4597 -0.0416 -0.8871
vn 0.9389 -0.1039 0.3280
vn -0.9930 -0.0004 0.1181
vn -0.9999 0.0130 0.0053
vn -0.9968 -0.0103 0.0795
vn -0.9998 0.0184 -0.0080
vn 0.9725 -0.0184 0.2323
vn -0.6242 0.1372 0.7691
vn 0.1603 0.0021 -0.9871
vn 0.1521 0.0009 -0.9884
vn 0.2645 0.0176 -0.9642
vn -0.1233 -0.0992 -0.9874
vn 0.1952 0.0053 0.9808
vn 0.9990 -0.0334 0.0303
vn 0.3027 0.0233 -0.9528
vn 0.1604 0.0021 -0.9871
vn -0.5484 -0.3993 -0.7347
vn -0.0539 -0.0913 -0.9944
vn 0.1370 0.1780 0.9744
vn 0.8868 0.3897 0.2483
vn -0.7717 -0.5111 0.3784
vn 0.1523 0.1382 -0.9786
vn -0.0135 0.1132 -0.9935
vn 0.0077 0.1604 -0.9870
vn 0.0777 -0.5189 -0.8513
vn -0.7335 0.5177 0.4405
vn -0.7301 0.5140 0.4503
vn -0.7643 0.5533 0.3311
vn -0.1498 0.0989 -0.9838
vn 0.6507 -0.4674 0.5984
vn 0.8553 -0.5039 -0.1204
vn 0.8550 -0.5038 -0.1228
vn 0.8548 -0.5037 -0.1250
vn -0.2029 0.0437 -0.9782
vn 0.8551 -0.5038 -0.1227
vn 0.8544 -0.5035 -0.1282
vn 0.8548 -0.5037 -0.1249
vn -0.7653 0.5545 0.3271
vn 0.0295 -0.0632 0.9976
vn -0.9567 0.0158 0.2908
vn -0.9182 0.0111 0.3960
vn -0.9087 0.0101 0.4173
vn -0.0707 0.9975 0.0087
vn -0.0839 0.9964 0.0090
vn -0.9962 -0.0346 0.0796
vn 0.1516 0.4727 -0.8681
vn -0.9833 -0.0828 -0.1622
vn 0.9900 0.1119 -0.0853
vn 0.9995 0.0273 0.0144
vn 0.9999 0.0098 -0.0021
vn 0.9999 0.0075 -0.0088
vn 0.6955 0.7186 0.0015
vn -0.2151 -0.0526 0.9752
vn -0.2145 -0.0527 0.9753
vn -0.2280 -0.0511 0.9723
vn 0.8001 0.5999 -0.0029
vn 1.0000 -0.0046 0.0013
vn 0.9339 0.3561 -0.0308
vn -0.9879 0.1284 -0.0866
vn -0.9945 0.0776 -0.0708
vn -0.9892 0.1461 0.0112
vn -0.9801 0.1882 0.0627
vn 0.9950 0.0076 0.1001
vn 0.9889 0.0125 0.1481
vn -0.6471 -0.6804 -0.3440
vn 0.7150 0.6987 0.0221
vn 0.7872 0.4868 0.3785
vn 0.2463 -0.9687 -0.0313
vn -0.1729 -0.7577 -0.6293
vn -0.8430 0.5368 -0.0338
vn 0.9988 -0.0403 -0.0260
vn 0.9340 0.3572 0.0074
vn 0.9938 -0.0029 0.1114
vn -0.9745 -0.2236 0.0209
vn -0.0922 -0.9654 -0.2441
vn -0.9937 -0.0317 -0.1074
vn -0.9991 -0.0109 -0.0420
vn -0.9986 -0.0137 -0.0512
vn 0.9949 0.0076 0.1002
vn 0.9805 -0.0010 0.1967
vn -0.1134 -0.9934 0.0197
vn -0.2487 -0.9676 0.0441
vn -0.1157 -0.9931 0.0206
vn -0.9892 0.1461 0.0111
vn -0.9945 0.0775 -0.0709
vn -0.9930 0.0455 -0.1086
vn -0.2290 -0.0510 0.9721
vn -0.9976 -0.0696 0.0014
vn -0.8914 0.3023 -0.3376
vn -0.0841 0.9964 0.0090
vn -0.0913 0.9958 0.0109
vn -1.0000 0.0006 -0.0060
vn -0.0989 -0.9950 0.0166
vn -0.0827 -0.9965 0.0140
vn -0.0826 -0.9965 0.0140
vn 0.7734 0.6255 -0.1026
vn -0.6952 -0.7141 0.0815
vn 0.0229 0.9997 0.0039
vn 0.0278 0.9996 0.0033
vn 0.1458 0.9893 -0.0095
vn 0.4324 0.8124 -0.3912
vn -0.9414 -0.2407 0.2363
vn -1.0000 0.0008 -0.0055
vn -0.0091 -0.9999 0.0080
vn -0.4138 -0.3610 0.8357
vn -0.0334 -0.0059 -0.9994
vn 0.0279 0.9996 0.0033
vn 0.1510 0.9885 -0.0100
vn -0.6184 -0.7855 0.0220
vn -0.8565 -0.5068 -0.0976
vn -0.8340 -0.4983 -0.2371
vn -0.8530 -0.5058 -0.1286
vn -0.6045 -0.7892 -0.1082
vn -0.0485 0.9706 -0.2356
vn 0.2103 -0.7912 -0.5742
vn -0.8644 0.2134 0.4553
vn 0.1479 0.3978 0.9055
vn -0.1088 -0.2403 0.9646
vn 0.8832 -0.4683 0.0270
vn -0.2515 0.9677 -0.0163
vn 0.9517 0.2176 0.2165
vn -0.3812 -0.2233 0.8971
vn -0.9911 0.0072 0.1332
vn 0.5423 -0.8397 0.0290
vn 0.6248 -0.7613 0.1737
vn 0.5918 -0.7983 0.1119
vn -0.3109 -0.9473 -0.0770
vn -0.3011 -0.9487 -0.0961
vn -0.2316 -0.9656 -0.1183
vn 0.8926 0.4463 0.0644
vn 0.9139 0.3969 0.0855
vn 0.9102 0.4060 0.0817
vn -0.4542 0.2348 -0.8594
vn 0.0603 0.5357 -0.8423
vn -0.1917 -0.9758 -0.1051
vn 0.5091 -0.8604 -0.0219
vn 0.3367 -0.9409 0.0370
vn 0.3018 -0.9526 0.0373
vn 0.3000 -0.9532 0.0373
vn 0.5490 0.6209 0.5595
vn -0.9797 -0.1591 -0.1217
vn 0.4018 -0.9142 0.0526
vn 0.1478 0.9890 -0.0069
vn 0.1198 0.9928 -0.0016
vn 0.1225 0.9925 -0.0021
vn -0.8061 -0.5848 0.0912
vn 0.9174 0.3878 0.0893
vn 0.9991 0.0417 0.0028
vn 0.1023 -0.9947 0.0058
vn 0.0995 -0.9950 0.0055
vn 0.0241 -0.9997 -0.0023
vn -0.8670 -0.4982 -0.0030
vn 0.0528 -0.9986 0.0076
vn 0.0488 -0.9988 0.0073
vn 0.0973 -0.9951 0.0194
vn -0.5799 -0.8143 -0.0247
vn 0.7795 0.3646 -0.5093
vn 0.9528 -0.1619 -0.2567
vn 0.3771 -0.9251 -0.0453
vn 0.3352 -0.9380 -0.0882
vn 0.3552 -0.9347 -0.0168
vn 0.0345 -0.9994 -0.0011
vn 0.0543 -0.9985 -0.0044
vn 0.0703 -0.9975 -0.0081
vn 0.0081 -1.0000 -0.0029
vn -0.7726 0.6202 0.1360
vn -0.1123 0.8908 -0.4404
vn 0.6094 0.7924 0.0268
vn 0.3427 -0.9387 0.0370
vn 0.0133 -0.9999 -0.0030
vn -0.9990 -0.0433 -0.0078
vn 0.2719 -0.9490 -0.1593
vn -0.8860 0.2507 -0.3902
vn 0.9099 0.4141 0.0251
vn 0.9606 0.2777 0.0091
vn 0.9176 0.3974 -0.0100
vn 0.8892 -0.4553 -0.0459
vn -0.2492 0.4923 0.8340
vn 0.8567 0.0157 -0.5156
vn 0.6991 0.7045 -0.1220
vn 0.5150 0.0467 -0.8559
vn 0.9099 0.4142 0.0251
vn 0.9049 0.4247 0.0285
vn -0.9966 0.0121 -0.0818
vn 0.9990 -0.0449 0.0018
vn -0.9874 0.0268 -0.1561
vn -0.9941 0.0605 -0.0904
vn -0.9954 0.0778 -0.0561
vn -0.9953 0.0939 -0.0240
vn -0.9282 -0.2930 0.2293
vn -0.9222 -0.3046 0.2381
vn -0.9152 -0.3175 0.2481
vn -0.9152 -0.3176 0.2481
vn -0.9223 -0.3045 0.2381
vn -0.9146 -0.3186 0.2489
vn -0.8063 -0.5808 0.1121
vn 0.9178 0.3892 0.0787
vn 0.9227 0.3688 0.1126
vn 0.6848 0.7247 -0.0765
vn 0.7850 -0.1182 0.6081
vn 0.0475 0.9989 -0.0036
vn 0.7102 0.7040 0.0067
vn 0.4147 0.8800 -0.2314
vn 0.8142 -0.5758 -0.0747
vn 0.9936 0.0953 0.0603
vn 0.9979 -0.0101 -0.0637
vn 0.9964 0.0110 -0.0837
vn 0.9750 0.0454 -0.2174
vn 0.9964 0.0110 -0.0838
vn 0.9979 -0.0101 -0.0638
vn 0.9947 0.0928 0.0434
vn 0.2536 -0.9671 -0.0217
vn -0.2056 -0.9774 0.0496
vn -0.0331 0.9995 -0.0010
vn 0.4468 0.8922 -0.0655
vn 0.4581 -0.8888 0.0124
vn 0.3551 -0.9347 -0.0168
vn 0.1720 0.9851 -0.0050
vn 0.2538 -0.9670 -0.0217
vn -0.9973 -0.0737 0.0075
vn -0.9982 -0.0598 0.0024
vn -0.9998 -0.0153 -0.0139
vn -0.9998 -0.0064 -0.0172
vn -0.5865 -0.8096 -0.0241
vn 0.2570 -0.9661 -0.0230
vn 0.0544 -0.9985 -0.0044
vn -0.0767 -0.9959 -0.0485
vn -0.0466 -0.9989 0.0043
vn -0.0524 -0.9985 -0.0168
vn -0.0373 -0.9993 0.0053
vn -0.9907 -0.0847 -0.1064
vn -0.9891 -0.0803 -0.1230
vn -0.9831 -0.0993 -0.1539
vn 0.3919 0.9091 0.1416
vn -0.0103 -0.9999 -0.0080
vn 0.9903 0.1159 0.0767
vn 0.9957 0.0437 0.0816
vn 0.9897 0.0319 0.1398
vn 0.9980 0.0469 0.0413
vn -0.9996 0.0063 -0.0282
vn -0.6398 0.7676 0.0373
vn -0.6370 0.7699 0.0377
vn -0.7221 0.6915 0.0192
vn 0.0183 -0.9998 -0.0029
vn -0.9892 -0.0803 -0.1230
vn -0.9952 0.0916 0.0337
vn -0.9994 0.0304 -0.0157
vn -0.7145 0.6992 0.0238
vn 0.9780 0.2088 0.0036
vn 0.9997 0.0238 0.0060
vn 0.9998 0.0171 0.0110
vn 1.0000 0.0029 -0.0078
vn -0.5549 -0.7545 -0.3505
vn -0.9994 0.0326 -0.0120
vn 0.9812 -0.1519 0.1191
vn -0.9992 0.0299 0.0249
vn -0.9991 0.0373 0.0198
vn -0.9989 -0.0418 -0.0190
vn -1.0000 0.0058 0.0010
vn -0.9993 -0.0299 -0.0235
vn -0.9955 -0.0920 -0.0247
vn -0.9974 -0.0646 -0.0309
vn 0.8871 0.4376 -0.1468
vn -0.0906 -0.9935 -0.0685
vn -1.0000 -0.0070 0.0029
vn -0.8598 0.4539 0.2340
vn 0.4046 0.8060 0.4320
vn 0.5760 0.7930 0.1982
vn -0.9833 -0.1632 -0.0802
vn 0.3716 -0.9284 -0.0019
vn 0.4068 -0.9135 0.0017
vn 0.3828 -0.9238 -0.0014
vn -0.9881 0.1534 0.0065
vn -0.9943 -0.1058 -0.0144
vn -0.9943 -0.1057 -0.0144
vn -0.9944 -0.1046 -0.0142
vn 0.9949 0.0976 0.0234
vn 0.9879 0.1464 -0.0502
vn 0.4087 -0.9126 -0.0074
vn 0.4015 -0.9158 -0.0061
vn 0.1962 -0.9806 0.0002
vn 0.3169 0.2760 0.9074
vn 0.2894 -0.1730 -0.9414
vn 0.9729 -0.2310 0.0134
vn 0.5295 0.4287 0.7320
vn 0.7093 0.3173 -0.6294
vn -0.9998 0.0101 0.0156
vn -0.9999 -0.0108 0.0089
vn -0.9999 0.0034 0.0152
vn 0.9977 -0.0065 -0.0675
vn 0.9920 0.0230 -0.1239
vn 0.9966 0.0013 -0.0825
vn -0.9999 -0.0128 0.0045
vn -0.6972 -0.2736 -0.6626
vn 0.9988 -0.0177 -0.0461
vn 0.4609 0.6712 0.5806
vn -0.9999 0.0101 -0.0114
vn -0.1016 -0.9947 0.0159
vn 0.9874 -0.1419 0.0701
vn -0.2491 -0.9678 -0.0366
vn 0.9062 -0.4108 0.1002
vn 0.1748 0.9846 -0.0047
vn 0.9893 0.0344 0.1419
vn 0.9438 0.0087 0.3305
vn 0.9535 0.0129 0.3011
vn -0.1706 -0.1341 -0.9762
vn -0.1772 -0.1398 -0.9742
vn -0.1326 -0.0223 -0.9909
vn -0.7689 -0.6300 -0.1091
vn -0.7789 -0.5985 -0.1875
vn -0.7793 -0.5963 -0.1926
vn -0.1638 0.0431 -0.9855
vn 0.7150 0.4415 0.5420
vn -0.9900 -0.0705 0.1226
vn -0.9984 -0.0066 0.0555
vn -0.9962 -0.0309 0.0810
vn -0.9994 0.0209 0.0265
vn 0.9936 0.0264 -0.1100
vn 0.9973 0.0497 -0.0544
vn 0.9941 0.0204 -0.1066
vn 0.9936 0.0265 -0.1100
vn 0.9976 0.0459 -0.0522
vn 0.9973 0.0496 -0.0544
vn -0.9989 -0.0421 -0.0224
vn -0.8381 0.5454 -0.0137
vn -0.9998 -0.0126 0.0176
vn -0.9983 -0.0581 -0.0019
vn -0.9995 -0.0310 0.0097
vn -0.9962 -0.0862 -0.0139
vn 0.0185 -0.9998 -0.0101
vn 0.1201 -0.9900 0.0737
vn -0.9886 -0.1477 -0.0291
vn -0.9971 -0.0336 -0.0686
vn 0.5579 -0.8291 -0.0353
vn -0.7425 -0.6680 0.0502
vn -0.4937 -0.3184 0.8093
vn 0.7144 -0.1699 -0.6788
vn -0.1299 0.0968 -0.9868
vn 0.6446 -0.3948 -0.6547
vn -0.1215 0.0957 -0.9880
vn -0.4158 0.2929 0.8610
vn -0.6758 0.3524 0.6474
vn -0.0380 0.1299 0.9908
vn -0.3498 0.2672 -0.8979
vn -0.3271 0.2496 -0.9114
vn -0.1406 0.1036 -0.9846
vn -0.0336 0.0124 -0.9994
vn -0.3271 0.2497 -0.9114
vn 0.6682 0.4335 0.6047
vn -0.8367 -0.5285 0.1435
vn 0.1637 0.0413 -0.9856
vn -0.2798 -0.0954 -0.9553
vn -0.7601 -0.5736 0.3053
vn 0.0545 -0.0040 -0.9985
vn -0.0177 0.0035 -0.9998
vn -0.1311 0.0154 -0.9913
vn -0.1394 0.0163 -0.9901
vn 0.0532 0.9986 0.0070
vn 0.9982 0.0556 -0.0233
vn 0.9989 0.0421 0.0203
vn 0.8860 -0.4402 -0.1459
vn 0.4738 0.8740 0.1080
vn -0.6658 0.7439 0.0576
vn -0.7807 0.6248 0.0085
vn -0.6782 0.7330 0.0527
vn -0.7857 0.6185 0.0061
vn 0.5682 -0.0110 -0.8228
vn 0.1640 -0.9864 0.0114
vn 0.9920 -0.0322 0.1224
vn 0.1712 -0.9842 0.0455
vn -0.9867 0.0052 -0.1624
vn -0.8932 -0.3578 0.2725
vn 0.9918 0.0369 0.1226
vn 0.8656 0.3044 0.3976
vn -0.8824 0.0339 0.4693
vn -0.6177 0.0690 -0.7834
vn 0.9994 0.0336 0.0059
vn 0.9810 0.1591 0.1113
vn 0.9958 0.0907 -0.0162
vn 0.9975 0.0492 -0.0500
vn 0.5667 -0.8224 -0.0496
vn 0.9219 -0.0352 0.3857
vn -0.2153 0.9735 -0.0767
vn -0.2230 0.9718 -0.0769
vn -0.3206 0.9439 -0.0786
vn -0.3315 0.9402 -0.0787
vn 0.9984 0.0567 0.0065
vn 0.9966 0.0657 0.0489
vn 0.9958 0.0906 -0.0163
vn 0.0626 -0.9950 0.0783
vn 0.4677 0.8769 0.1105
vn 0.5081 -0.8599 -0.0491
vn 0.2671 -0.9619 0.0585
vn 0.4894 -0.8711 -0.0418
vn 0.7171 0.6970 0.0091
vn 0.9877 0.1272 0.0913
vn 0.4152 0.8263 0.3806
vn 0.8940 -0.4241 -0.1444
vn 0.6390 0.3989 -0.6577
vn 0.7982 0.1752 -0.5763
vn -0.4218 0.4557 0.7838
vn 0.0019 0.4228 -0.9062
vn 0.0051 0.9906 0.1367
vn -0.0249 -0.9997 0.0083
vn -0.9413 -0.1747 -0.2888
vn -0.9323 -0.1808 -0.3131
vn -0.9508 -0.1674 -0.2606
vn -0.9928 0.0488 0.1090
vn 0.7943 0.6058 -0.0458
vn 0.8281 0.5561 -0.0703
vn 0.8069 0.5878 -0.0589
vn 0.3714 -0.7038 0.6055
vn 0.0386 -0.9903 -0.1336
vn -0.0251 -0.9996 0.0084
vn 0.9985 0.0542 0.0089
vn -0.3696 0.8804 0.2971
vn -0.9879 0.0582 0.1438
vn -0.6515 0.7586 0.0083
vn -0.4433 -0.1749 -0.8791
vn 0.7280 -0.5503 0.4089
vn 0.9984 0.0560 0.0061
vn 0.8397 -0.5258 -0.1356
vn -0.4410 -0.8861 0.1424
vn -0.9588 0.2714 -0.0841
vn -0.9582 -0.1611 -0.2363
vn -0.6546 0.7559 0.0074
vn -0.6519 0.7583 0.0082
vn -0.5970 0.8021 0.0157
vn -0.8530 -0.5058 -0.1285
vn -0.8620 -0.5069 -0.0040
vn -0.9558 -0.0270 -0.2927
vn -0.5287 0.7895 0.3116
vn 0.4738 -0.8201 -0.3208
vn 0.7423 0.5582 -0.3708
vn -0.1218 -0.9883 -0.0921
vn 0.0836 -0.1626 0.9831
vn 0.0692 -0.1716 0.9827
vn 0.0328 -0.1419 0.9893
vn 0.0112 -0.1187 0.9929
vn -0.9552 -0.2820 0.0895
vn -0.9560 -0.2790 0.0906
vn -0.9559 -0.2794 0.0904
vn 0.9596 -0.2503 0.1282
vn -0.0880 -0.9952 -0.0417
vn -0.1606 -0.9739 -0.1606
vn -0.4613 0.0410 0.8863
vn -0.9560 -0.2791 0.0905
vn -0.9569 -0.2756 0.0918
vn 0.0041 -0.0484 0.9988
vn -0.8010 0.4258 -0.4209
vn -0.8348 0.3420 0.4314
vn 0.8550 -0.5177 -0.0311
vn 0.6217 -0.4257 0.6575
vn 0.5289 -0.5524 -0.6443
vn 0.1923 0.1983 0.9611
vn 0.1899 0.1940 0.9625
vn 0.1805 0.1771 0.9675
vn 0.3035 0.3812 -0.8732
vn 0.4250 0.6163 -0.6629
vn -0.6487 -0.2577 -0.7161
vn -0.9202 0.1704 0.3523
vn 0.1805 0.1770 0.9675
vn 0.1899 0.1939 0.9625
vn 0.1796 0.1754 0.9680
vn -0.7222 -0.6891 0.0598
vn -0.7226 -0.6828 0.1081
vn -0.7177 -0.6634 0.2117
vn -0.9638 0.0153 -0.2663
vn 0.8546 0.1387 -0.5005
vn -0.7169 -0.6615 0.2201
vn -0.8773 -0.0110 0.4799
vn 0.9975 0.0701 0.0034
vn 0.2089 -0.0346 0.9773
vn -0.6873 -0.0946 -0.7201
vn -0.9989 0.0456 0.0135
vn 0.9992 -0.0030 -0.0406
vn 0.9938 0.0046 -0.1109
vn 0.9750 0.0737 -0.2094
vn -0.4411 0.0179 0.8973
vn 0.9757 0.0537 -0.2123
vn -0.7250 -0.1715 0.6671
vn 0.0042 0.0534 0.9986
vn -0.0157 0.0684 0.9975
vn -0.2116 -0.0305 -0.9769
vn -0.1717 0.9720 0.1606
vn 0.2240 0.2847 0.9321
vn 0.2518 0.2983 0.9207
vn 0.0763 0.2256 0.9712
vn -0.2863 -0.2389 -0.9279
vn -0.0023 -0.7059 -0.7083
vn -0.9295 -0.0315 -0.3674
vn -0.9281 0.0266 0.3713
vn -0.0217 -0.2860 0.9580
vn -0.0813 0.0137 0.9966
vn -0.1342 0.1205 0.9836
vn -0.1122 0.0757 0.9908
vn -0.5164 -0.6393 0.5698
vn 0.9672 -0.2492 -0.0497
vn 0.0377 -0.9990 -0.0245
vn -0.0787 -0.4876 0.8695
vn 0.0031 -0.8795 0.4760
vn 0.1439 0.9893 -0.0255
vn 0.8217 -0.5700 -0.0001
vn -0.9635 -0.1689 0.2077
vn 0.9807 -0.1865 -0.0595
vn 0.9835 -0.1765 -0.0403
vn 0.9828 -0.1792 -0.0456
vn 0.9853 -0.1687 -0.0256
vn -0.8450 0.2261 0.4847
vn -0.1640 0.4609 -0.8721
vn -0.0719 -0.0713 0.9949
vn -0.1015 -0.0398 0.9940
vn -0.0789 -0.0639 0.9948
vn -0.3566 0.8450 0.3985
vn 0.0671 -0.7363 -0.6733
vn 0.8961 -0.4350 -0.0878
vn -0.0643 0.8731 0.4834
vn -0.0558 0.8603 0.5067
vn -0.0093 0.7806 0.6249
vn 0.0912 0.2684 -0.9590
vn -0.9717 0.0356 0.2335
vn -0.9642 0.0122 0.2648
vn -0.9705 0.0315 0.2391
vn 0.9662 0.1230 -0.2265
vn 0.0765 0.3678 -0.9267
vn -0.8707 -0.0696 0.4869
vn -0.8739 -0.2709 -0.4037
vn -0.8456 -0.1815 -0.5021
vn -0.8453 -0.1809 -0.5027
vn -0.8455 -0.1814 -0.5022
vn -0.8156 -0.1152 -0.5671
vn -0.8453 -0.1808 -0.5028
vn 0.1759 -0.9797 0.0965
vn -0.0157 0.9982 0.0575
vn -0.2636 0.9466 -0.1854
vn 0.0326 0.2188 0.9752
vn 0.0997 0.9928 -0.0671
vn -0.0455 -0.0992 0.9940
vn -0.2893 -0.5937 -0.7509
vn -0.1805 0.9062 -0.3823
vn -0.9632 0.2634 0.0530
vn 0.0039 0.7548 0.6559
vn -0.0093 0.7806 0.6250
vn -0.0558 0.8603 0.5068
vn -0.9626 0.0077 0.2708
vn 0.7070 -0.2705 0.6535
vn 0.3723 0.3002 -0.8782
vn 0.0148 0.8898 -0.4562
vn 0.0678 0.9954 0.0673
vn 0.9876 0.1367 -0.0771
vn -0.9251 -0.0899 -0.3690
vn -0.0653 -0.0182 0.9977
vn -0.0158 0.0021 -0.9999
vn 0.0020 -0.0050 -1.0000
vn -0.0048 0.0107 -0.9999
vn -0.9987 0.0153 0.0486
vn -0.0830 -0.0697 -0.9941
vn -0.5788 -0.1197 0.8067
vn 0.0273 -0.3401 -0.9400
vn 0.7036 0.3352 -0.6266
vn 0.2949 0.1671 0.9408
vn -0.7268 -0.4096 -0.5514
vn 0.2667 -0.1007 0.9585
vn -0.7654 -0.6374 -0.0885
vn -0.8019 0.5190 0.2960
vn 0.5060 -0.3194 -0.8013
vn -0.7715 0.3380 -0.5390
vn 0.8681 -0.4576 -0.1922
vn 0.4384 -0.2538 0.8622
vn 0.3708 -0.2746 0.8872
vn 0.4438 -0.2521 0.8599
vn 0.4383 -0.2538 0.8622
vn 0.3505 -0.2804 0.8936
vn 0.3707 -0.2746 0.8872
vn 0.9244 -0.0371 0.3796
vn 0.9010 -0.0411 0.4319
vn 0.9175 -0.0383 0.3958
vn 0.0041 0.8773 -0.4800
vn 0.0467 0.9272 -0.3717
vn 0.0257 0.9234 -0.3829
vn -0.7155 0.2121 0.6657
vn -0.2345 0.6620 -0.7118
vn -0.4115 0.3968 -0.8205
vn -0.0599 0.2620 -0.9632
vn 0.8263 0.0904 0.5560
vn 0.0767 0.1595 0.9842
vn 0.0674 0.1830 0.9808
vn 0.0204 0.2722 0.9620
vn 0.1183 0.9916 0.0526
vn 0.0480 0.9965 -0.0681
vn 0.0331 0.6603 -0.7502
vn -0.2166 0.9659 0.1421
vn -0.0115 -0.9201 0.3915
vn -0.4129 0.7229 0.5540
vn -0.8159 -0.5771 -0.0345
vn -0.8502 0.1366 0.5085
vn 0.0399 0.0320 -0.9987
vn 0.0973 0.0188 -0.9951
vn -0.4800 -0.8686 0.1229
vn -0.0660 0.9311 -0.3587
vn 0.8969 -0.4335 -0.0875
vn 0.0519 0.2342 0.9708
vn 0.0274 0.2154 0.9761
vn 0.1406 0.2687 0.9529
vn 0.4837 -0.8751 0.0129
vn 0.4603 -0.8848 -0.0729
vn 0.4453 -0.8871 -0.1215
vn -0.1492 -0.9454 -0.2899
vn 0.0114 -0.9694 -0.2454
vn -0.9245 -0.3537 0.1423
vn 0.0518 0.2342 0.9708
vn -0.0373 0.2240 0.9739
vn -0.2686 0.9429 0.1971
vn 0.0958 -0.9953 -0.0152
vn -0.7977 0.3525 -0.4894
vn 0.1573 0.2864 0.9451
vn -0.0645 -0.9979 0.0061
vn -0.9692 0.1971 -0.1479
vn -0.9690 0.1973 -0.1487
vn -0.9688 0.1975 -0.1500
vn -0.0018 -0.0834 -0.9965
vn 0.0089 -0.1236 -0.9923
vn 0.0018 -0.0770 -0.9970
vn 0.9903 -0.1216 0.0671
vn 0.9946 -0.1001 0.0284
vn 0.9958 -0.0907 0.0113
vn 0.9946 -0.1001 0.0283
vn 0.9973 -0.0653 -0.0340
vn -0.9686 0.1977 -0.1509
vn -0.6485 -0.7151 0.2608
vn -0.8259 -0.3887 0.4083
vn -0.1238 -0.1986 0.9722
vn -0.0074 0.9850 0.1722
vn -0.0047 0.9862 0.1656
vn 0.0444 0.9980 0.0440
vn -0.9975 -0.0585 -0.0399
vn -0.0839 -0.0083 -0.9964
vn 0.5786 0.4826 -0.6575
vn 0.7999 0.5998 0.0190
vn -0.4101 -0.3662 0.8353
vn 0.1048 0.0991 -0.9895
vn 0.0432 0.0854 -0.9954
vn 0.0665 0.0906 -0.9937
vn -0.2214 -0.1838 -0.9577
vn -0.0428 0.1956 0.9798
vn 0.2279 0.9737 0.0054
vn -0.0017 -0.0647 -0.9979
vn 0.4961 -0.8277 0.2622
vn 0.0444 0.9980 0.0439
vn -0.0192 0.9874 0.1568
vn -0.8779 0.4192 -0.2314
vn 0.9413 -0.0338 0.3360
vn 0.1292 0.9916 0.0061
vn 0.2279 0.9737 0.0053
vn 0.3549 0.9309 -0.0864
vn 0.4453 -0.8871 -0.1217
vn 0.4603 -0.8848 -0.0730
vn 0.4151 -0.8854 -0.2092
vn 0.0079 -0.0736 -0.9973
vn 0.1207 0.1026 -0.9874
vn 0.0258 0.1896 -0.9815
vn 0.9379 -0.0610 -0.3416
vn 0.7935 0.1027 0.5999
vn -0.3637 0.0075 0.9315
vn -0.9050 0.0659 0.4202
vn -0.4836 -0.0609 -0.8732
vn -0.4964 -0.0640 -0.8657
vn -0.3963 -0.0396 -0.9173
vn 0.2037 0.0142 0.9789
vn 0.2190 0.0428 0.9748
vn 0.2109 0.0277 0.9771
vn 0.4794 0.0597 -0.8756
vn -0.9219 0.0632 -0.3821
vn 0.0004 0.9663 0.2574
vn 0.6689 0.0008 0.7434
vn 0.6624 0.0083 0.7491
vn 0.6690 -0.0026 0.7432
vn 0.6692 -0.0027 0.7431
vn -0.3886 -0.0377 -0.9206
vn 0.1946 -0.0025 0.9809
vn 0.2036 0.0141 0.9789
vn 0.2109 0.0276 0.9771
vn 0.8364 0.5403 -0.0919
vn 0.9734 0.1421 -0.1800
vn -0.3575 0.3410 -0.8695
vn 0.0038 0.0078 1.0000
vn 0.0142 0.0016 0.9999
vn 0.0098 -0.0008 1.0000
vn 0.0039 0.0061 1.0000
vn 0.9970 0.0497 0.0588
vn 0.9982 0.0605 -0.0053
vn 0.9978 0.0461 0.0469
vn 0.9991 0.0389 -0.0177
vn 0.0177 -0.0104 0.9998
vn 0.0168 -0.0115 0.9998
vn 0.0195 -0.0097 0.9998
vn 0.5952 -0.0202 -0.8033
vn 0.6409 0.0335 0.7669
vn 0.6534 0.0209 0.7567
vn 0.9967 -0.0736 0.0349
vn 0.9883 -0.1513 0.0176
vn 0.9806 -0.1956 0.0093
vn 0.1346 -0.9909 -0.0005
vn 0.0876 -0.9961 0.0072
vn 0.1842 -0.9828 0.0097
vn 0.0147 -0.0131 0.9998
vn 0.0176 -0.0119 0.9998
vn 0.6887 -0.2869 0.6659
vn 0.2555 -0.9668 -0.0098
vn 0.0277 -0.0008 0.9996
vn 0.9900 0.1370 -0.0340
vn 0.0421 0.9978 0.0517
vn 0.0453 0.9973 0.0582
vn 0.0444 0.9974 0.0563
vn 0.0601 0.9982 -0.0022
vn 0.0318 0.9995 0.0045
vn 0.0598 0.9982 -0.0019
vn -0.9605 0.1069 -0.2569
vn 0.4616 -0.1255 -0.8782
vn -0.0289 0.7804 -0.6246
vn 0.1910 0.2031 -0.9604
vn 0.2389 0.2278 -0.9439
vn 0.3051 0.2615 -0.9157
vn 0.2390 0.2278 -0.9439
vn 0.3518 0.2848 -0.8917
vn 0.5605 0.8281 -0.0106
vn 0.5853 0.8101 0.0336
vn 0.6846 0.7274 0.0459
vn 0.9869 -0.1140 -0.1146
vn 0.2129 -0.0502 -0.9758
vn 0.0211 0.5793 0.8149
vn 0.6581 0.7517 0.0430
vn 0.7690 0.6390 -0.0166
vn 0.7904 0.6082 -0.0729
vn 0.7398 0.6711 0.0488
vn 0.0753 -0.0071 0.9971
vn 0.0667 0.9966 -0.0485
vn 0.0346 0.0026 0.9994
vn 0.9964 0.0362 -0.0765
vn 0.1365 -0.9906 -0.0114
vn -0.0485 0.0585 0.9971
vn -0.0598 0.0725 0.9956
vn -0.0084 0.8769 -0.4805
vn -0.0289 0.7804 -0.6247
vn 0.7078 0.5975 -0.3768
vn -0.9934 -0.1143 -0.0104
vn -0.9925 -0.1194 -0.0250
vn 0.9050 0.1083 -0.4114
vn 0.9847 -0.1736 -0.0157
vn -0.0168 -0.9998 0.0138
vn 0.2819 0.8888 0.3612
vn -0.0059 -0.0022 1.0000
vn 0.0093 0.0502 0.9987
vn 0.0103 0.0359 0.9993
vn 0.0183 0.0657 0.9977
vn 0.7041 0.7003 0.1172
vn 0.7690 0.6391 -0.0165
vn 0.7397 0.6711 0.0488
vn 0.0509 0.9914 -0.1203
vn 0.9927 -0.0176 -0.1192
vn 0.9997 0.0184 -0.0169
vn 0.9997 0.0242 -0.0002
vn 0.9974 0.0380 0.0618
vn 0.0145 -0.0129 0.9998
vn -0.0668 -0.9555 0.2872
vn 0.9540 -0.2997 -0.0001
vn 0.9557 -0.2944 -0.0019
vn -0.2929 0.9462 -0.1376
vn -0.0089 0.8897 -0.4565
vn -0.0269 0.9410 -0.3374
vn -0.0373 0.9837 -0.1756
vn 0.1038 0.9932 0.0520
vn 0.9959 -0.0857 0.0295
vn 0.9837 -0.1794 0.0110
vn 0.9997 0.0108 0.0235
vn 0.2648 -0.9637 -0.0347
vn 0.0410 0.9979 0.0493
vn -0.0000 -0.0989 0.9951
vn 0.0302 0.2849 0.9581
vn 0.6550 0.7507 0.0855
vn 0.0996 0.9841 -0.1469
vn 0.9470 0.3205 -0.0225
vn -0.0376 0.9825 0.1826
vn -0.0062 0.9998 0.0189
vn 0.9889 -0.0272 -0.1462
vn -0.9999 0.0135 0.0044
vn 0.0009 -0.9482 0.3177
vn 0.0122 -0.9308 0.3652
vn 0.0138 -0.9281 0.3721
vn 0.0062 1.0000 -0.0003
vn -0.0119 0.9998 0.0151
vn 0.0102 0.9999 0.0121
vn 0.4695 -0.2047 -0.8589
vn 0.9988 0.0195 0.0451
vn 0.0906 0.9475 0.3066
vn 0.0787 0.9527 0.2935
vn 0.0780 0.9530 0.2927
vn -0.4679 0.8413 0.2709
vn -0.7527 0.0394 -0.6572
vn 1.0000 -0.0074 -0.0020
vn 0.9999 -0.0128 -0.0055
vn 1.0000 -0.0090 -0.0031
vn 1.0000 -0.0043 -0.0001
vn 0.2672 -0.9636 -0.0113
vn 0.2354 -0.9715 0.0269
vn 0.2592 -0.9658 -0.0017
vn 0.9906 0.0979 -0.0958
vn 0.9882 0.1463 -0.0460
vn 0.9904 0.1099 -0.0835
vn 0.2881 -0.9569 -0.0369
vn 0.0716 0.9851 0.1566
vn -0.0600 0.9891 0.1347
vn -0.0338 0.9873 0.1552
vn 0.1628 0.9679 -0.1915
vn 0.1975 0.9617 -0.1901
vn 0.2231 0.9563 -0.1890
vn -0.4396 -0.5660 -0.6974
vn -0.3094 0.5966 -0.7405
vn -0.1049 0.9806 0.1654
vn -0.2486 0.9681 0.0298
vn 0.1425 0.9710 -0.1921
vn 0.1239 0.6038 0.7874
vn 0.0627 0.9592 0.2757
vn -0.1648 -0.6975 -0.6974
vn 0.0855 -0.3550 0.9309
vn 0.0036 -0.8446 0.5355
vn -0.0249 -0.3378 0.9409
vn 0.0857 -0.3699 0.9251
vn 0.0060 -0.3288 0.9444
vn -0.1179 -0.1025 0.9877
vn 0.3231 -0.2181 0.9209
vn -0.0595 -0.1723 0.9832
vn -0.0690 -0.2545 0.9646
vn 0.0060 -0.3287 0.9444
vn -0.2600 -0.8953 0.3617
vn -0.2962 -0.8791 0.3735
vn -0.3627 -0.8446 0.3939
vn 0.6973 0.6906 0.1920
vn 0.1338 -0.3687 0.9199
vn 0.0658 -0.3530 0.9333
vn 0.1812 -0.3787 0.9076
vn 0.0600 -0.9967 -0.0548
vn 0.0948 -0.9935 0.0634
vn 0.0682 -0.9973 -0.0271
vn 0.8506 -0.3428 -0.3988
vn -0.0246 -0.6524 0.7575
vn -0.0916 0.0941 0.9913
vn -0.0390 0.0284 0.9988
vn -0.0405 0.0303 0.9987
vn 0.9995 -0.0136 -0.0275
vn 0.9986 -0.0319 -0.0425
vn 0.9980 0.0577 -0.0258
vn -0.7838 0.1696 0.5974
vn 0.0008 -0.0211 0.9998
vn 0.9973 0.0730 -0.0119
vn 0.9980 0.0578 -0.0258
vn -0.8385 -0.5433 0.0416
vn 0.0783 -0.8416 0.5344
vn -0.0599 -0.4072 -0.9114
vn 0.0213 -0.2282 -0.9734
vn -0.0041 -0.2754 -0.9613
vn 0.9885 0.1490 0.0252
vn 0.9946 -0.0848 0.0597
vn 0.9947 -0.0835 0.0592
vn 0.0860 0.4982 0.8628
vn 0.0427 0.5038 0.8628
vn -0.0425 0.5227 0.8515
vn -0.0443 0.5269 0.8488
vn 0.1020 -0.9908 0.0887
vn 0.5740 -0.1477 0.8054
vn 0.9860 0.1630 -0.0337
vn 0.9867 0.1598 -0.0283
vn 0.9980 0.0579 -0.0258
vn -0.7277 0.2101 -0.6529
vn 0.2164 -0.0181 0.9761
vn -0.0848 -0.4393 -0.8943
vn 0.0556 0.9934 0.1004
vn -0.1990 -0.9189 0.3407
vn -0.2962 -0.8791 0.3734
vn -0.2600 -0.8953 0.3616
vn -0.1248 0.3582 0.9253
vn -0.0774 0.9452 -0.3173
vn -0.0220 0.8976 -0.4402
vn -0.0639 0.9352 -0.3482
vn -0.4719 -0.7896 0.3923
vn 0.0128 0.9772 0.2119
vn 0.1248 -0.8520 0.5084
vn 0.4401 0.5979 0.6700
vn 0.4413 0.5972 0.6698
vn 0.4751 0.6132 0.6311
vn 0.4412 0.5972 0.6698
vn 0.5311 0.6366 0.5592
vn 0.1908 0.4941 0.8482
vn 0.0324 0.5730 -0.8189
vn -0.2060 -0.7519 -0.6263
vn -0.2174 -0.7531 -0.6209
vn -0.0840 -0.7894 -0.6081
vn -0.1289 0.1133 0.9852
vn 0.5786 0.6538 0.4876
vn 0.1698 -0.6563 -0.7352
vn -0.1381 0.4631 -0.8755
vn -0.1437 0.4587 -0.8769
vn -0.0035 0.4048 -0.9144
vn 0.2847 -0.3974 0.8724
vn 0.1339 -0.3687 0.9198
vn 0.6095 0.5840 -0.5361
vn 0.8518 0.4400 0.2841
vn -0.0972 -0.4950 0.8634
vn -0.6932 -0.4508 -0.5624
vn 0.3437 0.7460 -0.5704
vn 0.8694 0.2230 0.4409
vn -0.2795 -0.9531 0.1164
vn 0.7341 0.4731 0.4871
vn -0.5364 0.1608 0.8285
vn 0.4267 0.3674 -0.8264
vn -0.0345 -0.9962 -0.0801
vn -0.0847 -0.4393 -0.8943
vn -0.0581 -0.4448 -0.8937
vn 0.1731 -0.1091 0.9788
vn 0.1649 -0.0879 0.9824
vn 0.1761 -0.1169 0.9774
vn -0.6059 -0.7943 -0.0432
vn -0.0570 -0.3787 -0.9238
vn 0.9445 0.2489 0.2143
vn 0.1144 0.3826 -0.9168
vn -0.7833 -0.6099 0.1202
vn -0.7857 -0.6072 0.1182
vn -0.7832 -0.6101 0.1203
vn -0.5762 -0.4795 -0.6619
vn -0.5632 -0.5385 -0.6268
vn -0.5880 -0.4056 -0.6998
vn 0.4310 0.5439 -0.7200
vn 0.9896 0.0663 -0.1277
vn 0.2879 -0.0690 0.9552
vn -0.1486 0.6060 0.7815
vn 0.2163 0.0196 -0.9761
vn -0.0786 0.9969 -0.0051
vn -0.0741 0.9972 -0.0123
vn -0.1716 0.9794 -0.1060
vn -0.0587 0.9956 -0.0726
vn 0.1569 0.2010 -0.9669
vn 0.0699 0.9973 -0.0206
vn 0.0574 0.9979 -0.0305
vn -0.2176 -0.2459 -0.9446
vn -0.1318 0.1938 0.9721
vn 0.0170 0.5872 0.8092
vn -0.0258 -0.2206 0.9750
vn -0.2012 0.8569 0.4746
vn 0.0518 0.9980 -0.0367
vn 0.2009 -0.2409 -0.9495
vn 0.2204 -0.2644 -0.9389
vn 0.1924 -0.2306 -0.9538
vn 0.1761 -0.1170 0.9774
vn 0.1834 -0.1362 0.9736
vn -0.7801 -0.6134 0.1229
vn -0.5945 -0.3453 -0.7262
vn 0.3925 0.2099 -0.8955
vn 0.2550 0.1255 0.9588
vn 0.1775 0.8335 0.5233
vn 0.5233 0.8518 -0.0255
vn 0.3570 -0.6871 -0.6328
vn 0.0383 0.9992 -0.0055
vn -0.0165 -0.0161 0.9997
vn -0.0091 -0.0329 0.9994
vn -0.0194 -0.0020 0.9998
vn 0.7015 0.1216 0.7022
vn 0.9871 0.1356 -0.0849
vn 0.9789 0.2038 -0.0171
vn 0.9852 0.1637 -0.0513
vn 0.9981 -0.0360 0.0507
vn 0.0177 0.2427 0.9699
vn -0.1197 0.9729 0.1977
vn 0.0960 0.3897 0.9159
vn 0.9987 -0.0069 0.0495
vn 0.9988 -0.0092 0.0475
vn 0.9988 -0.0074 0.0491
vn -0.0376 -0.0078 0.9993
vn -0.0014 0.0027 1.0000
vn -0.0010 0.0019 1.0000
vn -0.0017 0.0033 1.0000
vn 0.0179 -0.9998 -0.0050
vn 0.0007 0.6268 0.7792
vn 0.0022 0.6109 0.7917
vn 0.0021 0.6116 0.7912
vn 0.9756 0.1563 -0.1542
vn 0.3178 0.1195 0.9406
vn 0.9971 0.0698 0.0299
vn 0.4373 0.8541 -0.2815
vn -0.0894 -0.8745 0.4767
vn 0.9967 -0.0736 0.0350
vn 0.9980 -0.0362 0.0519
vn 0.9874 0.0993 -0.1235
vn -0.0114 0.0853 0.9963
vn 0.2755 0.3405 -0.8990
vn 0.5598 0.7759 -0.2909
vn 0.6382 0.6810 0.3591
vn 0.6148 0.6844 0.3919
vn 0.6435 0.6801 0.3514
vn 0.1774 -0.2126 -0.9609
vn 0.1673 0.2175 0.9616
vn 0.1566 0.2148 0.9640
vn 0.1738 0.2029 0.9637
vn -0.0844 -0.6537 0.7521
vn -0.0797 -0.6530 0.7532
vn -0.0843 -0.6537 0.7521
vn -0.1108 -0.1780 0.9778
vn -0.0578 -0.1675 0.9842
vn -0.0732 -0.1706 0.9826
vn 0.0406 0.9945 0.0970
vn 0.2774 -0.9415 0.1913
vn -0.9956 0.0898 0.0260
vn 0.0036 -0.0068 1.0000
vn 0.0046 -0.0034 1.0000
vn 0.0005 -0.0182 0.9998
vn 0.5661 0.3840 0.7294
vn 0.5291 0.4109 0.7424
vn -0.8328 0.0890 0.5464
vn 0.0414 0.7034 0.7096
vn 0.0370 0.6999 0.7133
vn 0.0475 0.7072 0.7054
vn 0.0668 0.9976 0.0181
vn 0.0723 0.9974 0.0057
vn 0.0809 0.9967 0.0054
vn 0.0204 0.2472 0.9688
vn -0.0126 0.9998 -0.0139
vn 0.2456 0.9670 0.0672
vn -0.3498 0.1960 -0.9161
vn -0.5394 0.5110 -0.6693
vn 0.2308 -0.3226 0.9180
vn 0.2124 -0.2803 0.9361
vn 0.2479 -0.3625 0.8984
vn 0.0064 0.9978 -0.0655
vn -0.0802 0.9681 0.2372
vn -0.0006 0.0013 1.0000
vn 0.0021 0.6117 0.7911
vn 0.0005 0.6283 0.7780
vn 0.9632 -0.2667 0.0318
vn 0.7992 0.5989 -0.0500
vn 0.3328 -0.0329 -0.9424
vn 0.2892 -0.0362 -0.9566
vn 0.2995 -0.0306 -0.9536
vn 0.2468 -0.0404 -0.9682
vn 0.2884 -0.0318 -0.9570
vn 0.0001 -1.0000 -0.0004
vn 0.0239 0.0534 0.9983
vn -0.3551 -0.4022 0.8439
vn -0.4181 -0.3800 0.8251
vn -0.4029 -0.3856 0.8300
vn -0.0626 0.2169 -0.9742
vn 0.5139 -0.2476 -0.8213
vn -0.2872 0.0116 -0.9578
vn 0.0094 -0.9009 0.4338
vn 0.0317 0.9995 -0.0003
vn 0.0120 -0.9994 -0.0318
vn 0.0035 -0.9998 0.0220
vn 0.0044 -0.9999 0.0160
vn -0.0620 -0.9485 0.3106
vn 0.4105 0.2335 -0.8814
vn 0.0546 0.7125 0.6996
vn 0.1755 0.9697 0.1698
vn 0.1415 0.9866 0.0810
vn 0.1286 0.9903 0.0528
vn 0.5343 0.8453 0.0019
vn -0.0100 0.0337 0.9994
vn 0.0006 0.0373 0.9993
vn 0.0224 0.1017 0.9946
vn 0.0192 0.4741 -0.8803
vn 0.0311 0.2889 0.9568
vn 0.3791 0.3620 -0.8516
vn 0.8995 0.4141 -0.1396
vn 0.1837 0.9821 -0.0411
vn 0.4633 0.2701 0.8440
vn -0.0016 1.0000 0.0023
vn -0.5861 0.3224 0.7433
vn -0.3535 0.8480 -0.3950
vn 0.2798 0.5896 -0.7577
vn 0.4426 -0.1081 -0.8902
vn -0.0193 -0.0020 0.9998
vn -0.0411 -0.0089 0.9991
vn 0.9965 0.0772 0.0324
vn 0.0724 0.9765 0.2029
vn 0.6669 0.6749 0.3157
vn 0.1534 0.9398 0.3053
vn 0.6827 0.1568 -0.7136
vn 0.9994 0.0351 -0.0069
vn -0.7616 0.6285 -0.1580
vn 0.2084 0.1627 0.9644
vn 0.0312 -0.3228 0.9460
vn -0.1341 -0.0704 0.9885
vn -0.0284 -0.1615 0.9865
vn -0.1294 0.9916 -0.0053
vn -0.1347 0.9909 0.0022
vn -0.1332 0.9911 0.0001
vn 0.1011 -0.2570 -0.9611
vn 0.9736 0.2179 0.0673
vn 0.9785 0.1512 0.1405
vn 0.9694 0.2420 0.0407
vn -0.2812 -0.0659 0.9574
vn -0.1228 -0.9689 -0.2148
vn -0.0854 0.9934 0.0769
vn -0.0161 0.9447 -0.3277
vn 0.7666 0.6416 0.0275
vn 0.6847 0.7274 0.0459
vn 0.6551 0.7507 0.0855
vn 0.0246 0.9703 -0.2406
vn 0.1953 0.1771 0.9646
vn 0.9630 -0.1430 -0.2286
vn 0.1962 0.9071 0.3723
vn -0.9441 -0.1413 -0.2979
vn 0.0368 0.9991 -0.0217
vn 0.0524 0.9986 -0.0050
vn 0.0420 0.9990 -0.0162
vn 0.2387 0.1175 0.9639
vn -0.4660 -0.3614 0.8076
vn 0.2620 0.4864 -0.8335
vn 0.6635 0.2528 0.7042
vn 0.7657 -0.1934 0.6134
vn 0.6599 0.0229 -0.7510
vn 0.5825 0.0636 0.8104
vn -0.6323 -0.0025 0.7747
vn -0.6437 0.0156 0.7651
vn -0.6477 0.0347 0.7611
vn 0.7888 0.0919 -0.6077
vn 0.3711 -0.0426 0.9276
vn 0.9960 0.0092 -0.0888
vn 0.0418 0.9991 -0.0051
vn 0.0692 0.9976 -0.0086
vn 0.0647 0.9979 -0.0080
vn 0.0693 0.9976 -0.0086
vn 0.0941 0.9955 -0.0117
vn 0.8305 0.5406 0.1341
vn 0.8550 0.5163 -0.0497
vn 0.8489 0.5281 0.0230
vn 0.6280 0.2959 0.7198
vn -0.6287 0.0015 0.7776
vn 0.9492 0.3146 -0.0052
vn 0.9421 0.3352 -0.0087
vn 0.9771 0.2121 0.0192
vn 0.4331 0.9014 0.0019
vn 0.4357 0.9001 0.0012
vn 0.4345 0.9007 0.0015
vn 0.9929 0.1152 -0.0289
vn -0.0031 0.9986 -0.0524
vn -0.0104 0.9989 0.0451
vn -0.0032 0.9999 0.0164
vn -0.0036 0.9993 0.0382
vn 0.0612 0.9937 0.0942
vn 0.0010 0.1256 -0.9921
vn -0.0462 -0.0017 -0.9989
vn -0.0266 0.0517 -0.9983
vn -0.1416 0.4227 0.8951
vn 0.9991 0.0412 0.0047
vn 0.9994 0.0352 -0.0068
vn -0.1399 0.9901 0.0095
vn 0.9988 -0.0094 0.0472
vn 0.9996 -0.0239 -0.0152
vn 0.9997 0.0248 0.0022
vn 0.9996 -0.0082 -0.0274
vn 0.9994 -0.0344 -0.0012
vn -0.0148 0.6252 0.7803
vn -0.0648 -0.9719 0.2263
vn -0.0639 -0.9722 0.2253
vn 0.6768 0.3690 0.6370
vn 0.0860 0.0476 0.9952
vn -0.0222 0.0019 0.9998
vn 0.0018 0.0121 0.9999
vn 0.9984 -0.0523 -0.0222
vn 0.9998 -0.0169 -0.0056
vn 0.9993 0.0339 0.0183
vn 0.1063 0.0561 0.9928
vn 0.6325 0.0753 -0.7709
vn 0.4328 0.9015 0.0019
vn 0.0077 0.5725 -0.8199
vn 0.0022 0.5625 -0.8268
vn 0.0030 0.5640 -0.8258
vn -0.4302 -0.0415 -0.9018
vn 0.0006 -0.3675 -0.9300
vn 0.5170 0.8538 -0.0612
vn 0.0419 0.9990 -0.0162
vn 0.0296 0.9991 -0.0294
vn 0.0859 0.6048 -0.7918
vn -0.1018 -0.3171 -0.9429
vn 0.0564 0.9984 -0.0035
vn -0.0894 -0.6544 0.7508
vn 0.8558 0.4844 -0.1813
vn -0.0004 -0.0213 0.9998
vn -0.0016 0.3829 0.9238
vn 0.0005 0.3992 0.9169
vn -0.0073 0.3905 0.9206
vn -0.0106 0.3944 0.9189
vn 0.0241 0.9896 0.1420
vn 0.0902 0.9917 0.0921
vn 0.1787 0.9837 0.0209
vn 0.1217 0.9921 -0.0300
vn 0.1590 0.9871 -0.0165
vn 0.9969 0.0704 0.0355
vn 0.0340 0.7001 0.7133
vn 0.0371 0.6999 0.7133
vn 0.1285 0.9880 -0.0853
vn 0.9838 0.1789 0.0128
vn 0.9862 0.1647 0.0182
vn -0.3246 0.0113 0.9458
vn -0.3087 0.0093 0.9511
vn -0.3165 0.0131 0.9485
vn -0.3019 0.0120 0.9533
vn -0.0763 0.9958 -0.0499
vn 0.1071 0.2556 -0.9608
vn 0.1376 0.2247 -0.9647
vn 0.0823 0.2612 -0.9618
vn 0.1021 0.9944 -0.0280
vn 0.0005 0.9777 0.2100
vn -0.0250 0.9741 0.2249
vn -0.0399 0.9716 0.2334
vn 0.0415 -0.8751 0.4821
vn -0.3440 0.7511 0.5634
vn 0.1647 0.9863 -0.0052
vn 0.1336 0.9905 0.0323
vn -0.9494 0.2774 0.1470
vn 0.8233 0.5429 0.1656
vn 0.9392 0.3416 -0.0349
vn 0.9366 0.3480 -0.0410
vn 0.9171 0.3901 -0.0823
vn 0.9965 0.0823 0.0120
vn -0.1533 0.5067 -0.8484
vn 0.0010 0.1257 -0.9921
vn -0.0266 0.0518 -0.9983
vn 0.0281 0.1979 -0.9798
vn 0.2159 0.0914 -0.9721
vn -0.5974 -0.1056 -0.7950
vn -0.6027 -0.0994 -0.7918
vn -0.6073 -0.0940 -0.7889
vn 0.0169 0.9796 0.2004
vn 0.8457 -0.0897 -0.5262
vn 0.8583 -0.0751 -0.5076
vn 0.8326 -0.1040 -0.5441
vn -0.6073 -0.0939 -0.7889
vn -0.6146 -0.0851 -0.7842
vn 0.0228 -0.0189 0.9996
vn 0.0975 -0.1748 0.9798
vn -0.0042 -0.0442 0.9990
vn 0.8066 -0.1305 -0.5765
vn -0.0132 0.0232 0.9996
vn -0.0382 -0.0289 0.9989
vn -0.0901 0.3048 0.9481
vn -0.0766 0.3021 0.9502
vn -0.1261 0.3116 0.9418
vn -0.2239 -0.8796 -0.4197
vn -0.6128 -0.2774 0.7400
vn -0.1737 -0.2580 -0.9504
vn 0.7975 -0.2256 -0.5595
vn 0.6172 0.5952 0.5146
vn 0.7090 0.6882 0.1540
vn 0.0077 0.0228 -0.9997
vn 0.0080 0.0230 -0.9997
vn 0.0138 0.0288 -0.9995
vn 0.0787 -0.6446 0.7605
vn 0.0657 -0.5971 0.7995
vn 0.0843 -0.5128 0.8544
vn -0.2952 0.8758 -0.3818
vn -0.0185 -0.7230 0.6906
vn -0.0113 -0.7212 0.6926
vn -0.0175 -0.7228 0.6908
vn -1.0000 0.0081 -0.0014
vn -0.0040 0.4085 0.9128
vn -0.6617 0.0766 0.7459
vn 0.1758 0.9804 0.0891
vn 0.5950 -0.8032 0.0300
vn -0.6909 -0.0221 0.7226
vn 0.0968 0.9953 0.0013
vn 0.1065 0.9943 -0.0008
vn 0.0803 0.9968 0.0006
vn -0.0141 -0.2860 0.9581
vn 0.9766 0.2103 0.0458
vn 0.9818 0.1896 -0.0088
vn 0.9781 0.2054 0.0328
vn 0.0032 0.9973 0.0731
vn 0.1679 0.3463 0.9230
vn 0.1201 0.3968 0.9100
vn 0.0630 0.4538 0.8889
vn -0.0622 -0.7859 -0.6152
vn 0.0027 0.9654 -0.2606
vn 0.7857 -0.5637 -0.2546
vn -0.5644 0.8255 0.0055
vn -0.0373 -0.1369 0.9899
vn -0.0119 -0.1394 0.9902
vn -0.0018 -0.1404 0.9901
vn 0.0183 -0.1423 0.9897
vn 0.0939 -0.4883 0.8676
vn 0.0843 -0.5127 0.8544
vn 0.0018 0.0169 -0.9999
vn -0.5846 0.0334 -0.8106
vn -0.2566 0.0630 -0.9645
vn -0.7549 0.5611 -0.3396
vn -0.1114 0.1052 0.9882
vn 0.1681 0.9855 -0.0210
vn 0.2469 0.9641 -0.0976
vn 0.1647 0.9863 -0.0053
vn 0.0130 -0.9992 -0.0376
vn 0.0379 -0.0212 0.9991
vn 0.0223 -0.0617 0.9978
vn 0.0038 0.9993 -0.0366
vn 0.0029 0.0091 1.0000
vn -0.6905 -0.0135 -0.7232
vn -0.7786 0.5744 -0.2527
vn 0.9554 0.2952 0.0090
vn 0.9776 0.2101 0.0147
vn -0.0165 0.9998 0.0096
vn -0.0093 0.9999 0.0081
vn 0.1180 0.9915 -0.0544
vn 0.1515 0.9735 -0.1714
vn 0.9541 -0.2996 -0.0001
vn 0.9560 -0.2933 -0.0022
vn 0.5717 -0.0378 0.8196
vn 0.0802 0.1690 0.9823
vn -0.1112 -0.0888 0.9898
vn -0.4627 0.0385 0.8857
vn -0.6170 0.0871 -0.7821
vn 0.0250 -0.6763 -0.7362
vn -0.1516 0.3162 0.9365
vn 0.6284 -0.1022 -0.7711
vn 0.5882 -0.0510 -0.8071
vn 0.5450 -0.0000 -0.8385
vn 0.6232 -0.3613 0.6936
vn 0.1071 0.9818 -0.1566
vn 0.0781 0.9902 -0.1161
vn 0.1649 0.9574 -0.2371
vn -0.8642 0.4873 0.1253
vn -0.5108 -0.7665 0.3892
vn 0.4576 -0.8130 0.3601
vn -0.1275 0.9888 -0.0780
vn 0.2295 0.9050 -0.3583
vn 0.1681 0.9855 -0.0209
vn -0.0422 0.9990 -0.0125
vn -0.1245 0.9903 -0.0615
vn -0.0786 0.9959 -0.0442
vn 0.8230 0.1211 0.5550
vn 0.7931 0.0774 0.6041
vn 0.7801 0.0599 0.6227
vn 0.7403 0.0107 0.6722
vn 0.4331 0.9013 0.0043
vn 0.0917 0.8896 0.4475
vn -0.9026 0.1036 0.4178
vn -0.1309 -0.9598 -0.2483
vn 0.5449 0.0001 -0.8385
vn 0.5882 -0.0509 -0.8071
vn 0.5024 0.0473 -0.8633
vn 0.7551 -0.6516 0.0718
vn 0.0568 -0.1078 -0.9925
vn 0.0523 -0.0955 -0.9941
vn 0.0550 -0.1287 -0.9902
vn -0.1708 0.2415 0.9553
vn 0.5886 -0.6193 -0.5197
vn -0.9954 -0.0850 -0.0441
vn -0.2014 -0.5929 -0.7797
vn 0.1903 -0.2299 0.9544
vn 0.0094 0.9917 0.1283
vn -0.0422 0.9990 -0.0124
vn -0.0785 0.9959 -0.0442
vn 0.1606 -0.5240 0.8364
vn 0.2487 -0.0159 0.9684
vn 0.1316 -0.0360 0.9907
vn 0.1355 -0.0182 0.9906
vn 0.1138 0.0029 0.9935
vn 0.2470 -0.0102 0.9690
vn -0.0000 -1.0000 0.0001
vn 0.0148 0.9995 0.0292
vn 0.0428 0.9990 0.0117
vn 0.0251 0.9987 0.0451
vn -0.0101 0.0338 0.9994
vn 0.0005 0.2471 0.9690
vn 0.1257 0.1689 0.9776
vn 0.0394 0.0843 0.9957
vn 0.0244 0.1644 -0.9861
vn 0.3068 0.2549 -0.9170
vn 0.3213 -0.1533 -0.9345
vn 0.0342 0.0951 -0.9949
vn 0.0909 0.3426 -0.9351
vn 0.5610 -0.3827 0.7340
vn -0.0168 -0.7451 0.6668
vn 0.4062 0.8244 -0.3941
vn -0.1204 -0.3532 -0.9278
vn -0.1224 -0.3489 -0.9291
vn -0.2578 -0.3817 -0.8876
vn -0.1375 -0.1473 -0.9795
vn 0.9998 0.0176 0.0083
vn -0.1427 0.9467 -0.2888
vn 0.2925 0.9543 -0.0611
vn 0.2877 -0.9572 0.0312
vn -0.0720 -0.0907 0.9933
vn -0.7599 0.0760 -0.6456
vn 0.1328 0.5930 0.7942
vn 0.1929 0.6100 0.7686
vn 0.1674 0.6031 0.7799
vn 0.9967 -0.0102 0.0807
vn 0.9820 -0.0178 0.1879
vn 0.9894 -0.0146 0.1445
vn -0.1464 0.1682 0.9748
vn -0.0829 0.9936 0.0770
vn -0.0947 0.9517 0.2921
vn -0.0871 0.9856 0.1450
vn -0.4647 0.1393 0.8745
vn 0.0303 -0.0144 0.9994
vn -0.0304 -0.0051 0.9995
vn 0.0207 -0.0129 0.9997
vn -0.0814 0.0027 0.9967
vn 0.7689 -0.6039 -0.2098
vn 0.7562 -0.6540 0.0199
vn 0.7595 -0.6505 -0.0044
vn -0.0963 0.9395 0.3288
vn 0.9927 -0.0223 0.1185
vn 0.9955 -0.0121 0.0938
vn 0.9995 0.0143 0.0295
vn 0.1183 0.2938 0.9485
vn 0.7679 -0.5972 -0.2317
vn -0.0862 0.0076 0.9962
vn -0.0839 -0.0201 0.9963
vn -0.0694 0.0009 0.9976
vn -0.2827 0.9146 0.2892
vn 0.0327 0.8493 0.5269
vn -0.8958 -0.4439 0.0230
vn -0.0435 0.9990 -0.0035
vn -0.0665 0.9977 0.0119
vn 0.0059 0.9998 0.0190
vn -0.0792 -0.9079 0.4116
vn -0.0249 -0.7246 0.6887
vn 0.0430 0.9989 0.0202
vn 0.6569 0.7539 -0.0130
vn -0.9248 0.3200 0.2056
vn 0.0016 0.9956 0.0932
vn 0.0004 0.9662 0.2577
vn 0.1825 0.9820 0.0485
vn 0.2746 0.9565 0.0985
vn 0.1321 0.9816 0.1380
vn -0.0073 0.9944 0.1056
vn 0.8636 -0.0149 0.5040
vn 0.3157 0.0878 -0.9448
vn 0.3320 -0.0186 -0.9431
vn 0.1122 0.1799 0.9773
vn 0.9783 -0.0015 -0.2071
vn 0.0030 0.5640 -0.8257
vn 0.0087 0.5742 -0.8187
vn 0.0077 0.5725 -0.8198
vn 0.3476 0.0268 0.9372
vn -0.6570 -0.7530 -0.0382
vn -0.4594 -0.0140 0.8881
vn 0.9999 -0.0037 0.0128
vn 0.9649 0.2358 0.1155
vn 0.0195 0.2925 0.9561
vn 0.0208 0.2994 0.9539
vn 0.0203 0.2994 0.9539
vn -0.0424 0.9953 0.0871
vn -0.1485 0.9856 0.0814
vn -0.0574 0.9983 -0.0004
vn 0.0196 0.9994 0.0297
vn 0.1898 -0.5120 0.8377
vn 0.2304 0.9614 0.1503
vn 0.2295 0.9658 0.1207
vn 0.2318 0.9501 0.2089
vn -0.9098 0.0258 0.4141
vn 0.8198 0.5237 0.2316
vn -0.0197 0.9609 -0.2762
vn 0.0705 -0.1508 -0.9861
vn 0.2321 0.9442 0.2337
vn 0.1597 -0.8776 -0.4520
vn 0.1271 -0.2042 -0.9706
vn -0.4302 0.8730 0.2296
vn -0.1923 0.9470 -0.2573
vn -0.0076 0.9994 0.0324
vn 0.0047 0.9999 0.0130
vn -0.0608 0.9954 -0.0742
vn -0.9901 0.0954 0.1032
vn 0.0916 0.9913 0.0941
vn 0.1002 0.9948 -0.0159
vn 0.1034 0.9946 -0.0105
vn 0.6835 -0.0833 -0.7252
vn 0.0499 -0.9462 -0.3198
vn 0.2359 -0.9683 0.0823
vn -0.8003 -0.5581 0.2193
vn 0.0396 0.9954 0.0871
vn 0.0840 -0.7780 0.6226
vn 0.0116 0.9997 -0.0218
vn -0.1040 -0.7203 -0.6859
vn -0.1297 -0.8211 -0.5558
vn -0.1229 -0.7952 -0.5938
vn -0.0995 -0.7019 -0.7053
vn -0.2625 -0.8657 0.4262
vn -0.9613 0.1210 -0.2474
vn 0.4524 -0.2755 0.8482
vn 0.2506 0.9604 0.1215
vn 0.0350 -0.4545 0.8901
vn 0.5511 -0.0691 -0.8315
vn 0.6541 -0.0536 -0.7545
vn 0.6015 -0.0619 -0.7964
vn 0.7017 -0.0455 -0.7110
vn 0.1366 0.2614 -0.9555
vn 0.1029 0.1919 -0.9760
vn 0.0423 0.0839 -0.9956
vn -0.0766 -0.1782 -0.9810
vn 0.0248 -0.1133 -0.9932
vn -0.0847 -0.2256 -0.9705
vn 0.0141 0.9999 0.0037
vn 0.0220 0.9998 -0.0003
vn -0.1943 0.8129 -0.5490
vn 0.0544 -0.0457 -0.9975
vn 0.0248 -0.1133 -0.9933
vn -0.0765 -0.1781 -0.9810
vn 0.0320 0.9992 0.0252
vn -0.0735 -0.7732 -0.6299
vn -0.0879 -0.8245 -0.5590
vn -0.0608 -0.7248 -0.6863
vn -0.0740 0.3077 0.9486
vn -0.1762 0.9703 -0.1656
vn 0.0684 0.1726 -0.9826
vn 0.0909 0.1756 -0.9803
vn 0.0973 0.1764 -0.9795
vn 0.1889 0.1878 -0.9639
vn 0.9950 -0.0997 -0.0094
vn -0.7323 0.6582 -0.1748
vn 0.9684 0.1076 0.2251
vn 0.5760 -0.7031 0.4170
vn -0.3773 0.5403 0.7521
vn -0.3266 0.5622 0.7598
vn -0.3614 0.5474 0.7548
vn 0.0475 0.9989 -0.0037
vn 0.0520 0.9986 -0.0046
vn 0.2488 -0.0159 0.9684
vn 0.0397 0.9990 -0.0204
vn 0.7181 -0.2389 0.6536
vn 0.9973 -0.0087 0.0735
vn 0.0027 0.9648 0.2631
vn 0.0004 0.9997 -0.0234
vn -0.0034 0.7921 -0.6103
vn -0.0159 -0.0041 -0.9999
vn 0.0026 -0.0076 -1.0000
vn -0.0060 -0.0137 -0.9999
vn 0.0423 0.0838 -0.9956
vn 0.1029 0.1918 -0.9760
vn -0.3910 -0.9032 0.1770
vn 0.4218 -0.8362 -0.3505
vn 0.4719 -0.8279 -0.3031
vn 0.4539 -0.8314 -0.3206
vn 0.6124 0.6840 0.3964
vn -0.4930 -0.8699 0.0159
vn -0.0879 -0.8245 -0.5589
vn -0.0995 -0.8629 -0.4955
vn -0.5921 -0.1421 0.7932
vn 0.0722 0.9308 0.3584
vn 0.0229 0.9703 0.2410
vn 0.0475 0.9528 0.2998
vn -0.3897 0.7344 -0.5557
vn 0.0569 -0.9982 -0.0168
vn -0.0178 0.3467 0.9378
vn 0.0083 0.9887 0.1495
vn -0.0008 -0.3720 0.9282
vn -0.1654 0.0100 0.9862
vn -0.2002 -0.0032 0.9797
vn -0.1444 0.0179 0.9894
vn -0.1348 -0.1405 0.9809
vn 0.4251 0.8799 -0.2124
vn 0.3581 0.8999 -0.2488
vn 0.3488 0.9022 -0.2537
vn 0.3975 -0.8353 -0.3797
vn -0.4554 0.0306 0.8898
vn -0.2305 -0.4804 -0.8462
vn 0.1984 0.9794 0.0374
vn 0.3236 0.9457 0.0318
vn -0.2164 0.9763 0.0007
vn -0.2117 0.9773 -0.0000
vn -0.1812 0.9834 -0.0044
vn -0.7693 0.6388 0.0142
vn -0.5500 0.8342 -0.0388
vn 0.7194 0.0065 -0.6945
vn 0.1086 0.0723 0.9915
vn -0.0814 -0.3683 -0.9261
vn 0.0134 0.9993 0.0350
vn -0.9201 0.3339 -0.2048
vn -0.7797 -0.1670 0.6035
vn 0.9946 0.1041 0.0064
vn 0.3582 -0.8408 -0.4059
vn -0.5667 -0.3399 0.7505
vn -0.7728 0.4525 0.4450
vn 0.2254 0.9700 -0.0909
vn 0.4268 -0.8988 0.0998
vn -0.0108 -0.7645 -0.6445
vn 0.0177 -0.3192 0.9475
vn 0.2730 -0.0507 0.9607
vn -0.2927 0.6069 -0.7389
vn -0.1223 -0.3489 -0.9291
vn -0.0152 -0.3207 -0.9471
vn -0.0183 -0.2949 -0.9554
vn -0.0522 0.3064 0.9505
vn -0.1204 0.2462 0.9617
vn -0.0534 0.3053 0.9508
vn -0.2178 -0.0099 0.9760
vn -0.7520 0.3924 0.5296
vn -0.8684 -0.2026 0.4525
vn 0.2491 -0.6772 -0.6924
vn 0.6754 -0.7098 0.2003
vn 0.2541 0.7837 -0.5667
vn 0.8472 0.0946 0.5228
vn 0.5993 -0.0642 -0.7980
vn -0.3620 0.7547 0.5472
vn 0.4385 -0.8819 0.1730
vn 0.8273 -0.1579 -0.5391
vn 0.8958 -0.1372 -0.4227
vn 0.8911 -0.1389 -0.4321
vn 0.9202 -0.1274 -0.3701
vn 0.7254 0.3787 -0.5748
vn 0.8172 -0.0642 0.5727
vn -0.9956 0.0938 0.0009
vn -0.9905 0.1358 0.0226
vn -0.9938 0.1104 0.0094
vn -0.9365 0.0739 0.3428
vn 0.1321 0.1178 0.9842
vn 0.1255 0.1107 0.9859
vn 0.1110 0.0954 0.9892
vn 0.5981 -0.0073 -0.8014
vn 0.6037 -0.0047 -0.7972
vn 0.5995 -0.0058 -0.8004
vn -0.9938 0.1103 0.0094
vn -0.9976 0.0685 -0.0120
vn 0.1255 0.1108 0.9859
vn 0.1033 0.0873 0.9908
vn -0.8791 -0.0294 0.4758
vn -0.8689 -0.1139 0.4816
vn -0.8807 -0.0070 0.4736
vn 0.6083 -0.0078 -0.7937
vn 0.4128 -0.0494 0.9095
vn 0.6099 -0.0097 -0.7924
vn -0.8828 0.0698 0.4645
vn 0.0524 -0.1381 -0.9890
vn -0.1989 -0.0870 0.9761
vn -0.0378 -0.0890 0.9953
vn -0.0892 -0.0886 0.9921
vn -0.0377 -0.0890 0.9953
vn 0.0367 -0.0891 0.9953
vn 0.2834 0.9152 -0.2864
vn 0.0902 0.6893 -0.7188
vn 0.0653 0.7219 -0.6889
vn 0.0690 0.7503 -0.6575
vn 0.0205 0.9952 0.0954
vn 0.0854 -0.1342 0.9873
vn 0.9958 0.0169 0.0901
vn 0.9994 0.0132 -0.0327
vn -0.0905 0.5475 -0.8319
vn -0.1149 0.5137 -0.8502
vn -0.1328 0.4881 -0.8626
vn 0.7139 -0.4607 0.5273
vn -0.0131 0.8883 -0.4591
vn -0.1067 -0.9361 -0.3351
vn -0.0064 0.9994 0.0335
vn 0.0863 0.9887 0.1228
vn 0.0866 0.9892 0.1184
vn 0.7081 0.5932 -0.3831
vn 0.5998 0.0587 -0.7980
vn -0.5693 -0.5268 -0.6312
vn 0.0485 0.7943 -0.6056
vn 0.9736 -0.0723 0.2166
vn 0.7250 0.1198 0.6782
vn -0.6923 0.7216 -0.0070
vn 0.5904 0.7589 0.2750
vn 0.0133 0.9351 0.3540
vn -0.0199 0.9111 0.4117
vn -0.0086 0.9495 0.3136
vn -0.0842 0.9926 0.0876
vn -0.9980 -0.0624 0.0044
vn 0.2174 0.7738 -0.5949
vn 0.6389 0.2036 0.7419
vn -0.5593 0.6399 -0.5270
vn 0.9802 0.1816 -0.0783
vn 0.0219 0.0136 -0.9997
vn -0.0875 0.1027 -0.9909
vn 0.0076 0.0253 -0.9997
vn -0.0000 1.0000 -0.0020
vn -0.0085 1.0000 0.0045
vn -0.0122 0.9999 0.0036
vn -0.0340 0.9417 0.3347
vn -0.0412 0.2755 -0.9604
vn 0.1117 0.9424 0.3152
vn 0.8068 0.4927 0.3261
vn 0.6256 0.7762 0.0789
vn 0.9811 0.0743 0.1789
vn 0.6722 -0.5022 -0.5439
vn 0.2137 -0.8439 0.4921
vn 0.6965 -0.0215 -0.7172
vn 0.9558 0.0148 0.2937
vn 0.2694 0.4909 -0.8285
vn 0.5607 0.8275 -0.0287
vn 0.9791 0.2021 0.0236
vn 0.9601 0.2796 -0.0047
vn 0.0380 0.8709 -0.4900
vn 0.9764 0.0140 -0.2155
vn 0.1043 0.5841 0.8050
vn -0.6965 0.0214 0.7172
vn 0.3375 0.4235 0.8407
vn -0.3871 0.5634 0.7299
vn -0.1328 -0.3475 0.9282
vn 0.2581 0.0055 -0.9661
vn 0.2456 0.0079 -0.9693
vn 0.2419 0.0104 -0.9703
vn -0.0086 0.9496 0.3134
vn 0.0035 0.9201 0.3917
vn -0.0156 0.9354 0.3533
vn -0.0046 0.9958 -0.0913
vn -0.1591 0.4490 -0.8792
vn -0.6243 0.3144 0.7151
vn 0.9219 0.0269 -0.3865
vn 0.9469 0.3212 -0.0163
vn 0.9641 0.2653 -0.0066
vn 0.9589 0.2834 -0.0110
vn -0.2857 -0.7147 -0.6385
vn -0.3011 -0.7165 -0.6293
vn 0.0083 0.3573 0.9339
vn -0.0092 0.9999 0.0039
vn 0.0897 0.9884 0.1225
vn 0.0925 0.9794 0.1796
vn 0.0831 0.9965 0.0040
vn 0.4597 0.0080 0.8880
vn -0.1800 -0.9292 0.3228
vn 0.1791 0.9308 -0.3186
vn -0.3150 0.5669 0.7612
vn 0.6642 0.0768 0.7436
vn 0.6400 0.1767 -0.7477
vn 0.6964 0.0221 0.7173
vn 0.0420 -0.8298 0.5565
vn 0.0559 -0.8347 0.5478
vn 0.0664 -0.9083 0.4130
vn -0.0404 -0.0721 0.9966
vn 0.0045 0.0396 0.9992
vn 0.2808 0.0034 -0.9597
vn 0.8795 -0.0193 -0.4755
vn 0.0086 0.5048 0.8632
vn 0.9932 -0.0160 -0.1152
vn 0.0153 -0.5875 -0.8091
vn 0.0029 -0.5692 -0.8222
vn 0.0106 -0.5806 -0.8141
vn -0.2521 0.5336 -0.8073
vn -0.9910 -0.0589 0.1203
vn -0.9840 -0.0643 0.1660
vn -0.9855 -0.0747 0.1522
vn -0.1896 -0.1907 -0.9632
vn -0.1438 0.4588 -0.8768
vn -0.2163 0.4886 -0.8453
vn 0.0617 0.8600 0.5065
vn -0.1546 0.9839 0.0891
vn -0.1203 -0.3532 -0.9278
vn 0.0086 0.9976 -0.0686
vn -0.0046 0.4503 0.8929
vn 0.0087 0.9699 0.2435
vn 0.0166 0.9623 0.2716
vn 0.0271 0.9509 0.3085
vn 0.0271 0.9508 0.3085
vn 0.0304 0.9470 0.3199
vn -0.1496 0.4195 0.8953
vn 0.0801 0.9959 -0.0430
vn 0.0831 0.9965 0.0039
vn -0.9636 -0.2668 0.0165
vn 0.7824 0.2122 -0.5855
vn 0.9602 0.2792 -0.0046
vn -0.1781 0.9840 -0.0048
vn -0.9494 0.2716 0.1576
vn 0.0330 -0.8228 0.5673
vn -0.1540 -0.1686 0.9736
vn -0.0671 -0.1790 0.9816
vn -0.1306 -0.1548 0.9793
vn -0.0201 0.0433 0.9989
vn -0.0335 -0.9979 -0.0561
vn 0.0104 -0.9549 0.2967
vn -0.7017 0.6745 -0.2296
vn -0.5765 0.8071 -0.1275
vn -0.6686 0.7159 -0.2011
vn 0.0755 0.9877 0.1371
vn -0.0093 0.9999 0.0103
vn -0.0046 0.9958 -0.0912
vn 0.0161 0.9509 0.3091
vn -0.0463 0.9545 0.2945
vn -0.0008 0.9523 0.3053
vn -0.3004 -0.1877 -0.9351
vn -0.5350 0.8410 0.0800
vn 0.4224 0.0255 0.9061
vn 0.9835 -0.1706 -0.0603
vn 0.9727 -0.1960 -0.1244
vn 0.9782 -0.1847 -0.0955
vn 0.6991 0.4446 0.5599
vn -0.0962 -0.9529 0.2876
vn 0.1002 0.9611 -0.2574
vn 0.0682 0.9362 -0.3447
vn 0.0708 0.9570 -0.2814
vn -0.9518 -0.1225 0.2812
vn -0.7363 -0.6763 0.0221
vn 0.9984 0.0552 0.0097
vn 0.9996 0.0267 -0.0008
vn 0.0506 -0.8307 0.5544
vn 0.0527 -0.8158 0.5760
vn -0.5486 0.8293 -0.1065
vn -0.6686 0.7160 -0.2011
vn -0.5764 0.8072 -0.1274
vn 0.0045 0.3374 -0.9414
vn -0.0120 0.9949 -0.1005
vn 0.0631 0.2963 0.9530
vn -0.0411 0.2899 0.9562
vn 0.0534 0.2958 0.9538
vn -0.0005 -0.5641 -0.8257
vn 0.9621 -0.2135 -0.1695
vn 0.9782 -0.1846 -0.0955
vn 0.5661 0.8110 0.1478
vn -0.6199 -0.5207 0.5871
vn 0.0723 0.9307 0.3585
vn 0.0475 0.9528 0.2999
vn 0.0854 0.9172 0.3891
vn 0.9966 -0.0324 0.0755
vn 0.9960 -0.0337 0.0828
vn 0.9908 -0.0422 0.1290
vn 0.0108 0.1044 0.9945
vn -0.7441 0.2992 0.5974
vn -0.6802 0.3380 0.6504
vn -0.7619 0.2871 0.5806
vn -0.8691 -0.1252 -0.4786
vn -0.1634 -0.9864 -0.0156
vn 0.0923 -0.1252 0.9878
vn -0.9946 -0.0021 0.1035
vn -0.9978 0.0198 0.0635
vn -0.9926 0.0157 0.1204
vn 0.2491 0.9326 -0.2613
vn 0.0340 0.0300 0.9990
vn 0.0803 0.0553 0.9952
vn -0.0080 0.0484 0.9988
vn 0.2137 0.4087 -0.8873
vn 0.4037 0.7541 -0.5181
vn -0.0071 0.0395 0.9992
vn 0.1115 0.0622 0.9918
vn -0.9357 -0.0721 0.3453
vn 0.0098 -0.8028 -0.5962
vn 0.3048 0.7819 -0.5438
vn 0.0546 -0.1330 -0.9896
vn -0.0466 -0.0520 -0.9976
vn 0.0009 -0.1671 -0.9859
vn -0.0254 -0.0412 -0.9988
vn -0.2005 0.4942 -0.8459
vn 0.1036 -0.0533 -0.9932
vn 0.0077 0.0252 -0.9997
vn -0.0232 -0.1764 -0.9841
vn -0.8315 0.2333 0.5041
vn -0.4302 0.2490 -0.8677
vn -0.6017 0.6961 -0.3916
vn 0.2248 0.8921 -0.3918
vn 0.5520 0.2920 -0.7811
vn 0.0667 0.9977 -0.0085
vn 0.0675 0.9977 -0.0087
vn 0.6727 -0.2497 0.6965
vn 0.0082 0.0193 0.9998
vn 0.0299 0.9678 0.2501
vn 0.0133 0.9352 0.3539
vn -0.4669 -0.5936 -0.6555
vn 0.6152 0.4651 -0.6365
vn 0.7269 0.6867 0.0074
vn 0.7182 0.6958 -0.0127
vn 0.7410 0.6714 -0.0137
vn 0.9435 0.1339 0.3031
vn -0.0116 0.9983 -0.0578
vn 0.9557 0.2924 0.0339
vn 0.0484 -0.9986 -0.0202
vn 0.0635 -0.9968 -0.0486
vn 0.0718 -0.0952 -0.9929
vn 0.5296 0.0396 -0.8473
vn 0.7940 0.0434 -0.6064
vn -0.6734 -0.4854 -0.5577
vn -0.1673 -0.7027 0.6915
vn -0.1668 -0.6899 0.7045
vn -0.1660 -0.6737 0.7201
vn -0.5170 -0.1359 0.8451
vn -0.4911 -0.2068 0.8462
vn -0.5151 -0.1413 0.8454
vn -0.4304 -0.5218 0.7366
vn 0.1835 0.9789 -0.0898
vn 0.0259 -0.0293 -0.9992
vn 0.0264 -0.0187 -0.9995
vn 0.0479 -0.0103 -0.9988
vn 0.0309 -0.0356 -0.9989
vn -0.0005 -0.1028 0.9947
vn 0.4724 -0.0141 0.8813
vn 0.1067 0.1696 0.9797
vn 0.0598 0.1479 0.9872
vn 0.0397 0.1268 0.9911
vn -0.0007 0.9743 0.2252
vn 0.2219 0.0014 -0.9751
vn -0.2669 -0.5621 0.7828
vn -0.2673 -0.5470 0.7933
vn -0.2678 -0.4547 0.8494
vn -0.2678 -0.4546 0.8495
vn -0.2673 -0.5469 0.7934
vn -0.2677 -0.4432 0.8555
vn 0.0117 -0.5880 -0.8088
vn 0.0114 0.0172 0.9998
vn 0.0804 0.0553 0.9952
vn 0.1138 0.0920 0.9892
vn 0.0376 -0.0838 -0.9958
vn 0.0689 0.1071 -0.9919
vn 0.0603 0.0818 -0.9948
vn -0.2913 -0.1692 0.9416
vn -0.3159 -0.1183 0.9414
vn -0.3158 -0.1185 0.9414
vn 0.4147 0.6490 0.6378
vn 0.3533 0.8002 -0.4847
vn 0.7400 0.6724 -0.0156
vn -0.3073 0.8679 -0.3902
vn 0.6974 0.7165 -0.0182
vn 0.6527 0.7575 -0.0113
vn -0.0041 0.9827 -0.1852
vn 0.1084 -0.0021 -0.9941
vn 0.0688 0.1856 -0.9802
vn 0.0465 0.1283 -0.9906
vn 0.0780 0.2093 -0.9747
vn -0.1876 0.2590 -0.9475
vn 0.1008 0.3569 0.9287
vn 0.0572 0.3684 0.9279
vn 0.1164 0.3526 0.9285
vn -0.3604 0.1625 0.9185
vn 0.0385 0.9993 0.0013
vn 0.0439 0.9990 0.0023
vn -0.0001 1.0000 -0.0058
vn 0.7087 0.5256 0.4706
vn 0.4607 -0.8718 0.1668
vn 0.4191 -0.8946 0.1550
vn 0.3324 -0.9341 0.1301
vn 0.2885 -0.9503 0.1173
vn 0.5946 -0.3317 0.7324
vn -0.3374 0.8874 0.3141
vn -0.5368 -0.0747 0.8404
vn 0.3288 0.3569 0.8744
vn 0.3432 0.3358 0.8772
vn 0.3482 0.3283 0.8780
vn 0.3671 0.2995 0.8806
vn -0.4632 0.8841 -0.0615
vn -0.4830 0.8728 -0.0700
vn -0.3613 0.9324 -0.0056
vn 0.9992 0.0391 -0.0025
vn 0.1575 -0.9865 -0.0456
vn -0.0012 0.9510 0.3091
vn -0.5361 -0.0009 0.8441
vn -0.6626 -0.2483 0.7066
vn 0.1860 0.1825 0.9654
vn 0.9791 -0.2027 -0.0177
vn -0.4567 -0.8847 -0.0933
vn 0.2690 0.8104 -0.5206
vn 0.7495 -0.1206 -0.6509
vn 0.0565 0.9982 -0.0206
vn 0.0803 0.9968 0.0005
vn 0.0001 -1.0000 0.0001
vn 0.0252 0.9987 0.0451
vn 0.0204 0.9952 0.0955
vn -0.0041 0.9887 0.1496
vn -0.0007 -0.1012 0.9949
vn -0.0169 -0.2285 0.9734
vn -0.0188 -0.2430 0.9699
vn 0.5578 0.8140 -0.1624
vn -0.8356 -0.4254 -0.3477
vn -0.0645 0.9974 0.0322
vn -0.5279 0.8492 -0.0146
vn 0.5694 -0.4311 0.7000
vn 0.2981 0.3790 0.8761
vn 0.2920 0.3846 0.8757
vn 0.3378 0.3412 0.8772
vn 0.7293 0.6608 -0.1773
vn -0.5917 0.4023 0.6986
vn 0.2582 0.4151 0.8724
vn -0.0716 0.9910 0.1134
vn -0.0349 0.9887 -0.1457
vn 0.7811 0.1894 0.5950
vn -0.7914 0.2983 0.5336
vn 0.5544 0.5569 0.6184
vn 0.5366 0.5589 0.6323
vn 0.5485 0.5576 0.6230
vn 0.5285 0.5596 0.6384
vn 0.8529 0.4567 -0.2529
vn 0.7864 0.5543 -0.2725
vn 0.8259 0.4994 -0.2618
vn -0.3057 0.5156 -0.8005
vn -0.3534 -0.0355 0.9348
vn 0.5706 -0.3057 0.7622
vn 0.2079 0.9769 0.0494
vn -0.6976 -0.6688 -0.2570
vn -0.7512 0.2134 0.6246
vn -0.1842 -0.3883 -0.9029
vn 0.5895 0.7645 0.2607
vn 0.0275 -0.8476 -0.5299
vn 0.3475 0.8937 0.2840
vn 0.0373 0.1047 -0.9938
vn 0.0465 0.1282 -0.9907
vn 0.0887 -0.1989 -0.9760
vn 0.0548 -0.1330 -0.9896
vn 0.0010 -0.1671 -0.9859
vn -0.2261 0.1163 -0.9671
vn 0.7474 0.3946 -0.5345
vn 0.7771 0.3448 -0.5264
vn 0.7593 0.3753 -0.5316
vn 0.0271 -0.2267 -0.9736
vn -0.0156 -0.7739 0.6331
vn -0.0060 -0.7504 0.6610
vn -0.0252 -0.7962 0.6046
vn 0.7243 0.4298 -0.5392
vn -0.0341 -0.8159 0.5772
vn -0.0247 0.8778 0.4784
vn 0.1132 -0.5528 0.8256
vn -0.0729 0.1007 0.9922
vn -0.0602 0.0696 0.9958
vn -0.0682 0.0893 0.9937
vn 0.1863 0.9455 -0.2669
vn 0.0224 0.6443 -0.7645
vn 0.1424 0.3451 0.9277
vn -0.6694 -0.7286 0.1452
vn -0.6672 -0.7270 0.1624
vn -0.5804 -0.8082 0.0996
vn -0.3716 -0.6441 -0.6686
vn -0.1217 -0.6557 0.7452
vn -0.3794 -0.2559 -0.8891
vn -0.0683 0.0893 0.9937
vn -0.0780 0.1131 0.9905
vn 0.2705 0.9601 0.0707
vn 0.7093 0.3568 0.6079
vn 0.7391 0.3230 0.5911
vn 0.6506 0.4166 0.6350
vn -0.1583 0.1997 0.9670
vn -0.3479 -0.9303 -0.1166
vn -0.0775 -0.9643 -0.2533
vn 0.9726 0.2233 0.0651
vn -0.7074 -0.6788 0.1968
vn -0.8492 -0.4418 -0.2894
vn -0.6810 -0.7020 0.2084
vn 0.2722 -0.0007 0.9622
vn 0.5957 0.4657 0.6544
vn 0.7093 0.3569 0.6079
vn 0.6505 0.4166 0.6350
vn -0.7217 -0.1884 0.6660
vn 0.4708 -0.3379 0.8150
vn -0.9911 -0.0504 0.1232
vn 0.3147 0.9091 -0.2727
vn 0.3158 0.9330 -0.1723
vn 0.3139 0.9009 -0.2998
vn -0.0417 -0.5576 -0.8291
vn 0.9927 0.1195 -0.0165
vn 0.2022 -0.0349 0.9787
vn 0.9934 -0.0080 0.1148
vn 0.1045 0.6153 -0.7814
vn 0.0799 0.5785 -0.8117
vn 0.0335 0.5057 -0.8621
vn -0.5306 -0.7577 -0.3799
vn -0.5370 -0.7510 -0.3842
vn -0.6040 -0.6709 -0.4302
vn 0.7617 -0.1895 0.6196
vn -0.8224 -0.5188 -0.2334
vn 0.5359 -0.8120 -0.2313
vn 0.6648 0.5122 0.5437
vn 0.0335 0.5056 -0.8621
vn 0.0799 0.5785 -0.8118
vn 0.0100 0.4671 -0.8842
vn -0.0367 -0.1415 -0.9893
vn 0.0418 -0.3987 0.9161
vn -0.6522 -0.7552 -0.0658
vn 0.0405 -0.9815 0.1873
vn 0.0281 -0.0651 -0.9975
vn -0.2867 -0.1878 -0.9394
vn -0.0401 -0.8616 0.5059
vn -0.1764 -0.8307 0.5280
vn -0.1057 -0.8489 0.5178
vn 0.0097 0.9999 0.0031
vn -0.0890 -0.8436 -0.5295
vn -0.0083 0.9982 -0.0590
vn 0.9432 0.0187 -0.3317
vn 0.9978 -0.0202 0.0638
vn 0.9972 -0.0286 0.0691
vn 0.9983 -0.0230 0.0532
vn -0.1286 -0.9701 0.2060
vn 0.0287 0.9876 -0.1544
vn -0.8872 -0.1763 -0.4264
vn 0.6493 0.1137 -0.7520
vn 0.8113 0.0701 0.5804
vn 0.2587 -0.1418 0.9555
vn 0.3895 -0.0227 -0.9207
vn 0.5053 -0.1058 -0.8564
vn 0.4806 -0.0875 -0.8726
vn -0.9802 0.1960 0.0272
vn -0.9376 -0.0571 0.3430
vn 0.3586 -0.0015 -0.9335
vn -0.2547 0.1156 -0.9601
vn 0.7525 0.3610 0.5508
vn -0.3453 -0.2144 0.9137
vn 0.9787 0.1467 0.1434
vn -0.4846 0.7997 0.3545
vn 0.4044 -0.0061 -0.9146
vn 0.6290 0.1112 -0.7694
vn 0.6299 0.1048 -0.7696
vn 0.6306 0.1001 -0.7696
vn -0.6656 0.0829 0.7417
vn -0.6844 0.0720 0.7256
vn -0.7101 0.0928 0.6980
vn -0.7281 0.6780 0.1013
vn 0.4746 -0.8794 0.0379
vn 0.4425 -0.8966 -0.0149
vn 0.4574 -0.8892 0.0092
vn 0.2094 -0.9715 0.1109
vn -0.4343 -0.6003 0.6716
vn -0.9927 -0.0641 -0.1019
vn -0.9984 -0.0202 -0.0524
vn -0.9969 -0.0762 -0.0200
vn 0.7063 -0.4154 -0.5732
vn -0.7930 0.2011 0.5751
vn 0.9366 -0.1694 -0.3067
vn 0.9419 -0.1999 -0.2699
vn 0.9343 -0.1591 -0.3189
vn -0.4855 -0.1327 0.8641
vn -0.6622 -0.7485 -0.0365
vn -0.5822 -0.3435 0.7369
vn -0.2571 -0.8343 0.4876
vn -0.3763 -0.9211 -0.0996
vn -0.4732 0.5709 -0.6709
vn -0.4604 0.5417 -0.7033
vn -0.4678 0.5584 -0.6851
vn -0.4678 0.5585 -0.6851
vn -0.4549 0.5295 -0.7160
vn -0.3559 0.8967 -0.2631
vn -0.4966 0.0065 -0.8679
vn 0.0160 0.3650 0.9309
vn -0.6455 0.7118 0.2769
vn 0.1608 -0.7789 -0.6062
vn -0.7248 -0.3473 -0.5950
vn 0.2510 -0.1074 0.9620
vn 0.1998 -0.8106 0.5504
vn 0.4347 -0.8826 0.1793
vn 0.4358 -0.8822 0.1786
vn 0.4258 -0.8858 0.1845
vn -0.0925 -0.3251 -0.9411
vn 0.4471 -0.8778 0.1717
vn 0.4727 -0.8359 -0.2790
vn -0.9959 -0.0224 -0.0881
vn -0.9960 -0.0148 -0.0877
vn -0.9950 -0.0435 -0.0894
vn -0.3636 0.3469 0.8646
vn 0.3844 -0.4204 0.8219
vn 0.3958 -0.4185 0.8175
vn 0.4013 -0.4175 0.8152
vn -0.9962 0.0162 -0.0857
vn 0.2969 0.8463 0.4422
vn 0.5623 0.6977 -0.4438
vn 0.4271 -0.4127 0.8045
vn 0.4014 -0.4175 0.8152
vn 0.8907 -0.3233 -0.3197
vn 0.8574 -0.2673 -0.4398
vn 0.8870 -0.3402 -0.3123
vn 0.7974 0.6032 0.0175
vn 0.6954 0.6220 0.3599
vn 0.2205 0.0674 -0.9731
vn 0.8066 0.0519 0.5888
vn 0.7797 0.0131 0.6260
vn 0.8250 0.0812 0.5593
vn 0.9250 -0.1241 -0.3592
vn -0.7058 -0.6784 0.2038
vn 0.3264 0.9252 -0.1936
vn 0.3998 -0.8984 0.1818
vn 0.9920 0.0429 0.1183
vn 0.7510 -0.5413 0.3780
vn 0.7470 -0.5450 0.3808
vn 0.7144 -0.4761 0.5128
vn 0.9004 -0.3649 -0.2368
vn 0.7567 -0.5690 0.3219
vn 0.7483 -0.5760 0.3292
vn 0.9092 -0.3257 -0.2593
vn 0.8907 -0.3233 -0.3196
vn 0.8399 0.1071 0.5321
vn -0.1964 -0.9661 -0.1679
vn 0.2654 0.4708 0.8414
vn -0.3473 0.1955 0.9171
vn 0.5187 0.1327 -0.8446
vn 0.6179 0.1365 -0.7743
vn 0.7253 0.0652 -0.6854
vn -0.9620 0.2468 0.1170
vn -0.5387 -0.6364 -0.5521
vn 0.9875 -0.0722 0.1403
vn -0.8629 -0.3843 -0.3281
vn 0.1168 0.7925 0.5986
vn -0.0312 -0.7691 -0.6384
vn 0.2641 0.3825 0.8854
vn 0.1559 0.4956 0.8545
vn 0.1533 0.4981 0.8535
vn 0.3025 -0.7595 -0.5759
vn -0.7218 0.4038 -0.5621
vn 0.1560 0.4955 0.8545
vn 0.2691 0.3769 0.8863
vn -0.1637 -0.4267 -0.8895
vn 0.0696 0.5039 0.8609
vn -0.6711 -0.1200 -0.7316
vn -0.7902 0.1771 -0.5867
vn 0.7195 -0.3679 0.5890
vn 0.3967 0.9032 0.1641
vn -0.4934 -0.8364 -0.2390
vn 0.1767 -0.9596 0.2189
vn 0.1139 0.9919 -0.0568
vn 0.4915 0.6473 -0.5827
vn 0.8256 0.3896 -0.4082
vn 0.8177 0.4005 -0.4134
vn 0.8003 0.4298 -0.4181
vn 0.7879 -0.0018 -0.6158
vn 0.2517 0.4895 -0.8349
vn 0.2414 0.4952 -0.8346
vn 0.3146 0.4526 -0.8344
vn -0.0362 0.9892 0.1421
vn 0.1654 0.5348 -0.8286
vn 0.1089 0.9879 -0.1104
vn 0.7949 0.4382 -0.4196
vn 0.6320 0.6956 -0.3416
vn 0.5947 0.7371 -0.3210
vn 0.5481 0.7826 -0.2953
vn 0.4100 0.5156 -0.7524
vn 0.4376 0.1417 -0.8880
vn 0.7904 0.4456 -0.4203
vn 0.7840 -0.0929 -0.6137
vn 0.2979 0.9476 0.1149
vn -0.5248 0.1884 0.8301
vn 0.6252 -0.1646 -0.7629
vn 0.3509 0.7970 -0.4916
vn 0.6743 0.7355 0.0656
vn 0.5414 0.7885 -0.2916
vn 0.3397 -0.2842 -0.8966
vn -0.3521 0.7447 0.5669
vn 0.8299 -0.2647 0.4911
vn -0.4877 0.8179 -0.3053
vn -0.0495 -0.9978 0.0443
vn 0.4574 -0.8892 0.0004
vn 0.5674 0.8200 0.0757
vn 0.3503 -0.2440 0.9043
vn -0.9384 0.2806 0.2016
vn -0.9338 0.1992 0.2973
vn -0.9251 0.1537 0.3472
vn 0.2636 -0.8212 0.5061
vn 0.2026 0.4862 0.8500
vn -0.2540 -0.7893 -0.5591
vn -0.2521 -0.7846 -0.5665
vn -0.2604 -0.8050 -0.5331
vn -0.6419 0.0737 -0.7633
vn -0.2653 -0.8168 -0.5123
vn -0.5882 0.2480 0.7698
vn -0.6211 0.2241 0.7510
vn -0.6206 0.0281 0.7836
vn -0.8260 -0.5380 -0.1681
vn -0.4068 -0.8557 0.3200
vn -0.0828 -0.3381 0.9375
vn -0.6872 0.0810 0.7219
vn -0.1989 -0.7179 0.6671
vn -0.2117 -0.7201 0.6608
vn -0.1477 -0.7385 0.6579
vn -0.9251 0.1536 0.3473
vn -0.9338 0.1991 0.2974
vn -0.9131 0.1106 0.3924
vn -0.3494 0.0390 0.9361
vn -0.3097 0.0369 0.9501
vn -0.3010 0.0364 0.9529
vn -0.8685 -0.2927 0.4000
vn -0.8018 -0.3390 0.4921
vn -0.8219 -0.3264 0.4668
vn -0.6013 -0.7652 0.2299
vn -0.5519 -0.7784 0.2991
vn -0.5772 -0.7725 0.2647
vn -0.2389 0.0330 0.9705
vn -0.8023 -0.5742 0.1634
vn -0.6240 -0.7566 0.1953
vn -0.1378 -0.7355 0.6633
vn -0.6030 -0.1335 0.7865
vn -0.8219 -0.3265 0.4669
vn -0.7334 -0.3755 0.5667
vn -0.5072 -0.2083 0.8363
vn -0.6206 0.0280 0.7836
vn -0.6029 -0.1336 0.7865
vn -0.7365 -0.4147 -0.5344
vn -0.1515 0.9200 0.3615
vn -0.0420 -0.7786 0.6261
vn 0.9861 0.0333 0.1628
vn 0.9803 0.0568 0.1890
vn 0.9933 -0.0092 0.1151
vn -0.8171 0.0701 0.5723
vn -0.4593 0.2692 0.8465
vn 0.9958 -0.0878 0.0252
vn 0.9933 -0.0092 0.1150
vn 0.5103 0.0297 -0.8595
vn 0.1742 -0.0906 -0.9805
vn -0.6083 -0.2719 -0.7457
vn 0.7275 -0.0147 -0.6859
vn 0.2728 0.2223 -0.9360
vn 0.5081 -0.8559 0.0966
vn -0.5564 -0.2028 -0.8058
vn -0.7306 0.0652 0.6797
vn -0.9931 0.0269 -0.1142
vn -0.1086 0.9559 0.2730
vn 0.0958 -0.8809 -0.4636
vn 0.0665 0.0880 -0.9939
vn 0.0394 0.0634 -0.9972
vn 0.1164 0.1333 -0.9842
vn -0.0177 -0.9996 0.0216
vn 0.3691 0.8991 0.2354
vn -0.2424 0.9069 0.3445
vn 0.1207 -0.5025 0.8561
vn 0.6306 0.1000 -0.7696
vn 0.6316 0.0926 -0.7698
vn -0.9828 0.1359 -0.1250
vn 0.0943 -0.9947 0.0398
vn -0.0328 -0.9994 -0.0139
vn -0.9929 -0.0785 0.0898
vn -0.7900 0.1860 0.5842
vn -0.3034 0.0345 -0.9522
vn -0.2670 0.0159 -0.9636
vn -0.2268 -0.0043 -0.9739
vn -0.7103 0.1349 0.6908
vn -0.0613 -0.9733 -0.2212
vn 0.0328 -0.9740 -0.2242
vn 0.0356 -0.9739 -0.2243
vn 0.0771 -0.9713 -0.2249
vn -0.1953 -0.0200 -0.9805
vn 0.1420 0.1564 -0.9774
vn -0.9898 -0.0795 -0.1183
vn -0.7647 0.1042 -0.6359
vn -0.9289 -0.3668 -0.0504
vn -0.9931 0.0268 -0.1142
vn -0.0786 -0.3192 -0.9444
vn -0.0596 -0.8035 -0.5923
vn 0.2019 -0.8683 -0.4531
vn -0.2642 -0.9645 0.0054
vn -0.5718 -0.8155 -0.0892
vn -0.7181 -0.6929 0.0648
vn -0.2978 -0.9545 0.0149
vn -0.0178 -0.9996 0.0216
vn -0.2642 -0.9644 0.0054
vn -0.9570 -0.0840 0.2778
vn -0.9355 -0.0513 0.3495
vn -0.9488 -0.0704 0.3079
vn 0.6792 0.1278 -0.7227
vn 0.6606 0.1439 -0.7368
vn 0.6854 0.1223 -0.7179
vn 0.9982 0.0512 -0.0320
vn 0.9927 -0.0616 0.1042
vn 0.9973 -0.0310 0.0673
vn 0.6409 0.1180 0.7585
vn 0.6527 0.1506 -0.7425
vn -0.9570 -0.0840 0.2777
vn -0.9650 -0.0995 0.2427
vn -0.8176 0.3427 0.4627
vn -0.4000 -0.0849 0.9126
vn 0.9973 -0.0310 0.0672
vn 0.9950 0.0770 -0.0633
vn 0.9982 0.0513 -0.0321
vn -0.7824 -0.0623 -0.6197
vn -0.7973 -0.1610 -0.5817
vn -0.7770 -0.0364 -0.6284
vn -0.1593 -0.0097 0.9872
vn -0.7515 0.0608 -0.6569
vn 0.0170 0.9986 0.0506
vn 0.0205 0.9995 0.0256
vn 0.0266 0.9995 0.0193
vn -0.6912 -0.4708 0.5483
vn 0.5310 0.2280 -0.8162
vn 0.5049 0.2069 -0.8380
vn 0.4748 0.1829 -0.8609
vn 0.4555 0.8750 0.1638
vn 0.0487 -0.1093 -0.9928
vn -0.0614 -0.0661 -0.9959
vn 0.0891 -0.1249 -0.9882
vn -0.9917 -0.0608 -0.1130
vn 0.0003 -0.1039 0.9946
vn -0.9980 0.0127 0.0617
vn -0.9943 -0.0133 0.1060
vn -0.0384 0.0603 0.9974
vn 0.9958 0.0169 0.0900
vn 0.9977 0.0675 -0.0061
vn -0.2929 -0.0649 0.9539
vn 0.8808 0.1564 -0.4470
vn 0.9713 0.2232 0.0828
vn 0.9766 0.1880 0.1041
vn 0.9674 0.2434 0.0704
vn 0.8688 0.1918 -0.4564
vn 0.3082 -0.2220 -0.9250
vn 0.9959 0.0908 0.0051
vn -0.1660 -0.6737 0.7202
vn -0.1668 -0.6898 0.7045
vn -0.1642 -0.6389 0.7515
vn 0.0043 0.9965 0.0837
vn -0.0123 0.9912 0.1318
vn 0.0009 1.0000 0.0100
vn -0.5029 0.8614 0.0709
vn 0.0517 0.0103 0.9986
vn -0.3846 0.6296 0.6750
vn -0.7547 0.3114 0.5774
vn -0.5570 -0.1440 -0.8180
vn -0.5416 -0.1053 -0.8340
vn -0.5578 -0.1461 -0.8170
vn 0.8839 0.2268 0.4090
vn 0.9055 0.0557 -0.4208
vn 0.9098 -0.0097 0.4149
vn 0.4852 0.8699 0.0883
vn 0.5024 0.8618 0.0700
vn 0.5282 0.8481 0.0416
vn -0.1039 -0.0490 -0.9934
vn 0.6443 0.5598 0.5210
vn 0.6521 0.5620 0.5089
vn 0.6085 0.5483 0.5736
vn 0.1869 -0.9812 0.0485
vn -0.6240 -0.7810 -0.0240
vn 0.2985 0.9314 -0.2083
vn 0.0397 0.7937 -0.6070
vn 0.5654 0.8051 0.1792
vn 0.7342 0.6600 -0.1590
vn 0.3619 0.3571 -0.8611
vn 0.9564 0.2889 0.0420
vn 0.5198 0.0146 -0.8542
vn -0.0987 0.0044 0.9951
vn 0.6897 0.5599 -0.4592
vn -0.2757 -0.7969 0.5376
vn -0.4466 -0.8348 -0.3220
vn -0.0065 1.0000 -0.0047
vn 0.7936 0.0452 0.6067
vn 0.7192 0.1073 -0.6864
vn -0.9275 0.0363 0.3720
vn -0.0115 0.9991 -0.0413
vn 0.9992 0.0392 -0.0025
vn 0.9950 -0.0274 0.0959
vn 0.9972 -0.0286 0.0692
vn 0.9899 -0.0433 0.1351
vn 0.6150 -0.0229 0.7882
vn -0.1114 0.9937 0.0098
vn 0.9999 -0.0066 0.0152
vn 0.2757 -0.0164 -0.9611
vn 0.2762 -0.0163 -0.9610
vn 0.2701 -0.0173 -0.9627
vn -0.5256 0.8468 0.0818
vn 0.2698 -0.0173 -0.9628
vn 0.6916 0.6728 -0.2627
vn 0.3325 -0.6934 -0.6393
vn -0.5137 -0.8420 -0.1645
vn -0.9354 0.1996 -0.2918
vn 0.0296 0.9844 0.1734
vn 0.0175 -0.9865 -0.1630
vn -0.2725 -0.7997 0.5350
vn -0.0291 0.7865 0.6169
vn -0.5222 0.2174 -0.8246
vn 0.5647 0.2558 -0.7847
vn 0.9988 0.0477 0.0122
vn -0.6737 0.0935 0.7331
vn -0.0169 -0.2284 0.9734
vn 0.0019 -0.0807 0.9967
vn -0.0246 -0.2849 0.9583
vn -0.0672 -0.1791 0.9815
vn -0.0139 -0.4962 0.8681
vn -0.0065 -0.3821 0.9241
vn 0.1951 0.0388 -0.9800
vn -0.0037 1.0000 -0.0065
vn -0.0359 -0.9660 -0.2561
vn 0.7216 -0.6866 0.0888
vn 0.9909 -0.0840 0.1054
vn 0.2654 -0.2995 -0.9165
vn 0.5414 0.8000 -0.2587
vn -0.0547 -0.1013 0.9934
vn 0.9853 0.1554 0.0716
vn -0.0022 0.9975 -0.0704
vn -0.2653 0.9639 0.0241
vn -0.4650 0.8851 0.0205
vn 0.0734 0.2701 0.9600
vn 0.9467 0.1922 -0.2584
vn 0.0297 0.4367 0.8991
vn 0.0295 0.4379 0.8986
vn 0.0281 0.4485 0.8934
vn -0.0246 -0.2849 0.9582
vn -0.0737 -0.1487 0.9861
vn 0.7035 0.6868 0.1826
vn 0.6883 0.6840 0.2417
vn 0.6839 0.6842 0.2533
vn 0.5537 -0.8327 0.0007
vn 0.5490 -0.8359 0.0003
vn 0.5469 -0.8372 0.0018
vn 0.9300 -0.3670 -0.0208
vn 0.8355 -0.5481 -0.0381
vn 0.8441 -0.5349 -0.0368
vn 0.9590 0.2833 -0.0110
vn -0.0016 -0.0170 0.9999
vn 0.0208 0.0198 0.9996
vn -0.0267 -0.0580 0.9980
vn -0.0533 -0.0428 -0.9977
vn 0.9011 0.2617 -0.3459
vn 0.7905 0.1424 0.5957
vn 0.0479 -0.9964 0.0704
vn 0.0059 -0.9989 -0.0458
vn 0.0054 -0.9989 -0.0472
vn -0.3398 0.2226 0.9138
vn 0.2981 0.9243 -0.2385
vn -0.6926 0.7134 0.1066
vn -0.5741 -0.1904 -0.7963
vn -0.7101 0.0347 -0.7033
vn -0.6741 -0.0426 -0.7374
vn -0.6819 -0.0268 -0.7309
vn 0.9863 -0.1440 -0.0799
vn 0.9816 -0.1796 -0.0647
vn 0.9944 -0.0836 -0.0652
vn -0.9998 0.0114 -0.0150
vn -0.8380 0.0736 -0.5407
vn -0.8883 0.1208 -0.4431
vn -0.8801 0.1123 -0.4614
vn -0.0202 0.9998 -0.0090
vn 0.0742 0.9957 0.0553
vn 0.0291 0.9993 0.0246
vn -0.0519 0.9982 -0.0306
vn -0.0559 0.8140 0.5781
vn 0.7178 0.6835 0.1324
vn 0.3453 -0.9385 -0.0034
vn 0.3434 -0.9392 -0.0040
vn 0.3364 -0.9417 -0.0065
vn -0.3169 0.7352 0.5992
vn 0.3093 0.8695 -0.3850
vn 0.3148 0.9091 -0.2728
vn 0.3139 0.9009 -0.2999
vn 0.5780 0.5703 0.5836
vn 0.0617 -0.8738 -0.4824
vn 0.6542 -0.4531 0.6056
vn -0.1182 0.9887 -0.0920
vn 0.7257 0.0142 -0.6879
vn 0.7095 0.0060 -0.7047
vn 0.7754 -0.0015 -0.6314
vn 0.9363 0.2583 -0.2380
vn 0.3763 -0.1102 0.9199
vn 0.4051 -0.1534 0.9013
vn -0.6103 -0.0929 0.7867
vn -0.6059 -0.1508 0.7811
vn -0.6090 -0.1122 0.7852
vn 0.9024 0.0042 0.4308
vn 0.9262 0.0621 0.3720
vn 0.8831 0.0070 0.4691
vn -0.8096 0.0516 0.5847
vn 0.3839 0.9229 0.0283
vn -0.2233 0.7395 0.6351
vn -0.0041 0.4085 0.9127
vn -0.0100 0.4645 0.8855
vn 0.0442 0.9966 -0.0702
vn 0.5506 0.8346 0.0161
vn 0.9849 0.1703 0.0320
vn 0.9757 0.2191 -0.0081
vn 0.9831 0.1814 0.0230
vn -0.8865 0.3356 -0.3186
vn 0.3071 0.6451 0.6996
vn -0.1319 -0.1479 0.9802
vn 0.6040 0.5468 0.5798
vn 0.9963 0.0860 0.0046
vn -0.0011 0.0076 1.0000
vn 0.0094 -0.0029 1.0000
vn -0.0015 0.0039 1.0000
vn 0.9979 0.0650 0.0029
vn 0.9947 0.0949 -0.0388
vn 0.9945 0.1041 0.0139
vn -0.0512 -0.0982 0.9938
vn 0.0154 0.9484 0.3166
vn -0.0137 0.9667 0.2557
vn -0.0384 0.9785 0.2028
vn 0.0969 0.0049 -0.9953
vn 0.4649 -0.3059 0.8309
vn 0.9889 0.1483 0.0111
vn -0.0575 0.9852 0.1612
vn 0.2177 -0.9746 -0.0530
vn 0.1824 -0.9828 -0.0275
vn 0.2251 -0.9726 -0.0584
vn 0.5690 0.5357 0.6239
vn -0.5260 0.8425 0.1161
vn 0.0462 -0.9989 0.0057
vn 0.0963 -0.9954 0.0017
vn 0.0957 -0.9954 0.0020
vn 0.9826 -0.1808 0.0428
vn 0.9988 0.0388 -0.0290
vn 0.0735 -0.5884 0.8052
vn -0.0797 -0.5453 0.8345
vn 0.0096 -0.5722 0.8200
vn 0.4169 -0.0947 0.9040
vn 0.7017 0.7046 0.1060
vn 0.6944 0.7108 0.1119
vn 0.6984 0.7074 0.1087
vn 0.2177 -0.9746 -0.0531
vn 0.2252 -0.9726 -0.0585
vn 0.2551 -0.9636 -0.0803
vn -0.3252 0.0993 0.9404
vn 0.7061 0.7006 0.1023
vn 0.0095 -0.5722 0.8201
vn -0.0798 -0.5452 0.8345
vn -0.1498 -0.5205 0.8406
vn 0.9969 0.0624 0.0489
vn 0.0976 -0.9952 0.0016
vn 0.2980 0.4342 -0.8501
vn 0.9990 -0.0421 0.0154
vn 0.9979 0.0437 0.0488
vn -0.2445 -0.6886 -0.6827
vn -0.5820 0.0457 0.8119
vn -0.3307 0.4015 -0.8540
vn 0.3987 0.7836 -0.4765
vn -0.2135 0.2994 0.9299
vn -0.2224 0.3067 0.9255
vn -0.2150 0.3006 0.9292
vn -0.0507 -0.8653 -0.4986
vn 0.2265 0.7211 -0.6548
vn 0.1523 0.7363 -0.6593
vn 0.3071 0.6994 -0.6454
vn -0.5554 0.7317 0.3952
vn 0.2491 0.8931 0.3747
vn 0.6415 0.6387 0.4248
vn 0.5407 0.5447 0.6411
vn 0.5720 0.5436 0.6142
vn 0.4406 0.5422 0.7155
vn -0.3123 -0.5757 -0.7556
vn 0.4869 0.8220 -0.2953
vn 0.5093 0.8086 -0.2947
vn 0.5125 0.8066 -0.2946
vn 0.4107 0.5399 0.7347
vn -0.2706 -0.1836 0.9450
vn -0.2674 -0.1950 0.9436
vn -0.2735 -0.1731 0.9462
vn 0.1522 0.7363 -0.6593
vn 0.2264 0.7211 -0.6548
vn 0.0641 0.7487 -0.6598
vn 0.5458 -0.7270 -0.4167
vn -0.3387 -0.4996 0.7973
vn 0.9946 -0.0873 -0.0562
vn 0.7851 -0.6156 0.0683
vn 0.3697 -0.6046 0.7056
vn 0.3263 -0.2861 -0.9009
vn 0.5093 0.8085 -0.2947
vn 0.5306 0.7950 -0.2939
vn 0.4936 0.3360 -0.8022
vn -0.5799 -0.7543 0.3080
vn -0.6629 -0.7264 0.1813
vn -0.6269 -0.7413 0.2398
vn -0.1659 -0.2323 -0.9584
vn 0.1078 -0.9419 -0.3180
vn 0.1102 -0.9432 -0.3134
vn 0.1091 -0.9426 -0.3155
vn -0.6630 -0.7264 0.1813
vn -0.7102 -0.6978 0.0933
vn -0.0311 0.3285 0.9440
vn 0.1115 -0.9439 -0.3110
vn -0.1187 -0.3597 0.9255
vn -0.1799 0.9602 -0.2137
vn 0.0769 0.6547 -0.7520
vn -0.9128 0.3731 0.1660
vn -0.9157 -0.0155 -0.4016
vn 0.1601 0.0961 -0.9824
vn 0.6873 0.3702 -0.6249
vn 0.2658 -0.0826 -0.9605
vn 0.0805 0.0553 0.9952
vn 0.1556 0.0700 0.9853
vn -0.0249 0.9992 0.0314
vn -0.0295 0.9984 0.0493
vn 0.0283 0.9845 -0.1732
vn -0.6549 -0.4401 0.6144
vn -0.6401 -0.4988 0.5843
vn -0.6514 -0.4554 0.6069
vn 0.4086 0.1013 0.9071
vn -0.4435 0.4247 -0.7893
vn -0.5418 0.7511 -0.3772
vn -0.2986 -0.5171 0.8021
vn -0.0728 -0.7934 0.6043
vn -0.0509 -0.8510 0.5227
vn -0.6372 -0.5089 0.5787
vn 0.3977 -0.9172 0.0233
vn -0.8308 -0.0293 -0.5558
vn 0.0718 0.9959 0.0558
vn 0.0644 0.9454 0.3195
vn -0.4587 -0.1582 -0.8744
vn -0.5327 0.8462 -0.0166
vn 0.0723 -0.7428 -0.6656
vn 0.0544 0.3459 0.9367
vn 0.6081 0.7465 0.2701
vn -0.0743 0.1176 0.9903
vn -0.4184 -0.3563 0.8355
vn 0.1383 0.9868 -0.0848
vn 0.1190 0.9860 -0.1169
vn 0.0912 0.9825 -0.1622
vn 0.9005 0.3671 -0.2331
vn 0.8537 -0.4159 0.3135
vn 0.0537 0.9307 -0.3618
vn -0.4150 -0.2447 0.8763
vn -0.9510 0.0927 -0.2951
vn -0.6535 -0.7552 0.0508
vn -0.6781 -0.7342 0.0325
vn -0.7273 -0.6863 0.0074
vn 0.0231 -0.0976 -0.9950
vn 0.0231 -0.0977 -0.9950
vn 0.0647 -0.1183 -0.9909
vn 0.4150 0.4302 -0.8017
vn 0.8753 -0.4775 0.0761
vn -0.0552 0.9403 -0.3358
vn -0.0590 0.9436 -0.3258
vn -0.0291 0.9143 -0.4041
vn 0.1081 0.9871 0.1182
vn 0.0095 0.8645 0.5025
vn -0.0534 0.9289 0.3666
vn 0.0211 0.8501 0.5262
vn -0.2005 0.2913 0.9354
vn 0.0743 0.8030 0.5913
vn -0.1243 -0.0613 -0.9903
vn 0.3616 0.0353 -0.9317
vn 0.8023 0.5969 0.0009
vn -0.6963 -0.7178 -0.0039
vn -0.6955 -0.7185 0.0009
vn -0.7572 -0.6527 -0.0246
vn -0.1431 0.5472 -0.8247
vn 0.6461 0.7632 0.0016
vn -0.0291 0.9142 -0.4041
vn -0.0266 0.9114 -0.4106
vn 0.5945 -0.1823 -0.7832
vn -0.9767 0.2147 0.0072
vn -0.0101 0.9360 0.3519
vn 0.5890 -0.0701 -0.8051
vn -0.6842 -0.4997 -0.5312
vn -0.0058 0.0695 0.9976
vn -0.6858 0.6590 -0.3089
vn -0.1390 0.9870 -0.0810
vn -0.0102 0.9998 0.0168
vn 0.1303 -0.0407 -0.9906
vn 0.0534 0.2962 0.9536
vn 0.1532 0.2926 0.9439
vn 0.1523 0.2957 0.9431
vn 0.9512 0.0692 -0.3006
vn 0.3193 0.0477 0.9464
vn 0.3271 0.0405 0.9441
vn 0.3109 0.0555 0.9488
vn -0.9967 -0.0498 0.0633
vn -0.0607 0.7717 0.6331
vn -0.7896 -0.4242 0.4435
vn -0.0007 0.0855 0.9963
vn 0.0323 0.9816 -0.1883
vn -0.3712 0.9111 0.1793
vn -0.4181 0.9031 0.0982
vn -0.4442 0.8945 0.0497
vn -0.4520 0.8913 0.0346
vn -0.1076 0.3794 -0.9190
vn 0.9984 -0.0359 -0.0437
vn 0.4845 -0.7125 0.5076
vn -0.6057 0.4262 0.6719
vn -0.0529 -0.4924 -0.8688
vn 0.7210 0.6879 0.0834
vn 0.0729 0.9788 -0.1916
vn -0.0933 0.9322 0.3498
vn 0.1425 0.9404 -0.3088
vn -0.3283 0.4349 0.8385
vn -0.1767 -0.9777 0.1131
vn 0.3030 0.0627 0.9509
vn 0.6399 0.7613 0.1050
vn 0.0327 -0.9630 0.2674
vn -0.2518 0.1855 -0.9498
vn -0.2719 0.1162 -0.9553
vn -0.2872 0.0597 -0.9560
vn 0.5309 0.3858 0.7546
vn 0.3420 0.1644 0.9252
vn 0.2531 -0.8675 0.4283
vn 0.9053 0.1198 -0.4075
vn 0.9065 0.0907 -0.4123
vn 0.9041 -0.0173 -0.4269
vn -0.8416 0.5399 0.0145
vn 0.5825 0.2034 0.7870
vn -0.1630 0.9505 -0.2644
vn -0.2719 0.1161 -0.9553
vn -0.2981 0.0169 -0.9544
vn 0.4153 0.8431 0.3417
vn -0.3122 -0.5327 0.7866
vn -0.4376 0.8933 -0.1030
vn 0.3191 0.0071 0.9477
vn 0.3671 0.1084 0.9238
vn 0.3863 0.1517 0.9098
vn 0.4070 0.2007 0.8911
vn -0.3481 0.9279 -0.1335
vn -0.3373 0.9318 -0.1338
vn -0.3410 0.9305 -0.1337
vn 0.0172 0.1561 -0.9876
vn 0.2869 -0.9200 0.2671
vn 0.9003 -0.0592 -0.4313
vn 0.1366 0.7182 0.6823
vn -0.4835 0.7623 0.4304
vn -0.8733 0.3830 0.3010
vn -0.9952 -0.0534 -0.0824
vn -0.3784 0.6307 -0.6775
vn 0.7975 0.5492 -0.2497
vn 0.9637 0.2638 -0.0406
vn 0.5115 0.6770 -0.5292
vn -0.0080 -1.0000 0.0052
vn -0.0037 -0.9999 0.0113
vn -0.0045 -1.0000 0.0042
vn 0.1880 0.2902 0.9383
vn -0.0218 0.1609 0.9867
vn 0.8076 0.5711 -0.1472
vn -0.3814 -0.6545 -0.6528
vn 0.5187 -0.0477 -0.8536
vn -0.0039 -1.0000 0.0006
vn -0.3512 0.9267 -0.1335
vn 0.0278 0.4681 -0.8832
vn -0.1159 0.6597 -0.7425
vn 0.0483 0.5743 -0.8172
vn -0.0134 -0.9999 -0.0073
vn -0.0154 -0.9999 0.0022
vn -0.0058 -0.9999 -0.0108
vn -0.0128 -0.9998 -0.0147
vn -0.9755 0.2197 0.0089
vn -0.0421 0.9991 -0.0071
vn 0.1468 -0.7420 -0.6541
vn 0.4517 -0.0741 -0.8891
vn -0.4836 -0.2990 0.8226
vn 0.7988 0.5879 0.1276
vn 0.7990 0.5902 0.1154
vn 0.7150 0.6989 -0.0181
vn 0.2979 0.1942 0.9346
vn 0.4599 -0.8874 -0.0318
vn 0.0263 -0.9385 0.3442
vn -0.0666 0.3319 -0.9409
vn 0.0660 -0.3591 -0.9310
vn -0.0065 0.2231 -0.9748
vn -0.7204 -0.6934 -0.0126
vn 0.0195 0.4851 -0.8742
vn 0.0990 0.5604 -0.8223
vn -0.0029 0.4622 -0.8868
vn 0.1523 0.2958 0.9430
vn 0.7468 -0.6610 -0.0735
vn -0.0439 0.9938 -0.1025
vn -0.0412 0.9940 -0.1015
vn -0.0476 0.9945 -0.0933
vn 0.0188 -0.0297 -0.9994
vn -0.3451 -0.2468 -0.9055
vn 0.7772 0.6278 -0.0432
vn 0.5846 0.8085 -0.0676
vn 0.0192 0.5704 0.8211
vn -0.0534 0.9289 0.3665
vn 0.0095 0.8646 0.5024
vn -0.0657 0.9387 0.3384
vn 0.9918 -0.1242 0.0301
vn 0.0207 0.9997 -0.0089
vn 0.0421 0.1743 0.9838
vn -0.4276 -0.3411 0.8371
vn 0.0209 -0.9903 0.1372
vn 0.0814 0.5173 -0.8519
vn 0.0195 0.4852 -0.8742
vn -0.6742 -0.7338 -0.0836
vn 0.0091 0.1290 0.9916
vn -0.0177 0.9939 -0.1089
vn 0.1330 0.6013 -0.7878
vn -0.0029 1.0000 0.0042
vn -0.0021 1.0000 -0.0051
vn -0.0029 1.0000 -0.0021
vn -0.0006 1.0000 -0.0088
vn 0.7771 0.6279 -0.0431
vn 0.6637 0.7479 -0.0079
vn 0.7149 0.6990 -0.0181
vn 0.0693 0.4986 -0.8641
vn -0.1137 0.9930 -0.0313
vn -0.0375 0.9961 -0.0801
vn -0.0950 0.9951 -0.0262
vn 0.0521 -0.9928 0.1082
vn 0.9920 0.1233 -0.0279
vn 0.9997 0.0195 0.0135
vn 0.9998 0.0057 0.0189
vn 0.9897 0.1391 -0.0342
vn -0.7241 -0.5333 -0.4373
vn -0.0020 -0.0065 1.0000
vn -0.7204 -0.6934 -0.0127
vn -0.7705 -0.6165 -0.1618
vn -0.7990 -0.6010 -0.0224
vn -0.7990 -0.6010 -0.0222
vn 0.0050 -0.2236 0.9747
vn 0.0138 0.9415 -0.3368
vn -0.0020 -0.0066 1.0000
vn -0.0100 -0.0314 0.9995
vn -0.0029 1.0000 0.0092
vn 0.0603 0.0828 0.9947
vn -0.0086 0.1707 0.9853
vn 0.0156 0.1214 0.9925
vn -0.0022 0.9999 -0.0135
vn 0.0140 0.9998 0.0128
vn -0.0022 0.9999 -0.0138
vn 0.0049 1.0000 0.0073
vn 0.0029 0.9998 -0.0204
vn 0.0314 0.9949 0.0956
vn 0.0261 0.9965 0.0790
vn 0.0148 0.9384 -0.3452
vn -0.0019 0.9997 -0.0238
vn 0.0371 0.9575 0.2860
vn 0.9200 -0.0454 -0.3893
vn 0.9667 -0.0712 -0.2458
vn 0.9616 -0.0678 -0.2659
vn 0.2554 0.0208 0.9666
vn 0.2702 0.0181 0.9626
vn -0.9483 -0.0239 -0.3166
vn -0.9556 -0.0293 -0.2932
vn -0.9002 0.0044 -0.4355
vn 0.9115 -0.0416 -0.4091
vn -0.2640 -0.2072 0.9420
vn -0.0134 -0.9999 -0.0074
vn -0.0137 -0.9982 -0.0578
vn -0.8894 0.0096 -0.4570
vn 0.7809 0.5173 -0.3503
vn 0.0661 -0.0996 0.9928
vn 0.0002 0.1394 -0.9902
vn -0.0129 0.0653 -0.9978
vn 0.0015 0.1269 -0.9919
vn 0.0382 0.9965 0.0745
vn 0.0403 0.9972 0.0628
vn -0.0021 0.9551 0.2963
vn -0.1974 0.8113 0.5503
vn 0.0302 -0.6634 0.7476
vn 0.0966 0.0769 0.9923
vn 0.1049 0.0707 0.9920
vn 0.0304 0.1266 0.9915
vn -0.1641 0.7551 0.6347
vn -0.1235 0.7375 0.6640
vn -0.0876 0.7203 0.6881
vn 0.0745 0.9132 0.4005
vn 0.0045 -0.0037 -1.0000
vn 0.0092 -0.0164 -0.9998
vn 0.0779 -0.9598 0.2698
vn -0.0002 -0.9994 -0.0349
vn -0.0355 -0.0169 -0.9992
vn 0.9771 0.0344 -0.2099
vn -0.6451 0.0597 -0.7617
vn 0.0709 -0.5797 0.8117
vn -0.0165 0.1366 -0.9905
vn 0.5396 -0.7471 0.3881
vn -0.2368 -0.3067 -0.9219
vn 0.9372 -0.1348 -0.3218
vn -0.2467 -0.4818 0.8409
vn -0.5294 0.0542 -0.8466
vn -0.7963 -0.5976 0.0933
vn -0.0517 0.7016 0.7107
vn -0.0049 0.9503 0.3113
vn 0.0967 0.0769 0.9923
vn 0.1773 0.0151 0.9840
vn -0.2042 0.2918 0.9344
vn 0.3971 0.6749 0.6220
vn -0.7916 -0.1415 0.5945
vn -0.7467 -0.1456 0.6491
vn -0.8046 -0.1400 0.5770
vn -0.9246 0.0508 0.3776
vn 0.1355 0.3622 -0.9222
vn 0.2077 0.4343 -0.8765
vn 0.1470 0.2406 -0.9594
vn -0.1086 0.8140 0.5706
vn 0.5394 0.8041 0.2499
vn 0.5364 0.8059 0.2506
vn 0.5522 0.7963 0.2469
vn 0.1222 0.2351 -0.9642
vn -0.4291 0.6464 0.6309
vn -0.8462 -0.1426 -0.5135
vn -0.4829 -0.8151 0.3200
vn 0.2644 -0.2755 0.9242
vn 0.5204 0.8152 0.2543
vn 0.1586 0.0904 -0.9832
vn -0.3570 -0.5661 0.7430
vn 0.0331 0.5069 0.8613
vn -0.0001 0.5108 0.8597
vn 0.1061 0.4964 0.8616
vn -0.0045 -0.9057 0.4239
vn -0.2283 -0.7600 -0.6085
vn -0.2167 -0.7742 -0.5947
vn -0.2285 -0.7598 -0.6087
vn 0.1100 0.9853 -0.1305
vn 0.1961 0.3397 -0.9199
vn -0.2344 -0.7523 -0.6157
vn -0.0697 0.5171 0.8531
vn 0.4086 0.0570 -0.9109
vn 0.1284 -0.6422 0.7557
vn 0.1486 -0.6553 0.7406
vn 0.2081 -0.6910 0.6922
vn 0.1283 -0.6422 0.7557
vn 0.0648 -0.5983 0.7986
vn 0.1485 -0.6552 0.7407
vn -0.2608 0.6812 0.6841
vn 0.4487 0.8861 -0.1163
vn 0.2317 -0.7975 -0.5570
vn -0.4040 -0.8926 -0.1999
vn 0.0235 0.8110 0.5846
vn 0.0149 0.9306 0.3658
vn -0.0229 -0.9919 -0.1250
vn -0.8625 -0.0616 0.5023
vn 0.9111 -0.4110 -0.0313
vn -0.6094 0.2061 0.7656
vn 0.0072 0.8524 0.5228
vn -0.7068 0.4268 0.5642
vn -0.6726 0.4462 0.5903
vn -0.6183 0.4737 0.6272
vn 0.1867 0.9766 -0.1066
vn 0.3298 0.9280 -0.1731
vn 0.1918 0.9632 -0.1882
vn 0.0138 0.9991 -0.0408
vn 0.0280 0.4495 0.8929
vn 0.7641 0.6449 -0.0124
vn 0.7678 0.6390 -0.0459
vn 0.7606 0.6493 -0.0021
vn 0.6086 -0.7782 0.1548
vn 0.0352 0.8222 -0.5681
vn 0.0010 0.9995 0.0324
vn 0.0123 0.9982 -0.0592
vn -0.0108 0.9998 0.0159
vn -0.8027 0.1396 0.5798
vn 0.8492 0.0401 0.5265
vn 0.5347 0.7084 0.4608
vn -0.6120 -0.0529 0.7891
vn 0.2985 0.8369 0.4588
vn 0.0121 0.9986 0.0520
vn 0.9356 -0.1524 0.3185
vn -0.6968 -0.3418 0.6306
vn 0.0122 0.9986 0.0520
vn 0.1903 0.9808 -0.0431
vn 0.2548 0.9649 -0.0637
vn -0.0400 0.9964 -0.0741
vn 0.4205 -0.9027 0.0909
vn -0.9005 -0.1059 -0.4219
vn -0.1441 -0.9845 0.1004
vn -0.6233 -0.6503 -0.4343
vn -0.0184 0.9956 -0.0919
vn -0.0748 -0.7326 -0.6765
vn 0.0921 -0.9595 -0.2664
vn -0.0038 0.9942 -0.1072
vn -0.2529 0.9172 -0.3078
vn 0.2536 -0.9182 0.3041
vn -0.2778 -0.6976 -0.6604
vn -0.6351 -0.1865 0.7496
vn -0.6666 -0.0453 0.7440
vn -0.6640 -0.0599 0.7453
vn -0.9769 0.0329 -0.2113
vn 0.7944 0.0331 -0.6065
vn 0.0197 -0.0204 0.9996
vn -0.6619 0.7425 0.1028
vn -0.9982 -0.0020 0.0595
vn -0.9933 0.0045 0.1156
vn -0.9937 0.0042 0.1124
vn 0.0039 -0.0556 0.9984
vn 0.0051 0.9965 -0.0836
vn 0.0035 0.9963 -0.0859
vn -0.0115 0.9991 -0.0414
vn 0.0111 0.9952 -0.0970
vn -0.6774 0.0280 0.7350
vn 0.0115 0.0431 0.9990
vn 0.0009 0.0007 1.0000
vn 0.0013 0.0082 1.0000
vn 0.8112 0.0273 -0.5842
vn 0.8241 0.0539 -0.5639
vn -0.9984 -0.0024 0.0560
vn -0.9982 -0.0020 0.0594
vn -0.9937 0.0041 0.1123
vn -0.4381 0.0054 0.8989
vn 0.0124 0.0013 0.9999
vn -0.0026 0.0059 1.0000
vn -0.0082 -0.9191 0.3939
vn -0.5062 -0.4973 0.7046
vn 0.6316 0.2993 0.7152
vn 0.0229 -0.0021 0.9997
vn -0.9215 0.2309 -0.3122
vn 0.9970 0.0478 0.0610
vn 0.9935 0.0940 0.0642
vn 0.9974 0.0384 0.0603
vn 0.1915 0.0287 0.9811
vn 0.2042 0.0222 0.9787
vn 0.1454 0.0524 0.9880
vn 0.9983 -0.0053 0.0572
vn 0.9303 0.0155 0.3665
vn 0.9445 0.0235 0.3277
vn 0.9737 -0.0548 0.2210
vn 0.1325 0.0589 0.9894
vn -0.4066 -0.0019 0.9136
vn -0.8227 -0.0133 -0.5683
vn 0.0981 0.1584 -0.9825
vn -0.5682 -0.4136 -0.7114
vn 0.9753 -0.0726 0.2085
vn 0.9546 -0.1709 0.2439
vn 0.0719 0.9858 0.1519
vn 0.6246 0.0373 0.7801
vn -0.5821 0.4899 0.6490
vn 0.0588 0.9959 0.0693
vn -0.6495 -0.0893 -0.7551
vn 0.9882 0.1437 0.0536
vn 0.0025 -0.0434 -0.9991
vn 0.0130 -0.0002 0.9999
vn 0.9361 -0.3512 -0.0193
vn -0.7319 -0.1468 0.6654
vn 0.9993 -0.0304 0.0223
vn 0.1287 0.6372 0.7599
vn -0.3070 -0.6367 0.7074
vn 0.9883 -0.1506 -0.0262
vn -0.7599 0.0008 0.6500
vn -0.7646 -0.0011 0.6445
vn -0.7699 -0.0203 0.6379
vn -0.3986 0.8177 0.4154
vn -0.3966 0.8000 0.4502
vn -0.0621 -0.9485 0.3105
vn -0.0963 -0.9529 0.2876
vn -0.1577 -0.9573 0.2422
vn -0.2966 0.9441 -0.1441
vn 0.1922 0.9799 0.0529
vn -0.3528 -0.6459 -0.6770
vn 0.0440 0.9990 0.0095
vn 0.9938 0.0726 -0.0842
vn 0.9926 0.0213 -0.1198
vn 0.9923 0.0149 -0.1233
vn 0.0600 0.4280 0.9018
vn -0.7609 -0.4698 0.4476
vn 0.2604 0.9654 -0.0152
vn 0.1817 0.9830 0.0268
vn 0.2196 0.9756 0.0067
vn 0.0518 -0.2624 -0.9636
vn -0.0580 0.9982 -0.0154
vn -0.3667 0.5391 -0.7582
vn -0.0107 0.9956 0.0930
vn 0.8137 0.0396 -0.5799
vn 0.0952 0.9821 -0.1628
vn 0.9916 0.0082 -0.1292
vn 0.7655 0.6362 -0.0957
vn 0.5384 0.0640 -0.8403
vn 0.2843 0.9583 -0.0281
vn 0.2605 0.9654 -0.0152
vn -0.2098 0.4239 -0.8811
vn -0.3231 0.3649 -0.8732
vn -0.2872 0.3845 -0.8773
vn -0.3704 0.3375 -0.8654
vn 0.4974 0.7730 0.3939
vn -0.8243 0.0622 -0.5628
vn -0.0130 -0.1778 0.9840
vn 0.8652 0.1605 -0.4751
vn 0.0448 -0.9990 0.0058
vn 0.9801 0.1981 0.0144
vn -0.0343 -0.6262 -0.7789
vn -0.0287 -0.6272 -0.7784
vn -0.0213 -0.6285 -0.7775
vn -0.8707 0.4763 0.1224
vn -0.7103 -0.2175 0.6694
vn 0.0178 0.9986 0.0493
vn 0.1568 0.4965 -0.8537
vn 0.1919 0.9632 -0.1882
vn 0.3299 0.9280 -0.1731
vn 0.3992 0.8842 -0.2425
vn -0.0012 1.0000 -0.0022
vn 0.8761 -0.4599 -0.1448
vn 0.6883 0.6889 0.2273
vn 0.5514 0.0025 0.8343
vn 0.5516 0.0024 0.8341
vn 0.5506 0.0031 0.8348
vn 0.3479 0.8908 -0.2923
vn 0.3235 0.9180 -0.2295
vn 0.3290 0.9124 -0.2434
vn -0.7981 0.0934 -0.5953
vn 0.9551 -0.1644 0.2464
vn -0.1055 0.9337 0.3422
vn -0.1214 0.9348 0.3337
vn -0.1108 0.9341 0.3394
vn 0.3290 -0.9382 -0.1073
vn 0.3410 -0.9009 -0.2686
vn 0.3349 -0.9262 -0.1732
vn 0.9903 -0.0014 -0.1392
vn -0.6588 0.7374 0.1494
vn 0.5644 -0.8249 0.0321
vn -0.0704 0.5841 -0.8086
vn -0.0680 0.9649 -0.2537
vn 0.3290 0.9124 -0.2433
vn 0.3235 0.9180 -0.2294
vn 0.2821 0.9507 -0.1291
vn -0.5149 0.4554 0.7263
vn 0.5338 0.5919 0.6039
vn -0.9980 0.0561 0.0306
vn 0.0820 0.1562 0.9843
vn -0.8045 0.1606 0.5718
vn -0.7121 0.1933 0.6750
vn -0.7629 0.1764 0.6220
vn -0.2014 0.0229 0.9793
vn -0.0525 0.0423 0.9977
vn -0.0734 0.0365 0.9966
vn -0.0172 0.0717 0.9973
vn 0.8452 0.1707 -0.5064
vn 0.1263 -0.9920 0.0074
vn 0.0956 -0.9952 -0.0209
vn 0.0853 -0.9959 -0.0304
vn 0.6211 -0.7833 0.0265
vn 0.7826 -0.6225 0.0072
vn 0.6463 -0.7626 0.0254
vn 0.9912 0.1303 -0.0219
vn 0.9997 0.0238 -0.0003
vn 0.9983 0.0561 -0.0134
vn 1.0000 -0.0034 0.0061
vn 0.6787 -0.7344 0.0014
vn 0.7544 -0.6564 0.0040
vn 0.5730 0.6235 0.5319
vn 0.2898 -0.9404 -0.1779
vn -0.7623 -0.0331 0.6464
vn 0.9189 0.1044 0.3803
vn 0.0230 0.0988 0.9948
vn 0.0409 0.1266 0.9911
vn 0.1022 0.9909 -0.0875
vn 0.1031 0.9928 -0.0605
vn 0.1029 0.9929 -0.0604
vn 0.0284 0.9996 0.0007
vn 0.0562 0.9976 -0.0415
vn -0.0566 0.0151 0.9983
vn 0.0025 0.9995 0.0323
vn -0.0010 0.9987 -0.0507
vn -0.0001 0.9999 0.0159
vn 0.0003 0.9979 0.0641
vn 0.0025 0.9993 0.0366
vn 0.9833 0.0694 -0.1684
vn 0.9889 0.0826 -0.1232
vn 0.9513 0.0269 -0.3072
vn -0.0287 -0.6272 -0.7783
vn -0.0114 -0.6302 -0.7764
vn -0.6434 0.6336 -0.4296
vn -0.7060 0.7081 -0.0101
vn -0.6602 0.7466 -0.0823
vn -0.7168 0.6972 0.0085
vn -0.9220 0.3597 -0.1432
vn 0.4692 0.5089 -0.7218
vn 0.4299 0.4829 -0.7629
vn 0.4890 0.5217 -0.6991
vn 0.9929 -0.1096 -0.0463
vn 0.9976 -0.0159 -0.0675
vn 0.9954 -0.0793 -0.0529
vn 0.0002 -0.0359 -0.9994
vn 0.0002 -0.0361 -0.9993
vn -0.0001 -0.0368 -0.9993
vn -0.0277 0.9978 0.0599
vn -0.0125 0.9984 0.0543
vn -0.0902 0.9958 -0.0129
vn -0.0059 0.9983 0.0585
vn 0.1033 0.1537 0.9827
vn -0.7630 0.1764 0.6219
vn -0.8356 0.1472 0.5292
vn 0.0162 -0.1663 0.9859
vn 0.0697 -0.0741 0.9948
vn 0.0814 -0.0537 0.9952
vn 0.6345 -0.7176 0.2872
vn 0.9319 0.0092 -0.3626
vn 0.9833 0.0693 -0.1684
vn 0.9489 -0.3143 -0.0284
vn 0.3536 0.3442 -0.8698
vn 0.9864 0.1400 -0.0863
vn -0.8674 0.3752 -0.3269
vn -0.3716 0.9262 -0.0640
vn -0.0945 0.9327 0.3480
vn 0.7285 -0.6775 0.1016
vn -0.0334 0.9206 -0.3891
vn 0.8782 0.4269 -0.2158
vn -0.1589 0.9836 -0.0857
vn -0.0903 0.9958 -0.0129
vn 0.9992 0.0170 0.0351
vn 0.9989 0.0344 0.0317
vn 0.9994 0.0140 0.0331
vn 0.0697 -0.0740 0.9948
vn 0.1326 0.0371 0.9905
vn -0.0078 0.9329 0.3601
vn -0.0007 0.8939 0.4482
vn -0.0087 0.9477 0.3191
vn 0.3402 0.1708 0.9247
vn 0.3361 0.2144 0.9171
vn 0.3466 0.0807 0.9345
vn 0.6387 -0.7695 0.0016
vn -0.3209 0.7831 -0.5327
vn 0.5358 0.2546 -0.8051
vn -0.1981 -0.6031 -0.7727
vn 0.0713 0.8200 -0.5680
vn -0.0015 0.0013 1.0000
vn 0.0039 0.0351 0.9994
vn 0.0078 0.9556 -0.2946
vn 0.0951 0.9821 -0.1629
vn -0.0733 0.0365 0.9966
vn 0.0207 0.0497 0.9985
vn 0.7858 -0.6185 -0.0044
vn 0.6146 0.4504 -0.6476
vn 0.9346 0.0208 -0.3551
vn 0.0441 0.9966 -0.0702
vn -0.0581 0.9982 -0.0154
vn -0.1955 0.9807 -0.0040
vn -0.2991 0.9513 -0.0742
vn 0.1365 0.1907 -0.9721
vn 0.0639 0.1139 -0.9914
vn 0.1356 0.1897 -0.9724
vn 0.0567 0.1127 0.9920
vn 0.9993 0.0124 0.0350
vn 0.6505 0.5785 -0.4921
vn 0.6873 0.6025 -0.4058
vn 0.6935 0.6064 -0.3890
vn 0.0956 -0.9952 -0.0210
vn 0.0588 -0.9968 -0.0547
vn 0.0080 -0.0506 0.9987
vn 0.0017 -0.0279 0.9996
vn 0.0093 -0.0850 0.9963
vn -0.7570 -0.1519 0.6356
vn 0.5155 0.5384 -0.6666
vn 0.6690 0.0188 -0.7431
vn 0.6722 0.0127 -0.7403
vn 0.6916 0.0019 -0.7223
vn 0.7014 -0.0068 -0.7127
vn 0.6917 0.0019 -0.7222
vn 0.6722 0.0127 -0.7402
vn 0.9485 0.0296 -0.3155
vn -0.2184 -0.7763 0.5913
vn 0.0004 0.9929 0.1190
vn 0.0218 0.9718 0.2349
vn -0.0032 0.9951 0.0988
vn -0.3675 0.9278 0.0640
vn -0.2992 0.9513 -0.0743
vn -0.3606 0.9303 -0.0669
vn -0.3359 0.9347 -0.1161
vn -0.0001 0.8888 0.4584
vn -0.0006 0.8939 0.4482
vn 0.7274 0.6264 -0.2802
vn 0.9815 0.1899 -0.0253
vn -0.7914 0.5348 -0.2961
vn 0.7833 0.4436 0.4354
vn -0.7717 0.6251 0.1174
vn -0.1000 0.9909 0.0898
vn -0.1073 0.9924 0.0601
vn -0.1445 0.9882 0.0510
vn 0.1366 0.1907 -0.9721
vn 0.1356 0.1898 -0.9724
vn 0.2046 0.2621 -0.9431
vn -0.0505 0.4764 -0.8778
vn -0.0373 0.5097 -0.8596
vn -0.0275 0.4247 -0.9049
vn -0.0306 0.5852 0.8103
vn -0.0550 0.5735 0.8174
vn -0.0459 0.5779 0.8148
vn -0.1956 0.9807 -0.0041
vn 0.6904 -0.0089 -0.7234
vn 0.6991 0.0652 -0.7121
vn 0.6765 0.0627 -0.7338
vn 0.0143 0.0058 0.9999
vn 0.0286 0.9695 -0.2433
vn 0.0022 -0.0204 0.9998
vn -0.5345 0.2130 -0.8179
vn -0.5510 0.2376 -0.8000
vn -0.5346 0.2133 -0.8177
vn 0.3435 -0.8709 -0.3514
vn 0.3349 -0.9262 -0.1733
vn 0.3410 -0.9009 -0.2687
vn 0.9993 0.0186 0.0319
vn -0.0186 0.5908 0.8066
vn 0.0097 0.0427 0.9990
vn -0.0090 0.9690 0.2469
vn -0.0107 -0.2585 -0.9660
vn 0.4899 0.0099 -0.8717
vn -0.9932 0.1044 -0.0521
vn -0.0057 -0.2897 0.9571
vn -0.5173 0.1883 -0.8348
vn -0.5344 0.2130 -0.8179
vn -0.0552 0.9239 -0.3786
vn -0.0356 -0.0750 0.9965
vn -0.0387 -0.1300 0.9908
vn 0.0001 -0.1230 0.9924
vn 0.0385 -0.1205 0.9920
vn 0.0364 -0.0658 0.9972
vn -0.0116 0.9999 0.0084
vn -0.0786 0.9950 0.0621
vn -0.0459 0.9989 0.0101
vn -0.0082 0.0203 0.9998
vn 0.3245 0.3101 0.8936
vn 0.3361 0.2145 0.9171
vn 0.3404 -0.9403 -0.0076
vn 0.9459 0.3162 0.0727
vn -0.4494 0.8913 -0.0608
vn -0.9210 0.3818 -0.0774
vn -0.9117 0.4084 -0.0453
vn -0.9211 0.3814 -0.0779
vn 0.6650 -0.0095 -0.7468
vn 0.6904 -0.0090 -0.7234
vn -0.0147 0.9981 0.0604
vn -0.0478 -0.1169 0.9920
vn 0.7605 0.6493 -0.0021
vn 0.7558 0.6548 -0.0068
vn 0.2559 0.5769 0.7757
vn 0.8531 0.4684 0.2298
vn 0.6460 0.7629 0.0261
vn 0.7536 0.6564 0.0333
vn 0.7239 0.6895 0.0209
vn 0.4939 -0.0090 -0.8694
vn 0.9810 -0.1903 0.0385
vn 0.0050 0.0046 1.0000
vn 0.0004 0.0016 1.0000
vn 0.0002 0.0004 1.0000
vn 0.9129 -0.0009 -0.4081
vn 0.9131 -0.0010 -0.4077
vn 0.9162 -0.0021 -0.4008
vn 0.0008 0.0066 1.0000
vn -0.1824 0.0842 0.9796
vn -0.6795 0.3160 -0.6621
vn -0.8809 0.0379 -0.4718
vn -0.0701 0.9539 -0.2919
vn 0.9066 0.2209 -0.3596
vn 0.9979 0.0640 0.0091
vn 0.9995 0.0312 -0.0025
vn 0.9988 0.0478 -0.0050
vn -0.9885 -0.0952 0.1171
vn -0.2767 -0.7380 0.6155
vn 0.2025 -0.7867 0.5831
vn 0.0368 -0.7875 0.6152
vn 0.0191 -0.7863 0.6176
vn 0.1476 0.8017 -0.5792
vn 0.2419 0.7768 -0.5815
vn 0.1342 0.8046 -0.5785
vn -0.0225 -0.9966 0.0794
vn 0.0234 -0.9918 0.1256
vn 0.0656 -0.9836 0.1677
vn 0.0233 -0.9918 0.1256
vn -0.0226 -0.9966 0.0793
vn -0.0606 -0.9973 0.0407
vn 0.9730 0.0524 0.2248
vn 0.9944 -0.1041 0.0202
vn 0.9987 -0.0518 0.0014
vn 0.2486 0.7747 -0.5814
vn 0.2086 -0.7863 0.5816
vn 0.5110 0.0130 0.8595
vn 0.2205 0.3597 -0.9066
vn -0.9759 -0.0500 -0.2123
vn 0.8854 0.0035 -0.4648
vn 0.8725 -0.0007 -0.4887
vn 0.8716 -0.0010 -0.4903
vn 0.9883 0.1167 -0.0982
vn -0.0270 0.9992 -0.0299
vn -0.0009 1.0000 0.0097
vn -0.0165 0.9998 -0.0140
vn 0.0283 0.9939 0.1062
vn 0.1038 0.9754 0.1946
vn 0.0443 0.9912 0.1251
vn -0.0248 -0.0117 0.9996
vn -0.7345 -0.0323 0.6778
vn -0.6570 0.2981 0.6925
vn -0.2668 0.9637 0.0073
vn -0.7047 0.5186 -0.4843
vn 0.9748 0.0053 -0.2229
vn 0.9517 0.0227 -0.3061
vn 0.9783 0.0021 -0.2072
vn -0.0363 0.9330 0.3580
vn -0.0854 0.9664 0.2425
vn -0.0709 0.9582 0.2773
vn 0.8073 -0.0064 -0.5901
vn 0.0213 0.5104 -0.8596
vn -0.0435 0.9975 -0.0552
vn -0.0270 0.9992 -0.0300
vn 0.5113 0.8593 0.0134
vn 0.2834 -0.1311 -0.9500
vn 0.8608 0.0996 -0.4991
vn -0.7285 -0.0281 0.6844
vn -0.0788 0.9967 0.0181
vn -0.0206 0.5279 -0.8491
vn 0.0078 -0.9923 -0.1236
vn 0.0096 -0.9914 -0.1309
vn 0.0147 -0.9868 -0.1614
vn 0.9913 -0.1313 0.0114
vn 0.9979 0.0643 0.0093
vn 0.0299 0.9972 0.0690
vn -0.0260 0.9241 0.3813
vn 0.1733 0.0016 0.9849
vn 0.1693 0.0005 0.9856
vn 0.1541 -0.0038 0.9880
vn 0.9066 0.1327 0.4006
vn 0.0117 0.0787 0.9968
vn 0.0109 -0.0149 0.9998
vn -0.9280 0.3569 -0.1066
vn 0.6395 0.0422 -0.7676
vn 0.8982 0.0506 -0.4366
vn 0.0282 0.9939 0.1062
vn 0.0443 0.9912 0.1250
vn -0.0118 0.9982 0.0589
vn 0.0230 0.0987 0.9948
vn -0.6602 -0.0085 0.7511
vn -0.2466 0.1659 -0.9548
vn -0.0994 0.9704 -0.2200
vn -0.0208 0.3684 -0.9295
vn 0.4151 0.0509 0.9084
vn 0.0213 0.9983 -0.0544
vn -0.0212 0.9988 0.0451
vn 0.9994 0.0283 0.0203
vn -0.0570 -0.0079 0.9983
vn 0.1794 0.0695 0.9813
vn 0.2064 0.1253 0.9704
vn 0.2117 0.0930 0.9729
vn 0.9723 0.2271 0.0546
vn 0.9839 0.1788 0.0067
vn 0.9165 0.3922 0.0783
vn 0.0003 -0.0398 0.9992
vn 0.8300 0.5578 -0.0044
vn 0.8292 0.5589 -0.0039
vn -0.7904 -0.0127 -0.6125
vn 0.8861 0.0037 -0.4636
vn 0.2967 0.9455 -0.1343
vn 0.0641 -0.0088 0.9979
vn -0.0914 0.9933 0.0702
vn 0.9081 0.4138 -0.0646
vn 0.9631 0.2665 -0.0376
vn 0.9286 0.3687 -0.0420
vn 0.9998 0.0156 -0.0120
vn 0.9995 0.0208 -0.0241
vn 0.0436 -0.9989 0.0160
vn 0.1146 -0.9908 0.0723
vn 0.0686 -0.9970 0.0358
vn 0.9999 -0.0029 -0.0169
vn 1.0000 -0.0012 -0.0087
vn 0.9981 -0.0114 -0.0599
vn 0.5571 0.0054 0.8304
vn 0.5507 0.0032 0.8347
vn 0.5586 0.0059 0.8294
vn 0.0257 0.9663 0.2561
vn -0.2742 0.1046 -0.9560
vn 0.7890 0.1001 0.6061
vn -0.0001 -1.0000 0.0001
vn -0.0008 -0.1021 0.9948
vn -0.9920 0.0976 -0.0802
vn -0.9805 0.1717 0.0961
vn -0.9668 0.2119 0.1426
vn -0.9866 0.1477 0.0687
vn 0.9743 0.2240 -0.0216
vn 0.0474 0.0173 0.9987
vn -0.0152 -0.9994 -0.0306
vn 0.0685 -0.9970 0.0358
vn 0.8494 0.5041 -0.1559
vn -0.2350 0.7174 0.6558
vn 0.9382 0.0028 -0.3460
vn 0.2545 -0.2085 0.9443
vn 0.4197 0.1120 0.9007
vn 0.0982 0.1291 -0.9868
vn 0.1105 0.1636 -0.9803
vn 0.1119 0.1564 -0.9813
vn 0.9995 -0.0303 0.0009
vn 0.9997 -0.0239 -0.0015
vn 0.9998 -0.0208 -0.0026
vn -0.9990 -0.0437 -0.0006
vn -0.9968 0.0473 -0.0640
vn -0.9996 -0.0281 0.0016
vn -0.1042 0.9830 -0.1511
vn -0.1057 -0.9328 -0.3445
vn 0.9827 -0.1833 0.0274
vn -0.9987 0.0429 0.0289
vn -0.9877 -0.0099 0.1560
vn -0.9974 0.0276 0.0661
vn 0.8772 0.4802 -0.0019
vn 0.8607 0.5090 -0.0084
vn 0.0717 0.9973 0.0154
vn 0.0563 0.0442 -0.9974
vn 0.0834 0.0966 -0.9918
vn 0.7711 0.6361 0.0272
vn 0.1498 -0.0050 0.9887
vn 0.9166 -0.0023 -0.3998
vn 0.9132 -0.0010 -0.4075
vn -0.2310 0.9727 -0.0206
vn 0.0492 0.9697 -0.2391
vn -0.9974 0.0276 0.0662
vn -0.9877 -0.0099 0.1561
vn -0.9819 -0.0232 0.1877
vn 0.2366 -0.0040 0.9716
vn -0.3052 0.9515 0.0394
vn -0.8709 0.4887 0.0516
vn -0.8714 0.4889 0.0402
vn -0.8713 0.4889 0.0422
vn -0.8717 0.4890 0.0308
vn -0.8713 0.4889 0.0421
vn 0.0481 -0.1510 -0.9874
vn -0.1012 0.3779 -0.9203
vn -0.0283 0.9995 0.0134
vn -0.0061 0.0077 1.0000
vn -0.1983 -0.9799 -0.0234
vn -0.0292 0.7332 -0.6794
vn 0.0148 0.8819 -0.4712
vn 0.0038 -0.3940 -0.9191
vn 0.0172 0.2452 0.9693
vn 0.0150 0.2126 0.9770
vn 0.0148 0.2111 0.9774
vn -0.1182 0.4856 0.8662
vn -0.6473 0.7123 -0.2713
vn 0.0010 0.9998 0.0180
vn 0.0049 0.9997 0.0219
vn 0.0028 1.0000 0.0059
vn 0.9500 0.3011 0.0824
vn 0.6742 0.7340 0.0820
vn 0.0973 0.9936 -0.0575
vn 0.0314 0.9596 -0.2796
vn 0.0344 0.9540 -0.2980
vn -0.0006 0.9855 0.1699
vn 0.0433 0.9967 0.0687
vn 0.0533 0.9976 0.0436
vn -0.1229 0.9915 -0.0438
vn -0.1410 0.9897 -0.0239
vn 0.7964 0.6047 0.0091
vn 0.9994 -0.0332 0.0019
vn 0.3408 -0.9401 -0.0077
vn 0.0001 0.0004 1.0000
vn -0.0085 -0.0035 1.0000
vn 0.0434 0.9967 0.0687
vn 0.0746 0.9972 0.0039
vn -0.7004 0.6955 0.1604
vn -0.7045 0.7048 0.0833
vn -0.7105 0.6957 0.1063
vn -0.1450 0.9894 0.0122
vn -0.9925 0.1174 0.0341
vn 0.0414 0.9988 -0.0243
vn -0.0098 -0.0214 -0.9997
vn -0.0053 -0.0067 -1.0000
vn 0.0021 0.0392 -0.9992
vn -0.1747 0.9846 0.0003
vn -0.9402 0.3406 -0.0098
vn -0.9290 0.3553 -0.1036
vn -0.9275 0.3733 0.0194
vn 0.6905 0.5870 0.4227
vn 0.3286 -0.0004 -0.9445
vn 0.3446 0.0096 -0.9387
vn 0.2494 0.0389 -0.9676
vn 0.8335 -0.5521 -0.0219
vn 0.8694 0.4829 0.1051
vn -0.0262 0.4956 -0.8681
vn -0.0012 0.4360 -0.8999
vn 0.0093 0.4102 -0.9119
vn -0.0362 0.9989 0.0310
vn -0.9994 -0.0008 0.0344
vn -0.9882 -0.0109 -0.1529
vn -0.9962 -0.0035 -0.0873
vn -0.7125 0.7017 0.0078
vn -0.0056 0.9999 0.0089
vn 0.8591 0.5047 0.0851
vn -0.2487 0.9680 -0.0334
vn -0.0854 0.9963 0.0044
vn -0.2284 0.9731 -0.0295
vn -0.7067 0.6794 0.1975
vn -0.7004 0.6955 0.1605
vn -0.7105 0.6957 0.1064
vn 0.7709 0.6370 -0.0020
vn 0.7702 0.6377 -0.0092
vn 0.7722 0.6354 -0.0008
vn 0.1993 -0.9077 0.3693
vn -0.7352 0.6779 0.0033
vn 0.9356 0.0123 0.3529
vn 0.9173 0.0309 0.3971
vn 0.9602 0.0095 0.2792
vn -0.8759 -0.0113 0.4823
vn -0.8778 -0.0128 0.4788
vn -0.8848 -0.0183 0.4656
vn 0.0300 0.8269 -0.5616
vn -0.3130 0.9482 0.0541
vn -0.2929 0.9549 0.0492
vn -0.1000 0.9950 0.0002
vn -0.9772 0.2082 -0.0420
vn 0.8219 0.5679 -0.0438
vn 0.9800 0.1990 0.0035
vn 0.9917 0.1286 -0.0021
vn 0.9788 0.2050 0.0040
vn 0.9776 0.1875 -0.0955
vn 0.9810 0.1775 -0.0782
vn 0.9746 0.2216 -0.0339
vn 0.6913 0.6150 -0.3794
vn -0.0104 -0.0043 0.9999
vn 0.0140 0.9868 0.1614
vn -0.9965 0.0627 -0.0552
vn -0.6121 0.7860 0.0869
vn 0.1472 0.9889 0.0205
vn 0.2644 0.0434 -0.9634
vn 0.0849 0.0189 0.9962
vn 0.2008 0.0368 0.9789
vn 0.1661 0.0168 0.9860
vn 0.5770 -0.7353 0.3555
vn 0.0220 -0.0792 -0.9966
vn 0.0226 -0.0923 -0.9955
vn 0.0130 0.1023 -0.9947
vn 0.9427 0.3336 -0.0033
vn 0.9413 0.3374 -0.0031
vn 0.8444 0.5357 0.0058
vn -0.9653 0.2585 0.0378
vn -0.9539 0.2947 0.0561
vn 0.2176 0.9760 0.0025
vn -0.0820 0.8530 0.5155
vn 0.8505 -0.5255 -0.0242
vn 0.9977 -0.0126 -0.0659
vn 0.8432 0.5311 0.0831
vn 0.9758 0.0141 0.2180
vn 0.0205 -0.0304 0.9993
vn 0.0126 0.9991 0.0394
vn 0.0080 0.9996 0.0260
vn -0.0093 0.9999 -0.0127
vn -0.0042 0.0189 -0.9998
vn -0.0016 0.0222 -0.9998
vn 0.0033 0.0230 -0.9997
vn 0.0054 0.9977 -0.0673
vn -0.0938 0.9956 -0.0039
vn 0.1473 0.9889 0.0205
vn 0.2799 0.9599 0.0138
vn 0.2308 0.9730 0.0082
vn 0.0922 0.0810 -0.9924
vn 0.0418 0.9989 -0.0200
vn -0.6965 0.1231 -0.7069
vn 0.0124 0.1132 -0.9935
vn 0.0219 -0.0792 -0.9966
vn 0.0034 0.0230 -0.9997
vn -0.0142 0.0036 -0.9999
vn -0.7159 0.6982 0.0042
vn 0.0463 0.9989 -0.0022
vn -0.5083 0.7760 -0.3735
vn -0.4432 0.7749 -0.4506
vn -0.4684 0.7762 -0.4220
vn -0.6963 0.7175 0.0214
vn -0.5486 0.8357 -0.0229
vn -0.5589 0.8290 -0.0201
vn 0.0094 0.9999 0.0060
vn -0.0595 0.8028 -0.5932
vn 0.9691 0.2307 -0.0875
vn 0.0104 0.9983 -0.0578
vn -0.0369 0.5204 -0.8531
vn -0.0086 -0.7315 -0.6818
vn 0.0149 -0.0233 0.9996
vn 0.0351 0.0064 0.9994
vn 0.9924 0.1229 -0.0026
vn 0.1984 0.9782 0.0620
vn 0.0607 0.0223 0.9979
vn -0.0288 -0.9978 0.0597
vn -0.0724 -0.9937 0.0858
vn -0.0038 -0.9990 0.0446
vn 0.0839 0.9950 0.0547
vn 0.0278 -0.0261 0.9993
vn -0.9994 -0.0008 0.0345
vn -0.9996 -0.0004 0.0289
vn -0.9999 -0.0001 0.0135
vn -0.9995 0.0034 -0.0317
vn 0.0246 0.9990 0.0362
vn -0.9657 0.2538 0.0547
vn 0.5471 -0.8273 0.1274
vn 0.8794 -0.4702 0.0752
vn 0.7364 0.6685 0.1044
vn 0.9783 -0.0138 0.2066
vn 0.9876 -0.0171 0.1560
vn -0.8864 -0.0196 0.4626
vn 0.2119 -0.1115 0.9709
vn 0.1104 -0.1181 0.9868
vn 0.0672 -0.1205 0.9904
vn 0.0671 -0.1205 0.9904
vn 0.1102 -0.1181 0.9869
vn -0.0115 -0.1242 0.9922
vn 0.7608 -0.4534 -0.4643
vn 0.1413 0.9886 -0.0511
vn 0.3613 -0.9187 0.1596
vn 0.2437 0.2125 0.9463
vn 0.2434 0.2128 0.9463
vn 0.2424 0.2141 0.9463
vn -0.3864 -0.6791 -0.6242
vn 0.3327 0.8464 -0.4158
vn 0.9367 0.3149 -0.1531
vn -0.0523 -0.5436 -0.8377
vn 0.2449 0.2110 0.9463
vn -0.7512 -0.6582 0.0505
vn -0.6948 -0.7188 0.0249
vn -0.7499 -0.6592 0.0566
vn -0.6841 -0.7290 0.0213
vn 0.7575 -0.0254 0.6524
vn -0.7619 -0.6441 0.0682
vn -0.4256 0.2949 -0.8555
vn 0.4081 -0.0008 -0.9129
vn -0.0214 0.1812 -0.9832
vn -0.0535 0.9985 0.0132
vn -0.1653 0.9831 0.0784
vn -0.0975 0.9936 -0.0565
vn -0.1181 0.9900 -0.0767
vn -0.0509 0.9986 -0.0104
vn 0.1713 0.9852 0.0047
vn 0.7717 0.6359 -0.0079
vn 0.7877 0.5182 0.3331
vn -0.3983 0.9102 0.1134
vn 0.0147 -0.9868 -0.1615
vn -0.1057 -0.9328 -0.3446
vn -0.1130 -0.9298 -0.3504
vn -0.9989 0.0457 -0.0056
vn -0.9992 -0.0368 -0.0176
vn -0.9985 -0.0503 -0.0192
vn -0.7651 0.6218 -0.1671
vn 0.1750 0.9453 -0.2752
vn -0.0781 0.9969 0.0016
vn 0.0467 0.0734 -0.9962
vn 0.9519 0.1617 0.2604
vn 0.9912 0.0858 0.1010
vn 0.9732 0.1286 0.1905
vn -0.1836 0.9815 -0.0539
vn 0.6537 0.7546 0.0565
vn 0.9944 -0.0208 0.1039
vn 0.0314 0.9596 -0.2795
vn 0.0972 0.9936 -0.0574
vn 0.0667 0.9954 -0.0688
vn 0.8766 0.4732 0.0873
vn -0.9832 -0.0081 -0.1823
vn -0.9965 0.0626 -0.0552
vn -0.9968 0.0472 -0.0641
vn 0.0225 0.4859 0.8737
vn -0.5304 0.7744 -0.3449
vn -0.7872 0.6010 -0.1384
vn 0.9962 0.0651 0.0578
vn -0.0287 -0.9978 0.0597
vn 0.0603 -0.9982 0.0058
vn -0.3314 -0.0224 0.9432
vn 0.0056 0.9777 0.2097
vn 0.0101 0.9711 0.2386
vn 0.0096 0.9719 0.2352
vn -1.0000 -0.0075 0.0039
vn -0.9980 -0.0075 -0.0629
vn -0.9952 -0.0059 -0.0976
vn -0.9391 0.0816 0.3338
vn -0.9426 0.0835 0.3234
vn -0.8487 0.0433 0.5270
vn -0.0253 0.0269 -0.9993
vn -0.0231 0.0363 -0.9991
vn -0.1019 0.0309 -0.9943
vn -0.0382 0.0370 -0.9986
vn -0.1978 0.0086 -0.9802
vn -0.9985 -0.0513 -0.0187
vn -0.4374 0.0598 0.8973
vn -0.3922 0.1761 0.9029
vn -0.4086 0.0835 0.9089
vn 0.9680 0.2509 0.0085
vn 0.7194 0.6020 0.3464
vn 0.7206 0.6114 0.3270
vn 0.7202 0.6086 0.3330
vn 0.5360 0.5917 0.6021
vn 0.5431 0.6587 0.5207
vn 0.5420 0.6447 0.5391
vn 0.4145 0.9100 -0.0090
vn 0.9974 -0.0542 -0.0483
vn 0.9987 -0.0319 -0.0397
vn 0.9993 -0.0135 -0.0347
vn 0.1792 0.9828 0.0444
vn 0.1792 0.9828 0.0445
vn 0.1886 0.9682 0.1645
vn 0.2510 0.9408 0.2278
vn 0.3036 0.1997 0.9316
vn 0.6983 0.6925 -0.1813
vn 0.9090 -0.1659 0.3823
vn -0.5359 -0.7551 -0.3777
vn -0.4189 0.5638 0.7118
vn -0.8036 -0.5076 -0.3106
vn -0.6893 0.7229 0.0479
vn 0.9479 0.3179 0.0204
vn 0.9492 0.3139 0.0224
vn 0.9445 0.3282 0.0153
vn -0.3844 0.9232 0.0002
vn 0.9423 0.3346 0.0120
vn -0.1256 0.3950 -0.9100
vn 0.2792 0.0923 -0.9558
vn 0.2794 0.0918 -0.9558
vn 0.2584 0.0692 -0.9636
vn 0.3988 0.5206 0.7550
vn 0.3902 0.5169 0.7620
vn 0.4108 0.5257 0.7449
vn 0.0327 -0.9769 -0.2110
vn 0.0344 -0.9763 -0.2135
vn 0.0344 -0.9764 -0.2131
vn 0.3447 0.7438 -0.5727
vn 0.0438 -0.0187 -0.9989
vn -0.1186 -0.2403 0.9634
vn 0.0344 -0.9763 -0.2136
vn 0.0350 -0.9760 -0.2149
vn 0.0352 -0.9761 -0.2145
vn 0.4188 0.5290 0.7381
vn 0.0858 -0.0428 -0.9954
vn 0.6743 -0.7223 -0.1540
vn -0.4625 0.8863 0.0249
vn 0.1540 -0.2402 0.9584
vn -0.3256 -0.5216 0.7886
vn -0.3809 -0.2499 -0.8902
vn -0.0128 0.0492 -0.9987
vn 0.3512 -0.0592 -0.9344
vn 0.3051 -0.0650 -0.9501
vn 0.4169 -0.0125 -0.9088
vn 0.9856 0.1690 -0.0019
vn 0.1171 0.9931 0.0062
vn -0.1384 0.0323 -0.9898
vn -0.0326 -0.0028 -0.9995
vn -0.0945 0.0165 -0.9954
vn -0.5824 0.1806 -0.7926
vn -0.9641 0.0479 -0.2613
vn -0.4643 0.4015 -0.7894
vn -0.0215 0.9997 0.0087
vn -0.8303 0.5573 -0.0092
vn -0.8673 0.4977 -0.0012
vn -0.8659 0.5003 -0.0016
vn 0.8698 0.0270 -0.4926
vn 0.5420 0.6447 0.5390
vn 0.5431 0.6588 0.5207
vn 0.5441 0.7155 0.4382
vn -0.0912 -0.0421 -0.9949
vn 0.9972 0.0721 -0.0198
vn 0.9972 0.0726 -0.0158
vn 0.9969 0.0771 -0.0162
vn 0.9948 0.1012 -0.0093
vn -0.0062 0.3766 0.9263
vn 0.2425 -0.0043 0.9701
vn -0.0391 0.3338 -0.9418
vn -0.3110 -0.9353 -0.1688
vn -0.8881 -0.4458 -0.1117
vn 0.3086 0.9504 0.0389
vn 0.3065 0.9511 0.0379
vn 0.3122 0.9492 0.0406
vn -0.4061 -0.7262 -0.5547
vn 0.9555 0.2795 0.0942
vn 0.9893 -0.1226 0.0789
vn 0.9921 -0.1063 0.0667
vn 0.9879 -0.1303 0.0846
vn 0.1567 0.7202 0.6758
vn 0.9983 -0.0007 0.0577
vn 0.9783 -0.0138 0.2065
vn 0.9944 -0.0207 0.1038
vn -0.2116 0.9769 0.0288
vn -0.0750 0.9958 -0.0517
vn -0.1223 0.9921 -0.0260
vn 0.0010 0.9957 -0.0923
vn 0.1850 0.9157 -0.3567
vn 0.0052 0.9782 0.2076
vn 0.0096 0.9719 0.2351
vn -0.0082 0.9979 0.0650
vn -0.0077 0.3845 0.9231
vn -0.0049 0.9995 0.0324
vn 0.0317 0.9993 0.0204
vn 0.4394 0.0050 -0.8983
vn 0.3513 -0.0592 -0.9344
vn 0.4170 -0.0125 -0.9088
vn -0.1929 0.9807 0.0334
vn -0.3080 0.9514 0.0056
vn 0.0288 0.9868 0.1592
vn -0.0118 -0.9879 0.1546
vn -0.8968 0.4253 0.1217
vn -0.1478 0.9889 -0.0121
vn -0.0751 0.9958 -0.0517
vn -0.8781 0.4728 -0.0733
vn -0.9963 0.0194 0.0832
vn -0.0217 0.0265 -0.9994
vn 0.3059 -0.0056 0.9520
vn 0.2305 0.0336 0.9725
vn 0.1950 0.0517 0.9794
vn -0.8054 0.5928 -0.0006
vn -0.7647 0.6442 0.0105
vn -0.7609 0.6487 0.0115
vn -0.6995 0.7030 0.1282
vn -0.8451 0.5344 0.0156
vn -0.8350 0.5502 0.0065
vn -0.8190 0.5737 -0.0074
vn 0.8842 0.1725 0.4340
vn -0.4671 0.7425 0.4800
vn 0.2207 0.9753 -0.0088
vn 0.1342 0.9909 -0.0124
vn 0.1313 0.9913 -0.0125
vn -0.2172 0.9761 0.0061
vn -0.0284 0.9995 0.0134
vn -0.0939 0.9956 -0.0039
vn 0.9846 -0.1458 0.0961
vn 0.0058 0.4752 0.8798
vn 0.6660 0.0225 -0.7456
vn 0.5342 0.0074 -0.8453
vn 0.5135 0.0052 -0.8581
vn 0.9920 0.0199 0.1250
vn 0.9835 0.0316 0.1778
vn -0.6248 0.2603 0.7361
vn -0.8126 0.5828 -0.0027
vn -0.9994 -0.0320 0.0150
vn -0.9980 -0.0075 -0.0628
vn 0.3137 0.9486 0.0414
vn 0.9471 -0.2913 0.1349
vn 0.9994 -0.0344 0.0024
vn -0.7271 0.0763 -0.6822
vn 0.9976 0.0612 -0.0334
vn -0.5370 0.4495 -0.7139
vn -0.7375 -0.1569 -0.6569
vn 0.0201 -0.0233 0.9995
vn -0.0416 -0.0333 0.9986
vn -0.0289 -0.0305 0.9991
vn -0.9974 0.0097 0.0710
vn -0.9976 0.0109 0.0685
vn -0.9972 0.0079 0.0747
vn 0.1146 -0.4427 -0.8893
vn 0.5399 0.3266 -0.7758
vn -0.0034 0.0338 0.9994
vn -0.0236 0.0202 0.9995
vn -0.0387 0.0010 0.9993
vn 0.7374 -0.0074 0.6754
vn 0.7493 -0.0103 0.6622
vn 0.6451 0.0135 0.7640
vn 0.6338 0.7734 -0.0032
vn 0.0668 0.9954 -0.0688
vn 0.0973 0.9936 -0.0574
vn 0.2548 0.9670 -0.0080
vn -0.0038 -0.0201 -0.9998
vn -0.0045 0.0042 -1.0000
vn 0.0065 0.0676 -0.9977
vn -0.7903 -0.0649 0.6093
vn -0.0010 0.6248 -0.7808
vn 0.0134 0.5885 -0.8084
vn -0.0276 0.6879 -0.7253
vn -0.8082 0.5887 -0.0165
vn -0.7922 -0.5143 0.3285
vn 0.9799 -0.0991 -0.1732
vn 0.7645 0.6441 -0.0260
vn 0.3778 -0.0026 -0.9259
vn 0.3400 -0.0186 -0.9402
vn 0.4582 0.1077 -0.8823
vn 0.4002 0.9152 -0.0476
vn -0.5529 0.1478 -0.8200
vn -0.5574 0.0956 -0.8247
vn -0.5527 0.1749 -0.8148
vn -0.2278 0.8573 -0.4617
vn -0.0336 0.0450 -0.9984
vn -0.0919 0.9925 0.0805
vn -0.3527 -0.9003 -0.2552
vn -0.7068 -0.0869 -0.7021
vn 0.0084 0.0057 0.9999
vn 0.0268 0.9995 0.0176
vn 0.0287 0.9994 0.0184
vn 0.0296 0.9994 0.0187
vn -0.3232 0.0203 0.9461
vn -0.9970 0.0065 0.0776
vn -0.6442 -0.7643 0.0284
vn 0.0307 0.0584 0.9978
vn -0.8487 0.5269 -0.0458
vn 0.0021 -0.0124 -0.9999
vn -0.6293 0.7273 0.2740
vn -0.1130 -0.9298 -0.3503
vn -0.1058 -0.9328 -0.3446
vn -0.2208 -0.9277 -0.3010
vn -0.5453 0.2042 -0.8130
vn -0.5502 0.1919 -0.8127
vn 0.0330 0.9976 -0.0611
vn -0.0741 -0.0325 0.9967
vn -0.9355 0.3478 0.0627
vn -0.9300 0.3632 0.0574
vn -0.8949 0.4456 0.0225
vn 0.0315 -0.1104 0.9934
vn 0.0303 -0.1176 0.9926
vn 0.0301 -0.1187 0.9925
vn 0.4209 0.9066 -0.0308
vn 0.3354 0.9419 -0.0177
vn 0.6737 0.0234 -0.7386
vn 0.9934 0.0470 -0.1049
vn 0.4577 0.6413 -0.6159
vn -0.1238 0.0891 0.9883
vn -0.0215 -0.0064 -0.9997
vn -0.6057 -0.7372 0.2995
vn -0.8527 -0.0089 -0.5224
vn -0.8690 0.0139 -0.4945
vn -0.8626 0.0047 -0.5059
vn 0.3420 -0.0247 0.9394
vn -0.1941 -0.2566 0.9469
vn 0.3783 0.9252 0.0285
vn -0.3231 0.0204 0.9461
vn -0.2838 0.0341 0.9583
vn -0.0042 0.2076 0.9782
vn -0.8758 0.4522 -0.1687
vn -0.0679 0.9975 0.0182
vn -0.0509 0.9987 -0.0104
vn 0.4655 0.1502 -0.8722
vn 0.3321 -0.9431 -0.0176
vn 0.2664 0.9638 -0.0091
vn -0.3976 0.4867 -0.7778
vn -0.0335 0.9732 0.2274
vn -0.8376 -0.0284 -0.5455
vn 0.3030 -0.0630 -0.9509
vn 0.3029 -0.0631 -0.9509
vn -0.4029 0.0440 -0.9142
vn -0.9391 0.0816 0.3339
vn -0.8487 0.0433 0.5271
vn -0.8405 0.0404 0.5403
vn 0.1812 0.9068 -0.3806
vn 0.1062 0.2660 -0.9581
vn 0.7208 0.4891 0.4911
vn 0.6911 -0.6527 0.3104
vn -0.1086 -0.6962 -0.7096
vn -0.2584 0.6048 0.7533
vn -0.4487 -0.1079 0.8872
vn -0.7463 0.3191 0.5842
vn -0.1389 0.9903 -0.0029
vn 0.9671 0.2536 -0.0187
vn 0.9597 0.2809 -0.0095
vn 0.9216 0.3872 0.0272
vn -0.7063 0.7075 0.0248
vn -0.0523 0.9986 -0.0116
vn -0.0684 0.5550 0.8291
vn 0.7096 0.7036 0.0374
vn 0.7325 0.6807 0.0082
vn 0.7089 0.7042 0.0382
vn -0.0234 -0.0139 0.9996
vn 0.9936 0.0971 -0.0573
vn -0.1855 -0.7136 0.6755
vn 0.9114 0.0015 -0.4116
vn -0.0424 0.9980 0.0473
vn 0.3851 -0.8991 -0.2082
vn -0.3370 -0.9415 -0.0089
vn -0.3320 -0.9432 -0.0093
vn -0.4502 -0.8929 0.0016
vn -0.9299 0.3632 0.0574
vn -0.8912 0.4534 0.0130
vn -0.3461 0.9112 0.2234
vn 0.3047 0.9513 0.0469
vn 0.2421 0.9690 0.0482
vn 0.2215 0.9749 0.0214
vn 0.8823 0.4696 0.0317
vn 0.8735 0.4860 0.0282
vn 0.9265 0.3729 0.0514
vn 0.9840 0.0371 -0.1745
vn 0.4193 0.8918 -0.1702
vn -0.0001 -0.0403 -0.9992
vn -0.1766 0.8828 0.4353
vn -0.1553 0.0142 0.9878
vn -0.0343 0.7029 -0.7104
vn -0.0033 1.0000 0.0088
vn 0.3759 0.8415 0.3880
vn 0.0621 0.9354 0.3480
vn 0.7190 0.5993 0.3520
vn 0.4244 0.2194 -0.8785
vn 0.9835 0.0316 0.1779
vn 0.9265 0.3728 0.0514
vn 0.9457 0.3190 0.0617
vn 0.8823 0.4695 0.0317
vn 0.2171 0.5850 -0.7815
vn -0.9387 -0.2823 0.1978
vn -0.5595 -0.4580 0.6908
vn 0.9918 0.0570 -0.1143
vn 0.3820 -0.0456 0.9230
vn 0.0259 0.9995 0.0173
vn -0.9944 0.1059 0.0029
vn 0.9089 0.4154 0.0372
vn 0.6963 0.1697 0.6974
vn -0.0052 0.0335 -0.9994
vn 0.4066 0.0214 -0.9134
vn -0.0010 -0.0331 0.9995
vn -0.1877 -0.9818 0.0290
vn 0.9413 0.3375 -0.0031
vn 0.8427 0.5383 0.0059
vn 0.8443 0.5358 0.0058
vn 0.0315 -0.1103 0.9934
vn 0.0319 -0.1081 0.9936
vn 0.7821 -0.4072 0.4717
vn 0.9992 -0.0170 -0.0366
vn 0.9990 -0.0266 -0.0356
vn 0.9961 0.0753 0.0467
vn 0.0093 0.0022 -1.0000
vn 0.0477 0.0297 -0.9984
vn 0.2248 0.0723 -0.9717
vn 0.0909 0.0375 -0.9952
vn -0.0537 0.9984 0.0202
vn -0.0592 0.9978 0.0293
vn -0.0004 -0.0985 0.9951
vn -0.2846 0.9335 0.2180
vn 0.0325 0.9995 0.0026
vn 0.2177 0.9760 0.0024
vn 0.1616 0.3309 0.9297
vn 0.2318 -0.6469 -0.7265
vn -0.2158 0.4442 -0.8696
vn -0.0312 -0.9844 -0.1731
vn -0.1492 -0.4821 0.8633
vn 0.9999 -0.0035 -0.0125
vn 0.9837 -0.1713 0.0549
vn 0.9858 -0.1603 0.0490
vn -0.6573 -0.6838 -0.3167
vn -0.3513 -0.8752 -0.3325
vn 0.5164 -0.8546 0.0540
vn 0.1699 0.9711 0.1678
vn 0.3432 0.9375 0.0575
vn 0.3222 0.9462 0.0298
vn 0.3809 -0.9245 -0.0132
vn -0.1431 0.9475 -0.2860
vn -0.0098 0.9988 0.0481
vn -0.3854 -0.0278 -0.9223
vn -0.5081 -0.0674 -0.8587
vn -0.4048 -0.0339 -0.9138
vn -0.0181 0.9998 0.0119
vn 0.8543 0.5197 -0.0096
vn -0.5276 -0.8119 0.2497
vn -0.1473 0.0205 0.9889
vn -0.0942 0.0453 0.9945
vn -0.1129 0.0387 0.9929
vn -0.2817 0.9281 0.2433
vn -0.2846 0.9335 0.2181
vn -0.1929 0.9806 0.0335
vn -0.1095 0.9940 -0.0082
vn 0.8389 0.1469 -0.5241
vn 0.1046 0.2398 -0.9652
vn 0.1517 0.3968 0.9053
vn 0.6347 0.0157 0.7726
vn 0.0381 -0.9993 0.0047
vn 0.0009 -0.9990 0.0437
vn 0.0028 -0.9991 0.0416
vn -0.4350 0.9004 -0.0024
vn -0.4247 0.9054 -0.0005
vn -0.4246 0.9054 -0.0005
vn 0.6523 -0.6344 0.4148
vn 0.6533 -0.6473 0.3926
vn 0.6539 -0.6668 0.3574
vn 0.1937 0.9810 0.0103
vn -0.8682 0.4721 -0.1531
vn -0.7791 -0.1074 -0.6176
vn -0.4491 -0.5498 -0.7043
vn -0.4564 -0.8833 0.1068
vn 0.5714 0.6617 0.4855
vn -0.3659 0.1103 -0.9241
vn 0.2248 0.8528 0.4713
vn -0.3365 0.7740 -0.5364
vn 0.8753 -0.2283 0.4263
vn 0.5322 0.6448 -0.5486
vn -0.7048 -0.1887 0.6838
vn 0.0757 0.4779 -0.8751
vn -0.5114 0.2095 0.8334
vn 0.6495 -0.6097 0.4544
vn -0.8292 0.3438 0.4408
vn 0.1874 0.9750 -0.1190
vn 0.3059 0.9515 -0.0338
vn 0.2376 0.9633 -0.1249
vn -0.2325 0.0189 0.9724
vn -0.3227 -0.0410 -0.9456
vn -0.2321 -0.0167 -0.9725
vn -0.1835 -0.0039 -0.9830
vn 0.0201 0.9963 -0.0836
vn 0.9858 -0.1604 0.0490
vn 0.9837 -0.1713 0.0550
vn 0.9637 -0.2508 0.0911
vn 0.0651 0.9979 -0.0035
vn 0.3363 0.9418 -0.0037
vn 0.8347 0.1209 -0.5372
vn 0.0315 0.9995 -0.0021
vn 0.0598 0.4671 0.8822
vn -0.9938 0.1112 -0.0035
vn 0.0664 0.9956 -0.0664
vn 0.0564 0.9966 -0.0600
vn 0.0112 0.9999 -0.0097
vn 0.9063 0.4130 -0.0896
vn -0.1573 0.2933 -0.9430
vn -0.0102 0.9976 -0.0681
vn -0.0001 1.0000 -0.0085
vn -0.0173 0.9983 -0.0550
vn -0.7870 0.5053 0.3539
vn -0.9973 -0.0687 0.0246
vn -0.9989 -0.0181 -0.0427
vn -0.9994 -0.0346 -0.0097
vn -0.8870 0.4615 0.0127
vn 0.9285 -0.3713 -0.0060
vn 0.9760 -0.2164 -0.0239
vn 0.9783 -0.2056 -0.0251
vn 0.7438 0.6684 0.0003
vn 0.7456 0.6664 -0.0001
vn 0.8056 0.5923 -0.0134
vn -0.3780 0.0007 0.9258
vn -0.1568 0.9876 0.0011
vn -0.9990 -0.0396 0.0190
vn -0.9993 0.0344 0.0119
vn -0.9999 0.0068 0.0159
vn 0.6004 0.7982 0.0490
vn -0.0155 -0.0035 0.9999
vn -0.0536 -0.0009 0.9986
vn -0.0842 0.0029 0.9964
vn -0.9991 0.0411 0.0096
vn -0.9943 0.1065 -0.0022
vn -0.3915 -0.0598 -0.9182
vn -0.3779 -0.7424 -0.5532
vn -0.1270 0.9919 -0.0025
vn 0.9997 0.0206 -0.0155
vn 0.6564 0.6439 0.3931
vn -0.8411 0.5408 0.0092
vn 0.3834 0.9130 0.1392
vn 0.2115 0.6056 -0.7672
vn -0.4340 -0.8986 -0.0643
vn 0.4529 -0.1357 -0.8812
vn 0.0701 -0.6356 0.7688
vn 0.9996 -0.0265 -0.0080
vn 0.0111 0.0834 -0.9965
vn 0.9913 -0.1220 -0.0486
vn 0.9869 -0.1512 -0.0568
vn 0.9760 -0.2165 -0.0239
vn 0.9285 -0.3714 -0.0060
vn 0.9262 -0.3771 -0.0053
vn 0.0786 0.6000 -0.7961
vn 0.1234 0.1751 -0.9768
vn 0.0670 0.9840 0.1654
vn 0.0100 0.9968 0.0792
vn -0.8574 0.5140 0.0270
vn -0.8513 0.5247 0.0027
vn 0.9339 -0.3576 0.0025
vn -0.7209 0.6875 -0.0875
vn -0.9899 0.0892 -0.1103
vn -0.9870 0.1146 -0.1125
vn -0.9943 0.0238 -0.1044
vn -0.0013 -0.0196 -0.9998
vn -0.0001 -1.0000 -0.0001
vn -0.9991 0.0410 0.0096
vn 0.0123 0.9700 0.2428
vn 0.0238 0.9698 0.2428
vn -0.0256 0.9698 0.2426
vn -0.3213 0.7772 0.5410
vn 0.5204 0.6037 0.6040
vn 0.9063 0.4186 0.0585
vn 0.8896 0.4547 0.0439
vn 0.9149 0.3981 0.0665
vn -0.0169 0.9995 0.0263
vn 0.9979 0.0095 0.0642
vn -0.7636 0.5584 -0.3241
vn -0.1563 0.3210 0.9341
vn -0.1349 0.2891 0.9477
vn -0.1539 0.3173 0.9358
vn -0.6841 0.7110 -0.1627
vn 0.0324 0.9992 0.0215
vn -0.0102 0.9976 -0.0680
vn 0.4816 0.7454 0.4609
vn 0.0858 0.9485 -0.3050
vn -0.9735 0.1909 0.1260
vn -0.9757 0.1592 0.1506
vn -0.9700 0.2203 0.1028
vn -0.9989 -0.0180 -0.0428
vn -0.9976 -0.0261 -0.0636
vn -0.9926 -0.0116 -0.1212
vn 0.0605 0.9974 0.0395
vn 0.0311 -0.5520 -0.8333
vn -0.9636 -0.0610 -0.2602
vn -0.6863 -0.0138 0.7272
vn -0.1442 0.3321 -0.9322
vn -0.8357 -0.2351 0.4963
vn 0.1262 -0.8492 0.5128
vn 0.6914 0.7221 0.0221
vn -0.1397 0.8113 -0.5677
vn -0.9948 -0.0158 -0.1006
vn -0.9945 0.0017 0.1051
vn -0.9992 0.0009 -0.0390
vn -0.9994 -0.0349 0.0030
vn -0.9992 -0.0387 0.0080
vn 0.0221 0.9993 0.0286
vn 0.0665 0.9963 0.0540
vn -0.0339 0.9991 0.0264
vn -0.1160 0.8720 0.4755
vn 0.5244 0.5794 -0.6239
vn -0.9945 -0.0006 -0.1051
vn -0.4613 0.8872 0.0141
vn 0.0030 0.9995 -0.0302
vn -0.0654 0.9970 -0.0404
vn 0.7632 0.6431 -0.0628
vn -0.0501 0.9689 0.2422
vn 0.0122 0.9700 0.2428
vn 0.9950 -0.0967 0.0232
vn 0.7087 0.3012 -0.6380
vn 0.4707 0.8803 0.0590
vn 0.0635 0.9197 -0.3874
vn 0.0702 0.9173 -0.3919
vn 0.0472 0.9253 -0.3763
vn -0.0632 0.7066 0.7048
vn -0.1242 0.6272 0.7689
vn -0.0887 0.6758 0.7317
vn -0.9756 0.2189 -0.0200
vn -0.9725 0.2321 -0.0177
vn -0.9737 0.2271 -0.0186
vn 0.0100 0.9968 0.0791
vn -0.0836 0.9948 -0.0588
vn 0.3448 0.9384 -0.0215
vn 0.3191 0.9477 0.0087
vn 0.6874 0.7235 0.0642
vn -0.0024 0.9366 -0.3503
vn 0.0039 0.9391 -0.3436
vn 0.0126 0.9424 -0.3343
vn -0.1688 0.3395 0.9253
vn -0.1539 0.3174 0.9357
vn -0.1240 0.8071 -0.5773
vn 0.0125 0.9358 -0.3522
vn 0.7489 0.5904 -0.3009
vn 0.9311 0.2464 0.2689
vn 0.9661 -0.0066 -0.2580
vn 0.3570 -0.9295 0.0930
vn 0.2356 -0.9610 0.1447
vn 0.2787 -0.9520 0.1268
vn 0.2078 -0.9657 0.1559
vn 0.2786 -0.9520 0.1269
vn -0.7970 -0.0141 -0.6038
vn -0.3347 0.8558 -0.3944
vn -0.0626 0.5526 0.8311
vn -0.0029 0.5785 0.8157
vn -0.0700 0.5816 0.8105
vn -0.8475 0.5306 0.0119
vn 0.3369 0.7781 -0.5301
vn -0.1618 0.6006 0.7830
vn -0.4296 0.1121 0.8960
vn -0.8927 0.4506 0.0083
vn 0.9451 0.0443 -0.3238
vn 0.9042 -0.0859 -0.4185
vn 0.9387 0.0171 -0.3444
vn 0.0111 0.9999 -0.0096
vn -0.0169 0.9995 0.0264
vn -0.0407 0.9937 0.1047
vn -0.3858 0.6345 0.6697
vn 0.0278 0.4745 0.8798
vn 0.6379 0.4287 0.6398
vn -0.4227 -0.4582 -0.7819
vn 0.5659 -0.8077 0.1655
vn 0.6596 -0.7447 0.1022
vn -0.1430 0.5935 0.7920
vn -0.1429 0.5935 0.7920
vn -0.9714 0.2368 -0.0169
vn 0.0013 1.0000 -0.0050
vn -0.9763 0.1230 0.1783
vn -0.8276 0.5613 -0.0097
vn 0.8507 0.5256 -0.0055
vn 0.9438 0.3158 0.0978
vn -0.0168 0.7602 0.6495
vn -0.8157 -0.4642 0.3452
vn 0.4963 0.5890 0.6378
vn 0.9552 0.1041 -0.2770
vn 0.9451 0.0444 -0.3237
vn 0.9387 0.0173 -0.3443
vn 0.8028 0.4889 -0.3414
vn 0.0639 0.9956 0.0686
vn -0.0074 0.4738 0.8806
vn 0.0009 0.4326 0.9016
vn -0.0089 0.4813 0.8765
vn 0.7470 -0.3959 0.5340
vn 0.0384 0.9980 0.0499
vn 0.6693 -0.3051 -0.6775
vn -0.6994 0.7143 -0.0244
vn 0.0314 0.5501 0.8345
vn 0.0098 0.5480 0.8364
vn 0.0069 0.5521 0.8337
vn 0.0032 0.5465 -0.8375
vn 0.0036 0.5518 -0.8340
vn 0.0142 0.6915 -0.7222
vn -0.0308 0.9892 0.1430
vn -0.2146 0.9600 -0.1799
vn 0.0357 0.9960 0.0816
vn 0.0216 0.9993 -0.0305
vn 0.0230 0.9997 0.0073
vn 0.7150 0.2933 0.6346
vn 0.0298 0.9992 -0.0268
vn 0.3662 0.9301 -0.0281
vn 0.0170 0.9440 -0.3296
vn -0.0000 -0.4213 0.9069
vn -0.0551 0.3842 0.9216
vn -0.0538 0.3891 0.9196
vn -0.0595 0.3677 0.9280
vn 0.3187 0.9453 0.0692
vn 0.0349 0.5475 0.8361
vn 0.0164 0.7187 -0.6951
vn 0.0218 0.9989 -0.0408
vn 0.1488 0.4536 0.8787
vn -0.0136 -0.0128 0.9998
vn 0.2643 0.9553 0.1328
vn 0.3528 0.9349 0.0387
vn 0.2955 0.9481 0.1178
vn 0.0031 0.4215 0.9068
vn -0.0610 0.3616 0.9303
vn 0.0162 0.0298 0.9994
vn -0.0069 -0.0043 1.0000
vn 0.0398 0.9932 0.1099
vn -0.0356 0.2766 0.9603
vn -0.0016 0.4410 0.8975
vn -0.0296 0.3068 0.9513
vn 0.0046 0.4697 0.8828
vn 0.6402 0.6664 0.3821
vn 0.1284 -0.5783 0.8056
vn -0.0047 0.9997 0.0256
vn 0.0086 0.9991 0.0427
vn 0.0179 0.9983 0.0546
vn 0.7564 0.1420 -0.6385
vn 0.1037 0.6925 0.7139
vn 0.0168 -0.1302 0.9913
vn 0.0105 0.6538 -0.7566
vn 0.0421 -0.1715 0.9843
vn 0.0442 -0.2234 0.9737
vn 0.0440 -0.2181 0.9749
vn 0.0362 -0.0318 0.9988
vn -0.0281 0.9373 0.3473
vn -0.6371 0.5283 0.5612
vn 0.2061 0.9672 0.1483
vn 0.2642 0.9553 0.1328
vn 0.2124 0.9614 0.1751
vn 0.2125 0.9614 0.1751
vn 0.0309 0.9970 0.0711
vn 0.4915 -0.7009 0.5169
vn 0.9454 0.3254 0.0162
vn -0.0049 0.0031 1.0000
vn 0.0095 0.5154 0.8569
vn 0.0020 0.5268 0.8500
vn -0.3170 0.5844 0.7470
vn -0.0336 -0.9963 0.0796
vn -0.8663 -0.1017 0.4891
vn -0.0057 0.0025 1.0000
vn -0.0051 0.0030 1.0000
vn 0.7735 0.5092 0.3774
vn 0.0047 0.9515 0.3075
vn 0.0192 0.8925 0.4507
vn 0.0188 0.8948 0.4461
vn -0.5436 0.2912 0.7872
vn 0.6070 0.7902 -0.0850
vn 0.6060 0.7910 -0.0848
vn 0.6058 0.7911 -0.0848
vn 0.9798 -0.1374 -0.1451
vn 0.9822 -0.1141 -0.1490
vn 0.9875 -0.1051 -0.1174
vn -0.4328 0.0067 0.9014
vn 0.6057 0.7911 -0.0847
vn 0.9991 -0.0421 -0.0014
vn 0.9875 -0.1050 -0.1173
vn 0.9991 -0.0421 -0.0013
vn 0.9989 -0.0241 0.0401
vn 0.6500 0.2442 0.7196
vn 0.0495 0.0830 0.9953
vn 0.0385 -0.8374 0.5452
vn -0.0124 0.9291 0.3697
vn 0.9996 -0.0262 0.0099
vn 0.0020 -0.4231 0.9061
vn 0.0052 -0.4326 0.9016
vn 0.0213 -0.5139 0.8576
vn 0.7026 0.2242 -0.6754
vn -0.0500 -0.0545 -0.9973
vn -0.0007 -0.2746 -0.9616
vn -0.0429 -0.0869 -0.9953
vn 0.0054 -0.3005 -0.9538
vn -0.0195 0.9383 0.3453
vn 0.0052 -0.4327 0.9015
vn -0.0124 -0.5872 0.8093
vn 0.0214 -0.5139 0.8576
vn 0.8057 0.5922 -0.0134
vn 0.7456 0.6663 -0.0001
vn 0.8361 0.5483 -0.0208
vn 0.0868 -0.0518 -0.9949
vn 0.0480 -0.0785 -0.9958
vn 0.0721 -0.1061 -0.9917
vn -0.5200 -0.0714 -0.8512
vn -0.9546 -0.1114 -0.2762
vn 0.8532 0.1598 0.4965
vn -0.5537 -0.1884 -0.8111
vn -0.0003 -0.0983 0.9952
vn -0.8369 0.5471 0.0151
vn -0.6417 0.0725 0.7635
vn 0.0010 0.0027 1.0000
vn 0.0096 0.5372 -0.8434
vn 0.0161 0.5058 -0.8625
vn 0.0179 0.4970 -0.8676
vn 0.0161 0.5059 -0.8625
vn 0.0084 0.5425 -0.8400
vn 0.6348 0.5885 0.5007
vn -0.4815 -0.8764 -0.0019
vn 0.0021 1.0000 -0.0089
vn -0.0014 -0.9996 -0.0297
vn 0.0641 0.9803 -0.1866
vn -0.0054 0.9898 -0.1420
vn -0.0052 0.9901 -0.1402
vn -0.0032 0.9922 -0.1245
vn 0.0513 -0.0645 -0.9966
vn 0.0197 -0.2457 -0.9692
vn -0.9983 0.0181 0.0548
vn -0.9996 -0.0178 0.0223
vn -0.9994 -0.0350 0.0030
vn -0.9981 -0.0366 0.0487
vn 0.0120 0.5286 0.8488
vn -0.0084 0.5039 0.8637
vn -0.0164 0.5298 0.8480
vn -0.0073 0.5003 0.8658
vn -0.9951 0.0981 -0.0154
vn -0.9971 0.0753 -0.0064
vn -0.9760 0.2176 -0.0040
vn -0.1280 -0.0075 0.9917
vn -0.4843 0.6750 -0.5566
vn -0.6347 0.5465 0.5463
vn -0.7096 0.7046 0.0017
vn -0.7837 0.6209 0.0154
vn -0.7943 0.6075 0.0076
vn -0.7837 0.6210 0.0153
vn -0.7095 0.7047 0.0017
vn -0.6580 0.7530 0.0019
vn 0.0141 0.9805 0.1961
vn -0.0026 -0.3177 -0.9482
vn -0.7692 0.1906 -0.6099
vn 0.3900 -0.0572 0.9190
vn -0.9971 0.0712 -0.0282
vn -0.9857 0.1658 -0.0295
vn 0.1207 0.7910 0.5998
vn -0.0097 -0.0068 0.9999
vn -0.9932 0.1155 -0.0171
vn 0.0581 0.0224 -0.9981
vn -0.0016 -0.9995 -0.0303
vn 0.0066 -1.0000 -0.0002
vn -0.0014 -0.9996 -0.0298
vn 0.9878 0.0146 -0.1549
vn 0.1438 -0.1367 -0.9801
vn -0.0137 0.2966 0.9549
vn -0.0148 0.3027 0.9530
vn -0.0224 0.3430 0.9391
vn -0.0444 -0.5251 0.8499
vn -0.0594 -0.6183 0.7837
vn -0.0464 -0.5373 0.8421
vn -0.7438 0.1563 -0.6499
vn -0.0052 0.9901 -0.1401
vn -0.0030 0.9924 -0.1233
vn -0.0032 0.9922 -0.1244
vn -0.0584 -0.7819 0.6206
vn -0.0256 0.3597 0.9327
vn -0.0084 0.5040 0.8637
vn -0.0181 0.5353 0.8445
vn -0.0164 0.5297 0.8480
vn 0.0213 0.9891 -0.1457
vn -0.9946 0.0556 0.0879
vn -0.9641 0.1285 0.2323
vn -0.9763 0.1065 0.1886
vn -0.0770 0.9970 0.0018
vn -0.0116 0.5605 -0.8281
vn 0.0476 0.0296 -0.9984
vn 0.0908 0.0375 -0.9952
vn -0.0072 0.0329 -0.9994
vn -0.0711 -0.0439 -0.9965
vn -0.0161 0.9941 -0.1070
vn 0.1537 0.2565 -0.9543
vn -0.5538 0.8326 0.0044
vn 0.3109 0.9497 -0.0379
vn -0.0122 0.0150 0.9998
vn -0.0017 0.0089 1.0000
vn 0.0003 0.0062 1.0000
vn 0.0070 0.9897 0.1432
vn -0.0611 -0.6285 0.7754
vn -0.9331 -0.3576 0.0381
vn -0.9044 -0.4263 0.0195
vn -0.9300 -0.3658 0.0360
vn -0.9014 -0.4326 0.0177
vn 0.9721 0.0191 -0.2338
vn 0.9871 0.0154 -0.1595
vn -0.0189 0.9988 -0.0442
vn -0.0207 0.9984 -0.0517
vn -0.0332 0.9940 -0.1047
vn -0.0353 0.9929 -0.1139
vn -0.0046 1.0000 0.0050
vn -0.0547 0.9502 0.3069
vn -0.9994 0.0245 0.0265
vn -0.0192 -0.5989 0.8006
vn -0.0726 -0.0452 -0.9963
vn 0.0012 0.9989 -0.0472
vn 0.0182 0.9991 0.0372
vn -0.0411 0.9990 -0.0190
vn 0.0254 0.9987 0.0441
vn -0.9642 -0.2646 0.0192
vn -0.9917 -0.1286 0.0020
vn -0.9908 -0.1353 0.0028
vn 0.0145 -0.3635 -0.9315
vn 0.0408 -0.1729 -0.9841
vn 0.0393 -0.1862 -0.9817
vn -0.0113 -0.0064 0.9999
vn -0.9940 -0.0215 0.1075
vn -0.9984 -0.0430 0.0364
vn -0.9891 -0.0767 0.1255
vn 0.1330 -0.9911 0.0107
vn -0.0043 -0.0909 -0.9959
vn -0.0047 -0.0940 -0.9956
vn -0.0130 -0.1805 -0.9835
vn -0.0365 -0.2715 -0.9618
vn -0.9938 0.0385 0.1039
vn -0.0089 0.5189 -0.8548
vn -0.0021 0.2834 -0.9590
vn 0.7995 -0.0151 -0.6004
vn -0.8749 0.4113 0.2556
vn -0.0081 -0.9947 -0.1026
vn -0.9925 -0.0505 0.1116
vn 0.0071 0.0118 0.9999
vn -0.0750 -0.3118 0.9472
vn 0.0349 -0.9994 -0.0043
vn 0.0362 -0.9993 -0.0043
vn -0.0114 -0.9999 -0.0126
vn 0.0007 0.5440 -0.8391
vn 0.0117 0.9989 -0.0463
vn 0.0241 0.9975 -0.0666
vn 0.0332 0.9958 -0.0855
vn -0.0035 -0.0053 1.0000
vn -0.1151 -0.0144 0.9932
vn -0.7354 0.6607 -0.1508
vn 0.0182 0.9991 0.0373
vn 0.0918 0.9900 0.1068
vn 0.0087 0.9914 0.1305
vn 0.0903 0.8956 -0.4355
vn -0.5791 -0.0401 -0.8142
vn -0.1330 0.2638 -0.9554
vn 0.0269 0.6072 0.7941
vn 0.0288 0.6009 0.7988
vn 0.0406 0.5616 0.8264
vn -0.0641 -0.9979 0.0106
vn -0.1868 -0.9805 -0.0614
vn -0.1185 -0.9927 -0.0212
vn -0.3953 0.0830 -0.9148
vn -0.3898 0.0954 -0.9160
vn -0.4036 0.0826 -0.9112
vn -0.8185 0.5598 0.1293
vn -0.0187 -0.2181 -0.9758
vn 0.0353 0.9951 -0.0922
vn -0.7831 0.4217 -0.4571
vn -0.9965 0.0222 0.0801
vn 0.0269 -0.9976 0.0634
vn 0.0074 0.0145 0.9999
vn -0.9295 -0.3688 0.0008
vn -0.8823 -0.4705 -0.0129
vn -0.8783 -0.4779 -0.0139
vn -0.8298 0.5577 0.0222
vn -0.6782 0.5418 -0.4964
vn -0.6732 0.5508 -0.4935
vn -0.6805 0.5377 -0.4978
vn -0.0287 0.5845 -0.8109
vn -0.0556 0.6150 -0.7865
vn -0.0079 0.0356 -0.9993
vn -0.9945 -0.0850 -0.0614
vn -0.9967 -0.0685 -0.0425
vn -0.7244 0.5860 -0.3631
vn -0.7392 0.6007 -0.3045
vn -0.7296 0.5911 -0.3439
vn 0.0434 0.5520 0.8327
vn -0.6606 -0.7506 0.0145
vn -0.7778 0.6281 0.0224
vn 0.0008 0.5440 -0.8391
vn 0.0034 0.9869 -0.1612
vn 0.1873 0.9751 -0.1190
vn 0.0640 0.9803 -0.1866
vn 0.3080 0.1846 -0.9333
vn -0.0390 0.9989 0.0271
vn -0.4256 0.0832 -0.9011
vn 0.2845 0.0460 -0.9576
vn -0.8734 0.0782 -0.4806
vn -0.8685 0.0947 -0.4866
vn -0.8781 0.0615 -0.4745
vn -0.7554 -0.6360 0.1579
vn -0.9991 -0.0264 0.0338
vn 0.0029 0.9999 -0.0137
vn -0.9906 -0.0773 0.1128
vn -0.9982 -0.0479 0.0351
vn -0.9949 -0.0642 0.0782
vn 0.0380 0.0985 -0.9944
vn -0.0028 0.0150 -0.9999
vn -0.1064 0.0139 -0.9942
vn -0.0487 0.0120 -0.9987
vn 0.9969 -0.0339 -0.0713
vn 0.0587 0.2518 -0.9660
vn -0.0674 0.9975 0.0212
vn -0.8460 -0.1230 0.5188
vn -0.0274 -0.0069 -0.9996
vn -0.0305 -0.0039 -0.9995
vn -0.0307 -0.0038 -0.9995
vn -0.4370 0.0905 -0.8949
vn -0.0757 0.9912 -0.1083
vn 0.9996 0.0271 0.0040
vn -0.8937 0.0329 -0.4475
vn -0.0024 0.9998 -0.0198
vn -0.0857 0.0703 -0.9938
vn -0.7112 0.5732 -0.4070
vn -0.0339 -0.0007 -0.9994
vn -0.9571 0.2896 -0.0008
vn -0.6845 0.7281 -0.0361
vn -0.2368 0.1939 0.9520
vn -0.2313 0.1928 0.9536
vn -0.2701 0.1048 0.9571
vn -0.2391 0.1301 0.9622
vn -0.2986 0.1812 -0.9370
vn -0.3158 0.0833 -0.9452
vn -0.3431 0.0659 -0.9370
vn -0.5466 0.8374 0.0040
vn -0.4070 0.9134 -0.0109
vn -0.4102 0.9119 -0.0102
vn 0.3381 -0.0733 -0.9383
vn 0.1982 -0.0717 -0.9775
vn 0.0383 0.9914 -0.1255
vn 0.0141 0.9992 0.0377
vn 0.0359 0.9934 -0.1092
vn -0.9875 0.1493 -0.0503
vn -0.9967 0.0543 0.0598
vn -0.9946 0.0122 0.1027
vn 0.7435 0.0043 -0.6688
vn 0.7736 -0.0245 -0.6332
vn 0.7450 0.0109 -0.6670
vn -0.9993 -0.0377 0.0085
vn -0.1085 0.0140 -0.9940
vn -0.0027 0.0150 -0.9999
vn 0.0001 0.0734 -0.9973
vn 0.5079 0.8606 -0.0374
vn 0.7351 -0.0122 -0.6778
vn -0.6668 -0.7452 0.0103
vn 0.7058 0.0236 -0.7080
vn 0.7130 0.0252 -0.7007
vn 0.5988 -0.0046 -0.8009
vn -0.9587 -0.2837 0.0217
vn 0.0012 -0.2719 -0.9623
vn -0.0130 -0.1806 -0.9835
vn -0.0017 -0.2542 -0.9671
vn 0.6382 0.6423 -0.4243
vn 0.6933 0.6428 -0.3258
vn 0.6284 0.6460 -0.4334
vn -0.8820 0.0467 -0.4689
vn -0.0153 -0.0062 0.9999
vn -0.5565 -0.8308 0.0029
vn -0.4816 -0.8764 -0.0019
vn -0.9992 -0.0400 -0.0073
vn -0.7517 0.6595 -0.0022
vn -0.7602 0.6494 -0.0158
vn -0.7509 0.6604 -0.0010
vn -0.6691 0.7431 0.0119
vn 0.6231 -0.0197 0.7819
vn 0.0142 0.0214 0.9997
vn -0.6885 0.5230 -0.5024
vn -0.0429 -0.3763 -0.9255
vn 0.7357 0.0106 -0.6773
vn -0.0002 -1.0000 0.0002
vn -0.9994 0.0242 -0.0240
vn -0.9967 0.0542 0.0598
vn -0.2641 -0.0076 0.9645
vn -0.2468 -0.0034 0.9691
vn -0.0323 0.0471 0.9984
vn -0.3003 0.9537 0.0191
vn -0.0121 -0.9998 -0.0125
vn -0.9889 0.0097 -0.1485
vn 0.0120 0.9986 0.0518
vn -0.5313 -0.0952 -0.8418
vn -0.4853 -0.0756 -0.8711
vn -0.3158 0.0833 -0.9451
vn -0.7415 0.6708 0.0135
vn -0.9982 -0.0552 0.0254
vn 0.0057 0.5566 -0.8308
vn 0.0297 0.6017 -0.7982
vn 0.0225 0.5884 -0.8082
vn -0.9693 0.2459 0.0031
vn -0.2467 -0.0033 0.9691
vn -0.0213 0.0497 0.9985
vn -0.0323 0.0472 0.9984
vn 0.2101 -0.0814 -0.9743
vn 0.0020 -0.0496 -0.9988
vn -0.2598 -0.0088 0.9656
vn 0.0377 0.6233 0.7811
vn 0.0383 0.6207 0.7831
vn 0.0413 0.6083 0.7926
vn 0.0777 0.9891 -0.1251
vn 0.0736 0.9917 -0.1054
vn 0.1118 0.9493 -0.2940
vn -0.9314 -0.3641 0.0014
vn -0.9947 -0.1003 -0.0240
vn 0.5984 0.6305 -0.4943
vn 0.6382 0.6423 -0.4244
vn 0.7301 0.3979 -0.5555
vn -0.9595 0.2816 -0.0036
vn 0.6106 0.6188 -0.4942
vn 0.7236 -0.0077 -0.6902
vn 0.7434 0.0043 -0.6688
vn 0.7293 0.0041 -0.6842
vn 0.0008 0.9987 -0.0502
vn 0.0422 0.2213 -0.9743
vn 0.8181 -0.5224 0.2405
vn 0.0211 0.0029 0.9998
vn 0.0189 0.0009 0.9998
vn 0.0186 0.0006 0.9998
vn 0.9794 -0.1049 -0.1724
vn -0.9635 0.2450 0.1081
vn -0.9756 0.2163 0.0388
vn -0.7809 -0.6064 -0.1500
vn 0.9143 -0.3681 0.1687
vn -0.9838 0.1744 -0.0424
vn 0.4992 -0.2191 0.8383
vn 0.8928 -0.1820 -0.4120
vn -0.7506 0.4543 0.4797
vn 0.8559 -0.5163 -0.0293
vn -0.9058 0.2392 -0.3497
vn -0.0450 -0.3925 -0.9187
vn -0.0187 -0.2181 -0.9757
vn -0.7739 -0.0485 -0.6314
vn -0.8516 -0.0554 -0.5213
vn -0.8884 -0.0588 -0.4552
vn -0.9958 -0.0390 -0.0829
vn -0.7090 -0.7050 0.0139
vn -0.9992 0.0382 0.0154
vn -0.9979 0.0621 -0.0169
vn -0.9992 0.0367 0.0174
vn -0.5505 0.8348 0.0009
vn -0.6347 0.7727 0.0061
vn -0.0677 0.9977 -0.0085
vn -0.1896 0.9809 0.0426
vn -0.1220 0.9924 0.0168
vn 0.0420 0.6057 0.7946
vn -0.7466 -0.6652 0.0128
vn -0.3454 0.9355 -0.0741
vn -0.4721 0.8810 0.0314
vn -0.8666 -0.3841 -0.3185
vn -0.9942 0.0628 0.0871
vn -0.8513 -0.0432 0.5229
vn -0.9366 0.3038 -0.1744
vn -0.9387 0.3023 -0.1658
vn -0.9456 0.2965 -0.1336
vn -0.9980 0.0022 0.0637
vn -0.7212 0.5883 -0.3657
vn -0.9897 -0.0499 0.1343
vn 0.1088 0.8764 0.4692
vn -0.2657 -0.9640 -0.0131
vn -0.0212 -0.0082 0.9997
vn 0.6275 -0.0224 -0.7783
vn -0.9654 0.0028 0.2607
vn 0.0120 -0.0054 -0.9999
vn 0.0088 0.0006 -1.0000
vn 0.0150 -0.0033 -0.9999
vn -0.7739 -0.0485 -0.6315
vn -0.7585 -0.0472 -0.6499
vn -0.8515 -0.0553 -0.5214
vn -0.9908 0.0082 0.1352
vn -0.8749 -0.1361 -0.4648
vn -0.8845 -0.0755 -0.4605
vn -0.8885 -0.0403 -0.4571
vn 0.6401 -0.0281 -0.7678
vn -0.5186 0.8301 -0.2050
vn -0.2489 0.9671 -0.0524
vn -0.9937 -0.0963 0.0570
vn -0.9740 0.2127 -0.0786
vn -0.9994 0.0243 -0.0240
vn 0.0121 0.0056 -0.9999
vn -0.0363 0.9985 0.0408
vn 0.9813 -0.0144 -0.1920
vn 0.9218 -0.0328 -0.3863
vn 0.9129 -0.0378 -0.4063
vn -0.7986 0.1935 0.5699
vn -1.0000 -0.0005 0.0009
vn -1.0000 -0.0000 0.0006
vn 0.0005 0.0024 -1.0000
vn 0.0107 0.0053 -0.9999
vn -0.9585 -0.0003 0.2851
vn 0.1157 0.9424 -0.3139
vn 0.2792 0.2946 0.9139
vn -0.0942 0.8809 0.4637
vn 0.9991 0.0083 -0.0426
vn 0.9953 0.0290 -0.0925
vn 0.9997 0.0043 -0.0239
vn -1.0000 0.0031 0.0009
vn -1.0000 -0.0075 -0.0003
vn -1.0000 0.0027 0.0008
vn -0.0143 0.9997 -0.0176
vn 0.0164 -0.0014 0.9999
vn -0.9478 0.2945 -0.1227
vn -0.0011 0.5435 -0.8394
vn 0.7445 -0.0282 0.6670
vn 0.0018 0.0065 1.0000
vn -0.0036 0.0013 1.0000
vn 0.1414 0.6219 -0.7702
vn 0.1447 0.6110 -0.7783
vn 0.1335 0.6477 -0.7501
vn 0.1335 0.6478 -0.7500
vn 0.1304 0.6572 -0.7423
vn -0.4904 0.0143 0.8714
vn 0.0089 0.0038 -1.0000
vn 0.0147 0.9998 -0.0096
vn 0.0200 0.9998 0.0022
vn -0.7235 0.6675 0.1760
vn -0.7467 0.6277 0.2203
vn -0.7281 0.6602 0.1844
vn -0.8921 0.0067 -0.4518
vn 0.2456 0.9561 0.1598
vn 0.0140 0.7039 -0.7102
vn 0.9869 0.0498 -0.1538
vn -0.5040 0.6949 0.5129
vn -0.6061 0.1343 -0.7840
vn -0.7069 0.6919 0.1469
vn -0.7235 0.6675 0.1759
vn -0.5718 0.3741 0.7302
vn -0.4557 0.5161 0.7252
vn -0.3889 0.6219 0.6797
vn -0.0982 0.9952 0.0003
vn -0.0599 0.9982 -0.0101
vn -0.1146 0.9934 -0.0052
vn -0.9926 -0.0540 -0.1089
vn -0.9971 0.0349 -0.0672
vn -0.9961 0.0816 0.0338
vn -0.9968 0.0768 0.0219
vn -0.0510 0.2418 0.9690
vn 0.0063 0.9991 -0.0430
vn -0.0789 0.9909 0.1086
vn -0.0507 0.9963 -0.0687
vn -0.9845 -0.0161 0.1746
vn 0.9016 -0.4297 0.0491
vn 0.9535 -0.2750 0.1236
vn 0.9329 -0.3490 0.0890
vn -0.9368 -0.0413 0.3474
vn -0.9967 0.0295 -0.0761
vn -0.9969 0.0378 -0.0690
vn -0.9987 0.0029 0.0501
vn -0.9947 -0.0208 0.1010
vn -0.9930 -0.0274 0.1150
vn -0.4558 0.5159 0.7253
vn -0.5719 0.3740 0.7301
vn -0.5592 0.3655 0.7441
vn 0.0401 0.6233 -0.7810
vn 0.0332 0.6258 -0.7792
vn 0.0182 0.6314 -0.7753
vn -0.9914 -0.0233 0.1290
vn -0.0204 -0.0195 -0.9996
vn 0.0097 0.6344 -0.7730
vn -0.0097 0.9978 -0.0653
vn -0.9986 0.0263 0.0457
vn -0.9827 0.1822 -0.0326
vn -0.9877 0.1338 0.0814
vn 0.0234 -0.0048 -0.9997
vn -0.1193 0.0125 -0.9928
vn -0.1211 -0.0014 0.9926
vn -0.9465 0.0122 -0.3226
vn -0.9638 0.0682 -0.2577
vn -0.9517 0.0268 -0.3059
vn 0.9548 -0.0676 -0.2895
vn 0.9553 -0.0666 -0.2881
vn 0.9546 -0.0680 -0.2899
vn -0.0353 0.9984 -0.0431
vn -0.0872 0.9838 -0.1565
vn -0.0507 0.9963 -0.0688
vn -0.1047 -0.9832 -0.1496
vn -0.9359 -0.0140 -0.3521
vn -0.0221 -0.0063 -0.9997
vn -0.0171 -0.0013 -0.9999
vn -0.0222 -0.0063 -0.9997
vn 0.0795 -0.9877 0.1347
vn -1.0000 -0.0001 0.0007
vn -1.0000 -0.0010 0.0011
vn 0.9999 -0.0043 -0.0139
vn -0.0353 0.9985 -0.0430
vn -0.9324 0.0133 0.3611
vn -0.9621 0.2571 -0.0904
vn -0.9500 0.2862 -0.1248
vn 0.9870 -0.0251 -0.1589
vn -0.9841 -0.1729 -0.0410
vn -0.9994 0.0106 0.0335
vn 0.9542 -0.0690 -0.2912
vn -0.7565 0.6540 -0.0072
vn 0.0296 -0.1838 -0.9825
vn -0.0047 -0.1227 -0.9924
vn 0.0091 -0.0959 -0.9953
vn 0.0165 0.9358 -0.3522
vn -0.0104 0.8399 -0.5426
vn -0.0086 0.8478 -0.5303
vn -0.9466 0.0018 -0.3223
vn -0.9537 0.0054 -0.3008
vn -0.9872 0.0287 -0.1571
vn -0.2389 0.0134 -0.9709
vn -0.2199 0.0100 -0.9755
vn -0.7213 -0.0209 -0.6923
vn -0.0089 -0.0038 1.0000
vn -0.1039 0.9946 -0.0008
vn -0.9537 0.0054 -0.3007
vn -0.9903 0.0322 -0.1350
vn 0.6988 0.6849 -0.2063
vn -0.9500 0.2861 -0.1248
vn -0.9577 0.2728 -0.0922
vn 0.9969 -0.0528 0.0591
vn -0.1344 -0.0292 0.9905
vn -0.6562 -0.0533 0.7527
vn -0.6533 -0.0503 0.7554
vn -0.6552 -0.0523 0.7536
vn 0.0114 -0.0365 -0.9993
vn 0.0197 0.9445 -0.3280
vn -0.6505 0.2616 0.7130
vn -0.4760 -0.5510 0.6855
vn -0.0187 0.8352 -0.5496
vn 0.0039 0.8755 -0.4833
vn 0.0037 0.8742 -0.4856
vn 0.9917 -0.0484 -0.1193
vn 0.8709 -0.4912 0.0170
vn 0.9016 -0.4298 0.0491
vn 0.9329 -0.3491 0.0890
vn -0.2035 0.9790 0.0118
vn -0.9907 0.0352 -0.1316
vn -0.9973 0.0407 -0.0607
vn -0.9937 0.0229 -0.1096
vn -0.0062 0.9990 -0.0440
vn -0.0270 -0.0111 -0.9996
vn 0.1904 -0.0278 -0.9813
vn -0.9025 -0.4306 -0.0047
vn -0.8886 0.4587 -0.0042
vn -0.9533 0.3007 0.0269
vn -0.9788 0.2019 0.0354
vn -0.9899 0.0254 -0.1398
vn -0.6489 0.7473 0.1429
vn -0.0851 0.0038 -0.9964
vn -0.9989 -0.0458 0.0042
vn -0.9988 -0.0485 -0.0022
vn -0.9989 -0.0476 -0.0000
vn 0.3183 0.0309 0.9475
vn -0.0124 0.9999 0.0010
vn -0.9998 0.0061 -0.0200
vn 0.0080 -0.9903 0.1387
vn 0.0116 -0.0201 -0.9997
vn 0.0191 -0.0143 -0.9997
vn -0.9107 0.4130 0.0038
vn -0.9997 0.0064 -0.0231
vn 0.0798 0.3406 -0.9368
vn -0.0002 -1.0000 -0.0001
vn -1.0000 0.0026 0.0007
vn -1.0000 0.0009 0.0002
vn -1.0000 0.0024 0.0002
vn -1.0000 0.0008 0.0002
vn -0.0841 -0.0241 0.9962
vn 0.1035 0.0030 0.9946
vn 0.0675 -0.0022 0.9977
vn 0.0052 -0.9996 0.0272
vn -0.9990 -0.0448 0.0064
vn -0.2034 0.9790 0.0118
vn -0.1146 0.9934 -0.0051
vn -0.2064 0.9784 0.0121
vn -0.9807 0.1954 0.0022
vn -0.7494 0.6609 0.0405
vn 0.0007 0.0011 -1.0000
vn -0.0252 0.9997 0.0044
vn -0.1010 -0.6221 0.7764
vn -0.9660 0.2507 0.0633
vn -0.9988 0.0302 -0.0392
vn -0.0040 0.9993 -0.0382
vn 0.1035 0.9880 0.1145
vn -0.9965 0.0837 0.0058
vn 0.0003 -0.0388 -0.9992
vn -0.9301 0.3539 0.0980
vn -0.9660 0.2508 0.0633
vn -0.9533 0.3007 0.0270
vn -0.0015 0.4372 0.8993
vn -0.0051 0.4455 0.8953
vn -0.0039 0.4427 0.8967
vn 0.0238 -0.0044 -0.9997
vn 0.0236 -0.0046 -0.9997
vn 0.0136 0.9922 0.1242
vn 0.0085 0.9945 0.1042
vn -0.0109 0.9996 0.0268
vn -0.0598 0.8601 -0.5065
vn -0.0385 0.8470 -0.5302
vn -0.0944 -0.0256 0.9952
vn -0.0238 0.9996 -0.0121
vn -0.0042 0.9942 -0.1073
vn -0.0195 0.9993 -0.0328
vn -0.9907 0.1362 0.0044
vn -0.9919 0.1269 0.0092
vn -0.9909 0.1345 0.0044
vn 0.0040 0.4534 0.8913
vn 0.0058 0.4573 0.8893
vn -0.0000 0.4446 0.8957
vn -0.0158 0.9986 -0.0500
vn -0.0405 0.9992 0.0065
vn -0.9969 -0.0063 -0.0787
vn -1.0000 0.0007 0.0065
vn -0.9964 -0.0068 -0.0843
vn -0.9999 0.0010 0.0103
vn -0.0011 0.9925 -0.1222
vn -0.0154 0.9998 0.0088
vn -0.0788 0.9870 0.1403
vn -0.2236 0.9436 0.2441
vn -0.0620 0.9965 0.0553
vn -0.0017 0.4410 0.8975
vn 0.0434 0.5388 -0.8413
vn 0.0133 0.4771 -0.8787
vn 0.0193 0.4896 -0.8718
vn 0.8753 -0.4821 0.0377
vn -0.5896 0.6403 -0.4923
vn -0.4960 -0.7909 -0.3585
vn -0.2253 0.9742 -0.0109
vn -0.3235 0.9449 -0.0498
vn -0.2572 0.9661 -0.0234
vn -0.6581 -0.0553 0.7509
vn -0.8958 -0.0012 0.4444
vn -0.8827 0.0119 0.4697
vn -0.8804 -0.0102 0.4741
vn -0.9897 0.1417 -0.0206
vn -0.9832 0.1824 -0.0005
vn -0.9903 0.1387 -0.0012
vn -0.0616 0.9976 0.0322
vn -0.9110 -0.0104 0.4123
vn -0.0830 0.4426 -0.8929
vn -0.8845 0.4665 -0.0045
vn -0.5486 0.8359 -0.0152
vn -0.9984 0.0570 -0.0045
vn -0.0331 0.0015 -0.9995
vn -0.0152 0.0100 -0.9998
vn -0.0681 -0.9957 0.0622
vn -0.9756 0.0865 0.2020
vn -0.0007 0.4353 0.9003
vn -0.0015 0.4372 0.8994
vn -0.3507 0.9345 -0.0608
vn -0.9711 -0.2384 -0.0093
vn 0.0031 0.0081 -1.0000
vn -0.0045 0.0229 -0.9997
vn -0.9273 -0.0487 0.3712
vn -0.9982 0.0602 0.0009
vn -0.8334 0.5504 0.0501
vn -0.8404 0.5388 0.0579
vn -0.8021 0.5969 0.0175
vn -0.9860 0.1668 0.0051
vn -0.9959 0.0705 -0.0574
vn -0.9900 0.1409 0.0030
vn 0.0011 0.0092 -1.0000
vn 0.0179 0.0172 -0.9997
vn 0.0443 0.0277 -0.9986
vn 0.0575 0.0374 -0.9976
vn 0.0506 0.5533 -0.8315
vn -0.9858 0.1671 0.0138
vn -0.0527 0.9984 0.0209
vn -0.1014 0.9946 0.0203
vn 0.0044 -0.0008 1.0000
vn 0.0079 -0.0010 1.0000
vn 0.0068 -0.0018 1.0000
vn -0.7477 -0.0052 -0.6641
vn -0.7496 -0.0044 -0.6619
vn -0.7569 0.0355 -0.6525
vn -0.0005 0.0058 -1.0000
vn -0.8683 -0.4921 0.0627
vn -0.8404 0.5388 0.0580
vn -0.8554 0.5125 0.0754
vn -0.0448 0.9990 0.0025
vn -0.5510 0.4541 0.7001
vn -0.9959 0.0704 -0.0574
vn -0.9770 -0.0111 -0.2129
vn 0.0100 0.9976 -0.0684
vn 0.0124 0.9968 -0.0790
vn 0.0106 0.9974 -0.0710
vn 0.0127 0.9967 -0.0807
vn -0.7569 0.0356 -0.6525
vn -0.7496 -0.0044 -0.6618
vn -0.7578 0.0397 -0.6513
vn 0.0248 0.5619 -0.8268
vn 0.0187 0.5646 -0.8251
vn 0.0088 0.5690 -0.8223
vn 0.4728 0.8693 -0.1443
vn -0.8513 0.0360 0.5235
vn -0.9705 -0.2345 -0.0556
vn -0.9775 -0.2051 -0.0489
vn -0.9815 -0.1809 -0.0621
vn -0.4867 -0.0329 -0.8730
vn -0.4421 -0.0270 -0.8966
vn -0.5956 -0.0479 -0.8019
vn -0.9992 0.0218 -0.0339
vn -0.9981 0.0254 -0.0557
vn -0.9992 0.0206 -0.0342
vn -0.8452 -0.1165 0.5216
vn 0.0186 0.5647 -0.8251
vn 0.0019 0.5720 -0.8203
vn -0.0327 0.9995 0.0051
vn -0.0120 -0.0014 0.9999
vn 0.0086 -0.0125 0.9999
vn -0.0207 -0.0120 0.9997
vn -0.9994 0.0056 0.0335
vn -0.9987 -0.0405 0.0316
vn 0.0008 0.4028 0.9153
vn -0.0034 0.4178 0.9085
vn -0.0020 0.4129 0.9108
vn 0.0004 -0.0092 -1.0000
vn -0.0137 -0.0364 0.9992
vn -0.0499 0.0088 0.9987
vn -0.0208 -0.0120 0.9997
vn 0.0503 0.0541 -0.9973
vn 0.0923 0.0893 -0.9917
vn 0.0062 0.0206 -0.9998
vn -0.0149 -0.0022 -0.9999
vn -0.0438 0.9959 -0.0790
vn -0.9949 0.0103 0.0999
vn -0.9963 0.0092 0.0858
vn -0.9998 0.0193 -0.0066
vn -0.9722 -0.0513 -0.2284
vn -0.9984 0.0289 -0.0484
vn -0.9976 0.0304 -0.0628
vn -0.9976 0.0333 -0.0606
vn -0.0405 -0.0156 -0.9991
vn 0.9900 0.0185 -0.1398
vn 0.9877 0.0429 -0.1504
vn 0.9902 0.0211 -0.1379
vn -0.8301 0.0279 -0.5569
vn 0.0017 0.3994 0.9168
vn -0.0498 -0.9755 -0.2143
vn -0.9979 0.0640 -0.0001
vn -0.9073 -0.0531 -0.4170
vn -0.9191 -0.0288 -0.3930
vn -0.9086 -0.0506 -0.4146
vn -0.9998 -0.0143 0.0142
vn -0.4099 0.0245 -0.9118
vn -0.1695 -0.0181 0.9854
vn -0.0182 0.9986 -0.0493
vn -0.9652 0.0549 -0.2556
vn -0.7707 0.5484 0.3245
vn -0.8976 -0.0716 -0.4350
vn 0.9675 0.1361 -0.2133
vn -0.6034 -0.0490 -0.7960
vn -0.0350 -0.0040 -0.9994
vn -0.0392 0.0084 -0.9992
vn -0.0320 0.0044 -0.9995
vn -0.0248 0.0003 -0.9997
vn -0.9976 0.0686 0.0013
vn 0.9569 0.0776 -0.2799
vn 0.8361 0.2304 -0.4979
vn 0.1345 0.0407 0.9901
vn -0.0100 -0.0079 -0.9999
vn -0.0269 0.0191 0.9995
vn -0.0023 0.0067 1.0000
vn -0.0168 0.0135 0.9998
vn -0.0945 0.8321 -0.5465
vn -0.9941 -0.0866 -0.0656
vn -0.9694 -0.1997 -0.1428
vn -0.9955 -0.0561 -0.0764
vn -0.9594 0.0578 -0.2762
vn -0.9996 -0.0057 0.0273
vn -0.0000 0.0032 1.0000
vn 0.0029 -0.0003 1.0000
vn -0.9951 -0.0090 -0.0989
vn -0.9966 0.0797 0.0190
vn -0.9994 0.0213 -0.0254
vn -0.9546 -0.2607 -0.1440
vn -0.9996 0.0146 -0.0221
vn 0.9527 0.1805 -0.2446
vn -0.9998 0.0017 -0.0186
vn -0.9980 0.0640 -0.0001
vn -0.9501 -0.0850 0.3000
vn -0.0233 0.4373 -0.8990
vn 1.0000 0.0030 -0.0015
vn -0.0178 0.9990 -0.0407
vn -0.0040 0.9993 -0.0383
vn -0.0679 -0.0191 -0.9975
vn -0.8374 0.0311 0.5457
vn 0.0118 -0.0015 0.9999
vn -0.0215 -0.0015 -0.9998
vn -1.0000 0.0014 -0.0025
vn -0.8630 -0.0317 0.5043
vn -0.6645 0.0432 -0.7460
vn -0.9637 -0.0502 -0.2621
vn -0.7549 0.0845 -0.6504
vn 0.8209 0.0103 -0.5710
vn -1.0000 0.0006 0.0002
vn -0.1564 -0.0712 -0.9851
vn -0.1134 -0.0491 -0.9923
vn -0.0345 0.9993 0.0145
vn -0.0338 0.9992 0.0209
vn -0.4224 0.6641 -0.6168
vn -0.9994 0.0340 -0.0103
vn -0.9999 -0.0060 0.0140
vn -0.9997 -0.0237 -0.0079
vn -0.1909 0.4077 -0.8930
vn -0.1300 0.3616 -0.9232
vn -0.1041 0.3415 -0.9341
vn -0.8829 0.4696 0.0052
vn -0.0402 0.9991 -0.0126
vn -0.9989 -0.0294 -0.0371
vn -0.0318 0.9990 0.0307
vn -0.9999 -0.0128 0.0034
vn 0.0005 -0.0378 -0.9993
vn -0.0318 0.9995 -0.0003
vn -0.0533 0.9986 0.0014
vn -0.0395 0.9992 -0.0024
vn -0.9393 0.0692 -0.3359
vn -0.9568 -0.0140 -0.2903
vn -0.0558 0.3032 -0.9513
vn 0.0089 0.0022 1.0000
vn -0.0211 0.9991 -0.0365
vn -0.0274 0.9986 -0.0446
vn -0.0045 0.9997 -0.0239
vn -0.0040 0.9998 -0.0189
vn -0.9911 0.1242 -0.0489
vn -0.9962 0.0858 0.0127
vn -0.5504 -0.0073 0.8349
vn -0.9941 -0.0865 -0.0656
vn -0.0248 0.0029 -0.9997
vn -0.0290 0.9992 -0.0279
vn -0.0189 0.9998 -0.0070
vn -0.9981 0.0393 0.0485
vn -0.0371 0.9993 -0.0015
vn -0.0001 -0.0451 -0.9990
vn -1.0000 0.0045 0.0006
vn -1.0000 0.0078 -0.0002
vn -0.0001 -0.0455 -0.9990
vn 0.0556 0.9984 0.0124
vn 0.0011 1.0000 0.0047
vn 0.0330 0.9994 0.0127
vn 0.0276 0.9995 0.0146
vn -1.0000 -0.0016 0.0020
vn -0.9017 0.2661 -0.3408
vn 0.0612 0.9981 -0.0000
vn 0.0332 0.9994 0.0127
vn 0.3260 0.9454 0.0029
vn 0.4020 0.9157 -0.0000
vn 0.3500 0.9367 0.0020
vn -0.2020 -0.9793 -0.0101
vn -0.8169 0.5768 0.0046
vn 0.3501 0.9367 0.0020
vn 0.3252 0.9456 0.0029
vn -1.0000 0.0043 0.0008
vt 0.946923 0.391165
vt 0.941087 0.391165
vt 0.944495 0.390938
vt 0.019254 0.526994
vt 0.011003 0.524315
vt 0.020045 0.522980
vt 0.021526 0.814853
vt 0.011023 0.814853
vt 0.018778 0.810345
vt 0.984285 0.454550
vt 0.978100 0.449943
vt 0.989481 0.441511
vt 0.982167 0.287099
vt 0.984027 0.273958
vt 0.993876 0.286816
vt 0.974154 0.293248
vt 0.974548 0.431503
vt 0.976034 0.441698
vt 0.011300 0.518494
vt 0.006377 0.512560
vt 0.025172 0.511923
vt 0.019551 0.520560
vt 0.406053 0.971595
vt 0.406167 0.958224
vt 0.415517 0.961052
vt 0.412732 0.975742
vt 0.386814 0.952462
vt 0.403114 0.940062
vt 0.417777 0.947126
vt 0.392766 0.966435
vt 0.420702 0.967486
vt 0.657444 0.956213
vt 0.648731 0.954598
vt 0.660513 0.946054
vt 0.402709 0.983689
vt 0.426040 0.955757
vt 0.415961 0.983993
vt 0.432145 0.971252
vt 0.662189 0.967475
vt 0.671865 0.965227
vt 0.679946 0.946887
vt 0.379598 0.958403
vt 0.382561 0.976794
vt 0.576184 0.980530
vt 0.560479 0.991315
vt 0.561309 0.978158
vt 0.656457 0.977976
vt 0.644059 0.964876
vt 0.685313 0.955380
vt 0.581410 0.990780
vt 0.564059 0.960985
vt 0.574138 0.971926
vt 0.646310 0.979500
vt 0.668347 0.977157
vt 0.575040 0.957729
vt 0.594849 0.991293
vt 0.680355 0.978065
vt 0.591415 0.970215
vt 0.586998 0.960015
vt 0.618626 0.288698
vt 0.613107 0.299857
vt 0.606622 0.294530
vt 0.790485 0.902069
vt 0.777162 0.913379
vt 0.777049 0.876127
vt 0.743078 0.875086
vt 0.744090 0.911128
vt 0.628954 0.756909
vt 0.597987 0.694247
vt 0.621317 0.726929
vt 0.972100 0.135075
vt 0.975016 0.143020
vt 0.963484 0.138822
vt 0.199608 0.974933
vt 0.197803 0.966170
vt 0.202688 0.969228
vt 0.188459 0.990062
vt 0.184340 0.989266
vt 0.207589 0.985467
vt 0.983518 0.812601
vt 0.976304 0.819241
vt 0.979506 0.803545
vt 0.570446 0.030961
vt 0.569513 0.041682
vt 0.563865 0.027130
vt 0.092686 0.229884
vt 0.088395 0.210843
vt 0.093618 0.206393
vt 0.984532 0.429005
vt 0.987267 0.432334
vt 0.982724 0.430848
vt 0.079500 0.205142
vt 0.086797 0.189475
vt 0.095732 0.199326
vt 0.478772 0.105375
vt 0.489208 0.106762
vt 0.491429 0.119775
vt 0.861335 0.126695
vt 0.862883 0.120726
vt 0.872892 0.122587
vt 0.548622 0.660446
vt 0.573767 0.602049
vt 0.565758 0.676543
vt 0.580844 0.555193
vt 0.559738 0.543895
vt 0.731197 0.279282
vt 0.730210 0.282828
vt 0.662448 0.241529
vt 0.584469 0.548783
vt 0.938252 0.669466
vt 0.925872 0.728398
vt 0.933670 0.670639
vt 0.942604 0.670123
vt 0.757084 0.264328
vt 0.728856 0.239400
vt 0.624067 0.084206
vt 0.624012 0.081749
vt 0.636060 0.093143
vt 0.628497 0.074409
vt 0.557827 0.537114
vt 0.624377 0.473583
vt 0.565480 0.517194
vt 0.618893 0.472384
vt 0.451510 0.082550
vt 0.457393 0.083197
vt 0.463438 0.094265
vt 0.459431 0.077416
vt 0.453618 0.091672
vt 0.467265 0.099239
vt 0.442074 0.083097
vt 0.398991 0.051701
vt 0.388263 0.040402
vt 0.396569 0.028615
vt 0.412107 0.051908
vt 0.384398 0.055590
vt 0.273814 0.906901
vt 0.260560 0.904278
vt 0.278825 0.899077
vt 0.370938 0.045601
vt 0.396508 0.061206
vt 0.261042 0.912879
vt 0.378166 0.030897
vt 0.416217 0.065647
vt 0.250645 0.911493
vt 0.274644 0.917781
vt 0.254051 0.927521
vt 0.246142 0.918699
vt 0.480091 0.946830
vt 0.471611 0.945182
vt 0.481151 0.934860
vt 0.232043 0.912127
vt 0.370727 0.061616
vt 0.399734 0.077523
vt 0.461465 0.935812
vt 0.364913 0.038400
vt 0.490965 0.939386
vt 0.511728 0.944884
vt 0.497312 0.928501
vt 0.385226 0.071076
vt 0.237671 0.932746
vt 0.240292 0.924106
vt 0.366567 0.026544
vt 0.363891 0.055279
vt 0.353413 0.041666
vt 0.249706 0.938262
vt 0.487050 0.922623
vt 0.507781 0.929522
vt 0.973273 0.172374
vt 0.983398 0.190280
vt 0.966713 0.185733
vt 0.347382 0.042622
vt 0.353057 0.055488
vt 0.348159 0.065120
vt 0.687671 0.948564
vt 0.702612 0.963526
vt 0.689864 0.961068
vt 0.699993 0.970980
vt 0.692572 0.969378
vt 0.383308 0.073734
vt 0.713803 0.984487
vt 0.512203 0.922022
vt 0.497980 0.918181
vt 0.960290 0.180408
vt 0.363502 0.062912
vt 0.249631 0.946516
vt 0.380153 0.300064
vt 0.397429 0.286653
vt 0.406812 0.291570
vt 0.517156 0.911298
vt 0.521638 0.910144
vt 0.522658 0.914311
vt 0.693872 0.973851
vt 0.691040 0.973788
vt 0.106798 0.860019
vt 0.104300 0.856795
vt 0.168850 0.862853
vt 0.219340 0.920046
vt 0.223117 0.930355
vt 0.451241 0.100887
vt 0.450030 0.082385
vt 0.810092 0.989154
vt 0.838859 0.990906
vt 0.810749 0.991279
vt 0.810366 0.992374
vt 0.422473 0.066285
vt 0.697438 0.979915
vt 0.687586 0.982289
vt 0.512036 0.910327
vt 0.364758 0.072505
vt 0.352471 0.027123
vt 0.388594 0.088202
vt 0.378297 0.084228
vt 0.463380 0.071876
vt 0.454427 0.076611
vt 0.449009 0.081794
vt 0.516914 0.921821
vt 0.876741 0.123446
vt 0.877272 0.173697
vt 0.454965 0.064521
vt 0.480879 0.909757
vt 0.318507 0.054307
vt 0.625718 0.476892
vt 0.561507 0.524822
vt 0.924736 0.645422
vt 0.445624 0.127794
vt 0.437311 0.089248
vt 0.369132 0.306042
vt 0.366403 0.315970
vt 0.945825 0.184057
vt 0.885129 0.115830
vt 0.764687 0.270814
vt 0.636281 0.080617
vt 0.653282 0.047294
vt 0.355181 0.072833
vt 0.522821 0.927399
vt 0.890496 0.905825
vt 0.882555 0.820162
vt 0.884505 0.817812
vt 0.909144 0.665497
vt 0.914815 0.586753
vt 0.912722 0.676619
vt 0.652348 0.043970
vt 0.462820 0.059403
vt 0.438671 0.279785
vt 0.724566 0.953784
vt 0.726210 0.958720
vt 0.710890 0.952686
vt 0.953172 0.190534
vt 0.611537 0.080325
vt 0.483397 0.076613
vt 0.741793 0.948238
vt 0.893515 0.825478
vt 0.344865 0.096327
vt 0.362540 0.322204
vt 0.380038 0.313363
vt 0.700607 0.954861
vt 0.719342 0.980315
vt 0.868828 0.109661
vt 0.876130 0.104312
vt 0.916730 0.673480
vt 0.917204 0.630006
vt 0.950230 0.165954
vt 0.889429 0.098651
vt 0.352977 0.312467
vt 0.383851 0.329060
vt 0.939850 0.151130
vt 0.938120 0.235663
vt 0.872340 0.103024
vt 0.558834 0.529007
vt 0.861004 0.115027
vt 0.853761 0.123622
vt 0.856587 0.128914
vt 0.801032 0.116112
vt 0.492601 0.475625
vt 0.805254 0.115338
vt 0.876976 0.862026
vt 0.874501 0.817016
vt 0.876802 0.784662
vt 0.615917 0.084452
vt 0.879476 0.814600
vt 0.637604 0.087959
vt 0.980532 0.919487
vt 0.984078 0.914611
vt 0.985998 0.918848
vt 0.650756 0.124598
vt 0.653319 0.121618
vt 0.652366 0.124927
vt 0.468627 0.053597
vt 0.761307 0.265993
vt 0.795956 0.260046
vt 0.195683 0.877149
vt 0.193537 0.886579
vt 0.152720 0.868933
vt 0.488825 0.093776
vt 0.075733 0.193986
vt 0.064399 0.181850
vt 0.069831 0.167426
vt 0.360753 0.338442
vt 0.436497 0.276386
vt 0.200817 0.894847
vt 0.498851 0.103512
vt 0.398440 0.305113
vt 0.375051 0.098036
vt 0.885479 0.905983
vt 0.913235 0.010988
vt 0.907587 0.021093
vt 0.861200 0.007202
vt 0.019428 0.991329
vt 0.032758 0.990760
vt 0.024077 0.992408
vt 0.797412 0.371854
vt 0.782097 0.369393
vt 0.794312 0.364855
vt 0.804310 0.079221
vt 0.820451 0.084893
vt 0.776508 0.116858
vt 0.047498 0.897330
vt 0.050355 0.926074
vt 0.039794 0.903291
vt 0.022819 0.935108
vt 0.025089 0.907974
vt 0.032790 0.928340
vt 0.032318 0.905796
vt 0.025715 0.888584
vt 0.270338 0.015468
vt 0.287410 0.015204
vt 0.286697 0.030263
vt 0.034355 0.890391
vt 0.482128 0.018265
vt 0.472612 0.024653
vt 0.471040 0.022860
vt 0.012695 0.920475
vt 0.008349 0.913050
vt 0.013212 0.913782
vt 0.009098 0.910625
vt 0.006286 0.912472
vt 0.471463 0.021046
vt 0.644032 0.023781
vt 0.635225 0.023144
vt 0.633347 0.018092
vt 0.623657 0.031464
vt 0.631145 0.008257
vt 0.646700 0.006496
vt 0.858729 0.949021
vt 0.853842 0.945091
vt 0.859316 0.935843
vt 0.866773 0.939916
vt 0.798715 0.143319
vt 0.801229 0.167041
vt 0.785841 0.147055
vt 0.809567 0.163880
vt 0.790727 0.172873
vt 0.774342 0.153462
vt 0.223656 0.969940
vt 0.223260 0.981470
vt 0.215151 0.975316
vt 0.812360 0.126496
vt 0.815613 0.133784
vt 0.805343 0.133863
vt 0.813038 0.142340
vt 0.818116 0.169790
vt 0.801233 0.180279
vt 0.825415 0.129124
vt 0.774346 0.143194
vt 0.780986 0.183856
vt 0.210379 0.963918
vt 0.233133 0.955739
vt 0.228982 0.962268
vt 0.212243 0.956776
vt 0.975044 0.627594
vt 0.976908 0.632447
vt 0.962906 0.638567
vt 0.955876 0.685962
vt 0.966313 0.670825
vt 0.966628 0.688248
vt 0.958822 0.666737
vt 0.975993 0.643386
vt 0.966688 0.655261
vt 0.957003 0.649266
vt 0.961331 0.693652
vt 0.973445 0.669558
vt 0.974528 0.685198
vt 0.970433 0.702584
vt 0.974159 0.655415
vt 0.894063 0.327745
vt 0.890240 0.337080
vt 0.883173 0.323309
vt 0.888076 0.304928
vt 0.899861 0.307702
vt 0.907425 0.307237
vt 0.900042 0.296973
vt 0.607755 0.945688
vt 0.624907 0.945942
vt 0.599490 0.964981
vt 0.910235 0.302895
vt 0.624903 0.956368
vt 0.890428 0.265224
vt 0.871350 0.276410
vt 0.878768 0.256096
vt 0.871229 0.270609
vt 0.693124 0.747561
vt 0.697293 0.740679
vt 0.695449 0.751214
vt 0.703710 0.752778
vt 0.068194 0.931976
vt 0.065040 0.925489
vt 0.072777 0.926439
vt 0.921867 0.856615
vt 0.942072 0.919114
vt 0.922621 0.921410
vt 0.028613 0.843222
vt 0.033837 0.853938
vt 0.029084 0.854368
vt 0.024118 0.854684
vt 0.032730 0.866676
vt 0.040013 0.866505
vt 0.042913 0.861735
vt 0.037963 0.848822
vt 0.025942 0.868847
vt 0.027504 0.061067
vt 0.037800 0.048912
vt 0.054361 0.053143
vt 0.055387 0.067503
vt 0.048132 0.034338
vt 0.030621 0.029468
vt 0.061579 0.060625
vt 0.061773 0.079280
vt 0.084712 0.857461
vt 0.063295 0.859287
vt 0.063322 0.840436
vt 0.060813 0.045931
vt 0.075563 0.057269
vt 0.047330 0.079098
vt 0.071988 0.892425
vt 0.055760 0.894964
vt 0.060667 0.886351
vt 0.052344 0.023649
vt 0.066574 0.043414
vt 0.072961 0.038785
vt 0.054867 0.848741
vt 0.047889 0.830187
vt 0.075010 0.878054
vt 0.054574 0.872373
vt 0.042861 0.848859
vt 0.046036 0.892778
vt 0.051952 0.879497
vt 0.053333 0.868345
vt 0.046092 0.862403
vt 0.314945 0.965347
vt 0.305468 0.965125
vt 0.334442 0.950911
vt 0.306859 0.960796
vt 0.329548 0.949416
vt 0.828468 0.413087
vt 0.836430 0.363054
vt 0.831542 0.401987
vt 0.837098 0.371330
vt 0.338409 0.956723
vt 0.842504 0.429829
vt 0.845148 0.449146
vt 0.328782 0.940415
vt 0.827856 0.444303
vt 0.176906 0.949316
vt 0.175302 0.904159
vt 0.183162 0.885282
vt 0.165965 0.885293
vt 0.775608 0.981919
vt 0.798824 0.968950
vt 0.797585 0.972272
vt 0.790149 0.977424
vt 0.791440 0.963652
vt 0.798032 0.963119
vt 0.787702 0.970339
vt 0.783435 0.970160
vt 0.794673 0.983941
vt 0.032326 0.255110
vt 0.031357 0.255813
vt 0.030310 0.251938
vt 0.029814 0.252907
vt 0.028177 0.350463
vt 0.022961 0.351950
vt 0.021998 0.352081
vt 0.961203 0.296016
vt 0.947783 0.303249
vt 0.951589 0.297977
vt 0.951184 0.306548
vt 0.942749 0.308154
vt 0.918783 0.990510
vt 0.917028 0.985121
vt 0.924708 0.991580
vt 0.928632 0.989587
vt 0.927287 0.985880
vt 0.929363 0.988456
vt 0.922626 0.985593
vt 0.928107 0.995000
vt 0.936982 0.990342
vt 0.941475 0.985028
vt 0.239413 0.975270
vt 0.234021 0.966192
vt 0.236606 0.960989
vt 0.915975 0.206101
vt 0.896948 0.218211
vt 0.891894 0.209472
vt 0.964181 0.299755
vt 0.956913 0.307176
vt 0.961763 0.300932
vt 0.243675 0.956674
vt 0.910621 0.215505
vt 0.968069 0.376812
vt 0.984335 0.378854
vt 0.971335 0.382031
vt 0.254219 0.963836
vt 0.253076 0.978060
vt 0.916394 0.224475
vt 0.914902 0.218585
vt 0.968086 0.294565
vt 0.967420 0.294687
vt 0.965900 0.293749
vt 0.091849 0.552025
vt 0.093233 0.461408
vt 0.094574 0.463686
vt 0.097549 0.506951
vt 0.097185 0.561465
vt 0.091767 0.506560
vt 0.082842 0.563638
vt 0.085317 0.559496
vt 0.097238 0.572846
vt 0.098745 0.573074
vt 0.016333 0.443195
vt 0.005774 0.434058
vt 0.016043 0.429930
vt 0.023648 0.450126
vt 0.025774 0.436787
vt 0.021459 0.827027
vt 0.015961 0.819832
vt 0.028338 0.817107
vt 0.009324 0.449640
vt 0.010968 0.832978
vt 0.038537 0.822555
vt 0.035103 0.831820
vt 0.021305 0.851571
vt 0.015688 0.847703
vt 0.024717 0.841214
vt 0.028743 0.835058
vt 0.029329 0.834451
vt 0.043586 0.835290
vt 0.040681 0.829287
vt 0.030889 0.836396
vt 0.504995 0.952662
vt 0.502244 0.954523
vt 0.445499 0.954499
vt 0.505243 0.955429
vt 0.446839 0.955189
vt 0.505278 0.957399
vt 0.459189 0.952750
vt 0.459073 0.956484
vt 0.973808 0.271749
vt 0.972246 0.273464
vt 0.970717 0.293160
vt 0.979686 0.261915
vt 0.979770 0.272859
vt 0.029894 0.089756
vt 0.011299 0.082455
vt 0.034253 0.086843
vt 0.168466 0.104078
vt 0.169026 0.102257
vt 0.196653 0.105013
vt 0.031606 0.081640
vt 0.125163 0.104695
vt 0.164699 0.107856
vt 0.109618 0.114150
vt 0.163486 0.100623
vt 0.108192 0.085641
vt 0.107963 0.118739
vt 0.039558 0.351925
vt 0.027914 0.348062
vt 0.031239 0.233573
vt 0.040198 0.249571
vt 0.043099 0.263243
vt 0.021112 0.252116
vt 0.017885 0.237171
vt 0.031125 0.251217
vt 0.044171 0.244917
vt 0.033911 0.251783
vt 0.033170 0.250995
vt 0.020304 0.234642
vt 0.026599 0.231622
vt 0.964011 0.377624
vt 0.908391 0.197013
vt 0.979334 0.308971
vt 0.972979 0.376914
vt 0.965240 0.366740
vt 0.962121 0.385991
vt 0.976476 0.310788
vt 0.239361 0.978842
vt 0.259102 0.960753
vt 0.034379 0.220003
vt 0.037369 0.224661
vt 0.957268 0.372497
vt 0.266876 0.963086
vt 0.257672 0.980621
vt 0.932183 0.391613
vt 0.951724 0.372091
vt 0.255500 0.983323
vt 0.925760 0.205320
vt 0.933508 0.213928
vt 0.925220 0.223622
vt 0.927314 0.222975
vt 0.923677 0.227481
vt 0.930626 0.225555
vt 0.935681 0.237232
vt 0.935973 0.228924
vt 0.933049 0.237146
vt 0.786125 0.465187
vt 0.763523 0.464579
vt 0.803275 0.456853
vt 0.797093 0.452906
vt 0.801021 0.466493
vt 0.826670 0.473611
vt 0.800547 0.447177
vt 0.825050 0.436595
vt 0.484001 0.038617
vt 0.491839 0.037708
vt 0.498644 0.048689
vt 0.495778 0.030109
vt 0.682992 0.938170
vt 0.716274 0.925528
vt 0.696989 0.937890
vt 0.012876 0.195919
vt 0.026673 0.194708
vt 0.031678 0.204841
vt 0.474481 0.050811
vt 0.479711 0.038874
vt 0.050817 0.404841
vt 0.052368 0.399540
vt 0.068679 0.381245
vt 0.043412 0.408745
vt 0.071341 0.022188
vt 0.086879 0.040277
vt 0.084588 0.066224
vt 0.513293 0.441981
vt 0.533390 0.446515
vt 0.532449 0.450657
vt 0.523072 0.441852
vt 0.528113 0.850266
vt 0.526936 0.841167
vt 0.532731 0.850561
vt 0.078151 0.715825
vt 0.085082 0.708617
vt 0.093063 0.714645
vt 0.524573 0.850834
vt 0.075502 0.708364
vt 0.085973 0.699405
vt 0.745374 0.490770
vt 0.748781 0.497393
vt 0.746241 0.497241
vt 0.528037 0.434262
vt 0.709184 0.565469
vt 0.734244 0.621673
vt 0.722786 0.624330
vt 0.727471 0.537526
vt 0.692501 0.586217
vt 0.679604 0.565878
vt 0.696330 0.562947
vt 0.723693 0.526419
vt 0.064635 0.343731
vt 0.071820 0.336021
vt 0.078208 0.338303
vt 0.105650 0.027329
vt 0.106066 0.046939
vt 0.123077 0.028974
vt 0.009891 0.236896
vt 0.010570 0.253299
vt 0.009446 0.252582
vt 0.404366 0.460830
vt 0.374969 0.459437
vt 0.397612 0.445837
vt 0.531417 0.008110
vt 0.526151 0.024828
vt 0.522821 0.012406
vt 0.522233 0.028447
vt 0.769323 0.260145
vt 0.760634 0.251163
vt 0.763528 0.216057
vt 0.755427 0.258012
vt 0.757331 0.223161
vt 0.073283 0.277950
vt 0.070469 0.285760
vt 0.065413 0.280962
vt 0.208441 0.085116
vt 0.197444 0.072494
vt 0.216720 0.085148
vt 0.200586 0.061109
vt 0.431200 0.053598
vt 0.426692 0.054941
vt 0.426651 0.051287
vt 0.424148 0.053985
vt 0.014561 0.016409
vt 0.010488 0.016274
vt 0.010452 0.011005
vt 0.424878 0.055520
vt 0.240886 0.087638
vt 0.246698 0.080835
vt 0.253487 0.093741
vt 0.264812 0.080817
vt 0.253602 0.068956
vt 0.082258 0.261823
vt 0.086862 0.249263
vt 0.093228 0.250399
vt 0.236415 0.099927
vt 0.247945 0.100997
vt 0.086643 0.267845
vt 0.081505 0.238476
vt 0.265315 0.066793
vt 0.245079 0.062201
vt 0.223488 0.093540
vt 0.863079 0.188571
vt 0.869663 0.186275
vt 0.858855 0.197932
vt 0.086897 0.675585
vt 0.077627 0.669310
vt 0.084403 0.668952
vt 0.093785 0.653652
vt 0.091107 0.658976
vt 0.727936 0.286379
vt 0.736326 0.284942
vt 0.728975 0.326272
vt 0.380737 0.428373
vt 0.377078 0.432963
vt 0.351959 0.426896
vt 0.868468 0.209618
vt 0.861612 0.207061
vt 0.863898 0.229562
vt 0.856425 0.212099
vt 0.873949 0.230920
vt 0.858429 0.233681
vt 0.851827 0.208776
vt 0.128635 0.270081
vt 0.125833 0.288743
vt 0.123952 0.278689
vt 0.159471 0.278477
vt 0.166598 0.266871
vt 0.161427 0.307240
vt 0.155329 0.295996
vt 0.144965 0.299091
vt 0.153528 0.276259
vt 0.020017 0.265021
vt 0.020897 0.259807
vt 0.042122 0.268340
vt 0.149750 0.272596
vt 0.145232 0.285359
vt 0.037706 0.273918
vt 0.133575 0.280212
vt 0.200593 0.006597
vt 0.195812 0.017267
vt 0.182197 0.018345
vt 0.135462 0.265115
vt 0.115770 0.258620
vt 0.120180 0.248831
vt 0.197351 0.020453
vt 0.191517 0.032624
vt 0.116385 0.272264
vt 0.140254 0.264758
vt 0.157684 0.261926
vt 0.829044 0.232274
vt 0.829626 0.214768
vt 0.845034 0.226074
vt 0.010932 0.256483
vt 0.187787 0.027822
vt 0.043746 0.299473
vt 0.043208 0.292741
vt 0.051226 0.295656
vt 0.032702 0.300457
vt 0.037871 0.283663
vt 0.051162 0.309946
vt 0.060671 0.282430
vt 0.965544 0.012019
vt 0.963611 0.018865
vt 0.952228 0.005101
vt 0.392279 0.025669
vt 0.391021 0.016919
vt 0.399747 0.016491
vt 0.379686 0.015305
vt 0.381110 0.027346
vt 0.978293 0.016451
vt 0.972947 0.006287
vt 0.975724 0.007309
vt 0.374786 0.025941
vt 0.371321 0.017725
vt 0.024891 0.322758
vt 0.105582 0.279729
vt 0.183606 0.014493
vt 0.183152 0.028604
vt 0.364484 0.021318
vt 0.373122 0.007115
vt 0.382245 0.948902
vt 0.363751 0.960428
vt 0.372761 0.940007
vt 0.016255 0.269934
vt 0.076796 0.687397
vt 0.084924 0.686663
vt 0.086550 0.694591
vt 0.111129 0.256404
vt 0.356223 0.946893
vt 0.849161 0.231249
vt 0.065974 0.675225
vt 0.067332 0.681399
vt 0.055296 0.682925
vt 0.052393 0.670927
vt 0.059258 0.695491
vt 0.074315 0.681843
vt 0.110143 0.251907
vt 0.115696 0.246875
vt 0.556776 0.858886
vt 0.546401 0.857869
vt 0.545761 0.757137
vt 0.534866 0.768655
vt 0.521129 0.890293
vt 0.522354 0.901445
vt 0.421233 0.877647
vt 0.447903 0.746575
vt 0.479495 0.895788
vt 0.467017 0.367451
vt 0.495740 0.462085
vt 0.422953 0.390538
vt 0.532167 0.666685
vt 0.450802 0.764137
vt 0.428174 0.423791
vt 0.542745 0.636041
vt 0.340935 0.393204
vt 0.530956 0.605118
vt 0.451801 0.479882
vt 0.411377 0.887454
vt 0.335541 0.418376
vt 0.652644 0.243932
vt 0.708165 0.273395
vt 0.072982 0.805708
vt 0.100793 0.745284
vt 0.089746 0.805166
vt 0.876420 0.205552
vt 0.856739 0.176562
vt 0.866128 0.150036
vt 0.866618 0.164066
vt 0.178743 0.040100
vt 0.102330 0.275752
vt 0.030943 0.290151
vt 0.012631 0.283535
vt 0.062019 0.663603
vt 0.073672 0.674500
vt 0.147045 0.030566
vt 0.128029 0.027285
vt 0.135028 0.021028
vt 0.361743 0.436528
vt 0.070035 0.659526
vt 0.158427 0.026994
vt 0.876364 0.201668
vt 0.054418 0.633396
vt 0.031543 0.294231
vt 0.093741 0.671195
vt 0.041312 0.680683
vt 0.850921 0.190551
vt 0.350220 0.434404
vt 0.456135 0.482481
vt 0.150692 0.034329
vt 0.143699 0.019877
vt 0.855291 0.185761
vt 0.085965 0.653586
vt 0.075806 0.656544
vt 0.875962 0.245894
vt 0.874592 0.257247
vt 0.869709 0.248640
vt 0.046275 0.699443
vt 0.041290 0.686328
vt 0.162948 0.009553
vt 0.166704 0.006049
vt 0.174941 0.023134
vt 0.371128 0.024914
vt 0.096033 0.251296
vt 0.015140 0.289578
vt 0.157622 0.017117
vt 0.033298 0.646746
vt 0.028476 0.635423
vt 0.035999 0.635909
vt 0.982342 0.717480
vt 0.976515 0.720124
vt 0.980846 0.709128
vt 0.965201 0.706177
vt 0.994827 0.724700
vt 0.975059 0.733528
vt 0.990384 0.701262
vt 0.345963 0.917060
vt 0.345323 0.908654
vt 0.356601 0.924425
vt 0.806573 0.959918
vt 0.801826 0.952217
vt 0.816681 0.957971
vt 0.801513 0.968242
vt 0.335083 0.916843
vt 0.352563 0.934381
vt 0.815662 0.971475
vt 0.824432 0.984831
vt 0.802419 0.982211
vt 0.806650 0.975735
vt 0.361769 0.937198
vt 0.378689 0.940202
vt 0.349290 0.937167
vt 0.144126 0.011848
vt 0.848109 0.944298
vt 0.851310 0.948596
vt 0.830652 0.943656
vt 0.438634 0.071645
vt 0.441492 0.062984
vt 0.451471 0.074840
vt 0.412745 0.028703
vt 0.411087 0.022415
vt 0.422955 0.017921
vt 0.235106 0.083818
vt 0.225139 0.085720
vt 0.235605 0.068441
vt 0.230161 0.064670
vt 0.039339 0.626307
vt 0.036226 0.626973
vt 0.807348 0.949939
vt 0.785638 0.948107
vt 0.819478 0.943137
vt 0.347950 0.934937
vt 0.422306 0.042988
vt 0.406906 0.029865
vt 0.412236 0.012253
vt 0.084905 0.271448
vt 0.386637 0.948110
vt 0.827382 0.937731
vt 0.434440 0.066270
vt 0.383433 0.940423
vt 0.807569 0.939823
vt 0.434250 0.060576
vt 0.034113 0.626561
vt 0.032671 0.622279
vt 0.419145 0.012150
vt 0.426925 0.006599
vt 0.438615 0.029339
vt 0.165198 0.047403
vt 0.049786 0.631769
vt 0.815323 0.948190
vt 0.028949 0.622455
vt 0.822366 0.934177
vt 0.236391 0.056665
vt 0.244219 0.052772
vt 0.442595 0.058539
vt 0.425604 0.043790
vt 0.341440 0.427819
vt 0.336986 0.443624
vt 0.793256 0.287735
vt 0.828109 0.935910
vt 0.829173 0.927139
vt 0.217027 0.105693
vt 0.089437 0.279247
vt 0.083700 0.278890
vt 0.091996 0.279505
vt 0.019096 0.016075
vt 0.016028 0.015030
vt 0.017600 0.012544
vt 0.093028 0.279202
vt 0.096743 0.277518
vt 0.095107 0.278664
vt 0.091694 0.282304
vt 0.330890 0.440088
vt 0.318695 0.420354
vt 0.016213 0.009057
vt 0.364308 0.441702
vt 0.383232 0.443563
vt 0.228086 0.058582
vt 0.221222 0.061763
vt 0.425576 0.051056
vt 0.426209 0.050363
vt 0.041364 0.662583
vt 0.033262 0.620940
vt 0.045427 0.626434
vt 0.213923 0.104819
vt 0.052018 0.651421
vt 0.210929 0.091898
vt 0.069166 0.299327
vt 0.054829 0.308203
vt 0.539052 0.027752
vt 0.549302 0.014284
vt 0.547877 0.025802
vt 0.310343 0.364973
vt 0.321724 0.405001
vt 0.292499 0.982311
vt 0.287474 0.980733
vt 0.301462 0.971537
vt 0.290149 0.973191
vt 0.288647 0.971417
vt 0.303710 0.968922
vt 0.301801 0.963234
vt 0.297818 0.963667
vt 0.013017 0.093531
vt 0.014308 0.106565
vt 0.010931 0.097116
vt 0.781471 0.991879
vt 0.778663 0.988231
vt 0.795700 0.991791
vt 0.795718 0.990313
vt 0.786759 0.987150
vt 0.007813 0.160554
vt 0.008170 0.159038
vt 0.020840 0.169617
vt 0.011966 0.154930
vt 0.022235 0.167009
vt 0.015333 0.153184
vt 0.017301 0.171998
vt 0.019491 0.173172
vt 0.774963 0.976681
vt 0.784928 0.956442
vt 0.784546 0.962765
vt 0.773893 0.959283
vt 0.776530 0.957511
vt 0.772246 0.979165
vt 0.769231 0.978088
vt 0.770804 0.979935
vt 0.036178 0.587833
vt 0.034719 0.558756
vt 0.040227 0.603124
vt 0.039020 0.557797
vt 0.228003 0.888800
vt 0.286712 0.883049
vt 0.255033 0.888967
vt 0.012714 0.126954
vt 0.010888 0.130682
vt 0.006900 0.131339
vt 0.027567 0.564750
vt 0.031228 0.585575
vt 0.027132 0.579217
vt 0.740403 0.195419
vt 0.735510 0.187630
vt 0.438582 0.980456
vt 0.439941 0.978475
vt 0.444557 0.978254
vt 0.663960 0.052361
vt 0.664521 0.052124
vt 0.664827 0.052302
vt 0.017722 0.386294
vt 0.020581 0.382426
vt 0.017094 0.389851
vt 0.015494 0.076613
vt 0.023052 0.062908
vt 0.018828 0.073024
vt 0.858092 0.816508
vt 0.860417 0.798841
vt 0.859405 0.850495
vt 0.645213 0.933463
vt 0.627690 0.931266
vt 0.654683 0.929468
vt 0.853718 0.844580
vt 0.024083 0.053573
vt 0.023752 0.047472
vt 0.025022 0.049169
vt 0.012441 0.390100
vt 0.013020 0.392641
vt 0.021225 0.038255
vt 0.021101 0.034518
vt 0.021258 0.033820
vt 0.011349 0.022870
vt 0.016961 0.024730
vt 0.016513 0.024906
vt 0.020921 0.034597
vt 0.017304 0.390895
vt 0.018545 0.393820
vt 0.020891 0.034122
vt 0.022256 0.028398
vt 0.019230 0.397178
vt 0.650594 0.933187
vt 0.853704 0.840785
vt 0.027061 0.024994
vt 0.048194 0.017696
vt 0.027551 0.027305
vt 0.854709 0.831504
vt 0.853998 0.837730
vt 0.852250 0.837407
vt 0.852718 0.837408
vt 0.846052 0.839139
vt 0.852743 0.837597
vt 0.853020 0.837747
vt 0.853088 0.837873
vt 0.852188 0.837442
vt 0.851638 0.837429
vt 0.827005 0.839368
vt 0.658583 0.934869
vt 0.655779 0.931479
vt 0.898602 0.648204
vt 0.894103 0.629704
vt 0.919305 0.706773
vt 0.654046 0.939004
vt 0.852923 0.837859
vt 0.027424 0.027363
vt 0.899983 0.674468
vt 0.898917 0.660450
vt 0.657174 0.931965
vt 0.855784 0.823699
vt 0.855949 0.823902
vt 0.855919 0.824870
vt 0.663064 0.056433
vt 0.664101 0.054685
vt 0.024680 0.027834
vt 0.660517 0.925580
vt 0.658891 0.927707
vt 0.664358 0.927821
vt 0.657306 0.930254
vt 0.955624 0.390704
vt 0.955918 0.391152
vt 0.955218 0.390683
vt 0.954597 0.391172
vt 0.657042 0.930450
vt 0.954634 0.390991
vt 0.955109 0.390431
vt 0.754668 0.991468
vt 0.755837 0.991557
vt 0.755126 0.992160
vt 0.755431 0.992278
vt 0.659987 0.050014
vt 0.660196 0.064355
vt 0.014390 0.026832
vt 0.016904 0.024764
vt 0.017517 0.024926
vt 0.894694 0.640247
vt 0.029886 0.714963
vt 0.031163 0.719270
vt 0.024301 0.714807
vt 0.020071 0.714810
vt 0.022741 0.712090
vt 0.655991 0.931445
vt 0.656223 0.930992
vt 0.855789 0.824066
vt 0.754346 0.992057
vt 0.749421 0.990893
vt 0.747062 0.987982
vt 0.008361 0.019169
vt 0.007967 0.393096
vt 0.896630 0.646122
vt 0.022206 0.715548
vt 0.016060 0.316279
vt 0.010372 0.317780
vt 0.012280 0.313633
vt 0.027892 0.340352
vt 0.014319 0.345199
vt 0.029585 0.326181
vt 0.010362 0.312518
vt 0.012243 0.312179
vt 0.025078 0.713772
vt 0.657573 0.093222
vt 0.014303 0.794724
vt 0.013576 0.793438
vt 0.013481 0.789726
vt 0.894408 0.641631
vt 0.026121 0.341378
vt 0.654991 0.021201
vt 0.013458 0.793305
vt 0.023983 0.053538
vt 0.018939 0.074063
vt 0.016471 0.076114
vt 0.988602 0.295721
vt 0.989804 0.296549
vt 0.987476 0.296638
vt 0.023213 0.069152
vt 0.024868 0.062661
vt 0.014289 0.804287
vt 0.017303 0.805030
vt 0.014454 0.804565
vt 0.016589 0.796104
vt 0.010420 0.797490
vt 0.025773 0.067498
vt 0.025421 0.065837
vt 0.863604 0.826456
vt 0.862210 0.788508
vt 0.872021 0.790019
vt 0.033800 0.332581
vt 0.032644 0.345710
vt 0.019013 0.716827
vt 0.020279 0.716441
vt 0.025203 0.344899
vt 0.016811 0.317928
vt 0.017063 0.317980
vt 0.019800 0.320219
vt 0.016381 0.314548
vt 0.014517 0.309521
vt 0.025911 0.711248
vt 0.761617 0.989666
vt 0.016625 0.776568
vt 0.020069 0.780302
vt 0.015379 0.778681
vt 0.009979 0.780506
vt 0.013941 0.777859
vt 0.018071 0.384751
vt 0.007300 0.801559
vt 0.012599 0.804100
vt 0.025000 0.062806
vt 0.017742 0.796166
vt 0.014028 0.773479
vt 0.009664 0.803684
vt 0.016739 0.796205
vt 0.014208 0.772228
vt 0.018441 0.797214
vt 0.020629 0.797387
vt 0.902171 0.694071
vt 0.899749 0.688005
vt 0.034188 0.071938
vt 0.011196 0.803998
vt 0.985258 0.299036
vt 0.593496 0.929965
vt 0.985196 0.297094
vt 0.982801 0.297126
vt 0.022652 0.804036
vt 0.023130 0.803765
vt 0.021151 0.805461
vt 0.021235 0.806476
vt 0.025088 0.814564
vt 0.015687 0.076967
vt 0.025482 0.800665
vt 0.019344 0.806534
vt 0.014365 0.078446
vt 0.987059 0.295849
vt 0.664213 0.070101
vt 0.663797 0.072167
vt 0.664669 0.074466
vt 0.663308 0.074958
vt 0.664878 0.072402
vt 0.014266 0.088520
vt 0.014348 0.087491
vt 0.016248 0.088934
vt 0.014007 0.087082
vt 0.015519 0.087753
vt 0.985852 0.296210
vt 0.661702 0.222509
vt 0.571995 0.219502
vt 0.574624 0.216758
vt 0.661016 0.076378
vt 0.015231 0.090994
vt 0.983358 0.296712
vt 0.018115 0.088733
vt 0.016046 0.091311
vt 0.018129 0.732980
vt 0.014345 0.736443
vt 0.013711 0.735930
vt 0.979020 0.296998
vt 0.979736 0.296918
vt 0.978965 0.300701
vt 0.023043 0.090491
vt 0.860674 0.893478
vt 0.025749 0.800639
vt 0.014661 0.738001
vt 0.012290 0.737083
vt 0.017241 0.737891
vt 0.541033 0.982447
vt 0.529098 0.982707
vt 0.536100 0.975549
vt 0.696755 0.944070
vt 0.695210 0.946998
vt 0.683704 0.944182
vt 0.021116 0.509652
vt 0.014555 0.509422
vt 0.013761 0.508015
vt 0.022263 0.727513
vt 0.020878 0.728711
vt 0.012981 0.722414
vt 0.020389 0.977060
vt 0.026725 0.971693
vt 0.024319 0.984963
vt 0.030462 0.721947
vt 0.012860 0.721696
vt 0.011949 0.722438
vt 0.023581 0.985846
vt 0.151912 0.956415
vt 0.143425 0.960887
vt 0.151009 0.955021
vt 0.144343 0.959269
vt 0.015263 0.650846
vt 0.006846 0.637518
vt 0.017363 0.653388
vt 0.010034 0.654758
vt 0.150329 0.952809
vt 0.147801 0.952765
vt 0.014948 0.879021
vt 0.017730 0.868082
vt 0.018450 0.884926
vt 0.514538 0.973767
vt 0.514636 0.973253
vt 0.524725 0.983786
vt 0.868024 0.990647
vt 0.882818 0.993183
vt 0.873706 0.993590
vt 0.813725 0.012355
vt 0.811750 0.012603
vt 0.812096 0.007559
vt 0.883687 0.993081
vt 0.513533 0.974403
vt 0.019327 0.868205
vt 0.894455 0.993880
vt 0.882290 0.991079
vt 0.010493 0.855570
vt 0.012172 0.857139
vt 0.020556 0.853737
vt 0.014117 0.853718
vt 0.899366 0.476444
vt 0.902843 0.466413
vt 0.892028 0.518422
vt 0.914012 0.472888
vt 0.618759 0.976148
vt 0.626995 0.964894
vt 0.619269 0.976754
vt 0.630827 0.963489
vt 0.629847 0.966574
vt 0.632767 0.951448
vt 0.036385 0.009288
vt 0.076044 0.009412
vt 0.059781 0.013309
vt 0.626509 0.962661
vt 0.628736 0.950332
vt 0.635314 0.952078
vt 0.061673 0.014459
vt 0.916867 0.465342
vt 0.030603 0.730767
vt 0.018869 0.745998
vt 0.057918 0.013996
vt 0.018537 0.749324
vt 0.027660 0.755073
vt 0.024378 0.746248
vt 0.033741 0.014646
vt 0.022996 0.015912
vt 0.034052 0.013519
vt 0.021451 0.015514
vt 0.033535 0.011780
vt 0.032743 0.011053
vt 0.044248 0.524133
vt 0.053560 0.527968
vt 0.058299 0.534008
vt 0.056636 0.533619
vt 0.064412 0.530953
vt 0.612549 0.970854
vt 0.059896 0.525699
vt 0.041606 0.015548
vt 0.628510 0.981293
vt 0.627044 0.982591
vt 0.067196 0.532159
vt 0.015975 0.642309
vt 0.010588 0.461966
vt 0.017542 0.478412
vt 0.012290 0.480046
vt 0.011180 0.461132
vt 0.008901 0.459484
vt 0.032268 0.680431
vt 0.043185 0.701004
vt 0.028355 0.686395
vt 0.036273 0.681390
vt 0.764450 0.062886
vt 0.772033 0.035745
vt 0.774956 0.033450
vt 0.610036 0.970038
vt 0.050677 0.535665
vt 0.047245 0.533888
vt 0.712386 0.949726
vt 0.709228 0.950177
vt 0.093157 0.971923
vt 0.081099 0.968036
vt 0.092213 0.969170
vt 0.081876 0.969471
vt 0.630454 0.983817
vt 0.911094 0.249275
vt 0.909110 0.247116
vt 0.927635 0.248724
vt 0.075315 0.981515
vt 0.079951 0.967576
vt 0.071980 0.981837
vt 0.929205 0.254931
vt 0.925247 0.255621
vt 0.036650 0.011170
vt 0.524320 0.975122
vt 0.897077 0.531039
vt 0.007325 0.971917
vt 0.064200 0.019896
vt 0.085254 0.008068
vt 0.984585 0.825368
vt 0.969121 0.825321
vt 0.980956 0.821331
vt 0.904821 0.506149
vt 0.081483 0.013555
vt 0.951226 0.989338
vt 0.950548 0.990491
vt 0.941574 0.994857
vt 0.941354 0.993773
vt 0.946965 0.985671
vt 0.950812 0.985989
vt 0.939752 0.992487
vt 0.939972 0.993461
vt 0.984923 0.816528
vt 0.985406 0.815323
vt 0.919254 0.516004
vt 0.908189 0.509211
vt 0.918442 0.515085
vt 0.911745 0.506221
vt 0.918153 0.514317
vt 0.903153 0.523498
vt 0.665215 0.936211
vt 0.665569 0.938658
vt 0.640992 0.950419
vt 0.019412 0.977650
vt 0.664313 0.941247
vt 0.667441 0.928158
vt 0.681828 0.942433
vt 0.680736 0.943968
vt 0.680904 0.942922
vt 0.681009 0.943578
vt 0.014156 0.506826
vt 0.013434 0.509664
vt 0.962762 0.985850
vt 0.962590 0.986883
vt 0.956980 0.989336
vt 0.152960 0.952673
vt 0.015567 0.655997
vt 0.015440 0.668446
vt 0.071926 0.949215
vt 0.018716 0.632908
vt 0.163562 0.957378
vt 0.170144 0.958033
vt 0.033270 0.518497
vt 0.824769 0.018534
vt 0.802419 0.017673
vt 0.754116 0.019223
vt 0.028692 0.524255
vt 0.042312 0.533140
vt 0.023249 0.521093
vt 0.193700 0.960119
vt 0.824612 0.011666
vt 0.021868 0.527311
vt 0.039217 0.670830
vt 0.046233 0.670830
vt 0.030827 0.672664
vt 0.044297 0.673503
vt 0.014013 0.672969
vt 0.019250 0.670799
vt 0.028162 0.672795
vt 0.027497 0.673534
vt 0.028538 0.671815
vt 0.027835 0.671046
vt 0.919595 0.515117
vt 0.984853 0.889280
vt 0.983667 0.889904
vt 0.987646 0.878321
vt 0.919963 0.516339
vt 0.983137 0.889433
vt 0.982730 0.881126
vt 0.982309 0.889581
vt 0.979627 0.876727
vt 0.990404 0.877129
vt 0.969687 0.823965
vt 0.018759 0.732272
vt 0.012501 0.733582
vt 0.976228 0.295491
vt 0.976225 0.295731
vt 0.977772 0.298021
vt 0.902923 0.703798
vt 0.905404 0.700060
vt 0.905866 0.703719
vt 0.910257 0.704327
vt 0.660649 0.083286
vt 0.904072 0.700519
vt 0.907415 0.703033
vt 0.014139 0.333538
vt 0.016694 0.336880
vt 0.015345 0.336991
vt 0.660763 0.085909
vt 0.660583 0.086273
vt 0.661906 0.086090
vt 0.661881 0.087651
vt 0.907110 0.705497
vt 0.909613 0.705101
vt 0.024078 0.325497
vt 0.005971 0.325360
vt 0.011797 0.327049
vt 0.007406 0.327227
vt 0.609462 0.935809
vt 0.660022 0.090018
vt 0.908121 0.703088
vt 0.908519 0.703368
vt 0.907872 0.703216
vt 0.660812 0.086216
vt 0.606175 0.937302
vt 0.891687 0.722625
vt 0.902852 0.703813
vt 0.942533 0.250228
vt 0.943161 0.247449
vt 0.944685 0.250415
vt 0.947226 0.254187
vt 0.963896 0.256294
vt 0.934117 0.256787
vt 0.087187 0.013384
vt 0.660841 0.086593
vt 0.661598 0.088309
vt 0.605305 0.938136
vt 0.909503 0.711561
vt 0.942827 0.248014
vt 0.938510 0.254323
vt 0.008986 0.332055
vt 0.012614 0.338799
vt 0.548561 0.973532
vt 0.872458 0.900310
vt 0.562732 0.209523
vt 0.571487 0.223935
vt 0.559715 0.223895
vt 0.549308 0.980883
vt 0.560244 0.229444
vt 0.010162 0.335930
vt 0.555059 0.982417
vt 0.556274 0.975015
vt 0.106572 0.438319
vt 0.110574 0.426082
vt 0.111589 0.435072
vt 0.553640 0.231036
vt 0.028803 0.513310
vt 0.117127 0.423832
vt 0.557443 0.234242
vt 0.101584 0.418514
vt 0.115673 0.451457
vt 0.115862 0.456633
vt 0.126621 0.428807
vt 0.124091 0.437563
vt 0.121556 0.437289
vt 0.098792 0.417099
vt 0.008494 0.706190
vt 0.038558 0.704394
vt 0.010270 0.708947
vt 0.035407 0.698631
vt 0.012179 0.686609
vt 0.008576 0.679366
vt 0.115818 0.438041
vt 0.028313 0.697569
vt 0.020410 0.695465
vt 0.167121 0.401742
vt 0.375837 0.890820
vt 0.338507 0.889057
vt 0.386691 0.890095
vt 0.028755 0.699856
vt 0.371701 0.885835
vt 0.854564 0.989645
vt 0.849517 0.985081
vt 0.866342 0.993618
vt 0.071479 0.401433
vt 0.851305 0.989292
vt 0.848258 0.994947
vt 0.847071 0.988306
vt 0.839123 0.994802
vt 0.009918 0.630792
vt 0.009278 0.634441
vt 0.007286 0.631468
vt 0.021816 0.948170
vt 0.031756 0.937585
vt 0.023991 0.946561
vt 0.951525 0.980297
vt 0.937917 0.978595
vt 0.934186 0.973072
vt 0.031180 0.698641
vt 0.949290 0.982961
vt 0.012016 0.631213
vt 0.007712 0.630154
vt 0.021439 0.948072
vt 0.021072 0.949415
vt 0.020319 0.949348
vt 0.963652 0.978624
vt 0.958847 0.978306
vt 0.964327 0.972080
vt 0.015570 0.623765
vt 0.011910 0.624877
vt 0.023794 0.952254
vt 0.024481 0.947566
vt 0.025124 0.948690
vt 0.020066 0.629415
vt 0.018676 0.629386
vt 0.018593 0.630031
vt 0.020833 0.950642
vt 0.024294 0.959983
vt 0.008081 0.595448
vt 0.474040 0.983890
vt 0.478746 0.980274
vt 0.489167 0.977055
vt 0.024332 0.951921
vt 0.020762 0.630339
vt 0.480141 0.977960
vt 0.478232 0.977627
vt 0.486474 0.976131
vt 0.467309 0.911210
vt 0.477467 0.907809
vt 0.473028 0.910353
vt 0.317177 0.880767
vt 0.332840 0.879989
vt 0.500775 0.978742
vt 0.007794 0.947768
vt 0.899156 0.577998
vt 0.904603 0.548841
vt 0.909335 0.629809
vt 0.468006 0.918490
vt 0.466688 0.928794
vt 0.332672 0.876769
vt 0.323274 0.876311
vt 0.501751 0.901074
vt 0.463491 0.907041
vt 0.466754 0.911026
vt 0.451091 0.979503
vt 0.448761 0.977215
vt 0.866175 0.988514
vt 0.867469 0.985599
vt 0.886318 0.986212
vt 0.967086 0.252245
vt 0.947086 0.248564
vt 0.970432 0.248055
vt 0.438853 0.974521
vt 0.490822 0.973149
vt 0.965980 0.253694
vt 0.862858 0.988173
vt 0.286329 0.888198
vt 0.865804 0.985968
vt 0.864688 0.985346
vt 0.306944 0.880515
vt 0.517748 0.982504
vt 0.495281 0.975726
vt 0.496072 0.976311
vt 0.970376 0.258680
vt 0.968049 0.253302
vt 0.465319 0.910692
vt 0.859657 0.985017
vt 0.022540 0.592278
vt 0.017867 0.592751
vt 0.021967 0.591894
vt 0.444738 0.980802
vt 0.440764 0.983925
vt 0.443625 0.979348
vt 0.439362 0.978448
vt 0.437871 0.978890
vt 0.478693 0.975000
vt 0.439524 0.900807
vt 0.440834 0.978354
vt 0.499582 0.976539
vt 0.498900 0.976530
vt 0.927283 0.966583
vt 0.931653 0.966622
vt 0.952274 0.969966
vt 0.439555 0.975813
vt 0.440431 0.977123
vt 0.018206 0.887743
vt 0.021367 0.887254
vt 0.017897 0.888299
vt 0.021677 0.887672
vt 0.017649 0.889372
vt 0.056944 0.991921
vt 0.074961 0.990131
vt 0.079131 0.992768
vt 0.026685 0.593016
vt 0.075702 0.986763
vt 0.076770 0.986260
vt 0.074837 0.989864
vt 0.013873 0.887306
vt 0.017038 0.887608
vt 0.901727 0.969656
vt 0.434575 0.972115
vt 0.435200 0.972948
vt 0.162236 0.968647
vt 0.164306 0.970740
vt 0.163114 0.972835
vt 0.164173 0.983324
vt 0.164946 0.984762
vt 0.162926 0.984758
vt 0.905338 0.990665
vt 0.904025 0.987162
vt 0.908337 0.985158
vt 0.161201 0.974529
vt 0.162976 0.973761
vt 0.159954 0.982722
vt 0.742039 0.989695
vt 0.744479 0.989906
vt 0.744950 0.991386
vt 0.072318 0.990064
vt 0.073546 0.989986
vt 0.900867 0.624891
vt 0.021148 0.130389
vt 0.021015 0.130856
vt 0.012655 0.122410
vt 0.013957 0.120714
vt 0.018227 0.123409
vt 0.015442 0.047108
vt 0.014697 0.046349
vt 0.016538 0.047269
vt 0.161931 0.978491
vt 0.163355 0.978691
vt 0.162958 0.977177
vt 0.161552 0.975455
vt 0.164528 0.981975
vt 0.143829 0.990152
vt 0.726510 0.968652
vt 0.727461 0.977879
vt 0.725419 0.972526
vt 0.724219 0.982843
vt 0.165099 0.980474
vt 0.165052 0.974745
vt 0.180793 0.991507
vt 0.166454 0.982689
vt 0.446278 0.905481
vt 0.900461 0.638506
vt 0.903610 0.630982
vt 0.012417 0.117028
vt 0.976160 0.384874
vt 0.983431 0.388233
vt 0.967595 0.387092
vt 0.967983 0.388082
vt 0.807772 0.991169
vt 0.797246 0.989700
vt 0.976407 0.972028
vt 0.984049 0.975277
vt 0.975014 0.972111
vt 0.975793 0.972950
vt 0.975865 0.973673
vt 0.984396 0.982513
vt 0.990016 0.972076
vt 0.025331 0.582127
vt 0.025977 0.559904
vt 0.161518 0.965532
vt 0.161250 0.976435
vt 0.016268 0.047472
vt 0.016723 0.047701
vt 0.017993 0.047397
vt 0.027186 0.040578
vt 0.728700 0.972186
vt 0.725508 0.970946
vt 0.722155 0.982016
vt 0.712954 0.991140
vt 0.915769 0.992006
vt 0.905596 0.638567
vt 0.065631 0.618597
vt 0.049597 0.615436
vt 0.052310 0.609159
vt 0.015196 0.047050
vt 0.160592 0.977866
vt 0.736288 0.984937
vt 0.737033 0.986263
vt 0.736823 0.987321
vt 0.163231 0.977013
vt 0.739349 0.988865
vt 0.010365 0.045256
vt 0.017549 0.048148
vt 0.020516 0.051753
vt 0.019094 0.056770
vt 0.018283 0.049903
vt 0.731109 0.985475
vt 0.015884 0.057353
vt 0.898181 0.992871
vt 0.899855 0.985734
vt 0.855112 0.785814
vt 0.865259 0.778713
vt 0.890221 0.985276
vt 0.016390 0.719544
vt 0.893867 0.638523
vt 0.990747 0.625815
vt 0.979040 0.630980
vt 0.983253 0.620903
vt 0.038748 0.614850
vt 0.040955 0.607421
vt 0.016694 0.319595
vt 0.019534 0.318812
vt 0.979421 0.636394
vt 0.993188 0.636071
vt 0.994423 0.636472
vt 0.776358 0.987750
vt 0.854690 0.799790
vt 0.987193 0.629135
vt 0.022687 0.320655
vt 0.029398 0.339283
vt 0.992000 0.634702
vt 0.020569 0.011251
vt 0.021649 0.008319
vt 0.034245 0.007218
vt 0.018810 0.007322
vt 0.666270 0.227090
vt 0.994491 0.631419
vt 0.037235 0.324947
vt 0.867075 0.783433
vt 0.033312 0.606924
vt 0.032811 0.610899
vt 0.870063 0.777364
vt 0.672625 0.223210
vt 0.013971 0.908405
vt 0.010020 0.892239
vt 0.016478 0.905294
vt 0.032653 0.616353
vt 0.019931 0.618933
vt 0.020402 0.619468
vt 0.026213 0.609307
vt 0.020661 0.617878
vt 0.021313 0.619965
vt 0.986319 0.477855
vt 0.987105 0.477452
vt 0.987679 0.483542
vt 0.985252 0.477546
vt 0.982375 0.487563
vt 0.991133 0.484616
vt 0.992845 0.485279
vt 0.015555 0.893966
vt 0.984461 0.477560
vt 0.980687 0.484892
vt 0.020417 0.908609
vt 0.692211 0.229561
vt 0.020950 0.896354
vt 0.023030 0.890111
vt 0.291497 0.451980
vt 0.306974 0.444773
vt 0.322437 0.440160
vt 0.022378 0.909504
vt 0.009503 0.133659
vt 0.312855 0.451162
vt 0.792064 0.954649
vt 0.424436 0.507586
vt 0.537192 0.005180
vt 0.334721 0.980565
vt 0.347695 0.444419
vt 0.442365 0.055112
vt 0.754673 0.938623
vt 0.759409 0.941127
vt 0.357655 0.447239
vt 0.370345 0.449272
vt 0.133827 0.035053
vt 0.155256 0.043114
vt 0.139783 0.042262
vt 0.531968 0.029208
vt 0.051815 0.627180
vt 0.106840 0.019735
vt 0.111907 0.013447
vt 0.114042 0.021233
vt 0.515712 0.005355
vt 0.530541 0.031281
vt 0.071793 0.622931
vt 0.073090 0.619780
vt 0.512042 0.022411
vt 0.017022 0.533085
vt 0.009491 0.531363
vt 0.020118 0.529744
vt 0.326402 0.439387
vt 0.125397 0.036437
vt 0.511881 0.029900
vt 0.023340 0.547302
vt 0.009799 0.550649
vt 0.360610 0.463890
vt 0.359319 0.919476
vt 0.421706 0.891270
vt 0.407350 0.911625
vt 0.178836 0.052210
vt 0.194458 0.068423
vt 0.767645 0.219204
vt 0.793252 0.951453
vt 0.129690 0.040619
vt 0.107006 0.010717
vt 0.028671 0.547770
vt 0.100156 0.833407
vt 0.149371 0.853448
vt 0.700674 0.191236
vt 0.714102 0.194140
vt 0.735695 0.206443
vt 0.115152 0.949911
vt 0.122290 0.925249
vt 0.124288 0.962324
vt 0.450361 0.041366
vt 0.826747 0.185120
vt 0.772831 0.214908
vt 0.014298 0.217232
vt 0.013662 0.235885
vt 0.008372 0.225472
vt 0.014664 0.215393
vt 0.096847 0.954916
vt 0.096830 0.955135
vt 0.098679 0.957908
vt 0.089336 0.959679
vt 0.095997 0.955314
vt 0.094998 0.954925
vt 0.095853 0.955133
vt 0.085674 0.957301
vt 0.085306 0.957613
vt 0.739578 0.205097
vt 0.729922 0.195356
vt 0.741166 0.207250
vt 0.350629 0.447875
vt 0.347915 0.453087
vt 0.079668 0.346803
vt 0.719568 0.193440
vt 0.359613 0.459466
vt 0.413439 0.476311
vt 0.394623 0.920339
vt 0.384751 0.916718
vt 0.108669 0.846107
vt 0.119182 0.851403
vt 0.119538 0.042217
vt 0.036051 0.551749
vt 0.024665 0.553418
vt 0.180257 0.068921
vt 0.183435 0.075329
vt 0.452348 0.045853
vt 0.122137 0.044331
vt 0.068234 0.328548
vt 0.066343 0.284715
vt 0.074402 0.274877
vt 0.084046 0.288412
vt 0.011200 0.569207
vt 0.005000 0.557155
vt 0.022321 0.562544
vt 0.067254 0.331490
vt 0.056145 0.323037
vt 0.203302 0.091666
vt 0.062681 0.314550
vt 0.073804 0.324230
vt 0.082273 0.301114
vt 0.077772 0.315549
vt 0.079076 0.324061
vt 0.097250 0.287497
vt 0.090907 0.293558
vt 0.122981 0.842999
vt 0.315296 0.406432
vt 0.751817 0.222523
vt 0.011919 0.243608
vt 0.010974 0.254360
vt 0.008397 0.241683
vt 0.007882 0.244187
vt 0.731147 0.198886
vt 0.403158 0.474709
vt 0.397612 0.466976
vt 0.014055 0.242628
vt 0.866516 0.073126
vt 0.867042 0.075899
vt 0.828099 0.092469
vt 0.829459 0.087573
vt 0.833555 0.092637
vt 0.875007 0.077389
vt 0.874337 0.079363
vt 0.834455 0.096212
vt 0.146409 0.765234
vt 0.162761 0.746748
vt 0.151295 0.769000
vt 0.388810 0.983808
vt 0.358727 0.980229
vt 0.361073 0.974341
vt 0.365821 0.971732
vt 0.355089 0.972818
vt 0.156171 0.778370
vt 0.172434 0.752617
vt 0.722861 0.504076
vt 0.137996 0.775969
vt 0.836373 0.240676
vt 0.837749 0.234379
vt 0.839166 0.238576
vt 0.345790 0.982635
vt 0.841606 0.237149
vt 0.852748 0.246477
vt 0.740036 0.508706
vt 0.725346 0.515747
vt 0.873635 0.071005
vt 0.914875 0.083539
vt 0.913155 0.096391
vt 0.819764 0.254919
vt 0.844307 0.259531
vt 0.825606 0.270687
vt 0.341413 0.976252
vt 0.141165 0.789380
vt 0.822322 0.277254
vt 0.815181 0.276830
vt 0.809836 0.320044
vt 0.825081 0.283491
vt 0.822729 0.305333
vt 0.855677 0.271146
vt 0.136558 0.766310
vt 0.827244 0.288312
vt 0.159051 0.784877
vt 0.830945 0.247831
vt 0.860890 0.259516
vt 0.310754 0.413285
vt 0.332345 0.450925
vt 0.418916 0.489512
vt 0.393927 0.483651
vt 0.362423 0.893948
vt 0.802954 0.324028
vt 0.751490 0.247521
vt 0.382133 0.469932
vt 0.387267 0.481571
vt 0.147721 0.794973
vt 0.819926 0.315043
vt 0.322608 0.457250
vt 0.382705 0.474984
vt 0.083134 0.016374
vt 0.735206 0.526998
vt 0.735326 0.532941
vt 0.737378 0.519326
vt 0.801145 0.314438
vt 0.306864 0.396491
vt 0.304249 0.401087
vt 0.717874 0.517750
vt 0.895450 0.093847
vt 0.873463 0.290652
vt 0.863796 0.269976
vt 0.541286 0.566845
vt 0.525194 0.522714
vt 0.331349 0.463501
vt 0.501500 0.020183
vt 0.101839 0.702459
vt 0.359919 0.881243
vt 0.352894 0.473230
vt 0.395126 0.498292
vt 0.414146 0.497403
vt 0.119238 0.289475
vt 0.117050 0.300362
vt 0.103844 0.296858
vt 0.131360 0.850691
vt 0.152393 0.797841
vt 0.671613 0.590011
vt 0.556546 0.444642
vt 0.362835 0.485179
vt 0.889966 0.417811
vt 0.876125 0.418650
vt 0.879561 0.411684
vt 0.898798 0.416929
vt 0.891775 0.409009
vt 0.957060 0.440698
vt 0.967603 0.453124
vt 0.947237 0.453142
vt 0.966615 0.440746
vt 0.631524 0.045346
vt 0.620483 0.057070
vt 0.617735 0.040017
vt 0.580230 0.034037
vt 0.581463 0.047185
vt 0.575144 0.052951
vt 0.022280 0.300891
vt 0.030123 0.297298
vt 0.023234 0.317323
vt 0.594753 0.055358
vt 0.601824 0.043901
vt 0.598641 0.042485
vt 0.598206 0.058373
vt 0.974728 0.450841
vt 0.629731 0.036783
vt 0.629051 0.060210
vt 0.616499 0.068184
vt 0.971409 0.432572
vt 0.959916 0.433740
vt 0.957772 0.462663
vt 0.606397 0.027652
vt 0.792218 0.057013
vt 0.799174 0.053686
vt 0.803677 0.059709
vt 0.804908 0.049186
vt 0.811345 0.052463
vt 0.811703 0.063890
vt 0.793928 0.046607
vt 0.793771 0.036208
vt 0.800542 0.067214
vt 0.821508 0.043348
vt 0.818546 0.052814
vt 0.784759 0.045860
vt 0.767984 0.062094
vt 0.775338 0.046816
vt 0.604777 0.110185
vt 0.585400 0.089088
vt 0.607144 0.102660
vt 0.592235 0.115651
vt 0.597799 0.117387
vt 0.593386 0.081844
vt 0.614445 0.095610
vt 0.085462 0.083693
vt 0.097773 0.089201
vt 0.077848 0.105626
vt 0.078962 0.063461
vt 0.073027 0.078494
vt 0.066381 0.078122
vt 0.077348 0.089071
vt 0.104272 0.108317
vt 0.050639 0.268760
vt 0.042578 0.276634
vt 0.047950 0.259503
vt 0.086690 0.108724
vt 0.075909 0.114737
vt 0.772065 0.072356
vt 0.065214 0.254638
vt 0.062106 0.261947
vt 0.057631 0.132949
vt 0.050141 0.123790
vt 0.064809 0.131673
vt 0.576785 0.093970
vt 0.571511 0.099305
vt 0.572960 0.106433
vt 0.811729 0.042240
vt 0.068746 0.142206
vt 0.073643 0.150048
vt 0.057562 0.145650
vt 0.545177 0.081213
vt 0.535918 0.089853
vt 0.534056 0.085556
vt 0.838299 0.030727
vt 0.830991 0.037978
vt 0.830231 0.023076
vt 0.546557 0.091336
vt 0.803227 0.031006
vt 0.820264 0.032250
vt 0.777061 0.042867
vt 0.554360 0.098272
vt 0.559181 0.084488
vt 0.533058 0.077395
vt 0.563217 0.106351
vt 0.588852 0.079365
vt 0.949574 0.468234
vt 0.939274 0.460689
vt 0.925147 0.459713
vt 0.932593 0.455818
vt 0.581703 0.084306
vt 0.591648 0.072000
vt 0.574105 0.079957
vt 0.971383 0.497241
vt 0.962586 0.484257
vt 0.971134 0.479679
vt 0.006427 0.290363
vt 0.877565 0.372794
vt 0.881498 0.360854
vt 0.895394 0.389830
vt 0.895185 0.383527
vt 0.640066 0.049434
vt 0.547224 0.923246
vt 0.544874 0.911542
vt 0.565846 0.915019
vt 0.567033 0.925123
vt 0.881377 0.399238
vt 0.876314 0.379096
vt 0.540758 0.933581
vt 0.539216 0.919835
vt 0.587322 0.067350
vt 0.566600 0.074798
vt 0.934445 0.446592
vt 0.978487 0.491127
vt 0.960873 0.475086
vt 0.532746 0.929186
vt 0.547691 0.940289
vt 0.147399 0.803377
vt 0.808809 0.250740
vt 0.847275 0.304628
vt 0.853633 0.278852
vt 0.330528 0.471687
vt 0.610857 0.067822
vt 0.961798 0.425981
vt 0.700582 0.649864
vt 0.229077 0.154445
vt 0.290862 0.155827
vt 0.236775 0.174969
vt 0.525567 0.912969
vt 0.521375 0.423688
vt 0.528011 0.424652
vt 0.113479 0.304756
vt 0.539870 0.911194
vt 0.702394 0.533157
vt 0.293575 0.162180
vt 0.248797 0.189083
vt 0.536730 0.433316
vt 0.802051 0.259035
vt 0.977999 0.463799
vt 0.541140 0.949421
vt 0.890266 0.431494
vt 0.897121 0.359982
vt 0.920982 0.412734
vt 0.099667 0.054807
vt 0.530832 0.909502
vt 0.105849 0.714796
vt 0.862998 0.060512
vt 0.849414 0.287465
vt 0.443520 0.585128
vt 0.300825 0.405069
vt 0.949512 0.427425
vt 0.986369 0.466667
vt 0.138095 0.816463
vt 0.296297 0.166912
vt 0.597960 0.445237
vt 0.807500 0.280130
vt 0.074092 0.481641
vt 0.074730 0.492166
vt 0.056650 0.480564
vt 0.054039 0.492170
vt 0.323098 0.484659
vt 0.904381 0.455873
vt 0.912470 0.444573
vt 0.965253 0.422653
vt 0.644742 0.027132
vt 0.531719 0.912725
vt 0.532422 0.944273
vt 0.551603 0.954388
vt 0.161164 0.801453
vt 0.101991 0.685240
vt 0.314748 0.473786
vt 0.110875 0.309201
vt 0.141426 0.345403
vt 0.145445 0.348128
vt 0.144693 0.351688
vt 0.752164 0.024254
vt 0.034472 0.675950
vt 0.606861 0.073950
vt 0.094773 0.728007
vt 0.880412 0.089105
vt 0.085315 0.480753
vt 0.043277 0.472510
vt 0.124396 0.335967
vt 0.134209 0.349062
vt 0.899669 0.456952
vt 0.064284 0.393780
vt 0.938890 0.247934
vt 0.019485 0.675814
vt 0.528735 0.921958
vt 0.541722 0.407393
vt 0.538178 0.399333
vt 0.545568 0.399201
vt 0.537373 0.384905
vt 0.530602 0.405257
vt 0.543591 0.413686
vt 0.553966 0.397777
vt 0.527269 0.398127
vt 0.532416 0.390573
vt 0.517280 0.399299
vt 0.551836 0.390587
vt 0.523805 0.386589
vt 0.552644 0.408979
vt 0.532997 0.420317
vt 0.511509 0.400635
vt 0.799793 0.297192
vt 0.099630 0.310686
vt 0.102968 0.339906
vt 0.081418 0.313381
vt 0.128225 0.316292
vt 0.634572 0.947734
vt 0.006831 0.668130
vt 0.565218 0.938237
vt 0.723997 0.646573
vt 0.747469 0.657157
vt 0.325204 0.177737
vt 0.253552 0.215841
vt 0.324656 0.173701
vt 0.637831 0.480182
vt 0.601163 0.449598
vt 0.606259 0.449233
vt 0.108883 0.693852
vt 0.114449 0.710601
vt 0.112301 0.695141
vt 0.144862 0.707734
vt 0.105415 0.688267
vt 0.523816 0.096309
vt 0.017371 0.681259
vt 0.016171 0.490396
vt 0.979204 0.161209
vt 0.992350 0.132954
vt 0.990452 0.159818
vt 0.990137 0.167974
vt 0.883094 0.440612
vt 0.238453 0.182498
vt 0.257361 0.218235
vt 0.142125 0.690521
vt 0.851125 0.320724
vt 0.077941 0.500885
vt 0.085206 0.501801
vt 0.107749 0.313716
vt 0.347149 0.905067
vt 0.090821 0.390694
vt 0.073548 0.390864
vt 0.540266 0.900156
vt 0.526032 0.933981
vt 0.908635 0.419862
vt 0.977711 0.623226
vt 0.943695 0.623951
vt 0.982437 0.616026
vt 0.925623 0.616003
vt 0.524760 0.376020
vt 0.507694 0.386904
vt 0.137180 0.323399
vt 0.134089 0.332097
vt 0.901254 0.442971
vt 0.340024 0.900897
vt 0.101165 0.391532
vt 0.018539 0.954067
vt 0.020769 0.963099
vt 0.013310 0.966367
vt 0.035552 0.967510
vt 0.024504 0.966211
vt 0.014157 0.960469
vt 0.016363 0.968989
vt 0.022943 0.968374
vt 0.012001 0.962527
vt 0.067715 0.346969
vt 0.069246 0.361076
vt 0.067565 0.379709
vt 0.060191 0.353684
vt 0.062769 0.346871
vt 0.066101 0.349173
vt 0.897506 0.448744
vt 0.900309 0.451702
vt 0.149920 0.342990
vt 0.137013 0.342528
vt 0.724729 0.876800
vt 0.723899 0.898273
vt 0.721670 0.884550
vt 0.039272 0.199865
vt 0.042077 0.205371
vt 0.969411 0.393810
vt 0.973425 0.394328
vt 0.960054 0.415274
vt 0.984143 0.170281
vt 0.970599 0.166694
vt 0.968226 0.161289
vt 0.161359 0.809147
vt 0.557378 0.431307
vt 0.148120 0.710027
vt 0.854639 0.324427
vt 0.472564 0.036655
vt 0.079419 0.515189
vt 0.087174 0.518707
vt 0.086654 0.340248
vt 0.064788 0.371400
vt 0.068257 0.396694
vt 0.901911 0.446908
vt 0.021328 0.209366
vt 0.010888 0.213873
vt 0.966678 0.417191
vt 0.008506 0.492622
vt 0.030258 0.207115
vt 0.014530 0.497035
vt 0.006836 0.204283
vt 0.250164 0.197163
vt 0.248954 0.201825
vt 0.251714 0.209892
vt 0.305936 0.167383
vt 0.309508 0.175552
vt 0.550412 0.382822
vt 0.526328 0.368085
vt 0.518094 0.377838
vt 0.162545 0.555922
vt 0.149864 0.561069
vt 0.141657 0.553975
vt 0.537357 0.515934
vt 0.053609 0.502209
vt 0.141847 0.329566
vt 0.610611 0.073135
vt 0.145229 0.340683
vt 0.707994 0.891564
vt 0.704253 0.915468
vt 0.730235 0.883620
vt 0.180008 0.965456
vt 0.183641 0.973060
vt 0.182679 0.983374
vt 0.983110 0.173650
vt 0.177233 0.969036
vt 0.558966 0.414944
vt 0.559921 0.401946
vt 0.168857 0.577177
vt 0.055863 0.381153
vt 0.037245 0.196733
vt 0.973205 0.426821
vt 0.190149 0.964576
vt 0.988629 0.186371
vt 0.546458 0.956514
vt 0.556081 0.425199
vt 0.541678 0.036417
vt 0.466531 0.051143
vt 0.107091 0.339847
vt 0.144381 0.337587
vt 0.052774 0.387324
vt 0.533362 0.956517
vt 0.567180 0.950903
vt 0.702489 0.769220
vt 0.722180 0.751966
vt 0.732782 0.770094
vt 0.723246 0.746481
vt 0.714072 0.731733
vt 0.711203 0.746672
vt 0.745063 0.776136
vt 0.730758 0.700643
vt 0.738953 0.717201
vt 0.720804 0.780575
vt 0.738972 0.774507
vt 0.728406 0.702452
vt 0.723687 0.711224
vt 0.721021 0.787839
vt 0.694861 0.770297
vt 0.123678 0.347467
vt 0.015709 0.069334
vt 0.012424 0.066949
vt 0.020625 0.060082
vt 0.918913 0.887648
vt 0.920116 0.912483
vt 0.904050 0.894081
vt 0.933960 0.438355
vt 0.973519 0.155503
vt 0.165541 0.854427
vt 0.151845 0.807090
vt 0.347085 0.942032
vt 0.334683 0.928737
vt 0.332930 0.919726
vt 0.039984 0.978076
vt 0.029812 0.971219
vt 0.044921 0.969185
vt 0.068590 0.957989
vt 0.046053 0.955036
vt 0.033211 0.877319
vt 0.038398 0.875903
vt 0.039452 0.869379
vt 0.139761 0.549079
vt 0.144577 0.542703
vt 0.470391 0.030420
vt 0.749746 0.778046
vt 0.085982 0.520420
vt 0.725673 0.945069
vt 0.720036 0.950302
vt 0.030291 0.177027
vt 0.035626 0.178438
vt 0.730339 0.906090
vt 0.014937 0.191507
vt 0.042217 0.189757
vt 0.733565 0.882526
vt 0.036745 0.193945
vt 0.008948 0.171920
vt 0.021968 0.178046
vt 0.007800 0.179919
vt 0.736474 0.889542
vt 0.734900 0.947260
vt 0.732240 0.930208
vt 0.737267 0.910906
vt 0.733876 0.906012
vt 0.739816 0.943953
vt 0.746539 0.944290
vt 0.752247 0.943069
vt 0.745000 0.934678
vt 0.750871 0.934385
vt 0.741600 0.932651
vt 0.971030 0.759766
vt 0.972188 0.752782
vt 0.975252 0.749001
vt 0.089833 0.977212
vt 0.095421 0.976029
vt 0.085940 0.983290
vt 0.089976 0.988104
vt 0.084678 0.986901
vt 0.087169 0.984355
vt 0.107599 0.980629
vt 0.096051 0.961163
vt 0.092766 0.984039
vt 0.727404 0.010420
vt 0.725598 0.016714
vt 0.706715 0.008113
vt 0.895625 0.799827
vt 0.895834 0.822999
vt 0.888780 0.805291
vt 0.965775 0.877781
vt 0.965622 0.919748
vt 0.121120 0.981935
vt 0.905692 0.810506
vt 0.948794 0.844568
vt 0.938574 0.796434
vt 0.963459 0.806621
vt 0.943192 0.805644
vt 0.567291 0.956582
vt 0.229303 0.176006
vt 0.068611 0.716586
vt 0.060651 0.711113
vt 0.060226 0.700212
vt 0.518669 0.364891
vt 0.490271 0.381914
vt 0.872928 0.355816
vt 0.317046 0.274250
vt 0.363338 0.306721
vt 0.361517 0.309087
vt 0.324309 0.487603
vt 0.097619 0.986816
vt 0.696159 0.008597
vt 0.617769 0.101282
vt 0.052216 0.142839
vt 0.065916 0.135165
vt 0.107203 0.089655
vt 0.977818 0.482597
vt 0.956176 0.159112
vt 0.153977 0.959172
vt 0.848654 0.468732
vt 0.068513 0.970803
vt 0.036082 0.937662
vt 0.038755 0.945516
vt 0.036256 0.947216
vt 0.066917 0.702711
vt 0.028861 0.948125
vt 0.345874 0.952444
vt 0.153859 0.716483
vt 0.777488 0.251893
vt 0.169437 0.546058
vt 0.543926 0.897597
vt 0.569188 0.860268
vt 0.572643 0.861730
vt 0.068444 0.523617
vt 0.074720 0.526730
vt 0.681625 0.933334
vt 0.995000 0.760975
vt 0.990684 0.752720
vt 0.081790 0.988856
vt 0.078971 0.988880
vt 0.084255 0.985999
vt 0.687631 0.013685
vt 0.068982 0.134423
vt 0.073694 0.156746
vt 0.827025 0.053342
vt 0.070831 0.107250
vt 0.965487 0.791425
vt 0.931218 0.801484
vt 0.525068 0.946208
vt 0.526597 0.956313
vt 0.568578 0.398311
vt 0.954893 0.753079
vt 0.964278 0.752552
vt 0.944073 0.762800
vt 0.964089 0.764505
vt 0.952324 0.747889
vt 0.994436 0.681985
vt 0.976708 0.682470
vt 0.983685 0.674469
vt 0.976595 0.670360
vt 0.945811 0.752235
vt 0.968500 0.747500
vt 0.962690 0.745603
vt 0.954724 0.733433
vt 0.969507 0.729456
vt 0.959946 0.744480
vt 0.957488 0.729810
vt 0.961317 0.724441
vt 0.944531 0.717216
vt 0.952585 0.714208
vt 0.963583 0.711727
vt 0.946086 0.687059
vt 0.941009 0.688143
vt 0.951923 0.684672
vt 0.944977 0.689020
vt 0.161765 0.539878
vt 0.729772 0.652357
vt 0.737885 0.697066
vt 0.707532 0.696711
vt 0.685037 0.780068
vt 0.320258 0.291420
vt 0.314334 0.281236
vt 0.128466 0.355953
vt 0.134354 0.368935
vt 0.032703 0.120530
vt 0.048785 0.129194
vt 0.802276 0.474484
vt 0.845339 0.485347
vt 0.942661 0.681780
vt 0.074112 0.711868
vt 0.854688 0.330174
vt 0.708565 0.791798
vt 0.688876 0.785705
vt 0.458112 0.036867
vt 0.083172 0.983690
vt 0.046055 0.240032
vt 0.925926 0.567202
vt 0.571861 0.388228
vt 0.847878 0.476579
vt 0.798181 0.952608
vt 0.027917 0.959265
vt 0.353737 0.962947
vt 0.343828 0.964865
vt 0.342032 0.960037
vt 0.507126 0.367766
vt 0.487454 0.374734
vt 0.140893 0.516891
vt 0.705667 0.732218
vt 0.545240 0.889454
vt 0.324170 0.504237
vt 0.141323 0.365237
vt 0.966469 0.532635
vt 0.959640 0.532094
vt 0.978075 0.527564
vt 0.976848 0.918619
vt 0.980161 0.762823
vt 0.985892 0.773104
vt 0.951305 0.785118
vt 0.571803 0.414221
vt 0.076624 0.911839
vt 0.079553 0.914906
vt 0.046344 0.884538
vt 0.772524 0.776159
vt 0.782893 0.774493
vt 0.781901 0.783036
vt 0.799719 0.769952
vt 0.790865 0.776757
vt 0.652647 0.757516
vt 0.666933 0.748065
vt 0.726261 0.794942
vt 0.568730 0.854034
vt 0.544787 0.901530
vt 0.119192 0.350265
vt 0.905983 0.795580
vt 0.903760 0.783322
vt 0.889849 0.795450
vt 0.837443 0.043424
vt 0.957145 0.817775
vt 0.943662 0.819480
vt 0.935367 0.433619
vt 0.176621 0.852174
vt 0.600280 0.438830
vt 0.578509 0.391065
vt 0.042294 0.871362
vt 0.153033 0.725573
vt 0.691691 0.737120
vt 0.695357 0.759787
vt 0.683855 0.804751
vt 0.678469 0.812216
vt 0.465222 0.031331
vt 0.071489 0.538983
vt 0.905978 0.816221
vt 0.916531 0.297933
vt 0.035228 0.165349
vt 0.038933 0.157731
vt 0.045121 0.160245
vt 0.060091 0.158955
vt 0.820226 0.065079
vt 0.046615 0.878286
vt 0.150284 0.683453
vt 0.103705 0.676941
vt 0.148051 0.676297
vt 0.659411 0.761247
vt 0.247962 0.120509
vt 0.255690 0.125170
vt 0.240714 0.127865
vt 0.045038 0.515677
vt 0.089606 0.382201
vt 0.120037 0.367171
vt 0.683988 0.016369
vt 0.073680 0.165175
vt 0.076311 0.242166
vt 0.083169 0.251275
vt 0.939279 0.788297
vt 0.924103 0.793994
vt 0.187045 0.962893
vt 0.207081 0.178722
vt 0.591439 0.418837
vt 0.027925 0.983894
vt 0.082411 0.933671
vt 0.705435 0.713697
vt 0.700303 0.712299
vt 0.253486 0.121260
vt 0.456858 0.025890
vt 0.447647 0.027929
vt 0.441882 0.006572
vt 0.983279 0.308407
vt 0.992305 0.305940
vt 0.989910 0.314976
vt 0.977037 0.319444
vt 0.053856 0.347912
vt 0.061841 0.334211
vt 0.063208 0.334988
vt 0.143266 0.367191
vt 0.713945 0.020314
vt 0.892200 0.294309
vt 0.881723 0.288161
vt 0.905815 0.272781
vt 0.068059 0.237208
vt 0.507517 0.953694
vt 0.059173 0.938249
vt 0.085687 0.928331
vt 0.023944 0.879726
vt 0.788058 0.782376
vt 0.238493 0.138593
vt 0.247945 0.139445
vt 0.441142 0.025612
vt 0.441031 0.012913
vt 0.448363 0.006435
vt 0.049171 0.325607
vt 0.039791 0.348525
vt 0.036009 0.345991
vt 0.092742 0.379361
vt 0.976919 0.537987
vt 0.148387 0.984313
vt 0.141625 0.977580
vt 0.152517 0.977618
vt 0.032373 0.174806
vt 0.055993 0.233040
vt 0.041403 0.233504
vt 0.861675 0.483792
vt 0.148787 0.527043
vt 0.281886 0.860046
vt 0.686928 0.713913
vt 0.659774 0.774552
vt 0.563850 0.851452
vt 0.058493 0.522692
vt 0.454519 0.041965
vt 0.266796 0.948079
vt 0.253226 0.956513
vt 0.259675 0.951106
vt 0.904607 0.972082
vt 0.934391 0.978681
vt 0.918288 0.980960
vt 0.052185 0.993955
vt 0.045592 0.989982
vt 0.049739 0.986123
vt 0.046444 0.994904
vt 0.055315 0.987690
vt 0.909117 0.323276
vt 0.914077 0.313489
vt 0.916738 0.321904
vt 0.980954 0.302934
vt 0.035858 0.335843
vt 0.085674 0.381347
vt 0.150180 0.385679
vt 0.956081 0.536962
vt 0.921420 0.301614
vt 0.928260 0.297103
vt 0.900036 0.744684
vt 0.905569 0.745912
vt 0.053342 0.164347
vt 0.838957 0.057303
vt 0.918084 0.805035
vt 0.936549 0.812418
vt 0.917976 0.428378
vt 0.937277 0.564012
vt 0.968747 0.567092
vt 0.232777 0.179672
vt 0.580324 0.404843
vt 0.053414 0.948741
vt 0.048252 0.944774
vt 0.059208 0.941545
vt 0.046882 0.950318
vt 0.865933 0.484529
vt 0.352773 0.958121
vt 0.794814 0.781312
vt 0.380213 0.658052
vt 0.657859 0.692613
vt 0.664798 0.765579
vt 0.253625 0.111748
vt 0.451190 0.005990
vt 0.054329 0.358235
vt 0.059588 0.363483
vt 0.058069 0.374080
vt 0.056402 0.370159
vt 0.441512 0.026953
vt 0.493312 0.014188
vt 0.486797 0.024374
vt 0.884680 0.339851
vt 0.896615 0.351621
vt 0.887705 0.348416
vt 0.894022 0.343508
vt 0.493718 0.027815
vt 0.498125 0.027619
vt 0.494117 0.008773
vt 0.485649 0.013053
vt 0.992983 0.005123
vt 0.988004 0.009844
vt 0.987372 0.005000
vt 0.965202 0.313824
vt 0.971357 0.317229
vt 0.964543 0.317223
vt 0.913724 0.307600
vt 0.037309 0.991944
vt 0.041481 0.989792
vt 0.045543 0.988361
vt 0.040336 0.986203
vt 0.917660 0.305541
vt 0.918494 0.305711
vt 0.916511 0.310014
vt 0.907433 0.318308
vt 0.961722 0.321434
vt 0.043397 0.986674
vt 0.988958 0.333653
vt 0.980206 0.328496
vt 0.707365 0.029243
vt 0.988735 0.515261
vt 0.984200 0.513454
vt 0.989837 0.501337
vt 0.145753 0.968441
vt 0.590333 0.947139
vt 0.597045 0.953024
vt 0.158158 0.971511
vt 0.992637 0.743907
vt 0.587436 0.954522
vt 0.690862 0.903994
vt 0.682358 0.927435
vt 0.982826 0.536732
vt 0.985437 0.525738
vt 0.971147 0.741332
vt 0.992445 0.549138
vt 0.990259 0.535189
vt 0.123444 0.967990
vt 0.133307 0.974747
vt 0.119952 0.976415
vt 0.618104 0.962045
vt 0.984643 0.732787
vt 0.674148 0.920453
vt 0.605913 0.969123
vt 0.592843 0.961688
vt 0.130039 0.960744
vt 0.139564 0.961296
vt 0.718230 0.030710
vt 0.711216 0.035844
vt 0.135969 0.953293
vt 0.909550 0.786056
vt 0.975624 0.876198
vt 0.266468 0.852134
vt 0.271643 0.854210
vt 0.265237 0.864824
vt 0.965903 0.844303
vt 0.668528 0.047089
vt 0.666994 0.033754
vt 0.683413 0.029466
vt 0.957464 0.830784
vt 0.940922 0.779094
vt 0.927074 0.780071
vt 0.721388 0.032982
vt 0.734375 0.022102
vt 0.733390 0.027099
vt 0.711062 0.040684
vt 0.719331 0.039403
vt 0.684333 0.042083
vt 0.939908 0.828968
vt 0.944997 0.837887
vt 0.740966 0.048817
vt 0.917622 0.783437
vt 0.734656 0.058167
vt 0.696256 0.036110
vt 0.705509 0.034502
vt 0.703279 0.046744
vt 0.508520 0.960429
vt 0.980797 0.571682
vt 0.967638 0.551507
vt 0.972576 0.541907
vt 0.973105 0.565848
vt 0.980678 0.540468
vt 0.614088 0.441289
vt 0.924462 0.169182
vt 0.936841 0.150560
vt 0.932354 0.163752
vt 0.927790 0.160066
vt 0.921329 0.178410
vt 0.934947 0.171047
vt 0.920574 0.182730
vt 0.915530 0.173272
vt 0.909119 0.188894
vt 0.908188 0.185608
vt 0.913877 0.194748
vt 0.885748 0.200580
vt 0.868148 0.195614
vt 0.869620 0.192674
vt 0.062609 0.724358
vt 0.056763 0.712715
vt 0.883043 0.184400
vt 0.042645 0.478675
vt 0.037763 0.475585
vt 0.035705 0.469096
vt 0.033782 0.479565
vt 0.025694 0.480096
vt 0.044687 0.769829
vt 0.032690 0.793128
vt 0.033587 0.773585
vt 0.055305 0.770355
vt 0.048341 0.758163
vt 0.027831 0.789644
vt 0.050123 0.791242
vt 0.058950 0.789787
vt 0.067852 0.780834
vt 0.075736 0.777084
vt 0.049542 0.808435
vt 0.027920 0.812216
vt 0.071370 0.800877
vt 0.028055 0.762061
vt 0.741019 0.963073
vt 0.752577 0.949072
vt 0.755364 0.961632
vt 0.765309 0.957358
vt 0.016899 0.466869
vt 0.023764 0.485915
vt 0.727991 0.962396
vt 0.734860 0.974472
vt 0.056822 0.816560
vt 0.741994 0.973302
vt 0.028221 0.510140
vt 0.019779 0.504957
vt 0.031961 0.499358
vt 0.735433 0.982480
vt 0.738712 0.978274
vt 0.039566 0.488376
vt 0.044998 0.483371
vt 0.037523 0.506928
vt 0.748031 0.973534
vt 0.754812 0.972862
vt 0.766922 0.974143
vt 0.044750 0.492580
vt 0.043891 0.496852
vt 0.048213 0.502331
vt 0.058467 0.109952
vt 0.052965 0.101550
vt 0.059748 0.107783
vt 0.058382 0.225297
vt 0.058295 0.228270
vt 0.052251 0.201174
vt 0.058769 0.224713
vt 0.049169 0.199838
vt 0.055376 0.224982
vt 0.051392 0.199947
vt 0.045748 0.203470
vt 0.571751 0.182149
vt 0.584814 0.135597
vt 0.586473 0.136188
vt 0.580321 0.132952
vt 0.582648 0.134169
vt 0.570132 0.182008
vt 0.570803 0.183361
vt 0.568608 0.190890
vt 0.047953 0.198219
vt 0.042940 0.195807
vt 0.055276 0.170017
vt 0.059126 0.171502
vt 0.057471 0.171505
vt 0.056775 0.170240
vt 0.049254 0.093505
vt 0.039143 0.096006
vt 0.604463 0.130317
vt 0.628393 0.128329
vt 0.624638 0.107124
vt 0.037907 0.117128
vt 0.039840 0.092999
vt 0.028922 0.100056
vt 0.039793 0.091886
vt 0.584781 0.127390
vt 0.036371 0.084649
vt 0.640813 0.115423
vt 0.036775 0.091711
vt 0.061811 0.110453
vt 0.062652 0.110036
vt 0.068144 0.118232
vt 0.551391 0.102340
vt 0.535521 0.098449
vt 0.927653 0.337331
vt 0.928578 0.321992
vt 0.938693 0.328883
vt 0.922265 0.364458
vt 0.919361 0.377043
vt 0.914084 0.352485
vt 0.954622 0.325310
vt 0.926476 0.391644
vt 0.927219 0.377931
vt 0.932143 0.386118
vt 0.920650 0.351948
vt 0.957347 0.331780
vt 0.971999 0.340134
vt 0.974306 0.334630
vt 0.985929 0.345277
vt 0.977242 0.346763
vt 0.939452 0.348272
vt 0.940811 0.366324
vt 0.936329 0.357926
vt 0.946128 0.344458
vt 0.957581 0.345888
vt 0.956649 0.352832
vt 0.947209 0.353388
vt 0.942513 0.358161
vt 0.946796 0.367277
vt 0.954680 0.361207
vt 0.944239 0.368973
vt 0.960776 0.355997
vt 0.264319 0.983997
vt 0.270329 0.969584
vt 0.063678 0.727784
vt 0.050420 0.900772
vt 0.899346 0.192062
vt 0.958412 0.362786
vt 0.051158 0.499866
vt 0.064563 0.901401
vt 0.918397 0.193491
vt 0.963662 0.359005
vt 0.956257 0.368450
vt 0.053964 0.725400
vt 0.271146 0.954052
vt 0.069648 0.981055
vt 0.902628 0.181984
vt 0.032705 0.839114
vt 0.070262 0.764689
vt 0.064604 0.765141
vt 0.083928 0.740594
vt 0.066417 0.735068
vt 0.080661 0.735131
vt 0.071171 0.741541
vt 0.077053 0.725771
vt 0.878880 0.178074
vt 0.074107 0.769062
vt 0.885222 0.178637
vt 0.884424 0.176766
vt 0.891725 0.176974
vt 0.105205 0.735864
vt 0.090644 0.740807
vt 0.104909 0.742753
vt 0.094067 0.741123
vt 0.117120 0.738814
vt 0.092743 0.736270
vt 0.102228 0.939868
vt 0.107082 0.938669
vt 0.114199 0.942940
vt 0.100591 0.933613
vt 0.103016 0.942918
vt 0.091423 0.940079
vt 0.775878 0.793804
vt 0.781938 0.791193
vt 0.801620 0.774929
vt 0.811243 0.769515
vt 0.195703 0.914115
vt 0.202128 0.921381
vt 0.187527 0.917449
vt 0.654592 0.679402
vt 0.675971 0.819514
vt 0.288884 0.290893
vt 0.112517 0.907897
vt 0.106351 0.903295
vt 0.112796 0.902235
vt 0.127073 0.898221
vt 0.693212 0.028352
vt 0.977562 0.853205
vt 0.042622 0.454407
vt 0.028324 0.442034
vt 0.026798 0.405953
vt 0.984087 0.969795
vt 0.956209 0.968892
vt 0.942799 0.956822
vt 0.202243 0.182086
vt 0.250619 0.233328
vt 0.091173 0.945382
vt 0.798511 0.786080
vt 0.582243 0.822232
vt 0.581483 0.819157
vt 0.276531 0.871006
vt 0.097732 0.922419
vt 0.086506 0.922970
vt 0.108193 0.913315
vt 0.121867 0.907091
vt 0.750439 0.042066
vt 0.750357 0.048063
vt 0.028304 0.459110
vt 0.048875 0.421834
vt 0.976281 0.942021
vt 0.984300 0.948188
vt 0.965787 0.946896
vt 0.980698 0.921776
vt 0.983617 0.563193
vt 0.185964 0.178684
vt 0.984402 0.571864
vt 0.986209 0.560510
vt 0.018975 0.927421
vt 0.012392 0.928346
vt 0.018414 0.926276
vt 0.020744 0.937374
vt 0.020624 0.920712
vt 0.985135 0.564691
vt 0.247463 0.220490
vt 0.672056 0.776624
vt 0.677164 0.781848
vt 0.870507 0.712743
vt 0.912454 0.739133
vt 0.981829 0.899212
vt 0.984759 0.907557
vt 0.879326 0.250116
vt 0.953613 0.635138
vt 0.951777 0.674033
vt 0.142426 0.874447
vt 0.145959 0.888960
vt 0.138109 0.882837
vt 0.047487 0.217107
vt 0.940909 0.950294
vt 0.929217 0.941724
vt 0.080654 0.940949
vt 0.814318 0.756917
vt 0.821231 0.744786
vt 0.832534 0.748584
vt 0.733871 0.796560
vt 0.738142 0.798268
vt 0.773197 0.430920
vt 0.764824 0.460531
vt 0.770918 0.427957
vt 0.584478 0.827421
vt 0.922611 0.278793
vt 0.911919 0.267761
vt 0.014058 0.931017
vt 0.253417 0.234846
vt 0.872924 0.502509
vt 0.158540 0.698454
vt 0.159661 0.717875
vt 0.163668 0.531811
vt 0.949800 0.656761
vt 0.258206 0.856436
vt 0.013301 0.933289
vt 0.006809 0.931491
vt 0.827349 0.167848
vt 0.244234 0.950582
vt 0.758479 0.151968
vt 0.765868 0.159020
vt 0.769817 0.179307
vt 0.746482 0.150979
vt 0.849560 0.940632
vt 0.844999 0.927359
vt 0.613655 0.437159
vt 0.597352 0.423762
vt 0.584353 0.386848
vt 0.817348 0.766702
vt 0.831147 0.767257
vt 0.161273 0.691568
vt 0.288121 0.306434
vt 0.281423 0.301695
vt 0.278768 0.290518
vt 0.868975 0.770203
vt 0.929820 0.629852
vt 0.925106 0.619260
vt 0.941030 0.635523
vt 0.870243 0.725899
vt 0.234321 0.868818
vt 0.944904 0.658900
vt 0.246053 0.863330
vt 0.197468 0.873295
vt 0.944228 0.643061
vt 0.926919 0.631686
vt 0.930559 0.649168
vt 0.842505 0.754892
vt 0.182841 0.233978
vt 0.168743 0.232860
vt 0.177022 0.219150
vt 0.176613 0.244680
vt 0.178471 0.258302
vt 0.167464 0.254076
vt 0.184937 0.226733
vt 0.165781 0.212468
vt 0.175235 0.205653
vt 0.171000 0.262383
vt 0.190073 0.247347
vt 0.181668 0.214360
vt 0.187142 0.209707
vt 0.182386 0.204992
vt 0.987152 0.242780
vt 0.964947 0.234962
vt 0.975783 0.231720
vt 0.118291 0.879596
vt 0.117570 0.885801
vt 0.106884 0.872789
vt 0.193010 0.234637
vt 0.190282 0.220525
vt 0.101216 0.859022
vt 0.110204 0.882116
vt 0.959531 0.219101
vt 0.962118 0.207332
vt 0.965575 0.220429
vt 0.972986 0.224287
vt 0.285614 0.916421
vt 0.282021 0.915245
vt 0.283279 0.906763
vt 0.991495 0.229090
vt 0.972034 0.215150
vt 0.985119 0.217179
vt 0.971390 0.206596
vt 0.984245 0.195718
vt 0.985142 0.201160
vt 0.980049 0.193489
vt 0.989335 0.202481
vt 0.913628 0.794826
vt 0.915685 0.792511
vt 0.458734 0.016730
vt 0.252894 0.949059
vt 0.918491 0.972595
vt 0.058756 0.987278
vt 0.978048 0.005234
vt 0.981276 0.008512
vt 0.989025 0.016468
vt 0.980609 0.016285
vt 0.971526 0.322039
vt 0.971522 0.324211
vt 0.963559 0.325243
vt 0.917044 0.312755
vt 0.917763 0.307793
vt 0.915773 0.307724
vt 0.129573 0.941242
vt 0.911620 0.812460
vt 0.910589 0.816992
vt 0.057147 0.348521
vt 0.975936 0.360669
vt 0.974534 0.352557
vt 0.976933 0.355757
vt 0.483947 0.010177
vt 0.254030 0.954922
vt 0.215166 0.307834
vt 0.208232 0.302220
vt 0.210410 0.298874
vt 0.295221 0.958052
vt 0.289293 0.956675
vt 0.302476 0.948703
vt 0.499863 0.010214
vt 0.503243 0.006147
vt 0.901628 0.339875
vt 0.138821 0.378026
vt 0.604655 0.982865
vt 0.911806 0.801437
vt 0.244129 0.113175
vt 0.233044 0.136325
vt 0.253655 0.944313
vt 0.263801 0.941844
vt 0.253127 0.946568
vt 0.053914 0.354203
vt 0.274235 0.946557
vt 0.291563 0.930231
vt 0.288643 0.924256
vt 0.079488 0.818957
vt 0.085824 0.822029
vt 0.084441 0.832400
vt 0.032194 0.758499
vt 0.028924 0.745596
vt 0.035033 0.726735
vt 0.297449 0.960319
vt 0.168079 0.292032
vt 0.198767 0.310106
vt 0.978450 0.355019
vt 0.983006 0.357000
vt 0.887238 0.352821
vt 0.108264 0.377297
vt 0.981858 0.835431
vt 0.971666 0.837268
vt 0.967994 0.835255
vt 0.914919 0.798043
vt 0.915730 0.789236
vt 0.042899 0.520006
vt 0.180303 0.286329
vt 0.177666 0.304475
vt 0.473916 0.026301
vt 0.478049 0.027264
vt 0.989060 0.355908
vt 0.987715 0.360966
vt 0.474330 0.018765
vt 0.882632 0.354113
vt 0.015759 0.039418
vt 0.019596 0.041883
vt 0.013953 0.039961
vt 0.900997 0.359267
vt 0.983834 0.338647
vt 0.992034 0.346732
vt 0.084334 0.816500
vt 0.913717 0.785345
vt 0.175113 0.303686
vt 0.993229 0.357616
vt 0.991317 0.352643
vt 0.472030 0.018113
vt 0.014736 0.038435
vt 0.920857 0.330183
vt 0.907333 0.342083
vt 0.169481 0.304123
vt 0.017010 0.037557
vt 0.015785 0.910680
vt 0.021762 0.912579
vt 0.163939 0.309153
vt 0.966660 0.359164
vt 0.971353 0.367635
vt 0.987836 0.368305
vt 0.993368 0.364362
vt 0.013497 0.911663
vt 0.008326 0.915836
vt 0.021337 0.917347
vt 0.905999 0.353218
vt 0.047428 0.315567
vt 0.041356 0.323069
vt 0.040664 0.329151
vt 0.077946 0.893194
vt 0.079616 0.876193
vt 0.091809 0.867236
vt 0.006808 0.920352
vt 0.190157 0.260648
vt 0.911897 0.373138
vt 0.907401 0.374770
vt 0.278087 0.918114
vt 0.281080 0.918863
vt 0.992467 0.379070
vt 0.094715 0.864222
vt 0.094772 0.851164
vt 0.084847 0.849639
vt 0.086945 0.820584
vt 0.081793 0.816257
vt 0.033441 0.750218
vt 0.231131 0.140112
vt 0.236912 0.111283
vt 0.223024 0.160485
vt 0.217683 0.163011
vt 0.299398 0.934967
vt 0.112987 0.379521
vt 0.980517 0.828480
vt 0.961099 0.829454
vt 0.963020 0.826316
vt 0.967038 0.829095
vt 0.992276 0.688226
vt 0.992867 0.696628
vt 0.983679 0.690869
vt 0.914738 0.746376
vt 0.038331 0.755325
vt 0.033409 0.714524
vt 0.043500 0.747335
vt 0.919753 0.769956
vt 0.958665 0.835495
vt 0.960851 0.837364
vt 0.092519 0.834140
vt 0.974663 0.697925
vt 0.223327 0.108472
vt 0.207359 0.165419
vt 0.087744 0.807647
vt 0.045870 0.745635
vt 0.977880 0.685889
vt 0.976412 0.691476
vt 0.921640 0.761504
vt 0.922475 0.746437
vt 0.090163 0.823573
vt 0.061139 0.755028
vt 0.054962 0.754448
vt 0.091745 0.823676
vt 0.306286 0.941293
vt 0.197639 0.167810
vt 0.196842 0.163981
vt 0.199566 0.132311
vt 0.199509 0.161830
vt 0.215748 0.108189
vt 0.198442 0.133123
vt 0.167510 0.116757
vt 0.165456 0.113777
vt 0.191734 0.125480
vt 0.170033 0.107536
vt 0.043570 0.704777
vt 0.194523 0.126127
vt 0.184791 0.127108
vt 0.186403 0.130253
vt 0.187660 0.128949
vt 0.185897 0.127741
vt 0.218042 0.274863
vt 0.104916 0.880865
vt 0.918219 0.390603
vt 0.076799 0.907509
vt 0.092757 0.893906
vt 0.177095 0.201129
vt 0.020931 0.571265
vt 0.023044 0.579981
vt 0.017756 0.583395
vt 0.622089 0.825527
vt 0.625906 0.830734
vt 0.608388 0.826343
vt 0.096539 0.884555
vt 0.201429 0.240623
vt 0.220791 0.272519
vt 0.015184 0.581998
vt 0.013186 0.587580
vt 0.205696 0.253210
vt 0.033686 0.591155
vt 0.208524 0.251154
vt 0.010866 0.584856
vt 0.176049 0.189133
vt 0.177729 0.198016
vt 0.089375 0.898857
vt 0.599446 0.819972
vt 0.694898 0.052572
vt 0.745657 0.022847
vt 0.757773 0.034667
vt 0.680288 0.052940
vt 0.698859 0.058827
vt 0.134357 0.874693
vt 0.135831 0.892254
vt 0.159360 0.898815
vt 0.144747 0.897570
vt 0.130696 0.877719
vt 0.693513 0.062673
vt 0.155715 0.905446
vt 0.163098 0.913773
vt 0.686387 0.059407
vt 0.127656 0.885627
vt 0.145055 0.907056
vt 0.685607 0.064374
vt 0.125877 0.872773
vt 0.759401 0.037871
vt 0.200736 0.188950
vt 0.587140 0.407245
vt 0.811629 0.779148
vt 0.119971 0.492499
vt 0.175064 0.455241
vt 0.300935 0.260480
vt 0.073335 0.225456
vt 0.715380 0.073265
vt 0.716658 0.157737
vt 0.711575 0.146058
vt 0.735197 0.141190
vt 0.719817 0.131462
vt 0.059264 0.422982
vt 0.050625 0.440908
vt 0.745516 0.161464
vt 0.744901 0.169219
vt 0.731336 0.158255
vt 0.195916 0.957618
vt 0.296919 0.074731
vt 0.292199 0.064970
vt 0.301456 0.058613
vt 0.272433 0.037176
vt 0.281331 0.026859
vt 0.278563 0.072654
vt 0.304404 0.038748
vt 0.306752 0.026149
vt 0.308542 0.031784
vt 0.320631 0.016999
vt 0.336474 0.018177
vt 0.006304 0.926921
vt 0.986893 0.567195
vt 0.009146 0.925841
vt 0.009969 0.925830
vt 0.008020 0.924554
vt 0.820867 0.141465
vt 0.312928 0.037188
vt 0.346857 0.019489
vt 0.199110 0.191232
vt 0.334510 0.026828
vt 0.966794 0.284889
vt 0.959616 0.285040
vt 0.963490 0.273550
vt 0.249295 0.043031
vt 0.238952 0.030387
vt 0.265253 0.014208
vt 0.194519 0.196166
vt 0.275295 0.026508
vt 0.957436 0.922375
vt 0.259378 0.048240
vt 0.955154 0.280006
vt 0.948720 0.269938
vt 0.960949 0.258974
vt 0.971384 0.264656
vt 0.949083 0.276983
vt 0.935488 0.284756
vt 0.925131 0.319286
vt 0.938264 0.279730
vt 0.914033 0.264491
vt 0.909620 0.257182
vt 0.914554 0.258281
vt 0.918465 0.256227
vt 0.909516 0.252180
vt 0.906800 0.258723
vt 0.903674 0.254706
vt 0.592029 0.402941
vt 0.777754 0.804109
vt 0.158144 0.518449
vt 0.225199 0.247762
vt 0.135376 0.909872
vt 0.120311 0.880587
vt 0.760924 0.180804
vt 0.078228 0.946717
vt 0.064914 0.945816
vt 0.092987 0.949225
vt 0.784514 0.798252
vt 0.175753 0.519565
vt 0.692248 0.699734
vt 0.671936 0.805636
vt 0.124601 0.913828
vt 0.724079 0.065049
vt 0.794332 0.186234
vt 0.584371 0.381083
vt 0.759012 0.814271
vt 0.797238 0.798379
vt 0.212961 0.245871
vt 0.221506 0.246005
vt 0.159974 0.921696
vt 0.675237 0.824608
vt 0.321702 0.874016
vt 0.141141 0.922714
vt 0.901122 0.247420
vt 0.614021 0.430993
vt 0.124067 0.443811
vt 0.323135 0.723754
vt 0.744221 0.800573
vt 0.859833 0.927592
vt 0.837903 0.768872
vt 0.165897 0.504824
vt 0.655177 0.777359
vt 0.657534 0.780603
vt 0.659466 0.806716
vt 0.852107 0.925058
vt 0.768389 0.814561
vt 0.664017 0.720470
vt 0.269556 0.291214
vt 0.273817 0.293051
vt 0.272129 0.303609
vt 0.769355 0.419994
vt 0.770306 0.374018
vt 0.792506 0.383227
vt 0.789413 0.418791
vt 0.776861 0.383127
vt 0.774925 0.419431
vt 0.220712 0.026967
vt 0.240313 0.046039
vt 0.776957 0.814866
vt 0.673575 0.834239
vt 0.726269 0.072464
vt 0.882135 0.938672
vt 0.614118 0.418792
vt 0.744830 0.838821
vt 0.734808 0.845001
vt 0.738190 0.826542
vt 0.173601 0.727287
vt 0.194255 0.946508
vt 0.481709 0.503938
vt 0.659239 0.801570
vt 0.985961 0.840223
vt 0.869493 0.925861
vt 0.881418 0.930582
vt 0.601234 0.408719
vt 0.747909 0.822410
vt 0.785466 0.807537
vt 0.188634 0.945785
vt 0.187317 0.952101
vt 0.177484 0.953029
vt 0.641000 0.762848
vt 0.745056 0.807859
vt 0.679823 0.837887
vt 0.265123 0.293375
vt 0.773964 0.371955
vt 0.143804 0.918017
vt 0.120382 0.865651
vt 0.716877 0.078586
vt 0.050741 0.939517
vt 0.761231 0.826533
vt 0.223233 0.938793
vt 0.644203 0.732730
vt 0.637498 0.742234
vt 0.273868 0.278252
vt 0.271704 0.311249
vt 0.839378 0.060564
vt 0.828429 0.084601
vt 0.750146 0.830896
vt 0.830316 0.778112
vt 0.225053 0.947440
vt 0.237160 0.944023
vt 0.175228 0.500169
vt 0.228840 0.025001
vt 0.229939 0.020557
vt 0.661372 0.440075
vt 0.772527 0.820680
vt 0.799970 0.382026
vt 0.604719 0.416673
vt 0.798068 0.810177
vt 0.811367 0.795937
vt 0.640049 0.783411
vt 0.190193 0.956965
vt 0.649265 0.806809
vt 0.687252 0.843158
vt 0.745971 0.815879
vt 0.810119 0.075747
vt 0.787715 0.820249
vt 0.634136 0.764041
vt 0.647282 0.785707
vt 0.741689 0.818723
vt 0.259574 0.300498
vt 0.270612 0.101678
vt 0.277351 0.101928
vt 0.281770 0.114882
vt 0.290178 0.122722
vt 0.289374 0.135026
vt 0.254195 0.107930
vt 0.277223 0.267302
vt 0.268609 0.279235
vt 0.555763 0.696244
vt 0.752689 0.843336
vt 0.193613 0.954512
vt 0.630854 0.723338
vt 0.222348 0.290233
vt 0.257558 0.291119
vt 0.260650 0.361919
vt 0.270084 0.358509
vt 0.286477 0.360161
vt 0.723830 0.091821
vt 0.308832 0.358512
vt 0.304966 0.372754
vt 0.765359 0.211819
vt 0.208651 0.016206
vt 0.226908 0.014925
vt 0.775956 0.829262
vt 0.767709 0.837663
vt 0.802185 0.829101
vt 0.827016 0.799339
vt 0.812792 0.798858
vt 0.111774 0.562261
vt 0.111867 0.563955
vt 0.102235 0.554836
vt 0.012308 0.940188
vt 0.011500 0.939087
vt 0.022291 0.939832
vt 0.022494 0.942337
vt 0.011694 0.943488
vt 0.022651 0.941623
vt 0.022677 0.941058
vt 0.226517 0.949962
vt 0.227356 0.951397
vt 0.227246 0.951923
vt 0.228136 0.950780
vt 0.115263 0.573953
vt 0.105486 0.573512
vt 0.011373 0.942055
vt 0.222796 0.951206
vt 0.226847 0.952746
vt 0.230093 0.953265
vt 0.218895 0.951067
vt 0.291499 0.091334
vt 0.784324 0.376883
vt 0.770556 0.199114
vt 0.732509 0.851030
vt 0.783806 0.829296
vt 0.688766 0.844934
vt 0.308839 0.114672
vt 0.300296 0.254458
vt 0.776327 0.202881
vt 0.102560 0.576353
vt 0.175197 0.487839
vt 0.186185 0.489552
vt 0.302812 0.380353
vt 0.300546 0.394638
vt 0.247250 0.394904
vt 0.199864 0.018457
vt 0.216607 0.471400
vt 0.218375 0.456082
vt 0.229092 0.501557
vt 0.264522 0.271636
vt 0.112424 0.562881
vt 0.227107 0.273331
vt 0.230828 0.240062
vt 0.252213 0.238313
vt 0.904610 0.930704
vt 0.152763 0.386470
vt 0.151790 0.364773
vt 0.161452 0.382935
vt 0.788113 0.127227
vt 0.098898 0.581015
vt 0.082564 0.576227
vt 0.650683 0.815709
vt 0.706825 0.850366
vt 0.283691 0.088266
vt 0.766530 0.200384
vt 0.225675 0.442384
vt 0.078275 0.572917
vt 0.118315 0.578053
vt 0.241944 0.264093
vt 0.299735 0.090146
vt 0.299897 0.082103
vt 0.811709 0.370677
vt 0.100189 0.586835
vt 0.203151 0.481691
vt 0.186980 0.488395
vt 0.225399 0.229122
vt 0.218101 0.237649
vt 0.201832 0.237171
vt 0.788752 0.353936
vt 0.765844 0.329830
vt 0.778790 0.324634
vt 0.791094 0.835372
vt 0.728610 0.858686
vt 0.823178 0.842889
vt 0.209808 0.220103
vt 0.294463 0.079280
vt 0.222479 0.277967
vt 0.244880 0.412166
vt 0.605257 0.763152
vt 0.604139 0.777603
vt 0.759920 0.605775
vt 0.764233 0.609906
vt 0.760245 0.631949
vt 0.312804 0.121782
vt 0.328354 0.107955
vt 0.310348 0.107231
vt 0.289797 0.071794
vt 0.823276 0.371189
vt 0.758158 0.313576
vt 0.805341 0.838648
vt 0.843822 0.774277
vt 0.100827 0.065110
vt 0.099419 0.061615
vt 0.162273 0.061316
vt 0.102731 0.620484
vt 0.649445 0.819481
vt 0.314973 0.078945
vt 0.809273 0.366214
vt 0.179071 0.387719
vt 0.150581 0.358461
vt 0.174662 0.376048
vt 0.153298 0.354991
vt 0.568053 0.694683
vt 0.796401 0.081256
vt 0.781672 0.101917
vt 0.649097 0.824884
vt 0.285864 0.150840
vt 0.071316 0.649919
vt 0.343590 0.113476
vt 0.310823 0.071532
vt 0.807517 0.360431
vt 0.899918 0.944210
vt 0.203980 0.470563
vt 0.819227 0.842656
vt 0.661995 0.863124
vt 0.332528 0.097596
vt 0.292910 0.254957
vt 0.815249 0.356400
vt 0.217390 0.449588
vt 0.218045 0.441470
vt 0.197818 0.446332
vt 0.767110 0.614488
vt 0.759610 0.642200
vt 0.340552 0.104924
vt 0.334818 0.103237
vt 0.577545 0.927737
vt 0.592675 0.933344
vt 0.573452 0.933682
vt 0.248763 0.377547
vt 0.166843 0.364263
vt 0.788436 0.845285
vt 0.767176 0.319146
vt 0.102745 0.056572
vt 0.161840 0.057255
vt 0.770812 0.616678
vt 0.764005 0.707611
vt 0.829871 0.960483
vt 0.818992 0.961323
vt 0.826727 0.953702
vt 0.819395 0.953599
vt 0.864993 0.401507
vt 0.868796 0.488705
vt 0.862151 0.431405
vt 0.244124 0.381188
vt 0.910479 0.932569
vt 0.177330 0.430277
vt 0.196218 0.456410
vt 0.780169 0.072780
vt 0.145191 0.579870
vt 0.117588 0.616280
vt 0.175287 0.579506
vt 0.173610 0.642159
vt 0.252494 0.100374
vt 0.764755 0.095260
vt 0.798036 0.845895
vt 0.143447 0.641546
vt 0.642981 0.847791
vt 0.342299 0.098708
vt 0.827587 0.981830
vt 0.229095 0.425297
vt 0.215775 0.436384
vt 0.490714 0.261538
vt 0.474373 0.287416
vt 0.442233 0.277024
vt 0.173969 0.053120
vt 0.600804 0.770161
vt 0.652928 0.861128
vt 0.086892 0.438889
vt 0.086373 0.431102
vt 0.101726 0.437247
vt 0.760282 0.314420
vt 0.171556 0.389983
vt 0.772960 0.077432
vt 0.602690 0.779937
vt 0.598130 0.781083
vt 0.843231 0.959405
vt 0.238975 0.400042
vt 0.240543 0.419361
vt 0.236055 0.420399
vt 0.185811 0.427725
vt 0.948592 0.502273
vt 0.949017 0.497599
vt 0.957918 0.500108
vt 0.486684 0.318009
vt 0.484135 0.328636
vt 0.482959 0.315605
vt 0.941642 0.488933
vt 0.941368 0.498713
vt 0.487988 0.308036
vt 0.479944 0.303581
vt 0.479299 0.323804
vt 0.484576 0.290331
vt 0.492411 0.295732
vt 0.480538 0.293440
vt 0.216684 0.357848
vt 0.234690 0.353004
vt 0.224361 0.362174
vt 0.194257 0.360486
vt 0.229618 0.350666
vt 0.186978 0.359381
vt 0.752058 0.089083
vt 0.762741 0.084155
vt 0.488039 0.283035
vt 0.480520 0.281578
vt 0.162017 0.065652
vt 0.112857 0.655123
vt 0.657886 0.868669
vt 0.648763 0.865245
vt 0.571523 0.944343
vt 0.594523 0.942309
vt 0.056351 0.404491
vt 0.063752 0.428579
vt 0.774772 0.123831
vt 0.628839 0.839804
vt 0.636237 0.814961
vt 0.640647 0.853793
vt 0.090010 0.443096
vt 0.090255 0.448545
vt 0.223663 0.426216
vt 0.191865 0.412306
vt 0.786168 0.132822
vt 0.843644 0.951247
vt 0.103203 0.446076
vt 0.110232 0.450513
vt 0.436736 0.270979
vt 0.975778 0.059583
vt 0.978047 0.028181
vt 0.980139 0.022138
vt 0.029504 0.988048
vt 0.036627 0.988259
vt 0.983062 0.027105
vt 0.979905 0.053664
vt 0.979415 0.053289
vt 0.980715 0.055782
vt 0.823670 0.945724
vt 0.075536 0.443547
vt 0.236569 0.411016
vt 0.753912 0.062412
vt 0.197102 0.364243
vt 0.174796 0.358681
vt 0.157074 0.354243
vt 0.163031 0.347444
vt 0.217893 0.350199
vt 0.192486 0.357097
vt 0.199844 0.365691
vt 0.154507 0.341812
vt 0.156569 0.336570
vt 0.165972 0.337684
vt 0.188346 0.352097
vt 0.160042 0.327618
vt 0.172152 0.337559
vt 0.181551 0.347715
vt 0.149103 0.323419
vt 0.188814 0.347186
vt 0.171807 0.329061
vt 0.160004 0.321501
vt 0.141444 0.311045
vt 0.095339 0.649428
vt 0.030417 0.993479
vt 0.859572 0.022032
vt 0.928928 0.026441
vt 0.977653 0.024346
vt 0.980026 0.055642
vt 0.981248 0.063814
vt 0.631160 0.869391
vt 0.856880 0.960821
vt 0.874338 0.365863
vt 0.952511 0.519766
vt 0.945805 0.512121
vt 0.963232 0.507231
vt 0.311481 0.718388
vt 0.635558 0.861558
vt 0.017381 0.360443
vt 0.019353 0.363568
vt 0.017180 0.363813
vt 0.020527 0.370888
vt 0.014374 0.370796
vt 0.005742 0.377695
vt 0.005004 0.375014
vt 0.223364 0.396548
vt 0.229573 0.379114
vt 0.494827 0.251550
vt 0.099309 0.658524
vt 0.213457 0.216423
vt 0.982401 0.023603
vt 0.164303 0.119069
vt 0.122243 0.133093
vt 0.124042 0.131102
vt 0.760173 0.681195
vt 0.179482 0.447661
vt 0.496987 0.302897
vt 0.799590 0.853265
vt 0.841614 0.074766
vt 0.852665 0.026164
vt 0.848077 0.057724
vt 0.986868 0.025681
vt 0.865489 0.028940
vt 0.074405 0.593706
vt 0.057975 0.594757
vt 0.076640 0.555788
vt 0.370446 0.930587
vt 0.377397 0.928682
vt 0.378281 0.932891
vt 0.427405 0.900583
vt 0.432792 0.892569
vt 0.431786 0.899081
vt 0.760901 0.476386
vt 0.748156 0.400029
vt 0.757125 0.328433
vt 0.639819 0.942487
vt 0.179835 0.439507
vt 0.903154 0.027080
vt 0.020543 0.378181
vt 0.011784 0.362486
vt 0.005423 0.417227
vt 0.016735 0.399341
vt 0.014697 0.417216
vt 0.932408 0.486553
vt 0.809076 0.857183
vt 0.815794 0.858124
vt 0.869138 0.957916
vt 0.874504 0.973176
vt 0.864873 0.981119
vt 0.625952 0.850094
vt 0.185975 0.399265
vt 0.539361 0.222666
vt 0.559266 0.211254
vt 0.162316 0.449569
vt 0.415150 0.256699
vt 0.459998 0.242207
vt 0.848525 0.069526
vt 0.850942 0.071743
vt 0.865005 0.044297
vt 0.059156 0.557463
vt 0.424771 0.908603
vt 0.434677 0.901909
vt 0.861231 0.422201
vt 0.065533 0.439646
vt 0.090923 0.455129
vt 0.930635 0.477995
vt 0.176475 0.062127
vt 0.178362 0.056902
vt 0.419156 0.128473
vt 0.445750 0.141864
vt 0.425432 0.135762
vt 0.102680 0.654705
vt 0.859108 0.957108
vt 0.629591 0.845539
vt 0.015723 0.424907
vt 0.501015 0.241554
vt 0.176135 0.066301
vt 0.854348 0.074708
vt 0.244412 0.376713
vt 0.241186 0.367324
vt 0.245742 0.335164
vt 0.401746 0.928411
vt 0.419272 0.906125
vt 0.849131 0.402622
vt 0.860206 0.404350
vt 0.190587 0.407957
vt 0.512652 0.234535
vt 0.452863 0.147189
vt 0.446980 0.139274
vt 0.979090 0.985908
vt 0.988426 0.988863
vt 0.984810 0.994813
vt 0.115528 0.659692
vt 0.899335 0.973214
vt 0.906372 0.977261
vt 0.903054 0.976036
vt 0.015629 0.987347
vt 0.020089 0.985059
vt 0.017427 0.987949
vt 0.913248 0.006665
vt 0.409591 0.925500
vt 0.023500 0.407119
vt 0.901912 0.975787
vt 0.015045 0.988783
vt 0.009459 0.987556
vt 0.013979 0.987795
vt 0.981918 0.664808
vt 0.987490 0.668031
vt 0.977957 0.665567
vt 0.976040 0.666233
vt 0.976891 0.667792
vt 0.903034 0.977395
vt 0.901178 0.976870
vt 0.903605 0.976372
vt 0.901502 0.978102
vt 0.897605 0.977111
vt 0.899985 0.978373
vt 0.899837 0.979618
vt 0.016704 0.992971
vt 0.336332 0.314101
vt 0.270502 0.315563
vt 0.188809 0.312435
vt 0.366063 0.929630
vt 0.400037 0.922390
vt 0.857966 0.980994
vt 0.944861 0.012928
vt 0.947427 0.005743
vt 0.955880 0.015184
vt 0.088944 0.474066
vt 0.070212 0.471750
vt 0.182733 0.390711
vt 0.522365 0.225552
vt 0.732809 0.078328
vt 0.733761 0.075893
vt 0.737391 0.084260
vt 0.185693 0.065042
vt 0.323349 0.526926
vt 0.203470 0.209416
vt 0.933725 0.065298
vt 0.233901 0.339325
vt 0.066538 0.451563
vt 0.943126 0.538832
vt 0.507782 0.218871
vt 0.745859 0.085729
vt 0.746019 0.088928
vt 0.741040 0.087676
vt 0.892219 0.968615
vt 0.860776 0.050841
vt 0.363200 0.105710
vt 0.076581 0.448182
vt 0.179794 0.326429
vt 0.727563 0.084787
vt 0.731587 0.074677
vt 0.731137 0.088847
vt 0.878603 0.981289
vt 0.902773 0.041051
vt 0.620480 0.849820
vt 0.025524 0.769839
vt 0.019814 0.765322
vt 0.025293 0.763088
vt 0.420245 0.250168
vt 0.886558 0.953659
vt 0.765669 0.755551
vt 0.944152 0.018712
vt 0.932719 0.561984
vt 0.478588 0.235664
vt 0.331809 0.210817
vt 0.124852 0.122774
vt 0.025126 0.431739
vt 0.013609 0.755843
vt 0.010124 0.760734
vt 0.008282 0.765389
vt 0.016754 0.769680
vt 0.025768 0.758328
vt 0.017279 0.752873
vt 0.938172 0.013288
vt 0.938776 0.019132
vt 0.056796 0.086303
vt 0.059042 0.095847
vt 0.054141 0.090552
vt 0.066144 0.095543
vt 0.064741 0.105822
vt 0.064451 0.089178
vt 0.061489 0.082050
vt 0.059587 0.095513
vt 0.061108 0.436282
vt 0.621734 0.894663
vt 0.575124 0.900873
vt 0.563119 0.899868
vt 0.186933 0.847971
vt 0.183034 0.856468
vt 0.442926 0.132639
vt 0.194716 0.135101
vt 0.185483 0.175449
vt 0.158499 0.188563
vt 0.910553 0.044886
vt 0.072484 0.602458
vt 0.115478 0.126211
vt 0.943758 0.019366
vt 0.020123 0.775215
vt 0.567456 0.894629
vt 0.192928 0.870413
vt 0.991529 0.420986
vt 0.991967 0.420006
vt 0.994821 0.423113
vt 0.977609 0.254116
vt 0.978352 0.252681
vt 0.982486 0.253695
vt 0.985297 0.250247
vt 0.979020 0.251378
vt 0.980003 0.250779
vt 0.986686 0.851686
vt 0.988138 0.856056
vt 0.984942 0.854031
vt 0.986936 0.851506
vt 0.988981 0.855238
vt 0.192663 0.847295
vt 0.190583 0.851150
vt 0.188696 0.851014
vt 0.187261 0.854499
vt 0.974769 0.256849
vt 0.971561 0.252998
vt 0.994040 0.419497
vt 0.992798 0.418290
vt 0.985495 0.418681
vt 0.974943 0.246887
vt 0.668387 0.893283
vt 0.616887 0.886539
vt 0.673184 0.888634
vt 0.115484 0.138902
vt 0.048329 0.087348
vt 0.024920 0.074569
vt 0.750626 0.433587
vt 0.025669 0.777871
vt 0.573858 0.888324
vt 0.945270 0.666962
vt 0.189498 0.859334
vt 0.368638 0.101047
vt 0.083484 0.208821
vt 0.403636 0.318308
vt 0.921351 0.672798
vt 0.986883 0.490809
vt 0.967978 0.979097
vt 0.889526 0.947844
vt 0.866041 0.947790
vt 0.935916 0.017826
vt 0.926545 0.053160
vt 0.907144 0.062753
vt 0.067801 0.610036
vt 0.068980 0.615629
vt 0.184646 0.319238
vt 0.933216 0.012645
vt 0.982603 0.647505
vt 0.993316 0.656140
vt 0.988154 0.658282
vt 0.981106 0.658313
vt 0.978069 0.649328
vt 0.025624 0.784573
vt 0.025761 0.798406
vt 0.020981 0.785447
vt 0.024266 0.780315
vt 0.988499 0.416449
vt 0.374581 0.103143
vt 0.388275 0.098476
vt 0.425341 0.307714
vt 0.570511 0.882376
vt 0.748299 0.088135
vt 0.751728 0.095343
vt 0.098534 0.665084
vt 0.099901 0.665525
vt 0.419938 0.510595
vt 0.017080 0.787263
vt 0.976214 0.663015
vt 0.196307 0.891888
vt 0.860861 0.506276
vt 0.858310 0.525821
vt 0.851074 0.518077
vt 0.984410 0.849652
vt 0.985244 0.848604
vt 0.985614 0.254739
vt 0.982202 0.413990
vt 0.361161 0.101303
vt 0.373739 0.104259
vt 0.343485 0.307742
vt 0.191012 0.328429
vt 0.176837 0.317446
vt 0.100192 0.196071
vt 0.105498 0.195291
vt 0.443731 0.281986
vt 0.031469 0.541451
vt 0.079483 0.541398
vt 0.082601 0.545702
vt 0.978256 0.991805
vt 0.100984 0.666300
vt 0.101609 0.666188
vt 0.014516 0.452920
vt 0.023670 0.452475
vt 0.026035 0.453577
vt 0.100133 0.668369
vt 0.023354 0.454568
vt 0.024550 0.454161
vt 0.106344 0.671073
vt 0.881265 0.941766
vt 0.921627 0.005600
vt 0.190948 0.851121
vt 0.116535 0.201008
vt 0.426579 0.950025
vt 0.424971 0.941478
vt 0.716525 0.474417
vt 0.705005 0.455239
vt 0.734842 0.452424
vt 0.008289 0.785380
vt 0.980049 0.855826
vt 0.372901 0.108869
vt 0.994879 0.863428
vt 0.991731 0.865359
vt 0.987223 0.865739
vt 0.952422 0.391299
vt 0.949091 0.391236
vt 0.950635 0.390507
vt 0.013351 0.354609
vt 0.009269 0.351990
vt 0.015806 0.352410
vt 0.061735 0.471971
vt 0.056966 0.434408
vt 0.862221 0.529874
vt 0.852594 0.539546
vt 0.990968 0.255541
vt 0.371414 0.108331
vt 0.987687 0.865412
vt 0.979843 0.858604
vt 0.978653 0.872467
vt 0.988278 0.433771
vt 0.983775 0.433768
vt 0.990156 0.863364
vt 0.989991 0.863841
vt 0.975751 0.427802
vt 0.983577 0.427905
vt 0.983435 0.433189
vt 0.014893 0.355829
vt 0.014530 0.355788
vt 0.014730 0.355615
vt 0.983565 0.433514
vt 0.950203 0.390305
vt 0.108554 0.206363
vt 0.980436 0.639338
vt 0.978909 0.393474
vt 0.981270 0.404354
vt 0.969208 0.419412
vt 0.985509 0.870208
vt 0.014536 0.358293
vt 0.015399 0.357372
vt 0.987417 0.427794
vt 0.014626 0.355208
vt 0.008846 0.347346
vt 0.525304 0.102172
vt 0.204367 0.336471
vt 0.057386 0.472540
vt 0.180893 0.400104
vt 0.848688 0.512797
vt 0.985203 0.873544
vt 0.021703 0.347702
vt 0.744847 0.454603
vt 0.740953 0.441158
vt 0.515209 0.108944
vt 0.087139 0.232668
vt 0.113430 0.207097
vt 0.976935 0.422297
vt 0.098587 0.211766
vt 0.104471 0.208771
vt 0.844315 0.535340
vt 0.913459 0.515931
vt 0.914902 0.542717
vt 0.910815 0.605009
vt 0.082327 0.235859
vt 0.906592 0.523525
vt 0.098304 0.229866
vt 0.105669 0.228219
vt 0.759603 0.480971
vt 0.320950 0.295614
vt 0.112248 0.226137
vt 0.723987 0.476432
vt 0.338095 0.250193
vt 0.338683 0.224779
vt 0.357107 0.239421
vt 0.368419 0.238653
vt 0.389855 0.230029
vt 0.121188 0.228157
vt 0.731194 0.486154
vt 0.747425 0.472001
vt 0.738920 0.456288
vt 0.830796 0.563471
vt 0.863891 0.630657
vt 0.850616 0.572865
vt 0.563094 0.880751
vt 0.564116 0.887165
vt 0.370276 0.244385
vt 0.103724 0.234314
vt 0.337956 0.213513
vt 0.331899 0.204895
vt 0.394444 0.216912
vt 0.380476 0.245603
vt 0.348832 0.222353
vt 0.751242 0.476085
vt 0.818568 0.568887
vt 0.399675 0.243185
vt 0.388966 0.250365
vt 0.396492 0.233631
vt 0.387305 0.241079
vt 0.394503 0.220863
vt 0.407121 0.223755
vt 0.399024 0.231167
vt 0.424808 0.225208
vt 0.424821 0.221083
vt 0.419991 0.216712
vt 0.514189 0.214440
vt 0.435234 0.092088
vt 0.420251 0.121325
vt 0.408330 0.117018
vt 0.975564 0.993116
vt 0.974488 0.994031
vt 0.973107 0.993740
vt 0.336343 0.220084
vt 0.858648 0.719869
vt 0.834949 0.704248
vt 0.840470 0.700510
vt 0.840694 0.743089
vt 0.857711 0.702123
vt 0.876791 0.701179
vt 0.893965 0.890868
vt 0.078732 0.549073
vt 0.034662 0.545039
vt 0.674976 0.894223
vt 0.738075 0.125175
vt 0.744289 0.128583
vt 0.963600 0.994238
vt 0.839803 0.681820
vt 0.043059 0.593745
vt 0.043278 0.599310
vt 0.056753 0.607662
vt 0.090405 0.168733
vt 0.090779 0.126029
vt 0.838533 0.901403
vt 0.971108 0.972221
vt 0.910044 0.055139
vt 0.916855 0.030085
vt 0.041430 0.556802
vt 0.954168 0.204215
vt 0.959944 0.201931
vt 0.955573 0.221319
vt 0.688675 0.221374
vt 0.686458 0.224276
vt 0.676946 0.218659
vt 0.473213 0.227029
vt 0.750509 0.127035
vt 0.868425 0.061280
vt 0.338403 0.359361
vt 0.342076 0.360293
vt 0.308207 0.703737
vt 0.283272 0.843931
vt 0.187434 0.705850
vt 0.893738 0.949034
vt 0.837158 0.688880
vt 0.522161 0.210760
vt 0.495689 0.205585
vt 0.454124 0.189159
vt 0.912264 0.829284
vt 0.772773 0.131076
vt 0.142902 0.661447
vt 0.467076 0.189619
vt 0.448514 0.198655
vt 0.468341 0.205432
vt 0.367737 0.343334
vt 0.459605 0.295237
vt 0.472581 0.212111
vt 0.413017 0.238115
vt 0.467816 0.214736
vt 0.120403 0.139993
vt 0.942334 0.233148
vt 0.947166 0.218768
vt 0.948959 0.231434
vt 0.430089 0.093759
vt 0.159555 0.686047
vt 0.081377 0.172155
vt 0.083751 0.177767
vt 0.077417 0.553555
vt 0.857188 0.664663
vt 0.978124 0.077706
vt 0.934884 0.079128
vt 0.980583 0.066547
vt 0.914884 0.814670
vt 0.917934 0.856230
vt 0.908879 0.888510
vt 0.399346 0.116757
vt 0.382733 0.117828
vt 0.388105 0.106363
vt 0.367382 0.121105
vt 0.857082 0.613813
vt 0.842192 0.656270
vt 0.844260 0.612739
vt 0.473202 0.205086
vt 0.748014 0.136325
vt 0.986617 0.065678
vt 0.417498 0.213662
vt 0.370856 0.347762
vt 0.406471 0.324884
vt 0.407856 0.080676
vt 0.838719 0.660811
vt 0.222302 0.984178
vt 0.213681 0.994867
vt 0.470454 0.176444
vt 0.464133 0.177470
vt 0.467471 0.210935
vt 0.729782 0.131066
vt 0.769233 0.139003
vt 0.851054 0.655542
vt 0.986962 0.090097
vt 0.972473 0.130929
vt 0.953842 0.236302
vt 0.943252 0.238598
vt 0.459290 0.161196
vt 0.630487 0.192871
vt 0.586128 0.184789
vt 0.656042 0.189586
vt 0.560982 0.014676
vt 0.557944 0.024323
vt 0.560518 0.056239
vt 0.417616 0.194117
vt 0.452471 0.294513
vt 0.698180 0.211494
vt 0.691314 0.206416
vt 0.161798 0.188657
vt 0.164225 0.196549
vt 0.146368 0.237884
vt 0.826599 0.645927
vt 0.835627 0.697885
vt 0.980335 0.131401
vt 0.555099 0.077806
vt 0.551941 0.006132
vt 0.076298 0.159068
vt 0.669836 0.204054
vt 0.588261 0.179479
vt 0.135188 0.234105
vt 0.719266 0.886603
vt 0.815126 0.651009
vt 0.832689 0.690508
vt 0.919459 0.069020
vt 0.214663 0.876175
vt 0.221278 0.894230
vt 0.209452 0.876537
vt 0.449019 0.163854
vt 0.811813 0.925070
vt 0.776699 0.950351
vt 0.773896 0.947012
vt 0.420598 0.087072
vt 0.815387 0.683077
vt 0.792030 0.696134
vt 0.690051 0.186123
vt 0.828689 0.485601
vt 0.825811 0.509509
vt 0.822664 0.489522
vt 0.787354 0.143197
vt 0.405536 0.077181
vt 0.772383 0.739619
vt 0.907576 0.244832
vt 0.982935 0.244630
vt 0.205144 0.980356
vt 0.410802 0.334433
vt 0.368563 0.350780
vt 0.609388 0.024293
vt 0.605779 0.654642
vt 0.628708 0.589734
vt 0.623169 0.615413
vt 0.812433 0.529060
vt 0.824653 0.530642
vt 0.216976 0.898193
vt 0.641987 0.180128
vt 0.616299 0.605141
vt 0.601455 0.641612
vt 0.694995 0.203456
vt 0.633888 0.196273
vt 0.821798 0.482342
vt 0.077211 0.120301
vt 0.369470 0.354779
vt 0.591754 0.137593
vt 0.926562 0.088519
vt 0.432508 0.171057
vt 0.691840 0.198248
vt 0.817929 0.549653
vt 0.186310 0.843117
vt 0.413612 0.192369
vt 0.377278 0.352776
vt 0.458281 0.301066
vt 0.985982 0.135058
vt 0.225516 0.887962
vt 0.446320 0.148878
vt 0.929294 0.080637
vt 0.959550 0.823076
vt 0.431577 0.152380
vt 0.421642 0.080633
vt 0.828968 0.626074
vt 0.761812 0.603310
vt 0.798312 0.604831
vt 0.797382 0.677717
vt 0.620777 0.238915
vt 0.635830 0.248442
vt 0.611138 0.284149
vt 0.656831 0.253269
vt 0.633234 0.274537
vt 0.458536 0.306573
vt 0.810170 0.489619
vt 0.645406 0.652158
vt 0.645989 0.670552
vt 0.642387 0.658694
vt 0.986975 0.781243
vt 0.811645 0.482772
vt 0.806396 0.551191
vt 0.814660 0.564772
vt 0.238069 0.909561
vt 0.232036 0.908420
vt 0.277316 0.893189
vt 0.233198 0.891364
vt 0.223351 0.907514
vt 0.186614 0.980954
vt 0.228270 0.910795
vt 0.217428 0.907376
vt 0.216422 0.913426
vt 0.691878 0.193096
vt 0.800433 0.666813
vt 0.633764 0.741085
vt 0.984607 0.779133
vt 0.969811 0.800164
vt 0.434748 0.147143
vt 0.459164 0.314554
vt 0.621688 0.287165
vt 0.967801 0.796485
vt 0.464304 0.309438
vt 0.790500 0.669417
vt 0.626503 0.292277
vt 0.800900 0.655271
vt 0.587989 0.651507
vt 0.394037 0.383892
vt 0.797065 0.530408
vt 0.793206 0.507885
vt 0.591217 0.661842
vt 0.205845 0.920441
vt 0.598566 0.672455
vt 0.124155 0.248194
vt 0.631011 0.628156
vt 0.478417 0.352640
vt 0.770981 0.473377
vt 0.924946 0.147262
vt 0.782675 0.870429
vt 0.779103 0.867256
vt 0.796609 0.862782
vt 0.467575 0.304700
vt 0.742615 0.923728
vt 0.774165 0.554142
vt 0.175432 0.844076
vt 0.176216 0.740887
vt 0.913551 0.126865
vt 0.972375 0.150697
vt 0.609004 0.008786
vt 0.608425 0.666312
vt 0.578440 0.241558
vt 0.626706 0.313953
vt 0.683261 0.644976
vt 0.423810 0.148323
vt 0.793594 0.546182
vt 0.781062 0.520121
vt 0.794947 0.875740
vt 0.391505 0.389273
vt 0.585958 0.659933
vt 0.581843 0.700608
vt 0.789974 0.905308
vt 0.777489 0.649075
vt 0.770659 0.683744
vt 0.924748 0.135070
vt 0.739563 0.915518
vt 0.050035 0.387970
vt 0.028220 0.403590
vt 0.022487 0.401006
vt 0.786868 0.917983
vt 0.808127 0.885064
vt 0.776666 0.497465
vt 0.773821 0.514691
vt 0.631280 0.614818
vt 0.692166 0.140893
vt 0.628725 0.760486
vt 0.767108 0.535125
vt 0.774802 0.521929
vt 0.588872 0.560358
vt 0.620485 0.309797
vt 0.537825 0.276082
vt 0.510568 0.245907
vt 0.548595 0.281749
vt 0.758269 0.534598
vt 0.607360 0.306947
vt 0.808975 0.892313
vt 0.486419 0.350761
vt 0.551840 0.285250
vt 0.735090 0.868901
vt 0.822710 0.914940
vt 0.699732 0.141419
vt 0.631645 0.135030
vt 0.566076 0.681372
vt 0.574236 0.670362
vt 0.579598 0.682277
vt 0.754828 0.524921
vt 0.730461 0.540982
vt 0.569391 0.237997
vt 0.564893 0.294509
vt 0.695667 0.108864
vt 0.703281 0.079112
vt 0.709297 0.072162
vt 0.524759 0.274424
vt 0.529734 0.271471
vt 0.570210 0.300243
vt 0.735653 0.860142
vt 0.041608 0.360703
vt 0.758281 0.543853
vt 0.177179 0.621199
vt 0.563686 0.315056
vt 0.023760 0.368778
vt 0.694151 0.088147
vt 0.692476 0.103520
vt 0.049134 0.355523
vt 0.324506 0.937628
vt 0.319895 0.938332
vt 0.315141 0.923672
vt 0.744375 0.530865
vt 0.690313 0.394041
vt 0.704709 0.468124
vt 0.660773 0.410491
vt 0.570795 0.693831
vt 0.673911 0.438489
vt 0.508999 0.277044
vt 0.325203 0.925987
vt 0.338839 0.904859
vt 0.667399 0.595966
vt 0.665577 0.103665
vt 0.698220 0.135164
vt 0.555774 0.321436
vt 0.331982 0.898099
vt 0.326945 0.894440
vt 0.687817 0.097302
vt 0.540942 0.372688
vt 0.670811 0.596122
vt 0.307273 0.918250
vt 0.666864 0.108395
vt 0.630433 0.604846
vt 0.635763 0.594731
vt 0.660604 0.096593
vt 0.687705 0.123451
vt 0.493294 0.350702
vt 0.487435 0.357420
vt 0.558223 0.299304
vt 0.629342 0.600777
vt 0.836841 0.905218
vt 0.700859 0.133194
vt 0.020023 0.354524
vt 0.317904 0.891521
vt 0.708660 0.159705
vt 0.280856 0.890769
vt 0.290715 0.917996
vt 0.749932 0.366053
vt 0.692105 0.326031
vt 0.700239 0.306250
vt 0.818659 0.883636
vt 0.730408 0.404536
vt 0.719968 0.413466
vt 0.620462 0.570415
vt 0.636561 0.579432
vt 0.674322 0.511272
vt 0.662856 0.516748
vt 0.683709 0.485871
vt 0.659842 0.109828
vt 0.412853 0.178671
vt 0.387228 0.211821
vt 0.395165 0.196008
vt 0.700958 0.337389
vt 0.420852 0.147109
vt 0.406789 0.151882
vt 0.672639 0.076342
vt 0.695515 0.296487
vt 0.656776 0.315060
vt 0.671552 0.373096
vt 0.613977 0.524828
vt 0.606372 0.522923
vt 0.612377 0.516325
vt 0.657957 0.099987
vt 0.656858 0.564560
vt 0.358039 0.206657
vt 0.395726 0.173494
vt 0.393656 0.178346
vt 0.660497 0.325020
vt 0.676419 0.339223
vt 0.557596 0.323239
vt 0.609517 0.533097
vt 0.655583 0.106281
vt 0.630432 0.538776
vt 0.631246 0.534237
vt 0.683497 0.347810
vt 0.675540 0.551613
vt 0.592650 0.549006
vt 0.557724 0.196897
vt 0.544103 0.179706
vt 0.548079 0.177605
vt 0.391817 0.164547
vt 0.684237 0.360345
vt 0.564962 0.191350
vt 0.381477 0.177624
vt 0.666032 0.332881
vt 0.552163 0.203559
vt 0.519849 0.157368
vt 0.651146 0.302335
vt 0.664136 0.548244
vt 0.624325 0.516680
vt 0.674847 0.347898
vt 0.188098 0.621253
vt 0.402755 0.118998
vt 0.670174 0.353799
vt 0.674648 0.528614
vt 0.531997 0.154446
vt 0.655428 0.551570
vt 0.668975 0.361889
vt 0.533799 0.221835
vt 0.513635 0.154200
vt 0.389966 0.130586
vt 0.662051 0.354745
vt 0.509224 0.185713
vt 0.351001 0.127386
vt 0.386874 0.174356
vt 0.565304 0.152025
vt 0.554998 0.140153
vt 0.558150 0.128764
vt 0.538542 0.148658
vt 0.566376 0.185611
vt 0.379235 0.162210
vt 0.649738 0.360254
vt 0.656819 0.371766
vt 0.490201 0.189559
vt 0.498948 0.172236
vt 0.367417 0.156692
vt 0.340650 0.150244
vt 0.649415 0.344330
vt 0.353743 0.139124
vt 0.638460 0.338387
vt 0.533027 0.130904
vt 0.541737 0.125019
vt 0.632761 0.386974
vt 0.488959 0.147547
vt 0.636616 0.314548
vt 0.348428 0.147491
vt 0.342803 0.189664
vt 0.583681 0.326909
vt 0.485496 0.150902
vt 0.479019 0.144016
vt 0.306369 0.141023
vt 0.458420 0.122978
vt 0.321733 0.505401
vt 0.188924 0.504381
vt 0.571304 0.356859
vt 0.178159 0.543075
vt 0.564936 0.363906
vt 0.577141 0.344758
vt 0.576764 0.344698
vt 0.576625 0.344729
vt 0.576239 0.345131
vt 0.576364 0.345123
vt 0.576303 0.345517
vt 0.576502 0.345054
vt 0.178050 0.503756
s 0
f 1/1/1 4/2/1 3/3/1
f 6/4/2 5/5/2 7/6/2
f 9/7/3 8/8/3 10/9/3
f 13/10/4 14/11/4 12/12/4
f 11/13/5 13/14/5 12/15/5
f 11/13/6 12/15/6 16/16/6
s 1
f 16/17/7 12/12/7 15/18/7
s 0
f 15/18/8 12/12/8 14/11/8
f 13/14/9 11/13/9 16/16/9
f 14/19/10 13/20/10 16/21/10
f 14/19/11 16/21/11 15/22/11
s 1
f 19/23/12 18/24/13 22/25/14
f 29/26/15 19/23/16 22/25/17
s 0
f 18/24/18 28/27/18 21/28/18
s 1
f 22/25/19 18/24/19 34/29/19
f 34/29/20 18/24/21 21/28/22
f 18/24/23 30/30/24 28/27/25
f 18/24/26 19/23/27 30/30/28
f 29/26/15 22/25/17 23/31/29
f 24/32/30 34/33/20 21/34/22
s 0
f 31/35/31 30/30/31 19/23/31
s 1
f 32/36/32 22/25/33 34/29/34
s 0
f 19/23/35 29/26/35 31/35/35
s 1
f 23/31/36 22/25/33 32/36/32
s 0
f 31/35/37 29/26/37 35/37/37
s 1
f 35/37/38 23/31/39 41/38/40
f 29/26/41 23/31/39 35/37/38
s 0
f 23/31/42 32/36/42 41/38/42
f 36/39/43 24/32/43 44/40/43
f 44/40/44 24/32/44 21/34/44
s 1
f 21/34/45 28/41/46 44/40/47
f 34/33/48 24/32/49 36/39/50
f 28/27/51 30/30/52 37/42/53
f 40/43/54 30/30/52 31/35/55
f 40/43/54 37/42/53 30/30/52
s 0
f 38/44/56 31/45/56 35/46/56
s 1
f 34/33/57 39/47/58 32/48/59
f 28/41/60 37/49/61 44/40/47
f 39/47/62 34/33/48 36/39/50
f 40/50/63 31/45/63 38/44/63
s 0
f 35/46/64 41/51/64 42/52/64
f 42/52/65 38/44/65 35/46/65
s 1
f 41/53/66 32/48/67 39/47/62
f 43/54/68 36/39/69 44/40/70
f 42/52/71 41/51/72 39/55/73
s 0
f 36/39/74 43/54/74 39/47/74
s 1
f 37/56/75 40/50/76 38/44/77
f 43/54/68 44/40/70 17/57/78
s 0
f 38/44/79 42/52/79 17/58/79
s 1
f 42/52/71 39/55/73 43/59/80
f 38/44/81 17/58/82 37/56/83
s 0
f 44/40/84 37/49/84 17/57/84
s 1
f 42/52/85 43/59/86 17/58/87
s 0
f 51/60/88 1784/61/88 1826/62/88
s 1
f 53/63/89 52/64/90 1841/65/91
f 1895/66/92 52/64/93 1762/67/94
f 2217/68/95 1782/69/96 2036/70/97
f 1816/71/98 2090/72/99 2147/73/100
s 0
f 2219/74/101 54/75/101 55/76/101
s 1
f 58/77/102 2215/78/103 2182/79/104
s 0
f 60/80/105 59/81/105 2202/82/105
f 64/83/106 65/84/106 63/85/106
f 2120/86/107 2107/87/107 2078/88/107
s 1
f 74/89/108 2077/90/109 2098/91/110
f 73/92/111 196/93/112 200/94/113
s 0
f 91/95/114 92/96/114 155/97/114
s 1
f 179/98/115 175/99/116 96/100/117
f 108/101/118 99/102/119 103/103/120
f 103/103/120 99/102/119 100/104/121
f 98/105/122 99/102/119 108/101/118
f 101/106/123 103/107/124 102/108/125
f 102/109/125 103/103/124 100/104/126
f 100/104/121 99/102/119 98/105/122
f 174/110/127 97/111/128 108/112/129
f 97/111/130 174/110/131 107/113/132
f 105/114/133 102/108/134 163/115/135
f 187/116/136 106/117/136 189/118/137
f 189/118/138 106/117/139 169/119/140
f 98/105/141 108/101/129 97/120/128
f 106/121/142 179/122/143 192/123/144
s 0
f 110/124/145 109/125/145 116/126/145
s 1
f 109/125/146 110/124/147 111/127/148
s 0
f 112/128/149 116/126/149 115/129/149
s 1
f 112/128/150 110/124/151 116/126/152
s 0
f 116/126/153 109/125/153 111/127/153
s 1
f 110/124/151 112/128/154 113/130/155
f 122/131/156 121/132/157 124/133/158
f 122/131/156 124/133/158 123/134/159
f 132/135/160 121/132/161 122/131/162
f 131/136/163 123/137/159 124/138/158
f 127/139/164 121/132/165 132/135/166
f 132/135/160 122/131/162 130/140/167
f 125/141/168 123/137/169 131/136/170
s 0
f 124/133/171 121/132/171 129/142/171
s 1
f 123/134/172 128/143/173 130/140/174
f 122/131/175 123/134/176 130/140/177
s 0
f 123/137/178 125/141/178 128/144/178
s 1
f 126/145/179 125/141/168 131/136/170
s 0
f 128/144/180 125/141/180 143/146/180
s 1
f 127/139/164 129/142/181 121/132/165
s 0
f 128/144/182 143/146/182 135/147/182
f 143/146/183 125/141/183 126/145/183
s 1
f 131/148/184 124/149/185 133/150/186
s 0
f 128/144/187 135/147/187 134/151/187
f 127/139/188 132/135/188 136/152/188
f 130/140/189 128/143/189 134/153/189
f 133/150/190 124/149/190 129/154/190
f 129/142/191 127/139/191 137/155/191
s 1
f 126/156/192 131/148/184 133/150/186
s 0
f 137/155/193 127/139/193 136/152/193
f 143/157/194 126/156/194 140/158/194
f 139/159/195 136/152/195 132/135/195
s 1
f 139/159/196 132/135/196 130/140/196
f 145/160/197 138/161/198 143/146/199
f 141/162/200 129/142/201 137/155/202
s 0
f 120/163/203 144/164/203 137/155/203
f 134/151/204 135/147/204 143/146/204
s 1
f 145/160/197 143/146/199 142/165/205
s 0
f 140/158/206 126/156/206 133/150/206
s 1
f 148/166/207 133/150/208 129/154/209
f 120/163/210 137/155/211 136/152/212
s 0
f 139/159/213 130/140/213 134/153/213
f 143/146/214 138/161/214 134/151/214
f 140/158/215 146/167/215 143/157/215
s 1
f 148/168/216 129/169/209 141/170/217
f 140/158/218 133/150/219 148/166/220
f 162/171/221 144/164/222 119/172/223
f 119/172/224 144/164/225 120/163/226
f 148/166/220 146/167/227 140/158/218
f 164/173/228 162/171/229 119/172/230
f 143/174/231 146/175/232 142/176/233
f 146/175/234 147/177/235 152/178/236
f 137/155/202 144/164/237 141/162/200
s 0
f 139/159/238 151/179/238 136/152/238
f 160/180/239 147/177/239 146/175/239
f 153/181/240 146/167/240 154/182/240
s 1
f 148/168/216 141/170/217 149/183/241
f 118/184/242 164/173/242 120/163/242
f 118/184/243 120/163/244 136/152/245
s 0
f 145/160/246 142/165/246 150/185/246
s 1
f 114/186/247 150/187/248 160/188/249
s 0
f 117/189/250 150/190/250 142/191/250
s 1
f 142/176/233 146/175/232 152/178/251
f 147/177/235 117/192/252 152/178/236
f 117/192/253 153/193/254 152/178/255
s 0
f 152/178/256 153/193/256 142/176/256
f 154/182/257 146/167/257 148/166/257
f 156/194/258 168/195/258 88/196/258
f 151/179/259 139/159/259 134/153/259
s 1
f 134/151/260 138/161/261 155/197/262
s 0
f 91/198/263 145/160/263 150/185/263
f 114/199/264 112/128/264 115/129/264
f 110/124/265 113/130/265 157/200/265
f 110/201/266 158/202/266 159/203/266
f 159/203/267 158/202/267 157/204/267
f 158/205/268 110/124/268 157/200/268
s 1
f 150/206/269 117/192/252 147/177/270
f 153/193/254 117/192/253 161/207/271
s 0
f 161/208/272 117/189/272 142/191/272
f 142/191/273 153/181/273 154/182/273
f 119/172/274 120/163/274 164/173/274
f 136/152/275 151/179/275 165/209/275
s 1
f 112/128/276 114/199/277 113/130/278
s 0
f 161/208/279 142/191/279 154/182/279
s 1
f 141/162/200 144/164/280 172/210/281
f 155/211/282 194/212/283 134/153/284
f 115/129/285 116/126/286 95/213/287
s 0
f 95/213/288 116/126/288 111/127/288
s 1
f 95/213/289 111/127/148 110/124/147
s 0
f 95/213/290 110/124/290 159/214/290
f 159/215/291 157/200/291 113/130/291
s 1
f 161/216/292 146/167/293 153/181/294
f 96/100/295 156/217/296 192/218/297
f 155/197/262 138/161/261 145/160/298
s 0
f 95/213/299 159/214/299 113/219/299
f 150/206/300 147/177/300 160/180/300
s 1
f 148/166/301 149/220/302 154/182/303
f 168/221/304 162/171/229 164/173/228
s 0
f 106/121/305 163/222/305 179/122/305
f 163/222/306 186/223/306 179/122/306
f 103/224/307 174/110/307 108/112/307
s 1
f 102/108/134 105/114/133 101/106/308
f 118/184/309 136/152/310 165/209/311
f 91/95/312 150/225/248 114/199/247
f 113/130/313 114/199/314 166/226/315
f 114/186/247 160/188/249 166/227/316
f 166/227/317 160/188/318 167/228/319
s 0
f 165/209/320 151/179/320 194/212/320
s 1
f 151/179/321 134/153/322 194/212/283
f 149/183/241 141/170/217 170/229/323
f 156/217/296 96/100/295 2068/230/324
f 163/222/135 102/109/134 186/223/325
f 174/231/326 103/107/327 101/106/328
f 163/232/329 169/119/330 105/233/331
s 0
f 176/234/332 164/173/332 118/184/332
s 1
f 146/167/333 161/216/333 160/235/333
f 178/236/334 168/237/335 156/238/336
s 0
f 100/104/337 98/105/337 97/120/337
s 1
f 97/239/338 107/240/339 173/241/338
f 105/233/331 169/119/340 190/242/341
f 176/234/342 118/184/309 165/209/311
s 0
f 91/95/343 114/199/343 115/129/343
f 113/219/344 166/243/344 95/213/344
s 1
f 167/228/345 160/188/346 178/244/347
s 0
f 154/245/348 177/246/348 161/247/348
f 170/229/349 141/170/349 172/248/349
s 1
f 172/210/281 144/164/280 162/171/350
f 96/100/351 192/218/144 179/98/352
f 169/119/353 106/117/142 192/249/144
f 95/213/287 193/250/354 115/129/285
f 154/245/303 149/251/302 177/246/355
f 178/236/356 156/238/296 2068/252/324
f 102/109/357 100/104/358 97/120/359
f 88/253/360 168/221/361 164/173/362
f 91/95/363 115/129/364 193/250/365
s 0
f 95/213/366 166/243/366 193/250/366
s 1
f 94/254/367 167/228/368 181/255/369
f 181/255/369 167/228/368 178/244/356
f 160/256/370 161/247/371 87/257/372
f 161/247/371 177/246/373 87/257/372
f 168/221/304 172/210/374 162/171/229
s 0
f 184/258/375 183/259/375 96/100/375
s 1
f 180/260/376 173/241/377 107/240/378
f 107/240/379 171/261/380 180/260/381
f 88/253/360 164/173/362 176/234/382
f 170/229/383 177/262/355 149/183/302
f 96/100/384 2040/263/385 2068/230/386
f 2040/263/385 96/100/384 183/259/387
s 0
f 145/160/388 91/198/388 155/197/388
s 1
f 90/264/389 167/228/368 94/254/367
f 94/254/390 181/255/391 182/265/392
f 87/266/372 177/262/373 170/229/393
f 170/229/393 172/248/394 168/267/395
s 0
f 184/258/396 173/268/396 183/259/396
s 1
f 175/269/397 186/223/325 102/109/134
f 102/109/357 97/120/359 175/269/398
s 0
f 173/268/399 184/258/399 97/270/399
f 175/99/400 184/258/400 96/100/400
s 1
f 185/271/401 175/99/116 179/98/115
s 0
f 185/271/402 179/98/402 186/272/402
f 175/99/403 97/270/403 184/258/403
f 93/273/404 185/271/404 186/272/404
s 1
f 93/274/405 186/223/325 175/269/397
f 175/99/116 185/271/401 187/275/406
s 0
f 187/275/407 185/271/407 93/273/407
s 1
f 175/276/408 187/277/409 188/278/410
s 0
f 106/117/411 187/116/411 93/279/411
s 1
f 93/280/405 175/276/397 188/278/412
s 0
f 169/119/413 163/232/413 93/281/413
f 106/282/414 93/283/414 163/284/414
f 189/118/415 169/119/415 93/281/415
s 1
f 187/116/409 189/118/416 188/285/410
f 105/286/417 189/118/418 93/281/419
f 190/287/420 189/118/421 105/286/422
f 190/242/423 169/119/353 192/249/144
f 193/250/424 166/243/425 167/288/426
f 174/231/326 101/106/328 188/289/427
s 0
f 188/289/428 101/106/428 105/114/428
f 105/114/429 93/290/429 188/289/429
s 1
f 189/118/430 190/287/431 188/285/432
f 191/291/433 190/292/434 192/293/144
s 0
f 199/294/435 92/96/435 91/95/435
s 1
f 90/295/436 94/296/437 2039/297/438
f 94/254/390 182/265/392 2039/298/439
f 178/244/347 160/188/346 87/299/440
f 87/266/372 170/229/393 168/267/395
s 0
f 107/300/441 190/292/441 191/291/441
f 155/97/442 92/96/442 89/301/442
s 1
f 181/255/369 178/244/356 197/302/443
f 2088/303/444 176/234/445 165/209/446
f 196/93/112 90/295/436 2039/297/438
f 2088/303/444 165/209/446 194/212/447
s 0
f 89/301/448 92/96/448 199/294/448
s 1
f 87/304/449 168/237/335 178/236/334
f 2027/305/450 1983/306/451 1977/307/452
s 0
f 1937/308/453 1934/309/453 1990/310/453
s 1
f 1852/311/454 1828/312/455 220/313/456
f 227/314/457 1793/315/458 213/316/459
f 249/317/460 1725/318/461 247/319/462
f 1725/320/461 249/321/460 248/322/463
f 246/323/464 249/321/465 250/324/466
f 250/324/467 247/319/468 246/323/469
f 250/325/470 249/326/465 1684/327/471
f 249/317/460 247/319/462 251/328/472
f 247/319/468 250/324/467 251/328/473
s 0
f 1610/329/474 255/330/474 256/331/474
f 257/332/475 254/333/475 1634/334/475
f 1634/334/476 254/333/476 256/335/476
f 257/332/477 255/336/477 254/333/477
f 1610/329/478 256/331/478 254/337/478
s 1
f 270/338/479 272/339/479 271/340/479
s 0
f 271/340/480 272/339/480 269/341/480
f 269/341/481 272/339/481 270/338/481
f 270/338/482 271/340/482 1679/342/482
s 1
f 270/338/483 1679/342/484 273/343/485
s 0
f 269/344/486 270/345/486 1706/346/486
f 1679/342/487 271/340/487 269/341/487
f 269/344/488 1706/346/488 1679/347/488
s 1
f 281/348/489 278/349/490 280/350/491
s 0
f 281/348/492 279/351/492 278/349/492
s 1
f 280/350/493 277/352/494 276/353/495
s 0
f 280/350/496 278/349/496 277/352/496
s 1
f 275/354/497 281/355/498 280/356/499
f 282/357/500 274/358/501 275/359/502
f 279/351/503 281/348/504 285/360/505
f 278/349/506 279/351/507 283/361/508
f 275/359/502 274/358/509 285/360/510
s 0
f 277/352/511 278/349/511 273/362/511
s 1
f 285/360/505 283/361/512 279/351/503
f 281/348/504 275/359/513 285/360/514
s 0
f 282/357/515 1688/363/515 274/358/515
s 1
f 276/353/495 284/364/516 280/350/493
f 276/353/517 277/352/518 239/365/519
f 273/362/520 278/349/506 283/361/508
f 280/356/521 284/366/522 275/354/523
s 0
f 1548/367/524 282/368/524 1573/369/524
f 304/370/525 314/371/525 1400/372/525
s 1
f 304/373/526 315/374/527 316/375/528
f 317/376/529 315/374/530 304/373/526
s 0
f 319/377/531 318/378/531 1435/379/531
f 318/378/532 315/374/532 317/376/532
f 1435/379/533 1400/372/533 319/377/533
s 1
f 314/380/534 304/373/534 316/375/534
s 0
f 319/377/535 1400/372/535 314/371/535
s 1
f 315/374/536 322/381/537 321/382/538
f 319/383/539 314/380/540 316/375/541
f 315/374/527 321/382/542 316/375/528
s 0
f 322/381/543 315/374/543 318/378/543
s 1
f 318/378/544 319/377/545 320/384/546
f 321/385/538 322/386/537 324/387/547
s 0
f 318/378/548 320/384/548 322/381/548
s 1
f 319/383/539 316/375/541 321/382/549
s 0
f 321/385/550 309/388/550 319/389/550
f 309/388/551 321/385/551 324/387/551
s 1
f 320/390/546 319/389/545 325/391/552
s 0
f 319/389/553 309/388/553 325/391/553
f 324/392/554 322/393/554 1430/394/554
s 1
f 323/395/555 320/390/546 325/391/552
s 0
f 1430/394/556 322/393/556 320/396/556
s 1
f 1356/397/557 313/398/558 267/399/559
f 267/399/560 313/398/560 1265/400/560
s 0
f 337/401/561 1351/402/561 1378/403/561
f 1271/404/562 1378/403/562 1351/402/562
f 340/405/563 339/406/563 329/407/563
s 1
f 347/408/564 336/409/565 346/410/566
f 352/411/567 351/412/568 350/413/569
s 0
f 353/414/570 352/411/570 350/413/570
s 1
f 351/412/571 349/415/572 350/413/569
f 349/415/573 351/412/568 1282/416/574
f 354/417/575 351/412/576 353/418/577
f 1282/416/578 351/412/576 354/417/575
f 353/414/579 350/413/580 354/419/581
f 354/419/582 350/413/583 349/415/584
f 367/420/585 358/421/586 359/422/587
f 367/420/585 359/422/587 360/423/588
s 0
f 359/422/589 358/421/589 364/424/589
f 358/421/590 367/420/590 362/425/590
s 1
f 363/426/591 366/427/591 360/423/591
s 0
f 360/423/592 359/422/592 363/426/592
f 367/428/593 365/429/593 362/430/593
f 363/426/594 359/422/594 370/431/594
f 370/431/595 359/422/595 364/424/595
f 364/424/596 358/421/596 362/425/596
s 1
f 366/427/597 363/426/598 369/432/599
f 369/432/600 363/426/601 370/431/602
s 0
f 367/420/603 360/423/603 368/433/603
f 368/433/604 360/423/604 366/427/604
s 1
f 366/434/597 369/435/599 374/436/605
s 0
f 370/431/606 364/424/606 371/437/606
f 370/431/607 371/437/607 373/438/607
s 1
f 369/432/600 370/431/602 373/438/608
s 0
f 371/437/609 364/424/609 362/425/609
s 1
f 375/439/610 369/432/611 373/438/612
f 357/440/613 371/441/613 362/430/613
s 0
f 368/442/614 365/429/614 367/428/614
f 375/439/615 373/438/615 371/437/615
f 357/440/616 362/430/616 365/429/616
s 1
f 376/443/617 368/442/618 366/434/619
s 0
f 375/444/620 371/441/620 357/440/620
s 1
f 369/435/621 375/445/622 379/446/623
f 376/443/617 366/434/619 374/436/624
f 374/436/625 369/435/626 379/446/627
s 0
f 365/429/628 378/447/628 357/440/628
s 1
f 365/429/629 368/442/630 378/447/631
f 378/447/632 368/442/633 376/443/634
f 374/436/625 379/446/627 376/443/635
f 357/440/636 379/448/637 375/444/638
f 379/448/637 357/440/636 378/447/639
s 0
f 379/449/640 378/450/640 382/451/640
f 378/450/641 376/452/641 356/453/641
f 378/450/642 356/453/642 382/451/642
f 356/454/643 376/455/643 1282/456/643
f 376/455/644 379/457/644 1282/456/644
f 379/449/645 382/451/645 1282/458/645
s 1
f 380/459/646 381/460/646 356/454/646
s 0
f 380/459/647 356/454/647 1282/456/647
f 382/451/648 356/453/648 383/461/648
f 356/454/649 381/460/649 383/462/649
f 391/463/650 390/464/650 392/465/650
f 390/464/651 391/463/651 393/466/651
f 392/465/652 390/464/652 393/466/652
s 1
f 391/467/653 388/468/654 394/469/655
f 393/470/656 391/467/653 394/469/655
s 0
f 394/471/657 389/472/657 392/473/657
f 389/472/658 391/467/658 392/473/658
f 394/471/659 392/473/659 395/474/659
s 1
f 393/470/656 394/469/655 395/475/660
s 0
f 392/476/661 393/477/661 437/478/661
f 437/478/662 393/477/662 395/479/662
f 431/480/663 429/481/663 428/482/663
s 1
f 399/483/664 398/484/665 396/485/666
f 399/483/667 401/486/668 397/487/669
f 399/483/670 397/487/671 398/484/665
s 0
f 398/488/672 397/489/672 400/490/672
f 402/491/673 398/492/673 400/493/673
f 401/494/674 398/492/674 402/491/674
f 400/490/675 397/489/675 401/494/675
f 400/490/676 401/494/676 403/495/676
s 1
f 401/494/677 402/491/678 403/495/679
s 0
f 402/491/680 400/493/680 396/496/680
f 396/496/681 400/493/681 399/497/681
f 399/498/682 400/499/682 403/500/682
s 1
f 402/491/678 396/496/683 403/495/679
s 0
f 407/501/684 396/502/684 405/503/684
f 396/504/685 398/505/685 404/506/685
f 404/506/686 398/505/686 401/486/686
f 442/507/687 399/498/687 403/500/687
f 407/501/688 403/508/688 396/502/688
s 1
f 404/506/689 401/486/668 399/483/667
s 0
f 439/509/690 1297/510/690 409/511/690
f 441/512/691 440/513/691 399/498/691
f 442/514/692 403/508/692 406/515/692
f 396/504/693 404/506/693 408/516/693
s 1
f 408/516/694 404/506/695 410/517/696
f 404/506/697 399/483/698 410/517/699
s 0
f 410/517/700 399/483/700 409/518/700
f 415/519/701 414/520/701 412/521/701
f 412/521/702 413/522/702 411/523/702
s 1
f 414/520/703 415/519/704 413/524/705
s 0
f 411/525/706 413/524/706 416/526/706
s 1
f 413/524/705 415/519/704 416/526/707
f 412/521/708 411/523/709 415/519/710
s 0
f 416/526/711 415/519/711 427/527/711
s 1
f 415/519/710 411/523/709 425/528/712
f 420/529/713 422/530/713 418/531/713
s 0
f 419/532/714 420/529/714 417/533/714
f 417/533/715 420/529/715 418/531/715
f 421/534/716 419/535/716 417/536/716
f 420/529/717 419/532/717 424/537/717
f 424/538/718 419/535/718 421/534/718
f 418/539/719 423/540/719 417/536/719
f 418/541/720 422/542/720 423/543/720
f 422/530/721 420/529/721 424/537/721
f 422/542/722 424/538/722 423/543/722
f 421/534/723 417/536/723 423/540/723
f 424/538/724 421/534/724 425/544/724
f 423/543/725 424/538/725 425/544/725
f 426/545/726 425/544/726 421/534/726
f 421/534/727 423/540/727 426/545/727
f 426/545/728 423/540/728 411/546/728
s 1
f 423/540/729 425/547/712 411/546/709
s 0
f 411/525/730 416/526/730 427/527/730
s 1
f 415/519/710 425/528/712 427/527/731
s 0
f 411/546/732 427/548/732 426/545/732
f 426/549/733 427/550/733 409/551/733
f 409/551/734 427/550/734 425/552/734
f 410/553/735 425/552/735 426/554/735
f 409/551/736 425/552/736 410/553/736
f 428/555/737 426/549/737 409/551/737
f 410/553/738 426/554/738 428/556/738
f 429/557/739 408/516/739 428/558/739
f 408/516/740 410/517/740 428/558/740
s 1
f 408/516/741 429/557/741 409/559/741
s 0
f 409/559/742 429/557/742 438/560/742
s 1
f 409/559/743 438/560/744 428/561/745
f 435/562/746 432/563/747 434/564/748
f 435/565/749 433/566/750 432/567/751
f 434/564/752 432/563/753 433/568/754
f 435/565/749 436/569/755 433/566/750
f 435/565/746 434/570/756 437/571/757
f 434/572/752 433/566/754 436/569/758
f 438/573/759 434/572/760 436/569/761
s 0
f 434/570/762 438/574/762 437/571/762
f 436/569/763 435/565/763 437/571/763
s 1
f 436/575/761 431/480/764 438/576/759
s 0
f 430/577/765 431/578/765 436/579/765
s 1
f 431/480/766 428/482/767 438/576/744
s 0
f 429/580/768 430/581/768 438/582/768
f 429/583/769 431/578/769 430/577/769
f 430/577/770 436/579/770 437/584/770
f 392/476/771 437/478/771 438/582/771
f 430/577/772 437/584/772 395/585/772
f 395/585/773 392/476/773 438/582/773
f 438/582/774 439/586/774 389/587/774
f 395/585/775 438/582/775 389/587/775
f 438/582/776 430/581/776 439/586/776
f 430/577/777 395/585/777 389/587/777
s 1
f 439/509/778 409/511/779 414/588/780
s 0
f 399/498/781 442/507/781 441/512/781
f 407/501/782 406/515/782 403/508/782
f 300/589/783 407/501/783 405/503/783
f 1297/590/784 408/516/784 409/559/784
f 1297/510/785 439/509/785 430/591/785
s 1
f 389/592/786 439/509/778 414/588/780
f 414/588/787 409/511/788 440/593/789
s 0
f 396/504/790 408/516/790 405/594/790
f 405/594/791 408/516/791 1297/590/791
s 1
f 440/513/789 409/595/788 399/498/792
s 0
f 444/596/793 440/513/793 441/512/793
s 1
f 430/577/794 1459/597/795 1297/598/796
f 1459/597/795 430/577/794 389/587/797
f 389/592/786 414/588/780 443/599/798
f 1526/600/799 412/601/800 440/513/801
f 414/588/703 413/602/705 443/599/802
s 0
f 413/602/803 412/603/803 443/599/803
f 414/604/804 440/513/804 412/601/804
s 1
f 384/605/805 442/606/806 407/501/807
s 0
f 406/515/808 407/501/808 386/607/808
f 386/607/809 407/501/809 445/608/809
f 445/608/810 407/501/810 442/606/810
f 442/514/811 406/515/811 387/609/811
s 1
f 387/609/812 406/515/813 386/607/814
s 0
f 445/608/815 442/606/815 387/610/815
s 1
f 446/611/816 387/610/812 386/612/814
f 447/613/817 445/608/818 446/611/819
s 0
f 445/608/820 387/610/820 446/611/820
f 386/607/821 445/608/821 447/613/821
s 1
f 446/614/822 386/615/823 448/616/824
s 0
f 386/615/825 447/617/825 448/616/825
s 1
f 446/614/822 448/616/826 385/618/827
s 0
f 385/618/828 448/616/828 449/619/828
f 448/616/829 447/617/829 383/462/829
s 1
f 447/617/817 446/620/819 383/462/830
s 0
f 446/620/831 385/621/831 383/462/831
s 1
f 452/622/832 451/623/833 1167/624/834
s 0
f 451/623/835 452/622/835 1321/625/835
f 1421/626/836 454/627/836 455/628/836
f 457/629/837 1201/630/837 1209/631/837
s 1
f 1167/624/834 1189/632/838 463/633/839
s 0
f 808/634/840 465/635/840 466/636/840
f 1169/637/841 465/635/841 808/634/841
s 1
f 468/638/842 501/639/843 1109/640/844
s 0
f 484/641/845 482/642/845 481/643/845
f 482/642/846 484/641/846 483/644/846
s 1
f 479/645/847 480/646/848 481/647/849
f 481/648/849 480/649/848 484/650/850
f 480/646/851 479/645/852 486/651/853
s 0
f 480/649/854 486/652/854 488/653/854
f 488/654/855 486/655/855 489/656/855
s 1
f 485/657/856 482/642/857 483/644/858
f 499/658/859 496/659/860 497/660/861
f 496/659/860 499/658/859 498/661/862
f 495/662/863 499/658/859 497/660/861
f 495/662/864 1027/663/865 493/664/866
f 498/661/867 499/658/868 1022/665/869
f 1022/665/869 499/658/868 493/664/866
f 493/664/866 499/658/868 495/662/864
s 0
f 967/666/870 504/667/870 966/668/870
s 1
f 501/639/843 949/669/871 974/670/872
f 974/670/872 949/669/871 950/671/873
s 0
f 977/672/874 960/673/874 507/674/874
s 1
f 508/675/875 963/676/876 947/677/877
f 939/678/878 510/679/879 511/680/880
s 0
f 511/680/881 510/679/881 942/681/881
s 1
f 932/682/882 513/683/883 514/684/884
f 513/683/885 977/685/886 512/686/887
s 0
f 515/687/888 682/688/888 689/689/888
f 515/690/889 689/691/889 674/692/889
s 1
f 674/692/890 689/691/891 935/693/892
f 683/694/893 516/695/894 517/696/895
f 516/695/894 518/697/896 517/696/895
s 0
f 517/698/897 518/699/897 671/700/897
s 1
f 518/697/898 516/695/898 519/701/898
s 0
f 525/702/899 527/703/899 522/704/899
s 1
f 523/705/900 522/704/901 527/703/902
f 523/705/900 527/703/902 524/706/903
f 522/707/904 523/708/905 529/709/906
s 0
f 528/710/907 525/702/907 526/711/907
s 1
f 522/707/908 529/709/909 526/712/910
f 523/708/911 524/713/912 529/709/913
f 529/714/913 524/706/912 530/715/914
s 0
f 525/702/915 522/704/915 526/711/915
f 525/702/916 528/710/916 655/716/916
f 532/717/917 631/718/917 535/719/917
f 624/720/918 534/721/918 533/722/918
f 535/723/919 631/724/919 534/721/919
s 1
f 623/725/920 625/726/921 611/727/922
f 605/728/923 537/729/924 614/730/925
s 0
f 540/731/926 539/732/926 535/719/926
s 1
f 542/733/927 541/734/928 616/735/929
f 616/735/929 541/734/928 540/731/930
s 0
f 541/734/931 635/736/931 564/737/931
s 1
f 561/738/932 544/739/932 545/740/932
f 550/741/933 548/742/934 555/743/935
f 552/744/936 550/741/933 555/743/935
f 552/744/937 554/745/938 553/746/939
f 549/747/940 555/748/935 548/749/934
f 556/750/941 553/746/942 551/751/943
f 551/751/943 553/746/942 554/745/944
f 550/741/945 552/744/937 553/746/939
f 549/747/940 548/749/934 547/752/946
f 551/751/943 554/745/947 557/753/948
f 557/753/948 556/750/941 551/751/943
f 557/753/949 554/745/947 544/739/950
f 554/745/951 552/744/952 555/743/953
f 548/742/954 550/741/955 553/746/956
f 558/754/957 546/755/958 559/756/959
f 560/757/960 562/758/961 578/759/962
f 560/760/960 578/761/962 559/756/963
s 0
f 562/758/964 560/757/964 561/738/964
s 1
f 577/762/965 561/738/966 545/740/967
f 548/742/954 553/746/956 556/750/968
f 556/750/969 546/763/970 558/764/971
s 0
f 544/739/972 561/738/972 560/757/972
f 544/765/973 554/766/973 563/767/973
s 1
f 564/737/974 563/767/975 554/766/951
f 556/750/976 557/753/977 546/763/978
s 0
f 557/753/979 544/739/979 560/757/979
s 1
f 554/768/951 555/748/953 549/747/980
f 559/756/981 578/761/982 565/769/983
s 0
f 570/770/984 567/771/984 568/772/984
s 1
f 567/771/985 572/773/986 569/774/987
f 572/773/986 567/771/985 570/770/988
s 0
f 568/772/989 571/775/989 570/770/989
s 1
f 573/776/990 568/772/991 567/771/992
f 567/771/992 569/774/993 573/776/990
s 0
f 575/777/994 566/778/994 572/779/994
s 1
f 566/780/995 569/781/987 572/782/986
f 569/781/993 566/780/996 573/783/990
f 566/780/996 574/784/997 573/783/990
f 575/777/998 574/785/999 566/778/1000
f 572/773/1001 570/770/1002 571/775/1003
f 571/775/1004 568/772/1005 573/776/1006
f 576/786/1007 574/785/999 575/777/1008
s 0
f 565/787/1009 574/785/1009 576/786/1009
s 1
f 574/784/1010 565/788/1011 578/789/1012
f 575/777/1013 572/779/1001 576/786/1014
f 572/773/1001 571/775/1003 576/790/1014
f 548/742/1015 556/750/969 558/764/971
f 574/784/1010 578/789/1012 573/783/1006
f 546/763/978 557/753/1016 560/757/1017
f 562/758/1018 561/738/966 577/762/965
f 545/740/1019 544/739/1020 543/791/1021
s 0
f 626/792/1022 558/754/1022 559/756/1022
s 1
f 559/756/981 565/769/1023 576/793/1024
s 0
f 576/794/1025 571/795/1025 578/789/1025
s 1
f 578/789/1012 571/795/1004 573/783/1006
f 543/796/1026 544/797/1027 622/798/1028
f 554/768/951 549/747/980 564/799/974
f 549/747/1029 547/752/1030 564/799/1031
s 0
f 559/756/1032 546/755/1032 560/760/1032
s 1
f 577/762/1033 545/740/1019 543/791/1021
s 0
f 635/736/1034 563/767/1034 564/737/1034
s 1
f 558/800/1035 547/801/1036 548/802/1037
s 0
f 578/759/1038 562/758/1038 621/803/1038
s 1
f 622/798/1028 544/797/1027 587/804/1039
s 0
f 544/765/1040 563/767/1040 587/805/1040
f 585/806/1041 583/807/1041 584/808/1041
s 1
f 585/806/1042 584/808/1043 625/809/1044
s 0
f 626/810/1045 583/807/1045 579/811/1045
f 579/811/1046 583/807/1046 585/806/1046
f 636/812/1047 586/813/1047 621/803/1047
s 1
f 595/814/1048 593/815/1049 611/816/1050
f 611/816/1050 593/815/1049 592/817/1051
f 593/818/1052 595/819/1053 597/820/1054
s 0
f 592/817/1055 593/815/1056 598/821/1057
s 1
f 597/820/1054 595/819/1053 591/822/1058
f 595/823/1059 611/824/1060 591/825/1061
s 0
f 598/821/1062 588/826/1062 592/817/1062
f 598/827/1056 593/818/1056 597/820/1056
s 1
f 603/828/1063 591/825/1061 611/824/1060
f 592/817/1051 588/826/1064 611/816/1050
f 611/816/1050 588/826/1064 599/829/1065
f 605/728/1066 591/825/1061 603/828/1063
f 614/730/1067 590/830/1068 591/825/1061
s 0
f 679/831/1069 588/826/1070 598/821/1071
s 1
f 603/828/1063 611/824/1060 606/832/1072
f 597/820/1054 591/822/1058 590/833/1073
f 617/834/1074 590/830/1068 614/730/1067
f 614/730/1067 591/825/1061 605/728/1066
f 605/728/1066 603/828/1063 947/677/1075
f 611/727/922 599/835/1076 589/836/1077
f 589/837/1077 599/838/1076 616/839/1078
f 947/677/1075 603/828/1063 606/832/1072
s 0
f 616/735/1079 540/731/1079 589/840/1079
s 1
f 634/841/1080 559/842/1081 538/843/1082
s 0
f 559/756/1083 576/793/1083 586/844/1083
s 1
f 638/845/1084 526/712/1085 621/803/1086
s 0
f 562/758/1087 577/762/1087 543/791/1087
f 587/805/1088 563/767/1088 635/736/1088
f 635/736/1089 541/734/1089 542/733/1089
s 1
f 626/846/1090 587/847/1091 564/799/1031
f 564/799/1031 547/752/1030 626/846/1090
f 623/848/1092 585/806/1042 625/809/1044
s 0
f 540/731/1093 541/734/1093 539/732/1093
f 540/731/1094 535/719/1094 589/840/1094
f 539/732/1095 541/734/1095 535/719/1095
f 620/849/1096 579/811/1096 585/806/1096
f 585/806/1097 623/848/1097 620/849/1097
s 1
f 623/725/920 611/727/922 589/836/1077
s 0
f 535/719/1098 541/734/1098 564/737/1098
s 1
f 558/800/1035 624/720/1099 547/801/1036
s 0
f 558/800/1100 579/811/1100 624/720/1100
f 624/720/1101 579/811/1101 620/849/1101
s 1
f 630/850/1102 589/851/1077 536/852/1103
f 520/853/1104 614/730/925 537/729/924
s 0
f 584/808/1105 583/807/1105 626/810/1105
s 1
f 620/849/1106 623/848/1107 630/854/1108
f 630/850/1109 536/852/1110 653/855/1111
s 0
f 632/856/1112 589/840/1112 535/719/1112
f 579/811/1113 558/800/1113 626/810/1113
s 1
f 630/854/1102 623/848/920 589/857/1077
s 0
f 587/847/1114 626/846/1114 559/858/1114
f 626/859/1115 547/801/1115 624/720/1115
f 631/724/1116 533/722/1116 534/721/1116
f 620/849/1117 534/721/1117 624/720/1117
f 624/720/1118 533/722/1118 631/724/1118
s 1
f 534/721/1119 620/849/1106 630/854/1108
f 625/809/1120 584/808/1121 630/860/1122
f 535/719/1123 564/737/1124 587/861/1125
f 680/862/1126 614/730/1127 520/853/1104
f 606/832/1128 611/824/1129 672/863/1130
f 653/855/1111 625/864/1131 630/850/1109
f 536/852/1110 660/865/1132 653/855/1111
f 630/860/1133 584/808/1121 626/810/1134
f 535/719/1123 587/861/1125 635/866/1135
s 0
f 535/723/1136 534/721/1136 632/867/1136
f 631/718/1137 532/717/1137 634/841/1137
s 1
f 634/841/1138 532/717/1139 535/719/1140
f 632/867/1141 534/721/1142 633/868/1143
f 635/736/1144 542/733/1145 536/869/1146
f 542/733/1145 616/735/1147 536/869/1148
s 0
f 536/869/1149 589/870/1149 632/871/1149
s 1
f 534/721/1150 630/854/1150 633/868/1150
s 0
f 626/810/1151 624/872/1151 633/873/1151
f 633/873/1152 630/860/1152 626/810/1152
s 1
f 631/718/1153 634/841/1154 538/843/1155
f 624/874/1156 631/875/1153 538/876/1155
f 634/841/1138 535/719/1157 635/866/1158
s 0
f 635/736/1159 536/869/1159 632/871/1159
f 538/876/1160 559/756/1160 586/844/1160
f 576/794/1161 578/789/1161 586/877/1161
f 578/759/1162 621/803/1162 586/813/1162
s 1
f 621/803/1086 526/712/1085 531/878/1163
f 562/758/1164 543/791/1165 621/803/1166
f 587/847/1167 559/858/1081 634/879/1080
s 0
f 633/880/1168 624/874/1168 538/876/1168
s 1
f 586/881/1169 636/882/1170 637/883/1171
f 641/884/1172 642/885/1173 643/886/1174
f 643/886/1174 642/885/1173 644/887/1175
f 642/885/1176 641/884/1177 640/888/1178
f 640/888/1179 641/884/1180 643/886/1181
f 644/887/1182 642/885/1183 648/889/1184
f 640/888/1179 643/886/1181 649/890/1185
f 642/885/1176 640/888/1178 648/889/1186
s 0
f 649/890/1187 643/886/1187 644/887/1187
s 1
f 648/891/1186 640/892/1178 647/893/1188
f 646/894/1189 647/895/1188 640/896/1178
s 0
f 647/895/1190 646/894/1190 650/897/1190
s 1
f 644/898/1182 648/891/1191 652/899/1192
f 649/900/1185 646/894/1193 640/896/1179
s 0
f 650/897/1194 646/894/1194 649/900/1194
s 1
f 652/899/1192 648/891/1191 647/893/1195
s 0
f 644/901/1196 652/902/1196 622/903/1196
f 652/899/1197 647/893/1197 650/904/1197
f 649/900/1198 644/901/1198 622/903/1198
s 1
f 622/798/1199 639/905/1200 543/796/1201
s 0
f 650/904/1202 587/804/1202 652/899/1202
s 1
f 587/804/1203 650/904/1204 622/798/1205
s 0
f 639/906/1206 652/899/1206 587/804/1206
s 1
f 633/880/1143 653/855/1207 660/865/1208
f 638/845/1209 621/803/1210 543/791/1211
f 632/907/1141 633/880/1143 660/865/1208
f 636/908/1212 621/909/1213 531/910/1214
s 0
f 528/911/1215 656/912/1215 655/913/1215
s 1
f 650/897/1216 649/900/1217 622/903/1218
s 0
f 634/914/1219 635/915/1219 660/916/1219
s 1
f 653/855/1220 633/880/1221 538/876/1222
f 531/878/1223 526/712/1085 529/709/1224
s 0
f 524/706/1225 527/703/1225 530/715/1225
f 657/917/1226 658/918/1226 659/919/1226
f 673/920/1227 659/919/1227 658/918/1227
s 1
f 661/921/1228 637/883/1229 662/922/1230
s 0
f 529/923/1231 530/924/1231 521/925/1231
f 530/715/1232 527/703/1232 525/702/1232
s 1
f 657/917/1233 525/702/1234 655/716/1235
s 0
f 622/926/1236 652/899/1236 639/906/1236
s 1
f 639/927/1237 587/928/1238 634/914/1239
s 0
f 660/916/1240 635/915/1240 632/929/1240
s 1
f 662/922/1230 637/883/1229 636/882/1170
f 530/715/1241 525/702/1242 657/917/1243
f 657/917/1243 659/919/1244 530/715/1241
f 658/918/1245 657/917/1246 655/716/1247
f 663/930/1248 526/712/1249 638/845/1250
f 543/796/1201 639/905/1200 638/931/1251
f 662/932/1252 636/908/1212 531/910/1214
f 656/912/1253 528/911/1254 526/933/1255
f 671/934/1256 638/931/1251 639/905/1200
f 653/855/1220 538/876/1222 586/844/1257
s 0
f 521/925/1258 662/932/1258 531/910/1258
s 1
f 670/935/1259 521/925/1260 530/924/1261
f 656/912/1262 526/933/1255 663/936/1263
f 661/921/1264 665/937/1265 531/938/1266
f 536/939/1267 616/940/1078 944/941/1268
f 625/864/921 653/855/1269 669/942/1270
f 586/881/1169 637/883/1171 935/943/1271
s 0
f 662/922/1272 665/937/1272 661/921/1272
f 529/923/1273 521/925/1273 665/944/1273
s 1
f 521/945/1274 531/938/1266 665/937/1265
s 0
f 662/932/1275 521/925/1275 937/946/1275
s 1
f 681/947/1276 670/948/1259 530/715/1261
f 530/715/1277 659/919/1278 673/920/1279
s 0
f 655/913/1280 656/912/1280 666/949/1280
s 1
f 639/927/1237 634/914/1239 671/950/1281
f 668/951/1282 614/730/1127 933/952/1283
f 614/730/1127 680/862/1126 933/952/1283
f 947/677/1075 606/832/1072 508/675/1284
f 1011/953/1285 611/727/922 625/726/921
f 935/943/1271 637/883/1171 661/921/1286
s 0
f 665/954/1287 662/932/1287 529/955/1287
f 674/692/1288 655/716/1288 666/956/1288
s 1
f 666/949/1289 656/912/1290 663/936/1291
f 516/957/894 683/958/893 663/930/1292
s 0
f 675/959/1293 516/957/1293 663/930/1293
f 516/960/1294 675/961/1294 519/962/1294
f 675/959/1295 663/930/1295 676/963/1295
s 1
f 663/930/1248 638/845/1250 519/964/1296
s 0
f 638/845/1297 518/965/1297 519/964/1297
f 519/962/1298 675/961/1298 671/700/1298
s 1
f 663/930/1299 519/964/1300 676/963/1301
s 0
f 518/965/1302 638/845/1302 671/966/1302
s 1
f 660/916/1303 671/950/1304 634/914/1305
f 617/834/1306 930/967/1307 945/968/1308
f 617/834/1074 614/730/1309 668/951/1310
s 0
f 529/955/1311 662/932/1311 937/946/1311
f 671/700/1312 675/961/1312 517/698/1312
f 676/969/1313 519/962/1313 671/700/1313
s 1
f 536/939/1314 944/941/1314 660/916/1314
s 0
f 520/853/1315 537/729/1315 934/970/1315
s 1
f 684/971/1316 537/729/1316 605/728/1316
f 605/728/1066 947/677/1075 684/971/1317
s 0
f 681/947/1318 530/715/1318 688/972/1318
s 1
f 673/920/1319 658/918/1320 938/973/1321
s 0
f 658/918/1322 655/716/1322 674/692/1322
f 517/696/1323 675/974/1323 676/975/1323
s 1
f 586/844/1257 669/942/1324 653/855/1220
f 669/976/1324 586/881/1257 935/943/1325
s 0
f 661/921/1326 531/938/1326 529/977/1326
f 661/921/1327 529/977/1327 937/978/1327
s 1
f 521/925/1328 670/935/1329 937/946/1330
f 938/973/1321 658/918/1320 674/692/1331
s 0
f 682/979/1332 674/692/1332 666/956/1332
s 1
f 683/694/1333 517/696/1333 676/975/1333
f 599/829/1065 588/826/1064 679/831/1334
f 950/980/1335 669/976/1324 935/943/1325
s 0
f 683/694/1336 676/975/1336 671/950/1336
s 1
f 671/950/1304 660/916/1303 944/941/1337
s 0
f 934/970/1338 537/729/1338 684/971/1338
s 1
f 688/972/1339 530/715/1277 673/920/1340
s 0
f 674/692/1341 682/979/1341 687/981/1341
f 973/982/1342 687/983/1342 682/688/1342
f 687/981/1343 515/690/1343 674/692/1343
f 617/834/1344 668/951/1344 930/967/1344
s 1
f 688/984/1345 670/985/1329 681/986/1346
f 467/987/1347 617/834/1348 690/988/1349
s 0
f 901/989/1350 698/990/1350 691/991/1350
s 1
f 698/990/1351 958/992/1352 691/991/1353
f 958/992/1354 901/993/1355 692/994/1356
s 0
f 958/992/1357 692/994/1357 691/991/1357
s 1
f 696/995/1358 901/993/1358 691/996/1358
s 0
f 901/993/1359 696/995/1359 692/994/1359
f 693/997/1360 912/998/1360 694/999/1360
s 1
f 693/1000/1361 919/1001/1362 912/1002/1363
f 695/1003/1364 912/1002/1363 919/1001/1362
f 919/1001/1365 694/1004/1366 695/1003/1367
s 0
f 924/1005/1368 929/1006/1368 698/1007/1368
f 929/1006/1369 696/1008/1369 697/1009/1369
f 929/1006/1370 697/1009/1370 698/1007/1370
f 696/1008/1371 924/1010/1371 697/1009/1371
f 697/1011/1372 924/1005/1372 701/1012/1372
f 701/1012/1373 924/1005/1373 698/1007/1373
f 898/1013/1374 932/1014/1374 699/1015/1374
f 699/1016/1375 946/1017/1375 697/1018/1375
f 932/1014/1376 898/1013/1376 946/1017/1376
f 946/1017/1377 898/1013/1377 697/1018/1377
f 898/1019/1378 699/1016/1378 701/1020/1378
f 701/1020/1379 699/1016/1379 697/1018/1379
f 701/1021/1380 700/1022/1380 514/1023/1380
f 514/1023/1381 700/1022/1381 705/1024/1381
f 514/1025/1382 705/1026/1382 902/1027/1382
s 1
f 698/1028/1383 697/1029/1384 898/1030/1385
s 0
f 913/1031/1386 698/1032/1386 702/1033/1386
f 898/1034/1387 701/1035/1387 514/684/1387
s 1
f 881/1036/1388 884/1037/1389 879/1038/1390
s 0
f 718/1039/1391 733/1040/1391 719/1041/1391
s 1
f 721/1042/1392 725/1043/1393 722/1044/1394
f 731/1045/1395 725/1046/1396 728/1047/1397
s 0
f 723/1048/1398 917/1049/1398 730/1050/1398
s 1
f 733/1051/1399 725/1052/1400 724/1053/1401
f 723/1048/1402 730/1050/1403 720/1054/1404
f 761/1055/1405 722/1056/1406 730/1057/1407
s 0
f 730/1058/1408 722/1044/1408 734/1059/1408
s 1
f 734/1060/1409 735/1061/1410 736/1062/1411
s 0
f 730/1063/1412 735/1064/1412 737/1065/1412
s 1
f 735/1061/1413 734/1060/1413 737/1066/1413
s 0
f 734/1059/1414 722/1044/1414 737/1067/1414
s 1
f 722/1044/1394 725/1043/1393 737/1067/1415
f 725/1043/1393 720/1068/1404 737/1067/1415
s 0
f 736/1062/1416 737/1069/1416 720/1070/1416
s 1
f 720/1068/1404 725/1043/1393 738/1071/1417
f 733/1051/1399 724/1053/1401 726/1072/1418
f 738/1073/1417 723/1048/1402 720/1054/1404
f 738/1074/1417 725/1075/1393 733/1076/1419
f 726/1077/1420 723/1048/1402 719/1078/1421
s 0
f 733/1079/1422 726/1077/1422 739/1080/1422
s 1
f 739/1080/1423 726/1077/1420 719/1078/1421
s 0
f 717/1081/1424 739/1080/1424 740/1082/1424
f 739/1080/1425 719/1078/1425 740/1082/1425
f 740/1082/1426 719/1078/1426 741/1083/1426
f 719/1078/1427 733/1084/1427 741/1083/1427
s 1
f 733/1079/1428 739/1080/1429 741/1085/1430
f 739/1080/1429 717/1081/1431 741/1085/1430
s 0
f 718/1086/1432 741/1085/1432 734/1087/1432
s 1
f 741/1085/1433 717/1081/1434 734/1087/1435
f 742/1088/1436 726/1072/1437 744/1089/1438
f 742/1090/1439 921/1091/1440 775/1092/1441
f 726/1072/1442 742/1088/1436 717/1093/1443
f 717/1081/1444 740/1082/1445 718/1094/1446
s 0
f 740/1082/1447 741/1083/1447 718/1094/1447
s 1
f 723/1048/1402 738/1073/1417 719/1078/1421
s 0
f 733/1076/1448 718/1095/1448 738/1074/1448
f 718/1095/1449 734/1060/1449 738/1074/1449
s 1
f 734/1096/1450 717/1097/1451 742/1090/1439
f 747/1098/1452 742/1088/1436 744/1089/1438
f 726/1072/1418 724/1053/1401 744/1089/1453
f 745/1099/1454 723/1048/1402 729/1100/1455
f 729/1100/1455 723/1048/1402 746/1101/1456
f 746/1101/1456 723/1048/1402 726/1077/1420
s 0
f 718/1039/1457 719/1041/1457 716/1102/1457
f 719/1041/1458 738/1103/1458 716/1102/1458
f 738/1074/1459 734/1060/1459 716/1104/1459
s 1
f 742/1090/1439 775/1092/1441 734/1096/1450
s 0
f 742/1105/1460 747/1106/1460 724/1053/1460
f 723/1107/1461 724/1053/1461 747/1106/1461
f 724/1053/1462 723/1107/1462 745/1108/1462
s 1
f 745/1109/1463 747/1110/1452 748/1111/1464
f 747/1110/1452 744/1112/1438 748/1111/1464
s 0
f 724/1053/1465 745/1108/1465 748/1113/1465
s 1
f 748/1111/1466 749/1114/1467 729/1115/1468
f 749/1116/1469 747/1117/1470 729/1118/1471
s 0
f 747/1117/1472 745/1119/1472 729/1118/1472
s 1
f 717/1120/1444 718/1039/1446 752/1121/1473
f 718/1039/1446 716/1102/1474 752/1121/1473
f 734/1060/1409 720/1070/1475 716/1104/1476
s 0
f 730/1122/1477 737/1123/1477 736/1124/1477
s 1
f 720/1070/1475 734/1060/1409 736/1062/1411
f 921/1091/1440 742/1090/1439 750/1125/1478
s 0
f 742/1126/1479 724/1127/1479 751/1128/1479
s 1
f 751/1128/1480 723/1129/1481 747/1130/1482
f 748/1111/1483 744/1112/1484 749/1114/1485
s 0
f 749/1131/1486 744/1089/1486 746/1132/1486
f 744/1089/1487 724/1053/1487 746/1132/1487
f 724/1053/1488 748/1113/1488 746/1132/1488
f 748/1133/1489 729/1100/1489 746/1101/1489
f 746/1134/1490 726/1135/1490 749/1116/1490
f 749/1116/1491 726/1135/1491 717/1136/1491
f 720/1070/1492 730/1122/1492 716/1104/1492
f 716/1104/1493 730/1122/1493 736/1124/1493
s 1
f 736/1124/1494 735/1064/1495 752/1137/1473
s 0
f 735/1064/1496 730/1063/1496 752/1137/1496
f 730/1058/1497 734/1059/1497 752/1138/1497
s 1
f 750/1125/1498 742/1090/1499 753/1139/1500
f 751/1128/1501 724/1127/1502 754/1140/1503
f 755/1141/1504 723/1142/1481 754/1143/1505
f 723/1129/1481 751/1128/1480 754/1140/1505
s 0
f 756/1144/1506 724/1145/1506 715/1146/1506
s 1
f 754/1143/1507 758/1147/1508 753/1148/1500
f 742/1126/1499 751/1128/1509 753/1149/1500
f 747/1117/1470 749/1116/1469 717/1136/1510
f 760/1150/1511 717/1120/1512 752/1121/1513
f 716/1104/1474 736/1124/1494 752/1137/1473
f 713/1151/1514 721/1152/1515 734/1153/1516
f 750/1125/1517 753/1139/1500 758/1154/1508
s 0
f 724/1145/1518 756/1144/1518 759/1155/1518
s 1
f 751/1128/1519 747/1130/1520 753/1149/1521
f 717/1120/1522 760/1150/1523 919/1156/1524
s 0
f 734/1153/1525 721/1152/1525 761/1157/1525
f 721/1158/1526 722/1056/1526 761/1055/1526
f 731/1045/1527 764/1159/1527 763/1160/1527
s 1
f 763/1161/1528 764/1162/1529 770/1163/1530
s 0
f 764/1159/1531 731/1045/1531 728/1047/1531
s 1
f 725/1046/1396 714/1164/1532 728/1047/1397
f 767/1165/1533 725/1046/1534 730/1057/1407
f 765/1166/1535 728/1167/1397 714/1168/1532
s 0
f 713/1151/1536 767/1169/1536 730/1170/1536
s 1
f 725/1046/1534 761/1055/1405 730/1057/1407
s 0
f 714/1164/1537 725/1046/1537 766/1171/1537
s 1
f 765/1172/1538 725/1046/1534 767/1165/1533
s 0
f 724/1173/1539 918/1174/1539 715/1175/1539
f 918/1174/1540 724/1173/1540 917/1049/1540
s 1
f 715/1146/1541 917/1176/1542 723/1177/1543
s 0
f 755/1178/1544 758/1179/1544 724/1127/1544
s 1
f 758/1179/1545 754/1140/1503 724/1127/1502
f 724/1145/1546 759/1155/1547 750/1180/1548
f 759/1181/1547 757/1182/1549 750/1183/1548
s 0
f 758/1184/1550 755/1141/1550 768/1185/1550
s 1
f 755/1141/1551 754/1143/1552 768/1185/1553
f 754/1143/1552 753/1148/1521 768/1185/1553
f 753/1149/1521 747/1130/1520 768/1186/1553
f 768/1187/1553 747/1117/1520 717/1136/1554
s 0
f 752/1188/1555 734/1189/1555 761/1190/1555
f 761/1190/1556 725/1191/1556 713/1192/1556
f 725/1043/1557 721/1042/1557 713/1193/1557
s 1
f 730/1194/1558 765/1166/1535 769/1195/1559
s 0
f 765/1172/1560 767/1165/1560 769/1196/1560
s 1
f 767/1169/1561 713/1151/1514 766/1197/1562
f 766/1197/1562 713/1151/1514 734/1153/1516
f 761/1190/1563 713/1192/1564 752/1188/1565
f 752/1188/1565 713/1192/1564 769/1198/1566
f 713/1199/1567 730/1194/1558 769/1195/1568
s 0
f 769/1200/1569 767/1169/1569 766/1197/1569
s 1
f 752/1188/1565 769/1198/1566 766/1201/1570
s 0
f 766/1171/1571 725/1046/1571 765/1172/1571
s 1
f 714/1202/1572 766/1197/1562 764/1203/1529
f 771/1204/1573 764/1205/1529 734/1096/1516
f 764/1203/1529 766/1197/1562 734/1153/1516
f 766/1171/1574 765/1172/1574 752/1206/1574
s 0
f 752/1207/1575 765/1166/1575 714/1168/1575
s 1
f 770/1163/1576 764/1162/1529 771/1208/1573
f 734/1096/1450 775/1092/1441 771/1204/1577
f 728/1167/1397 765/1166/1535 730/1194/1558
s 0
f 781/1209/1578 724/1053/1578 725/1052/1578
f 772/1210/1579 771/1208/1579 762/1211/1579
s 1
f 776/1212/1580 762/1213/1581 773/1214/1582
f 773/1214/1582 762/1213/1583 731/1215/1584
f 762/1213/1583 725/1216/1396 731/1215/1584
s 0
f 731/1045/1585 763/1160/1585 774/1217/1585
s 1
f 728/1167/1397 780/1218/1586 763/1219/1587
f 780/1218/1586 776/1212/1580 763/1219/1587
f 763/1219/1587 776/1212/1580 773/1214/1582
s 0
f 774/1217/1588 770/1220/1588 731/1045/1588
s 1
f 770/1163/1576 771/1208/1573 731/1221/1589
f 731/1221/1590 771/1208/1591 772/1210/1592
f 752/1121/1593 714/1222/1594 764/1223/1595
s 0
f 763/1224/1596 770/1225/1596 728/1226/1596
s 1
f 770/1227/1597 774/1228/1598 772/1229/1599
f 774/1228/1598 763/1230/1600 772/1229/1599
f 763/1230/1600 773/1231/1601 772/1229/1599
f 773/1232/1602 731/1221/1603 772/1210/1604
f 921/1233/1605 841/1234/1606 775/1235/1607
f 752/1121/1593 764/1223/1595 777/1236/1608
f 764/1223/1609 728/1226/1610 777/1236/1611
s 0
f 728/1226/1612 770/1225/1612 777/1236/1612
s 1
f 770/1227/1597 772/1229/1599 777/1237/1613
s 0
f 772/1210/1614 762/1211/1614 776/1238/1614
s 1
f 752/1121/1513 777/1236/1615 760/1150/1511
f 772/1229/1599 776/1239/1616 777/1237/1613
s 0
f 777/1237/1617 776/1239/1617 771/1240/1617
f 771/1241/1618 778/1242/1618 779/1243/1618
s 1
f 779/1244/1619 778/1245/1620 780/1246/1621
f 778/1245/1620 762/1211/1622 780/1246/1623
s 0
f 762/1211/1624 771/1208/1624 780/1246/1624
f 771/1240/1625 776/1239/1625 780/1247/1625
s 1
f 780/1218/1586 728/1167/1397 730/1194/1558
f 730/1050/1626 917/1049/1627 851/1248/1628
f 725/1216/1396 762/1213/1583 848/1249/1629
f 848/1250/1630 762/1251/1631 778/1242/1632
f 778/1242/1632 771/1241/1633 782/1252/1634
f 781/1253/1635 775/1254/1636 711/1255/1637
s 0
f 783/1256/1638 787/1257/1638 790/1258/1638
s 1
f 820/1259/1639 789/1260/1640 790/1261/1641
f 792/1262/1642 793/1263/1643 794/1264/1644
s 0
f 793/1265/1645 791/1266/1645 789/1267/1645
s 1
f 792/1262/1646 794/1264/1647 791/1268/1648
f 789/1269/1640 791/1268/1648 794/1264/1647
f 794/1264/1649 793/1263/1643 831/1270/1650
s 0
f 793/1265/1651 789/1267/1651 831/1271/1651
f 820/1272/1652 831/1273/1652 795/1274/1652
f 795/1274/1653 831/1273/1653 789/1275/1653
s 1
f 798/1276/1654 783/1277/1655 796/1278/1656
f 798/1276/1657 797/1279/1658 783/1277/1659
s 0
f 795/1274/1660 789/1275/1660 797/1280/1660
f 789/1275/1661 820/1281/1661 797/1280/1661
f 807/1282/1662 799/1283/1662 841/1284/1662
s 1
f 800/1285/1663 799/1286/1664 775/1254/1665
f 800/1285/1666 775/1254/1665 841/1287/1667
f 802/1288/1668 800/1289/1669 833/1290/1670
f 800/1291/1671 801/1292/1672 833/1293/1673
s 0
f 800/1289/1674 802/1288/1674 799/1294/1674
s 1
f 800/1285/1666 841/1287/1667 801/1295/1675
s 0
f 841/1284/1676 799/1283/1676 801/1296/1676
s 1
f 799/1294/1677 802/1288/1677 803/1297/1677
s 0
f 803/1297/1678 802/1288/1678 801/1298/1678
f 799/1283/1679 803/1299/1679 804/1300/1679
f 803/1301/1680 801/1296/1680 805/1302/1680
f 805/1302/1681 801/1296/1681 799/1283/1681
s 1
f 799/1283/1682 804/1300/1682 805/1302/1682
f 810/1303/1683 808/1304/1684 807/1305/1685
f 807/1305/1686 808/1304/1687 791/1306/1688
s 0
f 817/1307/1689 811/1308/1689 814/1309/1689
s 1
f 810/1310/1690 814/1309/1691 811/1308/1692
s 0
f 809/1311/1693 814/1309/1693 810/1310/1693
s 1
f 812/1312/1694 810/1310/1690 811/1308/1692
f 810/1313/1683 807/1314/1685 803/1315/1695
s 0
f 811/1308/1696 809/1316/1696 812/1312/1696
s 1
f 812/1312/1697 809/1316/1698 791/1317/1699
f 808/1318/1700 810/1310/1690 812/1312/1694
s 0
f 804/1319/1701 803/1315/1701 807/1314/1701
s 1
f 808/1304/1702 468/1320/1703 791/1306/1704
f 791/1268/1699 809/1321/1698 805/1322/1705
s 0
f 803/1315/1706 813/1323/1706 810/1313/1706
f 803/1324/1707 805/1322/1707 815/1325/1707
f 805/1322/1708 813/1326/1708 815/1325/1708
s 1
f 815/1327/1709 813/1328/1710 814/1329/1711
f 813/1328/1712 803/1330/1713 814/1329/1714
f 814/1329/1715 803/1330/1713 817/1331/1716
s 0
f 817/1331/1717 803/1330/1717 815/1332/1717
s 1
f 834/1333/1718 816/1334/1719 817/1335/1720
s 0
f 834/1333/1721 817/1335/1721 815/1336/1721
s 1
f 798/1337/1722 817/1335/1723 816/1334/1724
s 0
f 811/1308/1725 817/1307/1725 818/1338/1725
s 1
f 816/1334/1726 815/1339/1709 798/1337/1727
f 798/1340/1727 815/1327/1709 814/1329/1711
s 0
f 811/1308/1728 818/1338/1728 809/1316/1728
s 1
f 814/1309/1729 809/1311/1730 818/1341/1731
f 798/1342/1732 814/1309/1729 818/1341/1731
s 0
f 817/1335/1733 798/1337/1733 796/1343/1733
s 1
f 796/1278/1656 783/1277/1655 816/1344/1734
f 795/1345/1735 791/1346/1736 1151/1347/1737
f 791/1346/1738 795/1345/1739 797/1348/1740
f 795/1345/1735 1151/1347/1737 784/1349/1741
s 0
f 821/1350/1742 797/1351/1742 1151/1352/1742
s 1
f 821/1350/1743 791/1353/1744 797/1351/1745
s 0
f 1151/1354/1746 797/1355/1746 784/1356/1746
f 818/1338/1747 817/1307/1747 796/1357/1747
f 816/1358/1748 783/1359/1748 815/1336/1748
s 1
f 783/1256/1749 797/1360/1750 820/1361/1751
f 1138/1362/1752 796/1363/1753 785/1364/1754
s 0
f 796/1363/1755 1138/1362/1755 819/1365/1755
s 1
f 798/1342/1732 818/1341/1731 819/1366/1756
s 0
f 819/1367/1757 818/1368/1757 821/1369/1757
f 812/1370/1758 796/1363/1758 819/1365/1758
f 818/1371/1759 796/1363/1759 812/1370/1759
f 818/1371/1760 812/1370/1760 821/1372/1760
f 819/1367/1761 1169/1373/1761 812/1374/1761
f 1169/1373/1762 819/1367/1762 821/1369/1762
f 809/1375/1763 810/1313/1763 813/1323/1763
s 1
f 775/1254/1636 807/1376/1764 711/1255/1637
f 711/1377/1765 807/1305/1686 791/1306/1688
s 0
f 829/1378/1766 791/1266/1766 793/1265/1766
s 1
f 809/1321/1698 813/1326/1767 805/1322/1705
s 0
f 804/1319/1768 807/1314/1768 805/1379/1768
f 807/1314/1769 841/1380/1769 805/1379/1769
s 1
f 805/1381/1770 788/1382/1771 827/1383/1772
s 0
f 829/1384/1773 711/1377/1773 791/1306/1773
f 841/1380/1774 788/1385/1774 805/1379/1774
f 825/1386/1775 824/1387/1775 826/1388/1775
f 823/1389/1776 824/1390/1776 783/1391/1776
f 826/1392/1777 824/1390/1777 838/1393/1777
f 824/1390/1778 823/1389/1778 838/1393/1778
f 825/1386/1779 826/1388/1779 823/1389/1779
f 823/1394/1780 827/1383/1780 838/1395/1780
f 838/1396/1781 827/1397/1781 828/1398/1781
f 805/1381/1782 827/1383/1782 823/1394/1782
f 791/1268/1783 805/1322/1783 792/1262/1783
f 805/1399/1784 823/1400/1784 829/1384/1784
f 823/1400/1785 828/1398/1785 829/1384/1785
f 828/1398/1786 827/1397/1786 829/1384/1786
s 1
f 827/1397/1787 839/1401/1788 829/1384/1789
f 829/1384/1789 839/1401/1788 711/1377/1790
s 0
f 805/1402/1791 830/1403/1791 792/1404/1791
f 793/1265/1792 792/1405/1792 829/1378/1792
f 792/1404/1793 830/1403/1793 829/1406/1793
s 1
f 805/1402/1794 829/1407/1795 831/1408/1796
s 0
f 829/1406/1797 830/1403/1797 831/1409/1797
s 1
f 805/1402/1794 831/1408/1796 832/1410/1798
s 0
f 830/1403/1799 805/1402/1799 832/1410/1799
f 794/1411/1800 830/1403/1800 832/1410/1800
f 830/1403/1801 794/1411/1801 831/1409/1801
f 820/1259/1802 790/1261/1802 831/1412/1802
s 1
f 790/1261/1641 789/1260/1640 794/1413/1647
s 0
f 794/1411/1803 832/1410/1803 790/1258/1803
f 831/1414/1804 790/1415/1804 787/1416/1804
s 1
f 820/1272/1805 795/1274/1735 784/1417/1741
s 0
f 819/1418/1806 1138/1419/1806 798/1276/1806
f 815/1336/1807 783/1359/1807 834/1333/1807
s 1
f 783/1256/1808 790/1258/1808 832/1410/1808
s 0
f 783/1256/1809 832/1410/1809 831/1408/1809
s 1
f 783/1256/1810 820/1361/1751 787/1257/1811
f 796/1363/1753 834/1420/1812 785/1364/1754
s 0
f 796/1278/1813 816/1344/1813 834/1421/1813
f 823/1389/1814 783/1391/1814 825/1386/1814
s 1
f 787/1422/1815 820/1272/1816 784/1417/1817
s 0
f 825/1386/1818 783/1391/1818 831/1414/1818
f 824/1387/1819 825/1386/1819 831/1414/1819
f 831/1414/1820 787/1416/1820 824/1387/1820
s 1
f 787/1422/1815 784/1417/1821 824/1423/1822
s 0
f 834/1333/1823 783/1359/1823 833/1424/1823
s 1
f 709/1425/1824 784/1356/1825 834/1426/1826
f 784/1356/1825 785/1427/1827 834/1426/1826
s 0
f 836/1428/1828 783/1359/1828 824/1429/1828
f 835/1430/1829 783/1359/1829 836/1428/1829
s 1
f 824/1423/1830 784/1417/1831 709/1431/1832
s 0
f 833/1293/1833 801/1292/1833 834/1426/1833
f 801/1292/1834 802/1432/1834 834/1426/1834
f 833/1424/1835 783/1359/1835 835/1430/1835
s 1
f 836/1428/1836 824/1429/1837 709/1433/1832
f 836/1434/1838 709/1435/1838 837/1436/1838
s 0
f 709/1435/1839 835/1437/1839 837/1436/1839
f 835/1438/1840 836/1439/1840 838/1440/1840
f 837/1441/1841 835/1438/1841 838/1440/1841
f 838/1440/1842 836/1439/1842 826/1442/1842
s 1
f 836/1439/1843 837/1443/1844 826/1442/1845
s 0
f 823/1400/1846 826/1444/1846 828/1398/1846
s 1
f 837/1445/1847 838/1446/1848 788/1447/1849
f 826/1444/1845 837/1448/1844 828/1398/1850
s 0
f 838/1446/1851 828/1449/1851 788/1447/1851
s 1
f 788/1447/1852 828/1449/1853 839/1450/1854
f 837/1451/1844 711/1452/1855 828/1449/1850
f 828/1449/1856 711/1452/1857 839/1450/1858
f 837/1445/1847 788/1447/1849 711/1453/1859
s 0
f 775/1254/1860 799/1286/1860 807/1376/1860
s 1
f 827/1383/1861 788/1382/1862 839/1454/1863
f 777/1455/1615 771/1241/1864 840/1456/1865
s 0
f 771/1241/1866 779/1243/1866 840/1456/1866
f 840/1457/1867 779/1244/1867 782/1458/1867
f 779/1244/1868 848/1459/1868 782/1458/1868
s 1
f 848/1250/1869 778/1242/1632 782/1252/1634
f 710/1460/1870 782/1461/1871 712/1462/1872
f 771/1204/1577 775/1092/1441 843/1463/1873
f 760/1150/1511 777/1236/1615 840/1464/1865
f 840/1465/1874 782/1461/1875 710/1460/1876
f 782/1461/1877 771/1204/1577 843/1463/1873
f 842/1466/1878 712/1462/1872 782/1461/1871
s 0
f 844/1467/1879 843/1468/1879 849/1469/1879
f 842/1470/1880 846/1471/1880 840/1464/1880
s 1
f 840/1464/1881 712/1472/1882 847/1473/1883
f 712/1462/1872 842/1466/1878 847/1474/1884
f 842/1466/1878 843/1475/1885 847/1474/1884
s 0
f 781/1476/1886 843/1468/1886 844/1467/1886
s 1
f 843/1477/1873 775/1478/1441 849/1479/1887
s 0
f 844/1467/1888 775/1478/1888 781/1476/1888
f 781/1209/1889 725/1052/1889 847/1480/1889
f 779/1244/1890 780/1246/1890 848/1459/1890
f 849/1481/1891 840/1464/1891 846/1471/1891
s 1
f 842/1466/1878 782/1461/1871 846/1482/1892
s 0
f 782/1461/1893 843/1463/1893 846/1482/1893
f 846/1483/1894 843/1475/1894 850/1484/1894
f 843/1475/1895 842/1466/1895 850/1484/1895
f 842/1470/1896 840/1464/1896 850/1485/1896
s 1
f 840/1464/1897 847/1473/1898 850/1485/1899
f 847/1480/1900 843/1486/1885 781/1209/1901
f 725/1487/1902 848/1488/1903 710/1460/1904
f 712/1489/1905 840/1490/1906 848/1491/1907
f 840/1465/1874 710/1460/1876 848/1488/1908
f 780/1492/1909 730/1493/1626 851/1494/1628
s 0
f 788/1385/1910 841/1380/1910 711/1495/1910
s 1
f 840/1464/1911 849/1481/1912 760/1150/1511
f 850/1496/1899 847/1497/1898 846/1471/1913
f 847/1480/1914 725/1052/1902 844/1498/1915
f 725/1487/1902 710/1460/1904 844/1499/1916
s 0
f 710/1500/1917 712/1489/1917 844/1501/1917
f 712/1489/1918 848/1491/1918 844/1501/1918
s 1
f 917/1049/1919 724/1173/1920 851/1248/1921
s 0
f 760/1502/1922 849/1479/1922 775/1478/1922
f 844/1467/1923 849/1469/1923 847/1503/1923
s 1
f 849/1481/1924 846/1471/1913 847/1497/1898
s 0
f 844/1501/1925 848/1491/1925 780/1492/1925
f 760/1502/1926 775/1478/1926 844/1467/1926
f 781/1253/1927 711/1255/1927 852/1504/1927
s 1
f 851/1248/1921 724/1173/1928 781/1505/1929
s 0
f 711/1506/1930 760/1507/1930 852/1508/1930
s 1
f 760/1507/1931 711/1506/1932 841/1234/1933
s 0
f 780/1492/1934 851/1494/1934 844/1501/1934
f 851/1509/1935 781/1253/1935 852/1504/1935
f 853/1510/1936 852/1508/1936 760/1507/1936
f 760/1502/1937 844/1467/1937 851/1511/1937
f 760/1512/1938 851/1509/1938 856/1513/1938
f 760/1514/1939 856/1515/1939 853/1516/1939
f 835/1517/1940 852/1508/1940 853/1510/1940
f 851/1509/1941 852/1504/1941 856/1513/1941
f 833/1424/1942 835/1430/1942 802/1518/1942
f 856/1515/1943 861/1519/1943 853/1516/1943
s 1
f 709/1425/1824 834/1426/1826 802/1432/1944
f 802/1520/1945 835/1517/1946 853/1510/1947
f 708/1521/1948 861/1519/1949 856/1515/1950
f 708/1522/1951 855/1523/1952 853/1516/1953
s 0
f 861/1519/1954 852/1524/1954 835/1525/1954
f 861/1519/1955 835/1525/1955 709/1526/1955
s 1
f 708/1521/1948 856/1515/1950 855/1527/1956
f 853/1528/1947 854/1529/1957 802/1530/1945
f 877/1531/1958 856/1532/1959 852/1533/1960
s 0
f 853/1516/1961 861/1519/1961 860/1534/1961
f 860/1534/1962 861/1519/1962 709/1526/1962
f 858/1535/1963 855/1536/1963 856/1532/1963
s 1
f 877/1537/1964 852/1524/1965 861/1519/1966
s 0
f 802/1538/1967 854/1539/1967 709/1540/1967
s 1
f 853/1528/1953 855/1536/1952 857/1541/1968
s 0
f 857/1541/1969 855/1536/1969 858/1535/1969
s 1
f 709/1540/1970 854/1539/1971 705/1026/1972
s 0
f 860/1542/1973 709/1540/1973 705/1026/1973
s 1
f 858/1543/1974 859/1544/1975 708/1545/1976
f 859/1546/1977 861/1519/1949 708/1521/1948
s 0
f 862/1547/1978 877/1548/1978 857/1549/1978
f 854/1550/1979 857/1549/1979 877/1548/1979
s 1
f 707/1551/1980 877/1552/1981 866/1553/1982
f 865/1554/1983 859/1555/1984 866/1556/1985
f 862/1547/1986 859/1544/1975 858/1543/1974
s 0
f 857/1557/1987 708/1558/1987 860/1559/1987
f 708/1522/1988 853/1516/1988 860/1534/1988
f 854/1529/1989 853/1528/1989 857/1541/1989
s 1
f 856/1532/1959 877/1531/1958 862/1560/1990
f 856/1532/1991 862/1560/1986 858/1535/1974
s 0
f 708/1558/1992 857/1557/1992 858/1561/1992
s 1
f 877/1552/1981 707/1551/1980 859/1562/1993
s 0
f 862/1547/1994 857/1549/1994 859/1544/1994
s 1
f 707/1551/1995 866/1553/1996 863/1563/1997
s 0
f 871/1564/1998 864/1565/1998 866/1566/1998
s 1
f 877/1567/1999 859/1568/1999 854/1569/1999
s 0
f 859/1562/2000 707/1551/2000 868/1570/2000
f 859/1568/2001 857/1557/2001 860/1559/2001
f 868/1570/2002 707/1551/2002 854/1571/2002
s 1
f 707/1551/2003 863/1563/1997 854/1571/2004
s 0
f 865/1554/2005 866/1556/2005 867/1572/2005
f 866/1556/2006 864/1573/2006 867/1572/2006
s 1
f 864/1573/2007 863/1574/2008 867/1572/2009
f 867/1575/2009 863/1576/2008 868/1570/2010
f 863/1576/2011 866/1577/2012 868/1570/2013
f 868/1570/2014 866/1577/2015 859/1562/2016
s 0
f 854/1569/2017 859/1568/2017 860/1559/2017
s 1
f 863/1578/1997 864/1565/2018 854/1579/2004
f 864/1565/2018 865/1554/2019 854/1579/2004
s 0
f 854/1571/2020 860/1580/2020 868/1570/2020
f 865/1554/2021 867/1572/2021 854/1579/2021
f 867/1575/2022 868/1570/2022 860/1580/2022
f 854/1581/2023 706/1582/2023 870/1583/2023
f 706/1584/2024 854/1579/2024 867/1572/2024
f 867/1575/2025 860/1580/2025 706/1585/2025
s 1
f 870/1583/2026 706/1582/2027 871/1586/2028
f 865/1587/2029 871/1586/2030 706/1582/2031
f 870/1583/2026 871/1586/2028 873/1588/2032
f 873/1589/2033 859/1590/1984 865/1591/1983
s 0
f 864/1565/2034 871/1564/2034 865/1554/2034
f 872/1592/2035 706/1593/2035 860/1542/2035
f 882/1594/2036 854/1581/2036 870/1583/2036
s 1
f 871/1564/2037 866/1566/2038 877/1595/1981
f 877/1596/1964 861/1597/1966 883/1598/2039
f 873/1589/2040 871/1599/2037 877/1600/1981
f 865/1601/2041 706/1593/2042 873/1602/2043
f 706/1593/2042 872/1592/2044 873/1602/2043
f 861/1603/1949 859/1590/1977 874/1604/2045
f 876/1605/2046 859/1590/2047 873/1589/2040
f 875/1606/2048 879/1038/2049 874/1607/2050
s 0
f 874/1604/2051 859/1590/2051 876/1605/2051
s 1
f 873/1589/2040 877/1600/1981 876/1605/2046
f 870/1608/2052 876/1609/2053 877/1610/2054
s 0
f 878/1611/2055 877/1612/2055 874/1613/2055
s 1
f 879/1038/2049 703/1614/2056 874/1607/2050
f 873/1588/2032 872/1615/2057 870/1583/2026
f 870/1616/2058 877/1612/2059 878/1611/2060
f 870/1608/2052 872/1617/2061 876/1609/2053
f 872/1592/2062 860/1542/2063 705/1026/2064
f 916/1618/2065 705/1026/1972 854/1539/1971
f 876/1609/2066 872/1617/2061 878/1619/2067
f 878/1619/2067 872/1617/2061 875/1620/2068
f 872/1592/2062 705/1026/2064 881/1621/2069
s 0
f 854/1581/2070 882/1594/2070 916/1622/2070
s 1
f 870/1583/2058 880/1623/2071 886/1624/2072
f 870/1616/2058 878/1611/2060 880/1625/2071
f 880/1625/2071 878/1611/2060 875/1626/2073
s 0
f 876/1605/2074 878/1627/2074 874/1604/2074
s 1
f 875/1620/2068 872/1617/2061 879/1628/2075
s 0
f 879/1629/2076 872/1630/2076 880/1631/2076
s 1
f 880/1632/2077 872/1633/2078 886/1634/2079
f 886/1634/2079 872/1633/2078 881/1036/2080
f 884/1037/1389 881/1036/2081 888/1635/2082
f 885/1636/2083 888/1635/2082 881/1036/2081
s 0
f 882/1594/2084 870/1583/2084 886/1624/2084
s 1
f 875/1606/2048 874/1607/2050 877/1637/2085
s 0
f 861/1603/2086 874/1604/2086 883/1638/2086
s 1
f 879/1038/2087 884/1037/2087 887/1639/2087
s 0
f 884/1640/2088 882/1594/2088 887/1641/2088
f 882/1594/2089 886/1624/2089 887/1641/2089
s 1
f 881/1036/2080 879/1038/2090 886/1634/2079
f 880/1642/2091 875/1643/2092 877/1644/2093
s 0
f 703/1614/2094 879/1038/2094 885/1645/2094
s 1
f 885/1645/2083 879/1038/2095 888/1646/2082
f 879/1038/2096 887/1639/2097 888/1646/2082
s 0
f 887/1647/2098 886/1648/2098 888/1649/2098
f 886/1648/2099 879/1650/2099 889/1651/2099
s 1
f 890/1652/2100 889/1653/2101 880/1654/2091
f 889/1655/2101 879/1629/2102 880/1631/2091
s 0
f 881/1656/2103 882/1657/2103 885/1658/2103
f 882/1659/2104 884/1660/2104 888/1649/2104
f 888/1649/2105 886/1648/2105 889/1651/2105
s 1
f 880/1642/2091 877/1644/2093 890/1661/2100
s 0
f 885/1658/2106 882/1657/2106 889/1653/2106
f 882/1659/2107 888/1649/2107 889/1651/2107
s 1
f 891/1662/2108 703/1614/2109 892/1663/2110
f 881/1664/2111 703/1665/2112 704/1666/2113
f 892/1667/2110 703/1668/2109 881/1669/2114
s 0
f 895/1670/2115 894/1671/2115 705/1672/2115
s 1
f 881/1664/2111 704/1666/2113 896/1673/2116
f 896/1673/2117 704/1666/2117 892/1674/2117
f 892/1667/2110 881/1669/2114 905/1675/2118
f 703/1614/2056 891/1662/2119 874/1607/2050
s 0
f 891/1676/2120 892/1677/2120 704/1678/2120
f 704/1679/2121 703/1680/2121 889/1653/2121
f 703/1680/2122 885/1658/2122 889/1653/2122
s 1
f 877/1596/1964 883/1598/2039 890/1681/2123
f 698/1032/2124 913/1031/2125 700/1022/2126
f 901/1682/2127 900/1683/2128 902/1684/2129
f 900/1683/2130 698/1028/2131 902/1684/2132
f 901/1682/2127 902/1684/2129 899/1685/2133
s 0
f 899/1685/2134 698/1686/2134 901/1682/2134
s 1
f 903/1687/2135 904/1688/2136 905/1689/2137
f 904/1690/2136 906/1691/2138 905/1675/2137
f 896/1673/2139 897/1692/2140 907/1693/2141
f 896/1673/2142 892/1674/2143 897/1692/2144
f 892/1667/2110 905/1675/2118 897/1694/2145
f 881/1669/2069 705/1695/2064 905/1675/2146
f 908/1696/2147 894/1697/2148 909/1698/2149
f 894/1697/2148 893/1699/2150 909/1698/2149
f 909/1700/2151 895/1701/2152 874/1702/2050
f 874/1702/2050 891/1703/2119 909/1700/2151
f 891/1703/2153 897/1694/2145 909/1700/2154
f 897/1694/2145 905/1675/2118 909/1700/2154
f 704/1679/2155 889/1653/2101 890/1652/2100
s 0
f 874/1604/2156 895/1704/2156 883/1638/2156
f 883/1598/2157 700/1705/2157 910/1706/2157
s 1
f 698/1028/1383 898/1030/1385 902/1684/2158
f 702/1707/2159 899/1685/2133 902/1684/2129
s 0
f 698/1686/2160 899/1685/2160 694/999/2160
s 1
f 899/1685/2133 702/1707/2159 694/999/2161
s 0
f 702/1708/2162 698/1709/2162 911/1710/2162
f 911/1710/2163 698/1709/2163 912/1711/2163
f 912/998/2164 698/1686/2164 694/999/2164
s 1
f 702/1712/2165 911/1713/2166 694/1004/1366
f 695/1003/2167 694/1004/2168 911/1713/2169
s 0
f 695/1714/2170 913/1715/2170 912/1716/2170
f 912/1716/2171 913/1715/2171 911/1717/2171
s 1
f 695/1718/2172 911/1717/2172 916/1719/2172
s 0
f 916/1719/2173 911/1717/2173 913/1715/2173
f 700/1720/2174 913/1715/2174 695/1714/2174
s 1
f 702/1033/2175 902/1721/2176 916/1722/2177
f 902/1027/2176 705/1026/2178 916/1618/2177
s 0
f 882/1723/2179 881/1664/2179 896/1673/2179
s 1
f 906/1691/2180 903/1724/2181 907/1693/2141
s 0
f 907/1725/2182 903/1687/2182 905/1689/2182
f 896/1726/2183 905/1689/2183 908/1727/2183
s 1
f 905/1689/2184 705/1728/2185 908/1727/2186
f 705/1729/2185 894/1697/2187 908/1696/2186
s 0
f 908/1696/2188 909/1698/2188 904/1730/2188
s 1
f 893/1699/2189 895/1731/2152 909/1698/2151
s 0
f 909/1700/2190 905/1675/2190 906/1691/2190
s 1
f 907/1693/2141 897/1692/2140 906/1691/2180
s 0
f 891/1676/2191 704/1678/2191 890/1732/2191
f 895/1670/2192 705/1672/2192 883/1733/2192
f 883/1598/2193 705/1734/2193 700/1705/2193
s 1
f 701/1021/2194 698/1032/2124 700/1022/2126
s 0
f 695/1735/2195 916/1736/2195 700/1737/2195
f 907/1725/2196 905/1689/2196 896/1726/2196
f 908/1738/2197 904/1688/2197 903/1687/2197
s 1
f 903/1724/2181 906/1691/2180 914/1739/2198
f 906/1691/2180 904/1690/2199 914/1739/2198
f 914/1740/2198 904/1741/2199 909/1742/2200
f 897/1692/2144 891/1743/2201 906/1691/2180
s 0
f 906/1744/2202 891/1676/2202 890/1732/2202
f 913/1031/2203 702/1033/2203 916/1722/2203
s 1
f 882/1745/2204 896/1726/2205 903/1746/2206
f 896/1726/2205 908/1727/2207 903/1746/2206
f 915/1747/2208 894/1748/2209 914/1749/2198
f 914/1740/2198 909/1742/2210 915/1750/2208
s 0
f 909/1742/2211 906/1744/2211 890/1732/2211
f 916/1751/2212 882/1745/2212 903/1746/2212
s 1
f 903/1746/2181 914/1749/2198 894/1748/2209
f 909/1742/2213 890/1732/2214 915/1750/2215
s 0
f 916/1751/2216 903/1746/2216 894/1748/2216
s 1
f 894/1697/2209 915/1750/2208 893/1699/2217
f 893/1699/2189 915/1750/2215 890/1732/2214
s 0
f 883/1598/2218 910/1706/2218 890/1681/2218
s 1
f 895/1731/2152 893/1699/2189 890/1732/2214
s 0
f 910/1706/2219 700/1705/2219 890/1681/2219
f 894/1671/2220 895/1670/2220 890/1752/2220
f 916/1753/2221 894/1671/2221 890/1752/2221
f 918/1174/2222 890/1754/2222 700/1755/2222
f 919/1756/2223 916/1753/2223 890/1752/2223
f 918/1174/2224 917/1049/2224 890/1754/2224
s 1
f 723/1142/1481 755/1141/1504 759/1181/2225
f 755/1178/2226 724/1127/2227 750/1757/2228
s 0
f 758/1154/2229 768/1758/2229 750/1125/2229
s 1
f 750/1759/2230 917/1760/2231 921/1761/2232
s 0
f 919/1762/2233 918/1763/2233 700/1737/2233
f 700/1737/2234 916/1736/2234 919/1762/2234
s 1
f 723/1142/1481 759/1181/2225 756/1764/2235
f 756/1765/2236 750/1183/1548 757/1182/1549
s 0
f 919/1766/2237 757/1767/2237 755/1768/2237
f 757/1182/2238 759/1181/2238 755/1141/2238
s 1
f 768/1187/2239 717/1136/1522 919/1769/1524
s 0
f 919/1770/2240 890/1754/2240 917/1049/2240
s 1
f 917/1760/2241 750/1759/2241 920/1771/2241
f 750/1183/1548 756/1765/2236 920/1772/2242
s 0
f 756/1144/2243 715/1146/2243 920/1773/2243
s 1
f 920/1773/2244 715/1146/1541 723/1177/1543
s 0
f 757/1767/2245 919/1766/2245 756/1774/2245
s 1
f 755/1775/2226 750/1776/2228 919/1777/2246
f 750/1776/2247 768/1778/2248 919/1777/2249
f 760/1507/1931 841/1234/2250 919/1779/2251
s 0
f 919/1766/2252 917/1760/2252 920/1771/2252
f 920/1771/2253 723/1780/2253 919/1766/2253
f 723/1780/2254 756/1774/2254 919/1766/2254
f 917/1176/2255 715/1146/2255 921/1781/2255
s 1
f 921/1233/1605 919/1779/2256 841/1234/1606
f 715/1175/2257 918/1174/2258 923/1782/2259
f 923/1783/2259 918/1763/2258 922/1784/2260
f 918/1763/2261 919/1762/2262 922/1784/2263
s 0
f 921/1785/2264 715/1175/2264 923/1782/2264
s 1
f 919/1779/2256 921/1233/2265 923/1786/2266
s 0
f 924/1787/2267 923/1788/2267 928/1789/2267
s 1
f 919/1762/2268 693/1790/2269 922/1784/2263
f 923/1783/2259 922/1784/2260 925/1791/2270
s 0
f 926/1792/2271 922/1784/2271 693/1790/2271
f 925/1791/2272 922/1784/2272 926/1792/2272
f 693/1793/2273 923/1783/2273 927/1794/2273
f 923/1783/2274 925/1791/2274 927/1794/2274
f 926/1792/2275 693/1790/2275 927/1795/2275
s 1
f 927/1796/2276 925/1797/2277 928/1798/2278
s 0
f 927/1796/2279 928/1798/2279 926/1799/2279
f 926/1799/2280 928/1798/2280 696/1800/2280
f 928/1798/2281 929/1801/2281 924/1802/2281
f 928/1789/2282 923/1788/2282 693/1803/2282
s 1
f 928/1798/2283 925/1797/2284 929/1801/2285
f 925/1804/2286 926/1799/2287 929/1805/2288
s 0
f 928/1789/2289 693/1803/2289 696/1806/2289
f 919/1779/2290 923/1786/2290 692/1807/2290
s 1
f 929/1805/2288 926/1799/2287 696/1800/2291
s 0
f 696/1806/2292 693/1803/2292 694/1808/2292
f 696/1806/2293 694/1808/2293 919/1809/2293
f 923/1810/2294 924/1811/2294 699/1812/2294
f 696/1806/2295 919/1809/2295 692/1813/2295
f 699/1814/2296 924/1010/2296 696/1008/2296
s 1
f 692/1815/2297 923/1810/2298 933/952/2299
s 0
f 930/967/2300 923/1810/2300 699/1812/2300
s 1
f 933/952/2299 923/1810/2298 930/967/2301
s 0
f 932/1014/2302 930/1816/2302 699/1015/2302
f 611/824/2303 1011/1817/2303 672/863/2303
s 1
f 937/1818/1330 670/985/1329 688/984/1345
f 617/834/1306 945/968/1308 690/988/2304
s 0
f 933/1819/2305 691/991/2305 692/994/2305
f 955/1820/2306 520/853/2306 934/970/2306
s 1
f 684/971/2307 947/677/2308 963/676/2309
s 0
f 689/1821/2310 663/936/2310 683/694/2310
f 683/694/2311 671/950/2311 689/1821/2311
f 699/1016/2312 696/1822/2312 946/1017/2312
f 696/1822/2313 691/1823/2313 946/1017/2313
s 1
f 680/862/1126 520/853/1104 933/952/1283
s 0
f 1007/1824/2314 684/971/2314 956/1825/2314
s 1
f 935/1826/2315 965/1827/2316 936/1828/2317
s 0
f 688/972/2318 673/920/2318 938/973/2318
f 661/921/2319 937/978/2319 935/943/2319
s 1
f 674/692/890 935/693/892 938/973/2320
s 0
f 939/678/2321 937/1818/2321 938/1829/2321
f 937/1818/2322 688/984/2322 938/1829/2322
s 1
f 938/1829/2323 510/679/879 939/678/878
s 0
f 935/943/2324 937/978/2324 939/1830/2324
f 942/681/2325 510/679/2325 938/1829/2325
s 1
f 943/1831/2326 939/1832/2327 509/1833/2328
f 509/1834/2328 939/678/2327 511/680/2329
s 0
f 942/681/2330 938/1829/2330 941/1835/2330
f 938/1836/2331 935/943/2331 941/1837/2331
s 1
f 511/680/2332 942/681/2333 948/1838/2334
s 0
f 940/1839/2335 942/1840/2335 941/1841/2335
f 941/1837/2336 935/943/2336 939/1830/2336
s 1
f 666/949/1289 663/936/1291 689/1821/2337
f 930/967/2338 932/1842/2339 945/968/2340
f 514/684/884 513/683/883 512/686/2341
f 513/683/2342 932/682/2343 977/685/2344
f 930/967/2301 668/951/2345 933/952/2299
s 0
f 934/970/2346 684/971/2346 1007/1824/2346
f 950/671/2347 935/1826/2347 953/1843/2347
s 1
f 948/1838/2348 942/681/2349 949/1844/2350
f 942/1840/2351 936/1845/2352 949/1846/2353
s 0
f 942/1840/2354 940/1839/2354 936/1845/2354
s 1
f 590/830/1068 617/834/1074 467/987/2355
s 0
f 955/1820/2356 934/970/2356 1007/1824/2356
s 1
f 962/1847/2357 684/971/2307 963/676/2309
f 1019/1848/2358 625/1849/921 669/1850/1270
f 509/1834/2359 511/680/2332 948/1838/2334
s 0
f 936/1845/2360 940/1839/2360 941/1841/2360
f 965/1851/2361 935/693/2361 967/1852/2361
f 967/1852/2362 935/693/2362 689/691/2362
s 1
f 514/684/2363 945/1853/2364 932/682/2365
f 932/1014/2343 946/1017/2366 977/1854/2344
s 0
f 935/1826/2367 943/1855/2367 953/1843/2367
f 943/1831/2368 936/1856/2368 939/1832/2368
f 941/1841/2369 939/1857/2369 936/1845/2369
s 1
f 944/1858/1268 616/839/1078 1109/1859/2370
s 0
f 902/1860/2371 898/1861/2371 975/1862/2371
f 946/1863/2372 691/1864/2372 933/1865/2372
s 1
f 943/1855/2373 935/1826/2315 936/1828/2317
f 944/941/2374 957/1866/2375 689/1821/2376
s 0
f 514/684/2377 902/1867/2377 1009/1868/2377
f 958/1869/2378 933/1870/2378 977/672/2378
f 977/672/2379 946/1871/2379 958/1869/2379
s 1
f 958/1869/1354 946/1871/2380 901/1872/1355
s 0
f 946/1863/2381 933/1865/2381 901/1873/2381
f 959/1874/2382 933/1865/2382 958/1875/2382
f 901/1873/2383 933/1865/2383 959/1874/2383
s 1
f 959/1874/2384 958/1875/1352 698/1876/1351
f 959/1874/2385 698/1876/2131 900/1877/2130
s 0
f 959/1878/2386 900/1879/2386 975/1880/2386
f 975/1880/2387 900/1879/2387 960/1881/2387
f 900/1879/2388 901/1873/2388 960/1881/2388
f 901/1873/2389 959/1874/2389 960/1881/2389
s 1
f 898/1034/2390 960/1882/2391 959/1883/2392
f 898/1034/2393 507/1884/2394 960/1882/2395
f 898/1034/2396 514/684/2397 512/686/2398
f 933/952/2399 520/853/2400 955/1820/2401
s 0
f 955/1820/2402 954/1885/2402 961/1886/2402
s 1
f 966/668/2403 965/1887/2403 967/666/2403
s 0
f 898/1861/2404 959/1888/2404 975/1862/2404
f 954/1885/2405 1007/1824/2405 961/1886/2405
f 954/1885/2406 955/1820/2406 1007/1824/2406
s 1
f 956/1825/2407 1018/1889/2408 1007/1824/2409
f 505/1890/2410 508/675/1284 606/832/1072
f 669/1850/1270 950/1891/873 509/1892/2411
f 671/950/1304 944/941/2374 689/1821/2376
s 0
f 957/1893/2412 944/1858/2412 974/1894/2412
f 974/670/2413 950/671/2413 957/1895/2413
f 936/1845/2414 965/1896/2414 966/1897/2414
f 967/1852/2415 689/691/2415 969/1898/2415
f 957/1895/2416 950/671/2416 953/1843/2416
f 949/1846/2417 936/1845/2417 966/1897/2417
s 1
f 969/1898/2418 689/691/2376 968/1899/2419
f 968/1900/2419 689/1821/2376 957/1866/2375
s 0
f 957/1895/2420 953/1843/2420 968/1901/2420
f 969/1902/2421 504/667/2421 967/666/2421
s 1
f 682/688/2422 666/1903/1289 689/689/2337
f 515/687/2423 969/1904/2424 968/1905/2425
f 968/1906/2426 943/1907/2427 949/1846/2428
s 0
f 966/668/2429 504/667/2429 969/1902/2429
f 968/1906/2430 949/1846/2430 970/1908/2430
f 970/1908/2431 949/1846/2431 966/1897/2431
s 1
f 969/1902/2424 515/1909/2432 503/1910/2433
s 0
f 503/1911/2434 515/690/2434 687/981/2434
f 953/1843/2435 943/1855/2435 968/1901/2435
s 1
f 971/1912/2436 503/1910/2436 687/983/2436
f 682/688/2437 515/687/2423 968/1905/2425
s 0
f 969/1902/2438 503/1910/2438 971/1912/2438
s 1
f 966/668/2439 969/1902/2440 970/1913/2441
f 971/1912/2442 687/983/2443 973/982/2444
f 973/982/2445 682/688/2446 972/1914/2447
f 682/688/2448 968/1905/2449 972/1914/2447
f 1014/1915/2450 970/1913/2441 969/1902/2440
f 974/1916/2451 970/1913/2451 1014/1915/2451
s 0
f 1014/1915/2452 969/1902/2452 971/1912/2452
f 968/1905/2453 970/1917/2453 974/1918/2453
s 1
f 974/1894/2454 944/1858/2455 972/1919/2456
s 0
f 690/988/2457 945/968/2457 983/1920/2457
f 902/1860/2458 975/1862/2458 1009/1921/2458
f 960/673/2459 977/672/2459 976/1922/2459
f 975/1923/2460 960/673/2460 976/1922/2460
f 978/1924/2461 977/672/2461 507/674/2461
s 1
f 978/1924/2462 507/674/2463 976/1925/2464
s 0
f 507/1884/2465 975/1862/2465 976/1926/2465
f 933/1870/2466 976/1922/2466 977/672/2466
s 1
f 508/675/1284 505/1890/2410 506/1927/2467
f 971/1912/2442 973/982/2444 1014/1915/2468
s 0
f 968/1905/2469 974/1918/2469 972/1914/2469
s 1
f 972/1919/2470 944/1858/2455 1109/1859/2471
s 0
f 945/1853/2472 514/684/2472 1009/1868/2472
s 1
f 898/1034/2396 512/686/2398 507/1884/2473
f 508/675/2474 506/1927/2475 981/1928/2476
f 669/1850/1270 509/1892/2411 1019/1848/2358
f 949/669/2477 943/1831/2478 509/1833/2479
f 1014/1915/2468 973/982/2444 972/1914/2480
f 976/1922/2464 933/1870/2481 978/1929/2462
f 1011/1817/2482 606/832/1128 672/863/1130
s 0
f 986/1930/2483 985/1931/2483 991/1932/2483
f 986/1930/2484 991/1932/2484 988/1933/2484
f 993/1934/2485 985/1931/2485 987/1935/2485
f 991/1932/2486 985/1931/2486 993/1934/2486
s 1
f 987/1935/2487 986/1936/2488 988/1937/2489
f 989/1938/2490 990/1939/2491 992/1940/2492
s 0
f 990/1941/2493 989/1942/2493 991/1943/2493
f 992/1944/2494 990/1941/2494 991/1943/2494
f 991/1943/2495 989/1942/2495 988/1945/2495
s 1
f 994/1946/2496 992/1940/2497 488/1947/2498
f 994/1948/2496 488/654/2498 489/656/2499
f 987/1935/2487 988/1937/2489 993/1934/2500
f 995/1949/2501 989/1938/2502 992/1940/2503
s 0
f 993/1950/2504 992/1951/2504 991/1952/2504
f 988/1945/2505 989/1942/2505 1004/1953/2505
f 988/1954/2506 984/1955/2506 993/1950/2506
s 1
f 1120/1956/2507 996/1957/2508 994/1948/2509
f 1120/1956/2507 994/1948/2509 489/656/2510
f 488/1958/2511 992/1959/2512 987/1935/2513
f 987/1935/2513 992/1959/2512 1005/1960/2514
f 997/1961/2515 998/1962/2516 999/1963/2517
s 0
f 984/1964/2518 988/1945/2518 1004/1953/2518
s 1
f 995/1949/2519 992/1940/2497 1012/1965/2520
f 999/1963/2521 1001/1966/2522 1002/1967/2523
f 1121/1968/2524 1003/1969/2525 478/1970/2526
f 998/1962/2516 984/1955/2527 1000/1971/2528
s 0
f 989/1938/2529 995/1949/2529 1004/1972/2529
s 1
f 1006/1973/2530 478/1970/2526 1003/1969/2525
f 1012/1965/2520 992/1940/2497 994/1946/2496
f 1012/1965/2531 994/1946/2509 996/1974/2508
f 992/1951/2512 993/1950/2532 1005/1975/2514
f 1000/1971/2533 984/1955/2534 1004/1976/2535
f 1004/1972/2536 995/1949/2537 599/838/2538
s 0
f 983/1920/2539 945/968/2539 1009/1977/2539
f 507/1884/2540 1009/1921/2540 975/1862/2540
s 1
f 978/1978/2541 933/952/2399 955/1820/2401
f 956/1825/2542 684/971/2543 1018/1889/2544
f 684/971/2545 962/1847/2546 1018/1889/2544
f 505/1890/2547 1010/1979/2548 502/1980/2549
f 1011/1981/1285 625/1849/921 1019/1848/2358
f 950/671/873 949/669/871 509/1833/2411
f 1002/1967/2523 1001/1966/2522 1182/1982/2550
f 999/1963/2517 998/1962/2516 1000/1971/2528
f 995/1949/2537 616/839/1078 599/838/1076
s 0
f 507/1884/2551 512/686/2551 1009/1921/2551
f 1009/1921/2552 977/685/2552 978/1983/2552
s 1
f 963/676/876 508/675/875 979/1984/2553
f 981/1928/2554 506/1927/2555 1150/1985/2556
s 0
f 1150/1985/2557 506/1927/2557 505/1890/2557
s 1
f 505/1890/2410 606/832/1072 1010/1979/2558
f 996/1974/2508 1020/1986/2559 1012/1965/2531
f 993/1950/2532 984/1955/2560 1005/1975/2514
f 1121/1968/2524 478/1970/2526 1016/1987/2561
f 512/686/2562 977/685/886 1009/1921/2563
f 1009/1988/2564 978/1978/2565 955/1820/2401
s 0
f 979/1984/2566 981/1928/2566 473/1989/2566
s 1
f 1019/1990/2358 949/669/871 501/639/843
f 1013/1991/2567 494/1992/2568 1022/665/869
f 1022/665/869 494/1992/2568 498/661/867
s 0
f 1015/1993/2569 996/1957/2569 1120/1956/2569
s 1
f 1115/1994/2570 1002/1967/2523 1182/1982/2550
f 1001/1966/2571 1003/1969/2525 1121/1968/2524
s 0
f 467/987/2572 690/988/2572 983/1920/2572
s 1
f 475/1995/2573 983/1920/2574 491/1996/2575
f 983/1920/2574 1009/1977/2576 491/1996/2575
f 473/1989/2577 981/1928/2578 1150/1985/2579
f 1010/1979/2558 606/832/1072 1011/1817/2580
f 1021/1997/2581 996/1957/2582 1015/1993/2583
f 987/1935/2513 1005/1960/2514 476/1998/2584
f 984/1955/2585 998/1962/2516 997/1961/2515
s 0
f 1004/1976/2586 599/1999/2586 1017/2000/2586
s 1
f 1117/2001/2587 679/831/1334 1135/2002/2588
s 0
f 467/987/2589 983/1920/2589 475/1995/2589
s 1
f 1009/1988/2564 955/1820/2401 1024/2003/2590
f 1024/2003/2590 955/1820/2401 961/1886/2591
f 1019/2004/2358 509/1834/2411 948/1838/2592
f 1109/640/2593 501/639/843 974/670/872
f 477/2005/2594 484/650/2595 480/649/2596
s 0
f 1182/1982/2597 1001/1966/2597 1121/1968/2597
s 1
f 1000/1971/2533 1004/1976/2535 1017/2000/2598
f 599/829/1065 679/831/1334 1117/2001/2587
f 590/833/1073 467/2006/2599 597/820/1054
f 1026/2007/2600 962/1847/2357 963/676/2309
f 1124/2008/2601 502/1980/2549 1010/1979/2548
f 1010/1979/2558 1011/1817/2580 1025/2009/2602
s 0
f 1011/2010/2603 1029/2011/2603 1025/2012/2603
s 1
f 1109/1859/2471 1014/2013/2604 972/1919/2470
f 616/839/1078 995/1949/2537 1012/1965/2605
f 1020/1986/2606 996/1974/2582 1021/2014/2581
f 1141/2015/2607 1027/663/865 495/662/864
f 1181/2016/2608 481/643/2609 482/642/2610
f 1026/2007/2611 963/676/2612 1176/2017/2613
s 0
f 1031/2018/2614 1099/2019/2614 1033/2020/2614
f 1108/2021/2615 1031/2018/2615 1032/2022/2615
s 1
f 1094/2023/2616 1095/2024/2617 1087/2025/2618
s 0
f 1094/2023/2619 1044/2026/2619 1095/2024/2619
f 1046/2027/2620 1045/2028/2620 1035/2029/2620
s 1
f 1039/2030/2621 1037/2031/2622 1043/2032/2623
f 1047/2033/2624 1039/2034/2621 1043/2035/2623
f 1040/2036/2625 1037/2031/2626 1039/2030/2627
f 1038/2037/2628 1040/2036/2629 1042/2038/2630
f 1039/2030/2627 1042/2038/2631 1040/2036/2625
f 1040/2036/2632 1038/2037/2633 1041/2039/2634
f 1044/2026/2635 1034/2040/2636 1095/2024/2637
f 1046/2027/2638 1035/2029/2638 1036/2041/2638
s 0
f 1045/2028/2639 1038/2037/2639 1035/2029/2639
s 1
f 1041/2039/2634 1038/2037/2633 1045/2028/2640
s 0
f 1045/2028/2641 1034/2042/2641 1104/2043/2641
s 1
f 1034/2040/2636 1044/2026/2635 1104/2044/2642
s 0
f 1044/2026/2643 1094/2023/2643 1096/2045/2643
s 1
f 1095/2024/2617 1090/2046/2644 1087/2025/2618
s 0
f 1035/2029/2645 1092/2047/2645 1036/2041/2645
f 1042/2038/2646 1039/2030/2646 1092/2047/2646
f 1080/2048/2647 1054/2049/2647 1055/2050/2647
s 1
f 1053/2051/2648 1055/2050/2649 1054/2049/2650
s 0
f 1056/2052/2651 1055/2050/2651 1053/2051/2651
f 1051/2053/2652 1055/2050/2652 1056/2052/2652
s 1
f 1074/2054/2653 1052/2055/2654 1054/2049/2655
f 1076/2056/2656 1055/2050/2657 1051/2053/2658
s 0
f 1078/2057/2659 1075/2058/2659 1056/2052/2659
s 1
f 1053/2051/2648 1054/2049/2650 1052/2055/2654
f 1057/2059/2660 1289/2060/2661 1077/2061/2662
f 1062/2062/2663 1058/2063/2664 1061/2064/2665
f 1059/2065/2666 1062/2062/2666 1060/2066/2666
s 0
f 1077/2067/2667 1289/2068/2667 1061/2064/2667
s 1
f 1067/2069/2668 1064/2070/2669 1065/2071/2670
f 1066/2072/2671 1068/2073/2672 1073/2074/2673
s 0
f 1066/2072/2674 1067/2069/2674 1069/2075/2674
s 1
f 1063/2076/2675 1065/2071/2670 1064/2070/2669
f 1067/2077/2676 1066/2078/2671 1073/2079/2677
s 0
f 1068/2073/2678 1066/2072/2678 1069/2075/2678
f 1069/2075/2679 1067/2069/2679 1065/2071/2679
s 1
f 1058/2063/2680 1062/2062/2681 1059/2065/2682
f 1065/2071/2683 1060/2080/2684 1062/2081/2685
f 1057/2059/2686 1074/2054/2687 1289/2060/2688
f 1289/2060/2688 1074/2054/2687 1290/2082/2689
f 1058/2063/2664 1077/2067/2690 1061/2064/2665
s 0
f 1063/2076/2691 1060/2080/2691 1065/2071/2691
s 1
f 1274/2083/2692 1064/2084/2693 1073/2079/2694
f 1064/2084/2693 1067/2077/2676 1073/2079/2677
s 0
f 1073/2074/2695 1068/2073/2695 1069/2075/2695
f 342/2085/2696 1060/2086/2696 1063/2087/2696
s 1
f 1058/2063/2680 1059/2065/2682 1071/2088/2697
s 0
f 1080/2048/2698 1290/2082/2698 1074/2054/2698
s 1
f 1080/2048/2699 1055/2050/2700 1076/2056/2701
s 0
f 1051/2053/2702 1056/2052/2702 1075/2058/2702
s 1
f 1079/2089/2703 1059/2065/2704 1080/2090/2705
s 0
f 1074/2054/2706 1054/2049/2706 1080/2048/2706
f 1078/2057/2707 1056/2052/2707 1083/2091/2707
f 1076/2092/2708 1051/2093/2708 1082/2094/2708
s 1
f 1056/2052/2709 1053/2051/2710 1083/2091/2711
f 1053/2051/2712 1052/2055/2713 1083/2091/2711
f 1048/2095/2714 1074/2096/2687 1057/2097/2686
s 0
f 1071/2088/2715 1059/2065/2715 1079/2089/2715
s 1
f 1076/2098/2716 1050/2099/2717 1080/2100/2718
s 0
f 1048/2095/2719 1052/2101/2719 1074/2096/2719
s 1
f 1084/2102/2720 1083/2091/2711 1052/2055/2713
s 0
f 1050/2099/2721 1049/2103/2721 1080/2100/2721
s 1
f 1050/2099/2722 1078/2057/2723 1049/2103/2724
f 1085/2104/2725 1057/2059/2726 1077/2061/2662
s 0
f 1078/2057/2727 1083/2091/2727 1049/2103/2727
f 1084/2105/2728 1052/2101/2728 1086/2106/2728
f 1048/2095/2729 1057/2097/2729 1085/2107/2729
f 1079/2089/2730 1080/2090/2730 1049/2108/2730
f 1049/2103/2731 1083/2091/2731 1084/2102/2731
f 1052/2101/2732 1048/2095/2732 1086/2106/2732
f 1058/2063/2733 1085/2109/2733 1077/2067/2733
f 1086/2110/2734 1048/2111/2734 1087/2025/2734
f 1048/2111/2735 1085/2112/2735 1089/2113/2735
f 1049/2108/2736 1084/2105/2736 1086/2106/2736
f 1085/2109/2737 1058/2063/2737 1088/2114/2737
s 1
f 1058/2063/2680 1071/2088/2738 1088/2114/2739
f 1087/2025/2740 1048/2111/2741 1089/2113/2742
f 1089/2115/2743 1085/2109/2743 1088/2114/2743
s 0
f 1079/2089/2744 1049/2108/2744 1086/2106/2744
f 1090/2046/2745 1086/2110/2745 1087/2025/2745
f 1079/2089/2746 1086/2106/2746 1105/2116/2746
s 1
f 1089/2117/2747 1088/2118/2748 1091/2119/2749
f 1088/2114/2750 1071/2088/2751 1105/2116/2752
s 0
f 1071/2088/2753 1079/2089/2753 1105/2116/2753
s 1
f 1038/2037/2628 1042/2038/2630 1092/2047/2754
s 0
f 1092/2120/2755 1039/2034/2755 1047/2033/2755
f 1044/2026/2756 1096/2045/2756 1104/2044/2756
f 1034/2042/2757 1045/2028/2757 1046/2027/2757
s 1
f 1145/2121/2758 1036/2122/2759 1146/2123/2760
f 1146/2123/2760 1036/2122/2759 1092/2124/2761
s 0
f 1035/2029/2762 1038/2037/2762 1092/2047/2762
s 1
f 1047/2033/2763 1043/2035/2764 1092/2120/2761
s 0
f 1034/2042/2765 1046/2027/2765 1125/2125/2765
f 1102/2126/2766 1103/2127/2766 1098/2128/2766
f 1102/2126/2767 1098/2128/2767 1099/2129/2767
f 1098/2130/2768 1103/2131/2768 1146/2123/2768
f 1100/2132/2769 1101/2133/2769 1102/2126/2769
s 1
f 468/2134/2770 1092/2135/2761 1043/2032/2764
f 1043/2032/2771 1037/2031/2772 1040/2036/2773
f 1087/2025/2740 1089/2113/2774 1106/2136/2775
f 1089/2117/2747 1091/2119/2749 1106/2137/2776
f 1091/2119/2777 1088/2118/2750 1105/2138/2752
s 0
f 1086/2110/2778 1090/2046/2778 1105/2138/2778
f 1102/2126/2779 1101/2133/2779 1103/2127/2779
f 1101/2133/2780 1100/2132/2780 1107/2139/2780
f 1140/2140/2781 1100/2132/2781 1102/2126/2781
f 1031/2018/2782 1033/2020/2782 1032/2022/2782
s 1
f 1119/2141/2783 616/839/1078 1012/1965/2605
f 1015/1993/2784 1013/1991/2785 1022/665/2786
s 0
f 1005/1975/2787 984/1955/2787 476/2142/2787
s 1
f 1006/1973/2788 1187/2143/2789 478/1970/2790
f 1001/1966/2522 999/1963/2521 1116/2144/2791
f 1007/1824/2409 1018/1889/2408 469/2145/2792
f 949/1844/871 1019/2004/2358 948/1838/2592
f 1041/2039/2634 1045/2028/2640 1093/2146/2793
s 0
f 1104/2044/2794 1096/2045/2794 1112/2147/2794
s 1
f 1099/2019/2795 1098/2130/2796 1033/2020/2797
f 1021/1997/2798 1015/1993/2784 1022/665/2786
f 1212/2148/2799 495/662/2800 497/660/2801
f 496/2149/860 498/2150/862 1345/2151/2802
f 1148/2152/2803 479/645/2804 481/647/2805
s 0
f 483/644/2806 484/641/2806 485/657/2806
f 1127/2153/2807 472/2154/2807 484/641/2807
s 1
f 480/649/2596 488/653/2808 477/2005/2594
s 0
f 986/1930/2809 488/1958/2809 985/1931/2809
f 488/1958/2810 987/1935/2810 985/1931/2810
s 1
f 1116/2144/2791 999/1963/2811 1000/1971/2812
s 0
f 469/2145/2813 1009/1988/2813 1024/2003/2813
s 1
f 961/1886/2814 1007/1824/2409 469/2145/2792
s 0
f 979/1984/2815 508/675/2815 981/1928/2815
f 1150/1985/2816 505/1890/2816 502/1980/2816
s 1
f 1025/2012/2817 1029/2011/2818 1118/2155/2819
f 1043/2032/2771 1040/2036/2773 468/2134/2820
f 468/2134/2821 1040/2036/2822 1041/2039/2823
f 1145/2121/2824 1146/2123/2825 1103/2131/2826
f 1103/2127/2827 1101/2133/2828 1131/2156/2829
f 1012/1965/2605 1020/1986/2830 1119/2141/2783
s 0
f 1119/2141/2831 1020/1986/2831 1021/2014/2831
s 1
f 1027/663/865 1113/2157/2832 493/664/866
f 498/2150/2833 494/2158/2834 1028/2159/2835
f 482/642/857 485/657/2836 487/2160/2837
s 0
f 984/1955/2838 997/1961/2838 476/2142/2838
s 1
f 1165/2161/2839 997/1961/2840 999/1963/2841
f 1017/2000/2842 599/1999/2843 1116/2144/2844
f 469/2145/2792 1024/2003/2845 961/1886/2814
f 1176/2017/2613 963/676/2612 979/1984/2846
s 0
f 1093/2146/2847 1045/2028/2847 1104/2043/2847
f 1095/2024/2848 1034/2040/2848 1130/2162/2848
f 1132/2163/2849 1100/2132/2849 1140/2140/2849
s 1
f 1108/2021/2850 1179/2164/2851 1031/2018/2852
f 468/2165/2770 1109/2166/2853 1092/2124/2761
f 974/670/2854 1014/2167/2604 1109/640/2471
f 1141/2015/2855 495/662/2800 1212/2148/2799
f 1148/2152/2803 481/647/2856 293/2168/2857
f 471/2169/2858 484/650/2595 477/2005/2594
s 0
f 1142/2170/2859 488/1958/2859 986/1930/2859
s 1
f 1006/1973/2860 1003/1969/2861 1134/2171/2862
f 1003/1969/2861 1001/1966/2863 1116/2144/2864
s 0
f 1135/2002/2865 679/831/2865 1577/2172/2865
s 1
f 1122/2173/2866 491/1996/2575 1009/1977/2576
f 1019/1990/2358 501/639/843 468/638/842
f 1094/2023/2867 1139/2174/2868 1096/2045/2869
s 0
f 1090/2046/2870 1095/2024/2870 1130/2162/2870
f 1130/2162/2871 1034/2040/2871 1125/2175/2871
f 1125/2125/2872 1046/2027/2872 1036/2041/2872
s 1
f 1099/2019/2873 1031/2018/2873 1179/2164/2873
f 616/839/1078 1119/2141/2783 1226/2176/2874
f 1028/2159/2875 494/2158/2876 1013/2177/2877
f 293/2178/2878 481/643/2609 1181/2016/2608
s 0
f 485/657/2879 484/641/2879 472/2154/2879
s 1
f 999/1963/2841 1002/1967/2880 1165/2161/2839
f 1002/1967/2881 1114/2179/2882 1165/2161/2883
s 0
f 1017/2000/2884 1116/2144/2884 1000/1971/2884
s 1
f 474/2180/2885 470/2181/2886 464/2182/2887
f 464/2182/2887 470/2181/2886 1189/2183/838
s 0
f 1018/1889/2888 962/1847/2888 1168/2184/2888
s 1
f 962/1847/2357 1026/2007/2600 1168/2184/2889
s 0
f 1010/1979/2890 1025/2009/2890 1124/2008/2890
s 1
f 468/1320/1703 808/1304/1702 806/2185/2891
f 806/2185/2892 1019/2186/2358 468/1320/842
s 0
f 1104/2044/2893 1112/2147/2893 1152/2187/2893
s 1
f 1125/2125/2894 1036/2041/2759 1145/2188/2758
s 0
f 1178/2189/2895 1101/2133/2895 1107/2139/2895
f 1107/2139/2896 1100/2132/2896 345/2190/2896
f 345/2190/2897 1100/2132/2897 1132/2163/2897
f 1140/2140/2898 1133/2191/2898 1132/2163/2898
s 1
f 1092/2124/2761 1109/2166/2853 1146/2123/2760
f 1021/2014/2798 1022/2192/2899 1119/2141/2900
f 1022/665/869 493/664/866 1113/2157/2832
f 477/2005/2594 488/653/2808 1142/2193/2901
s 0
f 1122/2194/2902 1009/1988/2902 469/2145/2902
s 1
f 1025/2012/2817 1118/2155/2819 1222/2195/2903
s 0
f 1144/2196/2904 1138/2197/2904 785/2198/2904
s 1
f 784/1356/2905 797/1355/2905 786/2199/2905
f 798/1276/1657 1138/1419/2906 797/1279/1658
s 0
f 812/2200/2907 791/1353/2907 821/1350/2907
s 1
f 468/2134/2821 1041/2039/2823 1129/2201/2908
s 0
f 1139/2174/2909 1094/2023/2909 1106/2136/2909
f 1094/2023/2910 1087/2025/2910 1106/2136/2910
s 1
f 1178/2189/2911 1131/2156/2829 1101/2133/2828
f 1102/2126/2912 1099/2129/2913 1140/2140/2914
s 0
f 1146/2123/2915 1032/2022/2915 1033/2020/2915
s 1
f 1127/2202/2916 484/650/2917 471/2169/2918
s 0
f 471/2169/2919 477/2005/2919 1142/2193/2919
f 986/1936/2920 987/1935/2920 1142/2203/2920
f 475/2204/2921 474/2180/2921 1167/2205/2921
f 469/2145/2922 1018/1889/2922 1168/2184/2922
s 1
f 1150/1985/2923 502/1980/2924 1124/2008/2925
s 0
f 1177/2206/2926 1029/2011/2926 1170/2207/2926
f 806/2185/2927 808/1304/2927 1195/2208/2927
f 1195/2209/2928 808/634/2928 466/636/2928
f 1169/1373/2929 821/1369/2929 1138/2210/2929
f 785/1427/2930 784/1356/2930 786/2199/2930
s 1
f 1138/2211/2931 821/1350/2932 1151/1352/2933
f 1041/2039/2823 1093/2146/2934 1129/2201/2908
f 1112/2147/2935 1096/2045/2869 1139/2174/2868
s 0
f 1105/2138/2936 1090/2046/2936 1130/2162/2936
f 1178/2189/2937 1107/2139/2937 453/2212/2937
f 1162/2213/2938 1157/2214/2938 1159/2215/2938
f 1161/2216/2939 1157/2214/2939 1158/2217/2939
f 1158/2217/2940 1157/2214/2940 1162/2213/2940
s 1
f 1155/2218/2941 1159/2215/2942 459/2219/2943
s 0
f 1156/2220/2944 1160/2221/2944 1158/2217/2944
f 1156/2220/2945 1154/2222/2945 1160/2221/2945
f 1162/2213/2946 1159/2215/2946 1155/2218/2946
s 1
f 1164/2223/2947 1159/2215/2948 1161/2216/2949
f 1159/2215/2950 1157/2214/2951 1161/2216/2949
f 1161/2216/2952 1158/2217/2953 1160/2221/2954
s 0
f 1154/2222/2955 1163/2224/2955 1160/2221/2955
s 1
f 1171/2225/2956 1155/2218/2941 459/2219/2943
f 1153/2226/2957 472/2154/2958 1329/2227/2959
f 1128/2228/2960 1114/2179/2961 1002/1967/2962
f 1187/2143/2789 1006/1973/2788 1134/2171/2963
f 464/2182/2887 1189/2183/838 1167/2205/834
f 979/1984/2846 473/1989/2964 1176/2017/2613
f 1124/2229/2965 331/2230/2966 1150/2231/2967
s 0
f 1118/2155/2968 1029/2011/2968 1177/2206/2968
s 1
f 462/2232/2969 1029/2011/2970 1011/2010/2971
s 0
f 808/1318/2972 812/1312/2972 1169/2233/2972
s 1
f 786/2234/2973 797/1279/1658 1138/1419/2974
f 1099/2129/2913 1126/2235/2975 1140/2140/2914
f 1033/2020/2797 1098/2130/2796 1146/2123/2976
f 496/659/2977 1213/2236/2978 497/660/2979
f 496/659/2977 1375/2237/2980 1213/2236/2978
s 0
f 486/2238/2981 1452/2239/2981 489/2240/2981
s 1
f 486/2241/853 1148/2242/2982 1360/2243/2983
s 0
f 1155/2218/2984 1158/2217/2984 1162/2213/2984
s 1
f 1175/2244/2985 1174/2245/2986 471/2169/2987
f 1174/2245/2988 1173/2246/2989 1246/2247/2990
f 1175/2244/2985 471/2169/2987 1214/2248/2991
s 0
f 1173/2246/2992 1174/2245/2992 1175/2244/2992
s 1
f 1002/1967/2962 1115/1994/2993 1128/2228/2960
f 1321/625/2994 475/2249/2995 1167/624/2996
s 0
f 475/1995/2997 491/1996/2997 1122/2173/2997
f 1170/2207/2998 1029/2011/2998 462/2232/2998
f 1144/2196/2999 785/2198/2999 1170/2207/2999
s 1
f 1138/2211/2931 1151/1352/3000 786/2250/3001
s 0
f 1151/1347/3002 791/1346/3002 468/2251/3002
f 1091/2119/3003 1105/2138/3003 1130/2162/3003
s 1
f 1185/2252/3004 1125/2253/2894 1145/2254/2758
f 1145/2254/2824 1103/2255/2826 1185/2252/3005
s 0
f 1126/2256/3006 1099/2019/3006 1179/2164/3006
s 1
f 1226/2176/2874 1109/1859/2370 616/839/1078
f 1147/2257/3007 498/2150/2833 1028/2159/2835
s 0
f 486/2238/3008 1360/2258/3008 1452/2239/3008
s 1
f 479/645/852 1148/2152/2982 486/651/853
f 1181/2016/3009 482/642/3010 487/2160/3011
f 1155/2218/3012 1153/2226/3013 1158/2217/3014
f 1156/2220/3015 1158/2217/3014 1154/2222/3016
f 1246/2247/2990 1173/2246/2989 1205/2259/3017
f 476/2142/3018 997/1961/3019 1165/2161/2839
f 1114/2179/2882 1128/2228/3020 1165/2161/2883
f 478/1970/2790 461/2260/3021 1016/1987/3022
f 1003/1969/2861 1116/2144/2864 1134/2171/2862
f 474/2180/3023 475/2204/3024 1242/2261/3025
f 475/2204/3024 1122/2262/3026 1242/2261/3025
s 0
f 1122/2194/3027 469/2145/3027 1168/2184/3027
s 1
f 1124/2229/3028 1025/2012/3029 1208/2263/3030
f 1011/1981/1285 1019/1848/2358 1190/2264/3031
f 1192/2265/3032 806/2266/3033 466/636/3034
s 0
f 1103/2127/3035 1131/2156/3035 1184/2267/3035
f 453/2212/3036 1107/2139/3036 1224/2268/3036
s 1
f 1146/2123/3037 1109/2166/2370 1225/2269/3038
f 1113/2270/2832 1027/2271/865 1344/2272/3039
f 1344/2272/3039 1027/2271/865 1141/2273/2607
f 1160/2221/2954 458/2274/3040 1161/2216/2952
f 456/2275/3041 1163/2224/3042 1154/2222/3043
f 1154/2222/3016 1158/2217/3014 1153/2226/3013
f 1142/2203/3044 987/1935/2513 476/1998/2584
s 0
f 466/2276/3045 1196/2277/3045 462/2232/3045
s 1
f 1019/2186/2358 806/2185/2892 1190/2278/3031
f 462/2279/3046 1011/1981/3047 1190/2264/3048
s 0
f 466/636/3049 462/2280/3049 1192/2265/3049
s 1
f 462/2281/3050 1190/2282/3051 1191/2283/3052
f 1190/2282/3053 806/2284/3033 1192/2285/3032
f 1192/2286/3054 462/2281/3055 1191/2283/3056
f 1191/2283/3057 1190/2282/3051 460/2287/3058
f 1190/2282/3059 1192/2285/3060 1193/2288/3061
f 1193/2289/3062 1192/2286/3054 1191/2283/3056
f 1190/2282/3059 1193/2288/3061 460/2287/3063
f 460/2290/3063 1193/2291/3061 1194/2292/3064
f 1194/2292/3065 1193/2291/3066 466/636/3067
s 0
f 466/2293/3068 1193/2294/3068 1191/2295/3068
f 465/2296/3069 1169/2297/3069 1195/2208/3069
f 806/2185/3070 1195/2208/3070 1169/2297/3070
f 1138/2197/3071 1144/2196/3071 457/2298/3071
f 1144/2196/3072 1170/2207/3072 1218/2299/3072
f 1093/2300/3073 785/2301/3073 786/2302/3073
s 1
f 1209/631/3074 786/2303/3075 1151/2304/3076
f 1199/2305/3077 468/2306/3078 1223/2307/3079
s 0
f 1103/2255/3080 1184/2308/3080 1185/2252/3080
s 1
f 1185/2252/3081 1131/2309/3082 1178/2310/3083
f 1022/2192/869 1113/2311/2832 1119/2141/3084
f 1181/2016/3009 487/2160/3011 335/2312/3085
f 459/2219/2943 1159/2215/2942 1164/2223/3086
s 0
f 1160/2221/3087 1163/2224/3087 458/2274/3087
f 1174/2245/3088 1246/2247/3088 332/2313/3088
f 1214/2248/3089 471/2169/3089 1142/2193/3089
s 1
f 461/2260/3090 1134/2171/3091 1116/2144/2844
f 1116/2144/2844 599/1999/2843 334/2314/3092
s 0
f 463/633/3093 1189/632/3093 1207/2315/3093
s 1
f 1217/2316/3094 1122/2262/3095 1168/2317/3096
f 333/2318/3097 1150/2231/2967 331/2230/2966
f 1025/2012/3098 1222/2195/3099 1208/2263/3100
s 0
f 462/2232/3101 1196/2277/3101 1170/2207/3101
f 1191/2295/3102 460/2290/3102 1244/2319/3102
f 1195/2209/3103 466/636/3103 1197/2320/3103
f 466/636/3104 806/2266/3104 1197/2320/3104
s 1
f 806/2185/3105 1169/2297/3106 1197/2321/3107
f 1197/2322/3107 1169/2323/3106 457/629/3108
f 468/2306/3078 1129/2324/3109 1223/2307/3110
f 786/2303/3075 1209/631/3074 1201/630/3111
s 0
f 1151/1347/3112 468/2251/3112 1200/2325/3112
f 1209/631/3113 1151/2304/3113 1200/2326/3113
f 1200/2325/3114 468/2251/3114 1199/2327/3114
f 1169/2323/3115 1138/2328/3115 457/629/3115
s 1
f 1108/2021/3116 1032/2022/3117 1146/2123/3118
f 1013/2177/2877 1202/2329/3119 1028/2159/2875
f 1203/2330/3120 1202/2329/3121 1013/2177/2785
s 0
f 1572/2331/3122 1015/2332/3122 1120/2333/3122
s 1
f 1120/2333/2507 489/2240/2510 1572/2331/3123
f 1161/2216/3124 1221/2334/3124 1164/2223/3124
s 0
f 1221/2334/3125 1161/2216/3125 1228/2335/3125
s 1
f 1186/2336/3126 1163/2224/3042 456/2275/3041
f 1153/2226/2957 1329/2227/2959 1154/2222/3127
f 1329/2227/2022 472/2154/3128 1127/2153/3129
f 1206/2337/3130 1128/2338/3020 1115/2339/3131
f 1117/2001/3132 1135/2002/2588 1215/2340/3133
s 0
f 1207/2315/3134 1321/625/3134 463/633/3134
s 1
f 1189/2183/838 470/2181/2886 1241/2341/3135
s 0
f 1241/2341/3136 470/2181/3136 1242/2261/3136
s 1
f 470/2181/3137 474/2180/3023 1242/2261/3025
s 0
f 1244/2342/3138 1196/2277/3138 466/2276/3138
f 466/2293/3139 1191/2295/3139 1244/2319/3139
s 1
f 1194/2292/3065 466/636/3067 465/635/3140
f 1093/2146/3141 786/2343/3142 1129/2201/3143
s 0
f 1144/2196/3144 1218/2299/3144 1252/2344/3144
s 1
f 1170/2345/3145 785/2301/3146 1210/2346/3147
s 0
f 1152/2347/3148 785/2301/3148 1093/2300/3148
f 1220/2348/3149 1184/2349/3149 1131/2350/3149
f 1131/2309/3150 1185/2252/3150 1211/2351/3150
f 1211/2351/3151 1185/2252/3151 1184/2308/3151
f 1131/2350/3152 1211/2352/3152 1220/2348/3152
s 1
f 1146/2123/3037 1225/2269/3038 1108/2021/3153
f 1203/2330/3120 1013/2177/2785 1015/2332/2784
f 487/2160/3154 485/657/3155 472/2154/3156
f 1227/2353/3157 1171/2225/3158 450/2354/3159
f 1171/2225/3158 459/2219/3160 450/2354/3159
s 0
f 458/2274/3161 1163/2224/3161 1186/2336/3161
s 1
f 1165/2355/2883 1128/2338/3020 1206/2337/3130
f 1167/624/834 463/633/839 452/622/832
s 0
f 460/2290/3162 1194/2292/3162 1244/2319/3162
f 1197/2356/3163 1194/2292/3163 465/635/3163
f 1197/2322/3164 457/629/3164 1209/631/3164
s 1
f 1129/2357/3165 786/2303/3166 1201/630/3167
s 0
f 1144/2196/3168 1252/2344/3168 457/2298/3168
s 1
f 454/627/3169 1210/2346/3170 785/2301/3171
s 0
f 1093/2358/3172 1104/2044/3172 1152/2187/3172
f 1220/2348/3173 1132/2359/3173 1184/2349/3173
f 1184/2308/3174 1132/2360/3174 1211/2351/3174
f 1132/2163/3175 1133/2191/3175 1211/2361/3175
s 1
f 1179/2164/2851 1108/2021/2850 1225/2269/3176
f 1295/2362/3177 487/2160/3178 472/2154/3179
f 472/2154/3180 1153/2226/3180 1295/2362/3180
f 334/2314/3181 1182/1982/3182 1121/1968/3183
f 1121/1968/3183 1016/1987/3184 461/2260/3185
s 0
f 1577/2172/3186 679/831/3186 598/821/3186
s 1
f 475/2249/3187 1321/625/3188 467/2363/3189
f 474/2180/3190 464/2182/2887 1167/2205/3191
f 1207/2315/3192 1189/632/3193 1241/2364/3135
f 1124/2229/3028 1208/2263/3030 1243/2365/3194
s 0
f 1170/2207/3195 1196/2277/3195 1218/2299/3195
f 1196/2277/3196 1250/2366/3196 1218/2299/3196
f 1250/2366/3197 1196/2277/3197 1244/2342/3197
f 1197/2356/3198 465/635/3198 1195/2367/3198
f 1152/2187/3199 1112/2147/3199 1223/2307/3199
f 1112/2147/3200 1139/2174/3200 1223/2307/3200
f 1224/2268/3201 1107/2139/3201 345/2190/3201
s 1
f 1220/2368/3202 345/2190/3203 1132/2163/3204
s 0
f 1133/2191/3205 1140/2140/3205 1225/2369/3205
s 1
f 1212/2148/3206 497/660/2979 1213/2236/2978
s 0
f 1161/2216/3207 458/2274/3207 1228/2335/3207
f 1205/2259/3208 1173/2246/3208 1175/2244/3208
f 1175/2244/3209 1214/2248/3209 1205/2259/3209
s 1
f 461/2260/3021 478/1970/2790 1187/2143/2789
s 0
f 1230/2370/3210 1232/2371/3210 1235/2372/3210
f 1232/2371/3211 1231/2373/3211 1235/2372/3211
s 1
f 328/2374/3212 1231/2373/3213 1237/2375/3214
f 1240/2376/3215 1239/2377/3216 1229/2378/3217
s 0
f 1230/2370/3218 1235/2372/3218 1236/2379/3218
s 1
f 1237/2375/3219 1231/2373/3220 1271/404/3221
s 0
f 1235/2372/3222 1231/2373/3222 1331/2380/3222
s 1
f 1233/2381/3223 1331/2380/3224 1238/2382/3225
f 1331/2380/3224 1231/2373/3226 1238/2382/3225
f 1230/2370/3227 1236/2379/3228 1249/2383/3229
f 1271/404/3221 1231/2373/3220 1232/2371/3230
f 1231/2373/3231 328/2374/3232 1238/2382/3233
s 0
f 1232/2371/3234 1230/2370/3234 1271/404/3234
s 1
f 1230/2370/3227 1249/2383/3229 1322/2384/3235
f 1239/2377/3236 1240/2376/3237 1331/2380/3238
s 0
f 1122/2262/3239 1217/2316/3239 1242/2261/3239
f 1332/2385/3240 1118/2155/3240 1177/2206/3240
f 1209/2386/3241 1200/2387/3241 1197/2388/3241
s 1
f 1267/2389/3242 455/2390/3243 1139/2391/3244
s 0
f 1139/2174/3245 1106/2136/3245 1267/2392/3245
s 1
f 1185/2252/3081 1178/2310/3083 1268/2393/3246
f 1294/2394/3247 1109/1859/2370 1226/2176/2874
s 0
f 1344/2395/3248 1226/2176/3248 1119/2141/3248
s 1
f 1119/2141/3249 1113/2311/2832 1344/2395/3039
f 1155/2218/3012 1171/2225/3250 1227/2353/3251
f 1228/2396/3252 385/2397/3253 1221/2398/3254
s 0
f 339/2399/3255 381/2400/3255 380/2401/3255
f 384/2402/3256 380/2401/3256 1281/2403/3256
s 1
f 341/2404/3257 354/419/582 349/415/3258
f 355/2405/3259 349/415/3259 1245/2406/3259
f 1115/2339/2570 1182/2407/2550 1247/2408/3260
f 1167/624/3261 451/623/3262 1321/625/3263
s 0
f 1321/625/3264 1207/2315/3264 1229/2409/3264
f 1236/2379/3265 1235/2372/3265 1249/2383/3265
f 1233/2381/3266 1239/2377/3266 1331/2380/3266
s 1
f 1240/2376/3215 1229/2378/3217 289/2410/3267
f 1217/2316/3094 1168/2317/3096 344/2411/3268
f 331/2230/3269 1124/2229/3270 1243/2365/3271
f 1244/2319/3272 1194/2292/3273 1197/2356/3274
f 1223/2412/3275 1139/2413/3244 455/628/3243
f 1152/2187/3276 1223/2307/3110 1129/2324/3109
f 1200/2414/3277 1199/2415/3278 1201/630/3279
s 0
f 457/2416/3280 785/2301/3280 1152/2347/3280
f 1201/630/3281 457/629/3281 1254/2417/3281
f 1201/630/3282 1199/2415/3282 1223/2418/3282
s 1
f 454/627/3169 785/2301/3171 457/2416/3283
f 1200/2414/3277 1201/630/3279 1254/2417/3284
s 0
f 1152/2347/3285 1129/2419/3285 457/2416/3285
s 1
f 1253/2420/3286 1129/2357/3286 1201/630/3286
s 0
f 1201/630/3287 1223/2418/3287 1253/2420/3287
f 1223/2412/3288 455/628/3288 454/627/3288
s 1
f 1244/2421/3272 1197/2422/3274 1250/2423/3289
f 1254/2417/3290 1250/2423/3289 1197/2422/3274
f 1200/2414/3291 1254/2417/3290 1197/2422/3274
s 0
f 457/2416/3292 1129/2419/3292 1253/2424/3292
s 1
f 454/627/3293 1253/2425/3294 1223/2412/3295
f 1218/2299/3296 1250/2366/3296 1252/2344/3296
s 0
f 454/627/3297 457/2416/3297 1256/2426/3297
f 457/2416/3298 1252/2427/3298 1256/2426/3298
f 457/2416/3299 1253/2424/3299 1254/2428/3299
s 1
f 1253/2425/3294 454/627/3293 1254/2429/3290
f 1254/2429/3290 454/627/3293 1256/2426/3300
f 1250/2430/3289 1254/2429/3290 1256/2426/3300
s 0
f 1252/2431/3301 1257/2432/3301 1256/2433/3301
s 1
f 1250/2430/3289 1256/2426/3300 1258/2434/3302
f 1257/2432/3303 1252/2431/3304 1250/2430/3305
f 1257/2432/3303 1250/2430/3305 1258/2434/3306
s 0
f 1256/2435/3307 1257/2436/3307 1259/2437/3307
f 1257/2438/3308 1258/2439/3308 1260/2440/3308
f 1257/2441/3309 1263/2442/3309 1262/2443/3309
f 1261/2444/3310 1258/2439/3310 1256/2445/3310
f 1257/2441/3311 1262/2443/3311 1259/2446/3311
s 1
f 1259/2446/3312 1262/2443/3313 1258/2439/3314
f 1262/2443/3313 1260/2440/3315 1258/2439/3314
f 336/2447/3316 1325/2448/3317 346/2449/3318
f 1266/2450/3319 336/2451/3320 1264/2452/3321
f 336/409/565 1273/2453/3322 1264/2454/3323
s 0
f 346/2455/3324 1261/2444/3324 1256/2445/3324
s 1
f 1265/2456/3325 336/2451/3326 1266/2450/3327
f 1273/2453/3322 336/409/565 1847/2457/3328
f 1125/2175/3329 1091/2119/3330 1130/2162/3331
s 0
f 1269/2458/3332 453/2459/3332 1292/2460/3332
f 1225/2369/3333 1276/2461/3333 1133/2191/3333
s 1
f 1140/2140/3334 1126/2235/3335 1225/2369/3336
f 1126/2256/3335 1179/2164/3337 1225/2269/3336
f 496/2149/2977 1345/2151/3338 1375/2462/2980
s 0
f 449/619/3339 448/616/3339 383/462/3339
f 1523/2463/3340 384/2464/3340 1281/2465/3340
f 349/415/3341 1282/416/3341 1245/2406/3341
s 1
f 458/2274/3342 348/2466/3343 1228/2335/3344
f 1329/2227/3345 1127/2153/3129 1362/2467/3346
f 334/2314/3347 1121/1968/3183 461/2260/3185
f 1187/2143/2789 1134/2171/2963 461/2260/3021
f 599/1999/2843 1117/2468/3348 334/2314/3092
s 0
f 1321/625/3349 452/622/3349 463/633/3349
s 1
f 289/2469/3267 1229/2470/3217 1286/2471/3350
s 0
f 1168/2184/3351 1026/2007/3351 344/2472/3351
s 1
f 1176/2017/2613 473/1989/2964 1150/1985/3352
s 0
f 1222/2195/3353 1118/2155/3353 1332/2385/3353
s 1
f 1258/2439/3354 1261/2444/3355 1316/2473/3356
f 1261/2474/3355 346/2449/3357 1325/2448/3358
s 0
f 1062/2062/3359 1061/2064/3359 311/2475/3359
s 1
f 1290/2476/3360 342/2085/3361 1357/2477/3362
s 0
f 1064/2070/3363 1274/2478/3363 1063/2076/3363
f 1267/2479/3364 1106/2137/3364 1091/2119/3364
s 1
f 1091/2119/3365 1125/2175/3329 1267/2479/3366
s 0
f 1178/2310/3367 453/2480/3367 1268/2393/3367
s 1
f 1220/2348/3368 1211/2352/3369 1276/2481/3370
s 0
f 1211/2361/3371 1133/2191/3371 1276/2461/3371
s 1
f 1345/2151/2802 498/2150/862 1147/2257/3372
s 0
f 1572/2331/3373 489/2240/3373 1452/2239/3373
s 1
f 335/2312/3374 487/2160/3178 1295/2362/3177
f 1153/2226/3013 1155/2218/3012 1227/2353/3251
s 0
f 383/462/3375 381/460/3375 1404/2482/3375
s 1
f 1270/2483/3376 380/2401/3377 384/2402/3378
s 0
f 1280/2484/3379 1281/2403/3379 1278/2485/3379
s 1
f 1278/2485/3380 1279/2486/3381 1280/2484/3382
s 0
f 1279/2486/3383 1278/2485/3383 1281/2403/3383
f 1281/2465/3384 1280/2487/3384 1523/2463/3384
f 1279/2486/3385 1281/2403/3385 1320/2488/3385
s 1
f 385/2397/3253 341/2489/3386 383/461/3387
f 471/2169/3388 1174/2245/3389 292/2490/3390
s 0
f 1165/2161/3391 1376/2491/3391 476/2142/3391
s 1
f 1165/2355/3392 1206/2337/3392 1376/2492/3392
f 461/2260/3090 1116/2144/2844 334/2314/3092
s 0
f 1284/2493/3393 1338/2494/3393 1285/2495/3393
f 1272/2496/3394 344/2411/3394 1287/2497/3394
f 1288/2498/3395 454/627/3395 1421/626/3395
s 1
f 346/2499/566 1256/2435/3396 455/2500/3243
s 0
f 1422/2501/3397 1259/2502/3397 1316/2503/3397
f 1259/2446/3398 1258/2439/3398 1316/2473/3398
s 1
f 1316/2504/3356 1261/2474/3355 1325/2448/3358
f 1065/2071/2683 1062/2081/2685 311/2505/3399
f 1357/2477/3362 1082/2094/3400 1290/2476/3360
s 0
f 1051/2093/3401 1291/2506/3401 1082/2094/3401
f 1051/2053/3402 1075/2058/3402 1317/2507/3402
f 1075/2058/3403 1078/2057/3403 1317/2507/3403
f 342/2085/3404 1063/2087/3404 1357/2477/3404
s 1
f 1069/2075/3405 1275/2508/3405 1073/2074/3405
f 346/410/566 455/2390/3243 347/408/564
s 0
f 453/2459/3406 1269/2458/3406 1268/2509/3406
f 1269/2458/3407 1292/2460/3407 1341/2510/3407
f 1224/2268/3408 345/2190/3408 1293/2511/3408
s 1
f 345/2190/3409 1358/2512/3410 1293/2511/3411
f 1227/2353/3412 450/2354/3413 1318/2513/3414
f 339/2399/3415 380/2401/3377 1270/2483/3376
f 1302/2514/3416 1301/2515/3416 1303/2516/3416
f 1301/2515/3417 1300/2517/3417 1303/2516/3417
s 0
f 1302/2514/3418 1303/2516/3418 1304/2518/3418
f 1301/2515/3419 1302/2514/3419 1304/2518/3419
f 1303/2519/3420 1300/2520/3420 1305/2521/3420
f 1305/2521/3421 1300/2520/3421 1301/2522/3421
f 1303/2516/3422 1305/2523/3422 1304/2518/3422
f 1305/2524/3423 1301/2515/3423 1307/2525/3423
f 1307/2525/3424 1301/2515/3424 1304/2518/3424
s 1
f 1304/2518/3425 1305/2523/3426 1309/2526/3427
f 1309/2527/3427 1305/2524/3426 1307/2525/3428
s 0
f 1307/2525/3429 1304/2518/3429 1299/2528/3429
f 1307/2525/3430 1299/2528/3430 1298/2529/3430
s 1
f 1298/2529/3431 1299/2528/3432 1309/2526/3433
s 0
f 1299/2528/3434 1304/2518/3434 1309/2526/3434
s 1
f 1307/2525/3435 1298/2529/3436 1308/2530/3437
f 1307/2525/3438 1308/2530/3439 1309/2527/3440
f 1298/2529/3431 1309/2526/3441 1310/2531/3442
f 1308/2530/3437 1298/2529/3443 1311/2532/3444
f 1311/2532/3445 1298/2529/3446 1310/2531/3447
f 1310/2533/3448 1309/2527/3440 1308/2530/3439
s 0
f 1308/2530/3449 1311/2532/3449 1297/2534/3449
s 1
f 1308/2530/3439 1297/2534/3450 1310/2533/3448
f 1311/2532/3445 1310/2531/3447 1459/2535/3451
s 0
f 1310/2533/3452 1297/2534/3452 1459/2536/3452
s 1
f 1297/2534/3453 1311/2532/3454 1312/2537/3455
f 1312/2537/3455 1311/2532/3456 1459/2535/3457
f 1280/2484/3382 1279/2486/3381 1320/2488/3458
f 1247/2408/3459 338/2538/3460 1115/2339/3461
f 467/2539/3189 1321/2540/3188 1335/2541/3462
s 0
f 1322/2384/3463 1249/2383/3463 1556/2542/3463
s 1
f 1286/2471/3350 1285/2543/3464 1314/2544/3465
f 1219/2545/3466 1170/2207/3467 1315/2546/3468
s 0
f 1061/2064/3469 1289/2068/3469 311/2475/3469
s 1
f 1290/2476/3470 1080/2547/2705 1059/2548/2704
s 0
f 1275/2508/3471 1069/2075/3471 1065/2071/3471
s 1
f 1125/2253/2894 1185/2252/3004 1268/2393/3472
f 1221/2549/3254 449/619/3473 310/2550/3474
f 1221/2549/3254 385/618/3253 449/619/3473
s 0
f 1312/2537/3475 405/2551/3475 1297/2534/3475
f 1523/2463/3476 1280/2487/3476 1320/2552/3476
f 1320/2488/3477 1281/2403/3477 380/2401/3477
s 1
f 385/2397/3253 1228/2396/3252 341/2489/3386
f 1115/2339/3461 338/2538/3460 1376/2492/3478
s 0
f 1350/2553/3479 1182/1982/3479 334/2314/3479
f 1321/2540/3480 1229/2378/3480 1239/2377/3480
f 1556/2542/3481 1248/2554/3481 1323/2555/3481
s 1
f 1314/2544/3465 289/2469/3267 1286/2471/3350
f 1229/2409/3482 1207/2315/3482 1339/2556/3482
f 1339/2556/3483 1207/2315/3484 1241/2364/3485
s 0
f 1177/2206/3486 1170/2207/3486 1332/2385/3486
f 1263/2557/3487 1257/2438/3487 1260/2440/3487
f 1260/2440/3488 1262/2443/3488 1316/2503/3488
f 1262/2443/3489 1422/2501/3489 1316/2503/3489
f 1059/2548/3490 1060/2086/3490 1290/2476/3490
f 1060/2086/3491 342/2085/3491 1290/2476/3491
s 1
f 1274/2083/3492 1073/2079/3493 1275/2558/3494
f 1344/2272/3495 1141/2273/3496 1212/2559/3497
s 0
f 1015/2332/3498 1572/2331/3498 1203/2330/3498
f 310/2560/3499 1164/2223/3499 1221/2334/3499
f 449/619/3500 383/462/3500 1319/2561/3500
f 1459/2562/3501 389/472/3501 394/471/3501
s 1
f 444/596/3502 441/512/3502 442/507/3502
s 0
f 1320/2488/3503 380/2401/3503 1282/2563/3503
f 1347/2564/3504 354/2565/3504 1245/2566/3504
f 1245/2566/3505 1282/458/3505 1347/2564/3505
f 1282/458/3506 382/451/3506 1347/2564/3506
f 341/2489/3507 382/451/3507 383/461/3507
f 458/2274/3508 1186/2336/3508 1328/2567/3508
f 456/2275/3509 1154/2222/3509 1334/2568/3509
s 1
f 1334/2568/3510 1154/2222/3127 1329/2227/2959
f 1127/2202/2916 471/2169/2918 292/2490/3511
f 1206/2337/3512 1115/2339/3461 1376/2492/3478
f 1247/2408/3260 1182/2407/2550 1350/2569/3513
f 1283/2570/3514 328/2374/3212 1237/2375/3214
s 0
f 1237/2375/3515 1271/404/3515 1351/402/3515
f 1271/404/3516 1230/2370/3516 1322/2384/3516
s 1
f 1556/2542/3517 1249/2383/3517 1248/2554/3517
f 1249/2383/3518 1235/2372/3518 1331/2380/3518
f 1338/2494/3519 1284/2493/3520 1379/2571/3521
f 1241/2341/3522 1242/2261/3523 1217/2316/3524
f 1373/2572/3525 1176/2017/2613 1150/1985/3352
f 1315/2546/3468 1170/2207/3467 1422/2573/3526
s 0
f 1422/2501/3527 1262/2443/3527 1263/2442/3527
f 1325/2574/3528 336/2575/3528 313/2576/3528
s 1
f 1264/2454/3529 1273/2453/3530 1563/2577/3531
f 1076/2092/2716 1082/2094/3532 1357/2477/3533
f 1267/2578/3242 1125/2579/2894 347/2580/564
f 1227/2353/3412 1318/2513/3414 1326/2581/3534
s 0
f 1319/2561/3535 383/462/3535 1404/2482/3535
s 1
f 1282/2582/3536 354/2583/3537 329/407/3538
s 0
f 341/2404/3539 349/415/3539 355/2405/3539
f 355/2405/3540 1347/2584/3540 341/2404/3540
f 1347/2564/3541 382/451/3541 341/2489/3541
s 1
f 1228/2585/3344 348/2586/3343 1405/2587/3542
s 0
f 348/2586/3543 1328/2588/3543 1313/2589/3543
f 1186/2336/3544 456/2275/3544 1328/2567/3544
f 1246/2247/3545 1205/2259/3545 332/2313/3545
s 1
f 1351/402/3546 1712/2590/3547 1337/2591/3548
f 1410/2592/3549 1249/2383/3550 1331/2380/3238
f 1338/2494/3519 1379/2571/3521 296/2593/3551
s 0
f 1284/2493/3552 1285/2495/3552 1286/2594/3552
s 1
f 1373/2572/3525 1026/2007/2611 1176/2017/2613
f 1208/2263/3100 1222/2195/3099 1354/2595/3553
s 0
f 1332/2385/3554 1170/2207/3554 1219/2545/3554
s 1
f 1260/2440/3555 1316/2503/3556 1263/2557/3557
s 0
f 1265/2456/3558 1266/2450/3558 1333/2596/3558
s 1
f 330/2597/3559 1333/2596/3560 1266/2450/3561
f 1266/2450/3319 1264/2452/3321 1563/2598/3562
f 1078/2057/3563 1050/2099/2722 1317/2507/3564
f 1050/2099/2717 1076/2098/2716 1357/2599/3533
f 347/2580/564 1125/2579/2894 1268/2509/3472
s 0
f 1292/2460/3565 453/2459/3565 1224/2600/3565
f 1292/2460/3566 1224/2600/3566 1446/2601/3566
s 1
f 1358/2512/3410 345/2190/3409 1220/2368/3567
f 1225/2269/3038 1109/2166/2370 1294/2602/3247
f 1226/2176/2874 1344/2395/3495 1359/2603/3568
f 1574/2604/3569 1181/2016/3009 335/2312/3085
f 450/2354/3570 459/2219/3571 1318/2513/3572
f 1318/2513/3573 459/2219/3571 1541/2605/3574
s 0
f 459/2219/3575 1164/2223/3575 310/2560/3575
s 1
f 339/406/3576 1282/2582/3536 329/407/3577
s 0
f 355/2405/3578 1245/2406/3578 354/2606/3578
f 348/2466/3579 458/2274/3579 1328/2567/3579
s 1
f 1127/2202/2916 292/2490/3511 1362/2607/3580
f 1174/2245/3389 332/2313/3581 292/2490/3390
f 1283/2570/3582 1237/2375/3582 1351/402/3582
f 1336/2608/3583 1351/402/3546 1337/2591/3548
f 1271/404/3584 1322/2384/3585 1364/2609/3586
s 0
f 1248/2554/3587 1568/2610/3587 1323/2555/3587
f 1568/2610/3588 1248/2554/3588 1342/2611/3588
f 1248/2554/3589 1249/2383/3589 1342/2611/3589
s 1
f 1229/2409/3590 1339/2556/3591 1286/2612/3592
s 0
f 1380/2613/3593 1272/2496/3593 1287/2497/3593
s 1
f 344/2472/3594 1026/2007/2611 1373/2572/3595
f 1354/2595/3596 1222/2195/3597 1332/2385/3598
s 0
f 336/2451/3599 1265/2456/3599 313/2614/3599
f 325/391/3600 327/2615/3600 323/395/3600
f 311/2616/3601 1289/2617/3601 1382/2618/3601
s 1
f 1082/2094/3602 1291/2506/3603 1340/2619/3604
s 0
f 1051/2053/3605 1317/2507/3605 1291/2620/3605
s 1
f 455/2390/3243 1267/2389/3242 347/408/564
f 1574/2604/3606 293/2178/2878 1181/2016/2608
f 1541/2605/3607 459/2219/3608 310/2560/3609
s 0
f 355/2405/3610 354/2606/3610 1348/2621/3610
f 1214/2248/3611 1142/2193/3611 1387/2622/3611
s 1
f 1142/2193/3044 476/2623/2584 1376/2624/3612
f 1335/2541/3613 1238/2382/3233 328/2374/3232
f 1351/402/3546 337/401/3614 1377/2625/3615
f 1353/2626/3616 1286/2627/3617 1339/2628/3618
s 0
f 1217/2316/3619 344/2411/3619 1365/2629/3619
s 1
f 1652/2630/3620 1150/2231/2967 333/2318/3097
f 1381/2631/3621 1219/2545/3622 1315/2546/3623
f 1263/2632/3557 1316/2504/3556 1325/2448/3624
f 1291/2506/3603 304/2633/3625 1340/2619/3626
s 0
f 1274/2083/3627 1343/2634/3627 1063/2635/3627
f 1384/2636/3628 1269/2458/3628 1440/2637/3628
s 1
f 1220/2348/3629 1276/2481/3630 1358/2638/3631
f 1028/2159/3632 1202/2329/3633 1359/2639/3634
s 0
f 1295/2362/3635 1153/2226/3635 1707/2640/3635
s 1
f 1404/2641/3636 381/2400/3637 339/2399/3638
s 0
f 340/405/3639 329/407/3639 1533/2642/3639
f 1205/2259/3640 1214/2248/3640 1387/2622/3640
f 1390/2643/3641 328/2374/3641 1283/2570/3641
s 1
f 1351/402/3642 1408/2644/3643 1283/2570/3644
s 0
f 1284/2645/3645 1286/2627/3645 1353/2626/3645
s 1
f 1368/2646/3646 1369/2647/3647 1272/2648/3648
s 0
f 1370/2649/3649 1368/2650/3649 1367/2651/3649
f 1370/2649/3650 1367/2651/3650 1419/2652/3650
f 1380/2653/3651 1367/2654/3651 1366/2655/3651
f 1219/2545/3652 1381/2631/3652 1332/2385/3652
f 1315/2546/3653 1422/2573/3653 1263/2656/3653
f 1263/2632/3654 1325/2448/3654 1431/2657/3654
f 326/2658/3655 325/391/3655 309/388/3655
s 1
f 312/2659/3656 1355/2660/3657 326/2658/3658
f 312/2659/3656 1356/397/3659 1355/2660/3657
f 1317/2507/3564 1050/2099/2722 1357/2599/3660
f 1374/2661/3661 1274/2083/3492 1275/2558/3662
f 336/409/565 347/408/564 1847/2457/3328
f 1293/2511/3411 1358/2512/3410 1385/2662/3663
f 339/406/3638 340/405/3664 1404/2663/3636
s 0
f 329/407/3665 354/2583/3665 1533/2642/3665
f 1533/2642/3666 354/2583/3666 1347/2664/3666
f 1347/2584/3667 355/2405/3667 1348/2621/3667
f 354/419/3668 341/2404/3668 1348/2665/3668
f 1349/2666/3669 1405/2587/3669 348/2586/3669
s 1
f 348/2586/3670 1313/2589/3670 1349/2666/3670
s 0
f 1335/2541/3671 1321/2540/3671 1239/2377/3671
s 1
f 1342/2611/3672 1249/2383/3550 1410/2592/3549
f 1365/2667/3673 1339/2628/3674 1241/2668/3522
f 1241/2341/3522 1217/2316/3524 1365/2629/3673
s 0
f 1367/2669/3675 1604/2670/3675 1369/2647/3675
f 1380/2671/3676 1368/2646/3676 1272/2648/3676
s 1
f 1367/2654/3677 1380/2653/3678 1611/2672/3679
s 0
f 1380/2653/3680 1647/2673/3680 1373/2674/3680
s 1
f 333/2318/3097 1641/2675/3681 1652/2630/3620
s 0
f 1613/2676/3682 1325/2574/3682 313/2576/3682
s 1
f 313/398/3683 1356/397/557 312/2659/3684
f 1210/2346/3170 454/627/3169 1288/2498/3685
s 0
f 1424/2677/3686 1288/2678/3686 309/2679/3686
f 1356/2680/3687 311/2616/3687 1382/2618/3687
f 1437/2681/3688 1275/2558/3688 1065/2682/3688
s 1
f 1269/2458/3689 1384/2636/3690 1268/2509/3691
f 1440/2637/3692 1269/2458/3693 1341/2510/3694
s 0
f 449/619/3695 1319/2561/3695 1554/2683/3695
f 1328/2567/3696 456/2275/3696 1334/2568/3696
s 1
f 1388/2684/3697 338/2538/3698 1247/2408/3699
f 1388/2684/3697 1247/2408/3699 1350/2569/3700
f 467/2006/2599 1863/2685/3701 597/820/1054
s 0
f 1408/2644/3702 1390/2643/3702 1283/2570/3702
s 1
f 1337/2591/3703 1567/2686/3704 1336/2608/3705
s 0
f 1378/403/3706 1271/404/3706 291/2687/3706
s 1
f 1379/2571/3521 1578/2688/3707 296/2593/3551
f 344/2411/3708 1272/2496/3709 1604/2689/3710
f 1604/2670/3711 1272/2648/3712 1369/2647/3713
s 0
f 1287/2497/3714 344/2411/3714 1380/2613/3714
s 1
f 1368/2646/3646 1372/2690/3715 1369/2647/3716
f 1369/2691/3716 1372/2692/3715 1371/2693/3717
f 1615/2694/3718 1368/2695/3719 1395/2696/3720
f 1393/2697/3721 1394/2698/3722 1370/2699/3723
s 0
f 1394/2698/3724 1393/2697/3724 1395/2700/3724
f 1393/2697/3725 1370/2699/3725 307/2701/3725
f 1417/2702/3726 306/2703/3726 1396/2704/3726
f 1395/2705/3727 1368/2650/3727 1370/2649/3727
s 1
f 1420/2706/3728 1380/2653/3678 1373/2674/3729
f 1373/2707/3525 1150/2231/3352 1652/2630/3730
f 1243/2365/3194 1208/2263/3030 1354/2595/3731
f 1263/2656/3732 1430/2708/3733 1315/2546/3734
f 1431/2709/3735 1325/2574/3735 1613/2676/3735
f 323/395/3736 327/2615/3737 1434/2710/3738
s 0
f 1434/2710/3739 327/2615/3739 1265/2711/3739
s 1
f 1399/2712/3740 1398/2713/3741 330/2597/3742
s 0
f 1289/2617/3743 1290/2476/3743 1382/2618/3743
s 1
f 1290/2476/3744 1082/2094/3745 1580/2714/3746
f 1082/2094/3745 1340/2619/3747 1580/2714/3746
s 0
f 1340/2619/3748 304/2633/3748 1580/2714/3748
f 1291/2620/3749 1317/2507/3749 1401/2715/3749
s 1
f 1440/2637/3692 1341/2510/3694 1441/2716/3750
f 1441/2716/3751 1341/2510/3752 1439/2717/3753
f 1292/2460/3754 1439/2717/3753 1341/2510/3752
f 1276/2718/3755 1225/2269/3756 1294/2602/3757
f 1294/2394/3247 1226/2176/2874 1359/2603/3568
f 1213/2719/2978 1402/2720/3758 1212/2559/3206
f 1345/2151/2802 1147/2257/3372 1386/2721/3759
f 1153/2226/3013 1227/2353/3251 1326/2581/3760
s 0
f 1318/2513/3761 1541/2605/3761 1540/2722/3761
f 1319/2723/3762 1361/2724/3762 1554/2725/3762
s 1
f 1361/2724/3763 1319/2723/3763 1453/2726/3763
s 0
f 1453/2727/3764 1319/2561/3764 1404/2482/3764
f 340/405/3765 1533/2642/3765 1404/2663/3765
f 341/2489/3766 1228/2396/3766 1348/2728/3766
f 1349/2666/3767 1313/2589/3767 308/2729/3767
s 1
f 1350/2553/3768 334/2314/3769 1117/2468/3348
s 0
f 1389/2730/3770 1577/2172/3770 598/821/3770
s 1
f 467/2539/3771 1335/2541/3772 241/2731/3773
f 337/401/3774 1352/2732/3775 1377/2625/3776
f 1331/2380/3238 1240/2376/3237 1410/2592/3549
s 0
f 1284/2645/3777 1353/2626/3777 1379/2733/3777
f 1380/2671/3778 1604/2734/3778 1368/2646/3778
s 1
f 1392/2735/3779 344/2736/3594 1373/2737/3595
s 0
f 1373/2737/3780 1647/2738/3780 1392/2735/3780
f 1367/2669/3781 1369/2647/3781 1366/2739/3781
s 1
f 1414/2740/3782 1415/2741/3783 1610/329/3784
s 0
f 1416/2742/3785 1616/2743/3785 1415/2744/3785
f 1413/2745/3786 1616/2743/3786 1416/2742/3786
s 1
f 1415/2741/3783 1414/2740/3782 1416/2746/3787
s 0
f 1416/2746/3788 1414/2740/3788 1395/2747/3788
f 1395/2747/3789 1414/2740/3789 261/2748/3789
f 1414/2740/3790 1610/329/3790 1615/2749/3790
f 1395/2750/3791 1393/2751/3791 1416/2752/3791
s 1
f 1393/2753/3792 307/2754/3793 1417/2755/3794
f 307/2754/3793 1419/2652/3795 1417/2755/3794
f 306/2703/3796 1417/2702/3797 1370/2756/3798
s 0
f 1395/2700/3799 1370/2757/3799 1418/2758/3799
s 1
f 1418/2759/3800 1370/2699/3723 1394/2698/3722
s 0
f 1394/2698/3801 1395/2700/3801 1419/2760/3801
f 1419/2760/3802 1395/2700/3802 1418/2758/3802
f 1418/2761/3803 1394/2762/3803 307/2763/3803
f 1370/2756/3804 1417/2702/3804 1397/2764/3804
f 1417/2755/3805 1419/2652/3805 1416/2765/3805
f 307/2766/3806 1394/2698/3806 1419/2760/3806
f 1418/2761/3807 307/2763/3807 306/2703/3807
f 1419/2652/3808 1611/2767/3808 1396/2768/3808
s 1
f 1263/2632/3732 1431/2657/3809 1430/2769/3810
f 1425/2770/3811 312/2771/3812 326/2772/3813
s 0
f 309/2679/3814 1288/2678/3814 1425/2773/3814
s 1
f 309/2774/3815 324/392/3816 1423/2775/3817
f 326/2776/3813 309/2679/3818 1425/2773/3811
f 1256/2435/3819 1259/2437/3820 1426/2777/3821
f 1423/2775/3817 1424/2778/3822 309/2774/3815
f 455/2500/3823 1256/2435/3819 1426/2777/3821
s 0
f 1422/2779/3824 1170/2345/3824 1424/2780/3824
f 1434/2781/3825 313/2576/3825 1428/2782/3825
s 1
f 1426/2777/3826 1259/2437/3827 1422/2783/3828
f 1170/2345/3145 1210/2346/3147 1424/2780/3829
s 0
f 1424/2780/3830 1210/2346/3830 1288/2498/3830
s 1
f 323/2784/3736 1434/2781/3738 1427/2785/3831
f 1426/2786/3832 1421/2787/3833 455/2788/3834
s 0
f 1430/394/3835 320/396/3835 323/2789/3835
f 1428/2782/3836 1427/2785/3836 1434/2781/3836
f 1288/2678/3837 1421/2787/3837 1425/2773/3837
s 1
f 1422/2783/3838 305/2790/3839 1426/2777/3826
s 0
f 1422/2779/3840 1424/2780/3840 305/2791/3840
s 1
f 1423/2775/3841 324/392/3842 1430/394/3843
s 0
f 323/2789/3844 1427/2792/3844 1430/394/3844
f 1428/2782/3845 313/2576/3845 312/2771/3845
f 1428/2782/3846 312/2771/3846 1425/2770/3846
f 305/2793/3847 1424/2778/3847 1423/2775/3847
s 1
f 1431/2794/3848 1421/2787/3833 1426/2786/3832
s 0
f 1425/2773/3849 1421/2787/3849 1428/2795/3849
s 1
f 1428/2795/3850 1421/2787/3833 1431/2794/3848
s 0
f 1431/2657/3851 1426/2796/3851 305/2797/3851
s 1
f 305/2793/3852 1423/2775/3853 1430/394/3854
s 0
f 1428/2795/3855 1431/2794/3855 1427/2798/3855
f 1431/2657/3856 305/2797/3856 1430/2769/3856
s 1
f 1333/2596/3560 330/2597/3559 1603/2799/3857
f 1563/2577/3531 1273/2453/3530 1065/2800/2683
f 304/2801/3858 1291/2802/3859 295/2803/3860
s 0
f 1343/2634/3861 1274/2083/3861 1374/2661/3861
s 1
f 1438/2804/3862 1065/2800/2683 1273/2453/3530
s 0
f 303/2805/3863 1441/2806/3863 1439/2807/3863
f 1439/2717/3864 1292/2460/3864 1446/2601/3864
s 1
f 1224/2600/3865 1293/2808/3866 1446/2601/3867
f 1385/2809/3868 1384/2636/3869 1442/2810/3870
s 0
f 1440/2811/3871 1441/2812/3871 1443/2813/3871
f 1384/2636/3872 1440/2637/3872 1442/2810/3872
f 1448/2814/3873 1440/2811/3873 1445/2815/3873
f 303/2805/3874 1439/2807/3874 1447/2816/3874
s 1
f 1446/2601/3875 1293/2808/3876 1442/2817/3877
f 1293/2808/3411 1385/2818/3663 1442/2817/3878
s 0
f 1440/2811/3879 1443/2813/3879 302/2819/3879
f 1442/2810/3880 1440/2637/3880 1448/2820/3880
f 1450/2821/3881 1445/2815/3881 1440/2811/3881
f 1451/2822/3882 1442/2823/3882 1537/2824/3882
f 1442/2823/3883 1448/2814/3883 1537/2824/3883
s 1
f 1440/2811/3884 302/2819/3885 1450/2821/3886
f 1273/2453/3322 1847/2457/3328 1438/2804/3887
f 1385/2662/3888 1358/2512/3888 347/2825/3888
f 1344/2272/3495 1212/2559/3497 1552/2826/3889
s 0
f 1402/2720/3890 1375/2827/3890 1345/2828/3890
s 1
f 1549/2829/3891 1345/2828/3892 1386/2830/3893
f 1360/2243/2983 1148/2242/2982 1538/2831/3894
s 0
f 310/2550/3895 449/619/3895 1554/2683/3895
f 1456/2832/3896 1404/2833/3896 1361/2834/3896
f 1404/2833/3897 1456/2832/3897 1453/2835/3897
f 1454/2836/3898 1453/2837/3898 1455/2838/3898
f 1361/2834/3899 1453/2837/3899 1454/2836/3899
s 1
f 1455/2839/3900 1453/2835/3901 1456/2832/3902
s 0
f 1361/2834/3903 1454/2836/3903 1456/2832/3903
f 1458/2840/3904 1456/2832/3904 1454/2836/3904
s 1
f 1455/2839/3900 1456/2832/3902 1457/2841/3905
s 0
f 1457/2841/3906 1456/2832/3906 1458/2840/3906
f 1458/2840/3907 1454/2836/3907 1455/2838/3907
f 1458/2840/3908 1455/2838/3908 300/589/3908
f 1457/2842/3909 300/589/3909 1455/2838/3909
f 405/2551/3910 1312/2537/3910 1459/2535/3910
f 388/468/3911 391/467/3911 389/472/3911
s 1
f 440/513/3912 444/596/3913 1526/600/3914
f 405/503/3915 1459/2843/3916 300/589/3917
s 0
f 1459/2843/3918 394/2844/3918 388/2845/3918
s 1
f 444/2846/3919 442/2847/3920 1523/2463/3921
f 442/2847/806 384/2464/805 1523/2463/3922
s 0
f 407/501/3923 300/589/3923 1457/2842/3923
s 1
f 298/2848/3924 1459/2843/3925 388/2845/3926
s 0
f 1462/2849/3927 1461/2850/3927 1460/2851/3927
f 1461/2850/3928 1463/2852/3928 1460/2851/3928
s 1
f 1463/2852/3929 1461/2850/3930 1462/2849/3931
s 0
f 1463/2852/3932 1476/2853/3932 1460/2851/3932
f 1465/2854/3933 1468/2855/3933 1464/2856/3933
f 1467/2857/3934 1465/2854/3934 1466/2858/3934
f 1466/2858/3935 1465/2854/3935 1464/2856/3935
f 1464/2856/3936 1468/2855/3936 1471/2859/3936
s 1
f 1470/2860/3937 1465/2854/3938 1469/2861/3939
f 1469/2861/3940 1465/2854/3938 1467/2857/3941
s 0
f 1470/2860/3942 1468/2855/3942 1465/2854/3942
f 1473/2862/3943 1469/2861/3943 1467/2857/3943
f 1473/2862/3944 1467/2857/3944 1478/2863/3944
f 1474/2864/3945 1468/2855/3945 1470/2860/3945
f 1468/2855/3946 1479/2865/3946 1471/2859/3946
f 1472/2866/3947 1469/2861/3947 1473/2862/3947
f 1467/2857/3948 1466/2858/3948 1478/2863/3948
f 1477/2867/3949 1466/2858/3949 1464/2856/3949
s 1
f 1477/2868/3950 1471/2869/3951 1480/2870/3952
s 0
f 1479/2865/3953 1468/2855/3953 1474/2864/3953
s 1
f 1464/2856/3954 1471/2859/3951 1477/2867/3950
s 0
f 1480/2870/3955 1471/2869/3955 1479/2871/3955
s 1
f 1474/2864/3956 1469/2861/3957 1472/2866/3958
s 0
f 1466/2872/3959 1476/2853/3959 1478/2873/3959
s 1
f 1466/2874/3960 1477/2868/3961 1476/2875/3962
f 1470/2860/3963 1469/2861/3957 1474/2864/3956
f 1472/2866/3964 1473/2862/3964 1478/2863/3964
s 0
f 1474/2864/3965 1472/2866/3965 1481/2876/3965
s 1
f 1484/2877/3966 1476/2875/3967 1477/2868/3961
f 1479/2865/3968 1474/2864/3969 1481/2876/3970
s 0
f 1481/2878/3971 1472/2879/3971 1482/2880/3971
s 1
f 1472/2879/3972 1478/2873/3972 1482/2880/3972
s 0
f 1460/2881/3973 1476/2875/3973 1462/2882/3973
s 1
f 1478/2873/3974 1476/2853/3975 1483/2883/3976
f 1484/2884/3977 1463/2852/3929 1462/2849/3931
s 0
f 1476/2875/3978 1484/2877/3978 1462/2882/3978
f 1476/2853/3979 1463/2852/3979 1483/2883/3979
f 1483/2883/3980 1463/2852/3980 1484/2884/3980
f 1485/2885/3981 1481/2878/3981 1482/2880/3981
s 1
f 1477/2868/3982 1483/2886/3983 1484/2877/3984
f 1485/2887/3985 1479/2871/3968 1481/2888/3970
f 1483/2886/3983 1477/2868/3982 1480/2870/3986
f 1480/2870/3986 1485/2887/3987 1483/2886/3983
f 1480/2870/3988 1479/2871/3989 1485/2887/3985
f 1482/2880/3990 1478/2873/3974 1483/2883/3976
s 0
f 1483/2883/3991 1485/2889/3991 299/2890/3991
f 1483/2883/3992 299/2890/3992 1482/2880/3992
f 443/2891/3993 1482/2880/3993 299/2890/3993
s 1
f 1506/2892/3994 1487/2893/3995 1498/2894/3996
s 0
f 1490/2895/3997 1488/2896/3997 1492/2897/3997
f 1491/2898/3998 1490/2895/3998 1492/2897/3998
f 1489/2899/3999 1488/2896/3999 1491/2900/3999
f 1492/2897/4000 1488/2896/4000 1495/2901/4000
f 1495/2901/4001 1488/2896/4001 1489/2899/4001
s 1
f 1489/2899/4002 1491/2900/4002 1492/2902/4002
f 1492/2903/4003 1493/2904/4004 1500/2905/4005
s 0
f 1500/2906/4006 1494/2907/4006 1492/2908/4006
f 1494/2907/4007 1493/2904/4007 1495/2909/4007
s 1
f 1493/2904/4008 1492/2903/4003 1495/2909/4009
s 0
f 1492/2908/4010 1494/2907/4010 1496/2910/4010
f 1494/2907/4011 1495/2909/4011 1496/2910/4011
f 1489/2899/4012 1492/2902/4012 1496/2911/4012
f 1496/2911/4013 1495/2912/4013 1497/2913/4013
f 1497/2914/4014 1495/2901/4014 1489/2899/4014
f 1498/2915/4015 1489/2899/4015 1496/2911/4015
f 1497/2914/4016 1489/2899/4016 1498/2915/4016
f 1506/2916/4017 1498/2915/4017 1496/2911/4017
f 1506/2916/4018 1496/2911/4018 1497/2913/4018
f 1500/2917/4019 1487/2893/4019 1488/2918/4019
s 1
f 1500/2905/4020 1493/2904/4021 1487/2919/4022
f 1498/2920/3996 1487/2919/3995 1499/2921/4023
f 1501/2922/4024 1488/2918/4025 1487/2893/4026
s 0
f 1488/2918/4027 1490/2923/4027 1500/2917/4027
s 1
f 1502/2924/4028 1488/2918/4025 1501/2922/4024
s 0
f 1490/2923/4029 1491/2925/4029 1500/2917/4029
s 1
f 1487/2919/4022 1493/2904/4021 1503/2926/4030
f 1493/2904/4031 1494/2907/4032 1503/2926/4033
s 0
f 1500/2917/4034 1491/2925/4034 1502/2927/4034
s 1
f 1487/2893/3995 1506/2892/3994 1501/2922/4035
f 1503/2926/4030 1499/2921/4036 1487/2919/4022
f 1498/2920/3996 1499/2921/4023 1504/2928/4037
s 0
f 1491/2925/4038 1488/2929/4038 1502/2927/4038
f 1497/2930/4039 1498/2931/4039 1504/2932/4039
f 1504/2932/4040 1506/2892/4040 1497/2930/4040
f 1505/2933/4041 1500/2906/4041 1502/2934/4041
f 1505/2933/4042 1494/2907/4042 1500/2906/4042
s 1
f 1494/2907/4032 1505/2933/4043 1503/2926/4033
s 0
f 1501/2922/4044 1506/2892/4044 1504/2932/4044
f 1510/2935/4045 1504/2936/4045 1507/2937/4045
f 1508/2938/4046 1502/2939/4046 1501/2940/4046
f 1504/2936/4047 1499/2941/4047 1507/2937/4047
f 1505/2942/4048 1513/2943/4048 1512/2944/4048
f 1513/2943/4049 1505/2942/4049 1502/2939/4049
f 1510/2935/4050 1501/2940/4050 1504/2936/4050
f 1501/2940/4051 1509/2945/4051 1508/2938/4051
s 1
f 1499/2941/4052 1511/2946/4053 1507/2937/4054
s 0
f 1502/2939/4055 1508/2938/4055 1513/2943/4055
f 1501/2940/4056 1510/2935/4056 1509/2945/4056
s 1
f 1518/2947/4057 1503/2948/4058 1505/2949/4059
s 0
f 1511/2946/4060 1499/2941/4060 1503/2948/4060
s 1
f 1518/2947/4057 1505/2949/4059 1512/2950/4061
f 1510/2935/4062 1507/2937/4063 1515/2951/4064
f 1511/2946/4065 1503/2948/4065 1518/2947/4065
s 0
f 1512/2944/4066 1513/2943/4066 1520/2952/4066
f 1508/2938/4067 1509/2945/4067 1514/2953/4067
s 1
f 1515/2951/4064 1507/2937/4063 1516/2954/4068
f 1513/2943/4069 1508/2938/4070 1514/2953/4071
f 1507/2937/4072 1511/2946/4073 1516/2954/4074
f 1509/2945/4075 1510/2935/4076 1514/2953/4077
f 1511/2946/4078 1519/2955/4079 1516/2954/4080
f 1519/2955/4081 1518/2947/4082 1512/2950/4083
f 1514/2953/4077 1510/2935/4076 1515/2951/4084
s 0
f 1511/2946/4085 1518/2947/4085 1519/2955/4085
s 1
f 1520/2956/4086 1519/2955/4081 1512/2950/4083
f 1520/2952/4087 1513/2943/4069 1514/2953/4071
f 1515/2951/4064 1516/2954/4068 1486/2957/4088
f 1516/2954/4089 1519/2955/4079 1520/2956/4090
f 1514/2953/4091 1515/2951/4092 1486/2957/4093
s 0
f 1486/2957/4094 1516/2954/4094 1520/2956/4094
s 1
f 1514/2953/4095 1486/2957/4095 1521/2958/4095
f 1514/2953/4071 1521/2958/4096 1520/2952/4087
f 1520/2952/4097 1521/2958/4098 443/2959/4099
s 0
f 1521/2958/4100 1486/2957/4100 443/2959/4100
f 1485/2960/4101 443/2959/4101 1486/2957/4101
s 1
f 1522/2961/4102 1520/2952/4097 443/2959/4103
s 0
f 1485/2885/4104 1482/2880/4104 443/2891/4104
f 1485/2960/4105 1486/2957/4105 1522/2962/4105
f 1486/2957/4106 1520/2956/4106 1522/2962/4106
f 1522/2963/4107 412/601/4107 1528/2964/4107
s 1
f 412/601/800 1526/600/799 1528/2964/4108
f 352/2965/4109 444/2846/3919 1523/2463/3921
s 0
f 1282/2582/4110 339/406/4110 1524/2966/4110
s 1
f 300/589/3917 1459/2843/3916 1525/2967/4111
f 1459/2843/3925 298/2848/3924 1525/2967/4112
f 389/592/786 443/599/798 299/2968/4113
s 0
f 299/2890/4114 1485/2889/4114 1522/2969/4114
s 1
f 1320/2970/4115 1282/2582/4116 1524/2966/4117
f 1270/2971/4118 384/605/805 407/501/807
s 0
f 388/2972/4119 389/592/4119 299/2968/4119
s 1
f 443/599/4120 412/603/4120 1522/2973/4120
f 352/2965/4121 353/2974/4121 444/2846/4121
f 1526/600/4122 444/596/3913 353/2975/4123
s 0
f 1524/2976/4124 339/2399/4124 1270/2483/4124
s 1
f 1457/2841/4125 1458/2840/4126 1270/2977/4118
f 353/418/577 351/412/576 1526/2978/4127
s 0
f 1526/2978/4128 351/412/4128 352/411/4128
s 1
f 299/2979/4129 1522/2980/4130 1529/2981/4131
f 407/501/807 1457/2842/4125 1270/2971/4118
f 1458/2840/4132 300/589/3917 1525/2967/4111
f 352/2965/4133 1523/2463/4134 1526/2982/4135
f 1523/2463/4134 1527/2983/4136 1526/2982/4135
f 1529/2981/4131 1522/2980/4130 1528/2984/4137
f 1523/2463/4138 1320/2552/4115 1524/2985/4117
f 298/2848/3924 388/2845/3926 1529/2986/4139
s 0
f 1529/2981/4140 388/2987/4140 299/2979/4140
f 1525/2967/4141 1529/2986/4141 1458/2840/4141
s 1
f 1529/2986/4139 1525/2967/4142 298/2848/3924
s 0
f 1528/2984/4143 1526/2982/4143 1529/2981/4143
f 1529/2981/4144 1526/2982/4144 1527/2983/4144
f 1523/2463/4145 1524/2985/4145 1527/2983/4145
s 1
f 1270/2977/4118 1458/2840/4126 1530/2988/4146
s 0
f 1530/2988/4147 1458/2840/4147 1529/2986/4147
f 1527/2989/4148 1524/2990/4148 1270/2977/4148
s 1
f 1527/2989/4149 1270/2977/4150 1530/2988/4151
f 1531/2991/4152 1530/2992/4153 1529/2981/4154
f 1532/2993/4155 1527/2994/4156 297/2995/4157
f 297/2995/4158 1527/2994/4159 1531/2991/4160
s 0
f 1527/2994/4161 1530/2992/4161 1531/2991/4161
s 1
f 1532/2996/4155 1529/2981/4162 1527/2983/4156
f 1531/2991/4163 1529/2981/4154 1532/2996/4164
s 0
f 1534/2997/4165 1531/2998/4165 1532/2999/4165
f 1533/2642/4166 1531/2998/4166 1534/2997/4166
s 1
f 1531/2998/4167 1533/2642/4168 297/3000/4169
f 1534/2997/4170 1532/2999/4171 297/3001/4172
s 0
f 1533/2642/4173 1534/2997/4173 1535/3002/4173
s 1
f 1534/2997/4170 297/3001/4172 1535/3002/4174
f 1348/3003/4175 1228/2585/4176 1559/3004/4177
s 0
f 1228/2585/4178 1405/2587/4178 1559/3004/4178
s 1
f 1536/3005/4179 308/2729/4180 1313/2589/4181
s 0
f 1536/3005/4182 1328/2588/4182 1334/3006/4182
s 1
f 1387/2622/4183 332/2313/4184 1205/2259/4185
s 0
f 1387/3007/4186 1376/3008/4186 1720/3009/4186
s 1
f 1863/3010/3701 467/2539/2599 241/2731/4187
f 1567/2686/4188 1351/402/3642 1336/2608/4189
f 1733/3011/4190 1342/2611/3672 1410/2592/3549
f 1314/2544/3465 1285/2543/4191 1411/3012/4192
s 0
f 318/378/4193 317/376/4193 1435/379/4193
f 1544/3013/4194 1357/3014/4194 1063/3015/4194
s 1
f 1544/3013/4195 1063/3015/4196 1343/3016/4197
s 0
f 1447/2816/4198 1439/2807/4198 1451/2822/4198
f 1446/3017/4199 1442/2823/4199 1451/2822/4199
s 1
f 1065/2800/2683 1438/2804/3862 1450/3018/4200
f 1268/2509/4201 1384/2636/4202 347/2580/4203
f 1683/3019/4204 1358/3020/4205 1276/3021/4206
f 1276/3022/3755 1294/3023/3757 301/3024/4207
f 301/3025/4208 1202/2329/3121 1203/2330/3120
s 0
f 1452/2239/4209 1360/2258/4209 1696/3026/4209
f 1540/2722/4210 1326/2581/4210 1318/2513/4210
s 1
f 1535/3002/4211 297/3001/4212 1347/3027/4213
s 0
f 1347/2664/4214 297/3000/4214 1533/2642/4214
f 1699/3028/4215 1349/2666/4215 308/2729/4215
f 1313/2589/4216 1328/2588/4216 1536/3005/4216
s 1
f 1329/2227/4217 1362/2467/4218 1334/2568/4219
f 292/2490/4220 332/2313/4184 1387/2622/4183
f 1556/2542/4221 1323/2555/4222 1568/2610/4223
s 0
f 1338/2494/4224 296/2593/4224 1391/3029/4224
f 296/2593/4225 1569/3030/4225 1391/3029/4225
f 330/2597/4226 1266/2450/4226 1563/2598/4226
f 326/2658/4227 1355/2660/4227 325/391/4227
f 1291/2802/4228 1436/3031/4228 295/2803/4228
f 1436/3032/4229 1291/3033/4229 1401/3034/4229
f 1317/2507/4230 1357/2599/4230 1401/2715/4230
s 1
f 1544/3013/4195 1343/3016/4197 1666/3035/4231
s 0
f 1374/2661/4232 1275/2558/4232 1437/2681/4232
f 302/2819/4233 1443/2813/4233 1449/3036/4233
f 1439/2807/4234 1446/3017/4234 1451/2822/4234
s 1
f 1450/2821/3886 302/2819/3885 1437/3037/4235
f 1384/2636/3869 1385/2809/3868 347/2580/4236
f 347/3038/564 1358/3020/4205 1683/3019/4204
f 1683/3019/4204 1276/3021/4206 1546/3039/4237
s 0
f 1545/3040/4238 1546/3041/4238 1547/3042/4238
f 1545/3040/4239 1547/3042/4239 1548/3043/4239
f 1546/3041/4240 1545/3040/4240 1548/3043/4240
s 1
f 1547/3042/4241 1546/3041/4237 1276/3022/4206
f 1402/2720/4242 1213/2719/2978 1375/2827/2980
f 1402/2720/4243 1345/2828/4244 1549/2829/3891
f 1202/2329/3633 301/3025/4245 1359/2639/3634
s 0
f 1147/2257/4246 1028/2159/4246 1359/2639/4246
s 1
f 1212/2559/3497 1402/2720/4247 1552/2826/3889
f 1550/3044/4248 1549/2829/3891 1386/2830/3893
f 1386/2721/4249 1147/2257/4250 1359/2639/4251
f 1294/3045/3757 1359/2639/4252 301/3025/4207
f 1359/3046/3568 1344/2272/3495 1552/2826/3889
f 1386/2830/4249 1359/3047/4251 1550/3044/4253
s 0
f 1552/2826/4254 1402/2720/4254 1549/2829/4254
f 294/3048/4255 1550/3049/4255 1359/3050/4255
f 301/3051/4256 294/3048/4256 1552/3052/4256
f 1552/3052/4257 294/3048/4257 1359/3050/4257
f 1552/2826/4258 1549/2829/4258 1551/3053/4258
f 1549/2829/4259 1550/3044/4259 1551/3053/4259
f 1452/2239/4260 1696/3026/4260 288/3054/4260
f 1153/2226/4261 1326/2581/4261 1707/2640/4261
f 1361/2724/4262 1404/2663/4262 1554/2725/4262
s 1
f 308/2729/4180 1536/3005/4179 1699/3028/4263
f 1387/2622/4264 1142/2193/3044 1376/2624/3612
s 0
f 1335/2541/4265 328/2374/4265 1390/2643/4265
s 1
f 1352/2732/4266 337/401/3774 1378/403/4267
f 1364/2609/3586 1322/2384/3585 1713/3055/4268
f 1322/2384/4269 1556/2542/4270 1700/3056/4271
f 1578/3057/3707 1379/3058/3521 1399/2712/4272
f 1399/2712/3740 330/2597/3742 1563/2598/4273
s 0
f 311/3059/4274 1356/3060/4274 1563/2577/4274
f 1563/3061/4275 1356/397/4275 267/399/4275
f 1382/2618/4276 1290/2476/4276 1580/2714/4276
f 1580/3062/4277 304/370/4277 1400/372/4277
f 304/373/4278 1543/3063/4278 317/376/4278
f 1441/3064/4279 303/3065/4279 1668/3066/4279
s 1
f 1437/2681/4280 1065/2682/2683 1450/3067/4200
f 1276/3022/4206 301/3024/4281 1547/3042/4241
s 0
f 1677/3068/4282 301/3024/4282 1552/3069/4282
f 1404/2663/4283 1533/2642/4283 1565/3070/4283
f 1533/2642/4284 1535/3002/4284 1565/3070/4284
f 1362/3071/4285 292/3072/4285 1561/3073/4285
s 1
f 1271/404/4286 1364/2609/4287 291/2687/4288
f 1713/3055/4289 1322/2384/4269 1700/3056/4271
f 268/3074/4290 1410/2592/3549 1240/2376/3237
f 1742/3075/4291 1240/2376/4292 289/2410/4293
f 1745/3076/4294 1285/3077/4295 1412/3078/4296
f 1412/3079/4297 1285/2495/4298 1338/2494/4299
f 1563/2577/4300 1065/2800/2683 311/3059/3399
f 1265/2711/4301 327/2615/4302 1582/3080/4303
f 1355/2660/3657 1356/397/3659 1580/3081/4304
s 0
f 1356/2680/4305 1382/2618/4305 1580/2714/4305
f 1437/3037/4306 302/2819/4306 1449/3036/4306
s 1
f 1550/3049/4307 294/3048/4308 1571/3082/4309
s 0
f 1696/3026/4310 1360/2258/4310 1538/3083/4310
f 310/2550/4311 1554/2683/4311 1697/3084/4311
f 1404/2663/4312 1565/3070/4312 1554/2725/4312
s 1
f 1535/3002/4211 1347/3027/4213 1565/3070/4313
f 1405/2587/4314 1349/2666/4315 1559/3004/4316
f 292/2490/4317 1562/3085/4318 1561/3086/4319
s 0
f 292/2490/4320 1387/2622/4320 1562/3085/4320
s 1
f 1566/3087/4321 1376/2492/4322 338/2538/4323
f 1335/2541/4324 1239/2377/4325 1233/2381/4326
f 1233/2381/4326 1238/2382/4327 1335/2541/4324
s 0
f 1378/403/4328 291/2687/4328 1352/2732/4328
s 1
f 268/3074/4329 1240/2376/4292 1742/3075/4291
f 296/2593/4330 1578/2688/4331 1569/3030/4332
s 0
f 1564/3088/4333 317/376/4333 1543/3063/4333
s 1
f 1543/3089/4334 304/2801/4335 295/2803/4336
s 0
f 1401/3034/4337 1357/3014/4337 1544/3013/4337
f 1448/2814/4338 1445/2815/4338 1450/2821/4338
f 1677/3090/4339 1552/3091/4339 1571/3082/4339
f 1571/3082/4340 1552/3091/4340 1550/3049/4340
s 1
f 1709/3092/4341 283/361/4342 285/360/4343
s 0
f 1688/3093/4344 282/368/4344 1548/367/4344
s 1
f 1573/369/4345 282/368/4346 275/354/523
f 284/364/4347 276/353/4348 1678/3094/4349
f 286/3095/4350 1747/3096/4351 252/3097/4352
f 276/353/517 239/365/519 286/3095/4353
s 0
f 1706/346/4354 273/3098/4354 283/3099/4354
f 1148/2242/4355 293/2178/4355 1553/3100/4355
s 1
f 1574/2604/3569 335/2312/4356 1575/3101/4357
f 1541/2605/3607 310/2560/3609 1576/3102/4358
f 1362/3071/4218 290/3103/4359 1334/3006/4219
f 1749/3104/4360 290/3103/4361 1362/3071/4362
s 0
f 1720/3105/4363 1562/3085/4363 1387/2622/4363
f 1335/2541/4364 1390/2643/4364 1408/2644/4364
f 1556/2542/4365 1342/2611/4365 1700/3056/4365
s 1
f 1556/2542/4221 1568/2610/4223 1342/2611/4366
f 1285/2543/4191 1745/3106/4367 1411/3012/4192
f 1411/3012/4368 240/3107/4369 230/3108/4370
f 1586/3109/4371 1399/2712/4372 1563/2598/4373
f 267/3110/4374 1265/3111/4301 1582/3112/4303
f 327/2615/4375 325/391/4376 1582/3080/4377
f 1578/3057/3707 1399/2712/4272 1579/3113/4378
s 0
f 317/376/4379 1564/3088/4379 1435/379/4379
f 1583/3114/4380 295/2803/4380 1436/3031/4380
s 1
f 1582/3080/4377 325/391/4376 1355/2660/4381
f 1580/3062/4382 1400/372/4383 1435/379/4384
f 1564/3088/4385 1543/3063/4385 1581/3115/4385
s 0
f 1581/3116/4386 1543/3089/4386 295/2803/4386
s 1
f 1436/3031/4387 1578/3117/4388 1583/3114/4389
s 0
f 1581/3116/4390 295/2803/4390 1583/3114/4390
s 1
f 1579/3113/4391 1399/2712/4372 1586/3109/4371
f 1435/379/4392 1564/3088/4393 1584/3118/4394
s 0
f 1563/3119/4395 267/3110/4395 1582/3112/4395
s 1
f 1582/3080/4396 1355/2660/4397 1580/3081/4398
f 1580/3062/4399 1435/379/4400 1584/3118/4401
s 0
f 1563/3119/4402 1582/3112/4402 1584/3118/4402
s 1
f 1582/3112/4396 1580/3062/4398 1584/3118/4403
f 1584/3118/4404 1564/3088/4405 1581/3115/4406
f 1586/3120/4371 1563/3119/4373 1584/3118/4407
f 1583/3121/4389 1578/3057/4388 1579/3113/4408
s 0
f 1589/3122/4409 1581/3123/4409 1587/3124/4409
s 1
f 1583/3121/4410 1579/3113/4391 1586/3109/4371
f 1584/3118/4407 1581/3115/4411 1586/3120/4371
f 1581/3123/4412 1589/3122/4412 1586/3125/4412
s 0
f 1639/3126/4413 1583/3127/4413 1586/3125/4413
f 1588/3128/4414 1589/3122/4414 1587/3124/4414
s 1
f 1581/3123/4415 1583/3129/4415 266/3130/4415
f 266/3131/4416 1583/3127/4417 1639/3126/4418
s 0
f 1586/3125/4419 1589/3122/4419 1662/3132/4419
s 1
f 1590/3133/4420 1588/3128/4421 1587/3124/4422
s 0
f 266/3130/4423 1587/3124/4423 1581/3123/4423
f 1592/3134/4424 1590/3133/4424 1591/3135/4424
f 1592/3136/4425 264/3137/4425 265/3138/4425
s 1
f 1592/3139/4426 1591/3140/4427 1595/3141/4428
s 0
f 1662/3132/4429 1588/3128/4429 263/3142/4429
s 1
f 1590/3133/4430 1592/3134/4431 1597/3143/4432
f 1595/3141/4428 264/3144/4433 1592/3139/4426
f 1594/3145/4434 1595/3141/4435 1591/3140/4436
f 1588/3128/4437 1590/3133/4438 1597/3143/4439
s 0
f 1588/3128/4440 1662/3132/4440 1589/3122/4440
f 1593/3146/4441 1594/3147/4441 1598/3148/4441
f 264/3137/4442 262/3149/4442 265/3138/4442
f 262/3149/4443 264/3137/4443 1598/3148/4443
f 264/3150/4444 1593/3151/4444 1598/3152/4444
f 263/3142/4445 1588/3128/4445 1597/3143/4445
s 1
f 1597/3153/4432 1592/3136/4446 265/3138/4447
s 0
f 265/3138/4448 262/3149/4448 1597/3153/4448
s 1
f 1598/3148/4449 1594/3147/4450 1599/3154/4451
s 0
f 1597/3153/4452 262/3149/4452 263/3155/4452
s 1
f 1598/3148/4453 1599/3154/4454 262/3149/4455
f 1599/3154/4451 1594/3147/4456 263/3156/4457
s 0
f 1599/3154/4458 263/3156/4458 1600/3157/4458
s 1
f 262/3149/4455 1599/3154/4454 1601/3158/4459
s 0
f 1601/3158/4460 1599/3154/4460 1600/3157/4460
f 1600/3157/4461 263/3156/4461 1602/3159/4461
f 1602/3160/4462 263/3155/4462 262/3149/4462
f 1333/2596/4463 1603/2799/4463 1602/3161/4463
f 1602/3161/4464 1603/2799/4464 1600/3162/4464
s 1
f 1398/2713/4465 1399/2712/4272 1379/3058/3521
s 0
f 1367/3163/4466 1368/2646/4466 1604/2734/4466
f 1380/2653/4467 344/2736/4467 1392/2735/4467
s 1
f 1369/2691/4468 1371/2693/3717 1365/3164/4469
f 1372/3165/4470 1368/2695/4471 1615/2694/4472
f 1370/2699/4473 1397/3166/4474 307/2701/4475
s 0
f 1417/3167/4476 1416/2752/4476 1397/3168/4476
f 1416/2752/4477 1393/2751/4477 1397/3168/4477
f 1393/2751/4478 1417/3169/4478 1606/3170/4478
f 1607/3171/4479 1397/3172/4479 1606/3173/4479
f 1397/3168/4480 1393/2751/4480 1606/3170/4480
f 1607/3174/4481 306/2703/4481 307/2763/4481
s 1
f 307/2763/4475 1397/3175/4474 1607/3174/4482
s 0
f 1396/2704/4483 306/2703/4483 1607/3174/4483
f 1419/3176/4484 1418/2761/4484 306/2703/4484
f 1419/2652/4485 1367/2651/4485 1611/2767/4485
s 1
f 1332/2385/3598 1381/2631/4486 1354/2595/3596
s 0
f 1613/3177/4487 1427/2798/4487 1431/2794/4487
f 1613/3178/4488 1434/3179/4488 1265/2456/4488
f 1602/3160/4489 262/3149/4489 1601/3158/4489
f 1365/2629/4490 344/2411/4490 1604/2689/4490
f 1380/2653/4491 1366/2655/4491 1604/3180/4491
s 1
f 1631/3181/4492 261/3182/4492 1609/3183/4492
s 0
f 1631/3184/4493 1414/2740/4493 1615/2749/4493
s 1
f 1419/2652/4494 1607/3171/4495 1416/2765/4496
f 306/2703/3796 1370/2756/3798 1419/3176/4497
f 1611/2672/3679 1380/2653/3678 1420/2706/3728
s 0
f 1613/2676/4498 313/2576/4498 1434/2781/4498
f 1613/3178/4499 1265/2456/4499 1333/2596/4499
f 1365/3164/4500 1371/2693/4500 1618/3185/4500
f 1618/3186/4501 1371/3187/4501 260/3188/4501
s 1
f 1605/3189/4502 1604/3190/4503 1647/3191/4504
f 1395/2747/3720 261/2748/4505 1615/3192/3718
f 1615/3192/3718 261/2748/4506 1631/3193/4507
s 0
f 1616/2743/4508 1413/2745/4508 1606/3194/4508
f 1606/3194/4509 1413/2745/4509 1416/2742/4509
s 1
f 258/3195/4510 1315/2546/4511 1430/2708/4512
s 0
f 1430/394/4513 1427/2792/4513 1613/3196/4513
s 1
f 1617/3197/4514 1613/3178/4515 1333/2596/4516
s 0
f 1353/2626/4517 1339/2628/4517 1621/3198/4517
f 1339/2628/4518 1365/2667/4518 1618/3199/4518
f 1618/3200/4519 260/3201/4519 1614/3202/4519
f 260/3201/4520 1369/2691/4520 1614/3202/4520
f 1380/2653/4521 1605/3203/4521 1647/2673/4521
s 1
f 1604/3190/4503 1366/3204/4522 1647/3191/4504
f 1628/3205/4523 1366/3204/4522 1636/3206/4524
s 0
f 1606/3194/4525 1417/2702/4525 1396/2704/4525
s 1
f 1373/3207/3729 1641/3208/4526 1420/3209/3728
f 258/3210/4510 1430/3211/4527 1613/3212/4528
s 0
f 1333/2596/4529 1602/3161/4529 1617/3197/4529
f 1379/3058/4530 330/2597/4530 1398/2713/4530
f 1621/3198/4531 1339/2628/4531 1618/3199/4531
f 1369/2691/4532 1365/3164/4532 1614/3202/4532
f 1604/3190/4533 1605/3189/4533 1392/3213/4533
s 1
f 1622/3214/4534 1371/3187/3717 1372/3215/3715
s 0
f 1609/3183/4535 1615/3216/4535 1610/3217/4535
f 1415/2744/4536 1616/2743/4536 1620/3218/4536
s 1
f 1612/3219/4537 333/2318/3097 331/2230/2966
f 1354/2595/3731 1381/2631/4538 1243/2365/3194
f 1315/3220/4539 258/3221/4540 259/3222/4541
s 0
f 1617/3197/4542 1602/3161/4542 1601/3223/4542
s 1
f 1601/3224/4543 1600/3162/4544 1603/2799/4545
f 1603/2799/3857 330/2597/3559 1379/3058/4546
s 0
f 1614/3225/4547 1365/2629/4547 1604/2689/4547
s 1
f 1605/3203/4548 1380/2653/4548 1392/2735/4548
f 1371/3187/3717 1622/3214/4534 1633/3226/4549
f 1615/3227/4472 1622/3214/4550 1372/3215/4470
f 254/3228/4551 255/330/4552 1623/3229/4553
f 1623/3229/4553 255/330/4552 1415/2741/4554
s 0
f 255/330/4555 1610/329/4555 1415/2741/4555
f 1620/3230/4556 1619/3231/4556 1610/3217/4556
f 1610/329/4557 254/337/4557 1623/3232/4557
f 1623/3233/4558 1415/2744/4558 1620/3218/4558
f 253/3234/4559 1616/3235/4559 1623/3236/4559
f 1624/3237/4560 1616/2743/4560 1606/3194/4560
s 1
f 1606/3173/4561 1416/2765/4496 1607/3171/4495
s 0
f 1607/3171/4562 1419/2652/4562 1396/2768/4562
f 1611/2767/4563 1625/3238/4563 1396/2768/4563
f 1611/2767/4564 1626/3239/4564 1625/3238/4564
f 1641/3208/4565 1373/3207/4565 1650/3240/4565
s 1
f 1617/3241/4566 1601/3224/4543 1603/2799/4545
s 0
f 1621/3198/4567 1379/2733/4567 1353/2626/4567
f 260/3201/4568 1366/3204/4568 1369/2691/4568
s 1
f 1615/3227/4569 1609/3242/4570 1622/3214/4571
s 0
f 1610/3217/4572 1631/3181/4572 1609/3183/4572
f 1619/3231/4573 1620/3230/4573 1616/3243/4573
f 1620/3230/4574 1610/3217/4574 1632/3244/4574
s 1
f 1610/329/4575 1623/3232/4576 1632/3245/4577
f 1620/3246/4578 253/3234/4578 1623/3236/4578
s 0
f 1606/3194/4579 1625/3247/4579 1630/3248/4579
f 1606/3194/4580 1396/2704/4580 1625/3247/4580
s 1
f 1609/3242/4581 261/3249/4582 1622/3214/4571
s 0
f 1631/3181/4583 1610/3217/4583 1619/3231/4583
f 253/3234/4584 1620/3246/4584 1632/3250/4584
f 1623/3251/4585 1616/3252/4585 1634/334/4585
s 1
f 261/3249/4586 1414/3253/4587 1622/3214/4588
f 1414/3254/4587 1631/3181/4589 1622/3255/4588
f 1631/3181/4590 1619/3231/4591 257/3256/4592
s 0
f 1632/3257/4593 1619/3231/4593 1616/3243/4593
f 1616/3235/4594 253/3234/4594 1632/3250/4594
s 1
f 1623/3251/4576 1634/334/4595 1632/3258/4577
s 0
f 256/3259/4596 255/336/4596 257/332/4596
f 1624/3260/4597 1634/334/4597 1616/3252/4597
f 1637/3261/4598 1606/3194/4598 1630/3248/4598
f 1622/3214/4599 1639/3126/4599 1633/3226/4599
f 1634/334/4600 256/335/4600 1632/3258/4600
f 1624/3237/4601 1606/3194/4601 1637/3261/4601
f 1626/3262/4602 1611/2672/4602 1636/3263/4602
f 1420/2706/4603 1628/3264/4603 1611/2672/4603
s 1
f 260/3188/4604 1371/3187/4605 1633/3226/4606
s 0
f 1634/334/4607 1624/3260/4607 257/332/4607
f 1637/3265/4608 1625/3266/4608 1626/3267/4608
f 1636/3263/4609 1611/2672/4609 1628/3264/4609
s 1
f 1632/3268/4610 256/3259/4610 257/332/4610
s 0
f 1619/3231/4611 1632/3257/4611 257/3256/4611
s 1
f 260/3188/4604 1633/3226/4606 1640/3269/4612
f 1622/3255/4613 1631/3181/4590 257/3256/4592
s 0
f 1635/3270/4614 1624/3237/4614 1637/3261/4614
f 257/3271/4615 1624/3237/4615 1635/3270/4615
f 1630/3248/4616 1625/3247/4616 1637/3261/4616
s 1
f 1636/3206/4617 1366/3204/4618 1661/3272/4619
f 1366/3204/4618 260/3201/4604 1661/3272/4619
f 1659/3273/4620 1636/3206/4617 1661/3272/4619
s 0
f 1633/3226/4621 1639/3126/4621 1640/3269/4621
f 1639/3274/4622 1622/3255/4622 257/3256/4622
f 1593/3151/4623 264/3150/4623 1636/3206/4623
f 264/3144/4624 1638/3275/4624 1636/3276/4624
f 1626/3267/4625 1636/3277/4625 1420/3209/4625
s 1
f 1638/3275/4626 1626/3267/4627 1645/3278/4628
s 0
f 1641/3208/4629 1626/3267/4629 1420/3209/4629
f 1650/3240/4630 1373/3207/4630 1652/3279/4630
f 1642/3280/4631 258/3210/4631 1613/3212/4631
f 1618/3199/4632 1614/3281/4632 1627/3282/4632
f 1614/3281/4633 1604/3283/4633 1627/3282/4633
f 1627/3282/4634 1604/3283/4634 1392/3284/4634
s 1
f 1647/3191/4504 1366/3204/4522 1420/3285/4635
f 333/2318/3097 1612/3219/4537 1641/2675/3681
f 1381/2631/4636 1643/3286/4637 1243/2365/4638
f 1381/3287/3621 1315/3220/3623 259/3222/4639
s 0
f 259/3288/4640 258/3289/4640 1643/3290/4640
s 1
f 1643/3291/4641 258/3292/4642 1644/3293/4643
f 1621/3198/4644 1618/3199/4644 1627/3282/4644
f 1366/3204/4522 1628/3205/4523 1420/3285/4635
s 0
f 1638/3275/4645 1645/3278/4645 1636/3276/4645
s 1
f 1626/3267/4627 1641/3208/4646 1645/3278/4628
s 0
f 1617/3241/4647 1603/2799/4647 1621/3294/4647
f 259/3295/4648 1642/3280/4648 1613/3212/4648
s 1
f 1613/3212/4649 1617/3296/4650 1648/3297/4651
s 0
f 1621/3294/4652 1646/3298/4652 1617/3241/4652
f 1603/2799/4653 1379/3058/4653 1621/3294/4653
s 1
f 1643/3286/4654 331/2230/3269 1243/2365/3271
s 0
f 259/3288/4655 1643/3290/4655 1642/3299/4655
f 1642/3299/4656 1643/3290/4656 1648/3300/4656
s 1
f 1648/3300/4657 1643/3290/4637 1381/3287/4658
s 0
f 1645/3278/4659 1420/3301/4659 1636/3276/4659
s 1
f 331/2230/3269 1643/3286/4654 1612/3219/4660
f 1644/3293/4643 258/3292/4642 1642/3302/4661
f 259/3222/4662 1648/3300/4657 1381/3287/4658
f 1651/3303/4663 1627/3282/4664 1392/3284/4665
f 1392/3284/4665 1647/3304/4666 1651/3303/4663
f 1641/3208/4667 1612/3305/4668 1645/3278/4669
f 1648/3297/4657 259/3295/4662 1613/3212/4670
f 1649/3306/4671 1648/3297/4672 1617/3296/4673
s 0
f 1643/3291/4674 1644/3293/4674 1649/3307/4674
s 1
f 1642/3302/4661 1648/3308/4672 1644/3293/4643
f 1651/3309/4675 1621/3294/4676 1627/3310/4677
f 1621/3294/4676 1651/3309/4675 1646/3298/4678
s 0
f 1650/3311/4679 1420/3301/4679 1645/3278/4679
s 1
f 1612/3312/4660 1643/3313/4654 1649/3306/4680
f 1644/3293/4643 1648/3308/4672 1649/3307/4671
f 1420/3301/4681 1650/3311/4682 1652/3314/4683
f 1647/3191/4504 1420/3285/4635 1652/3315/4684
s 0
f 1641/3316/4685 1650/3317/4685 1655/3318/4685
s 1
f 1641/3316/3681 1655/3318/4686 1652/3319/3620
f 1612/3312/4660 1649/3306/4687 1617/3296/4688
f 1651/3303/4663 1647/3304/4666 1646/3320/4689
f 1655/3318/4690 1650/3317/4691 1658/3321/4692
f 1650/3322/4693 1645/3323/4693 1658/3324/4694
f 1658/3324/4694 1645/3323/4695 1612/3325/4696
f 1646/3320/4689 1647/3304/4666 1652/3319/4697
f 1617/3296/4698 1646/3326/4699 1612/3312/4696
f 1646/3320/4700 1652/3319/3620 1655/3318/4686
f 1612/3325/4696 1660/3327/4701 1658/3324/4694
f 1612/3325/4696 1646/3320/4699 1660/3327/4701
s 0
f 1660/3327/4702 1646/3320/4702 1655/3318/4702
s 1
f 1659/3328/4703 1658/3324/4704 1660/3327/4705
f 1655/3318/4690 1658/3321/4692 1659/3329/4706
f 1655/3318/4690 1659/3329/4706 1661/3330/4707
f 1660/3327/4708 1655/3318/4709 1661/3330/4710
f 1660/3327/4705 1593/3331/4711 1659/3328/4703
f 260/3188/4604 1640/3269/4612 1661/3332/4619
f 1594/3145/4434 1593/3333/4712 1595/3141/4435
f 1636/3206/4713 1659/3273/4620 1593/3151/4714
f 1593/3331/4715 1660/3327/4708 1661/3330/4710
s 0
f 257/3271/4716 1635/3270/4716 1639/3334/4716
f 1637/3265/4717 1626/3267/4717 1635/3335/4717
s 1
f 264/3144/4718 1595/3141/4719 1638/3275/4720
f 1626/3267/4721 1638/3275/4722 1596/3336/4723
s 0
f 1591/3135/4724 1590/3133/4724 1665/3337/4724
f 1639/3126/4725 1586/3125/4725 1662/3132/4725
s 1
f 1591/3338/4726 1596/3339/4727 1663/3340/4728
f 1639/3341/4729 1635/3342/4730 1664/3343/4731
s 0
f 1590/3133/4732 1587/3124/4732 266/3130/4732
s 1
f 1663/3344/4733 1596/3336/4734 1638/3275/4720
s 0
f 1662/3132/4735 263/3142/4735 1594/3345/4735
s 1
f 1661/3332/4619 1640/3269/4612 1593/3346/4736
f 1638/3275/4720 1595/3141/4719 1663/3344/4733
f 1595/3141/4719 1593/3333/4737 1663/3344/4733
s 0
f 1594/3347/4738 1591/3338/4738 1663/3340/4738
f 1640/3269/4739 1639/3126/4739 1662/3132/4739
f 1664/3348/4740 1594/3347/4740 1663/3340/4740
f 1593/3346/4741 1640/3269/4741 1664/3349/4741
f 1640/3269/4742 1662/3132/4742 1664/3349/4742
f 1663/3340/4743 1593/3350/4743 1664/3348/4743
f 1665/3351/4744 1664/3349/4744 1662/3132/4744
f 1662/3132/4745 1594/3345/4745 1665/3351/4745
f 1594/3347/4746 1664/3348/4746 1596/3352/4746
f 1665/3337/4747 1594/3353/4747 1596/3354/4747
s 1
f 1635/3335/4730 1626/3267/4748 1664/3355/4731
f 1626/3267/4721 1596/3336/4723 1664/3355/4749
f 1596/3354/4727 1591/3135/4750 1665/3337/4751
f 1639/3341/4418 1664/3343/4752 266/3356/4416
s 0
f 1590/3133/4753 266/3130/4753 1665/3337/4753
s 1
f 1664/3343/4754 1391/3029/4755 266/3356/4756
s 0
f 266/3356/4757 1391/3029/4757 1569/3030/4757
s 1
f 1451/2822/4758 1537/2824/4759 1667/3357/4760
s 0
f 1443/2813/4761 1670/3358/4761 1715/3359/4761
s 1
f 1669/3360/4762 303/2805/4763 1447/2816/4764
f 1447/2816/4765 1451/2822/4758 1667/3357/4760
s 0
f 1670/3358/4766 1443/2813/4766 1441/2812/4766
f 1667/3357/4767 1537/2824/4767 1670/3361/4767
s 1
f 1670/3362/4768 1441/3064/4768 1668/3066/4768
s 0
f 1668/3066/4769 303/3065/4769 1671/3363/4769
s 1
f 303/3065/4763 1669/3364/4762 1673/3365/4770
f 1669/3360/4771 1447/2816/4765 1667/3357/4760
s 0
f 1668/3066/4772 1671/3363/4772 1672/3366/4772
s 1
f 1673/3365/4773 1671/3363/4774 303/3065/4775
s 0
f 1670/3362/4776 1668/3066/4776 1672/3366/4776
s 1
f 1667/3357/4777 1670/3361/4778 1672/3367/4779
s 0
f 1673/3365/4780 1669/3364/4780 1674/3368/4780
f 1674/3368/4781 1669/3364/4781 1681/3369/4781
s 1
f 1681/3370/4782 1667/3357/4777 1672/3367/4779
f 1671/3363/4774 1673/3365/4773 1343/3016/4783
s 0
f 1669/3360/4784 1667/3357/4784 1681/3370/4784
s 1
f 1671/3363/4785 1682/3371/4786 1672/3366/4787
f 1671/3363/4788 1343/3016/4789 1682/3371/4790
s 0
f 1343/3016/4791 1673/3365/4791 1675/3372/4791
f 1674/3368/4792 1675/3372/4792 1673/3365/4792
f 1703/3373/4793 1681/3370/4793 1672/3367/4793
f 1672/3366/4794 1682/3371/4794 1703/3374/4794
f 1729/3375/4795 1437/3037/4795 1449/3036/4795
f 1449/3036/4796 1443/2813/4796 1715/3359/4796
s 1
f 294/3048/4308 301/3051/4797 1571/3082/4309
s 0
f 301/3025/4798 1203/2330/4798 1571/3376/4798
s 1
f 1573/369/4345 275/354/523 284/366/522
s 0
f 1706/346/4799 270/345/4799 273/3098/4799
f 1538/2831/4800 1148/2242/4800 1553/3100/4800
f 1575/3101/4801 335/2312/4801 1707/2640/4801
s 1
f 1541/2605/4802 1576/3102/4803 1680/3377/4804
f 1536/3005/4805 1334/3006/4806 1716/3378/4807
f 1350/2569/3768 1117/3379/3348 1878/3380/4808
f 1408/2644/3643 1351/402/3642 1567/2686/4188
f 1351/402/3546 1377/2625/3615 1712/2590/3547
f 1713/3055/4809 291/2687/4288 1364/2609/4287
f 1735/3381/4810 1314/2544/4811 1411/3012/4812
s 0
f 1729/3382/4813 1343/2634/4813 1374/2661/4813
f 1670/3361/4814 1537/2824/4814 1715/3383/4814
s 1
f 1570/3384/4815 1847/3385/3328 1683/3386/4204
f 1683/3386/4204 1847/3385/3328 347/3387/564
f 1546/3039/4237 1548/3388/4816 1573/3389/4817
f 276/353/517 286/3095/4353 1678/3094/4818
f 1678/3094/4819 286/3095/4350 252/3097/4352
s 0
f 287/3390/4820 1772/3391/4820 1753/3392/4820
s 1
f 1573/369/4821 284/366/4347 1678/3393/4349
s 0
f 287/3390/4822 1753/3392/4822 252/3097/4822
s 1
f 1570/3384/4815 1683/3386/4204 1753/3392/4823
f 1683/3019/4204 1546/3039/4237 1573/3389/4817
s 0
f 1678/3394/4824 252/3395/4824 1684/3396/4824
f 1573/3397/4825 1678/3398/4825 1684/327/4825
s 1
f 1753/3392/4826 1683/3386/4204 252/3097/4827
f 252/3395/4827 1683/3399/4204 250/3400/4828
f 1683/3399/4204 1573/3397/4817 250/3400/4829
s 0
f 250/3400/4830 1684/3396/4830 252/3395/4830
s 1
f 1684/327/4831 249/326/460 251/3401/472
s 0
f 1573/3397/4832 1684/327/4832 1685/3402/4832
f 1685/3402/4833 1684/327/4833 251/3401/4833
s 1
f 250/3400/4829 1573/3397/4817 1685/3402/4834
s 0
f 1688/3403/4835 1685/3402/4835 251/3401/4835
f 1688/3403/4836 1548/3404/4836 1685/3402/4836
s 1
f 301/3024/4281 1677/3068/4837 1547/3042/4241
s 0
f 1550/3049/4838 1552/3091/4838 1686/3405/4838
s 1
f 1686/3406/4839 1552/2826/4839 1551/3053/4839
s 0
f 1550/3049/4840 1677/3407/4840 1551/3408/4840
s 1
f 1677/3407/4841 1571/3409/4842 1551/3408/4843
s 0
f 1571/3376/4844 1203/2330/4844 1572/2331/4844
s 1
f 1709/3092/4341 285/360/4343 1687/3410/4845
f 251/3411/473 250/3400/467 1690/3412/4846
f 1677/3407/4847 1550/3049/4847 1686/3405/4847
f 1551/3413/4848 1452/2239/4849 288/3054/4850
f 1688/3414/4851 251/3411/473 1690/3412/4846
f 250/3400/4829 1685/3402/4834 1690/3412/4852
f 1677/3068/4837 1548/3043/4853 1547/3042/4854
f 1685/3402/4834 1548/3404/4853 1690/3412/4852
f 1677/3415/4837 1686/3416/4855 1690/3417/4852
f 1571/3376/4842 1572/2331/4856 1551/3413/4843
f 1696/3418/4857 1709/3419/4858 1687/3420/4859
f 1687/3410/4845 285/360/4343 274/358/4860
f 274/358/4860 1688/363/4861 1687/3410/4845
f 1686/3421/4862 1551/3413/4863 288/3054/4864
s 0
f 1572/2331/4865 1452/2239/4865 1551/3413/4865
s 1
f 245/3422/4866 1696/3418/4857 1687/3420/4859
f 1548/3043/4853 1677/3068/4837 1690/3423/4852
f 288/3424/4867 1696/3418/4857 245/3422/4866
s 0
f 1686/3416/4868 1689/3425/4868 1690/3417/4868
s 1
f 245/3426/4866 1687/3427/4859 1688/3428/4851
s 0
f 1691/3429/4869 1690/3417/4869 1689/3425/4869
s 1
f 245/3426/4866 1688/3428/4851 1690/3417/4846
s 0
f 1689/3425/4870 1686/3416/4870 245/3430/4870
s 1
f 1686/3416/4871 288/3431/4867 245/3430/4866
s 0
f 245/3426/4872 1690/3417/4872 1691/3429/4872
s 1
f 1692/3432/4873 1689/3425/4874 245/3430/4875
f 1691/3429/4876 1689/3425/4877 1692/3432/4878
f 1692/3432/4873 245/3430/4875 244/3433/4879
f 1692/3432/4880 244/3433/4881 1694/3434/4882
f 1691/3429/4876 1692/3432/4878 1695/3435/4883
s 0
f 1692/3432/4884 1694/3434/4884 1695/3435/4884
f 245/3426/4885 1691/3429/4885 1695/3435/4885
f 1695/3435/4886 244/3436/4886 245/3426/4886
f 1696/3437/4887 244/3436/4887 1695/3435/4887
s 1
f 1694/3434/4882 244/3433/4881 1696/3438/4888
f 1694/3434/4882 1696/3438/4888 1538/3439/4889
f 335/2312/3374 1295/2362/3177 1707/2640/4890
s 0
f 1540/2722/4891 1541/2605/4891 1680/3377/4891
s 1
f 1680/3377/4804 1576/3102/4803 1723/3440/4892
f 1348/3003/4175 1559/3004/4177 1698/3441/4893
f 1559/3004/4316 1349/2666/4315 1699/3028/4894
f 1749/3104/4360 1362/3071/4362 1561/3073/4895
f 1388/2684/3697 1350/2569/3700 242/3442/4896
f 240/3107/4369 1411/3012/4368 1745/3106/4897
f 1412/3079/4297 1338/2494/4299 1391/3029/4898
f 1391/3029/4755 1664/3343/4754 1412/3079/4899
s 0
f 1664/3349/4900 1665/3351/4900 1412/3443/4900
f 1702/3444/4901 1343/3016/4901 1675/3372/4901
f 1729/3445/4902 1682/3371/4902 1343/3016/4902
f 1374/2661/4903 1437/2681/4903 1729/3382/4903
s 1
f 287/3390/4904 252/3097/4905 1705/3446/4906
f 277/352/4907 273/362/485 239/365/4908
f 293/2178/4909 1574/2604/4910 1553/3100/4911
s 0
f 1710/3447/4912 1697/3448/4912 1565/3070/4912
f 1697/3448/4913 1554/2725/4913 1565/3070/4913
f 1347/3027/4914 1348/3449/4914 1565/3070/4914
s 1
f 1698/3441/4893 1559/3004/4177 233/3450/4915
f 1376/2492/4916 1566/3087/4917 1724/3451/4918
f 242/3442/4896 338/2538/3698 1388/2684/3697
s 0
f 1335/2541/4919 1408/2644/4919 1726/3452/4919
f 1342/2611/4920 1701/3453/4920 1700/3056/4920
s 1
f 1544/3013/4921 1666/3035/4922 1714/3454/4923
s 0
f 1537/2824/4924 1448/2814/4924 1676/3455/4924
s 1
f 239/365/4908 273/362/485 1679/3456/484
f 1576/3102/4358 310/2560/3609 1697/3457/4925
s 0
f 1565/3070/4926 1348/3449/4926 1710/3447/4926
s 1
f 1348/3003/4175 1698/3441/4893 1710/3458/4927
s 0
f 1708/3459/4928 233/3450/4928 1559/3004/4928
s 1
f 1699/3028/4929 1536/3005/4805 1716/3378/4807
f 242/3442/4930 1724/3451/4918 1566/3087/4917
f 1735/3381/4810 289/2469/4931 1314/2544/4811
s 0
f 1665/3351/4932 266/3460/4932 1569/3461/4932
s 1
f 1401/3034/4933 1544/3013/4934 1714/3454/4923
f 1674/3368/4935 1681/3369/4936 1675/3372/4937
f 1675/3372/4937 1681/3369/4936 1703/3462/4938
s 0
f 1729/3375/4939 1449/3036/4939 1715/3359/4939
s 1
f 242/3442/4940 1566/3087/4321 338/2538/4323
f 1410/2592/3549 268/3074/4290 225/3463/4941
s 0
f 1412/3443/4942 1665/3351/4942 1569/3461/4942
s 1
f 1843/3464/4943 1578/3117/4388 1436/3031/4387
s 0
f 1401/3034/4944 1843/3465/4944 1436/3032/4944
s 1
f 1448/2814/4945 1450/2821/4946 1676/3455/4947
s 0
f 1695/3435/4948 1694/3434/4948 1553/3466/4948
f 1553/3100/4949 1574/2604/4949 243/3467/4949
f 1680/3377/4950 1326/2581/4950 1540/2722/4950
f 1708/3459/4951 1559/3004/4951 1699/3028/4951
s 1
f 1716/3378/4952 1334/3006/4953 290/3103/4954
f 1117/3379/3348 1215/3468/4955 1878/3380/4808
s 0
f 361/3469/1062 598/827/1062 597/820/1062
f 1713/3055/4956 1700/3056/4956 291/2687/4956
s 1
f 1742/3075/4291 289/2410/4293 1735/3470/4957
f 1772/3391/4958 287/3390/4959 1705/3446/4960
f 1706/346/4961 283/3099/4962 1722/3471/4963
s 0
f 1696/3437/4964 1695/3435/4964 1553/3466/4964
s 1
f 1553/3466/4965 1694/3434/4882 1538/3439/4889
f 1707/2640/4966 1326/2581/4967 1680/3377/4968
f 1561/3073/4969 1719/3472/4970 1749/3104/4971
f 1724/3451/4918 242/3442/4930 235/3473/4972
s 0
f 1750/3474/4973 1700/3056/4973 1764/3475/4973
f 1701/3453/4974 1342/2611/4974 1727/3476/4974
f 1715/3383/4975 1537/2824/4975 1676/3455/4975
f 1706/346/4976 1722/3471/4976 1679/347/4976
s 1
f 1722/3471/4977 283/3099/4978 1709/3477/4979
s 0
f 243/3467/4980 1574/2604/4980 1575/3101/4980
f 1710/3458/4981 1698/3441/4981 1748/3478/4981
s 1
f 1408/2644/3643 1567/2686/4188 1726/3452/4982
f 1567/2686/3704 1337/2591/3703 1731/3479/4983
f 1377/2625/4984 1352/2732/4985 291/2687/4986
f 1700/3056/4987 1701/3453/4988 1764/3475/4989
f 225/3463/4990 1733/3011/4190 1410/2592/3549
s 0
f 1736/3480/4991 237/3481/4991 238/3482/4991
s 1
f 240/3107/4992 1745/3106/4993 238/3482/4994
f 1569/3483/4995 1721/3484/4996 1412/3078/4997
f 1752/3485/4998 1744/3486/4999 1728/3487/5000
f 1728/3487/5000 1744/3486/4999 1743/3488/5001
f 1728/3487/5002 1743/3488/5003 1745/3076/4294
s 0
f 1343/3016/5004 1702/3444/5004 1714/3454/5004
f 1682/3371/5005 1729/3445/5005 1703/3374/5005
s 1
f 1705/3446/4906 252/3097/4905 1747/3096/5006
f 1747/3096/4351 286/3095/4350 239/365/5007
f 1783/3489/5008 1696/3418/4857 1553/3490/5009
f 1748/3478/5010 1698/3441/4893 1759/3491/5011
f 1759/3491/5012 1698/3441/4893 233/3450/4915
f 242/3442/5013 1350/2569/3768 235/3473/5014
f 235/3473/5014 1350/2569/3768 1878/3380/4808
f 1727/3476/5015 1342/2611/3672 1733/3011/4190
f 225/3463/5016 268/3074/5017 1742/3075/5018
f 1742/3075/5018 1735/3470/5019 232/3492/5020
f 240/3107/5021 238/3482/5022 237/3481/5023
f 1450/2821/5024 1766/3493/5025 1676/3455/4947
s 0
f 239/3494/5026 1679/347/5026 1722/3471/5026
s 1
f 234/3495/5027 243/3467/5028 1575/3101/5029
s 0
f 236/3496/5030 1723/3497/5030 1576/3498/5030
s 1
f 1716/3378/5031 290/3103/5032 1749/3104/5033
f 1755/3499/5034 1561/3086/4319 1562/3085/4318
f 1376/3008/4916 1761/3500/5035 1720/3009/5036
f 1215/2340/5037 1135/2002/5038 1878/3501/5039
f 1567/2686/5040 241/2731/5041 1726/3452/5042
f 1567/2686/5040 1731/3479/5043 241/2731/5041
f 1731/3479/4983 1337/2591/3703 1712/2590/5044
f 1377/2625/4984 291/2687/5045 1712/2590/5046
f 1712/2590/5047 291/2687/5048 1750/3474/5049
f 1701/3453/5050 1727/3476/5050 1757/3502/5050
f 230/3108/5051 240/3107/5052 237/3481/5023
s 0
f 1843/3465/5053 1401/3034/5053 1714/3454/5053
f 1666/3035/5054 1343/3016/5054 1714/3454/5054
s 1
f 1766/3503/5055 1450/3018/4200 1438/2804/3862
s 0
f 239/3494/5056 1725/3504/5056 248/3505/5056
f 239/3494/5057 1722/3471/5057 1725/3504/5057
s 1
f 1737/3506/5058 1707/2640/4966 1680/3377/4968
s 0
f 1697/3507/5059 1710/3458/5059 1748/3478/5059
f 1759/3491/5060 233/3450/5060 1730/3508/5060
f 1755/3509/5061 1719/3510/5061 1561/3511/5061
s 1
f 241/2731/5041 1335/2541/5062 1726/3452/5063
f 1712/2590/5064 1750/3474/5065 1732/3512/5066
f 291/2687/5067 1700/3056/5068 1750/3474/5049
f 232/3492/5069 1758/3513/5070 231/3514/5071
f 1781/3515/5072 1736/3480/5073 238/3482/5074
f 1745/3076/4294 1412/3078/4296 1819/3516/5075
s 0
f 1702/3444/5076 1675/3372/5076 1746/3517/5076
f 1675/3372/5077 1703/3462/5077 1746/3517/5077
f 1703/3374/5078 1729/3445/5078 1746/3518/5078
f 1729/3519/5079 1715/3383/5079 1766/3493/5079
s 1
f 247/319/468 1725/318/5080 1767/3520/5081
f 1708/3459/5082 1699/3028/5083 1716/3378/4807
f 1562/3085/4318 1720/3105/5036 1755/3499/5034
f 1764/3475/5084 1701/3453/4988 1757/3502/5085
f 1819/3516/5086 1412/3078/4997 1721/3484/4996
s 0
f 1715/3383/5087 1676/3455/5087 1766/3493/5087
s 1
f 249/321/465 246/323/464 1767/3520/5088
f 1576/3498/5089 1697/3507/5090 1754/3521/5091
f 1754/3521/5091 1697/3507/5090 1748/3478/5092
f 1730/3508/5093 233/3450/5094 1708/3459/5095
f 1376/3008/4916 1724/3522/4918 1761/3500/5035
f 1731/3479/4983 1712/2590/5044 1741/3523/5096
f 1818/3524/5097 1712/2590/5064 1732/3512/5066
f 230/3108/5098 237/3481/5099 1751/3525/5100
f 238/3482/4994 1745/3106/5101 1743/3526/5102
f 247/319/468 1767/3520/5081 246/323/469
f 1793/315/5103 1792/3527/5104 234/3528/5105
s 0
f 1770/3529/5106 236/3496/5106 1576/3498/5106
s 1
f 1716/3378/5031 1749/3104/5033 1760/3530/5107
f 1773/3531/5108 1724/3522/5109 1806/3532/5110
f 235/3473/5111 1806/3533/5112 1724/3451/5113
f 248/322/5114 249/321/465 1767/3520/5088
s 0
f 1709/3419/5115 1768/3534/5115 1722/3535/5115
s 1
f 234/3495/5116 1813/3536/5117 243/3467/5118
s 0
f 1770/3529/5119 1576/3498/5119 1754/3521/5119
s 1
f 1748/3478/5120 1759/3491/5121 1777/3537/5122
f 1755/3509/5034 1720/3009/5036 1761/3500/5035
f 232/3492/5069 1735/3470/5123 1758/3513/5124
f 1751/3525/5100 237/3481/5099 1736/3480/5125
f 1744/3486/4999 1752/3485/4998 1785/3538/5126
s 0
f 1714/3454/5127 1702/3444/5127 1746/3517/5127
f 1768/3534/5128 1709/3419/5128 1783/3489/5128
s 1
f 234/3495/5027 1575/3101/5029 1793/3539/5129
f 1680/3377/5130 1723/3440/5131 1737/3506/5132
f 1730/3508/5133 1708/3459/5134 1778/3540/5135
f 1716/3378/5136 1760/3530/5137 1738/3541/5138
f 1732/3512/5139 1750/3474/5140 1774/3542/5141
f 1709/3419/4858 1696/3418/4857 1783/3489/5008
f 1754/3521/5142 1748/3478/5120 1777/3537/5122
f 1779/3543/5143 1719/3510/5144 1755/3509/5145
f 1727/3476/5015 1733/3011/4190 1824/3544/5146
s 0
f 1765/3545/5147 1758/3513/5147 1780/3546/5147
s 1
f 1728/3487/5002 1745/3076/4294 1819/3516/5075
f 1825/3547/5148 1792/3527/5104 1793/315/5103
f 1730/3508/5149 1778/3540/5150 1815/3548/5151
f 1760/3530/5152 1749/3104/5153 1719/3472/5154
f 1741/3523/5155 1712/2590/5064 1818/3524/5097
f 226/3549/5156 1732/3512/5139 1774/3542/5141
f 1796/3550/5157 1764/3475/5084 1757/3502/5085
f 231/3514/5071 1758/3513/5070 1765/3545/5158
s 0
f 1775/3551/5159 1765/3545/5159 1780/3546/5159
f 1744/3552/5160 238/3482/5160 1743/3526/5160
f 1722/3535/5161 1768/3534/5161 1783/3489/5161
f 243/3467/5162 1813/3536/5162 1553/3100/5162
s 1
f 1759/3491/5163 1730/3508/5164 1815/3548/5151
f 1778/3540/5165 1708/3459/5082 1716/3378/4807
f 1789/3553/5166 1787/3554/5167 1786/3555/5168
f 1786/3555/5168 1787/3554/5167 1790/3556/5169
f 1786/3555/5168 1788/3557/5170 1789/3553/5166
f 1789/3553/5171 1788/3557/5172 1775/3558/5173
f 1411/3012/4368 230/3108/4370 1812/3559/5174
f 1791/3560/5175 1736/3480/5176 1781/3515/5072
f 1578/2688/4331 1843/3561/5177 1569/3030/4332
s 0
f 1714/3454/5178 1746/3517/5178 1843/3465/5178
f 1575/3101/5179 1707/2640/5179 1793/3539/5179
s 1
f 1814/3562/5180 1770/3529/5181 1754/3521/5182
f 1795/3563/5183 1779/3543/5184 1755/3509/5145
f 241/2731/5041 1731/3479/5043 1859/3564/5185
s 0
f 1818/3524/5186 1732/3512/5186 226/3549/5186
s 1
f 225/3463/5016 1742/3075/5018 232/3492/5020
f 1788/3557/5170 1786/3555/5168 1790/3556/5169
f 1735/3381/4810 1411/3012/5187 1812/3559/5188
s 0
f 230/3108/5189 1751/3525/5189 1812/3559/5189
f 1751/3525/5190 1736/3480/5190 1791/3560/5190
s 1
f 1744/3552/5191 1785/3565/5192 229/3566/5193
s 0
f 1843/3567/5194 1746/3568/5194 1766/3569/5194
f 1746/3570/5195 1729/3519/5195 1766/3493/5195
s 1
f 1438/3571/5196 1847/3572/5197 1766/3569/5198
f 1753/3392/5199 1772/3391/5200 1876/3573/5201
f 1767/3574/5081 1725/3575/5080 1722/3535/5202
s 0
f 236/3496/5203 1770/3529/5203 1814/3562/5203
f 1754/3521/5204 1794/3576/5204 1799/3577/5204
f 1794/3576/5205 1754/3521/5205 1777/3537/5205
s 1
f 1800/3578/5206 1778/3540/5165 1716/3378/4807
s 0
f 1738/3541/5207 1822/3579/5207 1801/3580/5207
s 1
f 1803/3581/5208 1802/3582/5209 1806/3583/5210
s 0
f 1802/3584/5211 1803/3585/5211 1807/3586/5211
f 1807/3587/5212 1803/3588/5212 1808/3589/5212
s 1
f 1803/3588/5213 1804/3590/5214 1808/3589/5215
f 1804/3590/5216 1802/3584/5217 1807/3586/5218
f 1809/3591/5219 1808/3592/5220 1804/3593/5221
f 1808/3592/5222 1809/3591/5223 1807/3594/5224
s 0
f 1807/3594/5225 1809/3591/5225 1806/3532/5225
s 1
f 1802/3582/5209 221/3595/5226 1810/3596/5227
f 1804/3590/5216 1805/3597/5228 1802/3584/5217
f 1805/3597/5229 1804/3590/5214 1803/3588/5213
s 0
f 1809/3591/5230 1804/3593/5230 1810/3598/5230
f 1804/3593/5231 1807/3599/5231 1810/3598/5231
f 1807/3594/5232 1806/3532/5232 1810/3600/5232
s 1
f 1806/3583/5210 1802/3582/5209 1810/3596/5227
f 1848/3601/5233 1773/3531/5234 1806/3532/5235
s 0
f 1774/3542/5236 1757/3502/5236 1727/3476/5236
s 1
f 1790/3556/5237 1787/3554/5238 223/3602/5239
f 1812/3559/5240 1751/3525/5241 1791/3560/5242
s 0
f 1785/3538/5243 1728/3487/5243 228/3603/5243
s 1
f 1705/3446/4906 1747/3096/5006 1840/3604/5244
s 0
f 1793/3539/5245 1707/2640/5245 1737/3506/5245
s 1
f 1737/3605/5132 1723/3497/5131 1814/3562/5246
s 0
f 1835/3606/5247 1777/3537/5247 1759/3491/5247
s 1
f 1809/3591/5248 1848/3601/5249 1806/3532/5250
f 1774/3542/5251 1750/3474/5252 1764/3475/5253
s 0
f 1796/3550/5254 1757/3502/5254 1774/3542/5254
f 1775/3551/5255 1985/3607/5255 1765/3545/5255
s 1
f 1811/3608/5256 1790/3556/5257 223/3602/5239
s 0
f 1758/3609/5258 1735/3381/5258 1812/3559/5258
f 1781/3515/5259 238/3482/5259 1744/3552/5259
f 1752/3485/5260 1728/3487/5260 1785/3538/5260
s 1
f 1840/3604/5244 1747/3096/5006 1820/3610/5261
f 1723/3497/5131 236/3496/5262 1814/3562/5246
f 1822/3579/5263 1738/3541/5138 1760/3530/5137
f 1760/3530/5264 1719/3472/5265 1822/3579/5266
f 1810/3596/5227 221/3595/5226 1848/3611/5267
f 1845/3612/5268 1803/3613/5208 1806/3533/5210
f 1859/3564/5185 1731/3479/5043 1741/3523/5269
f 1764/3475/5253 1796/3550/5270 1774/3542/5251
f 1824/3544/5146 1733/3011/4190 225/3463/4990
f 1570/3614/5271 1753/3615/5272 1833/3616/5273
f 1820/3610/5274 1747/3096/4351 239/365/5007
f 1783/3489/5008 1553/3490/5009 1813/3617/5275
f 1792/3618/5104 1834/3619/5276 234/3620/5105
f 1799/3577/5277 1814/3562/5180 1754/3521/5182
f 1755/3509/5145 1761/3500/5278 1795/3563/5183
f 1848/3601/5249 1809/3591/5248 1810/3598/5279
f 1812/3559/5280 1791/3560/5281 1832/3621/5282
f 1722/3535/5202 1783/3489/5283 1767/3574/5081
s 0
f 1777/3537/5284 1835/3606/5284 1794/3576/5284
f 1835/3606/5285 1759/3491/5285 1815/3548/5285
s 1
f 1800/3578/5206 1815/3548/5286 1778/3540/5165
f 1800/3578/5287 1716/3378/5136 1738/3541/5138
f 1724/3522/5109 1795/3563/5183 1761/3500/5278
f 1724/3522/5109 1773/3531/5108 1795/3563/5183
s 0
f 221/3595/5288 1802/3582/5288 1805/3622/5288
s 1
f 1845/3612/5289 235/3473/5014 1878/3380/4808
f 241/3623/5041 1859/3624/5185 1849/3625/5290
f 1741/3523/5155 1818/3524/5097 1859/3564/5291
f 1774/3542/5292 1727/3476/5015 1824/3544/5146
f 1785/3538/5293 228/3603/5294 1852/311/5295
f 239/3494/5296 248/3505/5297 1767/3626/5298
f 1792/3627/5104 1825/3628/5148 1829/3629/5299
f 213/316/5300 1793/315/458 1862/3630/5301
s 0
f 219/3631/5302 1830/3632/5302 1848/3611/5302
s 1
f 1795/3563/5303 1773/3531/5234 1848/3601/5233
s 0
f 1845/3612/5304 1806/3533/5304 235/3473/5304
s 1
f 1824/3544/5146 225/3463/4990 1850/3633/5305
f 1775/3551/5173 1788/3634/5172 1985/3607/5306
f 223/3602/5307 1787/3554/5308 217/3635/5309
f 1852/311/5310 228/3603/5311 1828/312/455
f 1728/3487/5312 1819/3516/5313 1828/312/5314
f 1847/3572/5315 1570/3614/5316 1833/3616/5317
f 1772/3391/4958 1705/3446/4960 1865/3636/5318
f 1865/3636/5318 1705/3446/5319 1840/3604/5320
f 1834/3619/5321 1813/3637/5117 234/3620/5116
s 0
f 1830/3632/5322 1795/3638/5322 1848/3611/5322
f 221/3595/5323 1805/3622/5323 1844/3639/5323
f 597/820/5324 1863/2685/5324 361/3469/5324
s 1
f 241/3623/4187 1849/3625/5325 1863/3640/3701
s 0
f 1788/3557/5326 1790/3556/5326 1811/3608/5326
s 1
f 224/3641/5327 223/3602/5328 218/3642/5329
f 1787/3554/5308 1789/3553/5330 217/3635/5309
f 1838/3643/5331 1785/3538/5293 1852/311/5295
f 228/3603/5332 1728/3487/5312 1828/312/5333
f 1825/3547/5334 1793/315/458 227/314/457
s 0
f 1831/3644/5335 219/3631/5335 1848/3611/5335
f 1845/3612/5336 1844/3645/5336 1805/3646/5336
f 1805/3646/5337 1803/3613/5337 1845/3612/5337
f 1842/3647/5338 1818/3648/5338 226/3649/5338
s 1
f 1781/3515/5339 1744/3552/5340 229/3566/5341
f 1873/3650/5342 222/3651/5343 1854/3652/5344
f 1783/3489/5283 1813/3617/5275 1767/3574/5081
f 1737/3605/5345 1869/3653/5346 1793/3654/5347
f 1737/3605/5132 1814/3562/5246 1869/3653/5348
f 1822/3579/5266 1719/3472/5265 1857/3655/5349
f 1844/3639/5350 1848/3611/5267 221/3595/5226
f 1842/3647/5351 226/3649/5352 1881/3656/5353
f 1864/3657/5354 218/3642/5355 223/3602/5307
f 1789/3553/5171 1775/3558/5173 217/3635/5356
f 1791/3560/5357 1781/3515/5339 1832/3621/5358
f 1781/3515/5339 229/3566/5341 1832/3621/5358
f 229/3566/5193 1785/3565/5192 1898/3658/5359
f 1833/3616/5273 1753/3615/5272 1876/3659/5360
f 1865/3636/5361 1876/3573/5201 1772/3391/5362
f 1869/3653/5348 1814/3562/5246 1799/3577/5363
s 0
f 1738/3541/5364 1801/3580/5364 1800/3578/5364
s 1
f 1881/3660/5365 226/3549/5366 1774/3542/5367
f 1916/3661/5368 1824/3544/5146 1850/3633/5305
s 0
f 232/3662/5369 231/3663/5369 1867/3664/5369
s 1
f 1788/3557/5370 1811/3608/5371 1846/3665/5372
f 1851/3666/5373 1846/3665/5374 1811/3608/5371
f 1860/3667/5375 1811/3608/5375 223/3602/5375
s 0
f 223/3602/5376 224/3641/5376 1860/3667/5376
s 1
f 1872/3668/5377 217/3635/5356 1775/3558/5173
f 1898/3669/5378 1785/3538/5293 1838/3643/5331
s 0
f 1721/3484/5379 1569/3483/5379 1888/3670/5379
f 1800/3578/5380 1801/3580/5380 1856/3671/5380
f 1857/3655/5381 1719/3472/5381 1779/3672/5381
f 1779/3673/5382 1795/3674/5382 209/3675/5382
s 1
f 208/3676/5383 1831/3644/5384 1848/3611/5385
s 0
f 1859/3624/5386 1818/3648/5386 1842/3647/5386
f 214/3677/5387 1850/3633/5387 225/3463/5387
s 1
f 1860/3667/5388 224/3641/5389 216/3678/5390
s 0
f 1758/3609/5391 1812/3559/5391 1832/3621/5391
f 1852/311/5392 220/313/5392 1853/3679/5392
s 1
f 1855/3680/5393 1825/3628/5394 227/3681/5395
f 1861/3682/5396 227/3681/5397 1866/3683/5398
f 1869/3653/5348 1794/3576/5399 1835/3606/5400
f 223/3602/5307 217/3635/5309 1864/3657/5354
f 1832/3621/5401 229/3566/5193 1898/3658/5359
f 1873/3650/5342 1819/3516/5402 222/3651/5343
f 1888/3684/5403 1569/3030/4332 1843/3561/5177
f 1766/3569/5404 1847/3572/5197 1843/3567/5405
f 1866/3685/5398 227/314/5406 1868/3686/5407
f 225/3463/5408 232/3492/5409 1870/3687/5410
f 1788/3557/5172 1846/3665/5411 1985/3688/5306
f 216/3678/5412 224/3641/5327 218/3642/5329
f 1868/3686/5407 227/314/5406 213/316/5413
f 1799/3577/5363 1794/3576/5399 1869/3653/5348
f 1869/3653/5348 1835/3606/5400 1815/3548/5286
f 1830/3632/5414 219/3631/5415 1915/3689/5416
f 1985/3688/5306 1846/3665/5411 1894/3690/5417
f 216/3678/5418 218/3642/5419 1871/3691/5420
s 0
f 1853/3679/5421 220/313/5421 1875/3692/5421
s 1
f 1828/312/5422 1819/3516/5423 1873/3650/5424
f 1819/3516/5086 1721/3484/4996 1888/3670/5425
f 1820/3693/5426 239/3494/5296 1767/3626/5298
f 1792/3618/5104 1829/3694/5299 1834/3619/5276
f 1880/3695/5427 1801/3580/5428 1822/3579/5429
f 1849/3625/5290 1859/3624/5185 1842/3647/5430
f 1916/3661/5431 1850/3633/5432 214/3677/5433
f 1870/3687/5410 232/3492/5409 1867/3696/5434
f 1902/3697/5435 1860/3667/5388 216/3678/5390
f 218/3642/5355 1864/3657/5354 1871/3691/5436
f 1758/3609/5437 1832/3621/5438 1780/3698/5439
f 214/3677/5440 225/3463/5441 1870/3687/5442
f 1873/3650/5443 1854/3652/5444 1927/3699/5445
s 0
f 1865/3636/5446 1840/3604/5446 1876/3573/5446
f 1834/3619/5447 1874/3700/5447 1813/3637/5447
s 1
f 212/3701/5448 1874/3700/5449 1891/3702/5450
f 1874/3700/5451 1834/3619/5452 1891/3702/5453
s 0
f 1855/3680/5454 227/3681/5454 1861/3682/5454
s 1
f 1869/3653/5348 1815/3548/5286 1800/3578/5206
f 231/3663/5455 1765/3703/5456 1901/3704/5457
s 0
f 1846/3665/5458 1851/3666/5458 1926/3705/5458
f 1851/3666/5459 1811/3608/5459 1885/3706/5459
s 1
f 1860/3667/5460 1885/3706/5461 1811/3608/5462
f 1871/3707/5463 1864/3708/5464 1903/3709/5465
s 0
f 1853/3679/5466 1838/3643/5466 1852/311/5466
s 1
f 1888/3710/5467 1843/3567/5405 1847/3572/5197
f 1861/3682/5396 1866/3683/5398 1882/3711/5468
f 1793/3654/5347 1869/3653/5346 1862/3712/5469
s 0
f 1901/3704/5470 1867/3664/5470 231/3663/5470
s 1
f 1780/3698/5439 1832/3621/5438 1898/3658/5471
f 220/313/5472 1828/312/5422 1873/3650/5424
f 1854/3652/5473 222/3651/5474 1887/3713/5475
s 0
f 1876/3573/5476 1840/3604/5476 1820/3610/5476
s 1
f 1795/3674/5477 1830/3714/5478 1932/3715/5479
f 1765/3703/5480 1985/3716/5481 2023/3717/5482
f 215/3718/5483 216/3719/5418 1886/3720/5484
f 1886/3720/5484 216/3719/5418 1871/3721/5420
f 2045/3722/5485 1780/3723/5439 1898/3724/5471
s 0
f 1927/3699/5486 1853/3679/5486 1875/3692/5486
s 1
f 222/3651/5487 1819/3516/5086 1888/3670/5425
f 1889/3725/5488 1847/3572/5315 1833/3616/5317
f 1767/3626/5298 1813/3726/5489 1820/3693/5426
f 1890/3727/5490 212/3701/5448 1891/3702/5450
f 1877/3728/5491 1834/3619/5276 1829/3694/5299
f 1866/3685/5398 1868/3686/5407 1882/3729/5468
f 1848/3611/5492 1844/3639/5493 208/3676/5494
f 1844/3639/5495 1845/3730/5496 1883/3731/5497
f 1845/3730/5289 1878/3732/4808 2042/3733/5498
f 1872/3668/5377 1775/3558/5173 1780/3734/5499
f 1898/3669/5500 1853/3679/5501 1927/3699/5502
f 1875/3692/5503 220/313/5472 1873/3650/5424
f 1913/3735/5504 1868/3686/5407 213/316/5413
s 0
f 1869/3653/5505 1800/3578/5505 1957/3736/5505
s 1
f 209/3675/5506 1795/3674/5507 1932/3715/5479
f 1883/3731/5508 1845/3730/5496 2091/3737/5509
f 1870/3687/5410 1867/3696/5434 1893/3738/5510
f 1846/3665/5411 1926/3705/5511 1894/3690/5417
f 1926/3705/5512 1851/3666/5513 1885/3706/5514
f 1972/3739/5515 1860/3667/5516 1902/3697/5517
f 216/3719/5390 215/3718/5518 1902/3740/5435
s 0
f 1838/3643/5519 1853/3679/5519 1898/3669/5519
f 1920/3741/5520 212/3701/5520 211/3742/5520
s 1
f 1967/3743/5521 1913/3744/5504 213/3745/5413
f 1801/3580/5428 1880/3695/5427 1856/3671/5522
s 0
f 1830/3714/5523 1915/3746/5523 1932/3715/5523
s 1
f 1774/3542/5292 1824/3544/5146 1933/3747/5524
s 0
f 1893/3738/5525 1867/3696/5525 1884/3748/5525
s 1
f 1885/3706/5461 1860/3667/5460 1972/3739/5526
f 1864/3657/5527 217/3635/5356 1872/3668/5377
f 1962/3749/5528 1854/3750/5473 1887/3751/5475
f 1887/3713/5529 222/3651/5530 1889/3752/5531
f 1825/3628/5148 1877/3753/5491 1829/3629/5299
f 1900/3754/5532 1882/3729/5468 1868/3686/5407
f 1900/3754/5532 1868/3686/5407 1913/3735/5504
f 1881/3660/5533 1774/3542/5292 1933/3747/5524
f 1916/3661/5534 214/3677/5433 1917/3755/5535
f 214/3677/5433 1998/3756/5536 1917/3755/5535
f 214/3677/5433 1870/3687/5537 1998/3756/5536
f 1897/3757/5538 1902/3740/5435 215/3718/5518
f 215/3718/5483 1886/3720/5484 1897/3757/5539
s 0
f 222/3651/5540 1888/3670/5540 1889/3752/5540
f 1941/3758/5541 1889/3725/5541 1833/3616/5541
s 1
f 1820/3759/5426 1813/3637/5489 1975/3760/5542
f 211/3742/5543 212/3701/5448 1966/3761/5544
f 1891/3702/5453 1834/3619/5452 1877/3728/5545
f 206/3762/5546 1906/3763/5547 1907/3764/5548
f 1907/3765/5549 1906/3766/5550 1910/3767/5551
s 0
f 1905/3768/5552 1906/3763/5552 1964/3769/5552
f 1905/3770/5553 1907/3765/5553 1909/3771/5553
s 1
f 1910/3767/5554 1906/3766/5554 1908/3772/5554
f 1910/3767/5555 1909/3771/5556 1907/3765/5557
s 0
f 1908/3773/5558 1906/3774/5558 1905/3770/5558
f 1904/3775/5559 1905/3770/5559 1909/3771/5559
f 1904/3775/5560 1909/3771/5560 1913/3744/5560
s 1
f 1905/3770/5561 1904/3775/5561 1908/3773/5561
f 1911/3776/5562 1909/3777/5556 1910/3778/5555
f 1911/3776/5563 1946/3779/5564 1908/3780/5565
f 1908/3780/5565 1946/3779/5564 1912/3781/5566
s 0
f 1913/3735/5567 1909/3782/5567 1911/3783/5567
s 1
f 1911/3784/5563 1908/3773/5565 1914/3785/5568
s 0
f 1908/3773/5569 1904/3775/5569 1914/3785/5569
f 1914/3785/5570 1904/3775/5570 1913/3744/5570
f 1857/3786/5571 1779/3673/5571 209/3675/5571
s 1
f 1997/3787/5572 208/3676/5494 1844/3639/5493
s 0
f 1867/3696/5573 1901/3788/5573 210/3789/5573
s 1
f 1903/3709/5574 1864/3708/5575 1919/3790/5576
f 1864/3708/5527 1872/3791/5377 1919/3790/5577
f 1927/3792/5445 1854/3750/5444 1961/3793/5578
s 0
f 213/316/5579 1862/3630/5579 1921/3794/5579
f 1856/3671/5580 1957/3736/5580 1800/3578/5580
s 1
f 1822/3579/5581 1857/3655/5582 1880/3695/5583
f 1924/3795/5584 1958/3796/5585 1870/3687/5586
s 0
f 1925/3797/5587 1884/3748/5587 210/3789/5587
f 1884/3748/5588 1867/3696/5588 210/3789/5588
s 1
f 1901/3704/5457 1765/3703/5456 2023/3717/5589
f 1875/3692/5503 1873/3650/5424 1927/3699/5590
f 1928/3798/5591 1887/3751/5592 1929/3799/5593
f 1813/3637/5594 1874/3700/5594 1975/3760/5594
s 0
f 1920/3741/5595 211/3742/5595 1899/3800/5595
s 1
f 211/3742/5543 1966/3761/5544 1930/3801/5596
f 1825/3628/5597 1855/3680/5598 1877/3753/5599
s 0
f 1921/3794/5600 1862/3630/5600 1957/3802/5600
s 1
f 1957/3736/5601 1862/3712/5602 1869/3653/5603
s 0
f 1844/3639/5604 1883/3731/5604 1997/3787/5604
s 1
f 1926/3705/5512 1885/3706/5514 1972/3739/5605
s 0
f 1897/3757/5606 1886/3720/5606 1918/3803/5606
s 1
f 1929/3799/5593 1887/3751/5592 1931/3804/5607
f 1887/3751/5608 1889/3805/5531 1931/3804/5609
s 0
f 1888/3710/5610 1847/3572/5610 1889/3725/5610
s 1
f 1967/3743/5611 213/3745/5612 1921/3806/5613
f 1923/3807/5614 1935/3808/5615 1936/3809/5616
f 1936/3810/5617 1935/3811/5618 1937/308/5619
f 1977/3812/5620 1938/3813/5621 1939/3814/5622
f 1938/3813/5621 1977/3812/5620 1940/3815/5623
f 1998/3756/5624 1870/3687/5624 1958/3796/5624
f 1924/3795/5584 1870/3687/5586 1893/3738/5625
f 1893/3738/5626 1884/3748/5627 1925/3797/5628
f 1886/3720/5629 1871/3721/5463 1903/3816/5465
f 1963/3817/5630 1928/3798/5631 1929/3799/5632
f 1876/3659/5633 1820/3759/5634 1942/3818/5635
s 0
f 1874/3700/5636 212/3701/5636 1975/3760/5636
s 1
f 212/3701/5637 1920/3741/5638 1975/3760/5639
f 1900/3754/5532 1913/3735/5504 1911/3783/5640
f 1911/3783/5641 1855/3819/5642 1900/3754/5532
f 1900/3820/5532 1855/3680/5642 1861/3682/5643
s 0
f 1882/3711/5644 1943/3821/5644 1861/3682/5644
f 1943/3821/5645 1882/3711/5645 1900/3822/5645
f 1900/3822/5646 1944/3823/5646 1943/3821/5646
f 1900/3820/5647 1861/3682/5647 1946/3779/5647
f 1943/3821/5648 1912/3781/5648 1861/3682/5648
s 1
f 1861/3682/5649 1912/3781/5649 1946/3779/5649
s 0
f 1910/3824/5650 1908/3780/5650 1945/3825/5650
s 1
f 1911/3776/5651 1910/3778/5652 1945/3826/5653
s 0
f 1945/3825/5654 1908/3780/5654 1912/3781/5654
s 1
f 1946/3779/5655 1911/3776/5651 1945/3826/5653
s 0
f 1900/3822/5656 1946/3827/5656 1944/3823/5656
s 1
f 1944/3823/5657 1946/3827/5658 1945/3828/5659
f 1943/3821/5660 1944/3823/5661 1948/3829/5662
f 1945/3825/5663 1912/3781/5664 1951/3830/5665
s 0
f 1948/3829/5666 1944/3823/5666 1949/3831/5666
s 1
f 1949/3831/5667 1944/3823/5657 1945/3828/5659
s 0
f 1943/3821/5668 1947/3832/5668 1950/3833/5668
s 1
f 1912/3781/5669 1943/3821/5670 1950/3833/5671
f 1947/3832/5672 1943/3821/5660 1948/3829/5662
f 1949/3831/5667 1945/3828/5659 1951/3834/5673
f 1912/3781/5669 1950/3833/5671 1951/3830/5665
s 0
f 1951/3830/5674 1950/3833/5674 1953/3835/5674
f 1947/3832/5675 1948/3829/5675 1949/3831/5675
f 1950/3833/5676 1947/3832/5676 1952/3836/5676
f 1950/3833/5677 1952/3836/5677 1953/3835/5677
f 1954/3837/5678 1951/3834/5678 1953/3838/5678
s 1
f 1968/3839/5679 1915/3689/5416 219/3631/5415
f 1936/3840/5680 1990/310/5681 1934/309/5682
f 1956/3841/5683 1977/307/452 1983/306/451
s 0
f 1935/3808/5684 1965/3842/5684 1977/3843/5684
s 1
f 1977/3812/5620 1939/3814/5622 1923/3807/5685
f 1939/3814/5622 1938/3844/5686 1923/3807/5685
f 1938/3844/5686 1940/3815/5687 1923/3807/5685
s 0
f 1923/3807/5688 1940/3815/5688 1958/3845/5688
f 1940/3815/5689 1977/3812/5689 1958/3845/5689
f 210/3789/5690 1901/3788/5690 1992/3846/5690
s 1
f 1902/3740/5435 1897/3757/5538 1973/3847/5691
f 2112/3848/5692 1780/3723/5693 2045/3722/5694
s 0
f 1962/3749/5695 1887/3751/5695 1928/3798/5695
s 1
f 1942/3818/5696 1820/3759/5697 1975/3760/5698
f 1949/3831/5667 1951/3834/5673 1954/3837/5699
f 1954/3849/5700 1953/3850/5701 1976/3851/5702
f 1976/3851/5702 1953/3850/5701 206/3762/5703
f 1968/3839/5704 1831/3644/5384 208/3676/5383
s 0
f 598/821/3186 361/3852/3186 1389/2730/3186
s 1
f 1933/3747/5705 1824/3544/5146 1916/3661/5368
s 0
f 210/3789/5706 1992/3846/5706 2018/3853/5706
f 1959/3854/5707 1897/3855/5707 1960/3856/5707
f 1960/3856/5708 1986/3857/5708 207/3858/5708
s 1
f 1897/3859/5709 1959/3860/5710 207/3858/5711
s 0
f 1986/3857/5712 1960/3856/5712 1897/3855/5712
s 1
f 1918/3803/5713 1886/3720/5629 1903/3816/5465
f 1941/3758/5714 2000/3861/5715 1987/3862/5716
s 0
f 1833/3616/5717 1876/3659/5717 1941/3758/5717
s 1
f 1899/3800/5718 211/3742/5719 1930/3801/5720
s 0
f 1947/3832/5721 1949/3831/5721 1952/3836/5721
s 1
f 1967/3743/5722 1911/3784/5723 1914/3785/5724
s 0
f 1914/3785/5725 1913/3744/5725 1967/3743/5725
s 1
f 2016/3863/5726 1967/3743/5611 1921/3806/5727
s 0
f 1968/3839/5728 219/3631/5728 1831/3644/5728
s 1
f 1969/3864/5729 1968/3839/5704 208/3676/5383
f 1842/3647/5430 1881/3656/5730 1933/3865/5731
f 1923/3807/5732 1936/3809/5733 1934/3866/5734
f 1901/3867/5457 2015/3868/5735 1970/3869/5736
f 1901/3704/5457 2023/3717/5589 2015/3870/5735
s 0
f 1952/3836/5737 1949/3831/5737 1954/3837/5737
f 1906/3763/5738 206/3762/5738 1964/3769/5738
f 1953/3871/5739 1891/3702/5739 1877/3728/5739
s 1
f 1855/3872/5740 1911/3784/5723 1967/3743/5741
s 0
f 1957/3736/5742 1856/3671/5742 1979/3873/5742
f 1998/3874/5743 1958/3875/5743 1977/3876/5743
s 1
f 1923/3807/5685 1934/3866/5744 1977/3812/5620
f 1934/3866/5745 1935/3877/5746 1977/3812/5747
f 1983/306/5748 205/3878/5749 1956/3841/5750
f 1925/3797/5751 210/3789/5751 2018/3853/5751
f 1970/3879/5752 81/3880/5753 1901/3881/5754
s 0
f 1926/3882/5755 1972/3883/5755 1971/3884/5755
f 1986/3885/5756 1897/3886/5756 1918/3887/5756
s 1
f 2112/3888/5757 1919/3889/5758 1780/3890/5759
f 1919/3790/5760 1872/3791/5761 1780/3891/5762
f 1889/3725/5763 1941/3758/5714 1987/3862/5716
s 0
f 1941/3758/5764 1876/3659/5764 1942/3818/5764
s 1
f 1930/3801/5765 1920/3741/5766 1899/3800/5767
f 212/3701/5448 1890/3727/5490 1966/3761/5544
f 1891/3702/5450 1953/3871/5768 1952/3892/5769
s 0
f 1976/3851/5770 206/3762/5770 1907/3764/5770
s 1
f 205/3878/5749 1983/306/5748 1991/3893/5771
f 1965/3842/5772 1935/3808/5773 1923/3807/5614
f 1973/3894/5774 1897/3859/5709 207/3858/5711
s 0
f 207/3858/5775 1918/3895/5775 1960/3856/5775
f 1918/3896/5776 1903/3897/5776 1959/3898/5776
f 1905/3768/5777 1964/3769/5777 1976/3899/5777
s 1
f 1964/3769/5778 206/3762/5703 1953/3850/5701
s 0
f 1856/3671/5779 1880/3695/5779 1996/3900/5779
f 1880/3695/5780 2020/3901/5780 1996/3900/5780
s 1
f 2003/3902/5781 1981/3903/5782 1956/3904/5783
f 1925/3797/5784 2018/3853/5785 204/3905/5786
s 0
f 1960/3856/5787 1918/3895/5787 1959/3854/5787
f 1962/3749/5788 1928/3798/5788 1963/3817/5788
s 1
f 1941/3758/5789 1942/3818/5790 2000/3861/5791
f 1942/3818/5792 1975/3760/5793 1974/3906/5794
s 0
f 2016/3863/5795 1953/3907/5795 1877/3908/5795
s 1
f 1877/3753/5796 1855/3680/5797 2016/3909/5798
f 1921/3806/5799 1957/3910/5800 2007/3911/5801
f 1990/3912/5802 1977/3876/5802 2002/3913/5802
f 1956/3841/5803 205/3878/5804 1982/3914/5805
f 1901/3881/5754 81/3880/5753 1992/3915/5806
s 0
f 1973/3894/5807 207/3858/5807 1986/3857/5807
f 2005/3916/5808 1918/3887/5808 207/3917/5808
s 1
f 1898/3724/5471 1927/3918/5502 2045/3722/5485
f 1854/3750/5444 1995/3919/5809 1961/3793/5578
f 1931/3804/5810 1889/3805/5811 1987/3920/5812
s 0
f 1976/3899/5813 1907/3921/5813 1905/3768/5813
s 1
f 209/3675/5814 1932/3715/5815 1980/3922/5816
s 0
f 1932/3715/5817 1915/3746/5817 2017/3923/5817
s 1
f 2009/3924/5818 1915/3925/5416 1968/3926/5679
f 208/3676/5494 1997/3787/5572 1989/3927/5819
f 1849/3625/5290 1842/3647/5430 1933/3865/5731
s 0
f 1916/3661/5820 1917/3755/5820 1933/3747/5820
f 1998/3874/5821 1977/3876/5821 1990/3912/5821
s 1
f 2003/3902/5781 1956/3904/5783 2014/3928/5822
f 1991/3893/5823 1982/3914/5824 205/3878/5825
f 1893/3738/5626 1925/3797/5628 1924/3795/5826
f 1978/3929/5827 1925/3797/5784 204/3905/5786
s 0
f 1959/3898/5828 1903/3897/5828 207/3930/5828
s 1
f 1995/3919/5829 1854/3750/5473 1962/3749/5528
s 0
f 2006/3931/5830 1953/3907/5830 2016/3863/5830
s 1
f 2016/3863/5831 1921/3806/5799 2007/3911/5801
s 0
f 1979/3873/5832 1856/3671/5832 1996/3900/5832
s 1
f 1880/3695/5833 1857/3655/5834 2020/3901/5835
f 1857/3786/5836 209/3675/5814 2020/3932/5837
f 1845/3730/5289 2042/3733/5498 2091/3737/5838
s 0
f 2002/3913/5839 1977/3876/5839 1999/3933/5839
s 1
f 1926/3934/5840 1971/3935/5841 1993/3936/5842
f 1994/3937/5843 1973/3938/5844 2005/3916/5845
f 1927/3918/5502 1961/3939/5846 2028/3940/5847
f 1988/3941/5848 1920/3741/5766 1930/3801/5765
f 1964/3942/5778 1953/3907/5701 2006/3931/5849
s 0
f 1980/3943/5850 1915/3925/5850 202/3944/5850
f 2009/3945/5851 1968/3946/5851 1969/3947/5851
s 1
f 2070/3948/5852 1883/3731/5508 2091/3737/5509
s 0
f 1933/3747/5853 1917/3755/5853 1998/3756/5853
s 1
f 1998/3949/5854 1990/3950/5855 2001/3951/5856
f 1935/3811/5746 1934/309/5745 1937/308/5857
s 0
f 1937/3952/5858 1990/3953/5858 2002/3954/5858
f 1977/307/5859 1965/3955/5859 2027/305/5859
s 1
f 1924/3795/5860 1925/3797/5628 1978/3929/5861
s 0
f 1994/3937/5862 2005/3916/5862 203/3956/5862
f 1973/3938/5863 1986/3885/5863 2005/3916/5863
s 1
f 207/3930/5864 1903/3897/5574 1919/3957/5865
f 1929/3799/5866 1931/3804/5810 1987/3920/5812
s 0
f 1930/3801/5867 1966/3761/5867 1988/3941/5867
s 1
f 2016/3863/5798 1855/3872/5797 1967/3743/5868
f 2020/3932/5837 209/3675/5814 1980/3922/5816
s 0
f 2017/3923/5869 1980/3922/5869 1932/3715/5869
s 1
f 1989/3927/5819 1969/3864/5870 208/3676/5494
f 1998/3949/5854 2001/3951/5856 2011/3958/5871
f 2001/3959/5872 1990/3960/5681 2013/3961/5873
f 1990/3962/5681 1936/3963/5680 2013/3964/5873
s 0
f 2013/3964/5874 1936/3963/5874 2012/3965/5874
s 1
f 1936/3963/5875 1937/3966/5876 2012/3965/5877
s 0
f 2001/3959/5878 2013/3961/5878 1937/3952/5878
f 2011/3958/5879 2013/3967/5879 2012/3968/5879
f 2002/3954/5880 2001/3959/5880 1937/3952/5880
f 1937/3969/5881 2013/3967/5881 2011/3958/5881
f 2011/3958/5882 2012/3968/5882 1998/3949/5882
f 2012/3968/5883 1937/3970/5883 1999/3971/5883
f 2011/3972/5884 2001/3973/5884 1999/3971/5884
f 2001/3959/5885 2002/3954/5885 1999/3974/5885
s 1
f 1985/3975/5306 1894/3976/5417 2153/3977/5886
f 1971/3884/5887 1972/3883/5888 1994/3937/5889
f 1972/3883/5515 1902/3978/5517 2004/3979/5890
f 2004/3980/5891 1902/3740/5435 1973/3847/5691
s 0
f 2024/3981/5892 2005/3982/5892 207/3983/5892
s 1
f 1987/3920/5893 2000/3984/5894 76/3985/5895
f 2000/3861/5791 1942/3818/5790 2065/3986/5896
f 1976/3987/5897 1964/3942/5778 2006/3931/5849
s 0
f 2008/3988/5898 1915/3989/5898 1980/3990/5898
f 2020/3932/5899 1980/3922/5899 202/3991/5899
f 1135/2002/2865 1577/2172/2865 664/3992/2865
s 1
f 1849/3625/5290 1933/3865/5731 1998/3993/5900
s 0
f 1937/3970/5901 2011/3972/5901 1999/3971/5901
s 1
f 1923/3807/5902 1958/3845/5903 2062/3994/5904
f 1993/3936/5842 1971/3935/5905 1994/3995/5906
s 0
f 1986/3885/5907 1918/3887/5907 2005/3916/5907
s 1
f 1995/3919/5908 1963/3817/5909 2100/3996/5910
f 1954/3849/5911 1976/3851/5912 1890/3997/5913
f 2081/3998/5914 1976/3987/5897 2006/3931/5849
s 0
f 1915/3999/5915 2008/4000/5915 2017/4001/5915
s 1
f 664/3992/5916 1878/3501/5039 1135/2002/5038
s 0
f 1998/3949/5917 2012/3968/5917 1999/3971/5917
s 1
f 1956/3904/5783 1981/3903/5782 2021/4002/5918
f 1956/3841/5803 1982/3914/5805 2014/4003/5919
f 1993/4004/5920 1894/3690/5417 1926/3705/5511
s 0
f 1962/3749/5921 1963/3817/5921 1995/3919/5921
f 2100/3996/5922 1963/3817/5922 2025/4005/5922
s 1
f 1963/3817/5630 1929/3799/5632 2025/4005/5923
f 1987/3920/5812 2025/4005/5924 1929/3799/5866
f 1890/3727/5490 1891/3702/5450 1952/3892/5925
f 1890/4006/5926 1952/3836/5927 1954/3837/5928
s 0
f 2020/4007/5929 202/4008/5929 2026/4009/5929
f 202/4008/5930 2008/3988/5930 2026/4009/5930
f 2008/3988/5931 1980/3990/5931 2026/4009/5931
f 1956/3904/5932 1998/3949/5932 1999/3971/5932
f 1999/3971/5933 1977/4010/5933 1956/3904/5933
s 1
f 1982/3914/5824 1991/3893/5823 86/4011/5934
f 2062/4012/5935 1958/3796/5585 1924/3795/5584
f 1994/3937/5889 1972/3883/5888 2004/3979/5936
f 1961/4013/5937 2019/4014/5937 2028/4015/5937
f 1957/3910/5800 1979/4016/5938 2007/3911/5801
s 0
f 1915/3925/5939 2009/3924/5939 202/3944/5939
s 1
f 2030/4017/5940 2021/4002/5918 1981/3903/5782
s 0
f 1924/3795/5941 1978/3929/5941 204/3905/5941
s 1
f 1985/3716/5942 2153/4018/5943 2023/3717/5944
f 1973/3938/5844 1994/3937/5945 2004/3979/5946
s 0
f 2024/3981/5947 207/3983/5947 2031/4019/5947
s 1
f 1974/3906/5948 1975/3760/5639 1988/3941/5949
f 1975/3760/5639 1920/3741/5638 1988/3941/5949
s 0
f 1890/3997/5950 1976/3851/5950 2119/4020/5950
s 1
f 2016/3863/5831 2007/3911/5801 2033/4021/5951
f 2026/4009/5952 1980/3990/5953 2017/4001/5954
f 1997/3787/5572 1883/3731/5955 2070/3948/5956
f 1849/3625/5325 2197/4022/5957 1863/3640/3701
f 2022/4023/5958 1970/3869/5736 2015/3868/5735
f 207/3930/5864 1919/3957/5865 2032/4024/5959
f 2045/3722/5960 1927/3918/5502 2028/3940/5847
s 0
f 2028/4015/5961 2019/4014/5961 201/4025/5961
s 1
f 2037/4026/5962 2019/4014/5962 2073/4027/5962
s 0
f 2019/4014/5963 2045/4028/5963 2073/4027/5963
f 2045/4029/5964 2028/4015/5964 2073/4030/5964
s 1
f 2028/4015/5965 201/4025/5965 2073/4030/5965
f 201/4031/5966 2024/3981/5967 2073/4032/5968
s 0
f 2064/4033/5969 2031/4034/5969 2073/4035/5969
f 2031/4036/5970 207/4037/5970 2073/4038/5970
f 2073/4038/5971 207/4037/5971 2074/4039/5971
f 207/4037/5972 2032/4040/5972 2074/4039/5972
s 1
f 1961/3793/5973 1995/3919/5908 83/4041/5974
f 171/4042/380 107/4043/379 195/4044/5975
s 0
f 88/196/5976 2059/4045/5976 2058/4046/5976
s 1
f 199/294/5977 91/95/363 193/250/365
f 90/295/436 196/93/112 73/92/111
f 202/3944/5978 2009/3924/5979 2034/4047/5980
f 1849/4048/5290 1998/4049/5900 2061/4050/5981
f 2030/4017/5940 1981/3903/5782 2003/3902/5781
f 1982/3914/5982 86/4011/5982 2137/4051/5982
s 0
f 1924/3795/5983 204/3905/5983 2062/4012/5983
s 1
f 81/3880/5984 1970/3879/5985 2022/4052/5986
f 2072/4053/5987 2022/4023/5988 2015/3868/5989
s 0
f 201/4025/5990 2019/4014/5990 2037/4026/5990
f 2024/3981/5991 2031/4019/5991 2032/4054/5991
f 2019/4014/5992 1961/4013/5992 2045/4028/5992
f 2045/4028/5993 1961/4013/5993 2029/4055/5993
s 1
f 1942/3818/5792 1974/3906/5794 2065/3986/5994
f 171/4042/5995 195/4044/5996 2046/4056/5997
f 191/291/5998 192/293/297 2047/4057/5999
f 192/293/297 156/194/296 2047/4057/6000
f 2050/4058/6001 2048/4059/6002 2051/4060/6003
s 0
f 2048/4061/6004 2049/4062/6004 2051/4063/6004
f 2051/4063/6005 2049/4062/6005 2053/4064/6005
f 2049/4062/6006 2050/4065/6006 2053/4064/6006
f 2053/4064/6007 2050/4065/6007 2054/4066/6007
f 2055/4067/6008 2057/4068/6008 2052/4069/6008
f 2057/4068/6009 2055/4067/6009 2051/4070/6009
f 2057/4068/6010 2051/4070/6010 2056/4071/6010
f 2051/4072/6011 2052/4073/6011 2056/4074/6011
f 2052/4073/6012 2057/4075/6012 2058/4046/6012
f 2052/4073/6013 2058/4046/6013 2056/4074/6013
f 2056/4076/6014 2058/4077/6014 2048/4061/6014
f 2056/4078/6015 2048/4059/6015 2057/4079/6015
f 2049/4062/6016 2048/4061/6016 2058/4077/6016
f 2048/4059/6017 2059/4080/6017 2057/4079/6017
s 1
f 2048/4059/6002 2050/4058/6001 2059/4080/6018
s 0
f 2050/4065/6019 2049/4062/6019 2059/4081/6019
s 1
f 2166/4082/6020 2038/4083/6021 2069/4084/6022
f 2021/4002/5918 1998/3949/6023 1956/3904/5783
f 2062/4012/6024 2018/3853/6025 1992/3846/6026
s 0
f 2072/4053/6027 2015/3868/6027 2035/4085/6027
s 1
f 2073/4032/6028 2024/3981/6029 2032/4054/6030
f 2032/4086/5959 1919/4087/5865 2064/4033/6031
f 2064/4088/6032 1919/3889/5758 2112/3888/5757
s 0
f 2029/4055/6033 1961/4013/6033 83/4089/6033
f 2097/4090/6034 2038/4083/6034 2166/4082/6034
f 174/110/6035 188/4091/6035 107/113/6035
f 2047/4057/6036 156/194/6036 88/196/6036
s 1
f 88/196/6037 2058/4046/6038 2047/4057/6039
s 0
f 2066/4092/6040 2058/4046/6040 2057/4075/6040
f 2049/4062/6041 2058/4077/6041 2059/4081/6041
s 1
f 2075/4093/6042 88/253/6043 2088/303/6044
f 88/253/6043 176/234/382 2088/303/6044
f 82/4094/6045 73/92/6045 2078/88/6045
f 73/92/6046 200/94/6047 2078/88/6048
f 2080/4095/6049 182/265/392 181/255/391
f 171/261/6050 2166/4096/6051 180/260/6052
f 2119/4020/6053 1976/3851/6054 2069/4097/6055
s 0
f 2009/3945/6056 1969/3947/6056 2136/4098/6056
s 1
f 2070/3948/5956 1969/3864/6057 1997/3787/5572
f 1969/3864/6057 1989/3927/5819 1997/3787/5572
f 2172/4099/6058 2014/3928/6059 72/4100/6060
s 0
f 2014/4003/6061 1982/3914/6061 2137/4051/6061
s 1
f 2044/4101/6062 2027/305/6063 1965/3955/6064
f 2044/4102/6065 1923/3807/5614 2093/4103/6066
f 204/3905/6067 2018/3853/6025 2062/4012/6024
s 0
f 84/4104/6068 2022/4052/6068 2072/4105/6068
s 1
f 2153/3977/5886 1894/3976/5417 2079/4106/6069
f 2024/3981/5967 201/4031/5966 2037/4107/6070
s 0
f 2032/4086/6071 2064/4033/6071 2073/4035/6071
s 1
f 2032/4040/6072 2031/4034/6072 2074/4039/6072
s 0
f 2074/4039/6073 2031/4034/6073 2064/4033/6073
f 2087/4108/6074 2029/4109/6074 83/4110/6074
f 83/4110/6075 2045/4111/6075 2087/4108/6075
f 2087/4108/6076 2045/4111/6076 2074/4112/6076
f 2074/4113/6077 2029/4114/6077 2037/4115/6077
f 2037/4115/6078 2073/4116/6078 2074/4113/6078
f 2025/4005/6079 1987/3920/6079 2100/3996/6079
s 1
f 1988/3941/5949 1890/3727/6080 1974/3906/5948
f 1988/3941/5949 1966/3761/6081 1890/3727/6080
f 2166/4082/6082 171/4042/6083 2097/4090/6084
s 0
f 2057/4079/6085 2059/4080/6085 2054/4117/6085
f 2088/303/6086 2076/4118/6086 2075/4093/6086
s 1
f 194/212/447 155/211/6087 2088/303/444
f 2088/303/444 155/211/6087 89/4119/6088
f 2080/4095/6049 181/255/391 197/302/6089
f 2139/4120/6090 2080/4095/6049 197/302/6089
s 0
f 2069/4084/6091 2038/4083/6091 2119/4121/6091
f 202/4122/6092 2034/4123/6092 2008/4000/6092
s 1
f 2041/4124/6093 1969/3864/6094 2082/4125/6095
f 1878/3501/5039 664/3992/5916 2042/4126/6096
s 0
f 664/3992/6097 1577/2172/6097 1389/2730/6097
s 1
f 1965/3842/5772 1923/3807/5614 2044/4102/6098
f 1894/3976/5417 1993/3936/5920 2079/4106/6069
f 2037/4115/6099 2029/4114/6100 2087/4127/6101
s 0
f 2045/4111/6102 2029/4128/6102 2074/4112/6102
f 188/4129/6103 190/292/6103 107/300/6103
s 1
f 107/4130/6104 191/4131/6105 77/4132/6106
f 2047/4057/6039 2058/4046/6038 2066/4092/6107
s 0
f 2054/4133/6108 2050/4134/6108 2055/4067/6108
f 2050/4134/6109 2051/4070/6109 2055/4067/6109
s 1
f 2052/4135/6110 2051/4063/6111 2053/4064/6112
s 0
f 2054/4117/6113 2059/4080/6113 2053/4136/6113
s 1
f 2059/4137/6114 88/253/360 2075/4093/6115
s 0
f 2077/4138/6116 2075/4093/6116 2076/4118/6116
s 1
f 167/228/368 90/264/389 73/4139/6117
f 2079/4106/6118 2067/4140/6119 2089/4141/6120
f 200/94/6121 2060/4142/6122 2089/4143/6123
f 178/244/356 2145/4144/6124 197/302/443
s 0
f 2150/4145/6125 183/4146/6125 173/4147/6125
f 2006/3931/6126 2016/3863/6126 2033/4021/6126
f 2136/4098/6127 1969/3947/6127 2041/4148/6127
f 2082/4125/6128 1969/3864/6128 78/4149/6128
f 78/4149/6129 1969/3864/6129 80/4150/6129
f 79/4151/6130 78/4152/6130 2041/4153/6130
f 78/4149/6131 80/4150/6131 2041/4154/6131
f 80/4155/6132 79/4151/6132 2082/4156/6132
s 1
f 79/4151/6133 2041/4153/6093 2082/4156/6095
f 79/4157/6134 80/4150/6135 1969/3864/6136
f 2154/4158/6137 2172/4099/6058 72/4100/6060
f 2005/3982/6138 2024/3981/6139 2086/4159/6140
s 0
f 2066/4092/6141 2057/4075/6141 2054/4160/6141
f 2054/4133/6142 2055/4067/6142 2052/4069/6142
s 1
f 2078/88/6048 200/94/6121 2067/4161/6143
s 0
f 203/3956/6144 2094/4162/6144 1994/3937/6144
s 1
f 203/3956/6145 2005/3916/6138 2063/4163/6146
f 2063/4164/6146 2005/4165/6138 2086/4166/6140
f 2024/3981/6147 2037/4107/6147 2086/4159/6147
f 2086/4167/6148 2037/4115/6149 2087/4127/6101
f 83/4041/5974 1995/3919/5908 2100/3996/5910
s 0
f 171/4042/6150 2046/4056/6150 2097/4090/6150
f 2066/4168/6151 2054/4133/6151 2052/4069/6151
f 2075/4093/6152 2077/4138/6152 2105/4169/6152
s 1
f 2076/4170/6153 2096/4171/6154 75/4172/6155
f 75/4173/6156 2096/4174/6157 2099/4175/6158
f 2096/4176/6159 2076/4177/6160 2105/4178/6161
f 199/294/5977 193/250/365 89/301/6162
f 2094/4162/6163 203/3956/6145 2063/4163/6146
f 2109/4179/6164 2045/4180/6165 83/4041/5974
f 2100/3996/6166 1987/3920/5893 76/3985/5895
f 191/4131/6167 2047/4181/6168 2101/4182/6169
f 2066/4183/6170 2052/4135/6110 2053/4064/6171
s 0
f 2075/4093/6172 2105/4169/6172 2102/4184/6172
s 1
f 2076/4170/6153 75/4172/6155 2098/4185/6173
s 0
f 2098/4185/6174 75/4172/6174 2075/4186/6174
s 1
f 75/4172/6175 2095/4187/6175 2075/4186/6175
s 0
f 2077/90/6176 2076/4188/6176 2103/4189/6176
s 1
f 2103/4190/6177 2076/4170/6178 2099/4191/6179
f 2076/4170/6178 2098/4185/6180 2099/4191/6181
s 0
f 2098/91/6182 2075/4192/6182 2102/4193/6182
f 2098/91/6183 2077/90/6183 2099/4194/6183
s 1
f 74/4195/6184 2099/4196/6185 2104/4197/6186
s 0
f 2099/4194/6187 2077/90/6187 2104/4198/6187
f 2104/4198/6188 2077/90/6188 2103/4189/6188
s 1
f 2103/4199/6189 2099/4175/6158 2096/4174/6157
s 0
f 2106/4200/6190 2078/88/6190 2067/4161/6190
s 1
f 1993/3936/5842 1994/3995/5906 2079/4106/6191
f 2086/4201/6192 2087/4108/6193 2074/4112/6194
f 2109/4179/6164 83/4041/5974 2100/3996/5910
f 2047/4202/6195 2066/4203/6196 2095/4204/6197
s 0
f 2095/4187/6198 75/4172/6198 2102/4205/6198
f 75/4206/6199 2099/4196/6199 2102/4207/6199
f 2099/4196/6200 74/4195/6200 2102/4207/6200
f 74/89/6201 2098/91/6201 2102/4193/6201
s 1
f 2077/90/109 74/89/6202 2105/4208/6203
f 74/4195/6184 2104/4197/6186 2105/4178/6204
f 2104/4197/6186 2103/4209/6189 2105/4178/6204
f 2103/4209/6189 2096/4176/6157 2105/4178/6205
f 2105/4178/6161 2076/4177/6160 2088/4210/6206
f 2095/4211/6207 89/301/6162 193/250/365
f 2067/4140/6119 2079/4106/6118 2094/4212/6208
f 2045/4180/5694 2109/4179/6209 2112/4213/5692
s 0
f 1890/3727/6210 2119/4214/6210 1974/3906/6210
s 1
f 195/4215/6211 107/4130/6104 77/4132/6106
s 0
f 2095/4187/6212 2102/4205/6212 2105/4216/6212
f 2105/4178/6213 2088/4210/6213 2095/4217/6213
f 2107/87/6214 82/4094/6214 2078/88/6214
s 1
f 2108/4218/6215 2086/4166/6216 2074/4219/6217
s 0
f 2074/4219/6218 2064/4088/6218 2108/4218/6218
s 1
f 2088/4220/6219 89/301/6162 2095/4211/6207
f 2107/87/6220 2123/4221/6221 82/4094/6222
s 0
f 2111/4222/6223 2106/4200/6223 2067/4161/6223
s 1
f 2059/4080/6114 2075/4223/6115 2095/4204/6224
s 0
f 2114/4224/6225 2106/4200/6225 2110/4225/6225
f 2079/4106/6226 1994/3995/6226 2094/4212/6226
s 1
f 191/4131/6227 2101/4182/6228 2115/4226/6229
f 2047/4227/6230 2095/4228/6231 167/4229/6232
f 2053/4136/6233 2095/4204/6197 2066/4203/6196
s 0
f 2053/4136/6234 2059/4080/6234 2095/4204/6234
s 1
f 2116/4230/6235 73/92/6236 82/4094/6237
f 2078/88/6238 2106/4200/6238 2114/4224/6238
s 0
f 2108/4218/6239 2064/4088/6239 2112/3888/6239
s 1
f 2100/3996/5910 76/3985/6240 2109/4179/6164
f 2101/4231/6169 2047/4227/6168 167/4229/6241
s 0
f 2121/4232/6242 2078/88/6242 2114/4224/6242
s 1
f 2114/4224/6243 2110/4225/6244 2117/4233/6245
s 0
f 2108/4218/6246 2112/3888/6246 2128/4234/6246
s 1
f 191/4131/6227 2115/4226/6229 77/4132/6247
f 2095/4211/6231 193/250/6248 167/288/6232
f 73/4139/6236 2116/4235/6235 167/228/6249
f 2110/4225/6250 2106/4200/6250 2118/4236/6250
f 2094/4237/6163 2063/4164/6146 2086/4166/6140
f 2000/4238/5791 2065/4239/5896 76/4240/6251
f 2119/4121/6252 2038/4083/6253 2097/4090/6254
f 2123/4221/6221 2107/87/6220 2120/86/6255
f 2121/4232/6256 2114/4224/6243 2117/4233/6245
f 2109/4241/6257 76/4240/6251 2131/4242/6258
f 2116/4230/6235 82/4094/6237 2123/4221/6259
f 2118/4236/6260 2111/4222/6261 2122/4243/6262
f 2111/4222/6261 2067/4161/6263 2122/4243/6262
s 0
f 1974/3906/6264 2119/4214/6264 2065/3986/6264
f 2106/4200/6265 2111/4222/6265 2118/4236/6265
s 1
f 2067/4244/6266 2094/4237/6267 2122/4245/6268
s 0
f 2108/4218/6269 2124/4246/6269 2086/4166/6269
s 1
f 76/4240/6251 2065/4239/5896 2131/4242/6258
s 0
f 2120/86/6270 2078/88/6270 2121/4232/6270
f 2110/4225/6271 2118/4236/6271 2117/4233/6271
f 2094/4237/6272 2086/4166/6272 2124/4246/6272
s 1
f 2130/4247/6273 195/4215/6274 77/4132/6275
f 77/4132/6275 2115/4226/6276 2130/4247/6273
s 0
f 2101/4182/6277 167/4248/6277 2116/4249/6277
f 2120/86/6278 2121/4232/6278 2123/4221/6278
s 1
f 2065/4250/6279 2119/4121/6280 2125/4251/6281
f 2125/4251/6282 2119/4121/6252 2097/4090/6254
f 2094/4237/6267 2124/4246/6283 2122/4245/6268
s 0
f 2097/4090/6284 2046/4056/6284 2125/4251/6284
f 2124/4246/6285 2108/4218/6285 2128/4234/6285
s 1
f 2112/4252/6286 2109/4241/6257 2131/4242/6258
f 2101/4182/6228 2116/4249/6287 2130/4247/6288
s 0
f 2123/4221/6289 2121/4232/6289 2126/4253/6289
s 1
f 2046/4254/5997 195/4255/5996 2130/4256/6290
f 2115/4226/6229 2101/4182/6228 2130/4247/6288
s 0
f 2117/4233/6291 2118/4236/6291 2122/4243/6291
s 1
f 2128/4257/6292 2112/4252/6293 2131/4242/6258
s 0
f 2123/4221/6294 2126/4253/6294 2116/4230/6294
s 1
f 2131/4242/6295 2065/4239/6296 2125/4258/6297
s 0
f 2121/4232/6298 2117/4233/6298 2126/4253/6298
s 1
f 2122/4245/6299 2124/4246/6300 2129/4259/6301
f 2116/4249/6302 2126/4260/6303 2130/4247/6304
s 0
f 2117/4233/6305 2122/4243/6305 2126/4253/6305
f 2129/4259/6306 2124/4246/6306 2128/4234/6306
s 1
f 2126/4261/6303 2122/4262/6307 2130/4263/6304
f 2130/4263/6308 2122/4262/6309 2129/4264/6310
s 0
f 2131/4242/6311 2129/4264/6311 2128/4257/6311
f 2132/4265/6312 2125/4258/6312 2046/4254/6312
f 2046/4254/6313 2130/4256/6313 2132/4265/6313
s 1
f 2133/4266/6314 2131/4242/6295 2125/4258/6297
f 2130/4263/6304 2129/4264/6310 2131/4242/6315
f 2125/4258/6316 2132/4265/6317 2133/4266/6318
s 0
f 2132/4267/6319 2130/4263/6319 2131/4242/6319
s 1
f 2060/4268/6320 2132/4267/6321 2089/4269/6322
f 2132/4267/6321 2131/4242/6323 2089/4269/6322
f 2131/4242/6295 2133/4266/6314 2089/4269/6324
f 2132/4265/6325 2060/4270/6326 2133/4266/6327
f 2069/4271/6328 1976/3987/6329 2081/3998/6330
f 2157/4272/6331 2034/4047/6332 71/4273/6333
f 2034/4047/5980 2009/3924/5979 66/4274/6334
s 0
f 2041/4148/6335 80/4275/6335 2136/4098/6335
f 80/4275/6336 2082/4276/6336 2136/4098/6336
f 2136/4098/6337 2082/4276/6337 78/4277/6337
s 1
f 1863/3640/3701 2197/4022/5957 2159/4278/6338
f 197/302/6089 2145/4144/6339 2139/4120/6090
s 0
f 71/4273/6340 2034/4047/6340 66/4274/6340
s 1
f 2003/3902/5781 2014/3928/5822 2172/4099/6341
f 2093/4279/6342 2138/4280/6343 2163/4281/6344
f 2138/4280/6345 2093/4279/6342 2142/4282/6346
s 0
f 85/4283/6347 2044/4284/6347 2093/4279/6347
s 1
f 2093/4103/6348 1923/3807/5902 2062/3994/5904
f 2067/4161/6143 200/94/6121 2089/4143/6123
f 178/236/356 2068/252/324 2146/4285/6349
f 173/4147/377 180/4286/376 2195/4287/6350
f 2162/4288/6351 2166/4082/6020 2069/4084/6022
f 2017/4001/6352 2008/4000/6353 2140/4289/6354
f 2008/4000/6355 2034/4123/6332 2171/4290/6356
f 2136/4098/6357 78/4277/6358 79/4291/6134
f 1969/3864/6359 2070/3948/6360 79/4157/6134
s 0
f 1991/3893/6361 1983/306/6361 2137/4051/6361
s 1
f 85/4283/6362 2173/4292/6363 2044/4284/6364
f 1992/3915/6365 81/3880/6366 68/4293/6367
f 2022/4052/5986 2152/4294/6368 81/3880/5984
f 2022/4052/6369 84/4104/6369 2085/4295/6369
s 0
f 2085/4295/6370 84/4104/6370 2072/4105/6370
s 1
f 2035/4085/6371 2144/4296/6372 70/4297/6373
f 2144/4296/6374 2035/4085/6375 2015/3868/6376
s 0
f 196/93/6377 2039/297/6377 200/94/6377
f 2183/4298/6378 1996/3900/6378 2020/3901/6378
f 2009/3945/6379 2136/4098/6379 66/4299/6379
f 2030/4017/6380 2003/3902/6380 2172/4099/6380
s 1
f 2167/4300/6381 2014/4003/6059 2137/4051/6382
s 0
f 2137/4051/6383 86/4011/6383 1991/3893/6383
s 1
f 2149/4301/6384 2027/305/6063 2044/4101/6062
f 2062/4302/6385 1992/3915/6365 68/4293/6367
s 0
f 2072/4303/6386 2035/4304/6386 70/4305/6386
s 1
f 2145/4306/6124 178/4307/356 2146/4308/6349
f 2150/4145/6387 173/4147/6388 2195/4287/6389
f 2006/3931/5849 2134/4309/6390 2081/3998/5914
f 2034/4123/6332 2135/4310/6391 2171/4290/6356
f 1998/3949/6392 2021/4002/6393 2172/4099/6394
f 72/4311/6060 2014/4003/6059 2167/4300/6381
f 200/4312/6395 2039/298/6396 2060/4313/6397
s 0
f 2134/4309/6398 2006/3931/6398 2033/4021/6398
s 1
f 2008/4000/6399 2171/4290/6400 2140/4289/6401
s 0
f 361/4314/3186 1863/4315/3186 1111/4316/3186
f 2061/4317/6402 1998/3949/6402 2172/4099/6402
s 1
f 2021/4002/6393 2030/4017/6403 2172/4099/6394
f 85/4283/6404 2151/4318/6405 2173/4292/6406
s 0
f 85/4283/6407 2093/4279/6407 2163/4281/6407
s 1
f 2152/4294/6408 2022/4052/6409 2085/4295/6410
f 2015/4319/5735 2023/4320/5589 2155/4321/6411
f 2146/4285/6412 2068/252/386 2040/4322/385
f 2026/4009/6413 2017/4001/6414 2140/4289/6415
f 2135/4310/6391 2034/4123/6332 2157/4323/6331
f 2143/4324/6416 2070/3948/5852 2091/3737/5509
f 2091/3737/5838 2042/3733/5498 2143/4324/6417
s 0
f 2027/305/6418 2149/4301/6418 1983/306/6418
f 2015/4319/6419 2155/4321/6419 2165/4325/6419
f 2155/4321/6420 2023/4320/6420 2153/4326/6420
s 1
f 2079/4106/6421 2089/4141/6422 2153/3977/6423
f 2089/4269/6324 2133/4266/6314 2161/4327/6424
f 2060/4313/6397 2039/298/6396 2156/4328/6425
f 2039/298/6426 182/265/6427 2156/4328/6428
f 2156/4328/6428 182/265/6427 2179/4329/6429
f 2069/4271/6430 2081/3998/5914 2193/4330/6431
f 1979/4016/6432 1996/4331/6433 2134/4309/6434
f 2134/4309/6434 1996/4331/6433 2183/4332/6435
f 1849/4048/5290 2061/4050/5981 2197/4333/6436
s 0
f 85/4283/6437 2163/4281/6437 2151/4318/6437
s 1
f 2152/4334/6408 2085/4335/6410 2186/4336/6438
f 2133/4266/6327 2060/4270/6326 2161/4327/6439
s 0
f 69/4337/6440 71/4273/6440 66/4274/6440
s 1
f 2143/4324/6417 2042/3733/5498 2181/4338/6441
f 2176/4339/6442 2144/4296/6443 2165/4340/6444
f 2179/4329/6445 182/265/6446 2139/4120/6447
f 2195/4287/6448 180/4286/6449 2166/4341/6450
f 2007/3911/5801 1979/4016/5938 2033/4021/5951
f 2044/4284/6062 2173/4292/6451 2149/4342/6384
f 65/4343/6452 2198/4344/6453 2142/4345/6454
s 0
f 2015/3868/6455 2165/4340/6455 2144/4296/6455
s 1
f 182/265/392 2080/4095/6049 2139/4120/6090
f 183/4346/6456 2150/4347/6457 2170/4348/6458
f 2081/3998/5914 2134/4309/6390 2193/4330/6431
s 0
f 2033/4021/6459 1979/4016/6459 2134/4309/6459
s 1
f 2136/4349/6357 79/4350/6134 2143/4351/6460
f 79/4350/6134 2070/4352/6360 2143/4351/6460
f 72/4353/6060 2167/4354/6381 2154/4355/6137
s 0
f 2137/4051/6461 1983/306/6461 2149/4301/6461
f 2040/4322/6462 183/4346/6462 2170/4348/6462
f 2164/4356/6463 2069/4271/6463 2193/4330/6463
f 2171/4290/6464 67/4357/6464 2140/4289/6464
f 2157/4272/6465 71/4273/6465 69/4337/6465
s 1
f 65/4343/6452 2142/4345/6454 2093/4358/6466
f 2153/4326/6423 2089/4359/6422 2155/4321/6467
s 0
f 2060/4313/6468 2156/4328/6468 2161/4360/6468
s 1
f 2175/4361/6469 2156/4328/6470 2179/4329/6471
f 2146/4285/6412 2040/4322/385 2170/4348/6472
f 2204/4362/6473 66/4274/6474 2136/4349/6475
f 2188/4363/6476 2149/4342/6384 2173/4292/6451
f 68/4293/6477 81/3880/5984 2152/4294/6368
s 0
f 2182/79/6478 2176/4364/6478 2177/4365/6478
s 1
f 2176/4366/6479 2165/4325/6444 2174/4367/6480
f 2089/4269/6324 2161/4327/6424 2168/4368/6481
s 0
f 2020/4007/6482 2026/4009/6482 2183/4369/6482
f 2180/4370/6483 67/4357/6483 2171/4290/6483
f 2137/4371/6484 2149/4342/6484 2188/4363/6484
s 1
f 65/4343/6485 64/4372/6486 2201/4373/6487
f 2199/4374/6488 68/4375/6489 2152/4334/6490
f 2085/4335/6491 2072/4303/6492 70/4305/6493
s 0
f 2176/4366/6494 2174/4367/6494 2177/4376/6494
s 1
f 2195/4377/6448 2166/4378/6450 2218/4379/6495
f 2204/4362/6473 2136/4349/6475 2143/4351/6496
s 0
f 62/4380/6497 63/85/6497 2189/4381/6497
s 1
f 65/84/6452 2093/4382/6466 63/85/6498
f 2152/4334/6490 2186/4336/6499 2199/4374/6488
f 2155/4321/6467 2089/4359/6422 2168/4383/6500
f 2175/4361/6501 2161/4360/6502 2156/4328/6503
f 2145/4144/6339 2169/4384/6504 2139/4120/6090
f 2169/4385/6505 2145/4306/6506 2194/4386/6507
f 2194/4386/6508 2145/4306/6509 2146/4308/6412
f 2183/4369/6510 2026/4009/6413 2140/4289/6415
f 2172/4387/6058 2154/4388/6137 2213/4389/6511
f 2154/4355/6137 2167/4354/6381 2184/4390/6512
f 2191/4391/6513 2151/4318/6514 2163/4281/6515
f 2185/4392/6516 2201/4373/6487 64/4372/6486
f 2093/4382/6348 2062/4393/5904 2215/4394/6517
f 70/4297/6373 2144/4296/6372 2192/4395/6518
f 2146/4308/6412 2170/4396/6519 2194/4386/6508
f 2218/4379/6520 2166/4378/6521 2162/4397/6522
s 0
f 2140/4289/6523 67/4357/6523 2183/4369/6523
s 1
f 2197/4333/6436 2061/4050/5981 2216/4398/6524
f 2186/4336/6525 2085/4335/6491 70/4305/6493
s 0
f 2162/4288/6526 2069/4084/6526 2164/4399/6526
s 1
f 2213/4400/6511 2154/4355/6137 2184/4390/6512
f 2167/4354/6527 2137/4371/6528 2188/4363/6529
s 0
f 2191/4391/6530 2190/4401/6530 2151/4318/6530
s 1
f 2092/4402/6531 2142/4345/6454 2198/4344/6453
s 0
f 63/85/6532 2093/4382/6532 2189/4381/6532
s 1
f 2177/4403/6533 57/4404/6534 2182/4405/6535
s 0
f 2174/4367/6536 2165/4325/6536 2196/4406/6536
s 1
f 2162/4407/6537 2164/4408/6538 1821/4409/6539
s 0
f 2157/4272/6540 69/4337/6540 61/4410/6540
f 61/4410/6541 69/4337/6541 66/4274/6541
s 1
f 2216/4398/6524 2061/4050/5981 2213/4389/6542
s 0
f 2190/4401/6543 2191/4391/6543 56/4411/6543
s 1
f 2138/4280/6544 2142/4282/6545 1817/4412/6546
f 2186/4336/6525 70/4305/6493 2199/4374/6547
f 1734/4413/6548 2218/4379/6520 2162/4397/6522
s 0
f 2183/4414/6549 67/4415/6549 2187/4416/6549
f 2206/4417/6550 2180/4370/6550 2171/4290/6550
s 1
f 61/4410/6551 66/4274/6474 2204/4362/6473
s 0
f 2143/4351/6552 2181/4418/6552 2204/4362/6552
s 1
f 2191/4391/6513 2163/4281/6515 2138/4280/6553
f 2142/4282/6545 2092/4419/6554 1817/4412/6546
f 2062/4420/6385 68/4375/6367 2215/4421/6555
s 0
f 68/4375/6556 2199/4374/6556 2215/4421/6556
s 1
f 2144/4296/6557 2176/4339/6558 2192/4395/6559
f 2176/4364/6558 2182/79/6560 2192/4422/6559
f 2174/4367/6561 2196/4406/6562 2177/4376/6563
f 2200/4423/6564 2168/4424/6565 2161/4360/6566
f 2171/4290/6567 2135/4310/6391 2206/4417/6568
f 63/85/6569 2212/4425/6570 64/83/6571
f 2043/4426/6572 2189/4427/6573 59/4428/6574
f 2158/4429/6575 67/4415/6576 2180/4430/6577
f 2206/4417/6568 2135/4310/6391 2157/4323/6331
f 2192/4422/6559 2182/79/104 2215/78/103
f 2182/4405/6535 57/4404/6534 58/4431/6578
f 1734/4413/6579 2162/4397/6580 2210/4432/6581
s 0
f 2193/4330/6582 2134/4309/6582 2183/4332/6582
s 1
f 2187/4416/6583 67/4415/6576 2158/4429/6575
s 0
f 2061/4050/6584 2172/4387/6584 2213/4389/6584
s 1
f 2184/4390/6512 2167/4354/6381 2213/4400/6511
f 62/4433/6585 2189/4427/6586 2205/4434/6587
f 2139/4120/6447 2169/4384/6588 2179/4329/6445
f 2194/4386/6589 2170/4396/6590 2179/4435/6591
f 2170/4396/6590 2150/4436/6457 2179/4435/6591
f 2193/4437/6592 2183/4414/6593 2187/4416/6594
f 2213/4400/6595 2167/4354/6527 2188/4363/6529
f 2173/4292/6451 2213/4400/6596 2188/4363/6476
f 2189/4381/6597 2093/4382/6598 2215/4394/6517
s 0
f 2199/4438/6599 70/4297/6599 2192/4395/6599
s 1
f 2196/4406/6600 2165/4325/6601 2155/4321/6602
s 0
f 2168/4424/6603 2200/4423/6603 2207/4439/6603
s 1
f 2210/4432/6581 2162/4397/6580 1821/4440/6539
s 0
f 2198/4344/6604 65/4343/6604 2127/4441/6604
s 1
f 2209/4442/6605 2155/4321/6467 2168/4383/6500
f 2179/4435/6606 2169/4385/6505 2194/4386/6507
f 2208/4443/6607 2195/4377/6448 2218/4379/6495
f 2158/4429/6575 2180/4430/6577 2206/4444/6608
s 0
f 1111/4316/6609 1863/4315/6609 2159/4445/6609
s 1
f 2043/4426/6572 2205/4434/6610 2189/4427/6611
f 2168/4383/6612 2207/4446/6613 2209/4442/6614
s 0
f 2200/4423/6615 2203/4447/6615 2207/4439/6615
s 1
f 2179/4329/6471 2208/4448/6616 2175/4361/6469
f 2195/4377/6389 2179/4435/6471 2150/4436/6387
s 0
f 2191/4391/6617 2138/4280/6617 1817/4412/6617
s 1
f 2185/4392/6618 64/4372/6571 2212/4449/6570
f 57/4404/6619 2177/4403/6563 2220/4450/6620
f 2220/4451/6620 2177/4376/6563 2196/4406/6621
f 2196/4406/6600 2155/4321/6602 2209/4442/6622
f 2208/4443/6616 2179/4435/6471 2195/4377/6389
f 2092/4402/6531 2198/4344/6453 2211/4452/6623
f 2212/4425/6624 63/85/6625 62/4380/6626
f 2202/82/6627 59/81/6574 2189/4453/6573
f 2207/4446/6628 1984/4454/6629 2209/4442/6630
f 61/4410/6631 2206/4455/6568 2157/4272/6331
f 2042/4456/6096 664/4457/5916 1608/4458/6632
s 0
f 2214/4459/6633 56/4411/6633 2191/4391/6633
s 1
f 59/4460/6634 60/4461/6635 1704/4462/6636
f 60/4461/6637 2202/4463/6638 2178/4464/6639
f 2161/4360/6502 2175/4361/6501 2160/4465/6640
s 0
f 2175/4361/6641 2208/4448/6641 2160/4465/6641
s 1
f 2141/4466/6642 2193/4437/6643 2187/4416/6594
s 0
f 1896/4467/6644 2202/4468/6644 2036/4469/6644
s 1
f 2202/82/6627 2189/4453/6573 2217/4470/6645
f 2193/4437/6643 2141/4466/6642 2164/4471/6646
f 2141/4466/6647 2187/4416/6583 2158/4429/6575
f 2158/4429/6648 2206/4444/6608 1955/4472/6649
f 2042/4456/5498 1608/4458/6650 2181/4473/6441
s 0
f 2151/4318/6651 2190/4401/6651 56/4411/6651
f 2211/4452/6652 2198/4344/6652 2127/4441/6652
s 1
f 65/4343/6653 2201/4373/6654 2127/4441/6655
s 0
f 2219/74/6656 2192/4422/6656 2215/78/6656
f 2192/4474/6657 2219/4475/6657 2199/4476/6657
f 2215/4477/6658 2199/4476/6658 55/4478/6658
f 2199/4476/6659 2219/4475/6659 55/4478/6659
f 54/75/6660 2219/74/6660 57/4479/6660
f 55/4478/6661 54/4480/6661 2220/4481/6661
s 1
f 54/4480/6662 57/4482/6662 2220/4481/6662
s 0
f 2219/74/6663 2215/78/6663 57/4479/6663
f 2215/4477/6664 55/4478/6664 57/4404/6664
f 57/4404/6665 55/4478/6665 58/4431/6665
f 55/4478/6666 2220/4481/6666 58/4431/6666
s 1
f 2160/4483/6667 2208/4443/6607 2218/4379/6668
f 2148/4484/6669 2151/4318/6670 56/4411/6671
f 2202/4485/6672 2217/68/95 2036/70/97
f 2010/4486/6673 2189/4453/6597 2215/4487/6517
f 2196/4406/6674 2209/4442/6675 2010/4488/6676
f 2203/4447/6677 2200/4423/6564 1839/4489/6678
f 2092/4402/6679 2211/4452/6680 2127/4441/6681
f 1704/4462/6636 60/4461/6635 2084/4490/6682
f 2215/4487/6517 58/4491/6683 2010/4486/6673
f 2200/4423/6564 2161/4360/6566 1922/4492/6684
s 0
f 61/4410/6685 2204/4362/6685 2206/4455/6685
f 2206/4455/6686 2204/4362/6686 2181/4418/6686
f 2148/4484/6687 56/4411/6687 2214/4459/6687
f 2214/4459/6688 2191/4391/6688 1817/4412/6688
s 1
f 2185/4392/6689 2212/4449/6690 2090/72/6691
f 2220/4451/6692 2196/4406/6674 2010/4488/6676
s 0
f 1827/4493/6693 2214/4459/6693 1817/4412/6693
s 1
f 1816/71/98 2185/4392/6694 2090/72/99
s 0
f 2178/4464/6695 2202/4463/6695 2083/4494/6695
f 2217/4470/6696 2189/4453/6696 2010/4486/6696
s 1
f 2213/4400/6596 2173/4292/6451 2216/4495/6697
f 62/4433/6585 2205/4434/6587 1717/4496/6698
s 0
f 2207/4439/6699 2203/4447/6699 1797/4497/6699
s 1
f 2113/4498/6700 2071/4499/6701 2158/4429/6702
f 2148/4484/6703 2216/4495/6704 2151/4318/6705
s 0
f 2216/4495/6706 2173/4292/6706 2151/4318/6706
s 1
f 2185/4392/6707 1816/71/6708 2201/4373/6709
f 1717/4496/6698 2205/4434/6587 1657/4500/6710
s 0
f 58/4431/6711 2220/4481/6711 2010/4501/6711
s 1
f 2160/4483/6712 2218/4379/6520 1734/4413/6548
s 0
f 1740/4502/6713 1657/4500/6713 2205/4434/6713
s 1
f 1740/4502/6714 2205/4434/6715 2043/4426/6572
f 2141/4466/6716 2158/4429/6702 2071/4499/6701
f 2197/4333/6436 2216/4398/6524 1475/4503/6717
f 1782/4504/6718 1896/4467/6719 2036/4469/6720
s 0
f 2010/4488/6721 2209/4442/6721 1984/4454/6721
s 1
f 2203/4447/6722 1839/4489/6723 1432/4505/6723
f 1922/4492/6684 2161/4360/6566 2160/4465/6712
f 2141/4466/6716 2071/4499/6701 1330/4506/6724
f 1955/4472/6725 2113/4498/6700 2158/4429/6702
f 2147/73/100 2090/72/99 1769/4507/6726
f 60/4461/6637 2178/4464/6639 2084/4490/6727
s 0
f 1763/4508/6728 50/4509/6728 2010/4510/6728
s 1
f 2160/4465/6712 1734/4511/6548 1922/4492/6684
s 0
f 1821/4409/6729 2164/4408/6729 1330/4512/6729
s 1
f 1756/4513/6730 2071/4499/6731 2113/4498/6732
f 2197/4514/6733 1475/4515/6734 2159/4445/6735
f 2092/4402/6679 2127/4441/6681 1879/4516/6736
f 1879/4516/6737 2127/4441/6655 2201/4373/6654
f 2090/72/6691 2212/4449/6690 1718/4517/6738
f 2212/4425/6624 62/4380/6626 1718/4518/6739
s 0
f 2043/4426/6740 59/4428/6740 1629/4519/6740
s 1
f 59/4460/6741 1704/4462/6742 1629/4520/6742
f 1407/4521/6743 2083/4494/6744 2202/4463/6745
f 1407/4522/6743 2202/4468/6746 1896/4467/6747
s 0
f 1585/4523/6748 1984/4454/6748 2207/4446/6748
s 1
f 2113/4498/6700 1955/4472/6725 1836/4524/6749
f 1955/4472/6750 2206/4444/6751 2181/4473/6441
f 2148/4484/6752 2214/4459/6753 1827/4493/6754
f 1879/4516/6755 2201/4373/6709 1816/71/6708
s 0
f 2083/4494/6756 2084/4490/6756 2178/4464/6756
f 2164/4471/6757 2141/4466/6757 1330/4506/6757
s 1
f 2071/4499/6731 1756/4513/6730 1858/4525/6758
s 0
f 1798/4526/6759 1763/4508/6759 2010/4510/6759
f 1585/4527/6760 2207/4439/6760 1797/4497/6760
s 1
f 2216/4495/6761 2148/4484/6762 1827/4493/6754
f 1585/4523/6763 2010/4488/6764 1984/4454/6765
f 1629/4528/6766 1717/4496/6767 1657/4500/6768
f 1739/4529/6769 1782/69/96 2217/68/95
f 52/64/6770 53/63/6771 1823/4530/6772
f 53/63/89 1841/65/91 1798/4526/6773
f 1839/4489/6678 2200/4423/6564 1922/4492/6684
f 2181/4473/6441 1836/4524/6774 1955/4472/6750
f 1475/4531/6717 2216/4495/6524 1827/4493/6775
f 1817/4412/6776 2092/4419/6679 1879/4532/6736
f 1816/71/98 2147/73/100 1771/4533/6777
f 1740/4502/6778 2043/4426/6779 1629/4519/6780
s 0
f 1762/67/6781 52/64/6781 1654/4534/6781
s 1
f 1654/4535/6782 52/4536/6770 1653/4537/6783
f 52/64/6770 1823/4530/6772 1653/4538/6783
f 1841/65/6784 1763/4508/6785 1798/4526/6786
f 2010/4510/6787 1585/4539/6788 1798/4526/6789
f 1693/4540/6790 2071/4499/6791 1776/4541/6792
f 1769/4507/6726 2090/72/99 1718/4517/6793
f 1330/4506/6724 2071/4499/6701 1693/4540/6794
f 2071/4499/6791 1858/4525/6795 1776/4541/6792
f 1756/4513/6796 2181/4473/6441 1608/4458/6650
f 1704/4462/6797 2084/4490/6798 51/60/6799
s 0
f 1407/4522/6800 1896/4467/6800 1327/4542/6800
s 1
f 1555/4543/6801 2210/4432/6581 1821/4440/6539
s 0
f 2217/68/6802 2010/4544/6802 1739/4529/6802
s 1
f 1734/4413/6579 2210/4432/6581 1555/4543/6801
f 1837/4545/6803 1892/4546/6804 1858/4525/6805
f 1776/4541/6806 1892/4546/6807 1837/4545/6808
f 1475/4531/6809 1827/4493/6810 1817/4412/6811
f 1858/4525/6812 1892/4546/6812 1776/4541/6812
f 1837/4545/6803 1858/4525/6805 1756/4513/6813
f 1771/4533/6777 2147/73/100 1769/4507/6726
f 1718/4547/6814 62/4433/6815 1717/4496/6816
s 0
f 1784/61/6817 51/60/6817 1557/4548/6817
s 1
f 1841/65/91 52/64/90 1895/66/92
f 2203/4447/6722 1432/4505/6818 1797/4497/6819
f 2113/4498/6732 1836/4524/6820 1756/4513/6730
f 1836/4524/6774 2181/4473/6441 1756/4513/6796
f 1475/4531/6821 1817/4412/6776 1879/4532/6736
f 1769/4549/6726 1718/4550/6793 1346/4551/6822
f 51/60/6799 2084/4490/6798 1557/4548/6823
f 1557/4548/6823 2084/4490/6798 2083/4494/6824
f 1896/4467/6719 1782/4504/6718 1327/4542/6825
f 1782/69/96 1739/4529/6769 1740/4502/6826
f 1841/65/6784 1895/66/6827 1763/4508/6785
f 1837/4545/6808 1711/4552/6828 1776/4541/6806
s 0
f 1784/61/6829 1542/4553/6829 1826/62/6829
s 1
f 1823/4530/6830 1363/4554/6831 1653/4538/6832
f 53/63/6833 1798/4526/6834 1363/4554/6835
f 1839/4489/6836 1922/4492/6837 1432/4505/6838
f 1517/4555/6839 1922/4492/6840 1734/4511/6579
s 0
f 1771/4533/6841 1879/4516/6841 1816/71/6841
s 1
f 1629/4520/6742 1704/4462/6742 1560/4556/6842
s 0
f 1585/4527/6843 1797/4497/6843 1432/4505/6843
s 1
f 1922/4492/6844 1517/4555/6845 1432/4505/6838
s 0
f 1711/4552/6846 1837/4545/6846 1756/4513/6846
s 1
f 1557/4548/6823 2083/4494/6847 1407/4521/6848
s 0
f 50/4509/6849 1656/4557/6849 2010/4510/6849
f 50/4509/6850 1763/4508/6850 1656/4557/6850
s 1
f 1656/4557/6851 1763/4508/6852 1895/66/6853
f 1653/4538/6832 1363/4554/6831 1383/4558/6854
f 53/63/6833 1363/4554/6835 1823/4530/6855
f 1363/4554/6856 1798/4526/6789 1585/4539/6788
f 1517/4559/6839 1734/4413/6579 1555/4543/6801
s 0
f 1542/4553/6857 1784/61/6857 1557/4548/6857
s 1
f 1555/4543/6858 1821/4440/6859 1330/4560/6860
f 1782/4561/6718 1740/4562/6861 1327/4563/6825
f 1327/4563/6862 1740/4562/6863 1629/4528/6864
f 1327/4563/6865 1629/4528/6766 1657/4500/6768
f 1776/4541/6866 1711/4552/6867 1070/4564/6868
f 1608/4458/6650 1143/4565/6869 1756/4513/6796
f 1718/4550/6814 1717/4566/6816 1346/4551/6870
s 0
f 1826/62/6871 1409/4567/6871 51/60/6871
f 1657/4500/6872 1740/4502/6872 1739/4529/6872
s 1
f 1433/4568/6873 1539/4569/6874 1585/4570/6875
f 1693/4540/6876 1776/4541/6866 1070/4564/6868
s 0
f 1879/4571/6877 1771/4572/6877 1769/4549/6877
f 1444/4573/6878 1409/4567/6878 1826/62/6878
s 1
f 1444/4573/6879 1826/62/6880 1542/4553/6881
s 0
f 1739/4574/6882 2010/4510/6882 1656/4557/6882
s 1
f 1346/4551/6883 1717/4566/6767 1629/4520/6766
f 1704/4462/6797 51/60/6799 1409/4567/6884
s 0
f 1762/67/6885 1654/4534/6885 1895/66/6885
s 1
f 1654/4535/6886 1653/4537/6832 1204/4575/6887
s 0
f 1879/4571/6888 1769/4549/6888 1346/4551/6888
s 1
f 1560/4556/6889 1704/4462/6797 1409/4567/6884
s 0
f 1711/4552/6890 1756/4513/6890 1429/4576/6890
f 664/3992/6891 1389/2730/6891 361/3852/6891
s 1
f 2159/4445/6892 582/4577/6893 1111/4316/6894
f 2159/4445/6735 1475/4515/6734 582/4577/6895
f 1558/4578/6896 1542/4553/6897 1557/4548/6898
f 1653/4537/6832 1383/4579/6854 1204/4575/6887
s 0
f 1429/4576/6899 1756/4513/6899 1143/4565/6899
s 1
f 1444/4573/6879 1542/4553/6881 1558/4578/6900
f 1327/4563/6901 1657/4500/6902 1739/4529/6903
f 1539/4569/6874 1433/4568/6873 1306/4580/6904
s 0
f 1403/4581/6905 1306/4580/6905 1433/4568/6905
s 1
f 1330/4506/6724 1693/4540/6794 1070/4564/6906
f 1560/4556/6907 1346/4551/6883 1629/4520/6766
s 0
f 1895/4582/6908 1654/4535/6908 1204/4575/6908
s 1
f 1363/4583/6909 1585/4584/6875 1539/4585/6874
f 1070/4564/6868 1711/4552/6867 1180/4586/6910
f 1143/4587/6869 1608/4588/6650 931/4589/6911
s 0
f 1656/4590/6912 1327/4563/6912 1739/4529/6912
s 1
f 1180/4586/6910 1711/4552/6867 1429/4576/6913
f 1608/4588/6632 664/4591/5916 931/4589/6914
f 1879/4571/6736 1346/4551/6883 1475/4592/6821
f 1406/4593/6915 1363/4583/6916 1539/4585/6917
f 1255/4594/6918 1406/4593/6919 1539/4585/6920
s 0
f 1137/4595/6921 1407/4522/6921 1327/4542/6922
s 1
f 1403/4581/6923 1433/4568/6924 1234/4596/6925
f 1517/4559/6926 1555/4543/6858 1296/4597/6927
f 1555/4543/6858 1330/4560/6860 1296/4597/6927
f 1558/4578/6896 1557/4548/6898 1188/4598/6928
f 49/4599/6929 1539/4585/6930 845/4600/6931
f 1306/4580/6932 1403/4581/6933 1251/4601/6934
f 1251/4601/6935 1403/4581/6936 1234/4596/6937
s 0
f 1180/4586/6938 1429/4576/6938 1143/4565/6938
s 1
f 1475/4592/6821 1346/4551/6883 582/4602/6939
f 1188/4603/6940 1407/4522/6941 1137/4595/6942
f 1188/4598/6940 1557/4548/6943 1407/4521/6941
f 845/4600/6931 1539/4585/6930 1306/4604/6944
f 343/4605/6945 1234/4596/6925 1433/4568/6924
f 1327/4542/6946 1656/4606/6947 1204/4607/6948
f 1251/4601/6935 1234/4596/6937 1198/4608/6949
f 343/4605/6950 1433/4568/6951 1030/4609/6952
s 0
f 1585/4527/6953 1432/4505/6953 1517/4555/6953
f 1517/4555/6954 1296/4610/6954 1183/4611/6954
f 1409/4567/6955 1324/4612/6955 1560/4556/6955
s 1
f 1444/4573/6956 1558/4578/6957 1409/4567/6958
f 1895/4613/6853 1204/4607/6959 1656/4606/6851
f 1136/4614/6960 1383/4558/6961 1363/4554/6962
f 1433/4568/6963 1216/4615/6964 1030/4609/6965
f 1137/4595/6966 1327/4542/6946 1204/4607/6948
f 1136/4616/6960 1204/4575/6967 1383/4579/6961
s 0
f 845/4600/6968 1306/4604/6968 1277/4617/6968
s 1
f 1433/4568/6873 1585/4570/6875 1183/4618/6969
s 0
f 1585/4527/6970 1517/4555/6970 1183/4611/6970
s 1
f 490/4619/6971 1306/4604/6932 1251/4620/6934
f 1330/4621/6724 1097/4622/6972 1296/4623/6973
f 582/4602/6939 1346/4551/6883 1560/4556/6907
s 0
f 1188/4598/6974 1324/4612/6974 1409/4567/6974
f 1406/4624/6975 1136/4614/6975 1363/4554/6975
s 1
f 1539/4585/6920 49/4599/6976 1255/4594/6977
f 1409/4567/6958 1558/4578/6957 1188/4598/6978
s 0
f 1216/4615/6979 1433/4568/6979 1183/4618/6979
s 1
f 1070/4625/6906 1180/4626/6980 1143/4587/6981
f 1204/4607/6967 1136/4627/6960 1110/4628/6982
f 952/4629/6983 490/4630/6971 1251/4631/6934
f 629/4632/6984 1234/4596/6985 343/4605/6986
f 1216/4633/6987 1183/4634/6988 1123/4635/6989
f 1097/4622/6972 1330/4621/6724 1166/4636/6990
f 1277/4617/6991 1306/4604/6992 490/4619/6993
f 1030/4609/6952 629/4632/6994 343/4605/6950
f 1030/4637/6965 1216/4633/6964 951/4638/6995
f 1166/4636/6990 1330/4621/6724 1070/4625/6906
f 1560/4556/6907 1324/4612/6996 1188/4598/6997
f 952/4639/6998 1251/4601/6999 1198/4608/7000
f 1183/4640/7001 1296/4623/7002 732/4641/7003
f 1070/4625/6906 1143/4587/6981 677/4642/7004
f 1188/4598/6997 582/4602/6939 1560/4556/6907
s 0
f 1172/4643/7005 49/4644/7005 845/4645/7005
s 1
f 1234/4596/7006 629/4632/6984 1008/4646/7007
f 1137/4595/6966 1204/4607/6948 654/4647/7008
s 0
f 1234/4596/7009 1008/4646/7009 1198/4608/7009
s 1
f 1123/4635/6989 1183/4634/7010 612/4648/7011
f 1072/4649/7012 1216/4633/7013 743/4650/7014
f 1216/4633/7013 1123/4635/7015 743/4650/7014
f 732/4641/7016 1296/4623/7017 627/4651/7018
f 1097/4622/7019 1166/4636/7020 727/4652/7021
s 0
f 582/4602/7022 1188/4598/7022 1137/4653/7022
f 1255/4654/7023 49/4644/7023 654/4647/7023
s 1
f 629/4632/7024 1149/4655/7025 1008/4646/7026
f 49/4644/7027 1172/4643/7028 1081/4656/7029
f 1023/4657/7030 1081/4656/7031 1172/4643/7032
s 0
f 1023/4657/7033 1172/4643/7033 845/4645/7033
s 1
f 727/4652/7021 1166/4636/7034 492/4658/7035
f 654/4647/7008 582/4659/7036 1137/4595/6966
f 1406/4660/7037 1255/4654/7038 654/4647/7039
f 1149/4661/7025 982/4662/7040 686/4663/7041
f 1216/4633/7042 1072/4649/7043 685/4664/7044
f 869/4665/7045 1166/4636/6990 1070/4625/6906
f 1110/4628/7046 1136/4627/7047 654/4647/7048
f 1136/4627/7047 1406/4660/7037 654/4647/7048
f 1149/4661/7025 686/4663/7041 1008/4666/7026
f 628/4667/7049 1123/4635/7050 612/4648/7051
f 1296/4623/6973 1097/4622/6972 822/4668/7052
f 869/4665/7045 1070/4625/6906 677/4642/7004
f 654/4647/7008 1204/4607/6948 1110/4628/7053
f 1149/4661/7054 629/4669/7055 601/4670/7056
f 1183/4640/7010 732/4641/7057 612/4671/7011
f 822/4668/7058 1097/4622/7059 727/4652/7060
f 627/4651/7061 1296/4623/6973 822/4668/7052
f 1166/4636/7062 869/4665/7063 492/4658/7064
s 0
f 602/4672/7065 845/4645/7065 1277/4673/7065
s 1
f 1216/4633/7042 685/4664/7044 951/4638/7066
s 0
f 492/4658/7067 980/4674/7067 727/4652/7067
f 361/4314/1055 1111/4316/6609 104/4675/1071
s 1
f 651/4676/7068 1030/4637/6965 951/4638/6995
f 964/4677/7069 980/4674/7070 492/4658/7071
f 490/4630/6971 952/4629/6983 615/4678/7072
s 0
f 1008/4666/7073 686/4663/7073 613/4679/7073
f 601/4670/7074 982/4662/7074 1149/4661/7074
s 1
f 677/4642/7075 1143/4587/6869 931/4589/6911
f 667/4680/7076 1081/4656/7031 1023/4657/7030
s 0
f 1072/4649/7077 743/4650/7077 685/4664/7077
s 1
f 492/4658/7071 48/4681/7078 964/4677/7069
f 492/4658/7064 869/4665/7063 48/4681/7079
f 49/4644/7027 1081/4656/7029 654/4647/7080
f 1277/4673/6991 490/4630/6993 615/4678/7081
f 629/4669/7082 1030/4682/7083 600/4683/7084
f 608/4684/7085 651/4676/7068 951/4638/6995
s 0
f 727/4652/7086 980/4674/7086 618/4685/7086
f 980/4674/7087 964/4677/7087 618/4685/7087
f 1023/4657/7088 845/4645/7088 667/4680/7088
s 1
f 600/4683/7084 1030/4682/7083 651/4686/7089
f 685/4664/7090 377/4687/7091 951/4638/7092
s 0
f 618/4685/7093 964/4677/7093 48/4681/7093
s 1
f 645/4688/7094 685/4664/7095 743/4650/7096
f 1081/4656/7031 667/4680/7076 654/4647/7097
f 952/4689/6983 678/4690/7098 615/4691/7072
f 678/4690/7099 952/4689/6998 610/4692/7100
f 610/4692/7100 952/4689/6998 1198/4693/7000
f 1008/4666/7101 613/4679/7102 610/4692/7103
f 685/4664/7095 645/4688/7094 619/4694/7104
f 822/4668/7058 727/4652/7060 594/4695/7105
f 48/4681/7079 869/4665/7063 604/4696/7106
f 686/4663/7041 982/4662/7040 601/4670/7056
f 608/4697/7085 609/4698/7107 651/4686/7108
s 0
f 47/4699/7109 619/4694/7109 645/4688/7109
f 743/4650/7110 1123/4635/7110 628/4667/7110
f 604/4696/7111 869/4665/7111 677/4642/7111
s 1
f 604/4696/7112 677/4642/7075 931/4589/7113
f 602/4672/7114 1277/4673/6991 615/4678/7081
s 0
f 1198/4693/7115 1008/4666/7115 610/4692/7115
s 1
f 613/4679/7102 686/4663/7041 601/4670/7056
f 951/4638/7092 377/4687/7091 608/4684/7116
f 612/4648/7051 372/4700/7117 628/4667/7049
f 607/4701/7118 822/4668/7058 594/4695/7105
s 0
f 667/4680/7119 845/4645/7119 602/4672/7119
f 581/4702/7120 685/4664/7120 619/4694/7120
s 1
f 732/4641/7057 596/4703/7121 612/4671/7011
f 732/4641/7016 627/4651/7018 596/4703/7122
s 0
f 594/4695/7123 727/4652/7123 618/4685/7123
s 1
f 1111/4316/6894 582/4577/6893 104/4675/7124
f 596/4703/7125 627/4651/7061 607/4701/7126
f 627/4651/7061 822/4668/7052 607/4701/7126
f 678/4690/7127 582/4704/7036 615/4691/7128
s 0
f 600/4683/7129 651/4686/7129 609/4698/7129
s 1
f 581/4702/7130 377/4687/7131 685/4664/7132
f 618/4685/7133 48/4681/7134 594/4695/7135
s 0
f 654/4647/7136 667/4680/7136 602/4672/7136
s 1
f 678/4690/7127 610/4692/7137 582/4704/7036
f 601/4670/7056 629/4669/7055 600/4683/7138
f 602/4705/7139 615/4691/7128 582/4704/7036
f 628/4667/7140 645/4688/7094 743/4650/7096
f 931/4589/6914 664/4591/5916 198/4706/7141
f 600/4683/7142 609/4698/7143 377/4707/7144
s 0
f 581/4702/7145 619/4694/7145 47/4699/7145
s 1
f 612/4671/7011 596/4703/7121 500/4708/7146
f 594/4695/7135 48/4681/7134 604/4696/7147
f 377/4707/7091 609/4698/7148 608/4697/7116
f 596/4703/7149 607/4701/7150 594/4695/7151
f 198/4706/7152 604/4696/7112 931/4589/7113
f 582/4659/7036 654/4647/7008 602/4672/7139
f 610/4692/7103 613/4679/7102 601/4670/7056
f 594/4695/7151 604/4696/7112 198/4706/7152
f 610/4692/7103 601/4670/7056 600/4683/7138
f 581/4702/7130 47/4699/7153 580/4709/7154
s 0
f 580/4709/7155 47/4699/7155 645/4688/7155
s 1
f 645/4688/7156 628/4667/7140 580/4709/7154
f 612/4648/7051 500/4710/7157 372/4700/7117
f 500/4708/7158 596/4703/7149 33/4711/7159
f 580/4709/7154 628/4667/7140 372/4700/7160
f 596/4703/7149 594/4695/7151 198/4706/7152
f 610/4692/7137 600/4683/7142 582/4704/7036
f 377/4707/7131 581/4712/7130 372/4713/7160
f 372/4700/7160 581/4702/7130 580/4709/7154
f 500/4710/7158 33/4714/7159 372/4700/7161
f 600/4683/7142 377/4707/7144 582/4704/7036
f 596/4703/7149 198/4706/7152 33/4711/7159
f 33/4715/7159 377/4707/7144 372/4713/7161
s 0
f 361/4314/6097 104/4675/6097 664/4716/6097
s 1
f 377/4707/7144 33/4715/7159 582/4704/7036
s 0
f 664/4716/1062 104/4675/1062 2/4717/1062
s 1
f 664/4591/5916 20/4718/7162 198/4706/7141
f 104/4675/7124 582/4577/6893 2/4717/7163
f 2/4717/7163 582/4577/6893 33/4719/7164
f 20/4718/7162 664/4591/5916 2/4720/7165
f 33/4711/7159 198/4706/7152 25/4721/7166
f 20/4718/7167 25/4721/7166 198/4706/7152
f 46/4722/7168 45/4723/7169 33/4711/7159
s 0
f 33/4711/7170 45/4723/7170 27/4724/7170
f 27/4724/7171 45/4725/7171 26/4726/7171
s 1
f 45/4727/7172 46/4722/7173 26/4726/7172
f 26/4726/7174 46/4722/7175 25/4721/7176
f 46/4722/7168 33/4711/7159 25/4721/7166
s 0
f 33/4711/7177 27/4724/7177 20/4718/7177
f 27/4724/7178 26/4726/7178 20/4718/7178
s 1
f 26/4726/7174 25/4721/7179 20/4718/7180
f 33/4719/7164 20/4728/7181 2/4717/7163
