# Blender 4.3.2
# www.blender.org
o model
v -0.782465 1.005625 0.200713
v -0.788307 0.961524 0.118594
v -0.731106 1.028700 0.176967
v -0.750343 0.993375 0.089298
v -0.791942 0.954756 0.243819
v -0.756790 1.002485 0.231827
v -0.735893 1.039558 0.220051
v -0.648491 1.101274 0.181754
v -0.624003 1.118348 0.163428
v -0.608935 1.066830 0.079824
v -0.522269 1.275308 -0.035493
v -0.231572 1.499076 0.072695
v -0.198519 1.182777 -0.029091
v -0.158431 1.520012 0.138807
v -0.122848 1.501925 0.153958
v -0.123513 1.295822 0.208407
v 0.151864 1.491547 0.147630
v -0.027442 0.997280 0.195855
v -0.242250 0.714658 0.043884
v -0.254420 0.712948 0.020520
v 0.054283 0.706851 -0.063019
v 0.250792 1.017393 0.074981
v 0.281523 0.664151 -0.001874
v 0.254822 0.624484 0.108324
v 0.216277 0.661830 0.148697
v 0.198119 0.671961 0.141089
v 0.237079 0.593351 0.087548
v 0.244943 0.082609 0.211367
v 0.313937 0.001065 0.183441
v 0.383602 0.043287 0.158151
v 0.345832 0.037123 0.230603
v 0.357081 0.093166 0.192646
v 0.375730 0.001401 0.118731
v -0.796389 0.939547 0.193583
v 0.250339 0.041507 0.234333
v 0.282660 0.085846 0.251511
v 0.340333 0.002101 0.039336
v 0.252841 0.017229 0.223153
v 0.336889 0.104698 0.122676
v 0.345032 0.040783 0.050388
v -0.793145 1.021085 0.147637
v 0.309849 0.130032 0.048572
v 0.325080 0.021688 0.025790
v 0.255008 0.109041 0.167107
v -0.765910 0.975186 0.137648
v 0.201206 0.050789 0.134010
v -0.793717 0.971794 0.162123
v 0.291929 0.002269 -0.042402
v 0.196930 0.001943 0.079088
v 0.266327 0.002471 -0.132951
v 0.300107 0.029062 -0.029852
v 0.181739 0.001347 -0.006162
v 0.146033 0.001240 -0.114481
v 0.193655 0.034358 0.055707
v 0.223929 0.150894 0.080605
v -0.771906 1.045766 0.132631
v 0.299062 0.140414 0.023535
v 0.290969 0.222134 -0.014757
v 0.291184 0.098244 -0.037785
v 0.178967 0.033006 0.007984
v 0.194391 0.098923 0.070124
v 0.137887 0.043504 -0.101879
v 0.327465 0.121769 -0.019802
v 0.254939 0.129709 -0.116390
v 0.258663 0.043254 -0.141928
v 0.298134 0.125081 -0.076428
v 0.203795 0.047272 -0.149808
v 0.278813 0.196621 -0.048129
v -0.793983 0.956065 0.090857
v -0.765177 0.924825 0.094326
v 0.167220 0.077862 -0.008286
v 0.169641 0.124648 0.062157
v 0.229124 0.171287 0.107909
v -0.734661 1.018651 0.134672
v 0.153853 0.118875 -0.045336
v 0.292382 0.170814 0.070562
v 0.167081 0.129998 -0.113141
v 0.158231 0.124262 0.002917
v 0.261253 0.262386 0.052221
v 0.271993 0.216971 -0.081254
v -0.771890 1.050673 0.198435
v 0.192281 0.252592 0.062133
v 0.149853 0.164808 -0.064858
v 0.231879 0.146873 -0.142824
v 0.170389 0.202804 -0.110364
v 0.299146 0.378261 0.029520
v 0.202747 0.227375 -0.132673
v 0.148058 0.202362 -0.028318
v -0.756960 1.039892 0.095275
v 0.303864 0.371083 -0.017228
v 0.159240 0.208489 0.024699
v 0.293608 0.322540 -0.090705
v -0.681069 1.029892 0.147191
v 0.252628 0.428387 0.105716
v 0.223855 0.339906 -0.149443
v -0.770534 1.065531 0.129239
v -0.694902 1.073441 0.207173
v 0.138559 0.335467 0.061475
v 0.251537 0.440497 0.075995
v 0.258371 0.461446 0.109676
v 0.262250 0.381807 -0.122799
v 0.116408 0.279698 -0.005732
v 0.282438 0.507005 0.085174
v 0.287350 0.494041 0.046374
v -0.763656 1.066282 0.213379
v 0.296890 0.395791 -0.069441
v -0.699992 1.094457 0.080829
v 0.271111 0.490132 0.040550
v 0.189655 0.445176 0.129400
v 0.081660 0.355207 -0.026807
v 0.240845 0.573902 0.129157
v 0.257345 0.594443 0.092606
v -0.651846 1.010861 0.187622
v 0.185883 0.435510 0.116289
v 0.134780 0.479536 0.094568
v 0.090029 0.370966 0.022379
v 0.172305 0.569452 0.155440
v 0.263459 0.534672 -0.022185
v -0.692977 1.124255 0.145637
v 0.121644 0.346121 -0.118741
v 0.171119 0.473891 -0.113097
v -0.642994 1.053647 0.121063
v 0.148520 0.481681 0.115169
v -0.687227 0.999604 0.224684
v 0.089154 0.409543 -0.033154
v 0.228712 0.480360 -0.098487
v -0.679856 1.017298 0.265767
v -0.656652 0.981197 0.261129
v -0.653929 1.027797 0.232016
v 0.140463 0.487090 0.073601
v 0.147210 0.574358 0.136372
v 0.165522 0.618425 0.122504
v 0.166139 0.614063 0.150464
v 0.267424 0.611161 -0.015176
v 0.103380 0.406815 0.048323
v 0.278090 0.661829 0.067354
v -0.666404 1.084374 0.066250
v 0.260457 0.713339 0.097784
v 0.270465 0.474121 -0.049920
v 0.117083 0.465467 -0.086603
v 0.155919 0.572026 0.106550
v -0.635880 1.067673 0.088669
v -0.621313 1.049619 0.167558
v 0.093542 0.459360 0.003330
v 0.119957 0.562607 0.097124
v 0.128350 0.575372 0.134634
v -0.635571 1.082086 0.062561
v -0.675901 1.141982 0.123078
v -0.635687 1.083794 0.063358
v -0.634211 1.081999 0.062655
v 0.242775 0.894545 0.072434
v 0.236385 0.609749 -0.071945
v 0.241030 0.528453 -0.076347
v -0.648645 1.127450 0.164666
v 0.270565 0.804907 0.048250
v 0.274699 0.733938 -0.026498
v 0.177388 0.526117 -0.097770
v 0.104466 0.504655 -0.057276
v 0.102343 0.756482 0.145697
v -0.603263 1.064841 0.134995
v 0.071996 0.529940 -0.001298
v 0.094134 0.572520 0.088288
v 0.093261 0.577640 -0.071220
v -0.649671 1.100263 0.050816
v -0.679560 1.138096 0.077601
v 0.163129 0.562677 -0.098733
v -0.621546 1.088346 0.150661
v 0.070120 0.581111 0.028880
v 0.177698 0.839738 0.148620
v 0.230644 0.750143 -0.084729
v 0.080307 0.695292 0.122111
v -0.623589 1.111857 0.165859
v 0.171401 0.605189 -0.100876
v -0.616354 1.107161 0.161936
v -0.642586 1.132956 0.169338
v 0.116189 0.833273 0.154790
v -0.626159 1.115055 0.168347
v 0.185557 0.701223 -0.115628
v -0.616060 1.097335 0.164637
v 0.100575 0.754138 0.118591
v 0.259482 0.902271 0.018598
v 0.152065 0.891884 0.153841
v -0.607542 1.137124 0.008560
v 0.040871 0.697832 0.070220
v 0.099493 0.851413 0.129805
v 0.204824 0.948613 0.113046
v 0.038032 0.695735 0.028557
v 0.236576 0.961887 0.009289
v 0.077565 0.841127 0.089722
v 0.150550 0.907881 0.120996
v 0.027865 0.749022 0.052822
v 0.111589 0.742323 -0.118064
v -0.628466 1.150828 0.165711
v 0.058787 0.857881 0.114260
v -0.580899 1.102054 0.026127
v 0.271267 0.811814 -0.022638
v 0.018426 0.802109 0.015098
v 0.248273 1.030825 0.101517
v 0.224930 1.014863 0.077944
v -0.620259 1.174747 0.026658
v 0.009412 0.823171 0.027909
v 0.221712 0.947391 -0.066855
v 0.005213 0.819563 0.129039
v -0.266838 0.692939 0.058086
v -0.289559 0.705752 0.006438
v -0.289572 0.746683 0.068547
v -0.250484 0.702884 -0.022217
v -0.299014 0.747720 -0.011888
v -0.231625 0.461729 0.102232
v -0.071999 0.456920 -0.075830
v -0.106737 0.319648 0.050763
v -0.217831 0.002008 -0.152790
v -0.142620 0.001661 -0.003054
v -0.140156 0.043765 0.018233
v -0.262097 0.027679 -0.030426
v -0.284196 0.000000 0.183230
v -0.174862 0.004024 0.145173
v -0.243223 0.033855 0.251407
v -0.609052 1.212617 0.052412
v -0.678533 1.155377 0.117823
v -0.557384 1.103235 0.134798
v -0.347970 0.011638 0.130553
v -0.168471 0.002037 0.075126
v -0.224708 0.084402 0.230164
v -0.305878 0.096107 0.224842
v -0.159370 0.029591 0.064136
v -0.324785 0.035417 0.218719
v -0.173137 0.073657 0.145390
v -0.175633 0.036902 0.166261
v -0.260031 0.002067 -0.039091
v -0.299603 0.001954 0.037928
v -0.308156 0.097664 0.105815
v -0.310495 0.038760 0.053576
v -0.227592 0.109414 0.169395
v -0.581348 1.188949 0.132524
v -0.126506 0.086890 -0.007596
v -0.581674 1.073372 0.122450
v -0.175311 0.141681 0.086894
v -0.287169 0.026811 0.012245
v -0.098217 0.045986 -0.069479
v -0.537125 1.096341 0.041580
v -0.237815 0.045138 -0.132405
v -0.094411 0.002126 -0.092547
v -0.123554 0.120037 0.062999
v -0.599272 1.102939 0.169498
v -0.116871 0.045910 -0.133846
v -0.116259 0.126278 0.003920
v -0.114657 0.130227 -0.106873
v -0.190365 0.136080 -0.132531
v -0.269675 0.137062 0.048488
v -0.238465 0.146087 0.091666
v -0.125208 0.194140 0.031618
v -0.224314 0.125414 -0.105606
v -0.219485 0.178405 0.114814
v -0.284688 0.116077 -0.028029
v -0.207140 0.210788 0.080342
v -0.103650 0.226948 -0.017678
v -0.279606 0.154356 0.048522
v -0.111585 0.198171 -0.036257
v -0.534781 1.155589 0.130719
v -0.098783 0.132539 -0.051519
v -0.264802 0.125247 -0.064943
v -0.187271 0.211114 -0.122487
v -0.237866 0.218993 -0.077447
v -0.056241 0.343092 -0.006441
v -0.127208 0.201424 -0.099474
v -0.270315 0.184167 0.006185
v -0.245933 0.227195 -0.041444
v -0.574462 1.234219 0.007703
v -0.109448 0.332861 0.067164
v -0.250577 0.266150 0.015791
v -0.208401 0.265589 0.062604
v -0.510772 1.180389 -0.063895
v -0.269299 0.366301 -0.023710
v -0.096490 0.479108 0.087833
v -0.603158 1.213197 0.081551
v -0.056135 0.353441 -0.073697
v -0.127564 0.313934 -0.143515
v -0.059572 0.374841 0.030360
v -0.519275 1.100482 0.088062
v -0.153776 0.439285 0.113884
v -0.265539 0.351167 -0.098274
v -0.059807 0.455566 -0.000437
v -0.181975 0.361250 -0.148526
v -0.056836 0.409507 -0.033039
v -0.261610 0.398697 -0.072022
v -0.274887 0.384330 -0.011601
v -0.117118 0.469101 -0.111923
v -0.225742 0.441981 0.087019
v -0.188282 0.485808 -0.103214
v -0.237421 0.467767 -0.063395
v -0.098901 0.500244 0.069685
v -0.250484 0.465276 -0.046907
v -0.116871 0.485875 0.110697
v -0.161387 0.447467 0.124638
v -0.046879 0.517480 0.002780
v -0.069390 0.504444 -0.006402
v -0.091184 0.530590 0.107740
v -0.532799 1.276804 0.045107
v -0.050046 0.572203 0.083133
v -0.066168 0.572332 0.066406
v -0.512967 1.127184 0.112755
v -0.098941 0.515003 -0.084026
v -0.240182 0.491806 0.049544
v -0.128553 0.577392 0.143992
v -0.217938 0.544706 -0.066542
v -0.217891 0.572461 0.131141
v -0.505444 1.211776 -0.078503
v -0.126648 0.542464 -0.095514
v -0.235129 0.542670 -0.012069
v -0.425166 1.133883 0.051098
v -0.059681 0.700346 0.128684
v -0.238341 0.564414 0.078749
v -0.119060 0.570013 0.104608
v -0.218783 0.563112 0.050210
v -0.499289 1.250219 -0.042573
v -0.079402 0.546353 -0.086402
v -0.121672 0.600681 0.148880
v -0.222674 0.602513 0.095584
v -0.098569 0.576798 0.111004
v -0.445403 1.138008 -0.031148
v -0.184376 0.581411 -0.097537
v -0.226624 0.598560 -0.048572
v -0.043079 0.580432 -0.038865
v -0.095473 0.594829 -0.093259
v -0.203028 0.590490 0.089251
v -0.013643 0.692029 0.077011
v -0.017056 0.692623 0.048898
v 0.006415 0.775023 0.058795
v -0.184438 0.616310 -0.096290
v -0.203115 0.626536 0.118151
v -0.014860 0.703055 -0.039759
v -0.475926 1.250985 0.100161
v -0.460316 1.271479 0.078539
v -0.087976 0.760262 0.119371
v -0.251733 0.653225 0.005433
v -0.174197 0.656929 0.141428
v -0.088933 0.779295 0.155526
v -0.050018 0.849699 0.117068
v -0.410941 1.157421 0.037870
v -0.145849 0.846207 0.169670
v 0.231889 1.096993 0.109449
v -0.285382 0.719728 -0.038467
v -0.235454 0.690781 0.088050
v -0.447478 1.162977 -0.039972
v -0.038428 0.715417 -0.086647
v -0.292194 0.801611 -0.021208
v 0.006652 0.794689 -0.034626
v 0.210846 1.014009 0.027434
v -0.423196 1.199579 0.087902
v 0.170047 1.008813 0.166423
v -0.449826 1.247095 -0.069982
v -0.465445 1.272849 0.052533
v 0.243403 1.019779 -0.046635
v 0.032742 0.814267 -0.058981
v 0.177506 1.076370 0.194782
v -0.399409 1.197732 -0.062009
v -0.202687 0.794338 -0.088918
v -0.435929 1.258025 0.052700
v 0.097258 0.826993 -0.126883
v -0.278785 0.718118 0.088164
v 0.164625 0.941828 0.111969
v 0.195620 0.998781 0.184368
v 0.241788 1.083439 0.075223
v -0.478053 1.294846 -0.013958
v -0.273072 0.822613 0.082964
v 0.177884 1.004180 0.087315
v -0.183872 0.742426 0.145196
v -0.233379 0.828359 0.084240
v 0.215082 0.909882 -0.090405
v 0.164449 0.874656 -0.130074
v -0.088016 0.745284 -0.119048
v -0.233328 0.728711 0.070030
v -0.021211 0.819501 -0.060925
v -0.158762 0.845375 0.150338
v 0.062240 0.867636 0.160753
v -0.239642 0.809987 -0.035927
v -0.273223 0.875967 0.090671
v 0.107137 0.980669 0.141103
v 0.223260 0.952217 -0.038163
v 0.154970 1.086120 0.173706
v -0.065044 0.854468 -0.109835
v -0.268629 0.831561 -0.040510
v -0.445865 1.305716 0.009697
v -0.075643 0.830028 -0.121553
v 0.210923 1.112194 0.087243
v -0.034550 0.842997 -0.098481
v 0.168621 0.889543 -0.100750
v -0.281997 0.912256 -0.037353
v 0.234566 1.431827 -0.120507
v 0.260295 1.431664 0.092330
v 0.386765 1.448667 -0.044116
v 0.354138 1.420428 -0.109896
v 0.433274 1.336451 -0.040424
v 0.376421 1.238909 0.043580
v 0.595276 1.095110 0.169203
v 0.771341 0.971095 0.091875
v 0.785510 0.993387 0.114100
v 0.674810 1.003622 0.283674
v 0.670189 0.985503 0.224807
v 0.653656 1.018055 0.233585
v 0.692792 1.001075 0.215478
v -0.400165 1.306556 -0.061886
v 0.795177 0.938163 0.137582
v 0.768019 0.979965 0.136097
v 0.783246 0.938679 0.239349
v 0.765125 0.993164 0.245757
v 0.787050 0.937219 0.197471
v 0.797539 0.979744 0.154934
v 0.773511 1.018926 0.196937
v 0.748430 1.001930 0.158938
v -0.339532 1.252471 -0.056940
v 0.740950 1.043434 0.222696
v 0.719029 1.064380 0.227513
v 0.740100 1.005880 0.203737
v 0.771844 1.049848 0.212660
v 0.754713 1.065465 0.189508
v 0.773218 1.033319 0.145488
v 0.752292 1.063505 0.191814
v 0.752343 1.063439 0.190808
v 0.751518 1.064308 0.190063
v 0.778990 1.036776 0.111303
v 0.696542 1.112829 0.145808
v 0.696684 1.044982 0.208496
v 0.727698 1.023575 0.177461
v 0.623463 1.022592 0.186207
v -0.383428 1.213878 0.041740
v 0.651020 1.101581 0.183347
v -0.429996 1.339346 -0.021304
v -0.370436 1.185624 -0.015514
v 0.629377 1.053400 0.139082
v 0.724550 1.003570 0.087807
v 0.723449 1.091149 0.110420
v 0.759299 1.022837 0.093751
v 0.669798 1.028906 0.139731
v 0.641193 1.113610 0.168121
v -0.412316 1.275098 0.059378
v 0.698920 1.076345 0.076403
v 0.680654 1.137718 0.129087
v -0.385813 1.313352 -0.095384
v 0.634842 1.060246 0.102719
v 0.646443 1.137049 0.164531
v 0.666000 1.052511 0.077876
v 0.689554 1.132996 0.104170
v 0.605522 1.081084 0.143391
v 0.615196 1.207540 0.070427
v 0.600606 1.063979 0.135903
v 0.668640 1.088256 0.061327
v 0.672930 1.132041 0.067013
v 0.625562 1.059043 0.084999
v 0.592049 1.201723 0.115253
v 0.523853 1.098216 0.081549
v 0.606203 1.091318 0.039497
v 0.534998 1.116020 0.122181
v 0.612896 1.124541 0.014884
v 0.537654 1.153389 0.135080
v -0.400083 1.333387 0.079365
v -0.358168 1.365393 -0.090008
v -0.388965 1.388654 -0.034685
v 0.575461 1.174830 0.142453
v 0.476441 1.249072 0.108395
v 0.578296 1.230957 0.002285
v 0.622153 1.170019 0.014214
v 0.519684 1.103390 0.021037
v 0.536887 1.278755 0.044420
v -0.324273 1.239375 0.008344
v 0.420647 1.183766 0.081470
v 0.541209 1.257681 -0.033788
v -0.313011 1.233768 0.045750
v 0.468076 1.141204 -0.042809
v 0.424504 1.142964 0.052845
v 0.477568 1.281637 0.069990
v 0.519620 1.293724 -0.014142
v -0.394171 1.389256 -0.006062
v 0.418005 1.140501 -0.012837
v 0.418875 1.155633 0.000546
v 0.484558 1.301763 0.014835
v 0.500495 1.206358 -0.076471
v 0.450594 1.260404 0.086958
v 0.395114 1.202747 0.065250
v 0.500924 1.255216 -0.051234
v 0.464712 1.187135 -0.054610
v 0.418938 1.280902 0.057125
v 0.468753 1.302824 -0.017601
v 0.420917 1.233166 0.053945
v 0.425012 1.333789 0.038756
v 0.410515 1.222185 -0.081198
v 0.437140 1.294279 -0.068890
v 0.369243 1.192840 -0.031170
v 0.366766 1.264968 -0.075016
v -0.365101 1.301468 0.084717
v 0.393937 1.394837 -0.028076
v 0.389604 1.313144 0.089718
v 0.318302 1.232821 0.033309
v 0.340164 1.261991 0.078749
v -0.363173 1.375556 0.066243
v 0.326078 1.227130 -0.028280
v 0.381027 1.364689 -0.077375
v 0.383760 1.379070 0.050858
v 0.364367 1.427840 -0.020763
v 0.380999 1.462368 0.032722
v 0.349806 1.264791 -0.089066
v 0.346612 1.411801 0.057035
v 0.314923 1.548999 -0.032622
v 0.237411 1.311905 0.037895
v 0.396983 1.313182 -0.093827
v 0.357821 1.413476 0.088762
v -0.357783 1.430756 -0.016438
v 0.334236 1.410729 -0.083994
v -0.301878 1.408829 0.091059
v 0.294506 1.527390 -0.093754
v 0.293163 1.438277 -0.096593
v 0.300893 1.386664 -0.106046
v 0.306789 1.377265 0.094874
v 0.319320 1.544259 0.019542
v 0.244341 1.321671 -0.088710
v 0.265301 1.372991 0.095718
v 0.291451 1.533203 0.065091
v 0.244213 1.477272 -0.142365
v 0.276529 1.381676 -0.094335
v 0.315374 1.429033 0.119499
v 0.244483 1.334423 0.046992
v 0.225934 1.332547 -0.040077
v 0.228355 1.341979 0.040671
v 0.241997 1.299725 -0.036102
v -0.258941 1.365154 0.093501
v 0.302341 1.417519 0.084403
v -0.284597 1.389217 -0.096836
v 0.230519 1.294453 0.091557
v 0.228590 1.532588 -0.115690
v 0.215362 1.332607 0.073895
v 0.230814 1.261831 0.117325
v 0.217008 1.478229 -0.111520
v 0.243026 1.583101 -0.014909
v 0.223154 1.300709 -0.026934
v 0.250160 1.477813 0.123373
v 0.229448 1.366580 -0.089205
v 0.215726 1.313622 0.134328
v 0.172591 1.181228 0.157423
v 0.214021 1.538579 0.088263
v 0.212929 1.175047 0.107099
v 0.223474 1.553299 -0.043187
v 0.255458 1.482775 0.066991
v 0.166228 1.176325 0.113232
v 0.188003 1.232773 0.157957
v 0.211849 1.540120 0.051585
v -0.311487 1.234516 -0.066172
v 0.216360 1.467217 0.112711
v -0.387199 1.441212 0.008628
v 0.213240 1.624602 -0.003365
v -0.231642 1.335974 -0.064896
v 0.126916 1.136438 0.145831
v -0.374898 1.465428 -0.038905
v 0.141601 1.073035 0.147220
v 0.207163 1.364504 -0.125323
v 0.225296 1.397477 0.115209
v 0.199686 1.514893 -0.113288
v -0.148714 0.878612 -0.130392
v -0.054190 0.896455 0.135833
v -0.234409 1.320045 -0.085065
v 0.234468 1.263897 -0.036902
v -0.052019 0.894969 0.169400
v 0.189275 1.166918 0.041126
v 0.214426 1.038994 -0.103089
v -0.216871 0.845918 0.093019
v -0.083804 0.816614 0.134134
v -0.118869 0.897864 0.130816
v 0.226097 1.550893 -0.097322
v 0.156723 0.948130 -0.109548
v 0.203422 1.397031 0.143754
v 0.196374 1.095502 0.070315
v 0.106672 0.986141 0.171068
v 0.123842 1.234547 0.166748
v 0.230794 1.358895 -0.133032
v -0.357743 1.429001 -0.099907
v 0.059657 0.839271 -0.091764
v -0.210358 0.948755 -0.060118
v -0.138254 0.910331 0.158494
v 0.127381 1.008856 0.160643
v 0.170069 1.485470 0.119868
v -0.315387 1.412255 -0.100573
v 0.218362 1.592709 -0.091380
v 0.211631 1.302440 -0.130662
v 0.228158 1.110606 -0.040586
v -0.231385 1.309963 0.049797
v 0.150525 1.131965 0.120462
v -0.224403 1.334461 0.043191
v -0.227125 0.907716 0.090920
v -0.250554 1.422681 -0.109094
v -0.241226 1.486825 -0.090814
v -0.343913 1.408774 0.105846
v 0.100449 1.131464 0.166570
v 0.058863 0.848690 -0.119960
v -0.208107 1.336272 -0.050717
v 0.144247 1.010552 0.188656
v 0.080520 1.064949 0.171787
v 0.210972 1.184430 -0.024465
v 0.198506 1.017962 -0.063318
v -0.030585 0.840095 -0.119014
v -0.271087 0.920741 0.076872
v 0.199042 1.413319 -0.173516
v 0.157683 1.262934 0.193434
v 0.140393 1.363624 0.216496
v -0.271909 1.387739 0.070163
v -0.229262 0.918056 -0.030008
v -0.367154 1.476614 0.021353
v 0.204695 1.393969 0.168734
v 0.212397 1.681322 -0.140482
v 0.179562 1.196263 -0.066390
v -0.162533 0.912806 -0.094370
v 0.164549 1.632481 -0.005708
v 0.220791 1.565163 -0.244289
v 0.173864 1.156456 -0.036985
v -0.208979 1.395010 -0.114731
v 0.071913 1.153597 0.191807
v 0.199515 1.638329 -0.238585
v 0.225222 1.433473 -0.199340
v 0.195318 1.231141 -0.112916
v -0.218299 1.505772 -0.141310
v -0.203421 1.482427 -0.130477
v 0.046367 0.995191 0.195144
v 0.186703 1.100023 -0.042080
v -0.323010 1.500640 0.065943
v 0.183676 1.517894 0.138960
v 0.112353 1.693757 -0.112985
v 0.192521 1.124506 -0.096327
v 0.127183 1.019316 -0.131009
v 0.140711 1.624131 -0.031137
v 0.147046 1.782278 0.014113
v 0.054418 1.894206 0.015709
v 0.047561 1.833102 0.176608
v 0.141860 1.802736 0.081589
v 0.105197 1.873164 0.078815
v 0.099362 1.803086 0.173195
v 0.015917 1.889880 0.115889
v -0.280572 1.438705 0.066363
v 0.126707 1.779521 0.122371
v 0.166438 1.719321 0.063865
v 0.167412 1.768995 0.029162
v 0.139644 1.784833 -0.044189
v -0.092068 1.873487 0.081194
v 0.071895 1.745227 0.196035
v -0.013901 1.807307 0.193335
v 0.134610 1.656042 0.105419
v -0.078216 1.883429 0.013079
v -0.028633 1.762478 0.214289
v 0.081503 1.856713 -0.054897
v -0.222296 1.309932 -0.079685
v -0.069903 1.821652 0.167121
v 0.165973 1.690189 -0.016437
v -0.023465 1.852730 -0.076737
v 0.144230 1.683899 0.046326
v -0.209143 1.332810 0.034792
v -0.096432 1.800021 0.165428
v 0.133282 1.636579 0.053928
v -0.132227 1.821033 0.036627
v -0.088533 1.713000 0.180973
v 0.074411 1.795928 -0.096827
v 0.083366 1.592052 0.137962
v 0.139136 1.702119 -0.031351
v -0.015145 1.677110 0.220322
v 0.118938 1.592309 0.140113
v 0.059957 1.662632 0.196813
v -0.127383 1.758782 0.112533
v -0.081571 1.821651 -0.074440
v -0.218865 1.270196 -0.063014
v 0.142279 1.648030 -0.008643
v 0.078341 1.675867 -0.086806
v -0.130488 1.776270 -0.020451
v 0.131664 1.037711 -0.180077
v -0.224559 0.917846 0.047475
v 0.059443 1.061763 0.206798
v 0.141141 1.581264 0.078258
v -0.220400 1.407516 0.112571
v -0.208981 1.295510 0.083440
v -0.174568 0.954830 0.105243
v 0.077013 1.294251 0.230541
v 0.141843 1.532150 0.144288
v 0.137850 1.600780 -0.006906
v -0.184969 1.547771 -0.075705
v 0.142324 1.564393 0.049040
v 0.176394 1.691724 -0.198812
v 0.107100 1.610866 -0.264302
v -0.220738 0.913923 0.068473
v -0.057616 0.980431 0.186915
v 0.059892 1.709973 -0.106661
v -0.062822 0.929202 -0.144082
v -0.215381 0.917837 0.068169
v 0.168181 1.474283 0.162874
v -0.065926 1.595231 0.146603
v -0.151410 1.752220 0.049321
v -0.216883 1.443786 -0.192849
v 0.079315 1.690572 -0.145520
v -0.195774 1.351573 0.133500
v -0.195788 1.350328 0.133160
v -0.196085 1.349402 0.132479
v -0.199699 1.399746 -0.173886
v -0.299933 1.553426 -0.048496
v 0.037373 1.566841 0.203108
v 0.224677 1.402976 -0.235195
v -0.195771 1.352019 0.133622
v -0.151333 1.672605 0.029354
v -0.066056 1.744282 -0.105398
v 0.192604 1.224278 -0.170433
v -0.224833 0.919044 0.079439
v 0.044665 1.652780 -0.115236
v -0.183477 1.012675 -0.049164
v -0.199917 0.969668 0.019376
v 0.141122 1.578807 -0.021856
v 0.120178 1.611233 -0.095198
v -0.195893 1.391557 0.140438
v -0.223449 1.270633 0.110665
v -0.204400 1.313579 0.127301
v 0.051524 1.080921 0.192150
v 0.058085 1.207864 0.213572
v 0.082402 1.520090 0.121822
v 0.133536 1.562047 -0.112334
v 0.008759 1.609862 0.185698
v -0.152315 1.722299 -0.032177
v 0.002104 1.238879 -0.132395
v -0.104427 0.991912 0.139357
v -0.103681 1.003718 0.161762
v -0.045005 1.051682 0.200270
v -0.223926 1.477986 0.136485
v -0.189769 1.223724 -0.167276
v 0.085255 1.281084 0.204218
v -0.126314 1.696205 -0.033845
v -0.220500 1.560088 -0.088242
v -0.053117 1.153482 0.199835
v 0.058395 1.625684 -0.099693
v -0.105804 1.025358 -0.126735
v -0.186943 1.013235 0.053286
v 0.123501 1.135282 -0.154301
v -0.239908 1.585061 0.009703
v -0.033934 1.581035 0.190883
v -0.136010 1.705989 0.068286
v -0.212309 1.453026 -0.267617
v -0.110093 1.615407 0.104738
v -0.032245 1.074247 0.191863
v 0.072424 1.484781 0.191601
v -0.137990 1.024740 -0.161493
v 0.048917 1.546991 0.161651
v 0.122552 1.154053 -0.092907
v 0.123584 1.503121 0.161520
v -0.213708 1.558416 0.014007
v 0.117036 1.489933 0.135166
v -0.245784 1.507812 0.108712
v -0.022985 1.549175 0.204174
v 0.083067 1.589393 -0.117556
v 0.111691 1.032143 -0.154105
v 0.099153 1.116488 -0.115640
v -0.223444 1.542247 -0.054947
v -0.221501 1.022857 -0.049877
v -0.217490 1.008403 0.130147
v -0.169337 0.984126 0.165654
v -0.138027 1.006954 0.166888
v -0.169606 1.109776 -0.115065
v -0.082113 1.203590 0.202696
v -0.056946 1.289386 0.202158
v 0.009254 1.412073 0.228855
v 0.205786 1.449817 -0.267727
v -0.101517 1.565109 0.143140
v 0.069988 1.587808 -0.099456
v -0.003019 1.563528 -0.123236
v -0.070796 1.690692 -0.147221
v 0.020914 1.108595 -0.150579
v -0.054731 1.297235 0.237443
v 0.041996 1.539351 0.192024
v -0.131537 1.643247 0.028420
v -0.211517 1.474658 0.106268
v -0.079030 1.675028 -0.083190
v -0.134576 1.086364 0.167826
v 0.026369 1.361117 0.240859
v -0.105923 1.599793 0.141039
v -0.100542 1.030762 -0.153830
v -0.068567 1.069686 0.173315
v -0.207380 1.543837 0.054426
v -0.115634 1.068879 0.164038
v -0.095150 1.639536 -0.081621
v -0.039661 1.620995 -0.102905
v -0.165286 1.067023 0.178350
v 0.031574 1.455877 0.207734
v -0.007823 1.478853 0.174592
v -0.210488 1.552513 0.073865
v -0.023343 1.477951 0.196471
v -0.216097 1.006737 0.078609
v -0.015768 1.511888 0.155812
v 0.181706 1.241788 -0.191310
v -0.220246 1.099559 0.080279
v -0.197560 1.082032 0.141137
v -0.034653 1.539447 0.163180
v -0.138947 1.599782 0.034413
v -0.058761 1.247421 0.221209
v -0.103126 1.083818 0.153533
v -0.084277 1.132578 0.170201
v -0.203072 1.109496 0.098932
v -0.010692 1.115502 -0.111731
v -0.101053 1.123012 -0.141592
v -0.114436 1.612188 -0.043272
v -0.097957 1.532444 0.112758
v -0.097146 1.374019 0.232847
v -0.078401 1.591267 -0.116398
v -0.191602 1.673841 -0.217596
v -0.195206 1.409770 0.165683
v -0.108495 1.688465 -0.110258
v -0.204425 1.119113 -0.024278
v -0.100329 1.241483 0.176822
v -0.161700 1.475311 0.129141
v -0.118826 1.214170 0.149393
v -0.095713 1.152415 -0.095278
v -0.175489 1.097466 -0.035141
v -0.113182 1.611636 -0.095410
v -0.181538 1.095976 0.061498
v -0.157187 1.628721 -0.021111
v -0.197331 1.173418 0.116147
v -0.109316 1.489179 0.133119
v -0.190395 1.232875 -0.109267
v -0.213458 1.594181 -0.090732
v -0.127064 1.542431 0.136998
v -0.140788 1.180288 0.124713
v -0.141867 1.197968 0.180967
v -0.180052 1.233146 0.156569
v -0.136143 1.572389 0.043392
v -0.113052 1.585229 -0.051366
v -0.177793 1.176882 0.023556
v -0.143849 1.200208 -0.077890
v -0.115274 1.288320 0.215746
v -0.150715 1.366728 0.204900
v -0.126916 1.281609 0.203846
v -0.107748 1.262310 0.216486
v -0.180018 1.577698 -0.268520
v -0.171594 1.176625 0.074039
v -0.124158 1.279048 0.208959
v -0.121265 1.274036 0.211104
v -0.139019 1.565999 -0.111534
v -0.207157 1.690660 -0.165495
v -0.125854 1.474091 0.174679
v -0.131200 1.277602 0.206809
v -0.208904 1.673393 -0.133797
v -0.208517 1.621236 -0.002401
v -0.165541 1.239612 -0.190732
v -0.156257 1.266013 0.189365
v -0.163394 1.483935 0.154890
vn 0.3356 -0.9067 0.2556
vn 0.9982 0.0515 -0.0310
vn 0.9944 0.1054 0.0028
vn 0.9934 0.1137 0.0173
vn -0.7942 0.4749 0.3790
vn -0.5452 -0.8072 0.2262
vn 0.7872 -0.4946 0.3683
vn 0.8729 0.1411 0.4671
vn 0.3958 -0.8389 0.3737
vn 0.5469 0.3915 0.7401
vn 0.0175 -0.3986 0.9169
vn 0.0164 -0.4168 0.9088
vn 0.0183 -0.3867 0.9220
vn 0.0183 -0.3866 0.9220
vn 0.0191 -0.3733 0.9275
vn 0.0175 -0.3986 0.9170
vn 0.9310 0.1417 -0.3365
vn 0.9291 0.1139 -0.3517
vn 0.9203 0.0422 -0.3890
vn 0.1338 -0.8289 0.5432
vn 0.9133 0.0054 -0.4072
vn 0.8629 0.4466 -0.2366
vn 0.8340 0.5019 -0.2294
vn 0.8772 0.4044 -0.2588
vn 0.8266 0.5426 -0.1491
vn -0.0697 -0.9951 0.0698
vn -0.0509 -0.9975 0.0482
vn -0.0014 -1.0000 -0.0074
vn -0.7127 0.2685 0.6480
vn 0.0914 0.9675 0.2359
vn 0.1072 0.9779 0.1794
vn 0.1044 0.9763 0.1896
vn -0.4660 0.8023 0.3731
vn -0.2052 -0.6481 -0.7334
vn -0.2005 -0.6581 -0.7258
vn -0.2293 -0.5938 -0.7713
vn 0.1072 0.9779 0.1793
vn 0.1213 0.9844 0.1272
vn 0.9108 0.3548 -0.2111
vn -0.1523 -0.9749 0.1625
vn 0.7316 0.1037 -0.6739
vn -0.0012 -1.0000 -0.0083
vn -0.8896 -0.2635 0.3732
vn -0.8805 -0.2882 0.3764
vn -0.8602 -0.3378 0.3820
vn -0.8852 0.1329 0.4458
vn 0.8099 0.3091 -0.4986
vn 0.0084 -1.0000 -0.0033
vn 0.0070 -1.0000 -0.0042
vn 0.0087 -1.0000 -0.0031
vn -0.7723 0.6071 0.1869
vn -0.8515 -0.3572 0.3840
vn 0.0099 -0.9999 -0.0023
vn 0.2855 -0.3875 0.8765
vn 0.2561 -0.4560 0.8523
vn 0.2488 -0.4721 0.8457
vn 0.8420 -0.3357 -0.4224
vn 0.2932 -0.3685 0.8822
vn -0.0936 -0.9941 -0.0549
vn -0.1137 -0.9903 -0.0802
vn -0.0472 -0.9989 0.0031
vn 0.2390 0.9050 0.3520
vn 0.2705 0.9199 0.2838
vn 0.2774 0.9194 0.2787
vn -0.0216 -0.9992 0.0350
vn -0.2333 -0.5843 -0.7773
vn -0.7880 0.4194 0.4508
vn -0.7629 0.4305 0.4824
vn -0.8245 0.4307 0.3669
vn 0.9492 -0.1638 -0.2687
vn 0.9414 0.0951 -0.3236
vn 0.9441 0.1855 -0.2723
vn 0.9423 0.1032 -0.3185
vn -0.9945 -0.0272 0.1016
vn -0.9949 -0.0169 0.0995
vn -0.9781 -0.0508 0.2017
vn 0.3083 0.9243 0.2251
vn 0.3128 -0.7804 0.5415
vn 0.2733 -0.8056 0.5257
vn 0.3175 -0.7752 0.5462
vn 0.9222 0.2529 -0.2924
vn 0.2660 -0.8099 0.5228
vn 0.3129 -0.7804 0.5414
vn -0.9747 -0.0381 0.2202
vn 0.3141 0.9172 0.2450
vn 0.9215 0.3393 0.1889
vn 0.9221 0.3381 0.1881
vn 0.9270 0.3280 0.1819
vn 0.9423 0.1032 -0.3186
vn 0.9371 0.1027 -0.3335
vn 0.9359 0.1215 -0.3307
vn -0.1450 -0.2386 -0.9602
vn -0.9274 -0.1959 0.3188
vn -0.9135 -0.2598 0.3131
vn -0.9366 -0.1635 0.3099
vn -0.9269 -0.2177 0.3057
vn 0.9299 0.1175 -0.3486
vn 0.9359 0.1216 -0.3307
vn 0.0604 -0.6543 -0.7538
vn 0.6271 -0.6881 -0.3651
vn -0.5888 0.1048 -0.8014
vn -0.5882 0.1249 -0.7990
vn -0.5887 0.1103 -0.8008
vn -0.8580 0.4314 0.2789
vn 0.8188 0.3643 -0.4436
vn 0.8286 0.3847 -0.4067
vn 0.8034 0.3363 -0.4914
vn 0.9414 0.0951 -0.3237
vn -0.8705 0.4588 0.1784
vn -0.9542 -0.1157 0.2758
vn 0.7896 0.3136 -0.5274
vn 0.2696 -0.7926 0.5469
vn 0.2404 -0.8010 0.5482
vn 0.3646 -0.7943 -0.4860
vn 0.2111 -0.8154 0.5390
vn 0.2132 -0.8172 0.5355
vn 0.1567 0.2860 -0.9453
vn 0.0702 0.3370 -0.9389
vn 0.0336 0.3575 -0.9333
vn -0.9274 -0.1959 0.3187
vn -0.9542 -0.1157 0.2757
vn -0.9641 -0.0876 0.2508
vn -0.5890 0.0943 -0.8026
vn -0.9440 0.3011 -0.1348
vn 0.9159 0.3505 0.1957
vn 0.9215 0.3394 0.1889
vn 0.4167 0.5820 0.6983
vn -0.9720 -0.1791 0.1524
vn 0.6427 -0.2512 -0.7238
vn 0.0335 0.3575 -0.9333
vn 0.0702 0.3371 -0.9389
vn -0.0327 0.3928 -0.9190
vn 0.9618 0.2720 -0.0309
vn 0.1064 0.2299 0.9674
vn -0.7365 0.1097 0.6675
vn -0.6969 0.2187 0.6830
vn -0.7267 0.1393 0.6726
vn -0.7110 -0.6888 0.1414
vn 0.7249 0.1712 -0.6672
vn 0.6661 0.2393 -0.7064
vn 0.6668 0.2386 -0.7060
vn 0.8273 -0.1089 0.5511
vn 0.8400 -0.1740 0.5139
vn 0.8531 -0.1832 0.4886
vn 0.9556 -0.0874 -0.2813
vn 0.9761 -0.1066 -0.1894
vn 0.9999 0.0108 -0.0080
vn -0.9605 -0.1755 -0.2162
vn -0.0224 -0.8473 -0.5306
vn -0.9911 -0.0221 0.1313
vn -0.9812 -0.0372 0.1892
vn -0.9816 -0.0632 0.1803
vn -0.9383 0.1179 -0.3250
vn -0.9268 0.0563 -0.3713
vn -0.9412 0.1410 -0.3070
vn 0.6667 0.2386 -0.7061
vn 0.6660 0.2394 -0.7065
vn 0.5965 0.3092 -0.7407
vn -0.9968 -0.0749 0.0280
vn -0.9930 -0.0576 0.1035
vn -0.9794 -0.1034 0.1736
vn 0.9210 -0.2175 -0.3232
vn -0.4642 0.0036 -0.8857
vn -0.4274 0.0538 -0.9024
vn -0.4720 -0.0908 -0.8769
vn -0.7612 0.0201 0.6482
vn -0.4432 -0.1345 -0.8863
vn -0.9930 -0.0576 0.1036
vn 0.9950 0.0231 0.0969
vn 0.9901 -0.0838 0.1128
vn 0.1767 -0.2936 0.9395
vn 0.1331 -0.2813 0.9503
vn 0.1636 -0.2899 0.9430
vn 0.9924 -0.0980 -0.0738
vn -0.9412 0.1411 -0.3070
vn -0.9449 0.2040 -0.2561
vn 0.6032 -0.1593 -0.7815
vn 0.5785 -0.2106 -0.7881
vn 0.5591 -0.2238 -0.7983
vn -0.8741 -0.4259 0.2336
vn 0.8382 -0.0479 0.5432
vn 0.6122 -0.1599 -0.7743
vn 0.9926 0.0698 -0.0996
vn 0.8570 0.0123 0.5151
vn 0.8273 -0.1088 0.5511
vn -0.4960 -0.3151 0.8091
vn -0.4796 -0.3043 0.8230
vn -0.5223 -0.2519 0.8147
vn 0.9020 -0.4316 -0.0129
vn 0.9139 -0.4059 -0.0000
vn 0.9365 -0.3497 0.0275
vn 0.6292 -0.0854 -0.7725
vn -0.9022 -0.3472 -0.2560
vn -0.9192 -0.3027 -0.2518
vn -0.8966 -0.4133 -0.1589
vn -0.8277 -0.2665 0.4939
vn -0.8193 -0.2786 0.5012
vn -0.8299 -0.2632 0.4919
vn 0.1213 -0.2779 0.9529
vn 0.7206 -0.0078 0.6933
vn -0.7159 0.6370 0.2858
vn -0.5050 -0.2186 0.8350
vn 0.1561 0.9167 0.3678
vn 0.9917 0.1282 0.0096
vn -0.8966 -0.4133 -0.1588
vn -0.8899 -0.3781 -0.2553
vn -0.3313 0.0505 -0.9422
vn -0.8383 -0.2506 0.4842
vn 0.3372 -0.8286 0.4469
vn 0.3366 -0.8250 0.4540
vn 0.3339 -0.8105 0.4813
vn 0.8164 0.1269 -0.5633
vn 0.8457 0.2007 0.4945
vn 0.8746 -0.4832 -0.0393
vn -0.3919 0.6320 0.6686
vn -0.8800 -0.3198 -0.3511
vn -0.5703 -0.1981 0.7972
vn 0.7240 0.3866 -0.5713
vn 0.7236 0.3868 -0.5716
vn 0.7234 0.3870 -0.5717
vn 0.3416 -0.1226 0.9318
vn 0.3246 -0.1378 0.9357
vn 0.3620 -0.1041 0.9264
vn 0.8974 0.2861 -0.3360
vn 0.3061 -0.1541 0.9394
vn 0.3246 -0.1378 0.9358
vn -0.2868 0.0158 -0.9579
vn -0.7138 -0.6225 0.3209
vn 0.3323 -0.8023 0.4959
vn 0.9023 0.3625 -0.2332
vn -0.7055 -0.2239 0.6724
vn -0.5223 -0.2518 0.8147
vn -0.6710 -0.1992 0.7142
vn 0.1919 0.4584 -0.8678
vn 0.4890 0.7699 0.4100
vn -0.3858 0.1893 -0.9030
vn 0.1513 0.8310 0.5353
vn -0.9934 0.0860 0.0754
vn -0.9816 0.1493 0.1192
vn -0.9905 0.1052 0.0887
vn 0.1992 -0.5563 0.8068
vn 0.1782 -0.5896 0.7878
vn 0.1644 -0.6107 0.7746
vn 0.9801 0.1975 0.0207
vn 0.9570 0.2786 0.0811
vn 0.9737 0.2241 0.0403
vn 0.9913 0.1283 -0.0298
vn -0.6488 -0.5113 0.5636
vn 0.7063 0.0725 0.7042
vn 0.7959 0.0213 0.6051
vn 0.8252 0.0919 0.5573
vn -0.1724 0.9702 -0.1705
vn 0.7231 0.3872 -0.5720
vn 0.7236 0.3869 -0.5716
vn -0.5209 -0.2353 0.8205
vn -0.5033 -0.2440 0.8290
vn -0.5892 -0.1996 0.7830
vn -0.6172 -0.1838 0.7650
vn 0.2804 0.3188 -0.9054
vn 0.2490 0.3227 -0.9132
vn 0.2153 0.3265 -0.9204
vn -0.7763 -0.6265 0.0690
vn 0.8609 -0.5082 0.0257
vn 0.4364 -0.0962 0.8946
vn 0.3348 -0.0348 0.9416
vn 0.3458 -0.0546 0.9367
vn -0.9124 0.0753 -0.4022
vn -0.9113 0.0785 -0.4041
vn -0.9290 0.1391 -0.3428
vn -0.9905 0.1051 0.0887
vn -0.9974 0.0506 0.0509
vn -0.0500 0.9494 0.3100
vn 0.8873 0.0319 0.4601
vn 0.9500 -0.2848 0.1277
vn -0.9370 0.1088 0.3319
vn -0.9270 0.1282 0.3524
vn -0.9213 0.1387 0.3634
vn 0.0424 -0.9870 -0.1549
vn 0.8155 -0.5607 0.1437
vn 0.9598 -0.0745 0.2706
vn -0.9128 0.1533 0.3786
vn -0.9212 0.1387 0.3634
vn -0.9310 0.1448 -0.3350
vn -0.6228 0.7745 0.1102
vn -0.1468 0.9081 0.3922
vn 0.2491 0.3227 -0.9132
vn 0.1975 0.3283 -0.9237
vn -0.2247 0.9642 -0.1410
vn -0.2323 0.9621 -0.1431
vn -0.2382 0.9679 -0.0798
vn -0.9815 -0.0558 0.1830
vn 0.8983 0.1356 -0.4180
vn 0.8746 0.2819 -0.3945
vn 0.9043 0.1654 -0.3935
vn -0.4568 0.2150 -0.8632
vn 0.7454 -0.6631 -0.0692
vn 0.7344 -0.6680 -0.1204
vn 0.7584 -0.6517 0.0112
vn -0.9290 0.1392 -0.3428
vn -0.9406 0.2507 -0.2292
vn -0.7619 -0.3720 0.5302
vn -0.7034 -0.3784 0.6017
vn -0.7343 -0.3755 0.5654
vn 0.8873 0.0320 0.4601
vn 0.8939 0.1528 0.4214
vn 0.1067 -0.0121 0.9942
vn 0.9958 0.0887 0.0242
vn 0.9969 0.0593 0.0514
vn 0.9978 0.0615 0.0240
vn -0.2292 0.9689 -0.0937
vn 0.2086 -0.5408 0.8149
vn -0.1260 0.9903 0.0580
vn -0.9590 -0.1151 -0.2589
vn -0.0936 -0.0895 -0.9916
vn -0.7688 0.5709 0.2881
vn -0.2538 0.9673 0.0017
vn 0.8742 -0.0556 -0.4823
vn 0.8983 0.1355 -0.4180
vn 0.8752 -0.0218 -0.4832
vn 0.5983 0.6778 -0.4273
vn 0.7628 -0.6448 0.0488
vn 0.8742 0.2453 0.4191
vn 0.3160 -0.2710 -0.9092
vn 0.8524 -0.0979 -0.5136
vn 0.8179 -0.0069 -0.5754
vn -0.5647 -0.8241 0.0447
vn -0.2952 -0.1004 0.9501
vn -0.2894 -0.0978 0.9522
vn -0.2408 -0.0755 0.9676
vn -0.4282 -0.0925 0.8989
vn -0.2344 -0.0725 0.9694
vn 0.9957 0.0917 0.0087
vn 0.8752 -0.0217 -0.4832
vn 0.8983 0.1355 -0.4179
vn -0.5321 0.3908 -0.7511
vn -0.7814 -0.3689 0.5032
vn 0.0427 -0.0100 0.9990
vn -0.4457 -0.7962 0.4092
vn -0.4414 -0.8147 0.3760
vn -0.4497 -0.7739 0.4460
vn -0.4520 -0.7572 0.4716
vn 0.6660 0.1468 0.7314
vn -0.7720 -0.2482 0.5852
vn -0.7760 -0.2472 0.5802
vn -0.7734 -0.2478 0.5835
vn 0.9900 0.0502 -0.1322
vn 0.8006 0.0252 -0.5987
vn -0.8838 -0.2151 -0.4155
vn 0.3064 0.0768 -0.9488
vn 0.3143 0.0977 -0.9443
vn 0.3445 0.0134 -0.9387
vn -0.5370 -0.1280 0.8338
vn -0.4073 -0.2065 -0.8897
vn -0.4191 -0.2321 -0.8778
vn -0.4009 -0.1507 -0.9036
vn 0.4121 -0.0704 -0.9084
vn 0.5518 0.1316 0.8236
vn -0.3818 -0.0918 -0.9197
vn -0.4009 -0.1506 -0.9037
vn -0.9131 -0.2314 0.3356
vn -0.9107 -0.2449 0.3327
vn -0.9112 -0.2422 0.3333
vn -0.9688 0.0986 -0.2274
vn 0.1476 -0.0264 0.9887
vn 0.5816 -0.0096 -0.8134
vn 0.5544 -0.0644 -0.8298
vn 0.4108 -0.1575 -0.8980
vn -0.3619 0.0235 -0.9319
vn -0.9090 -0.2535 0.3308
vn -0.9976 -0.0188 0.0667
vn 0.8943 0.3105 0.3221
vn -0.7938 0.0523 0.6059
vn -0.8032 0.0748 0.5910
vn 0.9926 0.1195 0.0215
vn -0.6925 0.7214 0.0060
vn -0.6747 0.7380 -0.0123
vn -0.6660 0.7456 -0.0210
vn -0.7761 -0.2472 0.5802
vn -0.7773 -0.2469 0.5786
vn -0.6976 0.7164 0.0115
vn 0.4931 0.1567 0.8557
vn -0.9416 -0.2673 -0.2049
vn -0.9417 -0.2642 -0.2085
vn -0.9643 -0.1797 -0.1947
vn -0.6126 0.3861 0.6897
vn 0.8688 0.3789 0.3188
vn -0.9214 -0.3798 0.0819
vn -0.5906 -0.4250 0.6860
vn -0.9552 -0.2278 -0.1891
vn 0.8717 0.3754 0.3148
vn 0.5950 0.0237 -0.8034
vn -0.6792 0.6631 0.3146
vn -0.7015 0.6706 0.2412
vn -0.6667 0.6575 0.3510
vn -0.6643 -0.0929 0.7417
vn 0.8513 0.1136 -0.5123
vn 0.8474 0.1308 -0.5146
vn -0.1679 0.9830 0.0744
vn -0.7150 0.6633 0.2209
vn -0.2135 -0.2126 -0.9535
vn -0.2713 -0.2353 -0.9333
vn -0.0551 -0.1228 -0.9909
vn -0.6633 -0.1418 -0.7348
vn -0.6376 -0.1443 -0.7568
vn -0.6453 -0.1266 -0.7534
vn -0.1306 0.6560 0.7433
vn -0.9683 -0.2017 -0.1474
vn 0.3086 -0.6589 0.6860
vn -0.0369 -0.1251 -0.9915
vn -0.8387 0.2084 0.5031
vn -0.8698 0.4266 0.2479
vn 0.6032 0.0304 -0.7970
vn -0.7169 0.6607 0.2226
vn -0.7016 0.6706 0.2412
vn 0.9251 0.2713 -0.2657
vn 0.9048 0.2304 -0.3581
vn -0.0875 -0.8526 0.5152
vn -0.5751 -0.5905 0.5662
vn 0.8124 0.0567 0.5803
vn -0.9623 -0.2273 0.1496
vn -0.9737 -0.1902 0.1251
vn -0.9548 -0.2483 0.1634
vn -0.9410 -0.0458 -0.3354
vn 0.1492 -0.9804 0.1287
vn 0.1263 -0.9750 0.1830
vn 0.1292 -0.9758 0.1762
vn 0.5634 -0.7919 -0.2355
vn 0.1029 -0.9661 0.2370
vn 0.1593 -0.9190 0.3606
vn -0.2323 -0.8083 0.5410
vn 0.7394 -0.3511 0.5744
vn 0.7834 -0.0260 0.6210
vn 0.0227 -0.9997 0.0054
vn 0.0481 -0.9983 0.0327
vn -0.0568 -0.9984 0.0027
vn -0.4325 -0.8354 0.3391
vn -0.3715 0.0221 0.9282
vn 0.9951 -0.0356 0.0918
vn 0.9647 -0.2115 0.1567
vn 0.9875 -0.1046 0.1176
vn -0.0043 0.3888 0.9213
vn 0.2089 -0.9556 -0.2076
vn 0.8457 0.2189 0.4867
vn 0.9539 -0.2474 0.1696
vn -0.2673 -0.4223 0.8662
vn -0.2746 -0.4078 0.8708
vn -0.3031 -0.3482 0.8871
vn -0.3127 -0.3269 0.8918
vn -0.2746 -0.4077 0.8708
vn -0.1846 -0.9828 0.0064
vn -0.0588 -0.9982 -0.0072
vn 0.8143 -0.5552 0.1694
vn 0.9675 0.1188 0.2230
vn 0.9695 0.0679 0.2355
vn 0.9633 0.1660 0.2108
vn -0.0006 -1.0000 -0.0020
vn 0.0028 -1.0000 -0.0037
vn -0.0000 -1.0000 -0.0023
vn -0.8913 0.3202 -0.3211
vn -0.9215 0.3821 0.0690
vn -0.9450 0.2769 0.1738
vn -0.9291 0.3575 0.0945
vn 0.8808 -0.1881 0.4344
vn 0.8880 -0.0941 0.4500
vn 0.8460 -0.2792 0.4543
vn 0.1812 -0.7491 -0.6372
vn 0.1083 0.9211 0.3740
vn -0.0032 -1.0000 -0.0007
vn 0.3454 -0.4439 -0.8269
vn 0.6097 0.7427 0.2768
vn -0.8873 -0.0686 -0.4561
vn -0.8838 -0.0645 -0.4635
vn -0.8811 -0.0614 -0.4689
vn -0.1566 0.9875 0.0159
vn 0.9633 0.1661 0.2108
vn 0.9583 0.2033 0.2008
vn 0.8969 -0.1197 0.4258
vn 0.8953 -0.0168 0.4451
vn 0.0242 -0.9997 -0.0061
vn 0.8874 -0.0047 0.4611
vn -0.9048 0.4253 0.0229
vn -0.8764 -0.0559 -0.4784
vn -0.8837 -0.0645 -0.4635
vn 0.6082 0.5287 0.5922
vn -0.9161 -0.2973 -0.2690
vn -0.9367 0.0421 -0.3477
vn -0.6856 0.4981 -0.5309
vn -0.1755 -0.8883 0.4244
vn -0.0135 0.4222 -0.9064
vn -0.4883 0.8028 0.3421
vn -0.4541 0.7796 0.4313
vn -0.4924 0.8052 0.3303
vn 0.9503 0.1446 -0.2756
vn 0.9360 0.2240 -0.2715
vn 0.9529 0.1250 -0.2763
vn 0.0944 0.9054 0.4140
vn -0.8750 0.2708 -0.4013
vn -0.8649 0.2752 -0.4197
vn -0.8419 0.2844 -0.4586
vn -0.8279 0.2893 -0.4805
vn 0.9573 -0.2751 0.0891
vn 0.9645 -0.2616 0.0368
vn 0.9626 -0.2657 0.0524
vn 0.3729 -0.5283 -0.7628
vn 0.9288 0.2859 0.2357
vn -0.0119 0.0048 -0.9999
vn -0.5287 0.8224 0.2103
vn 0.9674 -0.2531 0.0050
vn 0.9585 0.0637 -0.2779
vn -0.9560 0.2240 -0.1893
vn 0.9885 0.0772 0.1302
vn 0.2583 -0.3683 0.8931
vn 0.2487 -0.9681 -0.0309
vn 0.0496 0.9699 -0.2386
vn -0.6471 0.3500 -0.6773
vn -0.6478 0.3370 -0.6832
vn -0.6436 0.3973 -0.6541
vn -0.9362 -0.2461 0.2512
vn -0.8666 -0.4111 0.2828
vn -0.9270 -0.2733 0.2568
vn 0.5536 0.4358 0.7097
vn 0.5948 0.3247 0.7354
vn 0.5785 0.3720 0.7259
vn 0.9238 -0.0339 0.3814
vn 0.9446 -0.0486 0.3247
vn 0.9377 -0.0435 0.3447
vn -0.7659 -0.1790 -0.6176
vn 0.5535 0.4358 0.7097
vn 0.5785 0.3721 0.7259
vn 0.5108 0.5277 0.6787
vn -0.8288 -0.4765 0.2933
vn -0.3599 -0.2084 0.9094
vn 0.9540 -0.0563 0.2944
vn 0.3275 0.2801 -0.9024
vn 0.3281 0.1726 -0.9287
vn 0.3385 0.2115 -0.9169
vn -0.6397 0.4327 -0.6352
vn -0.4261 -0.7972 -0.4276
vn 0.6311 0.2904 -0.7193
vn -0.2979 -0.7784 0.5526
vn -0.6663 0.1071 -0.7380
vn -0.6769 0.1250 -0.7254
vn -0.6667 0.1078 -0.7375
vn 0.9443 0.2178 -0.2469
vn 0.9438 0.2139 -0.2521
vn 0.9407 0.1947 -0.2779
vn 0.9461 0.2361 -0.2217
vn -0.6547 0.0880 -0.7508
vn 0.7739 -0.2053 0.5991
vn 0.9264 -0.3759 -0.0233
vn 0.9116 -0.3858 0.1419
vn 0.9193 -0.3932 0.0158
vn -0.9717 0.2307 -0.0508
vn 0.9352 -0.1838 0.3026
vn 0.9302 -0.1951 0.3109
vn 0.9295 -0.1966 0.3120
vn 0.3757 0.1611 -0.9127
vn 0.3385 0.2114 -0.9169
vn 0.3494 0.1346 -0.9273
vn 0.3286 0.1725 -0.9286
vn -0.6470 0.6830 0.3390
vn -0.6731 0.6518 0.3495
vn -0.6597 0.6681 0.3441
vn 0.4512 -0.2693 0.8508
vn -0.6842 0.6376 0.3540
vn -0.6597 0.6682 0.3441
vn -0.8543 0.3659 -0.3693
vn -0.9233 0.2640 -0.2791
vn -0.9000 0.2991 -0.3170
vn -0.9360 0.2339 -0.2630
vn -0.9352 0.2417 -0.2588
vn 0.9638 -0.1084 -0.2438
vn -0.2423 0.2937 0.9247
vn -0.9346 0.2542 -0.2488
vn -0.7602 0.1426 0.6339
vn -0.7558 0.1502 0.6374
vn -0.7274 0.1961 0.6576
vn -0.6050 -0.2051 -0.7694
vn -0.6652 -0.2501 -0.7035
vn -0.5475 -0.1641 -0.8206
vn 0.2858 -0.3485 -0.8927
vn -0.7761 0.1142 0.6202
vn 0.9201 -0.3827 -0.0838
vn -0.9838 -0.1746 -0.0416
vn -0.9601 -0.2268 -0.1635
vn -0.9773 -0.1981 -0.0748
vn 0.9061 -0.4006 -0.1360
vn -0.9773 -0.1981 -0.0747
vn -0.9766 -0.1810 -0.1159
vn -0.9838 -0.1746 -0.0415
vn 0.9246 -0.2071 0.3197
vn -0.2760 0.9501 0.1458
vn 0.7037 -0.6910 0.1654
vn 0.1821 -0.3307 0.9260
vn 0.5626 -0.1644 0.8102
vn 0.6150 -0.1635 0.7714
vn 0.6705 -0.1617 0.7241
vn 0.7433 -0.2418 -0.6237
vn -0.0561 -0.1687 -0.9841
vn -0.4993 -0.1309 -0.8565
vn -0.9844 -0.1743 0.0246
vn 0.5008 -0.1645 0.8498
vn 0.9823 0.1729 -0.0719
vn 0.9989 0.0056 0.0461
vn 0.9948 0.0808 -0.0629
vn 0.9993 -0.0134 0.0358
vn -0.7914 -0.1302 0.5973
vn -0.7339 -0.1634 0.6593
vn -0.8805 -0.0122 0.4738
vn 0.2425 0.1778 -0.9537
vn 0.9179 0.1900 0.3485
vn 0.9136 0.2640 0.3092
vn 0.9272 0.1359 0.3491
vn -0.9606 -0.1345 -0.2431
vn -0.9666 -0.1716 -0.1905
vn -0.9896 0.1232 -0.0749
vn -0.3504 -0.1621 0.9225
vn -0.1002 0.6416 0.7605
vn 0.6580 0.1003 -0.7463
vn 0.6645 0.1059 -0.7397
vn 0.6497 0.0932 -0.7545
vn -0.6290 0.2415 -0.7389
vn -0.5200 0.2686 -0.8108
vn -0.6064 0.3057 -0.7341
vn 0.9722 0.1453 -0.1835
vn 0.9439 0.2922 -0.1537
vn 0.5725 -0.4047 0.7131
vn 0.4936 -0.2579 0.8306
vn 0.5430 -0.3528 0.7620
vn -0.7028 0.2986 -0.6457
vn -0.7935 0.3409 -0.5041
vn 0.8081 -0.5682 0.1550
vn 0.7816 -0.6103 0.1286
vn 0.8324 -0.5237 0.1813
vn -0.9623 0.2208 -0.1589
vn -0.9631 0.2598 -0.0700
vn -0.9615 0.2718 -0.0413
vn 0.9003 0.3128 0.3026
vn 0.9136 0.2641 0.3092
vn 0.6359 0.0817 -0.7674
vn -0.8842 -0.0420 0.4652
vn 0.9049 0.2217 0.3632
vn -0.2148 -0.8446 0.4905
vn 0.7898 -0.2940 0.5384
vn 0.7723 -0.3239 0.5464
vn 0.7656 -0.3350 0.5493
vn 0.4571 -0.8800 0.1287
vn 0.4940 -0.2409 0.8354
vn -0.0352 0.3401 -0.9397
vn 0.7655 -0.3350 0.5493
vn 0.7723 -0.3240 0.5464
vn 0.7216 -0.4009 0.5644
vn 0.8542 -0.4770 0.2071
vn -0.7623 0.3361 -0.5532
vn -0.9059 0.0535 0.4202
vn -0.3488 -0.6350 0.6893
vn 0.2327 0.9718 0.0371
vn 0.6441 -0.0868 0.7600
vn 0.5788 -0.1998 0.7906
vn 0.6485 -0.2112 0.7313
vn 0.5074 -0.2367 0.8286
vn 0.2208 -0.0351 -0.9747
vn 0.2354 -0.0841 -0.9683
vn 0.2335 -0.0774 -0.9693
vn -0.9615 0.2719 -0.0412
vn -0.9548 0.2967 0.0204
vn -0.1168 -0.4713 0.8742
vn -0.0636 -0.9965 0.0536
vn 0.2951 -0.7167 0.6319
vn 0.9057 0.4004 -0.1393
vn 0.9823 0.1730 -0.0720
vn 0.9439 0.2922 -0.1536
vn -0.6533 0.1349 -0.7450
vn 0.9314 0.1417 -0.3353
vn -0.9317 0.2242 -0.2857
vn 0.7176 0.4663 -0.5174
vn -0.9594 -0.2819 -0.0051
vn -0.4198 0.8856 -0.1988
vn 0.9600 -0.2775 0.0368
vn 0.9202 -0.3502 0.1749
vn 0.9467 -0.3036 0.1074
vn -0.3343 -0.1990 0.9212
vn -0.2555 -0.1651 0.9526
vn -0.2008 -0.1412 0.9694
vn 0.5691 -0.7576 -0.3197
vn 0.2528 -0.1450 -0.9566
vn 0.2354 -0.0841 -0.9682
vn -0.2007 -0.1412 0.9694
vn -0.2555 -0.1650 0.9526
vn -0.1354 -0.1124 0.9844
vn 0.9130 -0.3901 -0.1191
vn -0.9353 -0.1801 0.3046
vn -0.9542 0.2871 -0.0844
vn 0.7317 -0.1190 0.6711
vn 0.6969 -0.2461 -0.6736
vn -0.9893 -0.0322 0.1423
vn -0.9737 -0.0117 0.2274
vn -0.9544 0.0058 0.2984
vn -0.9325 0.0215 0.3607
vn 0.8102 0.5798 0.0866
vn 0.7167 0.5369 -0.4451
vn -0.2669 0.4090 -0.8726
vn 0.9717 0.0867 0.2198
vn 0.1440 -0.9249 -0.3519
vn -0.5296 0.8373 -0.1358
vn 0.2556 0.9595 -0.1182
vn 0.1695 0.2011 -0.9648
vn -0.2792 -0.4576 -0.8442
vn 0.8493 -0.3260 -0.4153
vn -0.7520 0.0178 -0.6589
vn -0.7458 0.0574 -0.6636
vn -0.7344 0.1053 -0.6705
vn -0.2259 -0.2137 0.9504
vn -0.7948 0.2437 -0.5558
vn 0.0346 -0.1215 -0.9920
vn 0.0656 -0.1184 -0.9908
vn 0.0485 -0.0028 -0.9988
vn -0.1032 0.9264 0.3621
vn -0.3915 -0.8671 0.3080
vn -0.9861 -0.1654 0.0189
vn -0.6125 0.7815 0.1190
vn 0.7316 0.1484 -0.6654
vn -0.2220 -0.6201 0.7524
vn -0.2212 -0.6123 0.7591
vn -0.2165 -0.5690 0.7933
vn -0.4802 0.7974 -0.3654
vn -0.2306 -0.7210 0.6534
vn 0.9681 -0.2489 -0.0272
vn 0.9600 -0.2774 0.0367
vn 0.9714 -0.2370 -0.0158
vn 0.0036 -0.0701 -0.9975
vn -0.7331 -0.0185 -0.6799
vn -0.9410 0.2878 0.1780
vn -0.6362 -0.1104 0.7636
vn -0.3267 -0.1822 0.9274
vn -0.4119 -0.1491 0.8990
vn -0.5128 -0.8577 0.0376
vn 0.4763 -0.1197 0.8711
vn -0.8938 -0.4469 0.0367
vn 0.5503 -0.2523 0.7960
vn 0.5507 -0.2362 0.8006
vn 0.5634 -0.2317 0.7930
vn 0.7498 0.0536 0.6594
vn 0.6562 -0.2718 -0.7040
vn 0.7217 0.6884 -0.0731
vn -0.2502 -0.1061 0.9624
vn -0.9446 -0.1412 -0.2963
vn 0.3660 0.8275 -0.4259
vn 0.1989 -0.8952 0.3989
vn -0.7177 0.0093 -0.6963
vn 0.5713 -0.2221 0.7901
vn 0.8338 0.5398 0.1157
vn -0.2547 0.3458 0.9031
vn 0.0944 -0.9955 -0.0095
vn 0.1013 -0.9945 -0.0257
vn 0.0952 -0.9954 -0.0097
vn 0.8124 0.1331 0.5678
vn 0.8174 0.1268 0.5619
vn 0.8198 0.1237 0.5591
vn 0.0059 -0.0927 -0.9957
vn 0.8533 -0.1999 -0.4816
vn 0.8570 -0.1872 -0.4801
vn 0.8567 -0.1883 -0.4803
vn -0.9788 -0.1713 0.1127
vn 0.5880 -0.8080 0.0364
vn 0.5925 -0.8028 0.0666
vn 0.5994 -0.7912 0.1215
vn -0.9503 -0.2442 -0.1929
vn 0.9731 -0.2259 -0.0451
vn -0.0334 -0.1145 -0.9929
vn -0.9830 0.0257 0.1820
vn -0.9626 -0.1186 0.2436
vn -0.9750 -0.0525 0.2160
vn -0.7293 -0.0473 0.6825
vn -0.7334 -0.0223 0.6794
vn 0.5808 -0.8140 -0.0049
vn -0.6766 -0.1493 -0.7211
vn 0.5474 -0.8365 0.0244
vn -0.2929 -0.9049 -0.3089
vn -0.9921 -0.0592 -0.1107
vn 0.5865 -0.2095 -0.7824
vn -0.8328 -0.5510 0.0530
vn -0.9836 0.1059 0.1457
vn -0.2282 -0.9514 -0.2066
vn 0.6945 -0.3915 0.6036
vn 0.4405 -0.8926 0.0959
vn 0.9183 0.3155 -0.2393
vn -0.9562 -0.1966 -0.2170
vn 0.4642 -0.1719 -0.8689
vn 0.5068 -0.0888 -0.8575
vn 0.4879 -0.1268 -0.8636
vn -0.7035 0.0111 0.7106
vn 0.1658 -0.0670 0.9839
vn 0.8604 -0.1752 -0.4786
vn -0.8178 0.0339 -0.5745
vn -0.7556 -0.0074 -0.6550
vn -0.9825 0.1446 0.1172
vn -0.9759 0.1723 0.1339
vn -0.9800 0.1394 0.1424
vn 0.9867 0.1490 -0.0648
vn 0.9892 0.1351 -0.0574
vn 0.9849 0.1585 -0.0697
vn 0.1039 -0.9945 -0.0165
vn 0.2996 0.9149 -0.2705
vn -0.8252 0.0730 0.5601
vn -0.0165 -0.0459 0.9988
vn -0.4698 -0.8813 -0.0509
vn 0.0078 -0.0812 -0.9967
vn 0.3431 -0.8712 0.3512
vn 0.8242 0.1181 0.5538
vn 0.8596 -0.2807 0.4271
vn 0.0234 -0.0997 -0.9947
vn -0.9378 -0.2647 -0.2247
vn -0.9881 0.0967 0.1195
vn 0.7848 0.2617 -0.5618
vn 0.6706 0.1816 -0.7193
vn 0.7409 0.2293 -0.6313
vn -0.1532 0.9758 -0.1559
vn -0.6939 -0.1828 -0.6965
vn 0.7745 0.5619 -0.2905
vn 0.7760 0.5562 -0.2974
vn 0.7745 0.5621 -0.2902
vn 0.3550 -0.1540 -0.9221
vn -0.9571 0.1663 0.2372
vn -0.9711 0.1446 0.1898
vn -0.9768 0.1340 0.1668
vn 0.9298 -0.3679 0.0081
vn 0.9312 -0.3584 0.0662
vn 0.9303 -0.3665 0.0174
vn 0.6432 0.1640 -0.7480
vn 0.2949 -0.0346 0.9549
vn 0.1668 -0.0019 0.9860
vn 0.1127 0.0117 0.9936
vn -0.6981 0.0916 -0.7101
vn -0.6745 0.0562 -0.7362
vn -0.6117 -0.0282 -0.7906
vn 0.3933 -0.1296 0.9102
vn -0.8317 0.0419 0.5537
vn 0.9928 -0.0932 0.0754
vn 0.6158 -0.2420 0.7498
vn -0.6744 0.0562 -0.7362
vn -0.5819 -0.0647 -0.8107
vn 0.5487 0.2039 0.8108
vn -0.6130 -0.1918 0.7664
vn -0.6431 -0.2094 0.7366
vn -0.6915 -0.2386 0.6818
vn -0.9900 0.0745 0.1196
vn 0.7311 0.2609 0.6304
vn 0.2601 -0.3028 0.9169
vn 0.1219 0.9297 0.3476
vn 0.2500 0.8927 0.3750
vn 0.2157 0.9043 0.3683
vn 0.0736 -0.9959 -0.0524
vn 0.3263 0.4606 -0.8255
vn -0.9971 0.0201 0.0740
vn -0.6432 -0.2094 0.7365
vn -0.7170 -0.2545 0.6489
vn 0.3275 -0.0430 0.9439
vn -0.7026 -0.1903 -0.6857
vn -0.8113 0.5181 -0.2709
vn 0.7343 0.0275 -0.6782
vn 0.1288 -0.0374 -0.9910
vn 0.1837 0.0381 -0.9822
vn 0.1456 -0.0017 -0.9893
vn 0.9451 0.0148 -0.3264
vn 0.0919 -0.0428 -0.9948
vn -0.0333 -0.1144 -0.9929
vn 0.0079 -0.0812 -0.9967
vn 0.9434 0.3113 -0.1147
vn 0.0728 -0.9935 -0.0877
vn -0.5729 0.7609 -0.3047
vn -0.6019 0.7434 -0.2918
vn -0.6175 0.7334 -0.2844
vn -0.0288 -0.9890 -0.1451
vn 0.6647 -0.7466 -0.0283
vn 0.6217 -0.7827 -0.0305
vn 0.6842 -0.7293 0.0058
vn 0.6089 -0.7704 0.1893
vn 0.4273 0.9006 0.0790
vn -0.8090 -0.4960 0.3154
vn -0.8456 -0.4879 0.2165
vn -0.7999 -0.4970 0.3365
vn 0.4534 0.1006 0.8856
vn -0.5139 -0.3054 0.8017
vn 0.9154 0.2692 0.2993
vn 0.7331 0.5414 0.4116
vn -0.8514 -0.3310 0.4069
vn -0.8573 -0.2964 0.4209
vn -0.8634 -0.2493 0.4387
vn 0.0024 -0.4670 -0.8842
vn 0.3576 -0.4079 0.8401
vn 0.9127 0.1537 0.3787
vn -0.3387 -0.6223 -0.7057
vn -0.8002 -0.1288 0.5858
vn 0.2916 0.0861 0.9527
vn -0.8667 -0.2090 0.4529
vn 0.3375 0.8771 0.3419
vn 0.9987 0.0497 0.0082
vn 0.9627 0.0559 -0.2649
vn -0.5809 -0.4025 -0.7075
vn 0.1791 -0.7748 -0.6063
vn -0.3449 -0.7788 0.5240
vn -0.3132 -0.7726 0.5523
vn -0.3408 -0.8222 0.4558
vn -0.2872 -0.4486 0.8464
vn -0.2864 -0.4548 0.8433
vn -0.2898 -0.4261 0.8570
vn -0.2824 -0.4858 0.8272
vn -0.6730 0.7351 -0.0815
vn 0.7282 0.6853 -0.0076
vn -0.0846 0.6108 0.7872
vn -0.0810 0.6038 0.7930
vn -0.0855 0.6126 0.7857
vn -0.7269 0.0978 -0.6798
vn 0.3189 0.9070 0.2750
vn 0.3828 0.8627 0.3304
vn 0.4252 0.8272 0.3673
vn 0.4289 0.8239 0.3705
vn -0.0870 0.6157 0.7832
vn -0.0846 0.6109 0.7872
vn -0.0855 0.6127 0.7857
vn -0.3232 -0.8052 0.4971
vn 0.8904 0.4462 -0.0905
vn 0.8968 0.4273 0.1144
vn 0.9117 0.4105 -0.0191
vn -0.7520 -0.4983 0.4315
vn 0.9134 -0.3905 0.1148
vn 0.6984 0.7144 -0.0441
vn 0.7023 0.7104 -0.0454
vn 0.6636 0.7478 -0.0186
vn 0.8673 0.4440 -0.2252
vn 0.6300 0.7766 0.0032
vn -0.6697 -0.7228 -0.1707
vn 0.3911 -0.8191 -0.4197
vn 0.1710 0.8674 0.4673
vn -0.6246 -0.7569 0.1922
vn 0.9331 -0.1357 -0.3331
vn 0.7279 0.1933 -0.6579
vn 0.6993 0.7136 -0.0427
vn 0.1707 0.5118 0.8420
vn 0.8067 0.4982 -0.3180
vn -0.3314 -0.8605 0.3869
vn -0.7925 0.2958 0.5334
vn -0.3435 -0.9345 0.0938
vn -0.2947 -0.8985 0.3253
vn -0.4122 -0.4984 0.7627
vn 0.0625 -0.8733 -0.4832
vn -0.5844 -0.1145 0.8034
vn -0.3814 -0.7857 -0.4870
vn -0.3161 -0.8457 -0.4300
vn -0.3568 -0.8098 -0.4657
vn -0.9385 0.3310 0.0986
vn 0.5699 -0.8216 0.0132
vn 0.1394 0.0016 -0.9902
vn 0.1322 0.0666 -0.9890
vn 0.1552 0.0248 -0.9876
vn 0.0841 0.8076 0.5837
vn 0.3676 0.6688 0.6462
vn 0.5035 0.3062 -0.8080
vn -0.8629 -0.0719 0.5002
vn 0.5468 0.5482 -0.6329
vn -0.5316 -0.8062 -0.2597
vn -0.5944 -0.7628 -0.2546
vn -0.5403 -0.7967 -0.2708
vn 0.7160 0.6867 0.1256
vn 0.7372 0.6615 0.1380
vn 0.7783 0.6064 0.1631
vn -0.4330 -0.7286 -0.5307
vn -0.9661 0.2380 -0.1004
vn 0.1019 -0.2009 -0.9743
vn 0.1215 -0.1434 -0.9822
vn 0.2809 -0.7568 0.5902
vn 0.1056 0.8817 -0.4599
vn -0.4687 -0.8417 -0.2682
vn 0.9782 0.1957 -0.0694
vn 0.7190 -0.0549 0.6929
vn -0.4016 -0.8872 -0.2274
vn -0.6985 0.2587 0.6673
vn 0.2661 -0.4211 -0.8671
vn -0.1211 0.4270 -0.8961
vn 0.5331 0.4418 -0.7216
vn -0.6399 -0.2834 -0.7143
vn 0.7371 0.6615 0.1379
vn 0.6798 0.7258 0.1053
vn -0.7937 0.0638 -0.6049
vn 0.5290 -0.5760 0.6232
vn 0.4689 0.7499 0.4667
vn 0.4810 0.7602 0.4367
vn 0.5186 0.7627 0.3864
vn 0.7539 -0.4859 0.4422
vn 0.7987 -0.4187 0.4322
vn 0.6768 -0.5813 0.4517
vn -0.2508 0.2029 0.9465
vn -0.1971 0.2675 0.9432
vn -0.1447 0.2822 0.9484
vn 0.9125 -0.0365 -0.4074
vn 0.6573 -0.6023 0.4529
vn 0.7520 0.5716 -0.3282
vn 0.7686 0.5306 -0.3575
vn 0.7753 0.5548 -0.3020
vn 0.5307 0.7612 0.3728
vn 0.5187 0.7627 0.3864
vn 0.1258 0.6660 0.7352
vn 0.2006 0.6713 0.7135
vn 0.1640 0.6497 0.7423
vn 0.7546 0.6071 -0.2489
vn 0.7271 0.0179 -0.6863
vn 0.6824 -0.0327 -0.7302
vn 0.5972 -0.1080 -0.7947
vn 0.1998 -0.7136 -0.6715
vn 0.1233 -0.7839 -0.6085
vn 0.1368 -0.7280 -0.6718
vn -0.3714 -0.9267 -0.0582
vn -0.3561 -0.9314 -0.0756
vn -0.3557 -0.9308 -0.0841
vn -0.6045 -0.6353 0.4806
vn -0.6019 -0.6291 0.4918
vn -0.5695 -0.6793 0.4629
vn -0.4155 -0.0298 0.9091
vn -0.5221 -0.7192 0.4584
vn -0.0104 -0.8586 -0.5126
vn -0.3971 -0.9130 -0.0933
vn -0.5656 -0.2333 0.7910
vn -0.6454 -0.2078 0.7350
vn 0.2736 0.7237 0.6336
vn 0.7484 0.5982 -0.2865
vn 0.5499 0.7436 0.3804
vn 0.5972 -0.1081 -0.7948
vn 0.6824 -0.0328 -0.7302
vn 0.5772 -0.1294 -0.8063
vn 0.2809 0.7414 0.6094
vn 0.2370 -0.5985 -0.7653
vn -0.4717 -0.7527 0.4592
vn -0.5420 -0.5164 0.6630
vn -0.3867 0.0098 0.9222
vn -0.4303 -0.0691 0.9000
vn -0.5656 -0.2329 0.7911
vn 0.7261 0.6748 -0.1323
vn 0.5680 -0.1276 -0.8131
vn -0.0137 -0.8652 -0.5013
vn 0.7469 0.6513 -0.1342
vn 0.2532 -0.5515 -0.7948
vn 0.2567 -0.5414 -0.8007
vn 0.7663 0.4647 -0.4436
vn -0.4172 -0.8996 -0.1293
vn 0.1365 0.9687 0.2074
vn 0.6193 0.1498 -0.7708
vn -0.4281 -0.8859 -0.1787
vn 0.3030 0.7225 0.6215
vn 0.7261 0.6747 -0.1323
vn 0.7469 0.6512 -0.1342
vn 0.8276 0.5518 -0.1030
vn -0.1942 0.7510 0.6311
vn 0.1687 0.5477 -0.8195
vn 0.0344 -0.9988 0.0340
vn -0.9972 -0.0531 0.0523
vn -0.9809 -0.1651 0.1032
vn -0.9872 -0.1325 0.0884
vn -0.7324 0.6221 -0.2767
vn -0.4949 0.1319 0.8589
vn -0.5834 0.1711 0.7939
vn -0.5594 0.1604 0.8132
vn -0.9985 0.0549 0.0028
vn -0.9972 -0.0530 0.0522
vn -0.9872 -0.1324 0.0884
vn -0.5032 0.8304 0.2392
vn 0.9801 0.1109 0.1647
vn 0.6411 0.3478 -0.6842
vn -0.5027 -0.1860 -0.8442
vn -0.5594 0.1603 0.8132
vn -0.4673 0.1199 0.8759
vn -0.6202 0.3643 -0.6947
vn -0.2327 -0.5092 -0.8286
vn -0.8010 0.4218 -0.4248
vn -0.7301 0.6752 0.1049
vn -0.7184 0.6916 0.0751
vn -0.7129 0.6983 0.0647
vn 0.6741 0.6721 -0.3065
vn 0.5965 0.6912 -0.4079
vn 0.6264 0.6855 -0.3712
vn -0.7336 0.6682 0.1238
vn -0.6780 -0.6900 0.2534
vn -0.6760 -0.6913 0.2551
vn -0.6769 -0.6907 0.2544
vn -0.2182 0.9661 0.1379
vn -0.6786 -0.6896 0.2529
vn 0.8018 0.1118 0.5871
vn 0.8128 0.1056 0.5728
vn 0.8054 0.1098 0.5825
vn -0.1951 -0.7701 -0.6074
vn -0.1943 -0.7735 -0.6033
vn -0.1951 -0.7704 -0.6070
vn 0.3586 -0.1450 -0.9222
vn 0.5488 -0.0329 0.8353
vn -0.7324 0.6688 0.1278
vn 0.9943 0.0207 0.1044
vn 0.2522 0.9173 -0.3083
vn 0.6263 0.6855 -0.3712
vn 0.5531 0.6966 -0.4570
vn -0.1959 -0.7667 -0.6114
vn -0.2283 -0.8189 0.5266
vn -0.2353 -0.0743 0.9691
vn 0.7908 0.5881 0.1695
vn 0.8349 0.5402 0.1053
vn 0.7781 0.5998 0.1864
vn 0.1879 0.3261 -0.9265
vn 0.1591 -0.1791 -0.9709
vn 0.7181 0.6502 0.2481
vn -0.5248 -0.7012 0.4826
vn 0.5995 0.4756 -0.6437
vn 0.6354 0.5910 -0.4970
vn 0.6644 0.4824 -0.5708
vn -0.7805 -0.2241 0.5836
vn -0.1543 0.5430 -0.8254
vn -0.5408 -0.4504 -0.7104
vn -0.4806 -0.4675 -0.7419
vn -0.4961 -0.4634 -0.7343
vn 0.6632 -0.7330 0.1515
vn 0.6823 -0.7168 0.1437
vn 0.6923 -0.7080 0.1395
vn 0.2833 -0.5420 0.7912
vn 0.6187 0.4064 -0.6723
vn -0.4319 -0.4793 -0.7640
vn 0.7929 0.1167 0.5981
vn 0.5923 0.4475 0.6700
vn 0.6524 0.4269 0.6262
vn 0.5595 0.4541 0.6934
vn 0.6974 -0.7034 0.1373
vn 0.7207 0.6481 0.2462
vn -0.5170 -0.4894 0.7023
vn -0.5280 -0.5762 0.6239
vn -0.5233 -0.5333 0.6646
vn 0.6240 -0.2174 -0.7506
vn 0.6063 0.6460 -0.4637
vn 0.6245 0.6041 -0.4950
vn 0.6971 -0.6964 -0.1703
vn 0.8074 0.5889 -0.0358
vn 0.8099 0.5849 -0.0435
vn 0.8040 0.5940 -0.0255
vn 0.3377 -0.8535 -0.3970
vn 0.6590 0.6926 0.2932
vn 0.5615 -0.8262 0.0463
vn 0.7002 0.4981 -0.5115
vn 0.7052 0.5282 -0.4730
vn 0.7085 0.5569 -0.4335
vn 0.4823 -0.8671 -0.1246
vn 0.0295 -0.1263 -0.9916
vn -0.0191 -0.1455 -0.9892
vn -0.0562 -0.1598 -0.9855
vn 0.9443 -0.3043 0.1251
vn 0.7997 0.6003 -0.0129
vn 0.6941 0.4694 -0.5458
vn 0.0090 -0.1360 0.9907
vn -0.0375 -0.1491 0.9881
vn -0.0585 -0.1549 0.9862
vn 0.5034 0.4012 -0.7652
vn 0.0334 -0.1290 0.9911
vn 0.5340 -0.8400 0.0958
vn -0.7121 -0.6996 -0.0579
vn -0.6995 -0.7142 -0.0223
vn -0.7168 -0.6936 -0.0718
vn 0.2667 0.2701 0.9251
vn 0.2822 0.2136 -0.9353
vn -0.3848 -0.7098 -0.5900
vn 0.5045 0.4030 -0.7636
vn 0.5995 0.4756 -0.6438
vn 0.5035 0.4014 -0.7651
vn -0.0981 -0.1759 -0.9795
vn 0.5150 0.4588 0.7241
vn 0.5923 0.4475 0.6701
vn -0.5112 -0.4561 0.7284
vn 0.4995 0.5440 0.6742
vn 0.6190 0.4886 0.6148
vn 0.6364 0.5640 0.5263
vn -0.7233 -0.6844 -0.0924
vn 0.5122 0.4424 0.7361
vn 0.4325 0.3655 -0.8243
vn 0.3801 0.4186 -0.8248
vn 0.3862 0.4126 -0.8250
vn 0.5513 0.4747 0.6861
vn 0.6269 0.4399 0.6431
vn -0.3416 -0.8023 -0.4895
vn -0.3459 -0.8494 -0.3985
vn -0.3793 -0.8642 -0.3306
vn -0.3429 -0.7623 -0.5489
vn -0.2504 -0.9581 0.1391
vn 0.0572 -0.9547 0.2920
vn -0.4471 0.0959 -0.8893
vn -0.4494 0.1156 -0.8858
vn -0.4520 0.1397 -0.8810
vn -0.0062 0.2511 0.9679
vn -0.9504 0.3098 -0.0281
vn -0.9482 0.1972 0.2490
vn -0.7785 0.6095 -0.1498
vn 0.3077 0.8601 -0.4068
vn 0.2555 0.8603 -0.4411
vn 0.2661 0.8606 -0.4343
vn -0.3323 -0.9388 0.0910
vn -0.3220 -0.9426 0.0889
vn -0.4355 -0.8932 0.1120
vn 0.9769 -0.2112 0.0311
vn 0.9995 -0.0008 0.0309
vn 0.9928 -0.1175 0.0219
vn 0.0753 0.9960 0.0479
vn 0.9752 -0.2067 0.0791
vn 0.9769 -0.2112 0.0312
vn -0.3794 -0.8642 -0.3305
vn -0.3909 -0.8638 -0.3179
vn 0.8686 -0.4471 0.2136
vn 0.8706 -0.4421 0.2158
vn 0.8658 -0.4540 0.2105
vn 0.4371 0.8983 0.0448
vn -0.4494 0.1157 -0.8858
vn -0.4542 0.1615 -0.8762
vn -0.8222 0.4034 -0.4014
vn 0.3106 0.4826 -0.8189
vn 0.9348 0.3531 -0.0395
vn 0.9264 0.3762 0.0177
vn 0.9373 0.3273 0.1197
vn 0.3877 -0.1502 -0.9095
vn -0.4585 -0.8810 0.1167
vn 0.2006 -0.8120 -0.5481
vn 0.0272 -0.4260 0.9043
vn 0.2215 0.8587 -0.4621
vn 0.9963 -0.0854 0.0039
vn 0.9953 -0.0947 -0.0188
vn 0.9957 -0.0918 -0.0117
vn -0.3528 -0.8424 0.4074
vn 0.0414 -0.4348 -0.8996
vn 0.9504 0.1981 0.2399
vn 0.9332 0.3082 0.1847
vn 0.3589 0.5363 0.7639
vn 0.3084 0.4458 0.8403
vn 0.7460 -0.2275 0.6259
vn 0.7343 -0.1145 0.6691
vn 0.7209 -0.2214 0.6567
vn 0.9332 0.3082 0.1846
vn -0.4691 -0.3094 0.8272
vn 0.2178 0.8871 0.4070
vn 0.2192 0.8858 0.4091
vn 0.1620 0.9316 0.3253
vn -0.7439 0.1079 -0.6595
vn 0.9731 -0.2304 0.0034
vn -0.0117 -0.9930 0.1179
vn -0.0113 -0.9926 0.1210
vn -0.0125 -0.9936 0.1120
vn 0.2178 0.8870 0.4071
vn 0.2411 0.8646 0.4409
vn -0.8366 0.5478 0.0012
vn -0.9723 0.1976 -0.1250
vn 0.9957 -0.0918 -0.0118
vn 0.9966 -0.0806 0.0154
vn 0.8728 -0.4365 0.2182
vn 0.9914 -0.1233 -0.0447
vn -0.5310 -0.5528 -0.6422
vn -0.6886 0.6830 -0.2437
vn 0.3322 0.2990 -0.8946
vn 0.7499 -0.4332 0.4999
vn -0.1895 -0.3269 0.9258
vn -0.4696 0.8805 0.0648
vn 0.9070 -0.2681 0.3249
vn 0.7499 -0.0955 0.6546
vn 0.6989 -0.1109 0.7065
vn 0.8066 0.3584 -0.4701
vn 0.8477 0.3828 -0.3672
vn 0.8106 0.3607 -0.4613
vn 0.7105 -0.1756 0.6815
vn 0.6940 -0.1150 0.7108
vn 0.8584 0.3895 -0.3339
vn 0.8004 -0.3687 -0.4727
vn 0.7838 -0.4176 -0.4596
vn 0.7557 -0.4866 -0.4383
vn 0.3532 0.7616 0.5433
vn 0.2869 0.8311 0.4764
vn 0.2758 0.8343 0.4774
vn 0.8198 -0.2987 -0.4886
vn 0.8004 -0.3686 -0.4727
vn 0.9569 -0.2884 -0.0348
vn 0.2678 0.5965 0.7566
vn 0.3584 0.7510 0.5546
vn 0.7905 0.0813 0.6070
vn 0.7925 0.0482 0.6080
vn 0.7900 0.0883 0.6068
vn 0.7245 0.3213 0.6098
vn 0.4798 0.0927 0.8725
vn 0.6289 0.3923 0.6713
vn -0.6018 0.7434 -0.2918
vn -0.5729 0.7609 -0.3048
vn -0.5598 0.7683 -0.3104
vn -0.0270 -0.0354 0.9990
vn -0.0396 0.0518 0.9979
vn -0.0035 -0.0570 0.9984
vn -0.0798 -0.3774 0.9226
vn 0.9027 -0.2882 -0.3193
vn 0.9535 -0.1953 -0.2294
vn 0.9102 -0.2786 -0.3064
vn 0.8782 0.2076 -0.4308
vn 0.8663 0.2237 -0.4466
vn 0.8988 0.1776 -0.4009
vn 0.7764 0.5547 -0.2992
vn -0.6724 0.0679 -0.7371
vn 0.6315 0.6321 -0.4490
vn -0.3864 -0.3730 0.8435
vn 0.8819 0.0776 0.4649
vn 0.8371 0.1161 0.5347
vn 0.8087 0.1373 0.5719
vn 0.7124 -0.1401 0.6876
vn 0.7079 -0.1303 0.6942
vn 0.6642 -0.1357 0.7352
vn -0.0185 0.0788 -0.9967
vn 0.5296 -0.0399 -0.8473
vn 0.1449 0.0463 -0.9884
vn -0.9857 0.1141 0.1239
vn -0.1466 -0.0775 0.9861
vn -0.0552 -0.5034 0.8623
vn -0.0094 -0.9981 0.0616
vn -0.0088 -0.9983 0.0576
vn -0.0092 -0.9981 0.0607
vn 0.6255 -0.1368 0.7682
vn 0.6641 -0.1357 0.7352
vn 0.9919 0.0964 0.0824
vn 0.9890 0.0689 0.1309
vn 0.9908 0.1220 0.0592
vn 0.4036 -0.6018 0.6892
vn 0.9825 0.1700 -0.0758
vn -0.7970 0.0957 -0.5963
vn -0.7106 -0.6808 0.1778
vn -0.7132 -0.6811 0.1659
vn -0.7222 -0.6816 0.1178
vn -0.3694 0.2903 0.8827
vn 0.9824 0.1572 0.1009
vn 0.4914 -0.8682 -0.0692
vn -0.0106 -0.9920 0.1260
vn -0.3671 0.6828 -0.6317
vn 0.3062 0.1704 0.9366
vn 0.3360 -0.2060 0.9191
vn 0.5630 -0.7042 0.4326
vn -0.0100 -0.9977 0.0664
vn 0.6967 0.7123 0.0851
vn -0.7035 0.0112 0.7106
vn -0.5992 0.1000 0.7943
vn -0.6429 0.0780 0.7619
vn 0.7614 -0.6355 0.1279
vn -0.5590 0.8155 -0.1499
vn -0.6381 0.7467 -0.1878
vn -0.6207 0.7633 -0.1793
vn 0.6989 -0.1109 0.7066
vn 0.6939 -0.1150 0.7108
vn 0.6168 -0.0736 0.7837
vn 0.9883 0.1494 -0.0321
vn 0.7136 0.0362 -0.6996
vn 0.7310 0.0142 -0.6822
vn 0.7055 0.0460 -0.7072
vn -0.8407 -0.5406 0.0305
vn -0.7901 -0.6125 0.0240
vn -0.8454 -0.5321 0.0470
vn 0.9311 -0.3560 0.0795
vn 0.5597 0.4454 0.6989
vn 0.7905 -0.6089 0.0654
vn 0.3679 0.6836 0.6304
vn 0.3591 0.7508 0.5544
vn 0.3531 0.7616 0.5434
vn 0.1235 0.9775 -0.1711
vn 0.8620 -0.1402 -0.4871
vn -0.3521 -0.1323 0.9266
vn 0.0879 0.9366 0.3393
vn 0.6040 -0.1362 0.7852
vn 0.0342 -0.1056 0.9938
vn -0.5373 0.8317 -0.1397
vn 0.9027 -0.2883 -0.3194
vn 0.8886 -0.3056 -0.3421
vn -0.9982 -0.0127 0.0586
vn 0.3202 0.9468 0.0314
vn 0.8922 -0.3145 -0.3240
vn 0.8946 -0.2992 -0.3318
vn -0.0485 -0.9902 0.1306
vn 0.2251 0.0043 -0.9743
vn 0.7789 -0.3235 0.5372
vn 0.0874 -0.9441 -0.3178
vn 0.1334 0.0414 -0.9902
vn 0.8302 0.3751 0.4125
vn 0.6539 0.0565 0.7544
vn 0.9924 0.0580 -0.1085
vn 0.5275 0.7079 -0.4696
vn -0.9932 0.0749 0.0893
vn -0.0150 -0.2349 0.9719
vn 0.0111 -0.2590 0.9658
vn -0.0143 -0.2355 0.9718
vn 0.7868 0.1225 0.6049
vn -0.7952 0.5993 0.0925
vn -0.8122 0.5751 0.0980
vn -0.8694 0.4798 0.1177
vn 0.5489 -0.0140 -0.8358
vn -0.1421 -0.8611 -0.4882
vn -0.8736 0.4717 0.1192
vn 0.3786 -0.8746 -0.3028
vn 0.5551 -0.1016 0.8256
vn 0.3514 0.6142 0.7066
vn 0.9249 0.2883 -0.2478
vn 0.2525 -0.1484 -0.9562
vn 0.2088 -0.1036 -0.9725
vn 0.1319 -0.1571 -0.9787
vn 0.0930 0.3974 -0.9129
vn 0.0553 -0.0881 0.9946
vn 0.8086 0.1373 0.5721
vn 0.8370 0.1162 0.5348
vn 0.7355 0.1846 0.6519
vn 0.5888 -0.2324 -0.7742
vn 0.9950 0.0700 -0.0708
vn 0.8663 0.2237 -0.4467
vn 0.8425 0.2534 -0.4754
vn 0.3796 0.0770 0.9219
vn 0.1663 0.9302 -0.3274
vn -0.0136 -0.9649 -0.2621
vn 0.6861 -0.4932 -0.5348
vn 0.8123 -0.4172 -0.4074
vn 0.7638 -0.4506 -0.4620
vn -0.8541 0.2619 0.4494
vn -0.8936 0.2212 0.3906
vn -0.8288 0.2844 0.4818
vn 0.4990 0.3611 0.7878
vn 0.1396 0.8075 0.5731
vn 0.1054 0.8191 0.5639
vn 0.2877 0.7430 0.6043
vn 0.9709 0.2276 -0.0744
vn -0.8884 0.1097 -0.4458
vn -0.0608 0.9970 -0.0489
vn -0.1003 0.9929 -0.0642
vn 0.0092 0.9995 -0.0313
vn 0.2751 0.3460 0.8970
vn 0.2843 0.2277 0.9313
vn -0.6044 0.0915 0.7914
vn -0.9109 0.2006 0.3607
vn 0.5963 -0.1450 0.7896
vn 0.4406 0.8281 -0.3466
vn 0.7355 0.5797 -0.3506
vn 0.0541 0.9985 -0.0128
vn 0.2317 0.1561 -0.9602
vn 0.2817 0.1557 -0.9468
vn 0.1018 0.0746 -0.9920
vn 0.9999 -0.0088 -0.0077
vn 0.9799 -0.1941 -0.0455
vn 0.9979 -0.0652 0.0035
vn 0.3452 -0.8033 -0.4853
vn 0.3593 0.1035 0.9275
vn 0.9102 0.4141 0.0044
vn 0.9126 0.4071 0.0372
vn 0.9141 0.3876 0.1187
vn 0.9326 -0.3557 -0.0606
vn 0.9338 -0.3511 -0.0693
vn 0.9330 -0.3543 -0.0633
vn 0.4675 -0.7355 -0.4903
vn 0.7055 0.0461 -0.7072
vn 0.6875 0.0673 -0.7230
vn -0.3103 -0.5220 -0.7945
vn 0.0730 0.7372 -0.6717
vn -0.0485 -0.2036 0.9779
vn 0.8155 0.4394 0.3767
vn 0.3631 0.7674 0.5284
vn 0.4110 0.7327 0.5424
vn 0.3952 0.7446 0.5379
vn 0.4451 0.7056 0.5514
vn 0.9176 0.0837 0.3886
vn 0.9244 0.0586 0.3769
vn 0.8978 0.1447 0.4160
vn 0.2351 0.9630 0.1319
vn 0.0448 -0.8969 0.4400
vn 0.9942 -0.0222 0.1048
vn 0.9956 -0.0351 0.0871
vn 0.9912 -0.0019 0.1324
vn 0.1787 0.1989 0.9636
vn 0.8220 0.5470 -0.1585
vn 0.8462 0.5159 -0.1335
vn 0.8830 0.4623 -0.0814
vn 0.4433 0.6399 0.6277
vn -0.1281 0.7027 0.6999
vn -0.1012 0.6998 0.7071
vn -0.1987 0.7427 0.6394
vn 0.8590 0.5046 -0.0870
vn 0.9244 0.0586 0.3768
vn 0.9352 0.0113 0.3539
vn -0.2949 0.7826 0.5482
vn -0.2155 0.7451 0.6312
vn 0.5764 0.7924 -0.1996
vn -0.2229 0.5612 0.7971
vn -0.1364 0.9887 0.0628
vn -0.1139 0.9926 0.0420
vn -0.0812 0.9966 0.0118
vn -0.1823 0.9775 0.1056
vn 0.8461 0.5159 -0.1336
vn 0.7752 0.5956 -0.2106
vn -0.7905 0.2109 0.5750
vn 0.9942 -0.0221 0.1048
vn 0.9912 -0.0018 0.1325
vn 0.9844 0.0287 0.1738
vn 0.9998 -0.0189 0.0011
vn 0.2252 0.3508 0.9089
vn 0.7781 -0.5919 0.2102
vn 0.6673 0.3545 -0.6551
vn 0.6937 0.3512 -0.6288
vn 0.5957 0.3605 -0.7177
vn -0.0202 0.9184 -0.3951
vn -0.0685 0.9305 -0.3598
vn -0.0002 0.9124 -0.4092
vn 0.7725 -0.1484 0.6174
vn 0.8084 -0.0290 0.5880
vn 0.7889 -0.0660 0.6109
vn 0.0599 0.8909 -0.4502
vn -0.3283 0.3335 0.8838
vn 0.7581 -0.1645 0.6311
vn -0.5560 0.6405 0.5298
vn 0.2433 0.0347 0.9693
vn 0.1943 0.0997 0.9759
vn 0.2383 0.0415 0.9703
vn 0.9849 -0.1370 0.1055
vn 0.9738 -0.2123 0.0813
vn 0.9747 -0.2164 0.0567
vn 0.6163 0.3972 -0.6800
vn -0.1598 -0.7310 0.6634
vn -0.3038 -0.9318 -0.1986
vn -0.4776 -0.0134 0.8785
vn -0.6699 0.3826 0.6362
vn -0.6466 0.4569 0.6109
vn -0.6580 0.4226 0.6232
vn -0.6350 0.4884 0.5985
vn 0.9916 -0.0258 -0.1270
vn 0.5706 0.3618 -0.7372
vn 0.2927 -0.0333 0.9556
vn -0.7661 0.6396 -0.0624
vn 0.7725 -0.1485 0.6174
vn 0.7352 -0.2733 0.6203
vn -0.8634 0.4015 0.3055
vn -0.8873 0.3450 0.3061
vn -0.8890 0.3432 0.3031
vn 0.9978 0.0338 -0.0575
vn 0.9773 -0.1830 0.1070
vn 0.9892 -0.0677 0.1299
vn -0.7913 0.4955 -0.3581
vn -0.7698 0.5350 -0.3481
vn -0.7926 0.4930 -0.3588
vn -0.4207 0.7487 -0.5124
vn 0.1502 0.5495 -0.8219
vn 0.9055 0.3307 0.2660
vn 0.9955 -0.0866 -0.0378
vn 0.9987 -0.0452 -0.0216
vn 0.9938 -0.1025 -0.0441
vn 0.8111 -0.5537 0.1884
vn 0.6262 -0.0166 -0.7795
vn 0.6572 -0.0741 -0.7501
vn 0.6649 -0.0611 -0.7444
vn -0.1010 0.2911 -0.9513
vn -0.0081 0.1851 -0.9827
vn -0.0696 0.2388 -0.9686
vn 0.6953 -0.1668 -0.6991
vn 0.7048 -0.1586 -0.6914
vn 0.7097 -0.2350 -0.6642
vn -0.9046 0.2995 0.3033
vn -0.7913 0.4955 -0.3582
vn -0.7926 0.4931 -0.3587
vn -0.8177 0.4406 -0.3705
vn -0.2110 0.3264 -0.9214
vn -0.0319 0.9073 0.4193
vn -0.0338 0.8913 0.4522
vn -0.0298 0.9235 0.3825
vn 0.2004 -0.1430 -0.9692
vn 0.1318 -0.1571 -0.9787
vn 0.0153 -0.2656 -0.9640
vn 0.0811 -0.1715 -0.9818
vn -0.9210 -0.3686 -0.1257
vn 0.0387 0.9986 -0.0371
vn -0.2097 0.2971 0.9315
vn 0.5829 0.0406 0.8115
vn 0.6095 -0.1398 0.7803
vn 0.3242 0.7233 0.6097
vn -0.0128 0.7130 0.7010
vn 0.2787 -0.3443 0.8965
vn 0.3071 -0.2849 0.9080
vn 0.2302 -0.1091 0.9670
vn 0.2938 -0.4614 0.8371
vn 0.3688 -0.5201 0.7704
vn 0.2906 -0.4588 0.8397
vn 0.2061 -0.3891 0.8979
vn 0.0178 0.9998 -0.0104
vn 0.1460 0.9856 0.0856
vn 0.0773 0.9961 0.0429
vn 0.0780 -0.9917 -0.1021
vn 0.2003 -0.1430 -0.9692
vn 0.4141 -0.2353 0.8793
vn 0.9945 0.1042 -0.0117
vn 0.9912 0.1320 0.0066
vn 0.9951 0.0976 -0.0161
vn 0.9955 -0.0866 -0.0379
vn 0.9744 -0.2079 -0.0853
vn 0.0580 0.4868 0.8716
vn 0.0957 0.0797 -0.9922
vn 0.2316 0.1561 -0.9602
vn 0.1017 0.0746 -0.9920
vn 0.9934 0.1136 0.0173
vn 0.0490 -0.9837 -0.1732
vn 0.6739 0.7243 0.1457
vn -0.0646 0.3555 0.9325
vn 0.5522 -0.1168 0.8255
vn 0.9135 0.3822 0.1395
vn 0.9315 -0.3599 -0.0527
vn 0.9979 -0.0653 0.0034
vn 0.9799 -0.1942 -0.0455
vn 0.9755 -0.2158 -0.0426
vn 0.4732 -0.5962 -0.6486
vn -0.6538 0.2592 0.7109
vn -0.8471 -0.1578 -0.5075
vn -0.4581 0.6767 0.5763
vn -0.8857 -0.4132 0.2118
vn 0.6390 -0.1405 0.7563
vn 0.2970 -0.0786 0.9516
vn -0.0695 0.2388 -0.9686
vn 0.0201 0.1103 -0.9937
vn 0.9736 -0.2274 -0.0188
vn 0.9640 -0.0968 0.2475
vn -0.8995 0.3079 0.3099
vn 0.7620 0.6473 -0.0177
vn -0.7183 -0.6861 0.1148
vn 0.3135 0.3109 0.8973
vn 0.4836 0.2804 0.8292
vn 0.3563 0.3658 0.8598
vn -0.9306 0.3257 -0.1668
vn -0.9374 0.2995 -0.1778
vn -0.9516 0.2271 -0.2071
vn -0.8725 0.4885 0.0080
vn -0.9194 0.3934 0.0033
vn -0.8935 0.4490 -0.0008
vn 0.9612 -0.1805 -0.2086
vn 0.5870 -0.8076 -0.0563
vn -0.3354 -0.2104 0.9183
vn -0.0045 -0.4623 0.8867
vn -0.0276 0.9387 0.3438
vn -0.0319 0.9073 0.4192
vn -0.6708 -0.3235 0.6673
vn -0.5662 -0.3292 0.7557
vn -0.6182 -0.3272 0.7147
vn -0.9374 0.2996 -0.1778
vn -0.9306 0.3258 -0.1668
vn -0.9079 0.3966 -0.1355
vn -0.1803 0.8440 -0.5051
vn -0.2034 -0.3709 0.9061
vn -0.1796 -0.3668 0.9128
vn -0.1026 -0.3520 0.9304
vn -0.8854 0.2486 0.3928
vn -0.4432 0.7727 -0.4545
vn -0.5251 0.6789 -0.5132
vn -0.4186 0.7965 -0.4364
vn 0.0046 -0.1733 0.9849
vn -0.0198 -0.1414 0.9898
vn -0.0325 -0.1245 0.9917
vn -0.7138 -0.6897 0.1215
vn 0.7873 -0.5196 0.3319
vn 0.6543 0.2349 -0.7189
vn 0.6616 0.2260 -0.7150
vn 0.6536 0.2358 -0.7192
vn -0.8898 0.4530 0.0552
vn -0.1253 0.9920 0.0148
vn -0.3873 0.3116 -0.8677
vn -0.8830 -0.4025 0.2415
vn -0.8719 0.4784 0.1042
vn -0.9190 0.3885 0.0673
vn -0.9054 0.4052 0.1266
vn -0.9999 -0.0041 0.0126
vn -0.5462 -0.2024 0.8129
vn 0.7138 -0.2239 -0.6636
vn 0.7049 -0.1586 -0.6914
vn -0.9202 0.3895 0.0404
vn 0.5080 -0.3498 -0.7871
vn 0.6720 -0.3560 -0.6493
vn 0.6613 -0.3561 -0.6602
vn -0.1649 0.9106 0.3790
vn -0.1847 0.9031 0.3878
vn -0.1470 0.9170 0.3709
vn -0.0930 0.3390 0.9362
vn -0.0947 0.3326 0.9383
vn -0.0988 0.3161 0.9436
vn 0.6507 0.4973 -0.5738
vn 0.9901 0.1396 0.0116
vn 0.6437 -0.5122 -0.5686
vn -0.9332 0.3594 0.0017
vn -0.2118 0.5267 0.8232
vn 0.1661 0.1215 0.9786
vn 0.5288 0.5962 0.6041
vn -0.7667 0.0668 -0.6385
vn -0.7806 0.0777 -0.6202
vn -0.7650 0.0175 -0.6438
vn 0.8597 -0.0080 -0.5108
vn -0.7105 0.1611 -0.6850
vn -0.9243 -0.1412 0.3547
vn -0.9079 -0.1403 0.3950
vn -0.8879 -0.1127 0.4461
vn -0.2991 -0.3854 0.8729
vn -0.2035 -0.3709 0.9061
vn -0.0519 -0.9913 0.1207
vn 0.0870 0.1006 0.9911
vn -0.7756 0.0340 -0.6303
vn 0.4723 -0.6619 -0.5821
vn -0.3841 0.2110 0.8988
vn -0.0527 -0.0977 0.9938
vn 0.2060 0.3831 0.9004
vn -0.9140 -0.1389 0.3813
vn 0.0276 -0.8043 -0.5936
vn -0.4412 -0.0355 -0.8967
vn -0.7648 0.5477 0.3394
vn -0.7735 0.5412 0.3298
vn -0.7756 0.5396 0.3274
vn -0.3810 0.8295 -0.4084
vn -0.4185 0.7965 -0.4363
vn -0.6125 0.3489 0.7093
vn -0.8664 0.4951 0.0646
vn 0.6368 -0.1938 0.7462
vn 0.6730 0.4819 -0.5610
vn -0.5641 0.1225 0.8166
vn -0.6672 0.1553 0.7285
vn -0.6126 0.1378 0.7782
vn 0.0248 0.6163 -0.7871
vn 0.0400 0.6080 -0.7929
vn 0.0096 0.6020 -0.7984
vn 0.1440 -0.9669 -0.2104
vn 0.1750 -0.9635 -0.2025
vn 0.1064 -0.9698 -0.2197
vn 0.7688 0.2316 -0.5962
vn -0.9201 0.3895 0.0403
vn -0.9168 0.3993 0.0029
vn -0.7796 0.5366 0.3229
vn 0.0602 -0.3583 0.9317
vn 0.0343 0.3266 0.9445
vn 0.4991 0.7887 0.3590
vn 0.6812 -0.6383 0.3585
vn 0.6343 -0.1170 -0.7642
vn -0.0136 0.1716 -0.9851
vn 0.3223 0.6672 0.6715
vn 0.2569 0.6144 0.7460
vn 0.2651 0.6281 0.7315
vn -0.9372 -0.1586 0.3106
vn -0.6127 0.1378 0.7782
vn -0.7000 0.1660 0.6946
vn 0.6517 0.2140 -0.7277
vn -0.0315 -0.8826 -0.4691
vn 0.4948 0.1919 0.8476
vn -0.3138 -0.5204 0.7942
vn 0.1276 -0.9867 -0.1006
vn 0.0888 -0.9872 -0.1327
vn 0.0934 -0.9932 -0.0689
vn 0.0419 -0.0542 0.9977
vn -0.0039 0.0058 1.0000
vn 0.0302 -0.0390 0.9988
vn -0.8973 -0.1311 0.4216
vn -0.0341 -0.4602 -0.8871
vn -0.0170 -0.5099 -0.8601
vn -0.0745 -0.3349 -0.9393
vn 0.6613 -0.3560 -0.6602
vn 0.4997 -0.3491 -0.7928
vn 0.5080 -0.3497 -0.7872
vn 0.7370 -0.0512 -0.6740
vn 0.6457 0.2451 -0.7232
vn 0.0570 -0.7445 0.6652
vn -0.0883 -0.2891 -0.9532
vn -0.0341 -0.4602 -0.8872
vn -0.5907 -0.7056 0.3915
vn 0.1085 0.9820 0.1547
vn 0.0956 0.0911 0.9912
vn -0.8572 0.5131 -0.0438
vn 0.1072 0.1695 -0.9797
vn -0.9503 0.3094 -0.0338
vn -0.4526 -0.1517 0.8787
vn -0.4139 -0.2056 0.8868
vn -0.4396 -0.1702 0.8819
vn 0.6949 -0.1696 0.6988
vn -0.0134 0.9999 -0.0028
vn -0.8194 0.1203 -0.5605
vn -0.7991 0.1471 -0.5830
vn -0.8473 0.0798 -0.5251
vn 0.1002 -0.9885 -0.1132
vn -0.0958 -0.9953 -0.0138
vn -0.0630 -0.9976 -0.0280
vn 0.2987 0.5001 0.8129
vn -0.0882 0.3575 0.9297
vn -0.4250 0.7265 0.5400
vn -0.6182 -0.3272 0.7146
vn -0.7247 -0.3176 0.6115
vn -0.5748 0.4725 0.6681
vn 0.0917 -0.9798 -0.1776
vn -0.0588 -0.9001 0.4318
vn -0.0522 -0.9137 0.4031
vn -0.0176 -0.9683 0.2491
vn -0.7363 -0.0776 -0.6722
vn -0.2497 -0.9468 -0.2028
vn -0.2550 -0.9603 -0.1135
vn -0.2559 -0.9623 -0.0926
vn 0.1193 -0.9861 -0.1157
vn 0.1083 -0.9858 -0.1282
vn -0.0952 0.3943 0.9140
vn -0.0254 -0.0212 0.9995
vn -0.9548 0.0572 0.2918
vn 0.0744 0.9640 0.2553
vn 0.0695 0.9561 0.2846
vn 0.0556 0.9302 0.3629
vn -0.6373 -0.6045 -0.4780
vn 0.3334 0.9216 -0.1987
vn -0.8580 0.0629 -0.5098
vn 0.3311 0.4318 -0.8390
vn -0.2586 -0.9660 -0.0035
vn -0.0740 -0.0994 0.9923
vn -0.0107 -0.9759 0.2178
vn 0.0695 0.9561 0.2847
vn 0.0507 0.9195 0.3897
vn 0.0556 0.9301 0.3630
vn 0.8346 -0.5352 0.1305
vn -0.1328 0.9217 0.3644
vn 0.0061 -0.9809 -0.1945
vn -0.8006 0.0291 -0.5985
vn -0.6198 -0.0891 0.7797
vn -0.6888 0.0175 0.7247
vn -0.6641 -0.0231 0.7473
vn 0.0459 -0.0102 0.9989
vn 0.1277 -0.0173 0.9917
vn -0.0318 -0.0104 0.9994
vn 0.0639 -0.0832 0.9945
vn 0.1199 -0.3538 0.9276
vn -0.5922 0.1283 0.7955
vn -0.5899 0.1016 0.8011
vn -0.5778 0.0053 0.8162
vn -0.0184 0.7867 -0.6171
vn 0.0019 0.2143 0.9768
vn -0.1065 0.1381 0.9847
vn -0.0602 0.2102 0.9758
vn 0.0342 0.4350 0.8998
vn -0.9243 -0.1412 0.3546
vn -0.9605 -0.1948 0.1988
vn -0.9372 -0.1586 0.3105
vn 0.3658 0.0881 -0.9265
vn -0.5732 -0.0232 0.8191
vn -0.9956 -0.0116 -0.0934
vn -0.3347 0.8511 0.4045
vn 0.0574 0.2145 0.9750
vn -0.4758 -0.1177 0.8716
vn -0.2391 0.0658 -0.9688
vn -0.0790 0.0443 0.9959
vn -0.7237 -0.4945 -0.4813
vn -0.0167 0.0677 -0.9976
vn -0.0016 0.0442 -0.9990
vn 0.0768 0.1167 -0.9902
vn -0.0098 0.1314 -0.9913
vn 0.1786 0.1304 -0.9752
vn 0.1389 0.4476 -0.8834
vn 0.0899 0.5456 -0.8332
vn 0.0710 0.5807 -0.8110
vn 0.5323 -0.7047 -0.4690
vn -0.4392 0.5210 0.7319
vn -0.0975 -0.9617 0.2560
vn 0.0460 -0.0102 0.9989
vn 0.1720 -0.0169 0.9850
vn -0.0612 -0.3605 0.9307
vn -0.4470 -0.0675 0.8920
vn -0.5044 -0.1331 0.8531
vn -0.6417 -0.1494 0.7523
vn -0.5045 -0.1332 0.8531
vn -0.6109 -0.1817 0.7706
vn -0.1464 -0.5470 -0.8243
vn -0.0349 0.5332 -0.8453
vn 0.1469 -0.0076 0.9891
vn 0.2651 0.6281 0.7316
vn 0.2569 0.6143 0.7460
vn 0.2301 0.5360 0.8123
vn 0.0835 -0.9707 -0.2251
vn -0.0029 0.9998 0.0217
vn -0.0301 0.4996 -0.8658
vn -0.9983 -0.0453 0.0363
vn -0.4217 -0.8479 0.3212
vn 0.0326 0.0037 -0.9995
vn -0.4597 -0.8879 0.0163
vn 0.4075 -0.1577 0.8995
vn 0.0451 0.8485 0.5273
vn 0.2948 -0.6584 0.6925
vn -0.3951 0.3227 -0.8601
vn 0.0109 0.4129 0.9107
vn -0.1053 0.4511 0.8862
vn 0.1888 -0.1812 -0.9652
vn -0.9733 0.2018 -0.1095
vn -0.2047 0.8947 -0.3969
vn -0.0131 0.7368 -0.6760
vn -0.1516 0.6504 0.7443
vn -0.2025 0.6711 0.7132
vn -0.1873 0.5863 0.7881
vn 0.0801 0.9187 -0.3868
vn -0.9502 -0.1029 0.2943
vn -0.9360 0.1995 0.2899
vn -0.9110 0.1001 -0.4001
vn -0.0000 0.9698 0.2440
vn 0.0027 0.9717 0.2362
vn 0.0006 0.9703 0.2421
vn -0.9064 0.3617 -0.2182
vn -0.8951 0.3976 -0.2016
vn -0.8984 0.3876 -0.2063
vn 0.1539 0.4153 -0.8966
vn 0.2396 0.5227 0.8181
vn 0.0388 -0.2332 0.9717
vn -0.9908 0.1317 -0.0310
vn -0.7321 0.0975 0.6742
vn -0.1393 0.9330 0.3319
vn -0.7096 -0.1465 0.6892
vn -0.4533 -0.6021 -0.6573
vn -0.8933 0.2566 -0.3690
vn -0.1119 0.2663 0.9574
vn -0.3001 -0.9339 -0.1945
vn -0.8627 -0.4927 -0.1142
vn 0.1877 0.2777 0.9422
vn 0.0020 0.2143 0.9768
vn -0.2586 0.9458 -0.1965
vn -0.9194 0.3113 -0.2404
vn -0.5904 0.4331 0.6811
vn -0.9405 0.2153 0.2630
vn -0.2903 0.7768 0.5589
vn -0.2878 0.7824 0.5523
vn -0.2924 0.7717 0.5648
vn -0.0053 0.9993 0.0376
vn 0.0023 0.0008 -1.0000
vn -0.2865 0.7855 0.5486
vn -0.2878 0.7824 0.5522
vn -0.2902 0.7768 0.5589
vn -0.0716 0.9974 -0.0097
vn 0.6133 0.1408 0.7772
vn 0.6852 0.1674 0.7089
vn 0.6574 0.1570 0.7370
vn -0.7230 -0.0447 0.6894
vn -0.8451 0.2509 0.4721
vn -0.8524 0.0820 0.5164
vn -0.3712 -0.1032 -0.9228
vn -0.2846 -0.0878 -0.9546
vn -0.2446 -0.1354 -0.9601
vn -0.6417 -0.1494 0.7522
vn -0.7172 -0.1290 0.6848
vn -0.4944 -0.5242 0.6935
vn -0.5560 0.8282 0.0708
vn -0.6456 0.1940 0.7386
vn -0.0007 -0.3429 -0.9394
vn 0.0006 -0.3449 -0.9386
vn -0.0018 -0.3411 -0.9400
vn -0.9246 -0.2008 -0.3238
vn -0.9683 -0.0149 -0.2494
vn -0.9415 -0.1470 -0.3033
vn -0.6255 0.1947 -0.7556
vn 0.0037 -0.7652 -0.6437
vn 0.0033 -0.7695 -0.6387
vn -0.0032 -0.8244 -0.5660
vn 0.0030 0.9719 0.2353
vn 0.6198 0.5453 0.5643
vn 0.5964 0.7221 -0.3505
vn -0.0073 0.9986 0.0527
vn 0.7226 -0.6827 0.1083
vn 0.7067 -0.6988 0.1111
vn 0.7124 -0.6943 0.1027
vn 0.0855 -0.0133 0.9963
vn -0.5541 -0.0595 -0.8303
vn -0.0300 0.9486 -0.3152
vn -0.0406 0.4639 -0.8850
vn 0.0090 -0.9342 0.3566
vn 0.0439 -0.9818 0.1849
vn 0.0045 -0.9259 0.3778
vn -0.9720 0.0204 -0.2341
vn -0.6886 -0.1368 0.7121
vn -0.6760 -0.1054 0.7293
vn 0.5001 0.8656 -0.0263
vn 0.4560 0.8881 -0.0584
vn 0.5506 0.8346 0.0153
vn -0.3445 -0.4191 -0.8400
vn 0.6113 0.7895 0.0549
vn 0.6085 0.7917 0.0541
vn 0.7309 -0.6598 0.1743
vn -0.3018 -0.1100 0.9470
vn -0.4018 -0.0919 0.9111
vn -0.3376 -0.1050 0.9354
vn 0.5646 0.1233 0.8161
vn -0.0029 -0.3395 -0.9406
vn -0.2104 0.5531 0.8061
vn -0.3097 0.4266 0.8497
vn -0.3142 0.4705 0.8245
vn -0.3130 0.4578 0.8321
vn -0.6404 0.4582 0.6164
vn -0.3082 0.4131 0.8570
vn 0.0032 -0.7695 -0.6387
vn -0.0035 -0.8263 -0.5633
vn -0.0430 -0.4653 0.8841
vn -0.4459 -0.0958 0.8900
vn -0.2041 0.5108 0.8351
vn 0.9466 0.3224 0.0114
vn 0.9489 0.3156 0.0090
vn 0.9318 0.3626 0.0176
vn 0.9450 0.3261 -0.0235
vn -0.1516 0.6504 0.7444
vn -0.1609 0.5709 0.8051
vn 0.1668 0.9732 0.1584
vn -0.7633 0.3029 0.5706
vn -0.5587 0.8290 -0.0238
vn 0.2473 0.8898 -0.3836
vn 0.8747 0.2618 0.4079
vn -0.0086 0.9536 -0.3011
vn 0.7302 -0.6541 0.1972
vn -0.6553 -0.1687 0.7363
vn 0.7371 -0.0915 -0.6695
vn 0.9474 0.3187 -0.0307
vn -0.9168 -0.3838 0.1106
vn -0.2608 0.5098 0.8198
vn -0.6235 -0.2378 0.7447
vn -0.5050 -0.1962 0.8405
vn -0.4768 -0.2091 0.8538
vn -0.3783 0.0450 0.9246
vn -0.8684 0.0496 0.4934
vn -0.8784 -0.3872 0.2800
vn -0.2356 0.8588 0.4549
vn -0.0501 0.3683 0.9283
vn -0.1856 0.3903 0.9018
vn -0.2041 0.5107 0.8352
vn -0.2047 0.3598 0.9103
vn 0.7410 -0.6364 0.2142
vn 0.3450 -0.0635 -0.9364
vn -0.6513 0.0267 0.7584
vn 0.0437 0.8804 0.4722
vn -0.4358 -0.1142 -0.8928
vn -0.3725 0.0761 0.9249
vn 0.0336 0.5707 0.8205
vn -0.5953 -0.0805 0.7994
vn -0.2518 0.1984 0.9472
vn -0.4359 -0.1142 -0.8927
vn -0.5001 -0.1969 -0.8433
vn -0.9605 0.2725 -0.0559
vn -0.8050 -0.3011 0.5112
vn -0.4678 -0.2155 0.8572
vn 0.2553 -0.4474 0.8572
vn 0.1982 -0.4244 0.8835
vn 0.1561 -0.4064 0.9002
vn -0.0003 -0.0072 -1.0000
vn -0.3392 -0.2128 0.9163
vn 0.5874 -0.1355 -0.7979
vn -0.4314 0.6538 0.6217
vn -0.4501 0.3370 0.8269
vn -0.4710 0.3384 0.8146
vn -0.4163 0.3166 0.8523
vn -0.6392 -0.1413 0.7560
vn -0.5522 0.7892 0.2689
vn -0.4115 0.3245 0.8517
vn -0.7292 -0.1837 0.6592
vn -0.2354 0.9329 -0.2726
vn -0.0585 -0.7336 -0.6771
vn -0.1269 -0.7752 -0.6189
vn -0.1391 -0.7819 -0.6077
vn 0.1039 -0.9945 -0.0122
vn 0.1209 -0.9927 -0.0017
vn 0.0857 -0.9962 -0.0125
vn -0.9336 -0.1158 -0.3390
vn -0.2025 0.5000 0.8420
vn 0.0495 -0.9865 0.1562
vn 0.1575 -0.9726 -0.1709
vn 0.0701 -0.9513 0.3003
vn -0.2025 0.4999 0.8421
vn -0.3586 0.5683 0.7405
vn -0.4043 0.5374 0.7401
vn -0.3954 0.5436 0.7404
vn -0.9931 0.0986 0.0632
vn -0.9599 0.1963 0.2001
vn -0.9879 0.0623 0.1423
vn -0.7383 -0.2183 0.6382
vn -0.3848 0.2925 0.8754
vn -0.9300 0.1620 -0.3299
vn 0.1616 0.8258 -0.5403
vn -0.7826 0.3401 0.5214
vn -0.9722 0.2086 0.1060
vn -0.7996 0.2030 -0.5652
vn -0.2149 -0.8183 -0.5331
vn 0.1099 -0.3859 0.9160
vn -0.0425 0.4791 0.8767
vn -0.0973 -0.9936 -0.0577
vn -0.9595 -0.2802 0.0307
vn -0.9948 0.1021 0.0008
vn -0.9961 0.0724 -0.0497
vn -0.9961 0.0538 -0.0696
vn -0.1222 -0.9905 -0.0628
vn -0.9967 -0.0376 -0.0722
vn -0.9313 0.2139 0.2950
vn -0.9808 0.0740 0.1802
vn -0.7715 -0.0420 0.6348
vn -0.3474 0.5755 0.7403
vn -0.9018 -0.2622 -0.3435
vn -0.8998 -0.3232 -0.2931
vn -0.8962 -0.2576 -0.3613
vn 0.9327 0.1280 0.3371
vn 0.9894 0.0445 0.1383
vn 0.9820 0.0613 0.1784
vn -0.9058 0.3549 -0.2314
vn -0.9167 0.3520 -0.1889
vn -0.9094 0.3541 -0.2182
vn 0.8420 0.5231 -0.1320
vn 0.8317 0.5405 -0.1267
vn 0.7827 0.5909 -0.1953
vn 0.8086 0.5744 -0.1271
vn -0.3296 -0.9441 0.0065
vn -0.9192 0.3512 -0.1781
vn -0.9890 -0.0255 0.1456
vn -0.4967 -0.3885 -0.7761
vn -0.7691 -0.1045 0.6306
vn -0.3815 0.7396 0.5544
vn -0.3803 0.7400 0.5548
vn -0.3887 0.7375 0.5523
vn -0.8020 -0.0334 0.5965
vn -0.7715 -0.0419 0.6348
vn -0.9721 -0.2342 -0.0159
vn -0.9697 -0.2436 -0.0198
vn -0.9656 -0.2599 -0.0089
vn 0.9214 0.1389 0.3631
vn 0.9327 0.1280 0.3372
vn 0.9820 0.0613 0.1785
vn -0.4034 0.2821 0.8705
vn -0.2390 0.9523 -0.1896
vn -0.0754 0.6494 0.7567
vn -0.9883 -0.1504 -0.0257
vn 0.9915 0.0251 -0.1278
vn -0.9994 -0.0084 0.0333
vn -0.8501 0.2632 -0.4561
vn 0.4682 0.4206 -0.7771
vn -0.8227 -0.1409 0.5508
vn -0.1818 0.2592 -0.9486
vn 0.4352 -0.2403 0.8677
vn 0.0344 -0.1697 0.9849
vn -0.9967 -0.0520 -0.0622
vn -0.9924 -0.1229 -0.0054
vn -0.8985 0.4310 -0.0837
vn 0.9332 -0.2534 0.2546
vn -0.3767 0.7411 0.5558
vn -0.7583 -0.0270 0.6514
vn -0.7424 0.0286 0.6693
vn -0.6665 0.0915 0.7398
vn -0.5942 0.1527 0.7897
vn -0.9967 -0.0521 -0.0621
vn -0.9926 -0.1213 0.0084
vn -0.8876 -0.2166 -0.4065
vn -0.9018 -0.2621 -0.3436
vn -0.8496 -0.2648 -0.4562
vn -0.6084 0.4234 0.6713
vn -0.9947 -0.0979 0.0300
vn -0.9769 -0.1413 0.1602
vn -0.9934 -0.1100 0.0335
vn -0.0140 0.8845 -0.4664
vn -0.7972 0.5922 0.1174
vn -0.8099 0.5748 0.1169
vn -0.9296 0.3212 0.1810
vn -0.9985 -0.0443 -0.0307
vn -0.4559 0.4310 0.7787
vn -0.4614 0.4183 0.7824
vn -0.4737 0.3887 0.7902
vn -0.4373 -0.5020 0.7462
vn -0.9026 -0.2505 0.3500
vn -0.9184 -0.2155 0.3317
vn -0.8304 -0.3753 0.4117
vn -0.1203 0.3527 0.9280
vn -0.8056 -0.4098 0.4278
vn 0.8579 0.4897 -0.1557
vn -0.9950 -0.0968 -0.0260
vn -0.4519 0.4399 0.7760
vn 0.8639 0.4803 -0.1514
vn -0.4316 0.6479 -0.6276
vn -0.5949 0.0416 0.8027
vn -0.6213 0.7525 0.2185
vn -0.6202 0.7518 0.2239
vn -0.6189 0.7510 0.2302
vn 0.3037 -0.6648 0.6825
vn -0.9877 0.0354 -0.1521
vn -0.9870 0.0567 -0.1503
vn -0.9863 0.0710 -0.1490
vn -0.6239 -0.0479 0.7801
vn -0.9847 0.0936 -0.1470
vn -0.9296 0.3211 0.1810
vn -0.9323 0.3230 0.1630
vn -0.9400 0.2450 0.2376
vn -0.3254 -0.6417 0.6945
vn -0.9997 -0.0213 -0.0130
vn -0.6229 0.7534 0.2106
vn -0.8037 0.5950 -0.0072
vn -0.8183 0.5748 -0.0015
vn -0.7622 0.6469 -0.0221
vn 0.7780 -0.6228 -0.0823
vn 0.5380 -0.6111 0.5806
vn 0.8024 -0.0688 0.5928
vn 0.7463 0.6349 0.1997
vn 0.7756 0.6106 0.1599
vn 0.7161 0.6564 0.2373
vn -0.6561 0.2935 -0.6952
vn -0.6761 0.2912 -0.6768
vn -0.5977 0.2989 -0.7439
vn 0.5010 -0.5296 -0.6845
vn -0.2351 -0.1578 -0.9591
vn 0.0367 -0.9985 -0.0400
vn -0.0946 -0.9955 -0.0102
vn 0.0128 -0.9993 -0.0346
vn -0.1111 -0.9938 -0.0065
vn -0.4927 0.5179 -0.6993
vn 0.9939 -0.0869 -0.0678
vn 0.9615 -0.2712 -0.0445
vn 0.9884 -0.1386 -0.0615
vn 0.9577 -0.2845 -0.0427
vn -0.7500 0.3996 0.5271
vn -0.7959 0.3461 0.4968
vn -0.7819 0.3632 0.5067
vn 0.5270 -0.7937 0.3039
vn 0.2361 -0.7052 0.6685
vn -0.8733 0.4866 0.0219
vn 0.3860 -0.6771 -0.6265
vn -0.6829 0.5265 -0.5064
vn -0.4252 -0.4830 -0.7655
vn 0.6395 0.1647 0.7510
vn 0.7338 -0.6761 -0.0670
vn 0.7093 -0.7042 -0.0318
vn 0.7120 -0.7013 -0.0355
vn -0.8298 0.3010 0.4699
vn -0.0082 -0.3921 -0.9199
vn 0.0154 -0.4127 -0.9107
vn -0.1131 -0.2957 -0.9485
vn 0.6760 0.6804 0.2828
vn 0.1039 -0.4336 -0.8951
vn -0.0586 -0.9837 -0.1702
vn -0.4180 -0.9012 -0.1146
vn -0.3963 -0.9149 -0.0766
vn -0.3217 -0.9467 0.0174
vn 0.7505 0.4646 -0.4699
vn 0.3801 -0.4501 0.8081
vn 0.2830 -0.4283 0.8582
vn 0.2390 -0.4170 0.8769
vn -0.9655 -0.0196 -0.2598
vn -0.1267 -0.2826 -0.9508
vn -0.0083 -0.3921 -0.9199
vn -0.1132 -0.2957 -0.9486
vn -0.5708 0.3007 -0.7641
vn -0.5600 0.6933 0.4536
vn -0.6064 0.6790 0.4138
vn -0.5862 0.6719 0.4527
vn -0.3676 -0.9300 0.0049
vn -0.3585 -0.9335 0.0118
vn 0.0433 -0.1033 -0.9937
vn 0.1247 0.0058 -0.9922
vn 0.0616 -0.0791 -0.9950
vn -0.0276 -0.1958 -0.9802
vn -0.6349 0.6624 0.3977
vn 0.2389 -0.4170 0.8769
vn 0.1624 -0.3954 0.9040
vn -0.1173 0.0104 0.9930
vn -0.0729 -0.0160 0.9972
vn -0.0867 -0.0078 0.9962
vn 0.6822 -0.7311 0.0044
vn 0.0726 -0.1159 -0.9906
vn 0.0752 -0.1919 -0.9785
vn 0.0758 -0.2141 -0.9739
vn -0.6165 0.5902 -0.5212
vn -0.7017 0.5344 -0.4711
vn -0.6494 0.5701 -0.5032
vn -0.1333 0.0200 0.9909
vn -0.6080 0.6664 0.4315
vn -0.5294 0.6356 -0.5619
vn -0.7490 -0.6500 0.1281
vn -0.1483 0.1792 -0.9726
vn 0.0776 -0.2812 -0.9565
vn -0.7602 0.6121 -0.2176
vn -0.7715 0.6176 -0.1528
vn -0.7713 0.6175 -0.1542
vn -0.7780 0.6200 -0.1010
vn 0.5783 -0.4537 0.6780
vn -0.5310 -0.8466 -0.0359
vn -0.4142 -0.9101 -0.0117
vn -0.4353 -0.9002 -0.0160
vn -0.2637 -0.3799 0.8867
vn -0.1732 -0.3472 0.9216
vn -0.1795 -0.3496 0.9195
vn -0.5480 -0.8356 -0.0395
vn 0.5587 -0.6864 0.4655
vn -0.8191 0.5045 0.2732
vn -0.6786 -0.7170 0.1592
vn -0.5927 0.4553 0.6643
vn -0.6017 0.4314 0.6722
vn -0.6224 0.4049 0.6698
vn -0.7005 0.4299 -0.5697
vn -0.7014 0.4293 -0.5690
vn -0.7008 0.4297 -0.5694
vn -0.7004 0.4300 -0.5698
vn -0.7007 0.4298 -0.5695
vn -0.6995 0.4305 -0.5704
vn -0.4592 0.7095 0.5346
vn -0.5905 -0.7034 -0.3957
vn -0.5874 -0.6987 -0.4084
vn -0.5900 -0.7026 -0.3978
vn -0.5832 -0.6926 -0.4245
vn -0.8443 -0.1226 -0.5216
vn -0.8664 -0.2628 -0.4245
vn -0.8636 -0.2307 -0.4484
vn -0.0529 -0.2994 0.9526
vn -0.8382 -0.0989 -0.5363
vn -0.8443 -0.1225 -0.5217
vn -0.8635 -0.2306 -0.4485
vn 0.6585 -0.6932 -0.2930
vn 0.7355 -0.3839 -0.5583
vn 0.6535 0.7167 0.2436
vn 0.1174 0.0002 -0.9931
vn 0.1155 0.0387 -0.9926
vn 0.1173 0.0024 -0.9931
vn 0.2923 -0.2064 0.9338
vn -0.6039 0.4450 0.6612
vn 0.4486 0.8928 -0.0414
vn 0.4464 0.8899 0.0937
vn 0.4460 0.8891 0.1026
vn -0.2274 0.9646 -0.1338
vn 0.1173 0.0023 -0.9931
vn 0.1192 -0.0385 -0.9921
vn 0.8152 -0.4243 0.3944
vn -0.5599 0.5230 0.6427
vn -0.5927 0.4554 0.6643
vn -0.6040 0.4450 0.6612
vn -0.4351 0.5651 -0.7009
vn -0.5040 0.5153 -0.6931
vn -0.4458 0.5578 -0.7001
vn 0.3800 -0.8094 -0.4476
vn 0.3596 -0.8759 -0.3218
vn 0.3608 -0.8730 -0.3283
vn 0.8862 0.4377 -0.1518
vn 0.4382 0.8749 0.2063
vn 0.4460 0.8891 0.1027
vn 0.3398 -0.9133 -0.2247
vn 0.8568 -0.2713 0.4385
vn 0.5428 0.3779 0.7501
vn -0.8745 0.4386 0.2068
vn -0.9255 0.2705 0.2650
vn -0.9220 0.2870 0.2598
vn -0.8610 0.4699 0.1946
vn 0.7750 -0.5922 -0.2204
vn 0.9005 -0.0765 -0.4281
vn 0.6482 0.6866 -0.3291
vn -0.3508 0.6180 -0.7035
vn -0.1817 -0.3349 -0.9246
vn 0.3203 0.1040 0.9416
vn 0.2858 0.1279 0.9497
vn 0.2415 0.2335 0.9419
vn -0.4760 -0.3073 -0.8240
vn 0.1945 -0.4129 -0.8898
vn 0.3519 -0.2858 -0.8913
vn 0.2882 -0.3401 -0.8951
vn -0.2334 0.7652 0.6000
vn -0.2132 0.7813 0.5866
vn -0.2786 0.7576 0.5903
vn 0.5421 -0.4230 0.7261
vn 0.0771 0.9970 -0.0084
vn 0.4215 0.5823 -0.6952
vn 0.7186 0.4100 -0.5618
vn 0.2857 0.1279 0.9497
vn 0.2592 0.2742 0.9261
vn 0.2415 0.2336 0.9419
vn 0.1944 -0.4130 -0.8898
vn 0.1588 -0.4386 -0.8845
vn -0.3130 0.7845 0.5353
vn -0.2335 0.7652 0.6000
vn 0.3250 -0.9371 -0.1270
vn 0.3242 -0.9402 -0.1047
vn 0.3396 -0.9380 -0.0699
vn 0.4659 -0.6576 0.5920
vn 0.5353 -0.6242 0.5691
vn 0.5294 -0.6461 0.5498
vn -0.6560 0.7459 -0.1157
vn -0.7139 0.6826 -0.1559
vn -0.6463 0.7601 -0.0678
vn 0.0442 -0.8898 -0.4541
vn 0.0532 -0.8782 -0.4753
vn 0.0366 -0.8573 -0.5134
vn 0.4811 -0.1739 0.8592
vn 0.4256 -0.2271 0.8759
vn 0.5107 -0.1438 0.8476
vn -0.6009 0.7923 0.1058
vn 0.3461 -0.9369 -0.0494
vn -0.7140 0.6826 -0.1559
vn -0.7498 0.5447 -0.3757
vn -0.1449 -0.6878 -0.7113
vn -0.1080 -0.7068 -0.6991
vn -0.2439 -0.6197 -0.7460
vn -0.3770 0.7707 0.5137
vn 0.5641 -0.0861 0.8212
vn 0.3313 0.3135 0.8899
vn 0.5621 -0.5622 0.6066
vn 0.5333 -0.5903 0.6060
vn -0.7050 0.2858 -0.6491
vn -0.7347 0.3116 -0.6026
vn -0.6966 0.2387 -0.6765
vn -0.5748 0.8121 0.1001
vn -0.4815 -0.3013 -0.8230
vn -0.2440 -0.6196 -0.7460
vn -0.2786 -0.5909 -0.7571
vn -0.1449 -0.6877 -0.7113
vn 0.5395 -0.6292 0.5594
vn 0.3314 0.3135 0.8899
vn 0.2593 0.2742 0.9261
vn 0.3761 0.2987 0.8771
vn -0.6906 0.0856 -0.7182
vn -0.3535 0.7993 0.4860
vn -0.3810 0.7939 0.4738
vn -0.0410 -0.8255 -0.5629
vn 0.3430 -0.9368 -0.0695
vn -0.7442 0.6204 -0.2476
vn -0.7416 0.6009 -0.2981
vn 0.0874 0.1313 0.9875
vn -0.7253 -0.2642 -0.6357
vn -0.5677 -0.2595 -0.7812
vn -0.7225 -0.2825 -0.6310
vn -0.1620 -0.2693 0.9493
vn -0.1253 -0.1855 0.9746
vn -0.1734 -0.2956 0.9395
vn -0.7226 -0.2825 -0.6309
vn -0.8152 -0.2480 -0.5234
vn -0.7255 -0.2642 -0.6355
vn -0.1133 -0.1583 0.9809
vn 0.5678 -0.5845 0.5797
vn 0.0097 -0.6718 0.7407
vn -0.5138 -0.2416 -0.8232
vn 0.4131 0.1630 0.8960
vn -0.6006 -0.5174 -0.6096
vn 0.3410 -0.9371 -0.0742
vn 0.0636 -0.5804 0.8118
vn 0.0737 -0.5702 0.8182
vn 0.0971 -0.5334 0.8403
vn -0.9504 -0.1085 -0.2914
vn 0.0606 -0.5253 0.8487
vn 0.4985 0.8279 -0.2570
vn -0.5464 0.5584 0.6243
vn 0.7200 0.4198 -0.5526
vn -0.6541 -0.4929 0.5738
vn -0.4213 -0.5502 0.7210
vn -0.7346 0.3116 -0.6027
vn -0.6864 0.0117 -0.7271
vn -0.2484 -0.6280 -0.7375
vn -0.2258 -0.4739 0.8512
vn -0.7559 0.2689 0.5969
vn -0.8022 0.0747 0.5923
vn -0.8000 0.0889 0.5934
vn 0.3322 -0.9407 -0.0681
vn 0.0542 -0.5243 0.8498
vn -0.7423 -0.6121 0.2726
vn 0.6226 0.7484 0.2284
vn -0.0417 -0.9986 -0.0317
vn -0.5940 -0.7118 0.3747
vn -0.7414 0.3112 0.5946
vn -0.6841 -0.0244 -0.7290
vn -0.0469 -0.8451 -0.5325
vn -0.6472 -0.6727 0.3586
vn -0.0203 -0.8636 -0.5038
vn -0.0894 -0.4258 0.9004
vn -0.8064 -0.2939 0.5132
vn -0.2472 0.4454 0.8605
vn -0.2439 -0.6196 -0.7460
vn -0.2412 -0.6517 -0.7191
vn -0.0606 0.8066 0.5879
vn -0.0672 0.7905 0.6088
vn -0.1024 0.7773 0.6207
vn -0.9765 -0.1935 0.0951
vn -0.9833 -0.1569 0.0925
vn -0.9654 -0.2416 0.0983
vn 0.3439 -0.7233 0.5988
vn 0.8119 0.2875 0.5081
vn -0.1725 -0.8879 -0.4265
vn -0.1690 -0.8867 -0.4304
vn -0.1722 -0.8877 -0.4269
vn -0.9615 -0.2564 0.0993
vn -0.0335 -0.6780 -0.7343
vn 0.8616 -0.5068 -0.0302
vn -0.6735 -0.0087 -0.7392
vn 0.9982 -0.0235 0.0558
vn 0.6835 0.3576 0.6363
vn 0.8190 -0.5222 0.2376
vn -0.7603 -0.5358 0.3672
vn 0.7962 0.5089 -0.3272
vn 0.1185 0.5546 0.8236
vn -0.1754 -0.8888 -0.4234
vn -0.0539 0.7708 0.6348
vn -0.1040 0.6897 -0.7166
vn -0.6009 0.7676 -0.2228
vn 0.6357 -0.6850 -0.3558
vn -0.8092 0.5621 -0.1709
vn -0.1033 -0.9200 -0.3780
vn -0.1002 -0.9214 -0.3755
vn -0.0951 -0.9236 -0.3713
vn -0.5330 0.7892 -0.3052
vn -0.3549 0.1806 0.9173
vn -0.6088 0.7922 0.0427
vn 0.1688 -0.8392 -0.5170
vn 0.5232 -0.6284 -0.5757
vn 0.5011 -0.8636 -0.0549
vn -0.0229 0.7712 0.6361
vn -0.0921 -0.9249 -0.3688
vn -0.9826 -0.1330 -0.1300
vn 0.0764 -0.8820 0.4649
vn 0.6288 -0.5530 0.5465
vn -0.3034 0.5418 0.7838
vn -0.2642 0.6051 0.7511
vn -0.3199 0.5112 0.7977
vn -0.3689 0.1064 -0.9234
vn -0.1525 0.0705 -0.9858
vn -0.3597 0.1014 -0.9276
vn -0.3445 0.4594 0.8187
vn -0.3459 0.4588 0.8185
vn 0.1604 -0.9596 0.2311
vn 0.1767 -0.9496 0.2590
vn 0.1682 -0.9549 0.2445
vn 0.1364 -0.7217 0.6786
vn -0.6212 0.4858 -0.6149
vn 0.1517 -0.9644 0.2164
vn -0.2761 0.0837 -0.9575
vn 0.6529 -0.0861 0.7525
vn 0.0330 -0.0802 -0.9962
vn -0.0037 -0.0374 -0.9993
vn 0.7000 -0.6988 0.1473
vn 0.8599 -0.4803 0.1731
vn 0.8315 -0.5397 0.1314
vn 0.8132 -0.5719 0.1074
vn -0.9933 0.0828 0.0805
vn -0.9284 0.0007 -0.3716
vn -0.5552 -0.2580 -0.7907
vn -0.8520 0.5221 -0.0387
vn -0.8690 0.4934 -0.0366
vn -0.7866 0.6158 -0.0457
vn 0.7113 -0.5420 -0.4475
vn -0.7222 -0.6356 0.2729
vn 0.8790 -0.4300 0.2060
vn 0.8316 -0.5397 0.1314
vn 0.8599 -0.4802 0.1731
vn -0.9380 0.2332 0.2567
vn -0.9466 0.2040 0.2499
vn -0.9476 0.2002 0.2490
vn -0.7711 0.6349 -0.0472
vn -0.8016 0.4516 -0.3917
vn -0.9115 0.3968 0.1084
vn 0.6513 -0.7487 0.1232
vn 0.4403 -0.0581 0.8959
vn 0.6307 -0.4082 0.6600
vn -0.8383 0.1824 -0.5138
vn 0.5327 -0.7073 0.4648
vn -0.9932 -0.0222 -0.1146
vn -0.9928 -0.0231 -0.1179
vn -0.9938 -0.0205 -0.1090
vn 0.9745 -0.1929 -0.1150
vn -0.9944 -0.0190 -0.1039
vn -0.9542 0.1748 0.2429
vt 0.008554 0.764495
vt 0.014600 0.750392
vt 0.019707 0.762682
vt 0.766927 0.169862
vt 0.768617 0.213902
vt 0.736300 0.194496
vt 0.385508 0.907473
vt 0.400993 0.909700
vt 0.371955 0.919167
vt 0.478081 0.617773
vt 0.493967 0.586702
vt 0.482969 0.613689
vt 0.379269 0.586993
vt 0.355689 0.584741
vt 0.359068 0.546862
vt 0.364979 0.604596
vt 0.334362 0.579063
vt 0.345347 0.604582
vt 0.327890 0.601559
vt 0.326479 0.594565
vt 0.411241 0.326434
vt 0.415378 0.319213
vt 0.438074 0.327122
vt 0.434352 0.317579
vt 0.422312 0.339678
vt 0.363373 0.636387
vt 0.263034 0.601311
vt 0.331404 0.616136
vt 0.337450 0.632629
vt 0.441293 0.317205
vt 0.422819 0.281213
vt 0.445445 0.354037
vt 0.295511 0.623276
vt 0.469884 0.312369
vt 0.175137 0.611572
vt 0.212138 0.617345
vt 0.224610 0.644898
vt 0.201485 0.664862
vt 0.250708 0.651212
vt 0.215312 0.611174
vt 0.226801 0.603198
vt 0.266516 0.638393
vt 0.319015 0.673984
vt 0.473695 0.345328
vt 0.427622 0.366382
vt 0.447372 0.369701
vt 0.465532 0.371339
vt 0.437049 0.384074
vt 0.293001 0.657488
vt 0.476593 0.406466
vt 0.498060 0.305332
vt 0.504945 0.318591
vt 0.521893 0.282559
vt 0.216472 0.677343
vt 0.503574 0.350124
vt 0.519395 0.314559
vt 0.486131 0.359181
vt 0.190156 0.693030
vt 0.488353 0.393082
vt 0.258308 0.669871
vt 0.318374 0.693319
vt 0.339097 0.664610
vt 0.338985 0.687160
vt 0.289058 0.684977
vt 0.250666 0.696611
vt 0.227427 0.711876
vt 0.454442 0.431098
vt 0.326374 0.744012
vt 0.520757 0.359630
vt 0.547378 0.345417
vt 0.504432 0.394583
vt 0.343080 0.726656
vt 0.294006 0.724640
vt 0.268601 0.692991
vt 0.485690 0.470251
vt 0.499170 0.462993
vt 0.251170 0.717682
vt 0.237978 0.739539
vt 0.541461 0.388275
vt 0.270403 0.727956
vt 0.517024 0.437178
vt 0.555705 0.373365
vt 0.374842 0.793049
vt 0.547962 0.433261
vt 0.289850 0.759214
vt 0.469660 0.500834
vt 0.519344 0.467996
vt 0.493624 0.516262
vt 0.324905 0.777067
vt 0.495125 0.525243
vt 0.462272 0.523789
vt 0.472140 0.511562
vt 0.537734 0.455762
vt 0.363726 0.812261
vt 0.480357 0.535034
vt 0.469323 0.561345
vt 0.447153 0.509648
vt 0.294134 0.793881
vt 0.585650 0.428627
vt 0.483244 0.567192
vt 0.258805 0.798688
vt 0.348794 0.828585
vt 0.528042 0.501814
vt 0.448428 0.569893
vt 0.184760 0.591956
vt 0.164688 0.608955
vt 0.178354 0.558966
vt 0.310985 0.798716
vt 0.187799 0.594282
vt 0.324255 0.808978
vt 0.488795 0.568559
vt 0.348833 0.840301
vt 0.574246 0.480639
vt 0.297653 0.818845
vt 0.466257 0.594276
vt 0.526183 0.530559
vt 0.194087 0.575737
vt 0.511841 0.620133
vt 0.554763 0.494822
vt 0.187997 0.552335
vt 0.206309 0.571133
vt 0.536499 0.582483
vt 0.514384 0.594802
vt 0.463872 0.601759
vt 0.316494 0.837198
vt 0.146478 0.547471
vt 0.534170 0.559659
vt 0.282046 0.848978
vt 0.152767 0.543693
vt 0.185283 0.544798
vt 0.548480 0.519730
vt 0.596965 0.479739
vt 0.171156 0.528150
vt 0.175998 0.511991
vt 0.190987 0.525961
vt 0.200899 0.540622
vt 0.540925 0.642974
vt 0.496411 0.705139
vt 0.300010 0.864012
vt 0.577404 0.512392
vt 0.558805 0.550872
vt 0.544720 0.678225
vt 0.554590 0.605336
vt 0.262738 0.575499
vt 0.243862 0.555711
vt 0.203602 0.456562
vt 0.498430 0.680155
vt 0.202101 0.425684
vt 0.563495 0.635727
vt 0.288751 0.582898
vt 0.272780 0.590879
vt 0.193635 0.399562
vt 0.212188 0.533984
vt 0.535928 0.702296
vt 0.212135 0.484530
vt 0.581130 0.604091
vt 0.275532 0.547283
vt 0.583424 0.526077
vt 0.610566 0.531058
vt 0.237734 0.533990
vt 0.594712 0.580280
vt 0.586938 0.542354
vt 0.251024 0.489491
vt 0.215093 0.419721
vt 0.214345 0.457670
vt 0.563846 0.674101
vt 0.234504 0.487059
vt 0.577347 0.698390
vt 0.251807 0.465836
vt 0.284509 0.495153
vt 0.621000 0.644261
vt 0.205100 0.391653
vt 0.603192 0.663706
vt 0.529312 0.722326
vt 0.232629 0.423979
vt 0.625977 0.589182
vt 0.316360 0.492663
vt 0.237183 0.412060
vt 0.270329 0.447530
vt 0.199964 0.377756
vt 0.600549 0.681963
vt 0.272303 0.438288
vt 0.189450 0.361754
vt 0.224223 0.296126
vt 0.219213 0.353642
vt 0.581874 0.342191
vt 0.600338 0.351246
vt 0.576481 0.358062
vt 0.392743 0.887453
vt 0.393071 0.901871
vt 0.601002 0.360753
vt 0.615119 0.365038
vt 0.781406 0.742149
vt 0.722111 0.746264
vt 0.766690 0.707542
vt 0.629120 0.055531
vt 0.648329 0.041056
vt 0.631868 0.097636
vt 0.787624 0.697856
vt 0.607543 0.094681
vt 0.583682 0.117887
vt 0.745831 0.696583
vt 0.608976 0.032985
vt 0.614735 0.072310
vt 0.744083 0.674516
vt 0.749148 0.687903
vt 0.669082 0.681029
vt 0.579503 0.110169
vt 0.728116 0.667082
vt 0.690763 0.672944
vt 0.659232 0.741618
vt 0.667599 0.706878
vt 0.790275 0.688717
vt 0.699167 0.648420
vt 0.728210 0.647354
vt 0.583528 0.058900
vt 0.586414 0.035792
vt 0.653420 0.693688
vt 0.586696 0.090122
vt 0.646222 0.709222
vt 0.786421 0.643465
vt 0.738567 0.642915
vt 0.756461 0.641394
vt 0.543234 0.108202
vt 0.689208 0.639953
vt 0.574376 0.031092
vt 0.770148 0.630159
vt 0.722788 0.631610
vt 0.557823 0.082907
vt 0.548252 0.066911
vt 0.638635 0.662327
vt 0.758189 0.619217
vt 0.731745 0.610083
vt 0.693598 0.606512
vt 0.675548 0.621346
vt 0.767859 0.594310
vt 0.552176 0.127566
vt 0.526039 0.093877
vt 0.745549 0.607875
vt 0.654188 0.634960
vt 0.517038 0.135431
vt 0.754720 0.573471
vt 0.509206 0.094093
vt 0.540117 0.038456
vt 0.540174 0.066380
vt 0.659063 0.625675
vt 0.746310 0.583847
vt 0.687080 0.579877
vt 0.721786 0.579924
vt 0.659199 0.582482
vt 0.466164 0.140998
vt 0.463782 0.174762
vt 0.761573 0.527517
vt 0.518042 0.058062
vt 0.461050 0.134478
vt 0.533298 0.030233
vt 0.643344 0.582860
vt 0.487061 0.091341
vt 0.501076 0.044446
vt 0.485581 0.062993
vt 0.651697 0.523791
vt 0.707459 0.534025
vt 0.744831 0.510329
vt 0.631799 0.522583
vt 0.449054 0.196834
vt 0.440759 0.160059
vt 0.412506 0.114067
vt 0.400571 0.139341
vt 0.684190 0.513848
vt 0.624329 0.567291
vt 0.760106 0.458858
vt 0.775495 0.481145
vt 0.749936 0.480622
vt 0.413148 0.082334
vt 0.706187 0.471602
vt 0.408164 0.169653
vt 0.645261 0.503554
vt 0.628170 0.514014
vt 0.388459 0.140940
vt 0.674034 0.459503
vt 0.729013 0.464703
vt 0.392201 0.124421
vt 0.405951 0.108475
vt 0.645529 0.470050
vt 0.639408 0.474847
vt 0.437651 0.045367
vt 0.756166 0.440023
vt 0.785191 0.433686
vt 0.365906 0.159249
vt 0.348800 0.136572
vt 0.762684 0.428721
vt 0.360217 0.118772
vt 0.350189 0.151071
vt 0.375566 0.130944
vt 0.393483 0.063016
vt 0.402299 0.082725
vt 0.294872 0.934686
vt 0.328920 0.960392
vt 0.303744 0.988948
vt 0.717621 0.441143
vt 0.614415 0.465687
vt 0.352520 0.131943
vt 0.344108 0.153085
vt 0.324922 0.979646
vt 0.653078 0.432903
vt 0.634921 0.441119
vt 0.784694 0.352160
vt 0.786734 0.400865
vt 0.742979 0.400644
vt 0.360894 0.087459
vt 0.702454 0.430484
vt 0.272471 0.946631
vt 0.297050 0.995000
vt 0.261038 0.947926
vt 0.616298 0.434326
vt 0.362670 0.071064
vt 0.719120 0.418455
vt 0.342917 0.088167
vt 0.668614 0.415034
vt 0.631731 0.402397
vt 0.353564 0.059963
vt 0.707233 0.401548
vt 0.361157 0.947429
vt 0.373505 0.955569
vt 0.334984 0.089499
vt 0.789615 0.316146
vt 0.746448 0.351202
vt 0.663903 0.399489
vt 0.331878 0.023712
vt 0.345400 0.936786
vt 0.299923 0.901061
vt 0.423144 0.965670
vt 0.403828 0.942906
vt 0.242148 0.922981
vt 0.284584 0.906993
vt 0.723423 0.350681
vt 0.318278 0.872310
vt 0.609823 0.390673
vt 0.811966 0.275422
vt 0.748032 0.314247
vt 0.768687 0.291591
vt 0.642868 0.330295
vt 0.250435 0.900989
vt 0.234821 0.368087
vt 0.239773 0.318557
vt 0.248825 0.339416
vt 0.257932 0.350368
vt 0.280973 0.361783
vt 0.244756 0.367394
vt 0.597861 0.338675
vt 0.167153 0.730530
vt 0.203013 0.740407
vt 0.190852 0.752785
vt 0.697288 0.344743
vt 0.198866 0.700815
vt 0.297324 0.455404
vt 0.608598 0.344788
vt 0.599143 0.323985
vt 0.587795 0.366152
vt 0.342490 0.905404
vt 0.622909 0.324857
vt 0.279592 0.343823
vt 0.255594 0.332523
vt 0.271711 0.290345
vt 0.238292 0.275988
vt 0.569268 0.320901
vt 0.326595 0.870318
vt 0.072210 0.272644
vt 0.077450 0.298676
vt 0.056936 0.311172
vt 0.666004 0.303664
vt 0.377120 0.900714
vt 0.274735 0.381374
vt 0.638216 0.622308
vt 0.297271 0.361742
vt 0.235681 0.263848
vt 0.315348 0.451899
vt 0.730306 0.305443
vt 0.221033 0.784829
vt 0.609248 0.317622
vt 0.372066 0.865355
vt 0.035686 0.314400
vt 0.017732 0.309174
vt 0.021979 0.297631
vt 0.595707 0.294507
vt 0.217889 0.389746
vt 0.279845 0.390549
vt 0.042363 0.353710
vt 0.234659 0.763806
vt 0.562994 0.289500
vt 0.655704 0.624882
vt 0.700527 0.297165
vt 0.713350 0.294280
vt 0.695904 0.308398
vt 0.269716 0.272304
vt 0.622483 0.658031
vt 0.319712 0.421430
vt 0.859643 0.507703
vt 0.860602 0.521453
vt 0.831832 0.489174
vt 0.136013 0.497293
vt 0.127954 0.480923
vt 0.137202 0.474050
vt 0.104859 0.472511
vt 0.072113 0.803091
vt 0.091948 0.794812
vt 0.092957 0.804200
vt 0.613471 0.813208
vt 0.609680 0.827770
vt 0.605623 0.805960
vt 0.587152 0.851717
vt 0.596963 0.882287
vt 0.588558 0.879196
vt 0.616512 0.889308
vt 0.575641 0.897183
vt 0.624383 0.877563
vt 0.589773 0.834585
vt 0.568871 0.824074
vt 0.617936 0.926913
vt 0.636164 0.887259
vt 0.626880 0.843060
vt 0.631186 0.808784
vt 0.040576 0.823903
vt 0.056243 0.816140
vt 0.064744 0.824301
vt 0.056101 0.835254
vt 0.056209 0.803282
vt 0.061846 0.793586
vt 0.953686 0.273800
vt 0.953017 0.273573
vt 0.953100 0.272749
vt 0.952925 0.273486
vt 0.952380 0.273711
vt 0.636695 0.890617
vt 0.940553 0.268270
vt 0.943807 0.303294
vt 0.130795 0.457142
vt 0.648104 0.832925
vt 0.688796 0.878034
vt 0.966174 0.305596
vt 0.165424 0.468502
vt 0.921500 0.297311
vt 0.632444 0.774045
vt 0.087925 0.836094
vt 0.639115 0.802088
vt 0.661144 0.817252
vt 0.085038 0.777160
vt 0.109510 0.436389
vt 0.070765 0.862870
vt 0.145265 0.445849
vt 0.918499 0.305229
vt 0.935664 0.318187
vt 0.974203 0.318468
vt 0.991568 0.289937
vt 0.995000 0.296920
vt 0.118876 0.431812
vt 0.172558 0.443369
vt 0.180180 0.469109
vt 0.946606 0.323521
vt 0.156774 0.437122
vt 0.984918 0.326605
vt 0.633175 0.728955
vt 0.140451 0.422751
vt 0.915939 0.314464
vt 0.112392 0.425181
vt 0.976294 0.338597
vt 0.144727 0.415225
vt 0.179707 0.429343
vt 0.923800 0.361396
vt 0.129385 0.409684
vt 0.904472 0.352425
vt 0.163118 0.415423
vt 0.106974 0.392290
vt 0.955480 0.339164
vt 0.950777 0.370322
vt 0.893744 0.341082
vt 0.178560 0.403333
vt 0.151666 0.378255
vt 0.135413 0.384107
vt 0.120518 0.381538
vt 0.171965 0.369644
vt 0.875431 0.399200
vt 0.930516 0.391884
vt 0.904988 0.400113
vt 0.966272 0.371267
vt 0.981126 0.365622
vt 0.148750 0.336828
vt 0.130269 0.331181
vt 0.097077 0.344448
vt 0.940306 0.429606
vt 0.187261 0.339117
vt 0.924480 0.415018
vt 0.964009 0.429223
vt 0.884505 0.415216
vt 0.912717 0.421583
vt 0.870602 0.409367
vt 0.170266 0.324202
vt 0.917101 0.439983
vt 0.097988 0.331003
vt 0.162987 0.321373
vt 0.886168 0.432419
vt 0.972256 0.439127
vt 0.130025 0.320444
vt 0.949826 0.437436
vt 0.179269 0.298578
vt 0.853842 0.415419
vt 0.892053 0.446243
vt 0.113097 0.316143
vt 0.856529 0.436388
vt 0.155221 0.295402
vt 0.864583 0.456727
vt 0.976501 0.461564
vt 0.966594 0.479465
vt 0.942120 0.465615
vt 0.892276 0.473190
vt 0.909292 0.465103
vt 0.823737 0.407852
vt 0.837494 0.428042
vt 0.869713 0.494722
vt 0.933594 0.488117
vt 0.846428 0.477384
vt 0.808200 0.410709
vt 0.891331 0.504085
vt 0.841257 0.453375
vt 0.806059 0.430924
vt 0.813617 0.444163
vt 0.908002 0.496731
vt 0.962376 0.499329
vt 0.773099 0.454041
vt 0.935221 0.496929
vt 0.886031 0.526289
vt 0.835206 0.517328
vt 0.829256 0.559507
vt 0.847139 0.570462
vt 0.825822 0.497730
vt 0.905703 0.539685
vt 0.817620 0.548040
vt 0.879071 0.538071
vt 0.808985 0.474591
vt 0.891643 0.551684
vt 0.796329 0.473843
vt 0.802239 0.490479
vt 0.934238 0.543690
vt 0.801970 0.540279
vt 0.977199 0.556047
vt 0.869738 0.580346
vt 0.804857 0.499195
vt 0.911840 0.550916
vt 0.977834 0.566729
vt 0.776407 0.465577
vt 0.812425 0.583653
vt 0.947381 0.559294
vt 0.694688 0.051933
vt 0.650900 0.038565
vt 0.645308 0.026610
vt 0.684373 0.068331
vt 0.689031 0.063956
vt 0.871988 0.596395
vt 0.974624 0.569419
vt 0.984754 0.583485
vt 0.953933 0.571904
vt 0.848740 0.593117
vt 0.986452 0.598990
vt 0.892451 0.581857
vt 0.923774 0.567501
vt 0.455169 0.447308
vt 0.429168 0.449893
vt 0.440590 0.416024
vt 0.758450 0.512862
vt 0.409923 0.388568
vt 0.417849 0.401305
vt 0.403970 0.411233
vt 0.775633 0.517613
vt 0.438829 0.460811
vt 0.402801 0.352385
vt 0.384948 0.353659
vt 0.421147 0.415086
vt 0.435891 0.415866
vt 0.782638 0.551200
vt 0.651305 0.005000
vt 0.248061 0.863495
vt 0.267850 0.869691
vt 0.251462 0.880610
vt 0.811920 0.614504
vt 0.417929 0.447707
vt 0.435893 0.492942
vt 0.786444 0.573383
vt 0.333898 0.388870
vt 0.316450 0.392471
vt 0.341542 0.359685
vt 0.373048 0.391597
vt 0.863362 0.607611
vt 0.389094 0.376573
vt 0.396793 0.445243
vt 0.920228 0.585248
vt 0.711498 0.092926
vt 0.694589 0.020857
vt 0.711161 0.107254
vt 0.407490 0.452937
vt 0.315802 0.359465
vt 0.278821 0.405079
vt 0.384757 0.862321
vt 0.067666 0.330059
vt 0.052149 0.346722
vt 0.294168 0.275976
vt 0.306538 0.310365
vt 0.013468 0.339886
vt 0.020447 0.345413
vt 0.239453 0.847104
vt 0.225092 0.851227
vt 0.363984 0.858358
vt 0.147263 0.758566
vt 0.232094 0.382743
vt 0.224156 0.893132
vt 0.715643 0.237533
vt 0.694654 0.228735
vt 0.722753 0.208926
vt 0.718487 0.180093
vt 0.736172 0.130942
vt 0.624422 0.271297
vt 0.736147 0.216493
vt 0.363874 0.334199
vt 0.346885 0.382712
vt 0.180993 0.798332
vt 0.210207 0.792549
vt 0.241574 0.379084
vt 0.354330 0.839046
vt 0.221156 0.799918
vt 0.358005 0.430155
vt 0.261615 0.237241
vt 0.134538 0.751274
vt 0.429955 0.516119
vt 0.434510 0.554259
vt 0.407361 0.492553
vt 0.724909 0.120572
vt 0.210984 0.853117
vt 0.383973 0.844879
vt 0.722497 0.068862
vt 0.328611 0.293055
vt 0.726612 0.037858
vt 0.235813 0.180874
vt 0.247592 0.140522
vt 0.250869 0.148976
vt 0.244713 0.185485
vt 0.608675 0.281150
vt 0.650423 0.279974
vt 0.564784 0.266649
vt 0.332799 0.313789
vt 0.237614 0.229924
vt 0.198757 0.829314
vt 0.783902 0.189841
vt 0.043857 0.205277
vt 0.044035 0.225854
vt 0.020490 0.225028
vt 0.226698 0.825322
vt 0.368231 0.311963
vt 0.447071 0.590075
vt 0.414551 0.564528
vt 0.351209 0.317655
vt 0.382891 0.512544
vt 0.772117 0.246899
vt 0.790381 0.233826
vt 0.021417 0.390440
vt 0.195746 0.864332
vt 0.797806 0.213521
vt 0.582799 0.258907
vt 0.766651 0.121678
vt 0.745379 0.111159
vt 0.393031 0.315873
vt 0.389769 0.476112
vt 0.395919 0.501311
vt 0.315781 0.238489
vt 0.295234 0.231813
vt 0.276738 0.098842
vt 0.275194 0.146558
vt 0.147382 0.791217
vt 0.225129 0.039706
vt 0.236518 0.076412
vt 0.206490 0.065548
vt 0.264746 0.039176
vt 0.255511 0.069962
vt 0.215304 0.085109
vt 0.219502 0.009489
vt 0.275764 0.091571
vt 0.180766 0.054579
vt 0.180146 0.113792
vt 0.165574 0.038549
vt 0.236046 0.115807
vt 0.173381 0.662469
vt 0.135863 0.658999
vt 0.143686 0.623440
vt 0.183223 0.005986
vt 0.172881 0.063309
vt 0.166108 0.077898
vt 0.128562 0.685990
vt 0.162569 0.716092
vt 0.165024 0.091418
vt 0.153175 0.069716
vt 0.160972 0.605552
vt 0.172261 0.566444
vt 0.144414 0.591811
vt 0.107928 0.721967
vt 0.135428 0.746681
vt 0.132770 0.621451
vt 0.215678 0.141454
vt 0.118524 0.568909
vt 0.158432 0.112829
vt 0.148195 0.015016
vt 0.101632 0.618191
vt 0.142058 0.064486
vt 0.106677 0.592836
vt 0.239131 0.159072
vt 0.109152 0.660762
vt 0.181463 0.149062
vt 0.141618 0.092290
vt 0.169177 0.148222
vt 0.089482 0.703287
vt 0.092107 0.753113
vt 0.148833 0.137611
vt 0.131428 0.094932
vt 0.117466 0.040667
vt 0.062281 0.707313
vt 0.115603 0.058432
vt 0.084331 0.675976
vt 0.014454 0.408320
vt 0.024674 0.394388
vt 0.025746 0.406373
vt 0.053564 0.219504
vt 0.187075 0.819435
vt 0.204812 0.914486
vt 0.049383 0.206696
vt 0.339736 0.394262
vt 0.210730 0.170413
vt 0.138517 0.131721
vt 0.131766 0.107373
vt 0.814758 0.178393
vt 0.311420 0.224839
vt 0.050730 0.380598
vt 0.186523 0.837197
vt 0.750676 0.034279
vt 0.014917 0.217826
vt 0.025389 0.190583
vt 0.015227 0.195233
vt 0.125462 0.783145
vt 0.190056 0.886368
vt 0.045770 0.742043
vt 0.038994 0.197080
vt 0.090662 0.642371
vt 0.028479 0.399309
vt 0.203700 0.929063
vt 0.600545 0.254668
vt 0.033833 0.190214
vt 0.023107 0.190129
vt 0.077683 0.370382
vt 0.153073 0.802067
vt 0.192827 0.178201
vt 0.063936 0.573412
vt 0.071924 0.663577
vt 0.403621 0.612437
vt 0.765592 0.256336
vt 0.031629 0.399029
vt 0.148680 0.175657
vt 0.622408 0.243153
vt 0.130760 0.790521
vt 0.383352 0.547565
vt 0.067908 0.647085
vt 0.097283 0.057415
vt 0.396147 0.577073
vt 0.759938 0.041948
vt 0.343501 0.261933
vt 0.218864 0.197812
vt 0.387268 0.575112
vt 0.366192 0.282512
vt 0.383006 0.490075
vt 0.051607 0.661768
vt 0.296707 0.091149
vt 0.301148 0.137942
vt 0.069335 0.623185
vt 0.794691 0.257971
vt 0.793645 0.605537
vt 0.801156 0.603379
vt 0.818678 0.678210
vt 0.967765 0.872058
vt 0.983436 0.903240
vt 0.943517 0.890420
vt 0.098875 0.069200
vt 0.147378 0.817658
vt 0.355345 0.476431
vt 0.421631 0.276762
vt 0.032748 0.164951
vt 0.367083 0.502080
vt 0.182469 0.184612
vt 0.386325 0.620849
vt 0.170784 0.183864
vt 0.375290 0.619040
vt 0.053143 0.415619
vt 0.145344 0.866445
vt 0.933156 0.907676
vt 0.949649 0.943876
vt 0.369239 0.493246
vt 0.130949 0.178640
vt 0.053533 0.595128
vt 0.814213 0.234184
vt 0.363569 0.253572
vt 0.089655 0.554318
vt 0.934885 0.719511
vt 0.949069 0.705126
vt 0.962132 0.752766
vt 0.153164 0.831353
vt 0.030756 0.744921
vt 0.036294 0.683031
vt 0.974298 0.857292
vt 0.986123 0.802525
vt 0.981873 0.848010
vt 0.154351 0.903092
vt 0.592818 0.233023
vt 0.968896 0.846719
vt 0.201809 0.198079
vt 0.066881 0.554367
vt 0.064411 0.408209
vt 0.935906 0.702229
vt 0.152953 0.917499
vt 0.949771 0.761541
vt 0.967252 0.807675
vt 0.918212 0.859301
vt 0.051444 0.582730
vt 0.871946 0.655948
vt 0.918338 0.624143
vt 0.892906 0.673169
vt 0.138817 0.888866
vt 0.144307 0.928301
vt 0.909914 0.740022
vt 0.961636 0.835143
vt 0.945351 0.833055
vt 0.954789 0.819262
vt 0.941101 0.839400
vt 0.211870 0.223637
vt 0.018560 0.729735
vt 0.828620 0.275154
vt 0.936977 0.926571
vt 0.046976 0.625940
vt 0.042265 0.573314
vt 0.876303 0.239627
vt 0.128340 0.806081
vt 0.026886 0.671954
vt 0.897074 0.716049
vt 0.389474 0.654835
vt 0.137164 0.820437
vt 0.191616 0.211653
vt 0.935356 0.845985
vt 0.362948 0.231849
vt 0.348154 0.226224
vt 0.382189 0.221321
vt 0.376889 0.205728
vt 0.008604 0.730214
vt 0.393264 0.243577
vt 0.156399 0.218615
vt 0.917175 0.214132
vt 0.924882 0.801563
vt 0.370294 0.662939
vt 0.128222 0.812166
vt 0.171794 0.212524
vt 0.913696 0.925883
vt 0.899068 0.769681
vt 0.960999 0.968816
vt 0.917270 0.940884
vt 0.963427 0.962147
vt 0.358174 0.686280
vt 0.036258 0.616399
vt 0.871454 0.688717
vt 0.921769 0.809997
vt 0.936877 0.821704
vt 0.411760 0.204639
vt 0.360045 0.702886
vt 0.900338 0.879908
vt 0.023203 0.555351
vt 0.120400 0.909141
vt 0.872211 0.269944
vt 0.024494 0.650219
vt 0.018784 0.579786
vt 0.929023 0.235802
vt 0.917668 0.170452
vt 0.895005 0.249351
vt 0.026920 0.611688
vt 0.854315 0.726364
vt 0.415419 0.217276
vt 0.184978 0.243132
vt 0.932023 0.026691
vt 0.366405 0.702710
vt 0.881775 0.766329
vt 0.909709 0.279888
vt 0.791519 0.759305
vt 0.354842 0.744698
vt 0.416163 0.232505
vt 0.900700 0.802772
vt 0.113415 0.920249
vt 0.900567 0.840860
vt 0.906091 0.270338
vt 0.938798 0.122270
vt 0.873865 0.925386
vt 0.175026 0.247721
vt 0.005000 0.572531
vt 0.954180 0.013984
vt 0.126585 0.928571
vt 0.898018 0.847875
vt 0.880791 0.936725
vt 0.588319 0.186059
vt 0.590378 0.171041
vt 0.628822 0.185463
vt 0.652550 0.199058
vt 0.097311 0.801776
vt 0.863276 0.794335
vt 0.379066 0.707328
vt 0.882433 0.947329
vt 0.860728 0.946139
vt 0.434306 0.212483
vt 0.894661 0.841245
vt 0.121339 0.936273
vt 0.119855 0.938610
vt 0.120574 0.933282
vt 0.692177 0.166774
vt 0.874351 0.812177
vt 0.894740 0.831257
vt 0.898675 0.832144
vt 0.897994 0.829595
vt 0.121292 0.934820
vt 0.928748 0.245811
vt 0.857244 0.940076
vt 0.894424 0.836815
vt 0.118555 0.940205
vt 0.644920 0.219802
vt 0.834071 0.753566
vt 0.118795 0.934557
vt 0.464518 0.185550
vt 0.496450 0.168698
vt 0.499977 0.192075
vt 0.416739 0.247336
vt 0.457167 0.193361
vt 0.459313 0.187525
vt 0.463628 0.208037
vt 0.574397 0.191221
vt 0.545570 0.181399
vt 0.455950 0.195717
vt 0.523746 0.210453
vt 0.454989 0.225761
vt 0.682231 0.202781
vt 0.802004 0.768897
vt 0.436778 0.244414
vt 0.860302 0.931378
vt 0.839292 0.783054
vt 0.561448 0.208351
vt 0.602644 0.219505
vt 0.396317 0.881984
vt 0.387250 0.858568
vt 0.436732 0.868593
vt 0.557761 0.195869
vt 0.389046 0.849195
vt 0.955470 0.257933
vt 0.870158 0.826907
vt 0.963744 0.248594
vt 0.462438 0.876152
vt 0.475869 0.250265
vt 0.581469 0.223653
vt 0.799784 0.792021
vt 0.503300 0.884320
vt 0.468569 0.872112
vt 0.524879 0.227049
vt 0.450873 0.848164
vt 0.419482 0.841288
vt 0.402600 0.841238
vt 0.489221 0.853709
vt 0.494557 0.236674
vt 0.837823 0.845894
vt 0.503732 0.855305
vt 0.509481 0.229413
vt 0.509436 0.228856
vt 0.508553 0.228836
vt 0.509041 0.228927
vt 0.509258 0.229190
vt 0.962793 0.133849
vt 0.490588 0.258998
vt 0.485108 0.825685
vt 0.529969 0.240104
vt 0.718107 0.822204
vt 0.738829 0.812987
vt 0.784957 0.801967
vt 0.556037 0.258079
vt 0.543869 0.259783
vt 0.446505 0.814992
vt 0.399498 0.801807
vt 0.823104 0.845006
vt 0.506964 0.273649
vt 0.387472 0.797632
vt 0.715099 0.841301
vt 0.680589 0.864412
vt 0.513173 0.811770
vt 0.483018 0.803070
vt 0.512731 0.275405
vt 0.748789 0.824652
vt 0.533285 0.269768
vt 0.780286 0.816170
vt 0.800833 0.839003
vt 0.471036 0.785782
vt 0.549777 0.291343
vt 0.453957 0.751093
vt 0.417013 0.765419
vt 0.582973 0.803356
vt 0.580400 0.810080
vt 0.557757 0.802817
vt 0.530076 0.282203
vt 0.411584 0.752620
vt 0.399060 0.753677
vt 0.398318 0.723308
vt 0.384111 0.697919
vt 0.409045 0.723636
vt 0.386937 0.694349
vt 0.456007 0.767417
vt 0.415966 0.715990
vt 0.387890 0.681003
vt 0.541412 0.821942
vt 0.487146 0.781734
vt 0.448694 0.687195
vt 0.435354 0.741663
vt 0.491199 0.769203
vt 0.589679 0.771562
vt 0.527521 0.780843
vt 0.465499 0.735860
vt 0.502367 0.754892
vt 0.552478 0.751759
vt 0.433601 0.659197
vt 0.471177 0.717907
vt 0.532695 0.760334
vt 0.492457 0.748654
vt 0.597082 0.763321
vt 0.507459 0.729550
vt 0.725515 0.875404
vt 0.727468 0.838470
vt 0.752357 0.866862
vt 0.447722 0.666765
vt 0.748448 0.839630
vt 0.462387 0.690737
vt 0.747044 0.890944
vt 0.020259 0.434390
vt 0.010313 0.416337
vt 0.038793 0.429157
vt 0.045835 0.414564
vt 0.487317 0.714463
vt 0.759574 0.841558
vt 0.512381 0.716670
vt 0.716234 0.901676
vt 0.743968 0.911271
vt 0.770028 0.831604
vt 0.741837 0.937584
vt 0.712325 0.933477
vt 0.769992 0.881523
vt 0.053529 0.436986
vt 0.024349 0.455111
vt 0.024167 0.444334
vt 0.034565 0.451685
vt 0.070231 0.408877
vt 0.084468 0.430006
vt 0.766911 0.915910
vt 0.781430 0.859408
vt 0.782248 0.883490
vt 0.787147 0.836034
vt 0.077178 0.448782
vt 0.775014 0.910702
vt 0.071872 0.460414
vt 0.825064 0.856874
vt 0.754484 0.952453
vt 0.772425 0.946461
vt 0.020839 0.470346
vt 0.047850 0.474516
vt 0.820431 0.871749
vt 0.095008 0.456773
vt 0.027781 0.517739
vt 0.008152 0.512595
vt 0.783097 0.937663
vt 0.820689 0.903755
vt 0.821840 0.885401
vt 0.060297 0.508203
vt 0.831667 0.916641
vt 0.049282 0.511051
vt 0.068780 0.488099
vt 0.857867 0.865381
vt 0.007970 0.546434
vt 0.840237 0.873557
vt 0.077352 0.514686
vt 0.051888 0.547842
vt 0.836114 0.936853
vt 0.849898 0.885384
vt 0.027191 0.542447
vt 0.093692 0.516010
vt 0.855988 0.904169
vt 0.069112 0.545499
vt 0.026517 0.551522
vt 0.872499 0.867333
vt 0.865127 0.868599
vt 0.870103 0.867363
vt 0.867392 0.862814
vt 0.539663 0.850353
vt 0.541082 0.851011
vt 0.538985 0.853118
vt 0.545129 0.837843
vt 0.542607 0.861887
vt 0.858826 0.882794
vt 0.868366 0.868770
vt 0.535958 0.850610
vt 0.536367 0.856731
vt 0.535870 0.854968
vt 0.870436 0.866985
vt 0.869810 0.866010
vt 0.540549 0.864633
vt 0.524108 0.863909
vt 0.856826 0.929652
vt 0.548593 0.882261
vt 0.544261 0.885949
vt 0.867538 0.877341
vt 0.514789 0.882909
vt 0.864956 0.906267
vt 0.090512 0.542243
vt 0.854568 0.917254
vt 0.855448 0.917700
vt 0.854567 0.918153
vt 0.855036 0.917746
vt 0.533594 0.896925
vt 0.562593 0.885299
vt 0.874607 0.901183
vt 0.882435 0.874997
vt 0.018241 0.238738
vt 0.035904 0.283294
vt 0.013394 0.292040
vt 0.867516 0.922588
vt 0.577016 0.903631
vt 0.090159 0.552097
vt 0.039888 0.246708
vt 0.047268 0.269249
vt 0.036647 0.238207
vt 0.052045 0.226269
vt 0.056565 0.304604
vt 0.482751 0.896061
vt 0.496317 0.913971
vt 0.563482 0.909896
vt 0.547022 0.940206
vt 0.469278 0.897831
vt 0.518012 0.939346
vt 0.461196 0.918220
vt 0.433847 0.917668
vt 0.456352 0.904371
vt 0.088017 0.757046
vt 0.079599 0.777003
vt 0.035509 0.754871
vt 0.058065 0.784590
vt 0.036948 0.776594
vt 0.050362 0.808227
vt 0.036257 0.808616
vt 0.503937 0.936499
vt 0.518532 0.950660
vt 0.580940 0.958601
vt 0.490829 0.964089
vt 0.497035 0.946975
vt 0.031291 0.792253
vt 0.564980 0.945278
vt 0.014009 0.732430
vt 0.587758 0.991886
vt 0.575656 0.983739
vt 0.025960 0.820840
vt 0.012083 0.839299
vt 0.546347 0.948019
vt 0.512191 0.978584
vt 0.566793 0.992739
vt 0.547852 0.960614
vt 0.525004 0.968213
vt 0.541779 0.986166
vt 0.537791 0.974627
s 0
f 47/1/1 2/2/1 45/3/1
s 1
f 612/4/2 608/5/3 568/6/4
s 0
f 19/7/5 20/8/5 344/9/5
f 26/10/6 24/11/6 25/12/6
s 1
f 30/13/7 31/14/7 33/15/7
f 30/13/8 32/16/8 31/14/8
s 0
f 33/15/9 31/14/9 29/17/9
f 36/18/10 31/14/10 32/16/10
s 1
f 35/19/11 38/20/12 31/14/13
f 31/14/14 36/18/15 35/19/16
f 30/21/17 33/22/18 40/23/19
s 0
f 29/17/20 31/14/20 38/20/20
s 1
f 40/23/19 33/22/18 37/24/21
f 39/25/22 30/21/23 40/23/24
f 32/16/25 30/13/23 39/26/22
f 29/17/26 49/27/27 33/15/28
s 0
f 35/19/29 36/18/29 28/28/29
s 1
f 36/18/30 32/16/31 44/29/32
s 0
f 36/18/33 44/29/33 28/28/33
s 1
f 43/30/34 37/24/35 49/31/36
f 32/16/37 39/26/38 44/29/32
f 39/25/22 40/23/24 42/32/39
f 49/27/27 29/17/26 38/20/40
s 0
f 40/23/41 37/24/41 43/30/41
s 1
f 37/24/42 33/22/28 49/31/27
f 38/20/43 35/19/44 49/27/45
s 0
f 46/33/46 35/19/46 28/28/46
s 1
f 42/32/47 40/23/47 51/34/47
f 50/35/48 48/36/49 52/37/50
s 0
f 46/33/51 28/28/51 44/29/51
s 1
f 49/27/45 35/19/44 46/33/52
f 53/38/53 50/35/48 52/37/50
f 60/39/54 48/36/55 51/40/56
s 0
f 40/23/57 43/30/57 51/34/57
s 1
f 48/36/55 60/39/54 52/37/58
f 51/40/59 43/41/60 54/42/61
f 44/29/62 39/26/63 55/43/64
f 51/40/59 54/42/61 60/39/65
f 43/41/34 49/27/36 54/42/66
f 46/33/67 44/29/68 55/43/69
s 0
f 51/40/70 48/36/70 50/35/70
s 1
f 59/44/71 42/32/72 51/34/73
f 49/27/74 46/33/75 54/42/76
f 55/45/64 39/25/63 42/32/77
f 57/46/78 63/47/79 76/48/80
f 57/46/81 42/32/72 59/44/71
f 59/44/82 63/47/79 57/46/83
f 46/33/75 61/49/84 54/42/76
f 55/45/64 42/32/77 57/46/85
f 58/50/86 76/48/87 63/47/88
f 51/34/89 50/51/90 65/52/91
s 0
f 50/51/92 53/53/92 65/52/92
s 1
f 62/54/93 53/38/94 60/39/95
f 53/38/94 52/37/96 60/39/95
f 64/55/97 51/34/89 65/52/98
f 65/52/99 53/53/99 67/56/99
s 0
f 63/47/100 59/44/100 66/57/100
s 1
f 67/58/101 53/38/102 62/54/103
f 46/33/67 55/43/69 61/49/104
f 63/47/105 66/57/106 68/59/107
f 59/44/108 51/34/89 64/55/97
f 71/60/109 61/49/104 55/43/69
f 60/39/95 71/60/110 62/54/93
f 71/60/110 54/42/76 61/49/84
f 58/50/111 63/47/105 68/59/107
f 60/39/95 54/42/76 71/60/110
f 73/61/112 55/43/113 57/62/78
f 57/62/78 76/63/80 73/61/112
s 0
f 66/57/114 59/44/114 64/55/114
s 1
f 72/64/115 55/43/113 73/61/112
f 71/60/116 55/43/113 72/64/115
f 65/52/117 67/56/118 64/55/119
f 62/54/120 71/60/121 75/65/122
f 67/58/101 62/54/103 77/66/123
s 0
f 77/66/124 62/54/124 75/65/124
s 1
f 79/67/125 76/48/87 58/50/126
s 0
f 73/61/127 76/63/127 82/68/127
s 1
f 75/65/122 71/60/121 72/64/128
s 0
f 84/69/129 66/57/129 64/55/129
s 1
f 64/55/130 67/56/131 77/70/132
s 0
f 68/59/133 66/57/133 80/71/133
f 82/68/134 76/63/134 79/72/134
s 1
f 91/73/135 72/64/136 73/61/137
s 0
f 75/65/138 72/64/138 78/74/138
s 1
f 66/57/139 84/69/140 80/71/141
f 86/75/142 79/67/143 58/50/144
f 58/50/145 68/59/146 90/76/147
s 0
f 77/66/148 75/65/148 83/77/148
f 64/55/149 77/70/149 84/69/149
s 1
f 78/74/150 72/64/151 91/73/152
f 85/78/153 77/66/154 83/77/155
f 80/71/156 84/69/157 87/79/158
f 83/77/159 75/65/160 88/80/161
s 0
f 92/81/162 68/59/162 80/71/162
s 1
f 84/69/163 77/70/164 85/82/165
f 73/61/137 82/68/166 91/73/135
f 87/79/167 84/69/163 85/82/165
f 75/65/168 78/74/150 91/73/152
f 86/75/169 58/50/170 90/76/147
f 79/72/171 94/83/172 82/68/173
f 92/81/174 90/76/147 68/59/146
f 88/80/161 75/65/168 91/73/152
f 85/78/153 83/77/175 88/80/176
f 95/84/177 80/71/178 87/79/179
s 0
f 91/73/180 102/85/180 88/80/180
s 1
f 79/67/143 86/75/142 94/86/181
f 80/71/178 95/84/177 92/81/182
f 106/87/183 90/76/147 92/81/174
f 104/88/184 94/86/181 86/75/185
f 91/73/186 82/68/187 98/89/188
f 108/90/189 100/91/190 99/92/191
f 101/93/192 92/81/182 95/84/177
f 85/78/193 88/80/194 102/85/195
f 102/85/196 91/73/197 98/89/198
f 114/94/199 82/68/173 94/83/172
s 0
f 103/95/200 111/96/200 100/91/200
f 99/92/201 94/86/201 104/88/201
s 1
f 82/68/187 114/94/202 98/89/188
s 0
f 94/86/203 99/92/203 114/97/203
s 1
f 86/75/169 90/76/147 104/88/204
f 85/78/193 102/85/205 110/98/206
f 104/88/204 90/76/147 106/87/183
f 85/82/165 120/99/207 87/79/167
f 102/85/196 98/89/198 110/98/208
f 99/92/209 100/91/210 114/97/211
s 0
f 106/87/212 92/81/212 101/93/212
s 1
f 111/96/213 103/95/213 112/100/213
f 103/95/214 100/91/190 108/90/189
s 0
f 99/92/215 104/88/215 108/90/215
s 1
f 110/98/206 120/101/216 85/78/193
f 115/102/217 98/89/188 114/94/202
f 106/87/218 101/93/219 139/103/220
f 117/104/221 100/91/222 111/96/223
s 0
f 112/100/224 103/95/224 108/90/224
s 1
f 109/105/225 100/106/226 117/107/221
f 120/99/207 95/84/227 87/79/167
s 0
f 110/98/228 98/89/228 116/108/228
s 1
f 100/106/210 109/105/229 114/109/211
s 0
f 104/88/230 106/87/230 139/103/230
s 1
f 116/108/231 98/89/232 135/110/233
s 0
f 27/111/234 112/100/234 108/90/234
f 115/102/235 114/94/235 130/112/235
s 1
f 121/113/236 95/84/227 120/99/207
f 98/89/232 115/102/217 135/110/233
s 0
f 117/104/237 111/96/237 112/100/237
s 1
f 125/114/238 110/98/239 116/108/240
f 132/115/241 27/111/242 24/11/243
f 118/116/244 27/111/245 108/90/246
f 118/116/244 108/90/246 139/103/247
s 0
f 114/109/248 109/105/248 123/117/248
s 1
f 25/12/249 24/11/250 138/118/251
s 0
f 108/90/252 104/88/252 139/103/252
s 1
f 139/103/253 101/93/254 126/119/253
f 123/117/255 109/105/256 117/107/257
f 131/120/258 123/117/255 117/107/257
f 101/93/259 95/84/260 126/119/261
s 0
f 130/121/262 114/109/262 123/117/262
f 24/11/263 23/122/263 136/123/263
s 1
f 24/11/264 26/10/265 133/124/266
f 120/101/267 110/98/268 125/114/269
f 125/114/238 116/108/270 144/125/271
s 0
f 117/107/272 112/126/272 131/120/272
s 1
f 138/118/251 24/11/250 136/123/273
s 0
f 23/122/274 24/11/274 134/127/274
s 1
f 116/108/275 135/110/276 144/125/277
s 0
f 132/115/278 24/11/278 133/124/278
f 24/11/279 27/111/279 134/127/279
f 27/111/280 118/116/280 134/127/280
s 1
f 135/110/276 115/102/281 144/125/282
f 140/128/283 120/101/267 125/114/269
s 0
f 144/125/284 115/102/284 130/112/284
f 112/126/285 27/129/285 141/130/285
s 1
f 126/119/261 95/84/286 121/113/287
f 131/120/288 112/126/289 141/130/290
s 0
f 123/117/291 131/120/291 130/121/291
s 1
f 118/116/292 139/103/293 153/131/294
f 121/113/236 120/99/207 140/132/295
f 132/133/296 133/134/297 146/135/298
f 125/114/299 144/125/300 140/128/283
f 130/121/301 131/120/302 145/136/303
f 138/118/251 136/123/304 155/137/305
f 182/138/306 133/124/266 26/10/265
f 155/137/307 136/123/308 23/122/309
f 145/136/310 131/120/288 141/130/290
f 145/136/311 27/129/242 132/133/241
s 0
f 126/119/312 121/113/312 140/132/312
f 140/128/313 144/125/313 158/139/313
f 157/140/314 126/119/314 140/132/314
f 158/139/315 144/125/315 130/112/315
s 1
f 141/130/290 27/129/316 145/136/310
f 134/127/317 118/116/318 152/141/319
s 0
f 139/103/320 126/119/320 157/140/320
s 1
f 132/133/296 146/135/298 145/136/321
f 151/142/322 138/118/251 155/137/305
s 0
f 153/131/323 139/103/323 157/140/323
s 1
f 23/122/324 134/127/317 156/143/325
f 156/143/325 134/127/317 152/141/319
s 0
f 158/144/326 130/121/326 161/145/326
s 1
f 146/135/327 133/134/328 159/146/329
s 0
f 26/10/330 25/12/330 169/147/330
s 1
f 133/134/328 176/148/331 159/146/329
f 196/149/332 155/137/307 23/122/309
f 152/141/333 118/116/334 153/131/294
s 0
f 157/150/335 140/151/335 158/144/335
s 1
f 161/145/336 130/121/301 145/136/303
f 133/134/266 182/152/306 176/148/337
f 145/136/338 146/135/339 162/153/340
f 145/136/338 162/153/340 161/145/341
f 138/118/251 151/142/322 186/154/342
f 146/135/343 171/155/344 162/153/345
f 196/149/332 23/122/309 156/143/346
f 156/143/325 152/141/319 170/156/347
s 0
f 158/144/348 161/145/348 163/157/348
s 1
f 153/131/349 157/140/350 166/158/351
s 0
f 146/135/352 159/146/352 171/155/352
s 1
f 25/12/249 138/118/251 186/154/342
f 157/150/353 158/144/354 163/157/355
f 152/141/356 153/131/349 166/158/351
f 169/147/357 25/12/249 186/154/342
f 166/158/358 157/140/353 163/159/359
f 161/145/360 162/153/361 168/160/362
s 0
f 163/157/363 161/145/363 168/160/363
s 1
f 26/10/265 169/147/364 182/138/306
f 170/156/365 152/141/356 178/161/366
f 152/141/356 166/158/351 173/162/367
f 173/162/368 166/158/358 163/159/359
f 168/160/362 162/153/361 187/163/369
s 0
f 185/164/370 180/165/370 159/146/370
s 1
f 151/142/322 155/137/305 181/166/371
s 0
f 171/155/372 159/146/372 184/167/372
s 1
f 178/161/366 152/141/356 173/162/367
s 0
f 159/146/373 176/148/373 185/164/373
s 1
f 181/166/374 155/137/307 196/149/332
f 187/163/375 159/146/376 180/165/377
f 162/153/345 171/155/378 184/167/379
f 184/167/380 159/146/376 187/163/375
f 169/147/357 186/154/342 182/138/381
f 163/157/382 168/160/383 187/163/384
s 0
f 176/148/385 182/152/385 185/164/385
s 1
f 151/142/322 181/166/371 188/168/386
s 0
f 162/153/387 184/167/387 187/163/387
f 187/163/388 180/165/388 191/169/388
s 1
f 163/157/382 187/163/384 21/170/389
f 186/154/390 151/142/322 188/168/386
f 371/171/391 170/156/365 178/161/366
f 190/172/392 185/164/393 182/152/394
s 0
f 180/165/395 185/164/395 191/169/395
s 1
f 196/149/396 156/143/325 370/173/397
s 0
f 362/174/398 186/154/398 188/168/398
s 1
f 189/175/399 185/164/393 190/172/392
f 156/143/325 170/156/347 370/173/397
f 173/162/400 163/159/401 192/176/402
f 192/177/403 163/157/404 21/170/405
f 182/138/406 186/154/406 362/174/406
f 187/163/384 191/169/407 21/170/389
s 0
f 194/178/408 189/175/408 190/172/408
s 1
f 192/176/402 178/161/409 173/162/400
s 0
f 191/169/410 185/164/410 197/179/410
f 182/152/411 362/180/411 190/172/411
s 1
f 370/173/412 170/156/365 371/171/391
f 197/179/413 185/164/414 189/175/399
f 181/166/415 196/149/396 202/181/416
f 189/175/417 194/178/417 197/179/417
f 202/181/416 196/149/396 370/173/397
f 197/179/418 194/178/418 201/182/418
s 0
f 362/183/419 188/184/419 367/185/419
s 1
f 206/186/420 205/187/421 361/188/422
s 0
f 361/189/423 20/8/423 204/190/423
s 1
f 361/188/424 205/187/425 20/191/426
s 0
f 19/7/427 204/190/427 20/8/427
s 1
f 20/191/426 205/187/425 207/192/428
s 0
f 218/193/429 216/194/429 217/195/429
f 227/196/430 216/197/430 218/198/430
f 229/199/431 218/193/431 217/195/431
f 224/200/432 218/198/432 229/201/432
s 1
f 223/202/433 217/195/434 216/194/435
s 0
f 222/203/436 216/197/436 227/196/436
f 227/196/437 218/198/437 225/204/437
s 1
f 217/195/438 223/202/439 229/199/440
s 0
f 218/198/441 224/200/441 225/204/441
f 214/205/442 226/206/442 215/207/442
f 229/201/443 228/208/443 224/200/443
s 1
f 223/202/439 226/206/444 229/199/440
f 213/209/445 214/205/446 230/210/447
f 215/207/448 230/210/447 214/205/449
f 216/194/435 222/211/450 231/212/451
f 223/202/433 216/194/435 231/212/451
s 0
f 229/199/452 226/206/452 214/205/452
s 1
f 228/213/453 229/199/454 214/205/455
f 212/214/456 243/215/457 213/209/458
s 0
f 222/203/459 232/216/459 233/217/459
s 1
f 222/203/460 227/196/461 225/204/462
f 243/215/463 214/205/464 213/209/465
s 0
f 223/202/466 231/212/466 239/218/466
f 225/204/467 224/200/467 234/219/467
s 1
f 213/209/458 230/210/468 212/214/456
s 0
f 226/206/469 223/202/469 239/218/469
f 224/200/470 228/208/470 234/219/470
s 1
f 222/211/471 233/220/472 231/212/473
s 0
f 232/216/474 225/204/474 234/219/474
s 1
f 228/213/453 214/205/475 238/221/476
f 214/205/464 240/222/477 236/223/478
s 0
f 215/207/479 226/206/479 239/218/479
s 1
f 214/205/464 236/223/478 238/221/480
f 214/205/464 243/215/463 240/222/477
f 222/203/460 225/204/462 232/216/481
f 239/218/482 231/212/473 233/220/483
f 234/219/484 228/208/484 238/224/484
s 0
f 242/225/485 212/214/485 215/207/485
f 215/207/486 212/214/486 230/210/486
f 239/226/487 233/217/487 232/216/487
f 244/227/488 238/221/488 236/223/488
f 246/228/489 212/214/489 242/225/489
s 1
f 232/216/490 234/219/491 251/229/492
f 240/222/493 243/215/494 246/228/495
s 0
f 251/229/496 234/219/496 238/224/496
s 1
f 232/216/497 250/230/498 239/226/499
f 250/231/498 215/207/500 239/218/499
f 244/227/501 236/223/502 247/232/503
s 0
f 243/215/504 212/214/504 246/228/504
f 236/223/505 240/222/505 248/233/505
f 249/234/506 246/228/506 242/225/506
s 1
f 232/216/490 251/229/492 250/230/507
f 247/232/503 236/223/502 248/233/508
f 248/233/509 240/222/493 246/228/495
s 0
f 242/225/510 215/207/510 253/235/510
f 244/227/511 247/232/511 252/236/511
f 238/224/512 244/237/512 254/238/512
f 247/232/513 248/233/513 261/239/513
f 251/229/514 238/224/514 250/230/514
s 1
f 249/234/515 242/225/516 253/235/517
f 215/207/518 250/231/519 255/240/520
f 254/238/521 244/237/522 252/241/523
f 252/236/524 247/232/525 257/242/526
s 0
f 253/235/527 215/207/527 255/240/527
s 1
f 254/238/528 252/241/529 256/243/530
f 255/244/520 250/230/519 258/245/531
s 0
f 250/230/532 238/224/532 258/245/532
s 1
f 257/242/526 247/232/525 261/239/533
f 246/228/534 249/234/535 248/233/536
f 249/234/515 253/235/517 262/246/537
s 0
f 253/235/538 255/240/538 262/246/538
f 257/242/539 261/239/539 259/247/539
f 258/245/540 238/224/540 254/238/540
s 1
f 263/248/541 249/234/542 262/246/543
f 266/249/544 261/239/545 248/233/546
f 259/247/547 261/239/545 266/249/544
f 263/248/541 262/246/543 264/250/548
s 0
f 211/251/549 252/241/549 265/252/549
s 1
f 265/253/550 252/236/551 257/242/552
s 0
f 255/244/553 258/245/553 267/254/553
s 1
f 252/241/554 211/251/555 270/255/556
f 266/249/557 248/233/558 263/248/559
f 263/248/559 248/233/558 249/234/560
f 258/245/561 254/238/562 267/254/563
f 252/241/564 270/255/564 256/243/564
f 254/238/562 256/243/565 267/254/566
f 255/244/567 267/254/568 262/256/569
f 264/250/570 262/246/569 268/257/571
f 266/249/572 257/242/572 259/247/572
s 0
f 256/243/573 270/255/573 272/258/573
s 1
f 268/259/571 267/254/568 271/260/574
f 271/260/575 256/243/576 272/258/577
f 263/248/578 264/250/579 282/261/580
f 268/259/571 262/256/569 267/254/568
s 0
f 263/248/581 278/262/581 266/249/581
s 1
f 267/254/582 256/243/576 271/260/575
f 277/263/583 265/253/550 257/242/552
f 282/261/584 264/250/585 268/257/586
f 277/263/583 257/242/552 266/249/587
f 268/257/588 274/264/589 282/261/590
f 270/255/556 211/251/555 277/265/591
s 0
f 277/265/592 211/251/592 265/252/592
f 279/266/593 270/255/593 277/265/593
f 281/267/594 272/258/594 270/255/594
s 1
f 275/268/595 270/255/596 279/266/597
s 0
f 277/263/598 266/249/598 278/262/598
f 263/248/599 284/269/599 278/262/599
s 1
f 284/269/600 263/248/578 282/261/580
f 268/257/588 271/270/601 274/264/589
f 270/255/596 275/268/595 281/267/602
f 283/271/603 279/272/604 285/273/605
f 285/273/605 279/272/604 277/263/606
f 271/260/607 272/258/608 289/274/609
s 0
f 288/275/610 278/262/610 284/269/610
s 1
f 283/276/611 275/268/612 279/266/613
f 286/277/614 274/264/589 287/278/615
s 0
f 282/261/616 274/264/616 286/277/616
s 1
f 287/278/615 274/264/589 271/270/601
s 0
f 272/258/617 281/267/617 289/274/617
f 292/279/618 281/267/618 275/268/618
s 1
f 277/263/619 278/262/620 288/275/621
f 290/280/622 284/269/623 282/261/624
f 285/273/605 277/263/625 210/281/626
f 281/267/627 294/282/628 295/283/629
f 291/284/630 282/261/624 286/277/631
f 294/282/632 281/267/633 292/279/634
f 286/277/635 287/278/636 293/285/637
f 282/261/624 291/284/630 290/280/622
f 292/279/638 275/268/639 283/276/611
f 210/281/640 277/263/619 288/275/621
f 289/274/609 287/286/641 271/260/607
f 283/271/603 285/273/605 210/281/626
f 297/287/642 292/288/638 283/271/611
s 0
f 289/274/643 281/267/643 295/283/643
s 1
f 292/279/644 296/289/645 320/290/646
s 0
f 296/291/647 292/288/647 297/287/647
s 1
f 294/282/628 305/292/648 295/283/629
s 0
f 288/275/649 284/269/649 290/280/649
s 1
f 320/290/650 296/289/651 301/293/652
f 298/294/653 294/282/632 292/279/634
f 291/284/630 286/277/631 293/285/654
f 287/286/641 289/274/609 304/295/655
s 0
f 289/274/656 295/283/656 209/296/656
f 290/280/657 210/281/657 288/275/657
s 1
f 312/297/658 318/298/659 300/299/660
f 305/292/648 294/282/628 298/294/661
f 210/281/662 290/280/663 303/300/664
f 293/285/665 287/278/636 304/301/666
f 314/302/667 292/279/667 320/290/667
s 0
f 301/293/668 300/303/668 320/290/668
f 320/304/669 300/299/669 318/298/669
s 1
f 303/300/670 283/271/671 210/281/672
f 291/284/630 306/305/673 290/280/622
s 0
f 297/287/674 283/271/674 303/300/674
f 291/284/675 310/306/675 306/305/675
f 314/302/676 298/294/676 292/279/676
f 304/295/677 289/274/677 209/296/677
f 291/284/678 293/285/678 304/301/678
s 1
f 328/307/679 301/308/680 324/309/681
f 209/296/682 295/283/683 307/310/684
f 296/291/685 297/287/685 303/300/685
f 309/311/686 303/300/664 290/280/687
f 307/310/688 295/283/689 305/292/690
s 0
f 327/312/691 301/313/691 328/314/691
f 310/306/692 291/284/692 315/315/692
f 315/315/693 291/284/693 304/301/693
s 1
f 312/297/658 300/299/660 327/312/694
s 0
f 300/299/695 301/313/695 327/312/695
s 1
f 304/295/696 209/296/697 313/316/698
f 209/296/697 307/310/699 313/316/698
s 0
f 305/292/700 298/294/700 314/302/700
f 296/291/701 303/300/701 309/311/701
f 309/311/702 290/280/702 306/305/702
f 301/308/703 296/291/703 324/309/703
f 296/291/704 309/311/704 317/317/704
s 1
f 306/305/705 310/306/705 315/315/705
s 0
f 326/318/706 305/292/706 314/302/706
f 317/317/707 309/311/707 322/319/707
f 309/311/708 306/305/708 322/319/708
f 296/291/709 317/317/709 324/309/709
s 1
f 323/320/710 322/319/711 306/305/712
s 0
f 314/302/713 320/290/713 326/318/713
f 304/295/714 313/316/714 315/321/714
s 1
f 325/322/715 317/317/716 322/319/717
s 0
f 326/318/718 307/310/718 305/292/718
f 331/323/719 320/304/719 318/298/719
f 306/305/720 315/315/720 323/320/720
f 313/316/721 307/310/721 326/318/721
f 324/309/722 317/317/722 325/322/722
s 1
f 319/324/723 320/304/724 331/323/725
s 0
f 313/316/726 326/318/726 315/321/726
s 1
f 326/318/727 320/290/724 319/325/723
f 329/326/728 328/307/729 332/327/730
f 325/322/715 322/319/717 330/328/731
f 328/307/729 324/309/681 332/327/730
f 330/328/732 322/319/711 323/320/710
s 0
f 326/318/733 323/329/733 315/321/733
s 1
f 331/323/734 318/298/735 337/330/736
s 0
f 323/329/737 326/318/737 319/325/737
s 1
f 338/331/738 318/298/659 312/297/658
s 0
f 323/332/739 319/324/739 336/333/739
s 1
f 328/314/740 329/334/741 335/335/742
f 338/331/743 312/297/658 327/312/694
s 0
f 346/336/744 324/309/744 325/322/744
f 328/314/745 338/331/745 327/312/745
s 1
f 337/330/736 318/298/735 341/337/746
s 0
f 323/320/747 336/338/747 207/192/747
f 338/331/748 328/314/748 335/335/748
f 339/339/749 348/340/749 201/341/749
s 1
f 358/342/750 330/328/732 323/320/710
f 335/335/742 329/334/741 339/343/751
s 0
f 339/339/752 329/326/752 348/340/752
f 194/178/753 190/172/753 362/180/753
s 1
f 351/344/754 349/345/755 199/346/756
f 198/347/757 342/348/758 363/349/759
f 178/161/409 192/176/402 371/171/760
f 324/309/761 346/336/762 332/327/763
f 205/187/421 206/186/420 208/350/764
f 203/351/765 194/352/766 376/353/767
f 191/169/407 197/179/768 21/170/389
f 348/340/769 329/326/728 332/327/730
f 372/354/770 325/322/715 330/328/731
f 336/333/771 319/324/772 344/9/773
f 319/324/774 331/323/734 344/9/775
f 201/355/776 194/352/766 203/351/765
f 192/177/403 21/170/405 355/356/777
s 0
f 199/346/778 198/347/778 363/349/778
f 343/357/779 207/192/779 205/187/779
f 343/357/780 205/187/780 347/358/780
f 347/358/781 205/187/781 208/350/781
f 20/191/782 207/192/782 344/359/782
s 1
f 207/192/783 336/338/771 344/359/773
s 0
f 199/346/784 363/349/784 351/344/784
f 361/189/785 204/190/785 19/7/785
f 367/185/786 349/345/786 351/344/786
s 1
f 188/168/787 181/166/415 202/181/416
f 21/170/389 197/179/768 355/356/788
f 325/322/789 372/354/790 346/336/791
f 368/360/792 331/323/734 337/330/736
s 0
f 341/337/793 318/298/793 338/331/793
s 1
f 348/340/794 332/327/763 346/336/762
f 377/361/795 358/342/750 323/320/710
f 377/361/795 323/320/710 207/192/796
f 208/350/797 206/186/798 347/358/799
f 364/362/800 22/363/801 354/364/802
f 22/363/803 199/346/756 349/345/755
s 0
f 367/185/804 188/184/804 380/365/804
f 206/186/805 361/188/805 366/366/805
f 368/360/806 337/330/806 375/367/806
f 201/368/807 203/369/807 339/370/807
s 1
f 372/354/770 330/328/731 558/371/808
s 0
f 361/189/809 19/7/809 373/372/809
s 1
f 363/349/759 342/348/758 356/373/810
s 0
f 349/345/811 367/185/811 380/365/811
s 1
f 371/171/760 192/176/402 360/374/812
f 331/323/734 368/360/792 344/9/775
f 355/356/788 197/179/768 201/182/813
f 366/366/814 347/358/799 206/186/798
f 342/348/815 198/347/816 386/375/817
s 0
f 380/365/818 188/184/818 202/376/818
s 1
f 576/377/819 192/177/403 355/356/777
f 348/340/820 374/378/821 201/341/822
s 0
f 207/192/823 343/357/823 377/361/823
s 1
f 19/7/824 344/9/825 373/372/826
f 194/352/827 379/379/828 376/353/829
f 386/375/817 198/347/816 199/346/830
f 364/362/831 199/346/832 22/363/833
f 343/357/834 347/358/835 383/380/836
s 0
f 361/189/837 373/372/837 369/381/837
f 337/330/838 341/337/838 375/367/838
f 566/382/839 338/383/839 335/384/839
s 1
f 566/382/840 335/384/742 339/370/751
f 347/358/841 389/385/842 383/380/836
s 0
f 379/386/843 362/183/843 367/185/843
s 1
f 351/344/844 363/349/845 381/387/846
f 389/385/847 347/358/799 366/366/814
s 0
f 338/383/848 566/382/848 578/388/848
f 194/352/849 362/389/849 379/379/849
s 1
f 356/373/850 342/348/851 386/375/852
f 354/364/853 22/363/803 349/345/755
s 0
f 202/181/854 370/173/854 371/171/854
s 1
f 366/366/814 378/390/855 389/385/847
f 381/387/846 363/349/856 356/373/857
f 199/346/832 364/362/831 386/375/858
f 360/374/859 192/176/403 576/391/819
s 0
f 355/356/860 201/182/860 576/377/860
f 346/336/861 382/392/861 348/340/861
s 1
f 343/357/862 383/380/863 377/361/864
s 0
f 201/341/865 374/378/865 387/393/865
s 1
f 385/394/866 372/354/867 558/371/868
s 0
f 598/395/869 349/345/869 380/365/869
s 1
f 354/364/853 349/345/755 598/395/870
f 371/171/871 388/396/872 202/181/873
s 0
f 387/397/874 576/377/874 201/182/874
s 1
f 500/398/875 392/399/876 503/400/877
s 0
f 402/401/878 399/402/878 400/403/878
f 399/402/879 402/401/879 401/404/879
s 1
f 400/403/880 399/402/881 401/404/882
s 0
f 424/405/883 401/406/883 402/407/883
f 404/408/884 409/409/884 405/410/884
f 410/411/885 407/412/885 406/413/885
f 413/414/886 407/412/886 410/411/886
s 1
f 406/413/887 407/412/888 415/415/889
s 0
f 410/411/890 406/413/890 415/415/890
f 416/416/891 413/414/891 410/411/891
f 410/411/892 408/417/892 409/409/892
f 409/409/893 408/417/893 411/418/893
f 408/417/894 410/411/894 411/418/894
f 413/414/895 416/416/895 414/419/895
s 1
f 407/412/888 413/414/896 415/415/889
s 0
f 414/419/897 416/416/897 417/420/897
f 416/416/898 410/411/898 418/421/898
f 398/422/899 409/409/899 404/408/899
f 398/422/900 404/408/900 405/410/900
f 410/423/901 415/424/901 425/425/901
s 1
f 411/426/902 410/423/903 425/425/904
f 413/427/905 424/405/906 415/424/907
f 414/428/908 424/405/906 413/427/905
s 0
f 417/429/909 420/430/909 419/431/909
f 419/431/910 420/432/910 421/433/910
s 1
f 421/433/911 420/430/912 417/429/913
s 0
f 417/420/914 419/434/914 414/419/914
s 1
f 419/431/915 421/433/916 414/435/917
f 414/435/917 421/433/916 423/436/918
f 423/436/919 421/433/920 417/429/921
f 405/410/922 409/409/922 411/418/922
f 418/421/923 410/411/924 409/409/925
f 426/437/926 400/403/880 401/404/882
s 0
f 418/421/927 422/438/927 416/416/927
s 1
f 417/420/928 416/416/929 433/439/930
f 418/421/923 409/409/925 398/422/931
f 423/436/932 417/429/928 433/440/930
s 0
f 425/425/933 415/424/933 424/405/933
s 1
f 435/441/934 402/401/934 400/403/934
s 0
f 414/435/935 423/436/935 428/442/935
f 432/443/936 405/410/936 411/418/936
f 424/405/937 402/407/937 435/444/937
f 398/422/938 397/445/938 434/446/938
s 1
f 416/416/929 422/438/939 433/439/930
s 0
f 401/406/940 424/405/940 428/447/940
s 1
f 418/421/923 398/422/931 434/446/941
f 435/444/942 411/426/902 425/425/904
s 0
f 401/404/943 428/448/943 426/437/943
f 432/449/944 411/426/944 435/444/944
s 1
f 435/444/942 425/425/904 424/405/945
s 0
f 398/422/946 432/443/946 397/445/946
f 432/443/947 398/422/947 405/410/947
f 424/405/948 414/428/948 428/447/948
s 1
f 435/441/949 400/403/950 426/437/951
s 0
f 431/450/952 426/437/952 428/448/952
f 422/438/953 418/421/953 434/446/953
s 1
f 434/446/954 397/445/955 432/443/956
s 0
f 436/451/957 428/442/957 439/452/957
f 439/452/958 428/442/958 423/436/958
f 438/453/959 422/454/959 434/455/959
f 428/448/960 436/456/960 431/450/960
f 433/440/961 422/454/961 438/453/961
s 1
f 443/457/962 432/458/963 435/441/964
f 444/459/965 439/452/966 423/436/967
f 435/441/949 426/437/951 431/450/968
s 0
f 441/460/969 431/450/969 436/456/969
s 1
f 438/453/970 434/455/954 443/461/971
f 434/446/954 432/443/956 443/462/971
s 0
f 445/463/972 441/460/972 436/456/972
f 423/436/973 433/440/973 438/453/973
s 1
f 443/457/962 435/441/964 431/450/974
s 0
f 423/436/975 438/453/975 444/459/975
f 436/451/976 439/452/976 442/464/976
s 1
f 431/450/974 441/460/977 443/457/962
s 0
f 442/465/978 445/463/978 436/456/978
f 438/453/979 443/461/979 448/466/979
f 447/467/980 445/463/980 442/465/980
f 444/459/981 438/453/981 448/466/981
f 443/457/982 441/460/982 448/468/982
s 1
f 439/452/983 444/459/965 446/469/984
s 0
f 448/468/985 441/460/985 445/463/985
f 447/467/986 442/465/986 396/470/986
s 1
f 442/464/987 439/452/988 451/471/989
f 445/463/990 447/467/991 450/472/992
f 460/473/993 396/470/994 442/465/995
s 0
f 444/459/996 448/466/996 449/474/996
s 1
f 448/468/997 445/463/990 450/472/992
f 444/459/998 449/474/999 463/475/1000
f 439/452/988 446/469/1001 451/471/1002
f 442/464/1003 451/471/1004 460/476/1005
f 446/469/1006 444/459/998 463/475/1000
f 449/474/1007 448/466/1008 463/475/1009
f 448/468/1010 450/472/1011 453/477/1012
f 452/478/1013 450/472/1014 447/467/1015
f 447/467/1016 396/470/1017 454/479/1018
f 396/470/994 460/473/993 456/480/1019
f 452/478/1020 447/467/1016 454/479/1018
f 450/472/1011 464/481/1021 453/477/1012
f 450/472/1014 452/478/1013 464/481/1022
f 454/479/1023 396/470/1024 456/480/1019
f 460/476/1005 451/471/1004 461/482/1025
f 446/469/1006 463/475/1000 462/483/1026
f 465/484/1027 451/471/1002 446/469/1001
f 463/475/1028 448/466/1029 455/485/1030
f 461/482/1025 451/471/1004 465/484/1031
f 453/486/1012 455/485/1032 448/466/1010
f 471/487/1033 452/478/1020 454/479/1018
s 0
f 471/487/1034 454/479/1034 467/488/1034
s 1
f 456/480/1019 460/473/993 461/489/1035
f 467/488/1036 454/479/1037 456/480/1019
f 465/484/1038 446/469/1006 462/483/1026
f 478/490/1039 463/475/1028 455/485/1030
f 453/477/1012 464/481/1021 470/491/1040
f 465/484/1038 462/483/1026 468/492/1041
f 470/493/1042 455/485/1032 453/486/1012
f 478/490/1043 455/485/1032 470/493/1042
f 456/480/1019 461/489/1035 467/488/1036
f 462/483/1026 463/475/1000 468/492/1044
f 471/487/1045 464/481/1022 452/478/1013
s 0
f 472/494/1046 465/484/1046 473/495/1046
f 468/492/1047 463/475/1047 478/490/1047
s 1
f 464/481/1022 471/487/1045 470/491/1048
f 461/482/1025 465/484/1031 472/494/1049
f 465/484/1050 468/492/1051 473/495/1052
s 0
f 479/496/1053 461/482/1053 472/494/1053
f 473/495/1054 468/492/1054 478/490/1054
f 470/491/1055 471/487/1055 475/497/1055
s 1
f 475/497/1056 471/487/1057 467/488/1058
s 0
f 472/494/1059 473/495/1059 481/498/1059
s 1
f 467/488/1060 461/489/1061 479/499/1062
f 476/500/1063 475/497/1064 467/488/1065
s 0
f 472/494/1066 477/501/1066 479/496/1066
f 477/501/1067 472/494/1067 481/498/1067
f 473/495/1068 478/490/1068 481/498/1068
f 470/493/1069 475/502/1069 478/490/1069
s 1
f 467/488/1060 479/499/1070 480/503/1071
s 0
f 481/498/1072 478/490/1072 482/504/1072
f 478/490/1073 475/502/1073 482/504/1073
f 475/497/1074 476/500/1074 482/505/1074
s 1
f 485/506/1075 479/496/1076 477/501/1077
f 477/501/1078 481/498/1079 484/507/1080
f 480/503/1081 479/499/1076 485/508/1075
f 476/500/1082 467/488/1083 480/503/1084
f 477/501/1085 484/507/1085 483/509/1085
f 476/500/1082 480/503/1084 489/510/1086
f 483/509/1087 484/507/1088 486/511/1089
f 482/504/1090 476/512/1091 489/513/1092
s 0
f 481/498/1093 482/504/1093 487/514/1093
f 483/509/1094 485/506/1094 477/501/1094
s 1
f 480/503/1081 485/508/1075 489/510/1095
s 0
f 394/515/1096 486/511/1096 488/516/1096
f 486/511/1097 484/507/1097 488/516/1097
s 1
f 484/507/1098 481/498/1079 488/516/1099
f 482/504/1090 489/513/1092 487/514/1100
s 0
f 489/517/1101 485/506/1101 395/518/1101
f 395/518/1102 485/506/1102 483/509/1102
s 1
f 486/511/1103 394/515/1104 492/519/1105
s 0
f 487/514/1106 490/520/1106 481/498/1106
f 481/498/1107 490/520/1107 488/516/1107
s 1
f 486/511/1103 492/519/1105 499/521/1108
s 0
f 489/517/1109 395/518/1109 497/522/1109
s 1
f 498/523/1110 492/519/1111 394/515/1112
s 0
f 497/522/1113 395/518/1113 493/524/1113
f 488/516/1114 490/520/1114 394/515/1114
s 1
f 487/514/1115 489/513/1116 490/520/1117
f 494/525/1118 497/522/1119 495/526/1120
s 0
f 493/524/1121 395/518/1121 483/509/1121
s 1
f 498/523/1110 394/515/1112 506/527/1122
f 489/513/1116 497/528/1123 490/520/1117
f 483/509/1087 486/511/1089 493/524/1124
f 493/524/1125 486/511/1126 499/521/1127
f 493/524/1128 495/526/1120 497/522/1119
f 499/521/1108 492/519/1105 500/398/1129
f 505/529/1130 494/525/1131 495/526/1132
s 0
f 394/515/1133 490/520/1133 502/530/1133
s 1
f 500/398/1134 492/519/1111 509/531/1135
s 0
f 394/515/1136 502/530/1136 506/527/1136
s 1
f 501/532/1137 392/399/1138 504/533/1139
f 502/530/1140 490/520/1140 497/528/1140
f 499/521/1108 500/398/1129 503/400/1141
f 392/399/876 500/398/875 509/531/1142
f 392/399/1143 511/534/1144 504/533/1145
f 509/531/1135 492/519/1111 498/523/1110
s 0
f 392/399/1146 507/535/1146 503/400/1146
s 1
f 506/527/1147 502/530/1148 513/536/1149
s 0
f 392/399/1150 501/532/1150 507/535/1150
s 1
f 501/532/1137 504/533/1139 515/537/1151
f 393/538/1152 511/534/1144 392/399/1143
f 514/539/1153 495/526/1154 493/524/1155
f 498/523/1110 506/527/1122 512/540/1156
f 495/526/1154 514/539/1153 517/541/1157
f 392/399/876 509/531/1142 393/538/1158
f 497/522/1159 494/525/1160 505/529/1161
s 0
f 514/539/1162 493/524/1162 527/542/1162
f 512/540/1163 506/527/1163 513/536/1163
f 516/543/1164 502/530/1164 497/528/1164
s 1
f 509/531/1165 498/523/1166 512/540/1167
f 513/536/1149 502/530/1148 516/543/1168
f 527/542/1169 493/524/1170 499/521/1127
f 505/529/1130 495/526/1132 517/541/1171
f 518/544/1172 501/532/1173 515/537/1174
f 516/543/1175 497/528/1159 505/545/1161
f 527/542/1169 499/521/1127 503/400/1176
f 393/538/1177 519/546/1178 511/534/1179
f 501/532/1173 521/547/1180 507/535/1181
f 393/538/1182 512/540/1183 519/546/1184
f 393/538/1182 509/531/1185 512/540/1183
s 0
f 521/547/1186 503/400/1186 507/535/1186
s 1
f 501/532/1173 518/544/1172 521/547/1180
s 0
f 521/547/1187 527/542/1187 503/400/1187
s 1
f 512/540/1188 513/536/1189 520/548/1190
s 0
f 527/542/1191 517/541/1191 514/539/1191
f 516/543/1192 505/545/1192 522/549/1192
f 505/529/1193 517/541/1193 522/550/1193
f 517/541/1194 527/542/1194 522/550/1194
s 1
f 504/533/1195 511/534/1196 534/551/1197
f 523/552/1198 516/543/1199 522/549/1200
f 561/553/1201 529/554/1202 532/555/1203
s 0
f 535/556/1204 529/554/1204 525/557/1204
s 1
f 525/557/1205 529/554/1202 561/553/1206
f 519/546/1207 512/540/1183 533/558/1208
f 524/559/1209 531/560/1210 535/561/1211
s 0
f 515/537/1212 504/533/1212 534/551/1212
s 1
f 513/536/1213 516/543/1214 520/548/1190
s 0
f 520/548/1215 516/543/1215 523/552/1215
s 1
f 511/534/1179 519/546/1178 530/562/1216
f 535/561/1217 531/560/1218 529/563/1219
s 0
f 512/540/1220 520/548/1220 390/564/1220
s 1
f 524/559/1221 523/552/1198 522/549/1200
s 0
f 520/548/1222 523/552/1222 537/565/1222
f 527/566/1223 391/567/1223 522/568/1223
s 1
f 534/551/1197 511/534/1196 530/562/1224
f 523/552/1225 524/559/1226 535/561/1227
f 527/542/1228 521/547/1228 548/569/1228
s 0
f 537/565/1229 390/564/1229 520/548/1229
s 1
f 532/570/1230 529/571/1219 538/572/1231
f 521/547/1180 518/544/1172 536/573/1232
s 0
f 391/567/1233 527/566/1233 543/574/1233
s 1
f 541/575/1234 532/570/1235 539/576/1236
f 538/572/1237 529/571/1219 531/577/1218
s 0
f 524/578/1238 522/568/1238 391/567/1238
s 1
f 515/537/1239 540/579/1240 518/544/1241
s 0
f 533/558/1242 530/562/1242 519/546/1242
s 1
f 561/553/1201 532/555/1203 541/580/1243
f 544/581/1244 541/582/1245 539/583/1246
f 540/579/1240 515/537/1247 534/551/1248
s 0
f 534/551/1249 542/584/1249 540/579/1249
f 530/562/1250 533/558/1250 542/584/1250
s 1
f 523/552/1225 535/561/1251 537/565/1252
f 531/577/1210 524/578/1209 391/567/1253
s 0
f 538/572/1254 531/577/1254 556/585/1254
f 543/574/1255 527/566/1255 548/586/1255
f 530/562/1256 542/584/1256 534/551/1256
f 512/540/1257 390/564/1257 533/558/1257
f 556/585/1258 531/577/1258 391/567/1258
f 548/569/1259 521/547/1259 536/573/1259
f 546/587/1260 540/579/1260 542/584/1260
f 544/588/1261 586/589/1261 563/590/1261
s 1
f 532/570/1235 538/572/1262 602/591/1263
f 542/584/1264 533/558/1265 557/592/1266
f 539/576/1236 532/570/1235 545/593/1267
f 602/591/1263 538/572/1262 607/594/1268
f 557/592/1266 533/558/1265 390/564/1269
f 555/595/1270 537/565/1271 535/561/1272
f 574/596/1273 535/556/1274 525/557/1275
f 545/593/1267 532/570/1235 602/591/1263
f 390/564/1276 537/565/1271 555/595/1277
f 561/553/1201 541/580/1243 597/597/1278
f 536/573/1232 518/544/1172 540/579/1279
f 574/596/1273 555/598/1280 535/556/1274
f 570/599/1281 538/572/1282 556/585/1283
s 0
f 571/600/1284 563/590/1284 554/601/1284
f 556/585/1285 391/567/1285 548/586/1285
f 391/567/1286 543/574/1286 548/586/1286
s 1
f 388/396/1287 371/171/1288 360/374/1289
f 366/602/1290 361/189/1291 369/381/1292
s 0
f 559/603/1293 567/604/1293 339/370/1293
s 1
f 574/596/1294 525/557/1295 561/553/1296
f 564/605/1297 584/606/1298 354/364/1299
f 348/340/820 382/392/1300 374/378/821
f 558/371/1301 330/328/732 358/342/750
s 0
f 341/607/1302 338/383/1302 375/608/1302
f 339/370/1303 203/369/1303 559/603/1303
s 1
f 563/590/1304 586/589/1305 554/601/1306
f 586/609/1307 544/581/1308 552/610/1309
s 0
f 557/592/1310 390/564/1310 555/595/1310
s 1
f 382/392/1311 346/336/791 372/354/790
f 389/385/1312 377/361/864 383/380/863
f 373/372/826 344/9/825 565/611/1313
s 0
f 375/608/1314 338/383/1314 578/388/1314
f 562/612/1315 203/351/1315 376/353/1315
s 1
f 579/613/1316 367/185/1317 351/344/1318
f 573/614/1319 552/610/1320 544/581/1308
f 550/615/1321 546/616/1322 542/617/1323
s 0
f 568/6/1324 557/618/1324 617/619/1324
s 1
f 364/362/800 354/364/802 584/606/1325
f 358/342/750 377/361/795 577/620/1326
f 544/581/1327 539/583/1328 573/614/1329
s 0
f 548/569/1330 536/573/1330 540/579/1330
s 1
f 550/615/1321 542/617/1323 582/621/1331
s 0
f 597/622/1332 541/623/1332 563/590/1332
s 1
f 541/623/1245 544/588/1244 563/590/1333
s 0
f 360/374/1334 576/391/1334 388/396/1334
f 339/370/1335 567/604/1335 566/382/1335
f 621/624/1336 376/353/1336 572/625/1336
f 379/386/1337 367/185/1337 579/613/1337
s 1
f 579/613/1316 351/344/1318 595/626/1338
s 0
f 386/375/1339 364/362/1339 584/606/1339
s 1
f 368/360/1340 375/367/1341 588/627/1342
s 0
f 572/625/1343 379/379/1343 579/628/1343
s 1
f 381/387/1344 386/375/1345 571/600/1346
f 602/591/1347 607/594/1348 603/629/1349
s 0
f 538/572/1350 570/599/1350 607/594/1350
s 1
f 598/395/1351 380/365/1352 569/630/1353
f 559/631/1354 203/351/1355 562/612/1356
f 376/353/829 379/379/828 572/625/1357
s 0
f 546/632/1358 550/633/1358 580/634/1358
f 568/6/1359 542/617/1359 557/618/1359
s 1
f 601/635/1360 555/598/1361 574/596/1362
s 0
f 380/365/1363 202/376/1363 569/630/1363
f 372/354/1364 385/394/1364 382/392/1364
f 369/381/1365 373/372/1365 565/611/1365
s 1
f 386/375/852 381/387/1366 356/373/850
f 552/610/1320 573/614/1319 592/636/1367
f 558/371/1301 358/342/750 577/620/1326
f 366/602/1290 369/381/1292 378/637/1368
f 554/601/1369 381/387/1344 571/600/1346
f 539/576/1236 545/593/1267 602/591/1263
f 574/596/1370 561/553/1296 583/638/1371
s 0
f 540/579/1372 546/587/1372 548/569/1372
f 386/375/1373 584/606/1373 626/639/1373
s 1
f 561/553/1296 597/597/1374 618/640/1375
s 0
f 576/641/1376 387/642/1376 599/643/1376
f 565/611/1377 344/9/1377 588/627/1377
s 1
f 344/9/775 368/360/1340 588/627/1342
s 0
f 617/619/1378 557/618/1378 601/635/1378
f 593/644/1379 576/641/1379 599/643/1379
s 1
f 605/645/1380 377/361/864 389/385/1312
s 0
f 578/388/1381 566/382/1381 567/604/1381
f 351/344/1382 381/387/1382 595/626/1382
f 601/635/1383 557/618/1383 555/598/1383
f 610/646/1384 385/394/1384 558/371/1384
s 1
f 583/638/1371 561/553/1296 618/640/1375
f 389/385/847 378/390/855 600/647/1385
f 562/612/1386 376/353/1387 621/624/1388
f 548/586/1389 570/599/1281 556/585/1283
f 571/600/1390 386/375/1391 622/648/1392
s 0
f 569/630/1393 202/376/1393 388/649/1393
f 382/392/1394 387/393/1394 374/378/1394
s 1
f 386/375/1391 626/639/1395 622/648/1392
s 0
f 388/649/1396 576/641/1396 593/644/1396
s 1
f 596/650/1397 552/610/1320 592/636/1367
s 0
f 548/586/1398 546/632/1398 580/634/1398
s 1
f 608/5/1399 612/4/1399 616/651/1399
f 569/630/1400 388/649/1401 593/644/1402
s 0
f 382/392/1403 385/394/1403 610/646/1403
s 1
f 588/652/1404 378/653/1368 369/654/1292
f 554/655/1405 586/609/1406 552/610/1407
s 0
f 601/635/1408 574/596/1408 583/638/1408
f 609/656/1409 563/590/1409 571/600/1409
s 1
f 582/621/1331 542/617/1323 568/6/4
f 584/606/1410 564/605/1297 626/639/1411
s 0
f 572/625/1412 579/628/1412 621/624/1412
s 1
f 550/633/1413 582/657/1413 611/658/1413
s 0
f 597/622/1414 563/590/1414 609/656/1414
s 1
f 609/656/1415 571/600/1416 613/659/1417
f 595/626/1418 554/601/1419 579/613/1420
s 0
f 601/635/1421 583/638/1421 617/619/1421
s 1
f 550/633/1422 611/658/1423 678/660/1424
f 568/6/4 608/5/3 582/621/1331
s 0
f 613/659/1425 571/600/1425 622/648/1425
s 1
f 577/620/1326 377/361/795 605/645/1426
f 605/645/1427 389/385/1428 600/647/1429
s 0
f 580/634/1430 570/599/1430 548/586/1430
f 710/661/1431 608/5/1431 625/662/1431
s 1
f 375/608/1341 578/388/1432 588/663/1342
f 595/626/1418 381/387/1433 554/601/1419
f 615/664/1434 592/636/1367 573/614/1319
s 0
f 387/393/1435 382/392/1435 610/646/1435
f 608/5/1436 616/651/1436 682/665/1436
s 1
f 605/645/1427 600/647/1429 671/666/1437
f 616/651/1438 612/4/1439 761/667/1440
f 617/619/1441 583/638/1442 700/668/1443
s 0
f 618/669/1444 597/622/1444 609/656/1444
f 554/655/1445 552/610/1445 596/650/1445
s 1
f 607/594/1446 570/599/1447 689/670/1448
f 580/634/1449 550/633/1450 624/671/1451
s 0
f 564/605/1452 354/364/1452 670/672/1452
s 1
f 598/395/1351 569/630/1453 627/673/1454
s 0
f 387/642/1455 610/674/1455 687/675/1455
f 610/646/1456 558/371/1456 577/620/1456
s 1
f 621/624/1388 685/676/1457 562/612/1386
f 633/677/1458 634/678/1458 632/679/1458
f 635/680/1459 631/681/1460 633/677/1461
f 634/678/1462 633/677/1461 631/681/1460
f 637/682/1463 632/679/1464 634/678/1465
s 0
f 635/680/1466 633/677/1466 630/683/1466
f 634/678/1467 643/684/1467 637/682/1467
s 1
f 629/685/1468 632/679/1469 644/686/1470
s 0
f 634/678/1471 631/681/1471 643/684/1471
s 1
f 640/687/1472 633/677/1473 632/679/1474
s 0
f 642/688/1475 637/682/1475 643/684/1475
s 1
f 643/684/1476 631/681/1477 635/680/1478
f 640/687/1472 632/679/1474 629/685/1479
f 632/679/1480 637/682/1463 644/686/1481
f 635/689/1478 641/690/1482 649/691/1483
s 0
f 630/683/1484 633/677/1484 647/692/1484
f 639/693/1485 629/685/1485 638/694/1485
s 1
f 645/695/1486 635/689/1487 630/696/1488
f 641/690/1489 635/689/1487 645/695/1486
f 633/677/1490 640/687/1472 647/692/1491
s 0
f 638/694/1492 629/685/1492 652/697/1492
s 1
f 629/685/1493 644/686/1494 652/697/1495
s 0
f 650/698/1496 639/693/1496 638/694/1496
s 1
f 635/689/1478 649/691/1483 643/699/1476
s 0
f 642/700/1497 643/699/1497 646/701/1497
f 650/698/1498 638/694/1498 652/697/1498
s 1
f 629/685/1499 639/693/1500 650/698/1501
f 651/702/1502 645/695/1503 630/696/1504
f 644/686/1505 637/682/1506 642/688/1507
f 630/696/1504 647/703/1508 651/702/1502
s 0
f 643/699/1509 649/691/1509 654/704/1509
s 1
f 644/686/1505 642/688/1507 663/705/1510
s 0
f 649/691/1511 641/690/1511 654/704/1511
s 1
f 642/700/1512 646/701/1513 661/706/1514
f 655/707/1515 652/697/1516 644/686/1517
s 0
f 647/692/1518 640/687/1518 658/708/1518
f 643/699/1519 654/704/1519 664/709/1519
f 660/710/1520 650/698/1520 652/697/1520
f 661/706/1521 646/701/1521 657/711/1521
s 1
f 657/711/1522 646/701/1523 664/709/1524
f 646/701/1523 643/699/1525 664/709/1524
s 0
f 640/687/1526 629/685/1526 660/710/1526
s 1
f 629/685/1499 650/698/1501 660/710/1527
f 663/705/1528 642/688/1512 661/712/1514
s 0
f 641/690/1529 645/695/1529 656/713/1529
s 1
f 644/686/1530 663/705/1510 659/714/1531
f 641/690/1532 656/713/1533 654/704/1534
s 0
f 660/710/1535 652/697/1535 667/715/1535
s 1
f 652/697/1516 655/707/1515 667/715/1536
f 667/715/1536 655/707/1515 662/716/1537
f 656/713/1538 645/695/1539 665/717/1540
s 0
f 665/717/1541 645/695/1541 651/702/1541
f 647/703/1542 658/718/1542 651/702/1542
f 667/715/1543 662/716/1543 673/719/1543
s 1
f 628/720/1544 667/715/1545 673/719/1546
s 0
f 655/707/1547 644/686/1547 659/714/1547
s 1
f 658/708/1548 640/687/1549 686/721/1550
f 651/702/1551 658/718/1552 703/722/1553
f 686/721/1550 640/687/1549 660/710/1554
f 668/723/1555 660/710/1554 667/715/1556
f 654/704/1534 656/713/1533 664/709/1557
f 656/713/1558 665/717/1559 669/724/1560
f 665/717/1561 651/702/1551 703/722/1553
f 662/716/1562 655/707/1563 659/714/1564
f 686/721/1550 660/710/1554 668/723/1555
f 569/630/1400 593/644/1402 627/673/1565
f 593/644/1566 599/643/1567 687/675/1568
s 0
f 687/675/1569 599/643/1569 387/642/1569
s 1
f 600/725/1429 705/726/1570 671/727/1437
s 0
f 600/728/1571 378/653/1571 588/652/1571
f 579/628/1572 554/655/1572 672/729/1572
s 1
f 615/664/1434 573/614/1319 726/730/1573
f 550/633/1422 678/660/1424 624/671/1574
s 0
f 600/728/1575 588/652/1575 705/731/1575
s 1
f 539/576/1576 602/591/1577 677/732/1578
f 718/733/1579 659/714/1580 663/705/1581
f 718/733/1579 663/705/1581 661/712/1582
f 625/662/1583 608/5/1584 682/665/1585
f 598/395/870 627/673/1586 354/364/853
f 627/673/1587 593/644/1566 687/675/1568
s 0
f 579/628/1588 672/729/1588 621/624/1588
s 1
f 681/734/1589 679/735/1590 673/719/1591
f 628/720/1592 673/719/1546 679/735/1593
s 0
f 710/661/1594 582/621/1594 608/5/1594
s 1
f 683/736/1595 616/651/1596 761/667/1597
f 612/4/2 568/6/1598 700/668/1443
s 0
f 354/364/1599 750/737/1599 670/672/1599
f 578/388/1600 567/604/1600 676/738/1600
f 676/738/1601 567/604/1601 559/603/1601
s 1
f 592/636/1367 615/664/1434 714/739/1602
f 689/670/1448 570/599/1447 580/634/1603
f 689/670/1604 580/634/1449 624/671/1451
f 700/668/1605 583/638/1606 704/740/1607
s 0
f 354/364/1608 627/673/1608 750/737/1608
f 369/654/1609 565/741/1609 688/742/1609
f 688/742/1610 565/741/1610 588/743/1610
s 1
f 588/663/1611 578/388/1611 705/726/1611
f 559/631/1354 562/612/1356 721/744/1612
f 726/730/1573 715/745/1613 615/664/1434
f 602/591/1577 603/629/1614 677/732/1578
f 703/722/1615 658/718/1552 686/746/1616
f 568/6/1598 617/619/1441 700/668/1443
f 583/638/1606 618/640/1617 704/740/1607
s 0
f 588/652/1618 369/654/1618 684/747/1618
s 1
f 664/709/1557 656/713/1533 691/748/1619
s 0
f 684/749/1620 671/727/1620 705/726/1620
s 1
f 539/583/1328 677/750/1621 573/614/1329
f 603/629/1622 607/594/1623 689/670/1624
f 669/724/1625 691/748/1626 656/713/1627
f 605/645/1628 708/751/1629 577/620/1630
s 0
f 684/747/1631 369/654/1631 671/752/1631
s 1
f 588/743/1632 684/753/1632 688/742/1632
s 0
f 676/738/1633 559/603/1633 721/754/1633
f 685/676/1634 621/624/1634 18/755/1634
s 1
f 699/756/1635 662/716/1636 659/714/1564
f 690/757/1637 661/706/1638 657/711/1639
f 691/748/1640 669/724/1641 719/758/1642
s 0
f 611/658/1643 582/657/1643 717/759/1643
s 1
f 710/661/1644 717/760/1645 582/621/1646
s 0
f 671/752/1647 369/654/1647 688/742/1647
s 1
f 688/761/1648 684/749/1649 705/726/1650
f 621/624/1651 672/729/1652 18/755/1653
f 596/650/1397 592/636/1367 714/739/1602
f 573/614/1329 677/750/1621 726/730/1654
s 0
f 681/734/1655 673/719/1655 716/762/1655
s 1
f 626/639/1656 564/605/1657 670/672/1658
f 708/751/1629 605/645/1628 671/666/1659
s 0
f 596/650/1660 672/729/1660 554/655/1660
f 610/646/1661 577/620/1661 707/763/1661
s 1
f 721/744/1612 562/612/1356 722/764/1662
f 678/660/1663 611/658/1664 681/765/1665
s 0
f 719/758/1666 702/766/1666 691/748/1666
f 562/612/1667 685/676/1667 722/764/1667
s 1
f 706/767/1668 668/723/1669 667/715/1556
f 681/765/1665 611/658/1664 709/768/1670
f 700/668/1671 704/740/1672 788/769/1673
f 622/648/1674 626/639/1675 733/770/1676
f 735/771/1677 699/756/1678 718/733/1679
f 667/715/1680 628/720/1680 706/767/1680
f 709/768/1681 679/772/1590 681/765/1589
f 609/656/1415 613/659/1417 743/773/1682
f 707/763/1683 577/620/1630 708/751/1629
s 0
f 689/670/1684 624/671/1684 17/774/1684
f 17/774/1685 624/671/1685 678/660/1685
f 699/756/1686 659/714/1686 718/733/1686
s 1
f 669/724/1687 665/717/1688 727/775/1689
s 0
f 612/4/1690 700/668/1690 761/667/1690
f 610/674/1691 707/776/1691 731/777/1691
s 1
f 736/778/1692 691/748/1693 702/766/1694
f 749/779/1695 717/760/1645 710/661/1696
f 704/780/1697 618/781/1697 720/782/1697
f 677/783/1578 603/784/1614 773/785/1698
f 665/717/1688 703/722/1699 727/775/1689
s 0
f 628/720/1700 679/735/1700 730/786/1700
f 18/755/1701 722/764/1701 685/676/1701
s 1
f 723/787/1702 18/755/1653 672/729/1652
f 740/788/1703 603/629/1622 689/670/1624
f 691/748/1693 736/778/1692 664/709/1704
s 0
f 720/789/1705 618/669/1705 609/656/1705
f 687/675/1706 610/674/1706 731/777/1706
s 1
f 671/752/1707 688/742/1708 708/790/1709
f 676/738/1710 688/761/1648 705/726/1711
f 676/738/1712 705/726/1712 578/388/1712
f 746/791/1713 678/660/1663 681/765/1665
s 0
f 662/716/1714 699/756/1714 768/792/1714
f 763/793/1715 679/772/1715 709/768/1715
s 1
f 710/661/1716 625/662/1717 749/779/1718
f 682/665/1719 616/651/1720 683/736/1721
f 742/794/1722 673/719/1723 768/792/1724
s 0
f 730/795/1725 679/772/1725 763/793/1725
s 1
f 709/768/1726 611/658/1664 717/759/1727
f 708/796/1709 688/761/1708 676/738/1728
s 0
f 615/664/1729 715/745/1729 729/797/1729
s 1
f 760/798/1730 603/784/1622 740/799/1703
s 0
f 744/800/1731 689/670/1731 17/774/1731
f 673/719/1732 662/716/1732 768/792/1732
f 628/720/1733 730/786/1733 706/767/1733
f 627/673/1734 687/675/1734 731/777/1734
s 1
f 681/734/1735 716/762/1736 746/801/1737
f 738/802/1738 664/709/1704 736/778/1692
f 749/779/1739 625/662/1717 693/803/1740
f 751/804/1741 613/659/1741 622/648/1741
s 0
f 750/737/1742 627/673/1742 731/777/1742
f 17/774/1743 678/660/1743 744/800/1743
f 718/805/1744 661/706/1744 690/757/1744
s 1
f 741/806/1745 731/807/1746 707/808/1747
f 739/809/1748 714/739/1749 615/664/1750
f 773/785/1698 603/784/1622 760/798/1730
f 738/802/1738 657/711/1751 664/709/1704
f 686/746/1752 668/810/1753 771/811/1754
f 788/769/1755 761/667/1756 700/668/1757
s 0
f 743/773/1758 613/659/1758 751/804/1758
s 1
f 670/672/1658 733/770/1759 626/639/1656
s 0
f 714/739/1760 739/809/1760 596/650/1760
s 1
f 771/811/1754 703/722/1761 686/746/1762
s 0
f 722/812/1763 732/813/1763 721/814/1763
f 739/809/1764 672/729/1764 596/650/1764
f 715/745/1765 726/730/1765 793/815/1765
s 1
f 746/791/1713 744/800/1766 678/660/1663
s 0
f 719/758/1767 669/724/1767 727/775/1767
s 1
f 707/763/1683 708/751/1629 732/816/1768
f 722/764/1769 18/755/1770 723/787/1771
s 0
f 716/762/1772 673/719/1772 742/794/1772
s 1
f 693/803/1773 625/662/1583 682/665/1585
f 670/672/1774 750/737/1775 751/804/1776
f 732/813/1777 722/812/1778 756/817/1779
f 740/788/1703 689/670/1624 744/800/1780
f 699/756/1678 735/771/1677 748/818/1781
s 0
f 735/819/1782 718/805/1782 690/757/1782
s 1
f 690/757/1637 657/711/1783 738/802/1784
s 0
f 732/820/1785 676/738/1785 721/754/1785
s 1
f 731/807/1746 741/806/1745 775/821/1786
f 726/730/1787 677/750/1788 759/822/1789
f 727/775/1689 703/722/1699 771/811/1790
f 741/806/1791 707/808/1792 753/823/1793
f 732/813/1777 786/824/1794 753/823/1795
s 0
f 723/787/1796 672/729/1796 739/809/1796
s 1
f 767/825/1797 677/783/1578 773/785/1698
s 0
f 708/796/1798 676/738/1798 732/820/1798
s 1
f 735/819/1799 690/757/1800 774/826/1801
s 0
f 727/775/1802 702/766/1802 719/758/1802
f 709/768/1803 717/759/1803 763/793/1803
s 1
f 733/770/1804 670/672/1774 751/804/1776
s 0
f 751/827/1805 750/828/1805 766/829/1805
s 1
f 707/808/1792 732/813/1806 753/823/1793
s 0
f 729/797/1807 715/745/1807 758/830/1807
s 1
f 759/822/1789 677/750/1788 767/831/1808
f 690/757/1809 738/802/1810 774/826/1811
s 0
f 736/778/1812 702/766/1812 727/775/1812
s 1
f 622/648/1674 733/770/1676 751/804/1813
f 750/828/1814 731/807/1746 775/821/1786
s 0
f 757/832/1815 741/806/1815 753/823/1815
s 1
f 755/833/1816 781/834/1817 754/835/1818
f 756/817/1819 772/836/1820 755/833/1821
f 739/809/1748 615/664/1750 729/797/1822
s 0
f 699/756/1823 748/818/1823 768/792/1823
s 1
f 748/818/1824 735/771/1825 762/837/1826
s 0
f 771/811/1827 668/810/1827 706/838/1827
s 1
f 764/839/1828 749/779/1829 693/803/1830
f 760/798/1730 740/799/1703 782/840/1831
f 736/778/1832 769/841/1833 738/802/1834
s 0
f 609/656/1835 743/773/1835 720/789/1835
s 1
f 735/819/1825 774/826/1836 762/842/1826
s 0
f 736/778/1837 727/775/1837 769/841/1837
f 774/826/1838 738/802/1838 769/841/1838
s 1
f 693/803/1830 765/843/1839 764/839/1828
f 722/764/1769 723/787/1771 778/844/1840
s 0
f 779/845/1841 771/811/1841 706/838/1841
s 1
f 717/760/1842 749/779/1829 764/839/1828
s 0
f 769/841/1843 727/775/1843 771/811/1843
s 1
f 766/829/1844 750/828/1845 775/821/1846
f 798/846/1847 775/821/1846 741/806/1848
f 764/847/1849 763/793/1850 717/759/1851
s 0
f 756/817/1852 755/833/1852 786/824/1852
f 723/787/1853 739/809/1853 776/848/1853
f 748/818/1854 791/849/1854 768/792/1854
s 1
f 786/824/1794 732/813/1777 756/817/1779
f 756/817/1855 778/850/1856 772/836/1820
s 0
f 758/830/1857 715/745/1857 793/815/1857
s 1
f 776/851/1858 739/852/1859 795/853/1860
f 739/852/1861 729/854/1862 795/853/1860
s 0
f 779/845/1863 706/838/1863 730/855/1863
f 743/773/1864 751/804/1864 797/856/1864
s 1
f 756/817/1855 722/812/1865 778/850/1856
f 746/801/1866 716/762/1867 783/857/1868
f 742/794/1722 768/792/1724 791/849/1869
f 693/803/1773 682/665/1585 765/843/1870
f 803/858/1871 682/665/1719 683/736/1721
s 0
f 753/823/1872 786/824/1872 789/859/1872
f 791/849/1873 748/818/1873 762/837/1873
f 730/795/1874 763/793/1874 780/860/1874
f 786/824/1875 755/833/1875 754/835/1875
f 781/834/1876 755/833/1876 772/836/1876
f 723/787/1877 776/848/1877 794/861/1877
f 716/762/1878 742/794/1878 787/862/1878
f 741/806/1879 757/832/1879 798/846/1879
f 793/815/1880 726/730/1880 759/822/1880
s 1
f 785/863/1881 760/798/1730 782/840/1831
s 0
f 797/856/1882 720/789/1882 743/773/1882
f 806/864/1883 753/823/1883 789/859/1883
f 746/865/1884 783/866/1884 744/867/1884
f 779/868/1885 730/795/1885 780/860/1885
s 1
f 766/829/1844 775/821/1846 798/846/1847
f 778/844/1886 723/787/1887 794/861/1888
s 0
f 798/846/1889 751/827/1889 766/829/1889
f 774/826/1890 792/869/1890 762/842/1890
f 792/869/1891 774/826/1891 769/841/1891
f 792/869/1892 769/841/1892 771/811/1892
s 1
f 751/827/1893 798/846/1894 797/870/1895
f 792/869/1896 771/811/1897 779/845/1898
f 780/860/1899 763/793/1850 764/847/1849
f 783/857/1868 716/762/1867 787/862/1900
s 0
f 787/862/1901 742/794/1901 791/849/1901
f 786/824/1902 754/835/1902 796/871/1902
s 1
f 790/872/1903 754/835/1818 781/834/1817
s 0
f 740/799/1904 744/867/1904 783/866/1904
s 1
f 729/854/1862 807/873/1905 795/853/1860
s 0
f 799/874/1906 779/868/1906 780/860/1906
f 753/823/1907 806/864/1907 757/832/1907
s 1
f 773/785/1698 760/798/1730 801/875/1908
s 0
f 792/869/1909 791/876/1909 762/842/1909
f 807/877/1910 729/797/1910 758/830/1910
s 1
f 785/863/1881 801/875/1908 760/798/1730
f 765/843/1839 802/878/1911 764/839/1912
s 0
f 806/864/1913 798/846/1913 757/832/1913
s 1
f 792/869/1896 779/845/1898 799/879/1914
s 0
f 791/876/1915 792/869/1915 800/880/1915
s 1
f 785/863/1881 782/840/1831 740/799/1703
s 0
f 754/835/1916 790/872/1916 796/871/1916
s 1
f 772/836/1917 790/872/1918 781/834/1919
f 682/665/1585 836/881/1920 765/843/1870
f 801/875/1908 767/825/1797 773/785/1698
f 831/882/1921 683/736/1595 761/667/1597
f 796/871/1922 790/872/1923 772/836/1924
s 0
f 785/863/1925 740/799/1925 783/866/1925
s 1
f 802/878/1926 765/843/1927 805/883/1928
s 0
f 789/859/1929 786/824/1929 796/871/1929
f 793/815/1930 759/822/1930 758/830/1930
f 800/880/1931 792/869/1931 823/884/1931
s 1
f 810/885/1932 720/782/1933 797/870/1934
f 795/853/1935 807/873/1905 809/886/1936
f 800/887/1937 787/862/1937 791/849/1937
s 0
f 806/864/1938 789/859/1938 796/871/1938
f 758/830/1939 759/822/1939 807/877/1939
s 1
f 761/667/1940 788/769/1941 841/888/1942
f 792/869/1943 799/879/1944 823/884/1945
s 0
f 824/889/1946 799/874/1946 780/860/1946
s 1
f 788/769/1947 704/740/1948 841/888/1949
f 797/870/1895 798/846/1894 811/890/1950
s 0
f 798/846/1951 806/864/1951 811/890/1951
f 772/836/1952 778/850/1952 796/871/1952
s 1
f 805/883/1953 765/843/1870 836/881/1920
f 807/877/1954 759/822/1955 767/831/1956
s 0
f 764/839/1957 802/878/1957 835/891/1957
f 824/889/1958 780/860/1958 764/847/1958
f 682/665/1959 803/858/1959 836/881/1959
s 1
f 803/858/1871 683/736/1721 831/882/1960
f 720/782/1961 725/892/1962 704/780/1963
f 823/893/1945 799/874/1944 824/889/1964
f 776/851/1965 795/853/1935 820/894/1966
f 796/871/1967 778/850/1968 813/895/1969
s 0
f 797/870/1970 811/890/1970 810/885/1970
s 1
f 806/864/1971 796/871/1967 811/890/1972
f 821/896/1973 807/877/1954 767/831/1956
f 767/825/1974 801/875/1975 830/897/1976
f 802/878/1926 805/883/1928 812/898/1977
f 761/667/1940 841/888/1942 737/899/1978
f 801/875/1908 785/863/1881 837/900/1979
f 787/862/1980 800/887/1981 816/901/1982
s 0
f 800/880/1983 823/884/1983 816/902/1983
s 1
f 787/862/1980 816/901/1982 783/857/1984
f 841/888/1949 704/740/1985 725/903/1986
s 0
f 821/896/1987 767/831/1987 830/904/1987
s 1
f 830/897/1976 801/875/1975 827/905/1988
f 837/900/1979 785/863/1881 15/906/1989
f 820/894/1966 795/853/1935 809/886/1936
f 811/890/1972 796/871/1967 813/895/1969
f 819/907/1990 816/908/1991 823/909/1992
f 819/907/1990 823/909/1992 814/910/1993
f 778/844/1994 794/861/1888 832/911/1995
s 0
f 15/906/1996 785/863/1996 783/866/1996
f 813/895/1997 778/850/1997 825/912/1997
f 823/893/1998 824/889/1998 835/913/1998
f 15/906/1999 783/866/1999 816/914/1999
f 816/914/2000 819/915/2000 15/906/2000
f 824/889/2001 764/847/2001 835/913/2001
s 1
f 807/873/1954 821/916/1973 809/886/2002
s 0
f 830/897/2003 827/905/2003 829/917/2003
f 829/918/2004 827/919/2004 834/920/2004
s 1
f 814/910/1993 823/909/1992 835/921/2005
s 0
f 825/912/2006 778/850/2006 832/922/2006
s 1
f 832/911/1995 794/861/1888 776/848/2007
f 821/896/2008 830/904/2009 834/920/2010
s 0
f 830/897/2011 16/923/2011 833/924/2011
f 16/923/2012 829/925/2012 833/924/2012
f 833/926/2013 829/918/2013 834/920/2013
f 839/927/2014 805/883/2014 836/881/2014
f 830/904/2015 833/926/2015 834/920/2015
s 1
f 14/928/2016 15/906/2017 819/915/2018
f 820/894/2019 809/886/2002 821/916/1973
s 0
f 16/923/2020 830/897/2020 838/929/2020
f 834/920/2021 827/919/2021 16/930/2021
f 840/931/2022 819/907/2022 814/910/2022
s 1
f 810/885/1932 826/932/2023 720/782/1933
s 0
f 16/930/2024 838/933/2024 834/920/2024
f 838/929/2025 830/897/2025 829/917/2025
s 1
f 827/934/1988 801/935/1975 828/936/2026
s 0
f 812/898/2027 805/883/2027 839/927/2027
s 1
f 826/932/2028 810/885/1932 811/890/2029
s 0
f 813/895/2030 826/932/2030 811/890/2030
f 832/937/2031 776/851/2031 820/894/2031
s 1
f 821/896/2008 834/920/2010 838/933/2032
f 802/878/2033 812/898/2034 835/891/2035
f 737/899/2036 831/882/1921 761/667/1597
s 0
f 829/938/2037 16/939/2037 842/940/2037
f 842/940/2038 16/939/2038 827/934/2038
f 14/941/2039 819/907/2039 840/931/2039
s 1
f 828/936/2040 801/935/2041 837/942/2042
f 842/940/2043 827/934/1988 828/936/2026
f 821/916/2008 838/943/2032 842/940/2043
s 0
f 829/938/2044 842/940/2044 838/943/2044
s 1
f 804/944/2045 828/936/2040 837/942/2042
f 822/945/2046 821/916/2008 842/940/2043
s 0
f 818/946/2047 840/931/2047 814/910/2047
s 1
f 720/782/2048 826/932/2049 817/947/2050
f 832/937/2051 820/894/2052 815/948/2053
s 0
f 826/932/2054 813/895/2054 825/912/2054
s 1
f 837/900/1979 15/906/1989 843/949/2055
f 817/947/2056 725/892/1962 720/782/1961
s 0
f 826/932/2057 825/912/2057 13/950/2057
f 815/948/2058 820/894/2058 821/916/2058
s 1
f 15/906/2017 14/928/2016 843/949/2059
f 808/951/2060 840/931/2061 777/952/2062
f 840/953/2063 818/954/2064 745/955/2065
f 822/945/2046 815/948/2066 821/916/2008
f 837/942/2042 843/956/2067 804/944/2045
s 0
f 803/858/2068 737/899/2068 836/881/2068
s 1
f 814/910/2069 835/921/2069 818/946/2069
s 0
f 14/941/2070 840/931/2070 843/956/2070
s 1
f 745/955/2065 818/954/2064 728/957/2071
s 0
f 737/899/2072 803/858/2072 831/882/2072
s 1
f 817/947/2050 826/932/2049 13/950/2073
f 835/891/2035 812/898/2034 818/958/2074
s 0
f 818/958/2075 812/898/2075 839/927/2075
s 1
f 825/912/2076 832/922/2051 815/959/2053
s 0
f 808/951/2077 843/956/2077 840/931/2077
s 1
f 839/927/2078 836/881/2079 728/960/2080
f 825/912/2076 815/959/2053 13/950/2081
f 728/960/2080 836/881/2079 737/899/2082
f 818/958/2064 839/927/2083 728/960/2071
f 777/961/2084 840/953/2063 745/955/2065
f 822/945/2046 842/940/2043 712/962/2085
f 808/951/2060 777/952/2062 770/963/2086
f 817/947/2087 13/950/2088 666/964/2089
f 770/965/2090 777/961/2091 784/966/2092
f 804/944/2093 843/956/2094 711/967/2095
f 734/968/2096 784/966/2097 752/969/2098
f 752/969/2098 784/966/2097 777/961/2099
s 0
f 745/955/2100 728/957/2100 680/970/2100
s 1
f 815/948/2066 822/945/2046 712/962/2085
f 711/967/2095 843/956/2094 808/951/2101
f 777/961/2084 745/955/2065 752/969/2102
s 0
f 737/899/2103 841/888/2103 725/903/2103
s 1
f 828/936/2026 804/944/2104 842/940/2043
f 734/968/2105 747/971/2106 784/966/2107
f 713/972/2108 712/962/2109 842/940/2043
f 713/972/2108 842/940/2043 804/944/2104
f 712/973/2110 13/950/2111 815/959/2112
f 724/974/2113 770/965/2114 784/966/2115
s 0
f 711/967/2116 808/951/2116 770/963/2116
f 752/969/2117 745/955/2117 680/970/2117
f 724/974/2118 784/966/2118 747/971/2118
s 1
f 13/950/2111 712/973/2110 666/964/2119
s 0
f 701/975/2120 695/976/2120 711/967/2120
f 695/976/2121 804/944/2121 711/967/2121
f 713/972/2122 804/944/2122 696/977/2122
f 804/944/2123 695/976/2123 696/977/2123
f 696/977/2124 695/978/2124 694/979/2124
f 695/976/2125 701/975/2125 694/979/2125
f 694/979/2126 701/975/2126 713/972/2126
f 701/975/2127 711/967/2127 713/972/2127
s 1
f 692/980/2128 737/899/2082 725/903/2129
s 0
f 675/981/2130 712/962/2130 713/972/2130
f 696/977/2131 694/979/2131 713/972/2131
s 1
f 623/982/2132 747/971/2106 734/968/2105
f 692/980/2128 728/960/2080 737/899/2082
f 713/972/2133 711/967/2134 674/983/2135
f 711/967/2134 770/963/2136 674/983/2135
f 692/984/2137 725/892/2129 817/947/2138
f 697/985/2139 817/947/2140 666/964/2089
f 648/986/2141 697/985/2139 666/964/2089
s 0
f 770/963/2142 12/987/2142 636/988/2142
s 1
f 675/981/2143 713/972/2144 674/983/2145
s 0
f 698/989/2146 734/968/2146 619/990/2146
s 1
f 712/973/2147 675/991/2148 648/986/2149
f 675/981/2143 674/983/2145 653/992/2150
f 623/982/2151 724/974/2152 747/971/2153
f 728/957/2154 620/993/2154 680/970/2154
f 692/984/2155 697/985/2156 620/994/2157
s 0
f 692/984/2158 817/947/2158 697/985/2158
s 1
f 728/995/2159 692/984/2155 620/994/2157
f 734/968/2096 752/969/2098 619/990/2160
f 666/964/2119 712/973/2110 648/986/2161
f 724/974/2152 623/982/2151 591/996/2162
f 619/990/2160 752/969/2098 620/993/2163
s 0
f 752/969/2164 680/970/2164 620/993/2164
s 1
f 674/983/2135 770/963/2136 636/988/2165
f 606/997/2166 734/968/2167 698/989/2168
s 0
f 587/998/2169 653/992/2169 674/983/2169
s 1
f 620/994/2170 697/985/2171 614/999/2172
f 674/983/2135 636/988/2165 604/1000/2173
f 614/999/2172 697/985/2171 648/986/2174
f 648/986/2175 594/1001/2176 614/999/2177
f 604/1000/2178 587/998/2178 674/983/2178
f 675/991/2143 653/1002/2150 594/1001/2179
f 734/968/2167 606/997/2166 623/982/2180
f 553/1003/2181 606/997/2182 698/989/2183
s 0
f 510/1004/2184 636/988/2184 12/987/2184
f 581/1005/2185 620/993/2185 590/1006/2185
s 1
f 648/986/2175 675/991/2148 594/1001/2176
s 0
f 585/1007/2186 587/1008/2186 526/1009/2186
s 1
f 526/1010/2187 587/998/2188 604/1000/2189
f 590/1006/2190 620/993/2191 589/1011/2192
s 0
f 510/1004/2193 12/987/2193 770/963/2193
f 589/1011/2194 620/993/2194 614/1012/2194
s 1
f 594/1013/2195 653/1014/2196 551/1015/2197
f 551/1015/2197 653/1014/2196 587/1016/2198
f 698/989/2199 619/990/2199 575/1017/2199
f 551/1015/2200 587/1016/2201 560/1018/2202
f 560/1018/2202 587/1016/2201 585/1019/2203
f 623/982/2204 606/997/2205 591/996/2206
s 0
f 724/974/2207 510/1020/2207 770/965/2207
f 724/974/2208 591/996/2208 510/1020/2208
s 1
f 549/1021/2209 606/997/2182 553/1003/2181
s 0
f 614/1012/2210 594/1013/2210 551/1015/2210
f 553/1003/2211 698/989/2211 575/1017/2211
f 614/1012/2212 551/1015/2212 589/1011/2212
f 604/1000/2213 636/988/2213 510/1004/2213
s 1
f 560/1018/2214 585/1019/2215 547/1022/2216
f 591/996/2206 606/997/2205 549/1021/2217
f 619/990/2218 620/993/2219 581/1005/2220
f 526/1010/2187 604/1000/2189 510/1004/2221
s 0
f 589/1011/2222 551/1015/2222 528/1023/2222
f 508/1024/2223 510/1020/2223 591/996/2223
s 1
f 591/996/2224 549/1021/2225 508/1024/2226
s 0
f 528/1023/2227 551/1015/2227 560/1018/2227
s 1
f 585/1007/2228 526/1009/2229 469/1025/2230
s 0
f 553/1003/2231 575/1017/2231 549/1021/2231
s 1
f 575/1017/2232 619/990/2233 581/1005/2234
f 590/1006/2190 589/1011/2192 528/1023/2235
f 510/1020/2236 508/1024/2237 496/1026/2238
f 549/1021/2225 575/1017/2239 581/1005/2240
f 581/1005/2241 590/1006/2242 528/1023/2243
f 549/1021/2225 581/1005/2240 508/1024/2226
f 458/1027/2244 581/1005/2241 528/1023/2243
f 496/1026/2238 508/1024/2237 474/1028/2245
f 469/1025/2246 526/1009/2229 491/1029/2247
f 491/1029/2248 526/1009/2249 510/1020/2250
f 547/1022/2216 585/1019/2215 469/1030/2251
f 528/1023/2252 560/1018/2253 440/1031/2254
f 508/1024/2255 581/1005/2256 458/1027/2257
f 510/1020/2250 457/1032/2258 491/1029/2248
f 510/1020/2236 496/1026/2238 457/1032/2259
f 508/1024/2255 458/1027/2257 459/1033/2260
s 0
f 469/1025/2261 491/1029/2261 466/1034/2261
f 528/1023/2262 440/1031/2262 458/1027/2262
s 1
f 547/1022/2263 440/1031/2254 560/1018/2253
f 474/1028/2264 508/1024/2265 429/1035/2266
f 508/1024/2265 459/1033/2267 429/1035/2266
s 0
f 466/1036/2268 491/1037/2268 427/1038/2268
s 1
f 496/1026/2238 474/1028/2245 457/1032/2259
f 547/1022/2269 469/1030/2270 466/1039/2271
f 491/1037/2272 437/1040/2273 427/1038/2274
f 412/1041/2275 547/1022/2269 466/1039/2271
s 0
f 466/1036/2276 427/1038/2276 430/1042/2276
f 457/1032/2277 474/1028/2277 429/1035/2277
f 491/1029/2278 457/1032/2278 429/1035/2278
s 1
f 437/1043/2279 491/1044/2280 384/1045/2281
f 440/1031/2282 429/1035/2283 459/1033/2284
f 440/1031/2285 459/1033/2286 458/1027/2287
s 0
f 384/1045/2288 491/1044/2288 429/1046/2288
s 1
f 440/1031/2289 547/1022/2290 403/1047/2291
f 547/1022/2290 412/1041/2292 403/1047/2291
f 429/1035/2293 440/1031/2294 403/1047/2295
f 359/1048/2296 427/1038/2274 437/1040/2273
f 384/1049/2297 429/1035/2298 403/1047/2299
s 0
f 412/1050/2300 466/1036/2300 357/1051/2300
f 466/1036/2301 430/1042/2301 357/1051/2301
f 334/1052/2302 427/1038/2302 359/1048/2302
s 1
f 352/1053/2303 403/1054/2304 412/1050/2305
s 0
f 340/1055/2306 427/1038/2306 334/1052/2306
s 1
f 365/1056/2307 437/1043/2279 384/1045/2281
f 334/1057/2308 359/1058/2309 353/1059/2310
s 0
f 384/1045/2311 403/1060/2311 365/1056/2311
s 1
f 352/1053/2303 412/1050/2312 357/1051/2313
s 0
f 427/1038/2314 340/1055/2314 430/1042/2314
s 1
f 359/1058/2315 437/1043/2316 365/1056/2317
f 365/1056/2318 403/1060/2319 352/1061/2320
f 357/1051/2321 430/1042/2322 345/1062/2323
s 0
f 334/1052/2324 350/1063/2324 340/1055/2324
s 1
f 359/1058/2309 365/1056/2325 353/1059/2326
f 430/1042/2322 340/1055/2327 345/1062/2323
s 0
f 340/1055/2328 350/1063/2328 311/1064/2328
f 350/1063/2329 334/1052/2329 333/1065/2329
s 1
f 353/1059/2330 365/1056/2331 316/1066/2332
f 334/1057/2333 353/1059/2330 316/1066/2332
s 0
f 321/1067/2334 340/1055/2334 311/1064/2334
f 321/1067/2335 345/1062/2335 340/1055/2335
f 11/1068/2336 334/1057/2336 316/1066/2336
s 1
f 365/1056/2318 352/1061/2320 316/1066/2337
s 0
f 345/1062/2338 352/1053/2338 357/1051/2338
s 1
f 350/1063/2339 333/1065/2340 260/1069/2341
s 0
f 316/1070/2342 352/1053/2342 345/1062/2342
s 1
f 308/1071/2343 345/1062/2344 321/1067/2345
f 333/1072/2346 334/1057/2347 299/1073/2348
s 0
f 311/1064/2349 350/1063/2349 302/1074/2349
f 334/1057/2350 11/1068/2350 299/1073/2350
f 11/1068/2351 316/1066/2351 308/1075/2351
f 316/1070/2352 345/1062/2352 308/1071/2352
s 1
f 333/1072/2353 235/1076/2354 260/1077/2355
f 308/1071/2356 321/1067/2345 273/1078/2357
f 235/1076/2358 333/1072/2359 299/1073/2348
f 321/1067/2360 311/1064/2361 241/1079/2362
f 311/1064/2363 302/1074/2364 280/1080/2365
f 11/1068/2366 219/1081/2367 299/1073/2368
f 321/1067/2369 241/1079/2370 195/1082/2371
f 302/1074/2372 350/1063/2373 260/1069/2374
f 299/1073/2368 219/1081/2367 276/1083/2375
f 241/1079/2362 311/1064/2361 280/1080/2376
f 219/1081/2377 11/1068/2366 269/1084/2378
f 273/1078/2379 321/1067/2380 195/1082/2381
f 276/1083/2382 235/1076/2358 299/1073/2348
f 302/1074/2372 260/1069/2374 245/1085/2383
f 260/1077/2355 235/1076/2354 245/1086/2384
f 221/1087/2385 280/1080/2365 302/1074/2364
f 302/1074/2364 245/1085/2386 221/1087/2385
f 269/1084/2378 11/1068/2387 200/1088/2388
f 200/1088/2388 11/1068/2387 308/1075/2389
f 276/1083/2375 219/1081/2367 220/1089/2390
s 0
f 273/1078/2391 183/1090/2391 308/1071/2391
s 1
f 219/1081/2377 269/1084/2378 200/1088/2388
f 195/1082/2392 183/1090/2393 273/1078/2394
f 280/1080/2365 221/1087/2385 237/1091/2395
f 245/1086/2396 235/1076/2397 193/1092/2398
f 183/1093/2399 200/1088/2388 308/1075/2389
f 235/1076/2358 276/1083/2382 193/1092/2400
f 193/1092/2400 276/1083/2382 220/1089/2401
f 195/1082/2371 241/1079/2370 10/1094/2402
f 280/1080/2376 237/1091/2403 241/1079/2362
f 221/1087/2385 245/1085/2386 237/1091/2395
f 220/1089/2404 219/1081/2377 165/1095/2405
s 0
f 245/1086/2406 193/1092/2406 175/1096/2406
s 1
f 165/1095/2405 219/1081/2377 200/1088/2388
f 9/1097/2407 179/1098/2408 172/1099/2409
f 245/1085/2410 177/1100/2411 179/1098/2412
f 172/1101/2413 177/1102/2414 9/1103/2415
f 245/1104/2410 175/1105/2416 177/1102/2411
f 237/1091/2395 245/1085/2386 160/1106/2417
s 0
f 179/1098/2418 160/1106/2418 245/1085/2418
s 1
f 174/1107/2419 179/1098/2408 9/1097/2407
s 0
f 174/1108/2420 9/1103/2420 175/1105/2420
f 9/1103/2421 177/1102/2421 175/1105/2421
s 1
f 10/1094/2422 241/1079/2362 237/1091/2403
f 177/1109/2423 172/1110/2424 174/1108/2425
s 0
f 179/1098/2426 174/1107/2426 160/1106/2426
s 1
f 174/1111/2425 172/1099/2424 167/1112/2427
s 0
f 174/1108/2428 154/1113/2428 177/1109/2428
f 175/1096/2429 193/1092/2429 220/1089/2429
f 172/1099/2430 179/1098/2430 167/1112/2430
f 179/1098/2431 177/1100/2431 167/1112/2431
f 177/1109/2432 154/1113/2432 167/1114/2432
s 1
f 200/1088/2433 183/1093/2399 165/1095/2434
f 164/1115/2435 183/1090/2393 195/1082/2392
s 0
f 154/1113/2436 174/1108/2436 175/1105/2436
s 1
f 175/1105/2437 220/1116/2438 148/1117/2439
f 10/1094/2422 237/1091/2403 160/1106/2440
f 174/1107/2425 167/1118/2427 160/1106/2441
s 0
f 167/1114/2442 154/1113/2442 148/1117/2442
f 8/1119/2443 167/1114/2443 148/1117/2443
f 142/1120/2444 10/1094/2444 160/1106/2444
f 142/1120/2445 160/1106/2445 167/1118/2445
s 1
f 175/1105/2437 148/1117/2439 154/1113/2446
f 165/1095/2434 183/1093/2399 164/1121/2447
f 195/1082/2371 10/1094/2402 150/1122/2448
s 0
f 149/1123/2449 150/1122/2449 10/1094/2449
s 1
f 195/1082/2371 150/1122/2448 147/1124/2450
s 0
f 150/1122/2451 149/1125/2451 147/1124/2451
f 147/1124/2452 149/1123/2452 164/1115/2452
f 149/1123/2453 10/1094/2453 164/1115/2453
s 1
f 195/1082/2454 147/1124/2455 164/1115/2435
f 148/1117/2456 119/1126/2457 8/1119/2458
f 148/1117/2459 220/1116/2460 165/1127/2461
s 0
f 122/1128/2462 167/1118/2462 8/1129/2462
f 129/1130/2463 143/1131/2463 8/1132/2463
s 1
f 137/1133/2464 10/1094/2465 142/1120/2466
f 148/1117/2459 165/1127/2461 137/1134/2467
s 0
f 164/1115/2468 10/1094/2468 137/1133/2468
f 142/1120/2469 167/1118/2469 122/1128/2469
s 1
f 165/1095/2434 164/1121/2447 137/1135/2470
s 0
f 129/1130/2471 128/1136/2471 113/1137/2471
f 127/1138/2472 128/1136/2472 129/1130/2472
f 143/1131/2473 129/1130/2473 113/1137/2473
f 124/1139/2474 128/1136/2474 127/1138/2474
f 8/1132/2475 143/1131/2475 122/1140/2475
f 129/1141/2476 8/1119/2476 97/1142/2476
s 1
f 142/1120/2466 122/1128/2477 137/1133/2464
f 97/1142/2478 8/1119/2458 119/1126/2457
s 0
f 107/1143/2479 148/1117/2479 137/1134/2479
f 127/1138/2480 129/1130/2480 124/1139/2480
f 143/1131/2481 113/1137/2481 122/1140/2481
f 119/1126/2482 148/1117/2482 107/1143/2482
s 1
f 128/1136/2483 124/1139/2484 113/1137/2485
s 0
f 96/1144/2486 119/1126/2486 107/1143/2486
f 124/1145/2487 129/1141/2487 97/1142/2487
f 105/1146/2488 119/1126/2488 96/1144/2488
f 93/1147/2489 122/1148/2489 113/1149/2489
s 1
f 137/1150/2490 122/1151/2490 4/1152/2490
s 0
f 122/1151/2491 93/1153/2491 4/1152/2491
s 1
f 119/1126/2457 105/1146/2492 97/1142/2478
f 113/1149/2485 124/1145/2484 93/1147/2493
s 0
f 93/1147/2494 124/1145/2494 97/1142/2494
f 4/1152/2495 93/1153/2495 74/1154/2495
f 93/1153/2496 97/1155/2496 7/1156/2496
s 1
f 7/1157/2497 97/1142/2498 81/1158/2499
f 137/1134/2500 4/1159/2501 107/1143/2502
f 81/1158/2499 5/1160/2503 6/1161/2504
f 6/1161/2504 7/1157/2497 81/1158/2499
f 93/1153/2505 7/1156/2506 3/1162/2507
s 0
f 81/1158/2508 97/1142/2508 105/1146/2508
f 89/1163/2509 96/1144/2509 107/1143/2509
s 1
f 74/1154/2510 93/1153/2505 3/1162/2507
f 107/1143/2502 4/1159/2501 89/1163/2511
s 0
f 70/1164/2512 4/1152/2512 2/2/2512
s 1
f 4/1159/2501 70/1165/2513 69/1166/2514
s 0
f 2/2/2515 4/1152/2515 74/1154/2515
s 1
f 3/1162/2516 6/1167/2517 5/1168/2518
s 0
f 105/1146/2519 96/1144/2519 56/1169/2519
f 96/1144/2520 89/1163/2520 56/1169/2520
f 3/1170/2521 5/1160/2521 81/1158/2521
s 1
f 81/1158/2522 105/1146/2523 56/1169/2524
s 0
f 2/2/2525 74/1154/2525 45/3/2525
s 1
f 69/1166/2526 70/1165/2526 2/1171/2526
f 7/1156/2527 6/1167/2528 3/1162/2529
f 4/1159/2501 69/1166/2514 89/1163/2511
f 81/1158/2530 41/1172/2531 1/1173/2532
f 81/1158/2522 56/1169/2524 41/1172/2533
s 0
f 56/1169/2534 89/1163/2534 41/1172/2534
f 69/1166/2535 2/1171/2535 89/1163/2535
f 47/1/2536 74/1154/2536 3/1162/2536
f 3/1170/2537 81/1158/2537 1/1173/2537
f 45/3/2538 74/1154/2538 47/1/2538
f 89/1163/2539 2/1171/2539 41/1172/2539
f 3/1170/2540 1/1173/2540 47/1174/2540
s 1
f 41/1172/2541 2/1171/2542 47/1174/2543
s 0
f 47/1174/2544 1/1173/2544 34/1175/2544
s 1
f 41/1172/2541 47/1174/2543 34/1175/2545
f 34/1175/2546 1/1173/2532 41/1172/2531
