# Blender 4.3.2
# www.blender.org
o model
v -0.645109 0.460673 -0.186735
v -0.634101 0.491979 -0.094828
v -0.811007 0.033721 -0.094904
v -0.643599 0.564319 -0.365640
v -0.641058 0.448067 -0.372507
v -0.704108 0.297533 -0.184839
v -0.378829 0.747418 -0.631173
v -0.817422 0.066256 -0.099980
v -0.797211 0.114136 -0.088574
v -0.381668 0.666602 -0.755727
v -0.635993 0.442798 0.036678
v -0.486227 0.605513 -0.744521
v 0.017688 0.643807 -0.233541
v 0.017758 0.669237 -0.385116
v 0.016382 0.641406 -0.384843
v -0.794958 0.054538 -0.161618
v -0.025563 0.658623 -0.383805
v 0.012325 0.672371 -0.232549
v -0.814364 0.058018 -0.177853
v -0.589685 0.433599 0.194795
v -0.615600 0.092025 0.002913
v -0.502879 0.186493 0.199336
v -0.618496 0.199184 -0.507792
v 0.156966 0.692981 -0.609196
v 0.114769 0.682235 -0.584894
v 0.152067 0.653929 -0.584745
v 0.173302 0.638410 -0.624173
v 0.157621 0.670483 -0.424263
v -0.797593 0.116797 -0.177402
v 0.115372 0.649674 -0.407609
v 0.148291 0.699404 -0.400721
v -0.584770 0.636502 0.417948
v -0.704114 0.050068 0.027638
v -0.504301 0.166991 -0.533042
v 0.245567 0.619083 -0.364778
v -0.796344 0.086943 -0.185052
v 0.196545 0.662803 -0.583706
v 0.218584 0.697277 -0.611501
v 0.231677 0.667641 -0.582240
v 0.230964 0.665922 -0.419168
v -0.826330 0.015255 -0.192527
v 0.240413 0.625382 -0.639754
v 0.250614 0.634182 -0.182153
v -0.207923 0.758925 0.249741
v -0.702493 0.052989 -0.480744
v -0.718406 0.082622 -0.581168
v -0.716354 0.083719 0.310322
v -0.385178 0.390860 -0.857260
v -0.070185 0.614909 0.406968
v -0.621559 0.087140 0.169851
v -0.521356 0.336631 0.619096
v 0.087464 0.634369 -0.109934
v 0.225220 0.735932 -0.109392
v -0.485565 0.156024 -0.935179
v 0.222738 0.751070 -0.047042
v 0.102812 0.765208 0.055917
v -0.655189 0.040021 -0.711246
v -0.488238 0.146235 0.697856
v 0.089227 0.633571 0.090366
v 0.216566 0.754950 0.078915
v -0.760630 0.190929 -0.186492
v 0.088956 0.756243 0.076039
v 0.574045 0.651700 -0.717822
v -0.791430 0.108849 0.441669
v -0.031613 0.665226 0.478905
v -0.386342 0.029963 -0.806361
v 0.087579 0.633397 0.229920
v 0.213071 0.763020 0.201822
v -0.775216 0.144811 -0.179975
v -0.775558 0.173149 -0.176390
v 0.230440 0.635150 0.194783
v 0.088677 0.760047 0.190006
v 0.218027 0.634319 0.249165
v 0.090227 0.633298 0.151695
v -0.776163 0.158962 -0.104511
v -0.761242 0.205146 -0.104425
v -0.764894 0.165249 -0.096155
v -0.035970 0.620406 0.453307
v 0.201639 0.763412 0.302865
v -0.796130 0.118698 -0.104183
v -0.751024 0.205325 -0.098539
v 0.645933 0.513221 -0.160440
v 0.667716 0.458915 -0.176754
v 0.633657 0.523339 -0.181082
v 0.643400 0.502802 -0.098658
v -0.781598 0.119588 -0.099051
v 0.648722 0.487444 -0.184839
v 0.637872 0.562543 -0.185272
v 0.685997 0.417376 -0.176411
v 0.699652 0.355521 -0.091028
v 0.683701 0.407643 -0.169052
v 0.687523 0.391352 -0.102092
v 0.672566 0.413442 -0.186681
v 0.657364 0.468646 -0.090783
v 0.666013 0.448090 -0.099893
v 0.669506 0.467575 -0.102823
v 0.703597 0.368547 -0.104188
v 0.725096 0.315271 -0.177866
v 0.718623 0.305635 -0.102056
v 0.721302 0.295940 -0.180000
v 0.709292 0.313504 -0.097372
v 0.697738 0.354988 -0.178703
v 0.710543 0.319575 -0.188013
v 0.743059 0.255992 -0.193117
v 0.816745 0.022087 -0.094687
v 0.809527 0.082741 -0.086973
v 0.811203 0.059722 -0.104580
v 0.790379 0.124928 -0.176479
v 0.764366 0.164765 -0.184771
v 0.784218 0.166250 -0.181359
v 0.776530 0.160165 -0.176686
v 0.763182 0.218728 -0.178301
v 0.753694 0.205525 -0.189472
v 0.773093 0.144240 -0.095107
v 0.801486 0.115267 -0.104183
v 0.784834 0.112360 -0.190973
v 0.784265 0.147197 -0.103505
v 0.790536 0.091302 -0.180821
v 0.820610 0.028860 -0.188076
v 0.811278 0.054192 -0.175987
v -0.740372 0.268184 -0.103120
v -0.740077 0.246366 -0.091598
v 0.755333 0.208597 -0.087253
v 0.761259 0.199046 -0.102902
v 0.730092 0.268286 -0.091642
v 0.742119 0.237074 -0.101855
v 0.746043 0.213843 -0.183818
v -0.713690 0.318896 -0.086556
v 0.740444 0.259922 -0.176923
v 0.727569 0.320768 -0.093643
v 0.742417 0.266341 -0.103945
v -0.723248 0.278022 -0.098037
v 0.710115 0.369236 -0.185443
v 0.691900 0.369215 -0.184456
v 0.656452 0.459149 -0.183978
v -0.714786 0.305761 -0.190490
v 0.639880 0.518286 -0.089795
v 0.456336 0.658616 -0.065277
v 0.029993 0.519090 0.499339
v 0.027086 0.650749 0.486993
v -0.397254 0.061631 0.404066
v 0.389257 0.039808 -0.583742
v 0.482942 0.407123 -0.836839
v 0.089290 0.528182 0.452841
v -0.382554 0.000251 0.708740
v -0.716076 0.320257 -0.104221
v -0.383749 0.027994 0.546729
v -0.722923 0.314284 -0.176454
v -0.690814 0.413636 -0.188119
v -0.707779 0.333023 -0.183142
v -0.729438 0.257764 -0.185264
v -0.748816 0.250610 -0.178682
v -0.731596 0.269546 -0.177504
v 0.562962 0.611408 -0.613473
v -0.765222 0.154692 -0.210306
v 0.387353 0.026137 -0.810583
v -0.325605 0.388705 0.753697
v 0.481480 0.148899 -0.924843
v -0.321119 0.257043 0.768291
v -0.322266 0.145089 0.637677
v 0.668523 0.486314 -0.518201
v 0.375961 0.620688 0.451950
v 0.481101 0.033824 -0.929981
v 0.479343 0.103392 -0.931634
v 0.514761 0.149672 -0.793322
v -0.746162 0.218944 -0.183697
v 0.512134 0.251230 -0.753201
v 0.141928 0.492701 0.733686
v 0.632905 0.173928 -0.710024
v 0.770181 0.097163 -0.207510
v 0.711807 0.250039 -0.684399
v 0.228878 0.480552 0.633892
v 0.700949 0.556510 -0.332742
v 0.707605 0.555992 -0.444993
v 0.701095 0.498996 -0.326999
v -0.701377 0.379755 -0.177954
v 0.771220 0.152348 -0.684209
v 0.283537 0.415631 0.489898
v 0.526413 0.088363 -0.298125
v 0.483454 0.610657 0.465523
v 0.229243 0.464625 0.843889
v 0.545021 0.175466 -0.260806
v -0.285435 0.618497 -0.551363
v 0.653221 0.599321 0.117149
v 0.638402 0.181282 -0.258651
v 0.716734 0.054739 -0.479663
v 0.700989 0.199213 -0.340285
v 0.703625 0.440515 -0.343005
v -0.690912 0.372368 -0.188897
v -0.647625 0.493661 -0.191769
v 0.708871 0.183432 -0.318186
v 0.715189 0.177531 -0.437029
v -0.677907 0.403996 -0.102493
v 0.633074 0.197642 -0.274258
v 0.672948 0.086421 -0.497457
v 0.585678 0.088199 -0.528112
v -0.684497 0.418942 -0.103517
v 0.500923 0.086737 -0.580149
v 0.506537 0.088902 -0.487576
v 0.716564 0.083582 -0.581588
v -0.671773 0.416871 -0.095492
v -0.692249 0.370907 -0.101622
v -0.659478 0.454250 -0.099843
v 0.709223 0.099687 -0.449684
v -0.671278 0.462216 -0.090838
v -0.707532 0.364298 -0.101309
v 0.546184 0.177555 -0.531638
v 0.708516 0.009005 -0.586654
v -0.693119 0.356424 -0.096992
v 0.678612 0.053131 -0.488337
v 0.707131 0.040087 -0.479592
v -0.666130 0.467508 -0.177118
v 0.794768 0.010980 -0.588240
v -0.671187 0.437711 -0.177544
v -0.643172 0.528601 -0.102977
v 0.644335 0.159080 -0.528495
v -0.646009 0.515696 -0.177036
v -0.626228 0.542494 -0.189916
v 0.704587 0.006054 -0.482209
v -0.628649 0.562074 -0.177541
v -0.616402 0.565965 -0.191475
v -0.605585 0.615306 -0.176306
v 0.705733 0.004912 -0.223516
v 0.674525 0.051136 -0.286197
v 0.673235 0.155375 -0.298552
v -0.584430 0.664506 -0.212559
v -0.590612 0.613530 -0.190836
v -0.565762 0.627876 -0.185932
v 0.499216 0.429317 0.185744
v -0.086104 0.232723 0.912720
v -0.153576 0.350180 0.912258
v 0.411311 0.451131 0.542256
v -0.086937 0.173746 0.913710
v 0.284695 0.152478 0.627563
v 0.325898 0.165550 0.706656
v 0.298403 0.171446 0.773443
v 0.307771 0.132471 0.758159
v 0.217048 0.139586 0.793461
v 0.210778 0.140763 0.932419
v 0.285471 0.181028 0.934155
v 0.233098 0.186023 0.901405
v 0.294871 0.268494 0.915315
v -0.479179 0.661826 -0.212498
v -0.586225 0.661266 -0.067145
v -0.586583 0.650846 -0.103883
v 0.257680 0.292773 0.916754
v 0.217675 0.120055 0.778974
v -0.504162 0.640388 -0.215206
v 0.289266 0.403286 0.920567
v 0.228362 0.099992 0.633354
v -0.473098 0.630992 -0.215925
v 0.205447 0.113964 0.631910
v 0.309803 0.267022 0.775266
v 0.213979 0.098653 0.764897
v 0.185800 0.404743 0.907879
v -0.574459 0.613939 -0.093268
v 0.069127 0.142520 0.919739
v 0.236855 0.415607 0.920065
v 0.060863 0.176046 0.905762
v -0.611655 0.583670 -0.095794
v -0.603980 0.600673 -0.176966
v -0.217134 0.120435 0.786902
v 0.285634 0.151812 0.483904
v -0.616654 0.554677 -0.091781
v 0.137215 0.099912 0.632572
v 0.117114 0.063895 0.729215
v -0.633519 0.514941 -0.099161
v 0.205934 0.098587 0.480118
v 0.124210 0.097632 0.747086
v 0.320053 0.144266 0.639329
v -0.642953 0.500525 -0.089882
v 0.081777 0.355918 0.916346
v 0.308452 0.285870 0.759903
v -0.013124 0.326011 0.918955
v 0.310279 0.260400 0.647803
v 0.500495 0.086098 -0.060001
v 0.637247 0.094773 -0.011853
v 0.714592 0.090587 0.091972
v 0.611624 0.199086 0.239872
v 0.647297 0.442762 0.219964
v 0.714005 0.165122 0.159938
v 0.697751 0.157192 0.029324
v 0.702783 0.201369 0.176045
v 0.633368 0.174352 0.245276
v 0.704167 0.201489 0.056524
v -0.399818 0.664610 -0.063078
v 0.713347 0.199042 0.141449
v 0.386404 0.062797 0.404416
v -0.481840 0.658962 -0.065102
v 0.484323 0.149077 0.679279
v 0.696109 0.044194 0.025004
v 0.485376 0.038099 0.708038
v 0.661365 0.034194 0.438721
v 0.513004 0.034252 0.431325
v 0.513516 0.166453 0.541950
v 0.514185 0.404599 0.436698
v 0.513614 0.035275 0.555419
v 0.516413 0.004060 0.712847
v -0.507243 0.488153 -0.296448
v -0.504402 0.640978 -0.062227
v 0.645573 0.144839 0.440438
v 0.382705 0.001959 0.711947
v 0.516058 0.324335 0.474010
v 0.589251 0.265513 0.433427
v 0.460245 0.017752 0.559358
v 0.476197 0.007827 0.333680
v 0.481716 0.103653 0.703689
v 0.787355 0.003090 0.441970
v 0.711602 0.006589 0.212060
v 0.704614 0.005203 0.028187
v -0.480094 0.623198 -0.583113
v -0.395796 0.623262 -0.189431
v 0.515954 0.128667 0.711578
v 0.415035 0.084969 0.699967
v -0.476860 0.627446 -0.063112
v 0.486600 0.154487 0.699047
v -0.557189 0.492400 -0.280522
v -0.504559 0.570298 -0.340946
v 0.382078 0.040806 0.398746
v -0.537098 0.592795 -0.356625
v -0.497602 0.646489 -0.584155
v 0.384590 0.037173 0.550940
v 0.716269 0.055027 0.032913
v 0.670715 0.403292 0.447717
v 0.795962 0.106672 0.440992
v 0.789551 0.109271 0.322557
v 0.781236 0.054109 0.411134
v 0.790107 0.012591 0.331025
v 0.517884 0.339373 0.614583
v -0.513066 0.437757 -0.311599
v 0.382342 0.070548 0.451838
v -0.390915 0.661190 -0.597857
v 0.483670 0.359845 0.582456
v 0.687992 0.053538 0.209370
v -0.289212 0.617654 -0.443032
v 0.681006 0.087877 0.191064
v 0.765716 0.151812 0.414399
v -0.543256 0.571561 -0.308279
v 0.383705 0.167764 0.545479
v -0.463951 0.651847 0.311726
v 0.548553 0.170796 0.247023
v 0.584387 0.413370 0.237878
v 0.507550 0.087049 0.010106
v 0.533453 0.179632 -0.014819
v 0.413763 0.157492 0.681870
v -0.504100 0.569108 0.028524
v -0.612764 0.453926 -0.323067
v 0.619274 0.088907 0.229169
v 0.712004 0.438984 0.135079
v -0.539475 0.589633 0.021716
v -0.505736 0.491700 -0.021560
v 0.713394 0.082228 -0.060291
v 0.737822 0.198538 0.343296
v 0.532700 0.092101 0.222354
v 0.626750 0.182836 -0.031063
v 0.411690 0.302517 0.633221
v 0.715692 0.478026 0.166434
v 0.499499 0.187952 0.021138
v -0.635409 0.500089 -0.340986
v 0.518687 0.660375 0.471570
v 0.709332 0.006858 0.316580
v 0.716885 0.082554 0.309797
v 0.708420 0.004754 -0.063409
v -0.396141 0.617785 -0.584836
v 0.100915 0.115347 0.608868
v -0.548803 0.555778 -0.021954
v 0.500921 0.086260 0.309797
v 0.303032 0.106438 0.476899
v 0.333675 0.105575 0.471373
v -0.392714 0.040612 0.283407
v -0.522094 0.559884 -0.521286
v 0.217519 0.094412 0.451736
v 0.121205 0.063856 0.590435
v 0.778930 0.154487 0.343077
v 0.687112 0.449159 0.034196
v -0.503249 0.202594 -0.318934
v -0.547337 0.586280 -0.487942
v 0.320720 0.400536 0.764204
v 0.413312 0.272685 0.624175
v 0.676126 0.339198 0.415845
v 0.315719 0.291158 0.638602
v 0.689820 0.574315 0.186304
v -0.297004 0.651678 -0.484310
v 0.297747 0.129686 0.452685
v -0.142109 0.120973 0.764720
v -0.252026 0.193879 0.904489
v 0.231611 0.462969 0.927390
v 0.501850 0.191383 0.207280
v 0.633055 0.199133 -0.010302
v -0.324207 0.064646 0.451840
v 0.655777 0.446854 0.418478
v 0.665322 0.489649 0.227528
v 0.642048 0.563839 0.229186
v -0.468478 0.659017 -0.584879
v 0.709917 0.492250 0.052651
v 0.274681 0.415117 0.798719
v 0.558401 0.456771 0.246791
v 0.391438 0.004241 0.289986
v 0.386866 0.040172 -0.054574
v -0.198808 0.638726 -0.449325
v 0.384988 0.122981 0.714770
v -0.515647 0.576878 0.174834
v 0.660060 0.383013 0.343250
v 0.093493 0.099301 0.635787
v 0.324247 0.542912 0.452108
v 0.772822 0.149020 -0.065100
v -0.279279 0.668794 -0.535867
v -0.197762 0.162544 0.935367
v 0.122894 0.454651 0.934664
v -0.706570 0.292133 -0.096151
v 0.781804 0.004983 -0.065776
v -0.004629 0.044829 0.396714
v -0.606493 0.498940 -0.010388
v 0.282303 0.417724 0.623936
v 0.558588 0.610295 0.415839
v 0.695525 0.354444 0.312348
v -0.714458 0.081121 -0.060568
v 0.702906 0.571414 0.071282
v 0.321370 0.402094 0.640406
v -0.516882 0.664515 -0.713168
v -0.370826 0.616210 -0.642825
v 0.646074 0.494324 -0.014511
v 0.565198 0.453879 -0.025909
v -0.112436 0.061292 0.403161
v -0.548599 0.548823 0.211023
v 0.553421 0.576206 0.236231
v -0.647155 0.564793 0.066912
v 0.244897 0.485680 0.782120
v -0.433170 0.716488 -0.622937
v 0.501404 0.633884 0.310120
v 0.570089 0.503102 0.255866
v -0.494528 0.640088 0.312302
v -0.626828 0.566724 0.160844
v -0.563025 0.582789 0.146878
v -0.714622 0.081490 -0.216313
v 0.651133 0.560330 0.002749
v -0.624179 0.563892 -0.484859
v -0.507205 0.486326 -0.536730
v -0.107899 0.103189 0.629398
v -0.221978 0.139185 0.793186
v -0.407236 0.668126 -0.655433
v 0.698552 0.089234 -0.340313
v 0.663803 0.204380 -0.508579
v -0.252576 0.622160 0.303330
v 0.763933 0.097206 -0.686268
v -0.504888 0.481567 0.210664
v -0.087646 0.413616 0.908501
v 0.380358 0.374542 0.454293
v 0.518043 0.664248 0.446395
v -0.503488 0.086000 -0.216716
v 0.712930 0.053880 -0.301527
v 0.765828 0.100965 -0.110704
v -0.502855 0.086335 0.308938
v -0.191801 0.619081 -0.549528
v 0.668274 0.008208 -0.597885
v 0.569970 0.654956 0.447381
v -0.602128 0.450012 -0.004512
v -0.778991 0.131992 -0.065309
v 0.292686 0.521802 0.460329
v 0.501659 0.480766 0.213910
v -0.245567 0.098067 0.766279
v 0.408392 0.611023 0.469317
v 0.792837 0.008722 -0.701486
v -0.203517 0.138775 0.930772
v -0.573317 0.666800 -0.582266
v -0.391616 0.618944 0.310103
v 0.459356 0.663942 0.121166
v 0.453781 0.688863 0.106074
v 0.606127 0.683094 0.120131
v 0.582470 0.672689 0.096343
v 0.562439 0.629803 0.107884
v 0.606570 0.607206 0.127492
v -0.643182 0.498000 -0.489156
v -0.367080 0.652607 -0.653282
v -0.255127 0.710957 -0.477491
v -0.231295 0.634486 -0.179216
v 0.726651 0.007767 -0.711339
v -0.254628 0.368315 0.913075
v 0.607408 0.506751 0.342949
v 0.551353 0.576413 -0.009383
v 0.598172 0.441707 -0.265649
v 0.406607 0.632331 0.489550
v 0.602269 0.598834 0.063882
v 0.713144 0.082375 -0.216149
v 0.716713 0.487313 -0.453770
v -0.297084 0.184091 0.793466
v 0.577489 0.600250 0.184589
v -0.614326 0.443530 -0.501907
v -0.190668 0.653920 -0.535231
v 0.013040 0.467738 0.931551
v -0.562115 0.159173 -0.299530
v -0.253287 0.617966 -0.250476
v 0.487604 0.635467 0.482757
v 0.571574 0.627433 0.342702
v 0.780223 0.004590 -0.211278
v -0.638029 0.495645 0.182644
v -0.524698 0.435759 -0.013551
v -0.132433 0.065050 0.737175
v -0.127850 0.097739 0.748286
v 0.283911 0.414219 0.452201
v 0.608663 0.090362 -0.268904
v -0.582242 0.489587 0.229613
v 0.499475 0.189858 -0.488566
v -0.504190 0.193333 -0.289495
v 0.501720 0.580290 0.185453
v 0.770597 0.151935 -0.614617
v 0.545546 0.500511 -0.019840
v 0.700534 0.275215 -0.107994
v 0.718463 0.495519 -0.324836
v -0.288447 0.182649 0.939271
v 0.547043 0.199423 -0.272320
v 0.684026 0.432673 -0.484065
v 0.323057 0.544969 0.478036
v -0.512095 0.397233 -0.522139
v -0.145841 0.111539 0.601572
v -0.118092 0.065791 0.596144
v -0.219796 0.424823 0.925113
v 0.646089 0.574918 -0.282961
v 0.641560 0.038547 -0.707066
v 0.500313 0.482344 0.025940
v 0.499142 0.180264 -0.311195
v -0.300932 0.150679 0.767419
v -0.217030 0.469415 0.921290
v -0.503832 0.315951 -0.580607
v 0.795168 0.110078 -0.584704
v -0.209190 0.702073 -0.494111
v -0.507185 0.186614 -0.023981
v -0.294669 0.396113 0.920563
v 0.504535 0.592713 0.073358
v 0.500751 0.085978 -0.216189
v 0.623785 0.482396 -0.245307
v -0.225892 0.705844 -0.538931
v -0.243899 0.736906 -0.529064
v 0.389523 0.040195 -0.405302
v 0.199562 0.471314 0.451755
v -0.243258 0.784630 -0.493769
v -0.238581 0.751004 -0.494904
v -0.228577 0.735438 -0.505806
v -0.233293 0.738397 -0.507805
v -0.238500 0.774992 -0.501068
v -0.239908 0.735136 -0.503505
v -0.242622 0.745025 -0.495969
v -0.242433 0.759392 -0.496646
v -0.247435 0.910909 -0.513196
v -0.240511 0.750055 -0.495321
v -0.238361 0.740151 -0.489660
v 0.693378 0.302726 -0.613724
v -0.005406 0.467809 0.793163
v 0.092946 0.489794 0.732228
v 0.567974 0.666657 0.313901
v 0.673822 0.596324 -0.380057
v 0.791715 0.109390 -0.710507
v 0.516129 0.034113 -0.703601
v -0.609539 0.200157 -0.325223
v 0.568988 0.662853 -0.064532
v 0.632151 0.476327 -0.108517
v -0.577359 0.632221 -0.616105
v -0.324240 0.139141 0.759813
v 0.377140 0.664693 0.478655
v -0.398775 0.667137 0.313794
v 0.561486 0.570207 -0.265758
v 0.501619 0.642136 -0.579924
v 0.515609 0.379607 -0.704817
v -0.516600 0.089755 -0.312192
v -0.235228 0.107684 0.494614
v 0.134361 0.496431 0.624309
v 0.201085 0.472637 0.490402
v 0.499618 0.431414 -0.320106
v 0.580939 0.499344 -0.262495
v 0.696158 0.359851 -0.611183
v -0.235377 0.635070 -0.118581
v 0.549689 0.340496 -0.709658
v -0.300315 0.412674 0.789490
v 0.501305 0.634924 -0.062587
v 0.644982 0.570812 -0.510175
v 0.414779 0.034239 -0.944386
v 0.516187 0.000733 -0.931524
v -0.196741 0.765899 -0.232194
v 0.564501 0.449173 -0.530060
v 0.415246 0.103939 -0.937159
v -0.523475 0.664191 0.446025
v 0.512712 0.030443 -0.799049
v -0.503288 0.085830 -0.059926
v 0.454448 0.637931 0.296593
v -0.228128 0.465496 0.794883
v 0.383796 0.000651 -0.943189
v -0.216892 0.745017 -0.177203
v -0.247803 0.092705 0.455917
v 0.098944 0.483918 0.636395
v 0.630814 0.473396 -0.211767
v 0.518167 0.664534 -0.714940
v -0.316697 0.257817 0.650120
v -0.102455 0.682516 -0.238248
v 0.572149 0.666154 -0.579824
v -0.225050 0.752791 -0.112818
v -0.647368 0.448155 -0.435140
v -0.234947 0.102736 0.630069
v -0.317603 0.290261 0.758591
v 0.455310 0.659907 0.300828
v 0.448949 0.676350 -0.388892
v 0.606146 0.689407 -0.398849
v 0.573638 0.661311 -0.400153
v 0.601754 0.656386 -0.375687
v 0.622918 0.598651 -0.438468
v 0.557829 0.500298 -0.534912
v 0.629839 0.602572 -0.336693
v 0.501724 0.485380 -0.506919
v -0.236507 0.634775 -0.059718
v 0.131126 0.479233 0.484583
v -0.665062 0.491964 0.091264
v 0.115484 0.461975 0.589571
v 0.088514 0.455670 0.452464
v 0.107811 0.553588 0.474641
v -0.417338 0.634100 -0.764081
v 0.501309 0.491913 -0.281543
v 0.572404 0.613432 -0.388011
v 0.515422 0.137948 -0.944103
v -0.291602 0.156779 0.631408
v -0.317930 0.292725 0.644253
v 0.383334 0.122458 -0.949848
v -0.234187 0.488161 0.786878
v -0.518835 0.646315 -0.764174
v 0.504464 0.572907 -0.490241
v 0.413402 0.169096 -0.921512
v -0.022011 0.649791 -0.492348
v 0.390600 0.663117 0.311479
v -0.576535 0.665103 0.312217
v -0.321205 0.397094 0.641944
v 0.122876 0.473735 0.541357
v 0.369411 0.618313 0.401711
v 0.387400 0.618384 0.309470
v 0.569429 0.600121 -0.106799
v 0.506121 0.598796 -0.384758
v -0.417865 0.599388 -0.746712
v 0.049834 0.480712 0.460716
v 0.581320 0.636464 -0.688416
v -0.223998 0.759422 -0.058226
v -0.234100 0.634774 0.000325
v 0.071864 0.481748 0.549238
v 0.501138 0.548433 -0.309913
v 0.446320 0.016048 -0.654433
v 0.109506 0.661690 0.484138
v -0.609469 0.089269 -0.339569
v -0.104246 0.460155 0.614501
v -0.587931 0.629507 0.343464
v 0.614469 0.480484 -0.686308
v 0.482749 0.298879 -0.862654
v 0.067815 0.626369 0.529938
v -0.397132 0.003895 -0.583147
v -0.514512 0.029834 0.544863
v 0.069189 0.695044 0.470659
v -0.107293 0.633560 -0.163711
v -0.487559 0.631644 -0.767793
v -0.384185 0.041211 0.398270
v -0.300682 0.149531 0.451974
v -0.242915 0.488909 0.638965
v 0.542767 0.594826 -0.442790
v 0.395979 0.004936 -0.589703
v -0.388115 0.040303 -0.042116
v 0.382478 0.366660 -0.863161
v -0.414812 0.082394 0.693506
v -0.385518 0.126045 0.544520
v 0.097594 0.614379 0.452849
v -0.394885 0.004823 0.287649
v -0.119487 0.493426 0.740506
v 0.010807 0.619000 -0.647294
v -0.017238 0.641780 -0.231736
v -0.486458 0.034661 0.705695
v 0.117657 0.660944 0.343543
v -0.609346 0.183701 -0.008835
v -0.385051 0.437191 0.574346
v -0.640705 0.163081 -0.359905
v -0.097877 0.494902 0.636774
v 0.501328 0.642538 -0.216076
v 0.580505 0.636964 -0.612225
v 0.559099 0.612688 -0.686587
v -0.233170 0.459525 0.632974
v 0.047503 0.611434 0.451558
v 0.516753 0.452256 -0.832402
v -0.509203 0.109697 0.711324
v -0.384677 0.112149 0.716111
v -0.295853 0.408016 0.632206
v 0.129522 0.704678 0.322255
v 0.147887 0.620213 0.319593
v -0.466471 0.007001 0.322306
v 0.070069 0.614835 0.337901
v -0.519165 0.036129 0.432341
v -0.069990 0.554625 0.452701
v 0.564448 0.646502 -0.114521
v 0.602689 0.653702 -0.093248
v 0.607044 0.592201 -0.099231
v 0.610006 0.601147 -0.177466
v 0.621109 0.602461 -0.096765
v 0.597267 0.634964 -0.088647
v 0.623094 0.551366 -0.099976
v 0.618421 0.564702 -0.179062
v 0.599374 0.606309 -0.185227
v 0.607103 0.624731 -0.176302
v 0.599794 0.655800 -0.188292
v 0.564880 0.617282 -0.210321
v 0.566745 0.661027 -0.200103
v -0.243564 0.635081 -0.238984
v -0.389541 0.004479 -0.099289
v -0.140224 0.474351 0.617726
v 0.383763 0.142067 -0.809603
v -0.570147 0.665713 0.447572
v -0.325590 0.104633 0.475313
v 0.035522 0.624941 0.397291
v -0.414917 0.314068 0.602692
v 0.003688 0.609410 0.401687
v -0.097193 0.734096 -0.234538
v -0.518872 0.000403 0.710068
v -0.288834 0.152172 0.492937
v -0.381719 0.038255 -0.707857
v -0.229270 0.467370 0.493682
v 0.501229 0.643144 -0.445193
v -0.485918 0.032443 -0.939829
v -0.517923 0.002189 -0.948379
v -0.518463 0.154836 -0.940849
v -0.383602 0.002517 -0.947668
v -0.510414 0.021950 -0.813279
v -0.560996 0.612778 -0.686843
v -0.298089 0.409764 0.491970
v -0.413699 0.153103 0.689590
v -0.005292 0.460092 0.550916
v -0.048353 0.504853 0.548775
v 0.517091 0.663343 -0.755189
v 0.483841 0.622891 -0.754748
v 0.381526 0.040543 -0.707771
v -0.635300 0.033752 0.438404
v -0.381647 0.145978 0.542631
v -0.044094 0.539011 0.475060
v -0.458705 0.104880 -0.936767
v -0.710077 0.006879 -0.591102
v -0.389851 0.040015 -0.579008
v -0.379781 0.072049 0.453109
v -0.373808 0.650472 -0.708935
v -0.029030 0.480251 0.454803
v 0.011165 0.624154 -0.488396
v 0.219241 0.751900 0.176078
v 0.237487 0.622340 0.307807
v 0.457371 0.655209 -0.215969
v -0.565311 0.611029 0.343479
v 0.222860 0.758996 0.124240
v -0.291205 0.447306 0.451977
v 0.057561 0.701335 0.339301
v 0.019545 0.627228 -0.512929
v 0.195921 0.762295 0.248999
v 0.412016 0.616861 -0.752442
v -0.074232 0.479644 0.461069
v -0.071205 0.696107 0.464986
v 0.391744 0.666324 -0.220246
v -0.105279 0.763812 -0.137068
v -0.790828 0.009643 0.317182
v -0.488303 0.325720 0.600405
v -0.410419 0.285843 0.485895
v -0.070389 0.630515 0.529551
v 0.088723 0.763207 0.135220
v 0.094258 0.765560 0.267632
v 0.413538 0.383542 -0.842305
v -0.514522 0.115383 -0.810376
v -0.789852 0.003365 0.440605
v -0.074186 0.529812 0.452694
v -0.618731 0.475407 -0.686845
v -0.392914 0.143571 -0.939928
v -0.515172 0.162520 0.536136
v 0.228172 0.634203 0.115270
v 0.384766 0.264183 -0.760713
v -0.782430 0.103945 0.343723
v -0.225721 0.750387 0.053035
v -0.066465 0.615768 0.348454
v -0.514513 0.647328 0.491835
v -0.107068 0.471787 0.509015
v -0.504986 0.091791 -0.005949
v -0.485940 0.325604 -0.854542
v -0.783299 0.150635 0.313809
v -0.379388 0.360489 0.455173
v -0.350841 0.305938 0.477568
v -0.686157 0.385890 -0.615413
v -0.383550 0.127844 -0.803711
v -0.055968 0.703573 0.339252
v -0.506972 0.025089 -0.698103
v -0.782383 0.000000 -0.714953
v -0.769240 0.153343 0.414857
v -0.616532 0.198353 0.440127
v 0.086974 0.636038 0.049173
v 0.087582 0.757764 0.009679
v 0.091212 0.634930 0.019786
v 0.228003 0.634637 0.138973
v 0.095452 0.799468 0.273278
v 0.381322 0.379825 -0.712505
v 0.107552 0.620173 -0.629821
v 0.224303 0.752256 0.013692
v 0.220492 0.755297 0.053724
v 0.459153 0.650590 -0.581735
v -0.231141 0.634967 0.074529
v -0.120224 0.645896 0.479241
v -0.639780 0.443182 0.138643
v 0.103398 0.768842 0.006592
v 0.379788 0.666061 -0.755344
v -0.104511 0.045921 -0.711655
v -0.419701 0.296435 -0.874296
v 0.215162 0.750004 -0.009989
v -0.768200 0.152007 0.343047
v -0.323020 0.524840 0.455122
v -0.099197 0.769058 0.273984
v 0.089507 0.633933 -0.039066
v -0.780636 0.075843 -0.685387
v -0.114966 0.534012 0.479090
v 0.231448 0.634934 0.066899
v 0.376556 0.648778 -0.708833
v -0.787575 0.011798 -0.071624
v -0.782416 0.004807 -0.209139
v 0.095922 0.798380 -0.209159
v 0.231066 0.634881 -0.000272
v -0.402114 0.238797 -0.759677
v -0.514348 0.238338 -0.765832
v 0.231294 0.635173 -0.232486
v 0.094472 0.764975 -0.060755
v -0.636432 0.167469 -0.710604
v -0.231228 0.635074 0.133916
v 0.220177 0.753215 -0.071952
v -0.566026 0.312119 -0.709011
v -0.774450 0.148637 -0.686044
v -0.791112 0.010675 -0.587784
v -0.710535 0.008436 0.314556
v -0.123139 0.709205 0.302692
v -0.780770 0.105020 -0.617817
v -0.098628 0.613609 0.451899
v -0.359124 0.523276 0.472888
v 0.388653 0.666504 -0.583583
v -0.101646 0.797146 -0.189384
v -0.089967 0.634027 -0.100271
v -0.561596 0.613591 0.415646
v 0.204835 0.766265 -0.131092
v -0.514993 0.441644 0.202923
v -0.380174 0.618398 0.452124
v -0.342553 0.557994 0.453926
v -0.122147 0.674482 0.339911
v -0.100735 0.795006 0.255064
v 0.374540 0.616711 -0.641900
v 0.376034 0.651478 -0.648779
v -0.492015 0.440138 0.572654
v -0.417706 0.572052 0.485621
v -0.520809 0.394190 0.437181
v -0.515188 0.377472 -0.707612
v -0.519414 0.325992 0.473924
v 0.385955 0.618379 -0.579798
v -0.681709 0.390985 0.446224
v -0.088262 0.634700 0.249120
v 0.232021 0.634997 -0.062249
v -0.145373 0.621294 0.322369
v -0.034665 0.635609 0.339334
v -0.077671 0.617430 0.350403
v -0.076693 0.616859 0.346105
v 0.100080 0.767327 -0.125067
v 0.231714 0.634857 -0.117769
v -0.753267 0.154695 -0.618130
v -0.709961 0.005892 -0.482568
v -0.209396 0.755891 0.302758
v 0.106727 0.634700 -0.139784
v 0.108747 0.634365 -0.173016
v 0.221638 0.733912 -0.177323
v 0.087463 0.636489 -0.074569
v -0.381683 0.350796 -0.713461
v -0.092812 0.764806 0.180984
v 0.190273 0.766966 -0.232317
v -0.789800 0.139894 -0.591413
v -0.706070 0.006459 0.209687
v -0.504755 0.090592 0.198137
v 0.066699 0.646702 -0.712690
v -0.786513 0.135245 -0.714262
v -0.678718 0.335743 0.343125
v -0.094362 0.764760 0.129796
v -0.506052 0.197983 -0.518998
v -0.696738 0.052306 0.210542
v -0.640150 0.163608 0.160891
v -0.552739 0.174345 0.219057
v -0.090302 0.633176 0.151244
v 0.106724 0.767341 -0.178194
v -0.096848 0.767886 -0.211800
v -0.573635 0.663266 -0.717578
v -0.683629 0.006435 0.316756
v -0.088822 0.634398 0.201736
v 0.099400 0.766487 -0.213054
v -0.652610 0.395325 0.415992
v -0.222516 0.762410 0.195884
v -0.376377 0.617875 0.403196
v -0.228846 0.635399 0.197706
v -0.493348 0.609330 0.473632
v -0.215418 0.759887 0.139630
v -0.091694 0.765399 0.069286
v -0.379638 0.369414 -0.712796
v -0.652828 0.174894 0.052683
v -0.091356 0.633575 0.089320
v 0.231929 0.695662 -0.401895
v -0.542397 0.090336 -0.525998
v -0.503711 0.086415 -0.580820
v -0.637935 0.200290 0.158079
v 0.188588 0.681098 -0.410687
v -0.090905 0.755965 0.017349
v -0.693889 0.292666 -0.686352
v -0.716224 0.309741 -0.583782
v -0.698640 0.363528 0.343483
v -0.218919 0.634532 0.249293
v -0.613262 0.133693 -0.511321
v -0.382637 0.666331 0.481333
v -0.706879 0.005703 0.029179
v -0.698594 0.047913 -0.298061
v -0.707090 0.004832 -0.222583
v -0.419412 0.635537 0.489677
v -0.630850 0.453426 -0.616961
v -0.709240 0.004781 -0.063616
v -0.091999 0.633991 -0.037203
v -0.093488 0.632836 0.029859
v -0.094824 0.758954 -0.009649
v 0.174103 0.645077 -0.382568
v 0.111520 0.622061 -0.360923
v -0.222896 0.761519 0.004999
v -0.091204 0.756521 -0.046701
v -0.718799 0.080439 -0.412087
v -0.214356 0.752821 0.114824
v -0.219519 0.751069 0.077923
v -0.091378 0.755848 -0.072506
v -0.657789 0.185683 -0.439496
v -0.646047 0.091684 -0.433495
v 0.252734 0.620401 -0.250721
v -0.587268 0.630841 -0.688766
v -0.091916 0.759680 -0.112326
vn -0.3493 0.3863 -0.8537
vn 0.9176 0.0125 0.3974
vn 0.9184 0.0148 0.3954
vn 0.9195 0.0182 0.3926
vn 0.7946 -0.5734 0.1996
vn 0.3423 0.8940 -0.2891
vn 0.4111 0.8984 -0.1548
vn 0.3786 0.8988 -0.2208
vn 0.9979 -0.0497 -0.0420
vn 0.9988 -0.0494 0.0032
vn 0.9993 -0.0361 -0.0073
vn -0.3800 -0.9249 -0.0120
vn -0.3799 -0.9250 -0.0096
vn -0.3777 -0.9238 0.0628
vn -0.6155 -0.7718 0.1596
vn -0.2392 0.9695 -0.0544
vn -0.2395 0.9670 -0.0865
vn -0.2392 0.9691 -0.0594
vn 0.9875 0.1576 -0.0057
vn -0.3802 -0.9213 -0.0812
vn 0.0587 -0.9982 0.0153
vn -0.2387 0.9707 -0.0284
vn 0.9827 0.1849 -0.0114
vn 0.8939 0.1519 0.4217
vn -0.5191 0.5400 -0.6625
vn -0.6016 -0.7922 0.1025
vn 0.9943 -0.0969 0.0444
vn 0.9242 0.3712 -0.0897
vn 0.9316 0.3568 -0.0690
vn 0.9204 0.3780 -0.0996
vn -0.2686 0.9624 -0.0408
vn 0.3814 -0.9090 -0.1682
vn 0.9117 0.3927 -0.1211
vn -0.8360 0.5392 0.1019
vn -0.8318 0.5261 0.1769
vn -0.8343 0.5324 0.1432
vn -0.9996 0.0191 -0.0187
vn 0.9583 0.2855 -0.0114
vn 0.9961 0.0179 -0.0864
vn 0.9994 -0.0347 0.0040
vn 0.9946 0.0261 -0.1005
vn 0.9366 0.3428 -0.0719
vn 0.9382 0.3371 -0.0784
vn 0.9327 0.3562 -0.0566
vn 0.9417 0.3230 -0.0943
vn 0.9985 -0.0548 0.0033
vn 0.9976 -0.0636 0.0267
vn 0.9944 -0.0797 0.0701
vn -0.0212 0.1159 0.9930
vn 1.0000 0.0026 0.0036
vn 0.9916 -0.1280 0.0190
vn 0.9998 -0.0179 0.0060
vn 0.2390 -0.0210 0.9708
vn -0.0973 0.2999 0.9490
vn -0.0090 0.9999 0.0132
vn 0.9999 0.0118 0.0015
vn 0.0847 0.1207 0.9891
vn 0.0875 0.1237 0.9885
vn 0.0873 0.1235 0.9885
vn 0.0154 0.9192 -0.3934
vn 0.1285 0.0673 0.9894
vn 0.1819 0.0464 0.9822
vn 0.1669 0.0524 0.9846
vn 0.6127 0.2000 0.7646
vn 0.6098 0.1995 0.7671
vn 0.7233 0.2156 0.6560
vn -0.9217 -0.3878 0.0086
vn -0.9435 -0.3052 0.1291
vn -0.9250 -0.3794 -0.0196
vn -0.9562 -0.2749 0.1005
vn 0.9969 0.0597 0.0509
vn -0.8167 0.1474 0.5580
vn -0.1436 -0.9634 -0.2262
vn 0.1388 0.0476 0.9892
vn 0.2975 0.1229 0.9468
vn 0.2939 0.1212 0.9481
vn 0.9643 -0.0284 0.2632
vn -0.9317 -0.3560 0.0718
vn -0.9386 -0.3436 -0.0301
vn -0.9292 -0.3692 -0.0183
vn 0.9031 0.3355 -0.2679
vn 0.9314 0.3400 -0.1300
vn 0.8239 0.2956 -0.4835
vn -0.9289 -0.3701 0.0156
vn -0.9471 -0.3210 -0.0010
vn 0.9036 0.4280 -0.0192
vn -0.2980 -0.0895 -0.9504
vn 0.7966 0.2816 -0.5349
vn 0.1654 0.0588 0.9845
vn -0.6204 -0.7807 0.0758
vn 0.8324 -0.5457 0.0965
vn -0.6009 -0.3993 0.6924
vn 0.9815 -0.1909 -0.0164
vn 0.2727 0.2076 0.9394
vn -0.8962 -0.4350 -0.0872
vn -0.9041 -0.4254 -0.0410
vn -0.9008 -0.4302 -0.0593
vn 0.9595 0.2750 0.0613
vn -0.2594 -0.0555 0.9642
vn 0.9718 0.1398 -0.1898
vn 0.1188 -0.9755 -0.1854
vn 0.5294 -0.8240 -0.2020
vn -0.0026 0.9224 -0.3863
vn -0.1594 -0.1210 0.9798
vn -0.6966 -0.1005 0.7104
vn -0.2304 -0.9532 -0.1958
vn 0.8873 0.3691 -0.2766
vn 0.8879 0.3717 -0.2710
vn 0.8818 0.3510 -0.3150
vn 0.4121 0.1672 0.8957
vn 0.2307 -0.0216 -0.9728
vn -0.9615 -0.2733 -0.0269
vn -0.6276 -0.7130 0.3126
vn 0.8462 0.4620 -0.2654
vn 0.9963 -0.0064 0.0854
vn -0.6929 0.6545 -0.3025
vn -0.4456 0.8451 -0.2952
vn -0.5976 -0.2304 0.7680
vn -0.6461 -0.2736 0.7125
vn -0.7150 -0.3397 0.6111
vn 0.4484 0.1620 -0.8791
vn 0.4432 0.1623 -0.8816
vn 0.4438 0.1623 -0.8813
vn -0.7289 -0.3540 0.5859
vn -0.8423 -0.2741 -0.4641
vn 0.4490 0.1619 -0.8787
vn 0.8073 0.1865 0.5598
vn -0.8847 -0.3978 -0.2431
vn -0.8709 -0.3838 -0.3070
vn -0.9014 -0.4238 -0.0891
vn 0.9470 0.3113 0.0788
vn 0.9489 0.2814 0.1429
vn 0.9542 0.2815 0.1013
vn -0.4209 -0.1181 0.8994
vn 0.9822 0.1867 0.0186
vn -0.9019 -0.4265 -0.0683
vn 0.9853 0.1605 0.0588
vn -0.9730 -0.1392 0.1842
vn 0.9802 0.1707 0.1005
vn 0.8743 0.4839 -0.0366
vn 0.9628 0.2048 -0.1761
vn -0.3548 -0.0554 -0.9333
vn -0.7902 -0.4076 0.4577
vn -0.6050 -0.2589 0.7529
vn 0.9285 0.3248 0.1800
vn 0.2843 0.1467 -0.9474
vn 0.1640 0.1093 -0.9804
vn 0.1710 0.1115 -0.9789
vn 0.9101 0.4027 0.0980
vn 0.2842 0.1245 0.9506
vn -0.9777 -0.2042 0.0484
vn -0.9478 -0.2353 -0.2153
vn 0.3551 0.1682 -0.9196
vn 0.9626 0.2690 -0.0337
vn -0.0713 0.0346 0.9969
vn -0.0940 0.0334 0.9950
vn 0.1387 0.0476 0.9892
vn -0.9330 -0.3600 0.0015
vn -0.9215 -0.3859 0.0434
vn -0.9183 -0.3892 0.0720
vn -0.1887 -0.0680 -0.9797
vn -0.7360 -0.6762 0.0321
vn -0.8264 -0.5622 0.0301
vn -0.8115 -0.5835 0.0305
vn -0.7246 -0.6885 0.0323
vn -0.9177 -0.3915 0.0670
vn 0.8497 -0.5151 -0.1128
vn 0.8862 0.4423 0.1380
vn -0.1802 0.9441 -0.2762
vn -0.7130 -0.1988 -0.6724
vn -0.2566 -0.1734 0.9508
vn -0.9858 -0.0996 -0.1350
vn 0.8812 0.3491 -0.3189
vn 0.1804 0.0667 0.9813
vn -0.8874 -0.4490 -0.1045
vn 0.8835 0.4640 -0.0647
vn 0.9452 0.3176 0.0756
vn 0.9996 -0.0121 -0.0260
vn 0.3817 0.8923 0.2413
vn -0.9356 -0.3255 -0.1370
vn -0.6821 -0.3831 -0.6228
vn 0.3282 0.9419 -0.0711
vn 0.3761 0.2704 -0.8862
vn 0.4209 -0.0403 0.9062
vn -0.0712 0.0346 0.9969
vn -0.3787 0.9238 0.0566
vn 0.2353 -0.0954 -0.9672
vn -0.8179 -0.5681 -0.0915
vn -0.8996 -0.1441 -0.4123
vn 0.8072 0.5794 -0.1128
vn -0.9471 -0.3210 -0.0009
vn -0.9337 -0.3534 0.0568
vn -0.0007 1.0000 0.0084
vn 0.9731 -0.2176 0.0762
vn 0.7519 -0.6591 -0.0124
vn 0.0846 0.0561 -0.9948
vn -0.0566 0.0511 -0.9971
vn -0.0380 0.0513 -0.9980
vn -0.9311 -0.3608 0.0525
vn -0.9324 -0.3550 0.0681
vn 0.0509 -0.3622 0.9307
vn 0.1636 0.1115 -0.9802
vn -0.8379 -0.3450 0.4230
vn -0.8382 -0.3452 0.4222
vn -0.8402 -0.3463 0.4172
vn -0.8404 -0.3464 0.4169
vn -0.8403 -0.3463 0.4172
vn 0.7888 0.2899 0.5420
vn 0.7591 0.2691 0.5927
vn 0.7741 0.2814 0.5671
vn 0.0109 0.9290 -0.3700
vn 0.8764 0.3129 0.3662
vn -0.5433 -0.2340 0.8063
vn -0.5464 -0.2339 0.8042
vn -0.5319 -0.2344 0.8138
vn 0.8873 0.3147 0.3371
vn 0.1715 0.1183 -0.9780
vn -0.5283 -0.2345 0.8160
vn -0.9096 -0.3994 0.1149
vn -0.0350 -0.0136 -0.9993
vn -0.0108 -0.0073 -0.9999
vn -0.0666 -0.0295 -0.9973
vn -0.1425 -0.0689 -0.9874
vn -0.8181 -0.4396 0.3708
vn 0.0678 -0.9882 -0.1377
vn -0.9643 -0.2623 0.0362
vn -0.9582 -0.2835 0.0383
vn 0.8402 0.5358 -0.0831
vn 0.9842 -0.1769 -0.0031
vn 0.2502 0.9536 0.1676
vn -0.9119 -0.3969 -0.1043
vn -0.4801 -0.7725 -0.4156
vn 0.6367 0.7711 -0.0007
vn -0.9212 -0.3286 0.2083
vn 0.9314 0.3400 -0.1299
vn 0.9032 0.3355 -0.2678
vn 0.9336 0.3401 -0.1126
vn -0.0266 0.9966 0.0779
vn 0.0032 0.9964 0.0842
vn 0.0099 0.9995 0.0313
vn -0.0115 -0.9856 -0.1687
vn -0.0065 -0.9850 -0.1726
vn -0.0077 -0.9851 -0.1717
vn -0.0028 -0.9845 -0.1755
vn 0.9999 -0.0012 0.0118
vn 0.9998 -0.0182 -0.0105
vn 0.9999 -0.0142 -0.0070
vn -0.0154 -0.9950 0.0988
vn 0.9983 0.0011 -0.0589
vn 0.9972 0.0012 -0.0749
vn 0.9991 0.0089 -0.0415
vn 0.9992 -0.0247 -0.0314
vn 1.0000 -0.0077 -0.0015
vn 0.9998 -0.0151 -0.0149
vn 0.9959 0.0462 0.0772
vn 0.9913 0.0881 0.0973
vn 0.9982 0.0084 0.0592
vn 0.6971 0.0005 0.7170
vn 0.6173 0.0431 0.7856
vn 0.6661 0.0176 0.7456
vn 0.0167 0.9995 -0.0250
vn 0.0072 0.9995 -0.0322
vn 0.0211 0.9994 -0.0266
vn -0.0030 0.9997 -0.0232
vn 0.0510 0.9925 -0.1110
vn 0.9990 0.0362 -0.0249
vn 0.9999 0.0152 -0.0034
vn 0.9957 0.0690 -0.0620
vn 0.7979 0.0017 -0.6028
vn 0.7871 0.0434 -0.6153
vn 0.7922 -0.0070 -0.6102
vn 0.9917 -0.1046 0.0751
vn 0.9907 -0.1223 0.0587
vn 0.9914 -0.1103 0.0699
vn 0.9891 -0.0091 0.1472
vn 0.7889 0.0490 -0.6126
vn -0.4452 -0.2309 -0.8652
vn 0.9996 -0.0229 0.0160
vn 0.9893 -0.1455 -0.0138
vn 0.9964 -0.0813 -0.0234
vn 0.9920 -0.0904 0.0882
vn -0.6779 -0.0001 -0.7351
vn -0.6776 0.0023 -0.7355
vn -0.6847 -0.0550 -0.7268
vn 0.4115 0.9113 0.0173
vn -0.2254 0.1523 0.9623
vn 0.3147 -0.2654 -0.9113
vn 0.9931 -0.1159 0.0148
vn 0.9972 -0.0742 -0.0047
vn 0.9962 -0.0868 -0.0065
vn 0.6661 0.0176 0.7457
vn 0.6172 0.0431 0.7856
vn 0.5910 0.0561 0.8047
vn 0.8035 -0.0443 -0.5937
vn 0.0268 -0.0276 -0.9993
vn 0.0363 -0.0523 0.9980
vn 0.0288 -0.0199 0.9994
vn 0.0199 -0.0699 0.9974
vn 0.9695 -0.2434 0.0296
vn 0.0430 -0.9991 -0.0039
vn 0.0653 -0.9978 -0.0080
vn 0.0467 -0.9989 -0.0046
vn 0.8809 0.4727 0.0234
vn 0.1389 -0.0862 0.9865
vn 0.6032 -0.2478 0.7581
vn 0.6144 -0.2588 0.7454
vn 0.6126 -0.2614 0.7459
vn 0.6240 -0.2829 0.7284
vn 0.8106 -0.0089 -0.5855
vn 0.0164 -0.9997 0.0162
vn 0.0195 -0.9997 0.0153
vn 0.0227 -0.9997 -0.0027
vn -0.3617 0.6418 0.6763
vn 0.4420 -0.8957 0.0489
vn 0.4738 -0.8802 0.0288
vn 0.4098 -0.9096 0.0686
vn -0.2469 -0.0820 0.9656
vn -0.0845 -0.0214 0.9962
vn -0.2255 -0.0677 0.9719
vn -0.5302 0.0002 0.8479
vn 0.3815 -0.9204 0.0856
vn 0.1622 0.1911 0.9681
vn 0.1141 0.1218 0.9860
vn 0.3971 -0.5443 0.7389
vn 0.3943 -0.5393 0.7441
vn 0.3985 -0.5467 0.7364
vn 0.3956 -0.9183 -0.0127
vn 0.3814 -0.9244 -0.0021
vn 0.3408 -0.9397 0.0277
vn 0.1824 -0.3207 0.9295
vn -0.0038 0.4054 0.9141
vn -0.0203 0.5463 0.8373
vn -0.0122 0.5693 0.8220
vn 0.9908 -0.0988 0.0923
vn 0.9924 -0.0883 0.0851
vn 0.9892 -0.1084 0.0988
vn 0.7165 -0.0986 0.6906
vn -0.0271 0.3758 0.9263
vn 0.0010 -0.9999 -0.0101
vn 0.0080 -0.9999 -0.0071
vn 0.0063 -0.9999 -0.0132
vn -0.0255 -0.0680 0.9974
vn -0.0615 -0.1058 0.9925
vn 0.9521 -0.0527 0.3013
vn 0.4008 -0.5508 0.7322
vn 0.4374 -0.8992 0.0070
vn 0.4810 -0.8759 0.0366
vn 0.5170 -0.8495 0.1053
vn 0.9080 -0.4157 0.0526
vn 0.4367 -0.8985 -0.0440
vn -0.0000 -0.1028 -0.9947
vn 0.0053 -0.0942 -0.9955
vn -0.0026 -0.1070 -0.9943
vn 0.0014 -0.9998 0.0188
vn -0.0131 -0.9999 0.0079
vn 0.0085 -0.9994 0.0331
vn -0.0029 -0.9999 0.0142
vn 0.9924 0.0457 -0.1144
vn 0.0340 0.3506 0.9359
vn 0.0323 0.0480 0.9983
vn 0.0343 -0.0627 0.9974
vn 0.0497 -0.0435 0.9978
vn 0.0141 -0.5954 0.8033
vn 0.5371 -0.8187 0.2031
vn 0.0086 -0.0888 -0.9960
vn 0.9126 -0.4070 0.0381
vn 0.9608 -0.2572 0.1040
vn 0.9524 -0.2912 0.0896
vn 0.0154 0.0383 0.9991
vn 0.9903 0.1235 -0.0638
vn 1.0000 -0.0056 0.0025
vn 0.9933 0.1155 -0.0023
vn 0.0397 0.0192 0.9990
vn 0.0093 0.0054 0.9999
vn 0.0553 0.0209 0.9983
vn 0.9871 -0.1198 0.1065
vn 0.2244 -0.3416 -0.9127
vn 0.9968 -0.0482 -0.0631
vn 0.9891 0.0916 -0.1148
vn 0.1410 -0.7169 -0.6828
vn 0.9524 -0.2913 0.0895
vn 0.9017 -0.4316 0.0267
vn 0.0658 0.0328 0.9973
vn 0.9715 0.2143 0.1013
vn 0.9566 0.0131 0.2912
vn 0.7947 0.0730 0.6026
vn 0.9919 0.0235 -0.1249
vn 0.9901 0.0601 -0.1269
vn 0.9834 0.1263 -0.1300
vn 0.9566 0.2911 0.0114
vn 0.9904 -0.0704 -0.1190
vn 0.9145 -0.2687 0.3026
vn 0.7234 -0.0478 0.6887
vn 0.7226 -0.0564 0.6889
vn 0.7198 -0.0834 0.6892
vn -0.2264 -0.9740 -0.0036
vn 0.5738 -0.0171 0.8188
vn 0.7454 -0.3470 -0.5693
vn 0.7247 -0.0323 0.6883
vn 0.9772 0.0369 -0.2092
vn 0.9942 0.0027 -0.1074
vn 0.9902 0.0134 -0.1392
vn 0.9995 0.0290 -0.0095
vn 0.9981 0.0608 -0.0095
vn 0.9978 0.0660 -0.0095
vn 0.4625 -0.8841 0.0667
vn 0.5468 -0.8334 0.0806
vn 0.4524 -0.8894 0.0650
vn -0.0126 -0.0018 0.9999
vn -0.0436 -0.0176 0.9989
vn -0.0388 -0.0210 0.9990
vn 0.9999 -0.0005 -0.0122
vn 1.0000 -0.0013 -0.0031
vn 0.9995 -0.0184 -0.0267
vn 1.0000 -0.0032 -0.0008
vn 0.3235 -0.9428 -0.0805
vn 0.4303 -0.9006 0.0613
vn 0.3050 -0.9484 -0.0871
vn 0.3049 -0.9484 -0.0872
vn 0.2935 -0.9367 -0.1909
vn 0.9999 -0.0037 -0.0126
vn -0.0536 -0.0180 0.9984
vn -0.0567 -0.0143 0.9983
vn 0.4506 -0.8899 0.0710
vn 0.0163 -0.9954 -0.0947
vn 0.0040 -0.9955 0.0942
vn 0.0057 -0.9722 0.2340
vn 0.0109 -0.9953 0.0967
vn 0.6250 -0.3170 -0.7133
vn 0.6953 0.3606 0.6217
vn -0.0136 -0.9639 0.2660
vn 0.0109 -0.9952 0.0968
vn 0.9997 -0.0111 -0.0215
vn -0.0763 0.0883 0.9932
vn -0.1582 0.0340 0.9868
vn -0.0498 0.0965 0.9941
vn -0.2308 0.0091 0.9730
vn -0.0724 -0.0364 0.9967
vn -0.1253 -0.0288 0.9917
vn -0.0130 0.1439 0.9895
vn -0.0762 0.0884 0.9932
vn 0.0829 -0.9965 0.0044
vn 0.0035 -1.0000 0.0041
vn -0.2509 -0.9631 -0.0979
vn -0.2210 -0.9522 -0.2108
vn -0.2360 -0.9658 -0.1070
vn 1.0000 0.0007 0.0010
vn -0.3038 -0.9527 0.0111
vn -0.0045 -0.0032 1.0000
vn -0.3188 -0.9476 0.0191
vn -0.0374 0.1148 0.9927
vn 0.0403 -0.3377 0.9404
vn 0.0385 -0.3450 0.9378
vn 0.0379 -0.3474 0.9370
vn 0.9999 -0.0118 -0.0117
vn -0.2409 -0.9630 0.1209
vn 0.9433 -0.0814 -0.3219
vn 0.9664 0.2562 0.0203
vn 0.9760 0.2155 0.0320
vn 0.9084 0.4171 -0.0279
vn -0.9935 0.0453 0.1047
vn -0.9887 0.0632 0.1363
vn -0.9938 0.0440 0.1024
vn 0.9946 0.0147 0.1025
vn 0.9938 0.0921 0.0623
vn 0.9951 0.0557 0.0813
vn 0.9894 0.1408 0.0366
vn -0.0160 0.4177 0.9084
vn -0.0198 0.4182 0.9081
vn 0.0352 0.4101 0.9114
vn -0.0670 -0.0417 0.9969
vn 0.8936 0.4472 -0.0373
vn -1.0000 -0.0079 0.0016
vn -1.0000 0.0079 0.0019
vn -0.9999 -0.0074 0.0102
vn 0.8606 0.3713 -0.3486
vn 0.0853 -0.9929 -0.0829
vn -0.1184 -0.9442 0.3073
vn -0.9680 0.2211 -0.1190
vn 0.9694 -0.2388 -0.0577
vn 0.0411 -0.3342 0.9416
vn 0.9973 0.0730 -0.0095
vn -0.9997 -0.0137 0.0183
vn -0.9997 -0.0197 0.0160
vn -0.2156 0.2169 0.9521
vn 0.0633 0.4224 0.9042
vn 0.0829 0.4162 0.9055
vn 0.0244 0.4215 0.9065
vn 0.7583 0.6309 0.1641
vn 0.7712 0.6145 0.1659
vn 0.7357 0.6579 0.1610
vn 0.2556 0.0415 0.9659
vn 0.2572 -0.1221 0.9586
vn 0.1937 -0.0571 0.9794
vn 0.0292 0.9985 0.0459
vn 0.0273 0.9990 0.0366
vn 0.0307 0.9989 0.0355
vn -0.3636 -0.0033 0.9315
vn 0.4120 -0.0290 0.9107
vn -0.0127 0.6955 0.7184
vn 0.1040 0.9562 -0.2736
vn -0.0151 0.4416 0.8971
vn 0.4660 0.5594 0.6855
vn 0.9334 0.3050 -0.1890
vn 0.9675 0.2486 -0.0469
vn 0.9550 0.2749 -0.1114
vn 0.5070 -0.2397 0.8279
vn 0.6249 -0.0946 -0.7749
vn 0.9908 0.0901 -0.1009
vn 0.9974 0.0502 -0.0515
vn 0.9999 0.0143 -0.0058
vn -0.7126 0.0353 -0.7007
vn -0.7222 0.0373 -0.6906
vn -0.7249 0.0174 -0.6886
vn -0.1549 -0.2231 -0.9624
vn -0.1503 -0.2176 -0.9644
vn -0.1538 -0.2218 -0.9629
vn 0.8420 0.4029 -0.3587
vn 0.5512 -0.8304 0.0813
vn 0.0182 0.9997 -0.0154
vn 0.9931 -0.1170 -0.0033
vn 0.9714 -0.2183 -0.0937
vn 0.9876 -0.1532 -0.0354
vn 0.0578 0.0353 -0.9977
vn 0.0608 0.0359 -0.9975
vn 0.0971 0.0427 -0.9944
vn -0.0284 -0.2363 0.9713
vn -0.0285 -0.2364 0.9712
vn 0.0282 -0.1897 0.9814
vn -0.2828 -0.0270 0.9588
vn 0.6790 -0.4976 0.5398
vn 0.6819 -0.4635 0.5659
vn 0.6838 -0.4089 0.6043
vn -0.1594 -0.2285 -0.9604
vn 0.9709 0.0457 -0.2350
vn 0.6784 0.3106 -0.6658
vn -0.1260 0.8942 -0.4297
vn 0.9345 0.3526 0.0479
vn 0.9365 0.3484 0.0406
vn 0.9277 0.3664 0.0719
vn 0.1279 0.9902 -0.0554
vn 0.9950 -0.0973 0.0219
vn 0.0108 0.2224 0.9749
vn -0.9755 -0.2200 -0.0100
vn -0.9843 -0.1762 -0.0054
vn -0.9758 -0.2183 -0.0098
vn 0.9995 -0.0123 -0.0274
vn 0.7222 0.6731 0.1590
vn -0.0856 -0.2823 0.9555
vn -0.6693 -0.0961 0.7367
vn 0.0350 0.9987 0.0363
vn 0.9970 -0.0657 0.0417
vn -0.0084 -0.9906 0.1366
vn -0.0353 -0.9943 0.1006
vn -0.0201 -0.9945 0.1025
vn 0.5371 -0.8187 0.2032
vn 0.5142 -0.7931 0.3265
vn 0.5170 -0.8495 0.1054
vn -0.0004 -0.0021 1.0000
vn -0.0002 -0.0057 1.0000
vn 0.0036 -0.0092 1.0000
vn 0.6832 -0.3647 0.6327
vn 0.5557 0.5636 -0.6112
vn 0.3074 -0.7160 0.6268
vn -0.1413 -0.7293 -0.6694
vn 0.5671 0.2692 0.7784
vn 0.8814 0.3258 0.3421
vn -0.2452 0.7127 0.6573
vn 0.0361 0.3724 0.9274
vn 0.9049 0.4227 -0.0500
vn 0.9175 0.3974 0.0186
vn 0.8998 0.4307 -0.0699
vn -0.1203 -0.0873 -0.9889
vn 0.0323 -0.0423 0.9986
vn 0.0534 -0.0236 0.9983
vn 0.0459 -0.0004 0.9989
vn 0.6140 0.4692 -0.6347
vn 0.0332 0.3467 0.9374
vn 0.0358 0.0288 0.9989
vn 0.0414 -0.1482 0.9881
vn -0.0615 -0.1059 0.9925
vn 0.9976 0.0372 0.0584
vn 0.9974 0.0352 0.0626
vn 0.9975 0.0357 0.0611
vn 0.1764 -0.0050 -0.9843
vn -0.1297 0.7987 -0.5876
vn -0.0009 -1.0000 0.0080
vn 0.0033 -1.0000 0.0057
vn 0.0001 -1.0000 0.0010
vn 0.9965 -0.0826 0.0139
vn 0.9742 -0.0966 -0.2041
vn 0.9025 0.3349 -0.2707
vn 0.7765 0.0797 0.6251
vn 0.7057 0.1345 0.6956
vn 0.7270 0.1189 0.6763
vn 0.0074 0.0109 0.9999
vn -0.4775 -0.3080 0.8229
vn 0.9928 -0.1134 0.0388
vn 0.8184 0.0270 0.5741
vn 0.3691 -0.0077 -0.9294
vn 0.3167 0.0046 -0.9485
vn 0.3244 0.0027 -0.9459
vn 0.4850 0.0299 0.8740
vn 0.9657 0.2380 0.1039
vn 0.9954 0.0951 0.0078
vn 0.9866 0.1610 0.0254
vn -0.9619 0.0612 0.2664
vn -0.0014 -0.9996 -0.0290
vn -0.0383 -0.0341 0.9987
vn 0.2157 -0.1669 0.9621
vn 0.7057 0.1345 0.6957
vn 0.6344 0.1822 0.7512
vn 0.7269 0.1190 0.6763
vn 0.6850 -0.0185 -0.7283
vn 0.0145 -0.9786 0.2052
vn -0.0189 -0.0279 0.9994
vn 0.0204 0.9976 0.0659
vn 0.0292 0.9985 0.0460
vn 0.0171 0.9972 0.0728
vn 0.9972 -0.0487 -0.0567
vn 0.9971 0.0630 -0.0427
vn 0.9954 0.0950 0.0078
vn 0.8953 -0.3635 -0.2576
vn -0.0346 -0.5450 0.8377
vn 0.0033 -1.0000 0.0042
vn 0.9184 0.3940 0.0370
vn -0.0077 -0.2482 0.9687
vn -0.0075 -0.2524 0.9676
vn -0.0009 -0.3668 0.9303
vn -0.0303 -0.0239 0.9993
vn -0.0002 -0.0055 1.0000
vn 0.0951 -0.2111 0.9728
vn 0.2092 -0.2342 0.9494
vn 0.1145 -0.2152 0.9698
vn 0.7241 0.6896 -0.0152
vn 0.7188 0.6952 -0.0066
vn 0.7227 0.6910 -0.0130
vn 0.9987 -0.0509 0.0046
vn -0.0061 0.0037 1.0000
vn -0.9876 0.0657 0.1426
vn -0.9886 0.0633 0.1363
vn 0.0303 0.3809 0.9241
vn 0.0633 0.0155 0.9979
vn 0.0082 -0.9868 0.1620
vn -0.0244 -0.9943 0.1036
vn 0.0080 -0.9874 0.1582
vn 0.0685 -0.1612 0.9845
vn -0.9999 0.0080 0.0100
vn 0.0304 0.4205 0.9068
vn 0.9971 0.0631 -0.0427
vn 0.0168 -0.9997 0.0158
vn -0.8019 -0.5969 -0.0235
vn -0.0053 -0.9993 -0.0366
vn -0.0190 -0.9998 -0.0098
vn 0.0014 -0.9998 0.0187
vn 0.6032 0.0168 0.7974
vn 0.0972 0.0427 -0.9944
vn 0.0995 0.0431 -0.9941
vn 0.2444 -0.2453 0.9381
vn -0.8994 -0.2189 -0.3785
vn 0.3836 -0.0057 -0.9235
vn -0.9999 -0.0115 0.0101
vn -0.0074 -0.2525 0.9676
vn 0.0064 -0.3258 0.9454
vn -0.0025 0.1276 0.9918
vn 0.4454 -0.0298 -0.8948
vn 0.2445 -0.2454 0.9381
vn 0.0025 -0.9968 0.0797
vn -0.0648 -0.5340 0.8430
vn -0.0816 -0.5492 0.8317
vn -0.0209 -0.5055 0.8626
vn 0.0770 -0.1441 0.9866
vn 0.0330 0.0164 0.9993
vn 0.0102 0.0046 0.9999
vn 0.0119 0.0055 0.9999
vn -0.0089 -0.9977 0.0676
vn -0.0658 -0.9978 0.0001
vn -0.0074 -1.0000 -0.0037
vn 0.0009 -1.0000 -0.0031
vn 0.0329 -0.6519 0.7576
vn 0.7272 0.6861 -0.0204
vn 0.9326 0.3176 0.1714
vn -0.6441 -0.0476 -0.7635
vn -0.6372 -0.0520 -0.7689
vn 0.0226 -0.9440 -0.3293
vn 0.0021 -0.8695 -0.4939
vn -0.0003 -0.8589 -0.5121
vn 0.0540 0.7468 0.6629
vn 0.1718 0.8262 0.5365
vn 0.0862 0.7710 0.6310
vn 0.0295 0.0125 -0.9995
vn 0.0057 0.0028 -1.0000
vn 0.0349 0.0179 -0.9992
vn 1.0000 0.0003 0.0030
vn 0.9995 0.0082 -0.0311
vn 0.9999 0.0044 -0.0148
vn -0.7289 0.0537 0.6825
vn 0.7422 0.1733 -0.6474
vn 0.7104 0.2202 -0.6685
vn 0.7503 0.1606 -0.6413
vn 0.7207 -0.0869 -0.6878
vn 0.4433 0.0633 -0.8942
vn 0.9747 0.0618 -0.2146
vn 0.9419 0.0464 0.3326
vn -0.9875 0.0658 0.1430
vn 0.9254 0.3706 0.0793
vn 0.0349 0.0178 -0.9992
vn 0.0056 0.0028 -1.0000
vn -0.0000 0.0006 -1.0000
vn 1.0000 -0.0009 0.0082
vn 1.0000 0.0003 0.0031
vn 0.9999 0.0044 -0.0147
vn 0.9999 0.0091 0.0091
vn 0.9999 0.0082 0.0073
vn 0.9999 0.0079 0.0089
vn 0.9999 0.0078 0.0068
vn 0.9999 0.0077 0.0096
vn 0.9978 -0.0085 -0.0665
vn 0.3112 0.3120 0.8977
vn 0.7423 0.1732 -0.6473
vn 0.7862 0.0993 -0.6100
vn -0.0040 -0.9998 -0.0214
vn -0.0054 -0.9993 -0.0366
vn -0.0002 -1.0000 0.0007
vn 0.7010 0.7119 -0.0416
vn 0.7480 0.6636 0.0123
vn 0.6920 0.7201 -0.0513
vn 0.9964 0.0463 0.0708
vn 0.0796 0.0027 0.9968
vn 0.0679 -0.9977 -0.0085
vn 0.4102 0.7924 0.4515
vn 0.4021 0.8069 0.4328
vn 0.4487 0.7082 0.5451
vn -0.0010 0.0093 1.0000
vn 0.0060 -0.0013 1.0000
vn 0.9241 0.3711 0.0918
vn -0.1003 0.9922 -0.0736
vn 0.9556 0.0067 -0.2947
vn -0.0593 -0.3309 0.9418
vn -0.0003 -0.3178 0.9481
vn -0.1351 -0.3461 0.9284
vn 0.0434 0.4171 0.9078
vn -0.5842 0.0932 0.8062
vn -0.5131 -0.0385 0.8574
vn -0.5329 0.0453 0.8450
vn 0.1816 0.8673 0.4634
vn 0.1577 0.9043 0.3967
vn 0.1740 0.8800 0.4420
vn 0.5151 0.8563 0.0370
vn 0.9951 -0.0985 0.0012
vn 0.0439 -0.0127 0.9990
vn 0.0002 -0.1899 0.9818
vn 0.6259 0.4189 0.6579
vn 0.9995 -0.0138 -0.0277
vn 0.9995 -0.0124 -0.0274
vn 0.9978 -0.0085 -0.0664
vn 0.0983 0.3648 -0.9259
vn 0.3868 -0.0047 -0.9221
vn -0.0591 -0.0068 0.9982
vn 0.1896 0.8533 0.4857
vn 0.2157 0.9492 0.2291
vn 0.2141 0.9500 0.2274
vn 0.2601 0.9333 0.2477
vn 0.0009 -1.0000 -0.0000
vn -0.4916 -0.8701 0.0352
vn -0.4536 -0.8893 0.0582
vn -0.4752 -0.8787 0.0452
vn 0.2086 0.8455 0.4915
vn 0.3646 -0.5094 -0.7795
vn 0.9951 -0.0984 0.0012
vn 0.3989 -0.9157 -0.0486
vn 0.0267 0.4375 0.8988
vn 0.6070 0.3494 -0.7138
vn 0.9999 0.0143 -0.0057
vn 0.9655 0.2580 0.0341
vn 0.9895 0.1440 0.0125
vn 0.9709 0.2389 0.0175
vn 0.4563 0.6875 0.5649
vn 0.0121 -0.9999 -0.0036
vn 0.0163 -0.9997 0.0162
vn 0.0894 -0.0576 0.9943
vn -0.9801 -0.0165 0.1980
vn 0.1025 0.3987 0.9113
vn 0.0773 0.3806 0.9215
vn 0.0093 0.0049 0.9999
vn 0.0544 -0.0466 -0.9974
vn 0.0115 -0.9997 0.0197
vn -0.5102 -0.0233 0.8598
vn -0.9972 -0.0275 0.0698
vn 0.2629 0.9325 0.2475
vn 0.0233 0.9995 -0.0217
vn 0.0168 0.9995 -0.0250
vn 0.0152 0.9999 -0.0015
vn 0.0136 0.9998 0.0120
vn 0.0088 1.0000 -0.0045
vn -0.0256 -0.0369 0.9990
vn -0.0601 0.5072 0.8597
vn 0.0401 -0.2549 0.9661
vn -0.1303 -0.5348 -0.8349
vn 0.0761 0.8835 -0.4621
vn -0.3666 0.0877 0.9262
vn -0.1826 -0.1750 -0.9675
vn 0.9977 -0.0007 -0.0674
vn 0.3788 0.9254 0.0066
vn 0.6004 -0.2499 0.7597
vn 0.0381 -0.8226 0.5674
vn 0.0219 -0.0321 0.9992
vn 0.9854 0.0941 -0.1421
vn 0.0046 0.0474 0.9989
vn 0.0149 0.0007 0.9999
vn 0.0029 0.0547 0.9985
vn 0.0089 0.0047 0.9999
vn -0.5780 -0.3706 0.7270
vn 0.1352 0.9811 -0.1383
vn 0.2187 0.9512 -0.2179
vn 0.2440 0.9039 -0.3514
vn 0.9961 -0.0842 0.0256
vn -0.0380 -0.9993 -0.0067
vn 0.0240 -0.9480 -0.3172
vn 0.0093 0.9998 0.0196
vn 0.0088 1.0000 -0.0044
vn 0.0136 0.9998 0.0121
vn 0.1785 0.0437 0.9830
vn -0.6238 0.1594 0.7652
vn 0.5230 0.4565 -0.7198
vn 0.2482 0.9125 -0.3252
vn 0.9492 0.3139 -0.0224
vn 0.9980 0.0403 0.0494
vn 0.1867 0.9378 -0.2927
vn 0.2339 0.8932 -0.3840
vn -0.3106 -0.3175 0.8959
vn 0.0479 0.4153 0.9084
vn 0.9941 0.1083 -0.0111
vn 0.8735 0.4862 -0.0238
vn 0.8703 0.4919 -0.0266
vn 0.9029 0.4285 0.0327
vn 0.3973 -0.9177 -0.0059
vn 0.1520 0.7387 -0.6567
vn 0.0257 0.2392 0.9706
vn 0.0251 0.2464 0.9688
vn 0.0121 0.3923 0.9197
vn 0.9327 0.2774 0.2306
vn 0.9241 0.3710 0.0918
vn -0.0048 -1.0000 0.0028
vn 0.2991 0.1338 0.9448
vn 0.9018 -0.4258 -0.0733
vn 0.9478 -0.3181 -0.0224
vn 0.8767 -0.4715 -0.0956
vn -0.3427 -0.9234 -0.1728
vn 0.0390 -0.9991 -0.0142
vn 0.0184 -0.9980 -0.0597
vn 0.6478 0.7557 -0.0962
vn 0.9078 0.3971 0.1352
vn 0.8641 0.3525 0.3592
vn 0.9084 0.3984 0.1267
vn 0.8129 -0.3089 0.4938
vn -0.6780 0.2025 0.7066
vn -0.5843 0.0933 0.8062
vn 0.2629 0.9325 0.2477
vn 0.3358 0.8992 0.2806
vn 0.1030 0.1852 -0.9773
vn 0.0618 0.1544 -0.9861
vn 0.0611 0.1412 -0.9881
vn 0.9652 -0.2615 0.0035
vn 0.6364 0.0759 0.7676
vn 0.9424 -0.3188 0.1017
vn 0.9699 -0.1884 0.1541
vn 0.9657 -0.2166 0.1432
vn 0.0981 -0.2648 0.9593
vn 0.9988 0.0235 0.0440
vn 0.1550 0.2388 -0.9586
vn 0.0969 0.1730 -0.9801
vn -0.0479 0.4359 0.8987
vn 0.0306 0.6951 0.7182
vn -0.5130 -0.8581 0.0219
vn 0.0329 -0.6520 0.7575
vn -0.0209 -0.5056 0.8625
vn 0.0372 -0.6659 0.7451
vn 0.9463 -0.3088 0.0957
vn 0.0173 0.0230 0.9996
vn 0.1024 0.3987 0.9113
vn 0.0806 0.3817 0.9207
vn -0.6882 0.1293 -0.7139
vn -0.7395 -0.1254 0.6614
vn 0.8736 0.4861 -0.0238
vn 0.9024 0.4278 0.0517
vn 0.8917 0.4471 -0.0702
vn 0.7616 0.6481 -0.0031
vn 0.6230 -0.3917 0.6771
vn 0.5921 0.4393 -0.6756
vn 0.9058 0.3596 -0.2241
vn 0.9931 -0.1159 0.0149
vn 0.9961 -0.0843 0.0256
vn 0.9364 -0.3383 0.0934
vn 0.9657 -0.2167 0.1432
vn -0.2114 -0.3593 0.9090
vn -0.4892 -0.0250 0.8718
vn 0.8611 0.3499 0.3690
vn 0.8641 0.3524 0.3593
vn 0.9077 0.3971 0.1353
vn -0.2466 0.9455 0.2127
vn -0.2487 0.9519 0.1787
vn -0.2383 0.9182 0.3165
vn -0.6616 -0.1842 -0.7268
vn 0.3153 0.0447 -0.9479
vn 0.2409 0.0126 -0.9705
vn 0.1940 -0.0074 -0.9810
vn -0.1610 -0.8097 -0.5643
vn 0.0767 -0.6596 0.7477
vn 0.0385 -0.5744 0.8177
vn 0.0506 -0.6021 0.7968
vn 0.0071 0.0525 0.9986
vn 0.0034 0.0075 1.0000
vn 0.8254 0.3131 -0.4699
vn 0.8283 0.3175 -0.4616
vn 0.7971 0.2737 -0.5382
vn 0.9235 0.3835 -0.0042
vn 0.9377 0.3460 0.0309
vn 0.0161 -0.0047 0.9999
vn 0.0885 0.9951 -0.0440
vn 0.1288 0.9916 -0.0085
vn -0.0035 0.9922 0.1245
vn 0.5008 0.5338 -0.6814
vn -0.0533 -0.0709 0.9961
vn -0.0485 -0.0796 0.9956
vn -0.0361 -0.0744 0.9966
vn 0.0515 0.9975 0.0491
vn 0.0172 0.9967 0.0797
vn 0.0403 0.9967 0.0711
vn 0.9047 0.3100 0.2924
vn 0.9870 0.1167 0.1108
vn 0.0050 -0.9890 0.1475
vn -0.0067 -0.9356 0.3529
vn -0.0837 0.9677 -0.2380
vn 0.4632 -0.6120 0.6409
vn 0.2037 0.9769 -0.0649
vn 0.7932 -0.1468 -0.5910
vn 0.1479 -0.0866 -0.9852
vn 0.0378 -0.0344 -0.9987
vn 0.0285 -0.0194 -0.9994
vn -0.0107 -0.1151 0.9933
vn 0.5629 0.8227 -0.0798
vn 0.5605 0.8278 -0.0255
vn 0.5661 0.8231 -0.0447
vn 0.9981 0.0394 0.0465
vn 1.0000 0.0001 0.0025
vn 0.9999 0.0098 0.0021
vn 1.0000 0.0027 0.0014
vn -0.6700 0.0495 -0.7407
vn -0.0293 -0.0121 -0.9995
vn -0.0451 -0.0247 -0.9987
vn 0.6745 0.0839 0.7334
vn -0.0354 0.0875 0.9955
vn -0.0392 0.0025 0.9992
vn -0.0356 0.0824 0.9960
vn -0.0451 -0.1437 0.9886
vn 0.0873 -0.6821 0.7260
vn -0.1095 0.7635 -0.6365
vn 0.1510 0.0685 -0.9862
vn 0.1619 0.0781 -0.9837
vn 0.1057 0.0398 -0.9936
vn 0.9030 0.4285 0.0328
vn -0.0188 -0.0277 0.9994
vn 0.1204 -0.0928 0.9884
vn -0.4718 0.1043 0.8755
vn -0.0044 0.9998 -0.0198
vn -0.0002 0.9990 0.0444
vn -0.0141 0.9921 0.1248
vn 0.0039 -0.0124 0.9999
vn 0.7929 0.2682 -0.5472
vn -0.5131 0.0713 0.8554
vn -0.6368 0.0285 0.7705
vn -0.6050 0.0401 0.7952
vn 0.6837 0.0742 0.7260
vn 0.9108 0.4075 -0.0661
vn -0.9809 -0.1919 0.0305
vn -0.3713 -0.5439 0.7525
vn -0.9980 -0.0239 0.0589
vn -0.9987 -0.0171 0.0475
vn -0.9984 -0.0203 0.0528
vn -0.9945 -0.0336 0.0993
vn -0.6490 0.6585 0.3810
vn -0.0311 0.9993 0.0193
vn -0.0139 0.9984 0.0546
vn -0.6703 0.3667 0.6452
vn 0.0043 0.3391 0.9407
vn 0.0121 0.3924 0.9197
vn 0.0251 0.2466 0.9688
vn 0.0377 0.9878 0.1510
vn 0.0518 0.9965 0.0660
vn 0.0055 0.9999 0.0104
vn -0.2524 0.9624 0.1003
vn 0.1375 0.0476 -0.9894
vn 0.8001 0.5982 0.0447
vn 0.3664 0.0672 -0.9280
vn 0.1025 -0.1184 0.9877
vn -0.0291 0.9990 0.0353
vn 0.5613 0.8132 -0.1536
vn 0.5654 0.8187 -0.1000
vn 0.0096 -0.9999 0.0045
vn -0.9870 0.0942 0.1299
vn -0.0023 0.0035 1.0000
vn -0.7942 0.2179 -0.5672
vn -0.7322 0.1476 -0.6649
vn -0.7837 0.2051 -0.5863
vn 0.9998 0.0105 -0.0145
vn 0.9017 0.3275 -0.2824
vn -0.9894 -0.1449 -0.0069
vn -0.1978 -0.2288 0.9532
vn -0.2402 -0.1473 0.9595
vn -0.2438 -0.1400 0.9597
vn 0.1740 0.9812 0.0834
vn 0.0261 0.9993 0.0280
vn 0.9963 0.0860 -0.0074
vn -0.0376 -0.0145 -0.9992
vn 0.0029 -0.2732 0.9620
vn -0.8563 -0.5087 -0.0897
vn -0.0506 -0.0036 -0.9987
vn -0.9153 -0.1767 0.3619
vn -0.7328 0.0053 0.6804
vn -0.7206 0.0019 0.6934
vn -0.8082 0.0279 0.5882
vn -0.6507 0.7558 0.0727
vn -0.6862 0.7264 0.0377
vn -0.6339 0.7684 0.0886
vn 0.1108 0.9935 0.0262
vn -0.7942 0.2180 -0.5672
vn -0.8201 0.2521 -0.5137
vn -0.6049 0.0401 0.7953
vn -0.4884 0.0792 0.8690
vn -0.5130 0.0713 0.8554
vn 0.5537 0.7658 0.3270
vn 0.5016 0.8036 0.3204
vn 0.4970 0.8067 0.3198
vn 0.3049 -0.3431 0.8884
vn -0.2820 -0.0614 0.9574
vn -0.0014 0.0027 1.0000
vn -0.2337 -0.0546 -0.9708
vn -0.1558 -0.0822 -0.9844
vn -0.3005 -0.0302 -0.9533
vn -0.1295 -0.0912 -0.9874
vn 0.0685 0.0410 -0.9968
vn 0.0720 0.0408 -0.9966
vn 0.0879 0.0392 -0.9954
vn 0.0857 -0.0215 -0.9961
vn 0.1864 0.1769 -0.9664
vn 0.2999 0.0686 -0.9515
vn 0.9999 -0.0074 0.0082
vn -0.1521 0.9881 -0.0250
vn 0.0452 0.0234 -0.9987
vn 0.4660 -0.1664 0.8690
vn 0.2619 -0.4631 -0.8467
vn 0.9203 0.3883 -0.0474
vn 0.0120 -0.9999 -0.0007
vn 0.9210 0.3890 -0.0230
vn 0.0140 -0.9686 -0.2481
vn 0.0095 -0.9664 -0.2569
vn 0.0035 -0.9633 -0.2685
vn 0.0885 -0.9956 -0.0308
vn -0.5919 0.7961 0.1261
vn 0.9972 0.0736 0.0145
vn 0.9701 0.2374 0.0507
vn 0.1461 0.9334 0.3279
vn 0.1545 0.9294 0.3351
vn 0.2019 0.9048 0.3750
vn 0.2055 0.9027 0.3779
vn 0.4165 0.8703 -0.2629
vn 0.4787 0.8355 -0.2699
vn 0.4138 0.8717 -0.2626
vn 0.7294 0.1810 -0.6597
vn 0.7504 0.2248 -0.6216
vn 0.7526 0.2295 -0.6172
vn -0.3874 -0.0850 -0.9180
vn -0.3730 -0.0547 -0.9262
vn -0.3891 -0.0886 -0.9169
vn 0.2465 0.1219 -0.9614
vn 0.2064 0.2627 -0.9425
vn 0.9999 -0.0099 0.0130
vn 0.9974 -0.0182 0.0694
vn -0.0106 0.9995 -0.0301
vn 0.1837 0.6462 -0.7407
vn 0.0731 0.0286 -0.9969
vn 0.0970 0.9943 -0.0449
vn 0.9368 0.3460 -0.0522
vn 0.9276 0.3717 0.0377
vn 0.9276 0.3722 0.0330
vn 0.0284 -0.9751 -0.2198
vn -0.4505 -0.8907 -0.0601
vn -0.4468 -0.8928 -0.0570
vn -0.4575 -0.8867 -0.0661
vn 0.9996 -0.0113 -0.0257
vn 0.9211 0.3868 -0.0438
vn -0.7878 -0.0943 -0.6086
vn -0.9991 -0.0134 0.0413
vn 0.9998 -0.0026 -0.0195
vn 0.9995 -0.0063 -0.0319
vn 0.9998 -0.0030 -0.0174
vn 0.1395 -0.0755 -0.9873
vn -0.9986 0.0508 -0.0137
vn -0.9989 0.0397 -0.0257
vn -0.9998 0.0132 -0.0146
vn 0.1931 0.0980 0.9763
vn 0.0557 -0.0868 -0.9947
vn 0.0534 -0.0847 -0.9950
vn 0.0873 -0.1157 -0.9894
vn -0.9976 0.0592 -0.0369
vn 0.7692 0.2693 -0.5795
vn 0.9998 -0.0087 0.0171
vn 0.0750 -0.4068 -0.9104
vn 0.0891 -0.4446 -0.8913
vn 0.0806 -0.4217 -0.9031
vn -0.0093 1.0000 0.0004
vn 0.4255 0.8505 0.3091
vn 0.9058 0.4165 -0.0776
vn 0.3303 0.9097 -0.2516
vn 0.9999 0.0038 -0.0160
vn 0.2292 -0.3613 -0.9038
vn 0.0042 0.5739 0.8189
vn -0.1246 -0.9906 -0.0562
vn -0.0735 0.1309 -0.9887
vn 0.9614 0.0605 0.2685
vn -0.4122 -0.1392 -0.9004
vn 0.0286 0.0196 0.9994
vn 0.0341 0.0227 0.9992
vn 0.0311 0.0212 0.9993
vn 0.0201 0.9977 0.0654
vn -0.3560 0.9311 -0.0794
vn -0.2924 -0.2740 0.9162
vn -0.0164 0.0440 0.9989
vn 0.0806 -0.4218 -0.9031
vn 0.0915 -0.4508 -0.8879
vn -0.4394 -0.8968 -0.0508
vn -0.9999 0.0047 -0.0163
vn -0.2592 0.2593 0.9304
vn 0.1317 0.9395 0.3161
vn 0.1150 0.9811 0.1553
vn 0.1658 0.9587 0.2311
vn 0.0411 0.9962 -0.0772
vn 0.0403 0.9956 -0.0847
vn 0.0294 0.9826 -0.1834
vn -0.6249 0.2113 0.7516
vn -0.6212 0.2076 0.7557
vn -0.6252 0.2117 0.7512
vn -0.1822 -0.0833 -0.9797
vn -0.3072 -0.1514 -0.9395
vn -0.1886 -0.0429 -0.9811
vn 0.4132 0.0912 -0.9061
vn 0.0038 0.3339 0.9426
vn 0.1658 0.9587 0.2310
vn 0.1150 0.9812 0.1553
vn 0.0844 0.9905 0.1082
vn -0.0474 -0.6259 0.7785
vn -0.0369 -0.5808 0.8132
vn -0.0360 -0.5767 0.8162
vn 0.1024 0.1844 -0.9775
vn -0.3822 -0.4891 0.7841
vn -0.3874 0.3006 -0.8715
vn -0.3965 0.2982 -0.8683
vn -0.3180 0.3225 -0.8916
vn -0.4354 0.7462 -0.5035
vn -0.1396 0.9898 -0.0284
vn -0.6279 0.2144 0.7481
vn 0.9446 0.3246 -0.0489
vn 0.9368 0.3460 -0.0523
vn 0.9276 0.3722 0.0329
vn 0.1035 0.3255 -0.9399
vn 0.0774 0.4109 -0.9084
vn 0.0921 0.4213 -0.9022
vn 0.0967 0.4705 -0.8771
vn -0.0696 0.8095 -0.5829
vn -0.0136 0.9315 -0.3636
vn 0.1931 0.6132 -0.7660
vn 0.9272 0.3731 -0.0316
vn 0.0205 -0.0545 -0.9983
vn -0.9989 -0.0456 -0.0109
vn -0.9981 -0.0582 -0.0190
vn 0.1454 0.6958 -0.7034
vn 0.1246 0.7139 -0.6891
vn 0.2142 0.6301 -0.7464
vn -0.0061 0.9717 0.2363
vn -0.1961 0.8785 0.4356
vn -0.2191 0.8390 0.4981
vn -0.2132 0.8498 0.4821
vn -0.2620 0.3450 -0.9013
vn -0.9993 -0.0073 0.0379
vn -0.0161 -0.9818 0.1891
vn -0.0020 -0.9791 0.2035
vn -0.0011 -0.9789 0.2044
vn -0.5590 -0.1157 0.8210
vn -0.1394 0.0551 -0.9887
vn 0.0511 0.0243 0.9984
vn -0.0503 -0.0213 -0.9985
vn -0.6560 -0.7548 0.0006
vn -0.6903 -0.7231 -0.0250
vn -0.6750 -0.7377 -0.0134
vn -0.8268 0.0341 0.5614
vn -0.9899 -0.0533 0.1316
vn -0.7204 -0.1530 -0.6764
vn 0.9998 0.0036 -0.0203
vn -0.0574 0.8961 -0.4402
vn 0.0494 0.0171 -0.9986
vn 0.0134 -0.9756 0.2192
vn -0.1497 -0.1327 -0.9798
vn -0.1843 -0.0430 -0.9819
vn -0.1825 -0.0603 -0.9814
vn -0.9986 -0.0323 -0.0417
vn 0.0039 -0.0123 0.9999
vn 0.0129 -0.0053 0.9999
vn -0.8847 0.4331 -0.1722
vn 0.0029 -0.2731 0.9620
vn 0.0064 -0.3259 0.9454
vn 0.0027 -0.2714 0.9625
vn 0.2334 0.6101 -0.7572
vn 0.1455 0.6957 -0.7034
vn -0.1799 0.9021 0.3923
vn 0.0476 0.0161 -0.9987
vn 0.9285 0.3700 -0.0317
vn 0.2424 -0.9697 0.0311
vn 0.1062 -0.9931 -0.0501
vn 0.2699 -0.9624 0.0297
vn -0.7519 0.6582 0.0370
vn -0.7063 0.7075 0.0253
vn -0.7424 0.6688 0.0391
vn -0.7505 0.6591 0.0476
vn -0.7563 0.6529 0.0423
vn 0.6889 0.1148 0.7157
vn 0.1913 0.2983 0.9351
vn 0.0143 0.9883 0.1521
vn -0.0228 0.9988 -0.0442
vn -0.0181 0.9996 -0.0193
vn 1.0000 -0.0015 -0.0052
vn -0.2484 0.3046 0.9195
vn -0.2486 0.3303 0.9106
vn -0.2480 0.4217 0.8721
vn -0.2477 0.4340 0.8662
vn -0.0312 0.9216 -0.3868
vn -0.0332 0.9340 -0.3558
vn -0.0389 0.9274 -0.3720
vn 0.9995 0.0167 -0.0280
vn 0.9998 0.0106 -0.0146
vn 0.9999 0.0005 -0.0130
vn -0.5783 -0.6798 0.4511
vn -0.6780 -0.6640 0.3152
vn -0.6306 -0.6743 0.3842
vn -0.1293 0.9440 -0.3037
vn -0.9806 -0.1938 0.0279
vn -0.0660 -0.9844 0.1631
vn 0.2808 -0.0402 -0.9589
vn -0.0483 -0.6299 0.7751
vn 0.0693 0.9959 0.0573
vn -0.1191 0.9580 -0.2610
vn -0.4769 0.1789 -0.8605
vn 0.4019 0.3154 -0.8596
vn 0.3484 0.3153 -0.8828
vn 0.3446 0.3151 -0.8843
vn -0.9566 0.0151 0.2911
vn 0.2731 0.6255 0.7309
vn 0.9343 0.3152 0.1663
vn 0.7730 -0.6297 0.0771
vn 0.0416 -0.9959 -0.0800
vn -0.6388 -0.7693 0.0128
vn -0.7520 0.6582 0.0370
vn 0.9501 0.0125 -0.3117
vn 0.9764 0.0037 -0.2161
vn 0.9698 0.0062 -0.2437
vn -0.9966 0.0741 -0.0363
vn -0.9939 0.0747 -0.0807
vn -0.9964 0.0732 -0.0423
vn 0.0116 0.3072 -0.9516
vn 0.9993 0.0097 0.0362
vn 0.9992 0.0167 0.0361
vn 0.0277 0.9996 -0.0019
vn 0.0555 0.9968 -0.0576
vn 0.0856 0.9281 0.3624
vn 0.0385 0.9131 0.4060
vn -0.9999 -0.0111 0.0125
vn -0.9996 -0.0023 0.0273
vn -0.9996 -0.0236 -0.0143
vn 0.2910 -0.9547 0.0624
vn -0.5569 -0.0651 0.8281
vn 0.9985 0.0192 0.0513
vn 0.9983 0.0084 0.0577
vn 0.9982 0.0061 0.0590
vn 0.9245 0.0189 -0.3806
vn 0.9698 0.0062 -0.2438
vn 0.2397 -0.9708 0.0018
vn -0.0042 -1.0000 -0.0056
vn 0.9800 -0.1967 0.0297
vn 0.9983 -0.0578 0.0091
vn 0.9997 -0.0232 -0.0104
vn -0.3219 -0.0271 -0.9464
vn -0.7175 -0.6504 0.2495
vn -0.7391 -0.0083 0.6735
vn 0.0620 0.5305 -0.8454
vn 0.0283 0.5357 -0.8439
vn 0.0805 0.5274 -0.8458
vn 0.4660 0.8848 0.0023
vn 0.0002 0.0002 -1.0000
vn 0.1104 0.2734 -0.9555
vn -0.5689 0.6993 0.4327
vn -0.2344 0.9485 -0.2129
vn 0.9976 -0.0638 -0.0267
vn 0.9949 -0.0691 -0.0735
vn 0.9975 -0.0639 -0.0285
vn -0.9999 -0.0100 -0.0052
vn 0.4452 -0.8918 -0.0807
vn 0.1716 -0.0367 0.9845
vn 0.1839 -0.0251 0.9826
vn 0.1938 -0.0530 0.9796
vn 0.0342 0.9957 -0.0858
vn -0.7382 0.0689 0.6710
vn -0.7177 0.0550 0.6942
vn -0.7319 0.0645 0.6784
vn -0.7103 0.0502 0.7021
vn 0.9030 0.4295 0.0096
vn -0.2570 0.9395 -0.2265
vn -0.3322 0.3317 -0.8830
vn 0.9793 -0.2006 0.0283
vn 0.0098 0.1861 0.9825
vn 0.7371 0.3812 -0.5581
vn 0.9088 0.4162 0.0291
vn 1.0000 -0.0007 -0.0005
vn -0.9998 -0.0081 -0.0174
vn 0.8471 0.5295 0.0446
vn 0.1038 0.9800 -0.1698
vn 0.9586 -0.2791 0.0571
vn -0.0031 0.0051 1.0000
vn 0.3204 0.7759 0.5434
vn 0.8468 -0.4943 -0.1967
vn -0.3477 -0.0017 -0.9376
vn 0.9992 -0.0397 0.0029
vn 0.9216 0.3859 -0.0419
vn -0.0792 0.3812 0.9211
vn -0.2566 0.3854 0.8863
vn -0.2642 0.3853 0.8842
vn -0.0200 0.0040 0.9998
vn -0.4090 0.9097 -0.0723
vn 0.9944 0.1024 -0.0267
vn -0.5245 -0.8510 -0.0259
vn 0.1745 -0.0210 0.9844
vn -0.0222 0.0661 0.9976
vn 0.0289 0.9818 -0.1877
vn -0.0244 -0.3924 -0.9195
vn 0.0437 -0.3306 -0.9428
vn -0.0441 -0.4096 -0.9112
vn -0.3715 0.6109 0.6991
vn -0.0181 0.9997 -0.0193
vn 0.0173 0.9856 0.1680
vn 0.1165 -0.9467 0.3002
vn 0.9991 0.0103 0.0423
vn -0.1224 -0.9611 0.2477
vn -0.3574 -0.0031 -0.9339
vn -0.0101 0.0939 0.9955
vn 1.0000 -0.0001 -0.0020
vn 0.8245 -0.5634 -0.0534
vn 0.7557 -0.6549 -0.0037
vn 0.8015 -0.5969 -0.0358
vn 0.0552 0.0252 0.9982
vn 0.9996 0.0083 -0.0270
vn -0.1375 -0.9528 -0.2705
vn -0.1493 0.1498 -0.9774
vn -0.1196 0.1601 -0.9798
vn -0.1537 0.1482 -0.9769
vn -0.8928 -0.0615 -0.4461
vn -0.8607 -0.5050 0.0643
vn 0.1554 -0.5512 0.8197
vn 0.6029 -0.0676 -0.7949
vn 0.6485 -0.0007 0.7612
vn -0.0063 0.9506 -0.3104
vn -0.6189 -0.5849 0.5242
vn 0.5958 -0.8002 -0.0689
vn 0.8088 0.5877 0.0221
vn 0.4426 0.2188 -0.8696
vn 0.3608 0.1227 0.9245
vn 0.7254 0.2159 0.6536
vn 0.6128 0.2000 0.7645
vn -0.8856 -0.4625 -0.0427
vn -0.8218 -0.3180 0.4728
vn -0.7717 -0.3134 0.5534
vn -0.8611 -0.3196 0.3954
vn -0.9384 -0.0148 -0.3452
vn -0.8648 -0.3196 0.3873
vn 0.9843 0.0273 0.1741
vn 0.9853 0.0002 0.1707
vn 0.9850 -0.0549 0.1635
vn -0.4798 0.7622 -0.4346
vn -0.9329 -0.3602 -0.0056
vn -0.9307 -0.3657 -0.0067
vn -0.9364 -0.3510 -0.0039
vn 0.0010 0.9455 -0.3256
vn 0.9833 -0.0888 0.1587
vn -0.9384 -0.3455 -0.0028
vn 0.3070 0.0292 0.9513
vn 0.2970 0.0213 0.9546
vn 0.2555 -0.0110 0.9667
vn -0.0365 0.0353 -0.9987
vn -0.3618 -0.9246 -0.1194
vn 0.9823 0.1277 -0.1372
vn 0.2473 -0.0174 0.9688
vn -0.9228 -0.3832 -0.0390
vn -0.6441 -0.2297 0.7296
vn -0.0093 -0.0071 -0.9999
vn -0.9711 -0.2339 0.0482
vn -0.8834 0.4437 -0.1509
vn 0.8331 0.3585 0.4213
vn 0.8393 0.3560 0.4109
vn 0.8258 0.3613 0.4330
vn 0.3502 0.1129 -0.9299
vn -0.5924 -0.5205 -0.6150
vn -0.5916 -0.1367 0.7946
vn 0.6027 0.1571 -0.7824
vn -0.0659 -0.9545 0.2908
vn -0.0193 -0.5923 0.8055
vn -0.7739 -0.6010 0.1996
vn 0.0049 -0.0117 0.9999
vn 0.0254 0.9997 0.0014
vn 0.0045 0.9994 0.0336
vn 0.7310 -0.6822 0.0123
vn 0.4112 0.3139 -0.8558
vn -0.4685 0.3735 -0.8007
vn -0.1818 0.1382 -0.9736
vn -0.0856 -0.4450 -0.8914
vn 0.2373 -0.3555 0.9041
vn -0.0513 0.9986 -0.0126
vn 0.8258 0.3614 0.4330
vn 0.8217 0.3629 0.4395
vn -0.0315 0.3093 -0.9504
vn -0.1154 0.9932 0.0171
vn 0.5905 -0.6654 0.4567
vn 0.0490 0.9988 -0.0034
vn 0.0430 0.9986 0.0308
vn 0.0557 0.9984 -0.0022
vn 0.0947 0.9810 0.1691
vn 1.0000 -0.0016 -0.0004
vn 0.9982 0.0577 -0.0182
vn 0.9973 0.0664 -0.0320
vn -0.3910 0.3177 -0.8638
vn -0.0479 -0.5069 0.8607
vn -0.9995 -0.0299 0.0045
vn -0.9997 -0.0230 -0.0081
vn -0.9997 -0.0169 -0.0194
vn -0.0259 0.9957 0.0889
vn 0.0032 0.9984 0.0563
vn 0.0133 0.9957 0.0914
vn 0.1288 0.5183 -0.8454
vn -0.2216 -0.9124 -0.3440
vn -0.0033 -0.2661 -0.9640
vn 0.0070 -0.2856 -0.9583
vn -0.0670 -0.1421 -0.9876
vn -0.0452 0.9982 0.0398
vn 0.7209 0.1353 0.6797
vn 0.1820 0.0464 0.9822
vn 0.2427 0.0222 0.9699
vn -0.9595 -0.0334 0.2797
vn -0.6396 0.7683 0.0234
vn -0.6349 0.7723 0.0198
vn -0.6375 0.7702 0.0217
vn -0.1400 -0.1319 -0.9813
vn -0.6049 0.3874 -0.6957
vn 0.1664 -0.9178 -0.3604
vn 0.6111 0.7913 0.0207
vn 0.6306 0.7754 0.0324
vn 0.5765 0.8171 0.0006
vn 0.9730 -0.2305 -0.0130
vn 0.0095 -1.0000 -0.0007
vn -0.0033 -1.0000 0.0016
vn -0.0302 -0.9995 0.0005
vn -0.0027 -0.9971 0.0767
vn 0.0566 0.4485 0.8920
vn 0.0432 0.4475 0.8932
vn 0.0444 0.4409 0.8965
vn 0.0661 0.4029 -0.9129
vn -0.7036 0.7041 0.0960
vn 0.1354 0.1166 -0.9839
vn -0.9782 -0.1988 0.0598
vn 0.0016 -0.9895 0.1446
vn 0.0257 -0.9857 0.1667
vn 0.0447 -0.9938 0.1022
vn 0.2144 0.0489 -0.9755
vn 0.0437 0.0033 -0.9990
vn 0.1493 0.0314 -0.9883
vn 0.0436 0.0033 -0.9990
vn 0.0067 -0.0065 -1.0000
vn 0.1492 0.0314 -0.9883
vn 0.0714 -0.9903 0.1194
vn -0.9746 0.1737 -0.1416
vn -0.0529 0.0989 -0.9937
vn 0.0044 0.2676 -0.9635
vn -0.0218 0.1831 -0.9829
vn -0.0692 0.0553 -0.9961
vn 0.0929 -0.0769 0.9927
vn -0.0430 0.5214 0.8522
vn -0.0011 0.0305 0.9995
vn -0.8670 -0.1175 -0.4843
vn 0.9797 0.1691 -0.1075
vn 0.9709 0.1860 -0.1508
vn 0.9486 0.2164 -0.2308
vn 0.9369 0.2288 -0.2642
vn -0.0661 -0.0227 -0.9976
vn -0.3959 0.3160 -0.8622
vn 0.0834 -0.9954 0.0481
vn 0.0338 -0.9620 0.2709
vn -0.0002 -0.9715 0.2371
vn -0.6420 0.7663 0.0252
vn -0.0653 0.7010 0.7101
vn -0.0728 0.7762 0.6263
vn -0.0711 0.7593 0.6468
vn 0.5583 0.8296 -0.0097
vn 0.9768 -0.2043 0.0644
vn 0.0756 0.7929 -0.6047
vn -0.0096 -1.0000 0.0014
vn -0.0036 -1.0000 -0.0025
vn -0.9996 -0.0255 -0.0140
vn -0.9991 -0.0035 0.0427
vn -1.0000 -0.0048 0.0030
vn -0.3504 -0.0544 0.9350
vn -0.0227 0.9929 0.1169
vn -0.0623 0.6700 0.7397
vn -0.0079 0.0098 0.9999
vn -0.1812 -0.0326 -0.9829
vn 0.1102 -0.9908 0.0782
vn -0.0200 -0.9721 -0.2339
vn 0.0233 -0.9737 -0.2265
vn -0.0024 -0.9637 -0.2669
vn -0.3913 -0.3355 0.8569
vn -0.0215 0.9774 0.2103
vn -0.0096 -0.9790 -0.2036
vn 0.9880 0.0207 0.1532
vn 0.9808 0.0506 0.1884
vn 0.9966 -0.0761 0.0310
vn 0.1010 0.9765 -0.1904
vn 0.1956 0.3858 0.9016
vn -0.0838 0.2874 -0.9541
vn 0.1104 0.2735 -0.9555
vn 0.1636 0.2463 -0.9553
vn 0.0697 0.9918 0.1075
vn 0.7210 0.6921 -0.0329
vn -0.3897 -0.5397 0.7462
vn -0.8633 -0.0481 -0.5024
vn -0.0080 0.0255 0.9996
vn 0.9951 -0.0985 0.0030
vn -0.0682 0.9645 0.2551
vn 0.9971 -0.0306 -0.0695
vn 0.0427 0.9986 0.0307
vn 0.0283 0.9989 0.0379
vn -0.0379 0.9971 0.0654
vn 0.1756 0.9682 -0.1783
vn 0.2017 0.9763 -0.0789
vn 0.1750 0.9828 -0.0593
vn -0.4242 -0.8998 0.1020
vn 0.0188 0.3754 0.9267
vn 0.0145 0.3385 0.9409
vn 0.0501 -0.0155 0.9986
vn -0.1352 0.2918 -0.9469
vn -0.0936 0.7960 -0.5980
vn 0.0900 0.1263 0.9879
vn -0.0577 0.3558 -0.9328
vn -0.9991 -0.0128 -0.0404
vn 0.0814 -0.9634 -0.2554
vn -0.0443 -0.9892 -0.1400
vn 0.0331 -0.0130 0.9994
vn 0.0454 -0.0195 0.9988
vn 0.0152 -0.0110 0.9998
vn -0.9988 0.0476 -0.0128
vn -0.9999 -0.0150 0.0071
vn -0.9988 0.0169 -0.0461
vn 0.6025 -0.1904 -0.7750
vn -0.9997 -0.0230 -0.0080
vn -0.9992 -0.0358 0.0155
vn -0.1313 0.9554 -0.2646
vn 0.6924 0.2262 0.6852
vn 0.2017 0.9763 -0.0788
vn 0.2770 0.9609 0.0024
vn 0.2126 0.9771 -0.0100
vn -0.0598 0.3552 -0.9329
vn 0.0158 -0.0137 0.9998
vn 0.8702 -0.4919 -0.0276
vn 0.9996 -0.0283 -0.0062
vn 0.9991 -0.0035 -0.0411
vn 0.9998 -0.0178 -0.0001
vn -0.9989 -0.0210 0.0419
vn -0.9979 -0.0369 0.0541
vn -0.9971 -0.0300 0.0703
vn -0.9895 0.0315 -0.1408
vn 0.3162 -0.9408 -0.1219
vn 0.1389 0.2652 -0.9541
vn 0.1114 0.3940 -0.9123
vn -0.9996 -0.0169 0.0218
vn -0.0200 -0.9721 -0.2338
vn -0.9994 0.0305 -0.0160
vn 0.6168 -0.1302 -0.7763
vn -0.0517 0.9906 0.1269
vn 0.2862 0.6740 0.6811
vn -0.0795 -0.1172 -0.9899
vn 0.3524 -0.9358 0.0019
vn 0.0578 0.9977 -0.0351
vn 0.2179 0.9710 -0.0987
vn 0.0664 0.9971 -0.0381
vn -0.9996 -0.0073 0.0286
vn -0.5577 0.6509 0.5150
vn -0.0645 0.3833 0.9214
vn -0.0517 0.9986 -0.0072
vn -0.0105 0.9999 -0.0087
vn -0.0147 0.9999 -0.0085
vn -0.9945 0.1048 0.0018
vn 0.5337 -0.8454 0.0215
vn 0.0074 -0.0047 1.0000
vn 0.0045 -0.0088 1.0000
vn -0.0007 -0.0163 0.9999
vn 0.2930 -0.1238 -0.9481
vn 0.9758 0.1226 0.1809
vn -0.9957 0.0880 -0.0292
vn -0.0770 0.0496 -0.9958
vn 0.0729 0.3535 0.9326
vn 0.9954 -0.0960 -0.0014
vn 0.9801 -0.1966 0.0270
vn -0.9994 -0.0159 -0.0301
vn 0.9980 -0.0018 0.0637
vn 0.0073 0.9895 0.1446
vn 0.0189 0.9631 0.2685
vn 0.0125 0.9798 0.1998
vn 0.0069 0.9902 0.1398
vn 0.0073 0.9895 0.1444
vn 0.0278 0.9993 -0.0237
vn 0.0197 0.9998 0.0009
vn 0.0262 0.9995 -0.0190
vn 0.0098 0.9998 0.0153
vn -0.0110 -0.9999 -0.0052
vn 0.0025 -0.9994 -0.0342
vn 0.9509 0.2980 -0.0840
vn 0.9994 -0.0355 0.0007
vn 0.9994 -0.0353 0.0007
vn 0.9993 -0.0385 0.0010
vn 0.0832 0.8877 0.4528
vn -0.0302 -0.0239 0.9993
vn 0.0278 -0.0291 0.9992
vn -0.8428 0.1306 -0.5222
vn 0.9891 0.0408 0.1411
vn 1.0000 -0.0034 0.0049
vn 0.9952 0.0256 0.0942
vn -0.0670 0.3260 -0.9430
vn 0.2065 0.9784 -0.0051
vn 0.1955 0.9807 -0.0068
vn 0.1755 0.0780 -0.9814
vn 0.9994 -0.0142 -0.0323
vn -0.9984 -0.0278 0.0482
vn -0.9999 -0.0168 0.0027
vn -0.5482 -0.1372 -0.8250
vn 0.0148 0.0059 0.9999
vn 0.1630 -0.0783 0.9835
vn 0.3185 0.9439 0.0871
vn -0.0147 0.4185 -0.9081
vn 0.0114 0.4294 -0.9030
vn -0.0809 0.3892 -0.9176
vn 0.0489 -0.0084 -0.9988
vn 0.0256 0.0037 -0.9997
vn 0.0217 0.0014 -0.9998
vn -0.9999 -0.0168 0.0028
vn -0.8626 0.4945 0.1068
vn 0.9993 -0.0387 0.0011
vn 0.9997 -0.0118 -0.0210
vn 0.9952 0.0256 0.0941
vn -0.0164 0.2900 0.9569
vn -0.0231 0.1468 0.9889
vn 0.0611 -0.0048 0.9981
vn 0.0279 -0.9995 0.0154
vn -0.9993 -0.0225 0.0305
vn -0.0269 0.2926 0.9558
vn 0.0502 -0.0050 0.9987
vn 0.0611 -0.0049 0.9981
vn 0.0544 -0.0229 -0.9983
vn -0.0141 0.0539 -0.9984
vn 0.0583 -0.0272 -0.9979
vn 0.9995 0.0183 0.0272
vn -0.0212 0.0310 0.9993
vn 0.0009 -0.0116 -0.9999
vn -0.0045 -0.0247 -0.9997
vn -0.0155 -0.0511 -0.9986
vn -0.0533 0.9984 -0.0193
vn -0.0088 -0.3774 -0.9260
vn -0.7388 -0.3659 -0.5659
vn -0.0072 0.9999 0.0146
vn -0.9993 -0.0153 -0.0347
vn 0.0255 0.0037 -0.9997
vn 0.0270 -0.0008 -0.9996
vn 0.3011 -0.9456 -0.1233
vn -0.0460 -0.9908 0.1276
vn 0.9927 0.0579 0.1060
vn 0.9929 0.0574 0.1040
vn 0.9961 0.0501 0.0733
vn 0.4121 0.0410 0.9102
vn 0.4103 0.0413 0.9110
vn 0.4374 0.0365 0.8985
vn 0.9979 -0.0030 0.0640
vn 0.9991 0.0421 0.0064
vn 0.5379 0.3060 -0.7855
vn 0.5167 0.3077 -0.7990
vn 0.9998 -0.0005 -0.0195
vn 0.0187 0.3754 0.9267
vn 0.0709 0.3898 0.9182
vn 0.1430 0.9786 -0.1482
vn 0.0580 0.9983 -0.0101
vn -0.9959 -0.0873 0.0232
vn -0.9993 0.0310 -0.0204
vn -0.9997 -0.0103 0.0241
vn 0.0052 -1.0000 -0.0080
vn 0.5565 -0.8303 -0.0306
vn 0.0198 0.9994 -0.0301
vn 0.0134 0.9999 -0.0082
vn -0.0257 -0.0756 -0.9968
vn -0.9979 0.0303 -0.0581
vn -0.0433 -0.9958 0.0806
vn 0.0963 -0.9951 0.0206
vn 0.1180 -0.9924 0.0343
vn -0.0167 -0.9986 -0.0507
vn -0.9438 0.0798 0.3208
vn 0.5845 0.8027 0.1185
vn 0.0294 -0.1652 0.9858
vn 0.7068 0.7065 0.0360
vn 0.1314 0.3746 0.9178
vn -0.6213 0.0683 0.7806
vn -0.7131 -0.0178 0.7009
vn -0.6706 0.0238 0.7414
vn -0.1553 -0.0531 -0.9864
vn 0.9822 0.1063 0.1546
vn -0.9985 0.0197 -0.0520
vn -0.6146 -0.0064 0.7888
vn 0.0429 -0.9990 0.0101
vn 0.0215 -0.9817 0.1893
vn 0.0223 -0.9829 0.1828
vn -0.5933 0.0919 0.7997
vn -0.4523 0.6228 0.6384
vn -0.1587 0.5755 0.8022
vn -0.0882 0.5835 0.8073
vn -0.1567 0.5758 0.8024
vn -0.0048 -0.0064 -1.0000
vn 0.0021 -0.0070 -1.0000
vn 0.0022 0.0024 -1.0000
vn -0.9997 -0.0106 0.0205
vn 0.9952 -0.0220 0.0951
vn -0.2581 0.9659 -0.0195
vn -0.1129 0.9936 -0.0094
vn -0.1130 0.9936 -0.0094
vn 0.0071 0.9999 -0.0080
vn -0.9996 -0.0196 -0.0194
vn -0.9991 -0.0259 -0.0340
vn -0.9992 -0.0250 -0.0314
vn -0.0870 0.1659 0.9823
vn 0.1411 -0.1089 0.9840
vn 0.1750 0.9828 -0.0592
vn -0.3651 0.2929 -0.8837
vn -0.3986 0.3020 -0.8660
vn -0.3939 0.3007 -0.8685
vn -0.9956 0.0733 -0.0579
vn -0.0823 -0.9910 0.1057
vn 0.1934 -0.9777 0.0824
vn -0.9294 0.3565 -0.0953
vn -0.9192 0.3597 -0.1602
vn -0.9186 0.3599 -0.1631
vn -0.4983 -0.0223 -0.8667
vn -0.4024 0.9155 0.0056
vn 0.0995 0.9922 0.0752
vn -0.1205 0.3620 -0.9244
vn 0.9254 0.0969 -0.3664
vn 0.1205 -0.0972 -0.9880
vn -0.1070 0.3795 -0.9190
vn -0.9945 0.0953 -0.0431
vn 0.0524 -0.0133 0.9985
vn 0.0898 -0.0292 0.9955
vn 0.9978 0.0083 0.0664
vn -0.8056 0.0627 -0.5892
vn -0.9855 -0.0465 0.1633
vn -0.6844 0.7123 0.1556
vn 0.8893 0.4524 0.0671
vn -0.0204 0.0256 0.9995
vn -0.0491 0.0029 -0.9988
vn -0.0399 -0.0131 -0.9991
vn -0.0520 -0.0402 -0.9978
vn 0.0501 -0.2625 -0.9636
vn 0.0148 0.9999 -0.0015
vn -0.0052 0.9992 -0.0384
vn -0.0014 0.9996 -0.0274
vn 0.1040 -0.3518 0.9303
vn -0.8988 0.4378 -0.0212
vn -0.8992 0.4370 -0.0236
vn -0.9072 0.4205 -0.0172
vn 0.0320 -0.0207 0.9993
vn 0.0197 0.9998 0.0010
vn 0.0183 0.9998 0.0053
vn 0.0006 -0.0068 -1.0000
vn -0.0132 -0.0179 -0.9998
vn 0.0277 0.0192 -0.9994
vn 0.9413 0.0801 -0.3278
vn 0.9910 0.0342 -0.1296
vn 0.0366 -0.0111 -0.9993
vn -0.9959 -0.0873 0.0231
vn -0.9997 -0.0103 0.0240
vn -0.9938 -0.1092 -0.0225
vn -0.0335 -0.0587 -0.9977
vn 0.0726 -0.0072 0.9973
vn -0.0111 0.0210 0.9997
vn 0.0665 -0.0061 0.9978
vn 0.0543 -0.0790 0.9954
vn -0.0151 0.0152 0.9998
vn -0.0303 0.0358 0.9989
vn 0.2643 -0.0448 -0.9634
vn 0.9996 0.0003 -0.0278
vn -1.0000 -0.0055 -0.0014
vn -0.9992 -0.0249 -0.0310
vn 0.7147 0.5271 -0.4597
vn 0.9943 -0.0797 0.0701
vn 0.9929 -0.0847 0.0835
vn -0.0933 0.1213 0.9882
vn -0.9938 0.0662 0.0889
vn -0.9809 0.0774 0.1782
vn -0.9815 0.0739 0.1766
vn -0.9940 0.0628 0.0895
vn -0.9815 0.0738 0.1766
vn 0.0124 0.0139 -0.9998
vn 0.0858 -0.0249 -0.9960
vn 0.0545 -0.0183 -0.9983
vn -0.7726 -0.6239 -0.1173
vn 0.0088 1.0000 -0.0008
vn 0.2202 0.9754 -0.0014
vn 0.0418 0.3746 -0.9262
vn 0.9916 0.0042 -0.1295
vn -0.9233 -0.3532 0.1507
vn -0.9460 0.0005 -0.3242
vn -0.9072 0.4204 -0.0172
vn -0.9184 0.3957 0.0072
vn -0.4976 -0.8670 0.0272
vn -0.2985 0.6939 0.6553
vn 0.0006 -0.0002 1.0000
vn -0.0002 -0.0018 1.0000
vn 0.0018 0.0020 1.0000
vn -0.0172 0.9324 0.3610
vn -0.0004 0.0228 -0.9997
vn -0.0779 0.1108 -0.9908
vn 0.0092 0.0120 -0.9999
vn -0.8481 0.5282 0.0424
vn -0.9894 0.1445 -0.0151
vn -0.9979 0.0304 -0.0581
vn -0.2294 0.5645 0.7929
vn -0.6923 0.7201 -0.0458
vn 0.0124 0.7776 0.6286
vn -0.8129 -0.5807 0.0437
vn -0.1046 0.9931 0.0539
vn -0.0232 0.9997 0.0049
vn -0.0186 0.9998 0.0029
vn -0.0105 0.9999 -0.0006
vn 0.0519 0.6039 0.7954
vn 0.1603 -0.1156 0.9803
vn 0.0055 0.9999 -0.0089
vn 0.0439 -0.9990 0.0013
vn -0.8385 -0.1087 -0.5339
vn -0.1287 -0.2755 -0.9526
vn -0.3575 0.9335 0.0282
vn -0.0402 -0.0512 0.9979
vn 0.0347 -0.1262 0.9914
vn -0.0576 -0.0117 0.9983
vn -0.0045 0.9996 0.0270
vn -0.0273 0.9995 0.0138
vn -0.0240 0.9994 0.0263
vn 0.0714 0.9877 0.1392
vn -0.4265 0.8788 -0.2138
vn -0.1073 -0.2950 0.9494
vn -0.0776 -0.4526 0.8883
vn -0.0837 -0.4223 0.9026
vn -0.1508 -0.9883 -0.0241
vn 0.1250 -0.5727 -0.8102
vn 0.0503 0.9972 0.0547
vn 0.0359 0.9960 0.0822
vn 0.9913 0.0916 -0.0940
vn 0.0362 0.0398 -0.9986
vn 0.0160 0.0204 -0.9997
vn 0.0200 0.0243 -0.9995
vn -0.9471 -0.3195 0.0290
vn -0.9674 -0.2531 0.0119
vn -0.9765 -0.2154 0.0035
vn 0.7916 0.1008 -0.6027
vn 0.0146 0.9999 -0.0070
vn -0.0066 0.9982 -0.0598
vn -0.0027 0.9989 -0.0469
vn -0.9482 0.1976 -0.2486
vn -0.9960 -0.0793 -0.0409
vn -0.9999 0.0004 -0.0134
vn 0.1013 0.9890 -0.1083
vn -0.1122 -0.2667 0.9572
vn 0.9932 0.0237 0.1138
vn 0.9972 0.0433 0.0602
vn 0.9964 0.0377 0.0757
vn 0.9921 0.0199 0.1241
vn 0.0314 0.0077 0.9995
vn 0.0358 0.0026 0.9994
vn 0.0038 0.0390 0.9992
vn -0.0560 0.1073 -0.9926
vn -0.0219 -0.9997 0.0122
vn -0.2108 -0.3489 0.9131
vn -0.0390 0.9985 0.0390
vn 0.4400 0.0361 0.8973
vn -0.0438 0.4949 0.8678
vn 0.0168 0.9930 0.1173
vn -0.0220 0.9818 0.1884
vn 0.0172 0.9950 0.0982
vn -0.9064 0.2966 0.3009
vn 0.9209 0.3783 0.0941
vn 0.0325 0.9995 0.0011
vn 0.0054 0.9999 -0.0090
vn -0.1278 0.0181 0.9916
vn -0.0258 -0.9997 0.0052
vn 0.1360 0.9888 -0.0612
vn -0.0072 1.0000 0.0018
vn -0.5564 0.0316 0.8303
vn -0.5506 -0.0361 0.8340
vn -0.5699 -0.0000 0.8217
vn -0.9989 -0.0435 -0.0164
vn -0.9943 -0.0745 -0.0759
vn -0.9960 -0.0663 -0.0602
vn 0.0839 -0.0732 -0.9938
vn -0.8580 0.2813 0.4299
vn 0.0104 -0.0055 0.9999
vn -0.0077 0.0231 0.9997
vn -0.9995 -0.0287 0.0120
vn 0.0707 -0.0228 -0.9972
vn -0.8506 0.4763 0.2228
vn -0.9206 0.3862 0.0571
vn 0.2548 0.8861 0.3872
vn 0.0282 0.1929 0.9808
vn 0.0238 0.2142 0.9765
vn -0.0024 0.3379 0.9412
vn 0.0412 -0.0202 0.9989
vn 0.9940 0.1095 -0.0087
vn 0.0454 0.9989 0.0064
vn 0.0175 0.9998 -0.0021
vn 0.0407 0.9992 -0.0027
vn -0.9057 0.3665 0.2132
vn -0.9070 0.3666 0.2073
vn -0.9096 0.4132 0.0441
vn -0.0000 -1.0000 -0.0019
vn 0.3694 -0.0075 0.9293
vn 0.3717 -0.0189 0.9282
vn 0.3690 -0.0057 0.9294
vn 0.0543 0.4089 0.9110
vn 0.1732 -0.0642 -0.9828
vn 0.0026 0.0034 1.0000
vn 0.0420 0.0893 0.9951
vn 0.1098 0.1595 0.9811
vn 0.0381 0.0853 0.9956
vn -0.9992 -0.0259 0.0303
vn -0.9853 -0.1708 0.0052
vn -0.0018 0.9996 0.0297
vn -0.0736 0.9972 -0.0090
vn -0.0546 0.9984 -0.0130
vn 0.0642 -0.0297 0.9975
vn -0.9940 -0.1093 0.0001
vn -0.0286 0.0158 0.9995
vn -0.0170 0.0129 -0.9998
vn -0.0670 0.0269 -0.9974
vn -0.0192 0.0135 -0.9997
vn 0.0162 0.9999 -0.0050
vn 0.0170 0.9998 -0.0094
vn 0.0099 0.9995 0.0312
vn -0.0065 1.0000 -0.0023
vn -0.0049 0.9999 -0.0102
vn 0.8966 0.2795 -0.3434
vn 0.8971 0.2791 -0.3425
vn 0.8981 0.2782 -0.3407
vn 0.0006 0.9999 -0.0100
vn 0.0006 0.9999 -0.0101
vn 0.9770 -0.1006 -0.1881
vn -0.9773 0.2106 0.0219
vn -0.9816 0.1555 0.1110
vn -0.9847 0.1529 0.0837
vn 0.0092 0.9994 0.0348
vn -0.1671 0.2554 0.9523
vn -0.9695 0.1461 0.1967
vn -0.1296 -0.9915 0.0130
vn 0.0568 0.4083 0.9111
vn 0.0152 0.7912 -0.6114
vn -0.6287 0.1914 -0.7537
vn -0.5911 0.0417 0.8055
vn -0.0092 0.9992 0.0384
vn -0.9990 -0.0093 -0.0441
vn -0.9908 -0.1350 0.0089
vn 0.0848 -0.7968 0.5983
vn 0.1447 0.3346 -0.9312
vn 0.1483 0.3346 -0.9306
vn 0.0459 0.3118 -0.9490
vn -0.9274 0.3737 0.0181
vn -0.9162 0.3934 0.0763
vn -0.9179 0.3909 0.0686
vn -0.9939 0.0747 0.0817
vn -0.9834 0.1784 0.0322
vn -0.9794 0.1987 0.0371
vn -0.9390 -0.3438 -0.0069
vn -0.9533 -0.3005 0.0293
vn -0.9701 -0.2253 0.0902
vn -0.9959 0.0881 -0.0226
vn 0.0054 1.0000 -0.0011
vn 0.0073 1.0000 -0.0064
vn -0.3039 0.9525 0.0171
vn -0.7990 0.5927 0.1016
vn -0.8448 0.5351 -0.0061
vn -0.8419 0.5396 0.0017
vn 0.0639 0.9972 -0.0385
vn -0.9233 0.3821 -0.0395
vn -0.9245 0.3792 -0.0385
vn -0.9246 0.3790 -0.0382
vn -0.0520 0.0120 0.9986
vn -0.1979 0.0083 -0.9802
vn -0.2030 0.0257 -0.9788
vn -0.2012 0.0197 -0.9793
vn -0.0013 0.0037 -1.0000
vn 0.8359 0.3623 0.4123
vn 0.1368 -0.9905 -0.0098
vn -0.8708 0.4832 -0.0911
vn -0.3235 0.9458 0.0279
vn -0.3208 -0.9433 0.0850
vn 0.9778 0.0805 -0.1932
vn -0.1548 0.3203 -0.9346
vn 0.9992 0.0159 -0.0376
vn 0.9998 0.0100 -0.0168
vn 0.9998 0.0098 -0.0160
vn 0.0423 0.3234 -0.9453
vn -0.9993 -0.0137 0.0353
vn -0.9070 0.3666 0.2072
vn -0.9101 0.4130 0.0342
vn -0.9705 0.2393 0.0274
vn -0.9776 -0.2065 0.0419
vn -0.8491 -0.5282 -0.0006
vn 0.9929 0.0574 0.1039
vn 0.9962 0.0496 0.0714
vn 0.0734 0.1626 0.9840
vn 0.7400 -0.6721 0.0255
vn -0.0055 0.1206 -0.9927
vn 0.8987 0.2776 -0.3395
vn -0.1069 0.3796 -0.9190
vn -0.0113 0.3689 -0.9294
vn 0.0030 0.3658 -0.9307
vn -0.0205 0.0136 0.9997
vn -0.0210 0.0138 0.9997
vn -0.0541 0.0231 0.9983
vn -0.7610 0.3267 -0.5604
vn -0.9209 -0.3872 -0.0442
vn -0.0107 0.9997 0.0222
vn -0.0610 0.9593 -0.2758
vn -0.0517 0.9960 -0.0728
vn 0.1393 -0.1779 -0.9741
vn -0.2893 0.2762 -0.9165
vn -0.8743 -0.4797 0.0738
vn -0.0701 0.4250 0.9025
vn -0.3560 0.6598 0.6618
vn 0.9991 0.0163 -0.0389
vn -0.9984 0.0340 0.0455
vn -0.7086 0.0356 0.7047
vn -0.9275 0.3727 -0.0276
vn -0.9275 0.3731 -0.0236
vn -0.9308 0.3623 0.0483
vn 0.9977 0.0108 0.0664
vn -0.3083 0.2040 -0.9291
vn 0.0841 0.2830 -0.9554
vn 0.0317 0.6111 -0.7909
vn 0.0235 0.6104 -0.7917
vn -0.0836 0.5974 -0.7976
vn -0.3606 0.2917 -0.8859
vn -0.0177 0.9998 0.0129
vn -0.0750 0.9957 -0.0543
vn -0.0027 0.0094 -1.0000
vn -0.9841 0.0028 0.1776
vn -0.1224 -0.0299 0.9920
vn 0.4636 0.8713 -0.1608
vn -0.3367 -0.4915 -0.8031
vn -0.5126 -0.6466 -0.5649
vn -0.8688 -0.4951 -0.0084
vn -0.8667 -0.4989 -0.0064
vn -0.8601 -0.5101 0.0039
vn -0.0264 -0.9996 0.0131
vn -0.9992 -0.0291 -0.0263
vn -0.9997 0.0193 0.0179
vn -0.9999 -0.0095 -0.0084
vn 0.0142 0.9999 -0.0056
vn -0.4389 0.8802 -0.1806
vn -0.0061 0.9990 -0.0450
vn 0.0018 0.9968 -0.0800
vn -0.0051 0.9987 -0.0499
vn 0.0084 0.0112 -0.9999
vn -0.9999 0.0102 -0.0099
vn 0.0755 -0.0223 -0.9969
vn -0.2156 0.9460 -0.2422
vn -0.1341 0.9772 -0.1645
vn -0.1748 0.9634 -0.2033
vn -0.0544 0.0217 -0.9983
vn -0.0654 0.0307 -0.9974
vn -0.0643 0.0298 -0.9975
vn -0.9947 0.0286 0.0986
vn -0.9907 0.0331 0.1320
vn -0.9989 0.0471 0.0047
vn -0.8438 0.2705 -0.4636
vn -0.1140 -0.0086 -0.9934
vn -0.1026 0.1492 0.9835
vn -0.0268 0.0687 0.9973
vn -0.0187 0.0601 0.9980
vn -0.3542 -0.9348 0.0268
vn 0.0363 0.6305 0.7754
vn 0.1721 0.3848 0.9068
vn -0.1952 0.9806 -0.0169
vn -0.1661 0.8838 -0.4373
vn -0.7413 0.0479 0.6695
vn -0.9165 0.3952 0.0627
vn 0.0325 -0.0181 0.9993
vn 0.0101 0.9999 -0.0018
vn 0.0714 -0.0363 0.9968
vn -0.9953 -0.0011 -0.0972
vn 0.1764 -0.8080 -0.5621
vn 0.0993 0.9938 -0.0505
vn -0.2060 0.0362 -0.9779
vn -0.8755 -0.0357 -0.4820
vn -0.8749 -0.0928 -0.4753
vn -0.8836 -0.1389 -0.4472
vn -0.9900 0.0692 0.1232
vn -0.0057 0.0049 -1.0000
vn -0.1886 -0.0677 0.9797
vn -0.0449 0.3109 0.9494
vn -0.1461 0.9883 0.0447
vn 0.0320 0.9939 0.1054
vn -0.8251 0.5135 0.2356
vn -0.9989 -0.0166 0.0442
vn -0.9999 -0.0005 -0.0115
vn -0.9996 -0.0056 -0.0274
vn -0.9948 -0.0172 -0.1004
vn -0.8784 -0.4775 0.0195
vn -0.0939 -0.9945 0.0470
vn -0.9228 0.3840 0.0312
vn -0.1114 0.9938 0.0005
vn 0.0087 0.2671 -0.9636
vn -0.3899 -0.5098 0.7669
vn -0.0016 -0.0009 1.0000
vn -0.0029 0.0029 1.0000
vn -0.9973 -0.0692 0.0261
vn -0.9978 -0.0307 0.0584
vn -0.9978 -0.0307 0.0585
vn 0.8568 0.2655 0.4421
vn -0.0994 -0.0187 -0.9949
vn -0.1251 -0.0047 -0.9921
vn -0.1971 -0.0453 -0.9793
vn -0.2180 0.9449 -0.2444
vn -0.8139 0.0024 -0.5809
vn -0.8167 0.0016 -0.5770
vn -0.7801 0.1305 -0.6120
vn 0.9970 0.0041 0.0773
vn -0.9049 -0.4247 -0.0286
vn 0.0058 -0.0049 -1.0000
vn 0.0023 0.0023 -1.0000
vn 0.0011 0.0050 -1.0000
vn 0.0077 0.9990 -0.0431
vn -0.0467 0.0218 0.9987
vn -0.0212 0.0138 0.9997
vn -0.0117 0.9928 -0.1188
vn -0.8152 -0.0186 -0.5789
vn 0.3669 0.0043 0.9303
vn -0.0712 0.0281 -0.9971
vn -0.9885 0.1288 -0.0790
vn -0.9998 -0.0143 0.0121
vn -0.0836 0.5573 -0.8261
vn -0.8695 0.0021 -0.4940
vn -0.8811 -0.4725 0.0213
vn -0.1068 -0.0458 0.9932
vn -0.1057 -0.0469 0.9933
vn -0.0673 -0.0147 0.9976
vn -0.0352 -0.4477 0.8935
vn -0.1462 0.9882 0.0447
vn -0.3040 0.9525 0.0171
vn -0.3277 0.9438 0.0433
vn -0.0025 0.9968 -0.0803
vn -0.5409 0.8361 -0.0920
vn -0.0863 0.4072 -0.9093
vn 0.1372 0.3729 0.9177
vn -0.3069 -0.1603 -0.9381
vn 0.0241 0.9994 -0.0262
vn -0.2708 -0.9625 -0.0145
vn -0.9657 0.2442 0.0885
vn -0.0024 0.3380 0.9411
vn 0.0238 0.2143 0.9765
vn -0.0051 0.3506 0.9365
vn -0.9224 0.3844 -0.0390
vn -0.9926 0.1135 -0.0430
vn -0.9805 0.1924 0.0402
vn -0.9624 0.2619 0.0715
vn -0.1882 0.1329 -0.9731
vn -0.2490 0.2032 -0.9470
vn -0.1815 0.1252 -0.9754
vn 0.0082 0.9992 -0.0393
vn -0.0067 0.9939 -0.1100
vn -0.9881 0.0065 0.1539
vn 0.0479 0.2075 0.9771
vn -0.0269 0.2926 0.9559
vn -0.0448 0.3108 0.9494
vn -0.9870 0.1604 0.0134
vn 0.0145 0.0077 0.9999
vn 0.0144 0.9999 -0.0032
vn -0.2031 0.1032 0.9737
vn -0.1535 0.0427 0.9872
vn -0.1469 0.0348 0.9885
vn -0.1126 0.0466 -0.9925
vn -0.1881 0.1329 -0.9731
vn -0.1814 0.1251 -0.9754
vn 0.0039 0.9999 0.0121
vn -0.1108 0.0249 0.9935
vn -0.1160 0.0762 0.9903
vn -0.1006 -0.0690 0.9925
vn 0.0103 -0.0055 0.9999
vn 0.0001 -0.0001 1.0000
vn 0.0098 -0.0053 0.9999
vn -0.9224 0.3847 0.0338
vn -0.0729 0.0225 0.9971
vn -0.0626 0.0342 0.9975
vn -0.0086 0.0954 0.9954
vn -0.0311 0.9939 0.1054
vn -0.0041 0.9990 -0.0444
vn -0.0228 0.9980 0.0595
vn -0.9841 0.0028 0.1777
vn -0.0183 0.9998 0.0055
vn -0.9777 -0.1107 0.1784
vn -0.9453 -0.1972 0.2599
vn -0.9426 -0.2028 0.2652
vn -0.9838 -0.0837 -0.1585
vn -0.0005 0.0003 1.0000
vn -0.1942 0.1301 -0.9723
vn -0.2597 0.2117 -0.9422
vn -0.1813 0.1142 -0.9768
vn -0.9983 0.0262 -0.0526
vn 0.0144 0.0563 -0.9983
vn 0.0303 0.9995 -0.0075
vn 0.0146 0.9999 0.0049
vn -0.8957 -0.2849 0.3415
vn -0.1304 0.9885 0.0762
vn -0.1443 0.9847 0.0976
vn -0.2036 0.9604 0.1900
vn -0.1114 -0.1573 -0.9813
vn -0.0795 -0.1214 -0.9894
vn -0.1232 -0.0666 -0.9901
vn -0.9275 0.3731 -0.0235
vn -0.9347 0.3506 0.0585
vn -0.0028 0.9965 -0.0835
vn -0.8952 0.0260 -0.4448
vn -0.8903 0.0294 -0.4545
vn -0.1068 -0.0457 0.9932
vn -0.0731 0.0002 0.9973
vn -0.9975 0.0605 -0.0373
vn -0.1064 0.0226 -0.9941
vn -0.0514 0.9802 0.1915
vn 0.0319 0.6103 -0.7916
vn 0.1457 0.6166 -0.7737
vn 0.0236 0.6104 -0.7917
vn -0.3861 0.9004 0.2004
vn -0.0050 0.9998 0.0207
vn 0.9875 0.0650 -0.1435
vn -0.9965 -0.0232 -0.0804
vn -0.1440 -0.0796 -0.9864
vn -0.5262 0.8503 -0.0015
vn -0.9670 0.0898 0.2385
vn -0.0088 0.0625 -0.9980
vn -0.0285 -0.1440 0.9892
vn -0.0468 0.0218 0.9987
vn -0.0567 0.0238 0.9981
vn 0.9573 0.2616 -0.1226
vn 0.9228 0.3562 -0.1470
vn 0.9842 0.1690 -0.0528
vn 0.3987 0.8832 0.2469
vn -0.6819 -0.7280 0.0708
vn -0.6482 -0.7563 0.0893
vn -0.6986 -0.7128 0.0613
vn -0.0879 0.0182 -0.9960
vn -0.1754 0.0631 -0.9825
vn -0.1484 0.0387 -0.9882
vn -0.1047 0.9265 0.3615
vn -0.1531 0.0774 0.9852
vn -0.1233 0.0412 0.9915
vn -0.1184 0.0352 0.9923
vn -0.9874 0.0132 -0.1579
vn -0.9965 -0.0232 -0.0803
vn -0.0894 0.0199 -0.9958
vn -0.0943 -0.0284 0.9951
vn -0.0436 0.0777 0.9960
vn 0.0348 0.1538 0.9875
vn -0.0330 0.0881 0.9956
vn -0.9284 0.3715 0.0119
vn -0.2666 0.0005 -0.9638
vn -0.1972 -0.0453 -0.9793
vn -0.4063 0.9137 0.0131
vn -0.6296 -0.7706 0.0991
vn 0.9873 0.1506 -0.0509
vn -0.0865 -0.0032 0.9962
vn -0.7127 0.6918 0.1156
vn 0.0064 0.0359 -0.9993
vn 0.0084 0.7818 -0.6235
vn -0.9212 0.3872 -0.0380
vn -0.8501 0.4297 0.3045
vn -0.7767 0.0770 -0.6251
vn 0.0265 -0.0248 -0.9993
vn 0.0427 0.0059 -0.9991
vn 0.0115 0.5292 -0.8484
vn -0.9381 0.3450 0.0301
vn -0.9356 -0.2079 0.2852
vn -0.7393 -0.2820 0.6115
vn -0.3815 0.9242 0.0152
vn -0.0159 -0.4985 -0.8668
vn -0.0011 0.9981 -0.0611
vn -0.0228 0.9980 0.0594
vn -0.0041 0.9990 -0.0445
vn -0.0435 0.2932 -0.9551
vn -0.0957 0.3450 -0.9337
vn -0.0308 0.2842 -0.9583
vn -0.6088 -0.1126 0.7853
vn -0.6089 -0.1112 0.7854
vn -0.6100 -0.0401 0.7914
vn -0.9987 -0.0223 -0.0456
vn -0.9992 -0.0285 -0.0283
vn -0.9962 -0.0064 -0.0872
vn -0.5860 -0.5091 0.6304
vn 0.4721 0.6946 0.5428
vn -0.0084 0.0139 -0.9999
vn -0.8701 -0.0862 0.4853
vn -0.9185 -0.0418 0.3931
vn -0.9124 -0.0383 0.4075
vn -0.5394 0.0825 -0.8380
vn -0.1265 -0.0357 -0.9913
vn -0.1440 -0.0795 -0.9864
vn -0.1251 -0.0376 0.9914
vn 0.0055 1.0000 -0.0002
vn 0.0038 1.0000 0.0051
vn 0.0065 1.0000 0.0051
vn -0.0246 0.9997 0.0014
vn -0.2706 0.1366 -0.9529
vn -0.3239 0.1944 -0.9259
vn -0.2685 0.1343 -0.9539
vn 0.3787 0.8988 -0.2208
vn 0.4432 0.8925 -0.0835
vn 0.0626 -0.6620 -0.7469
vn -0.0168 0.9998 0.0064
vn -0.0142 0.9999 0.0089
vn 0.0026 1.0000 0.0036
vn -0.2038 0.0657 -0.9768
vn -0.0031 0.5587 -0.8294
vn -0.0685 -0.4456 -0.8926
vn -0.1443 0.9847 0.0977
vn -0.2190 0.9519 0.2142
vn -0.8749 -0.4833 -0.0307
vn 0.0092 0.2752 0.9613
vn -0.0307 0.2841 -0.9583
vn -0.9171 0.2757 -0.2879
vn -0.0544 0.0216 -0.9983
vn -0.0532 0.0207 -0.9984
vn -0.2645 -0.3381 0.9032
vn -0.9624 0.2620 0.0715
vn -0.9381 0.3450 0.0300
vn -0.9302 0.3671 -0.0035
vn -0.1187 -0.0584 -0.9912
vn -0.1241 -0.0019 0.9923
vn -0.0020 0.0213 -0.9998
vn -0.6018 -0.2139 0.7695
vn -0.6089 -0.1113 0.7854
vn -0.3677 0.9298 0.0160
vn -0.3918 0.8830 -0.2585
vn -0.2960 0.0099 -0.9551
vn -0.0175 0.9990 0.0417
vn -0.0214 0.9998 -0.0049
vn -0.0020 1.0000 0.0076
vn 0.0324 0.9995 -0.0060
vn -0.0245 0.9997 0.0014
vn 0.0086 0.9999 -0.0091
vn 0.0500 0.9987 -0.0063
vn -0.0434 0.2932 -0.9551
vn -0.1182 0.9367 -0.3297
vn -0.5687 -0.8173 0.0931
vn -0.8758 0.3860 -0.2898
vn -0.9942 0.0378 0.1002
vn -0.9980 -0.0468 -0.0425
vn -0.9176 0.3392 -0.2074
vn 0.0054 0.0826 -0.9966
vn -0.0032 -0.0139 -0.9999
vn -0.2076 0.9782 -0.0022
vn -0.2282 0.9736 -0.0059
vn -0.0707 0.9974 0.0145
vn -0.9998 0.0180 0.0098
vn -0.0888 -0.1679 0.9818
vn -0.3674 0.9299 0.0161
vn 0.0495 0.9988 0.0039
vn 0.0161 0.9998 -0.0105
vn -0.0200 0.9995 -0.0261
vn -0.7731 0.2081 -0.5992
vn -0.8669 0.0472 -0.4962
vn -0.8616 -0.0766 -0.5017
vn -0.8664 -0.0023 -0.4994
vn -0.9364 0.2682 0.2264
vn -0.9358 0.2295 0.2676
vn -0.9365 0.2582 0.2372
vn 0.1479 -0.5364 0.8309
vn 0.9936 0.1130 -0.0048
vn -0.9095 0.4133 0.0441
vn -0.8772 0.4672 0.1107
vn -0.2986 0.2345 0.9251
vn -0.0284 0.1062 0.9939
vn -0.0031 0.0041 1.0000
vn -0.3246 0.1066 -0.9398
vn 0.0493 0.9988 -0.0033
vn -0.9890 0.0183 -0.1470
vn -0.4565 0.3259 0.8279
vn 0.0494 0.9988 -0.0033
vn 0.8392 0.4702 -0.2732
vn 0.8354 0.4781 -0.2711
vn 0.8682 0.4029 -0.2896
vn 0.8926 0.1094 0.4375
vn 0.9083 0.1127 0.4029
vn 0.9612 0.1254 0.2458
vn 0.9667 0.1269 0.2221
vn 0.2111 -0.0001 -0.9775
vn 0.2354 -0.0526 -0.9705
vn 0.1886 0.0473 -0.9809
vn -0.4672 0.4512 -0.7604
vn 0.9945 -0.0285 -0.1008
vn -0.7221 0.2185 0.6564
vn -0.9340 -0.0705 0.3503
vn 0.2502 -0.0853 -0.9644
vn -0.9799 -0.1980 0.0258
vn -0.1029 -0.2472 -0.9635
vn 0.9617 0.0002 0.2741
vn 0.8419 -0.0164 0.5394
vn -0.8310 0.0110 -0.5562
vn 0.6469 0.1099 0.7546
vn 0.8777 -0.4735 0.0734
vn -0.4337 0.5474 0.7157
vn 0.7032 0.0242 0.7106
vn 0.9132 -0.0569 0.4036
vn -0.9771 -0.0004 -0.2129
vn 0.9874 -0.0254 -0.1559
vn 0.8351 0.0668 -0.5460
vn 0.5456 0.0234 -0.8377
vn -0.0183 0.0877 0.9960
vn -0.8126 -0.2660 0.5186
vn 0.4965 0.2250 -0.8384
vn -0.7140 -0.2237 0.6634
vn -0.1271 -0.6864 -0.7161
vn 0.2862 0.4984 0.8183
vn 0.3284 0.5277 0.7833
vn 0.3688 0.5653 0.7378
vn -0.1545 0.7305 -0.6652
vn 0.3750 0.5667 0.7336
vn 0.8476 0.5219 -0.0962
vn -0.8606 0.5091 -0.0116
vn -0.8883 0.4577 0.0369
vn -0.8455 0.5329 -0.0351
vn 0.8082 0.5300 -0.2566
vn -0.1906 0.1951 -0.9621
vn -0.9932 0.1168 -0.0007
vn -0.0092 0.0699 -0.9975
vn -0.0020 0.0027 -1.0000
vn -0.8543 -0.1364 -0.5016
vn -0.8664 -0.0024 -0.4994
vn -0.9350 0.2955 0.1963
vn -0.9365 0.2583 0.2371
vn -0.8574 0.1200 0.5004
vn 0.0077 0.1019 -0.9948
vn 0.1178 0.9930 -0.0105
vn 0.1042 0.9945 0.0045
vn 0.0161 0.9998 -0.0071
vn 0.9944 -0.0662 0.0825
vn -0.9465 0.2831 -0.1552
vn -0.0463 -0.2085 0.9769
vn -0.9719 0.1230 0.2007
vn 0.9580 0.2528 0.1355
vn 0.9849 0.1211 -0.1237
vn -0.8868 -0.4304 -0.1681
vn -0.9997 0.0165 0.0193
vn -0.9864 0.0877 0.1389
vn -0.9947 0.0533 0.0882
vn -0.5770 0.4465 -0.6839
vn -0.0452 0.9945 -0.0945
vn -0.0441 0.9947 -0.0928
vn -0.0068 0.9999 -0.0087
vn -0.3247 0.1066 -0.9398
vn -0.3266 0.1550 -0.9324
vn -0.3197 0.1389 -0.9373
vn -0.1020 -0.0156 0.9947
vn -0.0731 -0.0275 0.9969
vn -0.0583 -0.0336 0.9977
vn -0.0395 0.9535 0.2987
vn 0.0650 0.9979 0.0052
vn 0.0321 0.9995 -0.0076
vn -0.0951 0.9756 -0.1979
vn 0.3744 0.5754 0.7271
vn 0.3750 0.5668 0.7336
vn -0.0054 -0.0747 -0.9972
vn 0.0300 0.3136 -0.9491
vn 0.0699 0.3768 -0.9237
vn 0.0521 0.3488 -0.9357
vn 0.0209 0.0146 0.9997
vn -0.9896 0.0171 -0.1426
vn -0.2186 -0.1472 0.9647
vn -0.8091 0.5814 -0.0852
vn 0.2480 0.9541 0.1676
vn -0.0220 0.9995 -0.0208
vn 0.0744 0.9971 0.0147
vn 0.0162 0.9998 -0.0105
vn 0.0169 0.2925 -0.9561
vn 0.0300 0.3135 -0.9491
vn -0.0689 0.3679 0.9273
vn 0.0155 0.4228 0.9061
vn 0.0490 0.4433 0.8950
vn -0.9997 0.0165 0.0192
vn -0.9957 -0.0224 0.0901
vn -0.0022 0.9997 -0.0229
vn 0.3572 0.9325 0.0529
vn 0.4530 0.8897 0.0570
vn -0.2812 0.9584 -0.0492
vn -0.1637 0.9853 0.0481
vn -0.2102 0.9776 0.0101
vn -0.2284 0.9734 0.0168
vn -0.2426 0.9701 0.0074
vn -0.2252 0.9741 0.0190
vn 0.5426 0.3486 0.7643
vn -0.3195 0.1175 0.9403
vn 0.9254 -0.2423 -0.2915
vn -0.2960 0.0100 -0.9551
vn -0.9983 -0.0230 0.0527
vn -0.9929 -0.1060 0.0536
vn -0.9984 -0.0208 0.0527
vn -0.8365 -0.2146 0.5042
vn -0.8579 -0.1036 0.5033
vn -0.3909 0.7660 -0.5103
vn 0.3571 0.9326 0.0529
vn 0.2441 0.9686 0.0475
vn -0.9957 0.0771 0.0511
vn -0.9944 -0.0030 0.1060
vn -0.9968 0.0145 0.0790
vn -0.9919 -0.0161 0.1262
vn 0.0035 0.9999 -0.0156
vn -0.1193 0.9893 0.0838
vn -0.1395 0.8661 0.4801
vn -0.1425 0.8409 0.5221
vn -0.1403 0.8601 0.4904
vn 0.9987 0.0491 0.0134
vn -0.8687 0.4953 -0.0026
vn -0.8542 0.3112 -0.4165
vn -0.8609 0.3122 -0.4017
vn -0.8613 0.3123 -0.4009
vn -0.4119 0.0092 -0.9112
vn -1.0000 -0.0007 -0.0060
vn -0.8474 0.3101 -0.4310
vn -0.2142 0.9764 0.0263
vn -0.1347 0.8983 0.4182
vn -0.1306 0.7528 0.6452
vn 0.1304 0.4905 0.8616
vn -0.7136 0.6347 0.2964
vn 0.3400 0.6433 -0.6860
vn -0.2246 0.6741 -0.7037
vn -0.1227 -0.0982 -0.9876
vn 0.9165 0.0096 0.3998
vn -0.9999 0.0066 -0.0086
vn 0.0828 0.9941 0.0699
vn 0.0117 0.0305 0.9995
vn -0.8926 0.3264 0.3111
vn -0.8622 0.3082 0.4020
vn -0.8797 0.3181 0.3535
vn -0.0498 0.0414 0.9979
vn -0.1175 -0.1121 -0.9867
vn -0.9455 0.1958 -0.2600
vn -0.9257 0.3780 -0.0154
vn -0.1158 -0.0839 -0.9897
vn -0.9839 -0.0463 0.1724
vn -0.8847 -0.0828 -0.4587
vn -0.9207 0.3867 0.0526
vn 0.0117 0.0306 0.9995
vn 0.0042 0.0479 0.9988
vn -0.2242 0.9737 0.0402
vn -0.9639 -0.2640 -0.0357
vn -0.1159 -0.0099 0.9932
vn -0.4895 -0.0883 0.8675
vn 0.9865 0.1585 0.0411
vn -0.2859 0.3114 0.9062
vn 0.6239 0.4152 -0.6621
vn 0.4852 0.6379 -0.5981
vn 0.5027 0.8644 -0.0062
vn -0.8642 0.4942 -0.0944
vn -0.3593 0.9320 -0.0483
vn 0.6452 0.7584 -0.0928
vn 0.6616 0.7446 -0.0885
vn 0.6063 0.7886 -0.1024
vn -0.6111 0.0075 0.7915
vn -0.6218 0.7830 0.0183
vn 0.0886 0.9960 0.0121
vn 0.5990 0.7939 -0.1041
vn -0.9445 0.3203 0.0733
vn -0.9995 0.0221 0.0208
vn -0.9992 0.0292 0.0264
vn -0.9998 0.0180 0.0097
vn -0.1864 -0.5951 0.7817
vn -0.9153 0.4018 -0.0272
vn -0.0279 0.0291 -0.9992
vn -0.2075 0.9782 -0.0022
vn -0.0380 0.9991 0.0206
vn 0.9929 -0.1193 0.0008
vn 0.9943 -0.1066 0.0020
vn 0.3752 0.8301 0.4124
vn -0.9808 -0.0468 0.1891
vn 0.2656 -0.3056 0.9144
vn -0.8331 0.3063 0.4606
vn -0.9510 0.3090 0.0116
vn -0.9872 -0.1532 0.0440
vn -0.9992 0.0364 -0.0172
vn -0.9994 0.0324 -0.0149
vn -0.9994 0.0312 -0.0142
vn -0.0292 0.9996 -0.0069
vn -0.0283 0.9996 -0.0070
vn -0.9038 0.2156 -0.3697
vn 0.6080 0.3627 0.7062
vn -0.0102 0.9999 0.0040
vn -0.9996 0.0264 -0.0116
vn 0.7996 0.5998 -0.0280
vn -0.0154 0.1766 0.9842
vn -0.9016 0.4318 -0.0265
vn -0.9813 -0.1905 -0.0268
vn 0.9783 0.1992 -0.0567
vn 0.0239 0.9995 0.0209
vn 0.0216 0.9995 0.0225
vn -0.6513 0.7588 0.0010
vn 0.6322 -0.7681 -0.1014
vn 0.6327 -0.7677 -0.1011
vn 0.6321 -0.7682 -0.1014
vn 0.9179 0.2035 -0.3407
vn 0.8363 -0.5482 -0.0014
vn 0.9069 -0.4192 -0.0418
vn 0.8577 -0.5140 -0.0125
vn -0.7672 0.6283 0.1291
vn 0.2642 -0.2188 0.9393
vn 0.2808 -0.2309 0.9316
vn 0.1282 -0.1137 0.9852
vn -0.9993 0.0093 0.0367
vn -0.9983 0.0394 0.0419
vn -0.9991 0.0163 0.0379
vn 0.8264 0.5485 -0.1272
vn -0.9153 0.4022 -0.0194
vn -0.9222 0.3860 -0.0240
vn -0.9050 0.4144 -0.0960
vn 0.8759 -0.4169 0.2429
vn 0.7503 -0.3446 0.5642
vn 0.9779 -0.2079 -0.0211
vn 0.9354 -0.3515 -0.0374
vn 0.9849 -0.1722 -0.0170
vn 0.2168 0.8741 0.4346
vn 0.6964 -0.7173 0.0211
vn 0.3803 0.0103 -0.9248
vn -0.8640 0.5010 -0.0498
vn 0.9367 -0.2012 -0.2866
vn -0.9023 0.4169 -0.1095
vn 0.0982 0.9950 -0.0204
vn 0.2756 -0.4111 0.8689
vn -0.9374 0.3480 -0.0157
vn 0.7353 -0.3447 -0.5836
vn -0.9449 -0.1174 0.3055
vn -0.5654 0.2864 -0.7735
vn -0.9256 0.3781 -0.0154
vn -0.9032 0.4287 -0.0203
vn -0.8785 -0.4689 -0.0916
vn -0.9283 -0.3449 -0.1390
vn -0.9159 -0.3813 -0.1257
vn -0.9973 0.0720 -0.0107
vn -0.8331 0.3064 0.4606
vn -0.8622 0.3082 0.4021
vn -0.8204 0.3055 0.4833
vn 0.0037 0.1211 -0.9926
vn -0.2571 0.1174 0.9592
vn -0.8784 -0.4690 -0.0916
vn -0.8635 -0.4980 -0.0797
vn 0.3673 -0.7990 0.4762
vn 0.0085 0.5908 0.8068
vn 0.6746 -0.3571 -0.6460
vn 0.6333 -0.7673 -0.1009
vn -0.9450 0.2658 -0.1907
vn 0.7425 -0.4666 0.4806
vn 0.8143 -0.4465 0.3709
vn 0.8002 -0.4514 0.3948
vn 0.0403 -0.0406 0.9984
vn 0.7239 -0.4701 0.5050
vn -0.7275 0.3423 -0.5946
vn 0.9206 -0.3882 -0.0416
vn -0.9815 -0.0004 -0.1914
vn 0.5165 -0.2702 -0.8126
vn 0.9156 -0.3994 -0.0477
vn -0.8823 0.3884 -0.2660
vn -0.9981 0.0446 0.0428
vn 0.7595 -0.2779 0.5882
vn -0.8340 0.3171 0.4516
vn -0.6074 0.2941 -0.7380
vn 0.9127 -0.3197 0.2543
vn 0.9256 -0.3606 0.1150
vn 0.9336 -0.3164 0.1681
vn -0.9075 0.3786 0.1820
vn 0.8329 -0.3485 0.4299
vn 0.9590 -0.2831 -0.0152
vn -0.8457 0.5097 -0.1582
vn -0.8789 0.4641 -0.1103
vn -0.9799 0.1647 0.1126
vn 0.9336 -0.3164 0.1680
vn 0.9590 -0.2830 -0.0153
vn 0.9710 -0.2172 -0.1001
vn 0.8622 -0.2086 -0.4616
vn -0.6011 -0.7947 -0.0846
vn -0.3947 0.3673 -0.8422
vn 0.9441 -0.3199 -0.0802
vn 0.2089 -0.1021 0.9726
vn 0.6895 -0.1831 0.7007
vn 0.2904 0.0069 -0.9569
vn 0.8479 -0.5075 -0.1536
vn -0.8447 0.2656 0.4647
vn -0.8337 0.2799 0.4761
vn -0.8474 0.2645 0.4604
vn 0.9984 -0.0554 0.0144
vn -0.3897 0.9083 0.1519
vn 0.2206 -0.1020 0.9700
vn 0.7385 -0.2452 -0.6281
vn 0.0017 -0.0397 -0.9992
vn -0.0037 -0.0388 -0.9992
vn 0.0330 -0.0447 -0.9985
vn -0.8814 0.3592 -0.3068
vn 0.0482 -0.0471 -0.9977
vn 0.4853 -0.2569 -0.8358
vn 0.9169 -0.3894 -0.0872
vn 0.9147 -0.3983 -0.0689
vn 0.9235 -0.3768 -0.0718
vn 0.0025 0.9692 0.2462
vn -0.7790 0.6268 0.0188
vn -0.9133 -0.3964 0.0931
vn 0.9541 -0.2957 -0.0474
vn -0.5480 0.0811 0.8325
vn 0.9585 -0.2822 -0.0410
vn -0.2502 -0.8964 0.3658
vn -0.9411 0.3232 0.0993
vn -0.9231 0.3411 0.1775
vn -0.9268 0.3380 0.1635
vn -0.1091 0.0190 -0.9938
vn -0.1191 0.0190 -0.9927
vn -0.0003 0.0188 -0.9998
vn -0.4189 -0.8830 -0.2117
vn 0.5921 0.8055 0.0226
vn 0.9155 -0.3994 -0.0473
vn -0.9836 0.1198 0.1348
vn 0.0142 0.0188 -0.9997
vn 0.8750 -0.3223 0.3613
vn 0.5639 -0.1670 0.8088
vn -0.9478 0.3133 0.0592
vn 0.3218 -0.9436 -0.0783
vn -0.0805 -0.9822 0.1696
vn -0.9791 0.1993 -0.0418
vn 0.8892 -0.4570 -0.0223
vn 0.9111 -0.4120 -0.0139
vn 0.9546 -0.2977 0.0069
vn 0.9656 -0.2598 0.0136
vn 0.9794 0.0512 0.1952
vn -0.8304 0.3218 0.4548
vn 0.3578 -0.1167 0.9265
vn 0.9571 0.2597 -0.1283
vn -0.1197 0.0115 -0.9927
vn -0.9940 0.0403 0.1017
vn -0.7355 0.6735 -0.0745
vn -0.8280 0.1955 -0.5256
vn -0.0541 -0.0129 0.9985
vn 0.8466 -0.1759 0.5024
vn 0.8289 -0.1782 0.5302
vn 0.8054 -0.1808 0.5645
vn 0.7989 -0.1815 0.5734
vn -0.3303 0.9366 0.1168
vn -0.7739 0.6329 0.0210
vn 0.9683 -0.2487 0.0212
vn 0.9668 -0.2544 0.0220
vn 0.9713 -0.2369 0.0197
vn -0.8595 -0.4625 -0.2174
vn -0.9809 0.1780 0.0783
vn 0.9684 -0.2487 0.0212
vn 0.9713 -0.2370 0.0197
vn 0.9723 -0.2328 0.0192
vn -0.8725 0.3466 0.3444
vn -0.3027 0.1212 -0.9453
vn 0.3813 -0.1970 -0.9032
vn -0.4883 0.8717 -0.0417
vn 0.8858 -0.4619 0.0444
vn 0.7959 -0.3251 0.5108
vn 0.7666 -0.3177 0.5580
vn 0.8049 -0.3273 0.4950
vn -0.8761 0.3541 0.3271
vn 0.8177 -0.2601 -0.5135
vn 0.7629 -0.3167 0.5637
vn -0.8756 0.4757 -0.0838
vn 0.9029 -0.2939 0.3136
vn -0.9044 0.3056 -0.2977
vn -0.1577 0.9462 0.2825
vn 0.5273 -0.2113 0.8230
vn 0.5846 -0.2554 0.7701
vn 0.5996 -0.2672 0.7544
vn 0.5197 -0.2056 0.8293
vn 0.3373 -0.1748 -0.9250
vn 0.4898 -0.2197 -0.8437
vn -0.5960 0.3016 0.7442
vn 0.6514 -0.1917 -0.7342
vn -0.3812 0.1249 -0.9160
vn -0.9247 0.3760 0.0603
vn 0.9826 -0.1195 -0.1424
vn 0.9509 -0.3067 -0.0423
vn 0.9388 -0.3230 -0.1197
vn 0.9495 -0.3084 -0.0573
vn 0.3774 -0.9093 0.1753
vn -0.7086 0.6869 0.1618
vn -0.9999 -0.0107 -0.0105
vn -0.9503 0.3069 0.0526
vn 0.7173 -0.2281 0.6584
vn -0.9253 0.3170 -0.2084
vn -0.9250 0.3170 -0.2095
vn -0.9292 0.3172 -0.1897
vn -0.9334 0.3173 -0.1676
vn 0.5522 -0.1790 -0.8143
vn 0.5578 -0.1808 -0.8101
vn 0.5097 -0.1660 -0.8442
vn 0.4613 -0.1510 -0.8743
vn 0.9397 -0.3391 -0.0455
vn 0.2582 -0.1182 0.9588
vn -0.9628 0.2700 0.0122
vn 0.9398 -0.3403 -0.0320
vn 0.4618 -0.8526 0.2445
vn -0.9991 -0.0426 0.0030
vn -0.7814 0.6241 -0.0006
vn -0.7363 0.2988 -0.6072
vn 0.8305 -0.2983 -0.4704
vn 0.8097 -0.2852 -0.5130
vn 0.8150 -0.2885 -0.5026
vn -0.9615 0.2745 -0.0157
vn 0.8333 -0.3001 -0.4643
vn -0.6479 -0.0786 0.7576
vn 0.5956 -0.1759 0.7838
vn -0.8551 0.5109 -0.0876
vn 0.9242 0.2489 0.2895
vn 0.0651 -0.9569 -0.2829
vn 0.9977 -0.0346 0.0590
vn 0.9883 -0.1020 0.1137
vn 0.9738 -0.1605 0.1610
vn -0.8681 0.3222 -0.3776
vn -0.9804 -0.1961 -0.0178
vn 0.9677 -0.1799 0.1766
vn -0.5368 0.0257 0.8433
vt 0.736995 0.182605
vt 0.728236 0.193041
vt 0.728047 0.174653
vt 0.712939 0.175970
vt 0.702492 0.175858
vt 0.711284 0.166128
vt 0.556133 0.035128
vt 0.531570 0.032154
vt 0.548371 0.030319
vt 0.559889 0.049467
vt 0.524843 0.025429
vt 0.525253 0.040764
vt 0.529964 0.037464
vt 0.553813 0.056303
vt 0.485177 0.018019
vt 0.484606 0.022442
vt 0.482842 0.028293
vt 0.482960 0.013235
vt 0.780040 0.035120
vt 0.768025 0.040526
vt 0.768519 0.033517
vt 0.902311 0.416287
vt 0.893011 0.416047
vt 0.894256 0.402850
vt 0.474711 0.952400
vt 0.478206 0.944629
vt 0.510408 0.961919
vt 0.476757 0.935790
vt 0.517507 0.957365
vt 0.880348 0.451461
vt 0.507871 0.973455
vt 0.523057 0.966388
vt 0.499069 0.984562
vt 0.975205 0.080581
vt 0.975059 0.054908
vt 0.986204 0.081340
vt 0.929994 0.420556
vt 0.953950 0.388911
vt 0.971188 0.388535
vt 0.328345 0.975299
vt 0.288432 0.981491
vt 0.324574 0.968682
vt 0.280563 0.976172
vt 0.780043 0.013284
vt 0.790780 0.012240
vt 0.788382 0.025165
vt 0.660158 0.832907
vt 0.662179 0.829472
vt 0.702745 0.820769
vt 0.032979 0.946710
vt 0.055603 0.928280
vt 0.064943 0.950410
vt 0.033385 0.928372
vt 0.926741 0.873321
vt 0.951521 0.845582
vt 0.964754 0.862908
vt 0.980500 0.834867
vt 0.966005 0.886736
vt 0.930946 0.820366
vt 0.973316 0.818013
vt 0.080717 0.980322
vt 0.112983 0.988936
vt 0.054670 0.995000
vt 0.947652 0.843255
vt 0.073060 0.530709
vt 0.059695 0.515249
vt 0.084868 0.498744
vt 0.927230 0.714895
vt 0.924517 0.696376
vt 0.932567 0.744786
vt 0.905866 0.012299
vt 0.889269 0.019891
vt 0.900571 0.006198
vt 0.885875 0.018322
vt 0.902269 0.018751
vt 0.045380 0.179737
vt 0.044239 0.187950
vt 0.039647 0.173342
vt 0.030942 0.460569
vt 0.039600 0.471998
vt 0.026851 0.458683
vt 0.993637 0.848511
vt 0.992496 0.779873
vt 0.994870 0.811267
vt 0.021882 0.462354
vt 0.024086 0.461003
vt 0.028501 0.478041
vt 0.990188 0.812548
vt 0.053689 0.808266
vt 0.058156 0.802148
vt 0.091678 0.783335
vt 0.010589 0.474072
vt 0.987554 0.816704
vt 0.990580 0.836425
vt 0.077736 0.789120
vt 0.805820 0.012291
vt 0.842201 0.010195
vt 0.816332 0.016228
vt 0.964695 0.441028
vt 0.946913 0.438670
vt 0.963432 0.438475
vt 0.964645 0.448998
vt 0.949038 0.451433
vt 0.966077 0.445139
vt 0.945292 0.444679
vt 0.947865 0.447839
vt 0.937567 0.447513
vt 0.935942 0.449898
vt 0.048565 0.240638
vt 0.054548 0.256915
vt 0.058518 0.278048
vt 0.873778 0.020119
vt 0.886742 0.022652
vt 0.882594 0.023064
vt 0.182550 0.981002
vt 0.188906 0.972105
vt 0.186616 0.987888
vt 0.845034 0.983877
vt 0.843388 0.985983
vt 0.839782 0.965824
vt 0.842863 0.965477
vt 0.830767 0.965855
vt 0.834051 0.962918
vt 0.831931 0.984399
vt 0.938859 0.006171
vt 0.939303 0.008633
vt 0.927069 0.012070
vt 0.929730 0.008913
vt 0.864847 0.014495
vt 0.853962 0.008036
vt 0.874631 0.015566
vt 0.843817 0.957355
vt 0.864661 0.009689
vt 0.956533 0.618116
vt 0.958135 0.622761
vt 0.942037 0.632029
vt 0.034021 0.832182
vt 0.011623 0.820338
vt 0.031487 0.825419
vt 0.027788 0.818284
vt 0.235368 0.966663
vt 0.211635 0.967704
vt 0.219030 0.964466
vt 0.951514 0.618395
vt 0.940020 0.628748
vt 0.957110 0.595656
vt 0.959061 0.606809
vt 0.842108 0.955458
vt 0.826298 0.964220
vt 0.968574 0.630470
vt 0.854736 0.932742
vt 0.196318 0.957189
vt 0.203930 0.963223
vt 0.173859 0.957130
vt 0.189506 0.980387
vt 0.176203 0.979131
vt 0.040714 0.811966
vt 0.042106 0.817843
vt 0.034757 0.847629
vt 0.985078 0.650928
vt 0.988832 0.657788
vt 0.987317 0.703109
vt 0.989729 0.665260
vt 0.852807 0.984281
vt 0.984045 0.679328
vt 0.830343 0.988616
vt 0.990288 0.677011
vt 0.962179 0.557092
vt 0.949234 0.567274
vt 0.960649 0.532046
vt 0.044546 0.304364
vt 0.060090 0.305482
vt 0.028249 0.310095
vt 0.057942 0.302125
vt 0.061531 0.298057
vt 0.063912 0.310883
vt 0.927509 0.020052
vt 0.910201 0.022411
vt 0.906585 0.020223
vt 0.926899 0.016884
vt 0.908830 0.013246
vt 0.910477 0.005188
vt 0.867296 0.009293
vt 0.863988 0.018824
vt 0.870628 0.023590
vt 0.047447 0.257314
vt 0.048979 0.267426
vt 0.986367 0.560300
vt 0.989195 0.565527
vt 0.059680 0.281292
vt 0.962323 0.560417
vt 0.802597 0.014633
vt 0.793321 0.011492
vt 0.951069 0.566940
vt 0.806560 0.016215
vt 0.815380 0.022437
vt 0.806286 0.020560
vt 0.947421 0.966407
vt 0.939892 0.985090
vt 0.943020 0.964146
vt 0.950302 0.941386
vt 0.957211 0.965439
vt 0.954230 0.942651
vt 0.945124 0.941141
vt 0.959620 0.961496
vt 0.959450 0.941605
vt 0.963645 0.938392
vt 0.941989 0.930565
vt 0.043655 0.223376
vt 0.941761 0.928848
vt 0.940130 0.928215
vt 0.047308 0.223231
vt 0.039851 0.221642
vt 0.039769 0.208788
vt 0.041767 0.206491
vt 0.047533 0.208673
vt 0.041140 0.197668
vt 0.049659 0.197503
vt 0.032757 0.785211
vt 0.034155 0.784325
vt 0.026779 0.784656
vt 0.028367 0.792136
vt 0.047487 0.808433
vt 0.045836 0.811473
vt 0.048289 0.835518
vt 0.054580 0.817864
vt 0.895156 0.006827
vt 0.057078 0.818424
vt 0.035328 0.860152
vt 0.113486 0.470788
vt 0.089514 0.554957
vt 0.924417 0.511495
vt 0.953730 0.491775
vt 0.935136 0.536841
vt 0.964604 0.513221
vt 0.053422 0.853987
vt 0.071890 0.800093
vt 0.097279 0.835069
vt 0.884318 0.540464
vt 0.639620 0.213250
vt 0.612290 0.193047
vt 0.700647 0.215846
vt 0.062097 0.046704
vt 0.064861 0.017473
vt 0.095702 0.039973
vt 0.691778 0.973649
vt 0.688531 0.944915
vt 0.700650 0.962301
vt 0.745364 0.771818
vt 0.730029 0.722272
vt 0.767914 0.770735
vt 0.616712 0.103298
vt 0.610435 0.152799
vt 0.599195 0.108485
vt 0.596407 0.142682
vt 0.601734 0.128961
vt 0.581793 0.150834
vt 0.724553 0.778053
vt 0.718038 0.793157
vt 0.698229 0.778993
vt 0.747655 0.777929
vt 0.732560 0.806104
vt 0.709901 0.797805
vt 0.580547 0.137407
vt 0.917404 0.812767
vt 0.885457 0.808794
vt 0.921710 0.771300
vt 0.914815 0.836802
vt 0.911504 0.864985
vt 0.894954 0.846337
vt 0.684204 0.795099
vt 0.439770 0.206908
vt 0.491660 0.192073
vt 0.492869 0.197344
vt 0.873824 0.524790
vt 0.880497 0.468359
vt 0.907491 0.482894
vt 0.704105 0.768437
vt 0.678238 0.771127
vt 0.226539 0.121632
vt 0.224636 0.106746
vt 0.242613 0.118257
vt 0.872355 0.864697
vt 0.925493 0.911955
vt 0.753122 0.785451
vt 0.766406 0.776496
vt 0.706069 0.721005
vt 0.246162 0.142146
vt 0.796292 0.851421
vt 0.785765 0.845906
vt 0.803991 0.840938
vt 0.627861 0.576870
vt 0.632515 0.559141
vt 0.658838 0.566492
vt 0.813399 0.863032
vt 0.813457 0.894585
vt 0.653602 0.585706
vt 0.820335 0.853520
vt 0.663972 0.567804
vt 0.702226 0.583921
vt 0.660379 0.588036
vt 0.669488 0.568267
vt 0.767499 0.876166
vt 0.832607 0.822069
vt 0.844630 0.839173
vt 0.835848 0.813350
vt 0.763955 0.867919
vt 0.705629 0.568499
vt 0.828996 0.878354
vt 0.821598 0.887668
vt 0.847155 0.813476
vt 0.512556 0.790954
vt 0.525286 0.794605
vt 0.508451 0.816622
vt 0.854433 0.801604
vt 0.693936 0.600352
vt 0.710942 0.581048
vt 0.704247 0.598771
vt 0.679524 0.552025
vt 0.640244 0.529409
vt 0.859421 0.873267
vt 0.743598 0.895618
vt 0.794134 0.900412
vt 0.686546 0.477932
vt 0.528272 0.832810
vt 0.696573 0.555360
vt 0.779051 0.909434
vt 0.865324 0.822471
vt 0.753009 0.905315
vt 0.850281 0.840425
vt 0.723531 0.556902
vt 0.712912 0.557992
vt 0.858544 0.553663
vt 0.828083 0.599598
vt 0.852770 0.545738
vt 0.809008 0.590147
vt 0.886691 0.565088
vt 0.861242 0.542365
vt 0.883822 0.544810
vt 0.875695 0.566115
vt 0.865252 0.521023
vt 0.837771 0.529129
vt 0.825621 0.532973
vt 0.902246 0.248197
vt 0.939173 0.266283
vt 0.920693 0.277872
vt 0.846371 0.248077
vt 0.940495 0.245786
vt 0.374383 0.238195
vt 0.334142 0.241884
vt 0.371688 0.233347
vt 0.279520 0.237503
vt 0.250792 0.224065
vt 0.279728 0.212490
vt 0.308869 0.805877
vt 0.299233 0.782404
vt 0.337006 0.793355
vt 0.371501 0.758248
vt 0.295333 0.812956
vt 0.323939 0.832520
vt 0.273178 0.190163
vt 0.312206 0.752103
vt 0.276741 0.776232
vt 0.302702 0.866214
vt 0.311317 0.236236
vt 0.294366 0.181167
vt 0.361868 0.771436
vt 0.369045 0.053311
vt 0.433252 0.028527
vt 0.404734 0.040904
vt 0.334127 0.841657
vt 0.323122 0.842351
vt 0.343061 0.827976
vt 0.400105 0.069604
vt 0.331539 0.233901
vt 0.373783 0.224086
vt 0.280423 0.819753
vt 0.264883 0.791471
vt 0.261351 0.254247
vt 0.329849 0.850873
vt 0.344156 0.849029
vt 0.380765 0.796476
vt 0.463927 0.039037
vt 0.275590 0.248959
vt 0.350678 0.829821
vt 0.388926 0.804156
vt 0.355805 0.831563
vt 0.284263 0.266266
vt 0.293672 0.247202
vt 0.822001 0.057270
vt 0.799919 0.027601
vt 0.844113 0.049714
vt 0.456538 0.048487
vt 0.289942 0.152278
vt 0.322097 0.163438
vt 0.480207 0.847167
vt 0.490890 0.834237
vt 0.487586 0.845216
vt 0.919352 0.241631
vt 0.833577 0.066295
vt 0.826583 0.081259
vt 0.360738 0.841702
vt 0.266024 0.267104
vt 0.280594 0.271606
vt 0.527358 0.145979
vt 0.485028 0.108983
vt 0.502078 0.106786
vt 0.875839 0.257046
vt 0.383009 0.833905
vt 0.850558 0.509469
vt 0.938931 0.287294
vt 0.960766 0.282411
vt 0.974738 0.280408
vt 0.970591 0.302660
vt 0.955676 0.294991
vt 0.303882 0.255810
vt 0.927139 0.234226
vt 0.417970 0.072595
vt 0.395721 0.080405
vt 0.824208 0.518647
vt 0.545646 0.138030
vt 0.458332 0.115448
vt 0.462774 0.105662
vt 0.845404 0.615510
vt 0.920811 0.290158
vt 0.392646 0.141104
vt 0.337759 0.027157
vt 0.359440 0.036042
vt 0.339310 0.100199
vt 0.454062 0.065737
vt 0.466820 0.061629
vt 0.832777 0.502788
vt 0.810243 0.512637
vt 0.874670 0.493968
vt 0.938501 0.216535
vt 0.745832 0.581881
vt 0.525598 0.841142
vt 0.508938 0.827343
vt 0.478528 0.098528
vt 0.937900 0.292906
vt 0.755100 0.110021
vt 0.757241 0.097701
vt 0.762101 0.104245
vt 0.394187 0.840065
vt 0.832802 0.480611
vt 0.435406 0.761946
vt 0.276210 0.308794
vt 0.958184 0.214939
vt 0.719523 0.904384
vt 0.781197 0.933584
vt 0.829619 0.894637
vt 0.631032 0.925167
vt 0.449479 0.935089
vt 0.866505 0.861496
vt 0.462421 0.083013
vt 0.761224 0.934189
vt 0.870486 0.826596
vt 0.039810 0.608955
vt 0.025133 0.574359
vt 0.034897 0.576406
vt 0.437932 0.092652
vt 0.709699 0.548797
vt 0.687650 0.495390
vt 0.354080 0.107301
vt 0.502002 0.096682
vt 0.476066 0.082060
vt 0.927615 0.350655
vt 0.756889 0.487486
vt 0.721707 0.922292
vt 0.437546 0.107812
vt 0.433722 0.117102
vt 0.651790 0.469781
vt 0.419255 0.090235
vt 0.560736 0.876682
vt 0.630046 0.885194
vt 0.723269 0.907527
vt 0.846768 0.889117
vt 0.046189 0.632814
vt 0.024159 0.635297
vt 0.842089 0.082025
vt 0.920820 0.112255
vt 0.281042 0.102191
vt 0.345503 0.143361
vt 0.279666 0.108424
vt 0.959840 0.237563
vt 0.831058 0.026259
vt 0.405896 0.812625
vt 0.720847 0.523198
vt 0.366706 0.109171
vt 0.054037 0.635237
vt 0.900309 0.078429
vt 0.583943 0.880481
vt 0.842170 0.091023
vt 0.496309 0.086562
vt 0.822427 0.917837
vt 0.953598 0.183098
vt 0.682790 0.475188
vt 0.085976 0.055549
vt 0.065774 0.108898
vt 0.075400 0.053843
vt 0.083223 0.116444
vt 0.879150 0.435283
vt 0.861217 0.349246
vt 0.516693 0.092283
vt 0.515700 0.046219
vt 0.012770 0.040640
vt 0.005055 0.019688
vt 0.024551 0.015741
vt 0.009356 0.007041
vt 0.036391 0.103188
vt 0.054161 0.056746
vt 0.174855 0.046130
vt 0.161540 0.047755
vt 0.183255 0.025804
vt 0.814530 0.118246
vt 0.763596 0.116420
vt 0.275626 0.096537
vt 0.269891 0.037863
vt 0.576769 0.147412
vt 0.078989 0.636198
vt 0.817677 0.135807
vt 0.490142 0.069373
vt 0.025627 0.030457
vt 0.696944 0.502717
vt 0.347617 0.362021
vt 0.447017 0.516211
vt 0.377508 0.522583
vt 0.028649 0.663409
vt 0.732345 0.151673
vt 0.395278 0.106758
vt 0.218877 0.142480
vt 0.202119 0.130818
vt 0.747728 0.132459
vt 0.253183 0.063146
vt 0.513995 0.080482
vt 0.005480 0.062429
vt 0.021818 0.054251
vt 0.459375 0.209249
vt 0.647522 0.465933
vt 0.658786 0.451730
vt 0.869780 0.882759
vt 0.343511 0.103550
vt 0.480555 0.061641
vt 0.014177 0.072525
vt 0.647077 0.450702
vt 0.045455 0.005070
vt 0.823700 0.935010
vt 0.103860 0.035723
vt 0.193936 0.051959
vt 0.260199 0.120931
vt 0.635654 0.411108
vt 0.655646 0.412225
vt 0.845991 0.114523
vt 0.472030 0.862108
vt 0.233008 0.139210
vt 0.951911 0.025723
vt 0.024451 0.063088
vt 0.696723 0.799708
vt 0.858038 0.929841
vt 0.961625 0.021501
vt 0.929775 0.019755
vt 0.931741 0.013922
vt 0.954016 0.009118
vt 0.958000 0.585877
vt 0.984127 0.584200
vt 0.984699 0.590136
vt 0.952918 0.591259
vt 0.032753 0.073795
vt 0.022211 0.077207
vt 0.962555 0.576902
vt 0.036813 0.046340
vt 0.749061 0.820264
vt 0.762098 0.802147
vt 0.783819 0.783125
vt 0.887332 0.534018
vt 0.700265 0.477637
vt 0.373621 0.124779
vt 0.511390 0.235757
vt 0.446320 0.215523
vt 0.880313 0.792276
vt 0.729430 0.502625
vt 0.950190 0.570481
vt 0.634225 0.389541
vt 0.234647 0.037268
vt 0.261184 0.102967
vt 0.045952 0.032407
vt 0.780075 0.802180
vt 0.264161 0.098432
vt 0.203610 0.034286
vt 0.198917 0.148676
vt 0.220617 0.152333
vt 0.964876 0.179329
vt 0.672552 0.951161
vt 0.673456 0.980219
vt 0.656846 0.957738
vt 0.260005 0.159491
vt 0.059103 0.658712
vt 0.431873 0.093486
vt 0.502312 0.059176
vt 0.048509 0.016271
vt 0.688179 0.976233
vt 0.713045 0.509338
vt 0.655058 0.397510
vt 0.918358 0.121682
vt 0.787272 0.777401
vt 0.689518 0.454283
vt 0.619487 0.358473
vt 0.115722 0.154374
vt 0.147901 0.035263
vt 0.253017 0.113909
vt 0.795703 0.792862
vt 0.212789 0.157659
vt 0.199013 0.177439
vt 0.886142 0.456788
vt 0.908325 0.472989
vt 0.722674 0.512668
vt 0.140996 0.121370
vt 0.854843 0.105328
vt 0.285296 0.698357
vt 0.276502 0.692746
vt 0.236033 0.624860
vt 0.101928 0.148215
vt 0.680190 0.713987
vt 0.624957 0.088238
vt 0.696581 0.460508
vt 0.159023 0.079999
vt 0.162360 0.127317
vt 0.043284 0.684831
vt 0.845904 0.130811
vt 0.784791 0.818931
vt 0.616338 0.876008
vt 0.304723 0.959901
vt 0.291926 0.959447
vt 0.287948 0.945379
vt 0.665538 0.765145
vt 0.238913 0.184674
vt 0.665907 0.409071
vt 0.661806 0.389218
vt 0.634487 0.365751
vt 0.049001 0.053733
vt 0.215853 0.044419
vt 0.205273 0.056714
vt 0.666993 0.336534
vt 0.044687 0.697657
vt 0.869630 0.156804
vt 0.842300 0.779945
vt 0.715161 0.965460
vt 0.180101 0.184108
vt 0.496558 0.125595
vt 0.947661 0.036941
vt 0.018751 0.093003
vt 0.696825 0.380404
vt 0.646526 0.290061
vt 0.319145 0.122293
vt 0.492492 0.038251
vt 0.705289 0.948270
vt 0.513428 0.175310
vt 0.038397 0.781187
vt 0.090744 0.663860
vt 0.636923 0.903301
vt 0.578429 0.938461
vt 0.592440 0.951904
vt 0.588574 0.988512
vt 0.204043 0.952558
vt 0.175301 0.952155
vt 0.272701 0.883138
vt 0.171367 0.189626
vt 0.456582 0.125041
vt 0.703074 0.460253
vt 0.267395 0.724238
vt 0.263607 0.715097
vt 0.273595 0.176495
vt 0.223769 0.234609
vt 0.698312 0.437118
vt 0.695028 0.402673
vt 0.691096 0.382147
vt 0.066143 0.682437
vt 0.926722 0.497494
vt 0.660248 0.229950
vt 0.635348 0.927309
vt 0.684289 0.304836
vt 0.688079 0.281321
vt 0.689383 0.297231
vt 0.681260 0.271819
vt 0.096929 0.656160
vt 0.699025 0.299238
vt 0.691449 0.235325
vt 0.077425 0.683638
vt 0.871796 0.355487
vt 0.716835 0.989487
vt 0.264350 0.935805
vt 0.175524 0.224284
vt 0.304090 0.125089
vt 0.730606 0.481037
vt 0.221959 0.830156
vt 0.253117 0.838433
vt 0.303874 0.871240
vt 0.275624 0.851078
vt 0.891563 0.453549
vt 0.919286 0.472701
vt 0.691842 0.924398
vt 0.257867 0.916741
vt 0.701965 0.283072
vt 0.720381 0.954110
vt 0.705303 0.931115
vt 0.128399 0.245038
vt 0.689704 0.202699
vt 0.731340 0.195628
vt 0.147439 0.241118
vt 0.703900 0.409884
vt 0.701929 0.430014
vt 0.271454 0.927240
vt 0.731745 0.459432
vt 0.728985 0.437593
vt 0.730060 0.974069
vt 0.709460 0.276258
vt 0.616301 0.868252
vt 0.296192 0.933484
vt 0.303557 0.737019
vt 0.730939 0.943305
vt 0.548683 0.163605
vt 0.865376 0.339425
vt 0.733396 0.934621
vt 0.765781 0.936872
vt 0.741402 0.944669
vt 0.960771 0.411399
vt 0.935407 0.420779
vt 0.961729 0.401462
vt 0.968049 0.396138
vt 0.978749 0.410102
vt 0.048404 0.750141
vt 0.066094 0.691861
vt 0.933711 0.482721
vt 0.272534 0.868834
vt 0.705138 0.304926
vt 0.091474 0.681717
vt 0.858488 0.100883
vt 0.876225 0.153457
vt 0.737577 0.949941
vt 0.224536 0.224327
vt 0.106143 0.670327
vt 0.259569 0.759293
vt 0.305826 0.719612
vt 0.305187 0.723803
vt 0.690854 0.311391
vt 0.700145 0.378460
vt 0.116921 0.664535
vt 0.140432 0.244218
vt 0.697849 0.351460
vt 0.701500 0.319251
vt 0.281826 0.910085
vt 0.170050 0.262799
vt 0.730779 0.430649
vt 0.748778 0.958608
vt 0.713428 0.244595
vt 0.933653 0.465396
vt 0.943426 0.472851
vt 0.164633 0.256431
vt 0.738522 0.459453
vt 0.265476 0.765420
vt 0.277632 0.759642
vt 0.971151 0.417433
vt 0.536658 0.539084
vt 0.542317 0.511991
vt 0.616693 0.463809
vt 0.070535 0.741068
vt 0.732602 0.410185
vt 0.129115 0.654895
vt 0.300300 0.748057
vt 0.640910 0.900803
vt 0.126867 0.665922
vt 0.714696 0.210625
vt 0.736576 0.389157
vt 0.031699 0.446325
vt 0.027236 0.417775
vt 0.039685 0.454082
vt 0.034042 0.422275
vt 0.122068 0.492799
vt 0.099873 0.559170
vt 0.858155 0.781243
vt 0.695231 0.902611
vt 0.580255 0.479324
vt 0.762180 0.466802
vt 0.767923 0.486029
vt 0.703486 0.911586
vt 0.241248 0.363356
vt 0.278523 0.367461
vt 0.243422 0.370621
vt 0.119335 0.676293
vt 0.863368 0.257284
vt 0.713473 0.913229
vt 0.713466 0.367447
vt 0.034508 0.459455
vt 0.124901 0.673287
vt 0.050613 0.440567
vt 0.710582 0.372727
vt 0.150896 0.834400
vt 0.091789 0.873086
vt 0.063949 0.739050
vt 0.084994 0.693538
vt 0.486161 0.449078
vt 0.462173 0.441190
vt 0.471738 0.418528
vt 0.078364 0.876949
vt 0.092827 0.801340
vt 0.095392 0.819700
vt 0.050462 0.455223
vt 0.265527 0.542546
vt 0.366174 0.531478
vt 0.769287 0.472159
vt 0.299469 0.882622
vt 0.236300 0.088681
vt 0.158382 0.172345
vt 0.959471 0.463203
vt 0.707076 0.899151
vt 0.638149 0.924942
vt 0.497849 0.425776
vt 0.474703 0.528335
vt 0.506885 0.532792
vt 0.458183 0.537908
vt 0.061722 0.904506
vt 0.068648 0.896309
vt 0.058132 0.778570
vt 0.925214 0.685047
vt 0.919449 0.659083
vt 0.941244 0.672917
vt 0.925738 0.644262
vt 0.129912 0.148984
vt 0.563988 0.472748
vt 0.263491 0.533944
vt 0.151914 0.159176
vt 0.895648 0.783883
vt 0.541533 0.448899
vt 0.480956 0.524456
vt 0.066061 0.751897
vt 0.067754 0.481790
vt 0.896144 0.146053
vt 0.904987 0.186124
vt 0.973581 0.456373
vt 0.490539 0.524176
vt 0.392941 0.746184
vt 0.161447 0.249185
vt 0.166201 0.868128
vt 0.111038 0.880993
vt 0.980997 0.761191
vt 0.994852 0.763904
vt 0.987039 0.776082
vt 0.131369 0.159399
vt 0.915113 0.548122
vt 0.089142 0.898534
vt 0.950815 0.137243
vt 0.950043 0.099653
vt 0.955945 0.109403
vt 0.057336 0.451628
vt 0.914788 0.633798
vt 0.115614 0.474943
vt 0.449329 0.523482
vt 0.640901 0.891459
vt 0.739004 0.407963
vt 0.321898 0.869451
vt 0.962441 0.476121
vt 0.611371 0.461693
vt 0.723009 0.221448
vt 0.740450 0.390366
vt 0.938516 0.642536
vt 0.936980 0.626756
vt 0.926996 0.770039
vt 0.916062 0.764708
vt 0.932750 0.760095
vt 0.917455 0.760652
vt 0.901139 0.760963
vt 0.914408 0.750445
vt 0.918016 0.751828
vt 0.945442 0.776216
vt 0.967496 0.760983
vt 0.946711 0.778670
vt 0.962778 0.753816
vt 0.880521 0.012304
vt 0.943507 0.789972
vt 0.871754 0.006219
vt 0.945127 0.800196
vt 0.037202 0.142585
vt 0.043541 0.147632
vt 0.948505 0.808175
vt 0.947398 0.805543
vt 0.050414 0.169032
vt 0.366078 0.878033
vt 0.367781 0.879980
vt 0.356422 0.878997
vt 0.378228 0.879858
vt 0.369569 0.884074
vt 0.360781 0.886833
vt 0.968517 0.757510
vt 0.962197 0.748103
vt 0.351591 0.879977
vt 0.387521 0.876941
vt 0.355308 0.885397
vt 0.345833 0.883096
vt 0.340204 0.889105
vt 0.143175 0.173451
vt 0.142274 0.168711
vt 0.150453 0.170476
vt 0.935477 0.688985
vt 0.962600 0.126874
vt 0.073071 0.562241
vt 0.062125 0.779481
vt 0.949795 0.658414
vt 0.087891 0.480907
vt 0.322066 0.912360
vt 0.331941 0.874453
vt 0.442913 0.898821
vt 0.447120 0.934909
vt 0.427801 0.935024
vt 0.076010 0.463374
vt 0.816350 0.337441
vt 0.809149 0.367502
vt 0.791405 0.322231
vt 0.289193 0.885062
vt 0.297126 0.890889
vt 0.603983 0.458324
vt 0.373388 0.689729
vt 0.381227 0.692610
vt 0.361038 0.709158
vt 0.462184 0.635057
vt 0.439742 0.609400
vt 0.461186 0.586850
vt 0.426091 0.913466
vt 0.065235 0.495666
vt 0.767856 0.413887
vt 0.943734 0.688327
vt 0.146721 0.882371
vt 0.145297 0.892070
vt 0.152957 0.660463
vt 0.927239 0.593403
vt 0.477395 0.399141
vt 0.451981 0.396119
vt 0.452989 0.391072
vt 0.568674 0.735509
vt 0.594092 0.704278
vt 0.574813 0.760816
vt 0.545156 0.734098
vt 0.571813 0.724947
vt 0.550275 0.710968
vt 0.599778 0.750832
vt 0.565693 0.716490
vt 0.942244 0.603332
vt 0.991144 0.884729
vt 0.993883 0.895768
vt 0.973359 0.899472
vt 0.169568 0.273227
vt 0.575340 0.782150
vt 0.033776 0.878102
vt 0.047463 0.900262
vt 0.034982 0.920940
vt 0.770743 0.395303
vt 0.974083 0.690790
vt 0.965627 0.684996
vt 0.056785 0.488752
vt 0.240353 0.551803
vt 0.543501 0.727295
vt 0.267505 0.609558
vt 0.945342 0.561822
vt 0.421086 0.688302
vt 0.475137 0.604058
vt 0.958012 0.140377
vt 0.995000 0.857681
vt 0.602149 0.777591
vt 0.241346 0.602318
vt 0.422245 0.888726
vt 0.411642 0.904951
vt 0.409788 0.925998
vt 0.971844 0.691491
vt 0.376860 0.913792
vt 0.976756 0.126518
vt 0.898562 0.431495
vt 0.926913 0.442497
vt 0.913518 0.444604
vt 0.493300 0.594877
vt 0.497811 0.562825
vt 0.500480 0.611797
vt 0.370825 0.902584
vt 0.968323 0.108925
vt 0.429578 0.761458
vt 0.312055 0.926593
vt 0.102466 0.895599
vt 0.458069 0.659259
vt 0.931716 0.448761
vt 0.486967 0.603645
vt 0.956460 0.423879
vt 0.937356 0.443271
vt 0.916972 0.422979
vt 0.548072 0.455527
vt 0.600411 0.445512
vt 0.242251 0.571726
vt 0.645537 0.051302
vt 0.668997 0.076515
vt 0.615837 0.065199
vt 0.871553 0.738780
vt 0.860738 0.758444
vt 0.839384 0.735915
vt 0.131027 0.831801
vt 0.385803 0.892516
vt 0.783723 0.319993
vt 0.628580 0.083027
vt 0.618334 0.745307
vt 0.551180 0.761616
vt 0.982031 0.827426
vt 0.776844 0.408794
vt 0.759880 0.015352
vt 0.760825 0.033085
vt 0.748719 0.028295
vt 0.331116 0.907214
vt 0.524720 0.420887
vt 0.857873 0.723619
vt 0.921148 0.449750
vt 0.717633 0.046587
vt 0.709336 0.037254
vt 0.717874 0.029972
vt 0.555092 0.615282
vt 0.551067 0.621111
vt 0.539236 0.630213
vt 0.028617 0.901662
vt 0.020737 0.971911
vt 0.614971 0.687509
vt 0.626639 0.675040
vt 0.633505 0.719406
vt 0.909149 0.431558
vt 0.752357 0.015178
vt 0.930040 0.580995
vt 0.609462 0.425001
vt 0.353065 0.930228
vt 0.919144 0.594098
vt 0.310527 0.937237
vt 0.328304 0.916740
vt 0.339332 0.923717
vt 0.625087 0.659844
vt 0.643097 0.681687
vt 0.069067 0.955485
vt 0.499539 0.300095
vt 0.019560 0.895585
vt 0.984252 0.174847
vt 0.948702 0.175633
vt 0.978806 0.172117
vt 0.460763 0.669085
vt 0.985175 0.150201
vt 0.708008 0.848669
vt 0.675784 0.835292
vt 0.711578 0.846614
vt 0.084871 0.949515
vt 0.806831 0.401239
vt 0.822111 0.394928
vt 0.051300 0.985623
vt 0.501041 0.782055
vt 0.858962 0.710028
vt 0.410902 0.879322
vt 0.417805 0.869433
vt 0.425211 0.874252
vt 0.336359 0.935759
vt 0.087266 0.941993
vt 0.504785 0.732757
vt 0.795194 0.148303
vt 0.823343 0.137593
vt 0.795206 0.173656
vt 0.832050 0.730202
vt 0.779882 0.846790
vt 0.689128 0.799673
vt 0.691051 0.831650
vt 0.677094 0.839900
vt 0.687709 0.857065
vt 0.485783 0.231633
vt 0.510341 0.238803
vt 0.206814 0.876650
vt 0.442415 0.941311
vt 0.340344 0.937431
vt 0.456746 0.938652
vt 0.849114 0.391736
vt 0.611229 0.435297
vt 0.686484 0.626565
vt 0.692493 0.622500
vt 0.682200 0.642074
vt 0.043906 0.978000
vt 0.549748 0.416143
vt 0.825602 0.166023
vt 0.235086 0.621950
vt 0.459485 0.584265
vt 0.482746 0.572226
vt 0.161033 0.897875
vt 0.567304 0.253795
vt 0.549230 0.231018
vt 0.141395 0.903722
vt 0.677485 0.859843
vt 0.204665 0.487735
vt 0.184025 0.484531
vt 0.234649 0.361657
vt 0.831961 0.154106
vt 0.290854 0.607344
vt 0.658746 0.835761
vt 0.256279 0.626005
vt 0.888110 0.746311
vt 0.362479 0.898859
vt 0.656522 0.679224
vt 0.656608 0.708491
vt 0.363771 0.941279
vt 0.391314 0.873923
vt 0.526910 0.770459
vt 0.475209 0.678063
vt 0.493257 0.627360
vt 0.730172 0.037233
vt 0.666340 0.709324
vt 0.616323 0.360418
vt 0.954108 0.616103
vt 0.644177 0.866577
vt 0.380288 0.942650
vt 0.375355 0.942410
vt 0.645994 0.477054
vt 0.641397 0.448811
vt 0.147341 0.932220
vt 0.109160 0.931950
vt 0.453009 0.988443
vt 0.433757 0.957004
vt 0.460343 0.961856
vt 0.696802 0.889725
vt 0.775075 0.319555
vt 0.489923 0.708288
vt 0.509351 0.716961
vt 0.854857 0.145042
vt 0.893668 0.752167
vt 0.896718 0.781674
vt 0.763972 0.750555
vt 0.410072 0.866328
vt 0.335280 0.911625
vt 0.435783 0.952201
vt 0.951695 0.148967
vt 0.846794 0.163506
vt 0.111988 0.937545
vt 0.195601 0.841269
vt 0.483029 0.678974
vt 0.737188 0.007692
vt 0.587219 0.838227
vt 0.579029 0.850137
vt 0.624078 0.782508
vt 0.785687 0.413801
vt 0.882367 0.724665
vt 0.892053 0.443801
vt 0.562077 0.242471
vt 0.579759 0.251680
vt 0.640700 0.606513
vt 0.681794 0.116737
vt 0.783871 0.209003
vt 0.852263 0.172418
vt 0.439295 0.696940
vt 0.633149 0.804122
vt 0.659500 0.808189
vt 0.664683 0.754033
vt 0.163749 0.935011
vt 0.189481 0.883859
vt 0.907478 0.451260
vt 0.884336 0.451367
vt 0.693728 0.812226
vt 0.734322 0.199538
vt 0.780275 0.411029
vt 0.777564 0.424427
vt 0.784589 0.428845
vt 0.766000 0.151499
vt 0.776225 0.225513
vt 0.750136 0.014904
vt 0.714733 0.888593
vt 0.918271 0.134120
vt 0.941762 0.046847
vt 0.945553 0.190163
vt 0.620604 0.610866
vt 0.643388 0.722325
vt 0.469022 0.936439
vt 0.798488 0.442091
vt 0.791707 0.438677
vt 0.650661 0.730182
vt 0.831072 0.171074
vt 0.709241 0.097454
vt 0.509567 0.621735
vt 0.776588 0.675104
vt 0.663069 0.804299
vt 0.679424 0.898208
vt 0.650520 0.911596
vt 0.605426 0.825544
vt 0.740288 0.035603
vt 0.972353 0.209766
vt 0.989937 0.215695
vt 0.977596 0.217642
vt 0.844802 0.178602
vt 0.271096 0.625246
vt 0.212179 0.679356
vt 0.235011 0.655973
vt 0.260153 0.671324
vt 0.365329 0.969119
vt 0.358040 0.954930
vt 0.386883 0.972398
vt 0.972126 0.212245
vt 0.407464 0.971901
vt 0.384385 0.960951
vt 0.384386 0.984048
vt 0.388968 0.972353
vt 0.654674 0.917194
vt 0.048111 0.517194
vt 0.009039 0.498955
vt 0.041907 0.474685
vt 0.056120 0.534772
vt 0.066940 0.537522
vt 0.948350 0.129281
vt 0.209345 0.647659
vt 0.207220 0.637125
vt 0.912597 0.745480
vt 0.961640 0.224763
vt 0.408483 0.960151
vt 0.656069 0.780594
vt 0.655147 0.773983
vt 0.767854 0.564957
vt 0.773889 0.600017
vt 0.765066 0.596380
vt 0.785257 0.582299
vt 0.380764 0.598885
vt 0.235647 0.686890
vt 0.224913 0.702848
vt 0.965900 0.188937
vt 0.421351 0.956441
vt 0.618190 0.816032
vt 0.258337 0.642157
vt 0.973606 0.208328
vt 0.203272 0.698033
vt 0.678720 0.934160
vt 0.638265 0.599780
vt 0.494830 0.682314
vt 0.016495 0.511836
vt 0.795077 0.278308
vt 0.826147 0.205324
vt 0.619230 0.625443
vt 0.563050 0.592590
vt 0.786790 0.610692
vt 0.186487 0.275610
vt 0.185557 0.265755
vt 0.201305 0.273820
vt 0.742061 0.142971
vt 0.776213 0.625691
vt 0.768424 0.633639
vt 0.243260 0.330976
vt 0.188940 0.289453
vt 0.346689 0.602171
vt 0.235965 0.703429
vt 0.525845 0.630560
vt 0.576609 0.656006
vt 0.589564 0.671064
vt 0.561049 0.675761
vt 0.031742 0.542672
vt 0.066872 0.556835
vt 0.699889 0.706280
vt 0.630123 0.751568
vt 0.016080 0.574296
vt 0.505469 0.679295
vt 0.804451 0.582989
vt 0.292508 0.617210
vt 0.563553 0.660660
vt 0.224362 0.626277
vt 0.172928 0.642871
vt 0.193965 0.894463
vt 0.842047 0.228237
vt 0.201316 0.706538
vt 0.291620 0.069449
vt 0.310412 0.093288
vt 0.283478 0.099564
vt 0.736109 0.698659
vt 0.920580 0.415715
vt 0.921772 0.409934
vt 0.445875 0.762012
vt 0.851126 0.212324
vt 0.177022 0.650708
vt 0.177432 0.700799
vt 0.602601 0.678737
vt 0.580914 0.688369
vt 0.774402 0.027039
vt 0.833075 0.243801
vt 0.155891 0.633233
vt 0.118612 0.652650
vt 0.103353 0.638589
vt 0.097433 0.573076
vt 0.107027 0.557107
vt 0.113188 0.580000
vt 0.605458 0.704371
vt 0.932098 0.372740
vt 0.289570 0.988669
vt 0.284190 0.967724
vt 0.322634 0.959601
vt 0.327845 0.985715
vt 0.338019 0.964984
vt 0.446672 0.754364
vt 0.442154 0.773151
vt 0.804335 0.274191
vt 0.329359 0.612845
vt 0.162152 0.659684
vt 0.335446 0.051460
vt 0.310679 0.059023
vt 0.715685 0.703665
vt 0.788414 0.657385
vt 0.617248 0.765703
vt 0.448599 0.730913
vt 0.448263 0.746611
vt 0.096495 0.589999
vt 0.169962 0.680911
vt 0.307092 0.058943
vt 0.293956 0.032977
vt 0.729465 0.701444
vt 0.331697 0.953084
vt 0.154959 0.647268
vt 0.208240 0.761721
vt 0.565519 0.555571
vt 0.449670 0.503679
vt 0.433301 0.460911
vt 0.444118 0.464046
vt 0.972809 0.232721
vt 0.969435 0.269576
vt 0.949496 0.249582
vt 0.440948 0.725441
vt 0.971181 0.307177
vt 0.932824 0.350086
vt 0.938430 0.306249
vt 0.909691 0.575382
vt 0.215651 0.912997
vt 0.613002 0.763855
vt 0.336639 0.989417
vt 0.964845 0.343162
vt 0.946429 0.343919
vt 0.968280 0.323656
vt 0.307292 0.622512
vt 0.354827 0.614218
vt 0.308967 0.024869
vt 0.945964 0.376224
vt 0.776142 0.510925
vt 0.785141 0.285989
vt 0.192012 0.760775
vt 0.277382 0.032538
vt 0.733979 0.098075
vt 0.776319 0.089023
vt 0.784264 0.091703
vt 0.531347 0.979844
vt 0.534768 0.962420
vt 0.909911 0.408573
vt 0.553521 0.596726
vt 0.734411 0.148960
vt 0.994946 0.760946
vt 0.982343 0.731987
vt 0.993217 0.697293
vt 0.747678 0.058078
vt 0.120583 0.552126
vt 0.983354 0.337796
vt 0.915545 0.702690
vt 0.219775 0.871233
vt 0.578065 0.697161
vt 0.736831 0.717372
vt 0.530750 0.956064
vt 0.151056 0.588372
vt 0.378190 0.614856
vt 0.578082 0.578491
vt 0.977869 0.732695
vt 0.786069 0.049706
vt 0.202530 0.904170
vt 0.121187 0.576986
vt 0.166667 0.573977
vt 0.157900 0.701971
vt 0.166599 0.757158
vt 0.429291 0.451287
vt 0.760146 0.695240
vt 0.751138 0.697248
vt 0.811976 0.639923
vt 0.743222 0.613789
vt 0.816946 0.244713
vt 0.128341 0.675903
vt 0.225127 0.767031
vt 0.573711 0.589952
vt 0.753890 0.714955
vt 0.978028 0.349961
vt 0.342429 0.619914
vt 0.181236 0.394433
vt 0.179010 0.412682
vt 0.162144 0.411171
vt 0.990450 0.257066
vt 0.737737 0.087929
vt 0.768372 0.688783
vt 0.541913 0.154198
vt 0.506532 0.146236
vt 0.179110 0.370137
vt 0.143826 0.366388
vt 0.749375 0.033788
vt 0.754301 0.615869
vt 0.139726 0.684758
vt 0.931311 0.359919
vt 0.228689 0.596916
vt 0.948631 0.040473
vt 0.945145 0.055478
vt 0.784999 0.056127
vt 0.268677 0.338475
vt 0.776687 0.707340
vt 0.791643 0.068718
vt 0.399820 0.436489
vt 0.426917 0.431190
vt 0.175514 0.283389
vt 0.181533 0.293485
vt 0.164647 0.292426
vt 0.575676 0.572429
vt 0.707246 0.091804
vt 0.715238 0.055940
vt 0.788598 0.713126
vt 0.805116 0.656238
vt 0.899861 0.364435
vt 0.165410 0.305458
vt 0.186323 0.306202
vt 0.800493 0.673832
vt 0.173044 0.552004
vt 0.170393 0.534589
vt 0.153783 0.399034
vt 0.804064 0.692025
vt 0.365784 0.326971
vt 0.638094 0.262954
vt 0.643010 0.253317
vt 0.121030 0.533273
vt 0.135026 0.703502
vt 0.333276 0.005054
vt 0.604353 0.160632
vt 0.812937 0.271664
vt 0.897532 0.369732
vt 0.164009 0.350105
vt 0.179128 0.355647
vt 0.947578 0.081763
vt 0.834153 0.294247
vt 0.436536 0.429635
vt 0.815855 0.635417
vt 0.876954 0.635873
vt 0.883003 0.637780
vt 0.822648 0.693242
vt 0.155178 0.288673
vt 0.156043 0.761564
vt 0.826294 0.651414
vt 0.817401 0.667098
vt 0.116156 0.391232
vt 0.180206 0.769786
vt 0.196669 0.783413
vt 0.208248 0.773979
vt 0.260771 0.028369
vt 0.832080 0.648512
vt 0.553623 0.102960
vt 0.613507 0.099776
vt 0.877229 0.385292
vt 0.433292 0.719119
vt 0.148250 0.295066
vt 0.174194 0.519263
vt 0.124983 0.491050
vt 0.141647 0.762170
vt 0.671928 0.059336
vt 0.703471 0.044680
vt 0.653810 0.035590
vt 0.667625 0.020791
vt 0.569308 0.014382
vt 0.743862 0.147101
vt 0.759886 0.135455
vt 0.755292 0.143314
vt 0.503121 0.613558
vt 0.526890 0.555476
vt 0.543322 0.591758
vt 0.828395 0.698405
vt 0.140721 0.314113
vt 0.760343 0.146061
vt 0.828312 0.281862
vt 0.146794 0.304155
vt 0.113471 0.370278
vt 0.817527 0.717287
vt 0.246170 0.023827
vt 0.189638 0.575928
vt 0.697926 0.030515
vt 0.732888 0.155722
vt 0.753106 0.157948
vt 0.540599 0.552722
vt 0.548889 0.550808
vt 0.477533 0.486184
vt 0.136194 0.817281
vt 0.225084 0.777920
vt 0.205359 0.012782
vt 0.173625 0.784408
vt 0.157809 0.771790
vt 0.189267 0.792651
vt 0.415213 0.352752
vt 0.121094 0.294189
vt 0.031095 0.415968
vt 0.144126 0.458522
vt 0.185431 0.551684
vt 0.695090 0.018121
vt 0.209027 0.795532
vt 0.909874 0.975631
vt 0.902212 0.959768
vt 0.917426 0.962700
vt 0.271073 0.974104
vt 0.271784 0.975833
vt 0.266971 0.970700
vt 0.264028 0.969244
vt 0.266968 0.970047
vt 0.266577 0.968925
vt 0.265045 0.967425
vt 0.097344 0.993370
vt 0.098383 0.994940
vt 0.096246 0.993774
vt 0.088988 0.994429
vt 0.094240 0.993612
vt 0.268607 0.970957
vt 0.951657 0.648593
vt 0.948931 0.639882
vt 0.950375 0.642585
vt 0.940574 0.636478
vt 0.938274 0.925257
vt 0.935696 0.927102
vt 0.904370 0.927343
vt 0.923688 0.936692
vt 0.257276 0.964326
vt 0.105827 0.994121
vt 0.953365 0.645875
vt 0.949829 0.638607
vt 0.913728 0.953330
vt 0.954141 0.636893
vt 0.923850 0.953947
vt 0.932731 0.948991
vt 0.958591 0.638032
vt 0.959043 0.638608
vt 0.968525 0.636670
vt 0.266887 0.967052
vt 0.267433 0.967739
vt 0.267507 0.957424
vt 0.918586 0.958920
vt 0.884956 0.940426
vt 0.888016 0.975765
vt 0.032905 0.329736
vt 0.254411 0.829444
vt 0.240736 0.823788
vt 0.364508 0.283059
vt 0.606893 0.019517
vt 0.614673 0.020544
vt 0.606746 0.041343
vt 0.198709 0.549226
vt 0.197598 0.528957
vt 0.624740 0.024984
vt 0.720499 0.158413
vt 0.152285 0.786998
vt 0.652577 0.186209
vt 0.680865 0.192284
vt 0.215654 0.565215
vt 0.186892 0.495366
vt 0.133567 0.475363
vt 0.118153 0.287309
vt 0.400187 0.328948
vt 0.367930 0.324281
vt 0.262735 0.940995
vt 0.873760 0.978483
vt 0.225250 0.584918
vt 0.241005 0.965145
vt 0.244947 0.955154
vt 0.811929 0.308631
vt 0.863114 0.945536
vt 0.088508 0.297849
vt 0.085322 0.286776
vt 0.093961 0.279340
vt 0.211832 0.552277
vt 0.192700 0.800879
vt 0.161358 0.802711
vt 0.210770 0.808287
vt 0.186038 0.518621
vt 0.176954 0.506735
vt 0.710913 0.193172
vt 0.215517 0.524014
vt 0.202732 0.008124
vt 0.032278 0.398440
vt 0.139140 0.777871
vt 0.069679 0.390897
vt 0.243199 0.944861
vt 0.084910 0.270256
vt 0.785519 0.312445
vt 0.822885 0.307587
vt 0.078988 0.367120
vt 0.230061 0.962528
vt 0.206217 0.955407
vt 0.218615 0.534658
vt 0.819288 0.314762
vt 0.343375 0.287805
vt 0.204986 0.500802
vt 0.138277 0.820969
vt 0.141167 0.825385
vt 0.158468 0.808582
vt 0.236646 0.828250
vt 0.381138 0.247675
vt 0.192501 0.504912
vt 0.227131 0.529050
vt 0.038300 0.355962
vt 0.483710 0.475368
vt 0.388832 0.242764
vt 0.248208 0.504786
vt 0.833614 0.390880
vt 0.487549 0.474827
vt 0.157948 0.193060
vt 0.119647 0.201289
vt 0.477432 0.453401
vt 0.484662 0.469422
vt 0.039612 0.389497
vt 0.111767 0.198509
vt 0.082885 0.123402
vt 0.452006 0.459125
vt 0.458913 0.443654
vt 0.254072 0.504469
vt 0.036215 0.215835
vt 0.015911 0.221370
vt 0.030849 0.206629
vt 0.023952 0.202196
vt 0.015599 0.216743
vt 0.398150 0.007510
vt 0.415148 0.027846
vt 0.397506 0.011762
vt 0.396063 0.033767
vt 0.405414 0.031652
vt 0.013612 0.131146
vt 0.013623 0.174120
vt 0.010238 0.119806
vt 0.401827 0.005000
vt 0.413604 0.017122
vt 0.949163 0.978418
vt 0.966577 0.978890
vt 0.950224 0.981256
vt 0.008788 0.137864
vt 0.943027 0.986566
vt 0.948150 0.973554
vt 0.015315 0.145984
vt 0.540942 0.951177
vt 0.499941 0.935928
vt 0.549999 0.944175
vt 0.506110 0.934318
vt 0.534945 0.936208
vt 0.496051 0.936356
vt 0.522093 0.949382
vt 0.561331 0.974959
vt 0.008317 0.171516
vt 0.038742 0.198013
vt 0.019823 0.223920
vt 0.039034 0.231292
vt 0.572599 0.934890
vt 0.021085 0.226366
vt 0.038569 0.369486
vt 0.031713 0.386564
vt 0.474102 0.448480
vt 0.041525 0.363119
vt 0.027708 0.332073
vt 0.027842 0.365448
vt 0.037499 0.363179
vt 0.031237 0.363252
vt 0.983428 0.711440
vt 0.976809 0.723107
vt 0.979285 0.701307
vt 0.011615 0.227607
vt 0.984882 0.708762
vt 0.982806 0.699448
vt 0.011154 0.229798
vt 0.979816 0.666166
vt 0.492506 0.940356
vt 0.434117 0.025209
vt 0.404800 0.032820
vt 0.404268 0.033772
vt 0.377638 0.045251
vt 0.128604 0.947148
vt 0.172246 0.937572
vt 0.152191 0.943215
vt 0.022396 0.281790
vt 0.020191 0.261975
vt 0.024580 0.271679
vt 0.025383 0.279196
vt 0.023693 0.266171
vt 0.024039 0.251348
vt 0.041042 0.251168
vt 0.043315 0.284856
vt 0.042315 0.264478
vt 0.044574 0.268583
vt 0.044195 0.257212
vt 0.952551 0.368037
vt 0.964918 0.367438
vt 0.963712 0.369267
vt 0.046179 0.268068
vt 0.014745 0.109051
vt 0.015405 0.093088
vt 0.012931 0.082522
vt 0.849499 0.017460
vt 0.860722 0.015918
vt 0.860757 0.019756
vt 0.853471 0.021503
vt 0.008436 0.093644
vt 0.096400 0.951143
vt 0.099588 0.955043
vt 0.126555 0.949770
vt 0.100361 0.959910
vt 0.016870 0.096480
vt 0.005668 0.096212
vt 0.007484 0.108251
vt 0.005000 0.104529
vt 0.954383 0.371310
vt 0.016443 0.105260
vt 0.934567 0.366633
vt 0.934067 0.359443
vt 0.952992 0.366127
vt 0.952191 0.375422
vt 0.143503 0.950967
vt 0.130479 0.957436
vt 0.141518 0.943149
vt 0.099881 0.964922
vt 0.116848 0.939839
vt 0.121460 0.970753
vt 0.114264 0.934901
vt 0.123008 0.975887
vt 0.967282 0.091955
vt 0.948845 0.090818
vt 0.948229 0.086502
vt 0.027183 0.991510
vt 0.044501 0.991401
vt 0.025839 0.993492
vt 0.040754 0.979195
vt 0.958657 0.494009
vt 0.964247 0.491893
vt 0.969678 0.514266
vt 0.975248 0.508241
vt 0.034803 0.976634
vt 0.596566 0.964114
vt 0.624229 0.942947
vt 0.626442 0.954522
vt 0.041765 0.974257
vt 0.950081 0.084213
vt 0.966042 0.083744
vt 0.369845 0.954480
vt 0.431030 0.953349
vt 0.384107 0.956502
vt 0.964016 0.095879
vt 0.948188 0.095783
vt 0.625972 0.945024
vt 0.649744 0.916211
vt 0.631174 0.941598
vt 0.625442 0.946044
vt 0.650862 0.973992
vt 0.652104 0.978971
vt 0.641254 0.953335
vt 0.646732 0.953475
vt 0.646402 0.978615
vt 0.634516 0.975710
vt 0.851009 0.011633
vt 0.836299 0.015617
vt 0.839086 0.017974
vt 0.818760 0.019089
vt 0.864087 0.937225
vt 0.886205 0.930030
vt 0.877327 0.934809
vt 0.929667 0.913673
vt 0.880722 0.929072
vt 0.976588 0.095750
vt 0.981795 0.501639
vt 0.965990 0.522857
vt 0.899668 0.922150
vt 0.811164 0.960855
vt 0.843424 0.948017
vt 0.844725 0.948036
vt 0.913336 0.921253
vt 0.928346 0.917045
vt 0.972300 0.947534
vt 0.974351 0.938914
vt 0.977351 0.936512
vt 0.967073 0.513918
vt 0.984342 0.923234
vt 0.971250 0.950189
vt 0.968927 0.960236
vt 0.981362 0.935718
vt 0.756030 0.989452
vt 0.760879 0.970133
vt 0.790750 0.985269
vt 0.799898 0.974566
vt 0.767907 0.967130
vt 0.798572 0.958431
vt 0.755904 0.942981
vt 0.049634 0.993917
vt 0.372118 0.945111
vt 0.318319 0.946074
vt 0.346667 0.942233
vt 0.356212 0.951490
vt 0.827159 0.958760
vt 0.814384 0.956642
vt 0.953761 0.919746
vt 0.933435 0.913508
vt 0.957086 0.930494
vt 0.331397 0.938730
vt 0.329327 0.950681
vt 0.315666 0.938411
vt 0.306894 0.958282
vt 0.967136 0.936381
vt 0.970853 0.901723
vt 0.979532 0.901896
vt 0.969263 0.912940
vt 0.986300 0.902983
vt 0.994786 0.919091
vt 0.942029 0.886304
vt 0.934067 0.881442
s 0
f 429/1/1 7/2/1 441/3/1
s 1
f 332/4/2 421/5/3 474/6/4
s 0
f 747/7/5 14/8/5 739/9/5
s 1
f 14/8/6 747/7/7 625/10/8
f 739/9/9 14/8/10 15/11/11
f 15/12/12 17/13/13 625/10/14
s 0
f 739/14/15 15/12/15 625/10/15
s 1
f 14/8/16 625/10/17 17/13/18
f 15/11/11 14/8/10 18/15/19
f 15/12/12 667/16/20 17/13/13
s 0
f 15/12/21 13/17/21 667/16/21
s 1
f 14/8/16 17/13/18 18/15/22
f 18/15/19 13/18/23 15/11/11
s 0
f 27/19/24 24/20/24 26/21/24
f 25/22/25 24/23/25 792/24/25
f 25/25/26 26/26/26 28/27/26
f 26/26/27 24/28/27 31/29/27
s 1
f 28/27/28 26/26/29 31/29/30
s 0
f 24/23/31 25/22/31 31/30/31
f 25/25/32 28/27/32 30/31/32
s 1
f 28/27/28 31/29/30 917/32/33
f 25/25/34 30/31/35 31/33/36
s 0
f 901/34/37 915/35/37 892/36/37
f 42/37/38 40/38/38 35/39/38
s 1
f 40/40/39 39/41/40 896/42/41
f 39/41/42 38/43/43 896/42/44
f 38/44/43 39/45/42 42/46/45
f 864/47/46 52/48/47 819/49/48
s 0
f 62/50/49 59/51/49 60/52/49
s 1
f 59/51/50 62/50/51 758/53/52
s 0
f 71/54/53 68/55/53 67/56/53
f 72/57/54 67/56/54 68/55/54
f 71/54/55 67/56/55 73/58/55
f 74/59/56 758/60/56 72/57/56
s 1
f 744/61/57 758/62/58 789/63/59
s 0
f 72/57/60 68/55/60 740/64/60
s 1
f 741/65/61 79/66/62 684/67/63
f 137/68/64 94/69/65 693/70/66
f 87/71/67 85/72/68 84/73/69
f 137/74/70 84/73/69 85/72/68
s 0
f 82/75/71 85/72/71 87/71/71
f 84/76/72 82/77/72 88/78/72
f 91/79/73 92/80/73 93/81/73
s 1
f 130/82/74 693/83/75 94/84/76
s 0
f 91/85/77 89/86/77 95/87/77
s 1
f 93/81/78 92/80/79 95/87/80
f 96/88/81 693/83/82 130/82/83
f 94/89/84 95/90/80 90/91/85
s 0
f 91/85/86 95/87/86 97/92/86
f 95/93/87 96/88/87 97/94/87
s 1
f 95/90/80 92/95/79 90/91/85
f 96/88/81 130/82/83 97/94/88
f 130/96/74 94/97/76 90/98/89
s 0
f 101/99/90 100/100/90 99/101/90
f 99/102/91 100/103/91 130/104/91
f 103/105/92 98/106/92 102/107/92
f 98/106/93 130/104/93 100/103/93
f 102/107/94 98/106/94 133/108/94
s 1
f 100/100/95 101/99/96 103/105/97
s 0
f 133/109/98 98/110/98 104/111/98
f 129/112/99 98/113/99 100/114/99
f 106/115/100 105/116/100 115/117/100
f 117/118/101 114/119/101 111/120/101
f 117/118/102 111/120/102 110/121/102
f 110/122/103 109/123/103 124/124/103
f 109/125/104 110/126/104 112/127/104
f 109/125/105 112/127/105 113/128/105
f 111/120/106 114/119/106 109/123/106
s 1
f 112/129/107 110/130/108 104/131/109
s 0
f 111/120/110 108/132/110 110/121/110
f 113/133/111 104/131/111 110/130/111
f 116/134/112 118/135/112 114/136/112
f 114/137/113 118/138/113 115/139/113
f 118/138/114 117/140/114 115/139/114
f 117/141/115 118/142/115 108/143/115
s 1
f 116/134/116 114/136/116 108/144/116
s 0
f 114/136/117 117/145/117 108/144/117
s 1
f 111/120/118 109/123/119 108/132/120
f 116/134/121 113/146/122 110/147/123
f 108/132/120 109/123/119 116/148/124
s 0
f 109/123/125 113/149/125 116/148/125
s 1
f 110/147/123 119/150/126 116/134/121
s 0
f 119/151/127 110/121/127 108/132/127
s 1
f 118/135/128 116/134/129 119/150/130
f 119/152/131 108/143/132 120/153/133
s 0
f 108/143/134 118/142/134 120/153/134
s 1
f 119/152/131 120/153/133 105/116/135
f 119/152/130 105/116/136 118/154/128
f 105/116/135 120/153/133 107/155/137
s 0
f 106/115/138 118/154/138 105/116/138
s 1
f 105/116/135 107/155/137 115/117/139
s 0
f 120/153/140 118/142/140 107/155/140
f 118/154/141 106/115/141 107/156/141
f 115/139/142 107/157/142 114/137/142
f 107/157/143 106/158/143 114/137/143
s 1
f 114/137/144 106/158/144 123/159/144
s 0
f 106/160/145 115/161/145 130/162/145
s 1
f 130/162/146 115/161/147 117/163/148
s 0
f 117/118/149 110/121/149 124/164/149
f 106/160/150 130/162/150 123/165/150
f 124/124/151 109/123/151 114/119/151
f 124/124/152 114/119/152 123/166/152
s 1
f 124/167/153 130/162/146 117/163/148
s 0
f 131/168/154 130/169/154 124/170/154
s 1
f 125/171/155 123/172/156 130/173/157
f 125/171/158 126/174/159 123/172/160
s 0
f 126/174/161 131/175/161 124/176/161
s 1
f 113/177/162 124/178/163 123/179/164
f 113/177/162 123/179/164 127/180/165
f 123/179/160 126/181/159 127/180/166
s 0
f 112/127/167 124/182/167 113/128/167
f 124/182/168 112/127/168 126/181/168
f 127/180/169 126/181/169 112/127/169
f 104/131/170 113/133/170 127/183/170
f 129/112/171 127/184/171 112/129/171
f 104/185/172 127/184/172 129/112/172
s 1
f 98/113/173 112/129/107 104/131/109
s 0
f 129/112/174 112/129/174 98/113/174
s 1
f 103/186/97 104/111/175 100/187/95
f 100/187/95 104/111/175 126/174/159
f 129/188/176 100/189/176 131/168/176
s 0
f 104/111/177 129/190/177 126/174/177
f 129/190/178 131/175/178 126/174/178
f 131/168/179 100/189/179 125/191/179
s 1
f 100/187/95 126/174/159 125/171/158
s 0
f 99/192/180 125/193/180 90/98/180
f 131/168/181 125/191/181 99/194/181
f 98/106/182 103/105/182 130/104/182
f 131/168/183 99/194/183 130/169/183
f 101/195/184 99/192/184 90/98/184
s 1
f 90/98/89 125/193/185 130/96/74
s 0
f 130/104/186 103/105/186 101/99/186
f 97/196/187 130/197/187 101/195/187
f 92/198/188 91/199/188 97/200/188
f 97/196/189 101/195/189 90/98/189
f 92/198/190 97/200/190 134/201/190
s 1
f 90/202/191 92/198/79 102/203/192
s 0
f 134/201/193 97/200/193 133/204/193
f 97/205/194 90/202/194 133/206/194
f 90/202/195 102/203/195 133/206/195
s 1
f 133/109/196 104/111/197 103/186/198
f 92/198/79 134/201/199 102/203/192
f 103/207/200 102/203/192 134/201/199
s 0
f 134/201/201 133/204/201 91/208/201
s 1
f 133/109/196 103/186/198 93/209/202
f 103/207/203 134/201/204 93/210/205
f 134/201/204 91/208/206 93/210/207
f 89/211/208 91/208/209 133/204/210
s 0
f 93/81/211 95/87/211 89/86/211
s 1
f 89/212/208 133/109/210 88/78/212
f 93/209/213 89/213/214 83/214/215
f 82/77/216 89/212/208 88/78/212
f 133/109/196 93/209/202 135/215/217
f 135/215/218 93/209/213 83/214/215
s 0
f 83/216/219 89/212/219 82/77/219
s 1
f 87/217/220 88/78/221 133/109/222
f 135/215/223 87/217/220 133/109/222
s 0
f 83/216/224 82/77/224 87/218/224
f 95/90/225 135/219/225 83/220/225
s 1
f 94/89/84 87/221/226 135/219/227
s 0
f 83/222/228 87/221/228 96/223/228
f 95/224/229 83/222/229 96/223/229
s 1
f 94/89/84 135/219/227 95/90/80
s 0
f 87/221/230 94/89/230 96/223/230
f 82/225/231 94/89/231 85/226/231
f 96/223/232 94/89/232 82/225/232
f 84/73/233 137/74/233 82/227/233
s 1
f 85/226/68 94/89/234 137/228/70
f 693/229/235 96/223/236 82/225/237
f 684/67/238 710/230/239 630/231/240
f 147/232/241 145/233/242 650/234/243
f 712/235/244 650/234/243 145/233/242
f 145/236/245 147/237/246 731/238/247
s 0
f 650/234/248 685/239/248 147/232/248
s 1
f 167/240/249 563/241/250 553/242/251
f 529/243/252 520/244/253 574/245/254
f 175/246/255 174/247/256 173/248/257
f 187/249/258 188/250/259 194/251/260
f 200/252/261 198/253/262 195/254/263
f 199/255/264 196/256/265 198/253/262
f 196/256/265 195/254/263 198/253/262
f 198/253/266 503/257/267 199/255/268
f 192/258/269 204/259/270 216/260/271
f 192/258/272 191/261/273 442/262/274
s 0
f 188/250/275 187/249/275 192/258/275
s 1
f 204/259/270 195/263/276 216/260/271
f 196/256/277 199/255/277 207/264/277
f 186/265/278 208/266/279 200/267/280
f 204/259/281 192/258/272 442/262/274
f 503/257/282 207/264/283 199/255/284
s 0
f 210/268/285 224/269/285 211/270/285
f 210/268/286 211/270/286 186/265/286
f 216/260/287 195/263/287 196/271/287
s 1
f 223/272/288 219/273/289 211/274/290
f 194/275/291 188/276/292 481/277/293
f 443/278/294 192/258/269 216/260/271
s 0
f 216/260/295 196/271/295 207/279/295
s 1
f 213/280/296 200/281/297 208/282/298
f 208/266/279 186/265/278 219/283/299
f 186/265/300 451/284/301 210/268/302
s 0
f 191/261/303 192/258/303 187/249/303
f 186/265/304 211/270/304 219/283/304
s 1
f 442/262/305 191/261/306 225/285/307
f 191/261/306 185/286/308 225/285/307
f 443/278/294 512/287/309 192/258/269
f 477/288/310 213/280/311 208/282/312
s 0
f 241/289/313 239/290/313 240/291/313
s 1
f 240/292/314 239/293/315 238/294/316
f 241/289/317 246/295/318 255/296/319
s 0
f 241/289/320 240/291/320 246/295/320
s 1
f 240/292/314 238/294/316 236/297/321
f 246/295/318 240/291/322 242/298/323
f 236/297/324 238/294/325 247/299/326
f 250/300/327 237/301/328 254/302/329
s 0
f 236/297/330 254/302/330 237/301/330
s 1
f 259/303/331 239/290/332 241/289/333
f 242/298/334 240/291/335 236/304/336
s 0
f 253/305/337 236/304/337 237/306/337
s 1
f 257/307/338 239/290/332 259/303/331
f 250/300/339 254/302/340 265/308/341
f 242/298/323 249/309/342 258/310/343
f 246/295/318 242/298/323 258/310/343
f 253/305/344 237/306/344 235/311/344
f 254/302/345 236/297/324 247/299/326
f 234/312/346 252/313/347 263/314/348
s 0
f 270/315/349 235/311/349 237/306/349
s 1
f 270/316/350 237/301/328 250/300/327
f 250/300/351 252/317/352 234/318/353
f 269/319/354 265/308/341 254/302/340
f 239/293/355 257/320/356 238/294/357
f 258/310/343 255/296/319 246/295/318
s 0
f 249/309/358 242/298/358 396/321/358
s 1
f 259/303/331 233/322/359 257/307/338
f 272/323/360 259/303/361 241/289/362
s 0
f 247/299/363 238/294/363 262/324/363
s 1
f 268/325/364 263/314/348 252/313/347
f 250/300/351 265/308/365 252/317/352
f 265/308/366 269/319/367 266/326/368
f 259/303/361 272/323/360 274/327/369
f 235/311/370 275/328/371 253/305/372
f 230/329/373 233/322/374 259/303/375
f 242/298/334 236/304/336 253/305/376
f 270/316/377 250/300/377 234/318/377
f 275/328/371 273/330/378 253/305/372
f 275/328/371 235/311/370 270/315/379
s 0
f 252/317/380 265/308/380 365/331/380
s 1
f 265/308/366 266/326/381 373/332/382
f 241/289/362 255/296/383 272/323/360
s 0
f 396/321/384 242/298/384 253/305/384
f 287/333/385 349/334/385 283/335/385
f 280/336/386 283/335/386 349/334/386
s 1
f 282/337/387 281/338/388 278/339/389
s 0
f 283/335/390 281/338/390 285/340/390
s 1
f 281/338/388 282/337/387 285/340/391
s 0
f 278/339/392 281/338/392 336/341/392
s 1
f 284/342/393 281/338/394 283/335/395
s 0
f 287/333/396 283/335/396 285/340/396
f 283/335/397 280/336/397 279/343/397
f 278/344/398 277/345/398 282/346/398
s 1
f 281/338/394 284/342/393 336/341/399
f 349/334/400 287/333/401 285/340/402
f 278/344/403 362/347/404 352/348/405
f 323/349/406 334/350/407 291/351/408
f 308/352/409 301/353/410 293/354/411
f 297/355/412 294/356/413 295/357/414
f 296/358/415 295/357/414 294/356/413
f 305/359/416 294/356/417 297/355/418
f 305/359/416 297/355/419 298/360/420
f 297/355/412 295/357/414 298/360/421
f 301/353/410 294/361/422 293/354/411
f 296/358/423 294/356/422 301/362/410
f 306/363/424 294/356/417 305/359/416
s 0
f 305/359/425 298/360/425 302/364/425
s 1
f 361/365/426 293/354/427 306/366/428
s 0
f 295/357/429 296/358/429 303/367/429
f 296/368/430 301/369/430 304/370/430
s 1
f 293/354/427 294/361/431 306/366/432
f 298/360/421 295/357/414 303/367/433
f 298/360/434 307/371/435 292/372/436
f 307/371/435 298/360/434 313/373/437
f 301/369/410 324/374/438 304/370/439
f 302/364/440 298/360/441 292/372/436
f 309/375/442 361/365/426 310/376/443
f 305/359/444 302/364/445 322/377/446
f 298/360/421 303/367/433 313/373/447
f 319/378/448 305/359/444 322/377/446
f 325/379/449 301/353/410 308/352/409
f 306/363/450 305/359/444 319/378/448
f 292/372/436 307/371/435 314/380/451
f 401/381/452 307/371/453 313/373/454
f 313/373/447 303/367/433 329/382/455
s 0
f 308/352/456 293/354/456 361/365/456
s 1
f 324/374/438 301/369/410 325/383/449
f 310/376/443 361/365/426 306/366/428
f 302/364/440 292/372/436 314/380/451
s 0
f 327/384/457 325/379/457 308/352/457
s 1
f 310/376/458 291/351/459 334/350/460
f 316/385/461 333/386/462 290/387/463
f 326/388/464 327/384/465 328/389/466
f 328/389/466 327/384/465 308/352/467
f 316/385/468 313/373/469 329/382/470
f 296/368/471 304/370/439 324/374/438
f 334/350/460 309/375/472 310/376/458
f 322/390/473 302/391/474 339/392/475
s 0
f 324/374/476 325/383/476 337/393/476
f 308/352/477 361/365/477 328/389/477
f 306/366/478 319/394/478 398/395/478
f 319/396/479 331/397/479 288/398/479
s 1
f 327/384/480 326/388/480 325/379/480
f 401/381/452 314/380/481 307/371/453
f 362/347/404 323/399/482 352/348/405
f 331/400/483 319/401/484 322/390/473
s 0
f 345/402/485 313/373/485 316/385/485
s 1
f 345/402/486 290/387/487 333/386/488
f 337/403/489 325/379/490 374/404/491
f 279/405/492 280/406/493 342/407/494
f 362/347/495 278/344/496 336/408/497
f 323/349/498 291/351/498 310/376/498
s 0
f 314/380/499 401/381/499 302/364/499
f 313/373/500 345/402/500 401/381/500
f 290/387/501 345/402/501 316/385/501
s 1
f 345/402/486 333/386/488 379/409/502
s 0
f 284/342/503 283/335/503 279/343/503
s 1
f 374/404/504 325/379/505 326/388/506
s 0
f 336/341/507 284/342/507 348/410/507
f 282/346/508 277/345/508 355/411/508
s 1
f 343/412/509 276/413/510 358/414/511
f 358/414/512 344/415/513 343/412/514
f 277/345/515 343/412/516 344/415/517
s 0
f 309/375/518 334/350/518 362/416/518
s 1
f 334/350/407 323/349/406 362/416/519
s 0
f 276/413/520 343/412/520 352/348/520
s 1
f 352/348/521 323/399/522 310/417/523
f 337/393/524 380/418/525 391/419/526
f 341/420/527 348/410/528 284/342/529
s 0
f 279/405/530 342/407/530 388/421/530
s 1
f 349/422/531 357/423/532 280/406/533
f 355/411/534 277/345/515 344/415/517
f 349/334/400 285/340/402 375/424/535
s 0
f 285/425/536 282/346/536 355/411/536
s 1
f 343/412/537 277/345/537 352/348/537
f 324/374/538 337/393/539 391/419/540
s 0
f 277/345/541 278/344/541 352/348/541
s 1
f 309/375/542 362/416/542 361/365/542
s 0
f 284/342/543 279/343/543 341/420/543
s 1
f 319/394/544 399/426/545 398/395/546
f 322/390/473 339/392/475 331/400/483
f 329/427/455 303/428/433 360/429/547
f 353/430/548 337/393/489 374/431/491
f 348/410/528 341/420/527 354/432/549
s 0
f 388/433/550 354/432/550 341/420/550
s 1
f 336/341/497 348/410/551 362/434/495
f 363/435/552 352/348/521 310/417/523
f 268/436/553 252/317/554 365/331/555
f 268/325/556 372/437/557 263/314/558
f 372/437/559 331/397/560 384/438/561
f 280/406/533 357/423/532 392/439/562
s 0
f 389/440/563 285/425/563 355/411/563
f 263/314/564 372/437/564 384/438/564
f 384/441/565 369/442/565 368/443/565
f 345/402/566 356/444/566 401/381/566
f 354/432/567 388/433/567 367/445/567
f 279/343/568 388/433/568 341/420/568
s 1
f 316/385/468 329/382/470 493/446/569
f 353/430/570 380/418/571 337/393/572
s 0
f 326/388/573 328/389/573 416/447/573
s 1
f 363/435/574 411/448/575 352/348/576
s 0
f 265/308/577 373/332/577 365/331/577
s 1
f 257/307/338 233/322/359 464/449/578
f 447/450/579 230/329/373 259/303/375
f 387/451/580 258/310/581 249/309/342
f 356/444/582 345/402/583 379/409/584
s 0
f 328/389/585 361/365/585 416/447/585
f 355/411/586 344/415/586 389/440/586
s 1
f 319/396/587 370/452/588 399/453/589
f 378/454/590 253/305/591 273/330/378
f 374/404/504 326/388/506 416/447/592
f 357/423/593 382/455/594 392/439/595
f 231/456/596 233/322/374 230/329/373
s 0
f 447/450/597 259/303/597 274/327/597
s 1
f 273/330/378 381/457/598 378/454/590
f 273/330/378 275/328/371 381/457/598
s 0
f 275/328/599 270/315/599 381/457/599
s 1
f 381/458/600 270/459/601 234/460/602
s 0
f 361/365/603 362/416/603 416/447/603
s 1
f 382/455/604 357/423/605 418/461/606
s 0
f 266/326/607 269/319/607 404/462/607
f 247/299/608 262/324/608 385/463/608
s 1
f 296/368/471 324/374/438 456/464/609
f 342/407/494 280/406/493 397/465/610
f 382/455/611 393/466/612 392/439/613
s 0
f 375/467/614 285/425/614 389/440/614
s 1
f 365/331/555 565/468/615 268/436/553
f 386/469/616 233/322/374 231/456/596
f 348/410/551 354/432/617 362/434/618
f 354/432/617 367/445/619 362/434/618
f 349/422/620 395/470/621 357/423/622
s 0
f 395/470/623 349/422/623 375/471/623
f 254/302/624 247/299/624 385/463/624
s 1
f 238/294/357 257/320/356 464/472/625
f 403/473/626 380/418/571 353/430/570
f 319/396/627 288/398/628 412/474/629
f 390/475/630 331/397/631 372/437/559
f 464/449/632 233/322/633 408/476/634
f 181/477/635 387/451/636 249/309/637
f 381/458/598 419/478/638 378/479/590
f 384/480/561 331/400/560 405/481/639
f 493/446/640 333/386/641 316/385/461
f 493/482/569 329/483/470 360/484/642
f 352/348/576 411/448/575 406/485/643
f 331/397/644 390/475/645 288/398/646
f 397/465/610 388/421/647 342/407/494
f 302/391/474 401/486/648 339/392/475
f 379/409/502 333/386/488 232/487/649
f 395/470/650 418/461/606 357/423/605
f 310/376/443 306/366/428 398/395/651
s 0
f 404/462/652 373/332/652 266/326/652
s 1
f 439/488/653 404/462/654 269/319/655
s 0
f 396/321/656 253/305/656 378/454/656
s 1
f 391/419/657 380/418/525 415/489/658
f 280/406/493 392/439/659 397/465/610
s 0
f 365/331/660 373/332/660 404/462/660
s 1
f 381/458/600 234/460/602 414/490/661
f 339/392/475 448/491/662 331/400/483
f 412/474/629 288/398/663 424/492/664
f 272/323/360 447/450/665 274/327/369
s 0
f 369/493/666 384/480/666 405/481/666
s 1
f 431/494/667 397/465/610 392/439/659
f 424/492/668 288/398/646 390/475/645
f 447/450/665 272/323/360 255/296/383
f 255/296/669 258/310/670 409/495/671
f 258/310/581 387/451/580 409/495/672
f 403/473/673 353/430/674 374/431/675
f 370/452/588 319/396/587 412/474/676
f 363/435/677 310/417/443 223/496/678
f 440/497/679 238/294/357 464/472/625
f 255/296/669 409/495/671 447/450/680
f 249/309/637 396/321/681 181/477/635
f 415/489/682 380/418/571 403/473/626
f 358/498/512 423/499/683 344/500/513
f 423/499/683 358/498/512 520/501/684
f 439/488/685 365/331/686 404/462/687
f 233/322/688 386/469/689 408/476/690
f 401/486/648 448/491/662 339/392/475
f 416/502/691 362/434/692 430/503/693
f 388/421/694 229/504/695 430/505/696
s 0
f 388/421/697 397/465/697 229/504/697
s 1
f 418/506/698 395/507/699 422/508/700
s 0
f 395/507/701 375/509/701 422/508/701
f 375/510/702 389/511/702 423/499/702
f 452/512/703 406/513/703 411/514/703
s 1
f 500/515/704 263/516/704 384/441/704
f 493/482/640 180/517/705 333/518/641
f 456/464/706 324/374/538 391/419/540
f 430/503/707 362/434/708 367/445/709
f 367/519/710 388/421/711 430/505/712
f 414/490/713 234/460/714 178/520/715
f 178/521/715 263/516/716 500/515/717
f 360/429/547 303/428/433 296/368/718
s 0
f 392/439/719 426/522/719 431/494/719
s 1
f 418/506/720 422/508/700 436/523/721
f 310/376/443 398/395/651 223/272/678
f 269/319/354 499/524/722 439/488/723
f 399/525/589 370/526/588 659/527/724
f 428/528/725 378/479/726 419/478/727
f 356/444/582 379/409/584 232/487/728
s 0
f 392/439/729 393/466/729 426/522/729
s 1
f 210/268/302 451/284/301 224/269/730
f 191/261/731 187/249/732 194/251/733
f 594/529/734 198/253/735 200/252/297
f 479/530/736 415/489/682 403/473/626
s 0
f 211/270/737 224/269/737 451/284/737
f 213/280/738 445/531/738 525/532/738
s 1
f 262/324/739 238/294/740 440/497/741
f 234/533/714 263/516/716 178/521/715
f 232/534/649 333/518/488 180/517/742
f 460/535/743 397/465/744 431/494/745
f 426/522/746 393/466/747 382/455/748
s 0
f 382/536/749 418/506/749 184/537/749
s 1
f 223/272/288 211/274/290 451/538/750
f 200/281/297 213/280/296 525/532/751
f 408/539/634 510/540/752 464/472/632
f 231/456/596 230/329/373 447/450/579
s 0
f 378/454/753 428/541/753 396/321/753
s 1
f 449/542/754 360/429/755 296/368/756
s 0
f 216/260/757 207/279/757 443/278/757
s 1
f 419/478/758 381/458/600 414/490/661
f 331/400/560 448/491/759 405/481/639
f 426/522/746 382/455/748 487/543/760
f 382/536/761 184/537/762 487/544/763
f 411/448/764 363/435/677 223/496/678
f 440/497/765 464/472/766 510/540/767
f 510/540/768 408/539/690 386/545/689
s 0
f 375/509/769 423/546/769 422/508/769
s 1
f 186/265/278 200/267/280 451/284/770
s 0
f 195/263/771 204/259/771 442/262/771
f 490/547/772 409/495/772 387/451/772
f 456/464/773 391/419/773 415/489/773
s 1
f 520/501/253 358/498/774 276/548/510
f 452/512/775 411/514/776 170/549/777
f 191/261/731 194/251/733 185/286/778
f 455/550/779 477/288/780 208/282/312
f 386/545/616 231/551/596 478/552/781
f 384/441/782 368/443/782 459/553/782
f 401/381/783 356/444/783 559/554/784
f 374/431/675 479/530/785 403/473/673
s 0
f 389/511/786 344/500/786 423/499/786
s 1
f 213/280/311 477/288/780 463/555/787
f 269/319/354 254/302/340 499/524/722
s 0
f 459/553/788 500/515/788 384/441/788
s 1
f 401/486/648 559/556/789 448/491/662
f 184/537/762 472/557/790 487/544/763
f 442/262/791 200/558/792 195/263/263
f 490/547/793 387/451/794 548/559/795
f 296/368/471 456/464/609 449/542/796
s 0
f 469/560/797 468/561/797 467/562/797
f 469/560/798 467/562/798 471/563/798
f 470/564/799 467/565/799 468/566/799
f 470/564/800 468/566/800 469/567/800
f 469/568/801 471/569/801 472/557/801
f 471/570/802 467/565/802 470/564/802
f 483/571/803 469/568/803 472/557/803
f 200/558/804 442/262/804 484/572/804
s 1
f 442/262/305 225/285/307 501/573/805
s 0
f 225/285/806 185/286/806 182/574/806
f 511/575/807 194/275/807 481/277/807
f 188/250/808 192/258/808 512/287/808
s 1
f 385/463/809 461/576/810 254/302/811
f 479/530/785 374/431/675 494/577/812
s 0
f 460/535/813 229/504/813 397/465/813
s 1
f 472/557/814 184/537/815 483/571/816
f 451/538/770 200/578/280 484/579/817
f 208/266/312 219/283/818 455/580/779
f 365/331/686 439/488/685 515/581/819
f 181/477/820 548/559/821 387/451/822
s 0
f 368/443/823 369/442/823 459/553/823
s 1
f 460/535/743 431/494/745 426/522/824
s 0
f 470/564/825 469/567/825 483/582/825
s 1
f 483/571/816 184/537/815 418/506/826
s 0
f 463/555/827 445/531/827 213/280/827
s 1
f 478/552/781 231/551/596 447/583/579
f 356/584/582 232/534/728 482/585/828
f 418/506/826 436/523/829 480/586/830
s 0
f 501/573/831 182/574/831 179/587/831
s 1
f 232/534/649 180/517/742 462/588/832
f 495/589/833 170/549/777 411/514/776
f 506/590/834 525/532/835 552/591/836
s 0
f 552/591/837 525/532/837 445/531/837
f 548/559/838 181/477/838 396/321/838
s 1
f 396/321/839 428/541/840 548/559/841
f 494/577/842 415/489/682 479/530/843
f 483/571/816 418/506/826 480/586/830
f 495/592/844 411/448/764 223/496/678
s 0
f 501/573/845 225/285/845 182/574/845
s 1
f 485/593/846 188/594/847 512/595/848
s 0
f 477/288/849 455/550/849 519/596/849
s 1
f 565/468/615 365/331/555 515/581/850
f 499/524/722 254/302/340 461/576/851
f 172/597/852 428/528/725 419/478/727
f 416/598/853 494/577/854 374/431/855
s 0
f 430/505/856 229/504/856 460/535/856
s 1
f 505/599/857 460/535/858 426/522/824
f 487/544/763 472/557/859 471/569/860
f 422/508/861 423/546/862 507/600/863
f 188/594/847 485/593/846 509/601/864
s 0
f 445/531/865 463/555/865 552/591/865
s 1
f 439/488/866 499/524/867 498/602/868
s 0
f 517/603/869 478/552/869 447/583/869
f 513/604/870 369/493/870 405/481/870
s 1
f 436/523/871 422/508/861 480/586/872
s 0
f 182/574/873 185/286/873 511/605/873
f 185/286/874 194/251/874 511/605/874
s 1
f 486/606/875 440/497/765 510/540/767
f 447/583/876 409/607/877 517/603/878
s 0
f 456/464/879 415/489/879 494/577/879
s 1
f 555/608/880 352/609/576 406/513/643
f 559/610/784 356/584/881 482/585/882
s 0
f 471/570/883 470/564/883 483/582/883
f 521/611/884 179/587/884 182/574/884
s 1
f 506/590/885 177/612/886 171/613/887
s 0
f 414/490/888 178/520/888 172/597/888
f 188/276/889 509/614/889 531/615/889
f 515/581/890 439/488/890 516/616/890
s 1
f 480/586/872 422/508/861 507/600/863
s 0
f 555/608/891 406/513/891 556/617/891
s 1
f 223/272/892 451/538/750 484/579/893
f 516/616/894 439/488/866 498/602/895
f 262/324/739 440/497/741 486/606/896
s 0
f 369/442/897 513/618/897 459/553/897
s 1
f 550/619/898 494/620/899 416/621/900
f 487/543/901 505/599/902 426/522/903
f 507/600/904 423/546/683 520/244/684
f 520/501/253 276/548/510 574/622/254
f 579/623/905 443/278/906 207/279/907
f 594/529/734 200/252/297 525/624/751
s 0
f 385/463/908 262/324/908 522/625/908
s 1
f 462/588/909 180/517/910 493/482/911
f 574/622/912 276/548/913 555/608/880
f 406/513/914 452/512/915 508/626/916
f 590/627/917 508/626/918 452/512/775
f 461/576/810 385/463/809 522/625/919
f 428/528/920 172/597/921 168/628/922
s 0
f 172/597/923 419/478/923 414/490/923
s 1
f 500/515/924 459/553/925 535/629/926
f 442/262/927 501/573/928 484/572/929
s 0
f 530/630/930 179/587/930 521/611/930
s 1
f 174/247/256 175/246/255 485/593/931
f 372/437/932 268/325/553 588/631/933
s 0
f 529/243/934 483/571/934 480/586/934
f 481/277/935 188/276/935 531/615/935
f 175/246/936 509/601/936 485/593/936
f 485/632/937 512/633/937 161/634/937
s 1
f 463/555/938 477/288/939 552/591/940
f 588/631/941 390/475/630 372/437/559
f 178/521/942 500/515/943 535/629/944
f 482/585/828 232/534/728 462/588/945
f 460/535/946 505/599/947 430/505/948
f 207/279/283 503/635/282 579/623/949
f 169/636/950 477/288/939 519/596/951
s 0
f 528/637/952 510/540/952 386/545/952
s 1
f 517/603/953 409/607/954 523/638/955
f 490/639/956 523/638/955 409/607/954
f 462/588/909 493/482/911 482/585/957
s 0
f 483/571/958 529/243/958 471/640/958
s 1
f 495/589/959 223/641/960 484/642/961
f 177/612/886 506/590/885 552/591/962
f 386/545/963 478/552/781 528/637/964
s 0
f 478/552/965 517/603/965 523/638/965
s 1
f 523/638/966 490/639/793 548/643/795
f 549/644/967 428/528/968 168/628/922
f 144/645/969 535/629/926 459/553/925
f 482/585/882 493/482/569 360/484/642
f 555/608/880 276/548/913 352/609/576
f 556/617/970 406/513/914 508/626/916
f 590/627/917 452/512/775 170/549/777
f 568/646/971 521/611/972 511/605/973
s 0
f 175/246/974 173/248/974 518/647/974
s 1
f 506/590/885 171/613/887 547/648/975
f 552/591/940 477/288/939 169/636/950
f 399/426/545 658/649/976 398/395/546
s 0
f 262/324/977 486/606/977 522/625/977
s 1
f 510/540/978 528/637/979 486/606/980
f 448/491/662 559/556/789 162/650/981
s 0
f 487/544/982 471/569/982 529/651/982
s 1
f 501/573/928 179/587/983 530/630/984
f 182/574/985 511/605/985 521/611/985
f 621/652/986 548/643/987 428/653/988
f 360/429/989 449/542/990 559/654/991
f 505/599/902 487/543/901 529/655/992
f 170/549/993 495/589/959 484/642/961
s 0
f 551/656/994 173/248/994 174/247/994
s 1
f 512/287/995 443/278/906 579/623/905
f 223/272/678 398/395/651 455/657/779
f 478/552/781 523/638/996 528/637/964
f 428/528/968 549/644/967 621/658/997
f 172/597/998 178/520/942 567/659/999
f 654/660/1000 370/452/588 412/474/676
s 0
f 515/581/1001 498/602/1001 499/524/1001
s 1
f 515/581/850 499/524/722 461/576/851
f 162/661/1002 405/662/639 448/663/759
f 480/586/1003 507/600/1004 520/244/1005
f 484/572/929 501/573/928 530/630/984
f 503/664/267 198/665/266 562/666/1006
s 0
f 570/667/1007 525/532/1007 506/590/1007
s 1
f 219/273/818 223/272/678 455/657/779
f 658/649/976 399/426/545 534/668/1008
f 461/576/1009 522/625/1010 558/669/1011
f 449/670/990 456/671/1012 550/619/1013
s 0
f 494/620/1014 550/619/1014 456/671/1014
s 1
f 169/636/950 519/596/951 553/672/1015
f 412/474/629 424/492/664 654/660/1016
s 0
f 515/581/1017 516/616/1017 498/602/1017
s 1
f 563/673/1018 169/636/950 553/672/1015
s 0
f 522/625/1019 486/606/1019 159/674/1019
s 1
f 159/674/1020 486/606/1021 573/675/1022
f 528/637/1023 523/638/1024 585/676/1025
f 172/597/921 566/677/1026 168/628/922
f 482/585/882 360/484/642 559/610/784
f 480/586/1027 520/244/1005 529/243/1028
f 511/575/1029 481/277/1030 568/678/1031
f 173/248/1032 551/656/1033 518/647/1034
f 167/240/1035 165/679/1035 563/241/1035
f 159/674/1036 558/669/1011 522/625/1010
f 663/680/1037 405/662/639 162/661/1002
f 617/681/1038 163/682/1039 164/683/1040
f 617/681/1038 577/684/1041 163/682/1039
f 178/520/942 535/685/944 567/659/999
f 506/590/1042 547/648/1043 570/667/1044
f 164/683/1045 163/682/1046 580/686/1047
f 167/240/249 553/242/251 582/687/1048
f 168/628/922 566/677/1026 549/644/967
s 0
f 567/659/1049 611/688/1049 172/597/1049
s 1
f 550/689/1050 416/502/691 430/503/693
s 0
f 175/246/1051 518/647/1051 569/690/1051
f 161/634/1052 512/633/1052 579/691/1052
s 1
f 646/692/1053 547/648/975 171/613/887
f 455/657/779 398/395/651 658/649/1054
f 590/627/917 556/617/1055 508/626/918
f 658/693/1056 519/596/1057 455/550/1058
f 597/694/1059 515/581/850 461/576/851
f 573/675/1060 528/637/1023 585/676/1025
f 430/695/948 505/696/947 574/697/1061
f 505/696/947 529/698/1062 574/697/1061
f 509/614/1063 175/699/1064 531/615/1065
f 531/615/1065 175/699/1064 569/700/1066
f 551/656/1067 174/247/1068 575/701/1069
f 174/247/1070 485/593/1071 575/701/1072
f 579/691/1073 503/664/1074 607/702/1075
f 580/686/1047 163/682/1046 576/703/1076
f 576/703/1076 163/682/1046 577/684/1077
f 582/687/1048 577/684/1078 165/679/1079
f 565/468/615 515/581/850 597/694/1059
f 523/638/966 548/643/795 585/676/1080
s 0
f 566/677/1081 172/597/1081 611/688/1081
s 1
f 590/627/1082 170/549/993 484/642/961
s 0
f 606/704/1083 551/656/1083 604/705/1083
s 1
f 594/706/1084 525/532/1085 570/667/1086
f 553/242/1087 519/707/1057 658/708/1056
f 558/669/1088 597/694/1089 461/576/1090
f 503/664/267 562/666/1006 607/702/1091
f 646/692/1053 154/709/1092 547/648/975
s 0
f 159/674/1093 157/710/1093 598/711/1093
s 1
f 486/606/980 528/637/979 573/675/1094
f 521/611/1095 568/646/1096 530/630/1097
s 0
f 605/712/1098 161/634/1098 579/691/1098
s 1
f 167/240/249 582/687/1048 165/679/1079
f 160/713/1099 558/669/1100 592/714/1101
s 0
f 569/690/1102 518/647/1102 561/715/1102
s 1
f 586/716/1103 576/703/1104 577/684/1105
f 268/325/553 565/717/615 588/631/933
f 592/714/1101 558/669/1100 159/674/1106
f 575/718/1072 485/632/1071 161/634/1107
f 165/679/1079 577/684/1078 563/241/1108
f 164/683/1109 580/686/1110 617/681/1111
f 626/719/1112 449/670/990 550/619/1013
f 518/647/1034 551/656/1033 606/704/1113
s 0
f 603/720/1114 606/704/1114 604/705/1114
s 1
f 604/705/1115 551/656/1067 575/701/1069
f 577/684/1078 591/721/1116 563/241/1108
f 550/689/1117 430/503/1117 584/722/1117
s 0
f 601/723/1118 600/724/1118 603/720/1118
f 603/720/1119 600/724/1119 602/725/1119
f 602/726/1120 600/727/1120 601/728/1120
f 601/728/1121 603/729/1121 604/730/1121
s 1
f 605/712/1122 579/691/1073 607/702/1075
f 646/692/1123 171/613/1124 177/612/1125
f 665/731/1126 621/658/997 549/644/967
s 0
f 589/732/1127 549/644/1127 566/677/1127
f 481/277/1128 531/615/1128 615/733/1128
s 1
f 562/666/1129 198/665/735 594/734/734
f 617/681/1130 580/686/1110 620/735/1131
f 558/669/1088 160/713/1132 597/694/1089
f 592/714/1101 159/674/1106 598/711/1133
s 0
f 573/675/1134 585/676/1134 621/652/1134
s 1
f 611/688/1135 567/659/1136 629/736/1137
f 513/618/1138 405/737/1139 613/738/1140
f 603/720/1141 602/725/1142 616/739/1143
f 572/740/1144 169/636/1145 563/673/1146
f 620/735/1147 580/686/1047 576/703/1076
f 621/652/986 585/676/1148 548/643/987
f 629/736/1149 567/659/1150 609/741/1151
f 613/738/1152 459/553/1153 513/618/1154
f 626/719/1112 559/742/991 449/670/990
s 0
f 550/619/1155 584/743/1155 599/744/1155
f 568/678/1156 481/277/1156 615/733/1156
s 1
f 617/681/1157 158/745/1158 143/746/1159
s 0
f 566/677/1160 611/688/1160 589/732/1160
f 567/659/1161 535/685/1161 612/747/1161
s 1
f 616/739/1143 606/704/1162 603/720/1141
f 675/748/1163 594/706/1164 570/667/1165
f 647/749/1166 158/745/1167 624/750/1168
f 624/750/1168 158/745/1167 620/735/1169
s 0
f 158/745/1170 617/681/1170 620/735/1170
f 550/619/1171 599/744/1171 626/719/1171
f 623/751/1172 161/634/1172 605/712/1172
s 1
f 177/612/886 552/591/962 63/752/1173
f 576/703/1104 586/716/1103 620/735/1174
f 619/753/1175 598/711/1133 157/710/1176
f 609/741/1177 567/659/1178 612/747/1179
s 0
f 633/754/1180 561/715/1180 518/647/1180
s 1
f 633/754/1181 518/647/1182 606/704/1183
s 0
f 602/726/1184 601/728/1184 604/730/1184
f 143/746/1185 158/745/1185 647/749/1185
s 1
f 586/716/1186 577/684/1187 156/755/1188
f 592/714/1101 598/711/1133 619/753/1175
s 0
f 561/756/1189 640/757/1189 569/700/1189
f 575/718/1190 161/634/1190 623/751/1190
s 1
f 636/758/1191 646/692/1123 177/612/1125
f 63/752/1192 552/591/940 169/636/950
f 565/468/1193 597/694/1194 618/759/1195
f 157/710/1196 159/674/1020 573/675/1022
f 162/760/981 559/742/789 630/761/1197
f 602/726/1198 604/730/1198 616/762/1198
f 577/763/1078 617/764/1199 591/765/1116
s 0
f 644/766/1200 589/732/1200 611/688/1200
s 1
f 547/648/1043 154/709/1201 570/667/1044
f 156/755/1188 577/684/1187 582/687/1202
f 597/694/1203 160/713/1204 618/759/1205
f 619/753/1175 157/710/1176 628/767/1206
f 535/685/926 144/768/1207 612/747/1208
s 0
f 631/769/1209 630/761/1209 559/742/1209
s 1
f 63/752/1192 169/636/950 572/740/1144
f 654/660/1210 424/492/1211 141/770/1212
f 635/771/1213 609/741/1214 612/747/1179
f 606/704/1183 616/739/1215 633/754/1181
f 675/748/1216 570/667/1044 154/709/1201
f 63/752/1173 636/758/1217 177/612/886
f 641/772/1218 582/687/1219 553/242/1220
f 628/767/1221 157/710/1222 573/675/1223
f 573/675/1223 621/652/1224 656/773/1225
s 0
f 648/774/1226 639/775/1226 642/776/1226
f 642/776/1227 639/775/1227 629/777/1227
s 1
f 663/778/1228 162/779/1229 630/231/1230
f 568/646/1096 615/780/1231 530/630/1097
f 531/615/1232 569/700/1233 615/733/1234
f 569/700/1233 640/757/1235 615/733/1234
f 623/781/1236 604/705/1237 575/701/1238
f 623/751/1239 607/702/1091 562/666/1240
f 679/782/1241 591/765/1116 617/764/1199
f 565/468/1242 713/783/1243 588/784/1244
f 604/705/1237 623/781/1236 657/785/1245
f 658/786/976 534/787/1008 142/788/1246
f 141/770/1247 424/492/668 390/475/645
s 0
f 635/771/1248 613/789/1248 609/741/1248
s 1
f 144/645/1249 459/553/1153 613/738/1152
s 0
f 138/790/1250 584/722/1250 430/503/1250
s 1
f 616/791/1251 604/705/1237 657/785/1245
s 0
f 623/751/1252 605/712/1252 607/702/1252
s 1
f 660/792/1253 624/750/1254 620/735/1255
s 0
f 160/713/1256 592/714/1256 619/753/1256
f 651/793/1257 648/774/1257 642/776/1257
f 629/736/1258 609/741/1258 613/789/1258
f 613/789/1259 635/771/1259 144/794/1259
s 1
f 582/687/1219 641/772/1218 156/755/1260
f 713/783/1261 565/468/1193 618/759/1195
f 628/767/1262 573/675/1223 656/773/1225
f 642/776/1263 629/777/1264 613/795/1265
f 631/769/1266 559/742/1267 626/719/1268
f 647/749/1166 624/750/1168 760/796/1269
f 777/797/1270 681/798/1271 145/236/245
f 665/731/1126 549/644/967 673/799/1272
f 673/799/1272 549/644/967 589/732/1273
f 639/800/1274 644/766/1275 611/688/1135
f 620/801/1276 586/802/1277 156/803/1278
f 553/242/1220 658/708/1279 641/772/1218
s 0
f 661/804/1280 145/236/1280 681/798/1280
s 1
f 147/237/1281 736/805/1282 662/806/1283
f 611/688/1135 629/736/1137 639/800/1274
f 663/807/1284 642/776/1263 613/795/1285
f 534/787/1286 399/525/589 142/788/1287
f 649/808/1288 659/527/1289 703/809/1290
f 147/237/1291 662/806/1291 731/238/1291
f 655/810/1292 588/784/1244 713/783/1243
s 0
f 160/713/1293 619/753/1293 628/767/1293
s 1
f 673/799/1294 589/732/1295 644/766/1296
s 0
f 138/811/1297 430/695/1297 574/697/1297
s 1
f 484/642/961 530/812/1298 674/813/1299
s 0
f 633/814/1300 640/757/1300 561/756/1300
s 1
f 616/791/1251 657/785/1245 633/815/1301
f 370/452/1302 654/660/1303 664/816/1304
f 705/817/1305 620/801/1276 156/803/1278
s 0
f 654/818/1306 147/819/1306 685/820/1306
s 1
f 712/821/1307 661/804/1308 668/822/1309
f 656/823/1310 621/658/997 665/731/1126
f 639/824/1311 648/825/1312 139/826/1313
f 139/826/1313 648/825/1312 140/827/1314
f 590/627/917 632/828/1315 556/617/1055
f 623/781/1316 633/815/1301 657/785/1245
f 617/764/1157 143/829/1159 679/782/1317
f 735/830/1318 659/527/1289 649/808/1288
s 0
f 661/804/1319 712/821/1319 145/236/1319
f 632/828/1320 555/608/1320 556/617/1320
s 1
f 700/831/1321 632/828/1315 590/627/917
f 530/630/1097 615/780/1231 674/832/1322
f 705/817/1305 660/833/1323 620/801/1276
f 777/797/1270 145/236/245 731/238/247
s 0
f 147/819/1324 654/818/1324 141/834/1324
s 1
f 656/823/1310 665/731/1126 704/835/1325
s 0
f 669/836/1326 642/776/1326 663/807/1326
s 1
f 663/837/1037 688/838/1327 405/737/639
s 0
f 633/814/1328 716/839/1328 640/757/1328
s 1
f 147/819/1329 141/834/1329 736/840/1329
f 618/759/1205 160/713/1204 628/767/1330
s 0
f 599/744/1331 584/743/1331 138/841/1331
s 1
f 590/627/1082 484/642/961 674/813/1299
f 154/709/1092 646/692/1053 676/842/1332
f 671/843/1333 724/844/1334 681/798/1335
f 390/845/630 588/846/941 655/847/1336
s 0
f 704/835/1337 665/731/1337 673/799/1337
f 632/828/1338 700/831/1338 689/848/1338
f 685/239/1339 650/234/1339 687/849/1339
s 1
f 668/822/1309 661/804/1308 680/850/1340
f 688/851/1327 663/852/1037 678/853/1341
f 613/738/1140 405/737/1139 688/838/1342
f 678/854/1343 663/807/1344 613/795/1345
s 0
f 140/827/1346 648/825/1346 651/855/1346
s 1
f 663/778/1228 630/231/1347 708/856/1348
s 0
f 664/857/1349 654/818/1349 685/820/1349
s 1
f 671/843/1350 681/798/1271 777/797/1270
f 736/858/1351 141/770/1247 390/475/645
f 618/759/1205 628/767/1330 682/859/1352
f 138/811/1353 574/697/912 555/860/880
f 615/733/1231 640/757/1354 674/861/1322
f 154/709/1355 676/842/1356 675/748/1357
f 676/842/1358 646/692/1123 636/758/1191
f 591/765/1116 679/782/1241 727/862/1359
s 0
f 641/772/1360 658/708/1360 729/863/1360
s 1
f 703/809/1290 370/526/1302 664/857/1304
f 677/864/1361 682/859/1362 656/773/1363
s 0
f 139/826/1364 140/827/1364 678/865/1364
f 678/865/1365 140/827/1365 708/866/1365
f 555/867/1366 632/868/1366 694/869/1366
f 694/869/1367 632/868/1367 689/870/1367
s 1
f 555/871/1368 694/872/1368 690/873/1368
s 0
f 689/870/1369 555/871/1369 690/873/1369
f 694/869/1370 689/870/1370 693/70/1370
f 691/874/1371 692/875/1371 693/876/1371
f 698/877/1372 694/869/1372 693/70/1372
f 689/870/1373 690/873/1373 693/70/1373
f 694/872/1374 137/68/1374 690/873/1374
s 1
f 690/873/1375 137/68/1376 693/70/66
s 0
f 695/878/1377 82/227/1377 137/74/1377
s 1
f 694/869/1378 691/874/1379 695/879/1380
s 0
f 82/227/1381 695/878/1381 693/880/1381
s 1
f 137/881/1382 694/869/1378 695/879/1380
f 693/882/1383 695/883/1384 88/78/1385
s 0
f 691/874/1386 693/876/1386 88/884/1386
s 1
f 695/879/1387 691/874/1388 696/885/1389
s 0
f 696/885/1390 691/874/1390 88/884/1390
s 1
f 88/78/1385 695/883/1384 84/76/1391
f 84/76/1392 695/883/1387 696/886/1389
f 696/887/1393 88/888/1394 692/889/1395
s 0
f 84/890/1396 696/891/1396 692/892/1396
f 692/875/1397 691/874/1397 697/893/1397
f 693/70/1398 692/894/1398 698/877/1398
s 1
f 692/889/1395 88/888/1394 698/895/1399
f 87/896/67 84/890/69 697/897/1400
s 0
f 84/890/1401 692/892/1401 697/897/1401
s 1
f 88/888/221 87/896/220 697/897/1402
s 0
f 697/893/1403 691/874/1403 694/869/1403
f 697/893/1404 694/869/1404 698/877/1404
s 1
f 698/895/1405 88/888/1406 699/898/1407
s 0
f 699/898/1408 88/888/1408 701/899/1408
f 88/888/1409 697/897/1409 701/899/1409
f 697/900/1410 698/901/1410 701/902/1410
f 701/902/1411 698/901/1411 700/831/1411
f 700/831/1412 698/901/1412 689/848/1412
f 680/850/1413 661/804/1413 681/798/1413
f 639/824/1414 139/826/1414 635/903/1414
s 1
f 688/851/1327 678/853/1341 78/904/1415
f 630/231/240 631/905/1416 741/65/1417
f 675/748/1357 676/842/1356 636/758/1418
f 624/750/1254 660/792/1253 760/796/1419
s 0
f 628/767/1420 656/773/1420 682/859/1420
s 1
f 677/906/1361 656/823/1363 704/835/1421
f 678/865/1343 613/907/1345 139/826/1422
f 669/836/1423 686/908/1423 684/67/1423
s 0
f 555/860/1424 701/899/1424 742/909/1424
s 1
f 698/895/1405 699/898/1425 689/910/1426
f 760/796/1269 143/746/1427 647/749/1166
f 703/809/1290 659/527/1289 370/526/1302
s 0
f 644/911/1428 639/912/1428 635/913/1428
s 1
f 708/914/1429 686/908/1429 669/836/1429
f 599/744/1430 138/841/1431 626/719/1432
s 0
f 699/898/1433 701/899/1433 689/910/1433
s 1
f 640/915/1354 716/916/1434 674/917/1322
f 716/918/1435 633/919/1436 623/751/1239
f 679/782/1317 143/829/1159 728/920/1437
s 0
f 390/921/1438 707/922/1438 736/923/1438
s 1
f 682/859/1439 713/783/1440 618/759/1441
f 715/924/1442 677/925/1443 644/926/1444
f 704/835/1445 673/799/1294 644/766/1296
s 0
f 725/927/1446 644/911/1446 635/913/1446
s 1
f 708/856/1447 630/231/1448 710/230/1449
f 710/230/239 684/67/238 686/908/1450
s 0
f 669/836/1451 684/67/1451 683/928/1451
s 1
f 684/67/63 79/66/1452 683/928/1453
s 0
f 713/783/1454 723/929/1454 655/810/1454
s 1
f 723/929/1455 682/859/1456 677/864/1457
s 0
f 644/766/1458 677/906/1458 704/835/1458
f 144/930/1459 635/903/1459 139/826/1459
f 669/836/1460 663/807/1460 708/914/1460
s 1
f 651/793/1461 642/776/1462 669/836/1463
s 0
f 701/899/1464 555/860/1464 689/910/1464
s 1
f 142/788/1287 399/525/589 735/830/1465
f 399/525/589 659/527/724 735/830/1465
f 703/809/1466 664/857/1467 685/820/1468
f 724/844/1469 709/931/1470 755/932/1471
s 0
f 635/771/1472 612/747/1472 738/933/1472
f 140/827/1473 651/855/1473 746/934/1473
s 1
f 700/831/1474 590/627/1082 674/813/1299
f 729/935/1475 658/936/976 142/937/1246
f 718/938/1476 720/939/1477 721/940/1478
f 718/938/1479 719/941/1480 717/942/1481
f 719/941/1482 765/943/1483 717/942/1484
f 721/940/1478 720/939/1477 66/944/1485
s 0
f 708/866/1486 140/827/1486 746/934/1486
s 1
f 741/65/1417 684/67/238 630/231/240
f 716/918/1435 623/751/1239 562/666/1240
f 720/939/1487 718/938/1488 717/942/1489
f 720/939/1487 717/942/1489 733/945/1490
s 0
f 717/942/1491 765/943/1491 733/945/1491
s 1
f 680/850/1492 681/798/1492 724/844/1492
f 738/933/1493 612/747/1208 144/768/1207
s 0
f 746/934/1494 686/946/1494 708/866/1494
s 1
f 748/947/1495 79/948/1496 73/58/1497
f 741/949/1498 73/58/1497 79/948/1496
f 594/706/1164 675/748/1163 636/758/1217
f 591/950/1499 572/740/1144 563/673/1146
f 727/862/1500 679/782/1317 728/920/1437
f 721/940/1478 66/944/1485 782/951/1501
f 685/952/1468 687/953/1502 730/954/1503
f 723/929/1455 677/864/1457 715/955/1504
f 613/907/1505 688/956/1506 732/957/1507
f 651/793/1461 669/836/1463 746/958/1508
f 649/808/1288 714/959/1509 735/830/1318
s 0
f 54/960/1510 765/943/1510 719/941/1510
s 1
f 649/808/1511 703/809/1466 734/961/1512
f 766/962/1513 687/849/1514 650/234/1515
s 0
f 736/923/1516 707/922/1516 778/963/1516
s 1
f 715/924/1442 644/926/1444 773/964/1517
f 139/826/1518 613/907/1505 732/957/1507
f 829/965/1519 688/851/1327 78/904/1415
s 0
f 759/966/1520 748/947/1520 73/58/1520
s 1
f 66/944/1485 714/967/1521 782/951/1501
f 57/968/1522 649/808/1523 734/961/1524
s 0
f 773/969/1525 725/927/1525 726/970/1525
f 725/927/1526 635/913/1526 738/971/1526
f 144/930/1527 139/826/1527 763/972/1527
s 1
f 726/970/1528 738/971/1529 78/973/1530
s 0
f 678/853/1531 49/974/1531 78/904/1531
f 669/836/1532 683/928/1532 746/958/1532
f 74/59/1533 72/57/1533 740/64/1533
s 1
f 700/831/1474 674/813/1534 701/902/1535
f 63/752/1192 572/740/1144 591/950/1499
f 712/821/1307 668/822/1309 680/850/1340
f 644/911/1444 725/927/1536 773/969/1517
s 0
f 725/927/1537 738/971/1537 726/970/1537
f 763/972/1538 139/826/1538 732/957/1538
f 78/975/1539 738/976/1539 732/977/1539
s 1
f 738/978/1493 144/979/1207 763/980/1540
f 726/970/1528 78/973/1530 65/981/1541
f 49/974/1542 678/853/1542 708/982/1542
s 0
f 67/56/1543 72/57/1543 759/966/1543
s 1
f 626/719/1432 138/841/1544 752/983/1545
f 138/811/1544 555/860/1546 752/984/1545
f 555/860/1547 742/909/1548 752/984/1549
s 0
f 156/755/1550 641/772/1550 729/863/1550
s 1
f 58/985/1551 680/850/1552 724/844/1469
f 745/986/1553 738/978/1493 763/980/1540
s 0
f 732/977/1554 738/976/1554 750/987/1554
f 738/978/1555 745/986/1555 750/988/1555
s 1
f 758/989/58 74/990/1556 789/991/59
f 143/829/1427 760/992/1269 749/993/1557
f 156/803/1278 729/935/1558 705/817/1305
f 714/959/1559 649/808/1523 782/994/1560
f 730/995/1561 785/996/1562 762/997/1563
f 754/998/1564 762/999/1565 64/1000/1566
f 58/985/1551 724/844/1469 755/932/1471
s 0
f 731/238/1567 662/806/1567 756/1001/1567
s 1
f 713/783/1568 682/859/1439 723/929/1569
s 0
f 745/986/1570 715/924/1570 750/988/1570
f 726/970/1571 65/981/1571 757/1002/1571
s 1
f 742/1003/1572 674/917/1573 716/916/1574
f 636/758/1217 63/752/1173 594/706/1164
f 728/920/1575 143/829/1427 749/993/1557
f 762/997/1563 785/996/1562 64/1004/1576
s 0
f 759/966/1577 72/57/1577 758/60/1577
s 1
f 66/944/1578 720/939/1579 780/1005/1580
f 718/938/1581 721/940/1582 761/1006/1583
f 390/845/630 655/847/1336 745/1007/1553
s 0
f 655/810/1584 723/929/1584 745/1008/1584
f 853/1009/1585 78/1010/1585 49/1011/1585
f 73/58/1586 67/56/1586 759/966/1586
s 1
f 701/899/1535 674/1012/1534 742/909/1587
f 768/1013/1588 705/817/1305 729/935/1558
f 782/994/1560 649/808/1523 57/968/1589
f 769/1014/1590 754/998/1564 64/1000/1566
s 0
f 732/977/1591 750/987/1591 763/1015/1591
s 1
f 715/924/1442 773/964/1517 750/988/1592
s 0
f 757/1016/1593 65/1017/1593 751/1018/1593
s 1
f 708/1019/1447 710/1020/1449 49/1021/1594
s 0
f 759/1022/1595 758/53/1595 819/1023/1595
s 1
f 594/706/1596 63/752/1597 591/950/1598
f 718/938/1581 761/1006/1583 719/941/1599
s 0
f 723/929/1600 715/955/1600 745/1008/1600
f 683/1024/1601 79/1025/1601 827/1026/1601
s 1
f 789/991/1602 74/990/1603 71/1027/1604
f 631/769/1266 626/719/1268 752/983/1605
s 0
f 853/1009/1606 49/1011/1606 771/1028/1606
s 1
f 781/1029/1607 686/946/1608 746/934/1609
s 0
f 74/59/1610 740/64/1610 71/54/1610
f 740/64/1611 68/55/1611 71/54/1611
s 1
f 811/1030/1612 660/833/1323 705/817/1305
f 720/939/1487 733/945/1490 765/943/1613
s 0
f 756/1001/1614 662/806/1614 777/797/1614
s 1
f 65/981/1541 78/973/1530 853/1031/1615
f 819/1023/1616 758/53/52 62/50/51
f 650/234/1515 712/235/1617 766/962/1513
f 662/806/1283 736/805/1282 777/797/1618
f 781/1029/1619 746/934/1620 683/1032/1621
f 683/1033/1621 827/1034/1622 781/1035/1623
f 748/1036/1624 759/1037/1625 79/1025/1626
s 0
f 794/1038/1627 62/50/1627 60/52/1627
s 1
f 729/935/1628 142/937/1287 801/1039/1629
s 0
f 781/1035/1630 65/981/1630 853/1031/1630
s 1
f 790/1040/1631 759/1022/1632 819/1023/1633
s 0
f 62/1041/1634 794/1042/1634 56/1043/1634
s 1
f 390/921/1635 745/986/1553 805/1044/1636
s 0
f 62/1041/1637 56/1043/1637 786/1045/1637
s 1
f 788/1046/1638 787/1047/1639 786/1048/1640
s 0
f 59/1049/1641 758/62/1641 744/61/1641
s 1
f 742/1003/1572 716/916/1574 795/1050/1642
f 716/916/1574 562/1051/1643 795/1050/1642
s 0
f 59/1049/1644 744/61/1644 767/1052/1644
s 1
f 811/1030/1612 705/817/1305 768/1013/1588
f 714/967/1645 66/944/1578 780/1005/1580
f 761/1006/1583 721/940/1582 846/1053/1646
f 769/1014/1590 64/1000/1566 776/1054/1647
s 0
f 809/1055/1648 763/1056/1648 750/1057/1648
s 1
f 686/1058/1608 781/1035/1607 853/1031/1649
s 0
f 60/52/1650 59/51/1650 810/1059/1650
f 71/54/1651 73/58/1651 741/949/1651
s 1
f 765/943/1652 54/960/1653 775/1060/1654
f 57/1061/1655 783/1062/1656 820/1063/1657
f 776/1054/1658 754/998/1564 769/1014/1590
s 0
f 776/1054/1659 64/1000/1659 784/1064/1659
s 1
f 790/1065/1631 819/49/1633 814/1066/1660
f 62/1067/1661 786/1048/1662 787/1047/1639
f 799/1068/1663 787/1047/1664 793/1069/1665
f 801/1039/1629 735/1070/1465 714/1071/1666
f 846/1053/1646 721/940/1582 782/951/1667
f 911/1072/1668 724/844/1334 671/843/1333
f 787/1047/1664 788/1046/1669 793/1069/1670
f 786/1045/1671 56/1043/1672 794/1042/1673
s 0
f 43/1073/1674 741/1074/1674 927/1075/1674
s 1
f 562/1051/1129 594/1076/734 795/1050/1675
f 727/862/1676 728/920/1677 800/1077/1678
s 0
f 804/1078/1679 776/1079/1679 784/1080/1679
f 731/238/1680 756/1001/1680 777/797/1680
f 809/1055/1681 750/1057/1681 773/969/1681
f 59/1049/1682 767/1052/1682 810/1081/1682
s 1
f 791/1082/1683 811/1030/1612 768/1013/1588
f 791/1082/1683 768/1013/1588 729/935/1558
f 783/1062/1684 872/1083/1685 820/1063/1657
s 0
f 783/1084/1686 57/968/1686 734/961/1686
s 1
f 883/1085/1687 685/820/1468 730/1086/1503
f 58/985/1688 755/932/1689 843/1087/1690
f 778/963/1691 707/922/1692 805/1044/1693
s 0
f 707/922/1694 390/921/1694 805/1044/1694
f 744/61/1695 789/63/1695 767/1052/1695
s 1
f 749/993/1696 760/992/1419 800/1077/1697
f 760/992/1419 660/833/1253 800/1077/1697
f 142/937/1287 735/1070/1465 801/1039/1629
f 865/1088/1698 714/1071/1645 780/1089/1580
f 680/850/1552 58/985/1699 51/1090/1700
s 0
f 799/1068/1701 793/1069/1701 803/1091/1701
s 1
f 741/1092/1417 631/1093/1416 927/1094/1702
f 872/1083/1703 783/1062/1704 808/1095/1705
f 734/961/1512 703/809/1466 859/1096/1706
s 0
f 62/1067/1707 787/1047/1707 819/1097/1707
s 1
f 591/765/1598 727/862/1708 800/1077/1709
f 800/1077/1678 728/920/1677 749/993/1710
f 800/1077/1711 660/833/1323 811/1030/1612
s 0
f 825/1098/1712 783/1084/1712 734/961/1712
s 1
f 826/1099/1713 762/999/1714 754/998/1715
s 0
f 712/821/1716 680/850/1716 51/1090/1716
f 781/1035/1717 751/1100/1717 65/981/1717
f 759/1037/1718 790/1101/1718 806/1102/1718
f 71/1103/1719 741/1074/1719 43/1073/1719
s 1
f 51/1090/1700 58/985/1699 843/1087/1720
f 726/970/1721 757/1002/1722 797/1104/1723
s 0
f 799/1068/1724 803/1091/1724 787/1047/1724
f 60/52/1725 810/1059/1725 794/1038/1725
s 1
f 719/941/1599 761/1006/1583 817/1105/1726
s 0
f 736/923/1727 778/963/1727 830/1106/1727
s 1
f 805/1044/1728 763/980/1729 809/1107/1730
f 773/969/1731 726/970/1721 797/1104/1723
s 0
f 757/1016/1732 751/1018/1732 797/1108/1732
s 1
f 806/1102/1733 790/1101/1734 840/1109/1735
f 791/1082/1736 729/935/1737 871/1110/1738
f 687/849/1514 766/962/1513 845/1111/1739
s 0
f 819/1097/1740 787/1047/1740 807/1112/1740
s 1
f 767/1113/1741 789/1114/1602 43/1073/1742
f 789/1114/1602 71/1103/1604 43/1073/1743
f 594/1115/1596 591/765/1598 831/1116/1744
f 847/1117/1745 766/1118/1513 712/821/1617
f 724/844/1746 911/1072/1747 709/931/1746
f 805/1044/1636 745/986/1553 763/980/1540
s 0
f 807/1119/1748 55/1120/1748 819/1121/1748
s 1
f 788/1046/1669 815/1122/1749 793/1069/1670
f 752/1123/1750 742/1003/1572 795/1050/1642
f 831/1116/1744 591/765/1598 800/1077/1709
f 48/1124/1751 765/943/1752 802/1125/1753
f 825/1126/1754 808/1095/1705 783/1062/1704
f 883/1127/1687 730/1128/1503 826/1099/1755
f 730/1128/1756 762/999/1714 826/1099/1713
f 849/1129/1757 784/1064/1758 64/1000/1759
s 0
f 688/1130/1760 809/1055/1760 797/1104/1760
f 839/1131/1761 751/1100/1761 781/1035/1761
f 819/1121/1762 55/1120/1762 822/1132/1762
f 803/1091/1763 807/1112/1763 787/1047/1763
f 803/1091/1764 793/1069/1764 815/1122/1764
s 1
f 786/1045/1671 794/1042/1673 810/1133/1765
f 765/943/1652 775/1060/1654 802/1125/1766
f 828/1134/1767 808/1095/1705 825/1126/1754
f 730/954/1561 687/953/1768 845/1135/1769
f 671/843/1350 777/797/1270 837/1136/1770
s 0
f 736/923/1771 830/1106/1771 838/1137/1771
f 809/1055/1772 773/969/1772 797/1104/1772
f 797/1108/1773 751/1018/1773 839/1138/1773
f 810/1139/1774 767/1140/1774 43/1141/1774
s 1
f 594/1076/734 831/1142/1775 795/1050/1675
f 776/1054/1776 47/1143/1777 754/998/1778
s 0
f 78/975/1779 732/977/1779 829/1144/1779
s 1
f 815/1122/1780 788/1046/1781 786/1048/1782
s 0
f 816/1145/1783 780/1089/1783 893/1146/1783
s 1
f 804/1078/1784 784/1080/1785 873/1147/1786
f 849/1148/1787 64/1004/1576 785/996/1562
f 759/1037/1788 806/1102/1789 79/1025/1626
f 801/1039/1790 714/1071/1791 865/1088/1792
f 720/939/1579 765/943/1793 48/1124/1794
f 57/1061/1655 820/1063/1657 823/1149/1795
f 872/1083/1796 808/1095/1797 868/1150/1798
f 826/1099/1799 754/998/1778 47/1143/1777
f 736/923/1800 838/1137/1801 777/1151/1802
f 857/1152/1803 53/1153/1804 52/48/1805
s 0
f 807/1112/1806 803/1091/1806 815/1122/1806
s 1
f 780/1005/1580 720/939/1579 893/1154/1807
f 817/1105/1726 761/1006/1583 846/1053/1808
f 766/1118/1513 847/1117/1745 845/1155/1739
f 709/931/1746 911/1072/1747 844/1156/1809
s 0
f 688/1157/1810 797/1158/1810 732/977/1810
s 1
f 819/49/1811 52/48/47 856/1159/1812
f 52/48/1805 53/1153/1804 856/1159/1813
f 631/1160/1266 752/1123/1605 848/1161/1814
f 841/1162/1815 848/1161/1814 842/1163/1816
f 848/1161/1814 831/1142/1817 842/1163/1818
f 791/1082/1736 871/1110/1738 811/1030/1819
f 782/1164/1820 57/1061/1655 846/1165/1821
s 0
f 797/1108/1822 839/1138/1822 854/1166/1822
s 1
f 786/1048/1782 810/1167/1823 815/1122/1780
f 795/1050/1642 831/1142/1824 752/1123/1750
s 0
f 780/1089/1825 816/1145/1825 865/1088/1825
s 1
f 893/1168/1807 720/1169/1579 10/1170/1826
s 0
f 868/1150/1827 808/1095/1827 828/1134/1827
f 828/1134/1828 825/1126/1828 868/1150/1828
s 1
f 873/1147/1829 784/1080/1785 886/1171/1830
s 0
f 854/1166/1831 49/1011/1831 797/1108/1831
f 839/1131/1832 781/1035/1832 827/1034/1832
s 1
f 827/1026/1833 79/1025/1834 860/1172/1835
s 0
f 79/1025/1836 806/1102/1836 860/1172/1836
s 1
f 864/1173/1837 819/1121/1838 822/1132/1839
s 0
f 831/1142/1840 800/1174/1840 842/1163/1840
s 1
f 842/1163/1841 800/1174/1842 811/1175/1612
f 806/1102/1733 840/1109/1735 44/1176/1843
s 0
f 824/1177/1844 872/1083/1844 868/1150/1844
s 1
f 730/995/1561 845/1178/1769 785/996/1562
s 0
f 838/1137/1845 809/1107/1845 688/1179/1845
f 829/1144/1846 732/977/1846 797/1158/1846
f 806/1102/1847 44/1176/1847 860/1172/1847
s 1
f 840/1109/1848 790/1101/1849 832/1180/1850
s 0
f 53/1153/1851 835/1181/1851 856/1159/1851
f 851/1182/1852 55/1183/1852 807/1112/1852
s 1
f 815/1184/1780 810/1139/1823 43/1141/1853
f 805/1044/1728 809/1107/1730 830/1106/1854
s 0
f 797/1108/1855 49/1011/1855 829/1185/1855
f 854/1186/1856 839/1187/1856 853/1188/1856
f 858/1189/1857 824/1177/1857 868/1150/1857
s 1
f 825/1098/1858 734/961/1859 46/1190/1860
f 50/1191/1861 47/1192/1862 453/1193/1863
f 710/1194/239 686/1195/1450 771/1196/1864
s 0
f 854/1186/1865 853/1188/1865 855/1197/1865
s 1
f 852/1198/1866 686/1195/1867 853/1199/1868
s 0
f 771/1028/1869 49/1011/1869 854/1166/1869
f 853/1200/1870 771/1196/1870 855/1201/1870
s 1
f 855/1201/1871 686/1195/1450 852/1198/1872
s 0
f 822/1202/1873 55/1183/1873 851/1182/1873
s 1
f 686/1195/1450 855/1201/1871 771/1196/1864
f 840/1203/1874 850/1204/1875 44/1205/1876
f 866/1206/1877 840/1203/1878 874/1207/1879
s 0
f 835/1181/1880 53/1153/1880 857/1152/1880
s 1
f 857/1152/1881 52/48/1882 864/47/1883
f 871/1110/1738 729/935/1737 801/1039/1790
f 720/1169/1579 48/1208/1794 10/1170/1826
s 0
f 876/1209/1884 869/1210/1884 47/1192/1884
f 47/1143/1885 869/1211/1885 826/1099/1885
s 1
f 51/1090/1886 847/1117/1745 712/821/1617
f 854/1186/1887 855/1197/1871 852/1212/1872
f 853/1199/1868 839/1213/1888 852/1198/1866
f 856/1159/1889 861/1214/1890 862/1215/1891
f 862/1216/1891 880/1217/1892 856/1218/1889
f 862/1216/1893 863/1219/1894 880/1217/1895
s 0
f 835/1181/1896 861/1214/1896 856/1159/1896
s 1
f 703/809/1466 685/820/1468 913/1220/1897
s 0
f 50/1191/1898 870/1221/1898 878/1222/1898
s 1
f 870/1221/1899 50/1191/1861 453/1193/1863
f 830/1106/1900 778/963/1691 805/1044/1693
s 0
f 830/1106/1901 809/1107/1901 838/1137/1901
s 1
f 710/1223/1902 854/1186/1903 852/1212/1904
s 0
f 852/1198/1905 839/1213/1905 827/1224/1905
f 814/1066/1906 819/49/1906 856/1159/1906
s 1
f 851/1225/1907 815/1184/1780 43/1141/1908
f 823/1149/1795 820/1063/1657 872/1083/1685
f 825/1098/1858 46/1190/1860 868/1226/1909
f 883/1127/1687 826/1099/1755 869/1211/1910
f 771/1227/1864 854/1186/1911 710/1223/239
f 807/1112/1912 815/1122/1780 851/1182/1907
f 752/1123/1605 831/1142/1817 848/1161/1814
f 877/1228/1913 50/1191/1914 878/1222/1915
f 850/1204/1916 840/1203/1917 866/1206/1918
f 864/1229/1837 822/1202/1839 851/1182/1919
s 0
f 776/1079/1920 804/1078/1920 904/1230/1920
f 904/1230/1921 804/1078/1921 873/1147/1921
s 1
f 777/1151/1802 838/1137/1801 837/1231/1922
f 850/1204/1916 866/1206/1918 884/1232/1923
f 823/1149/1795 872/1083/1685 882/1233/1924
s 0
f 902/1234/1925 824/1177/1925 858/1189/1925
s 1
f 913/1220/1897 685/820/1468 883/1085/1687
f 849/1235/1757 32/1236/1926 784/1080/1758
s 0
f 880/1217/1927 863/1219/1927 867/1237/1927
s 1
f 841/1238/1928 842/1239/1929 42/1240/1930
f 581/1241/1931 785/996/1562 845/1178/1769
s 0
f 885/1242/1932 814/1243/1932 856/1218/1932
s 1
f 42/1240/1933 35/1244/1934 848/1245/1935
f 872/1083/1936 824/1177/1937 882/1233/1938
f 703/809/1466 913/1220/1897 910/1246/1939
f 878/1222/1940 870/1221/1941 22/1247/1942
f 755/932/1471 709/931/1470 844/1156/1943
f 838/1137/1801 688/1179/1327 837/1231/1922
f 861/1214/1944 835/1181/1944 857/1152/1944
f 859/1096/1706 703/809/1466 910/1246/1939
f 837/1231/1922 688/1179/1327 829/1248/1519
f 827/1249/1833 860/1250/1835 444/1251/1945
f 884/1232/1946 866/1206/1947 887/1252/1948
s 0
f 866/1206/1949 874/1207/1949 879/1253/1949
s 1
f 874/1254/1879 840/1109/1878 832/1180/1950
f 885/1242/1951 856/1218/1952 880/1217/1953
f 863/1255/1894 862/1215/1893 43/1141/1954
f 857/1152/1881 864/47/1883 851/1225/1907
f 734/961/1955 859/1096/1955 46/1190/1955
f 889/1256/1956 884/1232/1946 887/1252/1948
f 784/1080/1957 32/1236/1958 886/1171/1959
f 888/1257/1960 837/1231/1961 829/1248/1962
f 832/1180/1850 790/1101/1849 814/1243/1963
f 880/1217/1953 867/1237/1964 885/1242/1951
f 867/1237/1965 863/1219/1966 818/1258/1967
f 43/1141/1908 862/1215/1968 861/1214/1969
f 848/1245/1935 35/1244/1934 631/1093/1416
s 0
f 865/1088/1970 816/1145/1970 893/1146/1970
s 1
f 910/1246/1971 45/1259/1972 859/1096/1973
f 829/1248/1962 49/1021/1974 888/1257/1960
s 0
f 852/1260/1975 827/1249/1975 444/1251/1975
s 1
f 861/1214/1969 857/1152/1881 43/1141/1908
f 57/1061/1655 823/1149/1795 846/1165/1821
f 46/1190/1976 859/1096/1973 45/1259/1972
f 883/1261/1687 869/1210/1910 908/1262/1977
f 755/932/1471 844/1156/1943 890/1263/1978
s 0
f 888/1257/1979 49/1021/1979 710/1020/1979
s 1
f 857/1152/1881 851/1225/1907 43/1141/1908
s 0
f 858/1189/1980 868/1150/1980 779/1264/1980
s 1
f 899/1265/1981 877/1228/1913 878/1222/1915
f 710/1020/1902 852/1260/1904 888/1257/1982
f 895/1266/1983 874/1267/1983 892/1268/1983
f 874/1254/1879 832/1180/1950 916/1269/1984
s 0
f 42/37/1985 39/1270/1985 37/1271/1985
s 1
f 54/960/1986 719/941/1987 622/1272/1988
f 779/1264/1989 868/1150/1990 903/1273/1991
f 33/1274/1992 869/1210/1993 876/1209/1994
f 894/1275/1995 50/1191/1996 877/1228/1997
s 0
f 44/1276/1998 905/1277/1998 860/1250/1998
s 1
f 850/1204/1999 884/1232/2000 889/1256/2001
f 27/19/2002 37/1278/2003 38/44/2004
f 848/1245/1935 841/1238/2005 42/1240/1933
f 912/1279/2006 902/1234/2007 858/1189/2008
f 903/1280/2009 868/1281/1909 46/1282/1860
f 897/1283/2010 906/1284/2011 34/1285/2012
f 44/1276/1876 850/1286/1875 905/1277/2013
s 0
f 30/1287/2014 42/37/2014 37/1271/2014
f 37/1288/2015 39/41/2015 40/40/2015
s 1
f 37/1289/2003 900/1290/2016 38/43/2004
s 0
f 896/42/2017 38/43/2017 900/1290/2017
f 40/40/2018 900/1291/2018 37/1288/2018
s 1
f 35/1292/2019 40/40/39 896/42/41
s 0
f 27/19/2020 38/44/2020 42/46/2020
s 1
f 653/1293/2021 775/1060/2022 54/960/2023
f 653/1293/2024 54/960/1986 622/1272/1988
f 817/1105/1726 420/1294/2025 719/941/1599
f 882/1233/1938 824/1177/2026 928/1295/2027
f 45/1259/1972 910/1246/1971 909/1296/2028
s 0
f 33/1274/2029 876/1209/2029 417/1297/2029
f 417/1297/2030 876/1209/2030 47/1192/2030
s 1
f 755/932/2031 890/1263/2032 843/1087/1690
s 0
f 879/1298/2033 874/1267/2033 891/1299/2033
f 892/1300/2034 874/1254/2034 916/1269/2034
f 814/1243/2035 885/1242/2035 881/1301/2035
s 1
f 818/1302/1967 863/1255/1966 43/1141/2036
f 802/1125/2037 775/1060/1654 634/1303/2038
f 775/1060/1654 12/1304/2039 634/1303/2038
f 824/1177/2040 902/1234/2041 928/1295/2042
s 0
f 897/1283/2043 34/1285/2043 898/1305/2043
s 1
f 21/1306/2044 50/1191/1996 894/1275/1995
f 888/1257/1982 852/1260/1904 444/1251/2045
s 0
f 891/1299/2046 874/1267/2046 922/1307/2046
s 1
f 631/1093/1416 35/1244/1934 927/1094/1702
f 47/1192/1862 50/1191/1861 21/1306/2047
s 0
f 922/1307/2048 874/1267/2048 821/1308/2048
f 821/1308/2049 874/1267/2049 895/1266/2049
f 892/1300/2050 916/1269/2050 901/1309/2050
f 35/1292/2051 896/42/2051 917/1310/2051
f 917/1310/2052 896/42/2052 900/1290/2052
s 1
f 12/1304/2053 775/1060/2022 653/1293/2021
f 883/1261/1687 908/1262/1977 913/1311/1897
f 908/1262/2054 869/1210/1993 33/1274/1992
f 20/1312/2055 899/1265/1981 878/1222/1915
f 776/1079/2056 904/1230/2057 627/1313/2058
f 671/1314/1350 837/1315/1770 907/1316/2059
s 0
f 889/1256/2060 866/1206/2060 879/1253/2060
f 915/1317/2061 770/1318/2061 892/1319/2061
s 1
f 881/1301/2062 832/1180/2063 814/1243/2064
f 614/1320/2065 48/1124/1751 802/1125/1753
s 0
f 921/1321/2066 898/1322/2066 46/1323/2066
s 1
f 417/1297/2067 47/1192/1862 21/1306/2047
f 776/1054/1776 627/1324/2068 47/1143/1777
f 581/1241/1931 849/1148/1787 785/996/1562
f 581/1325/2069 845/1155/1739 847/1117/1745
s 0
f 821/1308/2070 879/1298/2070 891/1299/2070
f 818/1302/2071 43/1141/2071 927/1326/2071
f 900/1291/2072 40/40/2072 917/1327/2072
s 1
f 906/1328/2073 897/1329/2073 926/1330/2073
f 46/1190/2074 45/1259/2075 921/1331/2076
f 910/1246/1939 913/1220/1897 813/1332/2077
f 22/1247/2078 870/1221/2079 453/1193/2080
s 0
f 879/1298/2081 821/1308/2081 889/1333/2081
f 40/38/2082 42/37/2082 917/1334/2082
s 1
f 811/1175/2083 871/1335/2084 842/1163/2085
f 801/1039/1790 865/1088/1792 893/1146/2086
s 0
f 802/1125/2087 634/1303/2087 614/1320/2087
s 1
f 420/1294/2025 817/1105/1726 846/1053/1808
f 420/1336/2088 846/1165/1821 823/1149/1795
f 926/1330/2089 897/1329/2090 898/1322/2091
f 912/1279/2092 858/1189/2093 779/1264/2094
f 894/1275/2095 899/1265/2096 798/1337/2097
s 0
f 860/1250/2098 905/1277/2098 444/1251/2098
f 887/1252/2099 866/1206/2099 889/1256/2099
s 1
f 895/1266/2100 892/1268/2101 796/1338/2102
s 0
f 924/1339/2103 920/1340/2103 916/1341/2103
f 35/1342/2104 917/32/2104 918/1343/2104
f 917/32/2105 31/29/2105 918/1343/2105
f 30/1287/2106 37/1271/2106 26/1344/2106
f 37/1278/2107 27/19/2107 26/21/2107
s 1
f 20/1312/2055 798/1337/2108 899/1265/1981
f 32/1236/1926 849/1235/1757 706/1345/2109
f 849/1148/1787 581/1241/1931 706/1346/2110
s 0
f 821/1308/2111 895/1266/2111 796/1338/2111
s 1
f 892/1347/2101 923/1348/2112 796/1349/2102
s 0
f 914/1350/2113 916/1341/2113 920/1340/2113
f 28/27/2114 917/32/2114 30/31/2114
f 917/1334/2115 42/37/2115 30/1287/2115
s 1
f 34/1285/2012 906/1284/2011 23/1351/2116
f 925/1352/2117 906/1328/2118 926/1330/2119
f 894/1275/2095 877/1228/2120 899/1265/2096
f 453/1353/2121 47/1143/1777 627/1324/2068
s 0
f 890/1263/2122 844/1156/2122 911/1072/2122
s 1
f 671/843/1333 907/1354/2123 911/1072/1668
f 905/1277/2124 850/1286/1999 889/1355/2001
s 0
f 916/1269/2125 919/1356/2125 901/1309/2125
s 1
f 918/1343/2126 31/29/36 30/1357/35
f 622/1272/2127 719/941/1599 420/1294/2025
f 420/1336/2088 823/1149/1795 882/1233/1924
f 898/1305/2128 34/1285/2129 524/1358/2130
f 921/1331/2076 45/1259/2075 909/1296/2131
f 812/1359/2132 813/1332/2077 913/1220/1897
f 743/1360/2133 873/1147/1829 886/1171/1830
s 0
f 923/1348/2134 892/1347/2134 770/1361/2134
f 24/20/2135 27/19/2135 792/1362/2135
f 792/24/2136 26/1344/2136 25/22/2136
s 1
f 898/1305/2137 524/1358/2138 46/1282/1860
f 913/1311/2139 908/1262/2054 417/1297/2140
f 417/1297/2141 908/1262/2054 33/1274/1992
s 0
f 843/1087/2142 890/1263/2142 772/1363/2142
s 1
f 875/1364/2143 23/1351/2144 514/1365/2145
f 926/1330/2089 898/1322/2091 921/1321/2146
f 670/1366/2147 894/1275/2148 11/1367/2149
f 907/1316/2059 837/1315/1770 888/1368/2150
s 0
f 929/1369/2151 924/1370/2151 916/1269/2151
s 1
f 18/1371/2152 867/1237/2153 818/1258/2154
f 842/1163/2085 871/1335/2084 474/1372/2155
f 764/1373/2156 928/1295/2042 902/1234/2157
f 417/1297/2067 21/1306/2047 583/1374/2158
f 21/1306/2159 894/1275/2148 670/1366/2147
f 878/1222/1940 22/1247/1942 836/1375/2160
f 886/1171/1959 32/1236/1958 834/1376/2161
s 0
f 891/1299/2162 922/1307/2162 821/1308/2162
f 833/1377/2163 924/1370/2163 929/1369/2163
f 27/19/2164 42/46/2164 792/1362/2164
s 1
f 906/1328/2118 925/1352/2117 23/1378/2165
f 435/1379/2166 921/1331/2076 909/1296/2131
f 812/1380/2167 913/1381/2168 417/1382/2169
s 0
f 772/1363/2170 890/1263/2170 911/1072/2170
s 1
f 905/1277/2171 889/1355/2172 444/1251/2173
f 881/1301/2174 885/1242/1951 867/1237/1964
s 0
f 30/1287/2175 26/1344/2175 792/24/2175
f 34/1285/2176 23/1351/2176 875/1364/2176
s 1
f 51/1090/1700 843/1087/1720 772/1363/2177
s 0
f 770/1318/2178 915/1317/2178 796/1383/2178
f 924/1339/2179 637/1384/2179 920/1340/2179
f 929/1369/2180 916/1269/2180 753/1385/2180
f 753/1385/2181 916/1269/2181 832/1180/2181
s 1
f 42/1386/2182 842/1387/2183 474/6/2184
f 902/1234/2007 912/1279/2006 764/1373/2185
f 813/1388/2186 812/1380/2187 155/1389/2188
f 916/1341/2189 914/1350/2190 638/1390/2191
f 871/1335/2084 737/1391/2192 474/1372/2155
f 21/1306/2047 774/1392/2193 583/1374/2158
f 847/1117/1745 51/1090/1886 772/1363/2194
f 772/1363/2195 911/1072/2196 907/1354/2197
s 0
f 918/1393/2198 30/1287/2198 792/24/2198
s 1
f 903/1280/2009 46/1282/1860 465/1394/2199
s 0
f 796/1395/2200 915/35/2200 638/1396/2200
s 1
f 915/35/2201 901/34/2202 638/1396/2203
f 919/1397/2204 916/1341/2205 638/1390/2206
f 927/1094/1702 35/1244/1934 918/1398/2207
f 20/1312/2208 878/1222/2209 836/1375/2210
f 873/1147/2211 743/1360/2212 904/1230/2213
f 886/1171/1830 834/1376/2214 743/1360/2133
f 595/1399/2215 833/1377/2216 929/1369/2217
f 42/46/2218 666/1400/2219 792/1362/2220
f 847/1117/1745 772/1363/2194 581/1325/2221
f 888/1368/1982 444/1401/2045 466/1402/2222
f 925/1403/2223 926/1404/2224 672/1405/2225
s 0
f 909/1296/2226 910/1246/2226 435/1379/2226
s 1
f 904/1230/2213 743/1360/2212 645/1406/2227
f 924/1339/2228 833/1407/2229 608/1408/2230
s 0
f 753/1385/2231 832/1180/2231 652/1409/2231
s 1
f 711/1410/2232 867/1237/2153 18/1371/2152
f 918/1393/2207 792/24/2233 739/1411/2234
f 672/1405/2225 926/1404/2224 643/1412/2235
f 926/1404/2236 921/1413/2237 643/1412/2238
f 774/1392/2239 21/1306/2240 670/1366/2241
f 627/1313/2058 904/1230/2242 645/1406/2243
f 578/1414/2244 881/1301/2174 867/1237/1964
f 488/1415/2245 23/1351/2165 596/1416/2246
f 812/1380/2247 417/1382/2169 458/1417/2248
f 11/1367/2249 894/1275/2095 798/1337/2097
f 637/1384/2250 924/1339/2228 608/1408/2230
s 0
f 929/1369/2251 753/1385/2251 595/1399/2251
s 1
f 881/1301/2252 578/1414/2253 832/1180/2254
s 0
f 832/1180/2255 578/1414/2255 587/1418/2255
s 1
f 927/1094/1702 918/1398/2207 492/1419/2256
f 737/1420/2257 893/1146/1807 10/1421/1826
f 46/1282/1860 524/1358/2138 465/1394/2199
f 875/1364/2258 524/1358/2130 34/1285/2129
f 925/1422/2117 596/1416/2246 23/1351/2165
f 774/1392/2239 670/1366/2241 527/1423/2259
f 889/1333/2172 821/1308/2260 444/1424/2173
s 0
f 796/1349/2261 923/1348/2261 770/1361/2261
s 1
f 578/1414/2262 867/1237/2153 711/1410/2232
s 0
f 42/1386/2263 474/6/2263 666/1425/2263
s 1
f 928/1295/2042 764/1373/2264 722/1426/2265
f 907/1316/2266 888/1368/2267 466/1402/2268
s 0
f 739/1411/2269 792/24/2269 747/1427/2269
s 1
f 32/1236/2270 743/1360/2271 834/1376/2272
f 435/1428/2273 910/1429/2274 813/1388/2275
s 0
f 772/1363/2276 907/1354/2276 581/1325/2276
s 1
f 914/1350/2277 920/1340/2278 608/1408/2279
f 514/1365/2280 524/1358/2130 875/1364/2281
f 435/1428/2273 813/1388/2275 155/1389/2282
f 901/34/2202 919/1430/2283 638/1396/2203
f 652/1409/2284 832/1180/2285 587/1418/2286
f 779/1264/1989 903/1273/1991 465/1431/2287
f 23/1351/2144 488/1415/2288 514/1365/2289
f 821/1308/2260 796/1338/2290 444/1424/2173
f 743/1360/2271 32/1236/2270 645/1406/2291
f 907/1316/2266 466/1402/2268 560/1432/2292
f 608/1408/2279 920/1340/2278 637/1384/2293
s 0
f 18/15/2294 17/13/2294 667/16/2294
s 1
f 18/1371/2152 818/1258/2154 13/1433/2295
s 0
f 818/1434/2296 927/1435/2296 702/1436/2296
s 1
f 801/1039/1790 893/1146/2086 871/1110/1738
f 722/1426/2297 764/1373/2185 912/1279/2006
s 0
f 925/1403/2298 672/1405/2298 554/1437/2298
s 1
f 670/1366/2147 11/1367/2149 457/1438/2299
f 711/1410/2232 667/1439/2300 593/1440/2301
s 0
f 667/1439/2302 818/1434/2302 702/1436/2302
s 1
f 155/1389/2188 812/1380/2187 410/1441/2303
s 0
f 610/1442/2304 798/1337/2304 496/1443/2304
f 20/1312/2305 502/1444/2305 798/1337/2305
s 1
f 796/1338/2290 638/1445/2306 444/1424/2173
s 0
f 667/1439/2307 13/1446/2307 818/1434/2307
s 1
f 918/1447/2207 739/14/2234 492/1448/2256
f 747/1427/2308 792/24/2309 666/1449/2310
f 10/1450/2311 48/1124/2312 614/1320/2313
f 491/1451/2314 672/1405/2315 643/1412/2316
f 583/1374/2317 774/1392/2318 527/1423/2319
s 0
f 798/1337/2320 502/1444/2320 496/1443/2320
s 1
f 627/1313/2058 645/1406/2243 32/1236/1926
s 0
f 492/1448/2321 739/14/2321 625/10/2321
s 1
f 871/1110/1738 893/1146/2086 737/1420/2322
f 5/1452/2323 925/1422/2324 554/1453/2325
s 0
f 812/1380/2326 458/1417/2326 410/1441/2326
s 1
f 670/1366/2241 497/1454/2327 527/1423/2328
f 32/1236/1926 706/1345/2109 627/1313/2058
f 833/1407/2216 595/1455/2215 571/1456/2329
f 711/1410/2232 18/1371/2152 667/1439/2300
s 0
f 638/1390/2330 914/1350/2330 608/1408/2330
s 1
f 608/1408/2331 833/1407/2332 571/1456/2333
f 753/1457/2334 652/1458/2335 571/1456/2336
f 625/10/2337 747/7/7 666/1459/2338
s 0
f 614/1460/2339 12/1461/2339 653/1462/2339
s 1
f 907/1463/2340 560/1464/2341 581/1465/2342
f 753/1457/2334 571/1456/2336 595/1455/2343
s 0
f 702/1436/2344 927/1435/2344 492/1466/2344
f 634/1303/2345 12/1304/2345 614/1320/2345
s 1
f 643/1412/2238 921/1413/2346 450/1467/2347
s 0
f 610/1442/2348 11/1367/2348 798/1337/2348
s 1
f 578/1414/2262 711/1410/2232 593/1440/2301
s 0
f 666/1425/2349 474/6/2349 421/5/2349
s 1
f 614/1460/2350 653/1462/2024 622/1468/1988
s 0
f 557/1469/2351 722/1426/2351 912/1279/2351
s 1
f 912/1279/2352 779/1264/2094 557/1469/2353
s 0
f 491/1451/2354 643/1412/2354 564/1470/2354
s 1
f 155/1389/2355 410/1441/2356 6/1471/2357
f 497/1454/2327 670/1366/2241 457/1438/2358
f 652/1409/2284 587/1418/2286 476/1472/2359
f 702/1436/2360 593/1440/2301 667/1439/2300
f 554/1437/2361 672/1405/2362 491/1451/2314
f 638/1445/2306 608/1473/2363 444/1424/2173
s 0
f 492/1448/2364 625/10/2364 666/1459/2364
s 1
f 438/1474/2365 514/1365/2289 488/1415/2288
s 0
f 564/1470/2366 643/1412/2366 450/1467/2366
f 450/1467/2367 921/1413/2367 435/1428/2367
s 1
f 627/1313/2368 706/1345/2369 581/1465/2342
f 571/1456/2370 652/1458/2371 476/1475/2372
f 10/1476/2373 614/1460/2350 622/1468/1988
s 0
f 622/1468/2374 420/1477/2374 10/1476/2374
f 928/1295/2375 722/1426/2375 557/1469/2375
f 779/1264/2376 465/1431/2376 557/1469/2376
f 596/1416/2377 925/1422/2377 5/1452/2377
s 1
f 22/1247/2078 453/1193/2080 836/1375/2378
s 0
f 702/1436/2379 587/1418/2379 578/1414/2379
s 1
f 340/1478/2380 432/1479/2381 627/1313/2068
f 340/1478/2382 560/1464/2383 286/1480/2384
f 578/1414/2262 593/1440/2301 702/1436/2360
f 583/1374/2317 527/1423/2319 300/1481/2385
f 20/1312/2208 836/1375/2210 446/1482/2386
f 444/1424/2173 608/1473/2363 702/1483/2387
f 465/1431/2388 420/1336/2389 882/1233/2390
f 11/1367/2149 610/1442/2391 457/1438/2299
f 427/1484/2392 413/1485/2393 610/1442/2394
f 610/1442/2395 496/1443/2396 433/1486/2397
s 0
f 502/1444/2398 20/1312/2398 446/1482/2398
s 1
f 560/1432/2292 466/1402/2268 286/1487/2399
f 882/1233/2400 928/1295/2027 557/1469/2401
s 0
f 554/1437/2402 491/1451/2402 504/1488/2402
s 1
f 300/1489/2403 417/1382/2169 583/1490/2404
f 627/1313/2368 581/1465/2342 560/1464/2341
f 438/1474/2365 488/1415/2288 473/1491/2405
f 608/1408/2331 571/1456/2333 702/1492/2406
f 438/1474/2407 524/1358/2130 514/1365/2280
s 0
f 425/1493/2408 433/1486/2408 496/1443/2408
s 1
f 571/1456/2370 476/1475/2372 702/1492/2409
f 526/1494/2410 532/1495/2411 538/1496/2412
f 540/1497/2413 536/1498/2414 537/1499/2415
f 536/1498/2414 546/1500/2416 537/1499/2415
f 545/1501/2417 537/1499/2418 542/1502/2419
s 0
f 542/1502/2420 537/1499/2420 541/1503/2420
f 541/1503/2421 537/1499/2421 546/1500/2421
f 542/1504/2422 546/1505/2422 545/1506/2422
f 546/1505/2423 536/1507/2423 543/1508/2423
s 1
f 537/1499/2418 545/1501/2417 543/1509/2424
s 0
f 545/1506/2425 546/1505/2425 543/1508/2425
f 540/1497/2426 537/1499/2426 543/1509/2426
f 536/1510/2427 542/1511/2427 543/1512/2427
f 475/1513/2428 542/1511/2428 536/1510/2428
f 536/1514/2429 540/1515/2429 475/1516/2429
s 1
f 475/1516/2430 540/1515/2430 544/1517/2430
s 0
f 541/1503/2431 546/1500/2431 475/1518/2431
f 546/1505/2432 542/1504/2432 475/1519/2432
f 543/1512/2433 542/1511/2433 540/1520/2433
f 540/1520/2434 542/1511/2434 541/1521/2434
f 475/1516/2435 544/1517/2435 533/1522/2435
f 541/1521/2436 533/1523/2436 540/1520/2436
f 544/1517/2437 538/1524/2437 533/1522/2437
f 544/1517/2438 526/1525/2438 538/1524/2438
s 1
f 526/1525/2439 544/1517/2439 540/1515/2439
s 0
f 533/1523/2440 538/1526/2440 540/1520/2440
f 538/1526/2441 539/1527/2441 540/1520/2441
f 526/1528/2442 540/1520/2442 539/1527/2442
f 541/1503/2443 539/1529/2443 538/1530/2443
s 1
f 539/1529/2444 541/1503/2445 526/1531/2446
s 0
f 538/1496/2447 532/1495/2447 541/1532/2447
s 1
f 541/1503/2445 475/1518/2448 526/1531/2446
s 0
f 533/1522/2449 541/1532/2449 532/1495/2449
s 1
f 475/1516/2450 533/1522/2451 407/1533/2452
f 532/1495/2411 526/1494/2410 489/1534/2453
s 0
f 407/1533/2454 533/1522/2454 532/1495/2454
f 465/1431/2455 882/1233/2455 557/1469/2455
s 1
f 248/1535/2456 450/1467/2457 435/1428/2273
f 457/1438/2458 610/1442/2459 413/1485/2393
f 427/1484/2460 610/1442/2395 433/1486/2461
s 0
f 446/1482/2462 836/1375/2462 453/1193/2462
s 1
f 627/1536/2068 432/1537/2381 453/1193/2121
f 627/1313/2068 560/1464/2463 340/1478/2380
s 0
f 5/1452/2464 488/1415/2464 596/1416/2464
f 496/1443/2465 502/1444/2465 446/1482/2465
s 1
f 466/1402/2222 444/1401/2045 335/1538/2466
s 0
f 454/1539/2467 489/1540/2467 400/1541/2467
f 437/1542/2468 473/1491/2468 4/1543/2468
f 504/1488/2469 491/1451/2469 564/1470/2469
f 476/1472/2470 587/1418/2470 702/1436/2470
f 400/1541/2471 489/1540/2471 526/1544/2471
s 1
f 474/6/2472 737/1545/2257 10/1476/1826
s 0
f 473/1491/2473 488/1415/2473 5/1452/2473
s 1
f 504/1488/2474 564/1470/2475 450/1467/2476
s 0
f 413/1485/2477 427/1484/2477 366/1546/2477
s 1
f 454/1547/2478 666/1425/2479 183/1548/2480
f 473/1491/2481 437/1542/2482 371/1549/2483
f 330/1550/2484 554/1453/2485 376/1551/2486
s 0
f 554/1437/2487 504/1488/2487 376/1552/2487
s 1
f 312/1553/2488 466/1402/2222 335/1538/2466
f 335/1538/2466 444/1401/2045 492/1554/2489
f 400/1541/2490 666/1459/2479 454/1539/2478
f 400/1555/2491 526/1531/2446 475/1518/2492
f 532/1495/2493 489/1534/2493 407/1533/2493
f 407/1533/2494 489/1534/2495 454/1556/2496
f 465/1394/2199 524/1358/2138 321/1557/2497
f 321/1557/2498 524/1358/2130 438/1474/2407
s 0
f 425/1493/2499 496/1443/2499 446/1482/2499
s 1
f 475/1518/2450 407/1558/2452 383/1559/2500
s 0
f 492/1448/2501 666/1459/2501 400/1541/2501
f 10/1476/2502 420/1477/2502 441/3/2502
s 1
f 394/1560/2503 420/1336/2504 465/1431/2388
f 183/1561/2505 407/1533/2506 454/1556/2496
f 7/1562/2507 429/1563/2508 332/1564/2509
f 504/1488/2510 450/1467/2476 248/1535/2511
f 666/1425/2479 421/5/2512 183/1548/2480
f 332/4/2513 474/6/2514 10/1476/2513
f 437/1542/2515 4/1543/2516 377/1565/2517
f 433/1486/2518 434/1566/2519 350/1567/2520
s 0
f 425/1493/2521 446/1482/2521 402/1568/2521
s 1
f 400/1555/2522 475/1518/2522 383/1559/2522
s 0
f 441/3/2523 7/2/2523 332/4/2523
s 1
f 438/1474/2524 473/1491/2481 371/1549/2483
f 359/1569/2525 4/1543/2526 473/1491/2527
f 359/1569/2528 5/1452/2323 347/1570/2529
s 0
f 350/1567/2530 366/1546/2530 427/1484/2530
s 1
f 10/1476/2531 441/3/2532 332/4/2513
f 473/1491/2527 5/1452/2533 359/1569/2525
f 446/1482/2534 453/1193/2535 432/1537/2536
f 421/5/2512 364/1571/2537 183/1548/2480
f 377/1565/2517 4/1543/2516 338/1572/2538
f 433/1486/2539 425/1493/2540 402/1568/2541
f 466/1402/2268 312/1553/2542 286/1487/2399
s 0
f 444/1424/2543 702/1483/2543 492/1573/2543
s 1
f 244/1574/2544 410/1441/2545 458/1417/2546
s 0
f 497/1454/2547 351/1575/2547 527/1423/2547
s 1
f 376/1552/2548 504/1488/2510 248/1535/2511
f 410/1441/2545 244/1574/2544 2/1576/2549
f 427/1484/2550 433/1486/2518 350/1567/2520
f 434/1566/2551 433/1486/2539 402/1568/2541
s 0
f 400/1555/2552 383/1559/2552 335/1577/2552
s 1
f 429/1563/2508 394/1578/2553 332/1564/2509
s 0
f 394/1560/2554 429/1579/2554 420/1336/2554
f 429/1/2555 441/3/2555 420/1477/2555
f 371/1549/2556 437/1542/2556 377/1565/2556
s 1
f 351/1575/2557 497/1454/2327 457/1438/2358
f 421/5/3 332/4/2 364/1571/2558
f 5/1452/2323 554/1453/2325 347/1570/2529
f 300/1481/2385 527/1423/2319 351/1575/2559
s 0
f 350/1567/2560 434/1566/2560 402/1568/2560
s 1
f 394/1560/2561 465/1431/2199 321/1580/2497
f 6/1471/2562 1/1581/2563 155/1389/2564
f 458/1417/2248 417/1382/2169 244/1574/2565
f 457/1438/2358 413/1485/2566 351/1575/2557
s 0
f 383/1559/2567 407/1558/2567 183/1582/2567
s 1
f 6/1471/2357 410/1441/2356 1/1581/2568
f 413/1485/2566 366/1546/2569 351/1575/2557
f 446/1482/2534 432/1537/2536 402/1568/2570
f 335/1577/2466 183/1582/2480 364/1583/2537
s 0
f 321/1557/2571 438/1474/2571 371/1549/2571
f 320/1584/2572 377/1565/2572 338/1572/2572
s 1
f 394/1560/2573 321/1580/2497 311/1585/2574
s 0
f 492/1554/2575 400/1586/2575 335/1538/2575
f 383/1559/2576 183/1582/2576 335/1577/2576
s 1
f 347/1570/2577 554/1453/2485 330/1550/2484
s 0
f 4/1543/2578 299/1587/2578 338/1572/2578
f 289/1588/2579 432/1537/2579 315/1589/2579
f 299/1587/2580 4/1543/2580 359/1569/2580
f 351/1575/2581 366/1546/2581 346/1590/2581
f 366/1546/2582 350/1567/2582 346/1590/2582
f 402/1568/2583 346/1590/2583 350/1567/2583
f 402/1568/2584 432/1537/2584 346/1590/2584
f 432/1537/2585 340/1591/2585 315/1589/2585
s 1
f 335/1538/2466 364/1592/2537 312/1553/2488
f 371/1549/2586 377/1565/2587 320/1584/2588
f 359/1569/2589 347/1570/2589 317/1593/2589
s 0
f 432/1537/2590 289/1588/2590 300/1481/2590
f 299/1587/2591 359/1569/2591 317/1593/2591
s 1
f 371/1549/2586 320/1584/2588 318/1594/2592
s 0
f 318/1594/2593 321/1557/2593 371/1549/2593
s 1
f 346/1590/2594 432/1537/2595 300/1481/2596
s 0
f 317/1593/2597 347/1570/2597 330/1550/2597
s 1
f 1/1581/2568 410/1441/2356 2/1576/2598
f 351/1575/2559 346/1590/2594 300/1481/2385
f 226/1595/2599 435/1428/2273 155/1389/2282
f 340/1478/2600 286/1480/2384 289/1596/2601
f 312/1553/2542 364/1592/2602 332/1597/2603
s 0
f 320/1584/2604 338/1572/2604 318/1594/2604
s 1
f 248/1598/2511 330/1550/2605 376/1551/2548
s 0
f 299/1587/2606 317/1593/2606 330/1550/2606
s 1
f 312/1553/2542 332/1597/2603 286/1487/2399
f 248/1535/2456 435/1428/2273 226/1595/2599
f 226/1595/2607 155/1389/2564 1/1581/2563
s 0
f 251/1599/2608 394/1560/2608 311/1585/2608
s 1
f 417/1382/2169 300/1489/2403 244/1574/2565
s 0
f 315/1600/2609 340/1478/2609 289/1596/2609
s 1
f 321/1557/2610 318/1594/2611 248/1598/2612
f 286/1601/2384 332/1564/2613 394/1578/2614
s 0
f 299/1587/2615 330/1550/2615 248/1598/2615
f 338/1572/2616 299/1587/2616 318/1594/2616
s 1
f 286/1601/2384 394/1578/2614 243/1602/2617
f 248/1598/2612 318/1594/2611 299/1587/2618
s 0
f 321/1580/2619 251/1599/2619 311/1585/2619
s 1
f 244/1603/2565 300/1604/2403 289/1596/2620
f 2/1576/2598 256/1605/2621 1/1581/2568
s 0
f 243/1602/2622 394/1578/2622 251/1606/2622
f 243/1602/2623 251/1606/2623 321/1607/2623
s 1
f 243/1608/2617 226/1609/2624 289/1596/2601
f 289/1596/2601 286/1480/2384 243/1608/2617
f 226/1609/2624 244/1603/2625 289/1596/2601
s 0
f 321/1557/2626 248/1598/2626 243/1610/2626
s 1
f 260/1611/2627 227/1612/2628 256/1613/2629
s 0
f 245/1614/2630 256/1613/2630 222/1615/2630
s 1
f 271/1616/2631 190/1617/2632 267/1618/2633
f 217/1619/2634 267/1618/2634 218/1620/2634
f 271/1621/2635 244/1622/2636 205/1623/2637
f 215/1624/2638 217/1625/2639 271/1616/2640
s 0
f 267/1626/2641 217/1627/2641 215/1628/2641
s 1
f 215/1629/2642 205/1623/2643 244/1622/2644
s 0
f 267/1626/2645 264/1630/2645 271/1631/2645
f 271/1621/2646 264/1632/2646 244/1622/2646
s 1
f 264/1633/2647 221/1634/2648 260/1635/2649
s 0
f 221/1634/2650 220/1636/2650 215/1637/2650
f 218/1638/2651 264/1633/2651 215/1639/2651
f 215/1628/2652 264/1630/2652 267/1626/2652
f 260/1635/2653 221/1634/2653 215/1637/2653
f 264/1633/2654 260/1635/2654 244/1640/2654
s 1
f 215/1629/2642 244/1622/2644 245/1641/2655
s 0
f 222/1615/2656 256/1613/2656 227/1612/2656
f 244/1642/2657 260/1611/2657 256/1613/2657
f 261/1643/2658 260/1611/2658 245/1644/2658
f 260/1635/2659 215/1637/2659 245/1645/2659
f 222/1646/2660 261/1643/2660 245/1644/2660
f 244/1574/2661 256/1605/2661 2/1576/2661
s 1
f 1/1581/2662 256/1605/2621 228/1647/2663
f 228/1647/2664 256/1605/2665 245/1648/2666
s 0
f 245/1649/2667 244/1603/2667 226/1609/2667
s 1
f 226/1595/2668 1/1581/2669 227/1650/2670
f 243/1651/2671 248/1535/2456 226/1595/2599
s 0
f 1/1581/2672 228/1647/2672 227/1650/2672
s 1
f 228/1647/2673 245/1648/2666 226/1652/2674
s 0
f 227/1650/2675 228/1647/2675 222/1653/2675
f 222/1653/2676 228/1647/2676 226/1652/2676
f 221/1654/2677 226/1595/2677 227/1650/2677
s 1
f 260/1611/2627 261/1643/2678 227/1612/2628
s 0
f 222/1655/2679 226/1656/2679 221/1657/2679
s 1
f 221/1658/2680 227/1612/2681 261/1643/2682
s 0
f 261/1659/2683 222/1655/2683 220/1660/2683
s 1
f 220/1661/2684 221/1658/2680 261/1643/2682
s 0
f 222/1655/2685 221/1657/2685 149/1662/2685
s 1
f 221/1634/2648 264/1633/2647 218/1638/2686
s 0
f 218/1638/2687 215/1639/2687 220/1663/2687
f 149/1664/2688 221/1665/2688 218/1620/2688
s 1
f 218/1620/2689 267/1618/2633 190/1617/2632
s 0
f 220/1660/2690 222/1655/2690 149/1662/2690
s 1
f 190/1617/2691 271/1616/2640 217/1625/2639
s 0
f 217/1619/2692 218/1620/2692 220/1666/2692
f 217/1619/2693 220/1666/2693 149/1667/2693
f 149/1664/2694 218/1620/2694 190/1617/2694
s 1
f 189/1668/2695 190/1669/2696 214/1670/2697
s 0
f 217/1671/2698 149/1672/2698 212/1673/2698
f 190/1674/2699 217/1671/2699 212/1673/2699
s 1
f 214/1675/2697 190/1676/2696 215/1677/2700
f 215/1678/2642 190/1674/2701 212/1673/2702
s 0
f 214/1675/2703 203/1679/2703 212/1673/2703
s 1
f 215/1678/2642 212/1673/2702 205/1680/2643
f 214/1675/2704 215/1677/2705 203/1679/2706
s 0
f 215/1677/2707 271/1681/2707 203/1679/2707
f 205/1680/2708 212/1673/2708 203/1679/2708
f 197/1682/2709 205/1683/2709 203/1684/2709
f 203/1679/2710 271/1681/2710 201/1685/2710
s 1
f 271/1621/2635 205/1623/2637 201/1686/2711
s 0
f 209/1687/2712 205/1623/2712 128/1688/2712
f 146/1689/2713 206/1690/2713 209/1691/2713
f 209/1691/2714 128/1692/2714 146/1689/2714
s 1
f 206/1693/2715 128/1688/2716 205/1623/2717
s 0
f 209/1694/2718 189/1668/2718 202/1695/2718
f 202/1695/2719 176/1696/2719 206/1697/2719
s 1
f 201/1686/2711 205/1623/2637 209/1687/2720
s 0
f 201/1686/2721 209/1687/2721 202/1698/2721
s 1
f 202/1699/2722 206/1693/2723 197/1700/2724
s 0
f 197/1700/2725 206/1693/2725 205/1623/2725
s 1
f 202/1699/2722 197/1700/2724 193/1701/2726
s 0
f 197/1682/2727 203/1684/2727 201/1702/2727
s 1
f 201/1686/2728 202/1698/2729 193/1703/2730
s 0
f 197/1682/2731 201/1702/2731 214/1704/2731
f 149/1705/2732 197/1682/2732 214/1704/2732
f 193/1706/2733 197/1682/2733 149/1705/2733
s 1
f 214/1704/2734 201/1702/2728 193/1707/2730
s 0
f 214/1675/2735 212/1673/2735 149/1672/2735
s 1
f 189/1668/2736 214/1670/2734 193/1708/2730
s 0
f 193/1708/2737 176/1696/2737 189/1668/2737
s 1
f 176/1696/2738 193/1708/2739 149/1709/2740
f 149/1710/2741 190/1669/2742 189/1668/2743
s 0
f 209/1711/2744 206/1697/2744 176/1696/2744
f 202/1695/2745 189/1668/2745 176/1696/2745
f 189/1668/2746 209/1694/2746 150/1712/2746
f 150/1713/2747 209/1711/2747 176/1696/2747
s 1
f 149/1710/2741 189/1668/2743 136/1714/2748
s 0
f 189/1668/2749 150/1712/2749 136/1714/2749
f 150/1713/2750 176/1696/2750 148/1715/2750
s 1
f 148/1715/2751 176/1696/2738 149/1709/2740
s 0
f 122/1716/2752 152/1717/2752 151/1718/2752
f 76/1719/2753 61/1720/2753 81/1721/2753
f 152/1722/2754 61/1720/2754 76/1719/2754
s 1
f 61/1723/2755 166/1724/2756 81/1725/2757
f 81/1725/2757 166/1724/2756 122/1726/2758
s 0
f 152/1722/2759 76/1719/2759 166/1727/2759
f 149/1728/2760 152/1729/2760 148/1730/2760
f 152/1722/2761 166/1727/2761 151/1731/2761
f 153/1732/2762 132/1733/2762 151/1718/2762
f 166/1734/2763 149/1735/2763 151/1736/2763
f 122/1716/2764 121/1737/2764 152/1717/2764
s 1
f 121/1737/2765 153/1738/2765 152/1717/2765
s 0
f 151/1739/2766 149/1740/2766 136/1741/2766
f 152/1729/2767 153/1742/2767 148/1730/2767
s 1
f 153/1742/2768 151/1739/2769 148/1730/2770
f 148/1730/2770 151/1739/2769 136/1741/2771
s 0
f 146/1743/2772 128/1744/2772 150/1745/2772
f 146/1743/2773 150/1745/2773 148/1746/2773
s 1
f 136/1741/2774 150/1745/2775 128/1744/2776
s 0
f 148/1730/2777 136/1741/2777 132/1747/2777
f 146/1748/2778 148/1730/2778 132/1747/2778
s 1
f 136/1741/2779 128/1744/2780 132/1747/2781
f 128/1749/2716 206/1690/2715 121/1750/2782
s 0
f 206/1690/2783 146/1689/2783 121/1750/2783
f 121/1750/2784 146/1689/2784 132/1751/2784
f 121/1750/2785 132/1751/2785 153/1752/2785
f 151/1718/2786 132/1733/2786 122/1716/2786
s 1
f 128/1753/2787 122/1754/2788 132/1755/2789
f 9/1756/2790 128/1753/2716 121/1757/2782
s 0
f 121/1737/2791 122/1716/2791 76/1758/2791
s 1
f 122/1754/2788 128/1753/2787 9/1756/2792
s 0
f 122/1726/2793 166/1724/2793 76/1759/2793
f 81/1725/2794 122/1726/2794 77/1760/2794
f 9/1756/2795 121/1757/2795 76/1761/2795
s 1
f 69/1762/2796 80/1763/2796 86/1764/2796
f 77/1765/2797 9/1756/2798 86/1766/2799
f 122/1754/2800 9/1756/2798 77/1765/2797
s 0
f 75/1767/2801 86/1768/2801 80/1769/2801
f 76/1770/2802 81/1725/2802 77/1760/2802
f 75/1767/2803 80/1769/2803 8/1771/2803
f 86/1768/2804 75/1767/2804 77/1772/2804
f 75/1767/2805 8/1771/2805 76/1773/2805
f 8/1771/2806 9/1774/2806 76/1773/2806
f 76/1775/2807 77/1776/2807 70/1777/2807
s 1
f 77/1776/2808 69/1762/2809 61/1778/2810
s 0
f 77/1776/2811 75/1779/2811 69/1762/2811
f 70/1777/2812 77/1776/2812 61/1778/2812
f 69/1762/2813 75/1779/2813 70/1780/2813
f 75/1779/2814 76/1781/2814 70/1780/2814
f 70/1782/2815 61/1720/2815 152/1722/2815
s 1
f 152/1783/2816 149/1735/2817 41/1784/2818
f 70/1785/2819 152/1783/2816 41/1784/2818
f 61/1786/2820 41/1784/2821 149/1735/2822
f 149/1735/2822 166/1734/2823 61/1786/2820
f 36/1787/2824 61/1778/2810 69/1762/2809
s 0
f 69/1762/2825 70/1780/2825 29/1788/2825
f 29/1789/2826 9/1756/2826 80/1790/2826
s 1
f 36/1787/2824 69/1762/2809 86/1764/2827
s 0
f 86/1766/2828 9/1756/2828 36/1791/2828
f 9/1756/2829 29/1789/2829 36/1791/2829
f 29/1788/2830 80/1763/2830 69/1762/2830
f 29/1792/2831 70/1785/2831 41/1784/2831
s 1
f 41/1784/2832 61/1786/2833 36/1793/2834
s 0
f 19/1794/2835 29/1792/2835 41/1784/2835
s 1
f 16/1795/2836 41/1784/2832 36/1793/2834
s 0
f 41/1784/2837 16/1795/2837 19/1794/2837
f 29/1789/2838 19/1796/2838 36/1791/2838
f 8/1771/2839 36/1797/2839 19/1798/2839
f 16/1799/2840 36/1797/2840 8/1771/2840
f 19/1798/2841 16/1800/2841 3/1801/2841
s 1
f 80/1790/2842 9/1756/2843 16/1802/2844
f 80/1769/2845 16/1799/2845 8/1771/2845
s 0
f 19/1798/2846 3/1801/2846 8/1771/2846
s 1
f 3/1803/2847 16/1802/2844 9/1756/2843
s 0
f 9/1774/2848 8/1771/2848 3/1801/2848
